{"author": "s1777001 (iPad溫開水)", "category": "Gossiping", "title": "[新聞]台灣貧富差距達66.9倍！主計處提「北部", "date": "Tue Apr 30 09:54:09 2024", "content": ["台灣貧富差距達66.9倍！主計處提「北部置產」因素 李彥秀火了中時新聞網 謝雅柔主計總處昨（29）日公布家庭財富分配統計，2021年底（110年）前20％家庭的家庭資產淨值（財富）高達5,133萬元，後20％的家庭財富僅77萬元，前、後20％的家庭貧富差距達66.9倍。對此，國民黨立委李彥秀則直指台灣貧富差距真正問題，是過去30年經濟成長的果實，絕大多數的受薪階級沒分享到。李彥秀今在臉書就主計總處公布的家庭財富分配統計分析，直指財富最高20％的家庭，其家庭總財富占全體比重62.7％；財富最低20％家庭，其家庭總財富僅占全體比重0.94％，連1％都不到的數據令人乍舌。針對主計總處國勢普查處處長潘寧馨稱貧富差距的現象，與個人理財、資產配置及家庭財富累積有關，並提及30年前不少南部人北漂工作、置產，若是留在南部置產，房地產因地區不同發展，估值就造成財富差距。李彥秀質疑，難道30年前選擇留在南部工作置產的台灣人就是「活該」？30年前選擇北漂工作置產的台灣人就是「睿智」？李彥秀諷刺表示，政府沒說的潛台詞是「政府在貧富差距問題上已經做得好棒棒了，人民之所以成為窮人，是因為人民沒有遠見，30年前沒有在北部置產，沒有買台積電股票。」李彥秀強調，台灣貧富差距真正的問題是，過去30年經濟成長的果實，絕大多數的受薪階級沒有分享到。受薪階級以每月的死薪水扣掉基本生活開銷，沒有餘力攢下第一桶金、投入房地產與股票等資本市場，完全感受不到經濟成長的果實，卻成為高房價、高物價、低薪資的苦果。「政府的責任就是擴大經濟成長『贏者圈』」，李彥秀呼籲政府要創造更多「護國群山」，實現「分配正義」，人民要的是「解方」，而不是只會「解釋」。", "----Sent from", "on my ASUS_AI2201_F--"], "post_comment": [{"comment_author": "Submicromete", "comment_date": ["04/30", "09:54"], "comment_content": "朱門酒肉臭"}, {"comment_author": "ZakkWylde", "comment_date": ["04/30", "09:55"], "comment_content": "翻譯 炒房"}, {"comment_author": "ianlin1216", "comment_date": ["04/30", "09:55"], "comment_content": "主計處都吃20元麵線哪有差"}, {"comment_author": "fallheart", "comment_date": ["04/30", "09:55"], "comment_content": "居然說南部沒發展"}, {"comment_author": "kkjjrtlym", "comment_date": ["04/30", "09:55"], "comment_content": "你他媽又在扯北部 暖市拿多少經費啦"}, {"comment_author": "Sparxxx", "comment_date": ["04/30", "09:56"], "comment_content": "前20%家庭淨資產超過5000萬！！"}, {"comment_author": "ianlin1216", "comment_date": ["04/30", "09:56"], "comment_content": "生活成本只有一般人1/3當然可以買房"}, {"comment_author": "citywings", "comment_date": ["04/30", "09:56"], "comment_content": "世界潮流皆如此，黨能改善?"}, {"comment_author": "peterwu4", "comment_date": ["04/30", "09:57"], "comment_content": "有一個陰謀論：地球只需要五億人口正在"}, {"comment_author": "hosen", "comment_date": ["04/30", "09:58"], "comment_content": "自由市場自由競爭下的結果"}, {"comment_author": "peterwu4", "comment_date": ["04/30", "09:58"], "comment_content": "蘊釀…"}, {"comment_author": "hosen", "comment_date": ["04/30", "09:59"], "comment_content": ""}, {"comment_author": "ppp123", "comment_date": ["04/30", "09:59"], "comment_content": "低端40% 自己不炒房 怪誰"}, {"comment_author": "jerry1019", "comment_date": ["04/30", "09:59"], "comment_content": "=2605千萬.........哭吧哭吧不是罪"}, {"comment_author": "n123456n", "comment_date": ["04/30", "10:00"], "comment_content": "唉，先處理好社子島吧"}, {"comment_author": "repuslin", "comment_date": ["04/30", "10:00"], "comment_content": "紅線只是個笑話"}, {"comment_author": "meta41110", "comment_date": ["04/30", "10:01"], "comment_content": "凸( ﾟдﾟ)凸817找的一群小丑團隊之後"}, {"comment_author": "meta41110", "comment_date": ["04/30", "10:01"], "comment_content": "還有40趴的小丑要接班"}, {"comment_author": "ppp123", "comment_date": ["04/30", "10:02"], "comment_content": "更正低端”60%” 自己不炒房 怪誰 怪自己"}, {"comment_author": "ppp123", "comment_date": ["04/30", "10:02"], "comment_content": "啦zzz"}, {"comment_author": "meta41110", "comment_date": ["04/30", "10:04"], "comment_content": "原來最討厭的炒房現在那麼驕傲阿可悲仔"}, {"comment_author": "R3hab", "comment_date": ["04/30", "10:04"], "comment_content": ""}, {"comment_author": "meta41110", "comment_date": ["04/30", "10:05"], "comment_content": "又要自己不奴力那套嗎"}, {"comment_author": "C13H16ClNO", "comment_date": ["04/30", "10:06"], "comment_content": "沒關係  我早接受自己是窮魯廢"}, {"comment_author": "g10", "comment_date": ["04/30", "10:08"], "comment_content": "詐騙 炒房"}, {"comment_author": "alex00089", "comment_date": ["04/30", "10:35"], "comment_content": "真的啊講真話"}, {"comment_author": "cvnn", "comment_date": ["04/30", "10:49"], "comment_content": "貧富差距怪北部？死忠的大多在南部耶"}, {"comment_author": "cvnn", "comment_date": ["04/30", "10:50"], "comment_content": "同意黨這樣搞 然後怪北部 沒道理吧"}, {"comment_author": "cosplay314", "comment_date": ["04/30", "10:56"], "comment_content": "：炒房"}, {"comment_author": "asgardgogo", "comment_date": ["04/30", "11:19"], "comment_content": "不是活該是白癡"}, {"comment_author": "sellgd", "comment_date": ["04/30", "11:21"], "comment_content": "要不到選票 要搞爛台灣的報復社會心態"}, {"comment_author": "sunshine6874", "comment_date": ["04/30", "11:22"], "comment_content": "有十萬薪水工作也有兩萬的"}, {"comment_author": "sunshine6874", "comment_date": ["04/30", "11:22"], "comment_content": "給你教育給你機會自己爭取"}, {"comment_author": "sellgd", "comment_date": ["04/30", "11:25"], "comment_content": "改良的社會主義國家是要提高最低薪"}, {"comment_author": "sellgd", "comment_date": ["04/30", "11:26"], "comment_content": "而不是讓高薪工作更高薪"}, {"comment_author": "CIDgreen", "comment_date": ["04/30", "11:41"], "comment_content": "英皇：你們要自立自強啊"}, {"comment_author": "neoa01", "comment_date": ["04/30", "11:52"], "comment_content": "台灣生不如死，民進黨酒肉臭"}, {"comment_author": "neoa01", "comment_date": ["04/30", "11:52"], "comment_content": ""}, {"comment_author": "mskenny", "comment_date": ["04/30", "12:11"], "comment_content": "以民進黨當年的標準已達144倍"}, {"comment_author": "mskenny", "comment_date": ["04/30", "12:11"], "comment_content": "美化什麼數字"}, {"comment_author": "radiwei", "comment_date": ["04/30", "12:18"], "comment_content": "李彥秀的家族有多少財產不吐出來嗎?"}, {"comment_author": "arcysaint", "comment_date": ["04/30", "12:35"], "comment_content": "為什麼2024年才公布2021年的數據？20"}, {"comment_author": "arcysaint", "comment_date": ["04/30", "12:35"], "comment_content": "22、2023不用公布？還是不敢公布？"}, {"comment_author": "leonhsu", "comment_date": ["04/30", "12:38"], "comment_content": "我們公司三分之二的人都是南部人"}, {"comment_author": "court", "comment_date": ["04/30", "12:56"], "comment_content": "買不起就來南部R"}, {"comment_author": "court", "comment_date": ["04/30", "12:56"], "comment_content": "結果你會發現南部也買不起 哈"}, {"comment_author": "vizjeco", "comment_date": ["04/30", "13:08"], "comment_content": ""}, {"comment_author": "vizjeco", "comment_date": ["04/30", "13:08"], "comment_content": "跟其他國家比 台灣不錯了啊"}, {"comment_author": "hhbbookao", "comment_date": ["04/30", "16:57"], "comment_content": "所以不生 cc"}]}
