{"author": "crocus (哪來的)", "category": "Gossiping", "title": "[新聞] 結婚沒商機 照見少子化、競爭力下滑危機", "date": "Sun Apr 28 14:31:34 2024", "content": ["1.媒體來源:中時2.記者署名:中國時報 洪浩軒", "4.完整新聞內文:", "若政府持續未找到提高結婚率解方，除導致新生兒出生數減少、人口結構失衡持續惡化，未來青壯年人口扶養負擔日益沉重，對社會生產力造成衝擊，更重創國內經濟發展。", "由於新人要結婚就須辦公開婚禮，讓大家共同見證，因此婚禮產業在昔日是相當盛行的行業。", "，近年受到疫情影響，", "結婚規定不同，不過是婚禮產業景氣下滑的原因之一，更根本的原因是觀念改變、經濟能力有限。", "雖然中央及地方政府近年持續擴大結婚津貼及生育補助，但「小補助難敵大開銷」，不想結婚生小孩的年輕人，根本不會為了幾千元補助，就籌備婚禮或生養小孩。", "6.備註:不過我看結婚婚禮浩大的還是很多(′‧ω‧‵)       魯宅沒差，但近年月子中心才是賺爛吧？--", "--", "很難回本吧？我看紅包行情也沒增加多少？東西又漲很多", "以前認識辦在三四星飯店的多是打平或小賠(′‧ω‧‵)", "長輩比較多這種想法，所以才到處邀              同學都電子的比較多，不過有收過前一天line邀請卡給我的              我都不知道要不要包紅包(′‧ω‧‵)"], "post_comment": [{"comment_author": "s820912gmail", "comment_date": ["04/28", "14:31"], "comment_content": "不然你要投國民黨？"}, {"comment_author": "lordwill", "comment_date": ["04/28", "14:32"], "comment_content": "感謝黨"}, {"comment_author": "milk7054", "comment_date": ["04/28", "14:33"], "comment_content": "想太多，有錢人婚禮賺翻"}, {"comment_author": "bandongo", "comment_date": ["04/28", "14:33"], "comment_content": "感謝民進黨炒房"}, {"comment_author": "XECHS", "comment_date": ["04/28", "14:33"], "comment_content": "我身邊結婚有辦婚禮的大概25%左右吧"}, {"comment_author": "chinhan1216", "comment_date": ["04/28", "14:34"], "comment_content": "婚禮產業是有多少人 倒掉也沒差"}, {"comment_author": "chu", "comment_date": ["04/28", "14:34"], "comment_content": "要引進印度人了啦 別急"}, {"comment_author": "kwinner", "comment_date": ["04/28", "14:34"], "comment_content": "我身邊都登記"}, {"comment_author": "olaqe", "comment_date": ["04/28", "14:34"], "comment_content": "會辦的大概是要回收過往包出的紅包吧?"}, {"comment_author": "b9211173", "comment_date": ["04/28", "14:37"], "comment_content": "回收也收不回 可能還倒貼"}, {"comment_author": "toshiba5566", "comment_date": ["04/28", "14:38"], "comment_content": "抗中保台優先"}, {"comment_author": "flash5408", "comment_date": ["04/28", "14:41"], "comment_content": "辦婚禮想回本的心態真奇妙"}, {"comment_author": "akira01", "comment_date": ["04/28", "14:44"], "comment_content": "隨時代變遷而消滅的產業可多了"}, {"comment_author": "tuwile", "comment_date": ["04/28", "15:00"], "comment_content": "現在生小孩的真的變很少了."}, {"comment_author": "adk147852", "comment_date": ["04/28", "15:11"], "comment_content": "who car"}, {"comment_author": "asq176", "comment_date": ["04/28", "15:12"], "comment_content": "通常還是會辦，只是桌數變少"}, {"comment_author": "saiboos", "comment_date": ["04/28", "15:14"], "comment_content": "夕陽產業 慘慘慘"}, {"comment_author": "qazwsx6107", "comment_date": ["04/28", "15:23"], "comment_content": "67歲女博士有結婚生小孩嗎？"}, {"comment_author": "gully", "comment_date": ["04/28", "15:31"], "comment_content": "她會請吃法餐嗎？"}, {"comment_author": "anajal", "comment_date": ["04/28", "15:32"], "comment_content": "國安危機?你看政府有在care嗎？"}, {"comment_author": "fufufugogogo", "comment_date": ["04/28", "15:35"], "comment_content": "年輕人不爭氣 沒出息 只會罵政府"}, {"comment_author": "turbomons", "comment_date": ["04/28", "15:39"], "comment_content": "這些都只是少子老化問題的冰山一角"}, {"comment_author": "kilhi", "comment_date": ["04/28", "15:56"], "comment_content": "日本化"}, {"comment_author": "suijojo", "comment_date": ["04/28", "16:04"], "comment_content": "政府不爭氣，只會怪年輕人"}, {"comment_author": "rainsilver", "comment_date": ["04/28", "16:09"], "comment_content": "確實 周邊很多同學都這樣"}, {"comment_author": "Ilou", "comment_date": ["04/28", "16:19"], "comment_content": "奢侈品"}, {"comment_author": "AWPER", "comment_date": ["04/28", "16:33"], "comment_content": "笑死 誰叫你不炒房"}, {"comment_author": "reaturn", "comment_date": ["04/28", "16:51"], "comment_content": "改做喪葬業啊…"}, {"comment_author": "douxid", "comment_date": ["04/28", "21:31"], "comment_content": "可以騙阿公阿嬤在拍一次婚紗照啊，為什麼"}, {"comment_author": "douxid", "comment_date": ["04/28", "21:31"], "comment_content": "一定要局限在年輕人"}, {"comment_author": "James007Bond", "comment_date": ["04/29", "16:34"], "comment_content": "可以專職了，趁早轉換跑道"}]}
