{"author": "tsengcc ()", "category": "Gossiping", "title": "[新聞] 又爆代投票 吳秉叡不在議場 藍疑吳思瑤在", "date": "Thu May  2 11:21:45 2024", "content": ["又爆代投票…吳秉叡不在議場 藍疑吳思瑤在「犯案熱區」聯合報／ 記者林縉明、張睿廷、黃婉婷立法院再爆「代投票」爭議。立法院前天院會進行電價凍漲等案表決，國民黨立委質疑，民進黨立委吳秉叡當時人不在議場內，疑似有人代按投票表決器，國民黨團總召傅崐萁昨質疑民進黨團幹事長吳思瑤「出現在犯案的熱區」，到底是誰隔空抓藥，請向全民自首。吳秉叡表示，他有參與第七案及第八案表決，第九案因趕行程先離開。面對媒體詢問，他不耐煩說，「這有什麼重要」，國民黨要講就去講。傅崐萁指出，前天院會，吳秉叡起先有參與投票，但後來又沒投票，質疑民進黨再度暗渡陳倉，又有「千手觀音」代為投票。他質疑，那位經常指責其他政黨代按表決器的吳思瑤，就出現在犯案熱區，到底是誰做這件事？吳思瑤應好好面對國人與媒體。吳思瑤重申，歷經國民黨立委盧縣一跨海投票事件，立法院長韓國瑜要求強化立法院自律；民進黨團認為，事實需要調查釐清，有離場、不在場投票的委員，會依據黨團動員內規嚴格懲處。5.完整新聞連結 (或短網址)不可用YAHOO、LINE、MSN等轉載媒體:", "6.備註:--"], "post_comment": [{"comment_author": "highyes", "comment_date": ["05/02", "11:23"], "comment_content": "笑死  50步笑100步"}, {"comment_author": "airback76", "comment_date": ["05/02", "11:24"], "comment_content": "好的不學，作票倒是跟國民黨學的很像"}, {"comment_author": "dangercat5", "comment_date": ["05/02", "11:25"], "comment_content": "你要是人不在 可以不要投"}, {"comment_author": "vicious666", "comment_date": ["05/02", "11:27"], "comment_content": " "}, {"comment_author": "vicious666", "comment_date": ["05/02", "11:27"], "comment_content": ":"}, {"comment_author": "tsukasa107", "comment_date": ["05/02", "11:31"], "comment_content": "這些立委都不用上班欸 真D爽"}, {"comment_author": "ston12", "comment_date": ["05/02", "11:48"], "comment_content": "這有什麼重要？你要確定欸？"}, {"comment_author": "qozxcv", "comment_date": ["05/02", "12:07"], "comment_content": "戲精"}, {"comment_author": "lemon81824", "comment_date": ["05/02", "12:09"], "comment_content": "不爽不要投，為什麼要剝奪我們吳秉叡"}, {"comment_author": "lemon81824", "comment_date": ["05/02", "12:09"], "comment_content": "不爽的權利"}, {"comment_author": "toplvgirl", "comment_date": ["05/02", "12:10"], "comment_content": "換到自己就變成這有什麼重要XD"}, {"comment_author": "harukay08", "comment_date": ["05/02", "12:29"], "comment_content": "月領19萬，翹班理直氣壯"}, {"comment_author": "geeg", "comment_date": ["05/02", "12:31"], "comment_content": "綠能你不能，黨就是這麼不要臉。"}, {"comment_author": "yumika", "comment_date": ["05/02", "12:36"], "comment_content": "又是吳造謠哈哈哈哈"}, {"comment_author": "serrier", "comment_date": ["05/03", "21:18"], "comment_content": "這有啥重要?投票可以這樣玩?太陽花???"}, {"comment_author": "sellgd", "comment_date": ["05/05", "14:31"], "comment_content": "吾思謠 故我在 雙子座整天想造謠刷存在感"}]}
