{"author": "alex1987 (基努李維)", "category": "Gossiping", "title": "[新聞] 承諾鼓勵企業加薪！賴清德：民進黨一直是", "date": "Wed May  1 19:46:51 2024", "content": ["1.媒體來源:三立新聞2.記者署名:高逸帆3.完整新聞標題:承諾鼓勵企業加薪！賴清德：民進黨一直是與勞工朋友站在一起的政黨4.完整新聞內文:今（1）日適逢五一勞動節，民進黨主席賴清德表示，民進黨一直是與勞工朋友站在一起的政黨，致力打造尊嚴勞動、友善職場。他列舉，《勞工保險條例》修正、《最低工資法》制度保障、1200億元挹注勞保基金，顯示對勞工和社會保險體制，堅定不移的承諾。民進黨今召開中常會，賴清德在會中表示，今天是勞工年度的重大節日，也是表彰勞動者對社會和經濟的所作貢獻的最好日子。在慶祝勞動節的同時，他要強調，民進黨一直是與勞工朋友站在一起的政黨，致力打造尊嚴勞動、友善職場。賴清德提及，過去推動《勞工保險條例》修正，也推動可攜式的退休金帳戶，都是為了給勞工更安心的退休生活；基本薪資逐年穩健調升，而《最低工資法》的制度保障，未來調升基本薪資會更透明；此外，政府今年也編列1200億元的預算挹注勞保基金，顯見對勞工朋友和社會保險體制，堅定不移的承諾。賴清德表示，面對新型態的就業環境，以及科技趨勢、供應鏈重組的挑戰，政府接下來的任務只會更多，如何打造新型態、更多元且彈性，符合當前勞動趨勢的體制，營造更友善的就業與日常生活平衡，都是重要課題。賴清德承諾會持續打造更友善的勞動環境，並推動包容性的經濟成長，運用所有政策，鼓勵企業加薪，讓所有的勞工朋友都能得到政府的照顧、分享經濟成長的果實；也讓每一位勞工朋友的生活，都能有更好的保障。此外，賴清德也提及，新政府的國安外交團隊人事也已公布，團隊成員有專業又有經驗、有默契又能夠合作、而且都能以國家為己任，並延續蔡總統穩健、負責、可靠的國際路線。賴清德並感謝美國總統拜登在上週簽署《2024年國安緊急補充撥款法案》，且從布林肯國務卿在會面中國國家主席習近平及外長王毅等高級官員時，強調維護台海和平穩定的重要性，表達對中國在南海破壞穩定的行為表示憂心，重申美國對現狀的保證，也證明美方不吝透過具體行動，展現對提升台美安全合作、以及維持印太區域和平穩定的高度重視與支持。他強調，他將率領國安團隊全力以赴，與民主國家一起促進印太的和平發展。5.完整新聞連結 (或短網址)不可用YAHOO、LINE、MSN等轉載媒體:", "--"], "post_comment": [{"comment_author": "YLTYY", "comment_date": ["05/01", "19:47"], "comment_content": "自律"}, {"comment_author": "firose", "comment_date": ["05/01", "19:47"], "comment_content": "什麼時候要拆賴皮寮違建？"}, {"comment_author": "tw316", "comment_date": ["05/01", "19:47"], "comment_content": "鼓勵"}, {"comment_author": "YLTYY", "comment_date": ["05/01", "19:47"], "comment_content": "沒加薪 就當做功德"}, {"comment_author": "egg100152002", "comment_date": ["05/01", "19:47"], "comment_content": "吃屎 說謊仔"}, {"comment_author": "BlueBird5566", "comment_date": ["05/01", "19:47"], "comment_content": "做功德"}, {"comment_author": "DPP48", "comment_date": ["05/01", "19:47"], "comment_content": "功德兄可以先還我七天假嗎"}, {"comment_author": "polarfox", "comment_date": ["05/01", "19:47"], "comment_content": "鼓勵辣，哪一次不鼓勵"}, {"comment_author": "ah937609", "comment_date": ["05/01", "19:48"], "comment_content": "最軟的一塊"}, {"comment_author": "angel902037", "comment_date": ["05/01", "19:48"], "comment_content": ".............."}, {"comment_author": "ncc5566", "comment_date": ["05/01", "19:48"], "comment_content": "鼓勵你媽"}, {"comment_author": "Winston13840", "comment_date": ["05/01", "19:48"], "comment_content": "心中最軟的一塊☺"}, {"comment_author": "tim8177414", "comment_date": ["05/01", "19:48"], "comment_content": "還敢講這話騙講真的全家被狗幹"}, {"comment_author": "manlike", "comment_date": ["05/01", "19:48"], "comment_content": ""}, {"comment_author": "bruce1119", "comment_date": ["05/01", "19:48"], "comment_content": "鼓勵還需要政府幹嘛"}, {"comment_author": "kinve1014", "comment_date": ["05/01", "19:49"], "comment_content": "開口就騙 喜迎史上最愛說謊的總統"}, {"comment_author": "meowchen", "comment_date": ["05/01", "19:49"], "comment_content": "站在一起 背後捅豆腐的?"}, {"comment_author": "AWPER", "comment_date": ["05/01", "19:49"], "comment_content": "？？是不是搞錯了"}, {"comment_author": "xiemark", "comment_date": ["05/01", "19:49"], "comment_content": "又要苦4年"}, {"comment_author": "MrSherlock", "comment_date": ["05/01", "19:50"], "comment_content": "鼓勵兩岸和平"}, {"comment_author": "feen5432", "comment_date": ["05/01", "19:50"], "comment_content": "民眾還鼓勵綠共官員捐薪水給勞保呢"}, {"comment_author": "manlike", "comment_date": ["05/01", "19:50"], "comment_content": ""}, {"comment_author": "rockers", "comment_date": ["05/01", "19:50"], "comment_content": "哈哈，我怎麼笑著笑著眼淚流下來了"}, {"comment_author": "arafinwe", "comment_date": ["05/01", "19:51"], "comment_content": "….. 那為啥軍公教一直扣"}, {"comment_author": "pinkgun", "comment_date": ["05/01", "19:53"], "comment_content": "鼓勵有用還需要總統喔"}, {"comment_author": "burgerchi", "comment_date": ["05/01", "19:54"], "comment_content": "嘔嘔嘔嘔嘔嘔嘔嘔嘔嘔"}, {"comment_author": "EXDes", "comment_date": ["05/01", "19:54"], "comment_content": "笑死  先把公務員、國營的薪水加夠啊"}, {"comment_author": "merkx051", "comment_date": ["05/01", "19:54"], "comment_content": "那我鼓勵拆賴皮寮"}, {"comment_author": "allen0981", "comment_date": ["05/01", "19:55"], "comment_content": "說話不臉紅 是我賴皮德"}, {"comment_author": "reenoip", "comment_date": ["05/01", "19:55"], "comment_content": ":"}, {"comment_author": "wanscur", "comment_date": ["05/01", "19:55"], "comment_content": "end."}, {"comment_author": "yanhsin", "comment_date": ["05/01", "19:55"], "comment_content": "原來叫人做功德是站在一起"}, {"comment_author": "miforward", "comment_date": ["05/01", "19:57"], "comment_content": "笑話，誠信破產的人跟黨真厚臉皮"}, {"comment_author": "aa52189", "comment_date": ["05/01", "19:57"], "comment_content": "笑死 關心不介入"}, {"comment_author": "wate5566", "comment_date": ["05/01", "19:57"], "comment_content": "選前謙卑 選後傲慢 這就是DPP"}, {"comment_author": "bacteria2014", "comment_date": ["05/01", "19:57"], "comment_content": "。。。。。。。"}, {"comment_author": "ypt", "comment_date": ["05/01", "19:58"], "comment_content": "不要臉的髒東西"}, {"comment_author": "tora12345", "comment_date": ["05/01", "19:58"], "comment_content": "讓勞工買不起房 還站一起個屁"}, {"comment_author": "tora12345", "comment_date": ["05/01", "19:59"], "comment_content": "講出這種話 都不會心虛的嗎"}, {"comment_author": "yangweiisi", "comment_date": ["05/01", "19:59"], "comment_content": ""}, {"comment_author": "matico", "comment_date": ["05/01", "19:59"], "comment_content": "太感動了，選對的人走對的路"}, {"comment_author": "UrFather", "comment_date": ["05/01", "20:00"], "comment_content": "承諾鼓勵 樓下解釋這啥幹話☺"}, {"comment_author": "black1104", "comment_date": ["05/01", "20:00"], "comment_content": "噁心"}, {"comment_author": "BerlinerBlau", "comment_date": ["05/01", "20:00"], "comment_content": "一例一休："}, {"comment_author": "hiro246800", "comment_date": ["05/01", "20:01"], "comment_content": "噁"}, {"comment_author": "KH8019", "comment_date": ["05/01", "20:02"], "comment_content": "站到哪了"}, {"comment_author": "s762ok", "comment_date": ["05/01", "20:02"], "comment_content": "噁"}, {"comment_author": "ntusimmon", "comment_date": ["05/01", "20:04"], "comment_content": "菜英文：。"}, {"comment_author": "snsdakb48", "comment_date": ["05/01", "20:04"], "comment_content": "語畢哄堂大笑"}, {"comment_author": "chris287", "comment_date": ["05/01", "20:05"], "comment_content": "噁心"}, {"comment_author": "smily134", "comment_date": ["05/01", "20:05"], "comment_content": "喔 拆了沒啊"}, {"comment_author": "whiteflora6", "comment_date": ["05/01", "20:05"], "comment_content": "我很不想承認你"}, {"comment_author": "OochunoO", "comment_date": ["05/01", "20:06"], "comment_content": "功德人說勞工 呵呵"}, {"comment_author": "peter98", "comment_date": ["05/01", "20:09"], "comment_content": "股擬個嗎"}, {"comment_author": "yeng1217", "comment_date": ["05/01", "20:09"], "comment_content": "沒有加薪的話就當做功德"}, {"comment_author": "jil", "comment_date": ["05/01", "20:10"], "comment_content": "整天說謊 民進黨怎麼還可以騙到那麼多白癡"}, {"comment_author": "whalefirst", "comment_date": ["05/01", "20:10"], "comment_content": "執政8年只會鼓勵企業加薪？？？"}, {"comment_author": "pttenjk", "comment_date": ["05/01", "20:10"], "comment_content": "賴哭鬼真沒料連作秀場面話也假掰 可憐啊"}, {"comment_author": "takeda3234", "comment_date": ["05/01", "20:11"], "comment_content": "加薪寫入法比較穩"}, {"comment_author": "balanokia", "comment_date": ["05/01", "20:11"], "comment_content": "只是物理上站在一起喔"}, {"comment_author": "sid3", "comment_date": ["05/01", "20:12"], "comment_content": "砍七天假  自己去跟老闆講"}, {"comment_author": "plbroum88", "comment_date": ["05/01", "20:12"], "comment_content": "鼓勵有個屁用 哪個老闆他媽鳥你"}, {"comment_author": "ghghfftjack", "comment_date": ["05/01", "20:16"], "comment_content": "人力銀行調查 九成上班族對薪水不滿"}, {"comment_author": "Baihao0501", "comment_date": ["05/01", "20:17"], "comment_content": "噁噁噁"}, {"comment_author": "disyou", "comment_date": ["05/01", "20:18"], "comment_content": "選貪的人...走貪的路"}, {"comment_author": "xjiang", "comment_date": ["05/01", "20:19"], "comment_content": "民視連續劇演的都比這個可靠"}, {"comment_author": "ad1339", "comment_date": ["05/01", "20:19"], "comment_content": "做功德～自己去跟老闆講～"}, {"comment_author": "Balhae", "comment_date": ["05/01", "20:20"], "comment_content": "清德宗說的那些廢話，都比不上物價跟房價"}, {"comment_author": "Balhae", "comment_date": ["05/01", "20:20"], "comment_content": "飆漲，40%執政去死一死比較快。"}, {"comment_author": "fallinlove15", "comment_date": ["05/01", "20:20"], "comment_content": "相信會自律？"}, {"comment_author": "copybrown", "comment_date": ["05/01", "20:21"], "comment_content": "站你媽的B"}, {"comment_author": "heatlion", "comment_date": ["05/01", "20:23"], "comment_content": "只會鼓勵  不會協助產業升級"}, {"comment_author": "scum5566", "comment_date": ["05/01", "20:36"], "comment_content": "大家別笑，賴皮仔民進黨的日子還停在4月"}, {"comment_author": "scum5566", "comment_date": ["05/01", "20:36"], "comment_content": "1日愚人節 不是勞工節"}, {"comment_author": "niniikoski", "comment_date": ["05/01", "20:37"], "comment_content": "幹話我聽多了 就塔綠班的最噁心"}, {"comment_author": "rucarl", "comment_date": ["05/01", "20:38"], "comment_content": "資進黨"}, {"comment_author": "TCPai", "comment_date": ["05/01", "20:42"], "comment_content": "當行政院長的一堆破事"}, {"comment_author": "antigidu", "comment_date": ["05/01", "20:45"], "comment_content": "智障民進黨"}, {"comment_author": "arp355", "comment_date": ["05/01", "20:53"], "comment_content": "喔喔！"}, {"comment_author": "nightwing", "comment_date": ["05/01", "20:57"], "comment_content": ""}, {"comment_author": "shazuei", "comment_date": ["05/01", "20:58"], "comment_content": "笑爛 你當台南市長的時候是如何 大家心知"}, {"comment_author": "shazuei", "comment_date": ["05/01", "20:58"], "comment_content": "肚明"}, {"comment_author": "nightwing", "comment_date": ["05/01", "21:03"], "comment_content": ""}, {"comment_author": "nightwing", "comment_date": ["05/01", "21:03"], "comment_content": ""}, {"comment_author": "BingLing", "comment_date": ["05/01", "21:05"], "comment_content": "砍七天假不就你"}, {"comment_author": "shiaobai", "comment_date": ["05/01", "21:14"], "comment_content": "功德老祖還在那邊裝 噁不噁心"}, {"comment_author": "charsa", "comment_date": ["05/01", "21:18"], "comment_content": "今天不是愚人節"}, {"comment_author": "bigpan", "comment_date": ["05/01", "21:19"], "comment_content": "讓台灣成為適合作夢、悠然過日子的地方"}, {"comment_author": "vin850411", "comment_date": ["05/01", "21:21"], "comment_content": "「鼓勵」"}, {"comment_author": "nvlsvee", "comment_date": ["05/01", "21:22"], "comment_content": "操你媽的垃圾"}, {"comment_author": "sunday0913", "comment_date": ["05/01", "21:30"], "comment_content": "笑死"}, {"comment_author": "Irelia56", "comment_date": ["05/01", "21:30"], "comment_content": "幹你娘雞掰 怎不去死死？操"}, {"comment_author": "Irelia56", "comment_date": ["05/01", "21:30"], "comment_content": ""}, {"comment_author": "Irelia56", "comment_date": ["05/01", "21:30"], "comment_content": ""}, {"comment_author": "Irelia56", "comment_date": ["05/01", "21:30"], "comment_content": ""}, {"comment_author": "KuRaZuHa", "comment_date": ["05/01", "21:37"], "comment_content": "這傢伙唯一專業就是用嘴放屁吧"}, {"comment_author": "jp9851tw", "comment_date": ["05/01", "21:46"], "comment_content": "繼續做功德"}, {"comment_author": "aqsss", "comment_date": ["05/01", "21:51"], "comment_content": "買票變換票 違建就地合法 目前這些有實現"}, {"comment_author": "ZXCVBNM9999", "comment_date": ["05/01", "21:56"], "comment_content": "七天假不是就你砍的？幹！"}, {"comment_author": "philip81501", "comment_date": ["05/01", "21:57"], "comment_content": "鼓勵 哈哈 總統捐薪水啊"}, {"comment_author": "your0207", "comment_date": ["05/01", "21:58"], "comment_content": "鼓勵"}, {"comment_author": "bboring", "comment_date": ["05/01", "22:14"], "comment_content": "幹話德閉嘴啦 台電吃完接下來要吃啥?"}, {"comment_author": "bboring", "comment_date": ["05/01", "22:14"], "comment_content": "當初你當行政院長也有你的份啦"}, {"comment_author": "ClarinetWork", "comment_date": ["05/01", "22:19"], "comment_content": "賴皮寮"}, {"comment_author": "jayys5048aam", "comment_date": ["05/01", "22:20"], "comment_content": "噁"}, {"comment_author": "nokias", "comment_date": ["05/01", "22:32"], "comment_content": "要當總統了 真感動"}, {"comment_author": "oldcrow", "comment_date": ["05/01", "22:41"], "comment_content": "牠們不加薪，你也沒辦法對吧"}, {"comment_author": "forbeat", "comment_date": ["05/01", "22:49"], "comment_content": "站在一起砍7天假"}, {"comment_author": "wsp151515", "comment_date": ["05/01", "22:52"], "comment_content": "吃屎 功德仔"}, {"comment_author": "Phsblack", "comment_date": ["05/01", "22:55"], "comment_content": "軍公教勞工一個標準"}, {"comment_author": "neoa01", "comment_date": ["05/01", "23:01"], "comment_content": "詐騙集團騙那麽久還不夠，還想繼續騙受害"}, {"comment_author": "neoa01", "comment_date": ["05/01", "23:01"], "comment_content": "者，把人家害到屍骨無存"}, {"comment_author": "tim19871026", "comment_date": ["05/01", "23:27"], "comment_content": "修惡勞基法的資方走狗"}, {"comment_author": "chonmin", "comment_date": ["05/02", "07:29"], "comment_content": "民進党一直都是欺騙勞工的政党！"}, {"comment_author": "baldhead0606", "comment_date": ["05/02", "08:59"], "comment_content": "臉皮真的很厚，強!"}, {"comment_author": "alethic", "comment_date": ["05/02", "21:32"], "comment_content": "......不知該說什麼"}]}
