{"author": "tsengcc ()", "category": "Gossiping", "title": "[新聞] 陸開放福建民眾赴馬祖旅遊 我觀光署長:樂", "date": "Sun Apr 28 13:24:33 2024", "content": ["陸開放福建民眾赴馬祖旅遊 我觀光署長：樂見全面開放 聯合報／ 記者胡瑞玲立法院國民黨團總召傅崐萁率16名立委來訪中國大陸，陸客來台旅遊出現了重大突破，大陸文旅部今宣布，開放大陸福建民眾赴馬祖旅遊，並將在平潭與台灣海上客運直航恢復後，恢復福建民眾來台團客旅遊。觀光署長周永暉表示，目前尚未收到消息，但樂見全面開放。周永暉表示，去年就希望兩岸之間的觀光恢復常態，目前還沒有收到官方正式的消息，但對於恢復大陸民眾赴馬祖旅遊一事認為是件好事、樂見其成。大陸文旅部今僅宣布恢復馬祖觀光，並未宣布陸客到金門旅遊，周永暉說，陸方稱等平潭恢復直航後，恢復陸客來台旅遊，由於涉及小三通為陸委會權責，後續還要再觀察，但很歡迎大陸民眾來台旅遊，認為兩岸可以多交流。周永暉說，島嶼的旅遊來自四面八方，鼓勵大陸民眾不只可以到馬祖，也可以到金門、澎湖旅遊；目前看起來是採階段式方式，未來仍鼓勵全面開放兩岸觀光。5.完整新聞連結 (或短網址)不可用YAHOO、LINE、MSN等轉載媒", "6.備註:--"], "post_comment": [{"comment_author": "GaryXie", "comment_date": ["04/28", "13:25"], "comment_content": "亡國裁："}, {"comment_author": "GNZ48", "comment_date": ["04/28", "13:26"], "comment_content": "兩岸一家親！"}, {"comment_author": "bboring", "comment_date": ["04/28", "13:27"], "comment_content": "試水溫"}, {"comment_author": "andel121", "comment_date": ["04/28", "13:27"], "comment_content": "所以台灣要開放赴陸了嗎"}, {"comment_author": "bboring", "comment_date": ["04/28", "13:27"], "comment_content": "所以是走小三通模式入台?"}, {"comment_author": "t81511270", "comment_date": ["04/28", "13:29"], "comment_content": "挖靠 馬祖竟敢開放  藍白粉生產地嗎"}, {"comment_author": "doig", "comment_date": ["04/28", "13:34"], "comment_content": "民進黨又要舔了"}, {"comment_author": "akamen", "comment_date": ["04/28", "13:34"], "comment_content": "共產黨在兩岸都是一樣的"}, {"comment_author": "bhirava2014", "comment_date": ["04/28", "13:50"], "comment_content": "藍教，小藍教，喜迎財神到"}, {"comment_author": "scum5566", "comment_date": ["04/28", "13:52"], "comment_content": "哥布林黨爽翻了吧，終於凹到台階下了"}, {"comment_author": "belion", "comment_date": ["04/28", "14:05"], "comment_content": "抗中保台，又消失？"}, {"comment_author": "yamhome", "comment_date": ["04/28", "14:12"], "comment_content": "國民黨委員訪中，完全失敗"}, {"comment_author": "TIPPK", "comment_date": ["04/28", "14:16"], "comment_content": "抗中不是應該來就關起來嗎"}, {"comment_author": "nwt", "comment_date": ["04/28", "14:16"], "comment_content": "船票多少錢"}, {"comment_author": "tn907915", "comment_date": ["04/28", "15:11"], "comment_content": "塔綠班平常不是很討厭支那人快去觀光署"}, {"comment_author": "tn907915", "comment_date": ["04/28", "15:11"], "comment_content": "舉旗抗議啊"}, {"comment_author": "initiate73", "comment_date": ["04/28", "17:14"], "comment_content": "中國想開放觀光 拉不下臉 做面子給傅"}, {"comment_author": "DREE", "comment_date": ["04/28", "17:58"], "comment_content": "笑死了~~難怪那麼急著去中國~~趕520前~~"}, {"comment_author": "Anvec", "comment_date": ["04/28", "19:29"], "comment_content": "別人去談你要罵 談成你們要收割"}, {"comment_author": "Anvec", "comment_date": ["04/28", "19:30"], "comment_content": "反正就是中共需要台灣"}]}
