{"author": "ytkuang (歪踢光)", "category": "Gossiping", "title": "[新聞] 酒後膽大？三重大叔們吃涼麵邊嗆「89運兵", "date": "Wed May  1 00:30:45 2024", "content": ["1.媒體來源:聯合新聞網2.記者署名:林昭彰3.完整新聞標題:酒後膽大？三重大叔們吃涼麵邊嗆「89運兵車」 慘遭7煞圍毆4.完整新聞內文:新北市三重區日前有3名中年男子喝完酒在路邊攤吃涼麵，", "，更沒想到後面還跟了另2輛車，一共衝出7個人，在街上大打出手。警方最後將10人全部移送法辦。據了解，", "，22日清晨6時許再到三重區正義南路天台商圈吃涼麵，這時有1輛黑色Alphard廂型車開著窗路過。不知何故，吃麵陳男與車內後座乘客33歲蔡男對上眼，互看不爽對嗆。", "，其中2人噴辣椒水、1人拿鐵棍，眾人圍攻陳男，一陣亂戰之後3車迅速駛離。警方獲報趕抵，只剩吃麵3人在場，", "，先協助陳男就醫，柯姓、莊姓2人帶回派出所調查。事後以車追人，當天下午先通知對方4人到案說明，26日又有2人到案、27日最後1人到案，", "。雖然挨打受傷的陳男不提告，警詢後仍將雙方10個人全部依刑法妨害秩序罪嫌函送新北地檢署偵辦。5.完整新聞連結 (或短網址)不可用YAHOO、LINE、MSN等轉載媒體:", "6.備註:手持3米長矛  89大叔演的是哪一尊--"], "post_comment": [{"comment_author": "laugh8562", "comment_date": ["05/01", "00:31"], "comment_content": "三重真恐怖"}, {"comment_author": "StylishTrade", "comment_date": ["05/01", "00:31"], "comment_content": "XD"}, {"comment_author": "key123987", "comment_date": ["05/01", "00:32"], "comment_content": "三重日常"}, {"comment_author": "littlehappy1", "comment_date": ["05/01", "00:32"], "comment_content": "民進黨鐵票區"}, {"comment_author": "now99", "comment_date": ["05/01", "00:32"], "comment_content": "唐山子龍茅戳"}, {"comment_author": "vwpassat", "comment_date": ["05/01", "00:33"], "comment_content": "以為是8964運兵車！"}, {"comment_author": "CharleneTsai", "comment_date": ["05/01", "00:33"], "comment_content": "鼻屎般的動機"}, {"comment_author": "wyiwyi", "comment_date": ["05/01", "00:33"], "comment_content": "都30跟50歲了 還會在嗆看三小= ="}, {"comment_author": "monok", "comment_date": ["05/01", "00:33"], "comment_content": "運殯車"}, {"comment_author": "kayak5566", "comment_date": ["05/01", "00:34"], "comment_content": "白癡運兵車，那種不提告的大叔通常會"}, {"comment_author": "tchialen", "comment_date": ["05/01", "00:34"], "comment_content": "三重日常"}, {"comment_author": "kayak5566", "comment_date": ["05/01", "00:34"], "comment_content": "自己討回來"}, {"comment_author": "Healine", "comment_date": ["05/01", "00:34"], "comment_content": "笑死 在三重還敢嘴秋"}, {"comment_author": "devilfruit", "comment_date": ["05/01", "00:34"], "comment_content": "三重天台就是8+9最多的地方"}, {"comment_author": "a27588679", "comment_date": ["05/01", "00:34"], "comment_content": "少子化連運兵車都沒人了"}, {"comment_author": "u9005205", "comment_date": ["05/01", "00:35"], "comment_content": "話說新北三更半夜一堆年輕人在路上晃的"}, {"comment_author": "u9005205", "comment_date": ["05/01", "00:35"], "comment_content": "日常，停紅線停轉腳停斑馬線…"}, {"comment_author": "tn907915", "comment_date": ["05/01", "00:35"], "comment_content": "DPP三重區日常"}, {"comment_author": "u9005205", "comment_date": ["05/01", "00:36"], "comment_content": "侯友宜大概輸到也沒在管了…"}, {"comment_author": "zzro", "comment_date": ["05/01", "00:36"], "comment_content": "可惜侯選輸了 不然台灣能成為新北的"}, {"comment_author": "stlinman", "comment_date": ["05/01", "00:36"], "comment_content": " 三個老屁孩戰七8+9 ?"}, {"comment_author": "u9005205", "comment_date": ["05/01", "00:37"], "comment_content": "然後，再來出車禍打架進急診湊熱鬧，嫌"}, {"comment_author": "Healine", "comment_date": ["05/01", "00:37"], "comment_content": "被扁到胸口都是血 還不提告是PTSD了嗎"}, {"comment_author": "u9005205", "comment_date": ["05/01", "00:37"], "comment_content": "急診事情太少…"}, {"comment_author": "u9005205", "comment_date": ["05/01", "00:38"], "comment_content": "醫院都已經沒人要上班要值大小夜了，還"}, {"comment_author": "u9005205", "comment_date": ["05/01", "00:38"], "comment_content": "拼命灌急診…"}, {"comment_author": "asdf70044", "comment_date": ["05/01", "00:38"], "comment_content": "最低端白癡ㄉ地方"}, {"comment_author": "sheepyGJ", "comment_date": ["05/01", "00:38"], "comment_content": "三重演義"}, {"comment_author": "monok", "comment_date": ["05/01", "00:38"], "comment_content": "運 89 叫運兵，打輸了運殯"}, {"comment_author": "minoru04", "comment_date": ["05/01", "00:41"], "comment_content": "低端對決"}, {"comment_author": "loserloser", "comment_date": ["05/01", "00:43"], "comment_content": "笑死"}, {"comment_author": "Healine", "comment_date": ["05/01", "00:46"], "comment_content": "時間是清晨六點欸 8+9凌晨是去出任務了"}, {"comment_author": "Healine", "comment_date": ["05/01", "00:46"], "comment_content": "嗎"}, {"comment_author": "turndown4wat", "comment_date": ["05/01", "00:48"], "comment_content": "笑死"}, {"comment_author": "waijr", "comment_date": ["05/01", "00:49"], "comment_content": "三重的日常 沒甚麼 算新聞嗎"}, {"comment_author": "joinptt", "comment_date": ["05/01", "00:50"], "comment_content": "這3位大叔沒被打死算不錯了啦"}, {"comment_author": "s81048112", "comment_date": ["05/01", "00:50"], "comment_content": "笑了 89運兵車"}, {"comment_author": "protoss", "comment_date": ["05/01", "00:51"], "comment_content": "在三蘆路上最好還是帶把槍...不小心對上"}, {"comment_author": "protoss", "comment_date": ["05/01", "00:52"], "comment_content": "眼差不多都是要開打了..."}, {"comment_author": "atari77", "comment_date": ["05/01", "00:53"], "comment_content": "三重 塔綠班野教場 讓小咖練身手用的"}, {"comment_author": "ralfeistein", "comment_date": ["05/01", "00:54"], "comment_content": "三重不意外"}, {"comment_author": "b2305911", "comment_date": ["05/01", "00:57"], "comment_content": "三重市長現在是誰我給忘了=="}, {"comment_author": "PRME", "comment_date": ["05/01", "00:58"], "comment_content": "上次路過三重隨意吃一間肉羹，幹有夠好吃"}, {"comment_author": "Insania", "comment_date": ["05/01", "01:01"], "comment_content": "阿法運兵車絕對不是空穴來風啊嘻嘻"}, {"comment_author": "twofm", "comment_date": ["05/01", "01:04"], "comment_content": "三重"}, {"comment_author": "littlehappy1", "comment_date": ["05/01", "01:05"], "comment_content": "醉後大丈夫"}, {"comment_author": "cms6384", "comment_date": ["05/01", "01:06"], "comment_content": "不錯啊 一人幹一群"}, {"comment_author": "johnny04a", "comment_date": ["05/01", "01:07"], "comment_content": "兩邊都智障吧"}, {"comment_author": "ginopun10477", "comment_date": ["05/01", "01:08"], "comment_content": "頂尖對決"}, {"comment_author": "sunluna", "comment_date": ["05/01", "01:10"], "comment_content": "中年89大戰青年89"}, {"comment_author": "love9115566", "comment_date": ["05/01", "01:12"], "comment_content": "好懷念正義公園：阿伯今天有嗎"}, {"comment_author": "love9115566", "comment_date": ["05/01", "01:12"], "comment_content": "嘿嘿，我的精蟲都死光光"}, {"comment_author": "ComeThrough", "comment_date": ["05/01", "01:13"], "comment_content": "可惜沒死"}, {"comment_author": "palindromes", "comment_date": ["05/01", "01:15"], "comment_content": "三重不意外"}, {"comment_author": "kiopl", "comment_date": ["05/01", "01:16"], "comment_content": "沒跟警察告狀耶 叫小鶴"}, {"comment_author": "kiopl", "comment_date": ["05/01", "01:17"], "comment_content": "只是那家涼麵明明就不怎麽樣"}, {"comment_author": "chris44099", "comment_date": ["05/01", "01:18"], "comment_content": "三重+運兵車 上面一定是要去辦事的 傻"}, {"comment_author": "chris44099", "comment_date": ["05/01", "01:19"], "comment_content": "了才自找麻煩"}, {"comment_author": "yangnana", "comment_date": ["05/01", "01:28"], "comment_content": "89現在標配是辣椒水嗎"}, {"comment_author": "yukihira", "comment_date": ["05/01", "01:29"], "comment_content": "哈哈"}, {"comment_author": "aids893001", "comment_date": ["05/01", "01:29"], "comment_content": "都知道運兵車了還嗆"}, {"comment_author": "CGDGAD", "comment_date": ["05/01", "01:30"], "comment_content": "你不看我怎麼知道我在看你？看三小？"}, {"comment_author": "chain174", "comment_date": ["05/01", "01:31"], "comment_content": "三輛七個人是運懶叫嗎？"}, {"comment_author": "LIDERYEE", "comment_date": ["05/01", "01:33"], "comment_content": "三重日常"}, {"comment_author": "a0913", "comment_date": ["05/01", "01:38"], "comment_content": "說不定是本來就有仇 裝不認識而已"}, {"comment_author": "jack529", "comment_date": ["05/01", "01:38"], "comment_content": "40%產地"}, {"comment_author": "tony88104", "comment_date": ["05/01", "01:41"], "comment_content": "真的是運兵車"}, {"comment_author": "f10qpalzm", "comment_date": ["05/01", "01:46"], "comment_content": "民主聖地 南部化 40%最愛"}, {"comment_author": "marlonlai", "comment_date": ["05/01", "02:09"], "comment_content": "那邊就整個三重除了警察局最容易看到警"}, {"comment_author": "marlonlai", "comment_date": ["05/01", "02:09"], "comment_content": "車的地方"}, {"comment_author": "PPTmilktea", "comment_date": ["05/01", "02:16"], "comment_content": "三重日常"}, {"comment_author": "jay0215", "comment_date": ["05/01", "02:34"], "comment_content": "灣灣喜迎的日常！40%的理想國度應許之地~"}, {"comment_author": "jay0215", "comment_date": ["05/01", "02:35"], "comment_content": ""}, {"comment_author": "richardlala", "comment_date": ["05/01", "02:37"], "comment_content": "89大叔對決年輕89"}, {"comment_author": "arkin", "comment_date": ["05/01", "03:12"], "comment_content": "在天台吃涼麵好勇哦 那邊不是有流彈嗎"}, {"comment_author": "xxxz", "comment_date": ["05/01", "03:45"], "comment_content": "三重 本來就超恐怖"}, {"comment_author": "millylu0711", "comment_date": ["05/01", "03:51"], "comment_content": "相煎何太急"}, {"comment_author": "squarerinoa", "comment_date": ["05/01", "04:29"], "comment_content": "的確是89運兵車了，呵呵"}, {"comment_author": "st86188go", "comment_date": ["05/01", "04:37"], "comment_content": "三蘆日常"}, {"comment_author": "restinpeace", "comment_date": ["05/01", "04:55"], "comment_content": "89何苦為難89"}, {"comment_author": "ahinetn123", "comment_date": ["05/01", "05:04"], "comment_content": "三蘆日常 路過直接開幹"}, {"comment_author": "aquaticplant", "comment_date": ["05/01", "05:08"], "comment_content": "爽收罰金"}, {"comment_author": "start0917", "comment_date": ["05/01", "05:48"], "comment_content": "50幾歲能擊退一群猴子不簡單了"}, {"comment_author": "funmilk", "comment_date": ["05/01", "05:49"], "comment_content": "洨運兵，怕？"}, {"comment_author": "zjnovember", "comment_date": ["05/01", "05:54"], "comment_content": "三重日常"}, {"comment_author": "lipstick", "comment_date": ["05/01", "06:12"], "comment_content": "好爛.. 怎麼沒開槍"}, {"comment_author": "Transfat", "comment_date": ["05/01", "06:16"], "comment_content": "新北高譚市"}, {"comment_author": "Beckhung", "comment_date": ["05/01", "06:22"], "comment_content": "89 宮廟票都是柯粉"}, {"comment_author": "polestar0505", "comment_date": ["05/01", "06:23"], "comment_content": "三重就一堆這種南部上去的智缺猴子"}, {"comment_author": "laechan", "comment_date": ["05/01", "06:39"], "comment_content": "這年紀都是當過義務役至少兩年兵的耶"}, {"comment_author": "laechan", "comment_date": ["05/01", "06:39"], "comment_content": "而且還三人，連這也敢打，3打7怕你哦？"}, {"comment_author": "nonallowance", "comment_date": ["05/01", "06:47"], "comment_content": "89運兵車……."}, {"comment_author": "touchbird", "comment_date": ["05/01", "06:54"], "comment_content": "三重趙子龍"}, {"comment_author": "gk1329", "comment_date": ["05/01", "07:03"], "comment_content": "那三個搞不好大哥 誰輸誰贏還不知道嘞= ="}, {"comment_author": "gk1329", "comment_date": ["05/01", "07:04"], "comment_content": "年輕人94年輕人 忍一忍不好嗎"}, {"comment_author": "plbroum88", "comment_date": ["05/01", "07:16"], "comment_content": "三重真的是蠻荒之地"}, {"comment_author": "theraystyle", "comment_date": ["05/01", "07:21"], "comment_content": "果然是89運猴車"}, {"comment_author": "kevinpc", "comment_date": ["05/01", "07:23"], "comment_content": "豐田阿法嗎?"}, {"comment_author": "fransiceyho", "comment_date": ["05/01", "07:27"], "comment_content": "老少89對決"}, {"comment_author": "WarIII", "comment_date": ["05/01", "07:28"], "comment_content": "89新舊世代之爭"}, {"comment_author": "sunwill34243", "comment_date": ["05/01", "07:32"], "comment_content": "三重不意外"}, {"comment_author": "F74274015", "comment_date": ["05/01", "07:37"], "comment_content": "敢在三重亂嗆人，真的是活膩了"}, {"comment_author": "kevin9964", "comment_date": ["05/01", "07:47"], "comment_content": "一群廢物"}, {"comment_author": "bozhi0720", "comment_date": ["05/01", "07:50"], "comment_content": "運8+9的車，行動詐騙基地"}, {"comment_author": "tino0705", "comment_date": ["05/01", "07:53"], "comment_content": "長矛兵攻擊衝撞車，沒想到條頓武士下車"}, {"comment_author": "coolrgin", "comment_date": ["05/01", "07:53"], "comment_content": "哇嗚桶到馬蜂窩"}, {"comment_author": "horseorange", "comment_date": ["05/01", "07:54"], "comment_content": "沒這群人三重早破百了"}, {"comment_author": "wugi", "comment_date": ["05/01", "07:54"], "comment_content": "40啪聚集地"}, {"comment_author": "changrabbit", "comment_date": ["05/01", "07:59"], "comment_content": "影片超好笑"}, {"comment_author": "KingChaly", "comment_date": ["05/01", "08:09"], "comment_content": "三重就一堆低端，看看垃圾黨的得票就"}, {"comment_author": "KingChaly", "comment_date": ["05/01", "08:09"], "comment_content": "知道"}, {"comment_author": "beaskywalker", "comment_date": ["05/01", "08:12"], "comment_content": "什麼聚眾鬥毆劇情"}, {"comment_author": "pp3435", "comment_date": ["05/01", "08:19"], "comment_content": "有點歡樂"}, {"comment_author": "kevin59666", "comment_date": ["05/01", "08:29"], "comment_content": "可惜了 怎麼不全部互相打死"}, {"comment_author": "GGbigbigin", "comment_date": ["05/01", "08:31"], "comment_content": "在下乃是常山趙子龍"}, {"comment_author": "IamSam", "comment_date": ["05/01", "08:32"], "comment_content": "奇怪2022新北市長明明三重是侯贏，怎麼一"}, {"comment_author": "IamSam", "comment_date": ["05/01", "08:32"], "comment_content": "直扯40%選擇"}, {"comment_author": "IamSam", "comment_date": ["05/01", "08:33"], "comment_content": "柯粉真的沒救了，繼續崩潰四年"}, {"comment_author": "tolowali", "comment_date": ["05/01", "08:36"], "comment_content": "都不是好人 不值得同情"}, {"comment_author": "holahola0607", "comment_date": ["05/01", "08:40"], "comment_content": "子龍一身是膽，手持塑膠長矛也不怯"}, {"comment_author": "holahola0607", "comment_date": ["05/01", "08:41"], "comment_content": "戰"}, {"comment_author": "CindyLara", "comment_date": ["05/01", "08:47"], "comment_content": "u9005205 笑死 跟侯有關？ #認知作戰"}, {"comment_author": "CindyLara", "comment_date": ["05/01", "08:47"], "comment_content": "膩 三蘆一帶 就是 全台灣 8+9 最密集的"}, {"comment_author": "CindyLara", "comment_date": ["05/01", "08:47"], "comment_content": "地方 誰當市長都一樣 而且這區 就是 資"}, {"comment_author": "CindyLara", "comment_date": ["05/01", "08:47"], "comment_content": "進黨 鐵票區 死忠 8+9 太多"}, {"comment_author": "im31519", "comment_date": ["05/01", "08:48"], "comment_content": "89運兵車wwww"}, {"comment_author": "killeryuan", "comment_date": ["05/01", "08:50"], "comment_content": "三重日常 北部流氓的故鄉"}, {"comment_author": "nogood86", "comment_date": ["05/01", "08:50"], "comment_content": "40%死忠日常"}, {"comment_author": "kilhi", "comment_date": ["05/01", "08:52"], "comment_content": "先噴辣椒水和戳司機 沒死真的運氣好"}, {"comment_author": "yks125", "comment_date": ["05/01", "08:54"], "comment_content": "大叔跟鮮肉的對決XD"}, {"comment_author": "kcl5168", "comment_date": ["05/01", "09:01"], "comment_content": "踢到鐵板了"}, {"comment_author": "xxxholic031", "comment_date": ["05/01", "09:05"], "comment_content": "酒壯蠢人膽"}, {"comment_author": "sexybox", "comment_date": ["05/01", "09:06"], "comment_content": "三重天台真的是人文薈萃的地方"}, {"comment_author": "gn22431347", "comment_date": ["05/01", "09:11"], "comment_content": "三重日常阿"}, {"comment_author": "h034826567", "comment_date": ["05/01", "09:13"], "comment_content": "阿發嗎哇還真的是"}, {"comment_author": "kixer2005", "comment_date": ["05/01", "09:18"], "comment_content": "這些廢棄物應該立法強制銷毀"}, {"comment_author": "fnlin05", "comment_date": ["05/01", "09:24"], "comment_content": "三重蘆洲89聚集地還這樣說"}, {"comment_author": "holybless", "comment_date": ["05/01", "09:28"], "comment_content": "三重極限就是這樣練出來的"}, {"comment_author": "Tristanh", "comment_date": ["05/01", "09:29"], "comment_content": "三重蘆洲日常，沒死人有什麼好上新聞的"}, {"comment_author": "foxtse", "comment_date": ["05/01", "09:31"], "comment_content": "不要以為三重有重劃區 水準就會變高好嗎"}, {"comment_author": "nrxadsl", "comment_date": ["05/01", "09:37"], "comment_content": "三重日常"}, {"comment_author": "GGININDER916", "comment_date": ["05/01", "09:42"], "comment_content": "小屁孩跟老屁孩街頭鬥毆啊"}, {"comment_author": "tidus1102", "comment_date": ["05/01", "09:57"], "comment_content": "社底的戰爭"}, {"comment_author": "vvvwww", "comment_date": ["05/01", "10:15"], "comment_content": "40%的內戰"}, {"comment_author": "nothing188", "comment_date": ["05/01", "10:16"], "comment_content": "老89遇見花枝丸貨車"}, {"comment_author": "kattte", "comment_date": ["05/01", "10:16"], "comment_content": "3個阿北打跑89運兵車，該上電視表揚"}, {"comment_author": "angelology", "comment_date": ["05/01", "10:20"], "comment_content": "好狂"}, {"comment_author": "b54102", "comment_date": ["05/01", "10:22"], "comment_content": "講實話也出事XD"}, {"comment_author": "shiningwine", "comment_date": ["05/01", "10:26"], "comment_content": "老+9遇到小+9"}, {"comment_author": "m9315030", "comment_date": ["05/01", "10:38"], "comment_content": "這記者在寫小說嗎?"}, {"comment_author": "DeaGoo", "comment_date": ["05/01", "10:54"], "comment_content": "三重不意外"}, {"comment_author": "orz151426", "comment_date": ["05/01", "10:55"], "comment_content": "殺啊！衝啊！"}, {"comment_author": "naidy", "comment_date": ["05/01", "10:56"], "comment_content": "新北侯侯市日常"}, {"comment_author": "purue", "comment_date": ["05/01", "11:01"], "comment_content": "草地人搬到巷子了 涼麵應該只剩一家"}, {"comment_author": "u0221235", "comment_date": ["05/01", "11:04"], "comment_content": "老兵不死，只是凋零"}, {"comment_author": "nicayoung", "comment_date": ["05/01", "11:10"], "comment_content": "才7個，十分之一的兵力下車而已"}, {"comment_author": "zonppp", "comment_date": ["05/01", "11:14"], "comment_content": "被打不能說"}, {"comment_author": "eugene0412", "comment_date": ["05/01", "11:17"], "comment_content": "三蘆超恐怖，一堆低端89"}, {"comment_author": "repentant02C", "comment_date": ["05/01", "11:27"], "comment_content": "資進黨最愛黑道不意外"}, {"comment_author": "skeven07", "comment_date": ["05/01", "11:31"], "comment_content": "沒提告 叫小賀"}, {"comment_author": "gg86300", "comment_date": ["05/01", "11:31"], "comment_content": "水啦，白癡遇到黑道"}, {"comment_author": "super781212", "comment_date": ["05/01", "11:39"], "comment_content": "三蘆就是垃圾地區"}, {"comment_author": "aimlin", "comment_date": ["05/01", "12:20"], "comment_content": "三重趙雲"}, {"comment_author": "q22w", "comment_date": ["05/01", "12:22"], "comment_content": "老8+9vs嫩8+9"}, {"comment_author": "jimmytaipei", "comment_date": ["05/01", "12:41"], "comment_content": "8+9運兵車XDDDD"}, {"comment_author": "kamihio", "comment_date": ["05/01", "12:48"], "comment_content": "張飛喔 喝酒壯膽 手持長毛 然後被打趴"}, {"comment_author": "iljapan61", "comment_date": ["05/01", "12:51"], "comment_content": "運兵車wwwww"}, {"comment_author": "barry1027gg", "comment_date": ["05/01", "13:19"], "comment_content": "以前89運兵車是得利卡嗎?"}, {"comment_author": "Haqua", "comment_date": ["05/01", "13:32"], "comment_content": "老89跟年輕89的日常 以後會慢慢習慣"}, {"comment_author": "mosster0113", "comment_date": ["05/01", "13:57"], "comment_content": "8+9不分年齡"}, {"comment_author": "catwithptt", "comment_date": ["05/01", "14:01"], "comment_content": "這什麼白痴嘴秋台男故事"}, {"comment_author": "yrchen0426", "comment_date": ["05/01", "14:19"], "comment_content": "哈哈 不愧是新北高譚市"}, {"comment_author": "genovis", "comment_date": ["05/01", "15:13"], "comment_content": "三重板橋新莊都8+9大本營"}, {"comment_author": "adifdtd", "comment_date": ["05/01", "15:28"], "comment_content": "89還需89治.."}, {"comment_author": "rakuinn", "comment_date": ["05/01", "15:43"], "comment_content": "塔綠班的墨西哥!讚啦"}, {"comment_author": "adamyang2000", "comment_date": ["05/01", "16:43"], "comment_content": "打的好 精彩"}, {"comment_author": "adamyang2000", "comment_date": ["05/01", "16:45"], "comment_content": "89陣頭 台北市也不會比較少 台北市"}, {"comment_author": "adamyang2000", "comment_date": ["05/01", "16:45"], "comment_content": "跑來三重開會討債事"}, {"comment_author": "adamyang2000", "comment_date": ["05/01", "16:46"], "comment_content": "北投丶士林丶松山．．89跑來新北活"}, {"comment_author": "adamyang2000", "comment_date": ["05/01", "16:46"], "comment_content": "動"}, {"comment_author": "adamyang2000", "comment_date": ["05/01", "16:47"], "comment_content": "現在很多89行情不比上班打工仔差"}, {"comment_author": "adamyang2000", "comment_date": ["05/01", "16:48"], "comment_content": "三大夢幻行業 89丶鴨子丶詐騙"}, {"comment_author": "Exusiai", "comment_date": ["05/01", "17:22"], "comment_content": "三蘆一堆南部租屋仔 不意外"}, {"comment_author": "thx9527", "comment_date": ["05/01", "18:21"], "comment_content": "三重喔 沒事啦 當地人打招呼就這樣啦"}, {"comment_author": "aa874125", "comment_date": ["05/01", "19:32"], "comment_content": "就三重正常酒後運動 當事人都不追究 警"}, {"comment_author": "aa874125", "comment_date": ["05/01", "19:32"], "comment_content": "察是在狗拿耗子"}, {"comment_author": "odaaaaa", "comment_date": ["05/01", "20:03"], "comment_content": "長矛兵對戰車兵？"}, {"comment_author": "yust", "comment_date": ["05/01", "20:14"], "comment_content": "三蘆開車都不敢按喇叭"}, {"comment_author": "qaz12453", "comment_date": ["05/01", "22:41"], "comment_content": "兩邊都89吧= ="}, {"comment_author": "adamyang2000", "comment_date": ["05/02", "01:14"], "comment_content": "很多都是從北投 士林文山南港的兄"}, {"comment_author": "adamyang2000", "comment_date": ["05/02", "01:14"], "comment_content": "弟來三重喬事情"}, {"comment_author": "adamyang2000", "comment_date": ["05/02", "01:15"], "comment_content": "三重很多，現在都是在地化了 外來"}, {"comment_author": "adamyang2000", "comment_date": ["05/02", "01:15"], "comment_content": "新興人口很少"}, {"comment_author": "adamyang2000", "comment_date": ["05/02", "01:16"], "comment_content": "三重市過路客太多了 不是三重人"}, {"comment_author": "adamyang2000", "comment_date": ["05/02", "01:18"], "comment_content": "士林 北投 松南 新蘆的89不一般"}, {"comment_author": "adamyang2000", "comment_date": ["05/02", "01:19"], "comment_content": "不要污名化三重 人口老化負成長"}, {"comment_author": "adamyang2000", "comment_date": ["05/02", "01:20"], "comment_content": "老化的三重垂垂 沒錢兇不起來"}, {"comment_author": "fakeimage", "comment_date": ["05/02", "04:19"], "comment_content": "看房子絕不看三重"}, {"comment_author": "fp737", "comment_date": ["05/02", "17:23"], "comment_content": "三重還敢這樣喔  猛耶"}, {"comment_author": "cc001225", "comment_date": ["05/02", "19:57"], "comment_content": "雙和治安吊打wwwwwwww"}]}
