{"author": "pricekin (( ￣ c￣)y▂ξ )", "category": "Gossiping", "title": "[新聞] 刑事局警政監疑涉博弈洩密案 中市刑大副", "date": "Thu May  2 20:54:31 2024", "content": ["1.媒體來源: 中央社2.記者署名:2024/5/2 20:27（5/2 20:47 更新）中央社記者蘇木春3.完整新聞標題:刑事局警政監疑涉博弈洩密案 中市刑大副隊長、科偵隊長被帶回調查4.完整新聞內文:（中央社記者蘇木春台中2日電）", "，並到台中市警局刑警大隊調閱資料、帶回證人釐清案情。", "。台中地檢署今天發布新聞稿表示，檢方偵辦台中市刑警大隊前林姓警官涉嫌洩密等案件，由檢察官於今天指揮廉政署中部地區調查組、警政署政風室等單位，依據刑事訴訟法及檢察機關實施搜索扣押應行注意事項規定，持搜索票至林男的辦公處所及住處進行搜索，全案仍持續調查釐清。台中市政府警察局今天透過文字稿表示，檢察官今天率同廉政署中調組至台中市刑事警察大隊調閱相關資料，另以證人身分，請刑警大隊陳姓副大隊長及科偵隊施姓隊長，前往廉政署協助調查。警方指出，市警局依檢察官指示，提供相關資料外，並將全力配合檢察官調查，以期勿枉勿縱，若有違法絕不寬貸，從重議處。據了解，", "，中檢今天指揮辦案人員到刑事局、台中市刑大調閱資料，", "（編輯：謝雅竹）11305025.完整新聞連結 (或短網址)不可用YAHOO、LINE、MSN等轉載媒體:", "6.備註:", "--"], "post_comment": [{"comment_author": "cedca", "comment_date": ["05/02", "20:55"], "comment_content": "有內鬼"}, {"comment_author": "Leo4891", "comment_date": ["05/02", "20:55"], "comment_content": "現在做詐騙 做賭博 都在警局安插一堆人?"}, {"comment_author": "bonfferoni", "comment_date": ["05/02", "20:56"], "comment_content": "台中喔  不予置評"}, {"comment_author": "dracula83183", "comment_date": ["05/02", "20:56"], "comment_content": "真的都爛到骨子裡了"}, {"comment_author": "Leo4891", "comment_date": ["05/02", "20:56"], "comment_content": "警察 律師 政府官員都是我的人 難怪...."}, {"comment_author": "beckhon", "comment_date": ["05/02", "20:56"], "comment_content": "誇張"}, {"comment_author": "neoa01", "comment_date": ["05/02", "20:56"], "comment_content": "民進黨執政 不意外，槍毒賭詐 黑道幫派囂"}, {"comment_author": "fony1029", "comment_date": ["05/02", "20:56"], "comment_content": "不意外 20年來經濟最好-1"}, {"comment_author": "neoa01", "comment_date": ["05/02", "20:56"], "comment_content": "張，治安地獄"}, {"comment_author": "neoa01", "comment_date": ["05/02", "20:56"], "comment_content": ""}, {"comment_author": "neoa01", "comment_date": ["05/02", "20:56"], "comment_content": ""}, {"comment_author": "shine32025", "comment_date": ["05/02", "20:56"], "comment_content": "墨西哥化"}, {"comment_author": "neoa01", "comment_date": ["05/02", "20:56"], "comment_content": ""}, {"comment_author": "for40255", "comment_date": ["05/02", "20:57"], "comment_content": "正常ㄅ 博弈跟警察都麻有一手 比然怎麼"}, {"comment_author": "KIDDLEE", "comment_date": ["05/02", "20:57"], "comment_content": "墨西哥化了"}, {"comment_author": "leoqqqoel", "comment_date": ["05/02", "20:57"], "comment_content": "台中七期裡的 懂的就懂"}, {"comment_author": "ketrobo", "comment_date": ["05/02", "20:57"], "comment_content": "抓內賊"}, {"comment_author": "for40255", "comment_date": ["05/02", "20:57"], "comment_content": "賺錢"}, {"comment_author": "beckhon", "comment_date": ["05/02", "20:57"], "comment_content": "公務員薪水低，只好自己找外快"}, {"comment_author": "mscmobitai", "comment_date": ["05/02", "20:57"], "comment_content": "七期那幾棟連我失智的阿嬤都知道在搞"}, {"comment_author": "mscmobitai", "comment_date": ["05/02", "20:57"], "comment_content": "博弈"}, {"comment_author": "jokem", "comment_date": ["05/02", "20:58"], "comment_content": "警察不意外"}, {"comment_author": "spzper", "comment_date": ["05/02", "20:58"], "comment_content": "警政署紀律嘻嘻~反正罪很輕"}, {"comment_author": "asdzxc001", "comment_date": ["05/02", "20:58"], "comment_content": "xx產業一條龍，從警只是副業  咦？"}, {"comment_author": "raymond501", "comment_date": ["05/02", "20:59"], "comment_content": "台中一條龍"}, {"comment_author": "usnavyseal", "comment_date": ["05/02", "20:59"], "comment_content": "扯"}, {"comment_author": "zzro", "comment_date": ["05/02", "21:00"], "comment_content": "毒賭黃騙 國之根本 817的選擇 台灣價值"}, {"comment_author": "losel", "comment_date": ["05/02", "21:00"], "comment_content": "看他會不會摩斯電碼"}, {"comment_author": "palindromes", "comment_date": ["05/02", "21:01"], "comment_content": "台灣沒救了 警察 檢調 律師通通墮落"}, {"comment_author": "Godhas56", "comment_date": ["05/02", "21:01"], "comment_content": "都自己人阿哪有甚麼洩密問題☺Y"}, {"comment_author": "Tenging", "comment_date": ["05/02", "21:01"], "comment_content": "賭爛明 cd pro2"}, {"comment_author": "palindromes", "comment_date": ["05/02", "21:02"], "comment_content": "飼料鴿"}, {"comment_author": "onstar", "comment_date": ["05/02", "21:02"], "comment_content": "近一年警局被犯罪滲透新聞幾件了？"}, {"comment_author": "c2588v77683", "comment_date": ["05/02", "21:02"], "comment_content": "檢察官調查中筆錄都會外流了 這有啥"}, {"comment_author": "palindromes", "comment_date": ["05/02", "21:03"], "comment_content": "89後代 我看台灣墨西哥了"}, {"comment_author": "akway", "comment_date": ["05/02", "21:03"], "comment_content": "台中不意外 難怪一堆年輕人有跑車"}, {"comment_author": "bairn", "comment_date": ["05/02", "21:03"], "comment_content": "博彩業的鴿子飼料費絕對給好給滿"}, {"comment_author": "Alphaz", "comment_date": ["05/02", "21:04"], "comment_content": "公務員薪水太低的後果開始出現了 民主成果"}, {"comment_author": "kax0205", "comment_date": ["05/02", "21:05"], "comment_content": "台中市政府 對面是酒店 後面七期是機房"}, {"comment_author": "soarman", "comment_date": ["05/02", "21:05"], "comment_content": "都什麼年代了，台灣人有關係就沒關係的"}, {"comment_author": "soarman", "comment_date": ["05/02", "21:05"], "comment_content": "違法觀念還是到處都是"}, {"comment_author": "kax0205", "comment_date": ["05/02", "21:05"], "comment_content": "全台中人都心知肚明啊"}, {"comment_author": "nxuanr", "comment_date": ["05/02", "21:05"], "comment_content": "狗官去死吧"}, {"comment_author": "yisheng7869", "comment_date": ["05/02", "21:05"], "comment_content": "迴力鏢就快來了 公務員低薪福利差又"}, {"comment_author": "yisheng7869", "comment_date": ["05/02", "21:06"], "comment_content": "年改  鋌而走險的人只會越來越多"}, {"comment_author": "palindromes", "comment_date": ["05/02", "21:06"], "comment_content": "副業刑警一個月78萬 有飼料費多嗎"}, {"comment_author": "luciffar", "comment_date": ["05/02", "21:06"], "comment_content": "台中到底有啥優勢 詐團都跑來這?"}, {"comment_author": "yisheng7869", "comment_date": ["05/02", "21:06"], "comment_content": "看看墨西哥警察 未來的台灣"}, {"comment_author": "forgiveus", "comment_date": ["05/02", "21:06"], "comment_content": "七期一堆機房，台中法院連掃地阿姨都"}, {"comment_author": "forgiveus", "comment_date": ["05/02", "21:06"], "comment_content": "知道，就市政府不知道而已"}, {"comment_author": "palindromes", "comment_date": ["05/02", "21:07"], "comment_content": "七期 亞洲地下金融中心"}, {"comment_author": "yisheng7869", "comment_date": ["05/02", "21:07"], "comment_content": "低薪福利差 就會有人想歪哥賺外快"}, {"comment_author": "palindromes", "comment_date": ["05/02", "21:07"], "comment_content": "全台灣都知道"}, {"comment_author": "diyaworld", "comment_date": ["05/02", "21:07"], "comment_content": "盧媽媽的地盤，小草們咱們走下一篇…"}, {"comment_author": "onstar", "comment_date": ["05/02", "21:07"], "comment_content": "智障粉綠一直鬥軍公教真的害死台灣"}, {"comment_author": "onstar", "comment_date": ["05/02", "21:09"], "comment_content": "萬一未來，掌握你房子登記的，戶政、金融"}, {"comment_author": "onstar", "comment_date": ["05/02", "21:09"], "comment_content": "掌握武力的公職，都可被收買，我說萬一"}, {"comment_author": "yisheng7869", "comment_date": ["05/02", "21:10"], "comment_content": "就墨西哥化啊 警政司法都被黑幫滲透"}, {"comment_author": "bigpan", "comment_date": ["05/02", "21:11"], "comment_content": "詐騙博弈年薪千萬 正當工作20年都比不上"}, {"comment_author": "lovedls", "comment_date": ["05/02", "21:12"], "comment_content": "有內鬼，終止交易"}, {"comment_author": "strollinrain", "comment_date": ["05/02", "21:12"], "comment_content": "台中不意外"}, {"comment_author": "truffaut", "comment_date": ["05/02", "21:13"], "comment_content": "台中 不好說"}, {"comment_author": "splong", "comment_date": ["05/02", "21:14"], "comment_content": "早就滲透到很多地方了...有錢好辦事"}, {"comment_author": "andytaso", "comment_date": ["05/02", "21:15"], "comment_content": "感覺這陣子有開始在用心辦案抓人"}, {"comment_author": "KEYSOLIDER", "comment_date": ["05/02", "21:15"], "comment_content": "阿媽市長政績"}, {"comment_author": "onstar", "comment_date": ["05/02", "21:16"], "comment_content": "真的可憐，會被煽動鬥公職的，通常是底層"}, {"comment_author": "onstar", "comment_date": ["05/02", "21:16"], "comment_content": "他們卻又是-最需要執法公職保護的人"}, {"comment_author": "onstar", "comment_date": ["05/02", "21:17"], "comment_content": "執法公職黑化，受害最深就是這些被煽動的"}, {"comment_author": "DeathTemp", "comment_date": ["05/02", "21:17"], "comment_content": "就算發生在台中一樣是陳其邁的錯好嗎"}, {"comment_author": "littlehappy1", "comment_date": ["05/02", "21:18"], "comment_content": "又是民進黨"}, {"comment_author": "andy199113", "comment_date": ["05/02", "21:18"], "comment_content": "綠共執政 警察跟黑道都是好朋友"}, {"comment_author": "littlehappy1", "comment_date": ["05/02", "21:18"], "comment_content": "內政部長誰指派的 警政署長誰管的"}, {"comment_author": "onstar", "comment_date": ["05/02", "21:19"], "comment_content": "粉綠，醒醒啊！ 救自己"}, {"comment_author": "onstar", "comment_date": ["05/02", "21:19"], "comment_content": "還在擔心你的黨？"}, {"comment_author": "onstar", "comment_date": ["05/02", "21:19"], "comment_content": "擔心台灣吧！"}, {"comment_author": "andy199113", "comment_date": ["05/02", "21:19"], "comment_content": "民進黨好兄弟黑道、詐騙集團"}, {"comment_author": "y932987", "comment_date": ["05/02", "21:21"], "comment_content": "警察錄取率35趴 不意外"}, {"comment_author": "maxsho", "comment_date": ["05/02", "21:24"], "comment_content": "不用未來啊， 現在就是一堆能收買的"}, {"comment_author": "heureuxseed", "comment_date": ["05/02", "21:25"], "comment_content": "終於要墨西哥化了嗎"}, {"comment_author": "Tenging", "comment_date": ["05/02", "21:26"], "comment_content": "因為你是我的兄弟"}, {"comment_author": "asdf70044", "comment_date": ["05/02", "21:27"], "comment_content": "正常ㄅ 老早黑道走狗墨西哥化"}, {"comment_author": "star1023", "comment_date": ["05/02", "21:27"], "comment_content": "內鬼"}, {"comment_author": "gary60419", "comment_date": ["05/02", "21:29"], "comment_content": "薪水低，到當然找兼職"}, {"comment_author": "HuntBear", "comment_date": ["05/02", "21:29"], "comment_content": "關鍵字 台中 網路 博弈"}, {"comment_author": "Tenging", "comment_date": ["05/02", "21:35"], "comment_content": "警政監 簡任級別的公職？"}, {"comment_author": "herculus6502", "comment_date": ["05/02", "21:35"], "comment_content": "有內鬼 終止交易"}, {"comment_author": "Tenging", "comment_date": ["05/02", "21:36"], "comment_content": "三線兩星是什麼"}, {"comment_author": "plbroum88", "comment_date": ["05/02", "21:39"], "comment_content": "怎麼會跟警政高層有關啊？會不會太誇"}, {"comment_author": "plbroum88", "comment_date": ["05/02", "21:39"], "comment_content": "張了！"}, {"comment_author": "alex5566", "comment_date": ["05/02", "21:40"], "comment_content": "國家給這種薪水 遲早的事 不用意外"}, {"comment_author": "Tenging", "comment_date": ["05/02", "21:43"], "comment_content": "我的東西我還要橋是什麼意思"}, {"comment_author": "hyuchi0202", "comment_date": ["05/02", "21:45"], "comment_content": "小事 全台政府警察都在詐騙 正常"}, {"comment_author": "edwardtp", "comment_date": ["05/02", "21:48"], "comment_content": "反觀，檢調洩密都查不到"}, {"comment_author": "nokias", "comment_date": ["05/02", "21:58"], "comment_content": "可愛又溫馨"}, {"comment_author": "katanakiller", "comment_date": ["05/02", "21:59"], "comment_content": "一堆內鬼"}, {"comment_author": "miloisgood", "comment_date": ["05/02", "21:59"], "comment_content": "台中日常"}, {"comment_author": "vingfing", "comment_date": ["05/02", "22:02"], "comment_content": "党：我又說謊了 打我啊笨蛋"}, {"comment_author": "moocow", "comment_date": ["05/02", "22:02"], "comment_content": "馬扁八成都沒這麼扯"}, {"comment_author": "loliconrd", "comment_date": ["05/02", "22:04"], "comment_content": "開放槍枝給民眾自保吧  看看這些黑警"}, {"comment_author": "irenes", "comment_date": ["05/02", "22:04"], "comment_content": "難怪台中一堆詐騙公司"}, {"comment_author": "justiceyes", "comment_date": ["05/02", "22:08"], "comment_content": "從根爛起"}, {"comment_author": "beckhon", "comment_date": ["05/02", "22:42"], "comment_content": "這職位是前台中最高刑事幹部"}, {"comment_author": "tist", "comment_date": ["05/02", "22:46"], "comment_content": "鬼島墨西哥化"}, {"comment_author": "rockwave", "comment_date": ["05/02", "22:47"], "comment_content": "警匪共好一家親"}, {"comment_author": "vodkalime607", "comment_date": ["05/02", "23:03"], "comment_content": "台中日常啊 媽媽市長也管不動 夠廢"}, {"comment_author": "Ponimp", "comment_date": ["05/02", "23:03"], "comment_content": "鴿子不意外"}, {"comment_author": "fallinlove15", "comment_date": ["05/02", "23:14"], "comment_content": "官太小 難怪被抓"}, {"comment_author": "westhaown", "comment_date": ["05/02", "23:28"], "comment_content": "詐騙博弈洗錢首都台中不是隨便說說"}, {"comment_author": "westhaown", "comment_date": ["05/02", "23:30"], "comment_content": "七期大家都知道 光是台灣大道以及周邊"}, {"comment_author": "westhaown", "comment_date": ["05/02", "23:30"], "comment_content": " 有一堆詐騙大樓 長達10幾年沒人去抄"}, {"comment_author": "westhaown", "comment_date": ["05/02", "23:30"], "comment_content": "過 你說跟台中垃圾鴿有沒有關係"}, {"comment_author": "a77774444", "comment_date": ["05/02", "23:30"], "comment_content": "3線2應該是輕判跟無罪吧，除非真的得"}, {"comment_author": "a77774444", "comment_date": ["05/02", "23:30"], "comment_content": "罪高層"}, {"comment_author": "ura1210", "comment_date": ["05/02", "23:38"], "comment_content": "哈哈 沒有政府默許 怎麼可能那麼高調出"}, {"comment_author": "ura1210", "comment_date": ["05/02", "23:38"], "comment_content": "門名牌名車"}, {"comment_author": "ura1210", "comment_date": ["05/02", "23:39"], "comment_content": "幸苦基層了但又如何哈哈"}, {"comment_author": "a4567850", "comment_date": ["05/02", "23:42"], "comment_content": "警監層級已經是僅次於局長以下了"}, {"comment_author": "impixels", "comment_date": ["05/02", "23:59"], "comment_content": "市長還在吸谷關空氣，懶得理你"}, {"comment_author": "u9912114", "comment_date": ["05/03", "00:05"], "comment_content": "媽媽市長，七期那些商辦啥時要掃光"}, {"comment_author": "u9912114", "comment_date": ["05/03", "00:05"], "comment_content": "光啊？一堆機房欸，沒問題嗎？"}, {"comment_author": "secret1414", "comment_date": ["05/03", "00:06"], "comment_content": "放心啦 不會判刑啦 有恃無恐"}, {"comment_author": "foxvera", "comment_date": ["05/03", "00:06"], "comment_content": "全部給我抓去關到漏尿！"}, {"comment_author": "foxvera", "comment_date": ["05/03", "00:07"], "comment_content": "盧媽做事喔！"}, {"comment_author": "kfwibsj", "comment_date": ["05/03", "01:05"], "comment_content": "內政部長之前誰在爛的嘛 跑去民視當名嘴"}, {"comment_author": "Glamsight", "comment_date": ["05/03", "01:17"], "comment_content": "又有新的 ^.^"}, {"comment_author": "fastevil", "comment_date": ["05/03", "02:24"], "comment_content": "馬的警察內鬼也太多了吧"}, {"comment_author": "gg86300", "comment_date": ["05/03", "03:43"], "comment_content": "黑道看門狗"}, {"comment_author": "nicayoung", "comment_date": ["05/03", "04:02"], "comment_content": "拿一次比退休金還多，傻子才不拿"}, {"comment_author": "nando21", "comment_date": ["05/03", "04:35"], "comment_content": "好扯"}, {"comment_author": "didihouse", "comment_date": ["05/03", "05:52"], "comment_content": "台中不意外"}, {"comment_author": "ahg", "comment_date": ["05/03", "07:54"], "comment_content": "笑死 還真的有內鬼"}, {"comment_author": "twn65w65", "comment_date": ["05/03", "08:14"], "comment_content": "笑死人，說開始有在辦案的，整個司"}, {"comment_author": "twn65w65", "comment_date": ["05/03", "08:14"], "comment_content": "法跟警察體系早被民進黨弄爛還在開"}, {"comment_author": "twn65w65", "comment_date": ["05/03", "08:14"], "comment_content": "始有在辦案？排除異己才是真的"}, {"comment_author": "s881702002", "comment_date": ["05/03", "08:32"], "comment_content": "謝謝党"}, {"comment_author": "TarikBlack", "comment_date": ["05/03", "08:34"], "comment_content": "蔡英文執政"}, {"comment_author": "fascism078", "comment_date": ["05/03", "11:22"], "comment_content": "垃圾鴿"}, {"comment_author": "rattrapante", "comment_date": ["05/03", "12:39"], "comment_content": "對唔住  我係差人☺"}, {"comment_author": "Glamsight", "comment_date": ["05/04", "10:55"], "comment_content": "大條"}]}
