{"author": "fukawa947 (交大薛之謙)", "category": "Gossiping", "title": "[新聞] 台灣恐「規模8」地震？氣象署發聲了　全", "date": "Sun Apr 28 14:45:28 2024", "content": ["Nownews記者張志浩／綜合報導台灣恐「規模8」地震？氣象署發聲了　全台斷層「發震機率」一覽", "▲0403花蓮強震後餘震不斷，不少專家提醒後續仍有較大規模地震會出現。（圖／氣象署提供）0403花蓮強震後餘震不斷，台灣大學地質系名譽教授陳文山指出，東部縱谷斷層中南段的奇美斷層、利吉–鹿野斷層及池上斷層北段，已經百年沒有發生規模7以上的地震，未來要小心，而透過台灣地震模型團隊研究，縱谷斷層未來50年確實有28％機率發生規模7至7.5地震，至於台灣是否有可能出現規模8以上地震，氣象署則闢謠，「地質構造來說，不太可能。」氣象署地震測報中心表示，撇除核爆、隕石撞擊等特殊原因，大部分的地震都是由斷層錯動產生，從歷史地震會發現，當「斷層的面積越大、滑移量越多」時，對應到的「地震規模」就會越大，國際上常用「地震矩」來描述地震，公式為「地震矩＝斷層物質的剛性係數Ｘ斷層滑移量Ｘ斷層面積。」", "▲氣象署表示，考慮台灣地質構造，不可能有規模12地震，也不太可能有規模8以上地震出現。（圖／中央氣象署提供）地震測報中心說明，若單看公式和定義上，只要有無限長的斷層或無限多的滑移量，地震就有無限大的規模，但實際在地球上，斷層面積、能產生的滑移都是有限的，因此地震矩仍有上限；以斷層面積來看，即使有很寬的斷層，往下的深度還是會被地球的物理性質限制，隨著深度越深，溫度也會越高，當岩層變成像是黏土般，外力一推就變形，沒辦法累積能量、產生地震，因此，斷層面積很難無限的向下擴大。地震測報中心指出，以台灣的地質構造來說，不太可能發生規模8以上的地震，更不用說過去曾有謠言會發生規模12的地震，以台灣本島上最長的車籠埔斷層為例，當時的斷層面積約為2000平方公里，根據地震矩規模的定義，如果要產生規模1 的地震，約要200兆公尺的錯移量，甚至已經超過一整個地球。", "▲未來50年，全台44個未來有可能會發生地震的孕震構造及發震機率。（圖／台灣地震模型（TEM）研究團隊）此外，由全台各地專家組成的「台灣地震模型（TEM）研究團隊」，過去就總計整理出44個未來有可能會發生地震的孕震構造，其中未來50年發生大於規模6.5地震機率達99％、大於規模6.7地震94％、大於規模7地震機率54％。排除2018花蓮米崙大地震釋放的能量後，目前發震機率排名第一的是台南「中洲構造」，發生規模6.9以上地震機率為39％，而南宜蘭構造、中部的初香構造、台南六甲斷層等，發生規模6以上地震機率皆超過30％，縱谷斷層也仍有28％機率發生規模7至7.5地震。", "備註:都是%數，我建議開個六給他--"], "post_comment": [{"comment_author": "s820912gmail", "comment_date": ["04/28", "14:46"], "comment_content": "來都更"}, {"comment_author": "jokem", "comment_date": ["04/28", "14:46"], "comment_content": "窩腰菸牌"}, {"comment_author": "kevinkuku", "comment_date": ["04/28", "14:46"], "comment_content": "要不要告一告啊？為什麼小老百姓講個"}, {"comment_author": "kevinkuku", "comment_date": ["04/28", "14:46"], "comment_content": "什麼預測就要被告？學者講就沒事"}, {"comment_author": "jecint1707", "comment_date": ["04/28", "14:47"], "comment_content": "騙誰"}, {"comment_author": "jacket664", "comment_date": ["04/28", "14:47"], "comment_content": "規模8是說琉球海溝吧"}, {"comment_author": "wsdykssj", "comment_date": ["04/28", "14:47"], "comment_content": "今天好日子，就今天吧"}, {"comment_author": "highyes", "comment_date": ["04/28", "14:48"], "comment_content": "恐你老木  恐恐恐"}, {"comment_author": "imlucky", "comment_date": ["04/28", "14:49"], "comment_content": "乾 如果12直接走山滅台了吧"}, {"comment_author": "newforte", "comment_date": ["04/28", "14:49"], "comment_content": "不要住在地震帶的縣市就好惹"}, {"comment_author": "plbroum88", "comment_date": ["04/28", "14:49"], "comment_content": "那7.9是有可能的"}, {"comment_author": "kevinkuku", "comment_date": ["04/28", "14:49"], "comment_content": "然後去印度緝拿妖童阿南德吧！"}, {"comment_author": "HarukaLoveu", "comment_date": ["04/28", "14:49"], "comment_content": "不“太”可能"}, {"comment_author": "zephyr105", "comment_date": ["04/28", "14:49"], "comment_content": "快逃"}, {"comment_author": "kevinkuku", "comment_date": ["04/28", "14:50"], "comment_content": "12台灣大概漂到加州了吧......"}, {"comment_author": "ANTHEIA", "comment_date": ["04/28", "14:51"], "comment_content": "姆大陸即將出世，2035/7/5"}, {"comment_author": "jameshcm", "comment_date": ["04/28", "14:52"], "comment_content": "馬陸那篇看了以後真的很毛，先來睡一覺"}, {"comment_author": "hyperdunk", "comment_date": ["04/28", "14:52"], "comment_content": "台灣年輕人都在等 快來喔"}, {"comment_author": "tuwile", "comment_date": ["04/28", "14:52"], "comment_content": "這預測..看看就好.."}, {"comment_author": "sw731210", "comment_date": ["04/28", "14:53"], "comment_content": "氣象署連天氣都報不好了"}, {"comment_author": "mingzeng", "comment_date": ["04/28", "14:53"], "comment_content": "嚇死人！有史以來的大地震有規模12過嗎"}, {"comment_author": "riker729", "comment_date": ["04/28", "14:53"], "comment_content": "結果北部機率都很低 南部很危險"}, {"comment_author": "riker729", "comment_date": ["04/28", "14:54"], "comment_content": "看起來核電廠可以蓋在桃園"}, {"comment_author": "sushi11", "comment_date": ["04/28", "14:54"], "comment_content": "鐵定有但不知道何時"}, {"comment_author": "ANTHEIA", "comment_date": ["04/28", "14:54"], "comment_content": "居然沒拿311來比"}, {"comment_author": "riker729", "comment_date": ["04/28", "14:54"], "comment_content": "12的話 人類末日了"}, {"comment_author": "dwlui", "comment_date": ["04/28", "14:56"], "comment_content": "幹你老師  我在台南"}, {"comment_author": "jerrylin", "comment_date": ["04/28", "14:57"], "comment_content": "火山爆發都不見得有八級好不好"}, {"comment_author": "sali921", "comment_date": ["04/28", "14:57"], "comment_content": "路上規模八絕對是大自然的物理打房"}, {"comment_author": "YunHung46", "comment_date": ["04/28", "14:57"], "comment_content": "有種就來"}, {"comment_author": "jerrylin", "comment_date": ["04/28", "14:57"], "comment_content": "擔心這種事趕快移民"}, {"comment_author": "sushi11", "comment_date": ["04/28", "14:57"], "comment_content": "人類史上最高9.5有觀測到的"}, {"comment_author": "jeter17", "comment_date": ["04/28", "14:59"], "comment_content": "怕.jpg"}, {"comment_author": "emissary", "comment_date": ["04/28", "14:59"], "comment_content": "先搞氣象預報搞精準再來說地震好嗎"}, {"comment_author": "jeter17", "comment_date": ["04/28", "14:59"], "comment_content": ""}, {"comment_author": "jkl852", "comment_date": ["04/28", "14:59"], "comment_content": "氣象署預報0%降雨都可以變豪雨了"}, {"comment_author": "rinppi", "comment_date": ["04/28", "15:00"], "comment_content": "12是什麼鬼"}, {"comment_author": "initialdark", "comment_date": ["04/28", "15:00"], "comment_content": "氣象局連下雨都能反著預測了 這個嘛"}, {"comment_author": "rinppi", "comment_date": ["04/28", "15:00"], "comment_content": "自信點 要講就講9有沒有可能"}, {"comment_author": "rinppi", "comment_date": ["04/28", "15:02"], "comment_content": "好 我錯了 內文有講 但圖很白癡"}, {"comment_author": "black1104", "comment_date": ["04/28", "15:02"], "comment_content": "先把預報搞好再說好嗎？"}, {"comment_author": "paul26277", "comment_date": ["04/28", "15:02"], "comment_content": "地震帶的房價要漲了，有機會都更"}, {"comment_author": "botnet", "comment_date": ["04/28", "15:02"], "comment_content": "打房囉"}, {"comment_author": "Bagwell", "comment_date": ["04/28", "15:03"], "comment_content": "這預測跟說台積電要漲到多少一樣"}, {"comment_author": "Brioni", "comment_date": ["04/28", "15:06"], "comment_content": ""}, {"comment_author": "EKman", "comment_date": ["04/28", "15:07"], "comment_content": "你各位趕快賣房子啊，半價賣掉啊，不要一邊"}, {"comment_author": "EKman", "comment_date": ["04/28", "15:07"], "comment_content": "怕一邊付房貸耶"}, {"comment_author": "Brioni", "comment_date": ["04/28", "15:07"], "comment_content": "要超過8.0Mw只有花蓮外海沖繩海溝才有機會"}, {"comment_author": "nitvx", "comment_date": ["04/28", "15:08"], "comment_content": "沒多久要被打臉了"}, {"comment_author": "leon1757tw", "comment_date": ["04/28", "15:10"], "comment_content": "台灣附近的斷層最大大概就8吧"}, {"comment_author": "widec", "comment_date": ["04/28", "15:11"], "comment_content": "不愧是台南 6.9機率40%"}, {"comment_author": "widec", "comment_date": ["04/28", "15:11"], "comment_content": "其實震下去都是全台有感"}, {"comment_author": "wayne490", "comment_date": ["04/28", "15:12"], "comment_content": "不太可能沒有說不可能喔"}, {"comment_author": "kkevinhess1t", "comment_date": ["04/28", "15:17"], "comment_content": "很好房子更少了先漲價"}, {"comment_author": "fulongb210f", "comment_date": ["04/28", "15:21"], "comment_content": "保證不會停電，直到下次停電。"}, {"comment_author": "tsrn46336686", "comment_date": ["04/28", "15:23"], "comment_content": "我宣布接下來一百年恐在發生大地震"}, {"comment_author": "turbomons", "comment_date": ["04/28", "15:24"], "comment_content": "重點其實是建築耐震係數 特別是都"}, {"comment_author": "turbomons", "comment_date": ["04/28", "15:24"], "comment_content": "市稠密老房的周邊區域 存在相對較"}, {"comment_author": "turbomons", "comment_date": ["04/28", "15:24"], "comment_content": "高的安全風險"}, {"comment_author": "turbomons", "comment_date": ["04/28", "15:26"], "comment_content": "2000年後符合耐震新制的建築 基本"}, {"comment_author": "kamisanma", "comment_date": ["04/28", "15:26"], "comment_content": "我只想看日本的研究報告"}, {"comment_author": "turbomons", "comment_date": ["04/28", "15:26"], "comment_content": "上可以不用太擔心"}, {"comment_author": "kenro", "comment_date": ["04/28", "15:27"], "comment_content": "日本預測自己還比台灣更慘吧"}, {"comment_author": "pchion2002", "comment_date": ["04/28", "15:29"], "comment_content": "規模12是三小"}, {"comment_author": "ornv", "comment_date": ["04/28", "15:32"], "comment_content": "說不可能的就是最有可能"}, {"comment_author": "aiggkimd", "comment_date": ["04/28", "15:34"], "comment_content": "12是三小，這也寫的出來"}, {"comment_author": "wjes30325", "comment_date": ["04/28", "15:40"], "comment_content": "人家中研院 你各位什麼等級？"}, {"comment_author": "krousxchen", "comment_date": ["04/28", "15:46"], "comment_content": "不過看歷史，一百年前有兩場8以上的"}, {"comment_author": "krousxchen", "comment_date": ["04/28", "15:46"], "comment_content": "所以8以上的機會也不是沒有"}, {"comment_author": "GGD", "comment_date": ["04/28", "15:49"], "comment_content": "好了啦 恐慌仔 下禮拜房價再漲一倍 爽嗎"}, {"comment_author": "popopal", "comment_date": ["04/28", "15:51"], "comment_content": "沒提到北部? 反指標看來是竹苗了"}, {"comment_author": "sheep79119", "comment_date": ["04/28", "15:52"], "comment_content": "未來五十年發生的機率…"}, {"comment_author": "yan1979", "comment_date": ["04/28", "15:55"], "comment_content": "這種新聞標題是不是應該判刑"}, {"comment_author": "HellFly", "comment_date": ["04/28", "15:56"], "comment_content": "花東縱谷已經發生了，所以不用擔心了"}, {"comment_author": "changeengjap", "comment_date": ["04/28", "16:00"], "comment_content": "大於6.7的機率94%"}, {"comment_author": "changeengjap", "comment_date": ["04/28", "16:00"], "comment_content": "而且不知道背後公式是什麼，感覺不"}, {"comment_author": "changeengjap", "comment_date": ["04/28", "16:00"], "comment_content": "是條件機率"}, {"comment_author": "changeengjap", "comment_date": ["04/28", "16:01"], "comment_content": "如果給定台灣已經百年沒有8以上大地"}, {"comment_author": "changeengjap", "comment_date": ["04/28", "16:01"], "comment_content": "震去算，數字應該會差很多"}, {"comment_author": "keith780902", "comment_date": ["04/28", "16:04"], "comment_content": "超級8?"}, {"comment_author": "ms0286415", "comment_date": ["04/28", "16:08"], "comment_content": "無意義的機率  這種模式掛一漏萬"}, {"comment_author": "Imhuang", "comment_date": ["04/28", "16:14"], "comment_content": "距今將近6600萬年前導致恐龍絕滅的隕石撞"}, {"comment_author": "Imhuang", "comment_date": ["04/28", "16:14"], "comment_content": "擊也不過相當於規模13"}, {"comment_author": "fuhu66", "comment_date": ["04/28", "16:17"], "comment_content": "扯一個不可能的12幹嘛"}, {"comment_author": "mabedead", "comment_date": ["04/28", "16:21"], "comment_content": "看這機率房價可以再噴一波啦"}, {"comment_author": "JH10", "comment_date": ["04/28", "16:22"], "comment_content": "海上的怎麼沒統計？1920年不是有大地震？"}, {"comment_author": "spiriturl", "comment_date": ["04/28", "16:24"], "comment_content": "不用負責 自然不求進步"}, {"comment_author": "Demia", "comment_date": ["04/28", "16:37"], "comment_content": "其實只要一直有小規模地震釋放能量，應該"}, {"comment_author": "Demia", "comment_date": ["04/28", "16:38"], "comment_content": "大地震的機率會下降？最近感覺好像沒錯"}, {"comment_author": "stu25936", "comment_date": ["04/28", "16:54"], "comment_content": "我現在看到政府製圖反而覺得不太妙"}, {"comment_author": "hegemon", "comment_date": ["04/28", "17:00"], "comment_content": "現在公務機關做出來的圖是不是都要反著看"}, {"comment_author": "stanly3092", "comment_date": ["04/28", "17:00"], "comment_content": "我的房子震倒了還要不要繳貸款"}, {"comment_author": "wsxwsx77889", "comment_date": ["04/28", "17:08"], "comment_content": "天災掛恐字其實很正常吧"}, {"comment_author": "baby5731", "comment_date": ["04/28", "17:08"], "comment_content": "這麼快立flag也讓人很害怕"}, {"comment_author": "abc7360393", "comment_date": ["04/28", "17:17"], "comment_content": "看推文不尊重專業的程度真的讓人不敢"}, {"comment_author": "abc7360393", "comment_date": ["04/28", "17:17"], "comment_content": "恭維"}, {"comment_author": "svc2kxp", "comment_date": ["04/28", "17:20"], "comment_content": "我看晚一點會被打臉"}, {"comment_author": "baliallin", "comment_date": ["04/28", "17:30"], "comment_content": "12的話 亞特蘭提斯大陸要浮出水面了"}, {"comment_author": "jialin6666", "comment_date": ["04/28", "17:41"], "comment_content": "米崙斷層真活耀，發發"}, {"comment_author": "demon3752", "comment_date": ["04/28", "17:44"], "comment_content": "多87才講的出12-.- 阿共打過來都比12"}, {"comment_author": "demon3752", "comment_date": ["04/28", "17:44"], "comment_content": "有可能"}, {"comment_author": "harryzx0", "comment_date": ["04/28", "17:45"], "comment_content": "謠傳12根本不知道這數字的意思吧"}, {"comment_author": "harryzx0", "comment_date": ["04/28", "17:45"], "comment_content": " 那叫世界末日"}, {"comment_author": "saes0001", "comment_date": ["04/28", "17:48"], "comment_content": "沒發生過 不代表不會發生 闢什麼"}, {"comment_author": "ducati899", "comment_date": ["04/28", "17:49"], "comment_content": "反著聽就對了？"}, {"comment_author": "leterg", "comment_date": ["04/28", "17:53"], "comment_content": "南科挫咧蛋"}, {"comment_author": "KFC007", "comment_date": ["04/28", "18:06"], "comment_content": "房子倒了貸款還是要繳喔，啾咪"}, {"comment_author": "Tyeng7582963", "comment_date": ["04/28", "18:24"], "comment_content": "台灣確實很多地方百年週期已到"}, {"comment_author": "goodboy98", "comment_date": ["04/28", "18:31"], "comment_content": "恐恐恐"}, {"comment_author": "chuck5669", "comment_date": ["04/28", "18:36"], "comment_content": "不可能，絕對不可能"}, {"comment_author": "jerrylin", "comment_date": ["04/28", "18:44"], "comment_content": "8以上不見得沒有  但是在哪個地方"}, {"comment_author": "jerrylin", "comment_date": ["04/28", "18:45"], "comment_content": "到你住的地方剩幾級?"}, {"comment_author": "jerrylin", "comment_date": ["04/28", "18:45"], "comment_content": "買斷層帶碰到八級地震怪我嗎"}, {"comment_author": "gamecubemomo", "comment_date": ["04/28", "18:46"], "comment_content": "幹話"}, {"comment_author": "azcooper", "comment_date": ["04/28", "18:50"], "comment_content": "不信谣不传谣 党的說法是唯一依據"}, {"comment_author": "azcooper", "comment_date": ["04/28", "18:51"], "comment_content": "琉球海溝熱身中"}, {"comment_author": "darksky533", "comment_date": ["04/28", "18:53"], "comment_content": "操你妹 什麼垃圾新聞"}, {"comment_author": "ShockHo222", "comment_date": ["04/28", "18:53"], "comment_content": "恐三小"}, {"comment_author": "indium111", "comment_date": ["04/28", "19:09"], "comment_content": "921的規模都沒有8，又是哪個支那媒體"}, {"comment_author": "indium111", "comment_date": ["04/28", "19:09"], "comment_content": "在宣傳的？"}, {"comment_author": "Nov9th", "comment_date": ["04/28", "19:09"], "comment_content": "電影2012裡震成那樣也才10級"}, {"comment_author": "jairon", "comment_date": ["04/28", "19:10"], "comment_content": "未來500年有100%機會發生，選我正解"}, {"comment_author": "dddc", "comment_date": ["04/28", "19:11"], "comment_content": "8？會死一片吧"}, {"comment_author": "c642358", "comment_date": ["04/28", "19:22"], "comment_content": "告死恐嚇仔，可以嗎？"}, {"comment_author": "homepig99", "comment_date": ["04/28", "19:39"], "comment_content": "現在政府都不抓造謠仔"}, {"comment_author": "kkbox0800", "comment_date": ["04/28", "19:44"], "comment_content": "台灣連氣象預報都不准"}, {"comment_author": "s0920151048", "comment_date": ["04/28", "19:56"], "comment_content": "這麼早就立旗了"}, {"comment_author": "msg00235", "comment_date": ["04/28", "20:02"], "comment_content": "規模8就記者亂寫的 嘴學者的是連八卦公"}, {"comment_author": "msg00235", "comment_date": ["04/28", "20:02"], "comment_content": "告都沒在看嗎"}, {"comment_author": "DDJwolf", "comment_date": ["04/28", "20:11"], "comment_content": "是在為房地產背書哦"}, {"comment_author": "andy0055", "comment_date": ["04/28", "20:33"], "comment_content": "遙遙領先"}, {"comment_author": "jay0215", "comment_date": ["04/28", "20:39"], "comment_content": "灣灣仔全體接受神罰天譴的時候終於到了！"}, {"comment_author": "jay0215", "comment_date": ["04/28", "20:39"], "comment_content": "這次絕對要超越嘉靖大地震，把九二一電到"}, {"comment_author": "jay0215", "comment_date": ["04/28", "20:39"], "comment_content": "咪咪貓貓，嫩到沒人會再提起～^O^/"}, {"comment_author": "cytochrome", "comment_date": ["04/28", "20:48"], "comment_content": "氣象鼠不要叫，敢不敢告就問你"}, {"comment_author": "HGJman", "comment_date": ["04/28", "20:51"], "comment_content": "恐你媽"}, {"comment_author": "douxid", "comment_date": ["04/28", "21:27"], "comment_content": "賣恐慌保飯碗？"}, {"comment_author": "lewdster", "comment_date": ["04/28", "21:46"], "comment_content": "恐你老母"}, {"comment_author": "ckTHU", "comment_date": ["04/28", "23:08"], "comment_content": "說北部沒有是沒看到南宜蘭構造 34%?"}, {"comment_author": "squarerinoa", "comment_date": ["04/29", "00:09"], "comment_content": "台北不可能倒一片啦"}, {"comment_author": "zealone", "comment_date": ["04/29", "01:13"], "comment_content": "看看超過9的智利是不是跟東海岸很像"}, {"comment_author": "zealone", "comment_date": ["04/29", "01:16"], "comment_content": ""}, {"comment_author": "zealone", "comment_date": ["04/29", "01:17"], "comment_content": "馬里亞納海溝也沒有很遠"}, {"comment_author": "chang1248w", "comment_date": ["04/29", "03:04"], "comment_content": "200兆公尺，那是天文尺規了"}, {"comment_author": "pikaq", "comment_date": ["04/29", "03:13"], "comment_content": "島內的其實都是小咖，真正大咖是琉球海溝。"}, {"comment_author": "pikaq", "comment_date": ["04/29", "03:14"], "comment_content": "琉球海溝絕對是8起跳，島內只是不敢多講。"}, {"comment_author": "pesta0121", "comment_date": ["04/29", "09:33"], "comment_content": "別再騙了！炒房仔繼續買起乃"}, {"comment_author": "puppycanfly", "comment_date": ["04/29", "10:36"], "comment_content": "這就是號稱科學理性務實的八卦，笑"}]}
