{"author": "pulagu (超越)", "category": "Gossiping", "title": "[新聞] 抗日片《功夫乒乓》五一檔上映 日票房僅38", "date": "Sat May  4 15:31:43 2024", "content": ["1.媒體來源:大紀元2.記者署名:大紀元記者佟亦加報導3.完整新聞標題:抗日片《功夫乒乓》五一檔上映 日票房僅38元4.完整新聞內文:", "抗日片《功夫乒乓》上映次日票房僅38元。（網路截圖）【大紀元2024年05月02日訊】（大紀元記者佟亦加報導）4月29日上映的抗日片《功夫乒乓》，是大陸今年「五一檔」第一部上映的新片，也是最先被淘汰的新片。上映首日票房僅6,615元（人民幣，下同），觀影人次192人；4月30日上映次日票房跌至38元，被網友戲稱為「院線一日遊電影」。據陸媒報導，令人關注的是，眼看票房不好，《功夫乒乓》片方乾脆在騰訊網路平台上線，算是徹底宣告電影在院線市場的慘敗，毫無懸念地成為今年「五一檔」的最慘新片。（延伸閱讀：劉德華新年檔《紅毯先生》票房翻車 面臨巨虧）《功夫乒乓》2018年開機，但拍完後被莫名其妙地雪藏了6年。該片當年一度引起不小轟動，請來元華、元秋、黃一飛、林子聰、苑瓊丹等周星馳電影中的多名黃金配角助陣，並打出《功夫》和《少林足球》原班人馬的旗號，就連片名也是兩部電影的結合體。資料顯示，《功夫乒乓》由執導紅色電影《鐵道游擊隊》的趙明等導演，以選秀節目出道的大陸女歌手陸翊、台灣演員張立威以及港星林子聰等主演。故事講述，民國時期，日本人為了搶占中國人的城市，舉行了乒乓球比賽，贏了就要拿走城市的管理權，此時一幫武林高手站了出來，將武術與乒乓球相結合，打敗了日本人。", "抗日片《功夫乒乓》五一檔票房慘敗。（網路截圖）雖然劇情和角色設定，似乎都是山寨周星馳的《少林足球》，但有影迷表示：「《少林足球》就是一部娛樂大片，順便嘲諷了中國足球。《功夫乒乓》沒啥膽子，於是把矛頭對準了肯定不會出錯的日本人。」還有觀影者調侃：「《功夫乒乓》的主角有小偷，土匪，廚子等等，從零開始學習打乒乓球，這肯定打不過啊，於是4大武林高手出現了，教了他們功夫絕技，再和乒乓球結合，最終打敗了日本人。這個故事最大的邏輯錯誤就是，這種國讎家恨，片中的主角配角個個身懷絕技，幹嘛打乒乓球，不能直接打跑日本人嗎？」由於宏觀經濟環境等多方面的原因，有業界人士直指，今年大陸「五一檔」的贏家估計沒有多少，但最大的輸家已經確定，那就是4月29日首映的《功夫乒乓》。責任編輯：葉紫微推薦閱讀：    周星馳《少林足球》曾轟動全球 為何大陸禁映    吳京新片清明檔慘敗 首日票房僅143元    日本女星井上朋子揭大陸演藝圈潛規則    劉德華《紅毯》重映慘敗 另一新片更遭滑鐵盧5.完整新聞連結 (或短網址)不可用YAHOO、LINE、MSN等轉載媒體:", "6.備註:--", "報導稱，在26日的座談會上，這些電影人學習了「中共十九大精神」。此外，新聞出版廣電總局副局長張宏森對這些電影人提出要求：「統一思想、明確任務、加強創作」，還要求他們「用中國特色社會主義思想武裝頭腦、指導實踐」。27日，在論壇上，導演吳京、賈樟柯等一些電影人先後表態，稱如何將「主旋律」融入到電影創作中……--"], "post_comment": [{"comment_author": "scum5566", "comment_date": ["05/04", "15:32"], "comment_content": "沒有手撕鬼子、腳踼炮彈、彈弓擊落零式"}, {"comment_author": "scum5566", "comment_date": ["05/04", "15:33"], "comment_content": "的劇情 小粉紅根本看不下去"}, {"comment_author": "OPPAISuki", "comment_date": ["05/04", "15:33"], "comment_content": "中國有廣電審查 不可能出好電影了"}, {"comment_author": "headcase", "comment_date": ["05/04", "15:33"], "comment_content": "這種民族主義糞片連小粉紅都看不下去？"}, {"comment_author": "king123", "comment_date": ["05/04", "15:34"], "comment_content": "日本人為了搶佔中國城市 舉行乒乓球比賽"}, {"comment_author": "king123", "comment_date": ["05/04", "15:34"], "comment_content": "這種弱智劇情連監獄五毛都看不下去"}, {"comment_author": "king123", "comment_date": ["05/04", "15:35"], "comment_content": "乾脆打遊戲王卡片決鬥"}, {"comment_author": "WeGoStyle", "comment_date": ["05/04", "15:35"], "comment_content": "乒乒乓乓不好嗎"}, {"comment_author": "tending", "comment_date": ["05/04", "15:36"], "comment_content": "被這篇新聞爆雷，免費我也不看了"}, {"comment_author": "RINPE", "comment_date": ["05/04", "15:40"], "comment_content": "大紀元XD 找不到其他東西打了嗎"}, {"comment_author": "darkbrigher", "comment_date": ["05/04", "15:41"], "comment_content": "笑死 劇情有夠白痴"}, {"comment_author": "Wangdy", "comment_date": ["05/04", "15:45"], "comment_content": "看到大紀元一律跳過"}, {"comment_author": "livingbear", "comment_date": ["05/04", "15:48"], "comment_content": "太智障了，中國乒乓球那麼強還要去跟"}, {"comment_author": "livingbear", "comment_date": ["05/04", "15:48"], "comment_content": "小日本打，是覺得日本越來越強了嗎？"}, {"comment_author": "icemc", "comment_date": ["05/04", "15:56"], "comment_content": "當初上映前有新聞 一堆有名的配角"}, {"comment_author": "gn01693664", "comment_date": ["05/04", "16:30"], "comment_content": "這也可以抗日？"}, {"comment_author": "walhalla", "comment_date": ["05/04", "16:34"], "comment_content": "在大陸（O)拍抗日片有補助不怕賠錢"}, {"comment_author": "Yyyyyy", "comment_date": ["05/04", "18:05"], "comment_content": "日本人不跟你打仗跟你打兵乓?  XD"}]}
