{"author": "botnet (反甲連-宣傳長)", "category": "Gossiping", "title": "[新聞] 伊拉克將視同性戀為刑事犯罪 最長可關15", "date": "Mon Apr 29 12:14:01 2024", "content": ["中央社譯者：李晉緯/核稿：蔡佳敏", "中央社巴格達27日綜合外電報導", "；此舉遭人權組織痛批為「對人權的攻擊行為」。法新社報導，", "。修正案並對", "這項修正案規定，「", "同性戀在保守的伊拉克社會是禁忌，過去雖沒有法律明文禁止，但當地LGBTQ（同性戀、雙性戀、跨性別、酷兒）群體會遭當局以刑法中含糊的道德和反賣淫條款起訴。國際特赦組織（Amnesty International）伊拉克問題研究員薩利希（Razaw Salihy）說：「LGBTI（同性戀、雙性戀、跨性別和雙性人）群體多年來遭受歧視和暴力，施暴者卻完全不受罰，伊拉克如今等於讓這樣的歧視和暴力合法化。」薩利希補充道：「這項有關LGBTI權益的修正案，不僅侵犯基本人權，也讓這群日常生活已經很不安的伊拉克人陷入險境。」", "美國國務院對這項法案「深感憂心」，發言人米勒（Matthew Miller）今天表示，這項立法威脅了伊拉克社會之中處境最危險的一群人，並「重挫了（伊拉克）政府各項政治經濟改革作為」。「人權觀察」（Human Rights Watch）及非政府組織IraQueer於2022年發表的報告顯示，伊拉克LGBTQ群體被迫活在陰影下，經常成為「綁架、性侵、酷刑、謀殺」的目標，且加害者不會受到懲罰。而在伊拉克政治人物與網民的反LGBTQ言論日趨強烈下，LGBTQ群體更加擔心受怕。人權觀察伊拉克問題研究員桑巴（Sarah Sanbar）表示，新法「是個可怕的發展，是對人權的攻擊」。她說：「伊拉克不但沒有聚焦於制訂有利於伊國人民的法律，例如通過家暴法或兒少法，反而選擇讓歧視LGBT群體的行為合法化。」", "--"], "post_comment": [{"comment_author": "Alieno", "comment_date": ["04/29", "12:14"], "comment_content": "先進國家"}, {"comment_author": "taot917", "comment_date": ["04/29", "12:15"], "comment_content": "後進國家"}, {"comment_author": "yolodick", "comment_date": ["04/29", "12:15"], "comment_content": "先進"}, {"comment_author": "watson8132", "comment_date": ["04/29", "12:15"], "comment_content": "亨泰哥，劍星可以在伊拉克多賣點了"}, {"comment_author": "girl55665566", "comment_date": ["04/29", "12:17"], "comment_content": "好誇張ㄛ"}, {"comment_author": "FuBonBoy", "comment_date": ["04/29", "12:17"], "comment_content": "無法接受換妻有罪"}, {"comment_author": "kuku42", "comment_date": ["04/29", "12:17"], "comment_content": "正常人，給予肯定"}, {"comment_author": "DogBe106", "comment_date": ["04/29", "12:17"], "comment_content": "先進國家"}, {"comment_author": "opm", "comment_date": ["04/29", "12:17"], "comment_content": "把同性戀者送去伊拉克會被直接關？"}, {"comment_author": "girl55665566", "comment_date": ["04/29", "12:17"], "comment_content": "15年..甲甲錯了嗎"}, {"comment_author": "machiusheng", "comment_date": ["04/29", "12:19"], "comment_content": "都可以娶四個老婆了 還知男而上"}, {"comment_author": "ymib", "comment_date": ["04/29", "12:21"], "comment_content": "反觀台灣放任一堆噁心變態亂搞"}, {"comment_author": "MichaelRedd", "comment_date": ["04/29", "12:23"], "comment_content": "先進國家，看歐美被這群人搞爛"}, {"comment_author": "Wall08377", "comment_date": ["04/29", "12:25"], "comment_content": "新進國家"}, {"comment_author": "ab4daa", "comment_date": ["04/29", "12:25"], "comment_content": "先進國家"}, {"comment_author": "yyen", "comment_date": ["04/29", "12:34"], "comment_content": "噁爛gay就是欠關"}, {"comment_author": "cyc1123", "comment_date": ["04/29", "12:45"], "comment_content": "先進國家"}, {"comment_author": "SaintSeven", "comment_date": ["04/29", "12:48"], "comment_content": "外國籍噁爛臭甲就該通通撲殺"}, {"comment_author": "gopath", "comment_date": ["04/29", "12:51"], "comment_content": "肛門不友善國家"}, {"comment_author": "FLy60169", "comment_date": ["04/29", "14:12"], "comment_content": "才15年"}, {"comment_author": "Ereinion9895", "comment_date": ["04/29", "15:12"], "comment_content": "先進國家，反觀"}, {"comment_author": "BMWi3", "comment_date": ["04/29", "22:14"], "comment_content": "先進立法"}]}
