{"author": "skn60694 (入聲)", "category": "Gossiping", "title": "[新聞] 薛之謙突舔男舞者的汗！嬌嗔「好酸喔」", "date": "Thu May  2 19:34:09 2024", "content": ["1.媒體來源:自由時報2.記者署名:記者陽昕翰／台北報導3.完整新聞標題:薛之謙突舔男舞者的汗！嬌嗔「好酸喔」 驚人之舉挨轟噁心4.完整新聞內文:〔記者陽昕翰／台北報導〕中國歌手薛之謙展開全新巡演，上週他在鎮江開唱，看到身旁男舞者滿身大汗，先是貼心伸手幫他擦汗，下一秒竟舔了手指，稱男舞者的汗好酸，畫面曝光引起網友熱議。還原當時的狀況，薛之謙伸手摸了摸舞者的額頭，先嬌嗔表示：「你的汗流得好多喔，好man喔！」隨後舔了摸了汗的手指頭，聽到現場歌迷鼓譟，他則是回應：「誰？我吃醋不行嗎？」薛之謙舔汗的影片在網上瘋傳，許多網友看了畫面砲轟「噁心」，也有歌迷幫忙緩頰，提到鎮江當地的特產是香醋，所以他才會在演唱會上開了「醋」的玩笑，故意說舞者的汗很酸。", "薛之謙舔了男舞者的汗。（翻攝微博）5.完整新聞連結 (或短網址)不可用YAHOO、LINE、MSN等轉載媒體:", "6.備註:--"], "post_comment": [{"comment_author": "mysterydream", "comment_date": ["05/02", "19:34"], "comment_content": "甲"}, {"comment_author": "ILoveKMT", "comment_date": ["05/02", "19:34"], "comment_content": "霍元甲喔？"}, {"comment_author": "whitenoise", "comment_date": ["05/02", "19:34"], "comment_content": "嘔嘔嘔嘔"}, {"comment_author": "Winston13840", "comment_date": ["05/02", "19:35"], "comment_content": "嘔嘔嘔嘔嘔嘔嘔"}, {"comment_author": "railman", "comment_date": ["05/02", "19:35"], "comment_content": "這很有中國特色  嘻嘻"}, {"comment_author": "luche", "comment_date": ["05/02", "19:36"], "comment_content": "以後舞者換成肥宅=.=讓他舔個夠"}, {"comment_author": "koromo1991", "comment_date": ["05/02", "19:36"], "comment_content": "五樓也想舔男舞者的前列腺液"}, {"comment_author": "ahw12000", "comment_date": ["05/02", "19:36"], "comment_content": "噁心死了"}, {"comment_author": "HodorDragon", "comment_date": ["05/02", "19:37"], "comment_content": "說謊的味道？"}, {"comment_author": "saisai34", "comment_date": ["05/02", "19:37"], "comment_content": "甲"}, {"comment_author": "a0986188522", "comment_date": ["05/02", "19:37"], "comment_content": "嘔嘔嘔"}, {"comment_author": "yucyuc", "comment_date": ["05/02", "19:38"], "comment_content": "這在業界  ？"}, {"comment_author": "Leo4891", "comment_date": ["05/02", "19:38"], "comment_content": "手擦舞者的額頭......好甲..."}, {"comment_author": "qber", "comment_date": ["05/02", "19:39"], "comment_content": ""}, {"comment_author": "hikaru77613", "comment_date": ["05/02", "19:40"], "comment_content": "真的噁心"}, {"comment_author": "QooIN", "comment_date": ["05/02", "19:41"], "comment_content": "噁"}, {"comment_author": "ghostl40809", "comment_date": ["05/02", "19:42"], "comment_content": "汗流甲背"}, {"comment_author": "shadowdio", "comment_date": ["05/02", "19:43"], "comment_content": "嘔嘔嘔"}, {"comment_author": "bbc0217", "comment_date": ["05/02", "19:43"], "comment_content": "嘔嘔嘔嘔嘔嘔甲甲"}, {"comment_author": "Healine", "comment_date": ["05/02", "19:45"], "comment_content": "舞者一臉驚恐XD"}, {"comment_author": "l2l", "comment_date": ["05/02", "19:45"], "comment_content": "看那男舞者驚恐的表情 一定很想死"}, {"comment_author": "kevinpc", "comment_date": ["05/02", "19:47"], "comment_content": "這男舞者也不帥有什麼好舔的"}, {"comment_author": "botnet", "comment_date": ["05/02", "19:47"], "comment_content": "….."}, {"comment_author": "QQ101", "comment_date": ["05/02", "19:48"], "comment_content": "噁"}, {"comment_author": "coffee112", "comment_date": ["05/02", "19:49"], "comment_content": "男舞者的眼睛 是不是有點 睜得特別大.."}, {"comment_author": "ff20", "comment_date": ["05/02", "19:49"], "comment_content": "甲甲 嘔嘔嘔嘔嘔"}, {"comment_author": "godofsex", "comment_date": ["05/02", "19:49"], "comment_content": "嘔嘔嘔"}, {"comment_author": "wizmelo", "comment_date": ["05/02", "19:49"], "comment_content": "臭甲"}, {"comment_author": "riptheworld", "comment_date": ["05/02", "19:52"], "comment_content": "甲"}, {"comment_author": "niburger1001", "comment_date": ["05/02", "19:52"], "comment_content": "在中國還敢這樣"}, {"comment_author": "niburger1001", "comment_date": ["05/02", "19:52"], "comment_content": "習大封殺你"}, {"comment_author": "Mikuni", "comment_date": ["05/02", "19:54"], "comment_content": "汗味戰士是你？"}, {"comment_author": "arlaw", "comment_date": ["05/02", "19:57"], "comment_content": "說謊的味道"}, {"comment_author": "onstar", "comment_date": ["05/02", "20:04"], "comment_content": "左邊的表情好經典！"}, {"comment_author": "BigBananaBoy", "comment_date": ["05/02", "20:09"], "comment_content": "菊花嚇到縮起來"}, {"comment_author": "visviva", "comment_date": ["05/02", "20:13"], "comment_content": "....."}, {"comment_author": "meblessme", "comment_date": ["05/02", "20:26"], "comment_content": "難怪毛不易總是感覺不太願意親近他"}, {"comment_author": "Carmelo", "comment_date": ["05/02", "20:41"], "comment_content": "說謊的味道"}, {"comment_author": "BIGETC", "comment_date": ["05/02", "20:44"], "comment_content": "有夠甲"}, {"comment_author": "kai3368", "comment_date": ["05/02", "21:48"], "comment_content": "男舞者驚恐"}, {"comment_author": "grimnir158", "comment_date": ["05/02", "22:13"], "comment_content": "很明顯是甲"}, {"comment_author": "Risperidone", "comment_date": ["05/03", "11:08"], "comment_content": "OMG"}]}
