{"author": "Glamsight (安穩殘憶)", "category": "Gossiping", "title": "[新聞] 通緝犯躲11年涉竊佔屋分租圖利千萬 警逮", "date": "Fri May  3 01:20:42 2024", "content": ["備註請放最後面 違者新聞文章刪除1.媒體來源:", "中央2.記者署名:", "黃旭昇（編輯：林恕暉）3.完整新聞標題:", "通緝犯躲11年涉竊佔屋分租圖利千萬 警逮捕歸案4.完整新聞內文:", "自稱竹聯幫份子的58歲宮姓男子，於民國96年間，涉犯組織犯罪條例案；經法院判刑8年2月後，但宮男未到案執行，經台北地檢署於102年7月2日發布強盜通緝。新北板橋警分局今天表示，偵查隊日前接獲線報指稱，宮男躲藏期間，涉嫌霸佔被害人位於台北市松山區民權東路1段的1棟住商大樓內。線報指出，宮男當年在被通緝前，於住商大樓接近完工時，取得部分產權，並趁著其他所有權人不在台灣時，率人霸佔大樓1至3樓房屋，並改裝成出租套房，藉此分租牟利。警方說，因被害人提出竊佔告訴，台北地檢署於104年4月發布竊佔案件通緝。初步統計，11年來，宮男當包租公收租超過1000萬元。警方說，因接獲民眾檢舉，宮男躲藏在該處住商大樓內，於是前往宮男住處埋伏守候，觀察地形瞭解門禁與出入動線。當4月29日攻堅時，雙方一度僵持不下；宮男後來配合開門，警方將他逮捕並依強盜、侵佔通緝解送歸案。5.完整新聞連結 (或短網址)不可用YAHOO、LINE、MSN等轉載媒體:", "6.備註:", "通緝犯、包租公、收千萬--聽音樂都 wav看影片都 avi看圖檔都 bmp拍張照都 raw--", "可見空屋率有多高"], "post_comment": [{"comment_author": "a27588679", "comment_date": ["05/03", "01:22"], "comment_content": "趁著其他所有權人不在台灣時率人霸佔大"}, {"comment_author": "a27588679", "comment_date": ["05/03", "01:22"], "comment_content": "樓1至3樓房屋 超猛"}, {"comment_author": "pomelolawod", "comment_date": ["05/03", "01:25"], "comment_content": "靠這什麼操作"}, {"comment_author": "twmacaron", "comment_date": ["05/03", "01:31"], "comment_content": "果然當房東最爽誰還跟你浪跡江湖"}, {"comment_author": "P1986625", "comment_date": ["05/03", "01:37"], "comment_content": "台灣法律對犯罪者還蠻有保障的"}, {"comment_author": "jeter17", "comment_date": ["05/03", "01:50"], "comment_content": "發現提告了還能收千萬,值了"}, {"comment_author": "gary60419", "comment_date": ["05/03", "02:10"], "comment_content": "投資客哭了"}, {"comment_author": "c88tm", "comment_date": ["05/03", "05:51"], "comment_content": "根本沒有人知道他是通緝犯吧XDD"}, {"comment_author": "littlehappy1", "comment_date": ["05/03", "07:13"], "comment_content": "民進堂竹聯分會"}, {"comment_author": "GABA", "comment_date": ["05/03", "09:19"], "comment_content": "掩護的身份是房東 也只能說很會"}, {"comment_author": "pureworld", "comment_date": ["05/04", "12:14"], "comment_content": "黑道常搞這招，霸佔別人財產"}]}
