{"author": "pulagu (超越)", "category": "Gossiping", "title": "[新聞] 太嚇人 華為問界M7高速上內外燈光突熄滅", "date": "Fri May  3 10:46:15 2024", "content": ["1.媒體來源:新唐人2.記者署名:記者李酈綜合報導3.完整新聞標題:太嚇人 華為問界M7高速上內外燈光突熄滅4.完整新聞內文:圖片：", "2024年5月1日，有車主曝光，華爲問界M7高速上內外燈光突然熄滅，網友說，「太嚇人，這樣會出大事」。（網路視頻截圖）【新唐人2024年05月03日訊】近日，華為問界M系列智能車頻頻傳出質量問題，甚至被懷疑因品質問題導致的車禍事故。5月1日，有車主曝光，問界M7高速上內外燈光突然熄滅，網友說，「太嚇人，這樣會出大事。」網路流傳視頻顯示，5月1日夜裡1點多，該車在高速路行駛，周圍漆黑一片，高速路邊的黃色反光指使牌出現時，該車突然燈全滅。", "恐怖！華為問界M7黑夜高速行駛中，內外燈光突然熄滅，一片漆黑！車主回應三個月新車四驅智駕版，目前售後正採集數據。｜#中國新聞 新唐人大紀元聯合頻道發視頻的博主說，「這是原車記錄儀，坐車的人害怕，我更害怕，還安慰別人說是自己關的燈，車是新車。」博主還解釋，發抖音只是一個目地，就是引起更高級別技術部門重視，行車數據廠家都拿到，目前還是無解，「車是問界M7四驅智駕版」。該視頻引發熱議，有網友分析，「估計是傳感器誤判了反射的光、當成白天了？這個太嚇人了，很容易出大事。」還有網友分享，自己也經歷過類似問題，「問界新M7高速途中突然車內外燈光全部熄滅，你們說的AEB不制動我沒經歷過，但時速110的情況下包括儀表燈、中控顯示器，氛圍燈，車外燈光全部熄滅，陽泉路上撿回一條命。」還有網友諷刺華為：「通往冥界的智駕不需要燈光。」「 過於智能不需要燈光。」「小白鼠是常用的實驗動物，用於各種科學實驗，包括各類測試。」華為產品頻頻出事，4月26日，華為問界M7山西追尾燃燒致死三人，死者家屬在抖音上發視頻維權，一度引爆輿論。同一天，還有另一個抖音帳號「Lynne」也發視頻「問界新M7差點要了我一家人的命」，視頻中疑似展示了出事當時行車記錄影像，顯示在一家人的驚呼聲中，車輛先後撞上了路邊的沙墩、指示牌和綠化帶。女車主控訴，當天他們開車從廣州去從化，晚上返回時開啟了智能駕駛，發生了交通事故，車子撞上路邊沙墩前，沒有提醒人工接管，也沒有啟動AEB，甚至連安全氣囊也沒有彈出來。所幸最後車子底盤卡在花壇上，才停了下來，沒有造成更大的悲劇。因華為與中共關係密切，華為產品一旦出現問題，就會被中共宣傳部門上升到民族、愛國的高度，曝光華為產品質量的信息，常常被封殺。之前一直維權的華為問界M7追尾燃燒致三人死亡家屬「三個沐沐」，4月29日突然在抖音及新浪微博發布影片及貼文表示，「感謝網友對我和家人的關心和支持，感謝相關部門提供的調查材料，感謝好心人第一時間破窗並開門救出我的親人，雖然已經因為車輛碰撞失去生命。」並刪除了所有之前維權的視頻和貼文。4月30日，網傳一份「《21世紀經濟報導》撤稿函」，內容大體是，該報微信號4月28日刊發的文章反思問界M7致三人死亡事件，撤稿函要求各轉載網站媒體刪除該稿件。網友評論，華為封口能力不是一般的遙遙領先，能讓國家級媒體打自己嘴巴。網友說，「還是老老實實買特斯拉，但凡有點問題 大家都幫助維權。」「別的不說，買這個牌子根本無法維權。」5.完整新聞連結 (或短網址)不可用YAHOO、LINE、MSN等轉載媒體:", "6.備註:--", "報導稱，在26日的座談會上，這些電影人學習了「中共十九大精神」。此外，新聞出版廣電總局副局長張宏森對這些電影人提出要求：「統一思想、明確任務、加強創作」，還要求他們「用中國特色社會主義思想武裝頭腦、指導實踐」。27日，在論壇上，導演吳京、賈樟柯等一些電影人先後表態，稱如何將「主旋律」融入到電影創作中……--"], "post_comment": [{"comment_author": "brianuser", "comment_date": ["05/03", "10:47"], "comment_content": "新唐人沒人在乎"}, {"comment_author": "a27588679", "comment_date": ["05/03", "10:47"], "comment_content": "batman mode啟動"}, {"comment_author": "tsukasaxx", "comment_date": ["05/03", "10:49"], "comment_content": "全民都由黨控制 暗殺方便多了"}, {"comment_author": "btaro", "comment_date": ["05/03", "11:18"], "comment_content": "有夠刺激"}, {"comment_author": "losage", "comment_date": ["05/03", "12:09"], "comment_content": "應該要加入檢核時間吧？？這不是最基本的"}, {"comment_author": "fd3s6869", "comment_date": ["05/03", "12:59"], "comment_content": "拓海有用過這招"}]}
