{"author": "eeth (韓國綜藝社)", "category": "Gossiping", "title": "[新聞] 花蓮古醫師宜蘭賞鯨失聯 遺體尋獲死因溺", "date": "Mon Apr 29 10:40:38 2024", "content": ["1.媒體來源:中央社2.記者署名:王朝鈺3.完整新聞標題:花蓮古醫師宜蘭賞鯨失聯 遺體尋獲死因溺水窒息4.完整新聞內文:2024/4/28 23:59    （中央社記者王朝鈺宜蘭28日電）蘇澳海巡隊今天上午在宜蘭東澳外海發現花蓮慈濟醫院古姓醫師遺體，經檢察官會同法醫相驗後，判定死因為溺水窒息，排除外力介入，家屬對此沒有意見，遺體已發還家屬辦理後續事宜。    據了解，古男21日到宜蘭某飯店參加研討會後，告訴家人會到礁溪鄉佛光大學附近山區走走，家人等不到古男返家，電話也聯繫不上，隔天向花蓮警方報警。宜蘭警方獲報後，一度在山區搜尋，但未發現古男。    經警方再度調閱道路監視器，發現古男當天近中午離開飯店後，搭計程車到頭城烏石港，並於當地隻身一人購買船票，排隊搭上下午1時前往龜山島海域賞鯨船，這艘賞鯨船當天下午3時許返港後，並未發現古男下船，只在船上找到古男的背包和名片。    蘇澳海巡隊巡防艇今天上午7時30分執行海域巡邏時，在東澳烏岩角外海即距離龜山島約18浬處海域發現一具遺體，上午7時45分，海巡隊將遺體載運抵達南方澳漁港，由於死者身上留有證件，經通知家屬，確認死者為古男。（編輯：陳正健）11304285.完整新聞連結 (或短網址)不可用YAHOO、LINE、MSN等轉載媒體:", "6.備註:--李多慧", "林襄", "粿粿（江瑋琳）", "--"], "post_comment": [{"comment_author": "bill403777", "comment_date": ["04/29", "10:41"], "comment_content": "這是一樁佈置得十分巧妙的他殺?"}, {"comment_author": "andy199113", "comment_date": ["04/29", "10:41"], "comment_content": "自殺?"}, {"comment_author": "VVizZ", "comment_date": ["04/29", "10:42"], "comment_content": "古醫師是古代醫師嗎 跟古生物依樣"}, {"comment_author": "SUMPO", "comment_date": ["04/29", "10:42"], "comment_content": "柯南有一集 賞鯨團殺人事件"}, {"comment_author": "jeff0025", "comment_date": ["04/29", "10:42"], "comment_content": "一定是自殺"}, {"comment_author": "kming327", "comment_date": ["04/29", "10:43"], "comment_content": "被溺水"}, {"comment_author": "truffaut", "comment_date": ["04/29", "10:43"], "comment_content": "有戴眼鏡小鬼在身邊 看他死後有誰得利"}, {"comment_author": "keirto", "comment_date": ["04/29", "10:44"], "comment_content": "會不會有個戴眼鏡的小鬼在旁邊"}, {"comment_author": "HodorDragon", "comment_date": ["04/29", "10:44"], "comment_content": "大家好 我是will"}, {"comment_author": "lurara", "comment_date": ["04/29", "10:44"], "comment_content": "不會游泳嗎？"}, {"comment_author": "ericlin121", "comment_date": ["04/29", "10:45"], "comment_content": "看標題以為是最近的陳識中"}, {"comment_author": "CCtonG", "comment_date": ["04/29", "10:46"], "comment_content": "有時候真相比我們想的更簡單"}, {"comment_author": "coffee112", "comment_date": ["04/29", "10:47"], "comment_content": "怎麼會看著看著就下去了? = ="}, {"comment_author": "STerry1986", "comment_date": ["04/29", "10:47"], "comment_content": "賞鯨船連客人少一個也不知道???"}, {"comment_author": "flydogzzz", "comment_date": ["04/29", "10:48"], "comment_content": "替身攻擊"}, {"comment_author": "tianyu", "comment_date": ["04/29", "10:48"], "comment_content": "這個有問題的是業者沒清點人數，然後掉下"}, {"comment_author": "tianyu", "comment_date": ["04/29", "10:48"], "comment_content": "海，沒有一個人有注意到？"}, {"comment_author": "f051372", "comment_date": ["04/29", "10:50"], "comment_content": "這海巡有責任嗎???"}, {"comment_author": "KingFelix", "comment_date": ["04/29", "10:51"], "comment_content": "如果船上落水 業者問題很大吧！"}, {"comment_author": "dan310546", "comment_date": ["04/29", "10:53"], "comment_content": "業者說有點 但是點錯了的樣子"}, {"comment_author": "fulongb210f", "comment_date": ["04/29", "10:53"], "comment_content": "可能有監視器拍到畫面吧。"}, {"comment_author": "pokemon", "comment_date": ["04/29", "10:53"], "comment_content": "這樣沒責任嗎"}, {"comment_author": "relax1129", "comment_date": ["04/29", "10:54"], "comment_content": "不是都會數人嗎誰偷懶"}, {"comment_author": "ncnuboy", "comment_date": ["04/29", "10:55"], "comment_content": "海巡的包大了！把沒穿背心的工作人員算"}, {"comment_author": "ncnuboy", "comment_date": ["04/29", "10:55"], "comment_content": "進遊客人數裡面！"}, {"comment_author": "dick929", "comment_date": ["04/29", "10:56"], "comment_content": "落海時身上的救生衣呢？"}, {"comment_author": "dick929", "comment_date": ["04/29", "10:58"], "comment_content": "如果船家有落實清點下船的遊客，發現少人"}, {"comment_author": "dick929", "comment_date": ["04/29", "10:58"], "comment_content": "就立刻報案，有很大的機率救人一命"}, {"comment_author": "Tattoo", "comment_date": ["04/29", "10:58"], "comment_content": "自殺的吧"}, {"comment_author": "dick929", "comment_date": ["04/29", "10:58"], "comment_content": "死的真冤枉"}, {"comment_author": "dick929", "comment_date": ["04/29", "11:00"], "comment_content": "想自殺的話，宜蘭有一百多個地點可以跳"}, {"comment_author": "peiring", "comment_date": ["04/29", "11:00"], "comment_content": "重點是怎麼掉下去的，為什麼都沒人發現"}, {"comment_author": "dick929", "comment_date": ["04/29", "11:00"], "comment_content": "海"}, {"comment_author": "Tattoo", "comment_date": ["04/29", "11:00"], "comment_content": "家屬沒有見表示知道些什麼，"}, {"comment_author": "dick929", "comment_date": ["04/29", "11:01"], "comment_content": "何必選一個有其他遊客同船的賞鯨船跳海"}, {"comment_author": "dick929", "comment_date": ["04/29", "11:01"], "comment_content": "自殺，被發現機率超大"}, {"comment_author": "paintfor", "comment_date": ["04/29", "11:02"], "comment_content": "工作人員過失，遊客少一人渾然不知。"}, {"comment_author": "dick929", "comment_date": ["04/29", "11:02"], "comment_content": "不選人煙稀少的海邊跳海，選在有遊客跟"}, {"comment_author": "dick929", "comment_date": ["04/29", "11:02"], "comment_content": "船家工作人員的狹小甲板跳海自殺？"}, {"comment_author": "dick929", "comment_date": ["04/29", "11:03"], "comment_content": "如果意外落海，當時還穿著救生衣"}, {"comment_author": "LoveFood", "comment_date": ["04/29", "11:03"], "comment_content": "柯南都是真的 根本同有一集劇情"}, {"comment_author": "dick929", "comment_date": ["04/29", "11:03"], "comment_content": "就算靠岸才發現報警，還是有很大機會來得"}, {"comment_author": "dick929", "comment_date": ["04/29", "11:03"], "comment_content": "及救人"}, {"comment_author": "dick929", "comment_date": ["04/29", "11:04"], "comment_content": "死者可能當下一定也希望船家能發現少一人"}, {"comment_author": "dick929", "comment_date": ["04/29", "11:04"], "comment_content": "，趕快通報海巡出海救人"}, {"comment_author": "a0913", "comment_date": ["04/29", "11:07"], "comment_content": "這在美國賠死了 台灣喔 200萬?遊客保險沒了"}, {"comment_author": "a0913", "comment_date": ["04/29", "11:07"], "comment_content": "船家根本業務過失致死"}, {"comment_author": "cms6384", "comment_date": ["04/29", "11:10"], "comment_content": "每個乘客不是都會穿救生衣嗎?"}, {"comment_author": "cms6384", "comment_date": ["04/29", "11:11"], "comment_content": "救生衣收回來的時候少一件不會覺得奇怪?"}, {"comment_author": "kevinpc", "comment_date": ["04/29", "11:11"], "comment_content": "RIP"}, {"comment_author": "kevinpc", "comment_date": ["04/29", "11:11"], "comment_content": "為何賞鯨船下船時沒有清點人數"}, {"comment_author": "Lowpapa", "comment_date": ["04/29", "11:11"], "comment_content": "被自殺"}, {"comment_author": "grosjeanyang", "comment_date": ["04/29", "11:13"], "comment_content": "說要爬山卻跑去搭船，然後手機遺留"}, {"comment_author": "grosjeanyang", "comment_date": ["04/29", "11:13"], "comment_content": "在飯店，自己想不開？"}, {"comment_author": "xc2v", "comment_date": ["04/29", "11:15"], "comment_content": "怪怪的"}, {"comment_author": "linearppt", "comment_date": ["04/29", "11:15"], "comment_content": "等等，賞鯨船沒有義務確認，客人有沒"}, {"comment_author": "linearppt", "comment_date": ["04/29", "11:15"], "comment_content": "有確實上下船嗎？你人載出海，沒回來"}, {"comment_author": "linearppt", "comment_date": ["04/29", "11:15"], "comment_content": "可以一句不知情就過了？"}, {"comment_author": "sin31429", "comment_date": ["04/29", "11:15"], "comment_content": "家屬沒意見 八卦意見很多"}, {"comment_author": "nitvx", "comment_date": ["04/29", "11:22"], "comment_content": "船上沒攝影機嗎"}, {"comment_author": "dick929", "comment_date": ["04/29", "11:24"], "comment_content": "家屬悲傷中，思緒不一定有旁人清楚"}, {"comment_author": "dick929", "comment_date": ["04/29", "11:25"], "comment_content": "難道家屬沒意見，船家就不會良心不安嗎？"}, {"comment_author": "dick929", "comment_date": ["04/29", "11:25"], "comment_content": "載多少人出海，就要載多少人上岸"}, {"comment_author": "dick929", "comment_date": ["04/29", "11:26"], "comment_content": "這應該是每個業者唯一的信念吧"}, {"comment_author": "dick929", "comment_date": ["04/29", "11:26"], "comment_content": "怎麼搞到好像是無理要求一樣"}, {"comment_author": "dick929", "comment_date": ["04/29", "11:27"], "comment_content": "沒有要求說在船上要盯著每一個客人"}, {"comment_author": "dick929", "comment_date": ["04/29", "11:27"], "comment_content": "上下船清點人數，很他媽困難嗎？幹"}, {"comment_author": "dick929", "comment_date": ["04/29", "11:28"], "comment_content": "就算家屬沒意見，檢察官幹什麼吃的？"}, {"comment_author": "dick929", "comment_date": ["04/29", "11:29"], "comment_content": "檢察官可以依法主動偵辦啊！"}, {"comment_author": "pov", "comment_date": ["04/29", "11:33"], "comment_content": "很玄"}, {"comment_author": "alexroc", "comment_date": ["04/29", "11:50"], "comment_content": "做事隨便不易外"}, {"comment_author": "Wall08377", "comment_date": ["04/29", "12:06"], "comment_content": "那艘船上是不是有一個戴眼鏡胸口綁紅"}, {"comment_author": "Wall08377", "comment_date": ["04/29", "12:06"], "comment_content": "色蝴蝶結的小朋友"}, {"comment_author": "Yuwuen", "comment_date": ["04/29", "12:19"], "comment_content": "現在就撈的到遺體 肯定身上還有救身衣上浮"}, {"comment_author": "rex03187", "comment_date": ["04/29", "12:31"], "comment_content": "如果真的是意外的話是昏倒自己翻下去？"}, {"comment_author": "rex03187", "comment_date": ["04/29", "12:31"], "comment_content": "船家都沒人在船頂端看顧周遭嗎"}, {"comment_author": "tin989", "comment_date": ["04/29", "12:51"], "comment_content": "南無地藏王菩薩"}, {"comment_author": "kaet", "comment_date": ["04/29", "13:09"], "comment_content": "真的很詭異 從自殺和意外的角度看都很奇怪"}, {"comment_author": "winbot", "comment_date": ["04/29", "13:33"], "comment_content": "另篇新聞說找到時身上沒救生衣，加上家屬"}, {"comment_author": "winbot", "comment_date": ["04/29", "13:33"], "comment_content": "沒意見，基本就是自殺了！"}, {"comment_author": "zjnovember", "comment_date": ["04/29", "17:07"], "comment_content": "超怪的欸"}, {"comment_author": "goodice", "comment_date": ["04/29", "19:35"], "comment_content": "去賞鯨一定要穿救生衣的 除非自己"}, {"comment_author": "goodice", "comment_date": ["04/29", "19:35"], "comment_content": "脫掉"}, {"comment_author": "linyap", "comment_date": ["04/29", "21:57"], "comment_content": "R.I.P."}]}
