{"author": "XXXXGGYY ((4X鮑))", "category": "Gossiping", "title": "[新聞] 北市議會調查小組將約談北士科、京華城", "date": "Thu May  2 10:13:17 2024", "content": ["1.媒體來源:三立新聞網2.記者署名:許皓婷3.完整新聞標題:北市議會調查小組將約談北士科、京華城案　柯文哲：約談我？實在是4.完整新聞內文:前台北市長柯文哲任內爆發「三大案」爭議，台北市議會組成跨黨派專案小組，追查北士科案、京華城案，藍綠共同提案連署下，除成立9人調查小組，未來也將訪談柯文哲及前朝官員。對此，柯文哲今（2）日被問及此事，他先是驚訝回，「約談我？實在是...。」針對北市議會調查小組將約談，追查北士科案、京華城案？柯文哲今受訪時聽聞此事，僅訝異直說，「約談我？哇！這實在是...好啦好啦！」並未多做回應。至於總統蔡英文是否有喬ＮＣＣ委員人事？柯文哲也未回應，僅說「上班了！上班了！」5.完整新聞連結 (或短網址)不可用YAHOO、LINE、MSN等轉載媒體:", "6.備註:--", "--"], "post_comment": [{"comment_author": "Anyotw", "comment_date": ["05/02", "10:15"], "comment_content": "誰叫你要擋七段，那真的結仇結大了"}, {"comment_author": "ILoveKMT", "comment_date": ["05/02", "10:15"], "comment_content": "快點進土城"}, {"comment_author": "achun1212", "comment_date": ["05/02", "10:15"], "comment_content": "北市議會調查組有強制力、公權力嗎?"}, {"comment_author": "LoveMakeLove", "comment_date": ["05/02", "10:15"], "comment_content": "完了"}, {"comment_author": "soarling", "comment_date": ["05/02", "10:17"], "comment_content": "先去土城報道好了XD"}, {"comment_author": "re340", "comment_date": ["05/02", "10:17"], "comment_content": "台北市議員都能查高雄港了 當然有公權力啊"}, {"comment_author": "ralphkawaii", "comment_date": ["05/02", "10:17"], "comment_content": "藍綠一家髒"}, {"comment_author": "ltytw", "comment_date": ["05/02", "10:19"], "comment_content": "藍綠一家親"}, {"comment_author": "darkbrigher", "comment_date": ["05/02", "10:23"], "comment_content": "阿北心裡暗爽 人在家中坐 熱度天上來"}, {"comment_author": "KEYSOLIDER", "comment_date": ["05/02", "10:23"], "comment_content": "不來就是藐視議會"}]}
