{"author": "HTC92 (中国台湾人的驕傲-92共識)", "category": "Gossiping", "title": "[新聞] 柯文哲認蔡英文喬NCC人事　總統府酸「秉", "date": "Fri May  3 23:17:39 2024", "content": ["1.媒體來源:壹蘋新聞網2.記者署名:潘袁詩羽3.完整新聞標題:柯文哲認蔡英文喬NCC人事　總統府酸「秉持正直誠信」：寧可認錯不要說謊4.完整新聞內文:【記者潘袁詩羽／台北報導】民眾黨立委黃國昌日前爆出，總統蔡英文在3月與民眾黨主席柯文哲餐敘時，曾提及4名NCC委員人事，指「國民黨2席、民眾黨1席、民進黨1席」；柯文哲日前受訪稱「沒談到細節」，今天（3日）受訪時改口，表示蔡英文的確有提及，自己一開始就擋掉了。對此，總統府發言人林聿禪表示，呼籲相關人士應秉持「正直誠信」、「寧可認錯不要說謊」的原則，不要為了一個謊言，又再編其他謊言掩蓋。民眾黨立委黃國昌日前爆出，總統蔡英文與民眾黨主席柯文哲3月見面時曾談過NCC的人事案，引發府方不滿駁斥非事實；而柯文哲日前受訪時稱「沒談到人事細節」。不過柯文哲今天受訪又改口，表示蔡英文是有講到NCC的人事，但自己叫準總統賴清德親自負責就好，因此蔡英文一開始講NCC人事，自己就把它擋掉。總統府發言人林聿禪今天表示，針對總統蔡英文與民眾黨主席柯文哲會面中談及NCC一事，事實只有一個，蔡英文與柯文哲的會面從未講過任何人選，也沒有講過政黨比例。柯昨日也已清楚表示「有談到NCC，但是沒有講到人事細節」。然今日柯卻稱「講一些人事的時候就把它擋掉」呼籲相關人士應秉持「正直誠信」、「寧可認錯不要說謊」的原則，不要為了一個謊言，又再編其他謊言掩蓋。林聿禪強調，蔡英文柯文哲的談話相當明確，即期盼在野黨後續在國會審議NCC等議案時，能夠理性監督審查，期間從未提及任何關於人選、政黨比例組成等人事議題，特定人士所謂「喬人事」指控顯為不負責任的謊言。林聿禪也說明NCC委員的提名期程，目前4位NCC委員任期是到今年7月31日，依據NCC組織法規定必須在任期屆滿前三個月前提名新任委員，此為法定義務；大法官亦曾指出確保機關實質存續與正常運行，應屬所有憲法機關無可旁貸的職責。因此行政院院長於上月底提名，完全符合規定，籲", "勿刻意扭曲解讀，誤導民眾。", "總統蔡英文日前邀請民眾黨主席柯文哲入總統府會談交流。總統府提供5.完整新聞連結 (或短網址)不可用YAHOO、LINE、MSN等轉載媒體:", "6.備註:--", "--"], "post_comment": [{"comment_author": "toraku88", "comment_date": ["05/03", "23:18"], "comment_content": "母豬講誠信 1.5博士講誠信"}, {"comment_author": "AntiEntropy", "comment_date": ["05/03", "23:18"], "comment_content": ""}, {"comment_author": "AntiEntropy", "comment_date": ["05/03", "23:19"], "comment_content": "綠白共一家親，要講幾次"}, {"comment_author": "talrasha", "comment_date": ["05/03", "23:19"], "comment_content": "記者潘袁詩羽"}, {"comment_author": "marktak", "comment_date": ["05/03", "23:21"], "comment_content": "挖 先傷己 再傷敵 原來是綠林謝遜"}, {"comment_author": "KJoshT", "comment_date": ["05/03", "23:21"], "comment_content": "這不算改口，有提到但沒談"}, {"comment_author": "KJoshT", "comment_date": ["05/03", "23:22"], "comment_content": "到找誰誰誰細節，前後說法"}, {"comment_author": "KJoshT", "comment_date": ["05/03", "23:22"], "comment_content": "是一致啊"}, {"comment_author": "fallinlove15", "comment_date": ["05/03", "23:23"], "comment_content": "綠共 跳票八年 要不要先認錯"}, {"comment_author": "memories66", "comment_date": ["05/03", "23:23"], "comment_content": "這是在跟總統說話？"}, {"comment_author": "fallinlove15", "comment_date": ["05/03", "23:24"], "comment_content": "我的天啊 總統府水準那麼低啊"}, {"comment_author": "yueyi313", "comment_date": ["05/03", "23:25"], "comment_content": "只有掮客才會幹的事，總統不可能這麼lo"}, {"comment_author": "yueyi313", "comment_date": ["05/03", "23:25"], "comment_content": "w吧？"}, {"comment_author": "yeng1217", "comment_date": ["05/03", "23:36"], "comment_content": "還以為要說秉樞"}, {"comment_author": "ashinly1021", "comment_date": ["05/03", "23:41"], "comment_content": "臭俗蔡 不敢認"}, {"comment_author": "ggttoo", "comment_date": ["05/03", "23:54"], "comment_content": "….八年跳了多少票=="}, {"comment_author": "scum5566", "comment_date": ["05/04", "00:14"], "comment_content": "問題是有人信總統不喬人事嗎 笑死"}, {"comment_author": "herbert1012", "comment_date": ["05/04", "00:14"], "comment_content": "總統府這是在衝康蔡賴嗎 看不懂"}, {"comment_author": "voyage0917", "comment_date": ["05/04", "00:30"], "comment_content": "尊者：絕對沒有抄襲"}, {"comment_author": "wind200625", "comment_date": ["05/04", "00:33"], "comment_content": "會叫就是有喔"}, {"comment_author": "csaoesc", "comment_date": ["05/04", "00:34"], "comment_content": "綠共"}, {"comment_author": "ariesd", "comment_date": ["05/04", "00:35"], "comment_content": "柯老三的話能信？？"}, {"comment_author": "ken86084", "comment_date": ["05/04", "01:02"], "comment_content": "所以是默認有嗎?"}, {"comment_author": "jerry810113", "comment_date": ["05/04", "01:03"], "comment_content": "失敗又無能管你叫什麼總統"}, {"comment_author": "kamener", "comment_date": ["05/04", "04:37"], "comment_content": "給大小姐面子都不要，只好抖出來了"}, {"comment_author": "eemail", "comment_date": ["05/04", "06:12"], "comment_content": "這咖只要跟人開會都有事@@"}, {"comment_author": "aprilsheep", "comment_date": ["05/04", "07:49"], "comment_content": "柯文哲自己改口，自己打臉自己"}, {"comment_author": "aprilsheep", "comment_date": ["05/04", "07:51"], "comment_content": "感覺是沒有談，要說出真話後又要圓黃"}, {"comment_author": "aprilsheep", "comment_date": ["05/04", "07:51"], "comment_content": "國昌的說法，圓謊需要時間反應"}, {"comment_author": "aprilsheep", "comment_date": ["05/04", "07:52"], "comment_content": "柯圓謊才能解決跟黃說法矛盾"}, {"comment_author": "newstyle", "comment_date": ["05/04", "07:54"], "comment_content": "柯P原本是給蔡英文面子，不想說破"}, {"comment_author": "turbomons", "comment_date": ["05/04", "08:49"], "comment_content": "就蔡要談NCC人事 柯說這是賴的事拒"}, {"comment_author": "turbomons", "comment_date": ["05/04", "08:49"], "comment_content": "談 才沒談細節啊 哪有改什麼口"}, {"comment_author": "vizjeco", "comment_date": ["05/04", "12:46"], "comment_content": "嘴砲柯 下去"}]}
