{"author": "zxcxxx (你相信光嗎)", "category": "Gossiping", "title": "[新聞] 機車族明目張膽闖紅燈逆向 越南專家籲快", "date": "Sun Apr 28 11:27:49 2024", "content": ["機車族明目張膽闖紅燈逆向 越南專家籲快學台灣執法政策自由2024/04/27 19:20  陳麗珠／核稿編輯〔財經頻道／綜合報導〕越南專家在當地媒體發布評論稱，每天都有數千輛機車明目張膽地闖紅燈、行駛人行道、逆向行駛，幾乎沒有受到任何處罰，這是法律的漏洞，建議學學台灣對於機車族的執法政策。丁海（Dinh Hai，音譯）在越南快訊撰文提及交通法規及繳納罰款的問題，丁指出，在台灣的一個就業勞工群裡，有人收到機車罰單後憂心忡忡地發文，隨後就有人分享如何直接支付罰款或轉帳方式。他說，幾年前就知道上述事件，認為這是很好的方式，也很想知道為什麼越南沒有採用。丁海表示，罰款問題始終是公眾關注的話題，尤其是機車和汽車罰款的差異，不少觀點認為，目前的處罰並不公平。汽車司機只要疏忽就會被罰款，而每天卻有數千輛機車明目張膽闖紅燈、騎上人行道、逆向行駛，幾乎沒有受到任何處罰。丁海指出，以往因警力不足無法對機車違規行為進行處罰，現在攝影系統完全可以勝任這項任務，使用高解析度監視攝影機結合車牌識別系統，將有助於減少違規行為。而且，若機車是車主正式擁有的，只要有違規照片，車主就必須負責繳納罰款。丁海強調，對違規機車的罰款不僅有助於提高機車族遵守法規和安全意識，還可以汽機車及行人都承擔相關的責任和義務。", "--", "--"], "post_comment": [{"comment_author": "vin850411", "comment_date": ["04/28", "11:28"], "comment_content": "什麼執法政策 限縮檢舉嗎"}, {"comment_author": "marktak", "comment_date": ["04/28", "11:28"], "comment_content": "看見台灣"}, {"comment_author": "snocia", "comment_date": ["04/28", "11:29"], "comment_content": "一樓有看內文就會知道越南現況幾乎不對機"}, {"comment_author": "BLACKLIONS", "comment_date": ["04/28", "11:29"], "comment_content": "請鬼開藥單"}, {"comment_author": "snocia", "comment_date": ["04/28", "11:29"], "comment_content": "車開罰"}, {"comment_author": "gsm60kimo", "comment_date": ["04/28", "11:29"], "comment_content": "        學台灣X  學中國天網O"}, {"comment_author": "powrtoch", "comment_date": ["04/28", "11:29"], "comment_content": "所以丁海是什麼人? 專家身分從哪看出來?"}, {"comment_author": "snocia", "comment_date": ["04/28", "11:29"], "comment_content": "不過八卦板無法閱讀內文也算正常"}, {"comment_author": "kaodio", "comment_date": ["04/28", "11:29"], "comment_content": "跟祖國學就好了 不要跟爛的比"}, {"comment_author": "krara", "comment_date": ["04/28", "11:30"], "comment_content": "學台灣？請鬼開藥單嗎？"}, {"comment_author": "king123", "comment_date": ["04/28", "11:31"], "comment_content": "怎麼可能 監獄智障人渣五毛說越南交通遠"}, {"comment_author": "wanderchang", "comment_date": ["04/28", "11:31"], "comment_content": "我都不知道台灣有政策"}, {"comment_author": "king123", "comment_date": ["04/28", "11:31"], "comment_content": "勝台灣"}, {"comment_author": "tmgl", "comment_date": ["04/28", "11:31"], "comment_content": "專家果然都是智障"}, {"comment_author": "karkkunt", "comment_date": ["04/28", "11:32"], "comment_content": "只會用標題吹，連這人是什麼專家都不寫"}, {"comment_author": "tchialen", "comment_date": ["04/28", "11:32"], "comment_content": "台越猴子交流"}, {"comment_author": "ghghfftjack", "comment_date": ["04/28", "11:34"], "comment_content": "簡單說就是學科技執法嘛 台灣就這點"}, {"comment_author": "ghghfftjack", "comment_date": ["04/28", "11:34"], "comment_content": "比越南強一點點"}, {"comment_author": "phix", "comment_date": ["04/28", "11:35"], "comment_content": "亂就會慢 死的少 不像台灣有的違法有的守法"}, {"comment_author": "ludoren", "comment_date": ["04/28", "11:35"], "comment_content": "記者抄人家社論都不用附消息來源？"}, {"comment_author": "erisiss0", "comment_date": ["04/28", "11:36"], "comment_content": "無名專家瞭解一下"}, {"comment_author": "erisiss0", "comment_date": ["04/28", "11:36"], "comment_content": "不用啊，你還想要記者有啥水準。停班停"}, {"comment_author": "erisiss0", "comment_date": ["04/28", "11:37"], "comment_content": "課被禁發的還掛在版標捏"}, {"comment_author": "bicedb", "comment_date": ["04/28", "11:37"], "comment_content": "黨媒又在製造垃圾新聞"}, {"comment_author": "iPhoneX", "comment_date": ["04/28", "11:37"], "comment_content": "禁止檢舉 以免違規"}, {"comment_author": "teddy72", "comment_date": ["04/28", "11:42"], "comment_content": "一年死三千人你確定?"}, {"comment_author": "noreg0393933", "comment_date": ["04/28", "11:43"], "comment_content": "本來就不該罰機車"}, {"comment_author": "j55888819", "comment_date": ["04/28", "11:43"], "comment_content": "臺灣是用大車學長減少機車人數吧"}, {"comment_author": "linbsing", "comment_date": ["04/28", "11:49"], "comment_content": "這不是法律漏洞  而是執法的怠惰"}, {"comment_author": "Ilat", "comment_date": ["04/28", "11:52"], "comment_content": "好好笑 這個專家沒發現台灣是在向越南學習嗎"}, {"comment_author": "aslawiner", "comment_date": ["04/28", "12:01"], "comment_content": "好的不學盡學壞的…."}, {"comment_author": "amethystboy", "comment_date": ["04/28", "12:10"], "comment_content": "好的不學學壞的"}, {"comment_author": "takeda3234", "comment_date": ["04/28", "12:16"], "comment_content": "高雄式騎法 給越南猴參考看看"}, {"comment_author": "Nonegrame", "comment_date": ["04/28", "12:24"], "comment_content": "記得學內側禁止機車 兩段式左轉喔"}, {"comment_author": "vicious666", "comment_date": ["04/28", "12:26"], "comment_content": "哈哈哈，路權團體看了會吐血"}, {"comment_author": "pttenjk", "comment_date": ["04/28", "12:34"], "comment_content": "越南仔只看低卡po文ㄇ 沒看違停和三寶ㄇ"}, {"comment_author": "zorroptt", "comment_date": ["04/29", "13:25"], "comment_content": "喇叭啦 我怎覺得警察特愛抓低端二輪 四"}, {"comment_author": "zorroptt", "comment_date": ["04/29", "13:25"], "comment_content": "輪常當沒看到 尤其是越貴的"}]}
