{"author": "taiwan08 (08)", "category": "Gossiping", "title": "[新聞] MLB／大谷又送車啦！道奇教頭忘了指定車", "date": "Sun May  5 09:39:06 2024", "content": ["MLB／大谷又送車啦！道奇教頭忘了指定車款 收到一台玩具車聯合報／ 記者 陳宛晶 ／即時報導", "道奇教頭羅伯茲收到大谷翔平送的玩具車。取自道奇官網記者Juan Toribio X    大谷翔平今年春訓因為送車答謝隊友禮讓背號成為話題，今天道奇隊總教練    羅伯茲（Dave Roberts）也收到了來自他的車，但此車非彼車，羅伯茲笑答    ：「", "。」大谷送給教頭的是一部玩具車。    故事的起源在於大谷日前受訪時，由於他剛追平羅伯茲創下的道奇隊史日本    出生球員最多轟紀錄，他被問到會不會送禮給教頭？如果他說想要一台車呢    ？大谷當時回應：「還沒有想過這件事。」    大谷昨天走進羅伯茲的辦公室，帶給教頭驚喜，羅伯茲今天透露：「他買了    一台車給我，應該是因為我沒有具體說要什麼樣的車，所以他給了我一台小    的保時捷。」    羅伯茲收到的是一台紫灰色的保時捷玩具車，他笑說，「所以我不能說他沒    給我任何禮物啦！那台車現在就在我的桌上。」", "保時捷是可以這樣亂送的嗎???--有一次上化學課，老師讓我去拿一瓶20%的酒精。我沒找到，就拿了兩瓶10%的。老師很生氣，說:你要一個20歲的老婆，我給你兩個10歲的可以嗎?--"], "post_comment": [{"comment_author": "playoffmogi", "comment_date": ["05/05", "09:40"], "comment_content": "這記錄太不值錢啦"}, {"comment_author": "kevinpc", "comment_date": ["05/05", "09:41"], "comment_content": "大谷翔平失去了一切"}, {"comment_author": "akanishiking", "comment_date": ["05/05", "09:41"], "comment_content": "蘿蔔：幹！騙我！"}, {"comment_author": "kevinpc", "comment_date": ["05/05", "09:41"], "comment_content": "剩下的錢錢只夠買這個"}, {"comment_author": "railman", "comment_date": ["05/05", "09:42"], "comment_content": "這麼小氣？"}, {"comment_author": "chocoball", "comment_date": ["05/05", "09:43"], "comment_content": "被盜用到沒錢了 真車變玩具車"}, {"comment_author": "yuta02", "comment_date": ["05/05", "09:44"], "comment_content": "小草怡情 大賭翔平☺"}, {"comment_author": "holyhelm", "comment_date": ["05/05", "09:44"], "comment_content": "真的沒錢了"}, {"comment_author": "darkholy", "comment_date": ["05/05", "09:44"], "comment_content": "大谷果然錢都輸光了"}, {"comment_author": "smarthome", "comment_date": ["05/05", "09:45"], "comment_content": "中職不是也有一個球員會送禮？"}, {"comment_author": "taiwan08", "comment_date": ["05/05", "09:46"], "comment_content": "送完玩具車車就開炸第八轟啦"}, {"comment_author": "meta41110", "comment_date": ["05/05", "09:48"], "comment_content": "凸( ﾟдﾟ)凸日本人"}, {"comment_author": "badbadook", "comment_date": ["05/05", "09:50"], "comment_content": "兄弟夠義氣"}, {"comment_author": "takamiku", "comment_date": ["05/05", "09:51"], "comment_content": "大谷為了送這台模型還下訂一台新車"}, {"comment_author": "laigeorge89", "comment_date": ["05/05", "09:51"], "comment_content": "現在玩具車價格也不便宜吧，貴的一台"}, {"comment_author": "laigeorge89", "comment_date": ["05/05", "09:52"], "comment_content": "也要上千"}, {"comment_author": "ralfeistein", "comment_date": ["05/05", "09:53"], "comment_content": "簽名檔具現化"}, {"comment_author": "ralfeistein", "comment_date": ["05/05", "09:53"], "comment_content": ""}, {"comment_author": "q123212", "comment_date": ["05/05", "10:17"], "comment_content": "這台要700萬欸"}]}
