{"author": "CNS3056 (奶奶)", "category": "Gossiping", "title": "[新聞] 立院通過凍漲電價 王美花:不漲價對穩定", "date": "Wed May  1 09:49:18 2024", "content": ["1.媒體來源:聯合2.記者署名:林海3.完整新聞標題:立院通過凍漲電價 王美花：不漲價對穩定供電不利4.完整新聞內文:立院昨表決通過電價凍漲，經濟部長王美花今日強調，希望大家支持台電，台電對穩定供電非常重要，俄烏戰爭後國際燃料成本大漲，各國電價也都高漲，但台灣採取溫和手段，讓台電吸收成本造成虧損。王美花表示，4月新電價調整後，主要是針對出口的用電大戶漲幅較大，降低對民生的衝擊，考量層面非常細膩，而電價調漲對台電相當重要，若是無法漲價，對台電財務會有很大影響，也不利於台電穩定供電。至於近期桃園多次跳電，王美花則說，主要是受到天候與外力影響，台電也用最快速度恢復電力供應，這是電力配電設施受到天候影響，台電會努力復電。5.完整新聞連結 (或短網址)不可用YAHOO、LINE、MSN等轉載媒體:", "6.備註:", "--"], "post_comment": [{"comment_author": "omfg5487", "comment_date": ["05/01", "09:49"], "comment_content": "藍白導致停電"}, {"comment_author": "fony1029", "comment_date": ["05/01", "09:49"], "comment_content": "問題是現在就不穩定啊嘻嘻"}, {"comment_author": "yangweiisi", "comment_date": ["05/01", "09:49"], "comment_content": ""}, {"comment_author": "syntax123", "comment_date": ["05/01", "09:49"], "comment_content": "王董真懂"}, {"comment_author": "s175", "comment_date": ["05/01", "09:49"], "comment_content": "不利妳媽啦 不利廠商啦 畜生"}, {"comment_author": "yangweiisi", "comment_date": ["05/01", "09:50"], "comment_content": ""}, {"comment_author": "yangweiisi", "comment_date": ["05/01", "09:50"], "comment_content": ""}, {"comment_author": "soarling", "comment_date": ["05/01", "09:50"], "comment_content": "電價跟供電有什麼屁關係？？？"}, {"comment_author": "coffee112", "comment_date": ["05/01", "09:50"], "comment_content": "以價制量"}, {"comment_author": "yangweiisi", "comment_date": ["05/01", "09:50"], "comment_content": ""}, {"comment_author": "Skydier", "comment_date": ["05/01", "09:50"], "comment_content": "馬英九：?????"}, {"comment_author": "bonfferoni", "comment_date": ["05/01", "09:51"], "comment_content": "核能：當我塑膠?"}, {"comment_author": "jkhz", "comment_date": ["05/01", "09:51"], "comment_content": "DPP:好棒喔有人幫我擦PP，停電這鍋甭背了"}, {"comment_author": "yangweiisi", "comment_date": ["05/01", "09:51"], "comment_content": ""}, {"comment_author": "doooooooze", "comment_date": ["05/01", "09:51"], "comment_content": "阿不是不缺電  幹"}, {"comment_author": "AustinRivers", "comment_date": ["05/01", "09:51"], "comment_content": "照這說法 勞工跟公務員要加薪水"}, {"comment_author": "STi2011", "comment_date": ["05/01", "09:51"], "comment_content": "那就罷工吧"}, {"comment_author": "soarling", "comment_date": ["05/01", "09:51"], "comment_content": "不缺電不缺錢 我想要亂用不行嗎XD"}, {"comment_author": "yangweiisi", "comment_date": ["05/01", "09:51"], "comment_content": ""}, {"comment_author": "history736", "comment_date": ["05/01", "09:51"], "comment_content": "王美花是想造反嗎？黨說不缺電"}, {"comment_author": "AustinRivers", "comment_date": ["05/01", "09:51"], "comment_content": "供電干漲價屁事"}, {"comment_author": "TCPai", "comment_date": ["05/01", "09:51"], "comment_content": "你們凍漲了幾次自己說一下"}, {"comment_author": "STi2011", "comment_date": ["05/01", "09:51"], "comment_content": "不給錢 就搗蛋"}, {"comment_author": "ston12", "comment_date": ["05/01", "09:51"], "comment_content": "趕快把台電藏的電找出來啊？"}, {"comment_author": "gn134679", "comment_date": ["05/01", "09:52"], "comment_content": "讓綠電賺錢不方便"}, {"comment_author": "mij", "comment_date": ["05/01", "09:52"], "comment_content": "我沒差啊 看企業怎麼說 呵呵"}, {"comment_author": "ado775566", "comment_date": ["05/01", "09:52"], "comment_content": "部門虧損都不用交檢討報告的喔"}, {"comment_author": "yanluan", "comment_date": ["05/01", "09:52"], "comment_content": "笑死人，民生用電佔不到20%，漲人民不覺"}, {"comment_author": "yanluan", "comment_date": ["05/01", "09:52"], "comment_content": "得很好笑嗎？"}, {"comment_author": "whiteflora6", "comment_date": ["05/01", "09:52"], "comment_content": "情勒巨嬰？"}, {"comment_author": "ado775566", "comment_date": ["05/01", "09:52"], "comment_content": "只會一直要補貼跟漲價"}, {"comment_author": "spzper", "comment_date": ["05/01", "09:53"], "comment_content": "漲不漲~不穩定一樣不穩定"}, {"comment_author": "sformosa", "comment_date": ["05/01", "09:53"], "comment_content": "乾，60%在想什麼"}, {"comment_author": "oldcrow", "comment_date": ["05/01", "09:54"], "comment_content": "民進狗党執政才對供電穩定不利"}, {"comment_author": "koromo1991", "comment_date": ["05/01", "09:54"], "comment_content": "放你媽狗屁"}, {"comment_author": "kinve1014", "comment_date": ["05/01", "09:54"], "comment_content": "厲害了 恐嚇人民"}, {"comment_author": "yangweiisi", "comment_date": ["05/01", "09:55"], "comment_content": ""}, {"comment_author": "CRAZYCONTROL", "comment_date": ["05/01", "09:55"], "comment_content": "終於承認了齁"}, {"comment_author": "ianlin1216", "comment_date": ["05/01", "09:55"], "comment_content": "對雲豹不利吧"}, {"comment_author": "sid3", "comment_date": ["05/01", "09:56"], "comment_content": "漲價對護國綠豹越穩定獲利"}, {"comment_author": "fony1029", "comment_date": ["05/01", "09:56"], "comment_content": "每天都有不同的地方停電 這個較穩定"}, {"comment_author": "icemonkey200", "comment_date": ["05/01", "09:58"], "comment_content": "啊不是不缺電"}, {"comment_author": "angel1980", "comment_date": ["05/01", "09:58"], "comment_content": "不是不缺電嗎？"}, {"comment_author": "heavenwind", "comment_date": ["05/01", "09:59"], "comment_content": "要老子掏更多錢。不可能。就停啊。誰"}, {"comment_author": "bboring", "comment_date": ["05/01", "09:59"], "comment_content": "可不可以不要屁話?"}, {"comment_author": "heavenwind", "comment_date": ["05/01", "09:59"], "comment_content": "執政誰就要背這個鍋。看誰爽"}, {"comment_author": "bboring", "comment_date": ["05/01", "10:00"], "comment_content": "台電都跟誰買貴到爆的電?"}, {"comment_author": "vin850411", "comment_date": ["05/01", "10:00"], "comment_content": "不缺電怎麼有穩定供電的問題？"}, {"comment_author": "fony1029", "comment_date": ["05/01", "10:01"], "comment_content": "不缺電一直騙"}, {"comment_author": "sh26225399", "comment_date": ["05/01", "10:01"], "comment_content": "不是不缺電？ 又再騙"}, {"comment_author": "zxc2266992", "comment_date": ["05/01", "10:01"], "comment_content": "40%應該要漲2倍"}, {"comment_author": "scores", "comment_date": ["05/01", "10:02"], "comment_content": "請快點請雞排好嗎"}, {"comment_author": "relax1129", "comment_date": ["05/01", "10:02"], "comment_content": "可是漲價一個月了桃園怎麼一直停哪裡穩"}, {"comment_author": "relax1129", "comment_date": ["05/01", "10:02"], "comment_content": "定"}, {"comment_author": "FLYzo", "comment_date": ["05/01", "10:02"], "comment_content": "民進黨最擅長的就是花大錢然後一事無成"}, {"comment_author": "wei9898", "comment_date": ["05/01", "10:03"], "comment_content": "笑死，少繳電費跟供電不穩有什麼關係？"}, {"comment_author": "PaulScheele", "comment_date": ["05/01", "10:05"], "comment_content": "用民進黨黨產繳阿"}, {"comment_author": "gustid", "comment_date": ["05/01", "10:05"], "comment_content": "不是不缺電 整天胡言亂語"}, {"comment_author": "jerry7668", "comment_date": ["05/01", "10:06"], "comment_content": "皇民台灣人又在講幹話？"}, {"comment_author": "buyala", "comment_date": ["05/01", "10:08"], "comment_content": "綠電收購12元就有利囉？"}, {"comment_author": "bboring", "comment_date": ["05/01", "10:10"], "comment_content": "竟然能虧到兩千億 嘻嘻 佩服"}, {"comment_author": "bboring", "comment_date": ["05/01", "10:11"], "comment_content": "到底為啥要一直去買綠電 電不是不缺嗎"}, {"comment_author": "bboring", "comment_date": ["05/01", "10:11"], "comment_content": "你如果不缺電 為何要買貴到爆的綠電"}, {"comment_author": "bboring", "comment_date": ["05/01", "10:13"], "comment_content": "虧兩千億人民要跟你算帳剛好而以"}, {"comment_author": "gn00573224", "comment_date": ["05/01", "10:18"], "comment_content": "不漲穩定供電不利，台灣不是不缺電嗎"}, {"comment_author": "baldhead0606", "comment_date": ["05/01", "10:19"], "comment_content": "政府到底在搞甚麼東西!"}, {"comment_author": "scum5566", "comment_date": ["05/01", "10:28"], "comment_content": "台電從賺的公司 到現在虧到快倒斃，供電"}, {"comment_author": "scum5566", "comment_date": ["05/01", "10:28"], "comment_content": "情況有比較好? 錢都花去哪了??"}, {"comment_author": "Anvec", "comment_date": ["05/01", "10:41"], "comment_content": "民進黨賠錢"}, {"comment_author": "selfhu", "comment_date": ["05/01", "10:57"], "comment_content": "該停電就停電啦，錯誤政策還在護航三小"}, {"comment_author": "simon9331", "comment_date": ["05/01", "11:12"], "comment_content": "雞排部長日常講幹話，如今還有誰相信"}, {"comment_author": "simon9331", "comment_date": ["05/01", "11:12"], "comment_content": "？"}, {"comment_author": "copybrown", "comment_date": ["05/01", "11:32"], "comment_content": "操你媽的 穩定你媽"}, {"comment_author": "Frank7975", "comment_date": ["05/01", "11:51"], "comment_content": "光電黑道獲利穩定"}, {"comment_author": "tigotigo5566", "comment_date": ["05/01", "12:02"], "comment_content": "繼續升息！"}, {"comment_author": "Thorvs", "comment_date": ["05/01", "12:04"], "comment_content": "建仁說不缺電有強韌電網，美花造謠？"}, {"comment_author": "BIGETC", "comment_date": ["05/01", "12:14"], "comment_content": "便宜天然氣勒 滿嘴謊言狗官"}, {"comment_author": "Agamemnonk", "comment_date": ["05/01", "12:20"], "comment_content": "40趴之亂"}, {"comment_author": "douxid", "comment_date": ["05/01", "13:55"], "comment_content": "婊子供山小！"}, {"comment_author": "genjiegg", "comment_date": ["05/01", "15:06"], "comment_content": "不是有藏電嗎？拿出來用先"}, {"comment_author": "papaplus", "comment_date": ["05/01", "16:31"], "comment_content": "白癡部長"}, {"comment_author": "cobras638", "comment_date": ["05/01", "22:49"], "comment_content": "我想看黃國昌咆哮她"}, {"comment_author": "gloryed", "comment_date": ["05/02", "14:24"], "comment_content": "廢物官員"}]}
