{"author": "ptt987654321 (大谷躺平)", "category": "Gossiping", "title": "[新聞] 五一勞動節 賴清德：鼓勵企業加薪 讓勞工", "date": "Thu May  2 10:30:30 2024", "content": ["五一勞動節 賴清德：鼓勵企業加薪 讓勞工能獲政府照顧中時曾薏蘋今天是五一勞動節，民進黨今中常會，發言人吳崢會後轉述黨主席賴清德致詞表示，鼓勵企業加薪，讓所有的勞工朋友都能得到政府的照顧、分享經濟成長的果實。賴清德說，今天是五一勞動節，是勞工年度的重大節日，也是表彰勞動者對社會和經濟的所作貢獻的最好日子。在慶祝勞動節的同時；他要強調，民進黨一直是與勞工朋友站在一起的政黨，致力打造尊嚴勞動、友善職場。他說，他也利用今天這個場合，祝福全國勞工勞動佳節快樂，包括自己同仁在內，大家辛苦了。賴清德說，過去推動《勞工保險條例》修正，也推動可攜式的退休金帳戶，都是為了給勞工更安心的退休生活。基本薪資也逐年穩健調升，當前也有了《最低工資法》的制度保障，未來調升基本薪資會更透明。他說，此外，今年政府也編列了1200億元的預算挹注勞保基金，顯見民進黨政府對勞工朋友和社會保險體制，堅定不移的承諾；維持制度、穩健運作，仍會持續辦理，確保所有勞工朋友的給付權益。賴指出，然而，面對新型態的就業環境，以及科技趨勢、供應鏈重組的挑戰，政府接下來的任務只會更多，如何打造新型態、更多元且彈性，符合當前勞動趨勢的體制，營造更友善的就業與日常生活平衡，都是我們的重要課題。賴清德表示，未來他們承諾會持續打造更友善的勞動環境，並推動包容性的經濟成長，運用所有政策，鼓勵企業加薪，讓所有的勞工朋友都能得到政府的照顧、分享經濟成長的果實；也讓每一位勞工朋友的生活，都能有更好的保障。", "備註來!愛的鼓勵!預備起!拍拍，拍拍拍，拍拍拍拍，拍拍!--"], "post_comment": [{"comment_author": "zangetsu9006", "comment_date": ["05/02", "10:31"], "comment_content": "功德台灣"}, {"comment_author": "deann", "comment_date": ["05/02", "10:31"], "comment_content": "鼓勵加薪 嘻嘻 勞工被政府照顧???"}, {"comment_author": "cosplay314", "comment_date": ["05/02", "10:31"], "comment_content": "鼓勵有屁用"}, {"comment_author": "k385476916", "comment_date": ["05/02", "10:31"], "comment_content": "你怎麼不去死一死"}, {"comment_author": "james0146", "comment_date": ["05/02", "10:31"], "comment_content": "賴功德講幹話哦"}, {"comment_author": "soarling", "comment_date": ["05/02", "10:31"], "comment_content": "給點牡蠣好嗎？"}, {"comment_author": "cosplay314", "comment_date": ["05/02", "10:31"], "comment_content": "我們也鼓勵政府幫公務員加薪｜"}, {"comment_author": "weijunW", "comment_date": ["05/02", "10:31"], "comment_content": "勞保敢不敢改革喇"}, {"comment_author": "giggleboy", "comment_date": ["05/02", "10:31"], "comment_content": "好了啦 功德仔"}, {"comment_author": "yspb", "comment_date": ["05/02", "10:31"], "comment_content": "繼續多講就對了"}, {"comment_author": "isaa", "comment_date": ["05/02", "10:32"], "comment_content": "嘴巴叫企業加薪，實際動手砍七天假"}, {"comment_author": "froce", "comment_date": ["05/02", "10:32"], "comment_content": "各位做功德囉"}, {"comment_author": "Gamelop", "comment_date": ["05/02", "10:32"], "comment_content": "還七天假,或是彈休不補班比喊這個實際"}, {"comment_author": "jagger", "comment_date": ["05/02", "10:32"], "comment_content": "功德老闆？"}, {"comment_author": "ArgusX", "comment_date": ["05/02", "10:32"], "comment_content": "鼓勵但不介入"}, {"comment_author": "kino056", "comment_date": ["05/02", "10:32"], "comment_content": "自立自強 自己跟老闆講"}, {"comment_author": "xiemark", "comment_date": ["05/02", "10:32"], "comment_content": "又要慘四年"}, {"comment_author": "caity", "comment_date": ["05/02", "10:32"], "comment_content": "愛的鼓勵一起來啪啪啪啪啪"}, {"comment_author": "IY1227", "comment_date": ["05/02", "10:33"], "comment_content": "各位還不乖乖做功德"}, {"comment_author": "johnhmj", "comment_date": ["05/02", "10:33"], "comment_content": "淪為口號而已 真正有加的公司佔幾成？"}, {"comment_author": "a1277034", "comment_date": ["05/02", "10:33"], "comment_content": "一個字，空"}, {"comment_author": "zanns", "comment_date": ["05/02", "10:33"], "comment_content": "台灣的工時 可是國際競爭力耶?"}, {"comment_author": "CMPunk", "comment_date": ["05/02", "10:33"], "comment_content": "為什麼不是鼓勵勞工做功德呢？"}, {"comment_author": "j29871049", "comment_date": ["05/02", "10:34"], "comment_content": "都用鼓勵 還要你幹嘛？"}, {"comment_author": "crassus7217", "comment_date": ["05/02", "10:34"], "comment_content": "鼓勵，呼籲，只會喊口號的廢物"}, {"comment_author": "peterzheng", "comment_date": ["05/02", "10:34"], "comment_content": "鼓勵，哈哈哈哈哈哈哈哈"}, {"comment_author": "Dirgo", "comment_date": ["05/02", "10:34"], "comment_content": "加薪做功德,沒加也不會怎麼樣."}, {"comment_author": "galleon2000", "comment_date": ["05/02", "10:34"], "comment_content": "語畢 哄堂大笑"}, {"comment_author": "amphiprion", "comment_date": ["05/02", "10:35"], "comment_content": "不是叫大家做功德？"}, {"comment_author": "lugiam", "comment_date": ["05/02", "10:35"], "comment_content": "對 你之前也是鼓勵做功德"}, {"comment_author": "ArgusX", "comment_date": ["05/02", "10:36"], "comment_content": "加薪是鼓勵的 七天是真砍的"}, {"comment_author": "ashinly1021", "comment_date": ["05/02", "10:36"], "comment_content": "屁話"}, {"comment_author": "asuna0430", "comment_date": ["05/02", "10:37"], "comment_content": "你薪水先捐出來做功德"}, {"comment_author": "catwithfish", "comment_date": ["05/02", "10:39"], "comment_content": "執政8年，然後用鼓勵的"}, {"comment_author": "TCPai", "comment_date": ["05/02", "10:40"], "comment_content": "受薪階級的占比一路下降，你們照顧在哪裡"}, {"comment_author": "knightwww", "comment_date": ["05/02", "10:40"], "comment_content": "功德"}, {"comment_author": "anachronism", "comment_date": ["05/02", "10:40"], "comment_content": "功德賴"}, {"comment_author": "yumika", "comment_date": ["05/02", "10:42"], "comment_content": "鼓勵有屁用"}, {"comment_author": "kule", "comment_date": ["05/02", "10:43"], "comment_content": "鼓勵加薪,沒加讓勞工做功德老闆也是功德一件"}, {"comment_author": "naiveman", "comment_date": ["05/02", "10:47"], "comment_content": "來賓請掌聲鼓勵鼓勵"}, {"comment_author": "hiimhenry", "comment_date": ["05/02", "10:47"], "comment_content": "跟你房東說 跟你老闆說"}, {"comment_author": "LoveMakeLove", "comment_date": ["05/02", "10:48"], "comment_content": "誰理你"}, {"comment_author": "sliver5525", "comment_date": ["05/02", "10:53"], "comment_content": "鼓勵你下台"}, {"comment_author": "gtcb", "comment_date": ["05/02", "11:03"], "comment_content": "怎麼不鼓勵習近平放棄武統"}, {"comment_author": "ab2u04fu4ab", "comment_date": ["05/02", "11:06"], "comment_content": "這是跟社會脫節多久了"}, {"comment_author": "asdwezx25", "comment_date": ["05/02", "11:08"], "comment_content": "民進黨怎不把黨產也吐出來?"}, {"comment_author": "asdwezx25", "comment_date": ["05/02", "11:11"], "comment_content": "說到底...就是政府只出嘴"}, {"comment_author": "toplvgirl", "comment_date": ["05/02", "11:23"], "comment_content": "用什麼方式鼓勵要講啊…"}, {"comment_author": "winterjoker", "comment_date": ["05/02", "11:41"], "comment_content": "給党執政八年了只會要我自立自強"}, {"comment_author": "glenn608", "comment_date": ["05/02", "12:02"], "comment_content": "政府先帶頭加10%啊 不然怎麼跟得上便當"}, {"comment_author": "glenn608", "comment_date": ["05/02", "12:02"], "comment_content": "的漲幅"}, {"comment_author": "js6661212", "comment_date": ["05/02", "12:17"], "comment_content": "鼓勵了八年 勞工繼續吃屎"}, {"comment_author": "serrier", "comment_date": ["05/02", "14:43"], "comment_content": "結果你公家機關不加薪?鼓勵?"}, {"comment_author": "steven800308", "comment_date": ["05/02", "15:13"], "comment_content": "愛的鼓勵，與用愛發電一樣有效"}]}
