{"author": "white910910 (攀岩)", "category": "Gossiping", "title": "[新聞] 好毒！美F-16戰機墜毀新墨西哥 駕駛彈射", "date": "Wed May  1 16:09:31 2024", "content": ["1.媒體來源:中時2.記者署名:楊幼蘭3.完整新聞標題:好毒！美F-16戰機墜毀新墨西哥 駕駛彈射逃生4.完整新聞內文:美國空軍1架 F-16 戰機4月30日在新墨西哥州阿拉莫戈多（Alamagordo）鎮附近的霍羅曼空軍基地（Holloman Air Force Base）外墜毀，但飛行員安全彈射逃生。綜合外電報導，霍羅曼空軍基地發言人說，這架戰機是周二早約11:50墜毀在白沙國家公園（White Sands National Park）。當地媒體引述新墨西哥州警方的報告說，當時機上只有一名飛行員，他成功彈射逃生後就醫，目前已經出院。雖然白沙國家公園仍保持開放，但部分地區因緊急應變行動而封閉。基地要求所有非緊急應變人員避開相關區域，以免可能接觸到機上危險的化學物。事實上，F-16為了提供戰機緊急電源，機上攜有聯氨（Hydrazine）劇毒。目前還不清楚墜機的確切肇因，但第49戰鬥機聯隊強調，正由合格官員組成的委員會進行調查。5.完整新聞連結 (或短網址)不可用YAHOO、LINE、MSN等轉載媒體:", "6.備註:--"], "post_comment": [{"comment_author": "a0986188522", "comment_date": ["05/01", "16:10"], "comment_content": "烏克蘭：是我擊落的"}, {"comment_author": "DiMammaMia", "comment_date": ["05/01", "16:10"], "comment_content": "以下開放中共同路人發言"}, {"comment_author": "chunfo", "comment_date": ["05/01", "16:11"], "comment_content": "我還以為飛機上有毒蛇"}, {"comment_author": "jasin0425", "comment_date": ["05/01", "16:11"], "comment_content": "中共：老美扛不住了連戰機維護都出問題"}, {"comment_author": "rrroooqqq", "comment_date": ["05/01", "16:12"], "comment_content": "所以其他戰機的緊急電源沒有這問題嗎"}, {"comment_author": "rrroooqqq", "comment_date": ["05/01", "16:12"], "comment_content": "？"}, {"comment_author": "whitefox", "comment_date": ["05/01", "16:12"], "comment_content": "又要原地爆破炸毀了"}, {"comment_author": "nakayamayyt", "comment_date": ["05/01", "16:13"], "comment_content": "你好毒你好毒你好毒毒毒毒毒"}, {"comment_author": "sobiNOva", "comment_date": ["05/01", "16:13"], "comment_content": "怕大家去撿零件吧"}, {"comment_author": "dick929", "comment_date": ["05/01", "16:15"], "comment_content": "看到好毒+墨西哥，還以為墨西哥毒梟連F16"}, {"comment_author": "dick929", "comment_date": ["05/01", "16:15"], "comment_content": "都敢打XD"}, {"comment_author": "ttucse", "comment_date": ["05/01", "16:18"], "comment_content": "聯胺不是火箭在用的嗎，怎會飛機上有"}, {"comment_author": "whitefox", "comment_date": ["05/01", "16:20"], "comment_content": "台灣2021發生過外洩"}, {"comment_author": "adamyang2000", "comment_date": ["05/01", "16:23"], "comment_content": "中國軍用物聯科技 自毀指令"}, {"comment_author": "b0d", "comment_date": ["05/01", "16:24"], "comment_content": "飛機上有毒"}, {"comment_author": "kingstongyu", "comment_date": ["05/01", "16:28"], "comment_content": "當發動機的燃料或電池使用"}, {"comment_author": "zxcz1471", "comment_date": ["05/01", "16:37"], "comment_content": "或許測試一些機密裝備或是MIB事件 要封"}, {"comment_author": "zxcz1471", "comment_date": ["05/01", "16:38"], "comment_content": "鎖消息掰一些聽起來很遷強理由禁止入內"}, {"comment_author": "t72312", "comment_date": ["05/01", "16:54"], "comment_content": "聯胺是APU在用的"}, {"comment_author": "small91051", "comment_date": ["05/01", "18:05"], "comment_content": "理由也太爛"}, {"comment_author": "whitenoise", "comment_date": ["05/01", "18:24"], "comment_content": "戰機真不環保，還自帶毒物"}, {"comment_author": "whitenoise", "comment_date": ["05/01", "18:24"], "comment_content": "為了地球媽媽好，上街抗爭的時刻到了"}, {"comment_author": "greg7575", "comment_date": ["05/01", "18:37"], "comment_content": "毒你媽，說有外星人就好"}, {"comment_author": "stationary", "comment_date": ["05/01", "18:45"], "comment_content": "笑死說有毒是要保護機密吧電影都有演"}, {"comment_author": "berryc", "comment_date": ["05/01", "23:42"], "comment_content": "毒在哪？"}]}
