{"author": "go190214 (天空之島拉普達)", "category": "Gossiping", "title": "[新聞] 邊工作邊準備考試…他花8個月轉戰消防員 ", "date": "Fri May  3 22:49:02 2024", "content": ["1.媒體來源:", "2.記者署名:", "3.完整新聞標題:", "4.完整新聞內文:從國營事業員工轉戰消防員，洪士彬說，當初只是想跳脫原本生活。他靠意志力跟決心苦撐，一邊工作、一邊準備考試，8個月後順利考上消防員。農業相關科系畢業的洪士彬，在台糖工作4年多，不想在同一個地方待到老，也想回家鄉工作，種種現實條件迫使他尋求改變，剛好身旁有朋友考上警察，考慮警消錄取名額多，考科也生活化，相對好上手，於是決定考看看消防員。要離開舒適圈，洪士彬不是毫無猶豫，也擔心半工半讀把自己搞得很累，但既然做了決定，就要靠意志力撐過去。「真的很辛苦！」每天下班後，就是打開電腦上補習班視訊課程，周末泡在書堆裡，為了杜絕外在誘惑，他刪除社群軟體、推掉朋友邀約，嚴格要求自己專心致志，生活只剩上班、讀書兩件事。他指出，消防的考科有背誦，也有邏輯理解，這些都需要花時間摸索，透過複習則是把東西記到腦子裡，忘了就再多記幾次，反覆複習。由於時間緊迫，他集中火力放在火災學、消防法規，花在投資報酬率較高的科目，物理與化學則掌握基本概念即可。比較特別的是，許多考生放棄的英文，洪士彬卻是每天乖乖背單字，他認為，常背單字，對英文的靈敏度就會提高，每天強迫自己多少讀一些。洪士彬強調，從考古題就能抓出消防考試的趨勢跟重點，因此勤練考古題相當重要，為了練寫申論題、記住法條，他土法煉鋼默寫，寫了一大疊厚厚的白紙堆。他勉勵考生們，國考是一條需要毅力的路，保持最佳狀態，拒絕誘惑，放下得失心，用最踏實的腳步戰勝自己，成功就在眼前。5.完整新聞連結 (或短網址)不可用YAHOO、LINE、MSN等轉載媒體:", "6.備註:--"], "post_comment": [{"comment_author": "fantasyth", "comment_date": ["05/03", "22:49"], "comment_content": "這也能一篇"}, {"comment_author": "Fezico", "comment_date": ["05/03", "22:50"], "comment_content": "消防不難考，難的是吃這碗飯..."}, {"comment_author": "dahanjian", "comment_date": ["05/03", "22:50"], "comment_content": "??"}, {"comment_author": "d0922030", "comment_date": ["05/03", "22:50"], "comment_content": "消防不是缺爛 隨便考都會收才合理吧"}, {"comment_author": "reimttym", "comment_date": ["05/03", "22:51"], "comment_content": "傻子，國營企業才舒服"}, {"comment_author": "ohiu", "comment_date": ["05/03", "22:51"], "comment_content": "党不給消防員裝備沒人要當，只能洗新聞了，"}, {"comment_author": "ohiu", "comment_date": ["05/03", "22:51"], "comment_content": "還有人記得大火害死幾個消防員了嗎"}, {"comment_author": "dovepacket", "comment_date": ["05/03", "22:51"], "comment_content": "傻   考國考  會後悔"}, {"comment_author": "talrasha", "comment_date": ["05/03", "22:52"], "comment_content": "鹽糖油水 舒舒服服"}, {"comment_author": "NCUking", "comment_date": ["05/03", "22:52"], "comment_content": "傻了嗎"}, {"comment_author": "coffee112", "comment_date": ["05/03", "22:52"], "comment_content": "QQ"}, {"comment_author": "gn01948540", "comment_date": ["05/03", "22:53"], "comment_content": "補習班又買新聞了"}, {"comment_author": "nicholassys", "comment_date": ["05/03", "22:53"], "comment_content": "怎麼看都是台糖好吧"}, {"comment_author": "hinet5566", "comment_date": ["05/03", "22:53"], "comment_content": "補習班還是轉型城台積電補習班吧"}, {"comment_author": "ziso", "comment_date": ["05/03", "22:53"], "comment_content": "台糖去消防.....開心就好"}, {"comment_author": "NICK992", "comment_date": ["05/03", "22:53"], "comment_content": "    咩組大吾看太多?  爽缺換屎缺"}, {"comment_author": "shine32025", "comment_date": ["05/03", "22:53"], "comment_content": "逆向考= ="}, {"comment_author": "umaga1", "comment_date": ["05/03", "22:54"], "comment_content": "葉佩雯"}, {"comment_author": "nicholassys", "comment_date": ["05/03", "22:54"], "comment_content": "結果做一個月又考回台糖"}, {"comment_author": "shine32025", "comment_date": ["05/03", "22:54"], "comment_content": "警消確實錢比國營多 但也是輪出來的"}, {"comment_author": "ab2u04fu4ab", "comment_date": ["05/03", "22:54"], "comment_content": "考消防員還要準備8個月嗎"}, {"comment_author": "shine32025", "comment_date": ["05/03", "22:54"], "comment_content": "不只用肝換 然後有時要用命換"}, {"comment_author": "nitvx", "comment_date": ["05/03", "22:54"], "comment_content": "準備拍麻豆嗎"}, {"comment_author": "star1023", "comment_date": ["05/03", "22:55"], "comment_content": "87做功德"}, {"comment_author": "talrasha", "comment_date": ["05/03", "22:56"], "comment_content": "回家鄉 考消防 是不是誤會什麼了"}, {"comment_author": "NICK992", "comment_date": ["05/03", "22:56"], "comment_content": "    想當烈焰先鋒救國的橘衣消防吧"}, {"comment_author": "alan0204", "comment_date": ["05/03", "22:56"], "comment_content": "會後悔的"}, {"comment_author": "peter98", "comment_date": ["05/03", "22:56"], "comment_content": "......"}, {"comment_author": "heavensun", "comment_date": ["05/03", "22:58"], "comment_content": "台糖工作很不錯吧   工時合理 管理人性"}, {"comment_author": "andy199113", "comment_date": ["05/03", "23:00"], "comment_content": "挑戰性高  熱血很棒"}, {"comment_author": "PRME", "comment_date": ["05/03", "23:00"], "comment_content": "笑死我"}, {"comment_author": "sa511394", "comment_date": ["05/03", "23:01"], "comment_content": "當消防只能說很M，制度跟人文素養"}, {"comment_author": "ayeae", "comment_date": ["05/03", "23:03"], "comment_content": "這。。。"}, {"comment_author": "q123212", "comment_date": ["05/03", "23:04"], "comment_content": "功德+1"}, {"comment_author": "easonli000", "comment_date": ["05/03", "23:04"], "comment_content": "看記者名就知道"}, {"comment_author": "hancao0816", "comment_date": ["05/03", "23:05"], "comment_content": "最近很缺人齁"}, {"comment_author": "clone29", "comment_date": ["05/03", "23:06"], "comment_content": "新鮮的肝"}, {"comment_author": "mucorn", "comment_date": ["05/03", "23:09"], "comment_content": "...尊重"}, {"comment_author": "saiboos", "comment_date": ["05/03", "23:09"], "comment_content": "腦袋撞到484"}, {"comment_author": "F16V", "comment_date": ["05/03", "23:10"], "comment_content": "傻了"}, {"comment_author": "F16V", "comment_date": ["05/03", "23:11"], "comment_content": "從台糖出去幹嘛"}, {"comment_author": "ZhouGongJin", "comment_date": ["05/03", "23:11"], "comment_content": "國營轉消防？"}, {"comment_author": "stlotwa", "comment_date": ["05/03", "23:11"], "comment_content": "國營轉消防怎麼跟網路上風向不一樣？"}, {"comment_author": "s973311", "comment_date": ["05/03", "23:12"], "comment_content": "幹 消防超累"}, {"comment_author": "com2", "comment_date": ["05/03", "23:13"], "comment_content": "柯悲 一堆自以為最聰明在評論別人 真他媽笑"}, {"comment_author": "s973311", "comment_date": ["05/03", "23:13"], "comment_content": "真心尊敬消防員"}, {"comment_author": "hirosue5566", "comment_date": ["05/03", "23:13"], "comment_content": "這是低能嗎"}, {"comment_author": "cjo76223", "comment_date": ["05/03", "23:14"], "comment_content": "我以為考國營公職 都是想養老的"}, {"comment_author": "RSFSR", "comment_date": ["05/03", "23:15"], "comment_content": "當消防員很偉大 只可惜有個對不起警消弟兄"}, {"comment_author": "RSFSR", "comment_date": ["05/03", "23:15"], "comment_content": "的政府..."}, {"comment_author": "onlyu0402", "comment_date": ["05/03", "23:15"], "comment_content": "待遇根本不會比較好"}, {"comment_author": "onlyu0402", "comment_date": ["05/03", "23:15"], "comment_content": "只能推功德心"}, {"comment_author": "RLH", "comment_date": ["05/03", "23:16"], "comment_content": "何苦呢"}, {"comment_author": "leterg", "comment_date": ["05/03", "23:17"], "comment_content": "台糖跟消防選消防？"}, {"comment_author": "peterwww", "comment_date": ["05/03", "23:19"], "comment_content": "要保障設備等 且提高各種科技救災"}, {"comment_author": "peterwww", "comment_date": ["05/03", "23:20"], "comment_content": "務必保障各種職災安全 健康生命"}, {"comment_author": "T28sc", "comment_date": ["05/03", "23:21"], "comment_content": "錢有差把 台糖4年職等 年薪有60萬嗎"}, {"comment_author": "spring53287", "comment_date": ["05/03", "23:22"], "comment_content": "差那一點錢 該買的還是買不起 幹嘛"}, {"comment_author": "spring53287", "comment_date": ["05/03", "23:22"], "comment_content": "拿命開玩笑"}, {"comment_author": "forhorde5566", "comment_date": ["05/03", "23:22"], "comment_content": "傻"}, {"comment_author": "djyunjie", "comment_date": ["05/03", "23:24"], "comment_content": "應該是基層3萬吧  領這種錢真的撿角"}, {"comment_author": "neoa01", "comment_date": ["05/03", "23:24"], "comment_content": "太想不開了，他不知道民進黨完全執政這8"}, {"comment_author": "neoa01", "comment_date": ["05/03", "23:25"], "comment_content": "年的軍警消司法嗎"}, {"comment_author": "sid3", "comment_date": ["05/03", "23:25"], "comment_content": "消防員哪有辛苦  很多人搶著做"}, {"comment_author": "JohnnyRev", "comment_date": ["05/03", "23:26"], "comment_content": "心裡比起穩定更想當英雄吧 人生追求不"}, {"comment_author": "JohnnyRev", "comment_date": ["05/03", "23:26"], "comment_content": "同 就算真的不幸犧牲也不會後悔"}, {"comment_author": "tttxxx", "comment_date": ["05/03", "23:27"], "comment_content": "正常人都是台糖吧"}, {"comment_author": "blairkimi", "comment_date": ["05/03", "23:28"], "comment_content": "可憐 怎不去台積"}, {"comment_author": "CHB1980", "comment_date": ["05/03", "23:28"], "comment_content": "\"農業相關科系\""}, {"comment_author": "CHB1980", "comment_date": ["05/03", "23:29"], "comment_content": "推文一堆濫情的"}, {"comment_author": "s820912gmail", "comment_date": ["05/03", "23:29"], "comment_content": "沒出息"}, {"comment_author": "CHB1980", "comment_date": ["05/03", "23:30"], "comment_content": "台大電機醫學的去當消防，想當英雄"}, {"comment_author": "CHB1980", "comment_date": ["05/03", "23:31"], "comment_content": "才有人信"}, {"comment_author": "yo897689", "comment_date": ["05/03", "23:31"], "comment_content": "傻了嗎"}, {"comment_author": "cms6384", "comment_date": ["05/03", "23:33"], "comment_content": "然後發現党寧願把經費給數發部也不給消防"}, {"comment_author": "bloodmickey", "comment_date": ["05/03", "23:35"], "comment_content": "跟飛蛾撲火87分像"}, {"comment_author": "bloodmickey", "comment_date": ["05/03", "23:37"], "comment_content": "只能說太不了解台灣的雕民跟官了"}, {"comment_author": "lowgflejd", "comment_date": ["05/03", "23:41"], "comment_content": "看吧 就說現在只有傻子在考公務員"}, {"comment_author": "tasy4n", "comment_date": ["05/03", "23:41"], "comment_content": "消防隊其實不好..."}, {"comment_author": "EXZUSIC", "comment_date": ["05/03", "23:44"], "comment_content": "才一堆消防員說不想幹了你還進去"}, {"comment_author": "EXZUSIC", "comment_date": ["05/03", "23:44"], "comment_content": "上次消防員抗議了然後呢"}, {"comment_author": "silencepap", "comment_date": ["05/03", "23:48"], "comment_content": "最近怎麼一堆這類飯桶新聞？一下監獄"}, {"comment_author": "silencepap", "comment_date": ["05/03", "23:48"], "comment_content": "管理人又是警專還有大學準備三年才上"}, {"comment_author": "silencepap", "comment_date": ["05/03", "23:48"], "comment_content": "普考的"}, {"comment_author": "Rundstedt", "comment_date": ["05/03", "23:52"], "comment_content": "傻傻的"}, {"comment_author": "huangboy31", "comment_date": ["05/03", "23:53"], "comment_content": "身在福中不知福的概念"}, {"comment_author": "ra88872", "comment_date": ["05/04", "00:04"], "comment_content": "跑去消防你還不如去考台電，還不用每天出"}, {"comment_author": "ra88872", "comment_date": ["05/04", "00:04"], "comment_content": "生入死。"}, {"comment_author": "poisonB", "comment_date": ["05/04", "00:10"], "comment_content": "消防轉台糖才是正常人吧"}, {"comment_author": "kissung", "comment_date": ["05/04", "00:10"], "comment_content": "鐵飯碗破洞了，生命也沒有保障、真的是傻"}, {"comment_author": "kissung", "comment_date": ["05/04", "00:10"], "comment_content": "了"}, {"comment_author": "z3814357", "comment_date": ["05/04", "00:11"], "comment_content": "賣命的工作有什麼好驕傲的？聽說常常缺"}, {"comment_author": "z3814357", "comment_date": ["05/04", "00:11"], "comment_content": "裝備"}, {"comment_author": "simo520", "comment_date": ["05/04", "00:14"], "comment_content": "為了好考才當消防員？"}, {"comment_author": "xaxa0101", "comment_date": ["05/04", "00:19"], "comment_content": "太傻了"}, {"comment_author": "your0207", "comment_date": ["05/04", "00:20"], "comment_content": "要準備喔..."}, {"comment_author": "perlone", "comment_date": ["05/04", "00:25"], "comment_content": "國營準時上下班 爽爽做不去做......"}, {"comment_author": "selvester", "comment_date": ["05/04", "00:30"], "comment_content": "火神的眼淚複習一下 要裝備汰換會被刁"}, {"comment_author": "selvester", "comment_date": ["05/04", "00:30"], "comment_content": "難 要拒絕鬧事的出車會被打市民電話"}, {"comment_author": "selvester", "comment_date": ["05/04", "00:30"], "comment_content": "捕蜂抓蛇從頭開始學 沒事就寫紀錄表"}, {"comment_author": "taotiehs", "comment_date": ["05/04", "00:40"], "comment_content": "做功德"}, {"comment_author": "coffee112", "comment_date": ["05/04", "00:40"], "comment_content": "辛苦了 小心安全"}, {"comment_author": "annmei", "comment_date": ["05/04", "00:41"], "comment_content": "要確定捏！我一堆同事好不容易娶了老婆，"}, {"comment_author": "annmei", "comment_date": ["05/04", "00:41"], "comment_content": "但後來都離婚了！消防員難兼顧家庭啊"}, {"comment_author": "crystal0504", "comment_date": ["05/04", "00:44"], "comment_content": "過太爽 還去考消防…"}, {"comment_author": "annmei", "comment_date": ["05/04", "00:44"], "comment_content": "如果真要當，拜託千萬別來新北"}, {"comment_author": "chaoswarudo", "comment_date": ["05/04", "00:55"], "comment_content": "跳脫舒適圈 結果跳到火坑== 在想什"}, {"comment_author": "chaoswarudo", "comment_date": ["05/04", "00:55"], "comment_content": "麼"}, {"comment_author": "RaiGend0519", "comment_date": ["05/04", "00:59"], "comment_content": "消防員更操更沒生活..."}, {"comment_author": "shinobunodok", "comment_date": ["05/04", "01:02"], "comment_content": "台糖跑去考消防？？？？？"}, {"comment_author": "hegemon", "comment_date": ["05/04", "01:11"], "comment_content": "從一個火坑跳另外一個火坑"}, {"comment_author": "guertu", "comment_date": ["05/04", "01:12"], "comment_content": "家鄉在新北吧"}, {"comment_author": "ltysw", "comment_date": ["05/04", "01:12"], "comment_content": "不如去做詐騙"}, {"comment_author": "Irelia56", "comment_date": ["05/04", "01:17"], "comment_content": "消防特考大降考科內容 根本隨便考就上"}, {"comment_author": "ksxo", "comment_date": ["05/04", "01:18"], "comment_content": "台糖甚至在國營中都是頂的"}, {"comment_author": "hate0322", "comment_date": ["05/04", "01:19"], "comment_content": "何苦"}, {"comment_author": "ChikanDesu", "comment_date": ["05/04", "02:03"], "comment_content": "想不開=="}, {"comment_author": "Zhang274", "comment_date": ["05/04", "02:05"], "comment_content": "火神的眼淚表示"}, {"comment_author": "Taiwanwolf", "comment_date": ["05/04", "02:08"], "comment_content": "考消防不難，難的是這碗飯吃到退休"}, {"comment_author": "Qua3small", "comment_date": ["05/04", "02:10"], "comment_content": "為了脫離台糖舒適圈 … ？？？"}, {"comment_author": "Qua3small", "comment_date": ["05/04", "02:11"], "comment_content": "消防光是體力的考試年紀門檻就"}, {"comment_author": "q09701023", "comment_date": ["05/04", "02:11"], "comment_content": "已Cp值 不意外各方面 比護理師好了"}, {"comment_author": "needeng", "comment_date": ["05/04", "02:17"], "comment_content": "台糖可能只是職代之類的？"}, {"comment_author": "running9977", "comment_date": ["05/04", "02:18"], "comment_content": "「見紅休+上班8小時+作息正常」保證"}, {"comment_author": "running9977", "comment_date": ["05/04", "02:18"], "comment_content": "你下消防隊後會想掐死自己"}, {"comment_author": "sw9294", "comment_date": ["05/04", "02:47"], "comment_content": "從舒適圈跳到火坑……有理想"}, {"comment_author": "potential208", "comment_date": ["05/04", "04:03"], "comment_content": "白癡長官叫你衝火場就掰了"}, {"comment_author": "escape54321", "comment_date": ["05/04", "04:41"], "comment_content": "考警消跳火坑幹嘛 真傻"}, {"comment_author": "seagawk", "comment_date": ["05/04", "04:52"], "comment_content": "最近新聞不是說消防最近是屎缺，一堆人跳"}, {"comment_author": "seagawk", "comment_date": ["05/04", "04:52"], "comment_content": "出來？結果這個是怎樣？逆向操作？"}, {"comment_author": "ray0808", "comment_date": ["05/04", "04:59"], "comment_content": "不是完全沒好處啦，錢比較多跟退休年齡"}, {"comment_author": "ray0808", "comment_date": ["05/04", "04:59"], "comment_content": "比較早。"}, {"comment_author": "racheel", "comment_date": ["05/04", "05:28"], "comment_content": "確定不是幻想文？真奇葩"}, {"comment_author": "icestome", "comment_date": ["05/04", "06:18"], "comment_content": "祝福洪先生出任務都能平安歸來"}, {"comment_author": "Gsun", "comment_date": ["05/04", "06:32"], "comment_content": "內政部買新聞???"}, {"comment_author": "fundme", "comment_date": ["05/04", "06:33"], "comment_content": "鐵飯碗裡面都裝屎 也要吃？"}, {"comment_author": "nokias", "comment_date": ["05/04", "06:46"], "comment_content": "消防啊….."}, {"comment_author": "wsad66", "comment_date": ["05/04", "07:04"], "comment_content": "年輕就是該多闖闖 不要在能一直做到退休"}, {"comment_author": "wsad66", "comment_date": ["05/04", "07:04"], "comment_content": "的地方腐朽 沒走過地獄的不要說地獄燙 雖"}, {"comment_author": "wsad66", "comment_date": ["05/04", "07:05"], "comment_content": "然闖完一趟地獄想回天堂的難度又是另一回"}, {"comment_author": "wsad66", "comment_date": ["05/04", "07:05"], "comment_content": "事了 笑死"}, {"comment_author": "l83OGC5566", "comment_date": ["05/04", "07:13"], "comment_content": "30%閉眼考都上吧"}, {"comment_author": "philae1112", "comment_date": ["05/04", "07:29"], "comment_content": "國營跳消防......"}, {"comment_author": "polestar0505", "comment_date": ["05/04", "07:40"], "comment_content": "好好的國營不待？？？"}, {"comment_author": "eayterrr", "comment_date": ["05/04", "07:43"], "comment_content": "呃…人各有志 難以理解"}, {"comment_author": "swxx", "comment_date": ["05/04", "07:43"], "comment_content": "還要準備八個月？不是報名就上了…"}, {"comment_author": "swxx", "comment_date": ["05/04", "07:44"], "comment_content": "超級屎缺……"}, {"comment_author": "kilhi", "comment_date": ["05/04", "07:54"], "comment_content": "從台糖去當消防 只能說有勇氣"}, {"comment_author": "xdctjh", "comment_date": ["05/04", "07:59"], "comment_content": "這也需要唸？"}, {"comment_author": "Azabulu", "comment_date": ["05/04", "08:07"], "comment_content": "…國營都待不住去消防 只能說Good luck"}, {"comment_author": "Jeff911", "comment_date": ["05/04", "08:17"], "comment_content": "你會後悔死"}, {"comment_author": "d1438a", "comment_date": ["05/04", "08:25"], "comment_content": "消防都業了 唉"}, {"comment_author": "joe00477", "comment_date": ["05/04", "08:35"], "comment_content": "傻，國營可以爽領年終7個月"}, {"comment_author": "eddiefunnyyy", "comment_date": ["05/04", "08:59"], "comment_content": "消防員考試是能多難還要準備八個月"}, {"comment_author": "steven1607", "comment_date": ["05/04", "08:59"], "comment_content": "傻了 換這種生命沒保障的屎缺"}, {"comment_author": "overpride", "comment_date": ["05/04", "09:27"], "comment_content": "台糖耶很可惜.."}, {"comment_author": "horb", "comment_date": ["05/04", "10:16"], "comment_content": "有點危險的工作"}, {"comment_author": "LOGIC5566", "comment_date": ["05/04", "10:28"], "comment_content": "明明就很缺人"}, {"comment_author": "kkkshiny", "comment_date": ["05/04", "10:38"], "comment_content": ".."}, {"comment_author": "ogcman", "comment_date": ["05/04", "10:40"], "comment_content": "準備體能訓練吧"}, {"comment_author": "mynewid", "comment_date": ["05/04", "10:42"], "comment_content": "下一個目標是活下去"}, {"comment_author": "Freeven", "comment_date": ["05/04", "11:42"], "comment_content": "功德+1"}, {"comment_author": "justeat", "comment_date": ["05/04", "12:39"], "comment_content": "台糖轉消防，很快就後悔"}, {"comment_author": "im31519", "comment_date": ["05/04", "14:01"], "comment_content": "等你待一段時間就會後悔這決定"}, {"comment_author": "dday660428", "comment_date": ["05/04", "14:22"], "comment_content": "真的傻 台糖低調爽的跑去當消防.."}, {"comment_author": "homerunball", "comment_date": ["05/04", "14:34"], "comment_content": "J三小"}, {"comment_author": "yuchifan", "comment_date": ["05/04", "16:32"], "comment_content": "火神眼淚沒看過？真的傻了"}, {"comment_author": "ohrring", "comment_date": ["05/04", "17:36"], "comment_content": "笑死消防業配文"}, {"comment_author": "ohrring", "comment_date": ["05/04", "17:37"], "comment_content": "消防是公認大屎缺 土木至少還有土城 消"}, {"comment_author": "ohrring", "comment_date": ["05/04", "17:37"], "comment_content": "防直接火化"}]}
