{"author": "salischry (ss)", "category": "Gossiping", "title": "[新聞] 政院擬提修法 新增村里長7.5萬春節慰勞金", "date": "Wed May  1 22:08:25 2024", "content": ["備註請放最後面 違者新聞文章刪除1.媒體來源:中央通訊社2.記者署名:賴于榛3.完整新聞標題:政院擬提修法 新增村里長7.5萬春節慰勞金4.完整新聞內文:考量村、里長職責多元且繁重，以及加強保障助理勞動權益，行政院會明天將通過相關修法，包含增訂發給村里長春節慰勞金新台幣7.5萬元，以及調高全台縣市議員助理補助費總額最高30萬元。行政院會明天將通過「地方民意代表費用支給及村里長事務補助費補助條例」部分條文修正草案，政院官員表示，補助條例自民國89年施行迄今，民眾對於議員問政及服務要求日益增加，加上基本工資及物價已有一定調整及漲幅，為健全議員聘用助理制度、加強保障助理勞動權益及兼顧民意代表為民服務的需要，因此修法調增議員助理補助費總額。根據草案，直轄市議員從每月原本24萬元增加至30萬元、縣市議員助理補助費總額自8萬元增至14萬元，並再外加補助費總額20%，補助議員支應助理加班費等費用；而為配合總額調整，以及增加議員聘用助理彈性，此次修正聘用助理人數，直轄市議員至少聘7人、縣市議員至少聘3人。另外，這次也修法調增地方民意代表為民服務費，直轄市議員從現行2萬元調高至4萬元、縣（市）議員從9000元調高至2萬元、鄉、鎮、市民代表從3000調高至5000元，且為因應實務運作需要，草案增訂議會須建立內部控制制度及明確各種費用請領規範，從制度面減少詐領費用情形。政院官員說，軍公教人員有發給年終工作獎金、地方民意代表有發給春節慰勞金，各行業亦多有發給年終獎金慣例，考量村、里長全年在第一線執行各級政府交辦任務，職責多元且繁重，因此這次修法特別參照軍公教人員年終工作獎金1.5個月，增訂發給村里長春節慰勞金，以5萬元為基準計算，每年春節慰勞金7萬5000元。同時，這次修法考量原住民議員及原住民族地區的村、里長服務轄區範圍較廣、交通不便及所服務的原住民散居等情況，服務居民需要耗費更多的成本，官員表示，草案增訂每月原住民議員的為民服務費及原住民族地區村、里長事務補助費酌增10%，以原住民族地區村、里長事務補助費為例，將從原本每月5萬元增至5萬5000元。（編輯：林興盟）5.完整新聞連結 (或短網址)不可用YAHOO、LINE、MSN等轉載媒體:", "6.備註:", "--"], "post_comment": [{"comment_author": "piercingX", "comment_date": ["05/01", "22:09"], "comment_content": "綁椿"}, {"comment_author": "t81511270", "comment_date": ["05/01", "22:09"], "comment_content": "穩了 40%妥妥的"}, {"comment_author": "t81511270", "comment_date": ["05/01", "22:10"], "comment_content": "反觀 省錢省到被唾棄的師傅"}, {"comment_author": "Ayreon", "comment_date": ["05/01", "22:10"], "comment_content": "肉桶法案 然後沒人敢擋 大家悶聲大發財"}, {"comment_author": "freehouse", "comment_date": ["05/01", "22:10"], "comment_content": "有夠難看"}, {"comment_author": "m19issmart", "comment_date": ["05/01", "22:10"], "comment_content": "買票好爽喔"}, {"comment_author": "autopass", "comment_date": ["05/01", "22:10"], "comment_content": "dpp躺著選"}, {"comment_author": "gueswmi", "comment_date": ["05/01", "22:11"], "comment_content": "債留子孫 好久沒聽過了"}, {"comment_author": "axbx1524", "comment_date": ["05/01", "22:11"], "comment_content": "笑死，哪來的立場搞年改？"}, {"comment_author": "Osmium", "comment_date": ["05/01", "22:12"], "comment_content": "笑死 DPP爛招 還是一堆人會中"}, {"comment_author": "alan0204", "comment_date": ["05/01", "22:12"], "comment_content": "垃圾"}, {"comment_author": "littlehappy1", "comment_date": ["05/01", "22:14"], "comment_content": "40%都低收沒在繳稅的 無所謂"}, {"comment_author": "aa0845", "comment_date": ["05/01", "22:14"], "comment_content": "藍白不敢擋了吧"}, {"comment_author": "bonfferoni", "comment_date": ["05/01", "22:15"], "comment_content": "慷他人之慨 真爽"}, {"comment_author": "xvhak", "comment_date": ["05/01", "22:16"], "comment_content": "一般公務員有加薪？ 根本買票 超噁"}, {"comment_author": "oldcrow", "comment_date": ["05/01", "22:20"], "comment_content": "民進狗党沒有節省民脂民膏的想法啦，能花"}, {"comment_author": "oldcrow", "comment_date": ["05/01", "22:21"], "comment_content": "就花，能浪費就浪費"}, {"comment_author": "pttrr", "comment_date": ["05/01", "22:27"], "comment_content": "幹 一堆垃圾"}, {"comment_author": "leonhsu", "comment_date": ["05/01", "22:53"], "comment_content": "撈錢嚕"}, {"comment_author": "v9300087", "comment_date": ["05/01", "22:58"], "comment_content": "大禮包 真爽 繳稅的各位 錢丟水溝啦~"}, {"comment_author": "pxxxl", "comment_date": ["05/01", "22:58"], "comment_content": "開始地方綁樁...高招"}, {"comment_author": "treeeasy", "comment_date": ["05/01", "23:38"], "comment_content": "40%的選擇。"}]}
