{"author": "yukihira (△_△▲)", "category": "Gossiping", "title": "[新聞] 被同事夾傷手「釘孤枝」卻打輸 撂人持瓦", "date": "Thu May  2 15:13:39 2024", "content": ["自由時報〔記者陸運鋒／新北報導〕在新北市中和一處工地上班的潘姓男子，工作時被劉姓同事夾傷手指，雙方進而爆發肢體衝突，但打輸的潘男心有不甘，撂來賴姓男子等人持瓦斯槍嗆「給我小心一點！」說完後便離去，警方獲報後循線追查，在3小時內逮捕潘嫌等4人，詢後移送偵辦。警方調查，30歲潘男與49歲劉男為連城路某工地同事，而劉男昨天上午進行綁鋼筋作業時，不慎夾傷潘男的右手指，而潘男要求劉男道歉遭到拒絕，因此打算與劉男來場「釘孤枝」，但雙方互毆後，較矮小的潘男敗下陣來。據查，潘男打輸後心有不甘，撂來28歲賴姓、33歲李姓及29歲黎姓男子到場，其中賴男掏出瓦斯槍對劉男嗆「你給我小心一點」，而李、黎則在一旁助勢叫囂，最後被在場的其他工人阻止後，潘等4人隨即駕駛自小客車逃逸。警方表示，獲報後立即組成專案小組，調閱沿途監視影像追查，於3小時內在新莊區新泰路賴男住處將其逮捕，並查扣瓦斯槍3把，後續再通知潘、李、黎等人到案說明，警詢後，將4人依妨害秩序、恐嚇公眾危安罪嫌移送新北地檢偵辦。", "--"], "post_comment": [{"comment_author": "s820912gmail", "comment_date": ["05/02", "15:13"], "comment_content": "安居樂業"}, {"comment_author": "squelch", "comment_date": ["05/02", "15:14"], "comment_content": "反正全台灣只剩我沒有槍"}, {"comment_author": "O10lOl01O", "comment_date": ["05/02", "15:14"], "comment_content": "咦?工地不都剩逃逸外勞了嗎"}, {"comment_author": "STi2011", "comment_date": ["05/02", "15:14"], "comment_content": "邀請戰鬥 戰敗  邀請嗆聲 被抓"}, {"comment_author": "Dcwei", "comment_date": ["05/02", "15:15"], "comment_content": "手被夾傷還打架 當然打輸呀"}, {"comment_author": "Dirgo", "comment_date": ["05/02", "15:15"], "comment_content": "都夾傷了還釘孤枝,+9真的可愛."}, {"comment_author": "max60209", "comment_date": ["05/02", "15:15"], "comment_content": "新莊廢物日常"}, {"comment_author": "STi2011", "comment_date": ["05/02", "15:15"], "comment_content": "而且30還釘輸49的...."}, {"comment_author": "a27588679", "comment_date": ["05/02", "15:17"], "comment_content": "打輸用手被夾傷當藉口先撤不就好了 硬"}, {"comment_author": "a27588679", "comment_date": ["05/02", "15:17"], "comment_content": "要嗆"}, {"comment_author": "s6525480", "comment_date": ["05/02", "15:17"], "comment_content": "上半場拒絕屈辱 選擇戰爭 給推"}, {"comment_author": "s6525480", "comment_date": ["05/02", "15:17"], "comment_content": "下半場臭淑辣給箭頭"}, {"comment_author": "mozaiwen", "comment_date": ["05/02", "15:17"], "comment_content": "可撥！30打輸49...."}, {"comment_author": "luciffar", "comment_date": ["05/02", "15:23"], "comment_content": "夾手珍"}, {"comment_author": "ThisisLongID", "comment_date": ["05/02", "15:36"], "comment_content": "釘孤枝結果30輸49 可憐"}, {"comment_author": "flies0809", "comment_date": ["05/02", "15:44"], "comment_content": "果然老師傅比較有力"}, {"comment_author": "sunnyyoung", "comment_date": ["05/02", "15:45"], "comment_content": "真廢 一定是臨時工 打不贏一身橫練老"}, {"comment_author": "sunnyyoung", "comment_date": ["05/02", "15:45"], "comment_content": "師傅"}, {"comment_author": "andy6805", "comment_date": ["05/02", "16:30"], "comment_content": "菜比八 綁鋼筋一輩子的老塞一定超壯"}]}
