{"author": "kevinqazwsx (Irean)", "category": "Gossiping", "title": "[新聞] 已讀要回！北市推「離線權」　下班傳訊算加班", "date": "Mon Apr 29 09:22:14 2024", "content": ["已讀要回！北市推「離線權」　下班傳訊算加班記者 楊沛緰 / 攝影 李明輝 報導發佈時間：2024/04/27 18:59下班還接到老闆交辦工作的訊息，可能被認作是「另類加班」。現在台北市定出行政指導原則，保障勞工的「離線權」。若員工下班後，還收到雇主指派任務，只要有讀訊息並回傳工作成果，都能算加班，雇主要給付加班費，以「每分鐘」計算。學生vs台北市長蔣萬安：「台北的未來在你手中，蔣萬安跟大家講晚安。」看看這一身打扮，外套落肩T桖加上牛仔褲，台北市長蔣萬安有備而來。當DJ刷碟，讓台下嘻哈研究社團學生歡呼連連，沒看過蔣市長的這一面，形象上蔣萬安力求突破，施政方面也要挺勞工。台北市長蔣萬安：「離線權這個概念，最主要是在疫情之後，在家上班變成一個趨勢。」記者楊沛緰：「如果下班時間，還收到老闆交辦工作訊息，現在北市府訂出規範，只要秀出已讀並且回覆的截圖證據，就可以向老闆申請加班費。」如果下班後主管傳訊息指派任務，員工有回覆並回傳工作成果，就算有加班，原則上以「分鐘」來計費，以月薪制為例，來換算每分鐘薪水，如果是不讀不回，則會被判定沒有進行勞務付出，就不算加班，至於已讀不回，因為難舉證要算加班也有困難。北市認為雇主應該尊重勞工的「離線權」，讓勞工在下班後，可拒絕回覆工作訊息。勞動局：「這個東西是行政指導，行政指導在目前我們並沒有自治條例，也沒有中央立的母法，或者是中央全國性一致的法律，所以我們先訂一個這樣行政指導。」現階段在台北市的事業單位都適用，但倘若未來有機會推行到民間企業單位...民眾：「(會截圖申請加班嗎)不敢啦，不會啦，沒人敢這樣做，我剛剛才回老闆的信。」民眾：「有窒礙難行之處，我是覺得這政策不錯啦。」補教業者陳偉：「當學生回家以後跟家長反映學習狀況，可是那時候如果是下班時間，我該不該回家長？或是身為業者的我，該不該去詢問授課老師學生上課情形？」各行業別各有為難之處，就算未來市民都能主張「離線權」，訊息回不回或是否申請加班費，或許壓力還是不減。", "備註:市長都說可以了 勞工還在怕東怕西--"], "post_comment": [{"comment_author": "alex00089", "comment_date": ["04/29", "09:22"], "comment_content": "矽谷經驗"}, {"comment_author": "lpbrother", "comment_date": ["04/29", "09:23"], "comment_content": "只回貼圖要算幾分鐘？"}, {"comment_author": "Gazza555", "comment_date": ["04/29", "09:23"], "comment_content": "科技業敢不回嗎"}, {"comment_author": "em4", "comment_date": ["04/29", "09:23"], "comment_content": "勞動部承不承認？"}, {"comment_author": "new1974", "comment_date": ["04/29", "09:23"], "comment_content": "老師下班後回家長訊息，誰給錢？"}, {"comment_author": "lpbrother", "comment_date": ["04/29", "09:24"], "comment_content": "結果鄉民狂傳啦啦隊圖片給老闆"}, {"comment_author": "vowpool", "comment_date": ["04/29", "09:24"], "comment_content": "講歸講"}, {"comment_author": "ajemtw", "comment_date": ["04/29", "09:25"], "comment_content": "笑死還要傳工作成果，垃圾主管都說「明天"}, {"comment_author": "ILoveKMT", "comment_date": ["04/29", "09:25"], "comment_content": "你家的事啦"}, {"comment_author": "ajemtw", "comment_date": ["04/29", "09:25"], "comment_content": "我上班要看到」啦"}, {"comment_author": "alex00089", "comment_date": ["04/29", "09:25"], "comment_content": "明天不用來了踢出群組就離線了啊"}, {"comment_author": "fallheart", "comment_date": ["04/29", "09:26"], "comment_content": "政策走在黨前面，慘了"}, {"comment_author": "pita30", "comment_date": ["04/29", "09:26"], "comment_content": "那我要去下載自動秒讀APP"}, {"comment_author": "goodyW", "comment_date": ["04/29", "09:27"], "comment_content": "秀出來主管老板抓去關才有用"}, {"comment_author": "ziso", "comment_date": ["04/29", "09:27"], "comment_content": "好了拉  講這東西自己會信嗎???"}, {"comment_author": "kkjjrtlym", "comment_date": ["04/29", "09:27"], "comment_content": "反觀730開會的XDDDDDDDDDDDDD"}, {"comment_author": "soarling", "comment_date": ["04/29", "09:27"], "comment_content": "我覺得可以 但 怎麼監督XD"}, {"comment_author": "ziso", "comment_date": ["04/29", "09:27"], "comment_content": "還截圖勒?加班費給完順便給你資遣費"}, {"comment_author": "GOD5566", "comment_date": ["04/29", "09:28"], "comment_content": "不會性騷擾立一個生活騷擾防治法喔"}, {"comment_author": "lesnaree2", "comment_date": ["04/29", "09:28"], "comment_content": "有改變都是好的"}, {"comment_author": "whiteflora6", "comment_date": ["04/29", "09:28"], "comment_content": "boss：可以不回啊 哈哈哈哈哈"}, {"comment_author": "firetim", "comment_date": ["04/29", "09:28"], "comment_content": "笑死~結果勞動相關單位怕資方怕得要死，"}, {"comment_author": "firetim", "comment_date": ["04/29", "09:28"], "comment_content": "不講還以為他們領的是資方薪水"}, {"comment_author": "whiteflora6", "comment_date": ["04/29", "09:28"], "comment_content": "人事部~~~"}, {"comment_author": "konanno1", "comment_date": ["04/29", "09:29"], "comment_content": "希望個位勞工界的斤英，下班後能常常常"}, {"comment_author": "konanno1", "comment_date": ["04/29", "09:30"], "comment_content": "常主動上公司群組看看新聞"}, {"comment_author": "bubblet", "comment_date": ["04/29", "09:30"], "comment_content": "haha"}, {"comment_author": "vulu04u04", "comment_date": ["04/29", "09:31"], "comment_content": "先從GG做起~輪班星人~股價要大跌了"}, {"comment_author": "OnlyWTM", "comment_date": ["04/29", "09:31"], "comment_content": "自己去跟老闆講"}, {"comment_author": "mayokonami", "comment_date": ["04/29", "09:33"], "comment_content": "怎麼算分鐘？從收到回的時間？"}, {"comment_author": "konanno1", "comment_date": ["04/29", "09:34"], "comment_content": "天亮了 ㄟ幹 主管把發出來的訊息全收回"}, {"comment_author": "konanno1", "comment_date": ["04/29", "09:34"], "comment_content": "了"}, {"comment_author": "stareil", "comment_date": ["04/29", "09:35"], "comment_content": "作秀"}, {"comment_author": "ter2788", "comment_date": ["04/29", "09:35"], "comment_content": "有屁用 先增加申訴成功案例好嗎？"}, {"comment_author": "ter2788", "comment_date": ["04/29", "09:35"], "comment_content": "過幾個月麻煩告訴我你們罰款多少公司"}, {"comment_author": "joe33144", "comment_date": ["04/29", "09:35"], "comment_content": "直接開除"}, {"comment_author": "ter2788", "comment_date": ["04/29", "09:36"], "comment_content": "這是個好政策 問題你們根本不想執行啊"}, {"comment_author": "Jaygo5566", "comment_date": ["04/29", "09:36"], "comment_content": "不適用公務員有個屁用？"}, {"comment_author": "spring53287", "comment_date": ["04/29", "09:37"], "comment_content": "勞動局確實做事就可以了，搞這些有"}, {"comment_author": "spring53287", "comment_date": ["04/29", "09:37"], "comment_content": "的沒的"}, {"comment_author": "ebeta", "comment_date": ["04/29", "09:37"], "comment_content": "反觀民進黨政府跟勞動部，還再推行責任制！"}, {"comment_author": "star1023", "comment_date": ["04/29", "09:37"], "comment_content": "笑死 自己北市府多少下班在交辦事項的"}, {"comment_author": "palindromes", "comment_date": ["04/29", "09:38"], "comment_content": "家長：老師今天我家#^!^!%%!"}, {"comment_author": "deann", "comment_date": ["04/29", "09:38"], "comment_content": "照這個標準 台積電應該要付工程師24小時薪"}, {"comment_author": "palindromes", "comment_date": ["04/29", "09:38"], "comment_content": "你看老師敢不回"}, {"comment_author": "speciallll", "comment_date": ["04/29", "09:40"], "comment_content": "智障民粹政策"}, {"comment_author": "JonBrockman", "comment_date": ["04/29", "09:42"], "comment_content": "那現在勞工提出下班後收line也要計算"}, {"comment_author": "JonBrockman", "comment_date": ["04/29", "09:42"], "comment_content": "加班費啊，北市開始個案認定吧！！！"}, {"comment_author": "PCC2003", "comment_date": ["04/29", "09:42"], "comment_content": "開放申請加班費，敢申請試試看啊"}, {"comment_author": "justice0616", "comment_date": ["04/29", "09:43"], "comment_content": "死綠狗要崩潰了"}, {"comment_author": "Waitaha", "comment_date": ["04/29", "09:43"], "comment_content": "何佩珊趕快修法啊  還是勞工要自立自強？"}, {"comment_author": "EfiwymsiAros", "comment_date": ["04/29", "09:45"], "comment_content": "北七 哪個敢要"}, {"comment_author": "ashlikewing", "comment_date": ["04/29", "09:46"], "comment_content": "你先看看自己的團隊吧"}, {"comment_author": "LoveFood", "comment_date": ["04/29", "09:48"], "comment_content": "有公司地震 員工還「自願」趕回辦公室"}, {"comment_author": "pdz", "comment_date": ["04/29", "09:48"], "comment_content": "那怎麼計算幾分鐘?"}, {"comment_author": "s8800892000", "comment_date": ["04/29", "09:48"], "comment_content": "那老闆收回訊息怎麼辦 要調紀錄嗎"}, {"comment_author": "squelch", "comment_date": ["04/29", "09:49"], "comment_content": "讚啦"}, {"comment_author": "lota", "comment_date": ["04/29", "09:50"], "comment_content": "那台北市公務員行不行？帶頭示範啊？"}, {"comment_author": "lota", "comment_date": ["04/29", "09:50"], "comment_content": "政府都不以身作則，民間還"}, {"comment_author": "lota", "comment_date": ["04/29", "09:50"], "comment_content": "會理你？？"}, {"comment_author": "dovepacket", "comment_date": ["04/29", "09:51"], "comment_content": "結果只推勞工  公務員一樣做死"}, {"comment_author": "s999132", "comment_date": ["04/29", "09:52"], "comment_content": "智障型手機銷量暴增"}, {"comment_author": "ihero", "comment_date": ["04/29", "09:57"], "comment_content": "笑死"}, {"comment_author": "kuosos520", "comment_date": ["04/29", "09:57"], "comment_content": "國民黨不得倒，台灣不會好"}, {"comment_author": "anding", "comment_date": ["04/29", "09:58"], "comment_content": "這就是如果老闆要逼退你或資遣時，一起跟"}, {"comment_author": "anding", "comment_date": ["04/29", "09:58"], "comment_content": "老闆算帳。記得要留存，勞工們。"}, {"comment_author": "yuinghoooo", "comment_date": ["04/29", "09:59"], "comment_content": "GG都會給加班費吧"}, {"comment_author": "skyey0908", "comment_date": ["04/29", "10:00"], "comment_content": "好好留著 ，退休告一筆退休金"}, {"comment_author": "yggyygy", "comment_date": ["04/29", "10:02"], "comment_content": "幹 蔣家終於做件好事了"}, {"comment_author": "moonpaper", "comment_date": ["04/29", "10:02"], "comment_content": "台灣法律世界嚴格,執行0+裁罰不痛不癢"}, {"comment_author": "yggyygy", "comment_date": ["04/29", "10:02"], "comment_content": "講萬安 酸宗痛"}, {"comment_author": "basslife", "comment_date": ["04/29", "10:03"], "comment_content": "讚讚 但這種東西要怎麼落實 誰敢講?"}, {"comment_author": "basslife", "comment_date": ["04/29", "10:03"], "comment_content": "先在台北市政府試辦吧"}, {"comment_author": "b2305911", "comment_date": ["04/29", "10:04"], "comment_content": "公務員不是勞工 謝謝指教"}, {"comment_author": "funeasy", "comment_date": ["04/29", "10:05"], "comment_content": "北市府多少在下班交辦的？"}, {"comment_author": "funeasy", "comment_date": ["04/29", "10:05"], "comment_content": "好意思說…"}, {"comment_author": "zeebr", "comment_date": ["04/29", "10:06"], "comment_content": "要求成果隔天一上班時放辦公桌就不用回傳"}, {"comment_author": "zeebr", "comment_date": ["04/29", "10:06"], "comment_content": "了"}, {"comment_author": "xsion", "comment_date": ["04/29", "10:06"], "comment_content": "跟台積電說啊"}, {"comment_author": "clovergirl", "comment_date": ["04/29", "10:06"], "comment_content": "舉報完直接被退群回家吃自己"}, {"comment_author": "clovergirl", "comment_date": ["04/29", "10:06"], "comment_content": "一定要匿名舉報"}, {"comment_author": "funeasy", "comment_date": ["04/29", "10:06"], "comment_content": "你可以把他們電爆我就信"}, {"comment_author": "a25785885", "comment_date": ["04/29", "10:10"], "comment_content": "主管下班時間看你工作成果算很佛的 一"}, {"comment_author": "a25785885", "comment_date": ["04/29", "10:10"], "comment_content": "般都下班要求開會嘴 好的是我 不好是"}, {"comment_author": "a25785885", "comment_date": ["04/29", "10:10"], "comment_content": "他亂搞"}, {"comment_author": "janems", "comment_date": ["04/29", "10:11"], "comment_content": "是不是在臭前一任市長？小草覺得呢？"}, {"comment_author": "HolyBugTw", "comment_date": ["04/29", "10:16"], "comment_content": "罰過勞開罰單才幾毛錢，你說這個有用嗎"}, {"comment_author": "jerrylin", "comment_date": ["04/29", "10:17"], "comment_content": "傳一個訊息罰主管一萬看哪個主管還敢傳"}, {"comment_author": "jerrylin", "comment_date": ["04/29", "10:18"], "comment_content": "加班費以兩倍時薪計算"}, {"comment_author": "jerrylin", "comment_date": ["04/29", "10:18"], "comment_content": "一直傳的直接告性騷擾"}, {"comment_author": "audi1005", "comment_date": ["04/29", "10:19"], "comment_content": "可是屬下下班後給主管的line 要怎麼算"}, {"comment_author": "elmoman", "comment_date": ["04/29", "10:20"], "comment_content": "低能 管過界"}, {"comment_author": "kamisanma", "comment_date": ["04/29", "10:22"], "comment_content": "算加班 但給報嗎？敢報嗎？"}, {"comment_author": "nolag", "comment_date": ["04/29", "10:27"], "comment_content": "公務員先比照喔"}, {"comment_author": "m6699", "comment_date": ["04/29", "10:32"], "comment_content": "我遇過下班或半夜傳給你，說明天處理就好，"}, {"comment_author": "m6699", "comment_date": ["04/29", "10:33"], "comment_content": "但會靠北你沒有回覆訊息不積極"}, {"comment_author": "inmor", "comment_date": ["04/29", "10:33"], "comment_content": "首長收到人民的訊息，可以離線嗎？"}, {"comment_author": "TANGsoup", "comment_date": ["04/29", "10:33"], "comment_content": "哭喔推是必推的吧 怎麼一堆人先幫主管預"}, {"comment_author": "TANGsoup", "comment_date": ["04/29", "10:34"], "comment_content": "設立場？"}, {"comment_author": "Mathematica", "comment_date": ["04/29", "10:34"], "comment_content": "誰敢要"}, {"comment_author": "t77133562003", "comment_date": ["04/29", "10:38"], "comment_content": "用分鐘計算根本垃圾"}, {"comment_author": "goodboy98", "comment_date": ["04/29", "10:40"], "comment_content": "台積電 不喜歡這篇"}, {"comment_author": "Xzcas", "comment_date": ["04/29", "10:50"], "comment_content": "怎麼落實，不是喊口號"}, {"comment_author": "Justinchen", "comment_date": ["04/29", "11:08"], "comment_content": "老闆傳訊：明天早上我要看到報告在我"}, {"comment_author": "Justinchen", "comment_date": ["04/29", "11:08"], "comment_content": "桌上"}, {"comment_author": "kkkaq123", "comment_date": ["04/29", "11:13"], "comment_content": "家長下班問 老師可以上班回吧"}, {"comment_author": "j33128", "comment_date": ["04/29", "11:15"], "comment_content": "白痴政策，有多少人敢報？"}, {"comment_author": "yurian", "comment_date": ["04/29", "11:17"], "comment_content": "奴性真重 也對 又被更奴役人民的統治了八"}, {"comment_author": "yurian", "comment_date": ["04/29", "11:17"], "comment_content": "年"}, {"comment_author": "crm123", "comment_date": ["04/29", "12:16"], "comment_content": "敢不回覆績效直接扣光  低能政策"}, {"comment_author": "yuki2474", "comment_date": ["04/29", "12:37"], "comment_content": "司法單位沒錢付加班費的怎麼算呀？"}, {"comment_author": "nxuanr", "comment_date": ["04/29", "13:46"], "comment_content": "真的 下班傳鬼訊息 台灣人老闆神經"}, {"comment_author": "nxuanr", "comment_date": ["04/29", "13:46"], "comment_content": "病"}, {"comment_author": "nxuanr", "comment_date": ["04/29", "13:47"], "comment_content": "開罰啊"}, {"comment_author": "vicdecx", "comment_date": ["04/29", "14:30"], "comment_content": "支持 開明"}, {"comment_author": "loking", "comment_date": ["04/29", "16:06"], "comment_content": "市政府員工表示："}, {"comment_author": "milkfrank", "comment_date": ["04/29", "16:55"], "comment_content": "人家業界薪水多少 公部門甲賽"}, {"comment_author": "bobokeke", "comment_date": ["04/29", "17:25"], "comment_content": "台積電人資主管不喜歡這則新聞"}, {"comment_author": "speciallll", "comment_date": ["04/30", "08:32"], "comment_content": "回訊息這樣算有勞務供給？？？"}, {"comment_author": "speciallll", "comment_date": ["04/30", "08:32"], "comment_content": "依照此定義天下大亂啊 別智障了"}, {"comment_author": "speciallll", "comment_date": ["04/30", "08:33"], "comment_content": "想討好選民也不要發智障政策啦幹"}, {"comment_author": "joinptt", "comment_date": ["05/01", "01:40"], "comment_content": "不知公務群組交辦算不算在裡頭？"}, {"comment_author": "coimbra", "comment_date": ["05/01", "02:25"], "comment_content": "所以台北市裡的勞工可以比照囉？"}, {"comment_author": "coimbra", "comment_date": ["05/01", "02:26"], "comment_content": "市政府勞工還不趕快截圖你們主管下班傳訊"}, {"comment_author": "living0215", "comment_date": ["05/01", "13:38"], "comment_content": "實務上根本做不到，誰這麼有種截圖要"}, {"comment_author": "living0215", "comment_date": ["05/01", "13:38"], "comment_content": "加班費"}]}
