{"author": "zxcxxx (你相信光嗎)", "category": "Gossiping", "title": "[新聞] Kolas與隨扈爆不倫　綠委指他「拉K中毒", "date": "Sun May  5 09:06:21 2024", "content": ["Kolas與隨扈爆不倫　綠委指他「拉K中毒太深」挨告　判決結果出爐風傳媒駱肇樑  2024-05-04 22:00 總統府前發言人Kolas Yotaka2023年被爆競選花蓮縣長期間，與李姓已婚隨扈發展不倫戀，事後被李妻提告求償，花蓮地方法院判決Kolas Yotaka應賠償75萬，Kolas Yotaka表示沒做的事不能吞，將提出上訴，並對民進黨立委陳瑩傳訊給李妻，稱李男「拉K中毒太深」求償百萬，經花蓮地方法院審理，判Kolas Yotaka敗訴，全案仍可上訴。Kolas Yotaka日前被指控在競選花蓮縣長期間", "。Kolas Yotaka對此表示，沒有做的事情不能吞，「我已經提出上訴，花蓮高分院見。」除此之外，Kolas Yotaka亦對同黨立委陳瑩提告，表示她和李姓隨扈並無不倫情事，", "卻在去（2023）年6月30日傳訊給李男母親說「", "」、「（李男）太單純，有再多的不是，我還是疼愛他的，想幫助他，讓他覺悟，但他似乎拉K中毒太深，怕也聽不進我的話」等語，這些不真實的內容讓她感覺名譽受損，對陳瑩求償100萬元。對此，陳瑩表示當時是因媒體大幅報導Kolas和李男的事情，她擔心李母等家人承受太大壓力，出於關心才傳送訊息，且那是她和李母的私人對話，Kolas無法說明從何處取得證據。此外，", "。法官認為，李母手機訊息翻拍照片長達7頁，拍攝者應是取得李母同意才翻拍，且陳瑩發訊息前，李母已能從各大媒體報導得知Kolas和李男的情況，陳瑩的訊息並不能侵害Kolas的名譽；且從內容看來，陳瑩為", "，希望李母不要獨自承受壓力，並無故意侵害Kolas名譽權，判Kolas敗訴，全案可上訴。", "--", "--"], "post_comment": [{"comment_author": "q347", "comment_date": ["05/05", "09:07"], "comment_content": "XDDDD"}, {"comment_author": "scum5566", "comment_date": ["05/05", "09:07"], "comment_content": "法院認證"}, {"comment_author": "OPPAISuki", "comment_date": ["05/05", "09:07"], "comment_content": "法院認證"}, {"comment_author": "gn01693664", "comment_date": ["05/05", "09:07"], "comment_content": "裝備帶齊了嗎？"}, {"comment_author": "hahamay", "comment_date": ["05/05", "09:07"], "comment_content": "法院認證？"}, {"comment_author": "yeng1217", "comment_date": ["05/05", "09:07"], "comment_content": "聖母峰又在演哪齣"}, {"comment_author": "scum5566", "comment_date": ["05/05", "09:07"], "comment_content": "我也想幹聖母峰辣 豪爽喔！！！！"}, {"comment_author": "jokem", "comment_date": ["05/05", "09:07"], "comment_content": "關心"}, {"comment_author": "botnet", "comment_date": ["05/05", "09:07"], "comment_content": "連自己人都告呀"}, {"comment_author": "saiulbb", "comment_date": ["05/05", "09:07"], "comment_content": "民進黨決輕的感情觀真是嘆為觀止"}, {"comment_author": "q123212", "comment_date": ["05/05", "09:07"], "comment_content": "哥布林窟"}, {"comment_author": "mysterydream", "comment_date": ["05/05", "09:08"], "comment_content": "爬山了"}, {"comment_author": "Ceferino", "comment_date": ["05/05", "09:08"], "comment_content": "民進黨這群真的超噁"}, {"comment_author": "jarry1007", "comment_date": ["05/05", "09:09"], "comment_content": "女拳又死了一遍"}, {"comment_author": "class21535", "comment_date": ["05/05", "09:09"], "comment_content": "網內互打真精彩"}, {"comment_author": "sobiNOva", "comment_date": ["05/05", "09:09"], "comment_content": "我狠起來"}, {"comment_author": "yeng1217", "comment_date": ["05/05", "09:09"], "comment_content": "范雲那些党內女權鬥士怎麼不出來聲援"}, {"comment_author": "GEoilo", "comment_date": ["05/05", "09:10"], "comment_content": "民進黨噁心的日常"}, {"comment_author": "Zodrick", "comment_date": ["05/05", "09:10"], "comment_content": "法院認證"}, {"comment_author": "blacwhte", "comment_date": ["05/05", "09:10"], "comment_content": "所以隨扈還拉K？ 跟民進黨扯上的會衰"}, {"comment_author": "zoeapezoo", "comment_date": ["05/05", "09:11"], "comment_content": "聖母峰"}, {"comment_author": "okichan", "comment_date": ["05/05", "09:12"], "comment_content": " 滾回家拉屎吧"}, {"comment_author": "jerry810113", "comment_date": ["05/05", "09:12"], "comment_content": "嘔嘔嘔嘔嘔嘔嘔嘔嘔嘔嘔"}, {"comment_author": "wate5566", "comment_date": ["05/05", "09:12"], "comment_content": "法院認證 嘻嘻"}, {"comment_author": "coffee112", "comment_date": ["05/05", "09:12"], "comment_content": "拉k是形容男女關係中毒太深的意思嗎？"}, {"comment_author": "class21535", "comment_date": ["05/05", "09:13"], "comment_content": "拉K是譬喻拉  Kolas"}, {"comment_author": "as7766332211", "comment_date": ["05/05", "09:14"], "comment_content": "拉k的k是kolas嗎"}, {"comment_author": "alaokj", "comment_date": ["05/05", "09:14"], "comment_content": "拉“K\"olas啦"}, {"comment_author": "scum5566", "comment_date": ["05/05", "09:14"], "comment_content": "哥布林黨日常"}, {"comment_author": "kslxd", "comment_date": ["05/05", "09:15"], "comment_content": "dpp不意外"}, {"comment_author": "holyhelm", "comment_date": ["05/05", "09:16"], "comment_content": "啥小啦"}, {"comment_author": "coffee112", "comment_date": ["05/05", "09:16"], "comment_content": "喔喔 原來喔 =_=..."}, {"comment_author": "kevinpc", "comment_date": ["05/05", "09:17"], "comment_content": "狗拉K又打卡"}, {"comment_author": "ston12", "comment_date": ["05/05", "09:17"], "comment_content": "有夠淫亂的政黨，這類事件層出不窮欸。"}, {"comment_author": "hdjj", "comment_date": ["05/05", "09:17"], "comment_content": "法院認證"}, {"comment_author": "linbsing", "comment_date": ["05/05", "09:18"], "comment_content": "不是私訊嗎 要說也是妳妨害秘密罪吧？"}, {"comment_author": "holyhelm", "comment_date": ["05/05", "09:18"], "comment_content": "為什麼陳瑩那麼關心李男啊….."}, {"comment_author": "physicsdk", "comment_date": ["05/05", "09:19"], "comment_content": "垃圾不要臉"}, {"comment_author": "krara", "comment_date": ["05/05", "09:19"], "comment_content": "善意"}, {"comment_author": "physicsdk", "comment_date": ["05/05", "09:19"], "comment_content": "通姦除罪化就為了護航這些政客"}, {"comment_author": "charlie01", "comment_date": ["05/05", "09:21"], "comment_content": "女人之間的爭鬥"}, {"comment_author": "Lipton66g", "comment_date": ["05/05", "09:24"], "comment_content": "為什麼陳瑩要進來尬一腳? 哈哈"}, {"comment_author": "MegaGG", "comment_date": ["05/05", "09:24"], "comment_content": "法院認證"}, {"comment_author": "milk250", "comment_date": ["05/05", "09:24"], "comment_content": "她會不會想說為什麼必勝可以升官"}, {"comment_author": "markhbad54", "comment_date": ["05/05", "09:24"], "comment_content": "法院認證=升官保證"}, {"comment_author": "lovesinker", "comment_date": ["05/05", "09:25"], "comment_content": "陳瑩也暈船了是不是？"}, {"comment_author": "dan5120", "comment_date": ["05/05", "09:25"], "comment_content": "黨內原民互打 好棒"}, {"comment_author": "bkm1", "comment_date": ["05/05", "09:27"], "comment_content": "摳拉斯可憐啦 必勝幹小三生小孩還可以升官"}, {"comment_author": "a921fish", "comment_date": ["05/05", "09:27"], "comment_content": "網內互打歐"}, {"comment_author": "sion1993", "comment_date": ["05/05", "09:28"], "comment_content": "呵呵"}, {"comment_author": "gk1329", "comment_date": ["05/05", "09:28"], "comment_content": "哈哈 還敢告人喔"}, {"comment_author": "bkm1", "comment_date": ["05/05", "09:29"], "comment_content": "天麟舔共B還可以助選 反觀她跟+魚...."}, {"comment_author": "tprktpps", "comment_date": ["05/05", "09:31"], "comment_content": "綠共真的噁心"}, {"comment_author": "lpwerok", "comment_date": ["05/05", "09:32"], "comment_content": "笑死 拉K"}, {"comment_author": "luciffar", "comment_date": ["05/05", "09:32"], "comment_content": "貴圈真亂 要素過多"}, {"comment_author": "GGINDOWBOW", "comment_date": ["05/05", "09:32"], "comment_content": "法院認證"}, {"comment_author": "QooSnow", "comment_date": ["05/05", "09:33"], "comment_content": "聖母峰有讀？"}, {"comment_author": "light20735", "comment_date": ["05/05", "09:33"], "comment_content": "私訊內容可以告？"}, {"comment_author": "holyhelm", "comment_date": ["05/05", "09:35"], "comment_content": "第一次看到有女生在對找小三的劈腿男萬"}, {"comment_author": "Osman5566", "comment_date": ["05/05", "09:35"], "comment_content": "重用原住民當政治正確就大頭症自爆。還"}, {"comment_author": "holyhelm", "comment_date": ["05/05", "09:35"], "comment_content": "千呵護。等一下，如果是民進黨，好像這"}, {"comment_author": "Osman5566", "comment_date": ["05/05", "09:35"], "comment_content": "告自己人"}, {"comment_author": "holyhelm", "comment_date": ["05/05", "09:35"], "comment_content": "樣才是對的？"}, {"comment_author": "ssw0929", "comment_date": ["05/05", "09:35"], "comment_content": "選舉會贏就好"}, {"comment_author": "Amanz", "comment_date": ["05/05", "09:35"], "comment_content": "沒什，傷不到我大民主綠，了不起切割"}, {"comment_author": "aduihe", "comment_date": ["05/05", "09:36"], "comment_content": "拉K中毒，讓我笑了"}, {"comment_author": "FLy60169", "comment_date": ["05/05", "09:37"], "comment_content": "聖母峰"}, {"comment_author": "cms6384", "comment_date": ["05/05", "09:37"], "comment_content": "沒做的事不能吞 所以>_<"}, {"comment_author": "willism", "comment_date": ["05/05", "09:38"], "comment_content": "原住民女人的戰爭，厲害啦"}, {"comment_author": "waijr", "comment_date": ["05/05", "09:39"], "comment_content": "黨內互打"}, {"comment_author": "godofsex", "comment_date": ["05/05", "09:39"], "comment_content": "法院認證"}, {"comment_author": "xuane", "comment_date": ["05/05", "09:42"], "comment_content": "蠻有趣的，這裡的拉K 是指谷拉斯"}, {"comment_author": "winiS", "comment_date": ["05/05", "09:42"], "comment_content": "法院認證"}, {"comment_author": "faust666", "comment_date": ["05/05", "09:43"], "comment_content": "記得陳瑩不是很古早前跟蕭美琴有什麼恩"}, {"comment_author": "ketrobo", "comment_date": ["05/05", "09:43"], "comment_content": "不意外"}, {"comment_author": "faust666", "comment_date": ["05/05", "09:43"], "comment_content": "怨？！民進黨的情感糾葛超多的，嘻嘻"}, {"comment_author": "BingLing", "comment_date": ["05/05", "09:43"], "comment_content": "法院認證"}, {"comment_author": "op907", "comment_date": ["05/05", "09:44"], "comment_content": "好色喔，拉k啦啦啦"}, {"comment_author": "seanfan", "comment_date": ["05/05", "09:46"], "comment_content": "爸爸啦K 媽媽生Lucy 出來會是什麼"}, {"comment_author": "seanfan", "comment_date": ["05/05", "09:47"], "comment_content": "生一個咕嚕出來？！"}, {"comment_author": "Casionn", "comment_date": ["05/05", "09:47"], "comment_content": "長得變好恐怖"}, {"comment_author": "chuanglk", "comment_date": ["05/05", "09:49"], "comment_content": "垃圾民禁党不意外啊~反正不是養小三就是"}, {"comment_author": "chuanglk", "comment_date": ["05/05", "09:49"], "comment_content": "當小三"}, {"comment_author": "URGE1018", "comment_date": ["05/05", "09:51"], "comment_content": "犯雲 您在哪？出來說說話"}, {"comment_author": "tanby", "comment_date": ["05/05", "09:51"], "comment_content": "民進黨不意外 有夠亂"}, {"comment_author": "dovepacket", "comment_date": ["05/05", "09:52"], "comment_content": "拉K仔"}, {"comment_author": "yo897689", "comment_date": ["05/05", "09:55"], "comment_content": "笑死 拉K"}, {"comment_author": "way7344", "comment_date": ["05/05", "09:56"], "comment_content": "男女都一樣的綠色？"}, {"comment_author": "uless", "comment_date": ["05/05", "09:56"], "comment_content": "男的外遇偷生子都能升官為什麼女的沒有 范"}, {"comment_author": "uless", "comment_date": ["05/05", "09:56"], "comment_content": "委員該出來講公道話了"}, {"comment_author": "niniikoski", "comment_date": ["05/05", "09:58"], "comment_content": "爬聖母蜂一定很激烈"}, {"comment_author": "selamour", "comment_date": ["05/05", "09:58"], "comment_content": "女人內戰"}, {"comment_author": "flowersuger", "comment_date": ["05/05", "10:02"], "comment_content": "塔綠班封起來自己人都告XDD私人對話"}, {"comment_author": "flowersuger", "comment_date": ["05/05", "10:02"], "comment_content": "怎麼告得成？這腦子還能當官w"}, {"comment_author": "yarnt", "comment_date": ["05/05", "10:03"], "comment_content": "聖母峰"}, {"comment_author": "MicChung", "comment_date": ["05/05", "10:05"], "comment_content": "互打的感覺"}, {"comment_author": "xm4z73", "comment_date": ["05/05", "10:05"], "comment_content": "法院認證"}, {"comment_author": "akwa", "comment_date": ["05/05", "10:05"], "comment_content": "塔綠班要凹到什麼時候"}, {"comment_author": "s762ok", "comment_date": ["05/05", "10:06"], "comment_content": "民進黨不意外啊"}, {"comment_author": "joesong", "comment_date": ["05/05", "10:06"], "comment_content": "這二個都可以申請法扶，超爽的"}, {"comment_author": "nutrino", "comment_date": ["05/05", "10:06"], "comment_content": "笑死惹 黨內互打免費"}, {"comment_author": "ezqq123", "comment_date": ["05/05", "10:08"], "comment_content": "勾拉使"}, {"comment_author": "gusser", "comment_date": ["05/05", "10:09"], "comment_content": "蔡英文的垃圾閨蜜 悲哀"}, {"comment_author": "saatchi", "comment_date": ["05/05", "10:10"], "comment_content": "台女的標竿，笑死"}, {"comment_author": "a888168tw", "comment_date": ["05/05", "10:12"], "comment_content": "塔綠班牲畜噁心的日常，然後還會牽拖他"}, {"comment_author": "a888168tw", "comment_date": ["05/05", "10:12"], "comment_content": "人"}, {"comment_author": "belion", "comment_date": ["05/05", "10:12"], "comment_content": "善意：3"}, {"comment_author": "DUSTWAVE", "comment_date": ["05/05", "10:14"], "comment_content": "民進黨不意外啊"}, {"comment_author": "jimmyliu1217", "comment_date": ["05/05", "10:17"], "comment_content": "狗娘垃圾黨的  蛇鼠一窩"}, {"comment_author": "medichou13", "comment_date": ["05/05", "10:17"], "comment_content": "綠營支持者不在乎，抗中保台比較重要"}, {"comment_author": "k078787878", "comment_date": ["05/05", "10:17"], "comment_content": "好爽"}, {"comment_author": "new71050", "comment_date": ["05/05", "10:18"], "comment_content": "爽幹還要污衊別人"}, {"comment_author": "Flowsun32", "comment_date": ["05/05", "10:18"], "comment_content": "法院認證"}, {"comment_author": "transfight", "comment_date": ["05/05", "10:19"], "comment_content": "哈哈哈哈哈哈哈哈哈哈鬥起來"}, {"comment_author": "Tsucomi69", "comment_date": ["05/05", "10:20"], "comment_content": "有党跟40%挺著，不倫根本沒什麼"}, {"comment_author": "max60209", "comment_date": ["05/05", "10:21"], "comment_content": "法院認證"}, {"comment_author": "clairehao", "comment_date": ["05/05", "10:25"], "comment_content": "民進黨上面都這些人 真的蠻爛的"}, {"comment_author": "t340081231", "comment_date": ["05/05", "10:25"], "comment_content": "酒駕+小三 不愧是最頂的政黨"}, {"comment_author": "Guondamflam", "comment_date": ["05/05", "10:25"], "comment_content": "相煎何太急。"}, {"comment_author": "cwolf", "comment_date": ["05/05", "10:27"], "comment_content": "警察拉K?"}, {"comment_author": "LoveMakeLove", "comment_date": ["05/05", "10:27"], "comment_content": "黨內互打就要看哪個派系比較罩"}, {"comment_author": "ebod221", "comment_date": ["05/05", "10:29"], "comment_content": "法院認證"}, {"comment_author": "rakuinn", "comment_date": ["05/05", "10:29"], "comment_content": "塔綠班、哥布林日常，嘻嘻"}, {"comment_author": "AoWsL", "comment_date": ["05/05", "10:30"], "comment_content": "只有我想到拉k不是那個意思嗎？不可能吧"}, {"comment_author": "gustavvv", "comment_date": ["05/05", "10:30"], "comment_content": "殺人犯婦出來表示一下意見啊"}, {"comment_author": "AoWsL", "comment_date": ["05/05", "10:31"], "comment_content": "不要私下跟不熟的講菜英文壞話不然你會被狂"}, {"comment_author": "AoWsL", "comment_date": ["05/05", "10:31"], "comment_content": "信徒搞上法院"}, {"comment_author": "kuromo", "comment_date": ["05/05", "10:32"], "comment_content": "法院認證拉K ，不愧是狗拉屎"}, {"comment_author": "Cherng9527", "comment_date": ["05/05", "10:34"], "comment_content": ""}, {"comment_author": "shyjohnny", "comment_date": ["05/05", "10:35"], "comment_content": "法院認證拉K?"}, {"comment_author": "honey4617912", "comment_date": ["05/05", "10:36"], "comment_content": "法院認證的摳拉K中毒"}, {"comment_author": "Athchen", "comment_date": ["05/05", "10:37"], "comment_content": "綠色DNA"}, {"comment_author": "GimO", "comment_date": ["05/05", "10:38"], "comment_content": "法院認證外遇仔"}, {"comment_author": "sking", "comment_date": ["05/05", "10:38"], "comment_content": "法院認證拉Kolas~"}, {"comment_author": "jimmyliu1217", "comment_date": ["05/05", "10:40"], "comment_content": "狗拉屎又拉K"}, {"comment_author": "benting", "comment_date": ["05/05", "10:40"], "comment_content": "黨真好"}, {"comment_author": "source0209", "comment_date": ["05/05", "10:40"], "comment_content": "要升官了嗎"}, {"comment_author": "stvc", "comment_date": ["05/05", "10:41"], "comment_content": "法院認證"}, {"comment_author": "tbere2002", "comment_date": ["05/05", "10:42"], "comment_content": "綠色都不挺 一定有問題"}, {"comment_author": "neoa01", "comment_date": ["05/05", "10:43"], "comment_content": "民進黨黨DNA深植組織文化啊 呵呵"}, {"comment_author": "LoserLee", "comment_date": ["05/05", "10:46"], "comment_content": "被認證笑死 貴圈真亂"}, {"comment_author": "Luefa", "comment_date": ["05/05", "10:47"], "comment_content": "往內互打免費"}, {"comment_author": "ramirez", "comment_date": ["05/05", "10:50"], "comment_content": "貴圈真亂....."}, {"comment_author": "gx9900824", "comment_date": ["05/05", "10:51"], "comment_content": "拉K的聖母峰"}, {"comment_author": "a104018", "comment_date": ["05/05", "10:52"], "comment_content": "塔綠班快來進攻=="}, {"comment_author": "jamesmile", "comment_date": ["05/05", "10:52"], "comment_content": "党很爽的好嗎 灣灣"}, {"comment_author": "tkdboy111020", "comment_date": ["05/05", "10:53"], "comment_content": "聖母峰好色喔"}, {"comment_author": "pacino", "comment_date": ["05/05", "10:54"], "comment_content": "塔綠班的文化"}, {"comment_author": "L1ON", "comment_date": ["05/05", "10:56"], "comment_content": "有做就可以吞了"}, {"comment_author": "twelvethflor", "comment_date": ["05/05", "10:59"], "comment_content": "原住民名額有限，是競爭對手"}, {"comment_author": "sephiroth323", "comment_date": ["05/05", "11:01"], "comment_content": "法院認證，笑死嘻嘻"}, {"comment_author": "YSJ543", "comment_date": ["05/05", "11:05"], "comment_content": "黨內互打+法院認證"}, {"comment_author": "keepbusy", "comment_date": ["05/05", "11:05"], "comment_content": "這種人是總統府發言人 垃圾民進黨！"}, {"comment_author": "Shimotsukin", "comment_date": ["05/05", "11:09"], "comment_content": "狗拉屎整天一堆戲"}, {"comment_author": "cavalier123", "comment_date": ["05/05", "11:09"], "comment_content": "法院認證"}, {"comment_author": "canceryou", "comment_date": ["05/05", "11:10"], "comment_content": "聖母峰臉皮有夠厚"}, {"comment_author": "RisingTackle", "comment_date": ["05/05", "11:10"], "comment_content": "法院認證的聖母峰"}, {"comment_author": "dofine", "comment_date": ["05/05", "11:10"], "comment_content": "拉K中毒太深，還蠻好笑的"}, {"comment_author": "features", "comment_date": ["05/05", "11:12"], "comment_content": "聖母峰ㄟ"}, {"comment_author": "gime0226", "comment_date": ["05/05", "11:13"], "comment_content": "kolas跟"}, {"comment_author": "lunatich", "comment_date": ["05/05", "11:14"], "comment_content": "這隻黑掉以後應該不會看到了，可喜可賀"}, {"comment_author": "Loikve", "comment_date": ["05/05", "11:14"], "comment_content": "網內互打"}, {"comment_author": "iamandre", "comment_date": ["05/05", "11:14"], "comment_content": "阿他們發言人之前丁公公還不是在宗痛府"}, {"comment_author": "iamandre", "comment_date": ["05/05", "11:14"], "comment_content": "打砲 民進黨的官都是狗官阿"}, {"comment_author": "gime0226", "comment_date": ["05/05", "11:14"], "comment_content": "某人長好像"}, {"comment_author": "lukeee", "comment_date": ["05/05", "11:17"], "comment_content": "法院認證 笑死"}, {"comment_author": "novashine", "comment_date": ["05/05", "11:17"], "comment_content": "可悲的一群人"}, {"comment_author": "nrxadsl", "comment_date": ["05/05", "11:18"], "comment_content": "小心留言，只要是原住民請律師都有補助"}, {"comment_author": "bingreen", "comment_date": ["05/05", "11:18"], "comment_content": "塔綠班錯亂"}, {"comment_author": "ksk0516", "comment_date": ["05/05", "11:21"], "comment_content": "死忠的繼續加油"}, {"comment_author": "riddlerkuo", "comment_date": ["05/05", "11:22"], "comment_content": "太陽花同路人蛇鼠一窩"}, {"comment_author": "windhiei", "comment_date": ["05/05", "11:23"], "comment_content": "貴圈真亂"}, {"comment_author": "rZai", "comment_date": ["05/05", "11:25"], "comment_content": "拉Kola"}, {"comment_author": "jialin6666", "comment_date": ["05/05", "11:25"], "comment_content": "黨內互打"}, {"comment_author": "meta41110", "comment_date": ["05/05", "11:27"], "comment_content": "凸( ﾟдﾟ)凸狗咬狗"}, {"comment_author": "theclgy2001", "comment_date": ["05/05", "11:29"], "comment_content": "沒外遇的不能加入民進黨"}, {"comment_author": "xsexyx", "comment_date": ["05/05", "11:30"], "comment_content": "酒駕仔"}, {"comment_author": "ss02pupu", "comment_date": ["05/05", "11:33"], "comment_content": "登聖母峰好像很棒 真羨慕"}, {"comment_author": "Alcazer", "comment_date": ["05/05", "11:36"], "comment_content": "她那私人訊息本來就不是惡意誹謗 我怎麼"}, {"comment_author": "Alcazer", "comment_date": ["05/05", "11:36"], "comment_content": "覺得比較像是好心給雷親"}, {"comment_author": "asas1asas200", "comment_date": ["05/05", "11:38"], "comment_content": "法院認證"}, {"comment_author": "yuiscarlet", "comment_date": ["05/05", "11:44"], "comment_content": "現在恐嚇都叫善意關懷了"}, {"comment_author": "kakamonster", "comment_date": ["05/05", "11:45"], "comment_content": "酒駕不倫黨"}, {"comment_author": "abobstar", "comment_date": ["05/05", "11:46"], "comment_content": "又有陳瑩的場面 到底是什麼關係啊"}, {"comment_author": "new71050", "comment_date": ["05/05", "11:46"], "comment_content": "人家為了少子化努力 在那叫什麼"}, {"comment_author": "beeboombee", "comment_date": ["05/05", "11:47"], "comment_content": "哥布林淫亂算正常吧"}, {"comment_author": "fatedate", "comment_date": ["05/05", "11:47"], "comment_content": "范婦人勒？？  出來阿"}, {"comment_author": "zsrd5566", "comment_date": ["05/05", "11:47"], "comment_content": "漢人的禮節怎可拿來束縛自由的原民"}, {"comment_author": "abobstar", "comment_date": ["05/05", "11:48"], "comment_content": "陳瑩跟隨扈又是什麼關係？傳訊給人家媽"}, {"comment_author": "abobstar", "comment_date": ["05/05", "11:48"], "comment_content": "媽"}, {"comment_author": "ChikanDesu", "comment_date": ["05/05", "11:52"], "comment_content": "拉K哈哈哈哈哈哈哈 新梗"}, {"comment_author": "Azabulu", "comment_date": ["05/05", "11:52"], "comment_content": "通姦除罪化原來是為了方便党內情慾流動"}, {"comment_author": "ccjj8", "comment_date": ["05/05", "11:53"], "comment_content": "哥布林巢穴"}, {"comment_author": "Azabulu", "comment_date": ["05/05", "11:53"], "comment_content": "法院認證 在聖母峰上拉K"}, {"comment_author": "punpunpig", "comment_date": ["05/05", "11:54"], "comment_content": "法院認證"}, {"comment_author": "vicious666", "comment_date": ["05/05", "11:57"], "comment_content": "法院認證，拉K中毒哈哈哈，聖母峰笑"}, {"comment_author": "vicious666", "comment_date": ["05/05", "11:57"], "comment_content": "死人"}, {"comment_author": "vicious666", "comment_date": ["05/05", "11:59"], "comment_content": "民進黨真的滿滿都是這種破壞別人家庭"}, {"comment_author": "vicious666", "comment_date": ["05/05", "11:59"], "comment_content": "的貨色"}, {"comment_author": "leocean9816", "comment_date": ["05/05", "11:59"], "comment_content": "K粉"}, {"comment_author": "hsusteven", "comment_date": ["05/05", "11:59"], "comment_content": "爛"}, {"comment_author": "dreamfalls", "comment_date": ["05/05", "12:00"], "comment_content": "網內互打免費 水喔"}, {"comment_author": "S780122", "comment_date": ["05/05", "12:00"], "comment_content": "可以選下一屆副總統了"}, {"comment_author": "BaGaJohn5566", "comment_date": ["05/05", "12:01"], "comment_content": "這種的民進黨還要  果然不意外"}, {"comment_author": "vicious666", "comment_date": ["05/05", "12:02"], "comment_content": "本來夫妻都是死忠的民進黨支持者，支"}, {"comment_author": "vicious666", "comment_date": ["05/05", "12:02"], "comment_content": "持到自己家庭破滅XD"}, {"comment_author": "LOXA0115", "comment_date": ["05/05", "12:04"], "comment_content": "認證"}, {"comment_author": "CloserJ", "comment_date": ["05/05", "12:05"], "comment_content": "噁心死 超噁 淫蕩又壞"}, {"comment_author": "sindy520", "comment_date": ["05/05", "12:06"], "comment_content": "黨內原住民恩怨吧！？到底發生過啥外人"}, {"comment_author": "qmzoak", "comment_date": ["05/05", "12:06"], "comment_content": "為了減緩風波，我們繼續檢討柯"}, {"comment_author": "sindy520", "comment_date": ["05/05", "12:06"], "comment_content": "不知"}, {"comment_author": "Beee09", "comment_date": ["05/05", "12:06"], "comment_content": "我說 范雲又去哪了？"}, {"comment_author": "Oumnli", "comment_date": ["05/05", "12:10"], "comment_content": "丟臉一次還不夠，反正黨之前論文都"}, {"comment_author": "Oumnli", "comment_date": ["05/05", "12:10"], "comment_content": "敢護航了，一群死忠還不是當翻車不"}, {"comment_author": "Oumnli", "comment_date": ["05/05", "12:10"], "comment_content": "存在"}, {"comment_author": "Endospore", "comment_date": ["05/05", "12:11"], "comment_content": "覺青通姦吸毒搞同性戀最厲害"}, {"comment_author": "tinsiglun", "comment_date": ["05/05", "12:12"], "comment_content": "法院認證"}, {"comment_author": "jack529", "comment_date": ["05/05", "12:13"], "comment_content": "哥布林淫窟"}, {"comment_author": "billionaire", "comment_date": ["05/05", "12:13"], "comment_content": "賠75萬"}, {"comment_author": "linlpc", "comment_date": ["05/05", "12:14"], "comment_content": "碰到這種，民進党婦女部就安靜了，雙標范"}, {"comment_author": "linlpc", "comment_date": ["05/05", "12:14"], "comment_content": "婦出來說話啊"}, {"comment_author": "s58565254", "comment_date": ["05/05", "12:17"], "comment_content": "做錯事 還可以這麼囂張喔"}, {"comment_author": "s58565254", "comment_date": ["05/05", "12:17"], "comment_content": "這很民進黨欸"}, {"comment_author": "fancyrex", "comment_date": ["05/05", "12:19"], "comment_content": "綠能"}, {"comment_author": "TyrantTex", "comment_date": ["05/05", "12:22"], "comment_content": "哈哈哈"}, {"comment_author": "SivLoMario", "comment_date": ["05/05", "12:23"], "comment_content": "通姦黨"}, {"comment_author": "wulaw5566", "comment_date": ["05/05", "12:24"], "comment_content": "民進黨的聖母峰塌了"}, {"comment_author": "stloqa", "comment_date": ["05/05", "12:25"], "comment_content": "這黨真的完全沒下限"}, {"comment_author": "leeyeah", "comment_date": ["05/05", "12:27"], "comment_content": "全黨挺一人 大不了也去三立集團當經理"}, {"comment_author": "denny811012", "comment_date": ["05/05", "12:28"], "comment_content": "內戰欸"}, {"comment_author": "applewarm", "comment_date": ["05/05", "12:29"], "comment_content": "道德敗壞，死不認錯，還想告人？"}, {"comment_author": "atari77", "comment_date": ["05/05", "12:31"], "comment_content": "被抓包鐵證如山還能死不認帳 如同小智一"}, {"comment_author": "atari77", "comment_date": ["05/05", "12:32"], "comment_content": "樣 綠共黨怎專出一堆無恥不要臉的咖洨"}, {"comment_author": "TBDuke", "comment_date": ["05/05", "12:37"], "comment_content": "發言人跟側翼又安靜了哈哈哈"}, {"comment_author": "VVii", "comment_date": ["05/05", "12:41"], "comment_content": "塔綠班這篇竟然不護航 上面交代嗎"}, {"comment_author": "nakato", "comment_date": ["05/05", "12:43"], "comment_content": "又閉嘴嘍"}, {"comment_author": "kingkinggod", "comment_date": ["05/05", "12:43"], "comment_content": "這張聖母峰我也想幹"}, {"comment_author": "wdpone5541", "comment_date": ["05/05", "12:46"], "comment_content": "噁"}, {"comment_author": "bleach5438", "comment_date": ["05/05", "12:48"], "comment_content": "認證啦k"}, {"comment_author": "jokerjuju", "comment_date": ["05/05", "12:49"], "comment_content": "嘔嘔嘔酒駕又拉K"}, {"comment_author": "catvsdog", "comment_date": ["05/05", "12:52"], "comment_content": "法院認證啦XDDDD"}, {"comment_author": "catvsdog", "comment_date": ["05/05", "12:53"], "comment_content": ""}, {"comment_author": "kamen766", "comment_date": ["05/05", "13:10"], "comment_content": "這樣有比花蓮王優質？"}, {"comment_author": "nikewang", "comment_date": ["05/05", "13:14"], "comment_content": "呼叫范雲"}, {"comment_author": "snoopy920", "comment_date": ["05/05", "13:17"], "comment_content": "法院認證"}, {"comment_author": "linqqq007", "comment_date": ["05/05", "13:27"], "comment_content": "男的到底有多帥 一堆女性搶成一團 有沒"}, {"comment_author": "linqqq007", "comment_date": ["05/05", "13:27"], "comment_content": "有懶人包"}, {"comment_author": "lebo469", "comment_date": ["05/05", "13:33"], "comment_content": "法院認證"}, {"comment_author": "Achillies", "comment_date": ["05/05", "13:36"], "comment_content": "每年都在爬聖母峰"}, {"comment_author": "johnsky75", "comment_date": ["05/05", "13:39"], "comment_content": "李男有吸毒嗎？"}, {"comment_author": "adifdtd", "comment_date": ["05/05", "13:40"], "comment_content": "哀  又要協尋范雲了  自助餐好吃  ^^"}, {"comment_author": "AJhe0924", "comment_date": ["05/05", "13:47"], "comment_content": "法院認證囉"}, {"comment_author": "VVii", "comment_date": ["05/05", "13:50"], "comment_content": "女的+番仔血統 真的不適合有權利"}, {"comment_author": "ccw2013", "comment_date": ["05/05", "13:58"], "comment_content": "側翼呢老皮呢范雲呢？又又閉嘴了"}, {"comment_author": "h25949", "comment_date": ["05/05", "13:58"], "comment_content": "真是歎為觀止"}, {"comment_author": "bluelikeme", "comment_date": ["05/05", "13:59"], "comment_content": "好了啦 法院認證的聖母峰"}, {"comment_author": "DA3921999", "comment_date": ["05/05", "14:17"], "comment_content": "藏汚納垢黨只有內鬥時才會有遲來的一點"}, {"comment_author": "DA3921999", "comment_date": ["05/05", "14:17"], "comment_content": "正義，然後再換更髒的人上去，如此重複"}, {"comment_author": "DA3921999", "comment_date": ["05/05", "14:17"], "comment_content": "，知道台灣被綠蟑螂吃光，可憐吶"}, {"comment_author": "momo1244", "comment_date": ["05/05", "14:35"], "comment_content": "可憐啊"}, {"comment_author": "asidy", "comment_date": ["05/05", "14:39"], "comment_content": "這律委簡訊有夠像鄉民嘴砲欸，笑死"}, {"comment_author": "jimcjp", "comment_date": ["05/05", "14:54"], "comment_content": "沒事。党就愛這一味"}, {"comment_author": "ThisisLongID", "comment_date": ["05/05", "14:55"], "comment_content": "聖母峰輸了 可憐"}, {"comment_author": "jumpdog5566", "comment_date": ["05/05", "15:11"], "comment_content": "原住民不意外"}, {"comment_author": "fhscyt", "comment_date": ["05/05", "15:28"], "comment_content": "傻眼"}, {"comment_author": "gg86300", "comment_date": ["05/05", "15:42"], "comment_content": "殺人范滾出來吠"}, {"comment_author": "GOG", "comment_date": ["05/05", "15:47"], "comment_content": "法院認證，民進黨都出這種的"}, {"comment_author": "sharkimage", "comment_date": ["05/05", "15:56"], "comment_content": "www"}]}
