{"author": "Supergreen (Hi)", "category": "Gossiping", "title": "[新聞] 疑不滿遭制止上課講話 彰化國一男生拿字", "date": "Fri May  3 20:14:42 2024", "content": ["1.媒體來源:UDN2.記者署名:簡慧珍3.完整新聞標題:疑不滿遭制止上課講話 彰化國一男生拿字典砸老師4.完整新聞內文:彰化縣一名國一男生疑不滿老師制止上課講話，走到教室圖書區拿字典砸過去，幸好字典沈重，只砸到老師右臂，全班譁然，老師極力要他冷靜，學校行政人員及時趕到，幸未釀成更大衝突。老師已到醫院驗傷以保全證據，學校依規定校安通報縣府教育處。據了解，這名國一生罹患情緒障礙，領有身障手冊，今上午上課時跟同學講話，代課老師一再制止，引起學生情緒激動，走到教室圖書區拿起字典砸老師，事出突然，全班一時楞住，老師右臂被砸傷立刻紅腫，學生見狀譁然，學校行政人員聽到上課間異常聲音，即趕到教室內，見老師安撫這名學生情緒，未有進一步衝突。事後老師到醫院驗傷，並未說明是否求償和提告。學校依校安緊急事件通報縣政府教育處，教育處將派員了解意外發生原因。教育處表示，已請學校啟動關懷輔導機制，請輔導室提供師生相關輔導諮商資源與協助。縣府表示，有關學生偏差行為，學校應依「彰化縣12歲以上未滿18歲曝險及偏差行為學生處理流程」，到上級公文到達的兩周內召開個案會議，擬訂個別化需求評估與輔導處遇計畫，輔導學生行為。5.完整新聞連結 (或短網址)不可用YAHOO、LINE、MSN等轉載媒體:", "6.備註:師道之不存已久矣--"], "post_comment": [{"comment_author": "johnwu", "comment_date": ["05/03", "20:15"], "comment_content": "現在學生超派的"}, {"comment_author": "negotiates", "comment_date": ["05/03", "20:15"], "comment_content": "拿斧頭才夠看"}, {"comment_author": "sxxs", "comment_date": ["05/03", "20:15"], "comment_content": "現在學生意外嗎?  沒在教道德了啦,拚拳頭"}, {"comment_author": "pengjoker", "comment_date": ["05/03", "20:15"], "comment_content": "身障手冊 這無敵的吧"}, {"comment_author": "yuta02", "comment_date": ["05/03", "20:16"], "comment_content": "情緒障礙不意外☺"}, {"comment_author": "ZhouGongJin", "comment_date": ["05/03", "20:16"], "comment_content": "反正也管不動以後都放錄影帶上課算了"}, {"comment_author": "relax1129", "comment_date": ["05/03", "20:16"], "comment_content": "好好把握能失控的年紀不治療長大就沒人"}, {"comment_author": "relax1129", "comment_date": ["05/03", "20:17"], "comment_content": "讓你發脾氣囉"}, {"comment_author": "hikaru77613", "comment_date": ["05/03", "20:17"], "comment_content": "你看，又來啦..跟上次那個特權的一"}, {"comment_author": "hikaru77613", "comment_date": ["05/03", "20:17"], "comment_content": "樣"}, {"comment_author": "action526", "comment_date": ["05/03", "20:17"], "comment_content": "40%的養成計畫+1"}, {"comment_author": "DOOT", "comment_date": ["05/03", "20:17"], "comment_content": "又是代課老師.."}, {"comment_author": "talrasha", "comment_date": ["05/03", "20:18"], "comment_content": "情緒障礙，領有身障手冊  結案~"}, {"comment_author": "giggleboy", "comment_date": ["05/03", "20:19"], "comment_content": "沒拿刀子很客氣了"}, {"comment_author": "neoa01", "comment_date": ["05/03", "20:21"], "comment_content": "民進黨執政8年政績，呵呵"}, {"comment_author": "neoa01", "comment_date": ["05/03", "20:22"], "comment_content": "教育先行嗎"}, {"comment_author": "t4lin", "comment_date": ["05/03", "20:25"], "comment_content": "哪天老師被打到住院真的不意外"}, {"comment_author": "LosDHunTom", "comment_date": ["05/03", "20:38"], "comment_content": "拿字典還好吧，沒新聞了嗎=  ="}, {"comment_author": "darktasi", "comment_date": ["05/03", "20:41"], "comment_content": "基本的尊重都沒啦"}, {"comment_author": "samm3320", "comment_date": ["05/03", "20:54"], "comment_content": "情緒障礙可以直接撲殺嗎，不就衝動犯罪"}, {"comment_author": "samm3320", "comment_date": ["05/03", "20:54"], "comment_content": "份子"}, {"comment_author": "samm3320", "comment_date": ["05/03", "20:56"], "comment_content": "那強暴犯也發明一個性衝動抑制障礙給他"}, {"comment_author": "abcdragon", "comment_date": ["05/03", "20:58"], "comment_content": "融合教育就是要搞死你r"}, {"comment_author": "pxndx", "comment_date": ["05/03", "21:03"], "comment_content": "資源班 不能歧視"}, {"comment_author": "keepwild", "comment_date": ["05/03", "21:03"], "comment_content": "精障情緒障礙的建議一律焚化"}, {"comment_author": "mopigou", "comment_date": ["05/03", "21:05"], "comment_content": "他有情緒障礙耶，不要放過他"}, {"comment_author": "GBO5", "comment_date": ["05/03", "21:07"], "comment_content": "罹患情緒障礙，領有身障手冊 穩了"}, {"comment_author": "feliauniloo", "comment_date": ["05/03", "21:08"], "comment_content": "這種當下就應該直接打爆垃圾小孩"}, {"comment_author": "feliauniloo", "comment_date": ["05/03", "21:08"], "comment_content": "他父母來再繼續pk"}, {"comment_author": "GLUESTICK", "comment_date": ["05/03", "21:17"], "comment_content": "有牌的你大人拿他沒辦法了"}, {"comment_author": "kamisanma", "comment_date": ["05/03", "21:18"], "comment_content": "古早時代：老師，有犯錯就儘量打 現在"}, {"comment_author": "kamisanma", "comment_date": ["05/03", "21:19"], "comment_content": "：老師有什麼不好就儘量打"}, {"comment_author": "sunnyyoung", "comment_date": ["05/03", "21:24"], "comment_content": "直接把學生打殘了 他就不會再打人了"}, {"comment_author": "wowohoh", "comment_date": ["05/03", "21:27"], "comment_content": "是不是該有警民連線啊"}, {"comment_author": "for40255", "comment_date": ["05/03", "21:28"], "comment_content": "好笑吧 現在老師多沒尊嚴 只要體罰學生"}, {"comment_author": "for40255", "comment_date": ["05/03", "21:28"], "comment_content": "就要家長靠腰 現在學生都騎的老師頭上了"}, {"comment_author": "for40255", "comment_date": ["05/03", "21:28"], "comment_content": " 哈哈"}, {"comment_author": "suhaw", "comment_date": ["05/03", "21:28"], "comment_content": "知識就是力量"}, {"comment_author": "GLUESTICK", "comment_date": ["05/03", "21:28"], "comment_content": "一般國中生割頸殺同學都沒事了 有牌的"}, {"comment_author": "for40255", "comment_date": ["05/03", "21:29"], "comment_content": "就是有這些恐龍家長老師跟屎一樣"}, {"comment_author": "GLUESTICK", "comment_date": ["05/03", "21:29"], "comment_content": "無敵啦"}, {"comment_author": "ohrring", "comment_date": ["05/03", "21:37"], "comment_content": "真皇帝學生"}, {"comment_author": "starwish00", "comment_date": ["05/03", "21:46"], "comment_content": "89日常"}, {"comment_author": "court", "comment_date": ["05/03", "21:58"], "comment_content": "字典好歹也能泡泡麵"}, {"comment_author": "LincolnBoy", "comment_date": ["05/03", "22:32"], "comment_content": "好帥"}, {"comment_author": "rakuinn", "comment_date": ["05/03", "23:38"], "comment_content": "無敵星星呀! 感謝党"}, {"comment_author": "kimgordon", "comment_date": ["05/04", "00:45"], "comment_content": "文盲 還白癡 情緒障礙讀書會好 先進國"}, {"comment_author": "kimgordon", "comment_date": ["05/04", "00:45"], "comment_content": "家就沒有精神病患了"}, {"comment_author": "hw1", "comment_date": ["05/04", "10:12"], "comment_content": "有特權的吧"}]}
