{"author": "tomhawkreal (阿湯)", "category": "Gossiping", "title": "[新聞] 烏克蘭外交部首位AI發言人 舉止生動自稱", "date": "Sat May  4 08:06:25 2024", "content": ["1.媒體來源:中央社2.記者署名: (綜合外電報導)譯者：王嘉語 / 核稿：陳彥鈞3.完整新聞標題:烏克蘭外交部首位AI發言人 舉止生動自稱「數位人」[影]4.完整新聞內文:（中央社基輔3日綜合外電報導）烏克蘭近日推出名叫維多利亞．希（Victoria Shi）的人工智慧（AI）發言人，她會代表烏克蘭外交部發布官方聲明。這位AI發言人的舉止流暢生動，說話時還會搭配手勢。法新社報導，烏克蘭外交部宣稱將「史上首次」以數位發言人發表聲明，不過聲明仍會由人類執筆。這名發言人身穿深色服裝，在社群媒體發布的影片中自稱維多利亞．希（Shi為烏克蘭文的人工智慧一詞shtuchniy intelekt縮寫），還說自己是一個「數位人」（digitalperson），她說話時會搭配手勢並移動頭部。烏克蘭外交部新聞單位告訴法新社，維多利亞．希宣讀的聲明不是由AI編寫，而是「由真人撰寫、核稿，只有視覺的部分由AI協助生成」。烏國外交部長庫列巴（Dmytro Kuleba）表示，這名新發言人是「世界上任何外交部門都未曾實現的科技躍進」。他還說，創造這位發言人的主要原因是為了「節省外交官的時間及資源」。5.完整新聞連結 (或短網址):", "6.備註:", "--"], "post_comment": [{"comment_author": "Ayreon", "comment_date": ["05/04", "08:07"], "comment_content": "可以送原發言人上戰場了"}, {"comment_author": "ruthertw", "comment_date": ["05/04", "08:08"], "comment_content": "你國家都快要滅了,還在搞AI外交?腦袋有"}, {"comment_author": "hoos891405", "comment_date": ["05/04", "08:10"], "comment_content": "反正你們的立場那麼鮮明，外交根本沒"}, {"comment_author": "hoos891405", "comment_date": ["05/04", "08:10"], "comment_content": "有彈性，做AI跟上古卷軸的NPC其實也"}, {"comment_author": "hoos891405", "comment_date": ["05/04", "08:10"], "comment_content": "一樣"}, {"comment_author": "WeGoStyle", "comment_date": ["05/04", "08:13"], "comment_content": "什麼時候了還在搞ai發言人"}, {"comment_author": "j55888819", "comment_date": ["05/04", "08:13"], "comment_content": "臺灣也該引進 比一個只領乾薪的廢物好"}, {"comment_author": "a0986188522", "comment_date": ["05/04", "08:15"], "comment_content": "ai大本營戰報"}, {"comment_author": "tenka92417", "comment_date": ["05/04", "08:15"], "comment_content": "錢太多"}, {"comment_author": "milleniue", "comment_date": ["05/04", "08:17"], "comment_content": "一樓XDDD"}, {"comment_author": "takeda3234", "comment_date": ["05/04", "08:18"], "comment_content": "AI是自己演算稿子 還是別人拿稿子給"}, {"comment_author": "takeda3234", "comment_date": ["05/04", "08:18"], "comment_content": "他念這差很多"}, {"comment_author": "jobli", "comment_date": ["05/04", "08:21"], "comment_content": "厘里瞭解一下"}, {"comment_author": "tomhawkreal", "comment_date": ["05/04", "08:22"], "comment_content": "AI自己創作 可能引起外交糾紛"}, {"comment_author": "archon", "comment_date": ["05/04", "08:24"], "comment_content": "這外交官視覺上不太像烏克蘭的妹子 ._.?"}, {"comment_author": "faust666", "comment_date": ["05/04", "08:35"], "comment_content": "前線在死人，後面高層搞這個？！偉哉"}, {"comment_author": "scott50110", "comment_date": ["05/04", "08:40"], "comment_content": "老家都快沒了還搞這些有的沒的"}, {"comment_author": "kicca", "comment_date": ["05/04", "08:44"], "comment_content": "我們的ai內閣還不跟上全換成ai首長"}, {"comment_author": "Gamer1028", "comment_date": ["05/04", "08:56"], "comment_content": "因為真正的發言人上戰場啦 (誤"}, {"comment_author": "SirDoggo", "comment_date": ["05/04", "08:56"], "comment_content": "因為連外交官都抓到前線去了"}, {"comment_author": "asdfqwer63", "comment_date": ["05/04", "09:01"], "comment_content": "烏克蘭會被司機玩死"}, {"comment_author": "bole", "comment_date": ["05/04", "09:01"], "comment_content": "烏克蘭怎麼感覺很有閒暇"}, {"comment_author": "loking", "comment_date": ["05/04", "09:21"], "comment_content": "這樣外交官就不怕暗殺啊"}, {"comment_author": "jobli", "comment_date": ["05/04", "09:23"], "comment_content": ""}, {"comment_author": "jobli", "comment_date": ["05/04", "09:25"], "comment_content": "數字人很神奇?"}, {"comment_author": "jobli", "comment_date": ["05/04", "09:25"], "comment_content": "人家隨便一個民用的早就能互動拍連續劇了,"}, {"comment_author": "jobli", "comment_date": ["05/04", "09:25"], "comment_content": "結果烏克蘭會講話很神奇？"}, {"comment_author": "Euglena", "comment_date": ["05/04", "09:30"], "comment_content": "這是玩P社遊戲嗎？"}, {"comment_author": "TCLanLanLu", "comment_date": ["05/04", "11:16"], "comment_content": "塔綠班笑人家也不看看自己欸"}, {"comment_author": "small91051", "comment_date": ["05/04", "11:44"], "comment_content": "有時間搞這……"}, {"comment_author": "xbearboy", "comment_date": ["05/04", "12:54"], "comment_content": "難道認為數發部開戰會去戰場支援嗎？"}, {"comment_author": "yeangigi", "comment_date": ["05/04", "14:26"], "comment_content": "=== 已經在準備宣佈投降的替死鬼了？ =="}, {"comment_author": "asiaking5566", "comment_date": ["05/04", "18:00"], "comment_content": "死光了 只剩賽博遺跡和數位主播"}]}
