{"author": "saiulbb (#KEEP MLB GREAT!)", "category": "Gossiping", "title": "[新聞] 為成 Safari 預設搜尋引擎，2022 年 Google 支付蘋果 200 ", "date": "Fri May  3 23:56:55 2024", "content": ["備註請放最後面 違者新聞文章刪除1.媒體來源:", "科技新報2.記者署名:", "作者 邱 倢芯 | 發布日期 2024 年 05 月 03 日 14:21 | 分類 Apple , Google , 財經3.完整新聞標題:", "為成 Safari 預設搜尋引擎，2022 年 Google 支付蘋果 200 億美元4.完整新聞內文:", "美國司法部為了證明 Google 壟斷搜尋引擎市場，意外披露文件，稱 Google 2022 年時支付蘋果 200 億美元，以成為 iPhone、iPad、Mac 的 Safari 預設搜尋引擎。美國司法部指控 Google 搜尋引擎壟斷訴訟，後者與蘋果交易成為焦點。11 月訴訟文件顯示，Google 支付蘋果 Safari 搜尋總收入 36%，事實證明約等於 200 億美元。《彭博社》指出，自 2002 年以來，Google 一直是蘋果設備預設搜尋引擎，儘管交易多次重新談判。蘋果與 Google 審判期間一直努力保密雙方協議條款。去年 10 月，微軟執行長 Satya Nadella 出庭作證，蘋果與 Google 協議使微軟 Bing等搜尋引擎無法與 Google 競爭，微軟一度希望蘋果收購 Bing，但蘋果不感興趣。微軟指責 Google 後，蘋果服務資深副總裁 Eddy Cue 表示，蘋果擔心 Bing 品質與功能無法競爭。Cue 稱蘋果選 Google 為 iPhone Safari 預設搜尋引擎，是因蘋果認為它（Google）最好。多數國家地區，Google 是蘋果裝置預設搜尋引擎，不過使用者仍可依喜好換成 Yahoo、Bing、DuckDuckGo 或 Ecosia，如果需更改瀏覽器搜尋引擎，要開啟 Safari 設定。歐盟通過數位市場法案後，就要求蘋果必須更改瀏覽器執行方式，用戶設定 iPhone 時可選擇預設瀏覽器，比蘋果美國允許少數選項更多。假若 Google 敗訴，蘋果與 Google 的交易就得被迫解除，訴訟這兩天結案陳詞，法官今年稍後會做出裁決。Google’s Payments to Apple Reached $20 Billion in 2022, Antitrust CourtDocuments Show（首圖來源：Flickr/Brett Jordan CC BY 2.0）5.完整新聞連結 (或短網址)不可用YAHOO、LINE、MSN等轉載媒體:", "6.備註:", "挖靠好貴阿，用蘋果產品的果粉預先的瀏覽器還是Safari嗎？--"], "post_comment": [{"comment_author": "k385476916", "comment_date": ["05/03", "23:58"], "comment_content": "唯一支持Safari"}, {"comment_author": "horseorange", "comment_date": ["05/03", "23:58"], "comment_content": "用設備數來算一台才付10塊吧"}, {"comment_author": "marktak", "comment_date": ["05/03", "23:59"], "comment_content": "是預設谷歌搜尋吧？"}, {"comment_author": "marktak", "comment_date": ["05/03", "23:59"], "comment_content": "真是供應界寄生蟲"}, {"comment_author": "Marle", "comment_date": ["05/04", "00:03"], "comment_content": "怎麼不把safari換成chrome"}, {"comment_author": "Nikon1992", "comment_date": ["05/04", "00:17"], "comment_content": "chrome太耗資源了, Safari速度很快"}, {"comment_author": "Nikon1992", "comment_date": ["05/04", "00:18"], "comment_content": "Chrome等於在OS裡頭再裝一個OS"}, {"comment_author": "adios881", "comment_date": ["05/04", "01:05"], "comment_content": "知道蘋果多奸詐了ㄇ"}, {"comment_author": "guanting886", "comment_date": ["05/04", "07:32"], "comment_content": "不用講的那麼可憐 你支付兩百億的影"}, {"comment_author": "guanting886", "comment_date": ["05/04", "07:32"], "comment_content": "響力就是數十倍的廣告業務量"}, {"comment_author": "guanting886", "comment_date": ["05/04", "07:32"], "comment_content": "本來就該拿"}, {"comment_author": "guanting886", "comment_date": ["05/04", "07:34"], "comment_content": "而也證明Google的影響力就是目前搜"}, {"comment_author": "guanting886", "comment_date": ["05/04", "07:34"], "comment_content": "尋引擎最大的 一家靠廣告收入為主力"}, {"comment_author": "guanting886", "comment_date": ["05/04", "07:34"], "comment_content": "的公司怎麼可能不希望自己搜尋引擎"}, {"comment_author": "guanting886", "comment_date": ["05/04", "07:34"], "comment_content": "可以獨佔市場"}, {"comment_author": "guanting886", "comment_date": ["05/04", "07:35"], "comment_content": "他一年早期就給蘋果10億以上"}, {"comment_author": "guanting886", "comment_date": ["05/04", "07:36"], "comment_content": "所以其他家搜尋引擎一直以來就真的"}, {"comment_author": "guanting886", "comment_date": ["05/04", "07:36"], "comment_content": "很廢"}, {"comment_author": "guanting886", "comment_date": ["05/04", "07:37"], "comment_content": "他牌業者沒有足夠的數據強化搜尋體"}, {"comment_author": "guanting886", "comment_date": ["05/04", "07:37"], "comment_content": "驗 也沒有足夠的經費去推更好的服務"}, {"comment_author": "exile4sih", "comment_date": ["05/04", "17:45"], "comment_content": "總比預設會是鴨鴨走好吧"}]}
