{"author": "blue999 (FLY)", "category": "Gossiping", "title": "[新聞] 每月「射21次」才健康？專家：前列腺癌", "date": "Mon Apr 29 18:41:09 2024", "content": ["？專家：前列腺癌風險降20％尹煒翔   東森有醫學研究指出，射精的次數和罹癌機率有關。（示意圖／Pixabay）分享男性的「排毒」頻率，到底會不會影響器官的健康度呢？美國先前一份研究顯示，", "，也有一名泰國醫學專家指出，", "根據泰媒《泰國頭條新聞》報導，朱拉隆功大學醫學院「新發疾病健康科學中心」主任提拉瓦博士指出，男性到了一定年齡後，將會面臨前列腺肥大和潛在的惡性腫瘤問題，可能導致尿頻、尿急、尿不盡等問題，甚至恐影響血液黏稠度及心腎功能。博士表示，假如出現類似病況，但前列腺未癌變或不想切除腺體，可使用某些高血壓藥物來緩解尿路問題，或使用睪丸激素抑制劑來縮小前列腺，雖然後者可能會導致性慾降低和勃起功能受損。此外，博士更引述美國波士頓大學癌症流行病學中心的研究，表示", "；然而，目前尚未找出性活動與前列腺癌之間的關係，有一個理論認為，性活動可排除前列腺中的致癌物質，來減少罹患癌症的風險，或是通過性活動產生的激素改善免疫力。然而，射精頻率與前列腺健康之間的關聯度，仍存在著一定爭議，過去有許多專家分別提出「有益、無益、有害」的研究，目前尚未達成「射精越多，罹癌機率就越小」的共識，建議民眾在", "時，還是適量就好，以免產生其他健康問題。", "五樓肥宅 天天尻尻  難怪身體那麼健康--"], "post_comment": [{"comment_author": "syntax123", "comment_date": ["04/29", "18:41"], "comment_content": "射30次更健康"}, {"comment_author": "kuma525566", "comment_date": ["04/29", "18:41"], "comment_content": "二樓讓大家射"}, {"comment_author": "rb731024", "comment_date": ["04/29", "18:41"], "comment_content": "天天打手槍 週休的概念"}, {"comment_author": "taiwan08", "comment_date": ["04/29", "18:41"], "comment_content": "五樓都是被肛到射21次出來"}, {"comment_author": "bill403777", "comment_date": ["04/29", "18:41"], "comment_content": "沒有每天射 不及格吧"}, {"comment_author": "OPPAISuki", "comment_date": ["04/29", "18:41"], "comment_content": "太少了 我平均一個月50次吧"}, {"comment_author": "cdhu", "comment_date": ["04/29", "18:42"], "comment_content": "可以廣設口天使嗎"}, {"comment_author": "logLCY", "comment_date": ["04/29", "18:42"], "comment_content": "內文兩種情況寫反了啊，到底哪個比較低"}, {"comment_author": "bdbpzcatqpq1", "comment_date": ["04/29", "18:44"], "comment_content": "又多一個打炮的理由"}, {"comment_author": "setsunabs", "comment_date": ["04/29", "18:44"], "comment_content": "排毒，攝護腺保養師，都是真的"}, {"comment_author": "be00148", "comment_date": ["04/29", "18:44"], "comment_content": "樓下看完這篇就"}, {"comment_author": "applekidd795", "comment_date": ["04/29", "18:44"], "comment_content": "二天就達標了  嫩"}, {"comment_author": "arhuro", "comment_date": ["04/29", "18:45"], "comment_content": "天天OGC 我有健康的LP 西斯梗沒什麼人知道"}, {"comment_author": "kutkin", "comment_date": ["04/29", "18:46"], "comment_content": "能夠射21次的人生活很滋潤吧"}, {"comment_author": "tctv2002", "comment_date": ["04/29", "18:48"], "comment_content": "北七 有自律神經失調的人 越多次越容易"}, {"comment_author": "tctv2002", "comment_date": ["04/29", "18:48"], "comment_content": "惡化"}, {"comment_author": "whitenoise", "comment_date": ["04/29", "18:48"], "comment_content": "樓下幾天達標？"}, {"comment_author": "whitenoise", "comment_date": ["04/29", "18:49"], "comment_content": "好奇自律神經失調跟這有啥關係"}, {"comment_author": "ueu966", "comment_date": ["04/29", "18:49"], "comment_content": "其他動物：？"}, {"comment_author": "EEGJ5566", "comment_date": ["04/29", "18:52"], "comment_content": "一個禮拜就達標"}, {"comment_author": "kino056", "comment_date": ["04/29", "18:53"], "comment_content": "尻起來 go go"}, {"comment_author": "shane24156", "comment_date": ["04/29", "18:56"], "comment_content": "21次簡單吧"}, {"comment_author": "Messi100", "comment_date": ["04/29", "18:57"], "comment_content": "太少了"}, {"comment_author": "alex00089", "comment_date": ["04/29", "19:01"], "comment_content": "週休二日？"}, {"comment_author": "aweincku", "comment_date": ["04/29", "19:01"], "comment_content": "每日一槍 終身健康"}, {"comment_author": "akakbest", "comment_date": ["04/29", "19:03"], "comment_content": "會不會射太多 結果嚴重腎虧"}, {"comment_author": "NotOtaku", "comment_date": ["04/29", "19:04"], "comment_content": "跟上班日一樣多，可以請女同事幫忙嗎"}, {"comment_author": "chinhan1216", "comment_date": ["04/29", "19:04"], "comment_content": "我隨隨便便就超越了"}, {"comment_author": "ayakiax", "comment_date": ["04/29", "19:06"], "comment_content": "前面寫射精21次的比4次的罹癌機率低，後"}, {"comment_author": "ayakiax", "comment_date": ["04/29", "19:07"], "comment_content": "面寫4次性行為比21的罹癌機率低20%，所"}, {"comment_author": "ayakiax", "comment_date": ["04/29", "19:07"], "comment_content": "以要常射精不要有性行為嗎？"}, {"comment_author": "ccjj8", "comment_date": ["04/29", "19:11"], "comment_content": "真的是排毒"}, {"comment_author": "sunbreak0723", "comment_date": ["04/29", "19:19"], "comment_content": "有時候閒閒沒事，都超多次…"}, {"comment_author": "goodjop11", "comment_date": ["04/29", "19:23"], "comment_content": "清槍開始清槍蹲下"}, {"comment_author": "barkids", "comment_date": ["04/29", "19:25"], "comment_content": "原來如此，只能休六日"}, {"comment_author": "zzff92", "comment_date": ["04/29", "19:25"], "comment_content": "射在R20裡面也可以嗎？"}, {"comment_author": "zzff92", "comment_date": ["04/29", "19:25"], "comment_content": "我發現比在陰道裡面射得還多"}, {"comment_author": "beast1969", "comment_date": ["04/29", "19:27"], "comment_content": "年輕人管子新沒清那麼頻繁應該也還OK"}, {"comment_author": "beast1969", "comment_date": ["04/29", "19:27"], "comment_content": "年紀有的較需要清但是已經沒能力常清"}, {"comment_author": "pansquarl", "comment_date": ["04/29", "19:35"], "comment_content": "八卦鄉民個個30cm射好射滿"}, {"comment_author": "freedom77", "comment_date": ["04/29", "19:42"], "comment_content": "鄉民三天達標"}, {"comment_author": "c24253994", "comment_date": ["04/29", "19:43"], "comment_content": "我他媽一個月都射87次以上"}, {"comment_author": "jimlexus", "comment_date": ["04/29", "19:46"], "comment_content": "尻"}, {"comment_author": "kai2573", "comment_date": ["04/29", "19:56"], "comment_content": "有點太簡單"}, {"comment_author": "Osmium", "comment_date": ["04/29", "19:56"], "comment_content": "一個月30次是基本"}, {"comment_author": "t2134563", "comment_date": ["04/29", "20:11"], "comment_content": "一周就搞定了"}, {"comment_author": "fit8590", "comment_date": ["04/29", "20:18"], "comment_content": "一日一射"}, {"comment_author": "wugucc029", "comment_date": ["04/29", "20:54"], "comment_content": "我一天至少2次 = ="}, {"comment_author": "shaoju", "comment_date": ["04/29", "21:03"], "comment_content": "做二休一的概念"}, {"comment_author": "kfwibsj", "comment_date": ["04/29", "21:08"], "comment_content": "看來早洩的人能活久一點"}, {"comment_author": "Cireiat", "comment_date": ["04/29", "21:32"], "comment_content": "家人們尻起來"}, {"comment_author": "loloman", "comment_date": ["04/29", "22:12"], "comment_content": "我比較好奇低於21次的是怎樣"}, {"comment_author": "endlesskarma", "comment_date": ["04/29", "22:25"], "comment_content": "沒有60次都是廢物"}]}
