{"author": "lazyjohn (懶約翰)", "category": "Gossiping", "title": "[新聞] 綠委臨時提案！　傅崐萁要求「中國改大陸", "date": "Thu May  2 09:47:49 2024", "content": ["1.媒體來源:TVBS2.記者署名:粘宸瑄3.完整新聞標題:綠委臨時提案！　傅崐萁要求「中國改大陸」4.完整新聞內文:", "，但民進黨立委不滿開酸，謝謝傅總召開示，以後請正名「大陸國民黨」。這關鍵字眼「我國」，讓國民黨團，無法接受，要求必須改成「台灣」兩字，甚至「中國」一詞也要改成「大陸」。提案的民進黨立委蘇巧慧，再三確認，要改成這樣嗎，", "蘇巧慧不滿，翻出國民黨2020年的提案，出現「我國政府」用詞，直酸以前的國民黨有志氣多了。民進黨立委(內政)王美惠：「中國跟大陸是有什麼差別，所以不用玩文字遊戲啦。」國民黨立委(內政)廖先翔：「包括交通部內政部以及大陸委員會，在今天的書面報告上面的標題，也都是用大陸兩字，而不是中國兩個字。」這樣的解釋，看來民進黨不買單。", "就連網友也在GOOGLE地圖，把國民黨新北中和的黨部名稱，改為大陸國民黨部。立委(國)陳玉珍：「所以民進黨如果不懂這個，回去好好的研讀憲法。」拿出憲法背書，國民黨踩住陣腳。5.完整新聞連結 (或短網址)不可用YAHOO、LINE、MSN等轉載媒體:", "6.備註:--"], "post_comment": [{"comment_author": "s142857", "comment_date": ["05/02", "09:48"], "comment_content": "看到綠委氣pupu 就知道國民黨做對了"}, {"comment_author": "selisja", "comment_date": ["05/02", "09:49"], "comment_content": "大陸國民黨"}, {"comment_author": "jayemshow", "comment_date": ["05/02", "09:49"], "comment_content": "改你的鳥蛋啦 中國就是中國"}, {"comment_author": "tenka92417", "comment_date": ["05/02", "09:49"], "comment_content": "民進黨不爽可以廢了憲法增修條文呀"}, {"comment_author": "nostar", "comment_date": ["05/02", "09:50"], "comment_content": "大陸國民黨"}, {"comment_author": "EXIONG", "comment_date": ["05/02", "09:50"], "comment_content": "看來綠色芒果乾還是能賣8年"}, {"comment_author": "holik0123", "comment_date": ["05/02", "09:50"], "comment_content": "好了啦 沒用的51,有辦法就表決啊"}, {"comment_author": "sooppp", "comment_date": ["05/02", "09:50"], "comment_content": "藍軍跪習慣了，不意外"}, {"comment_author": "squeakywheel", "comment_date": ["05/02", "09:50"], "comment_content": "中華民國台灣本來就是不3不4的東西"}, {"comment_author": "gn134679", "comment_date": ["05/02", "09:51"], "comment_content": "綠自己一堆人跑去中國賺錢"}, {"comment_author": "scandinavian", "comment_date": ["05/02", "09:52"], "comment_content": "改成台灣不行啦，要也是中華民國吧"}, {"comment_author": "gn134679", "comment_date": ["05/02", "09:52"], "comment_content": "這時候在那演戲，只有87綠粉會被騙"}, {"comment_author": "scandinavian", "comment_date": ["05/02", "09:52"], "comment_content": "台灣只是通俗說法，泛指台灣省範圍"}, {"comment_author": "MMyDD", "comment_date": ["05/02", "09:52"], "comment_content": "傅:終於能台獨喊台灣了"}, {"comment_author": "gn134679", "comment_date": ["05/02", "09:52"], "comment_content": "綠共大老柯，自己就兩個兒子在中國了"}, {"comment_author": "welcome", "comment_date": ["05/02", "09:53"], "comment_content": "執政八年完全執政不敢修憲,那就照憲法走"}, {"comment_author": "elmoman", "comment_date": ["05/02", "09:54"], "comment_content": "無用的51席 哈哈哈哈"}, {"comment_author": "welcome", "comment_date": ["05/02", "09:54"], "comment_content": "誰叫我們憲法就是講大陸地區"}, {"comment_author": "MMyDD", "comment_date": ["05/02", "09:54"], "comment_content": "那也請聯合國稱我們為台灣"}, {"comment_author": "elzohar", "comment_date": ["05/02", "09:54"], "comment_content": "改支那 都不會有爭議"}, {"comment_author": "hgt", "comment_date": ["05/02", "09:55"], "comment_content": "果然是不能讓它們過半，一來就搞這些統戰的"}, {"comment_author": "JT0624", "comment_date": ["05/02", "09:55"], "comment_content": "正式用語就是大陸籍跟台灣啊 阿不然寫淪陷"}, {"comment_author": "JT0624", "comment_date": ["05/02", "09:55"], "comment_content": "區也行"}, {"comment_author": "MMyDD", "comment_date": ["05/02", "09:56"], "comment_content": "國外公文都要稱我們為台灣喔"}, {"comment_author": "ronga", "comment_date": ["05/02", "09:56"], "comment_content": "憲法就叫大陸地區阿  有種修憲"}, {"comment_author": "hgt", "comment_date": ["05/02", "09:56"], "comment_content": "有本事國民黨就立法讓人民都只能講大陸阿!!!!"}, {"comment_author": "pyrolith", "comment_date": ["05/02", "09:56"], "comment_content": "台灣地區民眾黨"}, {"comment_author": "hgt", "comment_date": ["05/02", "09:56"], "comment_content": "我就是要講中國跟我國!!!!!!!!!!!!!!!!!!!!!!"}, {"comment_author": "a5065605", "comment_date": ["05/02", "09:56"], "comment_content": "國民黨又開始敗票囉 扶不起的阿斗"}, {"comment_author": "uku", "comment_date": ["05/02", "09:56"], "comment_content": "什麼時候修憲"}, {"comment_author": "hgt", "comment_date": ["05/02", "09:57"], "comment_content": "有本事來封我的嘴阿!!!  操!!!!!!!!!!!"}, {"comment_author": "MMyDD", "comment_date": ["05/02", "09:57"], "comment_content": "那是金門馬祖是不是被賣了"}, {"comment_author": "Hooz", "comment_date": ["05/02", "09:57"], "comment_content": "花蓮王也太舔了吧"}, {"comment_author": "MMyDD", "comment_date": ["05/02", "09:58"], "comment_content": "金門馬祖要怎麼稱呼"}, {"comment_author": "MMyDD", "comment_date": ["05/02", "09:58"], "comment_content": "大陸金門?"}, {"comment_author": "MMyDD", "comment_date": ["05/02", "09:58"], "comment_content": "大陸馬祖?"}, {"comment_author": "pyrolith", "comment_date": ["05/02", "09:58"], "comment_content": "大陸地區民眾黨"}, {"comment_author": "hhnhhnhhn", "comment_date": ["05/02", "09:59"], "comment_content": "花蓮王持續幫KMT敗票中..."}, {"comment_author": "kaminari22tw", "comment_date": ["05/02", "09:59"], "comment_content": "台灣改中華台北才對，小英說沒問題"}, {"comment_author": "kaminari22tw", "comment_date": ["05/02", "09:59"], "comment_content": ""}, {"comment_author": "MMyDD", "comment_date": ["05/02", "10:00"], "comment_content": "花蓮王都說只能稱台灣"}, {"comment_author": "siliconsand", "comment_date": ["05/02", "10:00"], "comment_content": "國民黨沒救了…  選你們是希望你們"}, {"comment_author": "siliconsand", "comment_date": ["05/02", "10:00"], "comment_content": "監督執政弊案，不是給你們權力去跟"}, {"comment_author": "siliconsand", "comment_date": ["05/02", "10:00"], "comment_content": "中國搖尾巴輸誠"}, {"comment_author": "pyrolith", "comment_date": ["05/02", "10:00"], "comment_content": "中華民國大陸地區主席習近平"}, {"comment_author": "MMyDD", "comment_date": ["05/02", "10:01"], "comment_content": "大陸區金門?"}, {"comment_author": "acchiang", "comment_date": ["05/02", "10:01"], "comment_content": "中國本來就不等於大陸啊"}, {"comment_author": "sunpedro0202", "comment_date": ["05/02", "10:02"], "comment_content": "大陸國民黨"}, {"comment_author": "kixer2005", "comment_date": ["05/02", "10:03"], "comment_content": "陸民黨去死一死"}, {"comment_author": "chaitomaster", "comment_date": ["05/02", "10:04"], "comment_content": "民進黨提修憲啊？八年沒改欸"}, {"comment_author": "Joannashinn", "comment_date": ["05/02", "10:07"], "comment_content": "直接告訴你不能稱自己是個國家"}, {"comment_author": "KrebikShaw", "comment_date": ["05/02", "10:08"], "comment_content": "改大陸還能理解，為啥要改我國？有病"}, {"comment_author": "KrebikShaw", "comment_date": ["05/02", "10:08"], "comment_content": "？"}, {"comment_author": "charmingpink", "comment_date": ["05/02", "10:08"], "comment_content": "大陸陸民黨"}, {"comment_author": "holik0123", "comment_date": ["05/02", "10:09"], "comment_content": "40%崩潰就是做對了"}, {"comment_author": "Peter0909", "comment_date": ["05/02", "10:12"], "comment_content": "哇靠現在遵守憲法對綠共來說就是跟對岸"}, {"comment_author": "Peter0909", "comment_date": ["05/02", "10:12"], "comment_content": "搖尾巴輸誠喔"}, {"comment_author": "MMyDD", "comment_date": ["05/02", "10:12"], "comment_content": "已經跟對岸請示了，寫我國習大大會生氣"}, {"comment_author": "behappy0924", "comment_date": ["05/02", "10:12"], "comment_content": "不自稱中國才是違憲"}, {"comment_author": "source0209", "comment_date": ["05/02", "10:13"], "comment_content": "所以民進黨要獨立了沒？"}, {"comment_author": "Electricfish", "comment_date": ["05/02", "10:14"], "comment_content": "花蓮王不愧是花蓮王"}, {"comment_author": "kule", "comment_date": ["05/02", "10:14"], "comment_content": "那民進黨的我國是中國嗎？"}, {"comment_author": "MMyDD", "comment_date": ["05/02", "10:14"], "comment_content": "花蓮王不是宣布獨立了嗎"}, {"comment_author": "MMyDD", "comment_date": ["05/02", "10:15"], "comment_content": "有膽花蓮王說改成台灣區"}, {"comment_author": "arceus", "comment_date": ["05/02", "10:16"], "comment_content": "就是笑你黨不敢獨啊 哪這麼難理解"}, {"comment_author": "pyrolith", "comment_date": ["05/02", "10:17"], "comment_content": "所以以後選舉口號都要改用中國"}, {"comment_author": "BlowjobFace", "comment_date": ["05/02", "10:17"], "comment_content": "白粉最愛回歸祖國了"}, {"comment_author": "MMyDD", "comment_date": ["05/02", "10:18"], "comment_content": "記得介紹台灣總統給對岸認識喔"}, {"comment_author": "marinsky", "comment_date": ["05/02", "10:18"], "comment_content": "這人瘋了"}, {"comment_author": "MMyDD", "comment_date": ["05/02", "10:18"], "comment_content": "到對岸連總統一詞都不敢放屁的人"}, {"comment_author": "charmingpink", "comment_date": ["05/02", "10:20"], "comment_content": "陸民黨不演了 什麼時候投降"}, {"comment_author": "kululualex", "comment_date": ["05/02", "10:20"], "comment_content": "中國改大陸我還可以理解，憲法問題嘛"}, {"comment_author": "kululualex", "comment_date": ["05/02", "10:20"], "comment_content": "。我國改台灣是為什麼？"}, {"comment_author": "leo1217000", "comment_date": ["05/02", "10:23"], "comment_content": "好，這局就當作你大陸國民黨贏了"}, {"comment_author": "hjbe5932", "comment_date": ["05/02", "10:23"], "comment_content": "所以國民黨什麼時候要把大陸淪陷區拿回"}, {"comment_author": "bloodmickey", "comment_date": ["05/02", "10:23"], "comment_content": "DPP改成資進黨  也不錯捏"}, {"comment_author": "hjbe5932", "comment_date": ["05/02", "10:23"], "comment_content": "來？"}, {"comment_author": "cocogg", "comment_date": ["05/02", "10:23"], "comment_content": "台獨黨章："}, {"comment_author": "bloodmickey", "comment_date": ["05/02", "10:24"], "comment_content": "炒房進步黨"}, {"comment_author": "kenclyde", "comment_date": ["05/02", "10:24"], "comment_content": "國民黨廢到笑從巧心到花蓮王,投白比較好"}, {"comment_author": "lain2002", "comment_date": ["05/02", "10:25"], "comment_content": "大陸國民黨, 我國民眾黨"}, {"comment_author": "Solosea", "comment_date": ["05/02", "10:26"], "comment_content": "乖乖處理民生議題就好  碰意識形態是北七"}, {"comment_author": "idxxxx", "comment_date": ["05/02", "10:26"], "comment_content": "蛤 最討厭別人寫大陸的不就是你民進黨嗎"}, {"comment_author": "idxxxx", "comment_date": ["05/02", "10:26"], "comment_content": "？時空錯亂了喔？"}, {"comment_author": "Solosea", "comment_date": ["05/02", "10:27"], "comment_content": "嗎  一個總召笨到現在還去跟綠營玩統獨題"}, {"comment_author": "idxxxx", "comment_date": ["05/02", "10:29"], "comment_content": "所以以後死覺青仔噓別人提大陸就叫他去看"}, {"comment_author": "idxxxx", "comment_date": ["05/02", "10:29"], "comment_content": "民進黨立委怎麼說厚"}, {"comment_author": "bart102617", "comment_date": ["05/02", "10:31"], "comment_content": "憲法兩岸同屬一中 讚啦"}, {"comment_author": "GunTT", "comment_date": ["05/02", "10:31"], "comment_content": "國民黨真的沒救了"}, {"comment_author": "nostar", "comment_date": ["05/02", "10:33"], "comment_content": "我國民黨人才濟濟，怎麼會沒救？(╳)"}, {"comment_author": "nostar", "comment_date": ["05/02", "10:34"], "comment_content": "臺灣民黨人才濟濟(○) 我國改成臺灣才對"}, {"comment_author": "splendidpoem", "comment_date": ["05/02", "10:35"], "comment_content": "連「我國」都要改成「台灣」，這就"}, {"comment_author": "splendidpoem", "comment_date": ["05/02", "10:35"], "comment_content": "真的媚共媚過頭了。更可悲的是：這"}, {"comment_author": "splendidpoem", "comment_date": ["05/02", "10:35"], "comment_content": "種幫著外敵自我矮化的政客，居然還"}, {"comment_author": "splendidpoem", "comment_date": ["05/02", "10:35"], "comment_content": "可以在選舉中獲得人民的投票授權與"}, {"comment_author": "splendidpoem", "comment_date": ["05/02", "10:35"], "comment_content": "支持。"}, {"comment_author": "mscp", "comment_date": ["05/02", "10:36"], "comment_content": "哈哈哈，這樣做就對了，DPP超會洗認知作戰，"}, {"comment_author": "mscp", "comment_date": ["05/02", "10:36"], "comment_content": "我就奇怪以前都講大陸，怎麼這幾年改叫中國"}, {"comment_author": "billleo0406", "comment_date": ["05/02", "10:36"], "comment_content": "大陸國民黨"}, {"comment_author": "minami77", "comment_date": ["05/02", "10:37"], "comment_content": "中國國民黨欲將台灣人變中國國民，消滅"}, {"comment_author": "mscp", "comment_date": ["05/02", "10:37"], "comment_content": "對岸叫中國的話，那鬼島自居正統中國傳承又"}, {"comment_author": "minami77", "comment_date": ["05/02", "10:37"], "comment_content": "我國民的國家意識"}, {"comment_author": "mscp", "comment_date": ["05/02", "10:37"], "comment_content": "該叫什麼?台灣?不是吧"}, {"comment_author": "mscp", "comment_date": ["05/02", "10:38"], "comment_content": "憲法明定:中華民國分為大陸地區、台灣地區"}, {"comment_author": "Loloya", "comment_date": ["05/02", "10:38"], "comment_content": "吵啥？在國際活動時能自訂再嘴秋啦"}, {"comment_author": "mikezip", "comment_date": ["05/02", "10:39"], "comment_content": "dpp要別人別毀憲亂政,名稱就可以?"}, {"comment_author": "mscp", "comment_date": ["05/02", "10:39"], "comment_content": "傅總召這樣做就對了，對岸稱大陸，鬼島稱台"}, {"comment_author": "mscp", "comment_date": ["05/02", "10:39"], "comment_content": "灣，以後叫對方426，叫咱灣灣"}, {"comment_author": "mscp", "comment_date": ["05/02", "10:41"], "comment_content": "DPP把大陸念法洗成中國這居心不言可喻，在概"}, {"comment_author": "mscp", "comment_date": ["05/02", "10:41"], "comment_content": "念上跟台灣做出區隔，文化上的兩國論"}, {"comment_author": "Caroney", "comment_date": ["05/02", "10:41"], "comment_content": "民進黨有種一點 兩岸人民關係條例改名啊"}, {"comment_author": "mscp", "comment_date": ["05/02", "10:42"], "comment_content": "有沒有南明政權主動稱大清國為明朝的八卦?"}, {"comment_author": "mscp", "comment_date": ["05/02", "10:44"], "comment_content": "鬼島不就是類似南明這個狀況嗎?自居正統卻把"}, {"comment_author": "TCPai", "comment_date": ["05/02", "10:44"], "comment_content": "炒這個還真的是吃太飽"}, {"comment_author": "mscp", "comment_date": ["05/02", "10:45"], "comment_content": "正統國號送給對方?這操作只有文化台獨說得通"}, {"comment_author": "mscp", "comment_date": ["05/02", "10:46"], "comment_content": "千萬別小看這個細微操作，以這幾年年輕人思"}, {"comment_author": "mscp", "comment_date": ["05/02", "10:46"], "comment_content": "惟，確實有達到思想兩國論的目的"}, {"comment_author": "dontaskme", "comment_date": ["05/02", "10:47"], "comment_content": "都八年了 要台獨了沒啦 只敢搞小動作"}, {"comment_author": "mscp", "comment_date": ["05/02", "10:47"], "comment_content": "不改回來，按這趨勢，再兩代人就真台獨了"}, {"comment_author": "mscp", "comment_date": ["05/02", "10:48"], "comment_content": "這跟改課綱是同一種操作，思想台獨"}, {"comment_author": "mscp", "comment_date": ["05/02", "10:50"], "comment_content": "要我來說，課綱也應該改回傳統版本"}, {"comment_author": "bwsxm3", "comment_date": ["05/02", "10:50"], "comment_content": "改成中華民國大陸跟中華民國台灣不是更好"}, {"comment_author": "mscp", "comment_date": ["05/02", "10:54"], "comment_content": "不用贅字，就大陸、台灣即可，一中原則"}, {"comment_author": "mscp", "comment_date": ["05/02", "10:55"], "comment_content": "不然就中國大陸、中國台灣"}, {"comment_author": "Balhae", "comment_date": ["05/02", "10:58"], "comment_content": "王定宇蘇巧慧你們兩個不要拿張飛打岳飛，"}, {"comment_author": "Balhae", "comment_date": ["05/02", "10:58"], "comment_content": "偷換概念，討論的法條範疇根本不一樣。"}, {"comment_author": "gwhmwiki", "comment_date": ["05/02", "11:01"], "comment_content": "就憲法稱對方是大陸地區，我們是台灣地"}, {"comment_author": "gwhmwiki", "comment_date": ["05/02", "11:01"], "comment_content": "區，以前我也想說何必這樣，後來才知道"}, {"comment_author": "gwhmwiki", "comment_date": ["05/02", "11:01"], "comment_content": "是憲法，那你民進黨怎麼不修憲法，民進"}, {"comment_author": "gwhmwiki", "comment_date": ["05/02", "11:01"], "comment_content": "黨就只知道操弄人民"}, {"comment_author": "jason3151", "comment_date": ["05/02", "11:07"], "comment_content": "綠粉這時候又決定不用遵從憲法了，綠"}, {"comment_author": "jason3151", "comment_date": ["05/02", "11:07"], "comment_content": "粉就是噁心雙標"}, {"comment_author": "tonykingtwo", "comment_date": ["05/02", "11:07"], "comment_content": "又在騙死忠40% 但非常有效"}, {"comment_author": "piwolf", "comment_date": ["05/02", "11:10"], "comment_content": "大陸國民黨  哈哈哈哈"}, {"comment_author": "fever105", "comment_date": ["05/02", "11:13"], "comment_content": "不能用我國？  哈"}, {"comment_author": "neoa01", "comment_date": ["05/02", "11:15"], "comment_content": "噶大陸是觀念正確，且符合中華民國憲法，"}, {"comment_author": "charmingpink", "comment_date": ["05/02", "11:16"], "comment_content": "國民黨請先改陸民黨"}, {"comment_author": "Ligamenta", "comment_date": ["05/02", "11:17"], "comment_content": "大陸國民黨"}, {"comment_author": "medichou13", "comment_date": ["05/02", "11:20"], "comment_content": "不爽可以修憲，前8年在幹什麼？"}, {"comment_author": "mopigou", "comment_date": ["05/02", "11:23"], "comment_content": "華航還不改名阿"}, {"comment_author": "collen66", "comment_date": ["05/02", "11:23"], "comment_content": "好的大陸國民黨"}, {"comment_author": "smast", "comment_date": ["05/02", "11:24"], "comment_content": "整篇文章語句有夠不順暢"}, {"comment_author": "DRAGON0324", "comment_date": ["05/02", "11:31"], "comment_content": "藍綠就偽君子跟真小人的差別而已=="}, {"comment_author": "Takobea", "comment_date": ["05/02", "11:46"], "comment_content": "花蓮王管很寬，人家的提案還要符合你做"}, {"comment_author": "Takobea", "comment_date": ["05/02", "11:46"], "comment_content": "給主子看的政績，噁心"}, {"comment_author": "Kt51000", "comment_date": ["05/02", "11:53"], "comment_content": "國民黨不演了XD"}, {"comment_author": "bairn", "comment_date": ["05/02", "11:53"], "comment_content": "塔綠斑什麼時候要台灣正名，明天星期五"}, {"comment_author": "a524528", "comment_date": ["05/02", "11:53"], "comment_content": "叫中國國民黨也沒問題阿，兩岸同屬一中，"}, {"comment_author": "a524528", "comment_date": ["05/02", "11:53"], "comment_content": "他同時也是對岸的政黨"}, {"comment_author": "stock01", "comment_date": ["05/02", "11:56"], "comment_content": "不演了"}, {"comment_author": "stock01", "comment_date": ["05/02", "11:57"], "comment_content": "法條怎麼訂內容需要修憲？"}, {"comment_author": "stock01", "comment_date": ["05/02", "11:57"], "comment_content": "憲法規定中國要叫大陸？"}, {"comment_author": "stock01", "comment_date": ["05/02", "11:58"], "comment_content": "我國要改成台灣？國民黨要不要先修憲？"}, {"comment_author": "micotosai", "comment_date": ["05/02", "11:58"], "comment_content": "藍白大陸人小草表示喜歡"}, {"comment_author": "hw102050", "comment_date": ["05/02", "11:59"], "comment_content": "塔綠斑什麼時候要台灣正名"}, {"comment_author": "hw102050", "comment_date": ["05/02", "11:59"], "comment_content": "綠粉這時候又決定不用遵從憲法了"}, {"comment_author": "hw102050", "comment_date": ["05/02", "11:59"], "comment_content": "不爽可以修憲，前8年在幹什麼？"}, {"comment_author": "hw102050", "comment_date": ["05/02", "12:00"], "comment_content": "綠自己一堆人跑去中國賺錢好意思"}, {"comment_author": "j198811", "comment_date": ["05/02", "12:10"], "comment_content": "要扯憲法那他兩句話自相矛盾啊，叫大陸"}, {"comment_author": "j198811", "comment_date": ["05/02", "12:10"], "comment_content": "沒問聽，但為什麼我國要改台灣？"}, {"comment_author": "doluir", "comment_date": ["05/02", "12:16"], "comment_content": "好啦什麼時候要停止這種口水戰新聞"}, {"comment_author": "azytjr", "comment_date": ["05/02", "12:17"], "comment_content": "全部支持台灣獨立的都不敢拿命來換"}, {"comment_author": "azytjr", "comment_date": ["05/02", "12:17"], "comment_content": "擋住台獨不打獨立戰爭的就是這些保命仔"}, {"comment_author": "azytjr", "comment_date": ["05/02", "12:17"], "comment_content": "笑死"}, {"comment_author": "sid3", "comment_date": ["05/02", "12:18"], "comment_content": "民進黨乖乖聽話"}, {"comment_author": "dreamnook2", "comment_date": ["05/02", "12:21"], "comment_content": "浪費時間= ="}, {"comment_author": "leo255112", "comment_date": ["05/02", "12:22"], "comment_content": "不認同傅的說法"}, {"comment_author": "arashikei314", "comment_date": ["05/02", "12:29"], "comment_content": "這群人為什麼不乾脆待在中國別回來"}, {"comment_author": "arashikei314", "comment_date": ["05/02", "12:30"], "comment_content": "了"}, {"comment_author": "moke", "comment_date": ["05/02", "12:33"], "comment_content": "中國黨 你還能期待什麼?"}, {"comment_author": "Demia", "comment_date": ["05/02", "12:34"], "comment_content": "大陸國民黨XDDDDD"}, {"comment_author": "lonelygroup", "comment_date": ["05/02", "12:39"], "comment_content": "藍綠又在作秀 兩邊腦粉跟著高潮 唉"}, {"comment_author": "lonelygroup", "comment_date": ["05/02", "12:41"], "comment_content": "納稅給嘴炮立委 跟抖內89網紅一樣"}, {"comment_author": "DREE", "comment_date": ["05/02", "12:42"], "comment_content": "我國 改台灣說不過去吧"}, {"comment_author": "DREE", "comment_date": ["05/02", "12:43"], "comment_content": "立法委員不能講我國 這怎麼解釋~~"}, {"comment_author": "kingsky", "comment_date": ["05/02", "12:45"], "comment_content": "講甚麼認不認同的都沒念書,有種修憲啊~"}, {"comment_author": "kingsky", "comment_date": ["05/02", "12:46"], "comment_content": "你執政最大黨時都沒卵蛋敢搞了"}, {"comment_author": "kingsky", "comment_date": ["05/02", "12:46"], "comment_content": "現在被別人輾壓更是只剩一張嘴,垃圾"}, {"comment_author": "orz151426", "comment_date": ["05/02", "12:47"], "comment_content": "民進黨華航正名了沒啦，好幾個下禮拜五"}, {"comment_author": "idxxxx", "comment_date": ["05/02", "12:56"], "comment_content": "沒用的51"}, {"comment_author": "tikowm", "comment_date": ["05/02", "13:02"], "comment_content": "狗黨嫌票太多?"}, {"comment_author": "vector", "comment_date": ["05/02", "13:23"], "comment_content": "選出來的公僕吵這個??"}, {"comment_author": "bart102617", "comment_date": ["05/02", "13:40"], "comment_content": "那可以稱呼為 匪區嗎"}, {"comment_author": "stu25936", "comment_date": ["05/02", "13:50"], "comment_content": "笑死"}, {"comment_author": "Kottbullar", "comment_date": ["05/02", "14:10"], "comment_content": "這種咖就是白粉柯粉昌粉的愛"}, {"comment_author": "WarIII", "comment_date": ["05/02", "15:14"], "comment_content": "熟悉的kmt 又回來了 唉"}, {"comment_author": "WarIII", "comment_date": ["05/02", "15:14"], "comment_content": "大陸國民黨 注定要被提款"}, {"comment_author": "kokibin2022", "comment_date": ["05/02", "15:39"], "comment_content": "國民黨啥時要被掃進歷史的廚餘桶啊啊"}, {"comment_author": "kokibin2022", "comment_date": ["05/02", "15:39"], "comment_content": "啊啊啊"}, {"comment_author": "keane9112", "comment_date": ["05/02", "16:23"], "comment_content": "大陸國民黨 大華民陸"}, {"comment_author": "philade76", "comment_date": ["05/02", "16:57"], "comment_content": "我國不能說我國要說台灣 哪個87啦"}, {"comment_author": "saluy", "comment_date": ["05/02", "17:24"], "comment_content": "改支那"}, {"comment_author": "hawardhsz", "comment_date": ["05/02", "22:18"], "comment_content": "國民黨這些人蔣介石時代應該會被槍斃?"}, {"comment_author": "hawardhsz", "comment_date": ["05/02", "22:19"], "comment_content": "一直委屈說被抹紅 但一直往臉上自抹紅?"}, {"comment_author": "nobitabaka", "comment_date": ["05/03", "11:41"], "comment_content": "才八年，鄉民突然都想回歸祖國了，說"}, {"comment_author": "nobitabaka", "comment_date": ["05/03", "11:41"], "comment_content": "不是網軍我都不信"}, {"comment_author": "Balhae", "comment_date": ["05/04", "05:42"], "comment_content": "被民進黨教成低能兒的比例也太高了，兩蔣"}, {"comment_author": "Balhae", "comment_date": ["05/04", "05:42"], "comment_content": "時代國家意識就是傅琨萁的主張啊，我實在"}, {"comment_author": "Balhae", "comment_date": ["05/04", "05:42"], "comment_content": "不懂為什麼那麼多鄉民連基本認識都沒有。"}]}
