{"author": "NARUTO (鳴人)", "category": "Gossiping", "title": "[新聞]南市府與鄭成功日本出生地平戶市締盟 建立", "date": "Mon Apr 29 18:56:33 2024", "content": ["1.媒體來源:聯合新聞網2.記者署名:2024-04-29 15:52 聯合報／ 記者鄭惠仁／台南即時報導3.完整新聞標題:南市府與鄭成功日本出生地平戶市締盟 建立更友好密切關係4.完整新聞內文:", "日本長崎縣平戶市是延平郡王鄭成功的出生地，市長黑田成彥與平戸市議會副議長池田稔巳訪問團今到台南市政府，簽署兩市「友好交流協定書」。圖／南市府提供日本長崎縣平戶市是延平郡王鄭成功的出生地，市長黑田成彥與平戸市議會副議長池田稔巳訪問團今到台南市政府，簽署兩市「友好交流協定書」；市長黃偉哲期望兩市成為友誼城市後能全面展開文化、教育、體育等各方面的交流，建立更緊密合作的友誼關係。市長黃偉哲表示，台南與平戶市因鄭成功而結緣，雙方一直有友好密切聯繫，能因為這段歷史，跟平戶市締結友好交流協定、並接待荷治時期荷屬東印度公司的臺灣末代長官揆(Frederick Coyett)的後代子孫，牽起3方面的友誼是非常大的榮幸。黃偉哲說 ，昨天於延平郡王祠進行國家中樞的儀式，以及在鄭成功祖廟舉行鄭氏忠祠的儀式，都充分證明了台南文化深厚的底蘊，也見證了這段歷史的意義。平戶市長黑田說，偉大的英雄鄭成功在平戶市誕生，因為特殊的歷史緣分促使兩市持續交流，締結深厚的友誼；而兩市市民也曾於2013年締結交流促進協定，讓雙方關係更加緊密。他表示，今年是鄭成功誕辰400周年，能在這值得紀念的一年完成多年的心願，讓兩市間締結友好交流協定，具有非常深刻的意義，期望未來兩市友誼更加深厚。南市府表示，平戶市位於日本長崎縣西北部，是日本本土最靠西邊的城市，因是鄭成功出生地而與南市結緣，相傳平戶市的千里濱為鄭成功出生地，當地設有鄭成功紀念公園，以及鄭成功誕生石。今天的簽署儀式於市府舉行，有新聞及國際關係處長蘇恩恩、文化局長謝仕淵、荷治時期荷屬東印度公司的臺灣末代長官揆一的後代子孫出席見證。5.完整新聞連結 (或短網址)不可用YAHOO、LINE、MSN等轉載媒體:", "6.備註:只有對岸的沒來看來是因為鄭成功是要反攻大陸的--", "第七代火影", "小智喝莎莉娜的水壺", "第十五班--"], "post_comment": [{"comment_author": "OPPAISuki", "comment_date": ["04/29", "18:57"], "comment_content": "嘔 鄭成功變日本人了?"}, {"comment_author": "kutkin", "comment_date": ["04/29", "18:57"], "comment_content": "海賊王真是政治正確"}, {"comment_author": "headcase", "comment_date": ["04/29", "18:57"], "comment_content": "民進党是不是造反啊 鄭成功可是支那人欸"}, {"comment_author": "arickal", "comment_date": ["04/29", "18:57"], "comment_content": "鄭成功是日本人?"}, {"comment_author": "kutkin", "comment_date": ["04/29", "18:58"], "comment_content": "屬地主義是日本人"}, {"comment_author": "SuzukiSeiya", "comment_date": ["04/29", "18:58"], "comment_content": "原來那麼多人不知道鄭成功是日本人"}, {"comment_author": "sd09090", "comment_date": ["04/29", "18:59"], "comment_content": "馬英九在香港出生？"}, {"comment_author": "akakbest", "comment_date": ["04/29", "19:00"], "comment_content": "竟然有人不知道鄭是混血兒"}, {"comment_author": "fertalizer", "comment_date": ["04/29", "19:00"], "comment_content": "鄭成功在日本出生"}, {"comment_author": "ZIbrahimovic", "comment_date": ["04/29", "19:00"], "comment_content": "為什麼要跟中國人有瓜葛 我們堅定"}, {"comment_author": "fertalizer", "comment_date": ["04/29", "19:00"], "comment_content": "童年也在日本"}, {"comment_author": "ZIbrahimovic", "comment_date": ["04/29", "19:00"], "comment_content": "支持台獨 應該要去中國化"}, {"comment_author": "konanno1", "comment_date": ["04/29", "19:01"], "comment_content": "平戶也要開始農地種太陽能版了嗎"}, {"comment_author": "headcase", "comment_date": ["04/29", "19:03"], "comment_content": "都賜姓朱當國姓爺了"}, {"comment_author": "cvnn", "comment_date": ["04/29", "19:04"], "comment_content": "鄭成功的母親是日本人啊"}, {"comment_author": "ander112233", "comment_date": ["04/29", "19:07"], "comment_content": "鄭成功、揆一？來打聖杯戰爭好了。"}, {"comment_author": "f230072828", "comment_date": ["04/29", "19:08"], "comment_content": "竟然有人不知道鄭成功是日本人?"}, {"comment_author": "nightyao", "comment_date": ["04/29", "19:12"], "comment_content": "居然有人不知道鄭成功自認是明朝人"}, {"comment_author": "apple123773", "comment_date": ["04/29", "19:20"], "comment_content": "鄭成功就日本出生阿..."}]}
