{"author": "asppsa (橘子綠了)", "category": "Gossiping", "title": "[新聞] 立院做成凍漲電價決議文 王美花：如不", "date": "Thu May  2 07:25:30 2024", "content": ["備註請放最後面 違者新聞文章刪除1.媒體來源:", "2.記者署名:詹家威3.完整新聞標題:立院做成凍漲電價決議文", "4.完整新聞內文:立法院昨日表決通過凍漲電價決議文，", "，對此，經濟部長", "今（1）日", "，考量調漲電價因素", "，", "，關於昨日立法院做成的決議文，", "，", "，尤其在俄烏戰爭之後，國際燃料確實成本", "，而各國電價也都在暴漲，因此", "，讓台電吸收成本造成虧損。", "，4月1日新電價實施以後，主要是以出口的用電大戶進行大幅度調整。而", "，因此我們在考量電價的因素", "，同時這樣的調漲也對台電非常重要，", "，", "，在電價審議會去審議的內容，有非常多的各項專業因素要考量審查，而這樣的審議機制在各國調整電價時都是如此。我們也比較建議這樣的電價調整機制，在目前由主管機關來組成電價審議會，", "，這樣的方式還是比較好。關於", "，", "，台電昨日有出面說明，確實昨天下午桃園地區有雷陣雨，", "，而台電都用最快速度去恢復相關電力，確實都是相關配電設施遇到天候跟外力的影響，台電都非常努力盡快來復電。5.完整新聞連結 (或短網址)不可用YAHOO、LINE、MSN等轉載媒體:", "6.備註:", "--"], "post_comment": [{"comment_author": "syntax123", "comment_date": ["05/02", "07:25"], "comment_content": "待退弟兄好爽"}, {"comment_author": "aaagang", "comment_date": ["05/02", "07:26"], "comment_content": "再來個8700億就解決了,還兩次"}, {"comment_author": "a7610783", "comment_date": ["05/02", "07:26"], "comment_content": "不是說不缺電"}, {"comment_author": "rop45678", "comment_date": ["05/02", "07:26"], "comment_content": "燃氣價格上升 是不會用核能喔"}, {"comment_author": "peterzheng", "comment_date": ["05/02", "07:26"], "comment_content": "???"}, {"comment_author": "botnet", "comment_date": ["05/02", "07:26"], "comment_content": "不是說不缺電 怎麽會影響穩定"}, {"comment_author": "A80211ab", "comment_date": ["05/02", "07:27"], "comment_content": "當初有個白癡說簽到便宜的天然氣"}, {"comment_author": "cchart", "comment_date": ["05/02", "07:27"], "comment_content": "意思是未來如果缺電要推給藍白嗎"}, {"comment_author": "MgEuCuLiZn", "comment_date": ["05/02", "07:27"], "comment_content": "成本太高不會減少發電嗎 正反不缺電"}, {"comment_author": "cat5672", "comment_date": ["05/02", "07:27"], "comment_content": ""}, {"comment_author": "jshuang", "comment_date": ["05/02", "07:28"], "comment_content": "在野一直罵藏電 現在一直護是怎樣"}, {"comment_author": "scott032", "comment_date": ["05/02", "07:28"], "comment_content": "不是不缺電 這算造謠嗎"}, {"comment_author": "ibetitisnot", "comment_date": ["05/02", "07:28"], "comment_content": "???不是說不缺???"}, {"comment_author": "gy206578", "comment_date": ["05/02", "07:28"], "comment_content": "你主人說精算過到2025都不會漲價"}, {"comment_author": "Chia2323", "comment_date": ["05/02", "07:29"], "comment_content": "那還是別漲了 漲了還不是天天停電"}, {"comment_author": "monitor", "comment_date": ["05/02", "07:29"], "comment_content": "漲了還不是照樣不穩"}, {"comment_author": "zen0812", "comment_date": ["05/02", "07:30"], "comment_content": "一開口就在……….."}, {"comment_author": "ssisters", "comment_date": ["05/02", "07:31"], "comment_content": "台灣人如果沒有把王美花丟進燃氣機 才"}, {"comment_author": "ssisters", "comment_date": ["05/02", "07:31"], "comment_content": "會影響穩定供電"}, {"comment_author": "marktak", "comment_date": ["05/02", "07:31"], "comment_content": "不缺電  by 2015"}, {"comment_author": "BingLing", "comment_date": ["05/02", "07:32"], "comment_content": "那以前反油電雙漲是在？"}, {"comment_author": "ssisters", "comment_date": ["05/02", "07:32"], "comment_content": ""}, {"comment_author": "ssisters", "comment_date": ["05/02", "07:32"], "comment_content": ""}, {"comment_author": "monitor", "comment_date": ["05/02", "07:33"], "comment_content": "台電藐視國會董事長應該要抓去關"}, {"comment_author": "ssisters", "comment_date": ["05/02", "07:33"], "comment_content": ""}, {"comment_author": "CrossroadMEI", "comment_date": ["05/02", "07:34"], "comment_content": "講得好像是電太便宜大家狂浪費一樣"}, {"comment_author": "CrossroadMEI", "comment_date": ["05/02", "07:34"], "comment_content": " 明明是台積電需要電好嗎"}, {"comment_author": "rererere147", "comment_date": ["05/02", "07:35"], "comment_content": "所以調漲了 就能穩定供電嗎"}, {"comment_author": "konanno1", "comment_date": ["05/02", "07:36"], "comment_content": "拿供電穩定是要威脅誰 党一出手果然又是"}, {"comment_author": "konanno1", "comment_date": ["05/02", "07:36"], "comment_content": "這種步數"}, {"comment_author": "ssisters", "comment_date": ["05/02", "07:37"], "comment_content": ""}, {"comment_author": "chrissssss", "comment_date": ["05/02", "07:37"], "comment_content": "不缺電 妳漲個屁 。"}, {"comment_author": "jma306", "comment_date": ["05/02", "07:38"], "comment_content": "  技術性缺電"}, {"comment_author": "ssisters", "comment_date": ["05/02", "07:38"], "comment_content": "4/1電價就漲了，結果還是天天停電。民"}, {"comment_author": "ssisters", "comment_date": ["05/02", "07:38"], "comment_content": "進黨說謊從不打草稿"}, {"comment_author": "jma306", "comment_date": ["05/02", "07:39"], "comment_content": " 民進黨就是台灣的劫數"}, {"comment_author": "chaitomaster", "comment_date": ["05/02", "07:39"], "comment_content": "不缺電不是？供電網應該台電處理吧"}, {"comment_author": "chaitomaster", "comment_date": ["05/02", "07:40"], "comment_content": "原物價不是說下來了？漲屁"}, {"comment_author": "SkyShih", "comment_date": ["05/02", "07:40"], "comment_content": "懶得噓了"}, {"comment_author": "Tendo", "comment_date": ["05/02", "07:40"], "comment_content": "那現在供電亂七八糟是否代表漲得還不夠?"}, {"comment_author": "qaz12453", "comment_date": ["05/02", "07:40"], "comment_content": "請問調漲價格跟發電啥關係"}, {"comment_author": "cisyong", "comment_date": ["05/02", "07:41"], "comment_content": "現在沒漲也沒供電問題"}, {"comment_author": "Tendo", "comment_date": ["05/02", "07:41"], "comment_content": "麻煩趕緊漲足好不好??可以嗎?會不會太難?"}, {"comment_author": "qaz12453", "comment_date": ["05/02", "07:41"], "comment_content": "不過參考用而已 直接漲不用甩立法院啦~"}, {"comment_author": "fonzae", "comment_date": ["05/02", "07:43"], "comment_content": "笑爛，漲電價可以維持供電穩定"}, {"comment_author": "fonzae", "comment_date": ["05/02", "07:43"], "comment_content": "原來不是錯誤的能源政策導致能源不足"}, {"comment_author": "fonzae", "comment_date": ["05/02", "07:44"], "comment_content": "使用電價上漲來抑止人民的用電需求"}, {"comment_author": "fonzae", "comment_date": ["05/02", "07:44"], "comment_content": "垃圾政府的不負責言論!"}, {"comment_author": "tom77588", "comment_date": ["05/02", "07:45"], "comment_content": "沒錢還能跟雲豹買電嗎？"}, {"comment_author": "deann", "comment_date": ["05/02", "07:46"], "comment_content": "漲價跟供電穩定有啥關係???"}, {"comment_author": "deann", "comment_date": ["05/02", "07:46"], "comment_content": "所以漲價就不會跳電???"}, {"comment_author": "meatmm", "comment_date": ["05/02", "07:51"], "comment_content": "太陽能收購價跌太慢了 看日本砍起來真狠"}, {"comment_author": "meatmm", "comment_date": ["05/02", "07:52"], "comment_content": "台灣太陽能都搞幾年了還在想著讓廠商爽賺"}, {"comment_author": "durex310", "comment_date": ["05/02", "07:53"], "comment_content": "幹這是在威脅人民嗎"}, {"comment_author": "s9056017", "comment_date": ["05/02", "07:53"], "comment_content": "不缺電？"}, {"comment_author": "dracula83183", "comment_date": ["05/02", "07:53"], "comment_content": "好歪的邏輯"}, {"comment_author": "dracula83183", "comment_date": ["05/02", "07:53"], "comment_content": "邏輯大師"}, {"comment_author": "rsdy", "comment_date": ["05/02", "07:58"], "comment_content": "817萬個白癡：漲價跳電是民主加值"}, {"comment_author": "engineer1", "comment_date": ["05/02", "08:03"], "comment_content": "不缺電 誰在靠北靠母"}, {"comment_author": "eayterrr", "comment_date": ["05/02", "08:09"], "comment_content": "哇 直接威脅 不缺電但是會供電不穩？"}, {"comment_author": "eayterrr", "comment_date": ["05/02", "08:09"], "comment_content": "這不就是說台電廢物嗎？"}, {"comment_author": "lemon81824", "comment_date": ["05/02", "08:15"], "comment_content": "不是不缺電嗎？"}, {"comment_author": "kuosambition", "comment_date": ["05/02", "08:22"], "comment_content": "一邊說不缺電，一邊又說會影響穩定"}, {"comment_author": "kuosambition", "comment_date": ["05/02", "08:23"], "comment_content": "這阿花是人格分裂還是邏輯死去??XD"}, {"comment_author": "kmshy", "comment_date": ["05/02", "08:31"], "comment_content": "漲價可以讓供電穩定？ 那拜託漲多點"}, {"comment_author": "asuna0430", "comment_date": ["05/02", "08:49"], "comment_content": "整天說謊造謠快圓不下去了"}, {"comment_author": "adk147852", "comment_date": ["05/02", "10:06"], "comment_content": "那就更不用漲 黨早就說不缺電又穩定"}, {"comment_author": "adk147852", "comment_date": ["05/02", "10:07"], "comment_content": "應該要跌價才對 我對之前的話有信心"}, {"comment_author": "remotefly", "comment_date": ["05/02", "16:22"], "comment_content": "一天一謊 講到自己都忘記劇本演到哪了"}]}
