{"author": "HANASUCIA (HANASUCIA)", "category": "Gossiping", "title": "[新聞] 超額死亡少他國一半 陳時中示警下次疫情", "date": "Sun May  5 02:56:20 2024", "content": ["新聞來源：聯合記者署名：賴昀岫新聞標題：超額死亡少他國一半 陳時中示警下次疫情不會再等20年新聞內容：2024-05-04 11:52 聯合報／ 記者賴昀岫／台北即時報導過去4年全民共同抗疫，今有調查指出，台灣近4年平均年超額死亡率約3.3%，是OECD國家的2分之1左右，且疫情期間，中風、心臟病、癌症等疾病的超額死亡人數未有顯著增加，衛福部前部長陳時中說，台灣在疫情期間整體表現好，但政治影響層面大，另外，未來氣候變遷等因素，將會讓疫情大流行的發生頻率愈來愈高，在公衛與全民對疫病的認知要更加強。台北醫學大學研究團隊今在「2024公衛高峰論壇」發表調查指出，台灣在疫情期間（2020年至2021年）的總死亡人數，比過去10年平均預期值降低共4.85%，在2020至2023年平均年超額死亡率則約3.3%，約是經濟合作暨發展組織（OECD）國家的2分之1，與日、韓、星等國接近，並顯著低於美、英、德等國，且疫情期間，中風、心臟病、癌症等疾病的超額死亡人數並未有顯著增加。陳時中今天出席論壇時表示，整體而言，台灣在疫情中的表現非常好，但過程中政治影響非常多，而公衛也是一門社會科學，如何跟社會溝通、形成最大力量與共識、對國家損害達到最小，畢竟吵得愈多愈亂、愈不會好。這幾年治理跟媒體溝通算好，陳時中指出，疫情嚴重度高時，大家非常團結、嚴重度低就見開始分歧，未來如何從公衛角度，讓全民能夠更加體認，在亂的時候要團結一致、尊重專家意見，對疫情的控制最好。陳時中說，氣候變遷或環境保護，將不單單只是流病學問題，現在氣候變遷這麼厲害，可以預期到未來流行病學的發展會和以前不同，像2003年SARS疫情後，隔了20年才再有一波大流行的情況將不再發生，「我認為（發生）頻率會愈來愈高」，所以全民對公衛的認知要更加強。北醫大公共衛生學院副院長白其卉表示，這份調查的意義在於，部分國家因新冠造成醫療體系的龐大負擔，同時增加健康不良反應，希望檢視台灣在疫情期間，有沒有出現醫療崩潰，以及超額死亡的情形，從目前數據看來，沒有出現患者湧入醫院、癱瘓醫療體系而發生醫療崩潰的情形，但醫療人員的負荷也確實增加。調查也顯示，國人在疫情期間的總醫療服務量比疫情前明顯下滑了10.49%，門診、急診與住院服務量都在2020-2021年間下降1成多，於2022年才逐漸回升，白其卉指出，下降的原因可能來自民眾對疫情的自我認知增加、改變就醫習慣及增加個人保護行為，而政府推動的邊境管制、隔離、接觸者追蹤、社交距離等防疫政策也是避免疫情爆發導致醫療資源不足的重要策略。整體看來，分級醫療扮演重要角色，區域醫院及地區醫院的急診服務量達到疫情前的120%~160%，白其卉說，疫情期間的急診總服務量下滑，但中風患者或急性心肌梗塞的急診服務量呈現不變甚至略增的情形，尤其地區醫院及區域醫院的服務量上升最多，是疫情前的1.2至1.6倍，顯見實施分級醫療制度在疫情期間充份發揮作用，這也看出從疫情初期至爆發後，雖然各大醫療院所在收治患者更嚴謹，但對於有急性需求的患者仍是即時處置，並未疏忽。研究團隊調查統計，疫情期間的門診服務量下降，但慢性病如高血壓、糖尿病患者的連續處方箋量沒有出現劇烈變化，僅哮喘患者的連續處方箋量在2021年5月，也就是疫情爆發期間明顯遽降，之後才逐步回升，疫情期間，診所以及社區藥局承擔了更多的慢性病照護及連續性藥箋服務，為疫情前的1.1至1.4倍，而哮喘連續性藥箋在轉至區域醫院及醫學中心居多，為疫情前的1.1至1.4倍。衛福部統計，因人口老化，每年總死亡人口持續上升，2010年死亡人數14萬4千餘人，至2019年已達17萬人5千餘人，而2020年新冠疫情第一年，因邊境管控等措施，整體死亡人數減為17萬3067人。北醫大公共衛生學院院長陳怡樺團隊，調查2010年至2023年超額死亡增減狀況，並比較疫情期間（2020至2022年）與前5年（2015-2019年）的就醫需求，是否出現延遲或遺漏的情形。新聞網址：", "--"], "post_comment": [{"comment_author": "jma306", "comment_date": ["05/05", "02:57"], "comment_content": " #原廠授權文件"}, {"comment_author": "elec1141", "comment_date": ["05/05", "02:57"], "comment_content": "死一個也是有人罵 沒輒"}, {"comment_author": "jma306", "comment_date": ["05/05", "02:57"], "comment_content": " 陳時中喊「不後悔放棄3千萬劑BNT」"}, {"comment_author": "m13211", "comment_date": ["05/05", "02:57"], "comment_content": "3期到底過了沒？"}, {"comment_author": "jma306", "comment_date": ["05/05", "02:58"], "comment_content": "曾經放棄三千萬劑BNT訂單？陳時中表態不後"}, {"comment_author": "jma306", "comment_date": ["05/05", "02:58"], "comment_content": "悔！ 因為民間有冤大頭會送"}, {"comment_author": "BBQ2591", "comment_date": ["05/05", "02:58"], "comment_content": "你誰? 不是早就下台了嗎?"}, {"comment_author": "rabbit83035", "comment_date": ["05/05", "03:00"], "comment_content": "我敢說就是買不到"}, {"comment_author": "jma306", "comment_date": ["05/05", "03:00"], "comment_content": "  3+11製造破口  造人民間恐慌"}, {"comment_author": "jma306", "comment_date": ["05/05", "03:00"], "comment_content": "造成民間恐慌"}, {"comment_author": "s0914714", "comment_date": ["05/05", "03:01"], "comment_content": "就你最廢啦"}, {"comment_author": "rwr", "comment_date": ["05/05", "03:01"], "comment_content": "抽差式調整"}, {"comment_author": "s0914714", "comment_date": ["05/05", "03:01"], "comment_content": "一開始表現不錯 後面開始耍智障"}, {"comment_author": "hyuchi0202", "comment_date": ["05/05", "03:01"], "comment_content": "這隻黨疫苗的塔綠斑賤畜說啥呢"}, {"comment_author": "ah937609", "comment_date": ["05/05", "03:03"], "comment_content": "是誰捧他出來選市長"}, {"comment_author": "BBKOX", "comment_date": ["05/05", "03:04"], "comment_content": " "}, {"comment_author": "BBKOX", "comment_date": ["05/05", "03:05"], "comment_content": "喪事喜辦的垃圾政黨"}, {"comment_author": "Lumia5566", "comment_date": ["05/05", "03:06"], "comment_content": "最頂的疫苗又餓了嗎"}, {"comment_author": "BBKOX", "comment_date": ["05/05", "03:06"], "comment_content": " "}, {"comment_author": "BBKOX", "comment_date": ["05/05", "03:06"], "comment_content": " "}, {"comment_author": "choujim", "comment_date": ["05/05", "03:10"], "comment_content": "可以20年後再校正回歸染疫及死亡人數"}, {"comment_author": "starysky", "comment_date": ["05/05", "03:15"], "comment_content": "fuck u"}, {"comment_author": "oldbear", "comment_date": ["05/05", "03:17"], "comment_content": "陳時中好了啦"}, {"comment_author": "whiteadam", "comment_date": ["05/05", "03:22"], "comment_content": "??"}, {"comment_author": "karkkunt", "comment_date": ["05/05", "03:32"], "comment_content": "又在比爛  本來可以死更少人吧"}, {"comment_author": "mtf0310", "comment_date": ["05/05", "03:56"], "comment_content": "關你屁事，要負責沒"}, {"comment_author": "nikewang", "comment_date": ["05/05", "04:03"], "comment_content": "酒空牙匠也懂防疫？"}, {"comment_author": "EXZUSIC", "comment_date": ["05/05", "04:11"], "comment_content": "能活著推文都要感謝時鐘"}, {"comment_author": "Shingen", "comment_date": ["05/05", "06:13"], "comment_content": "擋疫苗殺人兇手"}, {"comment_author": "ifyoutry", "comment_date": ["05/05", "06:19"], "comment_content": "看到這種奇奇怪怪的數據就知道了，怎麼"}, {"comment_author": "ifyoutry", "comment_date": ["05/05", "06:20"], "comment_content": "不直接拿疫情死亡人數與人口比例來講？"}, {"comment_author": "xylinum", "comment_date": ["05/05", "06:45"], "comment_content": "還有他的戲？"}, {"comment_author": "doubleperson", "comment_date": ["05/05", "07:14"], "comment_content": "台灣極少人反對戴口罩，還能弄到被"}, {"comment_author": "doubleperson", "comment_date": ["05/05", "07:14"], "comment_content": "外媒討論防疫破功，他還有臉出來喔"}, {"comment_author": "rogergon", "comment_date": ["05/05", "07:23"], "comment_content": "是台灣人特別怕死，不是他的政績。"}, {"comment_author": "rogergon", "comment_date": ["05/05", "07:23"], "comment_content": "犯婦破口跟他同黨的"}, {"comment_author": "perasa", "comment_date": ["05/05", "07:31"], "comment_content": "好了啦 這次又要擋什麼讓党可以賺大錢啦"}, {"comment_author": "lain2002", "comment_date": ["05/05", "07:35"], "comment_content": "國外靠疫情殺老人促進社會新陳代謝"}, {"comment_author": "lain2002", "comment_date": ["05/05", "07:36"], "comment_content": "反觀台灣年輕人快要被老害拖死了"}, {"comment_author": "prpllark", "comment_date": ["05/05", "07:57"], "comment_content": "封存30年"}, {"comment_author": "aeug2005", "comment_date": ["05/05", "08:00"], "comment_content": "這傢伙講的我是不怎麼信啦"}, {"comment_author": "bole", "comment_date": ["05/05", "08:05"], "comment_content": ""}, {"comment_author": "bole", "comment_date": ["05/05", "08:06"], "comment_content": ""}, {"comment_author": "arri", "comment_date": ["05/05", "08:28"], "comment_content": "一開始就騙全民不戴口罩蒸口罩運氣好沒爆而"}, {"comment_author": "arri", "comment_date": ["05/05", "08:28"], "comment_content": "已"}]}
