{"author": "cycling (一直暴雷一直爽)", "category": "Gossiping", "title": "[新聞] 徐巧芯將告網友「違反圖書館規則」 四叉", "date": "Wed May  1 19:29:56 2024", "content": ["徐巧芯將告網友「違反圖書館規則」 四叉貓曝罰則網笑翻自由時報莊文仁／核稿編輯〔即時新聞／綜合報導〕針對有網友使用彰化縣社頭鄉立圖書館IP發文批評國民黨立委徐巧芯事件，徐巧芯今日受訪時表示，今明兩天將會去提告，要把這個人抓出來，因為這個人違反圖書館規則。對此PTT網路紅人「四叉貓」翻出《圖書館電腦網路使用規範》，網友看到貼文後紛紛笑翻。四叉貓在臉書PO文表示，前兩天PTT網友「Taizu」使用圖書館電腦上網罵徐巧芯，被王鴻薇用特權公文在數小時抓到「Taizu」本人，今天徐巧芯表示會去提告這位「網軍」。四叉貓指出，提告的理由是違反《圖書館電腦網路使用規範》，他已經幫大家查好了，違反規範的罰則是：「第一次立即請其離座，第二次暫停30天使用。」網友們看到貼文後紛紛留言，「媽，我不能去圖書館了，立委不讓我去」、「笑死，難怪連900塊罰單都要喬」、「笑死，這才叫對人民小兒科式的霸凌！無聊」、「是不是真的太害怕被認證所以連提都如履薄冰？」", "--"], "post_comment": [{"comment_author": "brianuser", "comment_date": ["05/01", "19:30"], "comment_content": "哈哈巧心好了拉"}, {"comment_author": "Baihao0501", "comment_date": ["05/01", "19:31"], "comment_content": "毛骨悚然 馬桶蓋噁噁"}, {"comment_author": "theeht", "comment_date": ["05/01", "19:32"], "comment_content": "醻ㄕp"}, {"comment_author": "wakaura", "comment_date": ["05/01", "19:38"], "comment_content": "有這種態度 難怪陳耀祥會被電爆"}, {"comment_author": "robin101246", "comment_date": ["05/01", "19:42"], "comment_content": "笑死"}, {"comment_author": "poolknight", "comment_date": ["05/01", "19:49"], "comment_content": "美鳳有約，咎甘芯A"}, {"comment_author": "eemail", "comment_date": ["05/01", "19:55"], "comment_content": "四叉這次不錯笑"}]}
