{"author": "JAL96 (JAL96)", "category": "Gossiping", "title": "[新聞] 珍珠奶茶入選國宴甜點！潘孟安透露：賴清", "date": "Fri May  3 16:26:35 2024", "content": ["1.媒體來源:聯合2.記者署名:吳淑玲3.完整新聞標題:珍珠奶茶入選國宴甜點！潘孟安透露：賴清德沒指定全糖4.完整新聞內文:2024-05-03 16:11 聯合報／ 記者吳淑玲／台南即時報導準總統賴清德就職國宴首度離開台北，選定台南的福爾摩沙遊艇酒店舉辦，國宴菜色今天曝光，除了有8道主菜，台南知名霜淇淋店《蜷尾家》、人氣甜點店《畬室》、《茶の魔手》珍珠奶茶，都將端上國宴餐桌。其中珍珠奶茶是否是全糖？準祕書長潘孟安說，賴清德沒有指定要全糖，為了健康改用半糖；福爾摩沙遊艇酒店總監楊福強透露是「3分糖」。潘孟安表示，國宴菜色試菜吃過後讚不絕口，廚師們從食材的選用到料理的搭配，菜色先後順序、故事的編排都非常用心，試吃時已吃不下還是要硬撐，因為不吃太可惜，「好料國宴、黃金組合」，「賴清德和蕭美琴」是黃金組合，也是「台南福爾摩沙與台北山海樓」的黃金組合，國宴值得期待，一定會讓所有人賓至如歸。潘孟安說，國宴安排約70多桌，以外賓、駐台使節及國外祝賀團為主，國內政要比較少，因場地限制，沒有辦法容納那麼多人，所以縮小規模，國宴還是以國家的訪問團、祝賀團為主要對象，有很多好朋友想參加，但真的是場地限制，希望大家能夠多多見諒，給未來總統、副總統祝福。至於大家關切珍奶的甜度，潘孟安說，總統沒有指示全糖，每個人的飲食習慣不一樣，為了健康起見沒有全糖，都是半糖；潘還介紹珍珠奶茶吸管是環保材質，珍珠很多在屏東生產，珍珠奶茶讓台灣小吃名揚國際，這是一定要的待客之道，讓全世界來自各國政要喝一下台灣的珍珠奶茶。台南市長黃偉哲試喝後說「減糖後不膩更好喝」。準總統賴清德在「國際珍奶日」透過社群平台發文，引網路流行用語進行「英語教學」，表示在台灣不說「finally off work」，而是會說「我需要一杯珍奶續命」，發文引發網友回響。因賴清德曾自爆，跑行程時會點全糖珍珠奶茶，後來在參與台灣健康論壇活動時宣布，為響應減糖生活，他要戒掉喝全糖珍奶，改喝低糖，也引發討論。5.完整新聞連結 (或短網址):", "6.備註:", "--"], "post_comment": [{"comment_author": "milk250", "comment_date": ["05/03", "16:27"], "comment_content": "無聊"}, {"comment_author": "blairkimi", "comment_date": ["05/03", "16:27"], "comment_content": "無聊"}, {"comment_author": "a27588679", "comment_date": ["05/03", "16:27"], "comment_content": "右邊那個穿藍色衣服的眼神充滿"}, {"comment_author": "hkcdc", "comment_date": ["05/03", "16:27"], "comment_content": "茶魔真那麼厲害？"}, {"comment_author": "ncc5566", "comment_date": ["05/03", "16:27"], "comment_content": "茶的魔手...."}, {"comment_author": "vicious666", "comment_date": ["05/03", "16:27"], "comment_content": "低能兒糖氏症這些人"}, {"comment_author": "milk250", "comment_date": ["05/03", "16:27"], "comment_content": "以後4年又要看一堆網紅總統新聞了  媽的"}, {"comment_author": "CrossroadMEI", "comment_date": ["05/03", "16:28"], "comment_content": "想當初還笑韓國國宴寒酸 結果我們"}, {"comment_author": "Leo4891", "comment_date": ["05/03", "16:28"], "comment_content": "要健康 不喝最好  在那減糖真的假掰"}, {"comment_author": "CrossroadMEI", "comment_date": ["05/03", "16:28"], "comment_content": "端出這三小..."}, {"comment_author": "ChungLi5566", "comment_date": ["05/03", "16:28"], "comment_content": "啊不是禁吸管 怎麼國宴還出現吸管"}, {"comment_author": "andy199113", "comment_date": ["05/03", "16:28"], "comment_content": "垃圾綠共噁心"}, {"comment_author": "AustinRivers", "comment_date": ["05/03", "16:28"], "comment_content": "硬要吹很普的東西……"}, {"comment_author": "XZXie", "comment_date": ["05/03", "16:28"], "comment_content": "肥胖元兇當國菜  丟臉哪"}, {"comment_author": "snpred", "comment_date": ["05/03", "16:28"], "comment_content": "茶魔…不好喝"}, {"comment_author": "AustinRivers", "comment_date": ["05/03", "16:28"], "comment_content": "外國的貴賓怎麼看"}, {"comment_author": "andy199113", "comment_date": ["05/03", "16:28"], "comment_content": "手戴勞力士 家住違建礦工宅 垃圾綠共"}, {"comment_author": "tyrande", "comment_date": ["05/03", "16:28"], "comment_content": "阿不是台南人..."}, {"comment_author": "Leo4891", "comment_date": ["05/03", "16:29"], "comment_content": "甜品這種東西可以創作 何必拿肥宅飲料充"}, {"comment_author": "Leo4891", "comment_date": ["05/03", "16:29"], "comment_content": "搞得好像台灣辦國宴的廚師都沒啥創造力"}, {"comment_author": "pinkgun", "comment_date": ["05/03", "16:29"], "comment_content": "垃圾新聞"}, {"comment_author": "sunnywing", "comment_date": ["05/03", "16:29"], "comment_content": "茶魔上國宴要記得還原味道給外國賓客"}, {"comment_author": "CrossroadMEI", "comment_date": ["05/03", "16:29"], "comment_content": "這種難登大雅之堂的東西居然還沾沾"}, {"comment_author": "CrossroadMEI", "comment_date": ["05/03", "16:29"], "comment_content": "自喜 日本國宴會端抹茶冰上桌嗎zzz"}, {"comment_author": "nekoares", "comment_date": ["05/03", "16:30"], "comment_content": "什麼智障新聞"}, {"comment_author": "nuga", "comment_date": ["05/03", "16:30"], "comment_content": "茶魔.....認真的嗎？"}, {"comment_author": "yspb", "comment_date": ["05/03", "16:30"], "comment_content": "請多喝   趕快去洗腎XDD"}, {"comment_author": "aweara", "comment_date": ["05/03", "16:30"], "comment_content": "話說飲料店 沒趁機出 清德奶茶 只限定\"低"}, {"comment_author": "aweara", "comment_date": ["05/03", "16:30"], "comment_content": "糖\" 不能改其他"}, {"comment_author": "vancepeng", "comment_date": ["05/03", "16:31"], "comment_content": "哈哈哈哈哈超可悲"}, {"comment_author": "moonlind", "comment_date": ["05/03", "16:31"], "comment_content": "台南的標準"}, {"comment_author": "vancepeng", "comment_date": ["05/03", "16:32"], "comment_content": "茶的魔手 我都不敢請朋友喝欸 :)"}, {"comment_author": "Bigcookie2", "comment_date": ["05/03", "16:32"], "comment_content": "沒新聞可以寫?"}, {"comment_author": "monitor", "comment_date": ["05/03", "16:33"], "comment_content": "連糖也要偷工減料"}, {"comment_author": "AustinRivers", "comment_date": ["05/03", "16:33"], "comment_content": "美國國宴會拿熱狗可樂嗎"}, {"comment_author": "wsadwsad", "comment_date": ["05/03", "16:33"], "comment_content": "感佩我屁事"}, {"comment_author": "milk250", "comment_date": ["05/03", "16:33"], "comment_content": "好歹拿個50嵐"}, {"comment_author": "Leo4891", "comment_date": ["05/03", "16:33"], "comment_content": "真的 這比喻真好 美國可樂=台灣珍奶"}, {"comment_author": "bigcho", "comment_date": ["05/03", "16:34"], "comment_content": "這也要大內宣"}, {"comment_author": "ChungLi5566", "comment_date": ["05/03", "16:34"], "comment_content": ""}, {"comment_author": "milk250", "comment_date": ["05/03", "16:35"], "comment_content": "畬室在CVS板被酸室外機欸  党就愛這種的"}, {"comment_author": "ChungLi5566", "comment_date": ["05/03", "16:35"], "comment_content": "為什麼國宴不是用湯匙喝珍奶"}, {"comment_author": "Doub1eK", "comment_date": ["05/03", "16:35"], "comment_content": "新聞圖片是茶魔? 國宴拿茶魔飲料 笑死"}, {"comment_author": "AustinRivers", "comment_date": ["05/03", "16:35"], "comment_content": "還有怎麼不用湯匙"}, {"comment_author": "froce", "comment_date": ["05/03", "16:36"], "comment_content": "他要加屎我也不想知道好嗎？"}, {"comment_author": "cadan", "comment_date": ["05/03", "16:36"], "comment_content": "哇沒有全糖欸！...那又怎樣？"}, {"comment_author": "sunnywing", "comment_date": ["05/03", "16:36"], "comment_content": "對耶 國宴竟然無視海龜用吸管"}, {"comment_author": "mb", "comment_date": ["05/03", "16:37"], "comment_content": " 賴皮爾"}, {"comment_author": "razan", "comment_date": ["05/03", "16:37"], "comment_content": "沒招了"}, {"comment_author": "biggest1983", "comment_date": ["05/03", "16:37"], "comment_content": "應該搞個吧台客製化現點現喝"}, {"comment_author": "Sanish", "comment_date": ["05/03", "16:37"], "comment_content": "茶之魔手的半糖不是也甜的要死？"}, {"comment_author": "AustinRivers", "comment_date": ["05/03", "16:37"], "comment_content": "台灣一堆茶會哭死"}, {"comment_author": "dangercat5", "comment_date": ["05/03", "16:38"], "comment_content": "冷氣開到最強☺"}, {"comment_author": "CrossroadMEI", "comment_date": ["05/03", "16:38"], "comment_content": "你端個蓮子木耳湯可能都比較優雅"}, {"comment_author": "CrossroadMEI", "comment_date": ["05/03", "16:38"], "comment_content": "珍珠奶茶是三小"}, {"comment_author": "AMDMARSHAL", "comment_date": ["05/03", "16:39"], "comment_content": "低能新聞"}, {"comment_author": "hung0520", "comment_date": ["05/03", "16:39"], "comment_content": "怎麼沒學大便委員用湯匙吃"}, {"comment_author": "chopper594", "comment_date": ["05/03", "16:39"], "comment_content": "茶魔=全糖"}, {"comment_author": "AntiEntropy", "comment_date": ["05/03", "16:40"], "comment_content": ""}, {"comment_author": "AntiEntropy", "comment_date": ["05/03", "16:40"], "comment_content": ""}, {"comment_author": "kcclasaki", "comment_date": ["05/03", "16:41"], "comment_content": "我覺得兩位看起來都很糖"}, {"comment_author": "AMD640", "comment_date": ["05/03", "16:42"], "comment_content": ""}, {"comment_author": "ausome", "comment_date": ["05/03", "16:42"], "comment_content": ""}, {"comment_author": "easonli000", "comment_date": ["05/03", "16:45"], "comment_content": "什麼垃圾新聞"}, {"comment_author": "in1022", "comment_date": ["05/03", "16:46"], "comment_content": "重要嗎？"}, {"comment_author": "Ntustkid", "comment_date": ["05/03", "16:47"], "comment_content": "阿不是打吸管打得很爽"}, {"comment_author": "kuku42", "comment_date": ["05/03", "16:47"], "comment_content": "爐渣米 抹布麵 有吃了嗎 皇帝"}, {"comment_author": "qday", "comment_date": ["05/03", "16:49"], "comment_content": "丟人"}, {"comment_author": "kuso2005", "comment_date": ["05/03", "16:49"], "comment_content": "。。。。。關百姓啥事"}, {"comment_author": "linbsing", "comment_date": ["05/03", "16:50"], "comment_content": "不要吧  國宴很多老人  吞珍珠太危險"}, {"comment_author": "LongHair0315", "comment_date": ["05/03", "17:04"], "comment_content": "請林靜儀上台表演用湯匙喝珍奶"}, {"comment_author": "SSSONIC", "comment_date": ["05/03", "17:08"], "comment_content": "嘲諷台灣人嗎  大家過得很爽"}, {"comment_author": "drpepper1885", "comment_date": ["05/03", "17:11"], "comment_content": "噁心"}, {"comment_author": "q123212", "comment_date": ["05/03", "17:11"], "comment_content": "智障新聞..."}, {"comment_author": "hopeer", "comment_date": ["05/03", "17:12"], "comment_content": "who  care？"}, {"comment_author": "Esperanto", "comment_date": ["05/03", "17:21"], "comment_content": "真可憐，台灣人都亞洲最肥了還在推含糖"}, {"comment_author": "Esperanto", "comment_date": ["05/03", "17:21"], "comment_content": "飲料。真夠悲哀。"}, {"comment_author": "xxx5566xxx", "comment_date": ["05/03", "17:29"], "comment_content": "幹你娘的垃圾新聞"}, {"comment_author": "tsukasaxx", "comment_date": ["05/03", "17:54"], "comment_content": "五毛很羨慕"}, {"comment_author": "reenoip", "comment_date": ["05/03", "18:02"], "comment_content": ":"}, {"comment_author": "adamyang2000", "comment_date": ["05/03", "18:14"], "comment_content": "垃圾飲 高糖 反脂 化學科技口感佳"}, {"comment_author": "rick6304", "comment_date": ["05/03", "18:25"], "comment_content": "共匪是三不沾 自稱是中華正統出珍珠奶茶"}, {"comment_author": "maltum", "comment_date": ["05/03", "18:50"], "comment_content": "無聊到離譜"}, {"comment_author": "nightwing", "comment_date": ["05/03", "18:50"], "comment_content": ""}, {"comment_author": "InfocusM510", "comment_date": ["05/03", "18:57"], "comment_content": "茶魔XDDDDDDDD"}, {"comment_author": "orz151426", "comment_date": ["05/03", "19:18"], "comment_content": "他指定吃屎再跟我說"}]}
