{"author": "ohfly (期待夏天)", "category": "Gossiping", "title": "[新聞] 上百龍捲風狂掃美國中部各州！房屋夷為平", "date": "Mon Apr 29 07:43:47 2024", "content": ["1.媒體來源:自由時報2.記者署名:蔡百靈", "美國中部近日遭遇龍捲風襲擊，自上週五起有100多個龍捲風摧毀了多州的房屋和建築物，至少造成5人死亡，包括1名嬰兒，其中奧克拉荷馬州（Oklahoma）週日已宣布進入災難緊急狀態。綜合外媒報導，美國中部各州已持續3天的惡劣天氣。週日，包括德克薩斯州、路易斯安那州、奧克拉荷馬州、阿肯色州、密蘇裡州、堪薩斯州和伊利諾伊州受到猛烈風暴威脅。據美國國家氣象局稱，過去兩天共收到近120起龍捲風報告，週日也向超過4700萬人發布大風、大雨和冰雹的風暴警報，不穩定天氣將持續到週一。奧克拉荷馬州週日出現嚴重的破壞，當地部門一夜之間收到35起龍捲風通報，許多房屋嚴重受損，高速公路關閉，大規模停電，數十人受傷，該州至少4人死亡。愛荷華州也有1名受傷住院男子也宣告不治。奧克拉荷馬州的建築物遭受了嚴重的結構性損壞，多處幾乎已被夷為平地。一名當地企業家含淚訴說，不知道如何重建。奧克拉荷馬州州長凱文·斯蒂特（Kevin Stitt）週日在記者會上說，市中心的企業似乎都被摧毀，硫磺鎮約有30人受傷，「這絕對是我擔任州長以來所見過最嚴重的損失。」", "--"], "post_comment": [{"comment_author": "t4lin", "comment_date": ["04/29", "07:44"], "comment_content": "嬰兒被捲上天了嗎   怕"}, {"comment_author": "q34355997", "comment_date": ["04/29", "07:45"], "comment_content": "天罰 美國別再做惡了好嗎"}, {"comment_author": "alsou", "comment_date": ["04/29", "07:48"], "comment_content": "為什麼不蓋水泥建築？"}, {"comment_author": "ahb0711", "comment_date": ["04/29", "07:49"], "comment_content": "超誇張@@ 是不是氣象戰阿..."}, {"comment_author": "darkangel119", "comment_date": ["04/29", "07:51"], "comment_content": "挖地下室算啦"}, {"comment_author": "mikasamikoto", "comment_date": ["04/29", "07:55"], "comment_content": "有龍捲風又愛蓋木頭房是什麼概念？"}, {"comment_author": "a27588679", "comment_date": ["04/29", "07:59"], "comment_content": "美國有龍捲風險嗎？"}, {"comment_author": "achun1212", "comment_date": ["04/29", "08:08"], "comment_content": "好像沒聽過美國因龍捲風而無家可歸?"}, {"comment_author": "achun1212", "comment_date": ["04/29", "08:08"], "comment_content": "是因為有保險還是房子很便宜?"}, {"comment_author": "SALEENS7LM", "comment_date": ["04/29", "08:09"], "comment_content": "我知道，這是鋼龍吧"}, {"comment_author": "lianginptt", "comment_date": ["04/29", "08:23"], "comment_content": "滿大街的流浪漢，新聞會報導他們無家"}, {"comment_author": "lianginptt", "comment_date": ["04/29", "08:23"], "comment_content": "可歸的原因嗎？"}, {"comment_author": "riker729", "comment_date": ["04/29", "08:30"], "comment_content": "美國哪一年沒龍捲風"}, {"comment_author": "cityport", "comment_date": ["04/29", "08:32"], "comment_content": "有bunker的躲進去就好"}, {"comment_author": "touchbird", "comment_date": ["04/29", "08:51"], "comment_content": "青求飛龍 飛上天"}, {"comment_author": "coolrgin", "comment_date": ["04/29", "08:58"], "comment_content": "龍捲風真的很震撼"}, {"comment_author": "mf505", "comment_date": ["04/29", "09:03"], "comment_content": "天氣軍事武器跟地震軍事武器一樣厲害"}, {"comment_author": "herro760920", "comment_date": ["04/29", "09:17"], "comment_content": "是時候複習電影了"}, {"comment_author": "dick929", "comment_date": ["04/29", "09:25"], "comment_content": "木造房屋有利自然都更"}, {"comment_author": "gk1329", "comment_date": ["04/29", "10:00"], "comment_content": "美國水泥房超貴好嗎= ="}, {"comment_author": "gk1329", "comment_date": ["04/29", "10:01"], "comment_content": "蓋的起水泥的都蓋在地價高的地方"}, {"comment_author": "gk1329", "comment_date": ["04/29", "10:02"], "comment_content": "水泥房 房屋稅八成也超貴"}, {"comment_author": "turbomons", "comment_date": ["04/29", "10:29"], "comment_content": "事實上除了南極大陸 每個大陸都有"}, {"comment_author": "turbomons", "comment_date": ["04/29", "10:29"], "comment_content": "龍捲風 而北美是最頻繁的區域"}, {"comment_author": "your0207", "comment_date": ["04/29", "10:56"], "comment_content": "Illinois明明就就伊利諾而已"}, {"comment_author": "your0207", "comment_date": ["04/29", "10:58"], "comment_content": ""}, {"comment_author": "nxuanr", "comment_date": ["04/29", "14:09"], "comment_content": "南無阿彌陀佛"}, {"comment_author": "AaronEckhar", "comment_date": ["04/30", "12:48"], "comment_content": "這種事，很常見吧…"}, {"comment_author": "AaronEckhar", "comment_date": ["04/30", "12:48"], "comment_content": "龍捲風常有不是嗎？也沒什麼奇特的。"}]}
