{"author": "GOD5566GOD (o'_'o)", "category": "Gossiping", "title": "[新聞] 高雄重大車禍！父自撞分隔島傷重不治 3", "date": "Fri May  3 20:08:01 2024", "content": ["高雄重大車禍！父自撞分隔島傷重不治 3幼兒多處擦挫傷19:43 2024/05/03 中時 林雅惠高雄師範大學燕巢校區門口發生重大車禍！由33歲陳姓男子駕駛的一輛自小客車自撞電線桿，導致陳男及車內3名小孩受傷，警消到場發現陳男受困車內，無生命跡象，緊急將他送醫救治後仍宣告不治，其餘3人身體多處擦挫傷、意識清醒無大礙，肇事原因警方正調查中。警方表示，今天下午5時許接獲報案，指在燕巢區深中路與迪化路口發生一起交通事故，初步了解，陳姓男子駕車載7歲、6歲及3歲的子女，行駛深中路往西方向至迪化路口時，不明何故自撞分隔島，導致4人受傷，其中陳男傷勢嚴重，送醫急救後於晚間6時14分宣告不治。另3名乘客分別受雙膝擦傷、左膝蓋擦傷及左手掌割傷等，意識清醒，送醫治療後並無大礙，詳細肇事原因，警方仍在調查當中。--"], "post_comment": [{"comment_author": "gino0717", "comment_date": ["05/03", "20:08"], "comment_content": "南無阿彌陀佛"}, {"comment_author": "s655131", "comment_date": ["05/03", "20:11"], "comment_content": "南無戰鬥陀螺"}, {"comment_author": "amethystboy", "comment_date": ["05/03", "20:11"], "comment_content": "安全汽座呢"}, {"comment_author": "negotiates", "comment_date": ["05/03", "20:13"], "comment_content": "慘"}, {"comment_author": "alex00089", "comment_date": ["05/03", "20:31"], "comment_content": "三寶爸？"}, {"comment_author": "onkyo", "comment_date": ["05/03", "20:33"], "comment_content": "Honda？"}, {"comment_author": "Madthief", "comment_date": ["05/03", "20:55"], "comment_content": "那邊比較靠近高科大燕巢校區吧?!"}, {"comment_author": "tbes61151", "comment_date": ["05/03", "21:07"], "comment_content": "這就是高科燕巢校區的大門口沒錯"}, {"comment_author": "wondtty", "comment_date": ["05/03", "21:10"], "comment_content": "有安全帶嗎？"}, {"comment_author": "botnet", "comment_date": ["05/03", "21:25"], "comment_content": "死了沒"}, {"comment_author": "Kottbullar", "comment_date": ["05/03", "23:04"], "comment_content": "推文果然有中國水準 不意外"}]}
