{"author": "sulanpa (...)", "category": "Gossiping", "title": "[新聞] 他「狐臭」還坐冷氣口！同事慘遭臭暈　", "date": "Sun May  5 08:55:45 2024", "content": ["他「狐臭」還坐冷氣口！同事慘遭臭暈　網1招輕鬆解決三立 2024/05/04 21:52:00生活中心／魏君程報導尷尬了！一名網友在PTT中發布貼文，表示同事有狐臭而且還坐在冷氣口下，搞得辦公室都是狐臭味，因此好奇詢問，狐臭的人自己都不會知道嗎？貼文曝光後，引發網友熱烈討論。一名網友在PTT中發布貼文，表示同事有狐臭而且坐在冷氣口下，「搞得我們這一區都是狐臭味，熏得頭好暈，連喝飲料都沒胃口」，原PO因此好奇詢問，狐臭的人自己都不會知道嗎？怎不處理一下，不會覺得很丟臉嗎？貼文曝光後，引發網友熱烈討論，不少人留言寫下，「這種超恐怖」、「好恐怖，叫他換個位子吧」、「狐臭真的比屁味還噁」、「屁味會消散，狐臭不會」、「很多有狐臭都不自覺」、「聽起來有夠災難」。另外，也有網友表示，可以建議送止汗劑給同事，「叫他噴止汗劑，不然戴口罩也聞得到」、「放止汗劑並貼上紙條」、「送他除臭的洗衣精、止汗劑、沐浴乳」、「我們來用一點體香膏止汗劑再開除臭怎麼樣」。", "--"], "post_comment": [{"comment_author": "hmt17", "comment_date": ["05/05", "08:56"], "comment_content": "d卡幻想……咦"}, {"comment_author": "royroy666", "comment_date": ["05/05", "08:56"], "comment_content": "又抄"}, {"comment_author": "Mubing", "comment_date": ["05/05", "08:56"], "comment_content": "樓下屌臭"}, {"comment_author": "derrick1220", "comment_date": ["05/05", "08:57"], "comment_content": "蓋"}, {"comment_author": "PONANZA", "comment_date": ["05/05", "08:58"], "comment_content": "解決你老母 幹你娘"}, {"comment_author": "nothing188", "comment_date": ["05/05", "08:59"], "comment_content": "記者沒辦法證實新聞真偽"}, {"comment_author": "zephyr105", "comment_date": ["05/05", "09:00"], "comment_content": "還真的有狐臭的同事 位子隔了六七個還"}, {"comment_author": "zephyr105", "comment_date": ["05/05", "09:00"], "comment_content": "聞的到"}, {"comment_author": "yamazaky", "comment_date": ["05/05", "09:02"], "comment_content": "這是什麼垃圾新聞 三立真是臭不可聞"}, {"comment_author": "lpbrother", "comment_date": ["05/05", "09:05"], "comment_content": "網友建議哪有解決？"}, {"comment_author": "industrialld", "comment_date": ["05/05", "09:07"], "comment_content": "低能卡不意外"}, {"comment_author": "ilovecat5566", "comment_date": ["05/05", "09:10"], "comment_content": "八卦-1"}, {"comment_author": "hoho5410", "comment_date": ["05/05", "09:10"], "comment_content": "三立，這樣也一篇"}, {"comment_author": "gg553", "comment_date": ["05/05", "09:13"], "comment_content": "這種po文也在抄成新聞，是趕快湊滿量要放"}, {"comment_author": "gg553", "comment_date": ["05/05", "09:13"], "comment_content": "假喔"}, {"comment_author": "scott0104", "comment_date": ["05/05", "09:19"], "comment_content": "看長相，是正妹的話，在我們業界是一"}, {"comment_author": "scott0104", "comment_date": ["05/05", "09:19"], "comment_content": "種獎勵"}, {"comment_author": "yuta02", "comment_date": ["05/05", "09:31"], "comment_content": "小草+1 ☺"}, {"comment_author": "devilfruit", "comment_date": ["05/05", "09:36"], "comment_content": "唯一解決方法只有手術"}, {"comment_author": "FLy60169", "comment_date": ["05/05", "09:39"], "comment_content": "這篇文章有味道"}, {"comment_author": "duxxlux", "comment_date": ["05/05", "09:40"], "comment_content": "這在業界"}, {"comment_author": "EXUAN", "comment_date": ["05/05", "10:20"], "comment_content": "記者整天複製貼上"}, {"comment_author": "EXUAN", "comment_date": ["05/05", "10:21"], "comment_content": "萬一假的還可以推給原po"}, {"comment_author": "panny2010", "comment_date": ["05/05", "10:33"], "comment_content": "垃圾三立，這種無聊廢文也在抄，腦袋"}, {"comment_author": "panny2010", "comment_date": ["05/05", "10:33"], "comment_content": "裝屎的廢物"}, {"comment_author": "FannWong", "comment_date": ["05/05", "12:37"], "comment_content": "小蘇打粉腋下抹一點萬事OK"}, {"comment_author": "loopdiuretic", "comment_date": ["05/05", "12:37"], "comment_content": "是有多臭"}]}
