{"author": "JinCheng5566 (金城五洗髮精)", "category": "Gossiping", "title": "[新聞] 找到了！攻擊徐巧芯IP源頭在彰化　社頭鄉公所調查中", "date": "Mon Apr 29 20:54:09 2024", "content": ["TVBS 記者 林冠丞 報導發佈時間：2024/04/29 16:34最後更新時間：2024/04/29 16:43", "攻擊徐巧芯（左）網路IP源頭來自彰化，彰化縣政府計畫處資訊科長許宏基證實。（組合圖／TVBS、彰化縣政府提供）國民黨立委徐巧芯近期捲入大姑夫婦涉詐案風波，隨後又因穿搭名貴品牌引起爭議，不僅與許多政要隔空交火，在網路上也頻遭攻擊。今（29）日數位發展部調查後發現，PTT上刻意攻擊的IP「117.56」，配發給彰化縣政府。對此縣府計畫處資訊科長許宏基回應，該IP來自某鄉公所附屬機關所申請使用，過程無需透過彰化縣政府，因此縣府也無法做任何管控。不過據了解，", "。", "許宏基說明申請線路時不需要市府同意、准駁，也不受市府管控。（圖／彰化縣政府提供）今日數發部公布攻擊徐巧芯的網路IP，為中部彰化縣地方政府所有，市府經查證後，許宏基也說明，IP的確是由某公所的附屬機關，申請線路時不需要市府同意、准駁，也不受市府管控。而據了解，IP來自社頭鄉公所的社頭鄉立圖書館所申請使用，對此，社頭鄉長回應，第一時間得知此消息相當震驚，由於因圖書館內部有開放電腦供民眾使用，懷疑可能是外部人士所為，不過也不排除是內部人員涉案，目前也已報警處理，並集合鄉公所全體人員召開緊急會議，釐清使用者身分、動機。", "--1.)藍營內鬥2.)自導自演都擠--"], "post_comment": [{"comment_author": "NinJa", "comment_date": ["04/29", "20:54"], "comment_content": "圖書館叫地方政府?"}, {"comment_author": "justice2008", "comment_date": ["04/29", "20:54"], "comment_content": "都不重要 我想看到有人上議會唸推文"}, {"comment_author": "Tiphareth", "comment_date": ["04/29", "20:55"], "comment_content": "跑到圖書館造謠?這看起來不是藍色幹的"}, {"comment_author": "Tiphareth", "comment_date": ["04/29", "20:55"], "comment_content": "事情"}, {"comment_author": "vwpassat", "comment_date": ["04/29", "20:55"], "comment_content": "CCP吧！？"}, {"comment_author": "ErosAmour", "comment_date": ["04/29", "20:55"], "comment_content": "賣芭樂的小販說不是他"}, {"comment_author": "ralfeistein", "comment_date": ["04/29", "20:56"], "comment_content": "太爆了吧"}, {"comment_author": "joe33144", "comment_date": ["04/29", "20:56"], "comment_content": "誰知道IP是不是真的這樣分配的"}, {"comment_author": "nh60211as", "comment_date": ["04/29", "20:57"], "comment_content": "側翼好可憐只能窩圖書館"}, {"comment_author": "salvador1988", "comment_date": ["04/29", "20:57"], "comment_content": "等等 鄉公所哪來的權利調查在圖書"}, {"comment_author": "salvador1988", "comment_date": ["04/29", "20:57"], "comment_content": "館上網的人？"}, {"comment_author": "fox39724", "comment_date": ["04/29", "20:58"], "comment_content": "小老百姓何時能有這種待遇？"}, {"comment_author": "talrasha", "comment_date": ["04/29", "21:01"], "comment_content": "苗博雅很懂找人"}, {"comment_author": "donotsettle", "comment_date": ["04/29", "21:01"], "comment_content": "連圖書館休息都用IP 應該是相關人吧?"}, {"comment_author": "CharleneTsai", "comment_date": ["04/29", "21:01"], "comment_content": "如果最後發現只是一般綠營支持者就"}, {"comment_author": "CharleneTsai", "comment_date": ["04/29", "21:02"], "comment_content": "糗大了"}, {"comment_author": "tksq", "comment_date": ["04/29", "21:02"], "comment_content": "哈哈哈，這誰家的立委，可以回收回去嗎？"}, {"comment_author": "donotsettle", "comment_date": ["04/29", "21:02"], "comment_content": "有人無聊到晚上特地去連wifi?"}, {"comment_author": "albert0526", "comment_date": ["04/29", "21:03"], "comment_content": "跑到圖書館用免費的網路嗎？"}, {"comment_author": "boboking2", "comment_date": ["04/29", "21:07"], "comment_content": "在圖書館上ptt啊"}, {"comment_author": "kevinpc", "comment_date": ["04/29", "21:07"], "comment_content": "所以圖書館員工要去立院念推文嗎?"}, {"comment_author": "GOD5566", "comment_date": ["04/29", "21:16"], "comment_content": "國民黨真恐怖 被指責不檢討 把別人的話"}, {"comment_author": "GOD5566", "comment_date": ["04/29", "21:16"], "comment_content": "都當成攻擊在內抓人"}, {"comment_author": "kevin0316", "comment_date": ["04/29", "21:24"], "comment_content": "好大的官喔 是不是罵個立委也要被判藐"}, {"comment_author": "kevin0316", "comment_date": ["04/29", "21:24"], "comment_content": "視國會"}, {"comment_author": "jim543000", "comment_date": ["04/29", "21:28"], "comment_content": "苗博雅覺得唸推文很正常 你不認同嗎？"}, {"comment_author": "micotosai", "comment_date": ["04/29", "21:38"], "comment_content": "以後只要批評藍白立委就是要肉搜上新聞"}, {"comment_author": "micotosai", "comment_date": ["04/29", "21:38"], "comment_content": "。藍白國會獨裁時代來臨"}, {"comment_author": "coffee112", "comment_date": ["04/29", "21:40"], "comment_content": "圖書館的網路 應該很多人都能使用吧?"}, {"comment_author": "nikidd", "comment_date": ["04/29", "21:49"], "comment_content": "查水錶囉，雙標芯翻車現場"}, {"comment_author": "DREE", "comment_date": ["04/29", "22:14"], "comment_content": "重點是攻擊了什麼???有造什麼謠嗎??"}, {"comment_author": "colorclover", "comment_date": ["04/29", "22:15"], "comment_content": "現在是不是查ip的人最可疑啊"}, {"comment_author": "ppc", "comment_date": ["04/29", "22:33"], "comment_content": "現在批評國民黨立委要被追殺喔"}, {"comment_author": "terry5566", "comment_date": ["04/29", "22:48"], "comment_content": "上面幾個說kmt壞話的小心點，本板只能"}, {"comment_author": "terry5566", "comment_date": ["04/29", "22:48"], "comment_content": "攻擊dpp，這次只是個警告,不要不知好歹"}, {"comment_author": "terry5566", "comment_date": ["04/29", "22:49"], "comment_content": "對了罵完記得強調是柯粉過去都投蔡英文"}, {"comment_author": "vizjeco", "comment_date": ["04/29", "23:19"], "comment_content": ""}, {"comment_author": "ki84", "comment_date": ["04/30", "00:24"], "comment_content": "沒事，不要惹阿背的粉粉生气氣氣就好了"}, {"comment_author": "ambrosio", "comment_date": ["04/30", "06:45"], "comment_content": "都妳的毛，煩死了，整天搏版面"}, {"comment_author": "andy818102", "comment_date": ["04/30", "08:47"], "comment_content": "是藍共還是白蓮教呢？吃瓜了"}, {"comment_author": "Sugiros", "comment_date": ["04/30", "09:41"], "comment_content": "美鳳美鳳得第一"}, {"comment_author": "TMDkid", "comment_date": ["04/30", "09:55"], "comment_content": "罵一下就要報警 怕怕"}]}
