{"author": "sulanpa (...)", "category": "Gossiping", "title": "[新聞] 吃太快易肥胖 研究：吃完20分鐘才有飽", "date": "Tue Apr 30 19:09:18 2024", "content": ["吃太快易肥胖 研究：吃完20分鐘才有飽足感自由 2024/04/30 18:08葉立斌／核稿編輯〔健康頻道／綜合報導〕吃飯速度快可能是導致肥胖的元凶！前美國芝加哥榮民醫院心臓加 病房主任謝安民指出，胃大約需要20分鐘才能提醒大腦有飽足感，吃得太快，雖然胃飽了，但腦還沒接受到吃飽的訊號，導致吃下比預期更多的食物，以前就有已經研究把進食快的習慣連結超重、肥胖症。謝安民在臉書專頁「謝醫師開講」發文表示，進食過快最大的壞處，就是往往會不知不覺地吃過頭。常常攝取超量卡路里，容易肥胖。此外，會觸發白細胞素-1 beta和白細胞介素-6的分泌，這些發炎因子會促進胰島素阻抗，有助發胖，甚至導致第二型（成年發病型）糖尿病。謝安民說，吃太快不只讓你吃更多、發胖、胰島素阻抗和糖尿病外等問題，還會造成消化道的問題。大多數人都很熟悉，吃太快會引起肚子不舒服，如：嗝氣、腹漲、噁心、消化不良等。謝安民提到，狼吞虎嚥除了短期肚子不適之外，更會有一些長期的問題產生。過多的食物在胃裡，會導致食物在胃中停留更長時間，延長胃黏膜暴露於胃酸的時間，就容易得胃炎，不只如此，有研究還顯示，吃食太快和其他幾個消化道的毛病也有關聯。", "--"], "post_comment": [{"comment_author": "qber", "comment_date": ["04/30", "19:09"], "comment_content": " "}, {"comment_author": "k385476916", "comment_date": ["04/30", "19:09"], "comment_content": "幹 事要吃多久"}, {"comment_author": "ncc5566", "comment_date": ["04/30", "19:10"], "comment_content": "1樓的圖看不懂"}, {"comment_author": "cs09312", "comment_date": ["04/30", "19:10"], "comment_content": "時間很多是不是 慢慢吃勒"}, {"comment_author": "a27588679", "comment_date": ["04/30", "19:10"], "comment_content": "已知用火"}, {"comment_author": "jma306", "comment_date": ["04/30", "19:13"], "comment_content": " 20分鐘可以吃幾個便當"}, {"comment_author": "hkcdc", "comment_date": ["04/30", "19:16"], "comment_content": "這是誤區啊... 說的好像你吃的快會再來一"}, {"comment_author": "mysterydream", "comment_date": ["04/30", "19:16"], "comment_content": "吃20分上班都遲到了"}, {"comment_author": "hkcdc", "comment_date": ["04/30", "19:17"], "comment_content": "份一樣"}, {"comment_author": "DIVIS", "comment_date": ["04/30", "19:46"], "comment_content": "有沒有可能感到特別餓的人才會吃得快"}, {"comment_author": "vvrr", "comment_date": ["04/30", "19:51"], "comment_content": "這是真的。吃吃到飽一開始都要狂塞"}, {"comment_author": "vvrr", "comment_date": ["04/30", "19:51"], "comment_content": "全家桶也是，在身體感覺到飽之前吃完"}, {"comment_author": "vvrr", "comment_date": ["04/30", "19:52"], "comment_content": "有些吃到飽出菜很慢的，就吃不多"}]}
