{"author": "turndown4wat (wat)", "category": "Gossiping", "title": "[新聞] 古醫師賞鯨落海 遺體相驗確認「窒息」", "date": "Sun Apr 28 23:24:20 2024", "content": ["tvbs古醫師賞鯨落海 遺體相驗確認「窒息」亡記者 顏聖芬 / 攝影 簡大程 報導發佈時間：2024/04/28 23:18最後更新時間：2024/04/28 23:18", "花蓮一名醫師失蹤七天，海巡人員擴大搜索範圍，二十八日在東澳外海發現遺體，在身上找到證件，經家屬確認是本人，只是整起案件非常離奇，明明手機最後定位在山區，卻出現在烏石港，上了賞鯨船出海繞島，", "但整個過程、以及相關人員的責任，都還要追查。家屬抵達宜蘭殯儀館，低著頭緩緩走進相驗室，他們是花蓮慈濟醫院古姓醫師家屬，這名醫師到宜蘭搭船賞鯨，卻突然失蹤。古姓醫師21日失聯，失聯第七天被發現，28日早上7點，在東澳烏岩角外海，距離龜山島大約18海浬處，發現疑似古醫師的遺體浮在海面，隨即載到南方澳漁港，靠著身上的證件，並且由家屬確認就是古姓醫師。檢察官下午抵達殯儀館，遺體初步相驗是溺水窒息死亡，至於怎麼會落海、以及船上相關人員的責任，也要調閱船上監視器與相關資料才能釐清。第一時間，只是整起案件非常離奇，21日古姓醫師到宜蘭礁溪參加研討會，也有告知家屬想去散個步，結果卻再也沒回家，也連絡不上，家屬隔天馬上報案尋人，", "4天後海巡人員也幫忙搜索。透過監視器畫面發現，21日下午1點，", "但下午3點多返回時，人就不見了，留下背包和名片，人就從此失聯，連船上監視器都沒拍到下船或落水的畫面，但經過清點確實少了一件救生衣。只是", "不只一開始找錯方向耽誤時間，當天業者疑似把解說員當成遊客，造成出入港人數一致，一連串的失誤，錯過了黃金時間。原文:", "-----Sent from MeowPtt on my iPhone--"], "post_comment": [{"comment_author": "ncc5566", "comment_date": ["04/28", "23:25"], "comment_content": "20年來經濟最好"}, {"comment_author": "tom77588", "comment_date": ["04/28", "23:25"], "comment_content": "水很深"}, {"comment_author": "marktak", "comment_date": ["04/28", "23:25"], "comment_content": "死 後 落海？"}, {"comment_author": "noreg0393933", "comment_date": ["04/28", "23:25"], "comment_content": "古醫是哪個國家的古代醫術啊？"}, {"comment_author": "roundponny", "comment_date": ["04/28", "23:26"], "comment_content": "我以為是不用穿救生衣的那種欸，怎麼"}, {"comment_author": "roundponny", "comment_date": ["04/28", "23:26"], "comment_content": "有穿還是..."}, {"comment_author": "gk1329", "comment_date": ["04/28", "23:26"], "comment_content": "有救生衣怎麼溺死的"}, {"comment_author": "raku", "comment_date": ["04/28", "23:26"], "comment_content": "有救生衣死因會是窒息嗎?"}, {"comment_author": "luche", "comment_date": ["04/28", "23:26"], "comment_content": "為什麼要查？"}, {"comment_author": "wake7078", "comment_date": ["04/28", "23:26"], "comment_content": "賞鯨船會窒息？ 死因不是溺水？"}, {"comment_author": "Takhisis", "comment_date": ["04/28", "23:26"], "comment_content": "把解說員當遊客？=.="}, {"comment_author": "ralfeistein", "comment_date": ["04/28", "23:27"], "comment_content": ""}, {"comment_author": "raku", "comment_date": ["04/28", "23:27"], "comment_content": "失溫 脫水 而死 才合理吧?"}, {"comment_author": "yulis", "comment_date": ["04/28", "23:27"], "comment_content": "BGM請下"}, {"comment_author": "lovesinker", "comment_date": ["04/28", "23:28"], "comment_content": "水很深 物理跟精神上都是"}, {"comment_author": "alex00089", "comment_date": ["04/28", "23:30"], "comment_content": "BGM請下"}, {"comment_author": "ahw12000", "comment_date": ["04/28", "23:31"], "comment_content": "我外行啦 救生衣有那麼厲害喔?"}, {"comment_author": "sellgd", "comment_date": ["04/28", "23:31"], "comment_content": "和古一是什麼關係?"}, {"comment_author": "xabcxabc0123", "comment_date": ["04/28", "23:33"], "comment_content": "太扯了"}, {"comment_author": "s81048112", "comment_date": ["04/28", "23:35"], "comment_content": "看來真的柯南了"}, {"comment_author": "hwsbetty", "comment_date": ["04/28", "23:37"], "comment_content": "有個戴眼睛的小男孩和一個醉熏熏大叔一"}, {"comment_author": "hwsbetty", "comment_date": ["04/28", "23:37"], "comment_content": "起搭船了？"}, {"comment_author": "ThreekRoger", "comment_date": ["04/28", "23:43"], "comment_content": "就算是謀殺也搞得太複雜了吧，不調"}, {"comment_author": "ThreekRoger", "comment_date": ["04/28", "23:43"], "comment_content": "查都不行"}, {"comment_author": "adonisXD", "comment_date": ["04/28", "23:49"], "comment_content": "就算有救生衣 失溫脫水 三天就差不多了"}, {"comment_author": "leterg", "comment_date": ["04/28", "23:59"], "comment_content": "說清楚是死後落海或死前落海就好"}, {"comment_author": "diyaworld", "comment_date": ["04/29", "00:01"], "comment_content": "窒息跟溺水看肺部有沒有積水就知道了"}, {"comment_author": "diyaworld", "comment_date": ["04/29", "00:01"], "comment_content": "他殺鹹魚了"}, {"comment_author": "IRPT001", "comment_date": ["04/29", "00:08"], "comment_content": "不用停業?上船不用救生衣喔?"}, {"comment_author": "IRPT001", "comment_date": ["04/29", "00:09"], "comment_content": "心情不好?"}, {"comment_author": "sj4", "comment_date": ["04/29", "00:10"], "comment_content": "誰？"}, {"comment_author": "PatlaborGao2", "comment_date": ["04/29", "00:13"], "comment_content": "7天才找到 有救生衣也沒用吧"}, {"comment_author": "squarerinoa", "comment_date": ["04/29", "00:18"], "comment_content": "救生衣、監視器、上下船點人數？"}, {"comment_author": "holik0123", "comment_date": ["04/29", "00:21"], "comment_content": "得罪党？"}, {"comment_author": "NotOtaku", "comment_date": ["04/29", "00:23"], "comment_content": "案情不單純"}, {"comment_author": "ao5566", "comment_date": ["04/29", "00:29"], "comment_content": "前陣子才搭過觀光船 解說員身上配備超好認"}, {"comment_author": "ao5566", "comment_date": ["04/29", "00:29"], "comment_content": " 而且跟船員都很熟 不可能算錯人頭吧"}, {"comment_author": "badruid", "comment_date": ["04/29", "00:30"], "comment_content": "意外落海就算穿救生衣還是可能溺死，浪"}, {"comment_author": "stu25936", "comment_date": ["04/29", "00:30"], "comment_content": "真的超怪"}, {"comment_author": "badruid", "comment_date": ["04/29", "00:30"], "comment_content": "和暈厥都會導致溺水窒息"}, {"comment_author": "Orisinal", "comment_date": ["04/29", "00:34"], "comment_content": "大家好我是will 歡迎來到x調查"}, {"comment_author": "Sacral", "comment_date": ["04/29", "00:38"], "comment_content": "連船員都有問題？怎麼可能數錯人？"}, {"comment_author": "qaz12453", "comment_date": ["04/29", "00:41"], "comment_content": "總之RIP"}, {"comment_author": "joinptt", "comment_date": ["04/29", "00:53"], "comment_content": "總人數就少1個，能掰成解說員混淆"}, {"comment_author": "greensdream", "comment_date": ["04/29", "01:04"], "comment_content": "關機有可能沒電吧 line新聞底下好幾"}, {"comment_author": "greensdream", "comment_date": ["04/29", "01:04"], "comment_content": "個柯南在推理關機=想自殺 邏輯真的是"}, {"comment_author": "greensdream", "comment_date": ["04/29", "01:04"], "comment_content": "..."}, {"comment_author": "bigwhite327", "comment_date": ["04/29", "01:09"], "comment_content": "之前去龜山島 海巡會出來數人頭的欸"}, {"comment_author": "cocogg", "comment_date": ["04/29", "02:06"], "comment_content": "窒息...？"}, {"comment_author": "tin989", "comment_date": ["04/29", "03:07"], "comment_content": "南無地藏王菩薩"}, {"comment_author": "FarkU", "comment_date": ["04/29", "03:12"], "comment_content": "說不定是自殺"}, {"comment_author": "jyunwei", "comment_date": ["04/29", "03:27"], "comment_content": "鯨落"}, {"comment_author": "cashko", "comment_date": ["04/29", "03:33"], "comment_content": "有點怪"}, {"comment_author": "keane9112", "comment_date": ["04/29", "04:04"], "comment_content": "這賞鯨團 不停業?有沒保險?對人數這樣?"}, {"comment_author": "k44754", "comment_date": ["04/29", "04:06"], "comment_content": "怕豹= ="}, {"comment_author": "mntonmylife", "comment_date": ["04/29", "05:58"], "comment_content": "一堆標題仔,內文寫溺水窒息"}, {"comment_author": "cyc114", "comment_date": ["04/29", "06:53"], "comment_content": "怪怪"}, {"comment_author": "starlhit", "comment_date": ["04/29", "07:37"], "comment_content": "算錯人頭？錢怎麼就不會算錯？有夠爛的"}, {"comment_author": "starlhit", "comment_date": ["04/29", "07:37"], "comment_content": "業者"}, {"comment_author": "vodkalime607", "comment_date": ["04/29", "07:48"], "comment_content": "自殺機率高 臨時變更行程賞鯨"}, {"comment_author": "utn875", "comment_date": ["04/29", "08:17"], "comment_content": "兇手就是製造上下人數一致假象的他"}, {"comment_author": "ses2", "comment_date": ["04/29", "08:42"], "comment_content": "一定是沒數"}, {"comment_author": "barkids", "comment_date": ["04/29", "10:01"], "comment_content": "手機最後定位在山上，但人落海溺水??"}, {"comment_author": "barkids", "comment_date": ["04/29", "10:01"], "comment_content": "說明了手機沒電？被關機？還是壞了？"}, {"comment_author": "wolve", "comment_date": ["04/29", "13:09"], "comment_content": "柯南bgm下"}, {"comment_author": "zxcz1471", "comment_date": ["04/29", "13:24"], "comment_content": "溺水而亡還是已經死了丟下海是有差異"}, {"comment_author": "winbot", "comment_date": ["04/29", "13:34"], "comment_content": "找到遺體時，身上救生衣已消失不見"}]}
