{"author": "pl132 (pl132)", "category": "Gossiping", "title": "[新聞] 台鐵喊漲 北高自強號直追高鐵", "date": "Sun May  5 09:43:48 2024", "content": ["備註請放最後面 違者新聞文章刪除1.媒體來源:UDN2.記者署名: 聯合報／ 記者周湘芸／台北報導3.完整新聞標題:台鐵喊漲 北高自強號直追高鐵4.完整新聞內文:台鐵已廿九年未調漲票價，今年起公司化，票價是否調漲備受關注。交通部明將赴立法院「針對台鐵票價上漲暨列車準點率提升作為」專案報告，台鐵公司依據立法院核准的鐵路運價率公式，今年預計提出合理報酬率百分之三、四、五等三方案。若以百分之五方案為例，北高自強號票價將從八四三元，漲至一二一九元。對此，交通部長王國材表示，台鐵票價將下半年再討論。台鐵公司則表示，今年預計等去年決算核准後就會再提出，希望下半年可以調整。台鐵現行區間車費率為每人每公里一點四六元、莒光號費率為每人每公里一點七五元、自強號費率為每人每公里二點二七元。台鐵公司依據立法院核准的鐵路運價率公式，今年將提出合理報酬率百分之三、四、五等三方案，調整後漲幅依序為百分之卅五點六二、四十點四一、四十四點五二。以區間車為例，基本費率將依序可提升為每人每公里一點九八元、二點○五元、二點一一元；莒光號可提升為每人每公里二點三七元、二點四六元、二點五三元；自強號可提升為每人每公里三點○八元、三點一九元、三點二八元。換算下來，板橋到台北區間車現行票價十五元，可調漲到廿至廿一元；台北到台中莒光號票價二八九元，可調漲到三九一至四一七元；台北到高雄自強號票價八四三元，可調漲到一一四四至一二一九元。其中，台北到新左營自強號，若一口起漲足百分之四十四點五二，票價將從八二四元，漲到一一九○元，儘管相較於高鐵一四九○元，仍有三百元差距，但台鐵最快約要四小時十六分才能抵達，高鐵約兩小時，相較之下台鐵是否漲足票價仍待觀察。台鐵公司表示，台鐵票價廿九年沒調整，導致連年虧損，前年曾提送過方案，但交通部沒有奉核，今年預計等去年決算核准後就會再提出，會根據立法院核准的鐵路運價率公式，在三方案中擇一方案。交通部表示，台鐵公司今年將按照立法院決議票價調整公式，以去年決算成本資料，考量公司內部營運條件，外部社會經濟情勢、市場供需，研議票價合理化方案，後續還要經過董事會、交通部費率審議會審查，報行政院核定。5.完整新聞連結 (或短網址)不可用YAHOO、LINE、MSN等轉載媒體:", "6.備註:", "--"], "post_comment": [{"comment_author": "railman", "comment_date": ["05/05", "09:44"], "comment_content": "票價差不多的話，坐高鐵就好了"}, {"comment_author": "takeda3234", "comment_date": ["05/05", "09:46"], "comment_content": "這時候又要立法院出票價公式了"}, {"comment_author": "adk147852", "comment_date": ["05/05", "09:48"], "comment_content": "好 高鐵該漲價做出區別了吧"}, {"comment_author": "wate5566", "comment_date": ["05/05", "09:49"], "comment_content": "高鐵也跟著漲吧 太便宜才擠一堆人"}, {"comment_author": "yuta02", "comment_date": ["05/05", "09:50"], "comment_content": "小草搭草鐵 嘟嘟傾搶傾搶傾搶傾搶～☺"}, {"comment_author": "gbcg9725", "comment_date": ["05/05", "09:51"], "comment_content": "喜迎"}, {"comment_author": "callecstacy", "comment_date": ["05/05", "09:52"], "comment_content": "高鐵貴一點 真的 別跟台電一樣"}, {"comment_author": "s655131", "comment_date": ["05/05", "09:52"], "comment_content": "高鐵太便宜了 比照新幹線通車吧"}, {"comment_author": "seebeach", "comment_date": ["05/05", "09:52"], "comment_content": "看樣子高鐵真的太便宜了"}, {"comment_author": "yfa0420", "comment_date": ["05/05", "09:54"], "comment_content": "高鐵拜託漲一下"}, {"comment_author": "bear2008", "comment_date": ["05/05", "09:54"], "comment_content": "剛開始通車感覺很貴 現在反而物超所值"}, {"comment_author": "sd09090", "comment_date": ["05/05", "09:56"], "comment_content": "必須追上"}, {"comment_author": "issuemylove", "comment_date": ["05/05", "09:56"], "comment_content": "40%開心惹"}, {"comment_author": "scimonster", "comment_date": ["05/05", "09:57"], "comment_content": "高鐵漲兩倍 篩選一些人"}, {"comment_author": "ilovecat5566", "comment_date": ["05/05", "10:00"], "comment_content": "確實，太便宜了"}, {"comment_author": "s9234032", "comment_date": ["05/05", "10:00"], "comment_content": "票價差不多幹嘛不搭高鐵ouo"}, {"comment_author": "winiS", "comment_date": ["05/05", "10:00"], "comment_content": "佔位阿婆還是會擠台鐵的吧"}, {"comment_author": "clairehao", "comment_date": ["05/05", "10:05"], "comment_content": "看來下一步就是漲高鐵了"}, {"comment_author": "gilbertchen8", "comment_date": ["05/05", "10:05"], "comment_content": "票價不一樣也搭高鐵 現在更確定了"}, {"comment_author": "willism", "comment_date": ["05/05", "10:05"], "comment_content": "拿最大漲幅帶風向，讓台鐵漲不了"}, {"comment_author": "assdee", "comment_date": ["05/05", "10:06"], "comment_content": "是高鐵太便宜,你他媽台鐵自強新增一堆小"}, {"comment_author": "assdee", "comment_date": ["05/05", "10:06"], "comment_content": "站好意思漲價喔？"}, {"comment_author": "happylinadog", "comment_date": ["05/05", "10:07"], "comment_content": "高鐵該漲價了"}, {"comment_author": "gilbertchen8", "comment_date": ["05/05", "10:07"], "comment_content": "高雄來回高鐵一日遊還省飯店錢"}, {"comment_author": "EXUAN", "comment_date": ["05/05", "10:09"], "comment_content": "漲起來！反正我也不坐"}, {"comment_author": "johnson44", "comment_date": ["05/05", "10:09"], "comment_content": "漲價還誤點呢！"}, {"comment_author": "EXUAN", "comment_date": ["05/05", "10:10"], "comment_content": "高鐵又快又舒服，貴一點沒關係"}, {"comment_author": "coolrock", "comment_date": ["05/05", "10:11"], "comment_content": "高鐵應該漲了吧，越來越難訂票"}, {"comment_author": "j401f2", "comment_date": ["05/05", "10:12"], "comment_content": "高鐵哪裡舒服了 整體服務水準直線"}, {"comment_author": "MachoMan217", "comment_date": ["05/05", "10:12"], "comment_content": "高鐵先取消學生半價吧 學生又不是沒"}, {"comment_author": "j401f2", "comment_date": ["05/05", "10:12"], "comment_content": "下降 上次還做到一排座椅卡不住一"}, {"comment_author": "j401f2", "comment_date": ["05/05", "10:12"], "comment_content": "直往後倒的"}, {"comment_author": "MachoMan217", "comment_date": ["05/05", "10:12"], "comment_content": "體力搭台鐵"}, {"comment_author": "hsiung9", "comment_date": ["05/05", "10:20"], "comment_content": "現在是高鐵太便宜啊 不是台鐵貴"}, {"comment_author": "hsiung9", "comment_date": ["05/05", "10:21"], "comment_content": "本來高鐵就不該是學生每個禮拜爽坐價格"}, {"comment_author": "davi0621", "comment_date": ["05/05", "10:22"], "comment_content": "什麼時候漲薪水？？？"}, {"comment_author": "scott123321", "comment_date": ["05/05", "10:25"], "comment_content": "高鐵也要漲價吧！"}, {"comment_author": "gilbertchen8", "comment_date": ["05/05", "10:25"], "comment_content": "上面說高鐵不舒服的 可以不要搭 讓"}, {"comment_author": "gilbertchen8", "comment_date": ["05/05", "10:26"], "comment_content": "其他人忍受不舒服吧 總不能一邊罵高"}, {"comment_author": "gilbertchen8", "comment_date": ["05/05", "10:26"], "comment_content": "鐵搭乘不舒服 又猛搭高鐵 要是用大"}, {"comment_author": "gilbertchen8", "comment_date": ["05/05", "10:26"], "comment_content": "學生優惠搭乘的話 恥度就更高了呵呵"}, {"comment_author": "sid3", "comment_date": ["05/05", "10:37"], "comment_content": "漲就漲反正沒在坐台鐵"}, {"comment_author": "neoa01", "comment_date": ["05/05", "10:41"], "comment_content": ""}, {"comment_author": "neoa01", "comment_date": ["05/05", "10:41"], "comment_content": "安啦，高鐵也快了"}, {"comment_author": "cymtrex", "comment_date": ["05/05", "10:41"], "comment_content": "不給漲又酸人家薪水低"}, {"comment_author": "lyping", "comment_date": ["05/05", "10:45"], "comment_content": "建議台鐵漲到比高鐵貴"}, {"comment_author": "niniikoski", "comment_date": ["05/05", "10:46"], "comment_content": "寧願拿稅金補助台鐵凍漲，也不要去填"}, {"comment_author": "niniikoski", "comment_date": ["05/05", "10:46"], "comment_content": "台電的不合理錢坑"}, {"comment_author": "g4zoco196", "comment_date": ["05/05", "10:57"], "comment_content": "不如坐高鐵"}, {"comment_author": "clone29", "comment_date": ["05/05", "11:00"], "comment_content": "公司化追求利潤，合理"}, {"comment_author": "horse2819", "comment_date": ["05/05", "11:01"], "comment_content": "立委遏止漲價 政績+1 嘻嘻"}, {"comment_author": "stlotwa", "comment_date": ["05/05", "11:01"], "comment_content": "合理，但沒人會搭，一樣價錢傻子才搭台鐵"}, {"comment_author": "gooff", "comment_date": ["05/05", "11:09"], "comment_content": "晉惠帝酸民：不會開車和搭高鐵嘛"}, {"comment_author": "gooff", "comment_date": ["05/05", "11:09"], "comment_content": "花東哪來的高鐵啦"}, {"comment_author": "tanby", "comment_date": ["05/05", "11:10"], "comment_content": "不要擔心 高鐵大概也要漲價了"}, {"comment_author": "gooff", "comment_date": ["05/05", "11:10"], "comment_content": "天真以為只漲西部，東部沒事"}, {"comment_author": "lavendersea", "comment_date": ["05/05", "11:18"], "comment_content": "高鐵也應該漲個50% 過濾低端"}, {"comment_author": "yuinami", "comment_date": ["05/05", "11:18"], "comment_content": "拜託推高鐵漲價，乘客素質越來越差"}, {"comment_author": "shvzrrsy", "comment_date": ["05/05", "11:22"], "comment_content": "這個價錢誰還要搭自強- -"}, {"comment_author": "shvzrrsy", "comment_date": ["05/05", "11:23"], "comment_content": "先落實不賣站票 改善乘車品質我就同意"}, {"comment_author": "shvzrrsy", "comment_date": ["05/05", "11:23"], "comment_content": "對號座的部份"}, {"comment_author": "Refauth", "comment_date": ["05/05", "11:24"], "comment_content": "高鐵真的該漲價了，以後出事才有錢可以賠"}, {"comment_author": "selfhu", "comment_date": ["05/05", "11:31"], "comment_content": "高鐵該漲了"}, {"comment_author": "ericthree", "comment_date": ["05/05", "11:34"], "comment_content": "然後漲完繼續誤點 垃圾。"}, {"comment_author": "ericthree", "comment_date": ["05/05", "11:34"], "comment_content": "突發事故也就算了 平時各種小誤點的原"}, {"comment_author": "ericthree", "comment_date": ["05/05", "11:34"], "comment_content": "因都沒人知道 反正搭到準點的車算你幸"}, {"comment_author": "ericthree", "comment_date": ["05/05", "11:34"], "comment_content": "運"}, {"comment_author": "hakkiene", "comment_date": ["05/05", "11:38"], "comment_content": "台鐵能漲價高鐵不能漲？"}, {"comment_author": "hohohoha", "comment_date": ["05/05", "11:49"], "comment_content": "台鐵=高鐵不是？"}, {"comment_author": "hohohoha", "comment_date": ["05/05", "11:50"], "comment_content": "高鐵一堆蚊子站拉低收益還想漲？"}, {"comment_author": "pchs80309", "comment_date": ["05/05", "11:51"], "comment_content": "漲高鐵才對"}, {"comment_author": "Tomince", "comment_date": ["05/05", "12:21"], "comment_content": "是高鐵自己不趕快漲"}, {"comment_author": "dannyao", "comment_date": ["05/05", "12:34"], "comment_content": "花東你不做台鐵 自己開車風險很大"}, {"comment_author": "loopdiuretic", "comment_date": ["05/05", "12:36"], "comment_content": "垃圾公司 準時都不會"}, {"comment_author": "ikoe", "comment_date": ["05/05", "12:53"], "comment_content": "高鐵也調漲就沒問題了 謝謝黨讓我們什麼都漲"}, {"comment_author": "meggy956", "comment_date": ["05/05", "13:04"], "comment_content": "高鐵要被坐爆了"}, {"comment_author": "kamisanma", "comment_date": ["05/05", "13:11"], "comment_content": "漲完後更少人坐 才能裁班減員"}, {"comment_author": "CaTkinGG", "comment_date": ["05/05", "13:19"], "comment_content": "繼續補助TPASS就好"}, {"comment_author": "ahg", "comment_date": ["05/05", "13:23"], "comment_content": "肥貓：開心"}, {"comment_author": "kusodirector", "comment_date": ["05/05", "14:14"], "comment_content": "高鐵也該漲了"}, {"comment_author": "kusodirector", "comment_date": ["05/05", "14:16"], "comment_content": "不想把高鐵的服務隨著運量增加降低"}, {"comment_author": "kusodirector", "comment_date": ["05/05", "14:16"], "comment_content": "水準，該漲就漲"}, {"comment_author": "aloulin", "comment_date": ["05/05", "14:25"], "comment_content": "高鐵漲吧，不要逢年過節就亂開放自由座"}, {"comment_author": "anita780408", "comment_date": ["05/05", "14:26"], "comment_content": "高鐵漲1000都是合理的"}, {"comment_author": "Yelich", "comment_date": ["05/05", "15:07"], "comment_content": "漲太少了 高鐵也要漲才對"}]}
