{"author": "ttucse ((((>(￣▽￣)<))))", "category": "Gossiping", "title": "[新聞] 歐盟期待台積電撐起晶片夢? 日媒潑冷水", "date": "Fri May  3 19:26:38 2024", "content": ["歐盟期待台積電撐起晶片夢? 日媒潑冷水歐祥義／核稿編輯", "〔財經頻道／綜合報導〕歐盟不願落美、日之後，2023年底也重啟半導體晶片投資，推出《晶片法案》及高達430億歐元（約新台幣1.49兆元）的補貼計畫，期望能至2030年將歐洲晶片製造產量從10%提高到20%。不過，歐洲半導體界卻傳雜音，部分業內人士質疑這樣暴增的投資額和歐洲政府的支持，是否真能帶來回報。畢竟目前歐洲晶片的全球市佔極小，且重返晶片大國之路也存有多項障礙。《日經亞洲》報導，歐洲懷疑論者認為，歐洲重振晶片夢，需要3項因素，包括更多的政府補貼、技術工人和最終客戶。歐盟工業負責人蒂埃里·布雷頓（Thierry Breton）表示，歐洲需要超越舊的晶片技術，並開發自己的先進能力，但問題是目前歐盟沒有此類半導體的終端市場。根據波士頓顧問集團的數據，在先進晶片方面，1990年代的歐洲領先全球、佔產量的44%，但這種主導地位早已不復存在，目前亞洲佔尖端晶片生產約90%以上。但根據歐洲半導體產業協會數據，目前歐盟佔全球晶片產能僅為8%，還低於20世紀90年代的10%以上。包括台積電、英飛凌和羅伯特博世（Robert Bosch）以及格羅方德都宣布，將在德國進行擴張。這波半導體擴張熱潮，引發了當地人們的寄望，希望歐洲也能夠成為先進半導體的主要參與者。對此，歐盟最大晶片產業協會之一的薩克森州矽公司董事總經理弗蘭克·博森伯格（Frank Boesenberg）告訴《日經亞洲》，直到最近幾年，歐洲和德國的許多行業和政策制定者才意識到晶片生產的重要性和複雜性。博森伯格指出，「在台灣和南韓，半導體是第一產業」；但在德國，這只是眾多行業之一。世界先進董事長方略表示，晶片製造的成功需要長期的承諾，且這個行業很燒錢，需要長期投入龐大資金，而這種承諾必須是堅實且持久的。 方略強調，「如果你投資了兩三年，發現燒了很多錢，無法持續下去，那麼你就不屬於這個行業。弗勞恩霍夫研究所指出，以往歐盟為半導體開發提供的資金很少，這「不是什麼秘密」。也由於歐盟尚未最終確定其補貼，各個成員國則需要拿出公共資金來支援這些激勵措施，為歐洲晶片生態系統注入活力。業內人士認為，資金支持只是歐洲重返半導體製造的先決條件之一，擁有足夠的人才和市場客戶也至關重要，3項因素都具足了，歐洲才有機會重返晶片大國之列。心得:就給台灣做就好了，便宜又有效率。--"], "post_comment": [{"comment_author": "tactics2100", "comment_date": ["05/03", "19:28"], "comment_content": "歐洲就美國的南部"}, {"comment_author": "nightwing", "comment_date": ["05/03", "19:28"], "comment_content": "歐盟  周休3日   台積電台勞新鮮肝"}, {"comment_author": "butten986", "comment_date": ["05/03", "19:28"], "comment_content": "市場決定失業率，所以川普愛喊台灣人搶"}, {"comment_author": "butten986", "comment_date": ["05/03", "19:28"], "comment_content": "美國晶片職缺"}, {"comment_author": "ilanese", "comment_date": ["05/03", "19:28"], "comment_content": "半導體製造業競爭力在於具有奴性的員工。"}, {"comment_author": "Qaaaa", "comment_date": ["05/03", "19:29"], "comment_content": "部分說得沒錯ㄚ 德國最多是車用 無需高階"}, {"comment_author": "Qaaaa", "comment_date": ["05/03", "19:29"], "comment_content": "高階一堆拿去做手機但歐洲沒自家手機大廠"}, {"comment_author": "RuleAllWorld", "comment_date": ["05/03", "19:33"], "comment_content": "先進（x）的歐洲"}, {"comment_author": "selvester", "comment_date": ["05/03", "19:35"], "comment_content": "罷工砸晶圓 無塵室灑麵粉"}, {"comment_author": "apeople", "comment_date": ["05/03", "19:43"], "comment_content": "台積電的文化帶到歐洲，絕對被左膠燒工"}, {"comment_author": "apeople", "comment_date": ["05/03", "19:43"], "comment_content": "廠的，不要鬧了"}, {"comment_author": "kinghtt", "comment_date": ["05/03", "19:46"], "comment_content": "錢算小事，歐豬哪來的奴性願意操10小時"}, {"comment_author": "mrwall", "comment_date": ["05/03", "19:47"], "comment_content": "歐洲人比美國人更懶 不可能"}, {"comment_author": "palindromes", "comment_date": ["05/03", "20:04"], "comment_content": "工廠會被燒掉的"}, {"comment_author": "AMDMARSHAL", "comment_date": ["05/03", "20:06"], "comment_content": "沒有免洗奴工還想做晶片"}, {"comment_author": "RTX9090", "comment_date": ["05/03", "20:20"], "comment_content": "歐盟乖乖躺好給中國抽差就好蓋甚麼晶片廠"}, {"comment_author": "RTX9090", "comment_date": ["05/03", "20:20"], "comment_content": ",想要一顆晶片是亞洲製造成本三倍唷"}, {"comment_author": "kenro", "comment_date": ["05/03", "20:31"], "comment_content": "真的給台灣做就好了，別學美國在那亂做夢"}, {"comment_author": "InvincibleK", "comment_date": ["05/03", "20:41"], "comment_content": "設備星人在鬼島，其它地方不可能有的"}, {"comment_author": "InvincibleK", "comment_date": ["05/03", "20:41"], "comment_content": "輪班"}, {"comment_author": "ChrisJericho", "comment_date": ["05/03", "20:59"], "comment_content": "看一下法國罷工的慘況"}, {"comment_author": "mopigou", "comment_date": ["05/03", "21:10"], "comment_content": "下午就找不到人了"}]}
