{"author": "hk410050 (A柏)", "category": "Gossiping", "title": "[新聞] 雲端發票小確幸！3-12月500元專屬獎加開3", "date": "Wed May  1 08:48:16 2024", "content": ["1.媒體來源:壹蘋新聞網2.記者署名:記者趙筱文／台北報導3.完整新聞標題:雲端發票小確幸！3-12月500元專屬獎加開30萬組4.完整新聞內文:【記者趙筱文／台北報導】財政部賦稅署表示，今年3-12月期各期統一發票開出特別獎1組、特獎1組，頭獎至六獎各3組；雲端發票專屬獎100萬元獎30組、2,000元獎1萬6,000組、800元獎10萬組及500元獎195萬組。財政部賦稅署說明，為妥善運用統一發票給獎經費，並提高消費者索取雲端發票誘因，該署規劃今年3-12月期各期統一發票將增開雲端發票專屬獎500元獎30萬組，每期組數由165萬組增加至195萬組，其餘獎別維持與今年1-2月期各期開獎組數相同，今年3-12月期每期雲端發票專屬獎將開出206萬6,030組，讓民眾享有更多中獎的小確幸！為避免與中獎獎金擦身而過，財政部電子發票整合服務平台提供民眾設定領獎帳戶，中獎雲端發票獎金自動匯入指定帳戶；該部統一發票兌獎APP（下稱兌獎APP）亦提供24小時線上即時領獎服務。財政部呼籲民眾多索取雲端發票，並透過財政部電子發票整合服務平台或兌獎APP進行各式載具歸戶至手機條碼及兌領獎，從消費索取發票到中獎發票兌領獎全程無紙化，為節能減碳保護環境盡一份心力。5.完整新聞連結 (或短網址)不可用YAHOO、LINE、MSN等轉載媒體:", "6.備註:不知道到時開獎時有沒有感--"], "post_comment": [{"comment_author": "STi2011", "comment_date": ["05/01", "08:48"], "comment_content": "3個便當"}, {"comment_author": "syldsk", "comment_date": ["05/01", "08:50"], "comment_content": "這些機會"}, {"comment_author": "radi035", "comment_date": ["05/01", "08:51"], "comment_content": "好久沒中了"}, {"comment_author": "dosiris", "comment_date": ["05/01", "08:54"], "comment_content": "不會中的人開300萬組還是不會中"}, {"comment_author": "ggirls", "comment_date": ["05/01", "08:55"], "comment_content": "收没地震简讯，会中这个？"}, {"comment_author": "wcpsgb", "comment_date": ["05/01", "08:56"], "comment_content": "我要頭獎"}, {"comment_author": "ha0118", "comment_date": ["05/01", "08:57"], "comment_content": "好久沒中了+1 QQ"}, {"comment_author": "doublelong", "comment_date": ["05/01", "08:57"], "comment_content": "500開三十萬組是一億五千萬 別灑幣了"}, {"comment_author": "coolrgin", "comment_date": ["05/01", "09:01"], "comment_content": "好久沒中了+1"}, {"comment_author": "caity", "comment_date": ["05/01", "09:02"], "comment_content": "以前是末3碼,設定30萬組是隨機抽30萬張號?"}, {"comment_author": "qozxcv", "comment_date": ["05/01", "09:17"], "comment_content": "財富自由"}, {"comment_author": "bingreen", "comment_date": ["05/01", "09:18"], "comment_content": "超久沒中發票了"}, {"comment_author": "v19791119", "comment_date": ["05/01", "09:41"], "comment_content": "改後，超難中"}, {"comment_author": "fly1369", "comment_date": ["05/01", "10:06"], "comment_content": "每個月30～40張發票 整年沒中半張QQ"}, {"comment_author": "buslover", "comment_date": ["05/01", "11:10"], "comment_content": "不會中的人 還是只會看到烏龜啦 嘻嘻"}, {"comment_author": "addbear22", "comment_date": ["05/01", "11:20"], "comment_content": "不會中,不如多開一些末三碼的實際"}, {"comment_author": "addbear22", "comment_date": ["05/01", "11:22"], "comment_content": "不如多拿紙本發票"}, {"comment_author": "addbear22", "comment_date": ["05/01", "11:22"], "comment_content": "紙本發票太多就知道這個月花太多錢了"}, {"comment_author": "addbear22", "comment_date": ["05/01", "11:23"], "comment_content": "且讓店員省的麻煩又省後面顧客時間"}, {"comment_author": "serrier", "comment_date": ["05/01", "13:13"], "comment_content": "雲端發票節省後面顧客時間?樓上你唬爛啊"}, {"comment_author": "serrier", "comment_date": ["05/01", "13:13"], "comment_content": "你一定沒遇過前面結帳雲端浪費一堆時間"}, {"comment_author": "serrier", "comment_date": ["05/01", "13:14"], "comment_content": "還要店員問你顧客是否雲端發票浪費時間"}]}
