{"author": "yu1164 (口業姬)", "category": "Gossiping", "title": "[新聞] 駭人！老公當街「肢解老婆斬四肢」 大喊", "date": "Sun May  5 11:20:20 2024", "content": ["1.媒體來源:壹蘋新聞網2.記者署名:劉育良3.完整新聞標題:駭人！老公當街「肢解老婆斬四肢」　大喊：來買我妻子的肉4.完整新聞內文:印尼西爪哇省昨天上午發生一起駭人聽聞的謀殺案，一名41歲男子塔蘇姆（Tarsum），不知何故突然當街殺害40歲妻子延提（Yanti），並將她進行肢解，然後在村裡叫賣喊道：「來買延提的肉！來買延提的肉！」據馬來西亞《中國報》報導，案件發生在5月3日上午，延提要去清真寺參加讀經活動時，塔蘇姆突然在村裡道路上拿木塊攻擊她，隨即又拿出刀子來當場殺了妻子，然後將她肢解。延提的四肢都被斬斷，與軀體一起亂扔在地上，塔蘇姆則捧著一碗妻子的碎肉叫賣。目擊者見狀嚇得報警，目前塔蘇姆已經遭到逮捕，但仍不清楚犯案動機。鄰居表示，塔蘇姆平時都很正常，與大家關係很好，他的工作是買賣山羊，犯案前一天仍正常營業，也從沒有聽說他生意上出了什麼問題。5.完整新聞連結 (或短網址)不可用YAHOO、LINE、MSN等轉載媒體:", "6.備註:--"], "post_comment": [{"comment_author": "fly0204", "comment_date": ["05/05", "11:20"], "comment_content": "怕..."}, {"comment_author": "noah23", "comment_date": ["05/05", "11:21"], "comment_content": "南部日常"}, {"comment_author": "ianlin1216", "comment_date": ["05/05", "11:21"], "comment_content": "民進黨要引進十萬印度人，讚"}, {"comment_author": "chadmu", "comment_date": ["05/05", "11:21"], "comment_content": "穆斯林日常"}, {"comment_author": "gremon131", "comment_date": ["05/05", "11:21"], "comment_content": "吐了"}, {"comment_author": "IRPT001", "comment_date": ["05/05", "11:21"], "comment_content": "關印度屁事"}, {"comment_author": "wilson3435", "comment_date": ["05/05", "11:22"], "comment_content": "？？"}, {"comment_author": "kaodio", "comment_date": ["05/05", "11:22"], "comment_content": "沒錢應該賣去妓院 剩肉沒價"}, {"comment_author": "ralfeistein", "comment_date": ["05/05", "11:23"], "comment_content": ""}, {"comment_author": "opm", "comment_date": ["05/05", "11:23"], "comment_content": "狂"}, {"comment_author": "EXUAN", "comment_date": ["05/05", "11:23"], "comment_content": "那是印尼！印度優質勞工才不會做這種事"}, {"comment_author": "starport", "comment_date": ["05/05", "11:24"], "comment_content": "東南亞日常 排華也是殺一堆人 狼性"}, {"comment_author": "ianpttptt", "comment_date": ["05/05", "11:24"], "comment_content": ""}, {"comment_author": "alcpeon911", "comment_date": ["05/05", "11:25"], "comment_content": "印尼啦 要酸也看清楚"}, {"comment_author": "processor", "comment_date": ["05/05", "11:27"], "comment_content": "能買綠畜的肉嗎"}, {"comment_author": "joe33144", "comment_date": ["05/05", "11:27"], "comment_content": "印嘟不會差到哪裡去"}, {"comment_author": "d8751102", "comment_date": ["05/05", "11:31"], "comment_content": "還以為又是台北"}, {"comment_author": "WIGGINS22", "comment_date": ["05/05", "11:32"], "comment_content": "三小=="}, {"comment_author": "d8751102", "comment_date": ["05/05", "11:32"], "comment_content": "台北人不是在華山草原分屍嗎"}, {"comment_author": "yeng1217", "comment_date": ["05/05", "11:32"], "comment_content": "印尼以前就在幹排華的事了 很意外？"}, {"comment_author": "weissfuchs", "comment_date": ["05/05", "11:32"], "comment_content": "硬督更可怕…"}, {"comment_author": "jimmyliu1217", "comment_date": ["05/05", "11:34"], "comment_content": "40%很想被印度人肢解"}, {"comment_author": "lovea", "comment_date": ["05/05", "11:34"], "comment_content": "40%喜迎"}, {"comment_author": "TISH12311", "comment_date": ["05/05", "11:35"], "comment_content": "印度尼西亞"}, {"comment_author": "King5566", "comment_date": ["05/05", "11:36"], "comment_content": "0.0"}, {"comment_author": "stu25936", "comment_date": ["05/05", "11:36"], "comment_content": "印尼啦 一堆人眼脫喔？"}, {"comment_author": "ccjj8", "comment_date": ["05/05", "11:38"], "comment_content": "外勞水平"}, {"comment_author": "mark31326", "comment_date": ["05/05", "11:39"], "comment_content": "八卦真的一堆智障不會看中文"}, {"comment_author": "tanted", "comment_date": ["05/05", "11:40"], "comment_content": "不意外 小草水準 連印尼和印度都分不清楚"}, {"comment_author": "CHTWifiHinet", "comment_date": ["05/05", "11:41"], "comment_content": "難怪社會這麼亂 八卦版都一堆文盲"}, {"comment_author": "CHTWifiHinet", "comment_date": ["05/05", "11:41"], "comment_content": "了"}, {"comment_author": "aw7square", "comment_date": ["05/05", "11:43"], "comment_content": "未看先猜印度"}, {"comment_author": "ruthertw", "comment_date": ["05/05", "11:44"], "comment_content": "男人不邪不兇不殺過人,鬼島嬯就不愛的?"}, {"comment_author": "jimmy1688", "comment_date": ["05/05", "11:45"], "comment_content": "八卦智障多，不意外"}, {"comment_author": "court", "comment_date": ["05/05", "11:46"], "comment_content": "他國事務"}, {"comment_author": "ilove30and", "comment_date": ["05/05", "11:50"], "comment_content": "小草真的不簡單 難怪這麼愛主席"}, {"comment_author": "q123212", "comment_date": ["05/05", "11:55"], "comment_content": "夠瘋 在台灣就無罪了"}, {"comment_author": "XXXXXXXXXGAY", "comment_date": ["05/05", "12:05"], "comment_content": "南無阿彌陀佛"}, {"comment_author": "insidelonely", "comment_date": ["05/05", "12:10"], "comment_content": "印度 尼西亞"}, {"comment_author": "milkBK", "comment_date": ["05/05", "12:11"], "comment_content": "榮譽處決"}, {"comment_author": "rommel1990", "comment_date": ["05/05", "12:19"], "comment_content": "菜人哀"}, {"comment_author": "m9315030", "comment_date": ["05/05", "12:37"], "comment_content": "可能看不懂繁體,把印尼當印度吧"}, {"comment_author": "HuSi87", "comment_date": ["05/05", "12:47"], "comment_content": "indianesia"}, {"comment_author": "jomon817", "comment_date": ["05/05", "12:52"], "comment_content": "靠 這B級片劇情吧"}, {"comment_author": "gentryX", "comment_date": ["05/05", "12:56"], "comment_content": "阿彌陀佛"}, {"comment_author": "ab4daa", "comment_date": ["05/05", "13:07"], "comment_content": "無罪"}, {"comment_author": "nikewang", "comment_date": ["05/05", "13:19"], "comment_content": "40%喜迎印度外勞"}, {"comment_author": "firecrest", "comment_date": ["05/05", "13:33"], "comment_content": "大家好，我是Will"}, {"comment_author": "ya8957", "comment_date": ["05/05", "13:40"], "comment_content": "印度的新聞，馬來西亞報導，台灣媒體再引"}, {"comment_author": "ya8957", "comment_date": ["05/05", "13:40"], "comment_content": "用馬來西亞報導？台灣媒體都這麼好幹的嗎"}, {"comment_author": "ya8957", "comment_date": ["05/05", "13:40"], "comment_content": "？"}, {"comment_author": "ya8957", "comment_date": ["05/05", "13:41"], "comment_content": "拷貝打錯，是印尼"}, {"comment_author": "rickphyman42", "comment_date": ["05/05", "13:53"], "comment_content": "噁心破爛國家"}, {"comment_author": "flydogzzz", "comment_date": ["05/05", "15:28"], "comment_content": "然後再透過ya8957誤導為印度"}, {"comment_author": "mayasky", "comment_date": ["05/05", "15:48"], "comment_content": "有病啊..."}]}
