{"author": "joanzkow (星浪)", "category": "Gossiping", "title": "[新聞] 陸國台辦：盼台灣方面恢復海上客運5航線", "date": "Sun Apr 28 16:18:47 2024", "content": ["備註請放最後面 違者新聞文章刪除1.媒體來源:", "聯合報2.記者署名:", "廖士峰3.完整新聞標題:", "陸國台辦：盼台灣方面恢復海上客運5航線與擴大30航點4.完整新聞內文:", "陸國台辦：盼台灣方面恢復海上客運5航線與擴大30航點2024-04-28 16:04聯合報／ 特派記者廖士鋒／北京即時報導大陸官方28日對兩岸人員往來有諸多措施，最新消息是大陸已經透過兩會機制，促請我方恢復兩岸海上客運直航以及擴大恢復空中客運直航，國台辦強調，具體包含5條海上客運直航航線以及天津等30個大陸航點。大陸交通部4月28日下午在官網上指出，「海峽兩岸航運交流協會已通過既有管道促請台方恢復兩岸海上客運直航」，並提到兩岸海上客運航線是兩岸民眾往來的重要通道，恢復兩岸海上客運直航全面正常化，有利於兩岸同胞正常往來。大陸國台辦發言人朱鳳蓮則在稍晚表示，兩岸直接通航，極大便利了兩岸民眾往來為增進兩岸同胞的共同利益發揮了重要作用。她強調，去年以來，「隨著疫情防控進入新階段」，大陸積極推動兩岸空中、海上直航和「小三通」復航。兩岸空中客運直航航班、運量「雖較疫情期間有所增長，但因航點有限，總體上兩岸往來仍有較大不便，兩岸海上客運直航至今也尚未復航」。朱鳳蓮指出，兩岸民眾對兩岸空中、海上直航全面復航的呼聲非常強烈。「我們希望台灣方面充分考慮兩岸民眾及航運企業的訴求，儘快全面恢復包括平潭一台北、平潭一台中、廈門一台中、廈門一基隆、浙江大麥嶼一基隆航線在內的兩岸海上客運直航，恢復開通天津等30個大陸航點與台灣空中客運直航」。28日早上大陸文旅部已經宣布，將率先開放福建民眾到馬祖旅遊，並指出，等到平潭與台灣海上客運直航恢復後，會再開放福建民眾到台灣本島進行團客旅遊。", "5.完整新聞連結 (或短網址)不可用YAHOO、LINE、MSN等轉載媒體:", "6.備註:", "--"], "post_comment": [{"comment_author": "tigotigo5566", "comment_date": ["04/28", "16:19"], "comment_content": "好啊 我可以去住廈門"}, {"comment_author": "kavalan1979", "comment_date": ["04/28", "16:20"], "comment_content": "海上直航時間久，有市場？還是……"}, {"comment_author": "qweertyui891", "comment_date": ["04/28", "16:20"], "comment_content": "怎是在野黨跟中國交流，執政黨呢？"}, {"comment_author": "bla", "comment_date": ["04/28", "16:20"], "comment_content": "誰吃飽這麼閒做這麼久的船？"}, {"comment_author": "jyue", "comment_date": ["04/28", "16:21"], "comment_content": "先捐個幾億給花蓮再說"}, {"comment_author": "gankgf", "comment_date": ["04/28", "16:21"], "comment_content": "哈哈支那跪了"}, {"comment_author": "sm905202", "comment_date": ["04/28", "16:21"], "comment_content": "你先把空中的往後退再說"}, {"comment_author": "wyytw", "comment_date": ["04/28", "16:22"], "comment_content": "跪了"}, {"comment_author": "kinki1843", "comment_date": ["04/28", "16:23"], "comment_content": "國台放風聲 接者不跟台灣陸委會正式溝"}, {"comment_author": "kavalan1979", "comment_date": ["04/28", "16:24"], "comment_content": "海上直航是方便解放軍來彌補登陸艇不"}, {"comment_author": "s81048112", "comment_date": ["04/28", "16:27"], "comment_content": "支那：我禁止啦~我又開放啦~"}, {"comment_author": "scum5566", "comment_date": ["04/28", "16:28"], "comment_content": "幹 那你中共國是不是神經失常就又要登船"}, {"comment_author": "scum5566", "comment_date": ["04/28", "16:28"], "comment_content": "檢查嘔嘔嘔嘔"}, {"comment_author": "jeter17", "comment_date": ["04/28", "16:31"], "comment_content": "禁掉全部陸客啦幹"}, {"comment_author": "biore45", "comment_date": ["04/28", "16:35"], "comment_content": "咦 執政黨一直叫對岸釋出善意 現在看起"}, {"comment_author": "biore45", "comment_date": ["04/28", "16:35"], "comment_content": "來釋出蠻多的善意 但怎麼好像是在野黨的"}, {"comment_author": "biore45", "comment_date": ["04/28", "16:35"], "comment_content": "功勞？"}, {"comment_author": "q123212", "comment_date": ["04/28", "16:37"], "comment_content": "賴同路人會說話嗎？"}, {"comment_author": "JamesForrest", "comment_date": ["04/28", "16:37"], "comment_content": "那不就是民進黨在擋嗎"}, {"comment_author": "JonBrockman", "comment_date": ["04/28", "16:44"], "comment_content": "先不要"}, {"comment_author": "flyinmagic", "comment_date": ["04/28", "16:46"], "comment_content": "中國要的我們不要是執政黨最高準則吧"}, {"comment_author": "robber33", "comment_date": ["04/28", "16:48"], "comment_content": "特洛伊木馬"}, {"comment_author": "newyanew", "comment_date": ["04/28", "16:55"], "comment_content": "看推文就知道 果真洗腦成功 可憐"}, {"comment_author": "wilmachiang", "comment_date": ["04/28", "17:01"], "comment_content": "綠共狠撈錢喜發國難財 兩岸起火撈更"}, {"comment_author": "wilmachiang", "comment_date": ["04/28", "17:01"], "comment_content": "多"}, {"comment_author": "DDxMM", "comment_date": ["04/28", "17:01"], "comment_content": "M503"}, {"comment_author": "initiate73", "comment_date": ["04/28", "17:01"], "comment_content": "就中國想開放 拉不下臉 做面子給傅"}, {"comment_author": "ronale1104", "comment_date": ["04/28", "17:04"], "comment_content": "鳳蓮做愛嗎"}, {"comment_author": "HCYPMGO", "comment_date": ["04/28", "17:06"], "comment_content": "在野的功勞 執政的會領情嗎？"}, {"comment_author": "yoshilin", "comment_date": ["04/28", "17:08"], "comment_content": "兩邊都習慣放話"}, {"comment_author": "yoshilin", "comment_date": ["04/28", "17:08"], "comment_content": "歹戲"}, {"comment_author": "emissary", "comment_date": ["04/28", "17:09"], "comment_content": "搭每天的軍機來就好，幹嘛海運"}, {"comment_author": "Kyere88", "comment_date": ["04/28", "17:11"], "comment_content": "要開放要先洗是對方急了"}, {"comment_author": "walay211", "comment_date": ["04/28", "17:12"], "comment_content": "賴缺德 垃圾中共同路人"}, {"comment_author": "Seifer601", "comment_date": ["04/28", "17:13"], "comment_content": "有中國人要來？ 台灣不是很落後"}, {"comment_author": "bbqsandwich", "comment_date": ["04/28", "17:21"], "comment_content": "執政黨：為什麼我說的你們都不理QQ"}, {"comment_author": "umaga1", "comment_date": ["04/28", "17:28"], "comment_content": "開放好啦 至少比敵意好"}, {"comment_author": "ilovebmw", "comment_date": ["04/28", "17:31"], "comment_content": "正常交流 開放好啊"}, {"comment_author": "gime0226", "comment_date": ["04/28", "17:33"], "comment_content": "40%快硬起來 一條也不准開"}, {"comment_author": "keane9112", "comment_date": ["04/28", "17:46"], "comment_content": "禁都它們在禁..都它們在喊得"}, {"comment_author": "Dheroblood", "comment_date": ["04/28", "17:54"], "comment_content": "盼？？ 這次中共怎麼那麼軟？"}, {"comment_author": "a51062004", "comment_date": ["04/28", "18:13"], "comment_content": "不是直航了嗎？軍機天天飛過海峽中線在"}, {"comment_author": "a51062004", "comment_date": ["04/28", "18:13"], "comment_content": "偷窺啊"}, {"comment_author": "tanby", "comment_date": ["04/28", "18:24"], "comment_content": "40%快硬起來"}, {"comment_author": "billionaire", "comment_date": ["04/28", "18:27"], "comment_content": "中共是有多急？"}, {"comment_author": "kentin", "comment_date": ["04/28", "18:28"], "comment_content": "中共急了？"}, {"comment_author": "azirebb", "comment_date": ["04/28", "18:43"], "comment_content": "低能支那"}, {"comment_author": "TWLAB", "comment_date": ["04/28", "18:50"], "comment_content": "內奸真多 台灣完蛋"}, {"comment_author": "zonppp", "comment_date": ["04/28", "19:05"], "comment_content": "斷航的是誰？現在又說要復航"}, {"comment_author": "leterg", "comment_date": ["04/28", "19:05"], "comment_content": "民進黨不就一直吵M503"}, {"comment_author": "leterg", "comment_date": ["04/28", "19:09"], "comment_content": "我是覺得不需要開放，反正90%的中國人都覺"}, {"comment_author": "leterg", "comment_date": ["04/28", "19:09"], "comment_content": "得台灣落後，留在先進的中國旅遊就好，連"}, {"comment_author": "leterg", "comment_date": ["04/28", "19:09"], "comment_content": "豬肉不能帶進台灣都可以說是故意找麻煩"}, {"comment_author": "DREE", "comment_date": ["04/28", "19:14"], "comment_content": "誰去中國是坐船的啊??????????"}, {"comment_author": "cujen", "comment_date": ["04/28", "19:17"], "comment_content": "是誰已讀不回"}, {"comment_author": "yuinghoooo", "comment_date": ["04/28", "19:38"], "comment_content": "黨：幹 一直宣傳他們已讀不回 這下證"}, {"comment_author": "yuinghoooo", "comment_date": ["04/28", "19:38"], "comment_content": "明是自己不想開放嫁禍，瞞不住了"}, {"comment_author": "walhalla", "comment_date": ["04/28", "19:46"], "comment_content": "台商都去越南了這航線沒必要恢複了"}, {"comment_author": "leterg", "comment_date": ["04/28", "20:30"], "comment_content": "斷航的是我們台灣啊，我們說了算"}, {"comment_author": "crazy0228", "comment_date": ["04/28", "20:55"], "comment_content": "笑死，恢復你媽78啦！習狗"}, {"comment_author": "Joelai", "comment_date": ["04/28", "21:47"], "comment_content": "先把被扣留的金門中士歸還吧"}, {"comment_author": "mussina27", "comment_date": ["04/29", "06:46"], "comment_content": "不能塞爆港口偷渡重機具這樣很不方便"}, {"comment_author": "GunTT", "comment_date": ["04/29", "08:20"], "comment_content": "支那人閉嘴"}, {"comment_author": "Dcoolz", "comment_date": ["04/30", "18:12"], "comment_content": "不需要了, 網路已經一堆支那人, 現實生活"}, {"comment_author": "Dcoolz", "comment_date": ["04/30", "18:12"], "comment_content": "拜託不要"}]}
