{"author": "ha3810996 (微八嘎囧)", "category": "Gossiping", "title": "[新聞] 肖想女友後庭遭拒!淫男竟迷姦她2次　判", "date": "Sun Apr 28 11:02:41 2024", "content": ["肖想女友後庭遭拒！淫男竟迷姦她2次　判刑9年壹蘋新聞網 / 丁牧群【記者丁牧群／台北報導】王姓男子對於性事有個願望，就是", "，他曾在與女友嘿咻時", "，但遭女友嚴正拒絕，後來王男竟2度在酒裡摻FM2迷姦她，女友氣炸提告，指稱自己當時雖昏睡，但能感覺到王男「用他的生殖器頂我肛門」。一審依加重強制性交罪判王男9年徒刑，另判他須償還法務部已給付女友的犯罪被害補償金20萬元。女友提告指稱，王男第2次迷姦她那天晚上，2人先去酒吧喝酒，然後去旅館過夜，進房洗澡後，王男拿一個黑色杯子給她，「裡面的調酒看起來是白色混濁的，我直接喝了一口，跟他說怎這麼苦，後來我看到杯子底下有白色粉末沉澱，黏在杯底上，我就不喝了，躺在床上睡著了」。女友告訴法官：「我睡覺時有感覺他用他的生殖器頂我的", "，我有把他推開，我就不省人事了。」、「", "，我都會把他推開，但他不曾真正進入肛門。」王男否認對女友下藥，辯稱都是合意性交，但法官勘驗他與女友對話記錄，女友曾質問：「你昨天給我喝的到底是什麼？不說的話，我就去醫院檢驗。」王男求饒稱：「我們談金額補償和解好嗎，這關係到一個人的人生，我求求妳。」但女友堅持提告：「驗傷後會走司法程序，後續會怎樣我不知道。」王男哀求：「拜託妳，我們見面談好嗎，妳一但走司法，就不可撤銷，我求求妳，我們私下和解好嗎？拜託妳。」依據相關事證，一審認定王男在女友喝的酒裡摻入第三級毒品FM2，等她失去意識後，", "，觸犯加重強制性交罪，", "，另判他須償還法務部已給付女友的犯罪被害補償金20萬元。2案均可上訴。", "--"], "post_comment": [{"comment_author": "fony1029", "comment_date": ["04/28", "11:03"], "comment_content": "嘔嘔嘔嘔嘔嘔嘔嘔肛交噁心"}, {"comment_author": "highyes", "comment_date": ["04/28", "11:03"], "comment_content": "台南就是噁心"}, {"comment_author": "asdzxc1662", "comment_date": ["04/28", "11:03"], "comment_content": "下藥判很重 講不聽"}, {"comment_author": "zoeapezoo", "comment_date": ["04/28", "11:03"], "comment_content": "異性戀"}, {"comment_author": "ffdqfe", "comment_date": ["04/28", "11:03"], "comment_content": "為什麼不找男孩子呢？"}, {"comment_author": "derrick1220", "comment_date": ["04/28", "11:03"], "comment_content": "1定沒浣腸"}, {"comment_author": "DogBe106", "comment_date": ["04/28", "11:03"], "comment_content": "這個隱甲"}, {"comment_author": "errorr", "comment_date": ["04/28", "11:04"], "comment_content": "想當甲為何要交女友"}, {"comment_author": "qazwsx6107", "comment_date": ["04/28", "11:04"], "comment_content": "20萬可以爽玩很多了吧"}, {"comment_author": "j55888819", "comment_date": ["04/28", "11:05"], "comment_content": "深櫃甲甲"}, {"comment_author": "scum5566", "comment_date": ["04/28", "11:05"], "comment_content": "為什麼不找04%女神屁精呢?"}, {"comment_author": "scum5566", "comment_date": ["04/28", "11:05"], "comment_content": "          40"}, {"comment_author": "key123987", "comment_date": ["04/28", "11:05"], "comment_content": "肛交惡徒"}, {"comment_author": "cs09312", "comment_date": ["04/28", "11:05"], "comment_content": "比殺人還嚴重 摳連"}, {"comment_author": "dick929", "comment_date": ["04/28", "11:05"], "comment_content": "想肛女生不是甲吧"}, {"comment_author": "a0986188522", "comment_date": ["04/28", "11:05"], "comment_content": "去監獄可以免費玩"}, {"comment_author": "dick929", "comment_date": ["04/28", "11:06"], "comment_content": "對男人來說就是一種征服感"}, {"comment_author": "albertfeng", "comment_date": ["04/28", "11:06"], "comment_content": "八卦-1"}, {"comment_author": "dick929", "comment_date": ["04/28", "11:06"], "comment_content": "不然歐美A片哪一個不肛"}, {"comment_author": "dick929", "comment_date": ["04/28", "11:08"], "comment_content": "除了肛女生之外，看女生被雙插也是極大"}, {"comment_author": "dick929", "comment_date": ["04/28", "11:08"], "comment_content": "的刺激"}, {"comment_author": "qazzxc12351", "comment_date": ["04/28", "11:08"], "comment_content": "餵多一點暴斃 還不用關那麼久"}, {"comment_author": "tmgl", "comment_date": ["04/28", "11:09"], "comment_content": "隱形甲"}, {"comment_author": "abc4", "comment_date": ["04/28", "11:09"], "comment_content": "1.肛女生不代表是甲  2.違反意願就是不對"}, {"comment_author": "DogBe106", "comment_date": ["04/28", "11:10"], "comment_content": "上輩子通便器喔"}, {"comment_author": "kevin1221", "comment_date": ["04/28", "11:11"], "comment_content": "珍愛"}, {"comment_author": "zxc17893", "comment_date": ["04/28", "11:11"], "comment_content": "都有女友了還要肛人家=="}, {"comment_author": "Dia149", "comment_date": ["04/28", "11:12"], "comment_content": "少子化大成功"}, {"comment_author": "Ayreon", "comment_date": ["04/28", "11:12"], "comment_content": "姦完就殺掉說失手殺人會不會判比較短?"}, {"comment_author": "chuck5669", "comment_date": ["04/28", "11:12"], "comment_content": "水路不走硬要走旱路科科"}, {"comment_author": "juicelover", "comment_date": ["04/28", "11:13"], "comment_content": "肛交很緊啊 一定他女友鮑太鬆"}, {"comment_author": "brella", "comment_date": ["04/28", "11:13"], "comment_content": "還好我之前交往的都主動要求嘗試"}, {"comment_author": "egg781", "comment_date": ["04/28", "11:13"], "comment_content": "為了肛坐牢9年......"}, {"comment_author": "dick929", "comment_date": ["04/28", "11:14"], "comment_content": "對女生而言，被肛比口爆還難突破心防"}, {"comment_author": "johnson44", "comment_date": ["04/28", "11:14"], "comment_content": "喜歡肛可以找男友呀"}, {"comment_author": "hate56", "comment_date": ["04/28", "11:14"], "comment_content": "這次判很重哦"}, {"comment_author": "riker729", "comment_date": ["04/28", "11:14"], "comment_content": "男女朋友性侵判這麼重 性侵未成年才1/4"}, {"comment_author": "riker729", "comment_date": ["04/28", "11:15"], "comment_content": "所以法律是在鼓勵性侵未成年嗎?"}, {"comment_author": "pttenjk", "comment_date": ["04/28", "11:15"], "comment_content": "核廢料噁甲見獵心喜 噁噁噁"}, {"comment_author": "shine32025", "comment_date": ["04/28", "11:16"], "comment_content": "迷姦比殺人重           是法律常識阿"}, {"comment_author": "Rigogo", "comment_date": ["04/28", "11:16"], "comment_content": "炎p等等打給你"}, {"comment_author": "gopath", "comment_date": ["04/28", "11:16"], "comment_content": "找甲甲就好"}, {"comment_author": "MichaelRedd", "comment_date": ["04/28", "11:16"], "comment_content": "肛一下竟然跟虐殺人判的差不多重"}, {"comment_author": "shine32025", "comment_date": ["04/28", "11:17"], "comment_content": "殺人的都有悔意 迷姦加重強制性交"}, {"comment_author": "shine32025", "comment_date": ["04/28", "11:17"], "comment_content": "宗瑞不冤  法律這樣判剛好"}, {"comment_author": "keyman2", "comment_date": ["04/28", "11:18"], "comment_content": "希望酒駕殺人也能9年起跳"}, {"comment_author": "emissary", "comment_date": ["04/28", "11:19"], "comment_content": "找個台男男友不就好了，智商堪慮"}, {"comment_author": "ccccccccccc", "comment_date": ["04/28", "11:20"], "comment_content": "姦殺更重 你們就繼續散播錯誤訊息"}, {"comment_author": "dogdream", "comment_date": ["04/28", "11:21"], "comment_content": "大概醒來發現床上都是屎崩潰"}, {"comment_author": "vasia", "comment_date": ["04/28", "11:21"], "comment_content": "非得要走後門不會去花錢喔"}, {"comment_author": "omanorboyo", "comment_date": ["04/28", "11:22"], "comment_content": "有這麼重???"}, {"comment_author": "bluelune", "comment_date": ["04/28", "11:22"], "comment_content": "下藥判很重沒問題 問題是殺人為啥這麼"}, {"comment_author": "bluelune", "comment_date": ["04/28", "11:22"], "comment_content": "輕"}, {"comment_author": "LoveMakeLove", "comment_date": ["04/28", "11:23"], "comment_content": "台灣法官對色情性侵判決比殺人還重"}, {"comment_author": "coffee112", "comment_date": ["04/28", "11:24"], "comment_content": "下藥很重 殺人很輕 人命賤價 自立自強"}, {"comment_author": "LoveMakeLove", "comment_date": ["04/28", "11:24"], "comment_content": "可能鼓勵大家使用暴力"}, {"comment_author": "koexe", "comment_date": ["04/28", "11:26"], "comment_content": "是有多想月工啦= ="}, {"comment_author": "ForeverZARD", "comment_date": ["04/28", "11:27"], "comment_content": "車禍死人都沒這麼重"}, {"comment_author": "dayuer", "comment_date": ["04/28", "11:27"], "comment_content": "連一根懶叫都管不好，還能管好什麼？"}, {"comment_author": "ComeThrough", "comment_date": ["04/28", "11:27"], "comment_content": "肛交惡徒"}, {"comment_author": "ardenlee", "comment_date": ["04/28", "11:28"], "comment_content": "9年...比開車撞死人還重內"}, {"comment_author": "ardenlee", "comment_date": ["04/28", "11:29"], "comment_content": "這種判法以後的人犯罪就往死裡弄就好了"}, {"comment_author": "ardenlee", "comment_date": ["04/28", "11:29"], "comment_content": "，反正不見得會被判多重"}, {"comment_author": "eetug", "comment_date": ["04/28", "11:30"], "comment_content": "這個有下藥啊"}, {"comment_author": "jeter17", "comment_date": ["04/28", "11:32"], "comment_content": "八卦-1"}, {"comment_author": "BlueBird5566", "comment_date": ["04/28", "11:33"], "comment_content": "看歐美AV肛門插完都凹一個大洞很噁"}, {"comment_author": "DORAQMON", "comment_date": ["04/28", "11:36"], "comment_content": "柯粉-1"}, {"comment_author": "AlianF", "comment_date": ["04/28", "11:36"], "comment_content": "下藥綁起來.jpg"}, {"comment_author": "dick929", "comment_date": ["04/28", "11:38"], "comment_content": "去Ph搜尋Happy Sofia Nana"}, {"comment_author": "dick929", "comment_date": ["04/28", "11:39"], "comment_content": "就知道女生願意接受被肛是男人的福氣"}, {"comment_author": "machiusheng", "comment_date": ["04/28", "11:39"], "comment_content": "未經同意 就治便秘"}, {"comment_author": "andyboy0428", "comment_date": ["04/28", "11:41"], "comment_content": "之前有個砍死女友的 才判10年"}, {"comment_author": "andyboy0428", "comment_date": ["04/28", "11:42"], "comment_content": "這到底什麼法律標準"}, {"comment_author": "jasonpop", "comment_date": ["04/28", "11:42"], "comment_content": "之前不是下藥輪姦致死4年？"}, {"comment_author": "dick929", "comment_date": ["04/28", "11:44"], "comment_content": "第一沒有輪姦致死的死法"}, {"comment_author": "s5894143", "comment_date": ["04/28", "11:44"], "comment_content": "有些推文實在是奇文共賞"}, {"comment_author": "dick929", "comment_date": ["04/28", "11:45"], "comment_content": "第二，那是毒傳妹自己濫用藥物連嗨三天"}, {"comment_author": "allenlee6710", "comment_date": ["04/28", "11:45"], "comment_content": "推文一堆腦袋怪怪的"}, {"comment_author": "wizyu", "comment_date": ["04/28", "11:45"], "comment_content": "比殺人重，我看不懂法律了"}, {"comment_author": "dick929", "comment_date": ["04/28", "11:46"], "comment_content": "被告是趁機性交罪，跟下藥強制性交罪差"}, {"comment_author": "dick929", "comment_date": ["04/28", "11:46"], "comment_content": "遠了"}, {"comment_author": "dick929", "comment_date": ["04/28", "11:47"], "comment_content": "所以毒傳妹是自己濫用藥物致死，死前被幾"}, {"comment_author": "dick929", "comment_date": ["04/28", "11:47"], "comment_content": "個毒蟲撿屍"}, {"comment_author": "dick929", "comment_date": ["04/28", "11:49"], "comment_content": "那件毒傳跟這件下藥女友強制性交是完全"}, {"comment_author": "dick929", "comment_date": ["04/28", "11:49"], "comment_content": "不同的case"}, {"comment_author": "rancilio", "comment_date": ["04/28", "11:49"], "comment_content": "怎麼不去找40%女神?最愛人插他屁眼"}, {"comment_author": "laechan", "comment_date": ["04/28", "11:51"], "comment_content": "這種的進監獄不是都......"}, {"comment_author": "dream0131", "comment_date": ["04/28", "11:52"], "comment_content": "9年欸 比強姦殺人還貴"}, {"comment_author": "yuanhy63", "comment_date": ["04/28", "11:52"], "comment_content": "不小心滑進去"}, {"comment_author": "ebeta", "comment_date": ["04/28", "11:56"], "comment_content": "判的比殺人還重！鬼島"}, {"comment_author": "dick929", "comment_date": ["04/28", "11:59"], "comment_content": "哪一件強姦殺人判比9年少？"}, {"comment_author": "FUBAR", "comment_date": ["04/28", "11:59"], "comment_content": "去找個甲甲男友比較快"}, {"comment_author": "MichaelRedd", "comment_date": ["04/28", "12:00"], "comment_content": "今天才一個新聞把人活活虐死也是9年"}, {"comment_author": "starport", "comment_date": ["04/28", "12:02"], "comment_content": "強姦本來就判比較重 不然你屁眼給姦嗎？"}, {"comment_author": "starport", "comment_date": ["04/28", "12:03"], "comment_content": "而且他加上下藥"}, {"comment_author": "aunt", "comment_date": ["04/28", "12:04"], "comment_content": "難怪台男性侵直接殺人的這麼多"}, {"comment_author": "dark80122", "comment_date": ["04/28", "12:05"], "comment_content": "真的低端 花小錢可以體驗 要花這種大"}, {"comment_author": "Gentile", "comment_date": ["04/28", "12:07"], "comment_content": "九年比殺人重超多"}, {"comment_author": "Ronwill955", "comment_date": ["04/28", "12:09"], "comment_content": "笑死弱智法盲又在幻想判比殺人重了"}, {"comment_author": "Ronwill955", "comment_date": ["04/28", "12:09"], "comment_content": "而且是兩次"}, {"comment_author": "EXUAN", "comment_date": ["04/28", "12:10"], "comment_content": "明明很多狂甲"}, {"comment_author": "b020candy", "comment_date": ["04/28", "12:12"], "comment_content": "對女友都這樣，以後犯罪虐童也是相同"}, {"comment_author": "b020candy", "comment_date": ["04/28", "12:12"], "comment_content": "價值觀"}, {"comment_author": "yfroad", "comment_date": ["04/28", "12:14"], "comment_content": "不懂耶，肛門內都是便便為什麼想．．·"}, {"comment_author": "st102041505", "comment_date": ["04/28", "12:24"], "comment_content": "入獄後就可以體驗不完了"}, {"comment_author": "sicao", "comment_date": ["04/28", "12:27"], "comment_content": "哪會都是大便 你會隨時想大便？"}, {"comment_author": "Lionvjm95", "comment_date": ["04/28", "12:31"], "comment_content": "找個甲甲不就好了 真傻"}, {"comment_author": "threeforw", "comment_date": ["04/28", "12:34"], "comment_content": "虐殺也是九年"}, {"comment_author": "seanfan", "comment_date": ["04/28", "12:36"], "comment_content": "40%日常，迷姦肛交支持Lie cheater"}, {"comment_author": "QYIN712", "comment_date": ["04/28", "12:46"], "comment_content": "比殺人都重"}, {"comment_author": "BarryDale", "comment_date": ["04/28", "12:46"], "comment_content": "到底是這樣九年太重？還是殺人放火太"}, {"comment_author": "BarryDale", "comment_date": ["04/28", "12:46"], "comment_content": "輕？"}, {"comment_author": "Wildsheep", "comment_date": ["04/28", "12:49"], "comment_content": "想玩肛門怎麼不去找屁精？"}, {"comment_author": "Syoshinsya", "comment_date": ["04/28", "12:49"], "comment_content": "傻傻的，姦完順手殺了不只可能查不到"}, {"comment_author": "Syoshinsya", "comment_date": ["04/28", "12:50"], "comment_content": "，查到了還有一群正義之士免費幫忙辯"}, {"comment_author": "Syoshinsya", "comment_date": ["04/28", "12:50"], "comment_content": "護到無罪勒。"}, {"comment_author": "Syoshinsya", "comment_date": ["04/28", "12:50"], "comment_content": "我沒有說強姦應該，只是想諷刺相較起"}, {"comment_author": "Syoshinsya", "comment_date": ["04/28", "12:50"], "comment_content": "來殺人幾乎是可笑的零成本。"}, {"comment_author": "dong80", "comment_date": ["04/28", "12:50"], "comment_content": "炎屁：肛進去很棒對吧~"}, {"comment_author": "catvsdog", "comment_date": ["04/28", "12:56"], "comment_content": "沒党證啊 有党證就沒42惹 看看炎屁"}, {"comment_author": "snowbox", "comment_date": ["04/28", "12:58"], "comment_content": "反觀烙刑虐死 判8年 鬼島"}, {"comment_author": "BroSin", "comment_date": ["04/28", "12:59"], "comment_content": "找gay穿女裝就能體驗的事情…"}, {"comment_author": "ryan1106", "comment_date": ["04/28", "13:00"], "comment_content": "…."}, {"comment_author": "blue500", "comment_date": ["04/28", "13:02"], "comment_content": "這樣判九年，酒家撞死人判兩年"}, {"comment_author": "sten5453", "comment_date": ["04/28", "13:03"], "comment_content": "正常的地方為啥不用"}, {"comment_author": "fastevil", "comment_date": ["04/28", "13:04"], "comment_content": "這法官很可以"}, {"comment_author": "dcdrkim", "comment_date": ["04/28", "13:05"], "comment_content": "為了肛門9年笑死"}, {"comment_author": "Syoshinsya", "comment_date": ["04/28", "13:05"], "comment_content": "不過女方咬這麼硬，先不提是否真的曾"}, {"comment_author": "Syoshinsya", "comment_date": ["04/28", "13:05"], "comment_content": "經是男女朋友，把文章備份起來，九年"}, {"comment_author": "Syoshinsya", "comment_date": ["04/28", "13:05"], "comment_content": "之後很有機會出現真正的強姦殺人，快"}, {"comment_author": "Syoshinsya", "comment_date": ["04/28", "13:06"], "comment_content": "的話說不定四年後就有了。"}, {"comment_author": "Syoshinsya", "comment_date": ["04/28", "13:06"], "comment_content": "說不定那時候鬼島已經被搞到殺人無罪"}, {"comment_author": "Syoshinsya", "comment_date": ["04/28", "13:06"], "comment_content": "，但換臉要七年 XD"}, {"comment_author": "wbsinger", "comment_date": ["04/28", "13:07"], "comment_content": "這麼愛走後門讓你進去天天走，有病。"}, {"comment_author": "notime", "comment_date": ["04/28", "13:12"], "comment_content": "為了肛門9年…"}, {"comment_author": "azxswqa", "comment_date": ["04/28", "13:12"], "comment_content": "9年殺人都不用那麼久"}, {"comment_author": "encoreb00124", "comment_date": ["04/28", "13:15"], "comment_content": "9年太重了吧"}, {"comment_author": "neweb", "comment_date": ["04/28", "13:26"], "comment_content": "到監獄被肛九年吧"}, {"comment_author": "mdkn35", "comment_date": ["04/28", "13:31"], "comment_content": "這樣9年？？"}, {"comment_author": "m87dd04", "comment_date": ["04/28", "13:31"], "comment_content": "這樣的人也都有女友QQ"}, {"comment_author": "orz151426", "comment_date": ["04/28", "13:32"], "comment_content": "9年，進去之後可以肛個痛快了"}, {"comment_author": "ruffryders", "comment_date": ["04/28", "13:37"], "comment_content": "肛交未遂"}, {"comment_author": "smalltalker", "comment_date": ["04/28", "13:39"], "comment_content": "後門＞未成年"}, {"comment_author": "duxxlux", "comment_date": ["04/28", "13:43"], "comment_content": "這種人才應該來八卦的"}, {"comment_author": "DirtyVegas", "comment_date": ["04/28", "13:44"], "comment_content": "有穴不用偏愛屎洞  隱甲認證"}, {"comment_author": "waa006", "comment_date": ["04/28", "13:45"], "comment_content": "9年，都可以開車撞死好多人還不用"}, {"comment_author": "waa006", "comment_date": ["04/28", "13:45"], "comment_content": "這麼久"}, {"comment_author": "lover19", "comment_date": ["04/28", "14:01"], "comment_content": "不就黑白妹玩法 噁"}, {"comment_author": "a114261", "comment_date": ["04/28", "14:13"], "comment_content": "噁男活該 強姦下藥判很重剛好而已啦"}, {"comment_author": "s74109630", "comment_date": ["04/28", "14:26"], "comment_content": "騎士高聲一呼一堆人願意給缸ㄉ"}, {"comment_author": "wizozd87690", "comment_date": ["04/28", "14:36"], "comment_content": "到底怎麼取得FM2的啊？"}, {"comment_author": "wizozd87690", "comment_date": ["04/28", "14:36"], "comment_content": "不用查嗎"}, {"comment_author": "deray", "comment_date": ["04/28", "14:47"], "comment_content": "羨慕"}, {"comment_author": "xaxa0101", "comment_date": ["04/28", "14:51"], "comment_content": "真蠢"}, {"comment_author": "villagemen", "comment_date": ["04/28", "14:59"], "comment_content": "軟今天"}, {"comment_author": "j5818359", "comment_date": ["04/28", "15:00"], "comment_content": "噁心死了"}, {"comment_author": "tello", "comment_date": ["04/28", "15:34"], "comment_content": "下藥幹嘛？直接肛就好啊"}, {"comment_author": "tikowm", "comment_date": ["04/28", "15:36"], "comment_content": "幹嘛這麼麻煩? 交男朋友就好了"}, {"comment_author": "Windows11", "comment_date": ["04/28", "15:36"], "comment_content": "真笨 台男找台男還可以有兩種體驗"}, {"comment_author": "VVinSaber", "comment_date": ["04/28", "15:43"], "comment_content": "白癡台男"}, {"comment_author": "VVinSaber", "comment_date": ["04/28", "15:43"], "comment_content": "下藥就是加重強制性交"}, {"comment_author": "DRPSY", "comment_date": ["04/28", "15:49"], "comment_content": "才9年"}, {"comment_author": "renchin", "comment_date": ["04/28", "16:29"], "comment_content": "迷姦未成年致死判一年，真鬼島"}, {"comment_author": "h8642123", "comment_date": ["04/28", "16:34"], "comment_content": "月工不錯阿，不怕懷孕"}, {"comment_author": "deadogy", "comment_date": ["04/28", "16:44"], "comment_content": "想玩要交男朋友"}, {"comment_author": "t4lin", "comment_date": ["04/28", "17:03"], "comment_content": "洞那麼遠形狀也差那多這根本不可能不小心"}, {"comment_author": "t4lin", "comment_date": ["04/28", "17:03"], "comment_content": "這根本是交到甲男吧"}, {"comment_author": "Ereinion9895", "comment_date": ["04/28", "17:03"], "comment_content": "想肛去剛甲甲阿"}, {"comment_author": "djbell", "comment_date": ["04/28", "17:07"], "comment_content": "以後要錄影，以免有人反悔"}, {"comment_author": "whoisanky", "comment_date": ["04/28", "17:20"], "comment_content": "A片A漫教出一堆性觀念偏差的噁男，對大"}, {"comment_author": "whoisanky", "comment_date": ["04/28", "17:20"], "comment_content": "部分女生來說肛交根本是變態的性癖"}, {"comment_author": "whoisanky", "comment_date": ["04/28", "17:21"], "comment_content": "去看女性向的色情片絕對沒有在給你戳"}, {"comment_author": "whoisanky", "comment_date": ["04/28", "17:21"], "comment_content": "屁股，大部分女性根本無法接受"}, {"comment_author": "rhl21", "comment_date": ["04/28", "17:37"], "comment_content": "進去監獄會不會也想要迷姦其他犯人"}, {"comment_author": "LonyIce", "comment_date": ["04/28", "17:51"], "comment_content": "異性戀：都是甲 只有甲愛肛"}, {"comment_author": "a1252352", "comment_date": ["04/28", "17:57"], "comment_content": "尊重對方很難嗎？"}, {"comment_author": "FUNYUN", "comment_date": ["04/28", "18:16"], "comment_content": "大陸判20年 台灣10年不到 笑死"}, {"comment_author": "ma4wanderer", "comment_date": ["04/28", "18:44"], "comment_content": "深櫃即直男"}, {"comment_author": "DDJwolf", "comment_date": ["04/28", "20:30"], "comment_content": "9年！"}, {"comment_author": "monstermimic", "comment_date": ["04/28", "20:47"], "comment_content": "想肛女性和甲甲沒關係"}, {"comment_author": "jigme", "comment_date": ["04/28", "23:53"], "comment_content": "幹屁眼比殺人嚴重"}, {"comment_author": "TZofHES", "comment_date": ["04/29", "20:25"], "comment_content": "肛交惡徒"}, {"comment_author": "WiserWilly", "comment_date": ["05/01", "18:03"], "comment_content": "台南查某被男友強姦？台南發生甚麼都"}, {"comment_author": "WiserWilly", "comment_date": ["05/01", "18:03"], "comment_content": "不意外啦...一個跟中國一樣的低智商社"}, {"comment_author": "WiserWilly", "comment_date": ["05/01", "18:03"], "comment_content": "會"}]}
