{"author": "SebaJun (Nujabes)", "category": "Gossiping", "title": "[新聞] 愛莉莎莎分手了！宣布情斷「羽球男神」呂", "date": "Tue Apr 30 14:04:06 2024", "content": ["1.媒體來源:自由時報2.記者署名:羅子秦／核稿編輯3.完整新聞標題:愛莉莎莎分手了！宣布情斷「羽球男神」呂杰陽 關鍵原因曝光4.完整新聞內文:〔娛樂頻道／綜合報導〕百萬YouTuber「愛莉莎莎」宣布與「羽球男神」呂杰陽分手，2人自去年5月公開認愛，也經常在社群上公開放閃，不料，如今突傳出情斷消息，令粉絲震驚。愛莉莎莎稍早發文證實，已經和羽球教練呂杰陽分手，表示2人從決定到公開都花了一段時間，坦言對方是自己從大學畢業後同居最久的對象，「也是曾經以為可以一直走下去的人，在這段密集相處的過程中，我們都曾經用盡全力愛過對方」。愛莉莎莎透露分手關鍵。（翻攝自IG）至於分手關鍵，愛莉莎莎則透露，「但是我們兩個的價值觀，真正喜歡做的事，以及對未來憧憬的生活，都是完全不一樣的，然而這些只有交往夠久了，才能明白。」並強調雖然羽球教練也有他的問題，但絕對無關家暴、吃軟飯。愛麗莎沙也謝謝對方讓自己成為更好的人，「一開始對另一半有比較強的控制欲，後來也逐漸磨平了我的稜角，一開始沒有維持環境整潔的習慣，漸漸也懂得每天讓家裡乾乾淨淨，甚至因為他，學會了一個新的運動，持續打了一年半的羽球」，最後她表示對這一切只剩感謝，並祝福對方未來一路順遂、幸福。5.完整新聞連結 (或短網址)不可用YAHOO、LINE、MSN等轉載媒體:", "6.備註:大家可以去關心2zsasa了--"], "post_comment": [{"comment_author": "proprome", "comment_date": ["04/30", "14:04"], "comment_content": "柯粉快去報名"}, {"comment_author": "King5566", "comment_date": ["04/30", "14:05"], "comment_content": "不意外"}, {"comment_author": "Loyeatta", "comment_date": ["04/30", "14:05"], "comment_content": "莎莎出來一起打羽球嘿"}, {"comment_author": "zxc17893", "comment_date": ["04/30", "14:05"], "comment_content": "五樓感到欣慰"}, {"comment_author": "kkjjrtlym", "comment_date": ["04/30", "14:05"], "comment_content": "學會惹很多 然後分手 恩恩"}, {"comment_author": "CMPunk", "comment_date": ["04/30", "14:05"], "comment_content": "同居最久 結果不到一年"}, {"comment_author": "LouisLEE", "comment_date": ["04/30", "14:05"], "comment_content": "日本人三原：兄弟！"}, {"comment_author": "jeff0025", "comment_date": ["04/30", "14:05"], "comment_content": "小草女神"}, {"comment_author": "gx8759121", "comment_date": ["04/30", "14:06"], "comment_content": "崩潰莎莎"}, {"comment_author": "likekaito", "comment_date": ["04/30", "14:06"], "comment_content": "完全不意外XDDD"}, {"comment_author": "czg", "comment_date": ["04/30", "14:06"], "comment_content": "第幾篇了啊"}, {"comment_author": "NCTUFAIWEN", "comment_date": ["04/30", "14:06"], "comment_content": "已私訊應徵"}, {"comment_author": "meta41110", "comment_date": ["04/30", "14:07"], "comment_content": "凸( ﾟдﾟ)凸鼻子"}, {"comment_author": "ikoe", "comment_date": ["04/30", "14:07"], "comment_content": "小草振奮"}, {"comment_author": "ILoveKMT", "comment_date": ["04/30", "14:07"], "comment_content": "關我屁事"}, {"comment_author": "tetani", "comment_date": ["04/30", "14:07"], "comment_content": "大家早就預料到了"}, {"comment_author": "mit2502", "comment_date": ["04/30", "14:07"], "comment_content": "女的賺的比男的多 早晚"}, {"comment_author": "joygo", "comment_date": ["04/30", "14:07"], "comment_content": "不意外 感覺就搞過各的"}, {"comment_author": "dyc2008", "comment_date": ["04/30", "14:08"], "comment_content": "請問去那邊面試"}, {"comment_author": "wcpsgb", "comment_date": ["04/30", "14:08"], "comment_content": "傻傻粉快去應徵"}, {"comment_author": "IRPT001", "comment_date": ["04/30", "14:08"], "comment_content": "飽了"}, {"comment_author": "k6114520", "comment_date": ["04/30", "14:08"], "comment_content": "這個名字只有噓"}, {"comment_author": "ruthertw", "comment_date": ["04/30", "14:08"], "comment_content": "肯定是魚下巴造成的後果?"}, {"comment_author": "Marxing", "comment_date": ["04/30", "14:09"], "comment_content": "干我屁事 他媽記者認真一點"}, {"comment_author": "veryGY", "comment_date": ["04/30", "14:09"], "comment_content": "特別講無關的 是不是通常有關"}, {"comment_author": "metam", "comment_date": ["04/30", "14:10"], "comment_content": "男的長的不差，誰會看上愛Z殺殺"}, {"comment_author": "crassus7217", "comment_date": ["04/30", "14:11"], "comment_content": "愛Z殺殺也沒到很醜的地步吧..."}, {"comment_author": "AuTumnLyu", "comment_date": ["04/30", "14:11"], "comment_content": "嘔嘔嘔嘔"}, {"comment_author": "hsuchengchun", "comment_date": ["04/30", "14:11"], "comment_content": "真的不意外 男的很浮"}, {"comment_author": "mij", "comment_date": ["04/30", "14:12"], "comment_content": "流量炒完了。需要新的流量"}, {"comment_author": "sheep2009", "comment_date": ["04/30", "14:12"], "comment_content": "八卦大喜"}, {"comment_author": "EXUAN", "comment_date": ["04/30", "14:12"], "comment_content": "沒人在乎"}, {"comment_author": "mij", "comment_date": ["04/30", "14:13"], "comment_content": "抬轎豬哥加油"}, {"comment_author": "fransiceyho", "comment_date": ["04/30", "14:13"], "comment_content": "不意外呀 兩個都是不安定的類型"}, {"comment_author": "tasy4n", "comment_date": ["04/30", "14:13"], "comment_content": "莫非性趣不合？"}, {"comment_author": "flydogzzz", "comment_date": ["04/30", "14:14"], "comment_content": "先寫故事好下車，之後男方開始爆料"}, {"comment_author": "ah937609", "comment_date": ["04/30", "14:15"], "comment_content": "那男的484有被硬上"}, {"comment_author": "jeff4356", "comment_date": ["04/30", "14:15"], "comment_content": "三小分手跟我屁事炸 又想炒流量了士兵是"}, {"comment_author": "jeff4356", "comment_date": ["04/30", "14:15"], "comment_content": " 死了再報啦"}, {"comment_author": "muscle1069", "comment_date": ["04/30", "14:15"], "comment_content": "白蓮教聖女 小草衝一波了"}, {"comment_author": "lmc66", "comment_date": ["04/30", "14:17"], "comment_content": "終於解脫了 恭喜"}, {"comment_author": "tasy4n", "comment_date": ["04/30", "14:17"], "comment_content": "鄉民們快報名"}, {"comment_author": "ultraccs", "comment_date": ["04/30", "14:18"], "comment_content": "能和平分手就很不錯 一堆分手翻臉"}, {"comment_author": "Soreio", "comment_date": ["04/30", "14:19"], "comment_content": "特別講無關就是有關吧 真的無關何必提"}, {"comment_author": "whitenoise", "comment_date": ["04/30", "14:20"], "comment_content": "三觀正確，教養也好"}, {"comment_author": "mithuang", "comment_date": ["04/30", "14:20"], "comment_content": "小草們機會來了！！"}, {"comment_author": "Death13", "comment_date": ["04/30", "14:22"], "comment_content": "雜草們該上了"}, {"comment_author": "brother001", "comment_date": ["04/30", "14:22"], "comment_content": "恭喜"}, {"comment_author": "smilefred", "comment_date": ["04/30", "14:24"], "comment_content": "恭喜......男方"}, {"comment_author": "albertfeng", "comment_date": ["04/30", "14:26"], "comment_content": "小草女神"}, {"comment_author": "conanhide", "comment_date": ["04/30", "14:27"], "comment_content": "流量"}, {"comment_author": "wailman", "comment_date": ["04/30", "14:27"], "comment_content": "絕對無關的絕對有關"}, {"comment_author": "tot9221", "comment_date": ["04/30", "14:28"], "comment_content": "網紅把自己的生活當工作變現"}, {"comment_author": "tot9221", "comment_date": ["04/30", "14:28"], "comment_content": "非公眾人物一般人不容易接受"}, {"comment_author": "wake7078", "comment_date": ["04/30", "14:30"], "comment_content": "家暴 又吃軟飯"}, {"comment_author": "alex780312", "comment_date": ["04/30", "14:31"], "comment_content": "小草護駕"}, {"comment_author": "lawyer94", "comment_date": ["04/30", "14:33"], "comment_content": "差格婚"}, {"comment_author": "kagimoro1202", "comment_date": ["04/30", "14:33"], "comment_content": "柯粉們機會來了"}, {"comment_author": "psy792", "comment_date": ["04/30", "14:34"], "comment_content": "收入不夠體面"}, {"comment_author": "cymtrex", "comment_date": ["04/30", "14:38"], "comment_content": "小草"}, {"comment_author": "zxcvbnmnbvcx", "comment_date": ["04/30", "14:40"], "comment_content": "小草振奮中"}, {"comment_author": "xhung", "comment_date": ["04/30", "14:44"], "comment_content": "月貳了?"}, {"comment_author": "laechan", "comment_date": ["04/30", "14:45"], "comment_content": "哈哈哈哈哈"}, {"comment_author": "basketkdash", "comment_date": ["04/30", "14:56"], "comment_content": "沙包受不了了？"}, {"comment_author": "biaw", "comment_date": ["04/30", "15:07"], "comment_content": "八卦女神 小草女神"}, {"comment_author": "sixis", "comment_date": ["04/30", "15:15"], "comment_content": "小草勃起了！"}, {"comment_author": "flashseal", "comment_date": ["04/30", "15:16"], "comment_content": "催眠效果過了?"}, {"comment_author": "BigHurt", "comment_date": ["04/30", "15:23"], "comment_content": "笑死 不意外+1"}, {"comment_author": "Merucho", "comment_date": ["04/30", "15:25"], "comment_content": "台灣岡咲美保"}, {"comment_author": "bart102617", "comment_date": ["04/30", "15:37"], "comment_content": "小草們博起變大樹了"}, {"comment_author": "lipstick", "comment_date": ["04/30", "15:39"], "comment_content": "我有機會了嗎"}, {"comment_author": "eternalecho", "comment_date": ["04/30", "15:40"], "comment_content": "吵死了醜女"}, {"comment_author": "bigpan", "comment_date": ["04/30", "15:52"], "comment_content": "機會來了！ (握拳)"}, {"comment_author": "shepherdy", "comment_date": ["04/30", "16:23"], "comment_content": "噁力傻傻"}, {"comment_author": "wryyyyyyyy", "comment_date": ["04/30", "16:57"], "comment_content": "沒人在乎垃圾咖垃圾新聞垃圾記者"}, {"comment_author": "daye2012", "comment_date": ["04/30", "17:32"], "comment_content": "這男的真勇者，居然幹的下去"}, {"comment_author": "jamison33", "comment_date": ["04/30", "17:37"], "comment_content": "小草已經硬的跟草仔粿一樣了"}, {"comment_author": "ryanbin", "comment_date": ["04/30", "17:38"], "comment_content": "阿姨接受報名"}, {"comment_author": "sakyro", "comment_date": ["04/30", "17:40"], "comment_content": "小草女神強勢回歸"}, {"comment_author": "billlushana1", "comment_date": ["04/30", "18:43"], "comment_content": "八卦藍草快上"}, {"comment_author": "tpman77", "comment_date": ["04/30", "18:50"], "comment_content": "愛上 椅子嗎"}, {"comment_author": "abcrr123", "comment_date": ["04/30", "19:47"], "comment_content": "男的不夠有錢，被拋棄了QQ"}, {"comment_author": "nitvx", "comment_date": ["04/30", "21:35"], "comment_content": "有安裝成功嗎"}, {"comment_author": "whitelady", "comment_date": ["04/30", "22:59"], "comment_content": "他們倆人的事業心差這麼多，分手正常"}]}
