{"author": "blue999 (FLY)", "category": "Gossiping", "title": "[新聞] 大陸政協主席王滬寧：沒人想打仗 就是好", "date": "Wed May  1 12:33:25 2024", "content": ["大陸政協主席王滬寧：沒人想打仗 就是好好交流中時 周毓翔 賴佑維大陸全國政協主席王滬寧日前會見國民黨立委訪問團時表示，兩岸問題以和平方式解決基調不變，沒人想打仗，也沒有所謂攻台時間表，就是好好交流。圖為4月份海峽兩岸各民族歡度「三月三」活動，台灣的原住民帶來舞蹈表演。（中新社）字級設定：小中大特國民黨立院黨團總召傅崐萁等17位藍委於4月27日與大陸全國政協主席王滬寧在北京會面，據了解，藍委問及3月時大陸召開全國兩會期間，國務院總理李強發表政府工作報告關於涉台論述部分，於「統一」前刪除「和平」2字，是否意謂陸方對台策略有所不同？王滬寧強調，兩岸問題以和平方式解決基調仍然不變，", "傅崐萁等一行人在4月26日赴北京展開兩岸交流，次日與王滬寧、國台辦主任宋濤在北京人民大會堂「新疆廳」會談近2小時，王滬寧肯定藍委此行「很不容易，也很有誠意，也很有意義」，並請17名藍委一一發表意見，最後他一次回答所提建議。國民黨立委的議題除觀光與農產貿易外，也包括文化教育、台商權益保障等。藍委當面提一中各表 王專心聆聽王鴻薇開門見山就「九二共識」表示，必須要有一中各表的空間，否則國民黨續堅持九二共識在台灣會沒市場，有一中各表的空間，才能向台灣民眾強調兩岸交流重要性。據轉述，王滬寧對上述談話非常專心聆聽，但未做回應。鄭正鈐則詢問，對比去年，李強今年3月發表的政府工作報告中，在涉台論述於「統一」前，刪除「和平」2字。此一差異，引發兩岸學者憂心，是否意味大陸對台策略有改變？對此，王滬寧強調，兩岸問題以和平方式解決基調仍然不變，", "根據與會人士透露，席間的政治語言其實不多，王滬寧的論述以九二共識及大陸國家主席習近平的談話為基礎，例如重申並無美國軍方或智庫所說的「2027或2035年攻台時間表」，原則仍是在九二共識基礎下，推動兩岸和平統一的目標。習見馬就表示 兩岸追求和平統一至於和統路線不變，稍早於4月10日習近平會見前總統馬英九時，就已表示「兩岸同胞要堅定守護中華民族共同家園，共同追求和平統一的美好未來」。此外，國民黨立委翁曉玲盼多開放陸生來台。王滬寧對此議題頗感興趣，因他曾在上海復旦大學任教，支持兩岸青年交流，尤其是馬習會2次都強調兩岸年輕學子互相交流的重要性，兩岸年輕人能多來往、多交流，始能理解差異並不大。藍委們關注的重點不同，多驚嘆王滬寧未做筆記，卻都記得藍委們所提意見。原民立委盼兩岸的少數民族可以互相交流，大部分立委關注觀光交流及農產銷陸；從陸方後來宣布開放的項目來看，包括開放福建居民至馬祖旅遊、待平潭台灣的海上客運直航復航後，福建居民可赴台團隊旅遊，以及恢復台灣文旦柚輸陸等措施，藍委表示陸方確實釋出善意。陳揆：兩岸若春暖 就勿陰晴不定行政院長陳建仁29日表示樂見大陸開放，並認為這是好的開始，我方政府已準備好相關回應。但是福建海警也在29日於金門海域執行常態化巡查，並高調公布影片，宣傳大陸海警對金門海巡隊的驅趕喊話。陳建仁30日受訪時說，兩岸如果要「春暖花開，就不要陰晴不定」，應該要善盡區域一員的責任，使整個區域能夠穩定，不要對台進行各項騷擾活動，台灣去年8月就已經有全盤恢復兩岸旅遊的規畫，最近中國釋出小的善意，台灣樂觀其成，正等待對方釋出更大善意，讓兩岸有更好的觀光旅遊交流。", "別亂講喔  綠共芒果乾 還要靠你們賣--"], "post_comment": [{"comment_author": "opcomtt", "comment_date": ["05/01", "12:34"], "comment_content": "好好交流，別打壓台灣，我沒意見"}, {"comment_author": "soarling", "comment_date": ["05/01", "12:34"], "comment_content": "老曹：幹 給我去犧牲喔"}, {"comment_author": "cutesoda", "comment_date": ["05/01", "12:34"], "comment_content": "說沒人想打仗 軍機一直過來"}, {"comment_author": "Alphaz", "comment_date": ["05/01", "12:34"], "comment_content": "美國不同意"}, {"comment_author": "q347", "comment_date": ["05/01", "12:34"], "comment_content": "反攻大陸"}, {"comment_author": "perlone", "comment_date": ["05/01", "12:34"], "comment_content": "軍機不要越中線不要繞台 我就信好好交流"}, {"comment_author": "q347", "comment_date": ["05/01", "12:34"], "comment_content": "你去跟黑熊部隊說"}, {"comment_author": "u9005205", "comment_date": ["05/01", "12:35"], "comment_content": "要有一中各表的空間？2758號決議表示…"}, {"comment_author": "kevin186012", "comment_date": ["05/01", "12:35"], "comment_content": "中共說的話 反著看"}, {"comment_author": "bookseasy", "comment_date": ["05/01", "12:36"], "comment_content": "先停止軍機擾台，一直文攻武嚇，要騙"}, {"comment_author": "u9005205", "comment_date": ["05/01", "12:36"], "comment_content": "難怪中國國民黨和中國共產黨談判，每次"}, {"comment_author": "bookseasy", "comment_date": ["05/01", "12:36"], "comment_content": "誰"}, {"comment_author": "u9005205", "comment_date": ["05/01", "12:36"], "comment_content": "都輸到脫褲子…"}, {"comment_author": "u9005205", "comment_date": ["05/01", "12:37"], "comment_content": "一付只想當特首的樣子…"}, {"comment_author": "william826", "comment_date": ["05/01", "12:37"], "comment_content": "狗國閉嘴"}, {"comment_author": "godog", "comment_date": ["05/01", "12:37"], "comment_content": "問題是民進黨不想好好交流 卻又肖想別人"}, {"comment_author": "godog", "comment_date": ["05/01", "12:37"], "comment_content": "為它送死打仗"}, {"comment_author": "dlam002", "comment_date": ["05/01", "12:38"], "comment_content": "軍機飛來飛去就是支那的膳液"}, {"comment_author": "devilfruit", "comment_date": ["05/01", "12:39"], "comment_content": "對 中國想交流 都是民進黨一直挑釁"}, {"comment_author": "LoveMakeLove", "comment_date": ["05/01", "12:41"], "comment_content": " 台海無戰事"}, {"comment_author": "wps0315", "comment_date": ["05/01", "12:43"], "comment_content": "中共如果能信，國民黨現在還有一半的大陸"}, {"comment_author": "anper", "comment_date": ["05/01", "12:43"], "comment_content": "是你不敢打吧......"}, {"comment_author": "pyrolith", "comment_date": ["05/01", "12:45"], "comment_content": "相信近平"}, {"comment_author": "JGOBUYO", "comment_date": ["05/01", "12:46"], "comment_content": "好，然後繼續飛中線"}, {"comment_author": "asdf70044", "comment_date": ["05/01", "12:48"], "comment_content": "停止軍事騷擾"}, {"comment_author": "eemail", "comment_date": ["05/01", "12:49"], "comment_content": "藍委乍看之下有問問題 結果閃很大"}, {"comment_author": "webster1112", "comment_date": ["05/01", "12:52"], "comment_content": "   看來 是要開戰了  XDDDDDDDDDD"}, {"comment_author": "wayne62", "comment_date": ["05/01", "12:57"], "comment_content": "\"沒有人想打仗，大家就是好好的交流\""}, {"comment_author": "wayne62", "comment_date": ["05/01", "12:58"], "comment_content": "怎麼有黑道口吻，沒有人想打架，大家都"}, {"comment_author": "wayne62", "comment_date": ["05/01", "12:58"], "comment_content": "聽我說了算"}, {"comment_author": "losage", "comment_date": ["05/01", "13:04"], "comment_content": "美：給你$$，你給我打"}, {"comment_author": "selvester", "comment_date": ["05/01", "13:05"], "comment_content": "幹北七 去問你家習畜進平  不打仗怎麼"}, {"comment_author": "selvester", "comment_date": ["05/01", "13:05"], "comment_content": "經濟萎縮還在加軍費？ 心智不全是嗎？"}, {"comment_author": "SV650", "comment_date": ["05/01", "13:17"], "comment_content": "有藍委，好安心。"}, {"comment_author": "ironaxe", "comment_date": ["05/01", "13:21"], "comment_content": "每天被軍機威脅,回頭罵自己國家,真夠賤"}, {"comment_author": "samonella", "comment_date": ["05/01", "13:39"], "comment_content": "嘴念經手摸乳，連學術會議都要打壓。"}, {"comment_author": "steelheart3", "comment_date": ["05/01", "13:44"], "comment_content": "經濟受不了了要下跪了？"}, {"comment_author": "q1478584", "comment_date": ["05/01", "14:52"], "comment_content": "好的 懂了 飛彈準備好 做好做滿就對了"}, {"comment_author": "fybluemoon", "comment_date": ["05/01", "16:58"], "comment_content": "確實 要打的是阻止台灣回歸的美帝"}, {"comment_author": "fybluemoon", "comment_date": ["05/01", "17:00"], "comment_content": "養航母軍艦潛艦打台灣效益也太低"}]}
