{"author": "goldenhill (我的人權時代)", "category": "Gossiping", "title": "[新聞] 日美澳防長擬簽協議 加強合作 遏制中共", "date": "Fri May  3 11:17:18 2024", "content": ["1.媒體來源:新唐人亞太台2.記者署名:易靜3.完整新聞標題:日美澳防長擬簽協議 加強合作 遏制中共4.完整新聞內文:更新時間：2024-05-02 19:50:41(網址內含新聞影片)    【新唐人亞太台 2024 年 05 月 02 日訊】再來看到，有媒體透露，日本、美國和澳洲將於週四舉行三邊防長會議，到時三方將簽署協議，共同推動國防設備與技術的研發，來對抗中共日益加劇的威脅。    美國國防部高級官員週三（1日）向媒體透露，日本防衛大臣木原稔（Minoru Kihara）、美國國防部長奧斯汀（Lloyd Austin）和澳洲國防部長馬爾斯（Richard Marles），週四將前往夏威夷出席美軍印太司令部交接儀式，並於當天簽署一項合作協議。    協議涉及裝備標準化，以及研究、開發和測試的高級信息共享等。這位官員說，該協議將促進設備的互操作性，提高合作效率。    今年1月，日本同意與澳洲進行自主水下航行器的合作研究，同時與美國共同研析，可對抗中共和俄羅斯極音速武器的技術。    外界認為，該協議的達成將使目前在先進技術方面的合作由雙邊擴展到三邊，從而形成了更為強大的協作陣營，來抵禦中共的區域威脅。    美國官員還表示，美國正在重新評估日本自衛隊和駐日美軍間的指揮和控制架構，並希望儘早成立協同自衛隊的聯合作戰司令部，以加強地面、海上和空中力量一體化的作戰能力。    同一天，韓國與澳洲的國防部長及外交部長，在墨爾本舉行了2+2會談，商討了韓國加入旨在對抗中共威脅的美、英、澳三邊安全協議，即奧庫斯（AUKUS）協議第二支柱的可能性。    韓國對這一考慮表示歡迎。    韓國國防部長 申源湜：「韓國的國防、科學和技術能力，將為奧庫斯第二支柱發展，以及地區的和平與穩定作出貢獻。」    目前，日本也在考慮加入奧庫斯的第二支柱，參與更廣泛的安全技術合作。    新唐人電視台記者 易靜 綜合報導5.完整新聞連結 (或短網址)不可用YAHOO、LINE、MSN等轉載媒體:", "6.備註:--"], "post_comment": [{"comment_author": "firemothra", "comment_date": ["05/03", "11:19"], "comment_content": "台灣也要加入。讓維尼緊張一下"}, {"comment_author": "ryoma9527", "comment_date": ["05/03", "11:19"], "comment_content": "藍白粉不開心"}, {"comment_author": "firemothra", "comment_date": ["05/03", "11:20"], "comment_content": "希望賴賴極力推動台灣加入斯AUKUS協議"}, {"comment_author": "perlone", "comment_date": ["05/03", "11:22"], "comment_content": "八卦不喜歡這篇 美國人要逼台灣上戰場"}, {"comment_author": "wingdragon", "comment_date": ["05/03", "11:28"], "comment_content": "八卦支那賤畜又要不爽了"}, {"comment_author": "hostage911", "comment_date": ["05/03", "11:30"], "comment_content": "紅藍白粉：不要挑釁好嗎！"}, {"comment_author": "ianlin1216", "comment_date": ["05/03", "11:53"], "comment_content": "人家吃麵塔綠班網軍在喊燒"}, {"comment_author": "ianlin1216", "comment_date": ["05/03", "11:53"], "comment_content": "死炮灰還以為自己是個咖"}, {"comment_author": "tenka92417", "comment_date": ["05/03", "12:44"], "comment_content": "這個協議能幹嘛？"}, {"comment_author": "firemothra", "comment_date": ["05/03", "12:52"], "comment_content": "內文不就寫了。加強地面、海上和空中"}, {"comment_author": "firemothra", "comment_date": ["05/03", "12:52"], "comment_content": "力量一體化的作戰能力"}, {"comment_author": "starwish00", "comment_date": ["05/03", "13:10"], "comment_content": "小草前身是817怎會不開心"}, {"comment_author": "rooo2012", "comment_date": ["05/03", "17:12"], "comment_content": "簽一大堆協議沒什麼用 真正戰爭時盟友只"}, {"comment_author": "rooo2012", "comment_date": ["05/03", "17:12"], "comment_content": "能有限度幫忙"}]}
