{"author": "s1777001 (iPad溫開水)", "category": "Gossiping", "title": "[新聞] 裝備暴露小秘密 我特戰官兵赴美與綠扁", "date": "Thu May  2 09:24:24 2024", "content": ["裝備暴露小秘密 我特戰官兵赴美與綠扁帽部隊共同操演聯合報／ 記者程嘉文美國密西西比州國民兵昨天（台北時間4月30日）在官方IG網站發布一批照片，內容為密西西比國民兵所屬的特戰20總隊第2大隊（2nd Battalion, 20th Special Forces Group, 1st Special Forces Regiment）與多個夥伴國家的部隊，在謝爾比營（Camp Shelby）進行的一場城鎮戰攻擊操演，這項操演是「南方打擊2024-2」（SSTK）演習的重點科目。雖然美軍並未進一步說明，參加演習的友邦名稱，但從照片可以看出，包括中華民國陸軍的特戰指揮部人員。證據是這些官兵使用的耳機、頭盔、布章、迷彩服色調等，都與國軍特指部官兵的裝備形式相同，其使用的M249輕機槍護木縮短，下方並有前握把，這也是國軍特指部先前與軍備局205兵工廠合作，自行改裝的項目；另一張多人持槍前進的照片，依稀可從步槍護木看出，是省略提把的國造T91步槍，照片中可見到疑似教官的美軍，迷彩服色調與我方不同。我國陸軍333旅與542旅，去年各派一個營級單位赴美參加演訓。至於特戰部隊與美國陸軍特戰部隊（Special Forces，即俗稱的綠扁帽）的合作，程度遠比一般野戰部隊更為密切。特戰部隊之下有7個總隊，其中19、20總隊屬於國民兵，駐地分別在猶他州與阿拉巴馬州。由於美軍演訓場地廣闊，受限程度遠低於國內，同時也可學習許多新的裝備與戰術，包括肩射版刺針飛彈，在交貨之前，但國軍赴美受訓的官兵就已經練習過。", "----Sent from", "on my ASUS_AI2201_F--"], "post_comment": [{"comment_author": "q347", "comment_date": ["05/02", "09:26"], "comment_content": "可憐 不敢在台灣操演"}, {"comment_author": "johnhmj", "comment_date": ["05/02", "09:26"], "comment_content": "會不會說練完後過沒幾個月就退伍？"}, {"comment_author": "ebod221", "comment_date": ["05/02", "09:26"], "comment_content": "然後咧"}, {"comment_author": "headcase", "comment_date": ["05/02", "09:27"], "comment_content": "在美受訓都好好的 回台歸建就退伍了"}, {"comment_author": "sagarain", "comment_date": ["05/02", "09:28"], "comment_content": "一個營"}, {"comment_author": "pita30", "comment_date": ["05/02", "09:50"], "comment_content": "頭盔能防彈嗎"}, {"comment_author": "js52666", "comment_date": ["05/02", "09:53"], "comment_content": "跟大家講這個小秘密♥"}, {"comment_author": "AIRWAY1021", "comment_date": ["05/02", "10:39"], "comment_content": "不錯，知道裝提把會被笑"}, {"comment_author": "mko00kimo", "comment_date": ["05/02", "11:01"], "comment_content": "都說是秘密了 還報出來"}, {"comment_author": "js6661212", "comment_date": ["05/02", "12:20"], "comment_content": "回台灣又要拿掃把了"}]}
