{"author": "godshibainu (神柴)", "category": "Gossiping", "title": "[新聞] 廣東梅大高速公路雨後塌陷36死  通車不到", "date": "Thu May  2 15:05:53 2024", "content": ["中國五一長假首日，", "（S12）大埔往福建方向路面塌陷，最新傷亡已知造成36死30傷，專家分析", "綜合中國媒體今天報導，梅大高速事故路段完工還不滿10年，即禁不住廣東連日來豪大雨侵襲的考驗，上傳至X平台的畫面顯示，隨塌陷而翻覆的車輛起火燃燒，現場滿目瘡痍。", "從事結構和岩土的陳姓工程師質疑施工品質指出，事故路段處於山體邊坡的位置，道路下方路基採填方的方式處理，相鄰段採取簡要護坡，但看不到重力式擋土牆、土釘、錨桿、抗滑樁之類的支撐結構。另據中國交通部頒布最新版的「公路路基設計規範」，當中針對土石流路段路基的安全係數要求，高速公路正常工況係數為1.2至1.3，非正常工況I為1.1至1.2，也就是說非正常工況下，邊坡安全性降低。陳姓工程師表示：「非正常工況I，指的就是邊坡處於暴雨或連續降雨狀態下的工況。」尤其近期當地連續降雨，雨水沖刷帶走表面土體，並進入縫隙產生水壓力，推動滑坡體向下滑。他說，這次的", "，導致容易出現裂縫處，也就是填方區與原地貌之間不斷變形擴大，最終導致土石流產生。陳姓工程師還說，", "：「這樣的滑坡，前期一般都有很明顯的現象，可以對潛在的滑坡區域進行預判。一些衛星監測的手段也可以直接反饋到安全中心，進行預警，再決定是否對高速公路進行封閉。」報導說，公開資料顯示，梅大高速公路全長61.3公里，施工前的規畫設想以時速100公里的雙向4車道為準，總投資約人民幣56億3700萬元（下同，約新台幣253億元），施工期間曾多次發生冒頂、塌方與透水。這次事故發生路段正位於梅大高速二期及東延線，共計33.6公里，於2014年12月31日竣工通車，如此算來，完工還不到10年。", "，天眼查APP顯示，廣東大潮高速成立於2016年，註冊資本為3000萬，法定代表人為鄧斌。廣東大潮高速2022年新增多起訴訟案件，33.3%與大埔縣友宜砂石有限公司有關，涉及買賣合約糾紛，大潮公司在案件中均為被告。此外，這家營造商還牽涉多起施工合約、建設工程勘察合約和承攬合約等糾紛，往昔被曾被執行達7次，總金額1738萬6500元，7次的執行法院均為大埔縣人民法院。值得注意的是，", "據廣東梅州大埔縣委宣傳部指出，5月1日凌晨2時10分許，梅大高速往福建方向發生高速公路路面塌陷事故，至今晨5時30分，已知共23輛車陷落，36人死亡，30人受傷（無生命危險）。", "人禍＞＞＞＞＞天災：48死（最新數字）天災：18死（43大地震）--", "純以這次43大地震來講，不幸者似乎沒一位因人禍而往生", "樓倒因素有很多，屋齡、地點等需要研究，現在說的是除了救貓又返回外好像沒人因此死", "最扯的好像還是國營企業？我不知道中國省屬國企的真正意思"], "post_comment": [{"comment_author": "HodorDragon", "comment_date": ["05/02", "15:06"], "comment_content": "肌腱強國"}, {"comment_author": "cccvup", "comment_date": ["05/02", "15:06"], "comment_content": "你會被噓"}, {"comment_author": "Arnol", "comment_date": ["05/02", "15:06"], "comment_content": "一代一路"}, {"comment_author": "chu3", "comment_date": ["05/02", "15:07"], "comment_content": ""}, {"comment_author": "pokemon", "comment_date": ["05/02", "15:08"], "comment_content": "這麼大的國家 連路都做不好=="}, {"comment_author": "airflow", "comment_date": ["05/02", "15:08"], "comment_content": "三峽大壩什麼時候要滑坡?"}, {"comment_author": "facts", "comment_date": ["05/02", "15:08"], "comment_content": "想起國道三號發生走山事件 這算天災吧"}, {"comment_author": "IDL", "comment_date": ["05/02", "15:08"], "comment_content": "中国台湾高速連下雨都不用就會出事"}, {"comment_author": "vwpassat", "comment_date": ["05/02", "15:08"], "comment_content": "一代一哭唷！Aka 一袋一路。"}, {"comment_author": "HeavensFeel", "comment_date": ["05/02", "15:09"], "comment_content": "超多老人喜歡吹中國高速公路蓋多快又"}, {"comment_author": "HeavensFeel", "comment_date": ["05/02", "15:09"], "comment_content": "多快= ="}, {"comment_author": "O10lOl01O", "comment_date": ["05/02", "15:13"], "comment_content": "36死?樓下說說佔中國總人口幾%"}, {"comment_author": "cccvup", "comment_date": ["05/02", "15:14"], "comment_content": "哈哈果然粉絲來洗了"}, {"comment_author": "KEYSOLIDER", "comment_date": ["05/02", "15:15"], "comment_content": "環狀線也通車沒幾年就"}, {"comment_author": "zivtarget", "comment_date": ["05/02", "15:19"], "comment_content": "國民黨最愛的祖國"}, {"comment_author": "FarkU", "comment_date": ["05/02", "15:26"], "comment_content": "只有台灣可以有天災，其他國家一律都人禍"}, {"comment_author": "sunnyyoung", "comment_date": ["05/02", "15:31"], "comment_content": "真的扯 這高速公路應該只舖柏油而已"}, {"comment_author": "andy199113", "comment_date": ["05/02", "15:34"], "comment_content": "有官員貪污吧"}, {"comment_author": "xaxa0101", "comment_date": ["05/02", "15:34"], "comment_content": "居然超過35死！？"}, {"comment_author": "karta018", "comment_date": ["05/02", "15:45"], "comment_content": "四樓圖好笑XD"}, {"comment_author": "alpha008", "comment_date": ["05/02", "15:46"], "comment_content": "不垮一垮怎麼再蓋新的？"}, {"comment_author": "zonppp", "comment_date": ["05/02", "15:46"], "comment_content": "比台灣地震還要慘 厲害了我的國"}, {"comment_author": "leo32145", "comment_date": ["05/02", "15:50"], "comment_content": "台灣也一樣"}, {"comment_author": "Chen7", "comment_date": ["05/02", "15:58"], "comment_content": "工程師會成為地基的"}, {"comment_author": "ichol", "comment_date": ["05/02", "16:13"], "comment_content": "不可以貼這個新聞藍白會不高興"}, {"comment_author": "tue678", "comment_date": ["05/02", "16:13"], "comment_content": "台灣自己就有莫名走山  不用笑對岸"}, {"comment_author": "Griffey168", "comment_date": ["05/02", "16:19"], "comment_content": "這是假新聞吧？怎麼可能超過35人死亡"}, {"comment_author": "Griffey168", "comment_date": ["05/02", "16:19"], "comment_content": "？"}, {"comment_author": "deann", "comment_date": ["05/02", "16:22"], "comment_content": "原來天王星大樓倒塌不是人禍"}, {"comment_author": "d8751102", "comment_date": ["05/02", "16:25"], "comment_content": "暖"}, {"comment_author": "skyblack2000", "comment_date": ["05/02", "16:33"], "comment_content": "？這樣能蓋動車連到台灣嗎？吹喇叭"}, {"comment_author": "skyblack2000", "comment_date": ["05/02", "16:33"], "comment_content": "吹破皮了嗎"}, {"comment_author": "bluck2123", "comment_date": ["05/02", "16:37"], "comment_content": "藍白粉：能死在中國好幸福"}, {"comment_author": "dawson0130", "comment_date": ["05/02", "16:40"], "comment_content": "基建狂魔狂起來連命都不要"}, {"comment_author": "lostkimo", "comment_date": ["05/02", "16:47"], "comment_content": "現在官方公布死48人，30傷。難得誠實"}, {"comment_author": "yamhome", "comment_date": ["05/02", "17:10"], "comment_content": "那裡的地形平坦，可見工程品質堪慮"}, {"comment_author": "RisingTackle", "comment_date": ["05/02", "17:33"], "comment_content": "有任何道路工程可以撐住土石流嗎？"}, {"comment_author": "zzzzaaaa", "comment_date": ["05/02", "17:51"], "comment_content": "南橫蘇花表示：…"}, {"comment_author": "chiachen", "comment_date": ["05/02", "18:02"], "comment_content": "台灣其實很幸運是發生在放假前一天"}, {"comment_author": "mithuang", "comment_date": ["05/03", "00:40"], "comment_content": "建設錢都被貪走了吧~DPP又惹怒我了!!"}, {"comment_author": "takamiku", "comment_date": ["05/03", "00:48"], "comment_content": "死傷1：1 這一樣不科學"}, {"comment_author": "waynewayne56", "comment_date": ["05/04", "15:47"], "comment_content": "超過35 要開檢討會了"}]}
