{"author": "darkbrigher (暗行者)", "category": "Gossiping", "title": "[新聞] 塔利班掌權阿富汗遊客不減反增　「成長10", "date": "Tue Apr 30 15:36:22 2024", "content": ["備註請放最後面 違者新聞文章刪除1.媒體來源:", "TVBS2.記者署名:", "編輯 李靖棠 報導3.完整新聞標題:", "塔利班掌權阿富汗遊客不減反增　「成長10倍」陸客最大宗4.完整新聞內文:", "雖然塔利班（Taliban）重新奪取政權，並讓阿富汗回歸到一個諸多禁忌、百廢待舉的國家，但這群被歐美視為極端組織的群體，如今卻想最大化發展該國觀光旅遊產業。根據最新數據顯示，阿富汗的外國遊客人數逐年攀升，2021年阿富汗僅接待691名外國遊客，而當時間來到2023年，這個數字竟然增長超過10倍，阿富汗迎來超過7000名外國遊客造訪。引述美聯社報導，阿富汗旅遊局局長穆罕默德・薩伊德（Mohammad Saeed）表示，由於地理位置相近且人口眾多，中國目前已是阿富汗最大的外國遊客來源國。他在訪問時還語帶驕傲地強調，相較於鄰居巴基斯坦，來阿富汗旅遊「更安全」，「有不少遊客告訴我，他們不想去巴基斯坦，因為那裡很危險，經常遭到襲擊。這對我們來說是個好消息。」但是，政權更替後的阿富汗，想靠旅遊賺取外匯和發展這項產業，前方道路仍有非常多挑戰。其中，外籍遊客想申請簽證，過程非常複雜繁瑣，而且費用高昂，成為當前最大阻力之一。許多國家在塔利班重新掌權後，單方面與阿富汗斷絕外交關係，幾乎沒有國家承認、塔利班是目前阿富汗的合法統治政權，各國的阿富汗使領館全數暫停運作，這讓有意造訪阿富汗的旅客非常頭痛。希望讓阿富汗旅遊起死回生的薩伊德，還提到政府已開始研擬「落地簽證」的可能，但最快也得明年才有機會上線。為了迎接更多的外國遊客，阿富汗唯一的五星級喜來登（Serena）旅館，近日重新開放、專為外國女性服務的水療中心和美容沙龍，但想要使用設施的外國遊客，必須出示護照「驗證」後才能享受相關服務，而身份證件上註明「出生地為阿富汗」的女性，則依規定禁止進入。事實上，雖然塔利班積極想發展觀光旅遊，但他們對阿富汗女性和女孩的種種限制，卻令不少海外旅行社非常遲疑。旅行社老闆霍蘭（Shane Horan）表示，他會告訴客人、到訪阿富汗不等於認同任何特定政權，「目標是為當地經濟做出貢獻，促進相互尊重和理解，同時藉此認識阿富汗更多政治背景與歷史文化。」5.完整新聞連結 (或短網址)不可用YAHOO、LINE、MSN等轉載媒體:", "6.備註:", "--"], "post_comment": [{"comment_author": "q34355997", "comment_date": ["04/30", "15:37"], "comment_content": "又一個趕走美國就起飛的國家"}, {"comment_author": "scum5566", "comment_date": ["04/30", "15:37"], "comment_content": "然後一堆陸客去被宰羊 笑死"}, {"comment_author": "ErosAmour", "comment_date": ["04/30", "15:38"], "comment_content": "人家努力種樹、修水道，現在要修大佛"}, {"comment_author": "ErosAmour", "comment_date": ["04/30", "15:38"], "comment_content": "。但國際新聞還是會只關注他們禁止女"}, {"comment_author": "ErosAmour", "comment_date": ["04/30", "15:38"], "comment_content": "性上學的事，不然就是偶爾發生的邊境"}, {"comment_author": "ErosAmour", "comment_date": ["04/30", "15:38"], "comment_content": "衝突。"}, {"comment_author": "roywow", "comment_date": ["04/30", "15:38"], "comment_content": "趕走美國 直接起飛"}, {"comment_author": "kasim15", "comment_date": ["04/30", "15:38"], "comment_content": "覺青要酸葡萄了"}, {"comment_author": "palindromes", "comment_date": ["04/30", "15:39"], "comment_content": "快笑死 中國女生自己罵爆塔利班"}, {"comment_author": "egain", "comment_date": ["04/30", "15:39"], "comment_content": "一年7000人  起飛離地一公分嗎?"}, {"comment_author": "palindromes", "comment_date": ["04/30", "15:39"], "comment_content": "不過離開美國 毒品大幅減少就是了"}, {"comment_author": "leo1217000", "comment_date": ["04/30", "15:39"], "comment_content": "靠路克"}, {"comment_author": "mij", "comment_date": ["04/30", "15:39"], "comment_content": "說你是中國人就好啦"}, {"comment_author": "HJC6666", "comment_date": ["04/30", "15:40"], "comment_content": "把原本的都禁止後再重新開放 真開明"}, {"comment_author": "palindromes", "comment_date": ["04/30", "15:40"], "comment_content": "種樹 修大佛然後呢"}, {"comment_author": "mij", "comment_date": ["04/30", "15:40"], "comment_content": "他們的確亟需發展產業 觀光也是一種好嗎"}, {"comment_author": "hate56", "comment_date": ["04/30", "15:40"], "comment_content": "一年7000多人是有什麼好寫新聞的 無聊"}, {"comment_author": "palindromes", "comment_date": ["04/30", "15:40"], "comment_content": "把女生變文盲"}, {"comment_author": "ErosAmour", "comment_date": ["04/30", "15:41"], "comment_content": "一年多前的八卦是，美國有找他們去開"}, {"comment_author": "ErosAmour", "comment_date": ["04/30", "15:41"], "comment_content": "會，問能不能用之前被凍結的錢換回美"}, {"comment_author": "ErosAmour", "comment_date": ["04/30", "15:41"], "comment_content": "軍裝備給烏克蘭？他們說，那本來就是"}, {"comment_author": "mij", "comment_date": ["04/30", "15:41"], "comment_content": "不要觸犯禁忌 宗教 或是像白目小雞拍片都還"}, {"comment_author": "ErosAmour", "comment_date": ["04/30", "15:41"], "comment_content": "我們的錢，沒有交換一說。結果外媒謠"}, {"comment_author": "mij", "comment_date": ["04/30", "15:41"], "comment_content": "好吧"}, {"comment_author": "ErosAmour", "comment_date": ["04/30", "15:41"], "comment_content": "傳阿是看中俄的臉色拒絕給武器，科科"}, {"comment_author": "ErosAmour", "comment_date": ["04/30", "15:41"], "comment_content": "。"}, {"comment_author": "LoveMakeLove", "comment_date": ["04/30", "15:42"], "comment_content": "塔利班還會派持槍士兵保護遊客安全"}, {"comment_author": "wj115", "comment_date": ["04/30", "15:42"], "comment_content": "修大佛是多厲害 能跟剝奪女性受教抵銷喔"}, {"comment_author": "ballby", "comment_date": ["04/30", "15:42"], "comment_content": "英國，蘇聯，再來美國，阿富汗已經夠慘了"}, {"comment_author": "YLTYY", "comment_date": ["04/30", "15:43"], "comment_content": "回得去嗎"}, {"comment_author": "fransiceyho", "comment_date": ["04/30", "15:44"], "comment_content": "台灣YT也有人去，感覺蠻安全的"}, {"comment_author": "ballby", "comment_date": ["04/30", "15:45"], "comment_content": "對岸有個up主騎腳踏車穿越阿富汗影片"}, {"comment_author": "Loyeatta", "comment_date": ["04/30", "15:45"], "comment_content": "10倍也才7000人……讀完文章再推文很難"}, {"comment_author": "Nuey", "comment_date": ["04/30", "15:45"], "comment_content": "講的好像觀光客是去受教育的 觀光客是去玩的"}, {"comment_author": "Loyeatta", "comment_date": ["04/30", "15:45"], "comment_content": "嗎"}, {"comment_author": "sobiNOva", "comment_date": ["04/30", "15:46"], "comment_content": "因為還沒啥人敢去吧..之後再看看"}, {"comment_author": "Nuey", "comment_date": ["04/30", "15:46"], "comment_content": "就像中國的體制很 恩 但是為了風景有人會去"}, {"comment_author": "Nuey", "comment_date": ["04/30", "15:46"], "comment_content": "你要一昧抵制那是你家的事情 不用妨礙他人"}, {"comment_author": "tetani", "comment_date": ["04/30", "15:46"], "comment_content": "武裝塔利班全程當護衛 蠻好玩的"}, {"comment_author": "rommel1990", "comment_date": ["04/30", "15:47"], "comment_content": "十個支那人消費力還比不上一個歐美人"}, {"comment_author": "GABA", "comment_date": ["04/30", "15:47"], "comment_content": "女人去阿富汗飯店做SPA 腦迴路奇特"}, {"comment_author": "whiteflora6", "comment_date": ["04/30", "15:48"], "comment_content": "塔綠班表示："}, {"comment_author": "ayianayian", "comment_date": ["04/30", "15:48"], "comment_content": "主要是戰事結束吧"}, {"comment_author": "Killercat", "comment_date": ["04/30", "15:48"], "comment_content": "Serena是賽雷納啦 喜來登是Sheraton"}, {"comment_author": "Kt51000", "comment_date": ["04/30", "15:48"], "comment_content": "中國可憐啊，人民失業沒飯吃"}, {"comment_author": "tetani", "comment_date": ["04/30", "15:48"], "comment_content": "這樣外國女性在阿富汗會有獨特的優越感"}, {"comment_author": "Kt51000", "comment_date": ["04/30", "15:48"], "comment_content": "主子還要天天給外國爹上供"}, {"comment_author": "blackdragon", "comment_date": ["04/30", "15:50"], "comment_content": "美國扶持的最後直接飛出國"}, {"comment_author": "endlesskarma", "comment_date": ["04/30", "15:51"], "comment_content": "塔綠班中共一家親"}, {"comment_author": "allen0981", "comment_date": ["04/30", "15:52"], "comment_content": "看台灣YT去玩感覺很特別"}, {"comment_author": "pov", "comment_date": ["04/30", "15:54"], "comment_content": "糖衣毒藥"}, {"comment_author": "YOYOBOY", "comment_date": ["04/30", "15:54"], "comment_content": "反觀塔綠班統治的鬼島沒人要來玩"}, {"comment_author": "MarchelKaton", "comment_date": ["04/30", "15:54"], "comment_content": "廢話，以前就塔利班搞恐攻，現在換"}, {"comment_author": "MarchelKaton", "comment_date": ["04/30", "15:54"], "comment_content": "他們執政當然治安變好"}, {"comment_author": "YESGOTO", "comment_date": ["04/30", "15:56"], "comment_content": "塔利班喜迎陸客"}, {"comment_author": "hakuoro", "comment_date": ["04/30", "15:58"], "comment_content": "阿富汗有什麼景點？ 巴米揚大佛炸沒了啊"}, {"comment_author": "farmoos", "comment_date": ["04/30", "16:00"], "comment_content": ""}, {"comment_author": "farmoos", "comment_date": ["04/30", "16:00"], "comment_content": "山著作建國方略中一圖"}, {"comment_author": "farmoos", "comment_date": ["04/30", "16:00"], "comment_content": ""}, {"comment_author": "morichi", "comment_date": ["04/30", "16:01"], "comment_content": "塔利班真的比塔綠班有良心多了"}, {"comment_author": "riker729", "comment_date": ["04/30", "16:01"], "comment_content": "從700到7000，成長10倍 XD"}, {"comment_author": "cogitation", "comment_date": ["04/30", "16:04"], "comment_content": "你是不是忘記2021發生什麼事:)"}, {"comment_author": "cogitation", "comment_date": ["04/30", "16:07"], "comment_content": ""}, {"comment_author": "adamyang2000", "comment_date": ["04/30", "16:09"], "comment_content": "與老美打打殺殺多年 誰不想安居樂"}, {"comment_author": "adamyang2000", "comment_date": ["04/30", "16:09"], "comment_content": "業"}, {"comment_author": "cogitation", "comment_date": ["04/30", "16:11"], "comment_content": ""}, {"comment_author": "vwpassat", "comment_date": ["04/30", "16:13"], "comment_content": "阿富汗人：等著支那傻子來幫我買囊！"}, {"comment_author": "ladygaga168", "comment_date": ["04/30", "16:17"], "comment_content": "反觀"}, {"comment_author": "ckuser", "comment_date": ["04/30", "16:17"], "comment_content": "修大佛才能觀光啊"}, {"comment_author": "xiaoxiao", "comment_date": ["04/30", "16:23"], "comment_content": "畢竟是同一掛的"}, {"comment_author": "samm3320", "comment_date": ["04/30", "16:24"], "comment_content": "這不是八卦求偶焦慮男的理想鄉嗎"}, {"comment_author": "amury", "comment_date": ["04/30", "16:28"], "comment_content": "也好啦，至少相對安全穩定，頂多人權不彰"}, {"comment_author": "xsion", "comment_date": ["04/30", "16:32"], "comment_content": "修大佛算功績? 阿之前是誰炸掉的？"}, {"comment_author": "davxyz", "comment_date": ["04/30", "16:36"], "comment_content": "一\"年\"7K是在得意什麼?台灣一天都不只好嗎"}, {"comment_author": "davxyz", "comment_date": ["04/30", "16:36"], "comment_content": "也就八卦4%仔羨慕而已,他們心中的理想國"}, {"comment_author": "pttyu", "comment_date": ["04/30", "16:39"], "comment_content": "中國人不是被黨逼去的吧?"}, {"comment_author": "minami77", "comment_date": ["04/30", "16:48"], "comment_content": "中國 阿富汗 伊朗 北韓 俄羅斯邪惡聯盟"}, {"comment_author": "ultraccs", "comment_date": ["04/30", "17:19"], "comment_content": "7000人是在起飛什麼"}, {"comment_author": "max2604", "comment_date": ["04/30", "17:24"], "comment_content": "哇，滿滿五毛XD"}, {"comment_author": "chenchunjui", "comment_date": ["04/30", "18:12"], "comment_content": "喜來登不是叫Sheraton ？"}, {"comment_author": "negotiates", "comment_date": ["04/30", "18:32"], "comment_content": "能體驗RPG發射嗎"}, {"comment_author": "LiamTiger", "comment_date": ["04/30", "19:47"], "comment_content": "七千位也能吹爆"}, {"comment_author": "christopherl", "comment_date": ["04/30", "20:17"], "comment_content": "台灣有yt去玩，物價滿便宜的"}, {"comment_author": "christopherl", "comment_date": ["04/30", "20:17"], "comment_content": ""}, {"comment_author": "christopherl", "comment_date": ["04/30", "20:17"], "comment_content": "不過大佛被炸真就沒什麼好看的景點"}, {"comment_author": "newf91G", "comment_date": ["04/30", "21:39"], "comment_content": "阿富汗女性：一樓真謝謝你欸，希望你下"}, {"comment_author": "newf91G", "comment_date": ["04/30", "21:39"], "comment_content": "輩子當女的生在阿富汗"}, {"comment_author": "kilhi", "comment_date": ["04/30", "21:57"], "comment_content": "男生限定"}, {"comment_author": "yayakaka", "comment_date": ["04/30", "22:23"], "comment_content": "不只巴米揚 還有赫拉特 坎大哈這些景點"}]}
