{"author": "BBQ2591 (我叫愛秋)", "category": "Gossiping", "title": "[新聞] 稱「年輕人該為國犧牲」被轟爆　謝寒冰嗆曹興誠狼心狗肺：", "date": "Wed May  1 22:16:57 2024", "content": ["1.媒體來源: 2024/05/01 中天新聞網2.記者署名: 記者林保宏／綜合報導3.完整新聞標題:稱「年輕人該為國犧牲」被轟爆　謝寒冰嗆曹興誠狼心狗肺：老了就不用？4.完整新聞內文:聯電創辦人曹興誠先前出席一場活動時，有民眾質疑戰爭相關議題，不料卻遭曹反嗆，「年輕人就該為國家犧牲」，相關影片一出遭網友轟爆。對此，資深媒體人謝寒冰痛批曹「狼心狗肺」，並反嗆，「年紀大就不用去？」曹興誠在今年1月11日出席「2024全球華文自媒體台灣大選觀選團」活動時，遭一位媽媽堵問，「你們獨立的話，小孩子要上戰場嗎？要讓我們年輕人上戰場嗎？」曹興誠脫口，「年輕人該為國家犧牲的時候，就應該犧牲！」該名媽媽續問，「你希望我們年輕人上戰場嗎？為什麼不能保持現狀呢？我只是關心我的孩子而已，我不希望他們上戰場打仗」。曹興誠直接扣帽子，「你小孩想帶回中國去嗎？」媽媽質疑，「為什麼說回中國？我在這邊安居樂業不好嗎？」曹興誠回答不下去掉頭快閃。相關影片上了影音平台YouTube，目前有破百萬人瀏覽，網友們幾乎大罵曹興誠，「別人的兒子，死不完」、「講這種話真的沒血沒淚」、「所有戰爭叫囂都是來自那些不上戰場的人」。謝寒冰昨（30）日上政論節目《國民大會》，談到曹興誠在1月份所說的這段內容，直言對方根本就是「站著說話不腰疼」，倘若真的有一天台灣不幸發生戰爭，曹興誠勢必有不少避戰管道，所以他不會留下來，怎麼可能和大家生死與共？謝寒冰續指，曹興誠這番「年輕人就該犧牲」說法，讓他忍不住質疑，你曹興誠怎麼不自己去保家衛國？「難道你老了就不必嗎？」謝寒冰更砲轟，就是會有些人存有這種心態，以俄烏戰爭為例，至今已有不少烏克蘭年輕人陣亡，請問你曹興誠沒看到嗎？這樣還要台灣年輕人上戰場嗎？像他這樣的人，根本是狼心狗肺！5.完整新聞連結 (或短網址)不可用YAHOO、LINE、MSN等轉載媒體:", "--"], "post_comment": [{"comment_author": "ILoveKMT", "comment_date": ["05/01", "22:17"], "comment_content": "台灣人又沒義務替台獨法西斯上戰場"}, {"comment_author": "now99", "comment_date": ["05/01", "22:17"], "comment_content": "一年兵就該上前線抗戰"}, {"comment_author": "dan310546", "comment_date": ["05/01", "22:19"], "comment_content": "不罵侵略者 罵愛國者 幫誰帶路？"}, {"comment_author": "mi99911", "comment_date": ["05/01", "22:19"], "comment_content": "笑死 覺青都免役了"}, {"comment_author": "u9596g12", "comment_date": ["05/01", "22:20"], "comment_content": "你還真別說 不用上戰場的老害嗆最兇"}, {"comment_author": "ab4daa", "comment_date": ["05/01", "22:20"], "comment_content": "我ok 曹興誠先上"}, {"comment_author": "DogBe106", "comment_date": ["05/01", "22:21"], "comment_content": "跟40%一樣整天叫別人去送死"}, {"comment_author": "xdbx", "comment_date": ["05/01", "22:21"], "comment_content": "真的戰爭這種有錢人跑最快阿  他又不是阿呆"}, {"comment_author": "vincent59", "comment_date": ["05/01", "22:23"], "comment_content": "他愛國？"}, {"comment_author": "ra9999", "comment_date": ["05/01", "22:23"], "comment_content": "年輕人不上戰場，難道老人打得贏逆？"}, {"comment_author": "XDDXDD", "comment_date": ["05/01", "22:24"], "comment_content": "自己就是會最先買機票烙跑的那個族群QQ"}, {"comment_author": "Yefim618", "comment_date": ["05/01", "22:24"], "comment_content": "說個笑話：曹興誠是個舔共失敗的愛國者"}, {"comment_author": "XDDXDD", "comment_date": ["05/01", "22:25"], "comment_content": "別人家的小孩.... 自己接下一句 懶得講惹Q"}, {"comment_author": "babuarea", "comment_date": ["05/01", "22:25"], "comment_content": "維持和平的代價是台灣自然死多少人"}, {"comment_author": "babuarea", "comment_date": ["05/01", "22:26"], "comment_content": "為了台灣自己早點上戰場早死早投胎"}, {"comment_author": "jimlexus", "comment_date": ["05/01", "22:31"], "comment_content": "垃圾，別人的小孩死不光......"}, {"comment_author": "asgardgogo", "comment_date": ["05/01", "22:31"], "comment_content": "這種不用上的雜碎叫最大聲"}, {"comment_author": "AntiEntropy", "comment_date": ["05/01", "22:32"], "comment_content": "憑什麼我要當兵保衛這些垃圾老人"}, {"comment_author": "LoveMakeLove", "comment_date": ["05/01", "22:34"], "comment_content": "塊陶啊！！"}, {"comment_author": "v9300087", "comment_date": ["05/01", "22:36"], "comment_content": "40%裡不知道有多少躲兵役的 閃尿 裝病"}, {"comment_author": "scum5566", "comment_date": ["05/01", "22:37"], "comment_content": "謝寒冰有資格嘴別人???"}, {"comment_author": "hgt", "comment_date": ["05/01", "22:38"], "comment_content": "年輕人不上戰場??  不然是要去投降嗎?????"}, {"comment_author": "hgt", "comment_date": ["05/01", "22:38"], "comment_content": "有本事現在就過去投降阿!!!!   操!!!"}, {"comment_author": "zzro", "comment_date": ["05/01", "22:42"], "comment_content": "曹興誠怎麼沒回他 不然你沒投蔡英文!?"}, {"comment_author": "ilove640", "comment_date": ["05/01", "22:43"], "comment_content": "你看他說話就知道 反射動作了 如果他真"}, {"comment_author": "luche", "comment_date": ["05/01", "22:43"], "comment_content": "謝好像也沒有很年輕=.="}, {"comment_author": "z0", "comment_date": ["05/01", "22:43"], "comment_content": "不上戰場的垃圾支持戰爭阿 懷疑阿"}, {"comment_author": "ilove640", "comment_date": ["05/01", "22:43"], "comment_content": "有心愛國 會說我只能保證我會比你孩子先"}, {"comment_author": "talrasha", "comment_date": ["05/01", "22:43"], "comment_content": "烏克蘭都是有錢人有管道先跑了"}, {"comment_author": "GGD", "comment_date": ["05/01", "22:43"], "comment_content": "曹董嘴一下而已 反正也不會打 房價繼續噴"}, {"comment_author": "ilove640", "comment_date": ["05/01", "22:43"], "comment_content": "戰死 而不是你為什麼不上"}, {"comment_author": "ilove640", "comment_date": ["05/01", "22:44"], "comment_content": "等著逃的才會講這種話"}, {"comment_author": "vaiking0120", "comment_date": ["05/01", "22:45"], "comment_content": "全世界面對威脅的國家 就台灣兵役最"}, {"comment_author": "vaiking0120", "comment_date": ["05/01", "22:45"], "comment_content": "鬆"}, {"comment_author": "talrasha", "comment_date": ["05/01", "22:46"], "comment_content": ""}, {"comment_author": "mxr", "comment_date": ["05/01", "22:49"], "comment_content": "40%每個都是這種心態XD"}, {"comment_author": "ronga", "comment_date": ["05/01", "22:51"], "comment_content": "年輕人為國家犧牲有啥問題，但能避免就避免"}, {"comment_author": "lewischung", "comment_date": ["05/01", "22:52"], "comment_content": "老曹有打高端新冠疫苗再出來吠，不然"}, {"comment_author": "lewischung", "comment_date": ["05/01", "22:52"], "comment_content": "就跟蔡丁貴是個死道友不死貧道的傢伙"}, {"comment_author": "lewischung", "comment_date": ["05/01", "22:52"], "comment_content": "一樣"}, {"comment_author": "xpolice", "comment_date": ["05/01", "22:58"], "comment_content": "跪舔就一定能活嗎？"}, {"comment_author": "andy2011", "comment_date": ["05/01", "23:05"], "comment_content": "年輕人有欠老人嗎？只聽過欠債該還錢"}, {"comment_author": "k47100014", "comment_date": ["05/01", "23:06"], "comment_content": "40%打高端的不到5%，別指望他們上戰場"}, {"comment_author": "houting", "comment_date": ["05/01", "23:09"], "comment_content": "垃圾媒體用垃圾標題餵給垃圾吃真是很剛好"}, {"comment_author": "soppyui", "comment_date": ["05/01", "23:12"], "comment_content": "你為誰而戰~你為何而戰!!"}, {"comment_author": "soppyui", "comment_date": ["05/01", "23:12"], "comment_content": ""}, {"comment_author": "DelonteWest", "comment_date": ["05/01", "23:24"], "comment_content": "不是要成立神射手 黑熊部隊? 在哪?"}, {"comment_author": "nowitzki0207", "comment_date": ["05/01", "23:57"], "comment_content": "難道打來中華民國派的就不用上嗎"}, {"comment_author": "monkeydog119", "comment_date": ["05/02", "00:35"], "comment_content": "在戰爭中，政客提供彈藥，富人提供"}, {"comment_author": "monkeydog119", "comment_date": ["05/02", "00:35"], "comment_content": "食物，窮人提供孩子。"}, {"comment_author": "monkeydog119", "comment_date": ["05/02", "00:35"], "comment_content": "戰爭結束後，政客們取回剩餘的彈藥"}, {"comment_author": "monkeydog119", "comment_date": ["05/02", "00:35"], "comment_content": "，富人種更多的糧食，窮人尋找孩子"}, {"comment_author": "monkeydog119", "comment_date": ["05/02", "00:35"], "comment_content": "的墳墓。"}, {"comment_author": "tddt", "comment_date": ["05/02", "01:54"], "comment_content": "老曹，你也可以上戰場啊，死了我會幫你拍照"}, {"comment_author": "tddt", "comment_date": ["05/02", "01:54"], "comment_content": "上社群媒體的，為國家死不錯吧"}, {"comment_author": "abandsdx", "comment_date": ["05/02", "02:48"], "comment_content": "可以去問捲毛"}, {"comment_author": "kevinlie", "comment_date": ["05/02", "08:54"], "comment_content": "老曹的30億捐了沒啊 就是有這種牆頭草"}, {"comment_author": "kevinlie", "comment_date": ["05/02", "08:54"], "comment_content": "聯電才會從晶圓雙雄變成沒人要的二線廠"}, {"comment_author": "zerowingtw", "comment_date": ["05/02", "15:15"], "comment_content": "死別人不死自己就是無恥賤畜"}]}
