{"author": "longman12579 (longman125779)", "category": "Gossiping", "title": "[新聞] 那「一通電話」白打了？台積電恐放棄在", "date": "Thu May  2 14:54:42 2024", "content": ["備註請放最後面 違者新聞文章刪除1.媒體來源:自由時報2.記者署名:洪友芳3.完整新聞標題:那「一通電話」白打了？台積電恐放棄在銅鑼建先進封裝廠4.完整新聞內文:〔記者洪友芳／新竹報導〕晶圓代工廠力積電（6770）今（2）日上午將舉行竹科銅鑼園區12吋廠落成典禮，台積電原預計斥資9百億元在銅鑼園區興建先進封裝廠，目前仍無動靜，業界傳出台積電已赴嘉義投資先進封裝廠，可能放棄在銅鑼園區建先進封裝廠了。力積電於2021年開始承租銅鑼園區的用地建晶圓廠，建廠用地對面的用地約7公頃多，由力積電承租用地，當工地停車場、工務所等用途。去年年中，AI需求大爆發，先進封裝CoWoS短缺嚴重，台積電急尋用地擴增產能，經政府跨部會協商後，得知銅鑼園區還剩力積電承租的那塊地，台積電總裁魏晢家親自致電給力積電董事長黃崇仁，黃崇仁考量租地短期無建廠需求，加上想回報張忠謀在危機時幫過他，黃崇仁立即同意將用地讓給台積電建廠，「一通電話」成全台積電投資設廠在業界一時蔚為美談。台積電於去年7月下旬宣布斥資900億元在銅鑼園區興建先進封裝廠，以滿足AI對CoWoS先進封裝的迫切需求，原規劃去年整地，今年下半年動工，2026年建廠完成，2027年第三季量產。不過，力積電銅鑼廠已完工並開始投產，台積電在銅鑼建廠仍無動靜。據了解，力積電那塊地目前仍由該公司承租，租期到明年三月，力積電可能會討論是否續租。竹科管理局則表示，台積電還沒有表明要放棄那用地，暫時仍保留，如果租期屆滿，有其他公司想要承租那塊地，將會考量由其他公司承租。半導體供應鏈則指出，台積電擴產主是先進封裝，非測試廠，先進封裝廠牽涉到水電需求、空汙總量排放等，因銅鑼園區條件限制較多、用地面積有限，台積電已往嘉義投資要建二座先進封裝廠，短期應該沒有急迫要在銅鑼園區建先進封裝廠了。5.完整新聞連結 (或短網址)不可用YAHOO、LINE、MSN等轉載媒體:", "6.備註:各位說台積高雄廠只是演戲罷了，結果新聞出來說銅鑼才是可能確定不蓋了，看來小草說的台積官方法說自己宣布銅鑼設廠才是不確定的，現在銅鑼勇士套牢了，看來台積為了政治正確跑去執政黨執政縣市設廠，不看重在野黨的縣市--"], "post_comment": [{"comment_author": "s820912gmail", "comment_date": ["05/02", "14:55"], "comment_content": "銅鑼是什麼鬼地方"}, {"comment_author": "a27588679", "comment_date": ["05/02", "14:55"], "comment_content": "銅鑼灣扛霸子扛不住了"}, {"comment_author": "bairn", "comment_date": ["05/02", "14:55"], "comment_content": "沒關係還有假G"}, {"comment_author": "a5687920", "comment_date": ["05/02", "14:55"], "comment_content": "銅鑼灣吧"}, {"comment_author": "v7q4", "comment_date": ["05/02", "14:55"], "comment_content": "銅鑼燒產地"}, {"comment_author": "jk182325", "comment_date": ["05/02", "14:55"], "comment_content": "炒房又失敗"}, {"comment_author": "paladin499", "comment_date": ["05/02", "14:56"], "comment_content": "高雄搶著要 不怕不怕"}, {"comment_author": "vwpassat", "comment_date": ["05/02", "14:56"], "comment_content": "專做 銅鑼燒 的地方吧！"}, {"comment_author": "ams9", "comment_date": ["05/02", "14:56"], "comment_content": "\"黃崇仁考量租地短期無建廠需求 加上想回報\""}, {"comment_author": "widec", "comment_date": ["05/02", "14:56"], "comment_content": "安啦 搞不好過陣子變嘉義被套牢"}, {"comment_author": "hosen", "comment_date": ["05/02", "14:57"], "comment_content": "就沒水沒電，是要建個屁"}, {"comment_author": "ebeta", "comment_date": ["05/02", "14:57"], "comment_content": "銅鑼預售一坪炒到36萬，買的要套死了"}, {"comment_author": "STi2011", "comment_date": ["05/02", "14:57"], "comment_content": "夏天囉  等冬天再說 嘿嘿"}, {"comment_author": "devidevi", "comment_date": ["05/02", "14:58"], "comment_content": "所有新聞都不是台積電自己發的"}, {"comment_author": "gameforyou", "comment_date": ["05/02", "15:01"], "comment_content": "現在想賣土地就要拉台積嗎？"}, {"comment_author": "ThreekRoger", "comment_date": ["05/02", "15:05"], "comment_content": "不是高雄沒人在意啦"}, {"comment_author": "Taiwanwolf", "comment_date": ["05/02", "15:07"], "comment_content": "一袋米扛幾樓 一銅鑼房扛幾年？"}, {"comment_author": "ebv", "comment_date": ["05/02", "15:10"], "comment_content": "套牢的爽死了"}, {"comment_author": "citywanderer", "comment_date": ["05/02", "15:14"], "comment_content": "說不定最後嘉義也說不蓋了 反正陳"}, {"comment_author": "citywanderer", "comment_date": ["05/02", "15:14"], "comment_content": "明文解套了 台gg蓋不蓋 沒差"}, {"comment_author": "citywanderer", "comment_date": ["05/02", "15:19"], "comment_content": "嘉義那個 感覺gg也是被逼的 水都用"}, {"comment_author": "gilbertchen8", "comment_date": ["05/02", "15:19"], "comment_content": "銅鑼炒房客哭倒在廁所了"}, {"comment_author": "citywanderer", "comment_date": ["05/02", "15:19"], "comment_content": "要雲林的 真動工蓋才算數啦"}, {"comment_author": "Dirgo", "comment_date": ["05/02", "15:21"], "comment_content": "GG幹嘛跟人搶封裝??"}, {"comment_author": "atari77", "comment_date": ["05/02", "15:25"], "comment_content": "房價有炒高GDP有灌到就好 誰跟你真的開"}, {"comment_author": "nakayamayyt", "comment_date": ["05/02", "15:25"], "comment_content": "分散蓋正常 環評比較好通過"}, {"comment_author": "small91051", "comment_date": ["05/02", "15:28"], "comment_content": "炒房公司 我X"}, {"comment_author": "superbeast", "comment_date": ["05/02", "15:30"], "comment_content": "恐恐恐，每次看到新聞寫恐都覺得在造"}, {"comment_author": "superbeast", "comment_date": ["05/02", "15:30"], "comment_content": "謠"}, {"comment_author": "we147121", "comment_date": ["05/02", "15:31"], "comment_content": "自己宣布還可以轉彎喔？台積可以再墮落"}, {"comment_author": "we147121", "comment_date": ["05/02", "15:31"], "comment_content": "一點"}, {"comment_author": "darkholy", "comment_date": ["05/02", "15:37"], "comment_content": "全台灣的縣市都來宣布GG要來設廠，台灣"}, {"comment_author": "darkholy", "comment_date": ["05/02", "15:37"], "comment_content": "要炒房炒到世界首富了"}, {"comment_author": "deann", "comment_date": ["05/02", "15:55"], "comment_content": "銅鑼燒有力積電阿 相信黃董 年底就懂"}, {"comment_author": "sunday123", "comment_date": ["05/02", "15:55"], "comment_content": "跟著政府走才是對的"}, {"comment_author": "sunday123", "comment_date": ["05/02", "15:56"], "comment_content": "南部要出頭天了！"}, {"comment_author": "chungj", "comment_date": ["05/02", "16:06"], "comment_content": "龍潭2.0"}, {"comment_author": "film12", "comment_date": ["05/02", "16:53"], "comment_content": "來桃園吧！地主現在已經悔不當初了！"}, {"comment_author": "InfocusM510", "comment_date": ["05/02", "17:13"], "comment_content": "笑死 炒房仔故作鎮定"}, {"comment_author": "awss1971", "comment_date": ["05/02", "17:47"], "comment_content": "銅鑼燒好吃~~~"}, {"comment_author": "Tomatowei", "comment_date": ["05/02", "18:24"], "comment_content": "綠圾：沒關係 房價先炒起來 要不要設"}, {"comment_author": "Tomatowei", "comment_date": ["05/02", "18:24"], "comment_content": "廠不重要"}]}
