{"author": "harper4690 ()", "category": "Gossiping", "title": "[新聞] 沙國女健身教練「穿運動服」挺女權 遭控", "date": "Thu May  2 21:05:03 2024", "content": ["1.媒體來源:TVBS2.記者署名:編輯 丘力龍 報導3.完整新聞標題:沙國女健身教練「穿運動服」挺女權 遭控恐怖主義關11年4.完整新聞內文:沙烏地阿拉伯身為中東國家中女權最低落者，近年對婦女權利進行不少改革，但政府仍持續壓制婦女權利解放。當地29歲女子瑪娜赫爾（Manahel al-Otaibi），因「未穿得體服裝」且「支持女權運動」，被指控恐怖主義，秘密判處11年監禁。《衛報》報導，娜赫爾是擁有執照的健身教練和藝術家，同時熱愛瑜伽和旅行，經常在社群媒體上宣揚女性賦權（female empowerment）。2022年11月，她在社媒上使用主題標籤「#社會準備好了」（", "eady），呼籲廢除「男性監護權」制度，遭檢舉後被逮捕，同時也被指控「未穿得體服裝」。所謂「男性監護權」，意指沙國女性在做決定前，需得到特定男性的同意，通常是丈夫、父親、兄弟、甚至是兒子。沙國官員在給聯合國人權事務高級專員的聲明中證實，娜赫爾今年1月9日被依違反「反恐法」判處11年監禁，該法將使用網站「廣播或發布新聞、聲明、虛假或惡意謠言」定為犯罪行為。國際特赦組織和人權組織ALQST呼籲沙國當局，立即無條件釋放娜赫爾，並表示她的監禁「直接違背沙國的婦權改革和婦女賦權的說法」。人權組織還指控，娜赫爾曾受到沙國當局嚴重虐待和單獨監禁，但沙國當局否認指控。沙特王儲、同時也是實質領導人的沙爾曼（Salman bin Abdulaziz）王子2017年掌權後，推動沙國現代化，他的提出的「2030遠景」施政計劃中，賦予女性新權利就是一部分，現已開放女性開車、從軍（非戰鬥角色）、自行出國旅行等。5.完整新聞連結:", "--"], "post_comment": [{"comment_author": "Roooz", "comment_date": ["05/02", "21:05"], "comment_content": "好正ㄛ"}, {"comment_author": "ianlin1216", "comment_date": ["05/02", "21:05"], "comment_content": "美國的好盟友"}, {"comment_author": "kaidouya", "comment_date": ["05/02", "21:05"], "comment_content": "人家真女權 反觀台灣的..."}, {"comment_author": "ianlin1216", "comment_date": ["05/02", "21:06"], "comment_content": "叫拜登過去民主外送啊"}, {"comment_author": "akanishiking", "comment_date": ["05/02", "21:08"], "comment_content": "沒被石頭砸死算不錯了"}, {"comment_author": "victoryman", "comment_date": ["05/02", "21:09"], "comment_content": "這樣是恐攻喔 @@"}, {"comment_author": "losel", "comment_date": ["05/02", "21:10"], "comment_content": "應該是這條吧 呼籲廢除「男性監護權」制度"}, {"comment_author": "RLAPH", "comment_date": ["05/02", "21:10"], "comment_content": "幹這個好正喔"}, {"comment_author": "u9596g12", "comment_date": ["05/02", "21:11"], "comment_content": "所以你知道為啥SJW不敢在沙烏哭哭了吧"}, {"comment_author": "losel", "comment_date": ["05/02", "21:13"], "comment_content": "請人權團體抗議, 禁止政府進口沙國石油"}, {"comment_author": "luciffar", "comment_date": ["05/02", "21:13"], "comment_content": "阿拉伯都帥哥美女又有錢"}, {"comment_author": "physicsdk", "comment_date": ["05/02", "21:16"], "comment_content": "這麼強大的基因只能包緊緊 暴殄天物"}, {"comment_author": "physicsdk", "comment_date": ["05/02", "21:16"], "comment_content": "阿拉伯男罪無可赦"}, {"comment_author": "cwjchris", "comment_date": ["05/02", "21:18"], "comment_content": "分屍記者"}, {"comment_author": "leecoco", "comment_date": ["05/02", "21:23"], "comment_content": "伊斯蘭國家都是落後"}, {"comment_author": "dafeichai", "comment_date": ["05/02", "21:29"], "comment_content": "先進國家"}, {"comment_author": "riptheworld", "comment_date": ["05/02", "21:37"], "comment_content": "左派最愛的伊斯蘭天國"}, {"comment_author": "newstyle", "comment_date": ["05/02", "21:44"], "comment_content": "如果支持墮胎權的的確跟恐怖主義沒兩樣"}, {"comment_author": "semind", "comment_date": ["05/02", "22:10"], "comment_content": "女人只能被控制、被強姦、綁鐵鍊、生小孩"}, {"comment_author": "dsce", "comment_date": ["05/02", "22:10"], "comment_content": "支持巴勒斯坦的國家….正義的以色列就是在"}, {"comment_author": "dsce", "comment_date": ["05/02", "22:11"], "comment_content": "對付這種邪惡主義"}, {"comment_author": "semind", "comment_date": ["05/02", "22:11"], "comment_content": "給女人穿運動服、墮胎、工作權幹嘛？很難"}, {"comment_author": "semind", "comment_date": ["05/02", "22:11"], "comment_content": "控制好不好"}, {"comment_author": "stu25936", "comment_date": ["05/02", "22:44"], "comment_content": "左膠根本不敢去酋長國吵啦"}, {"comment_author": "AMDMARSHAL", "comment_date": ["05/02", "22:51"], "comment_content": "廢物范雲勒 怎不去跟阿拉伯國家吠叫"}, {"comment_author": "emissary", "comment_date": ["05/02", "22:52"], "comment_content": "支持以色列爺爺消滅阿拉花瓜仔"}, {"comment_author": "christopherl", "comment_date": ["05/02", "22:57"], "comment_content": "反觀台女指責女生穿太少應該包頭巾"}, {"comment_author": "H23324216", "comment_date": ["05/02", "23:19"], "comment_content": "以色列加油，滅掉全中東那些獨裁國家"}, {"comment_author": "mmx3259", "comment_date": ["05/02", "23:57"], "comment_content": "伊朗女生才正 不服 來戰 =="}, {"comment_author": "physicsdk", "comment_date": ["05/03", "00:30"], "comment_content": "伊朗輪廓超深 男女都很好看"}, {"comment_author": "physicsdk", "comment_date": ["05/03", "00:31"], "comment_content": "支持種族屠殺的推文真的祝你們遭報應"}, {"comment_author": "chunfo", "comment_date": ["05/03", "00:37"], "comment_content": "美國盟友 勿嘴"}, {"comment_author": "noomlluf72", "comment_date": ["05/03", "01:03"], "comment_content": "好扯喔...很爛的觀念...穿運動服對台"}, {"comment_author": "noomlluf72", "comment_date": ["05/03", "01:03"], "comment_content": "灣來說根本沒什麼，大眾運輸就一堆了"}, {"comment_author": "noomlluf72", "comment_date": ["05/03", "01:04"], "comment_content": "，自己下班也會換健身的衣服去WG練，"}, {"comment_author": "noomlluf72", "comment_date": ["05/03", "01:04"], "comment_content": "這樣要被關11年..."}]}
