{"author": "monnom (桂)", "category": "Gossiping", "title": "[新聞] 恐佈孕保母！與男友祭虐兒十酷刑 熱水燙", "date": "Thu May  2 00:04:00 2024", "content": ["1.媒體來源:自由時報2.記者署名:顏宏駿／彰化報導3.完整新聞標題:恐佈孕保母！與男友祭虐兒十酷刑 熱水燙腳、夾生殖器4.完整新聞內文:彰化縣無照邱姓保母用臉書用低價招攬生意，每月每人才收5000元，但她與黃姓同居男友卻對幼兒祭出「十大酷刑」，包括用夾子夾兒童的生殖器，又用滾燙的熱水澆淋幼兒的腳部，還拿膠帶綑綁幼童，任由幼童之間互咬，2人都推稱「孩子弄倒熱湯」、「騎機車太猛才夾到小雞雞」，但案件進入法院審理後，保母坦承部分犯行，被判犯了3罪，應執行1年11月，黃姓男友則矢口否認犯行，被判2年6月。邱女和黃男並未受過保母人員專業訓練取得保母人員技術士證，而邱女自己即將生產已無力再托育幼兒，卻於2021年在臉書保母社團以暱稱「邱珊珊」之名貼文，以低價招攬照顧幼兒，每人每名才5千元，還強調她是「救救甘苦人的佛心價」，也因此吸引多名家長將孩子托育，最多曾一次帶5、6名幼兒。起初只有1、2名幼兒出現傷痕，邱女原本有意和解，但因為受害的幼兒越來越多，和解不成，才有家長出面踼爆，邱、黃兩人虐待幼兒。其中一名未滿4歲男童被父母接回時發現男童的雙腳足背疑被高熱液體燙傷，陰莖也有開放性傷口、左側大腿挫傷、雙側足部二度燙傷傷害，即帶到醫院驗傷，家長懷疑男童生殖器是遭夾傷，男童痛到不敢洗溫水澡。一名4歲女童雙手被以膠帶捆綁到雙手腕部紅腫；另一名2歲男童則是從嬰兒床爬出，摔落地板，傷至後腦杓，甚至還被其他幼兒咬傷，到醫院驗傷發現頭部併四肢多處擦挫傷。另一名2歲男童則因被載外出時不聽話被打，家長幫男童洗澡時才發現背部有大片瘀傷。但邱、黃兩人矢口否認傷害等犯行，辯稱孩子是在和其他孩子玩時弄傷的，又稱4歲男童是喝湯不小心翻倒才燙傷，她們不知小孩陰莖傷口是怎麼來的。或稱都只有輕拍幼兒，並稱女童手腕的傷勢是小孩互相拉扯導致。由於燙傷痕跡常見散射性分布，但4歲男童足背均質二度燙傷，且周邊界線分明無漸層傷痕，與熱湯打翻造成的受傷機轉不符，且二度燙傷極度疼痛紅腫及明顯水泡，依常理會立即就醫，但男童卻是等到傷口周邊呈現焦黑色及黃色組織液沉澱形成的膜狀物才就醫，除可能不當對待外，還有明顯延遲就醫情形。法官認為，黃男一概否認犯行、推稱不知道不清楚，邱女則坦承部分犯行，不過邱女已積極與被害人家屬洽談和解，部分已和解及履行完畢，因此依成年人故意對兒童共同犯傷害罪、過失傷害罪等，將黃男判刑2年6月，邱女三罪分被判刑4月、2月、1年5月徒刑，共應執行1年11月。", "圖為其中一名4歲幼兒腳掌被熱水淋傷。（民眾提供）5.完整新聞連結 (或短網址)不可用YAHOO、LINE、MSN等轉載媒體:", "6.備註:黃男判刑2年6月邱女被判刑4月、2月、1年5月徒刑，共應執行1年11月--"], "post_comment": [{"comment_author": "ncc5566", "comment_date": ["05/02", "00:04"], "comment_content": "綠共政績"}, {"comment_author": "zxc8424", "comment_date": ["05/02", "00:05"], "comment_content": "判這麼輕是因為和被害人家屬和解了"}, {"comment_author": "TurtleGods", "comment_date": ["05/02", "00:05"], "comment_content": "認真說，這罰則看起來真的不嚴重"}, {"comment_author": "coffee112", "comment_date": ["05/02", "00:05"], "comment_content": "扯"}, {"comment_author": "zxc8424", "comment_date": ["05/02", "00:05"], "comment_content": "不輕判就沒人要和解 受害者更沒有公道"}, {"comment_author": "Nuey", "comment_date": ["05/02", "00:05"], "comment_content": "懂了 只要和解未成年保護都是個屁=="}, {"comment_author": "er2", "comment_date": ["05/02", "00:06"], "comment_content": "78法官"}, {"comment_author": "smallroad", "comment_date": ["05/02", "00:06"], "comment_content": "真。鬼島，前面寫那麼恐怖，判個1-"}, {"comment_author": "matatabi", "comment_date": ["05/02", "00:06"], "comment_content": "窮人生小孩需要工作，只能找這種的保母"}, {"comment_author": "smallroad", "comment_date": ["05/02", "00:06"], "comment_content": "2年，是告訴大家不要怕吧"}, {"comment_author": "matatabi", "comment_date": ["05/02", "00:06"], "comment_content": "，結果這些保母也是社會低端，偉哉經濟"}, {"comment_author": "matatabi", "comment_date": ["05/02", "00:06"], "comment_content": "20年最好"}, {"comment_author": "TurtleGods", "comment_date": ["05/02", "00:07"], "comment_content": "就算不和解，原刑責還是不嚴重zzzz"}, {"comment_author": "smonkey", "comment_date": ["05/02", "00:07"], "comment_content": "都不到三年，台灣司法好棒棒"}, {"comment_author": "matatabi", "comment_date": ["05/02", "00:07"], "comment_content": "少子化辦公室8年來，連個像樣的幼保政"}, {"comment_author": "matatabi", "comment_date": ["05/02", "00:07"], "comment_content": "策都沒有"}, {"comment_author": "Nuey", "comment_date": ["05/02", "00:08"], "comment_content": "而且和解又不保證拿到$$ 真的有比較公道?"}, {"comment_author": "owo0204", "comment_date": ["05/02", "00:09"], "comment_content": "因為和解了 八成有賠錢 所以才輕判"}, {"comment_author": "samonella", "comment_date": ["05/02", "00:09"], "comment_content": "和解金多少啊？"}, {"comment_author": "js70864444", "comment_date": ["05/02", "00:10"], "comment_content": "這種敗類 應該拿出來給大家虐"}, {"comment_author": "physicsdk", "comment_date": ["05/02", "00:10"], "comment_content": "台灣現在是什麼第三世界國家"}, {"comment_author": "owo0204", "comment_date": ["05/02", "00:10"], "comment_content": "因為本來就傷害罪"}, {"comment_author": "Yefim618", "comment_date": ["05/02", "00:10"], "comment_content": "是刻意找保母這行來做的吧？最容易接觸"}, {"comment_author": "Yefim618", "comment_date": ["05/02", "00:10"], "comment_content": "到小小孩的行業"}, {"comment_author": "sorrywow", "comment_date": ["05/02", "00:11"], "comment_content": "宇宙第一 台灣法律"}, {"comment_author": "littlehappy1", "comment_date": ["05/02", "00:13"], "comment_content": "謝謝民進黨一直原諒虐嬰"}, {"comment_author": "tomshiou", "comment_date": ["05/02", "00:14"], "comment_content": "法官吃屎"}, {"comment_author": "Nuey", "comment_date": ["05/02", "00:16"], "comment_content": "對啊 兒少法說要加重二分之一但是和解就"}, {"comment_author": "littleme1125", "comment_date": ["05/02", "00:17"], "comment_content": "輕判的法官真的很靠杯"}, {"comment_author": "eno03", "comment_date": ["05/02", "00:17"], "comment_content": "恐怖"}, {"comment_author": "owo0204", "comment_date": ["05/02", "00:18"], "comment_content": "因為法律鼓勵和解  如果和解不會判比較"}, {"comment_author": "owo0204", "comment_date": ["05/02", "00:18"], "comment_content": "少  那誰要和解"}, {"comment_author": "neoa01", "comment_date": ["05/02", "00:18"], "comment_content": "這種畜生才判1-2年多喔，還不到3年，"}, {"comment_author": "iLeyaSin365", "comment_date": ["05/02", "00:18"], "comment_content": "再說一次 政府只要不在哪裡瘋狂貪污"}, {"comment_author": "neoa01", "comment_date": ["05/02", "00:18"], "comment_content": "去他媽的民進黨司改政績，治安地獄"}, {"comment_author": "iLeyaSin365", "comment_date": ["05/02", "00:18"], "comment_content": "幾十億幾百億的，拿出一部分錢來做"}, {"comment_author": "iLeyaSin365", "comment_date": ["05/02", "00:18"], "comment_content": "托育  都可以避免。人類中有的就是"}, {"comment_author": "iLeyaSin365", "comment_date": ["05/02", "00:19"], "comment_content": "反社會人格"}, {"comment_author": "flyinmagic", "comment_date": ["05/02", "00:19"], "comment_content": "沒事啦 已經變成台灣嬰兒的常態了"}, {"comment_author": "cchua", "comment_date": ["05/02", "00:19"], "comment_content": "犯罪天堂 鬼島"}, {"comment_author": "iLeyaSin365", "comment_date": ["05/02", "00:20"], "comment_content": "閩南40%覺青也是幫兇  臺灣國政府沒"}, {"comment_author": "iLeyaSin365", "comment_date": ["05/02", "00:20"], "comment_content": "血沒淚的，快讓牠下台了"}, {"comment_author": "smallcar801", "comment_date": ["05/02", "00:20"], "comment_content": "一年十一個月，法官祝你小孩給他顧"}, {"comment_author": "tanchuchan", "comment_date": ["05/02", "00:20"], "comment_content": "虐嬰有夠垃圾"}, {"comment_author": "blacktea5566", "comment_date": ["05/02", "00:20"], "comment_content": "少子化辦公室政績+1"}, {"comment_author": "smallcar801", "comment_date": ["05/02", "00:22"], "comment_content": " 如果不和解死刑，和解20年這些垃圾"}, {"comment_author": "smallcar801", "comment_date": ["05/02", "00:22"], "comment_content": "要不要跪著求和解，會不會這些垃圾"}, {"comment_author": "smallcar801", "comment_date": ["05/02", "00:22"], "comment_content": "知道會死刑，在對小孩出氣之前會先"}, {"comment_author": "smallcar801", "comment_date": ["05/02", "00:22"], "comment_content": "大人互打不敢動孩子"}, {"comment_author": "heureuxseed", "comment_date": ["05/02", "00:22"], "comment_content": "台灣人是不是天生殘暴心理變態超多"}, {"comment_author": "richard520", "comment_date": ["05/02", "00:23"], "comment_content": "幹你娘！民進黨社會安全網在衝三小"}, {"comment_author": "heureuxseed", "comment_date": ["05/02", "00:24"], "comment_content": "新聞不是虐童殺人還有各種獵奇怪咖"}, {"comment_author": "vasia", "comment_date": ["05/02", "00:24"], "comment_content": "社會安全網要下線了讚"}, {"comment_author": "Nuey", "comment_date": ["05/02", "00:25"], "comment_content": "鼓勵和解是不是鼓勵犯罪 反正和解可減刑超爽"}, {"comment_author": "cheneyen", "comment_date": ["05/02", "00:25"], "comment_content": "譴責虐童 60%的選哲 只能尊重"}, {"comment_author": "Nuey", "comment_date": ["05/02", "00:25"], "comment_content": "就算不和解也還是可以強制執行吧 怎麼會賠不"}, {"comment_author": "Nuey", "comment_date": ["05/02", "00:26"], "comment_content": "出來?"}, {"comment_author": "lmu0837", "comment_date": ["05/02", "00:26"], "comment_content": "幹你媽的判三小這麼輕"}, {"comment_author": "Balhae", "comment_date": ["05/02", "00:26"], "comment_content": "媽的狗屎犯罪天堂。真想看到法官被這樣對"}, {"comment_author": "Balhae", "comment_date": ["05/02", "00:26"], "comment_content": "待"}, {"comment_author": "Nuey", "comment_date": ["05/02", "00:26"], "comment_content": "真賠不出來的也能和解對吧? 受害人保障呢?"}, {"comment_author": "goodday123", "comment_date": ["05/02", "00:27"], "comment_content": "講鬼島就趕快滾啊！我看你一直到X也還"}, {"comment_author": "goodday123", "comment_date": ["05/02", "00:27"], "comment_content": "在罵！"}, {"comment_author": "whoisanky", "comment_date": ["05/02", "00:27"], "comment_content": "悲劇的新聞，這種無照保母，靠低價收"}, {"comment_author": "Refauth", "comment_date": ["05/02", "00:27"], "comment_content": "彰化縣縣長怎麼不出來鼓勵縣民多生小孩？"}, {"comment_author": "whoisanky", "comment_date": ["05/02", "00:27"], "comment_content": "到的通常都是社會弱勢家的孩子，跟凱"}, {"comment_author": "whoisanky", "comment_date": ["05/02", "00:27"], "comment_content": "凱一樣，被欺負了家長也不敢隨便更換，"}, {"comment_author": "yuyukuo0205", "comment_date": ["05/02", "00:28"], "comment_content": "真爽 才判一年"}, {"comment_author": "whoisanky", "comment_date": ["05/02", "00:28"], "comment_content": "怕找不到其他保母，只能選擇相信直到小"}, {"comment_author": "whoisanky", "comment_date": ["05/02", "00:28"], "comment_content": "孩真的受傷太嚴重才去探究，而又因為家"}, {"comment_author": "whoisanky", "comment_date": ["05/02", "00:29"], "comment_content": "境清寒，和解可以拿錢而放棄訴訟，可"}, {"comment_author": "whoisanky", "comment_date": ["05/02", "00:29"], "comment_content": "憐那些受虐卻無處可躲的孩子，法律卻只"}, {"comment_author": "momoden", "comment_date": ["05/02", "00:29"], "comment_content": "垃圾"}, {"comment_author": "whoisanky", "comment_date": ["05/02", "00:29"], "comment_content": "判個一兩年，窮人孩子的命真的很不被"}, {"comment_author": "whoisanky", "comment_date": ["05/02", "00:29"], "comment_content": "當一回事"}, {"comment_author": "a96932000", "comment_date": ["05/02", "00:33"], "comment_content": "超嚴重的兒少犯罪……1年，2年……"}, {"comment_author": "hlb5828", "comment_date": ["05/02", "00:36"], "comment_content": "蔡陰蚊政績++++1"}, {"comment_author": "godofsex", "comment_date": ["05/02", "00:36"], "comment_content": "小英政績+1"}, {"comment_author": "bYvYd", "comment_date": ["05/02", "00:38"], "comment_content": "太扯了吧，民進黨真的很棒，德政，"}, {"comment_author": "bYvYd", "comment_date": ["05/02", "00:38"], "comment_content": "少子化成功"}, {"comment_author": "GEoilo", "comment_date": ["05/02", "00:39"], "comment_content": "犯婦又要罵在野，接著司法院輕判假釋縱放"}, {"comment_author": "jackytw", "comment_date": ["05/02", "00:40"], "comment_content": "智障法官該被熱水淋全身"}, {"comment_author": "neos042", "comment_date": ["05/02", "00:40"], "comment_content": "這應該要判重刑了"}, {"comment_author": "emily20", "comment_date": ["05/02", "00:40"], "comment_content": "台灣司法太可笑了 傷害幼童 還不修法"}, {"comment_author": "jackytw", "comment_date": ["05/02", "00:41"], "comment_content": "蔡陰文沒小孩絕子絕孫所以她絕對不會去改"}, {"comment_author": "jackytw", "comment_date": ["05/02", "00:41"], "comment_content": "變虐兒環境 只會鼓勵 心裡根本有病了"}, {"comment_author": "berryc", "comment_date": ["05/02", "00:41"], "comment_content": "虐童而已又沒死人，叫什麼叫"}, {"comment_author": "berryc", "comment_date": ["05/02", "00:42"], "comment_content": "在直播講幹未成年賠錢就好才是十惡不赦"}, {"comment_author": "sola01078272", "comment_date": ["05/02", "00:46"], "comment_content": "塔綠班不意外"}, {"comment_author": "imba789", "comment_date": ["05/02", "00:50"], "comment_content": "那腳看到都痛"}, {"comment_author": "beachrabbit", "comment_date": ["05/02", "00:51"], "comment_content": "幹台灣司法就是笑話"}, {"comment_author": "kuso2005", "comment_date": ["05/02", "00:55"], "comment_content": "太輕了吧"}, {"comment_author": "raxsc", "comment_date": ["05/02", "00:56"], "comment_content": "犯罪天堂 可波"}, {"comment_author": "MT0114", "comment_date": ["05/02", "00:59"], "comment_content": "這樣才一年？？"}, {"comment_author": "chidori728", "comment_date": ["05/02", "01:00"], "comment_content": "這樣才判一年！！！！"}, {"comment_author": "jupei", "comment_date": ["05/02", "01:03"], "comment_content": "這判的太扯"}, {"comment_author": "ahlolha", "comment_date": ["05/02", "01:04"], "comment_content": "難怪蔡英文執政台灣可以生育率世界最後"}, {"comment_author": "YouGuys", "comment_date": ["05/02", "01:06"], "comment_content": "這根本是故意重傷害"}, {"comment_author": "Reeta", "comment_date": ["05/02", "01:08"], "comment_content": "台灣司法根本在保護虐童的垃圾"}, {"comment_author": "aj064534", "comment_date": ["05/02", "01:13"], "comment_content": "笑死"}, {"comment_author": "A0908", "comment_date": ["05/02", "01:13"], "comment_content": "幹你娘虐童的人渣只判一年多？"}, {"comment_author": "saiboos", "comment_date": ["05/02", "01:14"], "comment_content": "反人類罪才一年..."}, {"comment_author": "dlshao", "comment_date": ["05/02", "01:17"], "comment_content": "幹你老師這兩年？"}, {"comment_author": "mokumi", "comment_date": ["05/02", "01:18"], "comment_content": "真變態 開那種價錢，還敢送去的一定是很窮"}, {"comment_author": "mokumi", "comment_date": ["05/02", "01:18"], "comment_content": "困、沒路走的辛苦家庭，那種家庭比較缺錢"}, {"comment_author": "mokumi", "comment_date": ["05/02", "01:18"], "comment_content": "，自然也容易看在錢的份上勉強和解，因為"}, {"comment_author": "mokumi", "comment_date": ["05/02", "01:18"], "comment_content": "和解刑期降到很低……一開始就打算好了"}, {"comment_author": "mokumi", "comment_date": ["05/02", "01:19"], "comment_content": " 毛骨悚然."}, {"comment_author": "tlsg2", "comment_date": ["05/02", "01:19"], "comment_content": "才一年.... 幾個月就假釋出來繼續害人了..."}, {"comment_author": "tlsg2", "comment_date": ["05/02", "01:19"], "comment_content": " 感謝法院高抬貴手促進少子化"}, {"comment_author": "makki", "comment_date": ["05/02", "01:21"], "comment_content": "少子化還不重罰...反正死忠的都不會有意見"}, {"comment_author": "jackie0804", "comment_date": ["05/02", "01:23"], "comment_content": "人渣，還輕判，垃圾法律人"}, {"comment_author": "WoaVoa", "comment_date": ["05/02", "01:24"], "comment_content": "台灣法律上原罪就太輕，和解就更輕判，這"}, {"comment_author": "WoaVoa", "comment_date": ["05/02", "01:24"], "comment_content": "才是大家不滿的"}, {"comment_author": "weitin7011", "comment_date": ["05/02", "01:27"], "comment_content": "犯罪天堂台灣 讚讚讚"}, {"comment_author": "DRAGON0324", "comment_date": ["05/02", "01:32"], "comment_content": "那為啥不能重判加強制罰款或賠償？"}, {"comment_author": "DRAGON0324", "comment_date": ["05/02", "01:33"], "comment_content": "鬼島怕人講？ 太平洋有加蓋？"}, {"comment_author": "umyiwen", "comment_date": ["05/02", "01:42"], "comment_content": "法官真的是鬧事到不行"}, {"comment_author": "demitri", "comment_date": ["05/02", "01:46"], "comment_content": "垃圾 跟剴剴保姆姊妹一起關"}, {"comment_author": "KOSTAR", "comment_date": ["05/02", "01:50"], "comment_content": "另一種的有錢判生沒錢關到死？"}, {"comment_author": "whathefuc", "comment_date": ["05/02", "01:51"], "comment_content": "兩年 鬼島真棒 被綠共搞成犯罪天堂"}, {"comment_author": "leterg", "comment_date": ["05/02", "01:55"], "comment_content": "三個小孩才判這樣，虐童天堂"}, {"comment_author": "Corydoras", "comment_date": ["05/02", "02:14"], "comment_content": "爛死"}, {"comment_author": "transfight", "comment_date": ["05/02", "02:23"], "comment_content": "哈哈哈哈哈哈自己選的政府怪誰爽"}, {"comment_author": "yangdemi", "comment_date": ["05/02", "02:28"], "comment_content": "畜生"}, {"comment_author": "arkin", "comment_date": ["05/02", "02:39"], "comment_content": "淦 到底我們能怎麼做才能改變這一切"}, {"comment_author": "asd52726", "comment_date": ["05/02", "02:44"], "comment_content": "這時候某些人就不會跳出來說學學歐美"}, {"comment_author": "cities516", "comment_date": ["05/02", "02:45"], "comment_content": "少子化辦公室大成功"}, {"comment_author": "Monchestnut", "comment_date": ["05/02", "03:06"], "comment_content": "幹 是有病嗎"}, {"comment_author": "gaupyng1", "comment_date": ["05/02", "03:16"], "comment_content": "1年多？？"}, {"comment_author": "function702", "comment_date": ["05/02", "03:24"], "comment_content": "？？兩年不到"}, {"comment_author": "joea2003", "comment_date": ["05/02", "03:43"], "comment_content": "幹你娘一罪一罰呢？"}, {"comment_author": "redsucksndie", "comment_date": ["05/02", "03:58"], "comment_content": "找廉價保母的都很窮,高機率和解"}, {"comment_author": "transiency", "comment_date": ["05/02", "04:03"], "comment_content": "長期惡意（非偶發情緒失控）凌虐負有"}, {"comment_author": "transiency", "comment_date": ["05/02", "04:03"], "comment_content": "保護義務之幼童的判刑，還真是廉價，"}, {"comment_author": "transiency", "comment_date": ["05/02", "04:03"], "comment_content": "還以為只是虐狗呢！到政府真是厚道。"}, {"comment_author": "jay0215", "comment_date": ["05/02", "04:19"], "comment_content": "灣灣的狼性！"}, {"comment_author": "romber", "comment_date": ["05/02", "05:44"], "comment_content": "管你和不和解…和解減刑也不應該判這麼輕"}, {"comment_author": "romber", "comment_date": ["05/02", "05:44"], "comment_content": "，急著放出來虐待其他幼童嗎？虐童看看在"}, {"comment_author": "romber", "comment_date": ["05/02", "05:45"], "comment_content": "國外是怎麼死的"}, {"comment_author": "coolrgin", "comment_date": ["05/02", "05:58"], "comment_content": "判死刑謝謝"}, {"comment_author": "bingreen", "comment_date": ["05/02", "06:02"], "comment_content": "這判死刑才合理吧，什麼爛法律"}, {"comment_author": "www2967", "comment_date": ["05/02", "06:06"], "comment_content": "司法改革大成功 加害者人權大幅提升 台"}, {"comment_author": "www2967", "comment_date": ["05/02", "06:07"], "comment_content": "灣價值滿分民主正義 嘻嘻"}, {"comment_author": "len53", "comment_date": ["05/02", "06:30"], "comment_content": "判這刑期笑死人"}, {"comment_author": "skyprayer", "comment_date": ["05/02", "06:43"], "comment_content": "判超輕"}, {"comment_author": "gn01693664", "comment_date": ["05/02", "06:54"], "comment_content": "毛骨悚然"}, {"comment_author": "UNICEF", "comment_date": ["05/02", "07:03"], "comment_content": "好輕"}, {"comment_author": "Agdanpanda", "comment_date": ["05/02", "07:07"], "comment_content": "笑死人 不到兩年 可悲"}, {"comment_author": "pearlQQ", "comment_date": ["05/02", "07:10"], "comment_content": "判那麼少，台灣司法真的爛耶"}, {"comment_author": "pearlQQ", "comment_date": ["05/02", "07:10"], "comment_content": "垃圾官員，都下地獄"}, {"comment_author": "hsnu103437", "comment_date": ["05/02", "07:10"], "comment_content": "台灣司法沒救了"}, {"comment_author": "flowersuger", "comment_date": ["05/02", "07:11"], "comment_content": "高調！有夠扯"}, {"comment_author": "astroaceg", "comment_date": ["05/02", "07:11"], "comment_content": "現在是誰可以立法？"}, {"comment_author": "water198102", "comment_date": ["05/02", "07:14"], "comment_content": "嚴重虐童，結果才判兩年，垃圾法匠果"}, {"comment_author": "water198102", "comment_date": ["05/02", "07:14"], "comment_content": "然好棒棒"}, {"comment_author": "amyyyyy", "comment_date": ["05/02", "07:17"], "comment_content": "這麼多受害者合併起來刑期才這樣！"}, {"comment_author": "steelheart3", "comment_date": ["05/02", "07:26"], "comment_content": "笑死 法律人養出來的"}, {"comment_author": "Qcloud", "comment_date": ["05/02", "07:32"], "comment_content": "判真輕"}, {"comment_author": "pei770927", "comment_date": ["05/02", "07:43"], "comment_content": "等到死掉才認真判？"}, {"comment_author": "coolp77", "comment_date": ["05/02", "07:52"], "comment_content": "肝泥娘 鬼島司法真他嗎笑死人 幹"}, {"comment_author": "a09162277", "comment_date": ["05/02", "07:59"], "comment_content": "謝謝党謝謝豬母蔡豬鼻司法改革"}, {"comment_author": "Ponsali", "comment_date": ["05/02", "08:02"], "comment_content": "垃圾"}, {"comment_author": "CHYYP", "comment_date": ["05/02", "08:19"], "comment_content": "這樣才一年"}, {"comment_author": "k078787878", "comment_date": ["05/02", "08:20"], "comment_content": "這個罰則？"}, {"comment_author": "cydog", "comment_date": ["05/02", "08:21"], "comment_content": "許多法令應該適度修法加重最低刑期吧"}, {"comment_author": "logitech2004", "comment_date": ["05/02", "08:27"], "comment_content": "給人家一輩子陰影就這？"}, {"comment_author": "nothing188", "comment_date": ["05/02", "08:34"], "comment_content": "和解也不該判那麼輕"}, {"comment_author": "xxxholic031", "comment_date": ["05/02", "08:35"], "comment_content": "找這種保母就是家長的問題，要當廢"}, {"comment_author": "xxxholic031", "comment_date": ["05/02", "08:35"], "comment_content": "物就別生！"}, {"comment_author": "ebeta", "comment_date": ["05/02", "08:40"], "comment_content": "民進黨執政，台灣虐嬰童天堂保證！"}, {"comment_author": "spoilede0824", "comment_date": ["05/02", "08:46"], "comment_content": "笑死人的政府"}, {"comment_author": "chenjasen", "comment_date": ["05/02", "08:51"], "comment_content": "擺明就是專門虐兒 根本心理變態"}, {"comment_author": "lonechaos", "comment_date": ["05/02", "08:51"], "comment_content": "名字跟長相幹嘛不貼出來"}, {"comment_author": "whface", "comment_date": ["05/02", "09:04"], "comment_content": "不到2年的刑期，到時緩刑連關不用關了？"}, {"comment_author": "whface", "comment_date": ["05/02", "09:04"], "comment_content": "！"}, {"comment_author": "qaz12453", "comment_date": ["05/02", "09:11"], "comment_content": "難怪沒在怕"}, {"comment_author": "HatomiyAsuka", "comment_date": ["05/02", "09:14"], "comment_content": "台灣畜窮奴賤虐童天堂"}, {"comment_author": "thigefe", "comment_date": ["05/02", "09:14"], "comment_content": "dpp8年來的育兒政策"}, {"comment_author": "lin961213", "comment_date": ["05/02", "09:26"], "comment_content": "幹你娘兒福到底有啥幹用"}, {"comment_author": "lin961213", "comment_date": ["05/02", "09:27"], "comment_content": "立法院敢不敢修法虐童唯一死刑耖"}, {"comment_author": "goitaly", "comment_date": ["05/02", "09:45"], "comment_content": "死刑吧 虐嬰欸"}, {"comment_author": "WO0820", "comment_date": ["05/02", "09:46"], "comment_content": "幹  判這種長度是要笑死誰"}, {"comment_author": "pili11111", "comment_date": ["05/02", "09:49"], "comment_content": "垃圾保姆 這種托嬰環境到底誰敢生"}, {"comment_author": "herro760920", "comment_date": ["05/02", "10:00"], "comment_content": "媽的一群人渣，還有人渣法官才關那幾"}, {"comment_author": "herro760920", "comment_date": ["05/02", "10:00"], "comment_content": "年是怎樣"}, {"comment_author": "ilsr", "comment_date": ["05/02", "10:01"], "comment_content": "敢給無照的顧.？"}, {"comment_author": "crims", "comment_date": ["05/02", "10:06"], "comment_content": "笑死人的刑期"}, {"comment_author": "Godright", "comment_date": ["05/02", "11:16"], "comment_content": "兩個垃圾加起來不到4年，真有你的，民"}, {"comment_author": "Godright", "comment_date": ["05/02", "11:16"], "comment_content": "進黨"}, {"comment_author": "Ericfox", "comment_date": ["05/02", "12:09"], "comment_content": "法官認證這小事"}, {"comment_author": "rakuinn", "comment_date": ["05/02", "12:13"], "comment_content": "豬鼻假博士(挖鼻):辦公室蓋起來呀!幹"}, {"comment_author": "huiyajudy", "comment_date": ["05/02", "12:49"], "comment_content": "變態"}, {"comment_author": "superabea", "comment_date": ["05/02", "13:09"], "comment_content": "住髮關小孩也被虐待"}, {"comment_author": "clairetsai", "comment_date": ["05/02", "13:22"], "comment_content": "他媽的，虐童快公布長相，財產扣押"}, {"comment_author": "chungyiju", "comment_date": ["05/02", "13:53"], "comment_content": "幹 又是這種神經病"}, {"comment_author": "Q101", "comment_date": ["05/02", "14:25"], "comment_content": "虐童者一律建議死刑"}, {"comment_author": "aoirx", "comment_date": ["05/02", "16:43"], "comment_content": "高調"}, {"comment_author": "ThisIsEasy", "comment_date": ["05/02", "18:24"], "comment_content": "判這麼輕"}, {"comment_author": "Sprinberg", "comment_date": ["05/03", "12:32"], "comment_content": "一年 真棒"}]}
