{"author": "blue999 (FLY)", "category": "Gossiping", "title": "[新聞] 影／苦尋失散哥哥10年！眾人牽線促兄妹", "date": "Thu May  2 18:57:27 2024", "content": ["影／苦尋失散哥哥10年！眾人牽線促兄妹重逢吳崑榆、陳逸潔、沈明志  三立高雄一名30歲林小姐從小被收養，自幼與哥哥失散，長大後漫長苦尋10年，卻始終找不到哥哥下落，近日透過退休警察、竹山戶政事務所，終於聯絡上做工程的親大哥，當時他的哥哥知道找到人之後，馬上放下手邊工作，趕來竹山和妹妹團圓。高雄林小姐與哥哥分離30年後團圓▲高雄林小姐與哥哥分離30年後團圓。", "挖...真的好正天降一個正妹妹妹，  如果五樓是歐尼醬會?--"], "post_comment": [{"comment_author": "LouisLEE", "comment_date": ["05/02", "18:59"], "comment_content": "德國骨科熱身中"}, {"comment_author": "ohrring", "comment_date": ["05/02", "18:59"], "comment_content": "好險當年被收養"}, {"comment_author": "OhtaniShohe", "comment_date": ["05/02", "18:59"], "comment_content": "五樓每晚都用妹妹的肛汁抹臉打飛機"}, {"comment_author": "FannWong", "comment_date": ["05/02", "18:59"], "comment_content": "另一篇說哥哥也是被人領養"}, {"comment_author": "jinx5566", "comment_date": ["05/02", "19:00"], "comment_content": "兄妹也差太多，肥宅跟正妹 =_="}, {"comment_author": "paul2chiu", "comment_date": ["05/02", "19:02"], "comment_content": "姐夫恭喜"}, {"comment_author": "StylishTrade", "comment_date": ["05/02", "19:02"], "comment_content": "林逸欣哥哥也是肥宅QQ"}, {"comment_author": "pttnowash", "comment_date": ["05/02", "19:02"], "comment_content": "這種還沒結婚的話可能會一時衝動就"}, {"comment_author": "stilu", "comment_date": ["05/02", "19:05"], "comment_content": "影片有脫口罩，真的滿正的"}, {"comment_author": "postit", "comment_date": ["05/02", "19:08"], "comment_content": "我的妹妹哪有那麼可愛"}, {"comment_author": "Anderson2023", "comment_date": ["05/02", "19:15"], "comment_content": "羨慕na"}, {"comment_author": "F93935", "comment_date": ["05/02", "19:17"], "comment_content": "超爽的有妹妹"}, {"comment_author": "smile5566", "comment_date": ["05/02", "19:20"], "comment_content": "看起來很像光頭葛格"}, {"comment_author": "AMDMARSHAL", "comment_date": ["05/02", "19:23"], "comment_content": "妹妹廢文"}, {"comment_author": "bigcho", "comment_date": ["05/02", "19:30"], "comment_content": "醒醒吧 你真的有妹妹"}, {"comment_author": "GiantChicken", "comment_date": ["05/02", "19:34"], "comment_content": "這哥哥看起來就是妹妹被欺負會去輸"}, {"comment_author": "GiantChicken", "comment_date": ["05/02", "19:34"], "comment_content": "贏的類型"}, {"comment_author": "atleen", "comment_date": ["05/02", "19:45"], "comment_content": "大舅子我終於找到您了！"}, {"comment_author": "mimiLin5566", "comment_date": ["05/02", "20:05"], "comment_content": "真的是一個肥宅一個正妹"}, {"comment_author": "aa9012", "comment_date": ["05/02", "20:08"], "comment_content": "準備開幹"}]}
