{"author": "karta328 (我不知)", "category": "Gossiping", "title": "[新聞] 貴婦奈奈男友雙親抵台了！涉捲10億逃亡6", "date": "Fri May  3 08:51:40 2024", "content": ["TVBS樓冠陞貴婦奈奈男友雙親抵台了！涉捲10億逃亡6年　「上銬解送」畫面曝網紅「貴婦奈奈」（蘇陳端）先前遭爆與男友黃博健涉嫌詐欺吸金10億元後逃亡，與男友之父黃立雄一同遭通緝。儘管黃立雄與其妻曾向加拿大申請庇護，但因具通緝犯身分遭拒，並因屬於違法居留而被遣返。2人也於今（3）日上午抵達桃園機場，並被上銬戒護前往台北調查局歸案。", "調查局指出，在調查局與加拿大執法單位共同合作下，通緝犯黃立雄夫妻2人已於昨（2）日自加拿大遣返，並於今日凌晨5時抵達桃園機場，接著又由調查局人員將2人解送歸案。調查局表示，2人已於今日上午6時50分左右抵達台北市調查處，並在現場確認2人身分無誤後，分別解送至台北地檢署、士林地檢署歸案。", "回顧整起事件，貴婦奈奈在20年前經營無名小站成名，並因分享她與男友黃博健的愛情故事的走紅，2人後來還共同創立「杏立博全」醫美診所，業績扶搖直上。不過，該診所卻在2018年爆出吸金詐騙案，隨後無預警倒閉，2人也被控在捲款10億元後潛逃出境，並與黃博健的父母一同被列為通緝犯。", "貴奈奈奈男友雙親在今（3）日清晨抵達桃園機場。（圖／胡瑞麒攝）", "備註: 調查人員好像很正--"], "post_comment": [{"comment_author": "mow1982", "comment_date": ["05/03", "08:52"], "comment_content": "民進黨證辦好了"}, {"comment_author": "t127147157", "comment_date": ["05/03", "08:52"], "comment_content": "肛"}, {"comment_author": "zzz71084482", "comment_date": ["05/03", "08:52"], "comment_content": "重判1年"}, {"comment_author": "kawazakiz2", "comment_date": ["05/03", "08:52"], "comment_content": "因該是兩老出來扛，年輕人繼續躲"}, {"comment_author": "s820912gmail", "comment_date": ["05/03", "08:53"], "comment_content": "健保讚"}, {"comment_author": "markingf", "comment_date": ["05/03", "08:53"], "comment_content": "求調查人員ig"}, {"comment_author": "onion10021", "comment_date": ["05/03", "08:53"], "comment_content": "啊 可以看醫生了"}, {"comment_author": "railman", "comment_date": ["05/03", "08:53"], "comment_content": "MJIB是什麼字的縮寫？"}, {"comment_author": "a27588679", "comment_date": ["05/03", "08:53"], "comment_content": "在外國爽完回來看醫生了"}, {"comment_author": "kingearth", "comment_date": ["05/03", "08:54"], "comment_content": "都喬好了啦，媒體同聲報導被黑道追殺、"}, {"comment_author": "kingearth", "comment_date": ["05/03", "08:54"], "comment_content": "沒錢、生病，就知道有錢人如何買自由，"}, {"comment_author": "xbit", "comment_date": ["05/03", "08:54"], "comment_content": "錢花完了回來養老..鬼島果然最保障犯罪者"}, {"comment_author": "ZhouGongJin", "comment_date": ["05/03", "08:54"], "comment_content": "一時詐騙一時爽，一直詐騙一直爽"}, {"comment_author": "kingearth", "comment_date": ["05/03", "08:54"], "comment_content": "年輕人都還在國外享樂怎麼不回來，笑死"}, {"comment_author": "kingearth", "comment_date": ["05/03", "08:54"], "comment_content": "人的台灣司法"}, {"comment_author": "ryan0222", "comment_date": ["05/03", "08:54"], "comment_content": "說個笑話,這些笨蛋為什麼不跟黨一起搞"}, {"comment_author": "ryan0222", "comment_date": ["05/03", "08:54"], "comment_content": "光電跟詐騙呢？你跑路幹嘛？"}, {"comment_author": "muzik", "comment_date": ["05/03", "08:54"], "comment_content": "回來看病的吧？"}, {"comment_author": "derrick1220", "comment_date": ["05/03", "08:54"], "comment_content": "好奇有鄉民4受害者ㄇ"}, {"comment_author": "OPPAISuki", "comment_date": ["05/03", "08:54"], "comment_content": "打點好了吧 自首有悔意 輕判"}, {"comment_author": "WowProctor", "comment_date": ["05/03", "08:54"], "comment_content": "罪那麼輕 跑國外真傻"}, {"comment_author": "HAOCHEN", "comment_date": ["05/03", "08:55"], "comment_content": "都藏好了吧"}, {"comment_author": "kingearth", "comment_date": ["05/03", "08:55"], "comment_content": "等等又有一堆帳號推文被追殺、錢被黑道"}, {"comment_author": "kingearth", "comment_date": ["05/03", "08:55"], "comment_content": "卡油等等"}, {"comment_author": "fony1029", "comment_date": ["05/03", "08:55"], "comment_content": "受害的都是黑道那就該鼓勵呀"}, {"comment_author": "bruce511239", "comment_date": ["05/03", "08:55"], "comment_content": "最注重人權的國家 也是輕判而已"}, {"comment_author": "kamisanma", "comment_date": ["05/03", "08:55"], "comment_content": "next 保外就醫"}, {"comment_author": "onion10021", "comment_date": ["05/03", "08:55"], "comment_content": "麥可喬丹國際管理局"}, {"comment_author": "coffee112", "comment_date": ["05/03", "08:55"], "comment_content": "如果年紀大了 快回來台灣爽用健保了"}, {"comment_author": "forbeat", "comment_date": ["05/03", "08:55"], "comment_content": "回來之後還會得到詐騙党的庇護啊？"}, {"comment_author": "ohiu", "comment_date": ["05/03", "08:55"], "comment_content": "週末了，預測晚上交保"}, {"comment_author": "fulongb210f", "comment_date": ["05/03", "08:56"], "comment_content": "這案到底是怎樣想的，有點奇怪"}, {"comment_author": "fony1029", "comment_date": ["05/03", "08:56"], "comment_content": "我支持以夷制夷 以黑吃黑"}, {"comment_author": "teddy72", "comment_date": ["05/03", "08:56"], "comment_content": "在牢裡可能還比較安全"}, {"comment_author": "brother001", "comment_date": ["05/03", "08:56"], "comment_content": "準備看醫生了"}, {"comment_author": "yamitis", "comment_date": ["05/03", "08:56"], "comment_content": "？？為啥要回來"}, {"comment_author": "ryan0222", "comment_date": ["05/03", "08:56"], "comment_content": "詐騙洗錢隨便就兩千億,光電隨便就九十"}, {"comment_author": "ryan0222", "comment_date": ["05/03", "08:56"], "comment_content": "億,每個人都好端端的,才十億在忙什麼？"}, {"comment_author": "HJC6666", "comment_date": ["05/03", "08:56"], "comment_content": "沒錢了"}, {"comment_author": "achiyeng", "comment_date": ["05/03", "08:56"], "comment_content": "在國外怕被黑道弄死 還是回國關個幾年就"}, {"comment_author": "palindromes", "comment_date": ["05/03", "08:57"], "comment_content": "主要犯人不回來"}, {"comment_author": "jason138", "comment_date": ["05/03", "08:57"], "comment_content": "果然是犯罪天堂= ="}, {"comment_author": "kingearth", "comment_date": ["05/03", "08:57"], "comment_content": "被黑道追殺怎麼會只有老人回來，分明就"}, {"comment_author": "kingearth", "comment_date": ["05/03", "08:58"], "comment_content": "是喬好了"}, {"comment_author": "tbere2002", "comment_date": ["05/03", "08:58"], "comment_content": "詐騙而已啦 黨保護你"}, {"comment_author": "karma584", "comment_date": ["05/03", "08:58"], "comment_content": " 希望他們詐騙的錢 要捐給健保"}, {"comment_author": "kingearth", "comment_date": ["05/03", "08:58"], "comment_content": "保外就醫很好用的"}, {"comment_author": "caity", "comment_date": ["05/03", "08:58"], "comment_content": "回國監獄黑道就不跟你討?"}, {"comment_author": "Mrchungken", "comment_date": ["05/03", "08:58"], "comment_content": "MJIB調查局"}, {"comment_author": "kumori", "comment_date": ["05/03", "08:59"], "comment_content": "黑道也有一份啦 黑道勒"}, {"comment_author": "coffee112", "comment_date": ["05/03", "08:59"], "comment_content": "年紀大多判不重 還可能保外就醫 真香"}, {"comment_author": "bear753951", "comment_date": ["05/03", "08:59"], "comment_content": "調查局具然派2位正妹護送"}, {"comment_author": "yesonline", "comment_date": ["05/03", "08:59"], "comment_content": "台灣健保 真棒!"}, {"comment_author": "WWIII", "comment_date": ["05/03", "09:00"], "comment_content": "哇靠世紀大新聞"}, {"comment_author": "arkin", "comment_date": ["05/03", "09:00"], "comment_content": "我記得這個是台大名醫？"}, {"comment_author": "paracase", "comment_date": ["05/03", "09:01"], "comment_content": "大概是有重病,在加拿大醫藥費太貴了,只"}, {"comment_author": "MrJB", "comment_date": ["05/03", "09:02"], "comment_content": "呆丸嘎油！"}, {"comment_author": "bboyalbert", "comment_date": ["05/03", "09:02"], "comment_content": "談好了！兩老回來全扛，再保外就醫"}, {"comment_author": "paracase", "comment_date": ["05/03", "09:02"], "comment_content": "好回台,濫用台灣的健保"}, {"comment_author": "gaym19", "comment_date": ["05/03", "09:02"], "comment_content": "回台用健保爽囉"}, {"comment_author": "kikujiro", "comment_date": ["05/03", "09:02"], "comment_content": "MJIB是什麼人格？有人知道嗎？"}, {"comment_author": "Born700805", "comment_date": ["05/03", "09:02"], "comment_content": "下機伏誅"}, {"comment_author": "wwl0909", "comment_date": ["05/03", "09:02"], "comment_content": "調查員好正"}, {"comment_author": "bboyalbert", "comment_date": ["05/03", "09:03"], "comment_content": "在加拿大爽完，回來治病"}, {"comment_author": "steven56138", "comment_date": ["05/03", "09:03"], "comment_content": "Michael Jordan Is Black"}, {"comment_author": "abc0922001", "comment_date": ["05/03", "09:03"], "comment_content": "做給媒體看得吧"}, {"comment_author": "hsiung9", "comment_date": ["05/03", "09:04"], "comment_content": "上次不是才幫洗地"}, {"comment_author": "film12", "comment_date": ["05/03", "09:04"], "comment_content": "我猜是回台就醫…楓葉國醫療費嚇死人！"}, {"comment_author": "kgb1019", "comment_date": ["05/03", "09:05"], "comment_content": "捲10億...還用得著台灣健保嗎= ="}, {"comment_author": "zxc2331189", "comment_date": ["05/03", "09:05"], "comment_content": "反正錢早就在國外 沒差"}, {"comment_author": "flaneurbk", "comment_date": ["05/03", "09:06"], "comment_content": "沒差，判個幾年而已，錢早就藏好了吧"}, {"comment_author": "fire124", "comment_date": ["05/03", "09:07"], "comment_content": "笑死 都橋好回來演個戲 準備養老了"}, {"comment_author": "p8122632", "comment_date": ["05/03", "09:07"], "comment_content": "不是回來享健保林北自宮"}, {"comment_author": "beyond780705", "comment_date": ["05/03", "09:08"], "comment_content": "只是被驅逐出境，搞得像調查局喜事"}, {"comment_author": "beyond780705", "comment_date": ["05/03", "09:09"], "comment_content": "一樣"}, {"comment_author": "film12", "comment_date": ["05/03", "09:09"], "comment_content": "調查局女幹員好高挑…又長髮…感覺很正"}, {"comment_author": "jaceda", "comment_date": ["05/03", "09:09"], "comment_content": "想被抓"}, {"comment_author": "film12", "comment_date": ["05/03", "09:09"], "comment_content": "另一個男的也很帥！"}, {"comment_author": "mumuwei", "comment_date": ["05/03", "09:10"], "comment_content": "錢安頓好了 裝可憐 回台爽用健保 蹲三年"}, {"comment_author": "gilbertchen8", "comment_date": ["05/03", "09:10"], "comment_content": "回台用健保 真香"}, {"comment_author": "unittest", "comment_date": ["05/03", "09:11"], "comment_content": "新聞是爆說要用健保啦"}, {"comment_author": "mumuwei", "comment_date": ["05/03", "09:11"], "comment_content": "出來身分跟錢都洗乾淨了 出國繼續爽"}, {"comment_author": "jackie36952", "comment_date": ["05/03", "09:11"], "comment_content": "還想去加拿大 頗呵"}, {"comment_author": "barry1027gg", "comment_date": ["05/03", "09:12"], "comment_content": "大概看詐騙犯在台灣一樣能吃香喝辣的"}, {"comment_author": "meta41110", "comment_date": ["05/03", "09:12"], "comment_content": "凸( ﾟдﾟ)能調查個屁出來如果兩老真"}, {"comment_author": "meta41110", "comment_date": ["05/03", "09:12"], "comment_content": "要扛那年輕就無罪拉白吃"}, {"comment_author": "barry1027gg", "comment_date": ["05/03", "09:12"], "comment_content": "幹嘛跑到加拿大給人歧視 蚵蚵"}, {"comment_author": "DDhow", "comment_date": ["05/03", "09:12"], "comment_content": "錢早就藏在國外 讓你關個幾年 沒差啦"}, {"comment_author": "xsexyx", "comment_date": ["05/03", "09:12"], "comment_content": "老公變男友？"}, {"comment_author": "mumuwei", "comment_date": ["05/03", "09:13"], "comment_content": "回來還有調查局風光接風 好羨慕"}, {"comment_author": "meta41110", "comment_date": ["05/03", "09:13"], "comment_content": "回來詐騙島民進黨就詐騙的一定輕判阿"}, {"comment_author": "GonVolcano", "comment_date": ["05/03", "09:13"], "comment_content": "貴婦奈奈怎麼變成白髮長者？"}, {"comment_author": "s881702002", "comment_date": ["05/03", "09:14"], "comment_content": "謝謝党"}, {"comment_author": "dreamdds", "comment_date": ["05/03", "09:15"], "comment_content": "可悲"}, {"comment_author": "angelo98", "comment_date": ["05/03", "09:15"], "comment_content": "MJ is back"}, {"comment_author": "mumuwei", "comment_date": ["05/03", "09:15"], "comment_content": "這種就是談好條件 讓調查局做業績 給大眾"}, {"comment_author": "amyday1222", "comment_date": ["05/03", "09:15"], "comment_content": "從某週刊開始報導就是劇本的開始"}, {"comment_author": "whiteflora6", "comment_date": ["05/03", "09:16"], "comment_content": "感謝儲君"}, {"comment_author": "mikiworldpea", "comment_date": ["05/03", "09:16"], "comment_content": "所以其實沒結婚 之前都是人設啊？"}, {"comment_author": "mumuwei", "comment_date": ["05/03", "09:16"], "comment_content": "看政府有做事 輕判三年 爽用健保 出來錢"}, {"comment_author": "mumuwei", "comment_date": ["05/03", "09:16"], "comment_content": "跟身分都洗白了 出國繼續爽"}, {"comment_author": "abasqoo", "comment_date": ["05/03", "09:17"], "comment_content": "要回來用健保保外就醫囉"}, {"comment_author": "mumuwei", "comment_date": ["05/03", "09:17"], "comment_content": "消失六年 突然有消息就接受雜誌訪問 開頭"}, {"comment_author": "Casavona", "comment_date": ["05/03", "09:17"], "comment_content": "一樓嘴真臭"}, {"comment_author": "kimfor", "comment_date": ["05/03", "09:18"], "comment_content": "錢都藏完了吧"}, {"comment_author": "mij", "comment_date": ["05/03", "09:19"], "comment_content": "犯罪天堂"}, {"comment_author": "kingfsg7326", "comment_date": ["05/03", "09:20"], "comment_content": "他們家是有逃亡捐款詐騙的基因嗎？"}, {"comment_author": "doom3", "comment_date": ["05/03", "09:20"], "comment_content": "還沒回來就放消息被黑道追殺 真的很扯"}, {"comment_author": "scott0104", "comment_date": ["05/03", "09:22"], "comment_content": "那個錢花光了沒"}, {"comment_author": "losage", "comment_date": ["05/03", "09:22"], "comment_content": "難怪之前一直曝光，劇本早寫好了"}, {"comment_author": "Waitaha", "comment_date": ["05/03", "09:22"], "comment_content": "貴婦奈奈本人呢"}, {"comment_author": "scott0104", "comment_date": ["05/03", "09:23"], "comment_content": "所以是兩個老的幫年輕人的扛？年輕人"}, {"comment_author": "scott0104", "comment_date": ["05/03", "09:23"], "comment_content": "繼續逍遙法外？"}, {"comment_author": "chu3", "comment_date": ["05/03", "09:23"], "comment_content": "噁心 老了病了回來用健保"}, {"comment_author": "barry1027gg", "comment_date": ["05/03", "09:24"], "comment_content": "根本找雜誌去採訪的  尷尬得真假"}, {"comment_author": "j900414", "comment_date": ["05/03", "09:24"], "comment_content": "錢都交代好了"}, {"comment_author": "nehex", "comment_date": ["05/03", "09:25"], "comment_content": "曾經是法會座上賓，現在可能有人在幫他們誦"}, {"comment_author": "horb", "comment_date": ["05/03", "09:26"], "comment_content": "詐騙是能判什麼。輕罪啦"}, {"comment_author": "edwardtp", "comment_date": ["05/03", "09:26"], "comment_content": "不是都結婚了，一直男友男友的？"}, {"comment_author": "kule", "comment_date": ["05/03", "09:27"], "comment_content": "不要又是那種重判關3天就沒事了，錢爽花"}, {"comment_author": "xsexyx", "comment_date": ["05/03", "09:27"], "comment_content": "記者異口同聲改成男友 但什麼也沒交代"}, {"comment_author": "edwardtp", "comment_date": ["05/03", "09:28"], "comment_content": "再來事實是被遣返，之前新聞說什麼回台"}, {"comment_author": "edwardtp", "comment_date": ["05/03", "09:28"], "comment_content": "說明，幫洗白？"}, {"comment_author": "basslife", "comment_date": ["05/03", "09:30"], "comment_content": "右邊的調查員好正"}, {"comment_author": "johnson2726", "comment_date": ["05/03", "09:30"], "comment_content": "破麻奈奈"}, {"comment_author": "littlehappy1", "comment_date": ["05/03", "09:31"], "comment_content": "醫界都民進黨鐵票 這個也.."}, {"comment_author": "jccy", "comment_date": ["05/03", "09:31"], "comment_content": "被黑道追緝，不如讓台灣司法輕判"}, {"comment_author": "chiz2", "comment_date": ["05/03", "09:31"], "comment_content": "幹你娘搞詐騙男的還沒被黑道砍死女的送去給"}, {"comment_author": "chiz2", "comment_date": ["05/03", "09:32"], "comment_content": "人輪姦不用報好嗎？"}, {"comment_author": "abobstar", "comment_date": ["05/03", "09:33"], "comment_content": "都套好了,三月底先被鏡周刊\"發現\""}, {"comment_author": "abobstar", "comment_date": ["05/03", "09:33"], "comment_content": "五月初就回台灣了 真爽"}, {"comment_author": "aa89028500", "comment_date": ["05/03", "09:35"], "comment_content": "好噁...要用健保才想到要回台灣"}, {"comment_author": "tonykingtwo", "comment_date": ["05/03", "09:35"], "comment_content": "打點好了"}, {"comment_author": "darkangel119", "comment_date": ["05/03", "09:35"], "comment_content": "一手好牌打成這樣"}, {"comment_author": "jk01", "comment_date": ["05/03", "09:35"], "comment_content": "詐騙王國"}, {"comment_author": "IloveJTT", "comment_date": ["05/03", "09:36"], "comment_content": "回來用健保哦"}, {"comment_author": "THANN", "comment_date": ["05/03", "09:37"], "comment_content": "調查人員顏值好高~~~~~~~~~~"}, {"comment_author": "csfp", "comment_date": ["05/03", "09:37"], "comment_content": "感覺回來扛的"}, {"comment_author": "kingearth", "comment_date": ["05/03", "09:38"], "comment_content": "有錢能買自由，媒體和特定帳號都幫定調"}, {"comment_author": "kingearth", "comment_date": ["05/03", "09:38"], "comment_content": "好了，tvbs 還放新聞頭條幫忙定調"}, {"comment_author": "InvincibleK", "comment_date": ["05/03", "09:38"], "comment_content": "接著拿納稅人的錢吃免費便當和牢飯"}, {"comment_author": "kingearth", "comment_date": ["05/03", "09:39"], "comment_content": "犯罪就犯罪，已經不在乎有沒有用健保了"}, {"comment_author": "kingearth", "comment_date": ["05/03", "09:39"], "comment_content": "，把錢吐出來還受害者還有進監獄關，別"}, {"comment_author": "kingearth", "comment_date": ["05/03", "09:39"], "comment_content": "再出來害人了"}, {"comment_author": "tyifgee", "comment_date": ["05/03", "09:39"], "comment_content": "回來扛罪嗎…年輕的繼續在加拿大爽"}, {"comment_author": "kingearth", "comment_date": ["05/03", "09:39"], "comment_content": "在國外享樂的那兩個也趕快歸國投案，別"}, {"comment_author": "kingearth", "comment_date": ["05/03", "09:39"], "comment_content": "在裝模作樣"}, {"comment_author": "phew18", "comment_date": ["05/03", "09:41"], "comment_content": "建議可以跟柯文哲一起關 一起交流醫術喔"}, {"comment_author": "rainylife", "comment_date": ["05/03", "09:43"], "comment_content": "錢都處理好了，當然回來，最後輕判"}, {"comment_author": "newstar13579", "comment_date": ["05/03", "09:43"], "comment_content": "阿就是發現現在政府縱容詐騙 先讓老"}, {"comment_author": "newstar13579", "comment_date": ["05/03", "09:43"], "comment_content": "人回來試水溫 打點一下 一切就緒再"}, {"comment_author": "newstar13579", "comment_date": ["05/03", "09:44"], "comment_content": "讓年輕的回來"}, {"comment_author": "ivi", "comment_date": ["05/03", "09:44"], "comment_content": "台灣不愧是詐騙王國 從有錢人到八加九都在詐"}, {"comment_author": "ivi", "comment_date": ["05/03", "09:44"], "comment_content": "騙"}, {"comment_author": "anchorman13", "comment_date": ["05/03", "09:45"], "comment_content": "菜陰魂都沒關了，這小事"}, {"comment_author": "ymlin0331", "comment_date": ["05/03", "09:45"], "comment_content": "坐商務艙回來嗎？"}, {"comment_author": "hjs06", "comment_date": ["05/03", "09:47"], "comment_content": "想回來用健保的吧，噁心死老頭"}, {"comment_author": "lazyfrog", "comment_date": ["05/03", "09:49"], "comment_content": "六年 十億花完了吧"}, {"comment_author": "adamyang2000", "comment_date": ["05/03", "09:51"], "comment_content": "全家都是騙子"}, {"comment_author": "processor", "comment_date": ["05/03", "09:51"], "comment_content": "槍斃啦 賤畜"}, {"comment_author": "bearma0613", "comment_date": ["05/03", "09:51"], "comment_content": "外役監 緩刑 罪證不足 自己選 ：D"}, {"comment_author": "DimlyLit", "comment_date": ["05/03", "09:51"], "comment_content": "傳為佳話、地區美談"}, {"comment_author": "adamyang2000", "comment_date": ["05/03", "09:52"], "comment_content": "敢死不知恥 天下無敵"}, {"comment_author": "ao5566", "comment_date": ["05/03", "09:53"], "comment_content": "發現回台不會坐牢可以趴趴走很划算齁~"}, {"comment_author": "ao5566", "comment_date": ["05/03", "09:54"], "comment_content": "謝謝你們喜歡台灣縱容犯罪者的司法社會^^"}, {"comment_author": "ebeta", "comment_date": ["05/03", "09:55"], "comment_content": "黨都幫忙安排好了！"}, {"comment_author": "aa8502", "comment_date": ["05/03", "09:56"], "comment_content": "MJIB  My job is busy"}, {"comment_author": "kkoo5888", "comment_date": ["05/03", "09:57"], "comment_content": "回來用健保"}, {"comment_author": "fixjo", "comment_date": ["05/03", "09:57"], "comment_content": "老人回來投案 就醫 棄保？？"}, {"comment_author": "piezo", "comment_date": ["05/03", "09:59"], "comment_content": "一樓是不是傻了 這年頭要有民眾黨或國民黨"}, {"comment_author": "piezo", "comment_date": ["05/03", "10:00"], "comment_content": "證 國蔥才不會追打 保持低調"}, {"comment_author": "zero11995", "comment_date": ["05/03", "10:00"], "comment_content": "左邊調查局女森有沒有IG"}, {"comment_author": "ohimvickey", "comment_date": ["05/03", "10:00"], "comment_content": "為何要回來 賺這麼多"}, {"comment_author": "QQ5566", "comment_date": ["05/03", "10:00"], "comment_content": "打點好了"}, {"comment_author": "Obama19", "comment_date": ["05/03", "10:01"], "comment_content": "還能在國外接受採訪 然後黑道抓不到？"}, {"comment_author": "fufugirl", "comment_date": ["05/03", "10:04"], "comment_content": "是不是要回台看醫生，然後又發現台灣刑"}, {"comment_author": "fufugirl", "comment_date": ["05/03", "10:04"], "comment_content": "責很輕，所以最後回台"}, {"comment_author": "mightymouse", "comment_date": ["05/03", "10:04"], "comment_content": "詐欺判不了多久，而且應該有9成機"}, {"comment_author": "mightymouse", "comment_date": ["05/03", "10:04"], "comment_content": "會保外就醫用健保看病看爽爽"}, {"comment_author": "CTUST", "comment_date": ["05/03", "10:04"], "comment_content": "大概黑道買命 為求活命故意高調曝"}, {"comment_author": "CTUST", "comment_date": ["05/03", "10:05"], "comment_content": "光"}, {"comment_author": "fufugirl", "comment_date": ["05/03", "10:05"], "comment_content": "說不定還可以申請外役監 三餐吃好住好"}, {"comment_author": "fufugirl", "comment_date": ["05/03", "10:05"], "comment_content": "安享晚年"}, {"comment_author": "hatephubbing", "comment_date": ["05/03", "10:05"], "comment_content": "調查局正妹"}, {"comment_author": "CTUST", "comment_date": ["05/03", "10:06"], "comment_content": "調查局真的男帥女正，對比之前洩密"}, {"comment_author": "CTUST", "comment_date": ["05/03", "10:06"], "comment_content": "的，哀"}, {"comment_author": "Bifrost", "comment_date": ["05/03", "10:08"], "comment_content": "關個兩年 待外役監 爽"}, {"comment_author": "Mx1720", "comment_date": ["05/03", "10:09"], "comment_content": "看醫生囉"}, {"comment_author": "Freeven", "comment_date": ["05/03", "10:14"], "comment_content": "不起訴   結案"}, {"comment_author": "tpman77", "comment_date": ["05/03", "10:14"], "comment_content": "10億花完了嗎 回台繼續騙嗎"}, {"comment_author": "miloisgood", "comment_date": ["05/03", "10:15"], "comment_content": "廢物立委要修法了沒"}, {"comment_author": "dowbane", "comment_date": ["05/03", "10:16"], "comment_content": "要不是被遣返怎麼可能會回來"}, {"comment_author": "supertalker", "comment_date": ["05/03", "10:16"], "comment_content": "民進黨員積極介入中"}, {"comment_author": "andre9", "comment_date": ["05/03", "10:16"], "comment_content": "關不到一年就保外就醫了啦 認罪協商"}, {"comment_author": "andre9", "comment_date": ["05/03", "10:16"], "comment_content": "你們韭菜就是活該死好 活該給人騙"}, {"comment_author": "Qoo777", "comment_date": ["05/03", "10:17"], "comment_content": "阿還有2個呢 根本演戲"}, {"comment_author": "kukuyo", "comment_date": ["05/03", "10:19"], "comment_content": "各位尊貴的客人可以回來看病了"}, {"comment_author": "beersea0815", "comment_date": ["05/03", "10:19"], "comment_content": "為什麼只有這兩個需要被遣返？"}, {"comment_author": "beersea0815", "comment_date": ["05/03", "10:20"], "comment_content": "只要不是全部回來投案，根本都只是"}, {"comment_author": "beersea0815", "comment_date": ["05/03", "10:20"], "comment_content": "假議題"}, {"comment_author": "beersea0815", "comment_date": ["05/03", "10:20"], "comment_content": "另外兩個繼續在加拿大吃香喝辣"}, {"comment_author": "ZXCVBNM9999", "comment_date": ["05/03", "10:20"], "comment_content": "一毛錢都不會還，爽用健保，重判一"}, {"comment_author": "ZXCVBNM9999", "comment_date": ["05/03", "10:20"], "comment_content": "年緩刑三年"}, {"comment_author": "NewPassat", "comment_date": ["05/03", "10:21"], "comment_content": "情節重大詐騙緩刑犯"}, {"comment_author": "fire124", "comment_date": ["05/03", "10:25"], "comment_content": "記者找的到 債主找不到 騙三歲小孩"}, {"comment_author": "bingreen", "comment_date": ["05/03", "10:26"], "comment_content": "塔綠班党的人才"}, {"comment_author": "shirleyEchi", "comment_date": ["05/03", "10:26"], "comment_content": "連文章都不會貼"}, {"comment_author": "MFt8009", "comment_date": ["05/03", "10:27"], "comment_content": "台灣司法.......哈哈哈哈哈哈哈哈哈哈哈"}, {"comment_author": "acolam", "comment_date": ["05/03", "10:28"], "comment_content": "笑死 被加拿大庇護打槍 才說自己要回來"}, {"comment_author": "mopigou", "comment_date": ["05/03", "10:28"], "comment_content": "兩個年輕的怎麼沒一起遣返"}, {"comment_author": "patrick123", "comment_date": ["05/03", "10:30"], "comment_content": "難怪當初要受訪鋪路鋪好了"}, {"comment_author": "patrick123", "comment_date": ["05/03", "10:30"], "comment_content": "準備回台灣了吧"}, {"comment_author": "nyyjeter8", "comment_date": ["05/03", "10:31"], "comment_content": "協商好了啊 花點錢打點 輕判繼續爽"}, {"comment_author": "slygun", "comment_date": ["05/03", "10:32"], "comment_content": "立雄夫妻 發大財"}, {"comment_author": "BIGETC", "comment_date": ["05/03", "10:35"], "comment_content": "詐騙不和dpp一起搞 超蠢"}, {"comment_author": "friand", "comment_date": ["05/03", "10:36"], "comment_content": "躲那麼久了，說好了"}, {"comment_author": "cms6384", "comment_date": ["05/03", "10:40"], "comment_content": "有悔意 緩刑三年"}, {"comment_author": "neocomer", "comment_date": ["05/03", "10:43"], "comment_content": "要回來看病了啦"}, {"comment_author": "rejuvenation", "comment_date": ["05/03", "10:44"], "comment_content": "如果每個洗錢犯詐騙犯都這麼重兵最"}, {"comment_author": "rejuvenation", "comment_date": ["05/03", "10:44"], "comment_content": "後可以重判的話 我就不會笑你民進"}, {"comment_author": "rejuvenation", "comment_date": ["05/03", "10:44"], "comment_content": "黨"}, {"comment_author": "sexybox", "comment_date": ["05/03", "10:45"], "comment_content": "可悲的一家人"}, {"comment_author": "dudee", "comment_date": ["05/03", "10:47"], "comment_content": "媽媽怎麼看起來年紀和爸爸差很多？"}, {"comment_author": "dnkofe", "comment_date": ["05/03", "10:50"], "comment_content": "難怪之最近這麼多新聞，是要博取同情吧"}, {"comment_author": "snowbearli", "comment_date": ["05/03", "10:52"], "comment_content": "爽好幾十年了"}, {"comment_author": "b2233a44", "comment_date": ["05/03", "10:53"], "comment_content": "紅光滿面 爽6年才回來"}, {"comment_author": "lingtpe", "comment_date": ["05/03", "10:53"], "comment_content": "一家都垃圾"}, {"comment_author": "tea8888", "comment_date": ["05/03", "10:55"], "comment_content": "貪"}, {"comment_author": "soross123", "comment_date": ["05/03", "10:57"], "comment_content": "絕對是回來看病的"}, {"comment_author": "elia0325", "comment_date": ["05/03", "10:58"], "comment_content": "現在看10億好像也不是很多，謝謝党讓我"}, {"comment_author": "elia0325", "comment_date": ["05/03", "10:58"], "comment_content": "對金額數字都麻木了"}, {"comment_author": "xhung", "comment_date": ["05/03", "10:58"], "comment_content": "笑死 跟孫道存一樣  欠債不還 奢華生活"}, {"comment_author": "LionelFusco", "comment_date": ["05/03", "11:01"], "comment_content": "感覺雙親也過得很滋潤，歡迎歸國"}, {"comment_author": "rs36579tidus", "comment_date": ["05/03", "11:01"], "comment_content": "都喬好了"}, {"comment_author": "oz01", "comment_date": ["05/03", "11:04"], "comment_content": "加害人趕快保護起來，犯罪鬼島罪犯管束"}, {"comment_author": "panmomo", "comment_date": ["05/03", "11:04"], "comment_content": "無法理解這家人"}, {"comment_author": "Paulsic", "comment_date": ["05/03", "11:05"], "comment_content": "被遣返可見還是過得很爽"}, {"comment_author": "ilove5072", "comment_date": ["05/03", "11:08"], "comment_content": "回國保外就醫，爽用健保"}, {"comment_author": "kairiyu", "comment_date": ["05/03", "11:10"], "comment_content": "黨證喬好了，可以回來了，側翼準備出動護"}, {"comment_author": "kairiyu", "comment_date": ["05/03", "11:11"], "comment_content": "航"}, {"comment_author": "gameguy", "comment_date": ["05/03", "11:13"], "comment_content": "關我鳥事"}, {"comment_author": "behapppy", "comment_date": ["05/03", "11:15"], "comment_content": "值了"}, {"comment_author": "SoSmooth", "comment_date": ["05/03", "11:17"], "comment_content": "黑道比警察有用"}, {"comment_author": "sxcv", "comment_date": ["05/03", "11:18"], "comment_content": "調查局妹好正"}, {"comment_author": "garra", "comment_date": ["05/03", "11:19"], "comment_content": "10億哪那麼快花完，老人家住不習慣 想說沒"}, {"comment_author": "garra", "comment_date": ["05/03", "11:19"], "comment_content": "事了 想回台灣爽~~ 反正有錢好辦事~~"}, {"comment_author": "damonter", "comment_date": ["05/03", "11:29"], "comment_content": "心眼比屁眼還小的側翼要大舉出動護航囉"}, {"comment_author": "damonter", "comment_date": ["05/03", "11:29"], "comment_content": " 大家快來看表演噢"}, {"comment_author": "CowBaoGan", "comment_date": ["05/03", "11:31"], "comment_content": "調查局妹子有點正"}, {"comment_author": "leo125160909", "comment_date": ["05/03", "11:33"], "comment_content": "檢調妹好正"}, {"comment_author": "b93510015", "comment_date": ["05/03", "11:33"], "comment_content": "這個大概又是輕判了吧"}, {"comment_author": "carlos0711", "comment_date": ["05/03", "11:38"], "comment_content": "整家人都是垃圾"}, {"comment_author": "d1438a", "comment_date": ["05/03", "11:39"], "comment_content": "神女調查員真相"}, {"comment_author": "headcase", "comment_date": ["05/03", "11:43"], "comment_content": "馬上就用台灣人的健保 保外就醫^_^"}, {"comment_author": "turgnev", "comment_date": ["05/03", "11:43"], "comment_content": "笑死我才不相信有黑道。加拿大這麼好抓"}, {"comment_author": "aero0413", "comment_date": ["05/03", "11:43"], "comment_content": "回來用健保了？"}, {"comment_author": "turgnev", "comment_date": ["05/03", "11:44"], "comment_content": "都抓不到，純粹就是回來洗白而已。"}, {"comment_author": "turgnev", "comment_date": ["05/03", "11:44"], "comment_content": "黑道的說法不過就是公關公司用來安慰韭"}, {"comment_author": "turgnev", "comment_date": ["05/03", "11:44"], "comment_content": "菜的。"}, {"comment_author": "diefirst", "comment_date": ["05/03", "11:44"], "comment_content": "一樓……"}, {"comment_author": "coolmark01", "comment_date": ["05/03", "11:45"], "comment_content": "根據我黨的尿性很大機率會給輕判…"}, {"comment_author": "beoneg", "comment_date": ["05/03", "11:45"], "comment_content": "口罩拿下來再評論吧…"}, {"comment_author": "damonter", "comment_date": ["05/03", "11:45"], "comment_content": "之前就在他媽試風向要嘗試回來了 什麼憔"}, {"comment_author": "damonter", "comment_date": ["05/03", "11:45"], "comment_content": "之前就在他媽試風向要嘗試回來了 什麼憔"}, {"comment_author": "damonter", "comment_date": ["05/03", "11:45"], "comment_content": "悴在加拿大現身 操你媽不愧是民X黨統治"}, {"comment_author": "damonter", "comment_date": ["05/03", "11:46"], "comment_content": "下的X法系統雙手掰開X眼給民X黨操"}, {"comment_author": "littlepogi", "comment_date": ["05/03", "11:46"], "comment_content": "看醫生啦 還可以循吳淑珍的方式拖"}, {"comment_author": "justin200428", "comment_date": ["05/03", "11:47"], "comment_content": "連口罩都要客製 錢太多"}, {"comment_author": "pilirich", "comment_date": ["05/03", "11:47"], "comment_content": "老到監獄不收就可以回來爽用健保了"}, {"comment_author": "icemonkey200", "comment_date": ["05/03", "11:48"], "comment_content": "不關的機率很大吧"}, {"comment_author": "linginwife", "comment_date": ["05/03", "11:50"], "comment_content": "女警很正"}, {"comment_author": "nansapeace", "comment_date": ["05/03", "11:50"], "comment_content": "回來馬上申請保外就醫  像某人"}, {"comment_author": "Sashaaaa", "comment_date": ["05/03", "11:56"], "comment_content": "人渣"}, {"comment_author": "shitboy", "comment_date": ["05/03", "11:56"], "comment_content": "為何老的被遣返，年輕的不用"}, {"comment_author": "gabimilktea", "comment_date": ["05/03", "12:00"], "comment_content": "回台養老摟 嘻嘻"}, {"comment_author": "Albert0912", "comment_date": ["05/03", "12:01"], "comment_content": "回台享用健保"}, {"comment_author": "cvspka02953", "comment_date": ["05/03", "12:02"], "comment_content": "阿本人呢？"}, {"comment_author": "lolicat", "comment_date": ["05/03", "12:02"], "comment_content": "老人沒錢 回來用健保 年輕的繼續在國外爽"}, {"comment_author": "lolicat", "comment_date": ["05/03", "12:02"], "comment_content": " 10億不要揮霍應該可以用到死"}, {"comment_author": "WOMO", "comment_date": ["05/03", "12:03"], "comment_content": "詐騙行業起飛，台灣真棒"}, {"comment_author": "stark5566", "comment_date": ["05/03", "12:03"], "comment_content": "妹子正"}, {"comment_author": "js52666", "comment_date": ["05/03", "12:05"], "comment_content": "這是技術差被抓到滯留 不然是繼續爽"}, {"comment_author": "karol1314", "comment_date": ["05/03", "12:09"], "comment_content": "應該是有病回來用健保"}, {"comment_author": "jerry886", "comment_date": ["05/03", "12:10"], "comment_content": "40趴的應許之地"}, {"comment_author": "handlesome", "comment_date": ["05/03", "12:10"], "comment_content": "詐騙王國，感謝民進黨政績"}, {"comment_author": "chillybreeze", "comment_date": ["05/03", "12:12"], "comment_content": "人回來了錢呢？沒錢應該槍斃"}, {"comment_author": "demetrylin", "comment_date": ["05/03", "12:13"], "comment_content": "一直放消息就是已經喬好了。無恥"}, {"comment_author": "wailman", "comment_date": ["05/03", "12:13"], "comment_content": "揮霍完了？"}, {"comment_author": "keith780902", "comment_date": ["05/03", "12:13"], "comment_content": "爽完回台找靠山啦"}, {"comment_author": "mopigou", "comment_date": ["05/03", "12:14"], "comment_content": "準備交保回家吹冷氣了"}, {"comment_author": "camerara", "comment_date": ["05/03", "12:16"], "comment_content": "犯婦奈奈"}, {"comment_author": "TobyH4cker", "comment_date": ["05/03", "12:18"], "comment_content": "回國向民進黨取經"}, {"comment_author": "TWPresident", "comment_date": ["05/03", "12:18"], "comment_content": "女調查局不知道有沒有被上校訓練官"}, {"comment_author": "tr000064", "comment_date": ["05/03", "12:19"], "comment_content": "追不回的啦"}, {"comment_author": "capcombio", "comment_date": ["05/03", "12:22"], "comment_content": "這劇本編的很爛"}, {"comment_author": "carolgilbert", "comment_date": ["05/03", "12:22"], "comment_content": "緩刑跟易科罰金，2選一"}, {"comment_author": "dream74917", "comment_date": ["05/03", "12:23"], "comment_content": "10萬交保"}, {"comment_author": "secret0409", "comment_date": ["05/03", "12:24"], "comment_content": "旁邊兩個好正"}, {"comment_author": "meta41110", "comment_date": ["05/03", "12:26"], "comment_content": ""}, {"comment_author": "meta41110", "comment_date": ["05/03", "12:26"], "comment_content": " ﾟдﾟ)凸早說又不會怎樣"}, {"comment_author": "meta41110", "comment_date": ["05/03", "12:27"], "comment_content": "人民喜愛詐騙尤其南部人阿怎麼了報應拉"}, {"comment_author": "js6661212", "comment_date": ["05/03", "12:28"], "comment_content": "外役監卡好位了"}, {"comment_author": "tlsg2", "comment_date": ["05/03", "12:28"], "comment_content": "沒加入黨 不然包你全家平安喜樂"}, {"comment_author": "meta41110", "comment_date": ["05/03", "12:29"], "comment_content": "早上大戲演完拉可以解散了"}, {"comment_author": "wulinuelf", "comment_date": ["05/03", "12:31"], "comment_content": "調查官好美"}, {"comment_author": "a6dddd", "comment_date": ["05/03", "12:32"], "comment_content": "不要在那邊貴婦貴婦的叫 請叫他們通緝犯"}, {"comment_author": "ipadpro2", "comment_date": ["05/03", "12:33"], "comment_content": "健保卡用起來，保外就醫爽嗨嗨？"}, {"comment_author": "wowcool7", "comment_date": ["05/03", "12:33"], "comment_content": "回來用健保？"}, {"comment_author": "Julianan", "comment_date": ["05/03", "12:35"], "comment_content": "這種後代一定斷子絕孫"}, {"comment_author": "LoveMISIA", "comment_date": ["05/03", "12:39"], "comment_content": "犯婦奈奈"}, {"comment_author": "blairkimi", "comment_date": ["05/03", "12:39"], "comment_content": "IG++"}, {"comment_author": "hank9201", "comment_date": ["05/03", "12:41"], "comment_content": "等一下交保 重判緩刑"}, {"comment_author": "peja1016", "comment_date": ["05/03", "12:46"], "comment_content": "錢處理好了要回台灣用健保了"}, {"comment_author": "haverjohn", "comment_date": ["05/03", "12:49"], "comment_content": "放爸媽回來受罪也是蠻屌的，母親節禮物"}, {"comment_author": "shioulanyu", "comment_date": ["05/03", "12:53"], "comment_content": "做戲 很快就能交保了 檢警保護還沒人"}, {"comment_author": "shioulanyu", "comment_date": ["05/03", "12:53"], "comment_content": "敢對他們怎樣"}, {"comment_author": "shyoulol", "comment_date": ["05/03", "13:05"], "comment_content": "回來爽用健保"}, {"comment_author": "shyoulol", "comment_date": ["05/03", "13:05"], "comment_content": "加入民眾黨就可以無罪還選立委了"}, {"comment_author": "whface", "comment_date": ["05/03", "13:07"], "comment_content": "台灣詐騙都輕放，騙了10億回來超划算"}, {"comment_author": "xhl12000", "comment_date": ["05/03", "13:07"], "comment_content": "跟民進党喬好了，之前還靠媒體裝慘"}, {"comment_author": "nilotafty", "comment_date": ["05/03", "13:07"], "comment_content": "反正你們也拿我們沒咋 乖乖付健保費"}, {"comment_author": "simo520", "comment_date": ["05/03", "13:08"], "comment_content": "老婆身上行頭很貴"}, {"comment_author": "DeStory", "comment_date": ["05/03", "13:14"], "comment_content": "捐個五億給黨，四張黨證，安享晚年"}, {"comment_author": "mikasakai", "comment_date": ["05/03", "13:16"], "comment_content": "老人快死了，出來坦沒差幾年"}, {"comment_author": "vux", "comment_date": ["05/03", "13:26"], "comment_content": "爽用健保，超爽的"}, {"comment_author": "K0RVER", "comment_date": ["05/03", "13:27"], "comment_content": "溫馨"}, {"comment_author": "XDnz", "comment_date": ["05/03", "13:43"], "comment_content": "歡迎歸國"}, {"comment_author": "denchown", "comment_date": ["05/03", "13:43"], "comment_content": "藍白 毀憲亂政 都沒事嗎???"}, {"comment_author": "proton", "comment_date": ["05/03", "13:54"], "comment_content": "我贊成他們在牢裡用健保，外役監也可以"}, {"comment_author": "cavalier123", "comment_date": ["05/03", "13:57"], "comment_content": "哇靠，無保請回也太爽，真的是回臺灣"}, {"comment_author": "cavalier123", "comment_date": ["05/03", "13:58"], "comment_content": "養老，看病，用健保的"}, {"comment_author": "rosydark", "comment_date": ["05/03", "14:12"], "comment_content": "推兩老回來送死，草泥馬垃圾詐騙仔"}, {"comment_author": "joeway0088", "comment_date": ["05/03", "14:17"], "comment_content": "欸不是，調查局的那麼正沒人發現嗎？"}, {"comment_author": "dennis02", "comment_date": ["05/03", "14:22"], "comment_content": "跪父奈奈"}, {"comment_author": "yafayu", "comment_date": ["05/03", "14:24"], "comment_content": "拜託 加拿大比台灣更早還有健保好嗎…"}, {"comment_author": "KadourZiani", "comment_date": ["05/03", "14:31"], "comment_content": "他們想讓老人發揮餘生最後的價值啊"}, {"comment_author": "nicayoung", "comment_date": ["05/03", "14:47"], "comment_content": "做做樣子，要回台爽囉"}, {"comment_author": "max9527", "comment_date": ["05/03", "14:51"], "comment_content": "做做樣子啦 根本不會有事 風頭過就回來爽"}, {"comment_author": "deathbead", "comment_date": ["05/03", "14:52"], "comment_content": "好險現在詐騙已經沒什麼了"}, {"comment_author": "herro180", "comment_date": ["05/03", "15:22"], "comment_content": "7414"}, {"comment_author": "AyanoSushi", "comment_date": ["05/03", "15:33"], "comment_content": "廢物畜生死全家剛好"}, {"comment_author": "carlos159357", "comment_date": ["05/03", "15:40"], "comment_content": "好像超正那調查員"}, {"comment_author": "qwe159236", "comment_date": ["05/03", "15:42"], "comment_content": "左邊調查人員戀愛了"}, {"comment_author": "vev", "comment_date": ["05/03", "16:07"], "comment_content": "台灣健保這麼厲害！還可以抓通緝犯"}, {"comment_author": "shachier", "comment_date": ["05/03", "16:09"], "comment_content": "錢花完了.該用健保了"}, {"comment_author": "nocrazim8205", "comment_date": ["05/03", "16:53"], "comment_content": "@barry1027gg 他們住的地方是P島都"}, {"comment_author": "nocrazim8205", "comment_date": ["05/03", "16:53"], "comment_content": "是福智人，有法師跟金夢容，幾乎有"}, {"comment_author": "nocrazim8205", "comment_date": ["05/03", "16:53"], "comment_content": "自己的系統過得很爽好嗎"}, {"comment_author": "aallens", "comment_date": ["05/03", "17:34"], "comment_content": "n大有掛^^"}, {"comment_author": "B9702115", "comment_date": ["05/03", "17:51"], "comment_content": "有外役監可以坐，幹麼怕"}, {"comment_author": "WiserWilly", "comment_date": ["05/03", "18:01"], "comment_content": "通緝犯回國 笑死"}, {"comment_author": "Megalo", "comment_date": ["05/03", "22:47"], "comment_content": "左右護法 我選不出來 兩個都喜歡>\\\\\\\\<"}, {"comment_author": "richsogood", "comment_date": ["05/04", "00:30"], "comment_content": "演戲演一演就沒事了"}, {"comment_author": "Godhas56", "comment_date": ["05/04", "01:00"], "comment_content": "重點都在 搜查官"}, {"comment_author": "ruby0502007", "comment_date": ["05/04", "05:54"], "comment_content": "不是公婆嗎？變成男友惹？"}, {"comment_author": "adamyang2000", "comment_date": ["05/04", "14:13"], "comment_content": "粿婦奶奶 司法的貞操不容賤踏 回家"}, {"comment_author": "adamyang2000", "comment_date": ["05/04", "14:14"], "comment_content": "吧"}, {"comment_author": "kinik", "comment_date": ["05/05", "13:35"], "comment_content": "錢花光了？"}]}
