{"author": "st210113 (會飛的豬不稀奇)", "category": "Gossiping", "title": "[新聞] 女友被麻吉2度亂來！他「為香油錢」點頭", "date": "Fri May  3 22:58:11 2024", "content": ["1.媒體來源:TVBS2.記者署名:樓冠陞3.完整新聞標題:女友被麻吉2度亂來！他「為香油錢」點頭幫把風　瞎喊：妳要忍耐4.完整新聞內文:高雄有一名薛姓男子為了家中的香油錢著想，竟將嫩妹女友A女介紹給葉姓友人認識，且不但眼睜睜看著女友被葉男2度亂來，還在外把風要求女友「忍耐」。A女事後因又被薛男硬上懷孕，故決定向2人提告。此案經橋頭地院審理後，法官依妨害性自主罪，分別判處薛男、葉男3年8月、2年6月有期徒刑，全案可上訴。判決書指出，薛男在2019年與A女同居時，為了保住自家香油錢，將女友介紹給經營手機店的葉男認識。但就在2020年4月、5月間，葉男竟2度在手機店內對A女亂來，且薛男不但要求女友「忍耐」，自己還在房外把風。此外，薛男在2020年8月下旬時，也在住處內不顧A女意願強行發生性關係「搞出人命」，令A女事後氣憤不已、決定向2人提告。葉男在法庭上坦承，自己的確有與A女發生2次性關係，但皆為「兩情相悅」。至於薛男則辯稱，他在得知A女懷孕後曾與對方家人討論是否結婚，但他卻稱自己是同性戀、堅決否認有對女友伸出狼爪，同時他也質疑A女有與其他人發生關係，故懷孕未必與他有關。此案經橋頭地院審理後，法官認為A女針對全案過程描述清晰，不太可能是憑空虛構，故決定採信其陳述與證詞，並判處葉男因2度性侵得逞，合併執行2年6月有期徒刑。另外，薛男同樣因違反妨害性自主罪，判處3年8月有期徒刑，全案可上訴。5.完整新聞連結 (或短網址)不可用YAHOO、LINE、MSN等轉載媒體:", "6.備註:", "--為了香油錢把女朋友賣了這三小劇本--"], "post_comment": [{"comment_author": "MrSherlock", "comment_date": ["05/03", "22:59"], "comment_content": "自己挑的男友"}, {"comment_author": "ccbbaa", "comment_date": ["05/03", "23:05"], "comment_content": "那是龜公吧 男友?"}, {"comment_author": "bluesky2", "comment_date": ["05/03", "23:23"], "comment_content": "+9妹就是這樣啊 笑死"}, {"comment_author": "xc2v", "comment_date": ["05/03", "23:47"], "comment_content": "機頭?"}]}
