{"author": "Angels5566 (迷糊小書僮)", "category": "Gossiping", "title": "[新聞] 又不甩北市...啟動解約台智光沒來開會 市", "date": "Thu May  2 17:34:07 2024", "content": ["又不甩北市...啟動解約台智光沒來開會 市府：依函文處理2024-05-02 17:30 聯合報／ 記者 林麗玉 ／台北即時報導台北市政府警用監視器傳輸費爭議，市長蔣萬安上月發函台智光啟動解除專案費率子約，不過台智光上月19日回文北市府表示「不服」，市長蔣萬安指示啟動爭議調處機制，原訂市府與台智光今天下午開會，不過等到下午三點半，台智光都沒派人，要求的內容未派員說明，副秘書長張溫德表示，接下來市府會依照跟台智網公司的函文內容，繼續處理後面的程序。台北市警用監視器傳輸費3M高費率爭議，因前市長柯文哲任內月租費訂定每月2200元，引發爭議，蔣萬安上月8日宣布啟動終止與台智光專案費率子約作業，市府並且給予台智光15天內說明，不過說明期限前，台智光19日回文表示不服。蔣萬安當時受訪也表示，市府接下來會啟動爭議調處機制，會請台智光來開會協調，希望達成共識，未來希望回到母約公版費率1761元，並和台灣主要電信業者洽談備援系統。不過原定今天下午開會，台智光依舊未派人出席及說明。張溫德表示，因台智光公司市府一直等到下午三點半，都沒有派員來提送資料，針對市府要求的內容也未派員作說明，所以今天會議就到這邊，市府會依照跟台智網公司的函文內容，繼續處理後面的程序。", "-----Sent from JPTT on my Asus ASUS_I002D.--", "--"], "post_comment": [{"comment_author": "iovoecu", "comment_date": ["03/14", "11:11"], "comment_content": "不准說謊"}, {"comment_author": "Angels5566", "comment_date": ["03/14", "11:11"], "comment_content": "樓下484有愛滋"}, {"comment_author": "wet00428", "comment_date": ["03/14", "11:11"], "comment_content": "4"}, {"comment_author": "wet00428", "comment_date": ["03/14", "11:11"], "comment_content": "幹你娘的"}, {"comment_author": "dai26", "comment_date": ["05/02", "17:37"], "comment_content": "還真囂張呢！"}, {"comment_author": "qazxc1156892", "comment_date": ["05/02", "17:37"], "comment_content": "難怪藍綠急著打柯"}, {"comment_author": "pomelolawod", "comment_date": ["05/02", "17:38"], "comment_content": "開始皮了"}, {"comment_author": "andel121", "comment_date": ["05/02", "17:39"], "comment_content": "國民黨真的蠢到以為打柯能幫自己加分"}, {"comment_author": "dai26", "comment_date": ["05/02", "17:39"], "comment_content": "看起來這台智光案真的是蠻大條的，難怪柯"}, {"comment_author": "dai26", "comment_date": ["05/02", "17:39"], "comment_content": "莫名高調打蔣"}, {"comment_author": "sobiNOva", "comment_date": ["05/02", "17:40"], "comment_content": "好戲"}, {"comment_author": "littlehappy1", "comment_date": ["05/02", "17:41"], "comment_content": "民眾黨摸走kmt一個未來立委後選人"}, {"comment_author": "littlehappy1", "comment_date": ["05/02", "17:41"], "comment_content": "kmt當然要全力反擊 還拉了好朋友dpp"}, {"comment_author": "inderal", "comment_date": ["05/02", "17:48"], "comment_content": "幫柯P擦屁股，真辛苦"}, {"comment_author": "scott0104", "comment_date": ["05/02", "18:03"], "comment_content": "章公子你又被放鴿子啦"}, {"comment_author": "cyora", "comment_date": ["05/02", "18:11"], "comment_content": "準備打官司"}, {"comment_author": "steven005", "comment_date": ["05/02", "18:21"], "comment_content": "蔣安安不是很有尬資嗎 現在怎麼辦"}]}
