{"author": "Clarkliu (noname)", "category": "Gossiping", "title": "[新聞] 貧富差距拉大 主計長朱澤民：「財富再分", "date": "Wed May  1 11:52:39 2024", "content": ["貧富差距拉大 主計長朱澤民：「財富再分配」偏向共產主義 要慎重聯合報／ 記者陳儷方／台北即時報導主計總處時隔30年首次發布家庭財富分配統計，貧富差距從16.8倍擴大至66.9倍，立法院主計長朱澤民今日表示，從調查中發現財富最低的20％家庭，金融負債很高，所以理財應該謹慎，至於貧富再分配的問題，他認為要慎重，因為再分配會偏向共產主義。不過，時隔30年才公布的家庭財富分配統計，未來不必等那麼久了，朱澤民說，4年做一次統計是恰當的。立法院財政委員會今日邀請主計總處、財政部、經濟部、勞動部、國發會等單位針對「如何改善受雇人員報酬占GDP比重偏低現象，導引企業與勞工共享獲利，提升台灣勞工實質薪資」，進行專題報告。立委林德福質詢朱澤民，貧富差距擴大至66.9倍是否是資本主義國家發展下產生的必要之惡？朱澤民表示，這是原因之一，但一般不會這樣做貧富差距的比較，只有台灣喜歡做比較，有些國家最低的那一層資產淨值為負，再去做貧富差距比較是沒有意義的。林德福表示，政府一手調高社會福利預算，一手稅制改革的模式，是否希望能夠緩衝貧富差距？朱澤民回應說，貧富再分配要慎重，因為那很偏向共產主義。--.........----"], "post_comment": [{"comment_author": "psee", "comment_date": ["05/01", "11:54"], "comment_content": ""}, {"comment_author": "PanaS0Nic", "comment_date": ["05/01", "11:54"], "comment_content": "不愧是澤民"}, {"comment_author": "DASHOCK", "comment_date": ["05/01", "11:54"], "comment_content": "確實  不能像北歐那些共產國家"}, {"comment_author": "youcheng59", "comment_date": ["05/01", "11:55"], "comment_content": "不就偏向綠共，難得說真話QQ"}, {"comment_author": "IRPT001", "comment_date": ["05/01", "11:55"], "comment_content": "封建化"}, {"comment_author": "ladygaga168", "comment_date": ["05/01", "11:55"], "comment_content": ""}, {"comment_author": "forgetme", "comment_date": ["05/01", "11:56"], "comment_content": "北歐是真正的高福利社會主義國家"}, {"comment_author": "takeda3234", "comment_date": ["05/01", "11:56"], "comment_content": "綠色共產台灣國 不意外"}, {"comment_author": "forgetme", "comment_date": ["05/01", "11:57"], "comment_content": "中國其實不是共產主義，是大漢族中"}, {"comment_author": "forgetme", "comment_date": ["05/01", "11:57"], "comment_content": "國特色極右民族資本主義"}, {"comment_author": "magamanzero", "comment_date": ["05/01", "11:57"], "comment_content": "社會主義表示:當我死人?"}, {"comment_author": "kasim15", "comment_date": ["05/01", "11:58"], "comment_content": "聰明"}, {"comment_author": "RisingTackle", "comment_date": ["05/01", "11:59"], "comment_content": "從16.8倍擴大至66.9倍"}, {"comment_author": "HatanoKokoro", "comment_date": ["05/01", "11:59"], "comment_content": "那就讓健保點數1比1阿"}, {"comment_author": "Refauth", "comment_date": ["05/01", "12:00"], "comment_content": "為了避免共產主義，我們需要拉大貧富差距"}, {"comment_author": "z0", "comment_date": ["05/01", "12:01"], "comment_content": "懂了 塔綠班表示窮人去死 是這樣的對吧"}, {"comment_author": "gaym19", "comment_date": ["05/01", "12:01"], "comment_content": "縮小貧富差距你跟我扯共產"}, {"comment_author": "a1234shin", "comment_date": ["05/01", "12:01"], "comment_content": "在公三小..."}, {"comment_author": "richjf", "comment_date": ["05/01", "12:02"], "comment_content": "避免共產 要奴隸主制"}, {"comment_author": "andy50814", "comment_date": ["05/01", "12:02"], "comment_content": "贏者全拿 沒毛病啊"}, {"comment_author": "kingearth", "comment_date": ["05/01", "12:02"], "comment_content": "簡單來說就是抗中保台，台灣的民主就是"}, {"comment_author": "kingearth", "comment_date": ["05/01", "12:03"], "comment_content": "鼓勵炒房，貧富差距大讓窮苦人家世世代"}, {"comment_author": "kingearth", "comment_date": ["05/01", "12:03"], "comment_content": "代當奴隸，有民進黨好放心"}, {"comment_author": "kning", "comment_date": ["05/01", "12:04"], "comment_content": "40%低端的優質選擇"}, {"comment_author": "lipstick", "comment_date": ["05/01", "12:04"], "comment_content": "確實"}, {"comment_author": "kuosha", "comment_date": ["05/01", "12:05"], "comment_content": "真的很民進黨"}, {"comment_author": "ter2788", "comment_date": ["05/01", "12:05"], "comment_content": "所以貧富差距越大不用解決?"}, {"comment_author": "imba789", "comment_date": ["05/01", "12:05"], "comment_content": "笑死，什麼言論，現行名為共產實為極權"}, {"comment_author": "marc47", "comment_date": ["05/01", "12:06"], "comment_content": "共產跟均富也可以扯上關係"}, {"comment_author": "ohiu", "comment_date": ["05/01", "12:08"], "comment_content": "誰跟你財富再分配，是綠共劫貧濟富不當政策"}, {"comment_author": "botnet", "comment_date": ["05/01", "12:08"], "comment_content": "不就你無能嗎"}, {"comment_author": "TCPai", "comment_date": ["05/01", "12:09"], "comment_content": "笑，連這個都可以扯共產黨"}, {"comment_author": "boycott", "comment_date": ["05/01", "12:09"], "comment_content": " 中共同路人?"}, {"comment_author": "scott032", "comment_date": ["05/01", "12:10"], "comment_content": "意思是韭菜就該當韭菜"}, {"comment_author": "yurmom", "comment_date": ["05/01", "12:10"], "comment_content": "有啊 因為年金破產所以把原本答應給老人的"}, {"comment_author": "pro33342", "comment_date": ["05/01", "12:10"], "comment_content": "吃20元麵線就好了 不會窮"}, {"comment_author": "yurmom", "comment_date": ["05/01", "12:10"], "comment_content": "錢砍光光發給年輕人"}, {"comment_author": "snavy", "comment_date": ["05/01", "12:11"], "comment_content": "三民主義：？？"}, {"comment_author": "pomelolawod", "comment_date": ["05/01", "12:11"], "comment_content": "那你主計長之前在講什麼鬼話？"}, {"comment_author": "SShirakawa", "comment_date": ["05/01", "12:11"], "comment_content": "好的政府會盡量取平衡減少相對剝奪感"}, {"comment_author": "herro760920", "comment_date": ["05/01", "12:12"], "comment_content": "智障，怎麼不說是北歐社會主義"}, {"comment_author": "herro760920", "comment_date": ["05/01", "12:12"], "comment_content": "幹你嗎一群垃圾公務員"}, {"comment_author": "Bagwell", "comment_date": ["05/01", "12:12"], "comment_content": "翻譯：低端別來搶我們有錢人的錢"}, {"comment_author": "seedli", "comment_date": ["05/01", "12:13"], "comment_content": "民生主義就是共產主義，主計長回去再念書"}, {"comment_author": "molsmopuim", "comment_date": ["05/01", "12:15"], "comment_content": "他知道自己在說什麼嗎~“~"}, {"comment_author": "BIGETC", "comment_date": ["05/01", "12:17"], "comment_content": "讓你買不起房是為了防共 懂嗎"}, {"comment_author": "jim986988", "comment_date": ["05/01", "12:17"], "comment_content": "40%：一窮二白 挺到底"}, {"comment_author": "splong", "comment_date": ["05/01", "12:17"], "comment_content": "全民健保也偏向共產主義，不檢討一下嗎?"}, {"comment_author": "plokm1221", "comment_date": ["05/01", "12:18"], "comment_content": "謝謝黨"}, {"comment_author": "jerrykyo", "comment_date": ["05/01", "12:19"], "comment_content": "你是說北歐都是共產國家嗎"}, {"comment_author": "plbroum88", "comment_date": ["05/01", "12:20"], "comment_content": "那不然劫貧濟富好不好？"}, {"comment_author": "wilson3435", "comment_date": ["05/01", "12:20"], "comment_content": "財富分配太均勻會變共產國家，好危險"}, {"comment_author": "wilson3435", "comment_date": ["05/01", "12:20"], "comment_content": "，還好台灣貧富不均"}, {"comment_author": "OEC100", "comment_date": ["05/01", "12:21"], "comment_content": "笑死，那社服砍光吧"}, {"comment_author": "haniah", "comment_date": ["05/01", "12:22"], "comment_content": "這個垃圾在說什麼鬼話"}, {"comment_author": "zxzzzzzzzzzz", "comment_date": ["05/01", "12:23"], "comment_content": "請問北歐重稅相對福利好，是共產黨"}, {"comment_author": "zxzzzzzzzzzz", "comment_date": ["05/01", "12:23"], "comment_content": "化嗎？滿朝官員都是這種，吸國家的"}, {"comment_author": "zxzzzzzzzzzz", "comment_date": ["05/01", "12:23"], "comment_content": "血養老等死的"}, {"comment_author": "anachronism", "comment_date": ["05/01", "12:24"], "comment_content": "麵線20元"}, {"comment_author": "zxzzzzzzzzzz", "comment_date": ["05/01", "12:25"], "comment_content": "混吃等死滿朝文武，配上賴皮昏君，"}, {"comment_author": "zxzzzzzzzzzz", "comment_date": ["05/01", "12:25"], "comment_content": "很好滅國絕配"}, {"comment_author": "Tomince", "comment_date": ["05/01", "12:26"], "comment_content": "是不是很想繼續做到退休阿"}, {"comment_author": "douxid", "comment_date": ["05/01", "12:28"], "comment_content": "原來就是這個垃圾，為什麼沒有揪我一起去"}, {"comment_author": "douxid", "comment_date": ["05/01", "12:28"], "comment_content": "吃20元的蚵仔麵線。"}, {"comment_author": "aa52189", "comment_date": ["05/01", "12:29"], "comment_content": "垃圾"}, {"comment_author": "DARKMS", "comment_date": ["05/01", "12:31"], "comment_content": "翻譯：窮人做什麼跑車夢"}, {"comment_author": "kickflip", "comment_date": ["05/01", "12:31"], "comment_content": "四年統計一次才可以躲好躲滿"}, {"comment_author": "ebeta", "comment_date": ["05/01", "12:33"], "comment_content": "財富全集中在民進黨那"}, {"comment_author": "ymlin0331", "comment_date": ["05/01", "12:36"], "comment_content": "請對有錢人課稅，不要閃躲"}, {"comment_author": "RSFSR", "comment_date": ["05/01", "12:39"], "comment_content": "你的名字取得真好"}, {"comment_author": "sellasheep", "comment_date": ["05/01", "12:41"], "comment_content": "原來民進黨主張支持擴大貧富差距"}, {"comment_author": "kimfor", "comment_date": ["05/01", "12:41"], "comment_content": "什麼時候退休？太智障了"}, {"comment_author": "koexe", "comment_date": ["05/01", "12:51"], "comment_content": "欲蓋彌彰 何患無辭"}, {"comment_author": "lalamio", "comment_date": ["05/01", "13:00"], "comment_content": "這麼愛藏富於民應該不要收稅啊"}, {"comment_author": "luben", "comment_date": ["05/01", "13:01"], "comment_content": "共產式健保還不是用好用滿用爽？？壓榨別人"}, {"comment_author": "steelheart3", "comment_date": ["05/01", "13:04"], "comment_content": "健保跟退休金制度就夠共產了 立委還"}, {"comment_author": "steelheart3", "comment_date": ["05/01", "13:04"], "comment_content": "想賺選票搞下去"}, {"comment_author": "a177542016", "comment_date": ["05/01", "13:07"], "comment_content": "扯入 在講什麼啊"}, {"comment_author": "endlesskarma", "comment_date": ["05/01", "13:09"], "comment_content": "民進黨貪污賺百億 就不像共產"}, {"comment_author": "retrud", "comment_date": ["05/01", "13:10"], "comment_content": "拉大叫共產  去拿諾貝爾獎把馬克思氣活"}, {"comment_author": "teddy72", "comment_date": ["05/01", "13:17"], "comment_content": "剛好配合綠共阿"}, {"comment_author": "tasy4n", "comment_date": ["05/01", "13:18"], "comment_content": ""}, {"comment_author": "Evoque", "comment_date": ["05/01", "13:22"], "comment_content": "說白話給推"}, {"comment_author": "joanrey", "comment_date": ["05/01", "13:31"], "comment_content": "這傢伙就是說蚵仔麵線20元的混帳,不意外"}, {"comment_author": "ab4daa", "comment_date": ["05/01", "13:34"], "comment_content": "紅綠共都不共產一家親^^"}, {"comment_author": "crazywar", "comment_date": ["05/01", "13:37"], "comment_content": "那就取消分級課稅啊"}, {"comment_author": "buyala", "comment_date": ["05/01", "14:11"], "comment_content": "你政府不要一直把錢送人阿"}, {"comment_author": "ccjj8", "comment_date": ["05/01", "14:17"], "comment_content": "哇靠 錢不給富人賺就是共產主義？？"}, {"comment_author": "pttjoe", "comment_date": ["05/01", "14:23"], "comment_content": "鬼島 +1"}, {"comment_author": "william2001", "comment_date": ["05/01", "14:35"], "comment_content": "新北市就網友查到1家40元的蚵仔麵線"}, {"comment_author": "william2001", "comment_date": ["05/01", "14:35"], "comment_content": "我自已在台北市找到的都要45元以上"}, {"comment_author": "j68345517", "comment_date": ["05/01", "14:36"], "comment_content": "在這行裡共產主義是髒話"}, {"comment_author": "luben", "comment_date": ["05/01", "15:06"], "comment_content": "共產主義是髒話,但是用來箝制醫療業94聖人"}, {"comment_author": "jazzprozac", "comment_date": ["05/01", "15:47"], "comment_content": "三小 這和民進黨被諷刺的綠共有啥關係"}, {"comment_author": "jazzprozac", "comment_date": ["05/01", "15:47"], "comment_content": " 說的人邏輯要重修了 笑死"}, {"comment_author": "yclin", "comment_date": ["05/01", "15:49"], "comment_content": "難道共產黨就沒有貧富差距？"}, {"comment_author": "jazzprozac", "comment_date": ["05/01", "15:49"], "comment_content": "批評貧富差距的是民眾與在野 執政者官"}, {"comment_author": "jazzprozac", "comment_date": ["05/01", "15:49"], "comment_content": "員說再分配無異於共產 這樣叫綠共？"}, {"comment_author": "jazzprozac", "comment_date": ["05/01", "15:50"], "comment_content": "但民進黨真的該推出政策抑制房地產炒"}, {"comment_author": "jazzprozac", "comment_date": ["05/01", "15:50"], "comment_content": "作 而且是真的要打得到痛點點 不然都"}, {"comment_author": "jazzprozac", "comment_date": ["05/01", "15:50"], "comment_content": "是廢物"}, {"comment_author": "emarl5566", "comment_date": ["05/01", "15:57"], "comment_content": "政府問題不解決 扯東扯西 詭辯"}, {"comment_author": "bigpan", "comment_date": ["05/01", "16:14"], "comment_content": "是不是偷臭綠共"}, {"comment_author": "ZXCVBNM9999", "comment_date": ["05/01", "16:20"], "comment_content": "40%：說的沒錯啊！縮小貧富差距不就"}, {"comment_author": "ZXCVBNM9999", "comment_date": ["05/01", "16:20"], "comment_content": "變共產？敢縮小貧富差距的就是中共"}, {"comment_author": "ZXCVBNM9999", "comment_date": ["05/01", "16:20"], "comment_content": "同路人啦"}, {"comment_author": "sparta40", "comment_date": ["05/01", "17:10"], "comment_content": "偏向共產，你是在說笑話吧"}, {"comment_author": "masatomarisa", "comment_date": ["05/01", "18:04"], "comment_content": "會說出麵線20元的不意外"}, {"comment_author": "newf91G", "comment_date": ["05/01", "18:51"], "comment_content": "現代房奴制"}, {"comment_author": "factotum", "comment_date": ["05/01", "20:37"], "comment_content": "三小 2016 以後就完全向資本主義靠攏哦"}, {"comment_author": "factotum", "comment_date": ["05/01", "20:37"], "comment_content": " 那你娘的民進黨以前是在亂什麼"}, {"comment_author": "roger2", "comment_date": ["05/01", "21:02"], "comment_content": "沒錯 北歐都是共產國家 不能學 XD"}, {"comment_author": "kantantantan", "comment_date": ["05/01", "21:22"], "comment_content": "看來這也是中共同路人"}, {"comment_author": "garyasdf", "comment_date": ["05/01", "21:55"], "comment_content": "翻譯 窮人去死"}, {"comment_author": "fasterbook", "comment_date": ["05/01", "22:22"], "comment_content": "翻譯：綠共，窮人要好好當奴隸"}, {"comment_author": "gueswmi", "comment_date": ["05/01", "22:35"], "comment_content": "差距變大 意味收益分配不均 這麼簡單"}, {"comment_author": "gueswmi", "comment_date": ["05/01", "22:37"], "comment_content": "一種有錢大家賺      一種有錢只給你賺"}, {"comment_author": "gueswmi", "comment_date": ["05/01", "22:37"], "comment_content": "不用甚麼大道理"}, {"comment_author": "gueswmi", "comment_date": ["05/01", "22:39"], "comment_content": "你的收入=別人的支出 經濟學第一課"}, {"comment_author": "peterwww", "comment_date": ["05/01", "22:58"], "comment_content": "不是這樣吧 主計長 你政治學要重修啊"}, {"comment_author": "kfwibsj", "comment_date": ["05/01", "23:48"], "comment_content": "這種主計處長能待著也是悲哀"}, {"comment_author": "luismars", "comment_date": ["05/02", "02:59"], "comment_content": "民生主義就是共產主義,三民主義白紙黑字"}, {"comment_author": "jokc7839", "comment_date": ["05/02", "07:56"], "comment_content": "台灣原來去共產社會啊"}, {"comment_author": "alan5", "comment_date": ["05/02", "15:06"], "comment_content": "你要不要看看隔壁的貧富差距...？"}, {"comment_author": "alan5", "comment_date": ["05/02", "15:06"], "comment_content": "越拉越大才是走向共產吧87"}, {"comment_author": "victoria666", "comment_date": ["05/03", "17:40"], "comment_content": "其實洗腦也是很共的一點 看過去歷史"}, {"comment_author": "victoria666", "comment_date": ["05/03", "17:40"], "comment_content": "就知道阿"}, {"comment_author": "victoria666", "comment_date": ["05/03", "17:41"], "comment_content": "現在就是在引導貧富差距越小越不好"}, {"comment_author": "victoria666", "comment_date": ["05/03", "17:41"], "comment_content": "貧富差距大才ok嗎 真的很討厭每次"}, {"comment_author": "victoria666", "comment_date": ["05/03", "17:42"], "comment_content": "都講一些話術,把人民當傻瓜"}]}
