{"author": "touyuan (今天左手陪我)", "category": "Gossiping", "title": "[新聞] 快訊／刑事局忠孝東路門口驚見男子陳屍", "date": "Fri May  3 17:13:06 2024", "content": ["1.媒體來源:TVBS2.記者署名:記者 沈冠勳 曾健銘 報導3.完整新聞標題:快訊／刑事局忠孝東路門口驚見男子陳屍車內！緊拉封鎖線調查中4.完整新聞內文:今（3）日下午3時28分在台北市信義區忠孝東路四段刑事警察局正門口，有民眾在一輛白色休旅車內，發現一名46歲男性駕駛倒在車內，立即報警。警消獲報後趕抵現場，呼叫男駕駛並沒有反應，也無法開門；在破窗後發現男子已明顯死亡，目前員警在現場拉起封鎖線，男子詳細的死因及案發過還有待警方進一步調查。5.完整新聞連結 (或短網址)不可用YAHOO、LINE、MSN等轉載媒體:", "6.備註:--發費文 賺p幣 養家活口 靠這篇--"], "post_comment": [{"comment_author": "bill403777", "comment_date": ["05/03", "17:13"], "comment_content": "=="}, {"comment_author": "vowpool", "comment_date": ["05/03", "17:13"], "comment_content": "這是利用死後硬直達成的密室殺人"}, {"comment_author": "SRNOB", "comment_date": ["05/03", "17:14"], "comment_content": "犯罪天堂 瞧不起警察"}, {"comment_author": "sunnywing", "comment_date": ["05/03", "17:14"], "comment_content": "上鎖的車門也算密室殺人吧"}, {"comment_author": "St3480", "comment_date": ["05/03", "17:14"], "comment_content": "選對的人 陳對的屍"}, {"comment_author": "historyway", "comment_date": ["05/03", "17:14"], "comment_content": "違停在賊頭巢穴門口到掛掉"}, {"comment_author": "scum5566", "comment_date": ["05/03", "17:14"], "comment_content": "死意堅決"}, {"comment_author": "james732", "comment_date": ["05/03", "17:14"], "comment_content": "又是台北，柯文哲呢"}, {"comment_author": "gx8759121", "comment_date": ["05/03", "17:15"], "comment_content": "忠孝東路走九遍，累死了"}, {"comment_author": "fufufugogogo", "comment_date": ["05/03", "17:16"], "comment_content": "柯文哲還在睡？"}, {"comment_author": "johnhmj", "comment_date": ["05/03", "17:16"], "comment_content": "完了 刑事局門口要列入兇宅了嗎？"}, {"comment_author": "gameboy666", "comment_date": ["05/03", "17:16"], "comment_content": "小心附近打紅色領結的小男孩"}, {"comment_author": "spzper", "comment_date": ["05/03", "17:17"], "comment_content": "20最好"}, {"comment_author": "oris5", "comment_date": ["05/03", "17:17"], "comment_content": "違停都沒人發現"}, {"comment_author": "winston01", "comment_date": ["05/03", "17:17"], "comment_content": "笑死 紅線違停都可以不要管啊"}, {"comment_author": "gameboy666", "comment_date": ["05/03", "17:17"], "comment_content": "停在紅線上死跟穿紅衣有同樣效果嗎"}, {"comment_author": "zer0319", "comment_date": ["05/03", "17:18"], "comment_content": "拜登不用負責嗎"}, {"comment_author": "IS5F5566", "comment_date": ["05/03", "17:18"], "comment_content": "高雄不意外"}, {"comment_author": "kaminari22tw", "comment_date": ["05/03", "17:20"], "comment_content": "民進黨執政，千億打造社會安全網"}, {"comment_author": "BaDoYao", "comment_date": ["05/03", "17:20"], "comment_content": "不必去查"}, {"comment_author": "historyway", "comment_date": ["05/03", "17:21"], "comment_content": "說不定車主是身體有問題，刻意停在刑"}, {"comment_author": "historyway", "comment_date": ["05/03", "17:21"], "comment_content": "事局門口，希望透過違停吸引賊頭注意"}, {"comment_author": "historyway", "comment_date": ["05/03", "17:21"], "comment_content": "但賊頭居然視若無睹，則家屬可以打國"}, {"comment_author": "historyway", "comment_date": ["05/03", "17:21"], "comment_content": "賠了吧"}, {"comment_author": "DDxMM", "comment_date": ["05/03", "17:22"], "comment_content": "車子被檢舉會怎麼樣"}, {"comment_author": "siloin", "comment_date": ["05/03", "17:22"], "comment_content": "車這種停法八成是身體突然不適"}, {"comment_author": "DDxMM", "comment_date": ["05/03", "17:22"], "comment_content": "罰單燒給他？"}, {"comment_author": "p69005103", "comment_date": ["05/03", "17:24"], "comment_content": "暖"}, {"comment_author": "idealman", "comment_date": ["05/03", "17:26"], "comment_content": "黑社會對警方公權力的挑釁？"}, {"comment_author": "qm21", "comment_date": ["05/03", "17:30"], "comment_content": "死意堅決自殺結案"}, {"comment_author": "KEYSOLIDER", "comment_date": ["05/03", "17:37"], "comment_content": "暖藍市長人呢"}, {"comment_author": "fmp1234", "comment_date": ["05/03", "17:41"], "comment_content": "再不管違停R"}, {"comment_author": "abomgo", "comment_date": ["05/03", "17:41"], "comment_content": "小草-1"}, {"comment_author": "linsiegfried", "comment_date": ["05/03", "18:05"], "comment_content": "藍白治理24年的理想之地"}, {"comment_author": "fairyofmoon", "comment_date": ["05/03", "19:54"], "comment_content": "不必去查"}, {"comment_author": "AMDMARSHAL", "comment_date": ["05/03", "19:57"], "comment_content": "自殺 不必去查"}, {"comment_author": "neoa01", "comment_date": ["05/03", "23:33"], "comment_content": "民進黨完全執政統治台灣8年，要地獄成什"}, {"comment_author": "neoa01", "comment_date": ["05/03", "23:34"], "comment_content": "麼樣子"}, {"comment_author": "dynamo", "comment_date": ["05/04", "00:48"], "comment_content": "這種停法應該是心臟病發之類的吧"}]}
