{"author": "qazxc1156892 (QQ)", "category": "Gossiping", "title": "[新聞] 林智堅任永興資本總經理 背後是三立集團", "date": "Fri May  3 13:45:58 2024", "content": ["2024-05-03 09:46 聯合報／ 記者 蔡晉宇 ／台北即時報導林智堅任永興資本總經理 背後是三立集團", "據了解，", "永興資本公司為三立集團實質掌控公司，從去年國家通訊傳播委員會（NCC）的報告可得到證實。", "對於林智堅新職，國民黨立委羅智強批評，林智堅是民進黨認證的敗選戰犯，指導教授陳明通還可以出書挺，林智堅是政治照妖鏡。", "--"], "post_comment": [{"comment_author": "preisner", "comment_date": ["05/03", "13:46"], "comment_content": "黨媒不ey"}, {"comment_author": "peng978", "comment_date": ["05/03", "13:46"], "comment_content": "跟著黨真好"}, {"comment_author": "jeff0025", "comment_date": ["05/03", "13:46"], "comment_content": "高中學歷當總經理   穩了"}, {"comment_author": "ameko34", "comment_date": ["05/03", "13:46"], "comment_content": "又能黨庫通國庫"}, {"comment_author": "yuk1389", "comment_date": ["05/03", "13:46"], "comment_content": "有犯法嗎? 沒有在那叫什麼"}, {"comment_author": "preisner", "comment_date": ["05/03", "13:46"], "comment_content": "跟著黨,永遠有錢賺"}, {"comment_author": "ncc5566", "comment_date": ["05/03", "13:46"], "comment_content": "竟然不是教育部長 屈材了"}, {"comment_author": "FrankCastle", "comment_date": ["05/03", "13:46"], "comment_content": "顏色正確真的好爽"}, {"comment_author": "Winston13840", "comment_date": ["05/03", "13:47"], "comment_content": "安插個位子給堅哥 那是必須的"}, {"comment_author": "tsairay", "comment_date": ["05/03", "13:47"], "comment_content": "三立要撿他去用喔"}, {"comment_author": "VVizZ", "comment_date": ["05/03", "13:47"], "comment_content": "發大財"}, {"comment_author": "lymyuming", "comment_date": ["05/03", "13:47"], "comment_content": "想升官發財請加入民進黨"}, {"comment_author": "VVizZ", "comment_date": ["05/03", "13:47"], "comment_content": "可以當埔心牧場場長"}, {"comment_author": "WowProctor", "comment_date": ["05/03", "13:47"], "comment_content": "跟著黨爽爽"}, {"comment_author": "hkcdc", "comment_date": ["05/03", "13:47"], "comment_content": "這才是真正大位"}, {"comment_author": "fufufugogogo", "comment_date": ["05/03", "13:47"], "comment_content": "柯韓粉很忌妒"}, {"comment_author": "ivorysoap", "comment_date": ["05/03", "13:47"], "comment_content": "學店大學生都能當大總經理  科科"}, {"comment_author": "RRADA", "comment_date": ["05/03", "13:48"], "comment_content": "[新聞] 柯文哲列貪汙被告！他曝：阿北完蛋"}, {"comment_author": "rhox", "comment_date": ["05/03", "13:48"], "comment_content": "居然不是教育部長??? 真是大材小用"}, {"comment_author": "EEzionT", "comment_date": ["05/03", "13:48"], "comment_content": "好爽喔 反觀社畜"}, {"comment_author": "jeff0025", "comment_date": ["05/03", "13:48"], "comment_content": "是非可以這樣顛倒嗎?"}, {"comment_author": "hkcdc", "comment_date": ["05/03", "13:48"], "comment_content": "以後標案直接給小智"}, {"comment_author": "pomelolawod", "comment_date": ["05/03", "13:48"], "comment_content": "意外嗎"}, {"comment_author": "FannWong", "comment_date": ["05/03", "13:48"], "comment_content": "垃圾羅嘉峰"}, {"comment_author": "TZUYIC", "comment_date": ["05/03", "13:48"], "comment_content": "這種公司也沒救了，抄襲仔當總經理，要怎"}, {"comment_author": "tigertiger", "comment_date": ["05/03", "13:49"], "comment_content": "不是要去美國嗎  都掰的?"}, {"comment_author": "TZUYIC", "comment_date": ["05/03", "13:49"], "comment_content": "麼帶底下員工，老闆也要員工比照抄襲辦事"}, {"comment_author": "OPPAISuki", "comment_date": ["05/03", "13:49"], "comment_content": "嘔 綠友友"}, {"comment_author": "shadowdio", "comment_date": ["05/03", "13:49"], "comment_content": "有土萬爽嗎"}, {"comment_author": "dark0224", "comment_date": ["05/03", "13:49"], "comment_content": "被美國拒絕了？"}, {"comment_author": "TZUYIC", "comment_date": ["05/03", "13:49"], "comment_content": "嗎？撿角了啦～"}, {"comment_author": "runrunkaka", "comment_date": ["05/03", "13:49"], "comment_content": "沒能力 有背景 好棒喔"}, {"comment_author": "DOOT", "comment_date": ["05/03", "13:49"], "comment_content": "經歷有碩士雙殺跟新竹市長應該夠了 一生皺褶"}, {"comment_author": "gyaoqwas", "comment_date": ["05/03", "13:50"], "comment_content": "是非可以顛倒 我信了"}, {"comment_author": "TZUYIC", "comment_date": ["05/03", "13:50"], "comment_content": "一個被撤銷兩本論文的人要當總經理，笑話"}, {"comment_author": "poorenglish", "comment_date": ["05/03", "13:50"], "comment_content": "加入黨 三流學歷也能發達"}, {"comment_author": "oxooao", "comment_date": ["05/03", "13:50"], "comment_content": "你各位還不趕快辦卡"}, {"comment_author": "xc2v", "comment_date": ["05/03", "13:50"], "comment_content": "選對的人"}, {"comment_author": "chisholee", "comment_date": ["05/03", "13:50"], "comment_content": "民間公司想用誰需要問你嗎"}, {"comment_author": "fenderrb", "comment_date": ["05/03", "13:50"], "comment_content": "前雙碩士小英男孩就是厲害"}, {"comment_author": "eeccms", "comment_date": ["05/03", "13:50"], "comment_content": ""}, {"comment_author": "jeff0025", "comment_date": ["05/03", "13:51"], "comment_content": "建議賴神可以找小智當教育部長"}, {"comment_author": "PCC2003", "comment_date": ["05/03", "13:51"], "comment_content": "升官發財請走此路"}, {"comment_author": "yumika", "comment_date": ["05/03", "13:51"], "comment_content": "噁心的民進黨集團"}, {"comment_author": "sunday0913", "comment_date": ["05/03", "13:51"], "comment_content": ""}, {"comment_author": "zhang750115", "comment_date": ["05/03", "13:51"], "comment_content": "她不是說要去美國嗎"}, {"comment_author": "eeccms", "comment_date": ["05/03", "13:51"], "comment_content": ""}, {"comment_author": "megxz", "comment_date": ["05/03", "13:51"], "comment_content": "有蔡英文罩，有總經理當真是爽"}, {"comment_author": "yangweiisi", "comment_date": ["05/03", "13:52"], "comment_content": "抄跑堅不是教育部長嗎？"}, {"comment_author": "swommy", "comment_date": ["05/03", "13:52"], "comment_content": "準教育部長人選欸 入閣才對啊"}, {"comment_author": "kenz666kimo", "comment_date": ["05/03", "13:52"], "comment_content": "總經理抄襲也可以"}, {"comment_author": "bbc0217", "comment_date": ["05/03", "13:52"], "comment_content": "升官發財跟党走"}, {"comment_author": "jamce", "comment_date": ["05/03", "13:52"], "comment_content": "比較想知道他履歷上的學歷填什麼？"}, {"comment_author": "ausome", "comment_date": ["05/03", "13:52"], "comment_content": "選對陣營吃香喝辣"}, {"comment_author": "kasim15", "comment_date": ["05/03", "13:52"], "comment_content": "條碼師覺青不用擔心你們的假學歷帥哥了"}, {"comment_author": "chisholee", "comment_date": ["05/03", "13:52"], "comment_content": "新竹桃園才是瞎了眼 一個準備進土城"}, {"comment_author": "a35715987", "comment_date": ["05/03", "13:53"], "comment_content": "被撤銷論文的當總經理XD"}, {"comment_author": "chisholee", "comment_date": ["05/03", "13:53"], "comment_content": "一個一直在家喝紅酒"}, {"comment_author": "DeRozan5341", "comment_date": ["05/03", "13:53"], "comment_content": "黨的福利真好 位置隨便塞都有"}, {"comment_author": "alex5566", "comment_date": ["05/03", "13:53"], "comment_content": "說個笑話 黨政軍退出媒體"}, {"comment_author": "ayuhb", "comment_date": ["05/03", "13:54"], "comment_content": "哈哈哈哈"}, {"comment_author": "MakeAWash", "comment_date": ["05/03", "13:54"], "comment_content": "雙撤銷學位 很稀有的"}, {"comment_author": "bada", "comment_date": ["05/03", "13:54"], "comment_content": "覽的理他了 他那個背景要混的差還真不容易"}, {"comment_author": "chisholee", "comment_date": ["05/03", "13:54"], "comment_content": "民間公司看中的是能力不是學歴 小草不"}, {"comment_author": "chisholee", "comment_date": ["05/03", "13:54"], "comment_content": "會沒上過班吧"}, {"comment_author": "DrizztMon", "comment_date": ["05/03", "13:54"], "comment_content": "發大財"}, {"comment_author": "ziso", "comment_date": ["05/03", "13:54"], "comment_content": "大學生當經理XDDDDD"}, {"comment_author": "q347", "comment_date": ["05/03", "13:54"], "comment_content": "蘇麗投資之前不就是被說要吃中嘉? 被抓到"}, {"comment_author": "q347", "comment_date": ["05/03", "13:55"], "comment_content": "NCC還在那邊說可以?"}, {"comment_author": "livehouse", "comment_date": ["05/03", "13:55"], "comment_content": "小智～搖下去"}, {"comment_author": "imgkiller", "comment_date": ["05/03", "13:55"], "comment_content": "這個絕對是人才吧。當過市長，政績不錯"}, {"comment_author": "sky001tp", "comment_date": ["05/03", "13:55"], "comment_content": "真不愧是小英男孩(讚）"}, {"comment_author": "imgkiller", "comment_date": ["05/03", "13:55"], "comment_content": "最大的包居然是抄襲論文。你出社會的都"}, {"comment_author": "zero7810", "comment_date": ["05/03", "13:56"], "comment_content": "門神"}, {"comment_author": "ctx1000", "comment_date": ["05/03", "13:56"], "comment_content": "oh ya 顏色ok拉  KMT:"}, {"comment_author": "ziso", "comment_date": ["05/03", "13:56"], "comment_content": "中華大學企管要考三次才考得進夜間部XDDDD"}, {"comment_author": "imgkiller", "comment_date": ["05/03", "13:56"], "comment_content": "應該不會把學歷當回事。尤其是這種管理"}, {"comment_author": "jimlexus", "comment_date": ["05/03", "13:56"], "comment_content": "哇～賺錢囉！"}, {"comment_author": "imgkiller", "comment_date": ["05/03", "13:57"], "comment_content": "層。你台大的學歷有比人家有資格做管理"}, {"comment_author": "tanby", "comment_date": ["05/03", "13:57"], "comment_content": "台灣政黨被媒體控制"}, {"comment_author": "Lowpapa", "comment_date": ["05/03", "13:57"], "comment_content": "顏色正確"}, {"comment_author": "imgkiller", "comment_date": ["05/03", "13:57"], "comment_content": "嗎？"}, {"comment_author": "chisholee", "comment_date": ["05/03", "13:58"], "comment_content": "別忘了王永慶才小學畢業被尊稱經營之"}, {"comment_author": "chisholee", "comment_date": ["05/03", "13:58"], "comment_content": "神"}, {"comment_author": "CMPunk", "comment_date": ["05/03", "13:58"], "comment_content": "好了啦 推文不爽入黨啊 其他黨員也沒我們"}, {"comment_author": "CMPunk", "comment_date": ["05/03", "13:58"], "comment_content": "小智這麼厲害好嗎"}, {"comment_author": "sunday0913", "comment_date": ["05/03", "13:58"], "comment_content": "學歷不重要,但是抄襲論文這種垃圾"}, {"comment_author": "imgkiller", "comment_date": ["05/03", "13:58"], "comment_content": "你哪怕是史丹福MBA都不會比他有用"}, {"comment_author": "sunday0913", "comment_date": ["05/03", "13:58"], "comment_content": "都能挺,40%果然是物以類聚"}, {"comment_author": "gvcdvd0937", "comment_date": ["05/03", "13:58"], "comment_content": "小智類比王永慶 真的天才啊"}, {"comment_author": "swommy", "comment_date": ["05/03", "13:58"], "comment_content": "推廣教育學分班可以當上總經理 真勵志"}, {"comment_author": "ctx1000", "comment_date": ["05/03", "13:58"], "comment_content": "恩 我們小智也是苦幹實幹的 (大概這樣?"}, {"comment_author": "shenru", "comment_date": ["05/03", "13:59"], "comment_content": "有人當狗當的好開心"}, {"comment_author": "g1254501", "comment_date": ["05/03", "13:59"], "comment_content": "這間有上市櫃嗎？我要跑了"}, {"comment_author": "imgkiller", "comment_date": ["05/03", "13:59"], "comment_content": "MBA+CFA三級 一堆找工作困難的"}, {"comment_author": "whathefuc", "comment_date": ["05/03", "13:59"], "comment_content": "相信黨"}, {"comment_author": "imgkiller", "comment_date": ["05/03", "13:59"], "comment_content": "這個是已經實際管理過幾十萬人的縣市沒"}, {"comment_author": "andel121", "comment_date": ["05/03", "13:59"], "comment_content": ""}, {"comment_author": "imgkiller", "comment_date": ["05/03", "14:00"], "comment_content": "出包，被認證過的"}, {"comment_author": "fire124", "comment_date": ["05/03", "14:00"], "comment_content": "三立真綠"}, {"comment_author": "andel121", "comment_date": ["05/03", "14:00"], "comment_content": "成為黨的人"}, {"comment_author": "Dragula", "comment_date": ["05/03", "14:00"], "comment_content": "黨政軍退出媒體！(國民黨限定)"}, {"comment_author": "DimlyLit", "comment_date": ["05/03", "14:00"], "comment_content": "沉潛再次高飛"}, {"comment_author": "hippo998", "comment_date": ["05/03", "14:01"], "comment_content": "翻譯:我~是有人罩的,嘴之前先掂掂份量"}, {"comment_author": "TyuzuChou", "comment_date": ["05/03", "14:02"], "comment_content": "小英男孩"}, {"comment_author": "imgkiller", "comment_date": ["05/03", "14:02"], "comment_content": "工作經歷 遠大於 學歷。台灣論文抄襲的"}, {"comment_author": "milk250", "comment_date": ["05/03", "14:02"], "comment_content": "呵"}, {"comment_author": "SulaKings", "comment_date": ["05/03", "14:02"], "comment_content": "滿滿台灣價值 讚讚 ^^"}, {"comment_author": "ZIQQ001", "comment_date": ["05/03", "14:03"], "comment_content": ""}, {"comment_author": "imgkiller", "comment_date": ["05/03", "14:03"], "comment_content": "一堆啦 騙人沒讀過大學嗎？"}, {"comment_author": "chisholee", "comment_date": ["05/03", "14:03"], "comment_content": "為啥不能比 王早年還當過山老鼠"}, {"comment_author": "ArgusX", "comment_date": ["05/03", "14:04"], "comment_content": "這年紀學歷當總經理相當勵志"}, {"comment_author": "ter2788", "comment_date": ["05/03", "14:05"], "comment_content": "有大哥照顧"}, {"comment_author": "bingreen", "comment_date": ["05/03", "14:05"], "comment_content": "呦。不當教育部長呀"}, {"comment_author": "ArgusX", "comment_date": ["05/03", "14:05"], "comment_content": "人家蓋過球場  你們蓋過什麼?"}, {"comment_author": "rejuvenation", "comment_date": ["05/03", "14:06"], "comment_content": "好噁心"}, {"comment_author": "andy279279", "comment_date": ["05/03", "14:06"], "comment_content": "學術界典範，一群書呆子多學學"}, {"comment_author": "retrud", "comment_date": ["05/03", "14:06"], "comment_content": "這種咖繼續吃香喝辣 是叫轉型正義吧"}, {"comment_author": "fxntdsxdr", "comment_date": ["05/03", "14:06"], "comment_content": "蛇鼠一窩不意外"}, {"comment_author": "Lailungsheng", "comment_date": ["05/03", "14:07"], "comment_content": "合理"}, {"comment_author": "wulaw5566", "comment_date": ["05/03", "14:07"], "comment_content": "黨國體制內的人永遠吃香喝辣"}, {"comment_author": "suhaw", "comment_date": ["05/03", "14:07"], "comment_content": "民進黨：看，這就是加入民進黨一起撈錢"}, {"comment_author": "m13211", "comment_date": ["05/03", "14:08"], "comment_content": "加入三立是非就是可以顛倒（轉）"}, {"comment_author": "cat5672", "comment_date": ["05/03", "14:08"], "comment_content": ""}, {"comment_author": "imgkiller", "comment_date": ["05/03", "14:08"], "comment_content": "國民黨立委一堆政二代，鄉民眼紅嗎？"}, {"comment_author": "Tattoo", "comment_date": ["05/03", "14:09"], "comment_content": "笑死人"}, {"comment_author": "cmshow", "comment_date": ["05/03", "14:09"], "comment_content": "40%的最愛，12億垃圾棒球場"}, {"comment_author": "Acce0912", "comment_date": ["05/03", "14:10"], "comment_content": "大學生都能當總經理？"}, {"comment_author": "wald5566", "comment_date": ["05/03", "14:10"], "comment_content": "高中生總經理"}, {"comment_author": "Tattoo", "comment_date": ["05/03", "14:10"], "comment_content": "民進黨就是台灣毒瘤"}, {"comment_author": "EfiwymsiAros", "comment_date": ["05/03", "14:10"], "comment_content": "哇 高中學歷當到這個不錯欸"}, {"comment_author": "seanfan", "comment_date": ["05/03", "14:11"], "comment_content": "八年肯定輸送不少 現在終生俸封口"}, {"comment_author": "feijai", "comment_date": ["05/03", "14:13"], "comment_content": "跟對党 升官發財不是夢"}, {"comment_author": "keyman2", "comment_date": ["05/03", "14:13"], "comment_content": "羨慕QQ"}, {"comment_author": "sdtt", "comment_date": ["05/03", "14:15"], "comment_content": "現在加入哥不林來的及嗎？"}, {"comment_author": "acool6747", "comment_date": ["05/03", "14:15"], "comment_content": "2個字，噁心"}, {"comment_author": "gaupyng1", "comment_date": ["05/03", "14:15"], "comment_content": "賺！ 愛將"}, {"comment_author": "snsdakb48", "comment_date": ["05/03", "14:17"], "comment_content": "垃圾回收營"}, {"comment_author": "kakalayeah", "comment_date": ["05/03", "14:17"], "comment_content": "美國不去啦 嘻嘻"}, {"comment_author": "Link2022", "comment_date": ["05/03", "14:17"], "comment_content": "不去找67歲的老女人包養嗎？"}, {"comment_author": "ChoiceLife", "comment_date": ["05/03", "14:18"], "comment_content": "有党證 好安心"}, {"comment_author": "retrud", "comment_date": ["05/03", "14:18"], "comment_content": "中華大學之光 當最高收入學歷新竹市長"}, {"comment_author": "agow", "comment_date": ["05/03", "14:19"], "comment_content": "一定要的啊"}, {"comment_author": "c642358", "comment_date": ["05/03", "14:19"], "comment_content": "中國衰尾慈禧太后的男人果然不能小看"}, {"comment_author": "buddyricky", "comment_date": ["05/03", "14:19"], "comment_content": "高中仔直升總經理"}, {"comment_author": "truffaut", "comment_date": ["05/03", "14:21"], "comment_content": "不當黨產處理委員會表示:"}, {"comment_author": "bluu", "comment_date": ["05/03", "14:21"], "comment_content": "直接當教育部長了啦"}, {"comment_author": "neoa01", "comment_date": ["05/03", "14:21"], "comment_content": "民進黨執政，怎麼可以沒有小智的位置呢"}, {"comment_author": "neoa01", "comment_date": ["05/03", "14:21"], "comment_content": "國家就是民進黨家"}, {"comment_author": "greedy32325", "comment_date": ["05/03", "14:21"], "comment_content": "讓蔡媓暈船只有林智堅，搞出12億爛"}, {"comment_author": "greedy32325", "comment_date": ["05/03", "14:21"], "comment_content": "球場、抄襲被撤銷學位還能拿到爽缺"}, {"comment_author": "piece1", "comment_date": ["05/03", "14:23"], "comment_content": "這位大學生不是說要去美國讀書？學成歸國"}, {"comment_author": "shellback", "comment_date": ["05/03", "14:23"], "comment_content": "8年新竹利益輸送有功 賞你個總經理"}, {"comment_author": "piece1", "comment_date": ["05/03", "14:23"], "comment_content": "了？"}, {"comment_author": "NosenceJohn", "comment_date": ["05/03", "14:23"], "comment_content": "皇家親戚空降的主管會是什麼素質呢"}, {"comment_author": "NosenceJohn", "comment_date": ["05/03", "14:23"], "comment_content": "顆顆"}, {"comment_author": "Ultramarine", "comment_date": ["05/03", "14:23"], "comment_content": "呵呵"}, {"comment_author": "Ultramarine", "comment_date": ["05/03", "14:23"], "comment_content": "用人唯才"}, {"comment_author": "sid3", "comment_date": ["05/03", "14:24"], "comment_content": "党媒一家親"}, {"comment_author": "Ceferino", "comment_date": ["05/03", "14:25"], "comment_content": "跟你說認真念書做事可以發大財肯定是在"}, {"comment_author": "Ceferino", "comment_date": ["05/03", "14:25"], "comment_content": "騙你的 ^^"}, {"comment_author": "jasonsu449", "comment_date": ["05/03", "14:25"], "comment_content": "看主子是誰阿，幫主子養"}, {"comment_author": "questionboy", "comment_date": ["05/03", "14:26"], "comment_content": "高中生當總經理 真是勵志呢 有黨罩真"}, {"comment_author": "questionboy", "comment_date": ["05/03", "14:26"], "comment_content": "好"}, {"comment_author": "mamamia0419", "comment_date": ["05/03", "14:27"], "comment_content": "不意外吧，很多出事的都先讓他淡出幕"}, {"comment_author": "mamamia0419", "comment_date": ["05/03", "14:27"], "comment_content": "前，然後發個總經理董事長職位給他做"}, {"comment_author": "mamamia0419", "comment_date": ["05/03", "14:27"], "comment_content": "，過幾年風頭過了再出發"}, {"comment_author": "MalcolmX", "comment_date": ["05/03", "14:28"], "comment_content": ""}, {"comment_author": "molsmopuim", "comment_date": ["05/03", "14:28"], "comment_content": ""}, {"comment_author": "molsmopuim", "comment_date": ["05/03", "14:28"], "comment_content": ""}, {"comment_author": "sw9294", "comment_date": ["05/03", "14:28"], "comment_content": "有黨證，真的好爽……"}, {"comment_author": "Nyx591", "comment_date": ["05/03", "14:28"], "comment_content": "不是說要去美國？"}, {"comment_author": "kyoiori2580", "comment_date": ["05/03", "14:29"], "comment_content": "真爽自己的人馬吃香喝辣"}, {"comment_author": "pureming", "comment_date": ["05/03", "14:30"], "comment_content": "好爽喔"}, {"comment_author": "new71050", "comment_date": ["05/03", "14:30"], "comment_content": "志堅說好的美國勒"}, {"comment_author": "plbroum88", "comment_date": ["05/03", "14:31"], "comment_content": "蔡英文卸任之後也會去三立集團嗎"}, {"comment_author": "x8931139", "comment_date": ["05/03", "14:31"], "comment_content": "發大財"}, {"comment_author": "qooggyy", "comment_date": ["05/03", "14:31"], "comment_content": "會不會營運報告書都用抄襲的"}, {"comment_author": "qooggyy", "comment_date": ["05/03", "14:32"], "comment_content": "然後底下的人的報告也全部用抄襲的"}, {"comment_author": "g9911761", "comment_date": ["05/03", "14:32"], "comment_content": "真的爽 都不用擔心失業"}, {"comment_author": "bigmow", "comment_date": ["05/03", "14:33"], "comment_content": "綠畜看到這篇新聞感到暖心"}, {"comment_author": "snowpin", "comment_date": ["05/03", "14:33"], "comment_content": "真勵志！在黨的羽翼之下 是非果真可以隨"}, {"comment_author": "snowpin", "comment_date": ["05/03", "14:33"], "comment_content": "意顛倒"}, {"comment_author": "g9911761", "comment_date": ["05/03", "14:33"], "comment_content": "反觀一堆四大找不到工作 要不要考慮入"}, {"comment_author": "g9911761", "comment_date": ["05/03", "14:33"], "comment_content": "黨"}, {"comment_author": "asd00726", "comment_date": ["05/03", "14:33"], "comment_content": "哈哈哈 黨證無敵啦"}, {"comment_author": "chocoball", "comment_date": ["05/03", "14:34"], "comment_content": "還好吧 新竹高知識分子 2屆認證的好市"}, {"comment_author": "DuckZero", "comment_date": ["05/03", "14:34"], "comment_content": "公然說謊偽造學歷還能爽爽過欸"}, {"comment_author": "wiie", "comment_date": ["05/03", "14:34"], "comment_content": "三立、鏡傳媒、林智堅,這什麼豪華陣容XD"}, {"comment_author": "chocoball", "comment_date": ["05/03", "14:34"], "comment_content": "長 算是這公司之福呢"}, {"comment_author": "sbilor", "comment_date": ["05/03", "14:36"], "comment_content": "讚"}, {"comment_author": "remaerd", "comment_date": ["05/03", "14:36"], "comment_content": "嘿嘿"}, {"comment_author": "beeboombee", "comment_date": ["05/03", "14:37"], "comment_content": "中華夜校之光"}, {"comment_author": "kingearth", "comment_date": ["05/03", "14:38"], "comment_content": "黨媒側翼一條龍，中國民主在台灣落實"}, {"comment_author": "believefate", "comment_date": ["05/03", "14:38"], "comment_content": "這種學歷當總經理 底下碩士員工可悲"}, {"comment_author": "winnerdinner", "comment_date": ["05/03", "14:38"], "comment_content": "意外嗎?當然不意外"}, {"comment_author": "HSAndyLau", "comment_date": ["05/03", "14:39"], "comment_content": "學店總經理 好勵志有前途"}, {"comment_author": "xhung", "comment_date": ["05/03", "14:39"], "comment_content": "中華大學夜間部 當總經理  笑死"}, {"comment_author": "liebes", "comment_date": ["05/03", "14:39"], "comment_content": "原來如此 發大財"}, {"comment_author": "ppon", "comment_date": ["05/03", "14:40"], "comment_content": "小英男孩我的英雄 ☺"}, {"comment_author": "yangweiisi", "comment_date": ["05/03", "14:40"], "comment_content": "冥視兩粒八點檔應該翻拍抄跑堅才對，"}, {"comment_author": "hamydad", "comment_date": ["05/03", "14:40"], "comment_content": "真的不懂憑什麼 我也要入黨"}, {"comment_author": "yangweiisi", "comment_date": ["05/03", "14:41"], "comment_content": "太感人了"}, {"comment_author": "lololosett", "comment_date": ["05/03", "14:42"], "comment_content": "升官發財請加入民進黨"}, {"comment_author": "qweertyui891", "comment_date": ["05/03", "14:42"], "comment_content": "高中生當總經理？"}, {"comment_author": "Chen7", "comment_date": ["05/03", "14:43"], "comment_content": "是非可以這樣顛倒嗎"}, {"comment_author": "miforward", "comment_date": ["05/03", "14:43"], "comment_content": "真爽"}, {"comment_author": "milk250", "comment_date": ["05/03", "14:44"], "comment_content": "塔綠班來說說這是什麼操作  黨政軍退出媒"}, {"comment_author": "milk250", "comment_date": ["05/03", "14:44"], "comment_content": "體咧"}, {"comment_author": "nora1813", "comment_date": ["05/03", "14:44"], "comment_content": "三立以後喬事更方便 高效"}, {"comment_author": "swommy", "comment_date": ["05/03", "14:45"], "comment_content": "一定要多做幾個勵志故事樣板 才能吸收更多"}, {"comment_author": "swommy", "comment_date": ["05/03", "14:45"], "comment_content": "人 詐騙集團不是都是這樣做的嗎 秘書長 總"}, {"comment_author": "swommy", "comment_date": ["05/03", "14:45"], "comment_content": "經理 讚啦"}, {"comment_author": "waloloo", "comment_date": ["05/03", "14:46"], "comment_content": "門神耶"}, {"comment_author": "yusanhu", "comment_date": ["05/03", "14:46"], "comment_content": "所以三立就是dpp,沒錯吧，三立是媒體集團"}, {"comment_author": "yusanhu", "comment_date": ["05/03", "14:46"], "comment_content": "沒錯吧"}, {"comment_author": "runedcross", "comment_date": ["05/03", "14:47"], "comment_content": "不意外 有黨證正常"}, {"comment_author": "chuntsang", "comment_date": ["05/03", "14:47"], "comment_content": "跟党走就能爽爽過"}, {"comment_author": "simo520", "comment_date": ["05/03", "14:48"], "comment_content": "黨的金主"}, {"comment_author": "uless", "comment_date": ["05/03", "14:49"], "comment_content": "不是說本來要舉家移民美國因為黨的徵召才"}, {"comment_author": "uless", "comment_date": ["05/03", "14:49"], "comment_content": "不得已參選嗎？"}, {"comment_author": "patrick123", "comment_date": ["05/03", "14:50"], "comment_content": "吃好睡好總經理來囉"}, {"comment_author": "KTFGU", "comment_date": ["05/03", "14:50"], "comment_content": "作弊升官發財"}, {"comment_author": "myabo", "comment_date": ["05/03", "14:52"], "comment_content": "爲什麼！爲什麼！不是教育部長！"}, {"comment_author": "new71050", "comment_date": ["05/03", "14:52"], "comment_content": "三立珍惜人才"}, {"comment_author": "Goog1e", "comment_date": ["05/03", "14:52"], "comment_content": "綠色就是發財的顏色"}, {"comment_author": "saiboos", "comment_date": ["05/03", "14:53"], "comment_content": "土城探堅"}, {"comment_author": "forAver", "comment_date": ["05/03", "14:53"], "comment_content": "專長顛倒是非 老實說 真的蠻適合的"}, {"comment_author": "turbomons", "comment_date": ["05/03", "14:54"], "comment_content": "林總欸"}, {"comment_author": "a9563741", "comment_date": ["05/03", "14:55"], "comment_content": "小草是忌妒不是自己嗎？"}, {"comment_author": "kiopl", "comment_date": ["05/03", "14:55"], "comment_content": "學渣之光"}, {"comment_author": "spa41260", "comment_date": ["05/03", "14:56"], "comment_content": "官、商、媒，黑金鐵三角"}, {"comment_author": "outdowave", "comment_date": ["05/03", "14:56"], "comment_content": "這個垃圾不是要移民美國"}, {"comment_author": "turbomons", "comment_date": ["05/03", "14:57"], "comment_content": "最重要的待遇怎麼不說來給大家羨慕"}, {"comment_author": "turbomons", "comment_date": ["05/03", "14:57"], "comment_content": "一下"}, {"comment_author": "gisasy001", "comment_date": ["05/03", "14:58"], "comment_content": "難怪大家都想要加入民進黨，戰犯都"}, {"comment_author": "Dxperado", "comment_date": ["05/03", "14:58"], "comment_content": "羨慕"}, {"comment_author": "donotggyy", "comment_date": ["05/03", "14:59"], "comment_content": "東山再起 重出江湖"}, {"comment_author": "turbomons", "comment_date": ["05/03", "14:59"], "comment_content": "党徒們在那邊造謠柯要讓小草分富人"}, {"comment_author": "turbomons", "comment_date": ["05/03", "14:59"], "comment_content": "錢 你們明明才是分到腦滿腸肥了"}, {"comment_author": "a22530722", "comment_date": ["05/03", "15:01"], "comment_content": "看到八卦版氣成這樣就知道做對了~~~~~~"}, {"comment_author": "missin", "comment_date": ["05/03", "15:01"], "comment_content": "真好"}, {"comment_author": "a12c45a", "comment_date": ["05/03", "15:01"], "comment_content": ""}, {"comment_author": "oldcrow", "comment_date": ["05/03", "15:02"], "comment_content": "哈哈，不演了"}, {"comment_author": "mb", "comment_date": ["05/03", "15:02"], "comment_content": "喔喔垃圾"}, {"comment_author": "visda", "comment_date": ["05/03", "15:02"], "comment_content": "黨政軍就是媒體"}, {"comment_author": "imkp", "comment_date": ["05/03", "15:03"], "comment_content": "抄襲仔之光"}, {"comment_author": "stu25936", "comment_date": ["05/03", "15:03"], "comment_content": "真的超爽"}, {"comment_author": "xaxa0101", "comment_date": ["05/03", "15:03"], "comment_content": "小智沒有輸！"}, {"comment_author": "holyhelm", "comment_date": ["05/03", "15:03"], "comment_content": "有錢人喜歡找草包浪費自己錢 歡迎"}, {"comment_author": "solsol", "comment_date": ["05/03", "15:03"], "comment_content": "黨會照顧小智的"}, {"comment_author": "lyxiang", "comment_date": ["05/03", "15:04"], "comment_content": "所以資本公司是幹嘛用的有沒有人解釋"}, {"comment_author": "chenu", "comment_date": ["05/03", "15:06"], "comment_content": "賴神沒安排小智當教育部長 失策了"}, {"comment_author": "Raphael7725", "comment_date": ["05/03", "15:06"], "comment_content": "洨英男孩，棒棒"}, {"comment_author": "IKY201", "comment_date": ["05/03", "15:07"], "comment_content": "美國不去了？怎麼辦"}, {"comment_author": "GenesisXD", "comment_date": ["05/03", "15:07"], "comment_content": "台灣政界最強學店仔！！！"}, {"comment_author": "amyyamada", "comment_date": ["05/03", "15:09"], "comment_content": "小智是個好市長，之前8年來新竹有多大"}, {"comment_author": "amyyamada", "comment_date": ["05/03", "15:09"], "comment_content": "的進步外縣市的酸民哪會知道。然後對"}, {"comment_author": "amyyamada", "comment_date": ["05/03", "15:09"], "comment_content": "比這一兩年新竹停滯的慘況，我深信一"}, {"comment_author": "amyyamada", "comment_date": ["05/03", "15:09"], "comment_content": "個人有沒有能力跟學歷真的無關"}, {"comment_author": "Brucetk", "comment_date": ["05/03", "15:10"], "comment_content": "不演了，直接到三明治上班"}, {"comment_author": "todd7788", "comment_date": ["05/03", "15:11"], "comment_content": "跟對發財組織 怎麼都能繼續賺  標案炒地"}, {"comment_author": "cogitation", "comment_date": ["05/03", "15:13"], "comment_content": "啊不是說要去美利堅?"}, {"comment_author": "hhbbookao", "comment_date": ["05/03", "15:13"], "comment_content": "建中台大法律天龍國的某扁迷羨慕嗎?"}, {"comment_author": "gisasy001", "comment_date": ["05/03", "15:14"], "comment_content": "可以說出新竹產矽，這種草包當總經"}, {"comment_author": "gisasy001", "comment_date": ["05/03", "15:14"], "comment_content": "理？"}, {"comment_author": "kslxd", "comment_date": ["05/03", "15:15"], "comment_content": "綠共綠媒一家親掏空台灣"}, {"comment_author": "disjoint126", "comment_date": ["05/03", "15:15"], "comment_content": "馬的，賴功德埋沒人才"}, {"comment_author": "dusty20695", "comment_date": ["05/03", "15:16"], "comment_content": "党照顧得妥妥當當"}, {"comment_author": "weboau", "comment_date": ["05/03", "15:16"], "comment_content": "這種咖洨當總經理 民進黨真的好爽"}, {"comment_author": "simonlowtall", "comment_date": ["05/03", "15:17"], "comment_content": "高升"}, {"comment_author": "hhbbookao", "comment_date": ["05/03", "15:18"], "comment_content": "賺到薪水 小孩一樣能出國 不一定自己去"}, {"comment_author": "hhbbookao", "comment_date": ["05/03", "15:18"], "comment_content": "美國吧"}, {"comment_author": "zzzzzzzzzzzy", "comment_date": ["05/03", "15:18"], "comment_content": "要除綠共，必先除三立"}, {"comment_author": "fcz973", "comment_date": ["05/03", "15:19"], "comment_content": "敗選者聯盟這算冰得久了"}, {"comment_author": "lightmyfire", "comment_date": ["05/03", "15:21"], "comment_content": "世界偽人林智堅應該當教育部長才對"}, {"comment_author": "xm4z73", "comment_date": ["05/03", "15:25"], "comment_content": "不應該是教育部長嗎？"}, {"comment_author": "garcia", "comment_date": ["05/03", "15:25"], "comment_content": "兩篇論文的真正作者至今依然逍遙法外"}, {"comment_author": "birdfly", "comment_date": ["05/03", "15:25"], "comment_content": "論文抄襲總經理"}, {"comment_author": "shellback", "comment_date": ["05/03", "15:26"], "comment_content": "總仔帶頭 員工的報告可以盡情抄襲了"}, {"comment_author": "littleosi", "comment_date": ["05/03", "15:30"], "comment_content": "打老婆的神豬，一畢業就當悠遊卡公司"}, {"comment_author": "factotum", "comment_date": ["05/03", "15:30"], "comment_content": "為什麼抄襲不可以是一種專業？ 林智堅"}, {"comment_author": "littleosi", "comment_date": ["05/03", "15:30"], "comment_content": "的總經理了，林智堅算啥？別忘了國民"}, {"comment_author": "factotum", "comment_date": ["05/03", "15:30"], "comment_content": "是個成功故事"}, {"comment_author": "littleosi", "comment_date": ["05/03", "15:30"], "comment_content": "黨掌權的時候，所有體育協會，都是國"}, {"comment_author": "littleosi", "comment_date": ["05/03", "15:31"], "comment_content": "民黨落選者聯盟！中華隊出國沒早餐吃"}, {"comment_author": "littleosi", "comment_date": ["05/03", "15:31"], "comment_content": "！雲台灣人嗎？當大家都金魚腦嗎？"}, {"comment_author": "kning", "comment_date": ["05/03", "15:31"], "comment_content": "40%集體高潮"}, {"comment_author": "lalabear520", "comment_date": ["05/03", "15:32"], "comment_content": "意外嗎？"}, {"comment_author": "leondemon", "comment_date": ["05/03", "15:33"], "comment_content": "有黨證 可以安心吃一輩子"}, {"comment_author": "chulen", "comment_date": ["05/03", "15:34"], "comment_content": "高中生當總經理"}, {"comment_author": "malaman", "comment_date": ["05/03", "15:36"], "comment_content": "一切依法合法  党就是法"}, {"comment_author": "Saynai", "comment_date": ["05/03", "15:36"], "comment_content": "朕的男人當然要好好安置"}, {"comment_author": "c24253994", "comment_date": ["05/03", "15:37"], "comment_content": "吱己人"}, {"comment_author": "idxxxx", "comment_date": ["05/03", "15:38"], "comment_content": "深得太后寵愛你敢嘴"}, {"comment_author": "Vincent8026", "comment_date": ["05/03", "15:38"], "comment_content": "新竹之光"}, {"comment_author": "AoWsL", "comment_date": ["05/03", "15:39"], "comment_content": "沒在演不是嗎？"}, {"comment_author": "brian751204", "comment_date": ["05/03", "15:42"], "comment_content": "豪爽喔"}, {"comment_author": "kickflip", "comment_date": ["05/03", "15:44"], "comment_content": "總經理  一定學經歷很豐富"}, {"comment_author": "rosydark", "comment_date": ["05/03", "15:48"], "comment_content": "還敢笑支那，根本共產党升遷模式"}, {"comment_author": "chisholee", "comment_date": ["05/03", "15:49"], "comment_content": "郭台銘也不過中國海專畢業在台灣學歷不"}, {"comment_author": "chisholee", "comment_date": ["05/03", "15:50"], "comment_content": "代表什麼會在乎的只有中國人"}, {"comment_author": "conradkai", "comment_date": ["05/03", "15:50"], "comment_content": "哇我好意外喔"}, {"comment_author": "chisholee", "comment_date": ["05/03", "15:51"], "comment_content": "在台灣一半以上的老板學歷都不高"}, {"comment_author": "treasurekid", "comment_date": ["05/03", "15:52"], "comment_content": "意外嗎"}, {"comment_author": "sharkimage", "comment_date": ["05/03", "15:52"], "comment_content": "想要升官發財請加入民進黨"}, {"comment_author": "chisholee", "comment_date": ["05/03", "15:52"], "comment_content": "那像酸民們學歷高的像天薪水領得像屎"}, {"comment_author": "chisholee", "comment_date": ["05/03", "15:53"], "comment_content": "每天像巨嬰一樣我學歷高薪水一定要高"}, {"comment_author": "Plato12", "comment_date": ["05/03", "15:54"], "comment_content": "好爽喔 學倫敗類 哥布林繼續吃香喝辣"}, {"comment_author": "tenching", "comment_date": ["05/03", "15:54"], "comment_content": "美國？先把英文學好啊？"}, {"comment_author": "chisholee", "comment_date": ["05/03", "15:54"], "comment_content": "喃喃自語宛如慕蓉復"}, {"comment_author": "harryfr", "comment_date": ["05/03", "15:56"], "comment_content": "是有沒有料啊"}, {"comment_author": "HoldLot", "comment_date": ["05/03", "15:57"], "comment_content": "直接不演了"}, {"comment_author": "r30385", "comment_date": ["05/03", "15:58"], "comment_content": "大學生當經理ㄏㄏ"}, {"comment_author": "dd1115dd1115", "comment_date": ["05/03", "15:58"], "comment_content": "學店夜間部當到總經理 真勵志阿"}, {"comment_author": "jack90352", "comment_date": ["05/03", "15:58"], "comment_content": "升官發財請入黨"}, {"comment_author": "a09162277", "comment_date": ["05/03", "16:01"], "comment_content": "可惜智讚不是教育部長"}, {"comment_author": "chisholee", "comment_date": ["05/03", "16:02"], "comment_content": "酸民們真難看有時間請多充實自己"}, {"comment_author": "chisholee", "comment_date": ["05/03", "16:04"], "comment_content": "不要每個學歷比你差的當你主管都要爆炸"}, {"comment_author": "BREAKFAST204", "comment_date": ["05/03", "16:05"], "comment_content": "碩士畢業失敗一樣能當總經理 真勵志"}, {"comment_author": "minlochen", "comment_date": ["05/03", "16:06"], "comment_content": "跟對黨 都不用擔心失業欸"}, {"comment_author": "chisholee", "comment_date": ["05/03", "16:07"], "comment_content": "有個大學都沒唸畢業的創造蘋果"}, {"comment_author": "jialin6666", "comment_date": ["05/03", "16:08"], "comment_content": "跟著黨走，一路升官發財"}, {"comment_author": "beatnik9100", "comment_date": ["05/03", "16:09"], "comment_content": "前市長經歷很猛吧"}, {"comment_author": "kyukyu", "comment_date": ["05/03", "16:09"], "comment_content": "$$"}, {"comment_author": "Oswyn", "comment_date": ["05/03", "16:10"], "comment_content": "一人挺一党 要說今天的党是三立挺起來沒錯"}, {"comment_author": "guani", "comment_date": ["05/03", "16:10"], "comment_content": "            党的最愛又回來了?!"}, {"comment_author": "cchaha3122", "comment_date": ["05/03", "16:12"], "comment_content": "原來抄襲仔黨最愛"}, {"comment_author": "adifdtd", "comment_date": ["05/03", "16:15"], "comment_content": "沒辦法，蔡英文就是這麼愛他^^"}, {"comment_author": "freehouse", "comment_date": ["05/03", "16:15"], "comment_content": "真是風光 有黨證真行"}, {"comment_author": "chungj", "comment_date": ["05/03", "16:16"], "comment_content": "不行嗎？ 不然要任用八點檔900芯嗎"}, {"comment_author": "DeepBlue10", "comment_date": ["05/03", "16:25"], "comment_content": "高中生總經理 太勵志了"}, {"comment_author": "clone29", "comment_date": ["05/03", "16:26"], "comment_content": "海派人生"}, {"comment_author": "kenshome", "comment_date": ["05/03", "16:26"], "comment_content": "高中生學歷底下一堆碩博士，臺最美風景"}, {"comment_author": "bear0816296", "comment_date": ["05/03", "16:27"], "comment_content": "發財囉"}, {"comment_author": "sunbreak0723", "comment_date": ["05/03", "16:27"], "comment_content": "小英男孩 不愁吃穿"}, {"comment_author": "PeaceBoy", "comment_date": ["05/03", "16:31"], "comment_content": "跟黨走！"}, {"comment_author": "STi2011", "comment_date": ["05/03", "16:34"], "comment_content": "ㄒㄧㄠ˙ㄥ"}, {"comment_author": "STi2011", "comment_date": ["05/03", "16:34"], "comment_content": "小英boy"}, {"comment_author": "inf", "comment_date": ["05/03", "16:35"], "comment_content": "甲賽"}, {"comment_author": "Tossdog", "comment_date": ["05/03", "16:40"], "comment_content": "綠色國民黨"}, {"comment_author": "robinsonXD", "comment_date": ["05/03", "16:42"], "comment_content": "被抓到不法後馬上改名字"}, {"comment_author": "robinsonXD", "comment_date": ["05/03", "16:42"], "comment_content": "跟通緝犯怎麼一模一樣"}, {"comment_author": "Dean997", "comment_date": ["05/03", "16:44"], "comment_content": "驚不驚喜？意不意外？"}, {"comment_author": "jeffboy", "comment_date": ["05/03", "16:45"], "comment_content": "有党證 吃香喝辣有保證"}, {"comment_author": "alvinpom", "comment_date": ["05/03", "16:47"], "comment_content": "跟對黨就是吃香喝辣不用愁啦"}, {"comment_author": "Tsyu", "comment_date": ["05/03", "16:50"], "comment_content": "從擋到黨的側翼,從頭到尾都在幫黨工作"}, {"comment_author": "starfishfish", "comment_date": ["05/03", "16:50"], "comment_content": "民進黨意外嗎？"}, {"comment_author": "RaySugar", "comment_date": ["05/03", "16:56"], "comment_content": "哥布林門神"}, {"comment_author": "vin850411", "comment_date": ["05/03", "16:56"], "comment_content": "嘿嘿三立集團找綠營政治人物當總經理"}, {"comment_author": "vin850411", "comment_date": ["05/03", "16:57"], "comment_content": "黨政軍退出媒體呢"}, {"comment_author": "dinty0327", "comment_date": ["05/03", "17:00"], "comment_content": "太勵志啦"}, {"comment_author": "a6444long", "comment_date": ["05/03", "17:03"], "comment_content": "党的小智真得人疼呢！嘻嘻"}, {"comment_author": "curranmath", "comment_date": ["05/03", "17:03"], "comment_content": "可憐抄襲仔"}, {"comment_author": "holisong5566", "comment_date": ["05/03", "17:07"], "comment_content": "勵志高中生"}, {"comment_author": "catvsdog", "comment_date": ["05/03", "17:11"], "comment_content": "就說是党霉還不承認是党霉 呵呵"}, {"comment_author": "stvc", "comment_date": ["05/03", "17:13"], "comment_content": "狗畜生民進党死全家"}, {"comment_author": "catvsdog", "comment_date": ["05/03", "17:14"], "comment_content": "黨政軍退出媒體（X） 党政軍就是媒體(O"}, {"comment_author": "catvsdog", "comment_date": ["05/03", "17:14"], "comment_content": ")"}, {"comment_author": "ksword", "comment_date": ["05/03", "17:14"], "comment_content": "有黨證就是不一樣"}, {"comment_author": "GUMIGUMI", "comment_date": ["05/03", "17:16"], "comment_content": "跟對的人，做對的事，羨慕"}, {"comment_author": "a0684712", "comment_date": ["05/03", "17:17"], "comment_content": "這樣才能顛倒是非"}, {"comment_author": "hifuyo", "comment_date": ["05/03", "17:21"], "comment_content": "小英男孩怎麼可能沒酬庸位置，三立黨媒也"}, {"comment_author": "hifuyo", "comment_date": ["05/03", "17:21"], "comment_content": "不演了直接跪舔"}, {"comment_author": "livedead", "comment_date": ["05/03", "17:21"], "comment_content": "富貴要人幫 黨證辦這張"}, {"comment_author": "kattte", "comment_date": ["05/03", "17:23"], "comment_content": "民進党正式超越國民黨，政治分贓真爽"}, {"comment_author": "penny949", "comment_date": ["05/03", "17:25"], "comment_content": "真是，爽啊"}, {"comment_author": "littlehappy1", "comment_date": ["05/03", "17:34"], "comment_content": "新竹人被這爛梨裝蘋果的騙8年很不爽"}, {"comment_author": "littlehappy1", "comment_date": ["05/03", "17:34"], "comment_content": "下次一定會再教訓民進黨"}, {"comment_author": "littlehappy1", "comment_date": ["05/03", "17:34"], "comment_content": "把學經歷收入最高的新竹人當猴耍"}, {"comment_author": "littlehappy1", "comment_date": ["05/03", "17:35"], "comment_content": "你真帶種~小智真的很捧呢"}, {"comment_author": "dio0522", "comment_date": ["05/03", "17:36"], "comment_content": "小英男孩真會舔不怕沒工作"}, {"comment_author": "g666g3572", "comment_date": ["05/03", "17:38"], "comment_content": "有黨真好耶"}, {"comment_author": "yyyzzz", "comment_date": ["05/03", "17:38"], "comment_content": "超爽的不怕沒工作，隨便撈都是總經理董事"}, {"comment_author": "yyyzzz", "comment_date": ["05/03", "17:38"], "comment_content": "長"}, {"comment_author": "AAsoon", "comment_date": ["05/03", "17:47"], "comment_content": "假碩士當總經理，要底下的人情何以堪"}, {"comment_author": "me1inda", "comment_date": ["05/03", "17:53"], "comment_content": "笑死  不是要搬去美國"}, {"comment_author": "void06", "comment_date": ["05/03", "17:54"], "comment_content": "只要有綠卡 躺著就有工作"}, {"comment_author": "vltw5v", "comment_date": ["05/03", "17:56"], "comment_content": "跟著黨吃香喝辣有夠爽"}, {"comment_author": "vincentsoon", "comment_date": ["05/03", "18:15"], "comment_content": "高職畢業？"}, {"comment_author": "serez", "comment_date": ["05/03", "18:19"], "comment_content": "說真的發展這麼好，不用硬要讀碩士"}, {"comment_author": "budaixi", "comment_date": ["05/03", "18:23"], "comment_content": ""}, {"comment_author": "michidoko", "comment_date": ["05/03", "18:28"], "comment_content": "真好啊"}, {"comment_author": "katanakiller", "comment_date": ["05/03", "18:32"], "comment_content": "自己人想請來當總經理當然可以"}, {"comment_author": "TIPPK", "comment_date": ["05/03", "18:36"], "comment_content": "謝謝各位的納稅錢 養三立再把錢給民進黨"}, {"comment_author": "ChMon", "comment_date": ["05/03", "18:38"], "comment_content": "勾結的正大光明 真好"}, {"comment_author": "imtlow", "comment_date": ["05/03", "18:42"], "comment_content": "心中最軟的一塊！"}, {"comment_author": "show9202", "comment_date": ["05/03", "18:43"], "comment_content": "民進黨檢討別人都說誠信是基本，自己的"}, {"comment_author": "show9202", "comment_date": ["05/03", "18:43"], "comment_content": "明日之星、自己的總統都白賊，果然是要"}, {"comment_author": "show9202", "comment_date": ["05/03", "18:44"], "comment_content": "求別人聖人，自己是賤人"}, {"comment_author": "leokidd1976", "comment_date": ["05/03", "18:53"], "comment_content": "党會照顧自己人"}, {"comment_author": "s80144659", "comment_date": ["05/03", "19:00"], "comment_content": "蘇麗投資"}, {"comment_author": "aova", "comment_date": ["05/03", "19:02"], "comment_content": "到底是怎樣ㄉ公司才會 這種人都願意用啊"}, {"comment_author": "rb731024", "comment_date": ["05/03", "19:02"], "comment_content": "顏色對 再爛都有好位置"}, {"comment_author": "bhc", "comment_date": ["05/03", "19:06"], "comment_content": "關心他幹嘛.."}, {"comment_author": "jnes5605", "comment_date": ["05/03", "19:12"], "comment_content": "好爽喔…党都會幫你找到出路耶……"}, {"comment_author": "hcshin", "comment_date": ["05/03", "19:28"], "comment_content": "塔綠班實在有夠不要臉"}, {"comment_author": "pgchector", "comment_date": ["05/03", "19:32"], "comment_content": "意外嗎？"}, {"comment_author": "vicdecx", "comment_date": ["05/03", "19:32"], "comment_content": "畢竟當權者還是党"}, {"comment_author": "orz151426", "comment_date": ["05/03", "19:32"], "comment_content": "看看他的學歷，能當這位置根本世界奇蹟"}, {"comment_author": "louisnan", "comment_date": ["05/03", "19:41"], "comment_content": "羨慕"}, {"comment_author": "wang460313", "comment_date": ["05/03", "19:48"], "comment_content": "當門神？"}, {"comment_author": "boykid", "comment_date": ["05/03", "19:52"], "comment_content": "有關係再爛都過的很爽"}, {"comment_author": "Bookhsu1227", "comment_date": ["05/03", "20:11"], "comment_content": "抄襲的廢物當總經理, 笑死"}, {"comment_author": "kalde", "comment_date": ["05/03", "20:26"], "comment_content": "！桃園本來是他的耶！"}, {"comment_author": "highyes", "comment_date": ["05/03", "20:26"], "comment_content": "笑死  選前說要帶老婆小孩去米國 = =？"}, {"comment_author": "chonmin", "comment_date": ["05/03", "20:31"], "comment_content": "道德標準低的老闆找相同的員工沒毛病"}, {"comment_author": "ERIC4268", "comment_date": ["05/03", "20:35"], "comment_content": "這樣發大財"}, {"comment_author": "ERIC4268", "comment_date": ["05/03", "20:35"], "comment_content": "這樣"}, {"comment_author": "Hsinxyzzyx", "comment_date": ["05/03", "21:16"], "comment_content": "總經理帶頭抄論文"}, {"comment_author": "TeddyisaBear", "comment_date": ["05/03", "21:26"], "comment_content": "意外嗎？呵呵"}, {"comment_author": "villagemen", "comment_date": ["05/03", "21:44"], "comment_content": "意外嗎"}, {"comment_author": "iverson414", "comment_date": ["05/03", "22:27"], "comment_content": "賺爛了"}, {"comment_author": "EulerFormula", "comment_date": ["05/03", "23:26"], "comment_content": "賺爛"}, {"comment_author": "vb128252", "comment_date": ["05/04", "00:21"], "comment_content": "有党賺飽飽"}, {"comment_author": "chuusan", "comment_date": ["05/04", "01:11"], "comment_content": "當年不是說要去美國=="}, {"comment_author": "shi21", "comment_date": ["05/04", "02:10"], "comment_content": "笑死  這就是綠色價值啦"}, {"comment_author": "smonkey", "comment_date": ["05/04", "02:56"], "comment_content": "484沒有才能只能被酬庸?"}, {"comment_author": "qmzoak", "comment_date": ["05/04", "04:18"], "comment_content": "果實果實能力者：釋緋癲島"}, {"comment_author": "mayasky", "comment_date": ["05/04", "05:12"], "comment_content": "這次要自己抄，答應我"}, {"comment_author": "nrxadsl", "comment_date": ["05/04", "05:44"], "comment_content": "嘻嘻，黨的事業很多，都是合法的，不像國"}, {"comment_author": "nrxadsl", "comment_date": ["05/04", "05:44"], "comment_content": "民黨這麼粗糙"}, {"comment_author": "chiahunl", "comment_date": ["05/04", "09:25"], "comment_content": "小智應該當教育部長。"}, {"comment_author": "h1242890", "comment_date": ["05/04", "10:36"], "comment_content": "先去過水之後再回來"}, {"comment_author": "KIL", "comment_date": ["05/04", "11:08"], "comment_content": "安全下莊，怎麼爛都能佔爽缺，呵呵"}, {"comment_author": "nixon", "comment_date": ["05/04", "11:46"], "comment_content": "黨對黨員還是照顧有佳，不像藍白那樣"}, {"comment_author": "nixon", "comment_date": ["05/04", "11:47"], "comment_content": "出了事就一切了之真是噁心得緊"}, {"comment_author": "nixon", "comment_date": ["05/04", "11:48"], "comment_content": "難怪黨人心所向，藍白就離心離德"}, {"comment_author": "encoreg57985", "comment_date": ["05/04", "13:52"], "comment_content": "照顧有加? 蛇鼠一窩"}, {"comment_author": "QQ55555555", "comment_date": ["05/04", "15:20"], "comment_content": "雙撤銷學位 很稀有"}, {"comment_author": "ededed", "comment_date": ["05/04", "23:19"], "comment_content": "罩來罩去真爽"}]}
