{"author": "assggy (IamCarmelo)", "category": "Gossiping", "title": "[地震] 臺中市和平區有感地震報告", "date": "Mon Apr 29 23:07:44 2024", "content": ["小區域有感地震報告發震時間：2024/04/29 19:43:31位置：北緯 24.27度，東經 120.88度即在臺中市政府東北東方 25.5 公里 ，位於臺中市和平區地震深度：27.7公里芮氏規模：3.8各地震度級臺中市地區最大震度 2級苗栗縣地區最大震度 2級彰化縣地區最大震度 2級南投縣地區最大震度 1級雲林縣地區最大震度 1級", "看到奇特的震央才PO上來話說前幾天苗栗縣泰安鄉大鹿林道不是有馬陸大遷徙嗎--"], "post_comment": [{"comment_author": "v66leo", "comment_date": ["04/29", "23:08"], "comment_content": "你這說法，党不喜歡。"}, {"comment_author": "tint", "comment_date": ["04/29", "23:10"], "comment_content": "2014年台北市士林區發生過規模4的區域地震"}, {"comment_author": "tint", "comment_date": ["04/29", "23:10"], "comment_content": "小規模區域地震 也不代表後續會有更大的地震"}, {"comment_author": "StylishTrade", "comment_date": ["04/29", "23:11"], "comment_content": "馬路厲害耶"}, {"comment_author": "StylishTrade", "comment_date": ["04/29", "23:12"], "comment_content": "有人好急喔QQ"}, {"comment_author": "palindromes", "comment_date": ["04/29", "23:12"], "comment_content": "怕"}]}
