{"author": "wdz1223 (新手)", "category": "Gossiping", "title": "[問卦] 機場出來好多人問要不要坐車是怎樣？", "date": "Fri May  3 02:07:48 2024", "content": ["我朋友長得不正也不歪從機場出來一堆人問要不要坐車真的很可怕啊就算不坐捷運門口不是就有計程車和客運是在問什麼難道是想做愛心？警察要不要去查查看那些人是不是有問題真的嚇壞我朋友啦--"], "post_comment": [{"comment_author": "maiev", "comment_date": ["05/03", "02:08"], "comment_content": "檳榔陳宇宙..."}, {"comment_author": "a27588679", "comment_date": ["05/03", "02:08"], "comment_content": "這樣就嚇壞"}, {"comment_author": "YU0158", "comment_date": ["05/03", "02:08"], "comment_content": "這有什麼嗎"}, {"comment_author": "Arjui", "comment_date": ["05/03", "02:10"], "comment_content": "他是問你要不要揍車"}, {"comment_author": "Dinenger", "comment_date": ["05/03", "02:10"], "comment_content": "還好吧 你去南部某些暗巷"}, {"comment_author": "Dinenger", "comment_date": ["05/03", "02:11"], "comment_content": "還會有人問小聲問你：要不要幫你打手槍"}, {"comment_author": "Himiko9975", "comment_date": ["05/03", "02:12"], "comment_content": "好"}, {"comment_author": "popopal", "comment_date": ["05/03", "02:12"], "comment_content": "沒問要不要去松一下?"}, {"comment_author": "Waitaha", "comment_date": ["05/03", "04:31"], "comment_content": "白牌車檢舉有獎金"}]}
