{"author": "nobody0303 ()", "category": "Gossiping", "title": "[問卦] 沒人發現說頂樓戶不好的都沒住過頂樓嗎！", "date": "Sun May  5 10:54:12 2024", "content": ["一堆鄉民在網路上批評頂樓戶不好說會漏水、夏天悶熱可是進一步看那些出問題的地方不是住頂樓加蓋就是住在老舊公寓頂樓之前去朋友家在電梯大樓的頂樓根本完全沒有這些問題上方天花板比其他層都還厚從來都沒漏過水夏天變頻式冷氣開整天也沒感覺熱也沒多耗多少電加上窗外無限棟距景色超好、又安靜、空氣又好開個窗戶就能取代全熱交換機了完全不怕被鄰居吵只有鄰居被你吵的份這麼多優點完全打趴所有下方樓層結果鄉民只會講頂樓會漏水卻不知道修繕的錢是管委會在出的不是頂樓屋主根本就整個廢到笑啊！沒人發現說頂樓戶不好的都沒住過頂樓嗎！為何這些人都不去住看看大家說什麼就信什麼啊真是豈有此理！--"], "post_comment": [{"comment_author": "cevs", "comment_date": ["05/05", "10:54"], "comment_content": "頂樓反而最貴"}, {"comment_author": "chocoball", "comment_date": ["05/05", "10:54"], "comment_content": "10年你就知道了 一開始當然沒問題"}, {"comment_author": "adios881", "comment_date": ["05/05", "10:54"], "comment_content": "你不開冷氣就是熱 在說什麼"}, {"comment_author": "ivorysoap", "comment_date": ["05/05", "10:55"], "comment_content": "前提是有電梯 沒電梯走死你"}, {"comment_author": "MKAngelheart", "comment_date": ["05/05", "10:55"], "comment_content": "開冷氣當然不會覺得熱"}, {"comment_author": "palindromes", "comment_date": ["05/05", "10:55"], "comment_content": "台灣有超過480萬戶 30年以上建築"}, {"comment_author": "Fezico", "comment_date": ["05/05", "10:55"], "comment_content": "頂樓戶不好是頂樓加蓋那種的好不..."}, {"comment_author": "alex00089", "comment_date": ["05/05", "10:55"], "comment_content": "大樓頂樓貴耶"}, {"comment_author": "b0d", "comment_date": ["05/05", "10:55"], "comment_content": "能在頂樓洗澡超讚"}, {"comment_author": "birdy590", "comment_date": ["05/05", "10:56"], "comment_content": "漏水跟熱確實是通病 是有可能藉工程改善"}, {"comment_author": "MKAngelheart", "comment_date": ["05/05", "10:56"], "comment_content": "我家住頂樓加蓋住5年 夏天冷水開了"}, {"comment_author": "ayler88", "comment_date": ["05/05", "10:56"], "comment_content": "電梯大樓 無限開冷氣 頂樓當然好啊"}, {"comment_author": "MKAngelheart", "comment_date": ["05/05", "10:56"], "comment_content": "是熱的 冷氣不開熱死"}, {"comment_author": "palindromes", "comment_date": ["05/05", "10:56"], "comment_content": "一個大樓維持 要大家努力"}, {"comment_author": "alex00089", "comment_date": ["05/05", "10:56"], "comment_content": "頂加現在年輕人不會去買了吧也是貴又"}, {"comment_author": "echochrome", "comment_date": ["05/05", "10:56"], "comment_content": "公寓頂樓做曬衣場 婆媽一大早在上面跳"}, {"comment_author": "ilove640", "comment_date": ["05/05", "10:56"], "comment_content": "你自己不就回答了嗎 人家說的頂樓跟你說"}, {"comment_author": "giantwinter", "comment_date": ["05/05", "10:56"], "comment_content": "地震跟幾年後的修繕就知道了"}, {"comment_author": "alex00089", "comment_date": ["05/05", "10:56"], "comment_content": "有以後的問題"}, {"comment_author": "matico", "comment_date": ["05/05", "10:56"], "comment_content": "冷氣開整天還沾沾自喜？"}, {"comment_author": "sirius65482", "comment_date": ["05/05", "10:56"], "comment_content": "就覺得不好怎麼會去住"}, {"comment_author": "ilove640", "comment_date": ["05/05", "10:56"], "comment_content": "的頂樓不一樣啊= ="}, {"comment_author": "ZXCWS", "comment_date": ["05/05", "10:56"], "comment_content": "我住頂樓的  超熱"}, {"comment_author": "palindromes", "comment_date": ["05/05", "10:56"], "comment_content": "有些大樓經費不足 住戶又自私"}, {"comment_author": "asd950101", "comment_date": ["05/05", "10:57"], "comment_content": "地震完就漏了啦"}, {"comment_author": "alex00089", "comment_date": ["05/05", "10:57"], "comment_content": "所以台灣少了物業管理"}, {"comment_author": "birdy590", "comment_date": ["05/05", "10:57"], "comment_content": "計算冷房能力都要加成了 怎麼可能不耗電"}, {"comment_author": "echochrome", "comment_date": ["05/05", "10:57"], "comment_content": "如果是社區大樓頂樓有公設 假日超級吵"}, {"comment_author": "palindromes", "comment_date": ["05/05", "10:57"], "comment_content": "那你頂樓時間久了 防水破壞"}, {"comment_author": "alex00089", "comment_date": ["05/05", "10:57"], "comment_content": "団地要有団地管理員"}, {"comment_author": "xu3", "comment_date": ["05/05", "10:58"], "comment_content": "漏水管委會要修，熱就開冷氣，至少樓上不會"}, {"comment_author": "banrifpb", "comment_date": ["05/05", "10:58"], "comment_content": "頂樓地震搖滾區啊~停電有發電機就ok"}, {"comment_author": "xu3", "comment_date": ["05/05", "10:58"], "comment_content": "吵"}, {"comment_author": "qmo0411", "comment_date": ["05/05", "10:58"], "comment_content": "房子一舊開始漏水每天打官司"}, {"comment_author": "sdamel", "comment_date": ["05/05", "10:58"], "comment_content": "頂樓漏水就加蓋樓頂，再漏水就再加蓋"}, {"comment_author": "palindromes", "comment_date": ["05/05", "10:58"], "comment_content": "這種住戶水準差就會體現出來"}, {"comment_author": "banrifpb", "comment_date": ["05/05", "10:58"], "comment_content": "住了10年了~還蠻愉快的~也不吵~"}, {"comment_author": "palindromes", "comment_date": ["05/05", "10:59"], "comment_content": "光提案我看就過不了"}, {"comment_author": "AustinRivers", "comment_date": ["05/05", "10:59"], "comment_content": "台灣很多人住過頂樓加蓋啊"}, {"comment_author": "birdy590", "comment_date": ["05/05", "10:59"], "comment_content": "\"漏水管委會要修\" 這句話很重要 不是你"}, {"comment_author": "birdy590", "comment_date": ["05/05", "10:59"], "comment_content": "想修/想改善 就能改善 過程沒人會理你"}, {"comment_author": "banrifpb", "comment_date": ["05/05", "10:59"], "comment_content": "住低樓層~路邊噪音會比較吵~不舒服"}, {"comment_author": "Byzantin", "comment_date": ["05/05", "10:59"], "comment_content": "奇怪 一定要所有人都說好才開心？你愛"}, {"comment_author": "Byzantin", "comment_date": ["05/05", "10:59"], "comment_content": "住頂樓就住關我們什麼事啊！"}, {"comment_author": "palindromes", "comment_date": ["05/05", "10:59"], "comment_content": "而且台灣處於地震帶"}, {"comment_author": "FLy60169", "comment_date": ["05/05", "11:00"], "comment_content": "我住過，超熱，下雨天花板聲音超大聲"}, {"comment_author": "yoshilin", "comment_date": ["05/05", "11:00"], "comment_content": "水壓也會比較低"}, {"comment_author": "Iamboy183", "comment_date": ["05/05", "11:00"], "comment_content": "頂樓不便宜+1"}, {"comment_author": "dynamo", "comment_date": ["05/05", "11:01"], "comment_content": "管委會會修，但不代表一定要幫你修好喔"}, {"comment_author": "qaz223gy", "comment_date": ["05/05", "11:01"], "comment_content": "沒電梯才是問題 之前住頂樓西曬房  不開"}, {"comment_author": "qaz223gy", "comment_date": ["05/05", "11:01"], "comment_content": "冷氣是真的完全待不下去"}, {"comment_author": "qaz223gy", "comment_date": ["05/05", "11:01"], "comment_content": "夏天每天直接開12小時起跳"}, {"comment_author": "rick102233", "comment_date": ["05/05", "11:01"], "comment_content": "熱很耗電而已 漏水有管委會是還好"}, {"comment_author": "et803", "comment_date": ["05/05", "11:01"], "comment_content": "腦殘法官就說頂樓是公設 蓋遮陽沒半個要出"}, {"comment_author": "chinhan1216", "comment_date": ["05/05", "11:01"], "comment_content": "不用住都知道"}, {"comment_author": "qaz223gy", "comment_date": ["05/05", "11:01"], "comment_content": "不過沒有漏水問題"}, {"comment_author": "rick102233", "comment_date": ["05/05", "11:02"], "comment_content": "長期下來電費一定比人多一大截"}, {"comment_author": "darkbrigher", "comment_date": ["05/05", "11:02"], "comment_content": "除非你有蓋遮陽 不然超熱"}, {"comment_author": "et803", "comment_date": ["05/05", "11:02"], "comment_content": "住最高樓的就只能夏天熱到爆"}, {"comment_author": "rasen9", "comment_date": ["05/05", "11:03"], "comment_content": "住過30年ㄉ其實還好ㄝ 不吵屌打一切"}, {"comment_author": "GLUESTICK", "comment_date": ["05/05", "11:03"], "comment_content": "頂樓機房儲水槽可能有噪音"}, {"comment_author": "PRME", "comment_date": ["05/05", "11:03"], "comment_content": "地震刺激"}, {"comment_author": "realmd", "comment_date": ["05/05", "11:03"], "comment_content": "理想很豐滿 現實很骨感  年輕人太天真了"}, {"comment_author": "birdy590", "comment_date": ["05/05", "11:03"], "comment_content": "管委會的專長是出手擋你 不是幫你修"}, {"comment_author": "Messi100", "comment_date": ["05/05", "11:04"], "comment_content": "住過頂樓+西曬房 夏天熱爆"}, {"comment_author": "enixl", "comment_date": ["05/05", "11:04"], "comment_content": "我之前待的社區頂樓漏水是頂樓住戶和管委會"}, {"comment_author": "matico", "comment_date": ["05/05", "11:05"], "comment_content": "住了30年頂樓，小時候沒這麼熱，這幾年夏"}, {"comment_author": "enixl", "comment_date": ["05/05", "11:05"], "comment_content": "各半，住戶去區權會反應也沒用"}, {"comment_author": "matico", "comment_date": ["05/05", "11:05"], "comment_content": "天真的爆熱，不開冷氣夏天下午待不住"}, {"comment_author": "realmd", "comment_date": ["05/05", "11:05"], "comment_content": "優點很多 但一次雷到 可能直接整死你"}, {"comment_author": "iPolo3", "comment_date": ["05/05", "11:05"], "comment_content": "沒漏過"}, {"comment_author": "yeng1217", "comment_date": ["05/05", "11:06"], "comment_content": "寶卡卡的頂樓不是別碰嗎"}, {"comment_author": "Js1233", "comment_date": ["05/05", "11:06"], "comment_content": "我住頂樓，搬家又頂樓，算算已30年，熱也"}, {"comment_author": "Js1233", "comment_date": ["05/05", "11:06"], "comment_content": "還好，冷氣開下去就好了"}, {"comment_author": "citycode", "comment_date": ["05/05", "11:06"], "comment_content": "周董表示：頂樓是行家在買的"}, {"comment_author": "pttenjk", "comment_date": ["05/05", "11:07"], "comment_content": "別傻蠢了 沒當過美國總統也是可以批評他"}, {"comment_author": "DLHZ", "comment_date": ["05/05", "11:07"], "comment_content": "先在頂樓價都最高啊"}, {"comment_author": "fallinlove15", "comment_date": ["05/05", "11:08"], "comment_content": "是真的會漏水"}, {"comment_author": "realmd", "comment_date": ["05/05", "11:08"], "comment_content": "頂樓是給有錢人買的 能負擔所有風險 普通"}, {"comment_author": "realmd", "comment_date": ["05/05", "11:08"], "comment_content": "人摸摸自已口袋 遇到鳥事時怎麼辦"}, {"comment_author": "fallinlove15", "comment_date": ["05/05", "11:09"], "comment_content": "所以沒幾年防水層要重弄 我有經驗"}, {"comment_author": "birdy590", "comment_date": ["05/05", "11:09"], "comment_content": "認識有人買頂樓 是在裝潢的時候自己出錢"}, {"comment_author": "birdy590", "comment_date": ["05/05", "11:09"], "comment_content": "把屋頂的隔熱+防水重做 管委會才同意"}, {"comment_author": "homestay", "comment_date": ["05/05", "11:10"], "comment_content": "你冷氣記得買兩倍噸位的才夠喔"}, {"comment_author": "L1ON", "comment_date": ["05/05", "11:10"], "comment_content": "那是老式公寓的問題"}, {"comment_author": "xeins", "comment_date": ["05/05", "11:10"], "comment_content": "說地雷不好的人都踩過地雷嗎？"}, {"comment_author": "birdy590", "comment_date": ["05/05", "11:10"], "comment_content": "不要幻想管委會會\"幫你\" 不擋你就算好的"}, {"comment_author": "ArgusX", "comment_date": ["05/05", "11:10"], "comment_content": "單純是錢的問題  你夠有錢就住頂樓"}, {"comment_author": "ArgusX", "comment_date": ["05/05", "11:11"], "comment_content": "因為熱和維修都是錢可以解決的"}, {"comment_author": "Araiman", "comment_date": ["05/05", "11:11"], "comment_content": "頂樓要自己搭鋼架棚 漏水和熱的問題可以"}, {"comment_author": "ArgusX", "comment_date": ["05/05", "11:11"], "comment_content": "漏水你只要一句話 整層的錢我全出"}, {"comment_author": "Araiman", "comment_date": ["05/05", "11:11"], "comment_content": "減輕很多"}, {"comment_author": "wwwqoo", "comment_date": ["05/05", "11:11"], "comment_content": "是真的熱 除非頂樓上方再搭鐵皮屋覆蓋"}, {"comment_author": "heatlion", "comment_date": ["05/05", "11:12"], "comment_content": "你有錢就是優點阿"}, {"comment_author": "ArgusX", "comment_date": ["05/05", "11:12"], "comment_content": "馬上就可以動工了  不用等其他住戶靠杯"}, {"comment_author": "ptt987654321", "comment_date": ["05/05", "11:13"], "comment_content": "錢能解決你說的問題"}, {"comment_author": "ptt987654321", "comment_date": ["05/05", "11:13"], "comment_content": "頭上有鄰居 最大缺點 錢解決不了"}, {"comment_author": "Js1233", "comment_date": ["05/05", "11:13"], "comment_content": "現在有管委會的新蓋大樓，也不是你想加鐵"}, {"comment_author": "Dean997", "comment_date": ["05/05", "11:14"], "comment_content": "次頂樓才最好，笨"}, {"comment_author": "ArgusX", "comment_date": ["05/05", "11:14"], "comment_content": "新大樓有管委會不可能給你蓋棚架"}, {"comment_author": "waijr", "comment_date": ["05/05", "11:15"], "comment_content": "漏水很麻煩 因為除非你自己出錢修繕"}, {"comment_author": "Js1233", "comment_date": ["05/05", "11:15"], "comment_content": "皮就加的"}, {"comment_author": "believemysky", "comment_date": ["05/05", "11:15"], "comment_content": "錢"}, {"comment_author": "ArgusX", "comment_date": ["05/05", "11:15"], "comment_content": "漏水還要等管委會找人鑑定 詢價 發包"}, {"comment_author": "ArgusX", "comment_date": ["05/05", "11:16"], "comment_content": "然後還只能弄自己家那一小塊  這樣沒多久"}, {"comment_author": "waijr", "comment_date": ["05/05", "11:16"], "comment_content": "不然往往雨季都過了 管委會還沒通過修繕"}, {"comment_author": "ArgusX", "comment_date": ["05/05", "11:16"], "comment_content": "又要漏水了  要弄一整片一定沒人會同意"}, {"comment_author": "starport", "comment_date": ["05/05", "11:18"], "comment_content": "前年我家頂樓防水層花20萬你參考一下"}, {"comment_author": "inshadow", "comment_date": ["05/05", "11:18"], "comment_content": "頂樓真心爛 冬冷夏熱=耗電 沒常識才會"}, {"comment_author": "inshadow", "comment_date": ["05/05", "11:19"], "comment_content": "想住頂樓"}, {"comment_author": "languat", "comment_date": ["05/05", "11:19"], "comment_content": "你有沒有發現說吸毒不好的人都沒吸過？"}, {"comment_author": "starport", "comment_date": ["05/05", "11:19"], "comment_content": "管委會不會給你出這個錢 搞笑"}, {"comment_author": "kakain", "comment_date": ["05/05", "11:19"], "comment_content": "感謝一直有這種輿論風向，讓頂樓的價格這"}, {"comment_author": "kakain", "comment_date": ["05/05", "11:20"], "comment_content": "麼多年來都能維持"}, {"comment_author": "NTPUpigeyes", "comment_date": ["05/05", "11:20"], "comment_content": "地震的時候爽歪歪哦！"}, {"comment_author": "orz151426", "comment_date": ["05/05", "11:20"], "comment_content": "說殺人不好的也沒殺過人啊，邏輯有事嗎"}, {"comment_author": "birdy590", "comment_date": ["05/05", "11:23"], "comment_content": "花錢可以改善是沒錯啦 但最好先掂掂斤兩"}, {"comment_author": "birdy590", "comment_date": ["05/05", "11:24"], "comment_content": "很多住透天的也需要處理類似的問題"}, {"comment_author": "Mubing", "comment_date": ["05/05", "11:24"], "comment_content": "滾吧"}, {"comment_author": "soy5566", "comment_date": ["05/05", "11:24"], "comment_content": "頂樓漏水遇到一次就痛了 要不要修繕還要"}, {"comment_author": "silverray", "comment_date": ["05/05", "11:24"], "comment_content": "說有錢人很爽的當過有錢人嗎"}, {"comment_author": "soy5566", "comment_date": ["05/05", "11:24"], "comment_content": "看管委會的臉色 遇到低能鄰居決議不修你"}, {"comment_author": "soy5566", "comment_date": ["05/05", "11:24"], "comment_content": "怎麼辦"}, {"comment_author": "birdy590", "comment_date": ["05/05", "11:24"], "comment_content": "錢不是問題~ 問題是沒有錢"}, {"comment_author": "birdy590", "comment_date": ["05/05", "11:24"], "comment_content": "有錢願意花 還得看別人的臉色"}, {"comment_author": "atari77", "comment_date": ["05/05", "11:24"], "comment_content": "誰沒住過 又熱又會漏水 老公寓上面還要加"}, {"comment_author": "saiboos", "comment_date": ["05/05", "11:25"], "comment_content": "頂級不錯 還能出租"}, {"comment_author": "atari77", "comment_date": ["05/05", "11:25"], "comment_content": "鐵皮屋頂做防曬防雨"}, {"comment_author": "jialin6666", "comment_date": ["05/05", "11:26"], "comment_content": "電梯保養很不方便"}, {"comment_author": "ming0128", "comment_date": ["05/05", "11:27"], "comment_content": "說冷水開的是熱的在搞笑嗎？ 整棟都用"}, {"comment_author": "ming0128", "comment_date": ["05/05", "11:27"], "comment_content": "那個水塔大家一起熱"}, {"comment_author": "Ericcws", "comment_date": ["05/05", "11:28"], "comment_content": "原來這邊很多人開不起整天冷氣，笑死"}, {"comment_author": "tr920", "comment_date": ["05/05", "11:29"], "comment_content": "頂樓漏水至少好抓漏，如果住一般樓層，光"}, {"comment_author": "tr920", "comment_date": ["05/05", "11:29"], "comment_content": "是要拉下臉去叫樓上配合抓漏，想到就心死"}, {"comment_author": "ericthree", "comment_date": ["05/05", "11:29"], "comment_content": "一堆人在反串睡公園的 真的有睡過嗎!"}, {"comment_author": "Ericcws", "comment_date": ["05/05", "11:31"], "comment_content": "在家全身只穿內褲+狂吹電風扇，活得跟那"}, {"comment_author": "Ericcws", "comment_date": ["05/05", "11:31"], "comment_content": "些被警察攻堅逮捕的8+9沒兩樣"}, {"comment_author": "Seafarers", "comment_date": ["05/05", "11:34"], "comment_content": "熱，夠熱，有夠熱"}, {"comment_author": "tatle1992", "comment_date": ["05/05", "11:34"], "comment_content": "頂樓管線聲很明顯"}, {"comment_author": "stu25936", "comment_date": ["05/05", "11:37"], "comment_content": "頂樓戶 可以加蓋防水防曬鐵皮 超爽"}, {"comment_author": "stu25936", "comment_date": ["05/05", "11:38"], "comment_content": "只是頂樓一定要加壓馬達就是了"}, {"comment_author": "THEBH", "comment_date": ["05/05", "11:38"], "comment_content": "就買不起的酸葡萄心態啊"}, {"comment_author": "Lowpapa", "comment_date": ["05/05", "11:38"], "comment_content": "頂樓狗都不住"}, {"comment_author": "yesyesyesyes", "comment_date": ["05/05", "11:39"], "comment_content": "我就住過阿，真的熱"}, {"comment_author": "darkbrigher", "comment_date": ["05/05", "11:39"], "comment_content": "有人以為整天開冷氣很健康?"}, {"comment_author": "justiceyes", "comment_date": ["05/05", "11:39"], "comment_content": "多住幾年就知道了"}, {"comment_author": "ArgusX", "comment_date": ["05/05", "11:40"], "comment_content": "阿 還有就是就算你願意出整層重鋪的錢"}, {"comment_author": "yesyesyesyes", "comment_date": ["05/05", "11:40"], "comment_content": "而且還要考慮到漏水問題"}, {"comment_author": "ArgusX", "comment_date": ["05/05", "11:40"], "comment_content": "也有其他住戶會靠杯我家原本就沒漏水"}, {"comment_author": "ArgusX", "comment_date": ["05/05", "11:40"], "comment_content": "你施工完換成我家漏水怎麼辦  這時候你就"}, {"comment_author": "ArgusX", "comment_date": ["05/05", "11:41"], "comment_content": "和他說你家漏水的損失我全包了  就可以了"}, {"comment_author": "lonelytea", "comment_date": ["05/05", "11:41"], "comment_content": "確實 屌一堆窮鬼說啥"}, {"comment_author": "dias7812", "comment_date": ["05/05", "11:41"], "comment_content": "幾年就漏ㄌ 日曬風大 管線電梯都吵又臭"}, {"comment_author": "lolpklol0975", "comment_date": ["05/05", "11:42"], "comment_content": "冬夏晝夜熱脹冷縮,雨水地震浸蝕"}, {"comment_author": "lolpklol0975", "comment_date": ["05/05", "11:42"], "comment_content": "不出5年左右就差不多了,不要鐵齒"}, {"comment_author": "lolpklol0975", "comment_date": ["05/05", "11:43"], "comment_content": "等你遇到要動工從鋪就頭大"}, {"comment_author": "yuta02", "comment_date": ["05/05", "11:43"], "comment_content": "小草是小草 住地下室比較適合☺"}, {"comment_author": "lolpklol0975", "comment_date": ["05/05", "11:44"], "comment_content": "不止錢的問題,還有人,浪費精力錢財"}, {"comment_author": "fcz973", "comment_date": ["05/05", "11:44"], "comment_content": "交女朋友也很多缺點啊！……嗚嗚"}, {"comment_author": "lolpklol0975", "comment_date": ["05/05", "11:45"], "comment_content": "頂樓如有儲水箱的話,再加一筆噪音"}, {"comment_author": "sxscts", "comment_date": ["05/05", "11:47"], "comment_content": "以前看房就知道，想買的好社區，都沒有中"}, {"comment_author": "sxscts", "comment_date": ["05/05", "11:47"], "comment_content": "高樓層，但頂樓常常掛在那邊"}, {"comment_author": "Beetch", "comment_date": ["05/05", "11:47"], "comment_content": "是頂加不好 但頂樓可能會漏水"}, {"comment_author": "ad1339", "comment_date": ["05/05", "11:48"], "comment_content": "大樓的話，要看頂樓有沒有什麼設施~"}, {"comment_author": "s9234032", "comment_date": ["05/05", "11:48"], "comment_content": "頂加等於兩戶 一戶出租付房貸 都馬這樣"}, {"comment_author": "s9234032", "comment_date": ["05/05", "11:48"], "comment_content": "玩"}, {"comment_author": "henry1234562", "comment_date": ["05/05", "11:48"], "comment_content": "我頂樓住好久了 沒感覺有啥不好"}, {"comment_author": "Zzzip", "comment_date": ["05/05", "11:50"], "comment_content": "都覺得頂樓不好了還住頂樓是有病嗎"}, {"comment_author": "heryi", "comment_date": ["05/05", "11:50"], "comment_content": "建議你去看看房板在詢問"}, {"comment_author": "heryi", "comment_date": ["05/05", "11:50"], "comment_content": "管委會想凹頂樓住戶自己出錢"}, {"comment_author": "heryi", "comment_date": ["05/05", "11:50"], "comment_content": "修理漏水問題的文章"}, {"comment_author": "zzz50126", "comment_date": ["05/05", "11:54"], "comment_content": "怎麼有人拿頂樓加蓋出來說 靠北 差這麼"}, {"comment_author": "zzz50126", "comment_date": ["05/05", "11:54"], "comment_content": "多"}, {"comment_author": "Jiming", "comment_date": ["05/05", "11:54"], "comment_content": "頂樓漏水，還要管委會通過經費才修"}, {"comment_author": "zzz50126", "comment_date": ["05/05", "11:55"], "comment_content": "以前沒有變頻冷氣 時代在進步 所以近期"}, {"comment_author": "zzz50126", "comment_date": ["05/05", "11:55"], "comment_content": "頂樓預售屋很好賣 市場永遠是對的"}, {"comment_author": "zzz50126", "comment_date": ["05/05", "11:56"], "comment_content": "覺得頂樓爛的 幫我找一間賣跟2樓一樣價"}, {"comment_author": "zzz50126", "comment_date": ["05/05", "11:56"], "comment_content": "格的預售屋大樓頂樓 我想買"}, {"comment_author": "yuanhy63", "comment_date": ["05/05", "11:58"], "comment_content": "我住頂樓 優點可多了 夏天太陽烤整天"}, {"comment_author": "yuanhy63", "comment_date": ["05/05", "11:58"], "comment_content": "室內凌晨都37度 冬天冷死 還有抽水馬達"}, {"comment_author": "yuanhy63", "comment_date": ["05/05", "11:59"], "comment_content": "聲伴眠"}, {"comment_author": "aagain", "comment_date": ["05/05", "11:59"], "comment_content": "頂樓再好二手賣不出去啊"}, {"comment_author": "jeans1020", "comment_date": ["05/05", "11:59"], "comment_content": "那你還不趕快去買頂樓 最好是有空中花"}, {"comment_author": "jeans1020", "comment_date": ["05/05", "12:00"], "comment_content": "園的 假日就看其他住戶帶朋友去野餐吵"}, {"comment_author": "jeans1020", "comment_date": ["05/05", "12:00"], "comment_content": "一整天 然後晚上聚集來的美洲大蠊你猜"}, {"comment_author": "jeans1020", "comment_date": ["05/05", "12:00"], "comment_content": "猜會躲到那層樓去啊"}, {"comment_author": "js52666", "comment_date": ["05/05", "12:01"], "comment_content": "多震幾次開始漏水你就舒服了 嘻嘻"}, {"comment_author": "chenhunk", "comment_date": ["05/05", "12:05"], "comment_content": "頂樓防水層幾年會曬壞，漏水可能會找你"}, {"comment_author": "chenhunk", "comment_date": ["05/05", "12:05"], "comment_content": "處理，給你參考"}, {"comment_author": "smallsir2000", "comment_date": ["05/05", "12:09"], "comment_content": "還好ㄇ"}, {"comment_author": "pilimew", "comment_date": ["05/05", "12:09"], "comment_content": "業配文 哈哈"}, {"comment_author": "widec", "comment_date": ["05/05", "12:09"], "comment_content": "頂樓跟頂加是兩種概念"}, {"comment_author": "glory5566", "comment_date": ["05/05", "12:10"], "comment_content": "這邊都是住在老舊公寓的人啊，真的居住"}, {"comment_author": "glory5566", "comment_date": ["05/05", "12:10"], "comment_content": "在現代建築的人才知道頂樓的好"}, {"comment_author": "nalthax", "comment_date": ["05/05", "12:10"], "comment_content": "不開冷氣的時候呢？現在不住不代表以前沒"}, {"comment_author": "nalthax", "comment_date": ["05/05", "12:10"], "comment_content": "住過啊"}, {"comment_author": "simonwang", "comment_date": ["05/05", "12:16"], "comment_content": "現代頂樓屋頂是空中花園或開放空間。"}, {"comment_author": "simonwang", "comment_date": ["05/05", "12:16"], "comment_content": "你再想想。"}, {"comment_author": "airx", "comment_date": ["05/05", "12:18"], "comment_content": "頂樓的問題都是出錢就能解決 熱開冷氣 漏水"}, {"comment_author": "airx", "comment_date": ["05/05", "12:18"], "comment_content": "直接出錢修 中間樓層漏水你還要看樓上臉色"}, {"comment_author": "BBBroflovski", "comment_date": ["05/05", "12:22"], "comment_content": "你都說冷氣開整天了 還在說不熱"}, {"comment_author": "et310", "comment_date": ["05/05", "12:22"], "comment_content": "嗯你說的都對"}, {"comment_author": "stelladream", "comment_date": ["05/05", "12:22"], "comment_content": "有遇過樓上很吵 但我住在頂樓lol"}, {"comment_author": "steamedbun", "comment_date": ["05/05", "12:25"], "comment_content": "頂樓跟頂加混在一起講?"}, {"comment_author": "WP1", "comment_date": ["05/05", "12:27"], "comment_content": "結果刷過全部推文還真的都是沒住過頂樓的在說"}, {"comment_author": "WP1", "comment_date": ["05/05", "12:27"], "comment_content": "頂樓不好XD"}, {"comment_author": "Dean997", "comment_date": ["05/05", "12:29"], "comment_content": "房子有漏水還要開管委會修，遇到一次雞"}, {"comment_author": "Dean997", "comment_date": ["05/05", "12:29"], "comment_content": "拔毛鄰居不同意修你就知道"}, {"comment_author": "rancilio", "comment_date": ["05/05", "12:29"], "comment_content": "住過4年頂樓，打死都不會再買頂樓"}, {"comment_author": "PCC2003", "comment_date": ["05/05", "12:30"], "comment_content": "我住過，非常不好"}, {"comment_author": "ArgusX", "comment_date": ["05/05", "12:30"], "comment_content": "漏水管委會一定會修啦 樓頂算管委會的"}, {"comment_author": "rancilio", "comment_date": ["05/05", "12:30"], "comment_content": "我當主委敝社區頂樓發生過整間房間漏水"}, {"comment_author": "ArgusX", "comment_date": ["05/05", "12:30"], "comment_content": "但是修的方式就有很大的不同了"}, {"comment_author": "rancilio", "comment_date": ["05/05", "12:30"], "comment_content": "社區三棟頂樓沒有一間沒漏過水"}, {"comment_author": "rancilio", "comment_date": ["05/05", "12:31"], "comment_content": "我住社區還是桃園中悅建設蓋的"}, {"comment_author": "ArgusX", "comment_date": ["05/05", "12:31"], "comment_content": "拖半年修/ 修了又漏/ 修多大範圍"}, {"comment_author": "jasonwalk", "comment_date": ["05/05", "12:33"], "comment_content": "你頂樓防水做得再好遲早也是會漏水"}, {"comment_author": "rancilio", "comment_date": ["05/05", "12:33"], "comment_content": "目前住2樓到現在還不需要開冷氣"}, {"comment_author": "rancilio", "comment_date": ["05/05", "12:33"], "comment_content": "頂樓早就熱爆了"}, {"comment_author": "aaa79112000", "comment_date": ["05/05", "12:33"], "comment_content": "快去買"}, {"comment_author": "ssaic2006", "comment_date": ["05/05", "12:35"], "comment_content": "靠北建商隨便看都是啊"}, {"comment_author": "ssaic2006", "comment_date": ["05/05", "12:35"], "comment_content": ""}, {"comment_author": "ssaic2006", "comment_date": ["05/05", "12:35"], "comment_content": ""}, {"comment_author": "ssaic2006", "comment_date": ["05/05", "12:35"], "comment_content": ""}, {"comment_author": "ssaic2006", "comment_date": ["05/05", "12:35"], "comment_content": ""}, {"comment_author": "betty3252005", "comment_date": ["05/05", "12:38"], "comment_content": "樓下抽菸，頂樓享受菸味"}, {"comment_author": "tr920", "comment_date": ["05/05", "12:39"], "comment_content": "非頂樓遇到天花板漏水，基本上就是直接放"}, {"comment_author": "tr920", "comment_date": ["05/05", "12:39"], "comment_content": "棄治療，因為樓上鄰居通常是裝死不配合"}, {"comment_author": "NikolaTesla", "comment_date": ["05/05", "12:40"], "comment_content": "就算漏水有人出錢修，天花板裝潢遭殃"}, {"comment_author": "NikolaTesla", "comment_date": ["05/05", "12:40"], "comment_content": "，還有人入住了要施工都很麻煩啦。"}, {"comment_author": "yoseii", "comment_date": ["05/05", "12:41"], "comment_content": "還有另外一個好處是直接霸佔頂樓空間，當"}, {"comment_author": "yoseii", "comment_date": ["05/05", "12:41"], "comment_content": "自己家的空中花園"}, {"comment_author": "amgn997", "comment_date": ["05/05", "12:42"], "comment_content": "頂樓漏水好處理，自己解決就好"}, {"comment_author": "rex03187", "comment_date": ["05/05", "12:45"], "comment_content": "頂樓漏水可以找管委會出或分攤"}, {"comment_author": "chang7741", "comment_date": ["05/05", "12:45"], "comment_content": "沒人發現開頭是沒人發現的都廢文嗎？"}, {"comment_author": "heatlion", "comment_date": ["05/05", "12:46"], "comment_content": "中悅建設?  是南崁靠山的那一帶?"}, {"comment_author": "ru899", "comment_date": ["05/05", "12:46"], "comment_content": "再等個十幾二十年就知道了"}, {"comment_author": "ssaic2006", "comment_date": ["05/05", "12:50"], "comment_content": "為什麼常有人說新房子頂樓就不漏水？"}, {"comment_author": "ssaic2006", "comment_date": ["05/05", "12:50"], "comment_content": ""}, {"comment_author": "bread10x", "comment_date": ["05/05", "12:52"], "comment_content": "美國都是頂樓最貴"}, {"comment_author": "chpen", "comment_date": ["05/05", "12:52"], "comment_content": "說住海邊不好的也沒住過海邊"}, {"comment_author": "GRDII", "comment_date": ["05/05", "12:54"], "comment_content": "頂樓真的不好 早上一堆婆婆媽媽上去曬被子"}, {"comment_author": "vicryo", "comment_date": ["05/05", "12:54"], "comment_content": "我住過  麻煩事很多 冬冷夏熱 抽水很吵"}, {"comment_author": "GRDII", "comment_date": ["05/05", "12:54"], "comment_content": "很吵 而且夏天熱死 如果防水沒做好 下大雨"}, {"comment_author": "GRDII", "comment_date": ["05/05", "12:54"], "comment_content": "你就知道了"}, {"comment_author": "heatlion", "comment_date": ["05/05", "12:56"], "comment_content": "那個空中花園跑步就是設計問題  難怪某"}, {"comment_author": "tosada", "comment_date": ["05/05", "12:58"], "comment_content": "地震會很晃  我聽我媽說他遇到鄰居  電視"}, {"comment_author": "tosada", "comment_date": ["05/05", "12:58"], "comment_content": "都掉了"}, {"comment_author": "heatlion", "comment_date": ["05/05", "12:58"], "comment_content": "蛋社區跑步區設在2樓 1樓就是走道及大廳"}, {"comment_author": "iamjimhaha", "comment_date": ["05/05", "12:58"], "comment_content": "全年夏天"}, {"comment_author": "asgardgogo", "comment_date": ["05/05", "13:00"], "comment_content": "不耗電？用愛發電冷氣？"}, {"comment_author": "herculex", "comment_date": ["05/05", "13:00"], "comment_content": "你去過朋友家就可以列出來這麼多？"}, {"comment_author": "herculex", "comment_date": ["05/05", "13:01"], "comment_content": "你是去寄居多久"}, {"comment_author": "matico", "comment_date": ["05/05", "13:02"], "comment_content": "是不是有人眼睛不好？推文就一堆住過頂樓"}, {"comment_author": "matico", "comment_date": ["05/05", "13:02"], "comment_content": "的說頂樓不好，還在雲？"}, {"comment_author": "ssaic2006", "comment_date": ["05/05", "13:08"], "comment_content": "最常看到有人抱怨的就是頂樓"}, {"comment_author": "jcgood", "comment_date": ["05/05", "13:09"], "comment_content": "要開冷氣才不熱那就是很熱啊= = 誰家開冷"}, {"comment_author": "jcgood", "comment_date": ["05/05", "13:09"], "comment_content": "氣會熱？"}, {"comment_author": "akpaz", "comment_date": ["05/05", "13:09"], "comment_content": "沒人發現"}, {"comment_author": "pimday", "comment_date": ["05/05", "13:11"], "comment_content": "我13樓頂樓出租 自己住12樓給妳參考 當初"}, {"comment_author": "pimday", "comment_date": ["05/05", "13:11"], "comment_content": "一次買4戶"}, {"comment_author": "jcgood", "comment_date": ["05/05", "13:12"], "comment_content": "漏水可怕的不是屋頂修繕的錢好嗎？ 重點在"}, {"comment_author": "jcgood", "comment_date": ["05/05", "13:12"], "comment_content": "屋內的家具、裝潢都進水，管委會是會出錢"}, {"comment_author": "jcgood", "comment_date": ["05/05", "13:12"], "comment_content": "賠你喔？"}, {"comment_author": "pimday", "comment_date": ["05/05", "13:12"], "comment_content": "你要我自己住 我是完全不考慮頂樓的 次頂"}, {"comment_author": "pimday", "comment_date": ["05/05", "13:12"], "comment_content": "才是最佳解"}, {"comment_author": "elia0325", "comment_date": ["05/05", "13:12"], "comment_content": "光頂樓冬冷夏熱就不推薦了"}, {"comment_author": "chpen", "comment_date": ["05/05", "13:13"], "comment_content": "有的頂樓有加壓馬達 住戶用水會啟動 那個"}, {"comment_author": "chpen", "comment_date": ["05/05", "13:13"], "comment_content": "噪音很爽喔"}, {"comment_author": "Xliao", "comment_date": ["05/05", "13:14"], "comment_content": "公寓修屋頂漏水還是得自己糊 管委會哩"}, {"comment_author": "ssaic2006", "comment_date": ["05/05", "13:18"], "comment_content": "電費不貴？我家7層電費也才15000"}, {"comment_author": "ssaic2006", "comment_date": ["05/05", "13:18"], "comment_content": ""}, {"comment_author": "andrewyachu", "comment_date": ["05/05", "13:20"], "comment_content": "為了抑制屋頂吸熱後散發出來的熱，"}, {"comment_author": "andrewyachu", "comment_date": ["05/05", "13:20"], "comment_content": "冷氣會一直全速啟動，室內濕度會乾"}, {"comment_author": "andrewyachu", "comment_date": ["05/05", "13:20"], "comment_content": "到讓人不舒服"}, {"comment_author": "shoppinglin", "comment_date": ["05/05", "13:21"], "comment_content": "恐同的很多也沒搞同過"}, {"comment_author": "theshape87", "comment_date": ["05/05", "13:23"], "comment_content": "要做天花板遮管線，還有馬達有些放頂"}, {"comment_author": "theshape87", "comment_date": ["05/05", "13:24"], "comment_content": "樓的，有沒有在研究啊"}, {"comment_author": "dudu1987", "comment_date": ["05/05", "13:24"], "comment_content": "頂樓超熱 不要傻了"}, {"comment_author": "aodm01", "comment_date": ["05/05", "13:24"], "comment_content": "遇到惱人鄰居你就知道頂樓的好"}, {"comment_author": "dryadb36870", "comment_date": ["05/05", "13:25"], "comment_content": "我住頂樓 上面有加蓋蠻舒服的 也沒"}, {"comment_author": "dryadb36870", "comment_date": ["05/05", "13:25"], "comment_content": "有漏水"}, {"comment_author": "Justine1937", "comment_date": ["05/05", "13:25"], "comment_content": "說熱的都是老屋吧"}, {"comment_author": "sydneebaby", "comment_date": ["05/05", "13:30"], "comment_content": "住南部電梯大樓頂樓真的不熱欸，樓高"}, {"comment_author": "sydneebaby", "comment_date": ["05/05", "13:31"], "comment_content": "風大"}, {"comment_author": "jesiuty", "comment_date": ["05/05", "13:31"], "comment_content": "頂樓最大好處 是不會被樓上的吵到 防水問"}, {"comment_author": "jesiuty", "comment_date": ["05/05", "13:31"], "comment_content": "題 還有管委會幫你處理 因為頂樓是公設"}, {"comment_author": "jesiuty", "comment_date": ["05/05", "13:31"], "comment_content": "重點是管委會要有錢 就不會屎尿不是頂樓"}, {"comment_author": "jesiuty", "comment_date": ["05/05", "13:31"], "comment_content": "也有可能樓上漏水 擺爛更難處理 還有被樓"}, {"comment_author": "Mega218", "comment_date": ["05/05", "13:31"], "comment_content": "28年14樓電梯大樓頂樓住戶，除了熱了點耗"}, {"comment_author": "jesiuty", "comment_date": ["05/05", "13:31"], "comment_content": "上吵 遇到瘋子你只能搬家 都是運氣"}, {"comment_author": "Mega218", "comment_date": ["05/05", "13:31"], "comment_content": "冷氣，其他都很滿意"}, {"comment_author": "jesiuty", "comment_date": ["05/05", "13:32"], "comment_content": "現在都有空中花園 而且風大 熱真的還好"}, {"comment_author": "jesiuty", "comment_date": ["05/05", "13:32"], "comment_content": "重點是有沒有西曬 方位好真的還好"}, {"comment_author": "gg86300", "comment_date": ["05/05", "13:32"], "comment_content": "蛤"}, {"comment_author": "jesiuty", "comment_date": ["05/05", "13:35"], "comment_content": "國外都是頂樓靠北貴 台灣就是跟人不一樣"}, {"comment_author": "deray", "comment_date": ["05/05", "13:38"], "comment_content": "什麼智障言論 林北就住頂樓"}, {"comment_author": "f10qpalzm", "comment_date": ["05/05", "13:38"], "comment_content": "朋友家 你先買20年後再說"}, {"comment_author": "sen0411", "comment_date": ["05/05", "13:39"], "comment_content": "大樓頂樓要等20年後，熱或漏水才會慢慢浮"}, {"comment_author": "sen0411", "comment_date": ["05/05", "13:39"], "comment_content": "現"}, {"comment_author": "AJhe0924", "comment_date": ["05/05", "13:42"], "comment_content": "我就住頂樓，根本沒差超爽好ㄇ"}, {"comment_author": "AJhe0924", "comment_date": ["05/05", "13:42"], "comment_content": "漏水每五年就叫管委會去刮掉重用就好ㄌ"}, {"comment_author": "Barquinho", "comment_date": ["05/05", "13:43"], "comment_content": "頂樓真的就是熱 漏不漏水看屋齡吧"}, {"comment_author": "james027", "comment_date": ["05/05", "13:46"], "comment_content": "自己都說冷氣開整天，然後再說不熱"}, {"comment_author": "james027", "comment_date": ["05/05", "13:46"], "comment_content": "腦袋沒問題嗎"}, {"comment_author": "james027", "comment_date": ["05/05", "13:47"], "comment_content": "修繕當然是管委會要出錢，啊你以為"}, {"comment_author": "james027", "comment_date": ["05/05", "13:47"], "comment_content": "馬上修哦不用開會嗎 會修啊重點是"}, {"comment_author": "james027", "comment_date": ["05/05", "13:47"], "comment_content": "你家傢俱先壞啊"}, {"comment_author": "AJhe0924", "comment_date": ["05/05", "13:50"], "comment_content": "開會就開會啊，還真的是馬上修因為住戶"}, {"comment_author": "AJhe0924", "comment_date": ["05/05", "13:50"], "comment_content": "根本不care"}, {"comment_author": "AJhe0924", "comment_date": ["05/05", "13:51"], "comment_content": "五年到開會講一下就喔喔而已你是不是遇"}, {"comment_author": "AJhe0924", "comment_date": ["05/05", "13:51"], "comment_content": "到78鄰居不給修"}, {"comment_author": "jyjyjylin", "comment_date": ["05/05", "13:54"], "comment_content": "我住頂樓屋齡11年，二樓我該注意什麼？"}, {"comment_author": "sun1993", "comment_date": ["05/05", "13:56"], "comment_content": "住過頂樓 真的很熱很熱很熱 假日不出門冷"}, {"comment_author": "sun1993", "comment_date": ["05/05", "13:56"], "comment_content": "氣都不會關還能感覺到熱氣的熱  漏水問題"}, {"comment_author": "sun1993", "comment_date": ["05/05", "13:56"], "comment_content": "是樓下鄰居上來才知道我房間漏水"}, {"comment_author": "browngirl", "comment_date": ["05/05", "13:56"], "comment_content": "開完會馬上修啊！不然管委會想被告？"}, {"comment_author": "jeerlion", "comment_date": ["05/05", "13:59"], "comment_content": "我ok你先住"}, {"comment_author": "simo520", "comment_date": ["05/05", "14:04"], "comment_content": "頂樓漏水是管委會要處理"}, {"comment_author": "addussa", "comment_date": ["05/05", "14:05"], "comment_content": "嗯嗯 你快去住啊"}, {"comment_author": "tinkle", "comment_date": ["05/05", "14:06"], "comment_content": "頂樓樓板沒有比較厚喔，上面又沒承重"}, {"comment_author": "arishina", "comment_date": ["05/05", "14:09"], "comment_content": "管委會才不會出，漏水你家的事"}, {"comment_author": "arishina", "comment_date": ["05/05", "14:10"], "comment_content": "看過屋齡不到10年就漏的"}, {"comment_author": "shrimplai", "comment_date": ["05/05", "14:15"], "comment_content": "頂樓真的熱，老家汐止透天，頂樓夏天比"}, {"comment_author": "shrimplai", "comment_date": ["05/05", "14:15"], "comment_content": "樓下幾層熱，冬天特別冷，且汐止潮濕，"}, {"comment_author": "shrimplai", "comment_date": ["05/05", "14:16"], "comment_content": "頂樓天花板漆都掉光光，露出水泥，其他"}, {"comment_author": "fish3932000", "comment_date": ["05/05", "14:16"], "comment_content": "頂樓會漏水，其他樓層漏屎尿水"}, {"comment_author": "shrimplai", "comment_date": ["05/05", "14:16"], "comment_content": "樓層都正常"}, {"comment_author": "fish3932000", "comment_date": ["05/05", "14:16"], "comment_content": "這樣想想真的比其他樓層好"}, {"comment_author": "Taylor894", "comment_date": ["05/05", "14:20"], "comment_content": "聽到管委會會修這句就笑了 一堆頂樓漏"}, {"comment_author": "Taylor894", "comment_date": ["05/05", "14:20"], "comment_content": "水管委會不處理的新聞"}, {"comment_author": "evie1204", "comment_date": ["05/05", "14:25"], "comment_content": "好煩啊..各有各的問題"}, {"comment_author": "evie1204", "comment_date": ["05/05", "14:25"], "comment_content": "有錢還是住社區透天好了"}, {"comment_author": "peggysue", "comment_date": ["05/05", "14:36"], "comment_content": "冬天冷夏天熱，如果樓層太高等電梯麻煩"}, {"comment_author": "peggysue", "comment_date": ["05/05", "14:36"], "comment_content": "，其他其實都還好。"}, {"comment_author": "lowlow1980", "comment_date": ["05/05", "14:38"], "comment_content": "就不好了幹嘛住"}, {"comment_author": "SkyIsMyLimit", "comment_date": ["05/05", "14:40"], "comment_content": "冷氣開整天不會熱 你要不要再看看你"}, {"comment_author": "smallkop", "comment_date": ["05/05", "14:40"], "comment_content": "你朋友是住寶佳嗎？不是就是倖存者偏差"}, {"comment_author": "SkyIsMyLimit", "comment_date": ["05/05", "14:40"], "comment_content": "在說什麼"}, {"comment_author": "c24253994", "comment_date": ["05/05", "14:52"], "comment_content": "不要再安慰自己了，頂樓爛透"}, {"comment_author": "trchen", "comment_date": ["05/05", "14:54"], "comment_content": "頂樓加蓋沒有樓上噪音 對怕吵的人真的強力"}, {"comment_author": "trchen", "comment_date": ["05/05", "14:54"], "comment_content": "推薦"}, {"comment_author": "maydaychaaaa", "comment_date": ["05/05", "15:08"], "comment_content": "所以現在有誰不開冷氣？ 我住三樓冷"}, {"comment_author": "maydaychaaaa", "comment_date": ["05/05", "15:08"], "comment_content": "氣也開爆。"}, {"comment_author": "LSND", "comment_date": ["05/05", "15:29"], "comment_content": "喔"}, {"comment_author": "andrew5106", "comment_date": ["05/05", "15:31"], "comment_content": "所以你是不是買頂樓阿 笑死"}, {"comment_author": "andrew5106", "comment_date": ["05/05", "15:32"], "comment_content": "漏水修一年、修兩年也是會修阿 哈哈哈"}, {"comment_author": "zzzzzzzzzzzy", "comment_date": ["05/05", "15:33"], "comment_content": "CP值最高的是頂樓下面那一戶，選我"}, {"comment_author": "zzzzzzzzzzzy", "comment_date": ["05/05", "15:33"], "comment_content": "正解"}, {"comment_author": "flow5168", "comment_date": ["05/05", "15:53"], "comment_content": "跟沒唸書的最愛講學歷沒事了不起一樣啊"}, {"comment_author": "LeoYuri", "comment_date": ["05/05", "15:54"], "comment_content": "頂樓有個問題，就是大樓揚水馬達掛了，頂"}, {"comment_author": "LeoYuri", "comment_date": ["05/05", "15:54"], "comment_content": "樓是真的會沒水，基本就只有這個問題"}, {"comment_author": "LeoYuri", "comment_date": ["05/05", "15:55"], "comment_content": "大樓cp值最高的是最高樓數-最低樓數/2"}, {"comment_author": "fkfcu", "comment_date": ["05/05", "15:58"], "comment_content": "頂樓最貴"}, {"comment_author": "notbed", "comment_date": ["05/05", "16:00"], "comment_content": "沒有什麼材質可以長期耐高溫高濕，只能靠"}, {"comment_author": "notbed", "comment_date": ["05/05", "16:00"], "comment_content": "定期補"}, {"comment_author": "notbed", "comment_date": ["05/05", "16:01"], "comment_content": "次頂才是最好的"}, {"comment_author": "kerrboy2001", "comment_date": ["05/05", "16:15"], "comment_content": "我住頂樓啊！以後買房會避開頂樓"}, {"comment_author": "fony1029", "comment_date": ["05/05", "16:20"], "comment_content": "我家就頂樓啊嘻嘻"}]}
