{"author": "SaintSeven (我喜歡妳)", "category": "Gossiping", "title": "[問卦] Dcard彩虹 #屁屁好緊 把手指頭吸住了！", "date": "Mon Apr 29 13:15:05 2024", "content": ["像標題d卡彩虹板ㄉ0號甲甲為了試自己PP有沒有清乾淨直接用手指頭測試原文如下……………………只做過兩次0，上次當0是10年前，我是小隻馬之前聽網友說可以用手指試試屁眼乾不乾淨想說平常排便超順暢的，不用一分鐘就結束。於是剛用手指插進屁屁試了一下，哇靠也太緊太會吸且手指拿出來 完全沒有便便耶，這樣是不是不用清屁屁了?而且原來手指插進去這麼舒服完了，我可能會變成究極騷0", "原文結束………所以說，有沒有甲甲直接用手指挖肛門ㄉ八卦？？", "幹靈糧勒！胎哥尬舞春！！糙！！！！--光著屁股去雜交炫耀愛滋肛門燒智商堪慮沒得救障礙自設眾人笑--"], "post_comment": [{"comment_author": "s820912gmail", "comment_date": ["04/29", "13:15"], "comment_content": "五樓發的文"}, {"comment_author": "bill403777", "comment_date": ["04/29", "13:15"], "comment_content": "哪邊報名"}, {"comment_author": "Owen93", "comment_date": ["04/29", "13:15"], "comment_content": "你看文看到勃起對吧"}, {"comment_author": "tmgl", "comment_date": ["04/29", "13:16"], "comment_content": "蓋"}, {"comment_author": "wagayidnf", "comment_date": ["04/29", "13:16"], "comment_content": "嘔嘔嘔"}, {"comment_author": "qqapplpaa", "comment_date": ["04/29", "13:16"], "comment_content": "五樓好興奮 已私訊"}, {"comment_author": "s999132", "comment_date": ["04/29", "13:16"], "comment_content": "硬了"}, {"comment_author": "CODDDD", "comment_date": ["04/29", "13:16"], "comment_content": "八樓想報名"}, {"comment_author": "zephyr105", "comment_date": ["04/29", "13:16"], "comment_content": "為什麼你會去看這種文阿"}, {"comment_author": "girl55665566", "comment_date": ["04/29", "13:17"], "comment_content": "好噁..."}, {"comment_author": "greenleaf520", "comment_date": ["04/29", "13:17"], "comment_content": "你興奮你就去啊"}, {"comment_author": "girl55665566", "comment_date": ["04/29", "13:18"], "comment_content": "原PO大概是當笑話在看吧 感謝分享"}, {"comment_author": "girl55665566", "comment_date": ["04/29", "13:18"], "comment_content": "奇聞"}, {"comment_author": "whitenoise", "comment_date": ["04/29", "13:18"], "comment_content": "蓮蓬頭大呼一口氣表示解脫"}, {"comment_author": "MKAngelheart", "comment_date": ["04/29", "13:20"], "comment_content": "其實你可以不用告訴我們你很興奮"}, {"comment_author": "www115ui8", "comment_date": ["04/29", "13:21"], "comment_content": ""}, {"comment_author": "YiZheS", "comment_date": ["04/29", "13:23"], "comment_content": "甲甲什麼時候要自己組成一個國家，不要沒"}, {"comment_author": "YiZheS", "comment_date": ["04/29", "13:23"], "comment_content": "事就想肛正常人"}, {"comment_author": "YiZheS", "comment_date": ["04/29", "13:23"], "comment_content": "組成一個國家，走在路上就可以隨便互肛了"}, {"comment_author": "KMTSUCK", "comment_date": ["04/29", "13:24"], "comment_content": "嘔嘔嘔嘔嘔嘔"}, {"comment_author": "a71085", "comment_date": ["04/29", "13:25"], "comment_content": "讓我想到前幾天有人po1號在抱怨 約兩次都"}, {"comment_author": "a71085", "comment_date": ["04/29", "13:25"], "comment_content": "弄出屎快笑死"}, {"comment_author": "keigowei", "comment_date": ["04/29", "13:33"], "comment_content": "P眼是真的緊…不然屎屁早就漏出來了"}, {"comment_author": "a22122212", "comment_date": ["04/29", "13:34"], "comment_content": "會看會轉這種文的八成也是愛好者"}, {"comment_author": "asgardgogo", "comment_date": ["04/29", "13:55"], "comment_content": "你去啊對甲這麼有興趣"}]}
