{"author": "KAWABONGGA (硬梆梆)", "category": "Gossiping", "title": "[問卦] 認真問!要怎麼訓練台女有羞恥心這件事", "date": "Wed May  1 18:43:45 2024", "content": ["欸欸欸乳頭啦～認真問剛剛又被台女氣到了啦一下碰到結帳慢的台女一下又碰到不會操作自助點餐機的台女一下又碰到堵住我家車庫穿雨衣的二輪台女看到我汽車停在車庫前還繼續慢慢穿好像台女都沒感覺自己已經造成別人困擾而且這現象好像有年輕化的趨勢這幾位台女都挺年輕的請問要怎麼教育台女有羞恥心這件事卦?--"], "post_comment": [{"comment_author": "felixden", "comment_date": ["05/01", "18:44"], "comment_content": "盆栽要剪"}, {"comment_author": "bill403777", "comment_date": ["05/01", "18:45"], "comment_content": "台女不意外"}, {"comment_author": "owlonoak", "comment_date": ["05/01", "18:50"], "comment_content": "問問你媽"}, {"comment_author": "zangetsu9006", "comment_date": ["05/01", "18:52"], "comment_content": "呵呵，這跟年輕有關係，扯什麼台女"}, {"comment_author": "zangetsu9006", "comment_date": ["05/01", "18:52"], "comment_content": "年輕台男也沒有羞恥心啊"}, {"comment_author": "godbar", "comment_date": ["05/01", "18:55"], "comment_content": "無解 再沒羞恥心都會有台男捧"}, {"comment_author": "rushfudge", "comment_date": ["05/01", "19:08"], "comment_content": "抓到雙黃線上脫褲子 看會不會羞恥"}, {"comment_author": "coimbra", "comment_date": ["05/01", "19:49"], "comment_content": "問你媽啊"}]}
