{"author": "cosmite (焼き団子)", "category": "Gossiping", "title": "[問卦] 華南銀行在搞？", "date": "Wed May  1 12:01:32 2024", "content": ["收到華南銀行的LINE訊息：「智能理財/好基智您已於月日新增，定期定額每月日扣款，投資金額元，詳細資訊可至行動銀行(網路銀行)/好基智專區/預約資料查詢項下確認。」", "我根本沒使用這功能 沒跟華南買基金登入華南網銀之後 看起來正常？", "不久前才被玉山信用卡搞過一次說綁定Apple pay今天換被華南銀行搞？有也碰到類似狀況嗎？卦--"], "post_comment": [{"comment_author": "u9005205", "comment_date": ["05/01", "12:03"], "comment_content": "這裡長得像金管會嗎…"}, {"comment_author": "rivaille", "comment_date": ["05/01", "12:04"], "comment_content": "這間銀行近期公關打很大，好像有點什麼"}, {"comment_author": "Tenging", "comment_date": ["05/01", "12:09"], "comment_content": "華南變得跟凱基一樣腦殘"}, {"comment_author": "angusyu", "comment_date": ["05/01", "13:09"], "comment_content": "你是不是沒用過富邦，國泰…科科"}]}
