{"author": "llakbil (Bill)", "category": "Gossiping", "title": "[問卦] 未來慣老闆會怎麼神解讀(玩壞)試用期呢?", "date": "Wed May  1 02:17:15 2024", "content": ["那新修正的勞基法， 註明試用期不得低於工資的80%", "--"], "post_comment": [{"comment_author": "a27588679", "comment_date": ["05/01", "02:18"], "comment_content": "都快請不到人了還玩"}, {"comment_author": "chinnez", "comment_date": ["05/01", "02:24"], "comment_content": "最好玩的是 試用期不一定要通過欸"}, {"comment_author": "mp32283228", "comment_date": ["05/01", "02:43"], "comment_content": "請不到人的是研發工程師那種 其他服"}, {"comment_author": "luciffar", "comment_date": ["05/01", "02:43"], "comment_content": "舊聞還浪費時間打這麼長一篇"}, {"comment_author": "luciffar", "comment_date": ["05/01", "02:43"], "comment_content": "時間很多是不會去指揮交通逆?"}, {"comment_author": "jimhall", "comment_date": ["05/01", "02:48"], "comment_content": "現在少子化 除非公司都只要活人就好 不"}, {"comment_author": "jimhall", "comment_date": ["05/01", "02:48"], "comment_content": "然聘不到好員工 然後會吸引到比你更狠更"}, {"comment_author": "jimhall", "comment_date": ["05/01", "02:48"], "comment_content": "會玩勞基法的薪水小偷 第一天就等著讓你"}, {"comment_author": "jimhall", "comment_date": ["05/01", "02:49"], "comment_content": "資遣 每天合法請假領乾薪 敢開除就是各"}, {"comment_author": "jimhall", "comment_date": ["05/01", "02:49"], "comment_content": "種檢舉"}, {"comment_author": "sexygnome", "comment_date": ["05/01", "03:12"], "comment_content": "講這麼多，啊你是去應徵了嗎"}, {"comment_author": "wei9898", "comment_date": ["05/01", "10:12"], "comment_content": "試用期就代表公司不一定會用你"}, {"comment_author": "ramun", "comment_date": ["05/01", "10:57"], "comment_content": "新人超難用好嗎 帶人也要成本 最少敝行業不"}, {"comment_author": "ramun", "comment_date": ["05/01", "10:57"], "comment_content": "會搞出三個月試用然後辭退這種事情 要辭退"}, {"comment_author": "ramun", "comment_date": ["05/01", "10:57"], "comment_content": "一個禮拜不行就讓他走了"}, {"comment_author": "ramun", "comment_date": ["05/01", "10:58"], "comment_content": "綁三個月根本我老闆要抖著等"}, {"comment_author": "ramun", "comment_date": ["05/01", "11:00"], "comment_content": "另一個重點是 現在基層服務業超難找人"}, {"comment_author": "ramun", "comment_date": ["05/01", "11:02"], "comment_content": "會說省多少人力費用XD 可以指出現實上那邊"}, {"comment_author": "ramun", "comment_date": ["05/01", "11:02"], "comment_content": "會歡迎沒經驗新人然後只用三個月嗎"}, {"comment_author": "ramun", "comment_date": ["05/01", "11:04"], "comment_content": "以我們公司來說 要老鳥帶一個新人三個月 新"}, {"comment_author": "ramun", "comment_date": ["05/01", "11:04"], "comment_content": "人可能剛上手 然後就把她辭掉 根本是增加人"}, {"comment_author": "ramun", "comment_date": ["05/01", "11:04"], "comment_content": "力成本"}]}
