{"author": "ubang (長得醜卻想得美)", "category": "Gossiping", "title": "[問卦] 為什麼黑熊打不過棕熊啊？", "date": "Sun May  5 12:01:55 2024", "content": ["如題啦阿肥前幾天看到影片黑熊被棕熊追到樹上但是樹支撐不住兩隻熊的重量所以就在樹上僵持棕熊在樹中間等黑熊從樹上下來所以為什麼黑熊這麼弱打不過棕熊勒卦--"], "post_comment": [{"comment_author": "syntax123", "comment_date": ["05/05", "12:02"], "comment_content": "我家的床又大又舒服"}, {"comment_author": "cloud3455", "comment_date": ["05/05", "12:03"], "comment_content": "華雄打不過關羽 那你認為自己能打得過"}, {"comment_author": "cloud3455", "comment_date": ["05/05", "12:03"], "comment_content": "話雄嗎"}, {"comment_author": "Yude0109", "comment_date": ["05/05", "12:03"], "comment_content": "體型"}, {"comment_author": "luciffar", "comment_date": ["05/05", "12:05"], "comment_content": "棕熊比黑熊大一倍有吧"}, {"comment_author": "szuchi0912", "comment_date": ["05/05", "12:06"], "comment_content": "體型"}, {"comment_author": "Cassander", "comment_date": ["05/05", "12:07"], "comment_content": "灰熊"}, {"comment_author": "snocia", "comment_date": ["05/05", "12:08"], "comment_content": "黑熊主食不是肉類，生性膽小，體型也小很"}, {"comment_author": "snocia", "comment_date": ["05/05", "12:08"], "comment_content": "多"}, {"comment_author": "keyboking", "comment_date": ["05/05", "12:08"], "comment_content": "你打得過黑猩猩嗎？"}, {"comment_author": "kizajan", "comment_date": ["05/05", "12:09"], "comment_content": "不同量級吧"}, {"comment_author": "F16V", "comment_date": ["05/05", "12:09"], "comment_content": "路燈重量扛不住棕熊"}, {"comment_author": "t81511270", "comment_date": ["05/05", "12:12"], "comment_content": "你打得過  銀背大猩猩嗎"}, {"comment_author": "ArgusX", "comment_date": ["05/05", "12:16"], "comment_content": "量級不同怎麼打"}, {"comment_author": "avans", "comment_date": ["05/05", "12:21"], "comment_content": "黑熊=幕之內=羽量級、棕熊=鷹村守=超中量級"}, {"comment_author": "Tsucomi69", "comment_date": ["05/05", "12:34"], "comment_content": "體重60—200公斤 體重在130－700公斤"}, {"comment_author": "rapnose", "comment_date": ["05/05", "13:00"], "comment_content": "量級。"}, {"comment_author": "deerdriver", "comment_date": ["05/05", "13:03"], "comment_content": "黑熊是一般人 灰熊是重量級拳擊手 是"}, {"comment_author": "deerdriver", "comment_date": ["05/05", "13:03"], "comment_content": "你你敢打嗎"}, {"comment_author": "asgardgogo", "comment_date": ["05/05", "13:06"], "comment_content": "連加菲貓都打不過"}, {"comment_author": "raku", "comment_date": ["05/05", "13:08"], "comment_content": "體重"}, {"comment_author": "wolfjack", "comment_date": ["05/05", "13:09"], "comment_content": "因為棕熊落網過，比較兇"}, {"comment_author": "j65k6jo3", "comment_date": ["05/05", "13:51"], "comment_content": "因為沒辦法用路燈吊死棕熊"}]}
