{"author": "cake51640 (uuuu4ni)", "category": "Gossiping", "title": "[問卦] 亞洲金融風暴也沒多嚴重吧？", "date": "Mon Apr 29 12:45:02 2024", "content": ["嗨嗨最近阿肥看到有文章問說日幣貶值會不會引起亞週金融風暴就想到以前曾經也發生過亞洲金融風暴但現在也是一樣馬照跑舞照跳也沒多嚴重吧有木有卦分享分享-----Sent from JPTT on my iPhone--"], "post_comment": [{"comment_author": "xzcb2008", "comment_date": ["04/29", "12:45"], "comment_content": "日幣不是現在主流亞洲代工ㄉ"}, {"comment_author": "Brioni", "comment_date": ["04/29", "12:46"], "comment_content": "之前只有中國跟台灣躲掉，港泰韓都爆了"}, {"comment_author": "nothing188", "comment_date": ["04/29", "12:46"], "comment_content": "破產自殺的人可多了"}, {"comment_author": "GanKer", "comment_date": ["04/29", "12:46"], "comment_content": "破產自殺，都不會報"}, {"comment_author": "q34355997", "comment_date": ["04/29", "12:46"], "comment_content": "亞洲有中國在扛"}, {"comment_author": "porkonrice", "comment_date": ["04/29", "12:47"], "comment_content": "跳樓再跟我說"}, {"comment_author": "pooiuty", "comment_date": ["04/29", "12:48"], "comment_content": "你現在換美金還來得及"}, {"comment_author": "aimlin", "comment_date": ["04/29", "12:56"], "comment_content": "那次很小啦 飛彈危機才真的嚇跑一堆人"}, {"comment_author": "peter080808", "comment_date": ["04/29", "12:57"], "comment_content": "東南亞泰國 馬來以前和台韓差距沒這"}, {"comment_author": "peter080808", "comment_date": ["04/29", "12:57"], "comment_content": "嗎大 被搞到永遠陷入中等陷阱"}, {"comment_author": "chogosu", "comment_date": ["04/29", "13:03"], "comment_content": "那是因為台灣底厚"}, {"comment_author": "relax1129", "comment_date": ["04/29", "13:08"], "comment_content": "沒看到越南直接判首富死刑嗎"}, {"comment_author": "lan1119", "comment_date": ["04/29", "13:38"], "comment_content": "你看過亞洲金融風暴的曲線圖你會發現台灣"}, {"comment_author": "lan1119", "comment_date": ["04/29", "13:38"], "comment_content": "的表現簡直不可思義"}, {"comment_author": "ck901372", "comment_date": ["04/29", "14:03"], "comment_content": "非常嚴重"}]}
