{"author": "teeheehee (軟尾拋拋翔(′・ω・`))", "category": "Gossiping", "title": "[問卦] 台灣黑子化到最後是變成北斗神拳世界觀嗎", "date": "Fri May  3 07:43:47 2024", "content": ["如題台灣一直黑子化垃圾8+9人口占比越來越多", "到最後是變成北斗神拳那樣的世紀末世界觀嗎？就是路上雜碎流氓一大堆 弱肉強食然後一堆土皇帝佔地為王-----Sent from JPTT on my Asus ASUS_I01WD.--", "你也感同身受嗎，是否?--"], "post_comment": [{"comment_author": "neil0611", "comment_date": ["05/03", "07:45"], "comment_content": "笑死 詐騙仔開帕拉梅拉 書卷仔開頭又大"}, {"comment_author": "plbroum88", "comment_date": ["05/03", "07:46"], "comment_content": "這不就是民進黨樂見的結果"}, {"comment_author": "Dirgo", "comment_date": ["05/03", "07:47"], "comment_content": "台灣順民偏多,政府太容易立起來."}, {"comment_author": "sxy67230", "comment_date": ["05/03", "07:49"], "comment_content": "黑道治國"}, {"comment_author": "mikasamikoto", "comment_date": ["05/03", "07:51"], "comment_content": ""}, {"comment_author": "dangercat5", "comment_date": ["05/03", "08:03"], "comment_content": "you wa shock!"}, {"comment_author": "apeople", "comment_date": ["05/03", "08:13"], "comment_content": "墨西哥表示？"}]}
