{"author": "Aloee (Aloee)", "category": "Gossiping", "title": "[問卦] 小台灣找媽媽？", "date": "Fri May  3 08:27:30 2024", "content": ["小台灣呀 你哪去了媽媽早就想你啦香港澳門都回家了落葉總是要歸根一開始還以為是歪歌，沒想到還挺好聽的有沒有？--"], "post_comment": [{"comment_author": "gankgf", "comment_date": ["05/03", "08:28"], "comment_content": "爺爺以色列 爸爸美國 大哥哥日本 媽媽待定"}, {"comment_author": "bg00004", "comment_date": ["05/03", "08:28"], "comment_content": "繼母?"}, {"comment_author": "bradyhau106", "comment_date": ["05/03", "08:28"], "comment_content": "荷蘭勒"}, {"comment_author": "sd09090", "comment_date": ["05/03", "08:29"], "comment_content": "美國爸爸"}, {"comment_author": "sd09090", "comment_date": ["05/03", "08:29"], "comment_content": "中國惡叔叔"}, {"comment_author": "butten986", "comment_date": ["05/03", "09:01"], "comment_content": "反串釣粉綠，抹黑八卦"}, {"comment_author": "bbbcccddd2", "comment_date": ["05/03", "10:22"], "comment_content": "為什麼要找媽媽？自己過的很好"}]}
