{"author": "napacabbage (興奮大白菜)", "category": "Gossiping", "title": "[問卦] 幹你娘 洨噴到頭髮上了", "date": "Sun Apr 28 08:16:35 2024", "content": ["汝題 本阿肥剛起床想來個尻尻醒 結果射出的時候一股勁兒太猛 直接爪在我頭髮上 現在黏住根本弄不下來", "大概像john子 請問有解嗎？----Sent from", "on my iPhone 12 --"], "post_comment": [{"comment_author": "Himiko9975", "comment_date": ["04/28", "08:16"], "comment_content": "你還年輕：（"}, {"comment_author": "railman", "comment_date": ["04/28", "08:17"], "comment_content": "還好  我射在牆上凹一個洞"}, {"comment_author": "brianuser", "comment_date": ["04/28", "08:17"], "comment_content": "很好啊，包保鮮膜敷一小時保養"}, {"comment_author": "engineer1", "comment_date": ["04/28", "08:18"], "comment_content": "問五樓"}, {"comment_author": "ianlin1216", "comment_date": ["04/28", "08:18"], "comment_content": "免費護法霜 嫌屁"}, {"comment_author": "WeGoStyle", "comment_date": ["04/28", "08:22"], "comment_content": "哈啦瑪麗表示："}, {"comment_author": "BIGETC", "comment_date": ["04/28", "08:37"], "comment_content": "回收蛋白質"}, {"comment_author": "stillstands", "comment_date": ["04/28", "08:57"], "comment_content": ""}, {"comment_author": "kabukiryu", "comment_date": ["04/28", "09:02"], "comment_content": "餵螞蟻"}, {"comment_author": "dangercat5", "comment_date": ["04/28", "09:05"], "comment_content": "確定不是擠到美乃滋罐"}, {"comment_author": "ssss3566", "comment_date": ["04/28", "09:13"], "comment_content": "是不會張嘴嗎"}]}
