{"author": "HDSM (Love Not Change  O'_'O)", "category": "Gossiping", "title": "[問卦] 好想對妳說不只寂寞而已", "date": "Sat May  4 01:21:20 2024", "content": ["安安大給賀阿!!!是降的啦本肥想問問說阿相信大家身邊總有幾個觀察力很強的人啦如果心情不好被對方發現 問為什麼的話大家也會像本肥一樣 好想對妳說不只寂寞而已嗎？但是只能是好想啦0.0不然直接這樣對人說的話 感覺會被肥宅嚇跑達成朋友-1的成就啦o'_'o#蕭煌奇-寂寞而已--"], "post_comment": [{"comment_author": "whiteadam", "comment_date": ["05/04", "01:21"], "comment_content": "歌詞ㄇ"}]}
