{"author": "xzcb2008 (可愛老娘變態貓貓=.=)", "category": "Gossiping", "title": "[問卦] 〓.〓 到處台灣怎麼會笨到反核？", "date": "Thu May  2 11:42:56 2024", "content": ["台灣真的跟智障一樣欸〓.〓全世界都知道核能是終極能源你抬頭看不就看到了嗎〓.〓世界ITER也在進展怎麼台灣會想到啊啊啊核能不好會怎樣不是綠能怎樣結果現在慘跟白癡一樣台灣到底是怎麼在這條路上變成智障的有沒有八卦？？？--", "豪", "讚", "有道理但是符號不對☑=.= ☒== ☒= =", "dpp很棒", "不犯了", "我笨是事實☑=.= ☒== ☒= =但我的符號很好看", "你說說看"], "post_comment": [{"comment_author": "syntax123", "comment_date": ["05/02", "11:43"], "comment_content": "聽黨話"}, {"comment_author": "BMTH5566", "comment_date": ["05/02", "11:43"], "comment_content": "有滅火器這樣的天團啊"}, {"comment_author": "a27588679", "comment_date": ["05/02", "11:43"], "comment_content": "2024都還有人反基地台了 你說呢"}, {"comment_author": "a27588679", "comment_date": ["05/02", "11:43"], "comment_content": "然後還會哭沒訊號"}, {"comment_author": "BingLing", "comment_date": ["05/02", "11:43"], "comment_content": "你才知道某黨多擅長製造對立"}, {"comment_author": "highyes", "comment_date": ["05/02", "11:44"], "comment_content": "党要賺錢  可以賺20年 超爽der = =!"}, {"comment_author": "BMTH5566", "comment_date": ["05/02", "11:44"], "comment_content": ""}, {"comment_author": "vowpool", "comment_date": ["05/02", "11:44"], "comment_content": "你去問DPP阿"}, {"comment_author": "Submicromete", "comment_date": ["05/02", "11:44"], "comment_content": "台灣(X.   DPP(O"}, {"comment_author": "BMTH5566", "comment_date": ["05/02", "11:44"], "comment_content": "鼓吹台灣獨立，然後降低台灣能源自主性"}, {"comment_author": "Submicromete", "comment_date": ["05/02", "11:44"], "comment_content": "不過也不是智障 是因為錢"}, {"comment_author": "BMTH5566", "comment_date": ["05/02", "11:44"], "comment_content": "，很噁心"}, {"comment_author": "st210113", "comment_date": ["05/02", "11:44"], "comment_content": "能賺到百億的話你反不反"}, {"comment_author": "bill403777", "comment_date": ["05/02", "11:45"], "comment_content": "阿肥的符號看起來也醜醜笨笨的=="}, {"comment_author": "littleaoc", "comment_date": ["05/02", "11:45"], "comment_content": "大港你贏了"}, {"comment_author": "yunhsing", "comment_date": ["05/02", "11:45"], "comment_content": "台灣還有笨到相信假老二的"}, {"comment_author": "EfiwymsiAros", "comment_date": ["05/02", "11:45"], "comment_content": "不好說"}, {"comment_author": "PerfectID", "comment_date": ["05/02", "11:45"], "comment_content": "台灣人以為台灣人口密度很低,有大量石"}, {"comment_author": "PerfectID", "comment_date": ["05/02", "11:45"], "comment_content": "油和天然氣"}, {"comment_author": "PerfectID", "comment_date": ["05/02", "11:46"], "comment_content": "台灣人自卑"}, {"comment_author": "hoder", "comment_date": ["05/02", "11:46"], "comment_content": "ITER出來再說 若無你幫忙找地埋核廢料"}, {"comment_author": "HodorDragon", "comment_date": ["05/02", "11:46"], "comment_content": "我擁核人拉=="}, {"comment_author": "joe0934", "comment_date": ["05/02", "11:47"], "comment_content": "等核爆死一堆人就知道啦。"}, {"comment_author": "oxooao", "comment_date": ["05/02", "11:47"], "comment_content": "聽黨話，跟黨走"}, {"comment_author": "em4", "comment_date": ["05/02", "11:48"], "comment_content": ""}, {"comment_author": "auditor", "comment_date": ["05/02", "11:48"], "comment_content": "綠電發大財 就夠了"}, {"comment_author": "cat5672", "comment_date": ["05/02", "11:48"], "comment_content": "福島那幾年是真的全世界都在反 只不過"}, {"comment_author": "a9563741", "comment_date": ["05/02", "11:48"], "comment_content": "你在說擋11年乾貯槽的新北藍營市長嗎？"}, {"comment_author": "Insania", "comment_date": ["05/02", "11:48"], "comment_content": "因為愛嘻嘻=,,..,,="}, {"comment_author": "cat5672", "comment_date": ["05/02", "11:49"], "comment_content": "你再回過頭去看 只有某島把話講死而已"}, {"comment_author": "georgeyan2", "comment_date": ["05/02", "11:49"], "comment_content": "Meta不同而已，一堆人剛出生也不翻"}, {"comment_author": "georgeyan2", "comment_date": ["05/02", "11:49"], "comment_content": "書查網路看看研究和社會輿論怎麼作"}, {"comment_author": "georgeyan2", "comment_date": ["05/02", "11:49"], "comment_content": "用，就只會跟風大聲嚷嚷像個腦袋被"}, {"comment_author": "georgeyan2", "comment_date": ["05/02", "11:49"], "comment_content": "放入微波爐的智障狗一樣，看了真可"}, {"comment_author": "georgeyan2", "comment_date": ["05/02", "11:49"], "comment_content": "憐。"}, {"comment_author": "squelch", "comment_date": ["05/02", "11:49"], "comment_content": "你問817那群智障啊 你問我幹嘛?"}, {"comment_author": "cat5672", "comment_date": ["05/02", "11:49"], "comment_content": "其他地方要麻時間很長 不然就是目標很"}, {"comment_author": "cat5672", "comment_date": ["05/02", "11:50"], "comment_content": "籠統 只是表現一個態度或象徵而已"}, {"comment_author": "asdf70044", "comment_date": ["05/02", "11:50"], "comment_content": "笨到發大財 傻人有傻福 懂得就懂"}, {"comment_author": "coffee112", "comment_date": ["05/02", "11:52"], "comment_content": "你不知道在那邊亂喊參加遊行 很潮嗎"}, {"comment_author": "coffee112", "comment_date": ["05/02", "11:52"], "comment_content": "我是人我反核 口號喊起來 其他都不是人"}, {"comment_author": "glenmarlboro", "comment_date": ["05/02", "11:53"], "comment_content": "藍白的政策白皮書都還下載的到 再生"}, {"comment_author": "glenmarlboro", "comment_date": ["05/02", "11:53"], "comment_content": "能源比民進黨喊的還多啦"}, {"comment_author": "sunnyyoung", "comment_date": ["05/02", "11:55"], "comment_content": "台灣人笨到連政黨都相信"}, {"comment_author": "Cloudyagent", "comment_date": ["05/02", "11:56"], "comment_content": "浪費多少時間浪費多少錢 超北爛"}, {"comment_author": "coffee112", "comment_date": ["05/02", "11:58"], "comment_content": "拜託 人家有像DPP 造謠台電 抹黑核四嗎"}, {"comment_author": "mow1982", "comment_date": ["05/02", "11:58"], "comment_content": "不然民進黨要賺什麼"}, {"comment_author": "erisiss0", "comment_date": ["05/02", "11:59"], "comment_content": "反核賺飽飽"}, {"comment_author": "coffee112", "comment_date": ["05/02", "11:59"], "comment_content": ""}, {"comment_author": "coffee112", "comment_date": ["05/02", "12:01"], "comment_content": ""}, {"comment_author": "coffee112", "comment_date": ["05/02", "12:01"], "comment_content": ""}, {"comment_author": "dodoorca", "comment_date": ["05/02", "12:03"], "comment_content": "民脂民膏。"}, {"comment_author": "tora12345", "comment_date": ["05/02", "12:06"], "comment_content": "國外有民進黨嗎？"}, {"comment_author": "ses2", "comment_date": ["05/02", "12:10"], "comment_content": "沒思考能力 黨說什麼就聽"}, {"comment_author": "kenco", "comment_date": ["05/02", "12:16"], "comment_content": "太多人跟著貪腐綠共傻傻的無腦反"}, {"comment_author": "jojojoruno", "comment_date": ["05/02", "12:19"], "comment_content": "Dpp不反核能"}, {"comment_author": "jojojoruno", "comment_date": ["05/02", "12:19"], "comment_content": "反的是 藍白蓋的污染核能"}, {"comment_author": "BeAnBo", "comment_date": ["05/02", "12:22"], "comment_content": "問就是核廢放你家"}, {"comment_author": "coffee112", "comment_date": ["05/02", "12:23"], "comment_content": "核一二三 KMT蓋的 核四70%DPP蓋 不敢用"}, {"comment_author": "tttxxx", "comment_date": ["05/02", "12:25"], "comment_content": "轉彎也來不及了 後路被菜ee弄斷了 現在懸"}, {"comment_author": "tttxxx", "comment_date": ["05/02", "12:26"], "comment_content": "崖邊勒馬至少要花5年"}, {"comment_author": "dreamyello", "comment_date": ["05/02", "12:33"], "comment_content": "蓋核電党能賺多少錢"}, {"comment_author": "dreamyello", "comment_date": ["05/02", "12:33"], "comment_content": "蓋綠電党能賺多少錢"}, {"comment_author": "dreamyello", "comment_date": ["05/02", "12:33"], "comment_content": "三個字 重啟個屁"}, {"comment_author": "Lowpapa", "comment_date": ["05/02", "12:42"], "comment_content": "40%"}, {"comment_author": "court", "comment_date": ["05/02", "12:55"], "comment_content": "40%搞人"}, {"comment_author": "gggghh69", "comment_date": ["05/02", "12:56"], "comment_content": "好了啦 十年前是什麼狀況你不知道？"}, {"comment_author": "flux", "comment_date": ["05/02", "12:59"], "comment_content": "你不懂用愛發電"}, {"comment_author": "hollister", "comment_date": ["05/02", "13:08"], "comment_content": "相信聰明的台灣人都不喜歡核廢料，既"}, {"comment_author": "hollister", "comment_date": ["05/02", "13:08"], "comment_content": "然你挺核，你一定開心核廢料放你家吧"}, {"comment_author": "hollister", "comment_date": ["05/02", "13:09"], "comment_content": "對了，相信台灣人是不笨的"}, {"comment_author": "oue", "comment_date": ["05/02", "13:19"], "comment_content": "全球只有少數國家用核能 其他都智障嗎 XD"}, {"comment_author": "PHXD", "comment_date": ["05/02", "13:22"], "comment_content": "信仰啊 當初反核反多久了，打倒國民黨 核能"}, {"comment_author": "PHXD", "comment_date": ["05/02", "13:22"], "comment_content": "會爆炸 好可怕"}, {"comment_author": "PHXD", "comment_date": ["05/02", "13:23"], "comment_content": "照上面邏輯 日本一定是智障 核災後還敢用核"}, {"comment_author": "PHXD", "comment_date": ["05/02", "13:23"], "comment_content": "能 嘻嘻"}, {"comment_author": "QS531", "comment_date": ["05/02", "13:43"], "comment_content": "用核能國家跟不用的國家 有哪些已開發國家"}, {"comment_author": "Irelia56", "comment_date": ["05/02", "13:46"], "comment_content": "文組誤國+哥布林入侵人類國=.="}, {"comment_author": "Hsu1025", "comment_date": ["05/02", "14:02"], "comment_content": "哪裡笨 黨不是賺飽了嗎 支持黨卻沒賺到"}, {"comment_author": "Hsu1025", "comment_date": ["05/02", "14:02"], "comment_content": "錢的韭菜才笨"}, {"comment_author": "ptychodera", "comment_date": ["05/02", "14:34"], "comment_content": "台灣(X)  40%(O)"}, {"comment_author": "Songla08", "comment_date": ["05/02", "15:22"], "comment_content": ""}, {"comment_author": "Songla08", "comment_date": ["05/02", "15:27"], "comment_content": ""}]}
