{"author": "er2 (LED topic)", "category": "Gossiping", "title": "[問卦] 國小當什麼長最爽", "date": "Sat May  4 19:42:37 2024", "content": ["大大36D哇阿肥仔啦國小當什麼長最爽我選風紀股長把你不爽的人放在名單上交給老師爽的啦有卦嗎-- Send from my iPhone", "--"], "post_comment": [{"comment_author": "metam", "comment_date": ["05/04", "19:43"], "comment_content": "班長"}, {"comment_author": "apeople", "comment_date": ["05/04", "19:43"], "comment_content": "五樓肛交長!專門給肛"}, {"comment_author": "wangyc", "comment_date": ["05/04", "19:43"], "comment_content": "織田信長"}, {"comment_author": "chadmu", "comment_date": ["05/04", "19:43"], "comment_content": "懶覺長"}, {"comment_author": "Roooz", "comment_date": ["05/04", "19:43"], "comment_content": "ㄐㄐ長"}, {"comment_author": "yokomata", "comment_date": ["05/04", "19:44"], "comment_content": "班長，副班長一定是女生"}, {"comment_author": "taiwan08", "comment_date": ["05/04", "19:44"], "comment_content": "健康股長啊，有蟯蟲檢體可以拿"}, {"comment_author": "powerggyy", "comment_date": ["05/04", "19:44"], "comment_content": "事務組長"}, {"comment_author": "hcg8xj", "comment_date": ["05/04", "19:45"], "comment_content": "路隊長"}, {"comment_author": "star1023", "comment_date": ["05/04", "19:46"], "comment_content": "康樂"}, {"comment_author": "adios881", "comment_date": ["05/04", "19:46"], "comment_content": "風紀啊不當風紀怎麼午休看同學的哇key"}, {"comment_author": "higameboy", "comment_date": ["05/04", "19:46"], "comment_content": ""}, {"comment_author": "scott0104", "comment_date": ["05/04", "19:47"], "comment_content": "雞雞長"}, {"comment_author": "livehouse", "comment_date": ["05/04", "19:47"], "comment_content": "校長"}, {"comment_author": "adios881", "comment_date": ["05/04", "19:47"], "comment_content": "大人版的因該是當校長最輕鬆吧"}, {"comment_author": "johnhmj", "comment_date": ["05/04", "19:49"], "comment_content": "家長會長 最爽"}, {"comment_author": "butmyass", "comment_date": ["05/04", "19:51"], "comment_content": "。"}, {"comment_author": "willism", "comment_date": ["05/04", "19:55"], "comment_content": "兵長"}, {"comment_author": "GLUESTICK", "comment_date": ["05/04", "19:58"], "comment_content": "未看先猜女同學的檢體"}, {"comment_author": "syntax123", "comment_date": ["05/04", "19:59"], "comment_content": "大隊長"}, {"comment_author": "alchemist106", "comment_date": ["05/04", "20:03"], "comment_content": "貓貓股長"}, {"comment_author": "F93935", "comment_date": ["05/04", "20:04"], "comment_content": "風紀啊 講話的記一記"}, {"comment_author": "ProE", "comment_date": ["05/04", "20:07"], "comment_content": "肉長！"}, {"comment_author": "lc001188", "comment_date": ["05/04", "20:07"], "comment_content": "電長"}, {"comment_author": "jimmy0316", "comment_date": ["05/04", "20:10"], "comment_content": "路隊長不錯阿，出校門就沒你的事情"}, {"comment_author": "flicker36", "comment_date": ["05/04", "20:16"], "comment_content": "菜起亞長"}, {"comment_author": "td770715", "comment_date": ["05/04", "20:30"], "comment_content": "衛生股長阿 不用打掃專叫人打掃"}, {"comment_author": "chihpeng", "comment_date": ["05/04", "20:35"], "comment_content": "竟然沒有人回校長"}, {"comment_author": "icantsay", "comment_date": ["05/04", "20:46"], "comment_content": "家長會長"}, {"comment_author": "Informatik", "comment_date": ["05/04", "20:58"], "comment_content": "副班長 在台灣 副=不用做事的爽缺"}, {"comment_author": "sivachow", "comment_date": ["05/04", "21:57"], "comment_content": "織田信長~"}, {"comment_author": "leterg", "comment_date": ["05/04", "22:14"], "comment_content": "校長"}, {"comment_author": "alfahsu", "comment_date": ["05/05", "01:21"], "comment_content": "校長 女學生隨便玩"}]}
