{"author": "moneybuy ()", "category": "Gossiping", "title": "[問卦] 比郭台銘窮怎麼辦= =", "date": "Mon Apr 29 15:37:04 2024", "content": ["跟郭台銘比比他還窮怎麼辦現在物價那麼貴要怎樣在鬼島活下去有沒有八卦--"], "post_comment": [{"comment_author": "OPPAISuki", "comment_date": ["04/29", "15:37"], "comment_content": "側翼最愛講人均 平均阿"}, {"comment_author": "amigowei", "comment_date": ["04/29", "15:38"], "comment_content": "那你要去申請低收補助"}, {"comment_author": "OPPAISuki", "comment_date": ["04/29", "15:38"], "comment_content": "我跟郭台銘財產除以2 我也很有錢"}, {"comment_author": "nakayamayyt", "comment_date": ["04/29", "15:38"], "comment_content": "全台灣現在只有一個人比他有錢"}, {"comment_author": "xvited945", "comment_date": ["04/29", "15:38"], "comment_content": "你跟郭台銘平均起來就是世界級的富豪"}, {"comment_author": "xvited945", "comment_date": ["04/29", "15:38"], "comment_content": "了"}, {"comment_author": "indium111", "comment_date": ["04/29", "15:38"], "comment_content": "選總統"}, {"comment_author": "wr", "comment_date": ["04/29", "15:38"], "comment_content": "往好處想 你薪水比他高"}, {"comment_author": "s999132", "comment_date": ["04/29", "15:39"], "comment_content": "還好我比他高"}, {"comment_author": "hqu", "comment_date": ["04/29", "15:39"], "comment_content": "靠北啊  台灣有幾個人可以和他比啦"}, {"comment_author": "aqsss", "comment_date": ["04/29", "15:39"], "comment_content": "省吃儉用 存17萬買間房子"}, {"comment_author": "LenardLee", "comment_date": ["04/29", "15:39"], "comment_content": "我跟郭台銘平均也是百億富豪"}, {"comment_author": "court", "comment_date": ["04/29", "15:40"], "comment_content": "自殺"}, {"comment_author": "StylishTrade", "comment_date": ["04/29", "15:41"], "comment_content": "XD"}, {"comment_author": "yellone741", "comment_date": ["04/29", "15:41"], "comment_content": "台灣只有林百里可以跟他比吧…"}, {"comment_author": "OPPAISuki", "comment_date": ["04/29", "15:41"], "comment_content": "台灣首富 不是一個賣鞋子嗎?"}, {"comment_author": "jeffky", "comment_date": ["04/29", "15:51"], "comment_content": "靠腰，我也是好焦慮。"}, {"comment_author": "crazywar", "comment_date": ["04/29", "15:56"], "comment_content": "投胎賭開局"}, {"comment_author": "PTThph", "comment_date": ["04/29", "15:56"], "comment_content": "政問"}, {"comment_author": "s58565254", "comment_date": ["04/29", "16:05"], "comment_content": "怕什麼政府會幫你跟郭台銘平均呢？"}, {"comment_author": "bbo6uis122", "comment_date": ["04/29", "16:05"], "comment_content": "覺得蠻好笑的XDDD"}, {"comment_author": "bbo6uis122", "comment_date": ["04/29", "16:05"], "comment_content": "這裡誰會比他有錢"}, {"comment_author": "h100733", "comment_date": ["04/29", "16:13"], "comment_content": "你舉一個比郭台銘有錢的"}, {"comment_author": "a002255889", "comment_date": ["04/29", "16:57"], "comment_content": "誰叫你不努力"}, {"comment_author": "nxuanr", "comment_date": ["04/29", "18:28"], "comment_content": "真慘 變白痴了"}]}
