{"author": "assggy (IamCarmelo)", "category": "Gossiping", "title": "[問卦] 對台北人來說 403地震會永遠忘不掉吧", "date": "Sun Apr 28 03:38:46 2024", "content": ["台北本來就不常發生地震平常都花蓮在震921則是中南部人的惡夢但這次403地震不只主震台北5級，而且餘震整個四月都很有感對台北人來說403這輩子都忘不掉了吧--"], "post_comment": [{"comment_author": "mark751019", "comment_date": ["04/28", "03:40"], "comment_content": "921停水停電好幾天才忘不掉 你明年就"}, {"comment_author": "neo5277", "comment_date": ["04/28", "03:41"], "comment_content": "還不到哪天台北有七或是六才真的會難忘"}, {"comment_author": "mark751019", "comment_date": ["04/28", "03:41"], "comment_content": "忘了403了，就小搖一下沒付出代價"}, {"comment_author": "L1ON", "comment_date": ["04/28", "03:41"], "comment_content": "921屌打"}, {"comment_author": "neo5277", "comment_date": ["04/28", "03:41"], "comment_content": "而且基本上沒有不方便"}, {"comment_author": "abc12812", "comment_date": ["04/28", "03:41"], "comment_content": "921台北倒了兩棟樓"}, {"comment_author": "fxf811", "comment_date": ["04/28", "03:45"], "comment_content": "921永遠忘不掉QQ"}, {"comment_author": "david6119", "comment_date": ["04/28", "03:56"], "comment_content": "921停水停電屌打好嗎？菜雞閉嘴"}, {"comment_author": "okdnrsutt", "comment_date": ["04/28", "04:00"], "comment_content": "真的菜"}, {"comment_author": "vwpassat", "comment_date": ["04/28", "04:11"], "comment_content": "921 根本沒停水、停電。"}, {"comment_author": "mark751019", "comment_date": ["04/28", "06:47"], "comment_content": "921大台北停電沒水3天以上 我去提了3"}, {"comment_author": "mark751019", "comment_date": ["04/28", "06:47"], "comment_content": "天 之後就忘了"}, {"comment_author": "mark751019", "comment_date": ["04/28", "06:52"], "comment_content": ""}, {"comment_author": "herbert1012", "comment_date": ["04/28", "07:04"], "comment_content": "你921沒出生或不在台北吧"}, {"comment_author": "cashko", "comment_date": ["04/28", "07:23"], "comment_content": "921停電更有感，說沒停電的是平行世界？"}, {"comment_author": "anding", "comment_date": ["04/28", "07:31"], "comment_content": "921我住一樓，晃的真恐怖。403根本差一級"}, {"comment_author": "mstar", "comment_date": ["04/28", "07:49"], "comment_content": "餘震減小到台北無感後你就會忘記了。"}, {"comment_author": "Pigchi", "comment_date": ["04/28", "10:06"], "comment_content": "原來這裡還有921還沒出生的人嗎"}, {"comment_author": "uless", "comment_date": ["04/28", "10:39"], "comment_content": "921我是真的睡著沒感覺 半夜停電太熱才被"}, {"comment_author": "uless", "comment_date": ["04/28", "10:39"], "comment_content": "熱醒"}]}
