{"author": "boy830527 (eric)", "category": "Gossiping", "title": "[問卦] 租屋補貼是不是補貼房東用？", "date": "Fri May  3 12:33:39 2024", "content": ["如題小弟因為受不了家裡塔綠班 所以決定搬出來住想說在還沒買房前 先租個一年慢慢看房再買結果一看嚇一跳 現在台北破舊老公寓捷運又不便的地方12坪大都要租2.8～3萬左右 房東還很好笑寫著可租補 三字媽的租金補貼根本不能用 尤其家裡在北市的房又不在我名下整個卡爆 要馬去租那貴爆的老破舊租金補貼根本補貼房東 這天才的設計到底是怎樣搞出來的-----Sent from MeowPtt on my SM-A528B--"], "post_comment": [{"comment_author": "fony1029", "comment_date": ["05/03", "12:34"], "comment_content": "是為了要讓房東誠實報稅用的嘻嘻"}, {"comment_author": "fony1029", "comment_date": ["05/03", "12:35"], "comment_content": "我建議推出夜市菜市場攤販補助 讓他們收"}, {"comment_author": "fony1029", "comment_date": ["05/03", "12:35"], "comment_content": "信用卡結帳 可以減少一堆稅負不公問題"}, {"comment_author": "alwang", "comment_date": ["05/03", "12:35"], "comment_content": "當年推出的時候PTT很推的 而且篤信房租不"}, {"comment_author": "alwang", "comment_date": ["05/03", "12:35"], "comment_content": "可能漲  還說如果漲就換租看誰痛"}, {"comment_author": "kid1a2b3c4d", "comment_date": ["05/03", "12:36"], "comment_content": "勿靠邀  租補好爽 我房租省20%"}, {"comment_author": "EXIONG", "comment_date": ["05/03", "12:37"], "comment_content": "租補還限制你家族有房喔"}, {"comment_author": "layer0930", "comment_date": ["05/03", "12:44"], "comment_content": "租捕還限制年收"}, {"comment_author": "callhek", "comment_date": ["05/03", "12:46"], "comment_content": "不會不要搬出去喔"}, {"comment_author": "kiopl", "comment_date": ["05/03", "12:49"], "comment_content": "只要有補貼 絕對就是漲價 電器補貼也是"}, {"comment_author": "b777787", "comment_date": ["05/03", "12:52"], "comment_content": "記得準時交房租嘿"}, {"comment_author": "b777787", "comment_date": ["05/03", "12:52"], "comment_content": "房東謝謝你 cc"}, {"comment_author": "waloloo", "comment_date": ["05/03", "13:44"], "comment_content": "是補貼房東"}]}
