{"author": "GODLP (神鳥鳳凰)", "category": "Gossiping", "title": "[問卦] 以前是低端犯罪 現在怎麼都高學歷犯罪?", "date": "Sun Apr 28 20:54:42 2024", "content": ["事情是這樣的以前上社會新聞常常都是8+9或低學歷的  什麼殺人 詐騙 約砲但現在上新聞的怎麼都是高學歷或還不錯的職業?什麼xx律師勾結詐騙集團什麼xx局長 勾結光電業者什麼xx蛙兵 涉嫌拍A片有損軍威什麼xx醫生 涉嫌偷拍什麼xx議員 ooxx什麼xx市長 ooxx反而8+9沒什麼上新聞有沒有萬般皆下品  唯有讀書高  高到後來變階下囚的八卦?只能說在金錢面前  學歷多高好像都沒啥用--台灣讚讚讚  包子讚讚讚--"], "post_comment": [{"comment_author": "em4", "comment_date": ["04/28", "20:55"], "comment_content": "產業升級轉型"}, {"comment_author": "fony1029", "comment_date": ["04/28", "20:55"], "comment_content": "20年來經濟最好 自從高學歷無法買房後每"}, {"comment_author": "fony1029", "comment_date": ["04/28", "20:55"], "comment_content": "個人都在鋌而走險"}, {"comment_author": "s10130804", "comment_date": ["04/28", "20:55"], "comment_content": "賺錢是因爲cp值高"}, {"comment_author": "kmkr122719", "comment_date": ["04/28", "20:55"], "comment_content": "8+9依然犯罪,只是其他人爆更大而已"}, {"comment_author": "s10130804", "comment_date": ["04/28", "20:55"], "comment_content": "偷拍是因為刺激感"}, {"comment_author": "s10130804", "comment_date": ["04/28", "20:56"], "comment_content": "不能一起看吧"}, {"comment_author": "kmkr122719", "comment_date": ["04/28", "20:56"], "comment_content": "新聞是挑更大的報,所以沒看到8+9犯罪"}, {"comment_author": "chungyiju", "comment_date": ["04/28", "20:56"], "comment_content": "89也可以當官或有學歷啊"}, {"comment_author": "cklovework", "comment_date": ["04/28", "20:56"], "comment_content": "因為低端賺更多"}, {"comment_author": "anomic24", "comment_date": ["04/28", "20:57"], "comment_content": "局長、蛙兵、議員都不見得是高學歷吧"}, {"comment_author": "joumay", "comment_date": ["04/28", "20:58"], "comment_content": "這麼好賺 你要不要一起下海?"}, {"comment_author": "kmkr122719", "comment_date": ["04/28", "20:59"], "comment_content": "局長學歷通常不會太低,雖然是洗出來的"}, {"comment_author": "a60414010299", "comment_date": ["04/28", "20:59"], "comment_content": "一堆抄襲仔都能當市長 你說呢"}, {"comment_author": "kmkr122719", "comment_date": ["04/28", "21:00"], "comment_content": "台灣政治人物很常會去洗一些EMBA之類"}, {"comment_author": "kmkr122719", "comment_date": ["04/28", "21:01"], "comment_content": "的來讓自己學歷好看,但懂的人都知道這"}, {"comment_author": "kmkr122719", "comment_date": ["04/28", "21:01"], "comment_content": "些是洗出來的,更難聽的說法是花錢買的"}, {"comment_author": "ledmstony", "comment_date": ["04/28", "21:02"], "comment_content": "好賺啊"}, {"comment_author": "lingin0730", "comment_date": ["04/28", "21:05"], "comment_content": "打不贏就加入的概念"}, {"comment_author": "jerrylin", "comment_date": ["04/28", "21:07"], "comment_content": "高學歷的發現犯罪低風險高報酬"}, {"comment_author": "opm", "comment_date": ["04/28", "21:14"], "comment_content": "是犯罪的透過量產過程成為高學歷"}, {"comment_author": "SamuelLuo", "comment_date": ["04/28", "21:18"], "comment_content": "因為某党執政，有党證發大財"}, {"comment_author": "roger2", "comment_date": ["04/28", "21:26"], "comment_content": "萬般皆下品 唯有詐騙高"}, {"comment_author": "q123212", "comment_date": ["04/28", "21:26"], "comment_content": "高學歷才看得懂刑法"}, {"comment_author": "andy810306", "comment_date": ["04/28", "22:02"], "comment_content": "有比垃圾半導體炸爛消費者厲害嗎？"}, {"comment_author": "andy810306", "comment_date": ["04/28", "22:02"], "comment_content": "詐騙消費者"}, {"comment_author": "gisasy001", "comment_date": ["04/28", "22:20"], "comment_content": "就跟你說賺錢的方法寫在刑法中了"}, {"comment_author": "answermangtr", "comment_date": ["04/28", "23:02"], "comment_content": "天真 只是以前資訊不發達而已"}, {"comment_author": "ha11111543", "comment_date": ["04/29", "04:31"], "comment_content": "因為台灣社會連高學歷也只能糊口，買"}, {"comment_author": "ha11111543", "comment_date": ["04/29", "04:31"], "comment_content": "不起房"}]}
