{"author": "h6351803 (蘋果多多)", "category": "Gossiping", "title": "[問卦] 營建股在漲什麼？", "date": "Thu May  2 14:21:14 2024", "content": ["這八年聽說房價漲多兇的差不多就翻倍漲，但營建類股票在這短短半年漲4倍的一堆，有忍住不賣的應該臉都笑歪了，臺灣房地產一直都很夯吧？怎麼這半年才開始狂飆？大家都說股票反映未來，是準備發生什麼大事了嗎？有沒有卦？--"], "post_comment": [{"comment_author": "kabor", "comment_date": ["05/02", "14:23"], "comment_content": "可能是戰後重建，阿彌陀佛"}, {"comment_author": "poz93", "comment_date": ["05/02", "14:23"], "comment_content": "台北大地震"}, {"comment_author": "luche", "comment_date": ["05/02", "14:24"], "comment_content": "40年房貸變底價了=.="}, {"comment_author": "ppav0v0v", "comment_date": ["05/02", "14:24"], "comment_content": "最後的煙火啊 這次炒完 準備 蕭條50年"}, {"comment_author": "luche", "comment_date": ["05/02", "14:25"], "comment_content": "一個人單月繳2萬 40年就960萬 隨便"}, {"comment_author": "luche", "comment_date": ["05/02", "14:25"], "comment_content": "就能定價千萬"}, {"comment_author": "luche", "comment_date": ["05/02", "14:25"], "comment_content": "台灣在走香港以前的路"}, {"comment_author": "luche", "comment_date": ["05/02", "14:26"], "comment_content": "有想過政府為什麼沒因為房價千萬把"}, {"comment_author": "luche", "comment_date": ["05/02", "14:26"], "comment_content": "薪資調整倍數嗎"}, {"comment_author": "luche", "comment_date": ["05/02", "14:28"], "comment_content": "夫妻一起買隨便就定價1500萬"}, {"comment_author": "psow123", "comment_date": ["05/02", "14:28"], "comment_content": "前幾年賣的預售陸續交屋營收進來，加上"}, {"comment_author": "psow123", "comment_date": ["05/02", "14:28"], "comment_content": "新青安拉抬成屋，預售屋比較容易完銷"}, {"comment_author": "turndown4wat", "comment_date": ["05/02", "14:32"], "comment_content": "大都更時代"}, {"comment_author": "Paulsic", "comment_date": ["05/02", "14:45"], "comment_content": "政策利多有人早知道"}, {"comment_author": "bearcsjc", "comment_date": ["05/02", "14:52"], "comment_content": "因為房價再漲"}, {"comment_author": "gn9005302", "comment_date": ["05/02", "15:09"], "comment_content": "地震後樓沒倒加價賣啊"}]}
