{"author": "takashi001 (沙花叉クロヱ的狗)", "category": "Gossiping", "title": "[問卦] 恐龍妹", "date": "Sat May  4 11:28:24 2024", "content": ["我肥肥啦剛剛在買咖啡準備運動燃脂一番然後聽到恐龍妹在跟他的恐龍妹朋友聊天講什麼我以前的目標醫生 律師 機師等等等的我心想哇她目標好高喔她是想從事這些職業喔真有上進心==對丫想上這些職業恐龍妹需要做多少努力？有沒有卦？--だにまる", "--"], "post_comment": [{"comment_author": "qber", "comment_date": ["05/04", "11:28"], "comment_content": ""}, {"comment_author": "tyrande", "comment_date": ["05/04", "11:29"], "comment_content": "窩跟你講 歪的很多內心小劇場..."}, {"comment_author": "highyes", "comment_date": ["05/04", "11:29"], "comment_content": "先整形吧 = =！"}, {"comment_author": "gx8759121", "comment_date": ["05/04", "11:29"], "comment_content": "肥宅還想跟二次元結婚勒，嘻嘻"}, {"comment_author": "bang71013", "comment_date": ["05/04", "11:29"], "comment_content": "沒圖=肥宅自慰廢文"}, {"comment_author": "zaqimon", "comment_date": ["05/04", "11:38"], "comment_content": "還好我的目標是 股東 包租公"}, {"comment_author": "iLeyaSin365", "comment_date": ["05/04", "11:39"], "comment_content": "還是要不少努力吧 如果要自己來 當"}, {"comment_author": "iLeyaSin365", "comment_date": ["05/04", "11:39"], "comment_content": "然如果是成為這類人的伴侶努力應該"}, {"comment_author": "iLeyaSin365", "comment_date": ["05/04", "11:39"], "comment_content": "只要1/10"}, {"comment_author": "vaiking0120", "comment_date": ["05/04", "11:46"], "comment_content": "找男友吧 嘻嘻"}, {"comment_author": "adamyang2000", "comment_date": ["05/04", "14:38"], "comment_content": "本大俠乃倚天屠龍妹"}, {"comment_author": "adamyang2000", "comment_date": ["05/04", "14:39"], "comment_content": "資源回收再利用"}, {"comment_author": "devil157", "comment_date": ["05/05", "07:26"], "comment_content": "沒圖"}]}
