{"author": "TroyeSivan (wild)", "category": "Gossiping", "title": "[問卦] Energy是20年前的BTS嗎？", "date": "Sun Apr 28 16:04:52 2024", "content": ["Energy最近好像很多新聞仔細看他們以前的表演mv跳舞好像很強也有兩個特別帥的 其他就以才華取勝所以Energy算是20年前的BTW嗎？----Sent from", "on my iPhone 15 Pro--"], "post_comment": [{"comment_author": "bill403777", "comment_date": ["04/28", "16:05"], "comment_content": "BTS BTW"}, {"comment_author": "Lailungsheng", "comment_date": ["04/28", "16:05"], "comment_content": "20年前不紅的團體"}, {"comment_author": "tw30912", "comment_date": ["04/28", "16:06"], "comment_content": "怎麼拿摸多Energy文呀？？？"}, {"comment_author": "tmgl", "comment_date": ["04/28", "16:07"], "comment_content": "回鍋啊跟內鬥的56不能比"}, {"comment_author": "tenlove", "comment_date": ["04/28", "16:08"], "comment_content": "f4還像一點點"}, {"comment_author": "tenlove", "comment_date": ["04/28", "16:10"], "comment_content": "f4跟56印象中有紅到海外一些國家"}, {"comment_author": "heatlion", "comment_date": ["04/28", "16:10"], "comment_content": "是我中文文法怪嗎"}, {"comment_author": "adk147852", "comment_date": ["04/28", "16:11"], "comment_content": "BTS紅一堆國家耶 你這團56手下敗將"}, {"comment_author": "Lailungsheng", "comment_date": ["04/28", "16:12"], "comment_content": "休比杜華還比他們紅"}, {"comment_author": "lovetina", "comment_date": ["04/28", "16:15"], "comment_content": "Energy 沒紅很久 也不到 F4 那種級數..."}, {"comment_author": "lovetina", "comment_date": ["04/28", "16:16"], "comment_content": "讓人惋惜是 還在 上升期 就 自我解體 了"}, {"comment_author": "teikfvtfiem", "comment_date": ["04/28", "16:27"], "comment_content": "沒BTS紅 不過以舞蹈來說energy比較強"}, {"comment_author": "moy5566", "comment_date": ["04/28", "16:28"], "comment_content": "energy 的歌都是韓國的曲 還bts"}, {"comment_author": "b2305911", "comment_date": ["04/28", "16:31"], "comment_content": "是說宇宙男團現在正在韓星版燒欸"}, {"comment_author": "honron", "comment_date": ["04/28", "16:42"], "comment_content": "不是"}, {"comment_author": "goodman5566", "comment_date": ["04/28", "16:47"], "comment_content": "好歹也是5566 輪的到這團?"}, {"comment_author": "jeter17", "comment_date": ["04/28", "16:55"], "comment_content": "披頭四 可以了嗎？"}, {"comment_author": "artwu", "comment_date": ["04/28", "17:46"], "comment_content": "當年最早有人離開的團體結果現在最團結"}, {"comment_author": "cuememei", "comment_date": ["04/29", "03:20"], "comment_content": "差很多"}]}
