{"author": "abcd991276 (QQ)", "category": "Gossiping", "title": "[問卦] 溫壓彈 集束炸彈 航空炸彈 哪個可怕", "date": "Tue Apr 30 15:25:54 2024", "content": ["如題俄羅斯三神器炸的烏克蘭前線不要不要的認真問這三個哪個比較可怕乾五八卦----Sent from", "on my iPhone 13 mini--"], "post_comment": [{"comment_author": "koromo1991", "comment_date": ["04/30", "15:26"], "comment_content": "一樓才可怕"}, {"comment_author": "CODDDD", "comment_date": ["04/30", "15:27"], "comment_content": "五樓的螺旋蛋蛋"}, {"comment_author": "ian41360", "comment_date": ["04/30", "15:27"], "comment_content": "五樓肛門接炸彈"}, {"comment_author": "aa52189", "comment_date": ["04/30", "15:27"], "comment_content": "五樓肛門的跳蛋"}, {"comment_author": "glenmarlboro", "comment_date": ["04/30", "15:27"], "comment_content": "戰爭第一個月 白磷彈跟溫壓彈就已經"}, {"comment_author": "glenmarlboro", "comment_date": ["04/30", "15:27"], "comment_content": "在洗地了 也沒見俄羅斯戰線有擴大到"}, {"comment_author": "glenmarlboro", "comment_date": ["04/30", "15:27"], "comment_content": "哪去"}, {"comment_author": "mikasamikoto", "comment_date": ["04/30", "15:28"], "comment_content": "反正一般人碰到都沒感覺就死了"}, {"comment_author": "tetani", "comment_date": ["04/30", "15:29"], "comment_content": "司機全部都要 反正不是他在前線"}, {"comment_author": "tonykingtwo", "comment_date": ["04/30", "15:29"], "comment_content": "都沒有綠能你不能可怕"}, {"comment_author": "tenka92417", "comment_date": ["04/30", "15:33"], "comment_content": "航空炸彈，加裝滑翔制導模組的能飛更"}, {"comment_author": "tenka92417", "comment_date": ["04/30", "15:33"], "comment_content": "遠"}, {"comment_author": "tetani", "comment_date": ["04/30", "15:34"], "comment_content": "現在看來fab-1500比較可怕"}, {"comment_author": "tetani", "comment_date": ["04/30", "15:34"], "comment_content": "讓烏克蘭前線的人徹底的崩潰"}, {"comment_author": "peterwu4", "comment_date": ["04/30", "15:48"], "comment_content": "溫壓彈、集束彈都可以以滑翔炸彈的形式"}, {"comment_author": "peterwu4", "comment_date": ["04/30", "15:48"], "comment_content": "閃亮出現~"}, {"comment_author": "sobiNOva", "comment_date": ["04/30", "15:53"], "comment_content": "感謝美國阿...本來沒用 美國幫忙解禁"}, {"comment_author": "sobiNOva", "comment_date": ["04/30", "15:54"], "comment_content": "集束炸彈 結果美國只援助一點點 俄國天"}, {"comment_author": "sobiNOva", "comment_date": ["04/30", "15:54"], "comment_content": "天丟 當初還一堆軍武版再護航XDDD"}, {"comment_author": "tenka92417", "comment_date": ["04/30", "16:02"], "comment_content": "現在俄羅斯根本也不用長程火砲慢慢跟"}, {"comment_author": "tenka92417", "comment_date": ["04/30", "16:02"], "comment_content": "你對轟，直接一組fab套餐就把防禦陣"}, {"comment_author": "tenka92417", "comment_date": ["04/30", "16:02"], "comment_content": "地打爛了"}, {"comment_author": "chunfo", "comment_date": ["04/30", "16:06"], "comment_content": "可怕的是數量"}, {"comment_author": "tenka92417", "comment_date": ["04/30", "16:09"], "comment_content": "我們國防部應該要先想想阿共如果也玩"}, {"comment_author": "tenka92417", "comment_date": ["04/30", "16:09"], "comment_content": "這招要怎麼因應"}, {"comment_author": "adamyang2000", "comment_date": ["04/30", "16:13"], "comment_content": "都可怕 會死很多人"}, {"comment_author": "Dirgo", "comment_date": ["04/30", "16:17"], "comment_content": "全都廢物,沒一個炸得到司機的."}, {"comment_author": "tenka92417", "comment_date": ["04/30", "16:20"], "comment_content": "俄羅斯現在還算手下留情，沒用fab炸"}, {"comment_author": "tenka92417", "comment_date": ["04/30", "16:20"], "comment_content": "基輔"}, {"comment_author": "fransiceyho", "comment_date": ["04/30", "16:27"], "comment_content": "航空炸彈開始量產了 一顆整棟樓"}]}
