{"author": "generalfungi (香菇將軍)", "category": "Gossiping", "title": "[問卦] 微軟鎖Office不就能打趴蘋果了？", "date": "Thu May  2 21:08:02 2024", "content": ["很多人都用蘋果電腦還有蘋果系統讓微軟恨的牙癢癢那為什麼微軟不把Office全部鎖起來，不支援通用，一定要用我們家Windows系統才能用而且沒有反脫拉斯的問題，蘋果手機連接電腦也不是強綁他們家的icloud嗎？天底下所有辦公室哪一個不用word哪一個不用Excel？這樣子微軟電腦很快就趴地板了吧-----Sent from JPTT on my Google Pixel 6a.--"], "post_comment": [{"comment_author": "g1254501", "comment_date": ["05/02", "21:10"], "comment_content": "你知道歐美國家用Mac的人有多少嗎？"}, {"comment_author": "g1254501", "comment_date": ["05/02", "21:11"], "comment_content": "不過你最後一句說的對 鎖起來微軟真的很"}, {"comment_author": "g1254501", "comment_date": ["05/02", "21:11"], "comment_content": "快趴在地上"}, {"comment_author": "freeunixer", "comment_date": ["05/02", "21:13"], "comment_content": "搞不好office下步就是porting到 linux"}, {"comment_author": "horseorange", "comment_date": ["05/02", "21:13"], "comment_content": "微軟的目標是你不管用途設備都可以透"}, {"comment_author": "s605171995", "comment_date": ["05/02", "21:13"], "comment_content": "結果趴下去的是office"}, {"comment_author": "horseorange", "comment_date": ["05/02", "21:14"], "comment_content": "過微軟的☁使用到它們的服務"}, {"comment_author": "marktak", "comment_date": ["05/02", "21:16"], "comment_content": "是歐噴歐費司賞你們飯吃"}, {"comment_author": "YSJ543", "comment_date": ["05/02", "21:17"], "comment_content": "office就是要滲透性 讓你不得不用啊"}, {"comment_author": "abcd5566", "comment_date": ["05/02", "21:17"], "comment_content": "不可能 因為windows一堆盜版office"}, {"comment_author": "abcd5566", "comment_date": ["05/02", "21:18"], "comment_content": "現在賺錢的反而是mac的office使用者"}, {"comment_author": "cogitation", "comment_date": ["05/02", "21:19"], "comment_content": "微軟恨的牙癢癢?誰說的?"}, {"comment_author": "s9220140", "comment_date": ["05/02", "21:20"], "comment_content": "誰說的? 可以用libre office，還免費的"}, {"comment_author": "jfw616", "comment_date": ["05/02", "21:26"], "comment_content": "鎖起來真的會被罰錢"}, {"comment_author": "jfw616", "comment_date": ["05/02", "21:26"], "comment_content": "不要不信"}, {"comment_author": "jfw616", "comment_date": ["05/02", "21:27"], "comment_content": "歐盟也會強制你開放"}, {"comment_author": "jfw616", "comment_date": ["05/02", "21:27"], "comment_content": "蘋果就是一個好例子"}, {"comment_author": "tkc7", "comment_date": ["05/02", "21:29"], "comment_content": "現在鎖真的會吃托拉斯"}, {"comment_author": "donation12", "comment_date": ["05/02", "21:35"], "comment_content": "Office的策略是走向訂閱制"}, {"comment_author": "donation12", "comment_date": ["05/02", "21:35"], "comment_content": "將免費、收費、商用、教育分級收費"}, {"comment_author": "donation12", "comment_date": ["05/02", "21:36"], "comment_content": "Windows也分家用、教育、專業、企業"}, {"comment_author": "hanyi0923", "comment_date": ["05/02", "21:37"], "comment_content": "Windows 又不賺錢 幹嘛鎖"}, {"comment_author": "donation12", "comment_date": ["05/02", "21:37"], "comment_content": "麻煩是因應病毒、資安等的滾動式更新"}, {"comment_author": "donation12", "comment_date": ["05/02", "21:37"], "comment_content": "以及一些「客戶可能不想要」的功能"}, {"comment_author": "donation12", "comment_date": ["05/02", "21:37"], "comment_content": "硬塞到更新pack中，弄巧成拙"}, {"comment_author": "donation12", "comment_date": ["05/02", "21:38"], "comment_content": "使用體驗反而不好"}, {"comment_author": "donation12", "comment_date": ["05/02", "21:38"], "comment_content": "但照目前的策略，不可能鎖的"}, {"comment_author": "donation12", "comment_date": ["05/02", "21:38"], "comment_content": "鎖要不就是逼走用戶，要不逼用戶破解"}, {"comment_author": "donation12", "comment_date": ["05/02", "21:39"], "comment_content": "甚至是使用永久授權的舊版"}, {"comment_author": "donation12", "comment_date": ["05/02", "21:39"], "comment_content": "反而降低用戶更新軟、硬體的意願"}, {"comment_author": "kevintakuya", "comment_date": ["05/02", "21:39"], "comment_content": "一個在賣軟體的一個賣硬體這樣比？"}, {"comment_author": "hydralee", "comment_date": ["05/02", "22:03"], "comment_content": "你知道office是先有Mac版才生出win版嗎"}, {"comment_author": "eetug", "comment_date": ["05/02", "22:05"], "comment_content": "通用性比獨佔有利，你知道格式跑掉對使用者"}, {"comment_author": "eetug", "comment_date": ["05/02", "22:05"], "comment_content": "有多賭爛嗎？你還要搞得mac 不能讀..."}, {"comment_author": "eetug", "comment_date": ["05/02", "22:08"], "comment_content": "而且mac 自己也有對應office 的軟體，你鎖"}, {"comment_author": "eetug", "comment_date": ["05/02", "22:08"], "comment_content": "下去只會害到自己"}, {"comment_author": "ballan88", "comment_date": ["05/02", "22:40"], "comment_content": "msn鎖起來，強迫用skype，然後就變成其"}, {"comment_author": "ballan88", "comment_date": ["05/02", "22:40"], "comment_content": "..."}, {"comment_author": "benjaminchia", "comment_date": ["05/02", "23:38"], "comment_content": "反托拉斯"}, {"comment_author": "twfi75", "comment_date": ["05/03", "19:36"], "comment_content": "Office靠各平台支援賺更多"}]}
