{"author": "zxc881230 (神槍手打手槍神)", "category": "Gossiping", "title": "[問卦] 做橢圓機 膝蓋覺得怪怪的 正常嗎", "date": "Sun Apr 28 16:48:23 2024", "content": ["如題最近嘗試健身房的橢圓機感受很像介於腳踏車跟跑步機之間但很奇怪本魯感覺重心跑到膝蓋去這樣是正常的嗎有卦否--"], "post_comment": [{"comment_author": "k44754", "comment_date": ["04/28", "16:49"], "comment_content": "滾去看骨科,台灣又不是英.美.加拿大"}, {"comment_author": "qwer90147", "comment_date": ["04/28", "16:50"], "comment_content": "有分前大圓跟後大圓，後大圓像是下樓梯"}, {"comment_author": "qwer90147", "comment_date": ["04/28", "16:50"], "comment_content": "，傷膝蓋"}, {"comment_author": "sazaby", "comment_date": ["04/28", "16:50"], "comment_content": "四肢問題一律建議截肢"}, {"comment_author": "sformosa", "comment_date": ["04/28", "16:50"], "comment_content": "正常，你的腳要把踏板往前踢會出力"}, {"comment_author": "qweertyui891", "comment_date": ["04/28", "16:52"], "comment_content": "不正常阿"}, {"comment_author": "AbukumaKai", "comment_date": ["04/28", "16:54"], "comment_content": "建議截肢"}, {"comment_author": "rwr", "comment_date": ["04/28", "17:10"], "comment_content": "合作愛一 要先跑超輕量 潤滑過關節再增加阻力"}, {"comment_author": "willism", "comment_date": ["04/28", "17:17"], "comment_content": "難度1調動作好嗎..."}, {"comment_author": "willism", "comment_date": ["04/28", "17:17"], "comment_content": "不熟就不要直接上強度"}, {"comment_author": "SPOT2525", "comment_date": ["04/28", "17:30"], "comment_content": "膝蓋先換一換~再上~~"}, {"comment_author": "cc02040326", "comment_date": ["04/28", "19:32"], "comment_content": "看骨科說你的knee很pain"}]}
