{"author": "wugucc029 (五股CC)", "category": "Gossiping", "title": "[問卦] 聖女蕃茄如果不小心掉進去怎麼辦", "date": "Tue Apr 30 22:27:55 2024", "content": ["欸欸如果啦弟弟在吃聖女蕃茄不小心打翻剛好幾顆滾進肛門裡面現在大不出來那麼要怎麼辦等蕃茄軟掉明天就會出來嗎= =-----Sent from JPTT on my Samsung SM-S9280.--"], "post_comment": [{"comment_author": "felixden", "comment_date": ["04/30", "22:28"], "comment_content": "變處女"}, {"comment_author": "james732", "comment_date": ["04/30", "22:28"], "comment_content": "一樓我老公♥♥"}, {"comment_author": "highyes", "comment_date": ["04/30", "22:28"], "comment_content": "甲甲花樣真多"}, {"comment_author": "noodlesnice", "comment_date": ["04/30", "22:28"], "comment_content": "五樓都塞牛番茄 問他"}, {"comment_author": "james732", "comment_date": ["04/30", "22:28"], "comment_content": "五樓塞榴槤"}, {"comment_author": "uohZemllac", "comment_date": ["04/30", "22:28"], "comment_content": "靠北怎麼翻的能翻到肛門裡去"}, {"comment_author": "t4lin", "comment_date": ["04/30", "22:29"], "comment_content": "開始表演金瓶梅葡萄架"}, {"comment_author": "kairi5217", "comment_date": ["04/30", "22:32"], "comment_content": "…怎麼滾的"}, {"comment_author": "GP01Fb", "comment_date": ["04/30", "22:45"], "comment_content": "已經被玷污不能叫聖女番茄了"}, {"comment_author": "DarkPST", "comment_date": ["04/30", "22:57"], "comment_content": "五樓好強"}]}
