{"author": "design0606 (飛)", "category": "Gossiping", "title": "[問卦] 毀損罪不和解的話 對方不起訴機率的卦", "date": "Sat May  4 19:31:39 2024", "content": ["難得休兩天假今天六點多就被隔壁鄰居女兒的尖叫聲吵起來(應該是說 吵鬧行為沒斷過 晚上中午早上只要在家 都常常尖叫哭鬧 大約3-4歲)因為極度不爽 吼了一句\"吵甚麼吵\"然後把一個行車紀錄器放在我自己的窗台上想錄下吵鬧的時間 情況 還有聲量準備要傳給鄰居的房東到了下午尖叫聲又起 我又喊了一句對方父親就不爽了 直接站在我家窗戶前面在那邊說  小孩子吵很正常 我再靠杯甚麼我就說 吵不吵 正不正常我都錄下來了他看到密錄器 就直接拿起來摔在地上之後我打開手機錄影 他自己也承認就是他摔我的東西於是我就報警管區警察來了原本想調解 我堅持提告我想問 大部分這種到檢察庭 檢察官也會勸和解如果我堅持不和解   起訴(法庭最後判刑 緩刑 或無罪另當別論)的機率大不大?有卦嗎--", "就想讓他跑法院在工地上班的 沒工作就沒收入", "我根本不打算求償 單純讓他跑訴訟程序而已", "是的 每次都跳針 小孩才幾歲 哭很正常(包含小女生的爺爺奶奶都這樣喔)", "反正就想讓他跑法院而已另外可以請管委會跟他房東溝通因為他只當著我罵三字經 公然侮辱是告不成錄影的內容差不多是\"社區不是你家的你在靠杯啥\"\"怕吵不會搬走喔\"", "我家就我一個人  沒差 反正主委剛剛來友說要跟他的房東溝通看是不要續約還是怎樣的", "壞啦 警員已蒐證", "重點明知我錄影了還很大聲的說 就是我摔的 怎樣 報警啊"], "post_comment": [{"comment_author": "chadmu", "comment_date": ["05/04", "19:32"], "comment_content": "100%起訴"}, {"comment_author": "s820912gmail", "comment_date": ["05/04", "19:33"], "comment_content": "搓起來"}, {"comment_author": "GetMoney", "comment_date": ["05/04", "19:33"], "comment_content": "是不會花錢去問律師膩，來這吵什麼吵"}, {"comment_author": "gx8759121", "comment_date": ["05/04", "19:33"], "comment_content": "也罰不了多少"}, {"comment_author": "johnhmj", "comment_date": ["05/04", "19:33"], "comment_content": "支持提告到底"}, {"comment_author": "achun1212", "comment_date": ["05/04", "19:33"], "comment_content": "重點犯意是不是故意，檢察官認定不是"}, {"comment_author": "achun1212", "comment_date": ["05/04", "19:34"], "comment_content": "故意就不起訴。"}, {"comment_author": "tinghong0515", "comment_date": ["05/04", "19:34"], "comment_content": "支持提告到底，不會教就不要生"}, {"comment_author": "apeople", "comment_date": ["05/04", "19:34"], "comment_content": "這種最多緩刑罰緩，然後繼續吵!"}, {"comment_author": "achun1212", "comment_date": ["05/04", "19:36"], "comment_content": "就算是判刑，對方不在意前科最多也是"}, {"comment_author": "achun1212", "comment_date": ["05/04", "19:36"], "comment_content": "繳給國庫，民事損害求償慢慢等吧！"}, {"comment_author": "MrQ2010", "comment_date": ["05/04", "19:37"], "comment_content": "這類低能父母素質都很差 帶的小孩都沒啥"}, {"comment_author": "fifiss", "comment_date": ["05/04", "19:37"], "comment_content": "你不和解 當然就是判刑啊 不然勒"}, {"comment_author": "MrQ2010", "comment_date": ["05/04", "19:37"], "comment_content": "教養 通常一家都是些怪人"}, {"comment_author": "achun1212", "comment_date": ["05/04", "19:39"], "comment_content": "這種摔東西一定起訴，只是真的能懲罰"}, {"comment_author": "achun1212", "comment_date": ["05/04", "19:39"], "comment_content": "到被告嗎"}, {"comment_author": "achun1212", "comment_date": ["05/04", "19:40"], "comment_content": "但還是要堅持告到底  不和解，但往後"}, {"comment_author": "achun1212", "comment_date": ["05/04", "19:40"], "comment_content": "日子多注意自己家人的人身安全"}, {"comment_author": "achun1212", "comment_date": ["05/04", "19:42"], "comment_content": "嗯嗯    若運氣好，真的只能靠對方房"}, {"comment_author": "achun1212", "comment_date": ["05/04", "19:42"], "comment_content": "東不續租，給推。"}, {"comment_author": "asgardgogo", "comment_date": ["05/04", "19:50"], "comment_content": "你484住低端區"}, {"comment_author": "kimiraikko", "comment_date": ["05/04", "19:50"], "comment_content": "小孩尖叫哭鬧 疑似虐童 報警報社會局"}, {"comment_author": "tigotigo5566", "comment_date": ["05/04", "20:22"], "comment_content": "東西有壞嗎？"}, {"comment_author": "lou", "comment_date": ["05/04", "20:40"], "comment_content": "對方不能不出庭嗎？判就給他判，反正領現金"}, {"comment_author": "lou", "comment_date": ["05/04", "20:40"], "comment_content": "的有差嗎？"}, {"comment_author": "LALAO", "comment_date": ["05/04", "20:48"], "comment_content": "承認就有犯意加故意 毀損不罰過失"}, {"comment_author": "LALAO", "comment_date": ["05/04", "20:48"], "comment_content": "刑事和民事有得跑了"}, {"comment_author": "lou", "comment_date": ["05/04", "20:49"], "comment_content": "剛查了一下，故意毀損是刑事案件，不出庭有"}, {"comment_author": "lou", "comment_date": ["05/04", "20:49"], "comment_content": "可能被拘提。有識者可以分享一下，這種案件"}, {"comment_author": "lou", "comment_date": ["05/04", "20:50"], "comment_content": "被拘提的可能性有多高嗎？"}, {"comment_author": "lovesixnight", "comment_date": ["05/04", "23:54"], "comment_content": "被拘提就半天一天而已，有差嗎？"}, {"comment_author": "samnpc", "comment_date": ["05/05", "08:42"], "comment_content": "沒去開庭被拘提，開完亭就可以離開，大概"}, {"comment_author": "samnpc", "comment_date": ["05/05", "08:42"], "comment_content": "花1-2小時吧"}]}
