{"author": "gerychen (邪惡肥宅)", "category": "Gossiping", "title": "[問卦] 做詐騙賺2500萬pr多少？", "date": "Thu May  2 19:50:30 2024", "content": ["餓死抬頭台灣是詐騙天堂大家都知道但對於詐騙集團的業績可能不太清楚那如果有一個詐騙集團詐騙到的業績有2500萬這樣在詐騙圈大概PR多少？業績算高嗎？有卦？--"], "post_comment": [{"comment_author": "bill403777", "comment_date": ["05/02", "19:51"], "comment_content": "騙納稅錢才是最高級的"}, {"comment_author": "palindromes", "comment_date": ["05/02", "19:51"], "comment_content": "詐騙畜生"}, {"comment_author": "Workforme", "comment_date": ["05/02", "19:53"], "comment_content": "多久？如果一個月內 那很厲害阿"}, {"comment_author": "seiten137", "comment_date": ["05/02", "19:54"], "comment_content": "no,跟著党才最高"}, {"comment_author": "abzyner", "comment_date": ["05/02", "20:01"], "comment_content": "我聽朋友說，1個車手1天大概可以提款4次"}, {"comment_author": "abzyner", "comment_date": ["05/02", "20:01"], "comment_content": "，每次大概5萬，1天可以賺20萬，1個月可"}, {"comment_author": "abzyner", "comment_date": ["05/02", "20:01"], "comment_content": "以賺600萬"}, {"comment_author": "dapei842110", "comment_date": ["05/02", "20:17"], "comment_content": "你集團才千萬 要檢討好不好"}, {"comment_author": "zorro1111", "comment_date": ["05/02", "21:52"], "comment_content": "80吧 pr90的都億來億去..."}, {"comment_author": "AMDMARSHAL", "comment_date": ["05/03", "00:41"], "comment_content": "我認識一個詐騙集團八年騙了上兆"}, {"comment_author": "iceman00186", "comment_date": ["05/03", "03:56"], "comment_content": "白吃白喝80年說要找鄰居討錢的騙王"}]}
