{"author": "apollo999 (GOD IS LOVE)", "category": "Gossiping", "title": "[問卦] 飛機票沒坐滿會一直賣嗎?", "date": "Sun May  5 00:26:09 2024", "content": ["不好意思請問機票的座位跟票價有沒有八卦譬如說阿肥上去某一天的機票看票艙發現有超過6成的位置都是空的 (沒人坐)這一個航班的機票會一直賣到沒有票嗎 ?阿肥又看機票票價好像偶爾4000 偶爾5000這是甚麼原理呢 ?如果他一直到起飛那天還是空了6-7成沒人買機票會降價買  阿肥問謝謝--"], "post_comment": [{"comment_author": "ashilol", "comment_date": ["05/05", "00:29"], "comment_content": "賣到超賣為止"}, {"comment_author": "ashilol", "comment_date": ["05/05", "00:30"], "comment_content": "機票本來就是動態價格"}]}
