{"author": "addog74 (陳冠希)", "category": "Gossiping", "title": "[問卦] 台劇拍的出淚之女王這種霸榜戲嗎？", "date": "Fri May  3 13:11:25 2024", "content": ["灑狗血、劇情老套偏偏人家還是能在亞洲多國稱霸第一名兩個月網飛也完全不會干涉劇組，你拍我還求你賣我台劇跟淚之女王的差距大概是幾年？-----Sent from JPTT on my Xiaomi 2211133G.--"], "post_comment": [{"comment_author": "s820912gmail", "comment_date": ["05/03", "13:12"], "comment_content": "台劇=垃圾"}, {"comment_author": "OPPAISuki", "comment_date": ["05/03", "13:13"], "comment_content": "不可能 只會拍與惡 教育人民"}, {"comment_author": "gx8759121", "comment_date": ["05/03", "13:13"], "comment_content": "好看不好看我不知道啦，但宣傳預算是真"}, {"comment_author": "OPPAISuki", "comment_date": ["05/03", "13:13"], "comment_content": "差20幾年"}, {"comment_author": "gx8759121", "comment_date": ["05/03", "13:14"], "comment_content": "的多，嘻嘻"}, {"comment_author": "b9513227", "comment_date": ["05/03", "13:14"], "comment_content": "霸三小 支言支語"}, {"comment_author": "Wilsly", "comment_date": ["05/03", "13:21"], "comment_content": "設備、環境、軟體差太多"}, {"comment_author": "leohayashi1", "comment_date": ["05/03", "13:24"], "comment_content": "淚之女王是世界前10霸榜9周，大結局"}, {"comment_author": "leohayashi1", "comment_date": ["05/03", "13:24"], "comment_content": "後今天是排名第五，算僅次於魷魚遊"}, {"comment_author": "leohayashi1", "comment_date": ["05/03", "13:24"], "comment_content": "戲的好成績了"}, {"comment_author": "terry1043", "comment_date": ["05/03", "13:29"], "comment_content": "台劇只會拍教訓觀眾那種片"}, {"comment_author": "Cliffx", "comment_date": ["05/03", "13:32"], "comment_content": "台灣沒有金智媛這種美女當然拍不出來"}, {"comment_author": "leohayashi1", "comment_date": ["05/03", "13:32"], "comment_content": "台劇就學日劇愛說教啊，結果亞洲電"}, {"comment_author": "leohayashi1", "comment_date": ["05/03", "13:32"], "comment_content": "視劇日劇文化輸出還輸泰劇，印度劇"}, {"comment_author": "leohayashi1", "comment_date": ["05/03", "13:32"], "comment_content": "演員片酬下降，沒人願意出錢搞大製"}, {"comment_author": "leohayashi1", "comment_date": ["05/03", "13:32"], "comment_content": "作就輸了"}, {"comment_author": "Cliffx", "comment_date": ["05/03", "13:32"], "comment_content": "淚之女王男女主換人演絕對爆死"}, {"comment_author": "Cliffx", "comment_date": ["05/03", "13:35"], "comment_content": "跟說教不說教沒關係 是台灣沒演員了"}, {"comment_author": "eeuueee", "comment_date": ["05/03", "13:36"], "comment_content": "2025即將推出，請大家等候N，感謝"}, {"comment_author": "scott0104", "comment_date": ["05/03", "13:36"], "comment_content": "會一堆置入行銷跟政治正確喔"}, {"comment_author": "terry1043", "comment_date": ["05/03", "13:38"], "comment_content": "台灣可悲的是 連桌遊都很難脫離教育"}, {"comment_author": "hiimhenry", "comment_date": ["05/03", "13:41"], "comment_content": "台劇就是一堆文青在拍的"}, {"comment_author": "Cliffx", "comment_date": ["05/03", "13:43"], "comment_content": "台灣的一線演員都已經老了 不適合演這種"}, {"comment_author": "Cliffx", "comment_date": ["05/03", "13:44"], "comment_content": "後繼無人 年輕演員沒幾個"}, {"comment_author": "kimuya1127", "comment_date": ["05/03", "14:11"], "comment_content": "劇情可以啊,但找不到演員才是問題...."}, {"comment_author": "FikShun", "comment_date": ["05/03", "14:31"], "comment_content": "台劇只會瘋狂出現娘家大紅麴、娘家滴雞"}, {"comment_author": "FikShun", "comment_date": ["05/03", "14:31"], "comment_content": "精、輝葉按摩椅"}, {"comment_author": "leohayashi1", "comment_date": ["05/03", "14:37"], "comment_content": "劇情還要考慮受眾，中國，台灣女權"}, {"comment_author": "leohayashi1", "comment_date": ["05/03", "14:37"], "comment_content": "愛的戲劇在東南亞是會爆死的（比如"}, {"comment_author": "leohayashi1", "comment_date": ["05/03", "14:37"], "comment_content": "不夠善良的我們）去跟他們講因為我"}, {"comment_author": "leohayashi1", "comment_date": ["05/03", "14:38"], "comment_content": "受冷暴力我可以出軌試試？"}, {"comment_author": "loveponpon", "comment_date": ["05/03", "15:21"], "comment_content": "這劇情不9三立"}, {"comment_author": "daphney2266", "comment_date": ["05/03", "15:35"], "comment_content": "是沒演員吧,而且劇情常常愛說教"}, {"comment_author": "hcc570910", "comment_date": ["05/03", "21:15"], "comment_content": "何時拍科幻特效劇"}]}
