{"author": "palindromes ()", "category": "Gossiping", "title": "[問卦] 試用期80%是不是智力測驗？", "date": "Thu May  2 09:20:09 2024", "content": ["快笑死還什麼不能低於基本薪資自己人都覺得會錨定效應取消了這裡還一堆80%支持者一堆北七喜歡0730上班 熱愛試用期80%還有加班費捐出來然後喊我好苦 好累 活不下去你媽知道你找工作是這樣找的嗎？車都翻了還在80%支持的智障還這麼多喔試用期80%是不是智力測驗？有八卦嗎？--"], "post_comment": [{"comment_author": "MeeToo", "comment_date": ["05/02", "09:21"], "comment_content": "我確定每次出來嗆智力測驗的都是"}, {"comment_author": "neilisme", "comment_date": ["05/02", "09:21"], "comment_content": "要跟你解釋可能很難 你開心就好了"}, {"comment_author": "bill403777", "comment_date": ["05/02", "09:21"], "comment_content": "試用期本身就是智力測驗"}, {"comment_author": "mk5520", "comment_date": ["05/02", "09:21"], "comment_content": "40%都考不過的"}, {"comment_author": "j29871049", "comment_date": ["05/02", "09:22"], "comment_content": "這裡沒有對錯 指有顏色"}, {"comment_author": "kissmickey", "comment_date": ["05/02", "09:24"], "comment_content": "這裡只有塔綠班伊斯藍白蓮教"}, {"comment_author": "machiusheng", "comment_date": ["05/02", "09:25"], "comment_content": "40%網軍試用10年"}, {"comment_author": "saintsmw", "comment_date": ["05/02", "09:26"], "comment_content": "80趴，真牛逼"}, {"comment_author": "ohiu", "comment_date": ["05/02", "09:28"], "comment_content": "40%繼續秀下限，下次只剩4%"}, {"comment_author": "GamaloveVaca", "comment_date": ["05/02", "09:29"], "comment_content": "40%塔綠斑都要送去啟智班"}, {"comment_author": "a9563741", "comment_date": ["05/02", "09:37"], "comment_content": "小草有智商？"}, {"comment_author": "ruby00514", "comment_date": ["05/02", "09:40"], "comment_content": "試用期就是違法啊"}, {"comment_author": "hn84679402", "comment_date": ["05/02", "09:42"], "comment_content": "從沒拿過80%什麼公司會這樣"}, {"comment_author": "ThisisLongID", "comment_date": ["05/02", "09:49"], "comment_content": "只知道猴子朝三暮四就會很開心"}, {"comment_author": "ogisun", "comment_date": ["05/02", "09:57"], "comment_content": "本來只是開開玩笑小藍草失智 沒想到是真"}, {"comment_author": "ogisun", "comment_date": ["05/02", "09:57"], "comment_content": "的失智"}, {"comment_author": "enjoyyou", "comment_date": ["05/02", "09:58"], "comment_content": "現在的國民黨提案幾乎都是智力測驗了"}, {"comment_author": "HYTTM", "comment_date": ["05/02", "11:13"], "comment_content": "當事人都縮了，剩小草屹立不搖"}, {"comment_author": "your0207", "comment_date": ["05/02", "11:29"], "comment_content": "因為很多人不用再被試用啊，你要一直換"}, {"comment_author": "your0207", "comment_date": ["05/02", "11:29"], "comment_content": "工作怪誰"}, {"comment_author": "your0207", "comment_date": ["05/02", "11:30"], "comment_content": "你試用期就要上線加班了真慘"}]}
