{"author": "derrick1220 (新竹野內豐)", "category": "Gossiping", "title": "[問卦] 禿頭仔但長的帥有加分ㄇ？O_o", "date": "Fri May  3 15:03:57 2024", "content": ["肥肥的1個朋友有地中海禿頭但中等身高體格精壯擁有可以媲美孔劉的臉蛋請問醬的禿頭仔有加分ㄇ？O_o--"], "post_comment": [{"comment_author": "DiMammaMia", "comment_date": ["05/03", "15:04"], "comment_content": "直接光頭才有"}, {"comment_author": "CRAZYCONTROL", "comment_date": ["05/03", "15:04"], "comment_content": "阿不就玩命光頭"}, {"comment_author": "flymyfinger", "comment_date": ["05/03", "15:05"], "comment_content": "有些光頭是真的帥 像是席丹"}, {"comment_author": "Himiko9975", "comment_date": ["05/03", "15:05"], "comment_content": "地中海禿頭這種沒救了 不如光頭阿肥"}, {"comment_author": "k385476916", "comment_date": ["05/03", "15:06"], "comment_content": "四樓帥哥"}, {"comment_author": "k385476916", "comment_date": ["05/03", "15:06"], "comment_content": "改五樓"}, {"comment_author": "WiserWilly", "comment_date": ["05/03", "15:06"], "comment_content": "會劈腿的話台南歸仁蕭貪查某就會愛"}, {"comment_author": "kiopl", "comment_date": ["05/03", "15:07"], "comment_content": "蔣光頭說幾分就是幾分 不用加"}, {"comment_author": "hy1221", "comment_date": ["05/03", "15:08"], "comment_content": "戴假髮就好啊"}, {"comment_author": "WeGoStyle", "comment_date": ["05/03", "15:08"], "comment_content": "有"}, {"comment_author": "WeGoStyle", "comment_date": ["05/03", "15:09"], "comment_content": "人帥的話禿頭不是大問題"}, {"comment_author": "adamyang2000", "comment_date": ["05/03", "15:13"], "comment_content": ""}, {"comment_author": "adamyang2000", "comment_date": ["05/03", "15:15"], "comment_content": "自帶電力 光芒四射"}, {"comment_author": "adamyang2000", "comment_date": ["05/03", "15:17"], "comment_content": ""}, {"comment_author": "derrick1220", "comment_date": ["05/03", "15:17"], "comment_content": "推樓上 真的蠻亮蠻陽光"}, {"comment_author": "dynamo", "comment_date": ["05/03", "15:22"], "comment_content": "有錢比較有加分"}, {"comment_author": "Iakane", "comment_date": ["05/03", "15:23"], "comment_content": "懶覺大嗎"}, {"comment_author": "sunwill34243", "comment_date": ["05/03", "15:26"], "comment_content": "禿就直接理光頭 有帥光頭沒在帥禿頭"}, {"comment_author": "bboywhite", "comment_date": ["05/03", "15:31"], "comment_content": "華人臉孔 禿頭沒一個能看的=="}, {"comment_author": "issac", "comment_date": ["05/03", "15:34"], "comment_content": "傑森史塔森 最帥禿頭"}, {"comment_author": "ThisisLongID", "comment_date": ["05/03", "15:34"], "comment_content": "張衛健還行吧"}, {"comment_author": "fp737", "comment_date": ["05/03", "15:36"], "comment_content": "霆鋒和德華光頭也是帥啊"}, {"comment_author": "beatnik9100", "comment_date": ["05/03", "15:56"], "comment_content": "裘德洛"}, {"comment_author": "keita2277", "comment_date": ["05/03", "16:00"], "comment_content": "真正的帥是禿頭也帥才叫帥"}, {"comment_author": "lovemaygen", "comment_date": ["05/03", "16:02"], "comment_content": "麥可喬丹"}, {"comment_author": "s203abc", "comment_date": ["05/03", "16:03"], "comment_content": "真的帥禿頭也沒差"}, {"comment_author": "s203abc", "comment_date": ["05/03", "16:04"], "comment_content": "重點哪來那麼多帥哥"}, {"comment_author": "crm123", "comment_date": ["05/03", "16:05"], "comment_content": "沒看過張衛健嗎"}, {"comment_author": "Takhisis", "comment_date": ["05/03", "16:07"], "comment_content": "尤伯連納"}, {"comment_author": "tikowm", "comment_date": ["05/03", "16:25"], "comment_content": "禿頭最好的方式就是剃光"}, {"comment_author": "Automatic620", "comment_date": ["05/03", "19:24"], "comment_content": "直接光頭ㄅ"}, {"comment_author": "ZXCVBNM9999", "comment_date": ["05/03", "20:08"], "comment_content": "孔劉帥？你眼睛需要檢查"}]}
