{"author": "skn60694 (入聲)", "category": "Gossiping", "title": "[問卦] 冰雨怎麼有囚鳥的味道?", "date": "Fri May  3 20:00:00 2024", "content": ["大家安安劉德華的冰雨 常常有人在冬天拿出來複習 副歌一開始是:冷冷的冰雨在臉上胡亂的拍暖暖的眼淚跟寒雨混成一塊怎麼在路上哼到一半恍神 感覺會接到囚鳥?這撩亂的城市 容不下我的癡是什麼讓你這樣迷戀這樣的放肆有時兩首歌有類似的風格 是剛好同一個作曲可是他們不是 為什麼這兩首歌感覺旋律很像呢? 有卦否?--"], "post_comment": [{"comment_author": "suzhou", "comment_date": ["05/03", "20:01"], "comment_content": "麻將大俠"}, {"comment_author": "chubby31190", "comment_date": ["05/03", "20:02"], "comment_content": "暖暖的洨在五樓臉上胡亂的拍"}, {"comment_author": "BlueBird5566", "comment_date": ["05/03", "20:02"], "comment_content": "音符不就那幾個"}, {"comment_author": "lovesinker", "comment_date": ["05/03", "20:03"], "comment_content": "還敢下來啊 冰鳥"}, {"comment_author": "luciffar", "comment_date": ["05/03", "20:04"], "comment_content": "速度一樣"}, {"comment_author": "suzhou", "comment_date": ["05/03", "20:06"], "comment_content": "跟劉德華一起演的是楊千嬅？"}, {"comment_author": "tgordoncheng", "comment_date": ["05/03", "21:03"], "comment_content": "有些歌真的唱著唱就接到另一首了XD"}, {"comment_author": "duxxlux", "comment_date": ["05/03", "21:25"], "comment_content": "冰的啦"}, {"comment_author": "sunnyyoung", "comment_date": ["05/03", "22:46"], "comment_content": "我很好騙 跟 挪亞方舟"}]}
