{"author": "antiaris (箭毒木)", "category": "Gossiping", "title": "[問卦] 欸開班會投票一直投不贏該怎麼辦才好", "date": "Tue Apr 30 16:21:34 2024", "content": ["怎麼辦啦？！開班會投票，結果怎麼投都投不贏這投票還要辦嗎還沒開始就知道結果了而且要被虐四年到底多M太難看了收一收好不好還是以後改班長帶隊制誰當班長就可以決定班會所有成員咦聽起來跟隔壁班有點像？所以說這班會到底怎麼開對大家才有利本廢宅真是搞不明白耶-----Sent from JPTT on my iPhone--"], "post_comment": [{"comment_author": "Alieno", "comment_date": ["04/30", "16:22"], "comment_content": "老師說了算 有讓你投票就是民主了"}, {"comment_author": "bill403777", "comment_date": ["04/30", "16:22"], "comment_content": "到處樹敵 怎麼贏我問你"}, {"comment_author": "fujimoto", "comment_date": ["04/30", "16:22"], "comment_content": "投到母豬滿意為止"}, {"comment_author": "royroy666", "comment_date": ["04/30", "16:23"], "comment_content": "而且幫別人投票還被抓包"}, {"comment_author": "deann", "comment_date": ["04/30", "16:23"], "comment_content": "要求解散班級重選"}, {"comment_author": "Dirgo", "comment_date": ["04/30", "16:23"], "comment_content": "上面還有老師,不爽就解散班級."}, {"comment_author": "kkjjrtlym", "comment_date": ["04/30", "16:24"], "comment_content": "投不贏有差嗎 直接否決就好惹XDDD"}, {"comment_author": "ch333", "comment_date": ["04/30", "16:24"], "comment_content": "嗆別人亂班會啊 難不成會謙虛改進嗎"}, {"comment_author": "marktak", "comment_date": ["04/30", "16:24"], "comment_content": "必勝法!換票"}, {"comment_author": "pyrolith", "comment_date": ["04/30", "16:24"], "comment_content": "高中班導是體育老師 班會課都出去打球"}, {"comment_author": "u9005205", "comment_date": ["04/30", "16:24"], "comment_content": "就跟地震一樣累積能量搞到股市下跌，股"}, {"comment_author": "optima", "comment_date": ["04/30", "16:24"], "comment_content": "大法師會解釋違憲"}, {"comment_author": "u9005205", "comment_date": ["04/30", "16:24"], "comment_content": "民就會找人出氣，政治動員…"}, {"comment_author": "rindesu", "comment_date": ["04/30", "16:25"], "comment_content": "67歲女博士那班嗎？去死一死好了啦"}, {"comment_author": "heyd", "comment_date": ["04/30", "16:25"], "comment_content": "罵那些不投票的"}, {"comment_author": "u9005205", "comment_date": ["04/30", "16:25"], "comment_content": "搖擺沒有落迫的久…"}, {"comment_author": "todd7788", "comment_date": ["04/30", "16:25"], "comment_content": "戰狼出征 寸草不生 拉幫結派繼續嗆"}, {"comment_author": "asgardgogo", "comment_date": ["04/30", "16:26"], "comment_content": "可以辦啊不要鳥硬幹就好了"}, {"comment_author": "zero00072", "comment_date": ["04/30", "16:26"], "comment_content": "來個XX花，佔領主席臺，冷氣吹滿，Dyso"}, {"comment_author": "zero00072", "comment_date": ["04/30", "16:26"], "comment_content": "n 配太陽餅。"}, {"comment_author": "fallinlove15", "comment_date": ["04/30", "16:26"], "comment_content": "先把欠的功課做完 人品養一下"}, {"comment_author": "watchout", "comment_date": ["04/30", "16:27"], "comment_content": "阿就嗆人沒用的八席啊"}, {"comment_author": "bicedb", "comment_date": ["04/30", "16:27"], "comment_content": "老師是礦工之子"}, {"comment_author": "our5566", "comment_date": ["04/30", "16:28"], "comment_content": "."}, {"comment_author": "bboring", "comment_date": ["04/30", "16:29"], "comment_content": "投不贏就沒收阿 嘻嘻 學一下老共"}, {"comment_author": "bboring", "comment_date": ["04/30", "16:29"], "comment_content": "有很多玩法啦 還真的民主喔 別鬧囉"}, {"comment_author": "bboring", "comment_date": ["04/30", "16:30"], "comment_content": "頭不贏 就鬥臭你 說你毀憲亂政"}, {"comment_author": "bboring", "comment_date": ["04/30", "16:30"], "comment_content": "說你惡意擴權 說你迎合境外勢力"}, {"comment_author": "asd02113", "comment_date": ["04/30", "16:32"], "comment_content": "八年躺著幹的下場"}, {"comment_author": "sunday0913", "comment_date": ["04/30", "16:34"], "comment_content": "去嗆不投票的8位同學,選我正解"}, {"comment_author": "antiaris", "comment_date": ["04/30", "16:35"], "comment_content": "8位同學今天加入對面了 更暴力"}, {"comment_author": "bboring", "comment_date": ["04/30", "16:35"], "comment_content": "喔 對 去嗆八席 搞死它們 反正人少好欺負"}, {"comment_author": "b9211173", "comment_date": ["04/30", "16:36"], "comment_content": "立委只是障眼法 口袋滿滿的才是真的"}, {"comment_author": "DPP48", "comment_date": ["04/30", "16:38"], "comment_content": "立法院投票輸沒差，行政權在手中，想怎麼"}, {"comment_author": "DPP48", "comment_date": ["04/30", "16:38"], "comment_content": "幹就怎麼幹"}, {"comment_author": "vvrr", "comment_date": ["04/30", "16:43"], "comment_content": "殺"}, {"comment_author": "stu25936", "comment_date": ["04/30", "16:44"], "comment_content": "自己一直去嗆那八位中間票的同學 怪誰"}, {"comment_author": "vvrr", "comment_date": ["04/30", "16:44"], "comment_content": "或是擋住對方不給進教室，減少對方人數。"}, {"comment_author": "ffxx", "comment_date": ["04/30", "16:46"], "comment_content": "當年全面多數就應該改共產制了 傻傻的"}, {"comment_author": "otld", "comment_date": ["04/30", "16:48"], "comment_content": "轉學啊"}, {"comment_author": "equinoxz", "comment_date": ["04/30", "16:49"], "comment_content": "請尊重民主 嘻嘻"}, {"comment_author": "orz151426", "comment_date": ["04/30", "17:12"], "comment_content": "解散班會啊，笑你不敢"}, {"comment_author": "idxxxx", "comment_date": ["04/30", "17:14"], "comment_content": "民主就是硬幹"}, {"comment_author": "iscl6", "comment_date": ["04/30", "17:36"], "comment_content": "有差嗎？班會贏了 校長訂校規跟屎一樣"}, {"comment_author": "IamCyuan", "comment_date": ["04/30", "17:39"], "comment_content": "投不贏就再投一次投到贏為止啊"}, {"comment_author": "billleo0406", "comment_date": ["04/30", "21:09"], "comment_content": "去情勒那些人"}]}
