{"author": "opemhood (大漢堡)", "category": "Gossiping", "title": "[問卦] 五月了，繳所得稅給政府會拿來做什麼？", "date": "Wed May  1 14:51:11 2024", "content": ["五月了又到了報稅季有人繳幾千，有人繳幾萬但有些人不用繳稅還可以領錢現在繳稅給政府，政府要拿來做甚麼？--", "唉，都繳錢給政府爽", "講得好像不繳稅就不能用的樣子，那一堆菜市場攤販夜市包租婆也沒繳過稅還不是照樣用爽爽"], "post_comment": [{"comment_author": "k385476916", "comment_date": ["05/01", "14:51"], "comment_content": "數發布出國基金"}, {"comment_author": "bill403777", "comment_date": ["05/01", "14:51"], "comment_content": "數發部的出國基金"}, {"comment_author": "EXIONG", "comment_date": ["05/01", "14:51"], "comment_content": "這次有立法院撐著"}, {"comment_author": "Lwane1l1l", "comment_date": ["05/01", "14:51"], "comment_content": "當然是救雲豹"}, {"comment_author": "Skydier", "comment_date": ["05/01", "14:51"], "comment_content": "補貼台電 台電跟雲豹買貴電 雲豹吃飽飽"}, {"comment_author": "buike", "comment_date": ["05/01", "14:52"], "comment_content": "你問問唐唐姊接200億怎麼花的囉！嘻嘻"}, {"comment_author": "yan1979", "comment_date": ["05/01", "14:52"], "comment_content": "養蟑螂 大內宣 排除異己 養綠電 很多事要"}, {"comment_author": "yan1979", "comment_date": ["05/01", "14:52"], "comment_content": "做"}, {"comment_author": "jen1121", "comment_date": ["05/01", "14:52"], "comment_content": "炒股，養綠電，養亂倫公務員"}, {"comment_author": "kino056", "comment_date": ["05/01", "14:52"], "comment_content": "養網軍側翼洗腦 專打各種不服"}, {"comment_author": "livehouse", "comment_date": ["05/01", "14:52"], "comment_content": "給雲豹"}, {"comment_author": "la8day", "comment_date": ["05/01", "14:52"], "comment_content": "幫收入比你高的房蟲 89繳健保鋪馬路"}, {"comment_author": "Baihao0501", "comment_date": ["05/01", "14:53"], "comment_content": "買高價綠電"}, {"comment_author": "EvilJustice", "comment_date": ["05/01", "14:53"], "comment_content": "在幹一百支沒用的風電？"}, {"comment_author": "O928", "comment_date": ["05/01", "14:53"], "comment_content": "很多可以做的"}, {"comment_author": "mutsutakato", "comment_date": ["05/01", "14:53"], "comment_content": "拿來養網軍，替政府宣傳及攻擊在野"}, {"comment_author": "mutsutakato", "comment_date": ["05/01", "14:53"], "comment_content": "黨"}, {"comment_author": "fmp1234", "comment_date": ["05/01", "14:53"], "comment_content": "造橋鋪路蓋鐵路"}, {"comment_author": "Rosmarin", "comment_date": ["05/01", "14:55"], "comment_content": "亂花大灑幣"}, {"comment_author": "Croy", "comment_date": ["05/01", "14:56"], "comment_content": "認真回 綜所稅大概和軍公教薪水綜合打平"}, {"comment_author": "lawfer", "comment_date": ["05/01", "14:59"], "comment_content": "你自己跑到沒人的山頭，不用水不用電不用"}, {"comment_author": "lawfer", "comment_date": ["05/01", "14:59"], "comment_content": "網路和通訊設備，中毒受傷自己處理，你就"}, {"comment_author": "lawfer", "comment_date": ["05/01", "14:59"], "comment_content": "可以不用繳稅給政府"}, {"comment_author": "s00061239", "comment_date": ["05/01", "15:03"], "comment_content": "買綠電啊"}, {"comment_author": "cms6384", "comment_date": ["05/01", "15:03"], "comment_content": "補貼台電 然後台電拿去買綠電 小公主開心"}, {"comment_author": "cms6384", "comment_date": ["05/01", "15:04"], "comment_content": "講的好像繳了稅就不會突然停電一樣"}, {"comment_author": "rumblefish", "comment_date": ["05/01", "15:08"], "comment_content": "台電》雲豹〉小公主"}, {"comment_author": "rumblefish", "comment_date": ["05/01", "15:09"], "comment_content": "小公主cosplay很貴耶"}, {"comment_author": "dzzdzx", "comment_date": ["05/01", "15:14"], "comment_content": "選舉要不要錢？出國要不要錢？安插位置要"}, {"comment_author": "dzzdzx", "comment_date": ["05/01", "15:14"], "comment_content": "不要錢？"}, {"comment_author": "lain2002", "comment_date": ["05/01", "15:20"], "comment_content": "通通變成法國料理"}, {"comment_author": "yiloca", "comment_date": ["05/01", "15:22"], "comment_content": "繳稅給補貼"}, {"comment_author": "goldhan", "comment_date": ["05/01", "15:26"], "comment_content": "養網軍啊，那麼多網軍帳號要買要養"}, {"comment_author": "sunnyyoung", "comment_date": ["05/01", "15:27"], "comment_content": "壯大民進黨用"}, {"comment_author": "goldhan", "comment_date": ["05/01", "15:27"], "comment_content": "之前被砍的ptt3000英靈，光價值就多少了"}, {"comment_author": "hinet5566", "comment_date": ["05/01", "15:31"], "comment_content": "炒房補助吧"}, {"comment_author": "furjai", "comment_date": ["05/01", "15:31"], "comment_content": "養一堆畜牲，還會來嘲諷你"}, {"comment_author": "newti", "comment_date": ["05/01", "15:31"], "comment_content": "錢沾 國家隊 數發部 綠能"}, {"comment_author": "Semaj543", "comment_date": ["05/01", "15:35"], "comment_content": "當然是補助台電買綠電"}, {"comment_author": "wwewcwwwf", "comment_date": ["05/01", "15:35"], "comment_content": "給雲豹 給黑道 給美國政府買軍武"}, {"comment_author": "beeboombee", "comment_date": ["05/01", "15:36"], "comment_content": "通黨庫"}, {"comment_author": "Yan5566", "comment_date": ["05/01", "15:37"], "comment_content": "再撥預算多做一個外送點餐平台 好方便"}, {"comment_author": "Yaiyu", "comment_date": ["05/01", "15:53"], "comment_content": "給某部門出國旅遊"}, {"comment_author": "IDfor2010", "comment_date": ["05/01", "16:01"], "comment_content": "養警察，然後再開你罰單，有沒有覺得很"}, {"comment_author": "gaupyng1", "comment_date": ["05/01", "16:01"], "comment_content": "進政府口袋，不用懷疑"}, {"comment_author": "IDfor2010", "comment_date": ["05/01", "16:02"], "comment_content": "棒？"}, {"comment_author": "monar", "comment_date": ["05/01", "16:03"], "comment_content": "雲豹高端小吃店"}, {"comment_author": "dontaskme", "comment_date": ["05/01", "16:05"], "comment_content": "小公舉拿得好爽 可以專心cosplay"}, {"comment_author": "court", "comment_date": ["05/01", "16:07"], "comment_content": "蓋輕軌 哈哈"}, {"comment_author": "NCUking", "comment_date": ["05/01", "16:26"], "comment_content": "蔡母豬的法國主廚"}, {"comment_author": "roger2", "comment_date": ["05/01", "16:34"], "comment_content": "拿去補貼青安房貸利息"}, {"comment_author": "littlelinsyu", "comment_date": ["05/01", "16:35"], "comment_content": "給雲豹，讓他們炒地買房賺更多"}, {"comment_author": "luvsmile", "comment_date": ["05/01", "16:46"], "comment_content": "養四差"}, {"comment_author": "haniah", "comment_date": ["05/01", "16:51"], "comment_content": "貪污"}, {"comment_author": "guanaco", "comment_date": ["05/01", "16:51"], "comment_content": "補貼光電、買臭雞蛋、沒認證的疫苗"}, {"comment_author": "Gangtai", "comment_date": ["05/01", "16:55"], "comment_content": "補貼花蓮王"}, {"comment_author": "ogcman", "comment_date": ["05/01", "17:00"], "comment_content": "把錢送給別人蹧蹋自己"}, {"comment_author": "chang505", "comment_date": ["05/01", "17:00"], "comment_content": "又要繳一堆給他們浪費"}, {"comment_author": "s81048112", "comment_date": ["05/01", "17:11"], "comment_content": "錢會給反年改了"}, {"comment_author": "s81048112", "comment_date": ["05/01", "17:11"], "comment_content": "藍白通過的提案 嘻嘻"}, {"comment_author": "ckd42", "comment_date": ["05/01", "17:25"], "comment_content": "進某黨的口袋 國庫通黨庫"}, {"comment_author": "p1227426", "comment_date": ["05/01", "17:31"], "comment_content": "數位部 出國玩"}, {"comment_author": "yellow5", "comment_date": ["05/01", "17:40"], "comment_content": "補貼台電，就是某些人發大財"}, {"comment_author": "letyouselfgo", "comment_date": ["05/01", "18:00"], "comment_content": "拿去進口雞蛋進來再通通銷毀"}, {"comment_author": "legendgg", "comment_date": ["05/01", "18:06"], "comment_content": "靠...去年4萬7今年變4萬9 這個來吃土了"}, {"comment_author": "bestrace", "comment_date": ["05/01", "18:34"], "comment_content": "製圖 網軍 告人民"}, {"comment_author": "tora12345", "comment_date": ["05/01", "18:51"], "comment_content": "補助別人的房貸 然後房價又被撐高"}, {"comment_author": "x58420", "comment_date": ["05/01", "18:59"], "comment_content": "國家隊 辦公室"}, {"comment_author": "CowBaoGan", "comment_date": ["05/01", "19:26"], "comment_content": "數位部出國的旅費"}, {"comment_author": "flashseal", "comment_date": ["05/01", "19:42"], "comment_content": "4貓 卡神 林11萬 coco"}, {"comment_author": "initialdark", "comment_date": ["05/01", "21:03"], "comment_content": "數發部：爽"}, {"comment_author": "fundme", "comment_date": ["05/01", "21:42"], "comment_content": "補貼計程車 補貼房貸 發包公關公司 透過台"}, {"comment_author": "fundme", "comment_date": ["05/01", "21:42"], "comment_content": "電灑錢給綠電業"}, {"comment_author": "simonwang", "comment_date": ["05/01", "22:23"], "comment_content": "台灣受薪一半以上不用繳，真有繳的國"}, {"comment_author": "simonwang", "comment_date": ["05/01", "22:23"], "comment_content": "家和另一半感謝您！"}, {"comment_author": "Lowpapa", "comment_date": ["05/01", "23:14"], "comment_content": "雲豹"}, {"comment_author": "josef15", "comment_date": ["05/02", "12:48"], "comment_content": "養母豬"}]}
