{"author": "Homura (德意志國防貓)", "category": "Gossiping", "title": "[問卦] 誠心發問，血壓這樣沒問題吧☹", "date": "Fri May  3 23:36:06 2024", "content": ["乳蹄有陣子沒量血壓了，剛剛心血來潮量了一下", "休息個幾分鐘後再量一次…", "好像有點偏低…這樣的數值是OK的嗎☹--", "=", "=", "◣貓貓仰臥起坐 <3--"], "post_comment": [{"comment_author": "dahanjian", "comment_date": ["05/03", "23:37"], "comment_content": "抽根菸壓壓驚"}, {"comment_author": "LoveMakeLove", "comment_date": ["05/03", "23:37"], "comment_content": "正常"}, {"comment_author": "Basket0205", "comment_date": ["05/03", "23:37"], "comment_content": "鄉民說OK不OK妳都不會安心的 去看醫生"}, {"comment_author": "talrasha", "comment_date": ["05/03", "23:37"], "comment_content": "還可以發廢文 安啦"}, {"comment_author": "dan5120", "comment_date": ["05/03", "23:38"], "comment_content": "先買塔位"}, {"comment_author": "a3221715", "comment_date": ["05/03", "23:38"], "comment_content": "死定了"}, {"comment_author": "Himiko9975", "comment_date": ["05/03", "23:39"], "comment_content": "恭喜"}, {"comment_author": "Puye", "comment_date": ["05/03", "23:40"], "comment_content": "再多量幾天 或者檢查一下血壓計有正確操作"}, {"comment_author": "LincolnBoy", "comment_date": ["05/03", "23:41"], "comment_content": "去看醫生"}, {"comment_author": "jyue", "comment_date": ["05/03", "23:44"], "comment_content": "血壓計壞了"}, {"comment_author": "mmx3259", "comment_date": ["05/03", "23:48"], "comment_content": "我幫一個女的量 一直都這數字 感覺很低"}, {"comment_author": "mmx3259", "comment_date": ["05/03", "23:48"], "comment_content": " 叫她問一下醫生"}, {"comment_author": "giancarlo82", "comment_date": ["05/03", "23:50"], "comment_content": "我姊也是這種數字的血壓"}, {"comment_author": "rony98", "comment_date": ["05/03", "23:51"], "comment_content": "電力好像不太足了 換個電池再量量看?"}, {"comment_author": "leohayashi1", "comment_date": ["05/04", "00:16"], "comment_content": "血壓太低容易疲倦"}, {"comment_author": "paintfor", "comment_date": ["05/04", "00:18"], "comment_content": "沒事，我也是差不多這樣的數值"}, {"comment_author": "Yuwuen", "comment_date": ["05/04", "00:35"], "comment_content": "比你小時候考試都高分 很高興吧"}, {"comment_author": "ja1295", "comment_date": ["05/04", "00:38"], "comment_content": "有點點偏低，但也沒到特別低吧？"}, {"comment_author": "soranosakana", "comment_date": ["05/04", "00:38"], "comment_content": "心血來潮才這樣可能真的有點低"}, {"comment_author": "Refauth", "comment_date": ["05/04", "00:40"], "comment_content": "血壓太高容易疲倦+1"}, {"comment_author": "sakula678", "comment_date": ["05/04", "01:15"], "comment_content": "沒救了"}, {"comment_author": "lionsss", "comment_date": ["05/04", "02:52"], "comment_content": "不正常 去抽血檢驗吧"}, {"comment_author": "lionsss", "comment_date": ["05/04", "02:56"], "comment_content": "你連心跳都低 代表你血液不足 難道你長"}, {"comment_author": "lionsss", "comment_date": ["05/04", "02:56"], "comment_content": "期如素？"}, {"comment_author": "a1qazbgt5", "comment_date": ["05/04", "08:45"], "comment_content": "血壓計不準的可能性比較大"}, {"comment_author": "lewdster", "comment_date": ["05/04", "09:37"], "comment_content": "血壓偏低身體沒不適沒差"}]}
