{"author": "dennistao (不住心齋橋的心齋橋哥)", "category": "Gossiping", "title": "[問卦] 現在40歲想轉職有哪些工作可以做的?", "date": "Sun Apr 28 23:20:11 2024", "content": ["準備迎接May的各位安安阿~~啊我就心齋橋哥啦這幾年通膨真的明顯啦加上公務人員已經不是很多人的首選了以前聽到很多人說中年危機的其中一項就是失業今天跟朋友聚餐聊天也聊到這件事情想請問大家如果中年想轉職的話推薦哪些工作呢?(指門檻不高文理組都可做的工作)瓜?--", "有會員嗎?要累點嗎?刷載具嗎?有停車嗎?消費要折抵嗎?", "除老闆外房仲業務似乎也年輕一點會吃香"], "post_comment": [{"comment_author": "bonfferoni", "comment_date": ["04/28", "23:20"], "comment_content": "全聯"}, {"comment_author": "Skydier", "comment_date": ["04/28", "23:20"], "comment_content": "民進黨員"}, {"comment_author": "derrick1220", "comment_date": ["04/28", "23:20"], "comment_content": "Gaybar"}, {"comment_author": "ncc5566", "comment_date": ["04/28", "23:20"], "comment_content": "樓下在228做啥年收300萬?"}, {"comment_author": "haha7456", "comment_date": ["04/28", "23:20"], "comment_content": "1450"}, {"comment_author": "kayak5566", "comment_date": ["04/28", "23:20"], "comment_content": "房仲 業務  老闆"}, {"comment_author": "railman", "comment_date": ["04/28", "23:20"], "comment_content": "保全外送計程車   228會被嫌太老"}, {"comment_author": "sdbb", "comment_date": ["04/28", "23:21"], "comment_content": "台積電，願意輪班就好"}, {"comment_author": "laugh8562", "comment_date": ["04/28", "23:21"], "comment_content": "麥當勞歡迎你"}, {"comment_author": "fateat", "comment_date": ["04/28", "23:21"], "comment_content": "賣雞排"}, {"comment_author": "s8960046", "comment_date": ["04/28", "23:22"], "comment_content": "想知道+1！～"}, {"comment_author": "porkonrice", "comment_date": ["04/28", "23:22"], "comment_content": "保全"}, {"comment_author": "gino0717", "comment_date": ["04/28", "23:22"], "comment_content": "做色色的遊戲"}, {"comment_author": "kairi5217", "comment_date": ["04/28", "23:25"], "comment_content": "我42歲時被聘兼任了某集團的秘書長 門"}, {"comment_author": "kairi5217", "comment_date": ["04/28", "23:25"], "comment_content": "檻還真的不是很高 有手有腳會講話就行"}, {"comment_author": "kairi5217", "comment_date": ["04/28", "23:25"], "comment_content": " 主要職責就是代表集團出席各項公益活"}, {"comment_author": "kairi5217", "comment_date": ["04/28", "23:25"], "comment_content": "動 還不用打卡"}, {"comment_author": "joe00477", "comment_date": ["04/28", "23:27"], "comment_content": "公務員不錯，福利高工作又輕鬆，五點準"}, {"comment_author": "joe00477", "comment_date": ["04/28", "23:27"], "comment_content": "時下班"}, {"comment_author": "soyokase", "comment_date": ["04/28", "23:29"], "comment_content": "外商麥當勞 感覺很讚"}, {"comment_author": "godofsex", "comment_date": ["04/28", "23:29"], "comment_content": "保全"}, {"comment_author": "LincolnBoy", "comment_date": ["04/28", "23:32"], "comment_content": "醫牙電資"}, {"comment_author": "yunhsing", "comment_date": ["04/28", "23:35"], "comment_content": "小草最懂的保全師、外送師"}, {"comment_author": "modensam", "comment_date": ["04/28", "23:36"], "comment_content": "去萬里海事人員受訓中心訓練三個月，就"}, {"comment_author": "modensam", "comment_date": ["04/28", "23:37"], "comment_content": "可登上遠洋商船擔任水手 月薪10萬（認真"}, {"comment_author": "f6312467", "comment_date": ["04/28", "23:38"], "comment_content": "服務業保全找不到人"}, {"comment_author": "modensam", "comment_date": ["04/28", "23:38"], "comment_content": "我是商船駕駛  很多人40多歲轉來我這行"}, {"comment_author": "docallg968", "comment_date": ["04/28", "23:42"], "comment_content": "Software Engineer"}, {"comment_author": "chen338", "comment_date": ["04/28", "23:56"], "comment_content": "泉職股票虛擬貨幣操作師"}, {"comment_author": "dick929", "comment_date": ["04/28", "23:56"], "comment_content": "幣商啊"}, {"comment_author": "john5380", "comment_date": ["04/28", "23:57"], "comment_content": "廟公"}, {"comment_author": "dick929", "comment_date": ["04/28", "23:57"], "comment_content": "那些20歲開雙B住豪宅的89都是幣商"}, {"comment_author": "lesnaree2", "comment_date": ["04/29", "00:00"], "comment_content": "上船感覺不錯"}, {"comment_author": "BLINKPTT", "comment_date": ["04/29", "00:04"], "comment_content": "有綠色黨證，50歲都可以當網軍"}, {"comment_author": "AgentSkye56", "comment_date": ["04/29", "00:12"], "comment_content": "軟體工程師 刷個Leetcode 就可以去"}, {"comment_author": "AgentSkye56", "comment_date": ["04/29", "00:13"], "comment_content": "面試了"}, {"comment_author": "final1120", "comment_date": ["04/29", "00:30"], "comment_content": "上面說是商船駕駛的 你職位是AB嗎?"}, {"comment_author": "Kelvinchen", "comment_date": ["04/29", "00:32"], "comment_content": "計程車、外送師"}, {"comment_author": "annmei", "comment_date": ["04/29", "00:34"], "comment_content": "我當了20年消防員了也想轉職，能幹什麼啊"}, {"comment_author": "annmei", "comment_date": ["04/29", "00:34"], "comment_content": "？"}, {"comment_author": "qaz12453", "comment_date": ["04/29", "00:42"], "comment_content": "缺錢台積電阿 消防員台積電歡迎吧"}, {"comment_author": "qaz12453", "comment_date": ["04/29", "00:42"], "comment_content": "不是去年前年有新聞 一堆消防被挖角"}, {"comment_author": "qaz12453", "comment_date": ["04/29", "00:43"], "comment_content": "保全可是供給方(求職者)市場 不爽就叫版"}, {"comment_author": "qaz12453", "comment_date": ["04/29", "00:44"], "comment_content": "直接離職換點 free"}, {"comment_author": "qaz12453", "comment_date": ["04/29", "00:46"], "comment_content": "謝謝m大 中年失業還有其他選擇 有點心動"}, {"comment_author": "qaz12453", "comment_date": ["04/29", "00:46"], "comment_content": "肥宅再幾年也要面對這個QQ"}, {"comment_author": "ChrisJericho", "comment_date": ["04/29", "01:07"], "comment_content": "英文好其實可以轉的很多"}, {"comment_author": "zealone", "comment_date": ["04/29", "02:05"], "comment_content": "轉什麼 躺平啦"}, {"comment_author": "whywhywhy", "comment_date": ["04/29", "02:21"], "comment_content": "民進黨側翼"}, {"comment_author": "nora12124545", "comment_date": ["04/29", "06:09"], "comment_content": "40歲老雜某去跑船會有人收留嗎"}, {"comment_author": "anly888", "comment_date": ["04/29", "07:13"], "comment_content": "保全、外送"}, {"comment_author": "sjr500", "comment_date": ["04/29", "10:36"], "comment_content": "收入？"}, {"comment_author": "adon0313", "comment_date": ["04/29", "18:51"], "comment_content": "愛國 小粉綠"}]}
