{"author": "sixkeeper (烏毛洗螻蟻)", "category": "Gossiping", "title": "[問卦] 有人今年還沒出國的嗎？", "date": "Fri May  3 22:00:57 2024", "content": ["晚安呀大家是說今年一堆人出國欸IG整個被出國文炸爛公司員工旅遊今年也打算去沖繩有人今年沒出國嗎？--"], "post_comment": [{"comment_author": "v7q4", "comment_date": ["05/03", "22:02"], "comment_content": "4月才去日本 花了快20萬"}, {"comment_author": "gigfsijk", "comment_date": ["05/03", "22:02"], "comment_content": "我啊 等7月國考考過再出國"}, {"comment_author": "noah23", "comment_date": ["05/03", "22:05"], "comment_content": "我還沒 還卡在澳洲 6月才能出國去台灣"}, {"comment_author": "asclepias", "comment_date": ["05/03", "22:09"], "comment_content": "七月要去了 打算好好玩"}, {"comment_author": "b9513227", "comment_date": ["05/03", "22:11"], "comment_content": "每年出國2次不是很簡單的事情嗎"}, {"comment_author": "b9513227", "comment_date": ["05/03", "22:11"], "comment_content": "股票放個100.200領股利就有了"}, {"comment_author": "yayakaka", "comment_date": ["05/03", "22:15"], "comment_content": "錢都花在房子上面了QQ"}, {"comment_author": "cevs", "comment_date": ["05/03", "22:15"], "comment_content": "沒有 台灣都玩不玩了"}, {"comment_author": "janyk", "comment_date": ["05/03", "23:13"], "comment_content": "路有凍死骨"}, {"comment_author": "andrew5106", "comment_date": ["05/03", "23:49"], "comment_content": "我啊 怎麼了啦 蛤"}]}
