{"author": "ikariamman (自宅警備 外送師)", "category": "Gossiping", "title": "[問卦] 現在幾歲算輕熟女？", "date": "Mon Apr 29 13:07:50 2024", "content": ["如題阿肥記得以前敗犬輕熟女大約是30歲不過隨著少子高齡化現在是50歲才叫輕熟女了嗎有掛？-----Sent from JPTT on my Asus ASUS_X00TDB.--"], "post_comment": [{"comment_author": "james732", "comment_date": ["04/29", "13:08"], "comment_content": "超過10歲就太熟了"}, {"comment_author": "bill403777", "comment_date": ["04/29", "13:08"], "comment_content": "67歲辣台妹 輕熟大概80"}, {"comment_author": "derrick1220", "comment_date": ["04/29", "13:08"], "comment_content": "7歲"}, {"comment_author": "mysterydream", "comment_date": ["04/29", "13:08"], "comment_content": "67"}, {"comment_author": "felixden", "comment_date": ["04/29", "13:08"], "comment_content": "5樓天天舔66歲女博士的黑絲"}, {"comment_author": "OPPAISuki", "comment_date": ["04/29", "13:08"], "comment_content": "台灣真的老齡化"}, {"comment_author": "syntax123", "comment_date": ["04/29", "13:08"], "comment_content": "88"}, {"comment_author": "OPPAISuki", "comment_date": ["04/29", "13:08"], "comment_content": "一線女星都40歲 啦啦隊都30幾"}, {"comment_author": "snpred", "comment_date": ["04/29", "13:09"], "comment_content": "五樓噁心 噁噁噁噁"}, {"comment_author": "jinnij03879", "comment_date": ["04/29", "13:09"], "comment_content": "62"}, {"comment_author": "s999132", "comment_date": ["04/29", "13:10"], "comment_content": "高齡化啊"}, {"comment_author": "WIGGINS22", "comment_date": ["04/29", "13:12"], "comment_content": "35"}, {"comment_author": "Brioni", "comment_date": ["04/29", "13:13"], "comment_content": "視覺上通常30附近吧"}, {"comment_author": "Gazza555", "comment_date": ["04/29", "13:13"], "comment_content": "60歲女孩兒"}, {"comment_author": "foxher", "comment_date": ["04/29", "13:14"], "comment_content": "18"}, {"comment_author": "alex00089", "comment_date": ["04/29", "13:14"], "comment_content": "三字頭"}, {"comment_author": "ss96003", "comment_date": ["04/29", "13:15"], "comment_content": "看有沒有保養，不過25以上就是熟女了"}, {"comment_author": "Brioni", "comment_date": ["04/29", "13:18"], "comment_content": "林襄跟李多慧算吧？還年輕但又帶點成熟女"}, {"comment_author": "Brioni", "comment_date": ["04/29", "13:18"], "comment_content": "人味，超讚"}, {"comment_author": "machiusheng", "comment_date": ["04/29", "13:19"], "comment_content": "67還是辣妹"}, {"comment_author": "s8960046", "comment_date": ["04/29", "13:26"], "comment_content": "40歲！"}, {"comment_author": "dbjdx", "comment_date": ["04/29", "13:27"], "comment_content": ""}, {"comment_author": "julian42", "comment_date": ["04/29", "13:33"], "comment_content": "30-33"}, {"comment_author": "moebius2", "comment_date": ["04/29", "13:37"], "comment_content": "23以上就是輕熟女"}, {"comment_author": "k291154222", "comment_date": ["04/29", "13:42"], "comment_content": "23歲離開大學時候"}, {"comment_author": "malowda", "comment_date": ["04/29", "13:58"], "comment_content": "67歲"}, {"comment_author": "FLy60169", "comment_date": ["04/29", "14:05"], "comment_content": "19"}, {"comment_author": "wolve", "comment_date": ["04/29", "14:08"], "comment_content": "56"}, {"comment_author": "Lowpapa", "comment_date": ["04/29", "14:08"], "comment_content": "50"}, {"comment_author": "scum5566", "comment_date": ["04/29", "14:19"], "comment_content": "幼稚園畢業就算熟女了"}, {"comment_author": "gopath", "comment_date": ["04/29", "14:23"], "comment_content": "60多，還想當醫生娘"}, {"comment_author": "HodorDragon", "comment_date": ["04/29", "14:24"], "comment_content": "18"}, {"comment_author": "domago", "comment_date": ["04/29", "14:56"], "comment_content": "28"}, {"comment_author": "court", "comment_date": ["04/29", "15:49"], "comment_content": "認真回 35"}, {"comment_author": "NKVD", "comment_date": ["04/29", "19:24"], "comment_content": "80"}]}
