{"author": "saiulbb (#KEEP MLB GREAT!)", "category": "Gossiping", "title": "[問卦] 台科大學餐＞＞台大學餐是真的嗎？", "date": "Sat May  4 12:35:48 2024", "content": ["各位E奶 三十公分 帥哥 美女 大家午安 大家豪ㄛ!!!就是阿小魯熊熊觀察到一個好奇的問題想問問大家，現在是午餐時間，相信不少人正在吃午餐，要在台北吃到物美價廉的一餐難度頗高，但從學生時期就有耳聞台科大的學餐很好吃、又不會太貴，對師生非常友善，也因此不少台大的學生也會去台科大用餐，也有台大生戲稱台科大是台大的餐廳，那小魯就好奇了，台大的餐廳真的有這麼不堪嗎？印象只聽過小福、活大跟小木屋，因為小魯從來沒讀過台大，只聽說過台科大學餐比台大好吃非常多，想問問大家的意見，有沒有台科大的學餐＞＞台大學餐是真的還假的的八卦阿？--"], "post_comment": [{"comment_author": "landalin", "comment_date": ["05/04", "12:36"], "comment_content": "4"}, {"comment_author": "christopherl", "comment_date": ["05/04", "12:36"], "comment_content": "4"}, {"comment_author": "omfg5487", "comment_date": ["05/04", "12:36"], "comment_content": "4"}, {"comment_author": "industrialld", "comment_date": ["05/04", "12:36"], "comment_content": "台科雞腿飯"}, {"comment_author": "Fezico", "comment_date": ["05/04", "12:36"], "comment_content": "你不會去吃看看就知道惹，進去又不用學生"}, {"comment_author": "Fezico", "comment_date": ["05/04", "12:36"], "comment_content": "證不是？"}, {"comment_author": "f99999993", "comment_date": ["05/04", "12:36"], "comment_content": "已知用火"}, {"comment_author": "industrialld", "comment_date": ["05/04", "12:37"], "comment_content": "台科自助餐比較便宜，台大很貴"}, {"comment_author": "swear01", "comment_date": ["05/04", "12:38"], "comment_content": "明明差不多 活大御喜超好吃"}, {"comment_author": "Tingnerba", "comment_date": ["05/04", "12:39"], "comment_content": "活大根本ㄆㄨㄣ"}, {"comment_author": "abcd5566", "comment_date": ["05/04", "12:40"], "comment_content": "10多年前真的是  現在應該不一樣了吧"}, {"comment_author": "qDaniel", "comment_date": ["05/04", "12:41"], "comment_content": "這是真的 而且差不只一個檔次"}, {"comment_author": "industrialld", "comment_date": ["05/04", "12:41"], "comment_content": "又不好吃"}, {"comment_author": "uku", "comment_date": ["05/04", "12:41"], "comment_content": "20年前就這樣了"}, {"comment_author": "abcd5566", "comment_date": ["05/04", "12:42"], "comment_content": "台大的觀光客很多 要賺錢還是台大"}, {"comment_author": "abcd5566", "comment_date": ["05/04", "12:42"], "comment_content": "台科大似乎倒過很多家了"}, {"comment_author": "ISNAKEI", "comment_date": ["05/04", "12:53"], "comment_content": "20年前是 現在不知道 話說二餐的自助餐"}, {"comment_author": "ISNAKEI", "comment_date": ["05/04", "12:53"], "comment_content": " 20年前就有了"}, {"comment_author": "arhuro", "comment_date": ["05/04", "12:57"], "comment_content": "當年台科雞腿飯 是在台科教餐 大支滷雞腿"}, {"comment_author": "arhuro", "comment_date": ["05/04", "12:57"], "comment_content": "入口即化 醬汁美味 不過好像很早就沒了"}, {"comment_author": "iansuture", "comment_date": ["05/04", "13:01"], "comment_content": "海放"}, {"comment_author": "t81511270", "comment_date": ["05/04", "13:01"], "comment_content": "==路易莎好多人"}, {"comment_author": "ppliama", "comment_date": ["05/04", "13:01"], "comment_content": "教餐雞腿飯經典啊"}, {"comment_author": "steven3abc", "comment_date": ["05/04", "13:03"], "comment_content": "都很難吃 純粹過譽 都出校門了還吃學"}, {"comment_author": "steven3abc", "comment_date": ["05/04", "13:03"], "comment_content": "餐幹嘛"}, {"comment_author": "t127147157", "comment_date": ["05/04", "13:05"], "comment_content": "肛"}, {"comment_author": "CowBaoGan", "comment_date": ["05/04", "13:06"], "comment_content": "10年前就這樣了 台大的都跑來台科吃"}, {"comment_author": "TaiLao", "comment_date": ["05/04", "13:07"], "comment_content": "幹當年台大只要一到吃飯時間都跑掉台科大"}, {"comment_author": "TaiLao", "comment_date": ["05/04", "13:07"], "comment_content": "餐廳是怎樣。"}, {"comment_author": "daye2012", "comment_date": ["05/04", "13:16"], "comment_content": "都很貴，台大小福自助餐，雞腿都是快腐"}, {"comment_author": "daye2012", "comment_date": ["05/04", "13:16"], "comment_content": "爛等級的，不過學生吃不出來"}, {"comment_author": "YJM1106", "comment_date": ["05/04", "13:17"], "comment_content": "然後一堆腳踏車亂停"}, {"comment_author": "Qunnine", "comment_date": ["05/04", "13:18"], "comment_content": "差不多"}, {"comment_author": "Rick1015", "comment_date": ["05/04", "13:23"], "comment_content": "所以雞腿飯還有嗎？"}, {"comment_author": "TomWelling", "comment_date": ["05/04", "13:48"], "comment_content": "教餐雞腿飯 讚讚，還有正妹工讀生"}, {"comment_author": "tallhigh", "comment_date": ["05/04", "14:04"], "comment_content": "台科大就是比較便宜吧,不然餐廳差以前"}, {"comment_author": "tallhigh", "comment_date": ["05/04", "14:04"], "comment_content": "滿多的~~"}, {"comment_author": "Soodesu", "comment_date": ["05/04", "14:14"], "comment_content": "也不是這樣說 應該是說台大裡面除了連鎖"}, {"comment_author": "Soodesu", "comment_date": ["05/04", "14:14"], "comment_content": "餐廳其他就是比外面的還普通"}, {"comment_author": "Soodesu", "comment_date": ["05/04", "14:14"], "comment_content": "要吃好一點寧可到校外找一般店面買"}, {"comment_author": "freedom0116", "comment_date": ["05/04", "14:40"], "comment_content": "確實"}, {"comment_author": "saintmagic", "comment_date": ["05/04", "15:09"], "comment_content": "真的over"}, {"comment_author": "linqqq007", "comment_date": ["05/04", "15:21"], "comment_content": "台大一堆學生都跑過去吃，你說嘞"}, {"comment_author": "ineda", "comment_date": ["05/04", "15:24"], "comment_content": "台科學餐便宜，年輕工讀生都給一堆菜，可能"}, {"comment_author": "ineda", "comment_date": ["05/04", "15:24"], "comment_content": "想快點賣完下班"}, {"comment_author": "AsukaMiku", "comment_date": ["05/04", "15:29"], "comment_content": "確實"}, {"comment_author": "Iperfection", "comment_date": ["05/04", "15:38"], "comment_content": "15年前 是"}, {"comment_author": "MartianIT", "comment_date": ["05/04", "16:01"], "comment_content": "30年前就這樣了 -.-///"}, {"comment_author": "yiloca", "comment_date": ["05/04", "16:27"], "comment_content": "以前是 現在不知道 當時教餐雞腿飯55元"}, {"comment_author": "YaLingYin", "comment_date": ["05/04", "17:18"], "comment_content": "我聽過的八卦是 兩校自助餐是同一個老"}, {"comment_author": "YaLingYin", "comment_date": ["05/04", "17:18"], "comment_content": "闆 然後曾經把兩邊廚師互換 風評也是沒"}, {"comment_author": "YaLingYin", "comment_date": ["05/04", "17:18"], "comment_content": "變 笑死"}, {"comment_author": "Iversonshao", "comment_date": ["05/04", "18:12"], "comment_content": "我118的 現在是有夠難吃 又貴"}]}
