{"author": "ntupeap (打發上課時間不能沒有我)", "category": "Gossiping", "title": "[問卦] 劉備沒趙子龍的話至少要多死幾次", "date": "Fri May  3 00:05:17 2024", "content": ["欸欸 趙雲全能工具人 轉職收爛攤子沒趙雲的話 我看劉備至少多死三次吧有沒有沒有趙雲會怎樣的八卦--"], "post_comment": [{"comment_author": "Himiko9975", "comment_date": ["05/03", "00:06"], "comment_content": "樓下當我老婆幾次？"}, {"comment_author": "hkcdc", "comment_date": ["05/03", "00:06"], "comment_content": "劉備如果早點退休 北伐說不定能成"}, {"comment_author": "koromo1991", "comment_date": ["05/03", "00:10"], "comment_content": "大概在廬山就死在昇龍霸了吧"}, {"comment_author": "EOMing", "comment_date": ["05/03", "00:28"], "comment_content": "趙子龍之於劉備 曹洪之於曹操"}]}
