{"author": "sdamel (國民美尻男=ˇ=)", "category": "Gossiping", "title": "[問卦] 男生下面一大包很奇怪嗎", "date": "Fri May  3 09:23:11 2024", "content": ["奇怪了台灣怎麼會是覺得下面一大包很奇怪的地方人家國外", "華人也有", "男生下面本來就有一包有什麼好嚇到的該不會跟這些人說空氣裡面不只氧氣這些人會不會當場嚇死啊可以女生下面也一大包或是男生下面不只一包再來奇怪好嗎有沒有卦--"], "post_comment": [{"comment_author": "Himiko9975", "comment_date": ["05/03", "09:24"], "comment_content": "嫉妒"}, {"comment_author": "link4517", "comment_date": ["05/03", "09:25"], "comment_content": "人帥真好。人醜性騷擾"}, {"comment_author": "duckosara", "comment_date": ["05/03", "09:27"], "comment_content": "甲"}, {"comment_author": "nekoares", "comment_date": ["05/03", "09:28"], "comment_content": "這裡是群聊"}, {"comment_author": "hkcdc", "comment_date": ["05/03", "09:29"], "comment_content": "不要網路找圖就發一篇"}, {"comment_author": "sam810626", "comment_date": ["05/03", "09:34"], "comment_content": "甲圖"}, {"comment_author": "cream115", "comment_date": ["05/03", "09:41"], "comment_content": "要也是貼力宏"}, {"comment_author": "adamyang2000", "comment_date": ["05/03", "10:21"], "comment_content": "正常不過的事"}]}
