{"author": "VB6 (VB)", "category": "Gossiping", "title": "[問卦] 台灣最大詐騙集團總部在哪裡?", "date": "Tue Apr 30 16:26:14 2024", "content": ["台灣詐騙案件繁多既然是有詐騙集團那最大詐騙集團總部在哪裡?要最大的最硬幹的有沒有八卦--", "--"], "post_comment": [{"comment_author": "k385476916", "comment_date": ["04/30", "16:26"], "comment_content": "塔綠班"}, {"comment_author": "thegreatlcx", "comment_date": ["04/30", "16:26"], "comment_content": "樓下你正要去哪邊跟狂甲肛交"}, {"comment_author": "timboy512", "comment_date": ["04/30", "16:27"], "comment_content": "重慶南路"}, {"comment_author": "calvin00300", "comment_date": ["04/30", "16:27"], "comment_content": "你家跟你"}, {"comment_author": "marktak", "comment_date": ["04/30", "16:27"], "comment_content": "冥進黨部"}, {"comment_author": "st9061204", "comment_date": ["04/30", "16:27"], "comment_content": "高雄"}, {"comment_author": "ssiou", "comment_date": ["04/30", "16:27"], "comment_content": "ptt"}, {"comment_author": "R3hab", "comment_date": ["04/30", "16:27"], "comment_content": ""}, {"comment_author": "miksim", "comment_date": ["04/30", "16:28"], "comment_content": "凱達格蘭大道那邊吧"}, {"comment_author": "kenyeh001", "comment_date": ["04/30", "16:28"], "comment_content": "凱達格蘭大道阿"}, {"comment_author": "pachingoman", "comment_date": ["04/30", "16:28"], "comment_content": "看一群老人在這裡取暖真有趣"}, {"comment_author": "deann", "comment_date": ["04/30", "16:28"], "comment_content": "凱達格蘭大道上"}, {"comment_author": "hostage911", "comment_date": ["04/30", "16:29"], "comment_content": "長春路都騙了70年了"}, {"comment_author": "sunday0913", "comment_date": ["04/30", "16:29"], "comment_content": "總統府"}, {"comment_author": "vwpassat", "comment_date": ["04/30", "16:30"], "comment_content": "KoMiyaTa"}, {"comment_author": "jacket664", "comment_date": ["04/30", "16:30"], "comment_content": "北平東路"}, {"comment_author": "polong1", "comment_date": ["04/30", "16:31"], "comment_content": "藍蛆白蟑螂支那畜生"}, {"comment_author": "jeter17", "comment_date": ["04/30", "16:33"], "comment_content": ""}, {"comment_author": "lifepass", "comment_date": ["04/30", "16:34"], "comment_content": "南科"}, {"comment_author": "WIGGINS22", "comment_date": ["04/30", "16:38"], "comment_content": "問死母豬菜陰魂"}, {"comment_author": "jamison33", "comment_date": ["04/30", "16:41"], "comment_content": "台北一堆"}, {"comment_author": "chiangww", "comment_date": ["04/30", "16:50"], "comment_content": "北平東路"}, {"comment_author": "letmesee3085", "comment_date": ["04/30", "16:54"], "comment_content": "南部"}, {"comment_author": "Alpha99", "comment_date": ["04/30", "17:04"], "comment_content": "菜蝗不希望你有過度的聯想 只能相"}, {"comment_author": "Alpha99", "comment_date": ["04/30", "17:05"], "comment_content": "信党 其他不要想"}, {"comment_author": "new71050", "comment_date": ["04/30", "17:11"], "comment_content": "重劃區"}, {"comment_author": "tonyhome", "comment_date": ["04/30", "18:01"], "comment_content": "dpp黨部"}, {"comment_author": "Hotaruinori", "comment_date": ["04/30", "19:43"], "comment_content": "綠共黨部"}, {"comment_author": "Tomatowei", "comment_date": ["04/30", "20:26"], "comment_content": "民進党部"}]}
