{"author": "dahlia7357 (進退，唯谷)", "category": "Gossiping", "title": "[問卦] 女兒國外網購大麻產品，為何是媽媽驗尿?", "date": "Tue Apr 30 10:28:59 2024", "content": ["前高鐵董事長這個案子超怪的為何女兒網購二級毒品，是媽媽驗尿自清?女兒的尿不用驗一下?狗會咬人，為何要買人用的大麻膠囊?哪一個獸醫師有這樣建議嗎?讓狗會咬人的吃大麻，就不會咬人?所以以後只要自己家的狗會咬人就可以以不起訴為前提從國外大辣辣的進口大麻製品嗎?TOYZ是不是後悔沒養狗了?不然就說自己的狗要吃就好了--"], "post_comment": [{"comment_author": "cs09312", "comment_date": ["04/30", "10:29"], "comment_content": "問這麼多幹嘛"}, {"comment_author": "yulis", "comment_date": ["04/30", "10:29"], "comment_content": "有驗狗嗎"}, {"comment_author": "bill403777", "comment_date": ["04/30", "10:29"], "comment_content": "媽媽的尿是精華"}, {"comment_author": "Anvec", "comment_date": ["04/30", "10:29"], "comment_content": "你是民進黨的好朋友嗎"}, {"comment_author": "Anvec", "comment_date": ["04/30", "10:30"], "comment_content": "大家都知道他們在說謊 他們也知道大家都知"}, {"comment_author": "Anvec", "comment_date": ["04/30", "10:30"], "comment_content": "道他們在說謊 因為他們就是民進黨"}, {"comment_author": "hhi80482", "comment_date": ["04/30", "10:31"], "comment_content": "有$自然有人當dog"}, {"comment_author": "SirChen", "comment_date": ["04/30", "10:32"], "comment_content": "鯛民不要問那麼多，跪就是了"}, {"comment_author": "mikasamikoto", "comment_date": ["04/30", "10:32"], "comment_content": "殷琪的尿比較珍貴"}, {"comment_author": "DALLEN", "comment_date": ["04/30", "10:33"], "comment_content": "toyz有養toyz的狗"}, {"comment_author": "alex00089", "comment_date": ["04/30", "10:34"], "comment_content": "購買人吧？"}, {"comment_author": "kile0520", "comment_date": ["04/30", "10:35"], "comment_content": "驗狗的尿 有大麻就相信"}, {"comment_author": "asdf70044", "comment_date": ["04/30", "10:38"], "comment_content": "不要問"}, {"comment_author": "ck901372", "comment_date": ["04/30", "10:40"], "comment_content": "知道了寄起來反抗民進黨"}, {"comment_author": "Tenging", "comment_date": ["04/30", "10:43"], "comment_content": "反正很詭異就對了"}, {"comment_author": "Loyeatta", "comment_date": ["04/30", "10:44"], "comment_content": "黨內同志：如果是大姐您本人我們還罩得"}, {"comment_author": "Tenging", "comment_date": ["04/30", "10:44"], "comment_content": "沒人去幫狗驗尿可以直接證詞"}, {"comment_author": "Loyeatta", "comment_date": ["04/30", "10:44"], "comment_content": "住 女兒就沒辦法了－－什麼？您當真了"}, {"comment_author": "Loyeatta", "comment_date": ["04/30", "10:44"], "comment_content": "！這是客套話啦幹"}, {"comment_author": "douge", "comment_date": ["04/30", "10:46"], "comment_content": "昨天都換票了 今天換大麻 跟大媽"}, {"comment_author": "KITAN", "comment_date": ["04/30", "10:46"], "comment_content": "地方媽媽的尿塔綠班當聖水照三餐飲用"}, {"comment_author": "yumika", "comment_date": ["04/30", "10:46"], "comment_content": "民進黨的好朋友你敢嘴"}, {"comment_author": "rLks02", "comment_date": ["04/30", "10:51"], "comment_content": "我看 你是沒有遇過壞人 哦"}, {"comment_author": "orze04", "comment_date": ["04/30", "11:01"], "comment_content": "因為那個東西真的只有寫CBD沒有寫大麻…"}, {"comment_author": "carolgilbert", "comment_date": ["04/30", "11:01"], "comment_content": "人家恐龍願意當狗"}, {"comment_author": "chocopoodle", "comment_date": ["04/30", "11:04"], "comment_content": "民主作法不可置疑"}, {"comment_author": "changmada", "comment_date": ["04/30", "11:09"], "comment_content": "有差嗎看新聞說是狗嗑藥"}, {"comment_author": "ALDNOAH5566", "comment_date": ["04/30", "11:17"], "comment_content": "進口毒品只要驗不出來就沒事"}, {"comment_author": "LBruce", "comment_date": ["04/30", "11:21"], "comment_content": "因為我想喝  我從國小就哈殷琪"}, {"comment_author": "steventw", "comment_date": ["04/30", "12:04"], "comment_content": "矛盾的民族 真可憐 國外就合法的東西"}, {"comment_author": "steventw", "comment_date": ["04/30", "12:04"], "comment_content": "就是某些從小被洗腦的人在怕 笑死"}, {"comment_author": "IKY201", "comment_date": ["04/30", "12:08"], "comment_content": "神邏輯就是國外合法歹丸就是非法落後"}, {"comment_author": "p1227426", "comment_date": ["04/30", "12:09"], "comment_content": "驗 也是驗柯總召"}, {"comment_author": "xulzj524", "comment_date": ["04/30", "12:21"], "comment_content": "你有黨證嗎"}, {"comment_author": "xulzj524", "comment_date": ["04/30", "12:21"], "comment_content": "沒有的話十年謝謝"}, {"comment_author": "Lowpapa", "comment_date": ["04/30", "12:26"], "comment_content": "民進黨"}, {"comment_author": "court", "comment_date": ["04/30", "12:52"], "comment_content": "XD"}, {"comment_author": "ohrring", "comment_date": ["04/30", "12:54"], "comment_content": "民主的尿"}, {"comment_author": "nakayamayyt", "comment_date": ["04/30", "14:29"], "comment_content": "有錢人的狗都可以吸毒"}]}
