{"author": "aass5576843 (信長)", "category": "Gossiping", "title": "[問卦] 繳稅囉！", "date": "Wed May  1 21:33:45 2024", "content": ["鄉民們晚安又到了報稅的季節不意外的小魯又可以退稅了不知道各位對國庫貢獻多少呢-----Sent from JPTT on my Samsung SM-A5260.--"], "post_comment": [{"comment_author": "nidhogg", "comment_date": ["05/01", "21:34"], "comment_content": "要繳30幾萬啦，幹好痛"}, {"comment_author": "johnwu", "comment_date": ["05/01", "21:35"], "comment_content": "樓上乾爹好"}, {"comment_author": "Jnine", "comment_date": ["05/01", "21:37"], "comment_content": "國庫通黨庫 最後都去了黨的口袋了"}, {"comment_author": "milk250", "comment_date": ["05/01", "21:37"], "comment_content": "想到了數位部出國搭商務艙  繳稅好開心ㄛ"}, {"comment_author": "willieliu", "comment_date": ["05/01", "21:38"], "comment_content": "幹 繳這什麼破稅"}, {"comment_author": "razan", "comment_date": ["05/01", "21:39"], "comment_content": "你可以挑戰不繳"}, {"comment_author": "mikasakai", "comment_date": ["05/01", "21:41"], "comment_content": "窮到退稅，退那幾十元而已，幹拎娘"}, {"comment_author": "parkyu531", "comment_date": ["05/01", "23:22"], "comment_content": "1F過的什麼好日子本賤民無法體會"}, {"comment_author": "H23324216", "comment_date": ["05/02", "05:39"], "comment_content": "我對不起國家社會父母師長我很抱歉"}]}
