{"author": "kogsww (林晨黎)", "category": "Gossiping", "title": "[問卦] 順路載老人被塞1000，等等薯條加大？", "date": "Mon Apr 29 20:01:38 2024", "content": ["如蹄 今天回家經過一座橋，有個老人剛上橋沒多久。其實滿危險的，何況這邊偶爾有人跳河。怕有意外就騎回去，問他要不要順便載他。結果他住不遠，不到10分鐘路程而已，但我預估步行速度，大概7-8點才有可能到家。他說去農會，想說走回來，看路上有沒有人載他一趟。突然問我農會的錢大概什麼時候會進來。我怎麼可能知道他說的是什麼錢一一然後到一個舊四合院，就從口袋掏出一卷錢，抽出一張硬要塞給我。油資可能不到10元，跟他說真的不用了。結果他往放飲料的地方塞，就要回屋子裡面。還說他很有錢，問我信不信，我只好笑笑說信。不到10分鐘賺了1000，等等麥當當薯條要加大還是直接必勝客買一送一？鄉下老人是不是都很有錢啊？呱呱？-----Sent from JPTT on my iPhone--我批評政府，他們批評我批評政府。--", "我好慚愧啊 收老人車資，那可能是他一個月生活費一一", "他有說某區段魚塭都是他的", "國聖橋 要領號碼牌喔", "希望能變一萬", "警察站內我了 完蛋惹", "他不是跟我講地址 說一個地名，然後要進去時跟我說怎麼彎", "總會遇到回報的，像我捐血偶爾會遇到漂亮護士", "為啥一直推穿鞋 什麼梗？", "她手機已經在按110惹", "當然是只有我的啊 畏罪不舉"], "post_comment": [{"comment_author": "gay7788", "comment_date": ["04/29", "20:02"], "comment_content": "等等就變台灣製造的錢錢ㄌ"}, {"comment_author": "powrtoch", "comment_date": ["04/29", "20:03"], "comment_content": "收得心安理得嗎?"}, {"comment_author": "jokem", "comment_date": ["04/29", "20:03"], "comment_content": "沒叫你去橋下撿鞋子?"}, {"comment_author": "konanno1", "comment_date": ["04/29", "20:03"], "comment_content": "明天再去載一次 說讓你看看多有錢"}, {"comment_author": "boddingtons", "comment_date": ["04/29", "20:04"], "comment_content": "一千不夠多 嫁給肥宅 就發大財"}, {"comment_author": "DeathTemp", "comment_date": ["04/29", "20:04"], "comment_content": "地點報出來一下，方便大家排班啊"}, {"comment_author": "a20731", "comment_date": ["04/29", "20:04"], "comment_content": "你明天回去看 那間房子就消失了"}, {"comment_author": "em4", "comment_date": ["04/29", "20:04"], "comment_content": "留電話 說需要就打這個號碼"}, {"comment_author": "konanno1", "comment_date": ["04/29", "20:04"], "comment_content": "後天再去載一次 翹著屁屁說你不想努力了"}, {"comment_author": "allenshair", "comment_date": ["04/29", "20:06"], "comment_content": "遇到有錢老人"}, {"comment_author": "yukimura0420", "comment_date": ["04/29", "20:06"], "comment_content": "你要不要確認一下那張還是錢嗎"}, {"comment_author": "unrealstars", "comment_date": ["04/29", "20:06"], "comment_content": "明天睡醒再看一次錢長怎樣"}, {"comment_author": "hellofatty", "comment_date": ["04/29", "20:07"], "comment_content": "天亮之後再看看是什麼錢"}, {"comment_author": "kcclasaki", "comment_date": ["04/29", "20:12"], "comment_content": "你沒有牌 收人家車資 自己去跟警察解釋"}, {"comment_author": "kcclasaki", "comment_date": ["04/29", "20:12"], "comment_content": "吧：）"}, {"comment_author": "linda17a3", "comment_date": ["04/29", "20:13"], "comment_content": "哪裡 站內我地址  本肥去蹲點載他"}, {"comment_author": "start0917", "comment_date": ["04/29", "20:13"], "comment_content": "好心有好報啦 我遇到都沒錢我偷塞錢的"}, {"comment_author": "start0917", "comment_date": ["04/29", "20:13"], "comment_content": " 結果我越來越衰"}, {"comment_author": "sisley5566", "comment_date": ["04/29", "20:14"], "comment_content": "他有沒有要你幫他穿鞋"}, {"comment_author": "InfocusM510", "comment_date": ["04/29", "20:15"], "comment_content": "這什麼戲說台灣的劇情"}, {"comment_author": "clover1211", "comment_date": ["04/29", "20:20"], "comment_content": "沒有叫你隔天早上見嗎"}, {"comment_author": "sosoandsoso", "comment_date": ["04/29", "20:22"], "comment_content": "…知道橋等的都快四十了吧"}, {"comment_author": "btaro", "comment_date": ["04/29", "20:25"], "comment_content": "會不會早上變冥幣"}, {"comment_author": "lgw2001", "comment_date": ["04/29", "20:26"], "comment_content": "天地銀行"}, {"comment_author": "Vassili242", "comment_date": ["04/29", "20:26"], "comment_content": "趕快用掉，過12點變冥紙，你明天去看"}, {"comment_author": "Vassili242", "comment_date": ["04/29", "20:27"], "comment_content": "大概是一座墳，上面照片就…"}, {"comment_author": "scott123321", "comment_date": ["04/29", "20:28"], "comment_content": "我之前也認識一個這樣的老人，是長"}, {"comment_author": "scott123321", "comment_date": ["04/29", "20:28"], "comment_content": "輩的朋友，穿著很隨性，不怎麼花錢"}, {"comment_author": "scott123321", "comment_date": ["04/29", "20:28"], "comment_content": "但對外人很慷慨，口袋裡就是一卷橡"}, {"comment_author": "scott123321", "comment_date": ["04/29", "20:28"], "comment_content": "皮筋綁起來的千元鈔票，那一卷跟我"}, {"comment_author": "scott123321", "comment_date": ["04/29", "20:28"], "comment_content": "婚禮上收到的紅包錢一樣厚。"}, {"comment_author": "scott123321", "comment_date": ["04/29", "20:29"], "comment_content": "聽說他爸爸是醫生，自己也是醫生，"}, {"comment_author": "scott123321", "comment_date": ["04/29", "20:29"], "comment_content": "但爸爸留太多土地所以塔索性把診所"}, {"comment_author": "scott123321", "comment_date": ["04/29", "20:29"], "comment_content": "關了就住在診所裡，跟他一起吃飯都"}, {"comment_author": "scott123321", "comment_date": ["04/29", "20:29"], "comment_content": "是他在付錢。"}, {"comment_author": "dbjdx", "comment_date": ["04/29", "20:33"], "comment_content": "黃石公 張良的故事有人不知道了嗎"}, {"comment_author": "dbjdx", "comment_date": ["04/29", "20:33"], "comment_content": "？"}, {"comment_author": "linda17a3", "comment_date": ["04/29", "20:36"], "comment_content": "沒關係你站內我地名"}, {"comment_author": "FLy60169", "comment_date": ["04/29", "20:39"], "comment_content": "哪部？"}, {"comment_author": "whathefuc", "comment_date": ["04/29", "20:42"], "comment_content": "好人給推 但我晚上看到高中女生獨自回"}, {"comment_author": "yulis", "comment_date": ["04/29", "20:42"], "comment_content": "賺翻惹"}, {"comment_author": "whathefuc", "comment_date": ["04/29", "20:42"], "comment_content": "家都有問要不要載 每個都說不用了"}, {"comment_author": "Lowpapa", "comment_date": ["04/29", "20:44"], "comment_content": "他吸了你10年壽命"}, {"comment_author": "bonfferoni", "comment_date": ["04/29", "20:44"], "comment_content": "不錯啊  好心有好報"}, {"comment_author": "QQmouse", "comment_date": ["04/29", "20:46"], "comment_content": "會很怕假如突然死在車上"}, {"comment_author": "andytaso", "comment_date": ["04/29", "21:15"], "comment_content": "明天就變冥紙了"}, {"comment_author": "finhisky", "comment_date": ["04/29", "21:22"], "comment_content": "趕快同性婚啊"}, {"comment_author": "zxzzzzzzzzzz", "comment_date": ["04/29", "21:32"], "comment_content": "他想肛你會塞其他的東西"}, {"comment_author": "court", "comment_date": ["04/29", "21:54"], "comment_content": "肛肛好"}, {"comment_author": "wsxcdsvv", "comment_date": ["04/29", "22:02"], "comment_content": "你機車會帶兩頂安全帽?還是鄉下不用戴?"}, {"comment_author": "SeaForest", "comment_date": ["04/29", "22:29"], "comment_content": "你跟他說有錢不然過兩棟房子給你"}, {"comment_author": "dorayaki520", "comment_date": ["04/29", "22:32"], "comment_content": "好人推"}, {"comment_author": "dcshoecousa", "comment_date": ["04/29", "22:46"], "comment_content": "跟你說今晚就睡橋上，不然你隔天多早"}, {"comment_author": "dcshoecousa", "comment_date": ["04/29", "22:46"], "comment_content": "到他都會先到"}, {"comment_author": "ffdreamer", "comment_date": ["04/29", "22:51"], "comment_content": "他給你1,000，但是你錢包還在嗎？"}, {"comment_author": "kimgordon", "comment_date": ["04/29", "23:10"], "comment_content": "買麥當勞要結帳時變銀紙"}, {"comment_author": "WOMO", "comment_date": ["04/30", "00:16"], "comment_content": "問他卻不缺兒子孫子狗"}, {"comment_author": "bureka", "comment_date": ["04/30", "13:59"], "comment_content": "  穿鞋就洪七公的梗啊，這都不知道"}]}
