{"author": "MoreLight (大文)", "category": "Gossiping", "title": "[問卦] 發現10000円以下的河豚套餐該衝嗎？", "date": "Tue Apr 30 14:45:38 2024", "content": ["來大阪最想嘗試的食物之一就是河豚，但也知道很貴，一直不敢下手。今天突然在飯店附近遇到廣告說河豚套餐竟然10000円有找，真是踏破鐵鞋無覓處，得來全不費工夫。該衝嗎？有圖為證：", "--"], "post_comment": [{"comment_author": "syntax123", "comment_date": ["04/30", "14:46"], "comment_content": "河豚皮QQ"}, {"comment_author": "link4517", "comment_date": ["04/30", "14:46"], "comment_content": "不是無料案內所我不去"}, {"comment_author": "taristocrat", "comment_date": ["04/30", "14:46"], "comment_content": "大阪吃河豚聽說很便宜"}, {"comment_author": "Skydier", "comment_date": ["04/30", "14:46"], "comment_content": "升天套餐"}, {"comment_author": "Carters1109", "comment_date": ["04/30", "14:46"], "comment_content": "沒有內臟我可是不吃的喔"}, {"comment_author": "apollo999", "comment_date": ["04/30", "14:46"], "comment_content": "海港愛妳喔"}, {"comment_author": "Israfil", "comment_date": ["04/30", "14:46"], "comment_content": "不然河豚套餐正常價錢會是多少"}, {"comment_author": "HEINOUS", "comment_date": ["04/30", "14:47"], "comment_content": "希望你用得到回程機票"}, {"comment_author": "sushi11", "comment_date": ["04/30", "14:47"], "comment_content": "含淚吃"}, {"comment_author": "gbcg9725", "comment_date": ["04/30", "14:47"], "comment_content": "河豚毒素小心"}, {"comment_author": "Healine", "comment_date": ["04/30", "14:48"], "comment_content": "其實河豚在日本沒有很貴"}, {"comment_author": "wws1985", "comment_date": ["04/30", "14:48"], "comment_content": "機票先退掉，因為可能用不到"}, {"comment_author": "lesnaree2", "comment_date": ["04/30", "14:49"], "comment_content": "跟寶林哪個比較厲害"}, {"comment_author": "YahooTaiwan", "comment_date": ["04/30", "14:50"], "comment_content": "河豚沒多好吃 就魚肉"}, {"comment_author": "EfiwymsiAros", "comment_date": ["04/30", "14:53"], "comment_content": "養殖的吧"}, {"comment_author": "seastar1982", "comment_date": ["04/30", "14:53"], "comment_content": "我吃過一人5000的。一魚三吃。"}, {"comment_author": "seastar1982", "comment_date": ["04/30", "14:53"], "comment_content": "大概七八年前。"}, {"comment_author": "SNju", "comment_date": ["04/30", "14:54"], "comment_content": "河豚不好吃"}, {"comment_author": "yuinghoooo", "comment_date": ["04/30", "14:55"], "comment_content": "其實也有沒有毒的河豚，感覺食材應該"}, {"comment_author": "yuinghoooo", "comment_date": ["04/30", "14:55"], "comment_content": "降級了也有可能"}, {"comment_author": "jimsuda", "comment_date": ["04/30", "14:55"], "comment_content": "在福岡吃過，沒什麼味道"}, {"comment_author": "wjill", "comment_date": ["04/30", "14:56"], "comment_content": "沒吃過就吃一次啊"}, {"comment_author": "mhfo3035", "comment_date": ["04/30", "14:58"], "comment_content": "養殖的沒有毒=="}, {"comment_author": "theshape87", "comment_date": ["04/30", "14:58"], "comment_content": "正常價格啊，我上次吃一人7000左右"}, {"comment_author": "wchfh544", "comment_date": ["04/30", "14:58"], "comment_content": "這家活河豚套餐一年前含稅7150"}, {"comment_author": "arnbition", "comment_date": ["04/30", "15:00"], "comment_content": "藏壽司一盤150…塑膠手套的味道"}, {"comment_author": "guolong", "comment_date": ["04/30", "15:01"], "comment_content": "養殖的沒毒啦，野生的才有毒，而你要吃"}, {"comment_author": "guolong", "comment_date": ["04/30", "15:01"], "comment_content": "野生又不可能一萬就吃得到"}, {"comment_author": "bbss", "comment_date": ["04/30", "15:02"], "comment_content": "一輩子最少吃一次=="}, {"comment_author": "ShaNe1993", "comment_date": ["04/30", "15:04"], "comment_content": "河豚本來就不貴"}, {"comment_author": "H23324216", "comment_date": ["04/30", "15:07"], "comment_content": "你到底還在等什麼，早該衝了"}, {"comment_author": "glenmarlboro", "comment_date": ["04/30", "15:23"], "comment_content": ""}, {"comment_author": "glenmarlboro", "comment_date": ["04/30", "15:23"], "comment_content": ":"}, {"comment_author": "glenmarlboro", "comment_date": ["04/30", "15:23"], "comment_content": "東京玄品6年前的價格 給你參考"}, {"comment_author": "enijeilee", "comment_date": ["04/30", "15:24"], "comment_content": "正常價格，養殖的 之前吃玄品5000羊/人"}, {"comment_author": "beryllos", "comment_date": ["04/30", "15:24"], "comment_content": "東京的連鎖店套餐更便宜啊"}, {"comment_author": "hcwang1126", "comment_date": ["04/30", "15:24"], "comment_content": "連鎖玄品啊"}, {"comment_author": "beryllos", "comment_date": ["04/30", "15:26"], "comment_content": "虎河豚養殖的基本沒毒性但廚師還是會當"}, {"comment_author": "beryllos", "comment_date": ["04/30", "15:26"], "comment_content": "有毒處理"}, {"comment_author": "hoodr", "comment_date": ["04/30", "16:04"], "comment_content": "直接升天 無憂無慮"}, {"comment_author": "adoko", "comment_date": ["04/30", "16:16"], "comment_content": "真的沒什麼味道 你吃蒟蒻切片差不多"}, {"comment_author": "cash1019", "comment_date": ["04/30", "16:18"], "comment_content": "我五年前在大阪吃一萬五的河豚套餐，好"}, {"comment_author": "cash1019", "comment_date": ["04/30", "16:18"], "comment_content": "吃"}, {"comment_author": "camy0308", "comment_date": ["04/30", "16:52"], "comment_content": "吃過覺得還好，就魚肉XD但是體驗po文炫"}, {"comment_author": "camy0308", "comment_date": ["04/30", "16:52"], "comment_content": "耀一下也值得"}, {"comment_author": "a524528", "comment_date": ["04/30", "16:55"], "comment_content": "我也覺得不怎樣，生魚片比河豚好吃的太多"}, {"comment_author": "zxcv3147", "comment_date": ["04/30", "17:54"], "comment_content": "大阪去超市隨便都有賣河豚生魚片"}, {"comment_author": "RZRZ", "comment_date": ["04/30", "18:22"], "comment_content": "難吃的要命"}, {"comment_author": "imhideji", "comment_date": ["04/30", "18:28"], "comment_content": "沒吃過可以吃看看"}, {"comment_author": "Minilla", "comment_date": ["04/30", "20:47"], "comment_content": "生魚片不好吃，但是炸物很讚 還有雜炊"}, {"comment_author": "Minilla", "comment_date": ["04/30", "20:48"], "comment_content": "拌魚皮那個桔子醬油也好吃"}]}
