{"author": "Borges (波波波波)", "category": "Gossiping", "title": "[問卦] 韓戰或越戰時 美軍為啥不請敵軍吃原子彈?", "date": "Tue Apr 30 16:48:23 2024", "content": ["韓戰和越戰美軍都有參戰雖然不算敗以世界第一強國的名聲來說結果不怎麼好但以當時的國力世界應該只有美國有能力製造原子彈為什麼美國不丟幾顆原子彈到北韓或越南逼敵軍投降呢?還是美軍其實也只是小孬孬罷了?--", "河內和平壤也不是城市?", "越戰就算了韓戰的時候蘇聯應該連核爆都還沒完成"], "post_comment": [{"comment_author": "shine32025", "comment_date": ["04/30", "16:49"], "comment_content": "對方都農村 炸農村幹嘛"}, {"comment_author": "victoryuy", "comment_date": ["04/30", "16:49"], "comment_content": "怕對方也撩下去"}, {"comment_author": "nekoares", "comment_date": ["04/30", "16:49"], "comment_content": "冷戰期間不能這樣搞"}, {"comment_author": "Leftwing", "comment_date": ["04/30", "16:50"], "comment_content": "因為蘇聯也有原子彈了 嘻嘻"}, {"comment_author": "a7788783", "comment_date": ["04/30", "16:50"], "comment_content": "你拿什麼名義丟原彈核彈？"}, {"comment_author": "a002255889", "comment_date": ["04/30", "16:50"], "comment_content": "小朋友在互相打鬧 你何必用力下去打"}, {"comment_author": "a7788783", "comment_date": ["04/30", "16:51"], "comment_content": "那樣只是單方面的屠殺，國際與論會跑去"}, {"comment_author": "EfiwymsiAros", "comment_date": ["04/30", "16:51"], "comment_content": "蘇聯老大哥還在啊"}, {"comment_author": "a7788783", "comment_date": ["04/30", "16:51"], "comment_content": "了俄那邊"}, {"comment_author": "wellwest", "comment_date": ["04/30", "16:51"], "comment_content": "北越背後有蘇聯和中國在罩"}, {"comment_author": "littlegreen", "comment_date": ["04/30", "16:52"], "comment_content": "怕核彈大戰阿"}, {"comment_author": "Dirgo", "comment_date": ["04/30", "16:53"], "comment_content": "要不是有輻射問題,肯定沒在客氣的."}, {"comment_author": "Dirgo", "comment_date": ["04/30", "16:55"], "comment_content": "看起來俄國1949就開炸了,1950才韓戰."}, {"comment_author": "peter080808", "comment_date": ["04/30", "16:57"], "comment_content": "名不正則言不順 韓戰越戰是內戰性質"}, {"comment_author": "peter080808", "comment_date": ["04/30", "16:57"], "comment_content": ":"}, {"comment_author": "splendidpoem", "comment_date": ["04/30", "16:58"], "comment_content": "美國在長崎廣島投放的原子彈，震驚"}, {"comment_author": "splendidpoem", "comment_date": ["04/30", "16:58"], "comment_content": "全世界，所以各強國也加快研發進度"}, {"comment_author": "splendidpoem", "comment_date": ["04/30", "16:58"], "comment_content": "。早在韓戰爆發前，蘇聯就成功掌握"}, {"comment_author": "splendidpoem", "comment_date": ["04/30", "16:58"], "comment_content": "核武技術；中國也在越戰時取得核武"}, {"comment_author": "splendidpoem", "comment_date": ["04/30", "16:58"], "comment_content": "技術。因此，美國不可能在韓戰和越"}, {"comment_author": "splendidpoem", "comment_date": ["04/30", "16:58"], "comment_content": "戰投放原子彈，因為共產陣營背後的"}, {"comment_author": "splendidpoem", "comment_date": ["04/30", "16:58"], "comment_content": "老大哥們也有了報復的手段。"}, {"comment_author": "peter080808", "comment_date": ["04/30", "16:58"], "comment_content": "炸日本 德國沒啥好爭議的 這是正義"}, {"comment_author": "vwpassat", "comment_date": ["04/30", "17:00"], "comment_content": "小灰人有警告美國人不准使用，否則他們"}, {"comment_author": "vwpassat", "comment_date": ["04/30", "17:00"], "comment_content": "會摧毀地球！"}, {"comment_author": "tenka92417", "comment_date": ["04/30", "17:04"], "comment_content": "麥克阿瑟就想在東北種香菇了，怕蘇聯"}, {"comment_author": "tenka92417", "comment_date": ["04/30", "17:04"], "comment_content": "報復所以美國總統否決這個計畫"}, {"comment_author": "opm", "comment_date": ["04/30", "17:06"], "comment_content": "那時候蘇聯有香菇了，要種大家種"}, {"comment_author": "Leftwing", "comment_date": ["04/30", "17:13"], "comment_content": "1949年8月29日蘇聯試爆成功原子彈"}, {"comment_author": "Leftwing", "comment_date": ["04/30", "17:14"], "comment_content": "1950年6月25日韓戰爆發"}, {"comment_author": "Leftwing", "comment_date": ["04/30", "17:15"], "comment_content": "美國人要丟原子彈前 可得好好想一想"}, {"comment_author": "derrick1220", "comment_date": ["04/30", "17:35"], "comment_content": "麥克ㄚ瑟在參謀總長聯席會上 跟馬歇"}, {"comment_author": "derrick1220", "comment_date": ["04/30", "17:35"], "comment_content": "爾要5顆 上海2顆 天津1顆 北京1顆"}, {"comment_author": "derrick1220", "comment_date": ["04/30", "17:35"], "comment_content": "馬歇爾則回他給6顆好不好？戰後想辦"}, {"comment_author": "derrick1220", "comment_date": ["04/30", "17:35"], "comment_content": "法給你 杜魯門則打圓場 安撫麥帥說"}, {"comment_author": "derrick1220", "comment_date": ["04/30", "17:35"], "comment_content": "至少要10個月 沒多久麥帥被撤職"}, {"comment_author": "derrick1220", "comment_date": ["04/30", "17:38"], "comment_content": "用膝蓋想也知道 杜魯門不會給他 英"}, {"comment_author": "derrick1220", "comment_date": ["04/30", "17:38"], "comment_content": "國人都要撤軍了 美國再不撤 他就不"}, {"comment_author": "derrick1220", "comment_date": ["04/30", "17:38"], "comment_content": "用選了"}, {"comment_author": "ssccg", "comment_date": ["04/30", "17:39"], "comment_content": "原子彈只能殺平民，對遊擊隊根本沒屁用"}, {"comment_author": "derrick1220", "comment_date": ["04/30", "17:40"], "comment_content": "後來在他卸任前的民調 創下美國總統"}, {"comment_author": "derrick1220", "comment_date": ["04/30", "17:41"], "comment_content": "最低記錄 杜魯門氣的缺席總統交接"}, {"comment_author": "derrick1220", "comment_date": ["04/30", "17:41"], "comment_content": "連退休金都沒拿"}]}
