{"author": "starlights (呂文正要為錢修理我多久?)", "category": "Gossiping", "title": "[問卦] 看電視影片的人命比較不好？", "date": "Sun May  5 00:00:56 2024", "content": ["我喜歡刷fb 的watch。。喜歡看蠟筆小新和我們這一家。。但是有一次我看我們這一家的動畫之後。。。我躺在床上竟聽到四面八方我們這一家動畫的配音員罵我。。然後有神明就說：[這個配音員是巫師，他聲降妳。。]我覺得很可怕。。。之前我看蠟筆小新時，突然聽到一個像hebe的聲音說：[所有的東西都是我管的，妳所有fb watch 上看的影片。。還有youtube。。妳去7-11買的東西。。妳的自來水。。還有買到的素食都是我管的。。這蠟筆小新本來不是我管的。。可是我已經跟他們配音員的團隊講好要入主他們的配音團體，以後我配音的集數，沒我同意妳都不能看。。]然後我剛在家裡餐廳吃飯，竟然聽到有個女生用我的聲音唱五月天的歌。。我很生氣，這個一直欺負我的女生竟用我的聲音唱歌。。然後我就幻聽到：[這聲音是蠟筆小新的團隊給我的。。就算他們不給我，妳出家表姐也會給我。。妳出家表姐不給我，妳之前待過的公司也會給我。]怎麼我看電視聲音會被換給欺負我的壞女人嗎？我想起之前我有提到的換命換聲音的事。。", "我想起我小時候喜歡看電視到要開電視配飯菜又想起我從小就愛唱流行歌，每首都會背想起我一個被金父母管說她在18歲前不能看電視聽流行歌的同學，命很好在當老師，我卻在當精神病人。。所以看電視影片，就會被養神明的演員和片商使用，命就不好對嗎？-----Sent from JPTT on my iPad--"], "post_comment": [{"comment_author": "whiteadam", "comment_date": ["05/05", "00:01"], "comment_content": "5f被肛"}, {"comment_author": "DiMammaMia", "comment_date": ["05/05", "00:01"], "comment_content": "住台北市的話 建議你去台大看診…"}, {"comment_author": "kairi5217", "comment_date": ["05/05", "00:01"], "comment_content": "我16歲後也不看電視 … 準確來說 窮到"}, {"comment_author": "kairi5217", "comment_date": ["05/05", "00:02"], "comment_content": "沒電視可以看"}, {"comment_author": "dlam002", "comment_date": ["05/05", "00:02"], "comment_content": "有空去看個心理醫生"}, {"comment_author": "Chiccoco", "comment_date": ["05/05", "00:03"], "comment_content": "知覺失調ㄇ"}, {"comment_author": "ruthertw", "comment_date": ["05/05", "00:04"], "comment_content": "我看不懂 誰能白話一下"}, {"comment_author": "shanks69", "comment_date": ["05/05", "00:20"], "comment_content": "我是那個巫師 衝著我來"}]}
