{"author": "saynotodog (彬彬有禮彬彬不說)", "category": "Gossiping", "title": "[問卦] 現在做會計的很累嗎", "date": "Thu May  2 10:10:23 2024", "content": ["小弟我聽說報稅季就是會計事務所的旺季現在會計們是不是很累啊瘋狂加班嗎--"], "post_comment": [{"comment_author": "bow76", "comment_date": ["05/02", "10:25"], "comment_content": "那不是會計吧  是審計  誰做稅報誰倒楣"}, {"comment_author": "paladin499", "comment_date": ["05/02", "10:29"], "comment_content": "一直都很累吧"}]}
