{"author": "jojomickey2 (放開那個女孩)", "category": "Gossiping", "title": "[問卦] 納坦雅胡是不是看了進擊的巨人?", "date": "Sun May  5 08:24:21 2024", "content": ["他以前瘋歸瘋但好像這次特別瘋，有種要用巨人踩平全世界的瘋狂，所有人攔都攔不住，以色列總理是不是看了速擊的巨人才變這樣子?-----Sent from JPTT on my Samsung SM-A5460.--"], "post_comment": [{"comment_author": "OPPAISuki", "comment_date": ["05/05", "08:25"], "comment_content": "是 還把加薩人 圍在牆裡面"}, {"comment_author": "firemothra", "comment_date": ["05/05", "08:25"], "comment_content": "他是始祖巨人他看見了未來。他必須殺"}, {"comment_author": "fantasyth", "comment_date": ["05/05", "08:25"], "comment_content": "人家瘋是得做口碑的"}, {"comment_author": "firemothra", "comment_date": ["05/05", "08:25"], "comment_content": "掉八成的巴勒斯坦人"}, {"comment_author": "easyfish", "comment_date": ["05/05", "08:25"], "comment_content": "4"}, {"comment_author": "jarry1007", "comment_date": ["05/05", "08:25"], "comment_content": "他是被綁上戰車身不由己  他內閣裡的"}, {"comment_author": "jarry1007", "comment_date": ["05/05", "08:25"], "comment_content": "人比他還激進十倍"}, {"comment_author": "OPPAISuki", "comment_date": ["05/05", "08:26"], "comment_content": "他不繼續打 下台 很會慘 要進去關"}, {"comment_author": "ots625", "comment_date": ["05/05", "08:31"], "comment_content": "拿錢辦事，不要叫自己兒親戚上場就好"}, {"comment_author": "OPPAISuki", "comment_date": ["05/05", "08:33"], "comment_content": "搞不好是美國的猶太集團要他打的"}, {"comment_author": "chunfo", "comment_date": ["05/05", "08:37"], "comment_content": "他在國內有連任危機"}, {"comment_author": "mouz", "comment_date": ["05/05", "08:47"], "comment_content": "拜登，你坐啊"}, {"comment_author": "taristocrat", "comment_date": ["05/05", "08:52"], "comment_content": "兒子表示"}, {"comment_author": "poorcharles", "comment_date": ["05/05", "08:54"], "comment_content": "那坦亞胡是垃圾政客 靠扇動極端上台"}]}
