{"author": "syearth (sysearth)", "category": "Gossiping", "title": "[問卦] 檢方太nice? 親戚寄過來的大麻、大麻救狗", "date": "Tue Apr 30 10:29:11 2024", "content": ["請問一下沒人覺得 台灣的檢方是不是太nice?1.柯鈞耀涉大麻膏郵包案，柯鈞耀說是美國表弟寄給他的「一個小驚喜」，後來柯鈞耀的毛髪、尿液送驗後驗出大麻陽性反應，", "2.殷琪陽明山家，收件人寫明殷琪的女兒，申請運送項目為禮品，經調查局查驗，竟發現含有二級毒品大麻、大麻萃取物大麻二酚（Cannabidiol，下稱CBD）、四氫大麻酚）膠囊與精油女兒辯稱:是為緩和狗情緒，最後獲不起訴。所以台灣的檢方是不是很體諒大家?處處幫大家找想  大事化小 小事化無--"], "post_comment": [{"comment_author": "ncc5566", "comment_date": ["04/30", "10:29"], "comment_content": "水桶很也NICE"}, {"comment_author": "iam0718", "comment_date": ["04/30", "10:30"], "comment_content": "法律人快累死了"}, {"comment_author": "yulis", "comment_date": ["04/30", "10:30"], "comment_content": "蛇摸大家 跟黨沒關係就是你家的事"}, {"comment_author": "brother001", "comment_date": ["04/30", "10:30"], "comment_content": "法律人自盲"}, {"comment_author": "mikasamikoto", "comment_date": ["04/30", "10:30"], "comment_content": "toyz哭暈在廁所"}, {"comment_author": "vowpool", "comment_date": ["04/30", "10:30"], "comment_content": "這個問法有點危險 建議把政客名字移除"}, {"comment_author": "lesnaree2", "comment_date": ["04/30", "10:31"], "comment_content": "黨證+有錢人 無敵"}, {"comment_author": "AFROGUNSO", "comment_date": ["04/30", "10:32"], "comment_content": "把老爸說成狗 是個狠人 緩刑合理"}, {"comment_author": "brucielu95", "comment_date": ["04/30", "10:34"], "comment_content": "法律人又正常發揮囉"}, {"comment_author": "mikasamikoto", "comment_date": ["04/30", "10:34"], "comment_content": "向心無罪也被台灣押四年"}, {"comment_author": "luche", "comment_date": ["04/30", "10:34"], "comment_content": "衛服部應該要主導修法 有在大麻國"}, {"comment_author": "luche", "comment_date": ["04/30", "10:34"], "comment_content": "家居住一年以上的人可以合法持有大"}, {"comment_author": "luche", "comment_date": ["04/30", "10:34"], "comment_content": "麻"}, {"comment_author": "laihom0808", "comment_date": ["04/30", "10:34"], "comment_content": "椅子，我買來給超哥的狗吃"}, {"comment_author": "tanby", "comment_date": ["04/30", "10:35"], "comment_content": "麻柯兒還把手機丟掉 根本有鬼"}, {"comment_author": "luche", "comment_date": ["04/30", "10:35"], "comment_content": "椅子要評論一下？"}, {"comment_author": "ashinly1021", "comment_date": ["04/30", "10:35"], "comment_content": "背景決定你的罪刑"}, {"comment_author": "palindromes", "comment_date": ["04/30", "10:35"], "comment_content": "法律人就是這樣賺錢啊"}, {"comment_author": "jameshcm", "comment_date": ["04/30", "10:35"], "comment_content": "報章雜誌都只有說女董座而已，你竟然敢"}, {"comment_author": "jameshcm", "comment_date": ["04/30", "10:35"], "comment_content": "把名字寫出來？！"}, {"comment_author": "luche", "comment_date": ["04/30", "10:36"], "comment_content": "殷琦找哪家事務所？律師哪位？"}, {"comment_author": "devicer", "comment_date": ["04/30", "10:37"], "comment_content": "柯麻兒還剛好手機遺失 真懂玩"}, {"comment_author": "Ferrari360", "comment_date": ["04/30", "10:38"], "comment_content": "只有CBD真的沒啥 就是鎮定用的"}, {"comment_author": "mq778", "comment_date": ["04/30", "10:39"], "comment_content": "貴人太貴重，法律太輕"}, {"comment_author": "Ferrari360", "comment_date": ["04/30", "10:40"], "comment_content": "國外一堆痠痛藥膏也都有加CBD了"}, {"comment_author": "v5270", "comment_date": ["04/30", "10:41"], "comment_content": "沒醫師證明就是走私啊"}, {"comment_author": "luche", "comment_date": ["04/30", "10:42"], "comment_content": "到底是什麼產品？"}, {"comment_author": "allencc", "comment_date": ["04/30", "10:45"], "comment_content": "扯什麼國外 在台灣犯法就是犯法"}, {"comment_author": "darkholy", "comment_date": ["04/30", "10:46"], "comment_content": "綠共執政的檢察官跟法官都是笑話"}, {"comment_author": "uska", "comment_date": ["04/30", "10:47"], "comment_content": "有錢判生，沒錢判死，一般人就判運輸10年了"}, {"comment_author": "TCPai", "comment_date": ["04/30", "10:48"], "comment_content": "幫權貴找出路"}, {"comment_author": "sttyuio5083", "comment_date": ["04/30", "10:48"], "comment_content": "可悲法律人"}, {"comment_author": "popochocho", "comment_date": ["04/30", "10:48"], "comment_content": "有關係就沒關係"}, {"comment_author": "z80520xx", "comment_date": ["04/30", "10:50"], "comment_content": "台灣法律人就說這樣辦事的啊"}, {"comment_author": "rex0217", "comment_date": ["04/30", "10:50"], "comment_content": "先丟手機"}, {"comment_author": "ilikeroc", "comment_date": ["04/30", "10:51"], "comment_content": "那是有錢人的判法 你沒錢沒勢別想了"}, {"comment_author": "gn01693664", "comment_date": ["04/30", "10:52"], "comment_content": "你去試試看啊"}, {"comment_author": "EfiwymsiAros", "comment_date": ["04/30", "10:52"], "comment_content": "Ker Ma Er"}, {"comment_author": "yggyygy", "comment_date": ["04/30", "10:52"], "comment_content": "你不姓柯"}, {"comment_author": "ultraccs", "comment_date": ["04/30", "10:54"], "comment_content": "顏色對了真爽"}, {"comment_author": "sanxiao", "comment_date": ["04/30", "10:55"], "comment_content": "什麼都可以不對 顏色要對 人生才會快樂"}, {"comment_author": "robin2691", "comment_date": ["04/30", "10:56"], "comment_content": "你有黨證嗎？"}, {"comment_author": "kill78941", "comment_date": ["04/30", "10:58"], "comment_content": "大麻什麼顏色自行想想"}, {"comment_author": "weitai1993", "comment_date": ["04/30", "11:00"], "comment_content": "柯建銘略懂略懂"}, {"comment_author": "kis28519", "comment_date": ["04/30", "11:00"], "comment_content": "剪掉：幫權貴脫罪人人有責"}, {"comment_author": "chocopoodle", "comment_date": ["04/30", "11:02"], "comment_content": "台灣價值"}, {"comment_author": "eeccms", "comment_date": ["04/30", "11:02"], "comment_content": "党就是法"}, {"comment_author": "xhung", "comment_date": ["04/30", "11:04"], "comment_content": "關說司法無罪啊... 所以一切合法 嘻嘻"}, {"comment_author": "razan", "comment_date": ["04/30", "11:05"], "comment_content": "出來混要有勢力 要有背景"}, {"comment_author": "cmwdodo", "comment_date": ["04/30", "11:06"], "comment_content": "法院那把秤是有權有勢的象徵，沒錢請王牌"}, {"comment_author": "qaz31415", "comment_date": ["04/30", "11:06"], "comment_content": "你應該順便放幾個平民被重判的對比。"}, {"comment_author": "ad1339", "comment_date": ["04/30", "11:08"], "comment_content": "檢察官跟法官也是人，是人就要生存QQ"}, {"comment_author": "alfven", "comment_date": ["04/30", "11:09"], "comment_content": "女兒的大麻包裹 結果媽媽驗尿"}, {"comment_author": "jupei", "comment_date": ["04/30", "11:11"], "comment_content": "台灣真的變共產國家了"}, {"comment_author": "themas", "comment_date": ["04/30", "11:12"], "comment_content": "沒事兒 民進黨的哪個不是滿身罪孽"}, {"comment_author": "cloudsub", "comment_date": ["04/30", "11:13"], "comment_content": "有關係就沒關係，懂？"}, {"comment_author": "vaiking0120", "comment_date": ["04/30", "11:14"], "comment_content": "第一 產品是給狗用 第二 全世界有權"}, {"comment_author": "vaiking0120", "comment_date": ["04/30", "11:14"], "comment_content": "有勢都一樣"}, {"comment_author": "ziso", "comment_date": ["04/30", "11:17"], "comment_content": "柯麻兒手機還剛好不見 超巧的 笑死"}, {"comment_author": "super10000", "comment_date": ["04/30", "11:23"], "comment_content": "離譜案子"}, {"comment_author": "Orangemikan", "comment_date": ["04/30", "11:24"], "comment_content": "塔綠班就演示有錢有權的人治社會"}, {"comment_author": "guanaco", "comment_date": ["04/30", "11:24"], "comment_content": "還有是換票不是買票，偉哉民進党"}, {"comment_author": "tinglottery", "comment_date": ["04/30", "11:25"], "comment_content": "一般人99%等著被關"}, {"comment_author": "tomaschang", "comment_date": ["04/30", "11:27"], "comment_content": "有權有勢.....不適用法律"}, {"comment_author": "shitpost", "comment_date": ["04/30", "11:30"], "comment_content": "現在法院不知道是哪一党開的了"}, {"comment_author": "shitpost", "comment_date": ["04/30", "11:31"], "comment_content": "現在台灣社會真的和對岸好像"}, {"comment_author": "kevinpc", "comment_date": ["04/30", "11:32"], "comment_content": "有錢有勢的人什麼都比較會"}, {"comment_author": "jim986988", "comment_date": ["04/30", "11:35"], "comment_content": "40%：有黨證嗎？ 沒有閉嘴"}, {"comment_author": "CIDgreen", "comment_date": ["04/30", "11:35"], "comment_content": "棒喔   新的綠色通道"}, {"comment_author": "polypress", "comment_date": ["04/30", "11:36"], "comment_content": "等一下 麻柯兒驗出陽性還可以沒事喔"}, {"comment_author": "jhunter", "comment_date": ["04/30", "11:44"], "comment_content": "你現在才知道法律是管低等人的"}, {"comment_author": "cms6384", "comment_date": ["04/30", "11:46"], "comment_content": "真的是Surprise"}, {"comment_author": "coneflwer", "comment_date": ["04/30", "11:46"], "comment_content": "總召yyds"}, {"comment_author": "seans", "comment_date": ["04/30", "11:51"], "comment_content": "還好啦，党的人連千萬換票都無罪了，不然"}, {"comment_author": "seans", "comment_date": ["04/30", "11:51"], "comment_content": "難道要抓狗去關嗎？党的狗你也別想動"}, {"comment_author": "justiceyes", "comment_date": ["04/30", "12:01"], "comment_content": "有關係就沒關係，沒關係就有關係嘍"}, {"comment_author": "Huntresswizr", "comment_date": ["04/30", "12:03"], "comment_content": "實際上就人治小破島國家啊"}, {"comment_author": "griffin0914", "comment_date": ["04/30", "12:06"], "comment_content": "黨很體諒自家"}, {"comment_author": "ThisIsEasy", "comment_date": ["04/30", "12:08"], "comment_content": "toyz表示"}, {"comment_author": "zxc2331189", "comment_date": ["04/30", "12:08"], "comment_content": "狗都會吸大麻"}, {"comment_author": "Vincent8026", "comment_date": ["04/30", "12:09"], "comment_content": "CBD跟THC分開看"}, {"comment_author": "xpage", "comment_date": ["04/30", "12:12"], "comment_content": "有40%支持，違法亂紀都有這群人撐腰"}, {"comment_author": "gin10791", "comment_date": ["04/30", "12:15"], "comment_content": "柯麻兒不起訴還被高檢打槍"}, {"comment_author": "gin10791", "comment_date": ["04/30", "12:15"], "comment_content": "連理由都懶得找就直接不起訴"}, {"comment_author": "kentyeh", "comment_date": ["04/30", "12:15"], "comment_content": "搜一下 女兒寄「大麻巧克力」包裹回台"}, {"comment_author": "kentyeh", "comment_date": ["04/30", "12:15"], "comment_content": "母簽收涉十年重罪 ,耐不耐斯是看人"}, {"comment_author": "xulzj524", "comment_date": ["04/30", "12:18"], "comment_content": "柯麻兒那個動作不是小老百姓可以遇到的"}, {"comment_author": "xulzj524", "comment_date": ["04/30", "12:18"], "comment_content": "～"}, {"comment_author": "zznn8989", "comment_date": ["04/30", "12:18"], "comment_content": "法畜都講得很高大上，看到有權的就軟膝"}, {"comment_author": "xulzj524", "comment_date": ["04/30", "12:18"], "comment_content": "正常會繼續讓他運送釣魚等到收件人領到"}, {"comment_author": "xulzj524", "comment_date": ["04/30", "12:18"], "comment_content": "的瞬間逮捕"}, {"comment_author": "new71050", "comment_date": ["04/30", "12:18"], "comment_content": "柯麻兒真的屌"}, {"comment_author": "xulzj524", "comment_date": ["04/30", "12:18"], "comment_content": "柯麻兒可不是喔～"}, {"comment_author": "xulzj524", "comment_date": ["04/30", "12:19"], "comment_content": "有關係就沒關係～"}, {"comment_author": "xulzj524", "comment_date": ["04/30", "12:19"], "comment_content": "收到含有一點大麻成分的巧克力"}, {"comment_author": "xulzj524", "comment_date": ["04/30", "12:19"], "comment_content": "十年～"}, {"comment_author": "xulzj524", "comment_date": ["04/30", "12:20"], "comment_content": "可憐啊"}, {"comment_author": "bullace", "comment_date": ["04/30", "12:20"], "comment_content": "司法改革 哈哈哈"}, {"comment_author": "xulzj524", "comment_date": ["04/30", "12:20"], "comment_content": "柯麻兒還有幾個重點"}, {"comment_author": "xulzj524", "comment_date": ["04/30", "12:21"], "comment_content": "毒品陽性"}, {"comment_author": "xulzj524", "comment_date": ["04/30", "12:21"], "comment_content": "手機剛剛好不見～"}, {"comment_author": "xulzj524", "comment_date": ["04/30", "12:21"], "comment_content": "真的是被人陷害絕對不是自己平常就有偷"}, {"comment_author": "colenken", "comment_date": ["04/30", "12:21"], "comment_content": "要看你是誰"}, {"comment_author": "xulzj524", "comment_date": ["04/30", "12:21"], "comment_content": "渡毒品進台灣的習慣"}, {"comment_author": "tony88037", "comment_date": ["04/30", "12:22"], "comment_content": "認真問一下台灣現在有禁CBD？"}, {"comment_author": "cactus44", "comment_date": ["04/30", "12:23"], "comment_content": "驗出陽性還能緩起訴這換別人根本不"}, {"comment_author": "kevin540", "comment_date": ["04/30", "12:23"], "comment_content": "狗有沒有驗尿？"}, {"comment_author": "cactus44", "comment_date": ["04/30", "12:23"], "comment_content": "可能"}, {"comment_author": "johntu", "comment_date": ["04/30", "12:25"], "comment_content": "Toyz qq"}, {"comment_author": "Lowpapa", "comment_date": ["04/30", "12:26"], "comment_content": "民進黨"}, {"comment_author": "deray", "comment_date": ["04/30", "12:31"], "comment_content": "自己人 沒事兒"}, {"comment_author": "vincent0412", "comment_date": ["04/30", "12:31"], "comment_content": "具名郵寄大麻就沒事～"}, {"comment_author": "eayterrr", "comment_date": ["04/30", "12:34"], "comment_content": "這答案還不簡單 = = 先看黨證 再看財產"}, {"comment_author": "eayterrr", "comment_date": ["04/30", "12:35"], "comment_content": "顏色對了 有錢人家 就沒事啦"}, {"comment_author": "fever105", "comment_date": ["04/30", "12:41"], "comment_content": "CBD合法 THC才不合法"}, {"comment_author": "k078787878", "comment_date": ["04/30", "12:42"], "comment_content": "有關係沒關係"}, {"comment_author": "k82817", "comment_date": ["04/30", "12:42"], "comment_content": "法律人的財富密碼"}, {"comment_author": "kenash", "comment_date": ["04/30", "12:44"], "comment_content": "厲害的是大麻柯驗出來都可以沒事，可悲司"}, {"comment_author": "kenash", "comment_date": ["04/30", "12:44"], "comment_content": "法，垃圾民進党都不敢提"}, {"comment_author": "tlsg2", "comment_date": ["04/30", "12:48"], "comment_content": "綠能你不能"}, {"comment_author": "LoveFood", "comment_date": ["04/30", "12:48"], "comment_content": "你爸媽是立委或董事長嗎"}, {"comment_author": "scott260202", "comment_date": ["04/30", "12:50"], "comment_content": "亞馬遜就有賣狗用的"}, {"comment_author": "domago", "comment_date": ["04/30", "12:55"], "comment_content": "有錢人合法 窮人違法"}, {"comment_author": "dofine", "comment_date": ["04/30", "12:56"], "comment_content": "沒黨證千萬不要犯法"}, {"comment_author": "qqq5890003", "comment_date": ["04/30", "12:58"], "comment_content": "你有黨證嗎 你有錢嗎 沒有就7414"}, {"comment_author": "myabo", "comment_date": ["04/30", "13:03"], "comment_content": "殷女沒驗出陽性吧，怎能跟柯兒比"}, {"comment_author": "koexe", "comment_date": ["04/30", "13:05"], "comment_content": "有關係就沒關係 沒關係就有關系"}, {"comment_author": "rock0747", "comment_date": ["04/30", "13:12"], "comment_content": "升官發財的秘密都在這裡了"}, {"comment_author": "asters", "comment_date": ["04/30", "13:14"], "comment_content": "你沒黨證就不要羨慕"}, {"comment_author": "CTUST", "comment_date": ["04/30", "13:14"], "comment_content": "手機說不見就不見，通聯也不察，證"}, {"comment_author": "CTUST", "comment_date": ["04/30", "13:14"], "comment_content": "據就中斷，這你說沒雙標大小眼"}, {"comment_author": "c642358", "comment_date": ["04/30", "13:15"], "comment_content": "誰叫你爸不姓科，誰叫你不是女嬰精"}, {"comment_author": "Achillies", "comment_date": ["04/30", "13:24"], "comment_content": "這檢察官不一起查一下"}, {"comment_author": "westhaown", "comment_date": ["04/30", "13:24"], "comment_content": "綠畜法棺就是有特犬啦 綠畜一律無罪"}, {"comment_author": "tom114151", "comment_date": ["04/30", "13:25"], "comment_content": "操危險個屁，柯建銘殷琪兒子女兒就是"}, {"comment_author": "tom114151", "comment_date": ["04/30", "13:25"], "comment_content": "毒蟲，利用特權包庇，下賤，歡迎來告"}, {"comment_author": "kamener", "comment_date": ["04/30", "13:48"], "comment_content": "法官：賤民們你寄看看啊"}, {"comment_author": "gg86300", "comment_date": ["04/30", "13:56"], "comment_content": "獨裁的綠共就是這樣雙標"}, {"comment_author": "goodboy98", "comment_date": ["04/30", "14:00"], "comment_content": "柯建銘 你覺得呢"}, {"comment_author": "winnerdinner", "comment_date": ["04/30", "14:07"], "comment_content": "檢方只聽的懂有錢有勢的聲音吧"}, {"comment_author": "color3258", "comment_date": ["04/30", "14:17"], "comment_content": "TOYZ要哭了~~"}, {"comment_author": "j0588", "comment_date": ["04/30", "14:17"], "comment_content": "政客爛檢察官更爛吧，只會為政治服務"}, {"comment_author": "guolong", "comment_date": ["04/30", "14:18"], "comment_content": "檢方就政客養的狗啊"}, {"comment_author": "demo1945", "comment_date": ["04/30", "14:22"], "comment_content": "重點是你爸 你媽是誰"}, {"comment_author": "VirgilAeneid", "comment_date": ["04/30", "14:28"], "comment_content": "CBD是藥用成分,不會讓人嗨"}, {"comment_author": "VirgilAeneid", "comment_date": ["04/30", "14:29"], "comment_content": "會讓人嗨的是THC"}, {"comment_author": "greenwood", "comment_date": ["04/30", "14:33"], "comment_content": "這兩個都是權貴"}, {"comment_author": "rs36579tidus", "comment_date": ["04/30", "14:40"], "comment_content": ""}, {"comment_author": "Wenerrix", "comment_date": ["04/30", "14:53"], "comment_content": "在美國很多狗飼料是真的有CBD"}, {"comment_author": "Wenerrix", "comment_date": ["04/30", "14:53"], "comment_content": "真正抽爽的的是THC"}, {"comment_author": "Wenerrix", "comment_date": ["04/30", "14:54"], "comment_content": "先瞭解大麻這東西再來評論好嗎"}, {"comment_author": "sunluna", "comment_date": ["04/30", "15:00"], "comment_content": "拿出黨證 展現台灣價值 檢調就會體諒了"}, {"comment_author": "sunluna", "comment_date": ["04/30", "15:01"], "comment_content": "如果沒有 那就乖乖去當檢調的業績"}, {"comment_author": "slygun", "comment_date": ["04/30", "15:17"], "comment_content": "大企業家千金自承為狗，你還不放過是過份"}, {"comment_author": "slygun", "comment_date": ["04/30", "15:17"], "comment_content": "了嗎"}, {"comment_author": "Takasteric", "comment_date": ["04/30", "15:27"], "comment_content": "還了解大麻XDD你要不要先去了解台灣"}, {"comment_author": "Takasteric", "comment_date": ["04/30", "15:27"], "comment_content": "法律"}, {"comment_author": "rick6304", "comment_date": ["04/30", "16:06"], "comment_content": "民進黨本人吸毒無罪 國民黨大姑詐騙有"}, {"comment_author": "rick6304", "comment_date": ["04/30", "16:06"], "comment_content": "罪"}, {"comment_author": "budaixi", "comment_date": ["04/30", "16:20"], "comment_content": ""}, {"comment_author": "angelwithzer", "comment_date": ["04/30", "18:26"], "comment_content": "姓柯跟養狗才能持有大麻"}, {"comment_author": "embrace0902", "comment_date": ["04/30", "19:51"], "comment_content": "老狗吃CBD確實會緩和一點"}]}
