{"author": "f230072828 (汝被閹之)", "category": "Gossiping", "title": "[問卦] 麥當勞自助點餐機為什麼不能直接投錢", "date": "Sun Apr 28 21:45:49 2024", "content": ["那個吼，阿肥我剛去內壢家樂福的麥當勞吃晚餐被店員以人力不足為由，要求去用自助點餐機點餐然後自助點餐機前好幾個顧客不會操作，拖慢速度導致點餐機前一堆人大排長龍，超不耐煩結果點完餐後用現金付款的人，一樣要跑去櫃檯結帳店員還是要忙收銀結帳，自助點餐機根本多此一舉所以麥當勞的自助點餐機為什麼不能設計成能直接投錢結帳的機台？--", "--", "老人、孩童、我、外勞", "只有累到氣喘吁吁的男店員"], "post_comment": [{"comment_author": "pinhanpaul", "comment_date": ["04/28", "21:46"], "comment_content": "現在誰沒有信用卡或行動支付"}, {"comment_author": "Aliensoul", "comment_date": ["04/28", "21:46"], "comment_content": "可以投錢的話要一直補零錢進去"}, {"comment_author": "wkuochen", "comment_date": ["04/28", "21:46"], "comment_content": "六扇門的點餐方式比較好"}, {"comment_author": "t4lin", "comment_date": ["04/28", "21:47"], "comment_content": "會有三寶在那哭說錢一直被吐   結果是假錢"}, {"comment_author": "yiao", "comment_date": ["04/28", "21:47"], "comment_content": "最大問題是沒有甜心卡  那你出甜心卡幹嘛"}, {"comment_author": "heavensun", "comment_date": ["04/28", "21:48"], "comment_content": "自動停車收費  都能找錢惹"}, {"comment_author": "Aliensoul", "comment_date": ["04/28", "21:48"], "comment_content": "能投錢故障機率也會高 店員要會修"}, {"comment_author": "VVizZ", "comment_date": ["04/28", "21:48"], "comment_content": "機器爛吧，拉麵店的都可以"}, {"comment_author": "iwater0705", "comment_date": ["04/28", "21:49"], "comment_content": "噓1F沒看過小學生放學，自己買麥當勞"}, {"comment_author": "Doub1eK", "comment_date": ["04/28", "21:49"], "comment_content": "窩不知道"}, {"comment_author": "iwater0705", "comment_date": ["04/28", "21:49"], "comment_content": "當晚餐，最好他們有行動支付"}, {"comment_author": "coffee112", "comment_date": ["04/28", "21:49"], "comment_content": "我還真的不一定會帶...看了有點傻眼 前"}, {"comment_author": "coffee112", "comment_date": ["04/28", "21:49"], "comment_content": "幾天去肯德基也是 看機台 咦...=_="}, {"comment_author": "koromo1991", "comment_date": ["04/28", "21:50"], "comment_content": "小學生一堆爸媽有儲錢在悠遊卡讓他們"}, {"comment_author": "kyosukeakiba", "comment_date": ["04/28", "21:50"], "comment_content": "點餐機能用悠遊卡。"}, {"comment_author": "koromo1991", "comment_date": ["04/28", "21:50"], "comment_content": "買東西的好嗎"}, {"comment_author": "em4", "comment_date": ["04/28", "21:53"], "comment_content": "儲值到點點卡"}, {"comment_author": "kiopl", "comment_date": ["04/28", "21:53"], "comment_content": "鈔票&零錢模組 貴又難用 麻煩還很多問題"}, {"comment_author": "play0321", "comment_date": ["04/28", "21:58"], "comment_content": "有什麼不好 可以跟櫃檯正妹講話"}, {"comment_author": "miel", "comment_date": ["04/28", "21:59"], "comment_content": "我家這裡的還真的不開放信用卡linepay爆爛"}, {"comment_author": "kyosukeakiba", "comment_date": ["04/28", "22:00"], "comment_content": "不過不能投錢的確不太合理！"}, {"comment_author": "Firmamentee", "comment_date": ["04/28", "22:02"], "comment_content": "成本考量吧"}, {"comment_author": "sausalito", "comment_date": ["04/28", "22:02"], "comment_content": "老人有信用卡或行動支付"}, {"comment_author": "sausalito", "comment_date": ["04/28", "22:02"], "comment_content": "有的小孩也有行動支付 所以只有你"}, {"comment_author": "Firmamentee", "comment_date": ["04/28", "22:02"], "comment_content": "像我也不解為何很多店家到現在還不"}, {"comment_author": "Firmamentee", "comment_date": ["04/28", "22:03"], "comment_content": "能用信用卡或行動支付"}, {"comment_author": "fp737", "comment_date": ["04/28", "22:04"], "comment_content": "我每次都用券  這台可用UU卡吧?"}, {"comment_author": "johnson2726", "comment_date": ["04/28", "22:06"], "comment_content": "幹  投錢一堆台女會在那邊翻找包包"}, {"comment_author": "maple0603", "comment_date": ["04/28", "22:07"], "comment_content": "我都用自助點餐 點完掃描 APPLE PAY"}, {"comment_author": "maple0603", "comment_date": ["04/28", "22:07"], "comment_content": "拿著號碼牌 直接去等餐點"}, {"comment_author": "ARTORIA", "comment_date": ["04/28", "22:08"], "comment_content": "別厚 到時一堆台女又再慢慢找零錢"}, {"comment_author": "laugh8562", "comment_date": ["04/28", "22:18"], "comment_content": "點餐機就是讓你加快點餐 你又要讓三寶"}, {"comment_author": "laugh8562", "comment_date": ["04/28", "22:18"], "comment_content": "們慢慢投零錢 本末倒置"}, {"comment_author": "tkc7", "comment_date": ["04/28", "22:21"], "comment_content": "需要比較多硬體"}, {"comment_author": "InfocusM510", "comment_date": ["04/28", "22:24"], "comment_content": "先解決甜心卡的問題吧 流程有夠愚"}, {"comment_author": "InfocusM510", "comment_date": ["04/28", "22:24"], "comment_content": "蠢"}, {"comment_author": "your0207", "comment_date": ["04/28", "22:29"], "comment_content": "刷卡功能的金融卡也不難吧"}, {"comment_author": "your0207", "comment_date": ["04/28", "22:30"], "comment_content": "我去的那家已經沒有強制使用點餐機了"}, {"comment_author": "flydogzzz", "comment_date": ["04/28", "22:36"], "comment_content": "沒信用卡吃什麼麥當勞"}, {"comment_author": "after1", "comment_date": ["04/28", "22:51"], "comment_content": "直接弄一個售餐券不就好，真的搞不懂做半"}, {"comment_author": "after1", "comment_date": ["04/28", "22:51"], "comment_content": "套幹嘛了"}, {"comment_author": "court", "comment_date": ["04/28", "22:53"], "comment_content": "應該改成得來速能夠直接刷卡 XD"}, {"comment_author": "kukuba", "comment_date": ["04/28", "22:54"], "comment_content": "開賣第一天就沒有捲捲薯條搞屁"}, {"comment_author": "start0917", "comment_date": ["04/28", "22:56"], "comment_content": "改悠遊卡支付比較可行 錢的話會收一堆"}, {"comment_author": "e1q3z9c7", "comment_date": ["04/28", "22:57"], "comment_content": "用卡或手機支付好一點 機台不用做太大"}, {"comment_author": "xru03", "comment_date": ["04/28", "23:00"], "comment_content": "檢討消費者？"}, {"comment_author": "sushi11", "comment_date": ["04/28", "23:01"], "comment_content": "活動又不寫到機器裡，差評"}, {"comment_author": "beoneg", "comment_date": ["04/28", "23:03"], "comment_content": "不能用甜心卡有夠白癡"}, {"comment_author": "Messi100", "comment_date": ["04/28", "23:04"], "comment_content": "不要不要 這樣一堆老人會卡在點餐機"}, {"comment_author": "mamamia0419", "comment_date": ["04/28", "23:06"], "comment_content": "遇到不會用的客人真的超級久，比去櫃"}, {"comment_author": "mamamia0419", "comment_date": ["04/28", "23:06"], "comment_content": "檯但不知道要點什麼的還久"}, {"comment_author": "yfa0420", "comment_date": ["04/28", "23:13"], "comment_content": "可以投零錢，應該會有人拿一堆1元…"}, {"comment_author": "yao03911", "comment_date": ["04/28", "23:40"], "comment_content": "直接走去櫃台點"}, {"comment_author": "yao03911", "comment_date": ["04/28", "23:41"], "comment_content": "一開始有強制使用點餐機，可能被投訴"}, {"comment_author": "yao03911", "comment_date": ["04/28", "23:41"], "comment_content": "太多，現在都馬可以直接櫃台點"}, {"comment_author": "Chibai5566", "comment_date": ["04/28", "23:46"], "comment_content": "假鈔？"}, {"comment_author": "finis", "comment_date": ["04/28", "23:49"], "comment_content": "行動支付超級方便，不用一直去領錢，可惜政"}, {"comment_author": "finis", "comment_date": ["04/28", "23:49"], "comment_content": "府推廣不力"}, {"comment_author": "howard098112", "comment_date": ["04/28", "23:52"], "comment_content": "因為很多人選餐很久…浪費店員時間"}, {"comment_author": "Haruno", "comment_date": ["04/28", "23:56"], "comment_content": "sop 有問題，還是一堆人去吃"}, {"comment_author": "fufugirl", "comment_date": ["04/29", "00:26"], "comment_content": "不能用甜心卡最可惡"}, {"comment_author": "Soodesu", "comment_date": ["04/29", "00:28"], "comment_content": "日本超市自助結帳機發達 但是麥當勞也是"}, {"comment_author": "Soodesu", "comment_date": ["04/29", "00:28"], "comment_content": "一樣只能刷卡喔"}, {"comment_author": "Rinkochar", "comment_date": ["04/29", "01:51"], "comment_content": "捨不得採購更好的點餐機"}, {"comment_author": "Rinkochar", "comment_date": ["04/29", "01:52"], "comment_content": "預算問題"}, {"comment_author": "flowersuger", "comment_date": ["04/29", "02:23"], "comment_content": "還不能杯扣 刷完再退零錢這樣有意思"}, {"comment_author": "flowersuger", "comment_date": ["04/29", "02:23"], "comment_content": "嗎？"}, {"comment_author": "s9638574", "comment_date": ["04/29", "04:03"], "comment_content": "投錢哪裡問題多，日本超商都可以投錢繳"}, {"comment_author": "frice", "comment_date": ["04/29", "07:43"], "comment_content": "為什麼店家不用信用卡或行動支付？因為要"}, {"comment_author": "frice", "comment_date": ["04/29", "07:43"], "comment_content": "錢"}, {"comment_author": "frice", "comment_date": ["04/29", "07:45"], "comment_content": "投錢問題超多 又不是指消費者方……腦袋用"}, {"comment_author": "frice", "comment_date": ["04/29", "07:45"], "comment_content": "一下好嗎"}, {"comment_author": "saiboos", "comment_date": ["04/29", "08:25"], "comment_content": "日本人腦袋都有問題 笑死"}, {"comment_author": "syensyens", "comment_date": ["04/29", "09:30"], "comment_content": "沒有支付就不要叫！跟不上時代！"}, {"comment_author": "xxxholic031", "comment_date": ["04/29", "09:42"], "comment_content": "可以用行動支付阿，但甜心卡還要到"}, {"comment_author": "xxxholic031", "comment_date": ["04/29", "09:42"], "comment_content": "櫃檯結就真的很智障了"}, {"comment_author": "fly13579tw", "comment_date": ["04/29", "13:26"], "comment_content": "已經不怎麼吃麥當勞了呵呵"}]}
