{"author": "isud40401 (何金銀)", "category": "Gossiping", "title": "[問卦] 深坑臭豆腐臭但很迷人？！", "date": "Fri May  3 22:52:38 2024", "content": ["如題深坑臭豆腐臭但很迷人？！怎麼會有這麼神奇的食品深坑臭豆腐！鹵水臭 豆腐臭在嘴裡抿開味道卻如此迷人各位有推薦的店家嗎？-----Sent from JPTT on my iPhone--"], "post_comment": [{"comment_author": "actuy", "comment_date": ["05/03", "22:53"], "comment_content": "巷口…"}, {"comment_author": "hyuchi0202", "comment_date": ["05/03", "22:53"], "comment_content": "你不會每家都吃吃看嗎"}, {"comment_author": "Killercat", "comment_date": ["05/03", "22:54"], "comment_content": "反而深坑當地找不太到好吃的 =_=a"}, {"comment_author": "derrick1220", "comment_date": ["05/03", "22:54"], "comment_content": "5F臭豆屌"}, {"comment_author": "iverson76ers", "comment_date": ["05/03", "22:56"], "comment_content": "以前常吃王水成"}, {"comment_author": "andy199113", "comment_date": ["05/03", "22:56"], "comment_content": "現在沒有焦味了 已經失去靈魂了"}, {"comment_author": "andy199113", "comment_date": ["05/03", "22:57"], "comment_content": "深坑的焦味才是風味特色"}, {"comment_author": "andy199113", "comment_date": ["05/03", "22:58"], "comment_content": "以前紅油又紅又嗆 豆腐焦香味真ㄉ很棒"}, {"comment_author": "blueway1014", "comment_date": ["05/03", "23:07"], "comment_content": "觀光客吃出優越感了？"}, {"comment_author": "peterwww", "comment_date": ["05/03", "23:16"], "comment_content": "還不錯啊"}, {"comment_author": "Fuuuck", "comment_date": ["05/04", "06:48"], "comment_content": "        關東煮式臭豆腐 zzz"}, {"comment_author": "klgfan", "comment_date": ["05/04", "08:58"], "comment_content": "認真推 出老街大路上那間"}]}
