{"author": "Caress (愛撫)", "category": "Gossiping", "title": "[問卦] 台灣低薪 其目的 是在壓低成本求發展吧?", "date": "Wed May  1 11:52:48 2024", "content": ["台灣低薪其目的是在壓低成本求發展吧?畢竟社會金字塔是要有大量中低底層才能讓少數40%爽在這裡多數決原則不適用有沒有八卦--", "--", "會啊  挑Dyson  不買小米", "你這是另一個問題  和前一個同種商品不一樣  別凹了"], "post_comment": [{"comment_author": "cutesoda", "comment_date": ["05/01", "11:54"], "comment_content": "哪個國家的企業不壓低人事成本的"}, {"comment_author": "ladygaga168", "comment_date": ["05/01", "11:55"], "comment_content": "有些死忠過的不好，還不是繼續支持"}, {"comment_author": "ladygaga168", "comment_date": ["05/01", "11:55"], "comment_content": "，嘻嘻"}, {"comment_author": "kino056", "comment_date": ["05/01", "11:56"], "comment_content": "不要太不滿"}, {"comment_author": "andy50814", "comment_date": ["05/01", "12:00"], "comment_content": "贏者全拿"}, {"comment_author": "barlin", "comment_date": ["05/01", "12:09"], "comment_content": "所以你買東西都是挑同種商品最貴的買嗎ㄏ"}, {"comment_author": "SShirakawa", "comment_date": ["05/01", "12:10"], "comment_content": "政府還幫資方壓低才更該死"}, {"comment_author": "li04", "comment_date": ["05/01", "12:11"], "comment_content": "是壓到換藍寶堅尼的時間"}, {"comment_author": "barlin", "comment_date": ["05/01", "12:16"], "comment_content": "我問的是一樣賣DYSON的同種型號的"}, {"comment_author": "barlin", "comment_date": ["05/01", "12:16"], "comment_content": "如果有十家十種價格 你要選哪個ㄏ"}, {"comment_author": "cphafa", "comment_date": ["05/01", "12:20"], "comment_content": "「求發展」錯了，是「求跑車」"}, {"comment_author": "ladygaga168", "comment_date": ["05/01", "12:24"], "comment_content": "月經文，勞工太弱勢，需要修法降低"}, {"comment_author": "ladygaga168", "comment_date": ["05/01", "12:24"], "comment_content": "組工會門檻，但是不太可能 qq"}, {"comment_author": "XSZX", "comment_date": ["05/01", "12:47"], "comment_content": "八卦是對岸正在展現這樣做的後果會如何!"}]}
