{"author": "melissalewis (龍使弗利茲)", "category": "Gossiping", "title": "[問卦] 被櫃姐說我長得好像工程師何意？", "date": "Sun May  5 16:18:25 2024", "content": ["剛才陪家人逛新開的百貨2樓精品保養專櫃，好像是從中東某很兇的國家來開的保養品專櫃，裡面還坐著一個被櫃姐稱呼是老闆娘的中東人，家人已經坐下來聽櫃姐口沫橫飛了，結果我一靠近好奇聽一下櫃姐在講什麼，櫃姐馬上笑著說一句：「嗨～先生，你長得好像工程師哦～^-^哈哈」頓時間我真的不知道該怎麼回話，到底是褒是貶都聽不清楚，我就被其他家人拉走了，以上都是真實發生，我只是想問，哪來的中東保養品可以賣8罐要價將近9萬台幣？-----Sent from JPTT on my iPhone--"], "post_comment": []}
