{"author": "SebaJun (Nujabes)", "category": "Gossiping", "title": "[問卦] 吃到飽吃50個統一布丁 老闆會哭嗎?", "date": "Sun Apr 28 19:00:10 2024", "content": ["統一布丁(100g)市價12塊有些火鍋吃到飽還有提供統一布丁價格大概也就五六百如果去吃50個統一布丁光布丁本身就600了扣掉水電人事管銷費用老闆肯定虧的吧吃50個統一布丁老闆會哭嗎有沒有八卦??--"], "post_comment": [{"comment_author": "TurtleGods", "comment_date": ["04/28", "19:00"], "comment_content": "笑到哭"}, {"comment_author": "Winston13840", "comment_date": ["04/28", "19:00"], "comment_content": "笑到哭拉"}, {"comment_author": "bth060104", "comment_date": ["04/28", "19:00"], "comment_content": "沒有蛋的布丁 老闆笑到哭"}, {"comment_author": "ncc5566", "comment_date": ["04/28", "19:01"], "comment_content": "樓下被肛什麼感想?"}, {"comment_author": "abc4", "comment_date": ["04/28", "19:01"], "comment_content": "會喔"}, {"comment_author": "JiangDong", "comment_date": ["04/28", "19:01"], "comment_content": "會哭的是你的胰臟"}, {"comment_author": "t4lin", "comment_date": ["04/28", "19:01"], "comment_content": "老闆：是要疊罐頭塔喔？來來來再補一箱"}, {"comment_author": "Erict", "comment_date": ["04/28", "19:01"], "comment_content": "你會先吃到吐吧"}, {"comment_author": "GiantChicken", "comment_date": ["04/28", "19:01"], "comment_content": "你直播一小時半吃50個 吃完我買單"}, {"comment_author": "xiemark", "comment_date": ["04/28", "19:01"], "comment_content": "要花多少錢看病？"}, {"comment_author": "kiopl", "comment_date": ["04/28", "19:01"], "comment_content": "一個100克 你能吃5公斤也是不簡單"}, {"comment_author": "engineer1", "comment_date": ["04/28", "19:01"], "comment_content": "樓下肛交都怎麼反應"}, {"comment_author": "a0808996", "comment_date": ["04/28", "19:02"], "comment_content": "老闆大量進貨便宜到哭"}, {"comment_author": "lucifiel1618", "comment_date": ["04/28", "19:02"], "comment_content": "你不覺得挑戰性偏高嗎"}, {"comment_author": "JiangDong", "comment_date": ["04/28", "19:02"], "comment_content": "失明截支的時候要記得你還在沾沾自喜吃"}, {"comment_author": "JiangDong", "comment_date": ["04/28", "19:02"], "comment_content": "了五十個布丁"}, {"comment_author": "mingzeng", "comment_date": ["04/28", "19:03"], "comment_content": "如果能一口氣吃五十個布丁 也是個人才"}, {"comment_author": "mingzeng", "comment_date": ["04/28", "19:03"], "comment_content": "老闆應該會打從心裡發笑吧"}, {"comment_author": "minoru04", "comment_date": ["04/28", "19:03"], "comment_content": "你有固體食物五公斤的能力吃那個幹嘛"}, {"comment_author": "Doub1eK", "comment_date": ["04/28", "19:03"], "comment_content": "你吃到送醫會先哭"}, {"comment_author": "rony98", "comment_date": ["04/28", "19:04"], "comment_content": "營業用和零售的價格應該差很多"}, {"comment_author": "bairn", "comment_date": ["04/28", "19:04"], "comment_content": "會為你糖尿病而哭泣"}, {"comment_author": "jakcycoco", "comment_date": ["04/28", "19:05"], "comment_content": "一口氣吃五十個應該送醫了吧"}, {"comment_author": "ccm0916", "comment_date": ["04/28", "19:05"], "comment_content": "不要製造醫生的困擾"}, {"comment_author": "DAEVA", "comment_date": ["04/28", "19:05"], "comment_content": "醫生笑了"}, {"comment_author": "tfoxboy123", "comment_date": ["04/28", "19:05"], "comment_content": "化工布丁 成本大概3塊吧"}, {"comment_author": "PatlaborGao2", "comment_date": ["04/28", "19:05"], "comment_content": "50個不行 500個可能有機會"}, {"comment_author": "virnux", "comment_date": ["04/28", "19:05"], "comment_content": "老闆會哭 因為你進醫院後 來客數-1"}, {"comment_author": "takeda3234", "comment_date": ["04/28", "19:06"], "comment_content": "營業用的應該能壓到一個10元以下"}, {"comment_author": "saiboos", "comment_date": ["04/28", "19:08"], "comment_content": "偶都吃中華豆花"}, {"comment_author": "bumerang", "comment_date": ["04/28", "19:08"], "comment_content": "糖尿病藥廠開心的笑出豬叫"}, {"comment_author": "minoru04", "comment_date": ["04/28", "19:09"], "comment_content": "你要吃市價高的就整塊原起司拿起來啃"}, {"comment_author": "mimebaby", "comment_date": ["04/28", "19:09"], "comment_content": "怎麼會覺得老闆用市價進貨？"}, {"comment_author": "cccwahaha", "comment_date": ["04/28", "19:10"], "comment_content": "老闆只會想你是不是有個悲慘的童年"}, {"comment_author": "SaintSeven", "comment_date": ["04/28", "19:11"], "comment_content": "你484想體驗緊急洗腎？嘻嘻~~~"}, {"comment_author": "sushi11", "comment_date": ["04/28", "19:13"], "comment_content": "會"}, {"comment_author": "mnxzq", "comment_date": ["04/28", "19:14"], "comment_content": "進價9元 你會贏"}, {"comment_author": "wz70403", "comment_date": ["04/28", "19:15"], "comment_content": "笑到哭"}, {"comment_author": "gwofeng", "comment_date": ["04/28", "19:15"], "comment_content": "不用舔布丁蓋的吃法 好奢華"}, {"comment_author": "a82380", "comment_date": ["04/28", "19:16"], "comment_content": "遇到布丁王算他衰"}, {"comment_author": "andytaso", "comment_date": ["04/28", "19:16"], "comment_content": "梭真的,1口1個,差不多10個你就膩了"}, {"comment_author": "junior020486", "comment_date": ["04/28", "19:17"], "comment_content": "老闆笑到哭"}, {"comment_author": "tenlove", "comment_date": ["04/28", "19:19"], "comment_content": "你常常去 老闆多一台跑車"}, {"comment_author": "wake7078", "comment_date": ["04/28", "19:19"], "comment_content": "會哭 還會噴淚"}, {"comment_author": "tommychiu", "comment_date": ["04/28", "19:19"], "comment_content": "連吃50個布丁 這一定職業大胃王吧 布丁"}, {"comment_author": "tommychiu", "comment_date": ["04/28", "19:19"], "comment_content": "是高升糖食物 一口氣進食這麼多 你血糖"}, {"comment_author": "tommychiu", "comment_date": ["04/28", "19:19"], "comment_content": "一下子飆升 下視丘的飽食中樞開始運作"}, {"comment_author": "tommychiu", "comment_date": ["04/28", "19:19"], "comment_content": " 你當下不可能吃得下任何東西 就算你肚"}, {"comment_author": "tommychiu", "comment_date": ["04/28", "19:19"], "comment_content": "子還沒吃飽也一樣"}, {"comment_author": "kenndy", "comment_date": ["04/28", "19:20"], "comment_content": "笑死"}, {"comment_author": "bluesox", "comment_date": ["04/28", "19:22"], "comment_content": "笑到哭，你知道進貨價多少嗎"}, {"comment_author": "Yehei", "comment_date": ["04/28", "19:23"], "comment_content": "100克統一布丁有16g糖，50盒800g，糖水人"}, {"comment_author": "sm3bp078", "comment_date": ["04/28", "19:24"], "comment_content": "幹太強了"}, {"comment_author": "turndown4wat", "comment_date": ["04/28", "19:25"], "comment_content": "笑到哭"}, {"comment_author": "mamamia0419", "comment_date": ["04/28", "19:25"], "comment_content": "成人胃容量大概裝1.5公斤上下吧，你5"}, {"comment_author": "mamamia0419", "comment_date": ["04/28", "19:25"], "comment_content": "公斤直接去世界比賽了，還那邊統一布"}, {"comment_author": "mamamia0419", "comment_date": ["04/28", "19:25"], "comment_content": "丁"}, {"comment_author": "zack4718", "comment_date": ["04/28", "19:25"], "comment_content": "洗腎中心歡迎你"}, {"comment_author": "edison901", "comment_date": ["04/28", "19:26"], "comment_content": "“統一”布丁想砍進貨價？你哪位？家"}, {"comment_author": "kobolin", "comment_date": ["04/28", "19:26"], "comment_content": "會哭 但主要是因為店裡出命案"}, {"comment_author": "edison901", "comment_date": ["04/28", "19:26"], "comment_content": "樂褔全聯都砍不了 你進貨量有他們大？"}, {"comment_author": "edison901", "comment_date": ["04/28", "19:26"], "comment_content": " 統二統三雜牌布丁也來嘴"}, {"comment_author": "your0207", "comment_date": ["04/28", "19:31"], "comment_content": "真的有吃再發文"}, {"comment_author": "BlueSkyDream", "comment_date": ["04/28", "19:32"], "comment_content": "發這個文的你媽媽在哭了"}, {"comment_author": "dearjohn", "comment_date": ["04/28", "19:32"], "comment_content": "化工布丁吃起來！！！！！"}, {"comment_author": "shouben", "comment_date": ["04/28", "19:33"], "comment_content": "老闆笑到哭"}, {"comment_author": "PunkGrass", "comment_date": ["04/28", "19:34"], "comment_content": "會哭喔"}, {"comment_author": "Syd", "comment_date": ["04/28", "19:34"], "comment_content": "可以吃五公斤..幹嘛不吃牛"}, {"comment_author": "totocc", "comment_date": ["04/28", "19:37"], "comment_content": "老闆會覺得遇到怪人日行一善 笑了"}, {"comment_author": "Meclarity", "comment_date": ["04/28", "19:37"], "comment_content": "血糖急速增加你會翹起來吧"}, {"comment_author": "kissung", "comment_date": ["04/28", "19:38"], "comment_content": "醫生會笑～～～～～"}, {"comment_author": "nptrj", "comment_date": ["04/28", "19:40"], "comment_content": "12塊自己算"}, {"comment_author": "k44754", "comment_date": ["04/28", "19:40"], "comment_content": "想變命案現場?"}, {"comment_author": "mi99911", "comment_date": ["04/28", "19:42"], "comment_content": "你這麼喜歡統一喔 黨不喜歡喔"}, {"comment_author": "sonofgod", "comment_date": ["04/28", "19:45"], "comment_content": "統一很硬 根本砍不動 別幻想了"}, {"comment_author": "sonofgod", "comment_date": ["04/28", "19:45"], "comment_content": "你吃50個老闆也不會怎樣 一定有人不吃"}, {"comment_author": "AIRWAY1021", "comment_date": ["04/28", "19:45"], "comment_content": "哭，哭死，還不吃到100個哭更慘"}, {"comment_author": "sonofgod", "comment_date": ["04/28", "19:45"], "comment_content": "如果賣破盤價 下場是被斷貨"}, {"comment_author": "angelo98", "comment_date": ["04/28", "19:52"], "comment_content": "笑到他哭出來"}, {"comment_author": "kikujiro", "comment_date": ["04/28", "19:54"], "comment_content": "吃完屎都是布丁味"}, {"comment_author": "KBoy", "comment_date": ["04/28", "19:54"], "comment_content": "當作花600看一個人表演一次吃50個布丁"}, {"comment_author": "yybear", "comment_date": ["04/28", "19:54"], "comment_content": "都什麼年紀了，還在問吃到飽，都要帶兒子"}, {"comment_author": "yybear", "comment_date": ["04/28", "19:55"], "comment_content": "吃了。"}, {"comment_author": "molsmopuim", "comment_date": ["04/28", "19:56"], "comment_content": "哭啦 哪次不哭"}, {"comment_author": "daye2012", "comment_date": ["04/28", "19:57"], "comment_content": "喝啤酒比較好啊"}, {"comment_author": "seagawk", "comment_date": ["04/28", "20:02"], "comment_content": "老闆應該會誠摯的邀請你挑戰，假如不幸挑"}, {"comment_author": "seagawk", "comment_date": ["04/28", "20:02"], "comment_content": "戰成功還能上新聞賺一波業配"}, {"comment_author": "TPDC", "comment_date": ["04/28", "20:05"], "comment_content": "大概跟吃白飯一樣"}, {"comment_author": "dolphin24681", "comment_date": ["04/28", "20:09"], "comment_content": "5公斤…你加油"}, {"comment_author": "blueskyqoo", "comment_date": ["04/28", "20:10"], "comment_content": "50個 你吃看看"}, {"comment_author": "ketrobo", "comment_date": ["04/28", "20:17"], "comment_content": "吞得下去一樣會吐"}, {"comment_author": "jerrylin", "comment_date": ["04/28", "20:18"], "comment_content": "你別吃到吐就好"}, {"comment_author": "b2233a44", "comment_date": ["04/28", "20:18"], "comment_content": "你的身體才要哭=="}, {"comment_author": "ndplume", "comment_date": ["04/28", "20:27"], "comment_content": "之前才有人吃了六個布丁睡到差點分手，"}, {"comment_author": "ndplume", "comment_date": ["04/28", "20:27"], "comment_content": "五十個布丁是要轉世投胎嗎"}, {"comment_author": "hitmd", "comment_date": ["04/28", "20:41"], "comment_content": "你的胃能塞10個都有問題，哈還50個"}, {"comment_author": "yfroad", "comment_date": ["04/28", "20:52"], "comment_content": "都已經吃到飽還能塞下50個布丁？"}, {"comment_author": "HiggsBoson", "comment_date": ["04/28", "21:18"], "comment_content": "一個布丁100g 50個要五公斤欸 一般人2"}, {"comment_author": "HiggsBoson", "comment_date": ["04/28", "21:18"], "comment_content": "0個就不行了吧=="}, {"comment_author": "waterskyew", "comment_date": ["04/28", "21:21"], "comment_content": "零售跟批價不一樣哦 你可能要估70個"}, {"comment_author": "edwardtp", "comment_date": ["04/28", "21:21"], "comment_content": "笑到哭，而且你一定會拉肚子"}, {"comment_author": "waterskyew", "comment_date": ["04/28", "21:21"], "comment_content": "比較不虧"}, {"comment_author": "applewarm", "comment_date": ["04/28", "21:55"], "comment_content": "好飽"}, {"comment_author": "kaojet", "comment_date": ["04/28", "22:09"], "comment_content": "老闆高興到哭"}, {"comment_author": "daniel9527", "comment_date": ["04/28", "22:12"], "comment_content": "他批發不會進12元的價格啊.........."}, {"comment_author": "daniel9527", "comment_date": ["04/28", "22:12"], "comment_content": "..=="}, {"comment_author": "kenndy", "comment_date": ["04/28", "22:20"], "comment_content": "看過吃到飽專家，進去直接衝生魚片夾"}, {"comment_author": "qwert65732", "comment_date": ["04/28", "23:43"], "comment_content": "看一下統神的體態好嗎"}, {"comment_author": "lechywan", "comment_date": ["04/29", "00:04"], "comment_content": "90分鐘吃50個統一布丁 你應該去比賽的"}, {"comment_author": "cities516", "comment_date": ["04/29", "01:10"], "comment_content": "老闆確實會哭 對你健康感到擔憂"}, {"comment_author": "a123456cg", "comment_date": ["04/29", "02:12"], "comment_content": "你先直播吃完"}, {"comment_author": "lmc66", "comment_date": ["04/29", "09:56"], "comment_content": "吃500個就會哭了"}, {"comment_author": "sillyxsilly", "comment_date": ["04/30", "19:14"], "comment_content": "吃布丁、豆花這種不用咬的食物會不知"}, {"comment_author": "sillyxsilly", "comment_date": ["04/30", "19:14"], "comment_content": "道飽，最後會比吃一般食物吃到撐還痛"}, {"comment_author": "sillyxsilly", "comment_date": ["04/30", "19:14"], "comment_content": "苦好幾倍"}]}
