{"author": "a5687920 (苦大師)", "category": "Gossiping", "title": "[問卦] 李多慧:不排斥跟台男交往", "date": "Sat May  4 13:15:42 2024", "content": ["李多慧透露喜歡身材壯碩跟親切的男生；她說不排斥未來對象是台灣人，「人生難料，誰知道會怎樣，但有可能！我覺得台灣男生很親切，很好！」各位有機會了嗎?--"], "post_comment": [{"comment_author": "syntax123", "comment_date": ["05/04", "13:16"], "comment_content": "過氣"}, {"comment_author": "s820912gmail", "comment_date": ["05/04", "13:16"], "comment_content": "笑死人了"}, {"comment_author": "gn134679", "comment_date": ["05/04", "13:16"], "comment_content": "好假哦"}, {"comment_author": "johnhmj", "comment_date": ["05/04", "13:16"], "comment_content": "台男（帥哥）"}, {"comment_author": "gn134679", "comment_date": ["05/04", "13:16"], "comment_content": "女人真的很假掰"}, {"comment_author": "gn134679", "comment_date": ["05/04", "13:16"], "comment_content": "沒錢你會來台灣？"}, {"comment_author": "summerleaves", "comment_date": ["05/04", "13:16"], "comment_content": "你那邊還來得及"}, {"comment_author": "rererere147", "comment_date": ["05/04", "13:16"], "comment_content": "我也不排斥跟吉岡里帆交往"}, {"comment_author": "AustinRivers", "comment_date": ["05/04", "13:16"], "comment_content": "不然要他怎麼回……"}, {"comment_author": "jayppt", "comment_date": ["05/04", "13:16"], "comment_content": "很商業的回答"}, {"comment_author": "firetim", "comment_date": ["05/04", "13:17"], "comment_content": "長大了要會聽得懂客套話"}, {"comment_author": "siki588", "comment_date": ["05/04", "13:17"], "comment_content": "看成不排斥跟多台男"}, {"comment_author": "aspeter", "comment_date": ["05/04", "13:17"], "comment_content": "這個90%不符合他條件吧~"}, {"comment_author": "nikewang", "comment_date": ["05/04", "13:17"], "comment_content": "捉到台男財富密碼"}, {"comment_author": "laihom0808", "comment_date": ["05/04", "13:17"], "comment_content": "經紀人男友表示無所謂"}, {"comment_author": "Xenia1050", "comment_date": ["05/04", "13:17"], "comment_content": "她不是有男友了.."}, {"comment_author": "chubby31190", "comment_date": ["05/04", "13:17"], "comment_content": "客套話"}, {"comment_author": "bigsun0709", "comment_date": ["05/04", "13:18"], "comment_content": "男友不就已經是韓籍經紀人了 還想騙?"}, {"comment_author": "shivaeye", "comment_date": ["05/04", "13:18"], "comment_content": "今天訪問直接否定那位不是男友，覺得很"}, {"comment_author": "shivaeye", "comment_date": ["05/04", "13:19"], "comment_content": "荒唐，多慧說現在她在韓國的時間，沒時"}, {"comment_author": "spermbox", "comment_date": ["05/04", "13:19"], "comment_content": "人家只要89不要八卦噁心肥宅，去旁"}, {"comment_author": "spermbox", "comment_date": ["05/04", "13:19"], "comment_content": "邊達守腔吧"}, {"comment_author": "shivaeye", "comment_date": ["05/04", "13:19"], "comment_content": "間談戀愛。記者今天的問題都蠻...哈哈"}, {"comment_author": "highyes", "comment_date": ["05/04", "13:19"], "comment_content": "翻譯：不排斥就是不要"}, {"comment_author": "laihom0808", "comment_date": ["05/04", "13:20"], "comment_content": "她的經紀人跟孟潔的經紀人差好多，有"}, {"comment_author": "laihom0808", "comment_date": ["05/04", "13:20"], "comment_content": "眼光"}, {"comment_author": "KingChang711", "comment_date": ["05/04", "13:20"], "comment_content": "難怪味全龍球迷那麼暴力，都敢在球"}, {"comment_author": "clv", "comment_date": ["05/04", "13:20"], "comment_content": "他長的像大師兄一樣"}, {"comment_author": "KingChang711", "comment_date": ["05/04", "13:21"], "comment_content": "場鬥毆，改天會不會連槍砲彈藥都拿"}, {"comment_author": "KingChang711", "comment_date": ["05/04", "13:21"], "comment_content": "出來"}, {"comment_author": "blue999", "comment_date": ["05/04", "13:21"], "comment_content": "還台灣人咧 根本不會講中文 怎跟台男交往"}, {"comment_author": "stvn2567", "comment_date": ["05/04", "13:21"], "comment_content": "好的 反正機會不屬於我"}, {"comment_author": "wonder6253", "comment_date": ["05/04", "13:21"], "comment_content": "但在座的各位並不列進考慮"}, {"comment_author": "laihom0808", "comment_date": ["05/04", "13:21"], "comment_content": "樓上真雲，她有學中文好嗎"}, {"comment_author": "KingChang711", "comment_date": ["05/04", "13:22"], "comment_content": "支持李多慧和新竹李多慧關一起"}, {"comment_author": "shivaeye", "comment_date": ["05/04", "13:22"], "comment_content": "有人好雲，多慧今天在街舞比賽當貴賓"}, {"comment_author": "shivaeye", "comment_date": ["05/04", "13:22"], "comment_content": "講中文進步神速...嚇死"}, {"comment_author": "KingChang711", "comment_date": ["05/04", "13:22"], "comment_content": "對了 好久沒聽過孟潔這個名字了，她"}, {"comment_author": "im41j", "comment_date": ["05/04", "13:23"], "comment_content": "三上悠亞要跟我交往 我可以考慮看看"}, {"comment_author": "KingChang711", "comment_date": ["05/04", "13:23"], "comment_content": "沒在跳啦啦隊後都在幹嘛"}, {"comment_author": "Obama19", "comment_date": ["05/04", "13:24"], "comment_content": "垃圾"}, {"comment_author": "ashin0709", "comment_date": ["05/04", "13:25"], "comment_content": "下場會不會跟福原愛江宏傑ㄧ樣 嘻嘻"}, {"comment_author": "max52001", "comment_date": ["05/04", "13:28"], "comment_content": "笑鼠 就是講給肥宅聽的 撈完錢就回國惹"}, {"comment_author": "yggyygy", "comment_date": ["05/04", "13:29"], "comment_content": "伯起了"}, {"comment_author": "laihom0808", "comment_date": ["05/04", "13:29"], "comment_content": "紅衣男：敢跟我搶多慧的擂台見"}, {"comment_author": "tpck", "comment_date": ["05/04", "13:32"], "comment_content": "過氣了"}, {"comment_author": "tyrande", "comment_date": ["05/04", "13:33"], "comment_content": "客套話"}, {"comment_author": "Horse129", "comment_date": ["05/04", "13:35"], "comment_content": "笑死都有男朋友了"}, {"comment_author": "Horse129", "comment_date": ["05/04", "13:35"], "comment_content": "講給孝子聽的"}, {"comment_author": "QQ101", "comment_date": ["05/04", "13:41"], "comment_content": "樓下也不排斥跟泰勒斯交往啊"}, {"comment_author": "ted01234567", "comment_date": ["05/04", "13:45"], "comment_content": "肥宅快捐款"}, {"comment_author": "ilovebmw", "comment_date": ["05/04", "13:46"], "comment_content": "急了"}, {"comment_author": "ling621", "comment_date": ["05/04", "13:59"], "comment_content": ""}, {"comment_author": "ling621", "comment_date": ["05/04", "13:59"], "comment_content": "喜歡公歹裔"}, {"comment_author": "zeonic", "comment_date": ["05/04", "14:00"], "comment_content": "200公分一聽也急了"}, {"comment_author": "ddshu", "comment_date": ["05/04", "14:02"], "comment_content": "她只是要台男的錢"}, {"comment_author": "newstyle", "comment_date": ["05/04", "14:05"], "comment_content": "賺台男抖內的錢養韓國男人"}, {"comment_author": "newstyle", "comment_date": ["05/04", "14:06"], "comment_content": "同樣道理，台女啦啦隊也是一樣的產業鏈"}, {"comment_author": "Z791028", "comment_date": ["05/04", "14:09"], "comment_content": "台南太難"}, {"comment_author": "mopigou", "comment_date": ["05/04", "14:40"], "comment_content": "不排除有個不字"}, {"comment_author": "wanters", "comment_date": ["05/04", "17:17"], "comment_content": "已經開始急了吧...不過想想韓國自己網紅"}, {"comment_author": "wanters", "comment_date": ["05/04", "17:17"], "comment_content": "圈生命週期本來就很短 她在這邊已經算紅"}, {"comment_author": "wanters", "comment_date": ["05/04", "17:18"], "comment_content": "夠久了也不至於太虧"}, {"comment_author": "koxinga", "comment_date": ["05/05", "04:09"], "comment_content": "肥宅之福"}]}
