{"author": "wdz1223 (新手)", "category": "Gossiping", "title": "[問卦] 機場航廈為何要用外勞蓋？", "date": "Thu May  2 12:08:40 2024", "content": ["臺勞明明就很多 還能跑去美國蓋台積電為什麼臺灣機場航廈要用外勞蓋還跑掉一堆外勞機場航廈是請不起臺灣工人嗎？到底是什麼原因讓臺灣的工程不用臺灣工人？-----Sent from JPTT on my Xiaomi 2107113SG.--"], "post_comment": [{"comment_author": "rx1342", "comment_date": ["05/02", "12:09"], "comment_content": "錢"}, {"comment_author": "alec0804", "comment_date": ["05/02", "12:10"], "comment_content": "用最低標吧 最低標的錢當然只能請阿勞"}, {"comment_author": "alec0804", "comment_date": ["05/02", "12:10"], "comment_content": "我猜"}, {"comment_author": "bairn", "comment_date": ["05/02", "12:10"], "comment_content": "請台奴，党很難撈錢"}, {"comment_author": "Ilat", "comment_date": ["05/02", "12:13"], "comment_content": "啊黨就把台勞基本薪調高啊 請不起啊"}, {"comment_author": "tama5258", "comment_date": ["05/02", "12:40"], "comment_content": "阿拉伯，卡達也都用外勞蓋啊"}, {"comment_author": "kabukiryu", "comment_date": ["05/02", "18:26"], "comment_content": "工地人愛膨風吹薪水高R，結果工地寧可"}, {"comment_author": "kabukiryu", "comment_date": ["05/02", "18:27"], "comment_content": "用外勞，便宜耐操"}]}
