{"author": "kinve1014 (黑松可樂)", "category": "Gossiping", "title": "[問卦] 明天湖人金塊  484 五五波？", "date": "Mon Apr 29 22:14:43 2024", "content": ["湖人有個1:3落後逆轉奪冠的男人金塊的murray 似乎不太可能上看起來雙方應該五五波吧？39歲的山羌還能燃燒幾場？--"], "post_comment": [{"comment_author": "sd09090", "comment_date": ["04/29", "22:30"], "comment_content": ""}, {"comment_author": "adon0313", "comment_date": ["04/30", "00:12"], "comment_content": "讓三追四 記得72亞嗎？"}, {"comment_author": "allenz78", "comment_date": ["04/30", "09:31"], "comment_content": "會贏喔"}]}
