{"author": "chin700908 (fallen)", "category": "Gossiping", "title": "[問卦] 成群的馬陸是要去哪？", "date": "Sun Apr 28 15:50:45 2024", "content": ["乳題啦剛看新聞有發現到成群的馬陸出沒都在遷徙本肥覺得納悶如果動物感官真的比人類強他們遷移的最終地應該就是安全的怎麼不跟蹤它們最後走去哪有沒有卦？--"], "post_comment": [{"comment_author": "wintxa", "comment_date": ["04/28", "15:51"], "comment_content": "畢業旅行"}, {"comment_author": "Winterboy", "comment_date": ["04/28", "15:51"], "comment_content": "全都爬到樹上了，你也想跟嗎？"}, {"comment_author": "hkcdc", "comment_date": ["04/28", "15:51"], "comment_content": "跟上 尋找安全之地"}, {"comment_author": "bill403777", "comment_date": ["04/28", "15:51"], "comment_content": "出來郊遊都在大驚小怪 人類好可憐"}, {"comment_author": "s820912gmail", "comment_date": ["04/28", "15:51"], "comment_content": "壓馬路捕"}, {"comment_author": "karkkunt", "comment_date": ["04/28", "15:53"], "comment_content": "下一篇 成群的89"}, {"comment_author": "a10043305", "comment_date": ["04/28", "15:53"], "comment_content": "躺在他們身上  他們會帶你去秘密基地"}, {"comment_author": "vckgal", "comment_date": ["04/28", "15:55"], "comment_content": "成群是誰？"}, {"comment_author": "CODDDD", "comment_date": ["04/28", "15:56"], "comment_content": "大本營啊，一群（陸軍）馬鹿"}, {"comment_author": "milk7054", "comment_date": ["04/28", "15:57"], "comment_content": "大日本帝國"}, {"comment_author": "Julian9x9x9", "comment_date": ["04/28", "15:57"], "comment_content": "跟馬鹿一樣"}, {"comment_author": "t4lin", "comment_date": ["04/28", "15:57"], "comment_content": "推輪椅曬太陽"}, {"comment_author": "rwr", "comment_date": ["04/28", "15:57"], "comment_content": "他們本能感知山崩海嘯要來了 要往高處逃"}, {"comment_author": "mikiworldpea", "comment_date": ["04/28", "15:58"], "comment_content": "德不配位連馬陸都出走"}, {"comment_author": "Oville", "comment_date": ["04/28", "16:03"], "comment_content": "日本帝國的陸軍 海軍在行軍"}, {"comment_author": "HellFly", "comment_date": ["04/28", "16:05"], "comment_content": "躲雨啊"}, {"comment_author": "jeffkent", "comment_date": ["04/28", "16:11"], "comment_content": "蟲子爬來爬去本來就這樣，也可以討論..."}, {"comment_author": "jumpdog5566", "comment_date": ["04/28", "16:12"], "comment_content": "逃難"}, {"comment_author": "clovergirl", "comment_date": ["04/28", "16:15"], "comment_content": "小生物的直覺"}, {"comment_author": "demon159000", "comment_date": ["04/28", "16:17"], "comment_content": "載跳蚤去表演馬戲團"}, {"comment_author": "echoo", "comment_date": ["04/28", "16:20"], "comment_content": "去壓馬路"}, {"comment_author": "icou", "comment_date": ["04/28", "16:22"], "comment_content": "完了……."}, {"comment_author": "nk412", "comment_date": ["04/28", "16:24"], "comment_content": "去湖口啊"}, {"comment_author": "deerdriver", "comment_date": ["04/28", "16:51"], "comment_content": "他住的地方你能住嗎"}, {"comment_author": "y124421473", "comment_date": ["04/28", "16:53"], "comment_content": "起碼上次有準...這次又大群出現感覺"}, {"comment_author": "y124421473", "comment_date": ["04/28", "16:53"], "comment_content": "不妙"}, {"comment_author": "xabcxabc0123", "comment_date": ["04/28", "17:02"], "comment_content": "每次地震都去找馬路交功課 87記者"}, {"comment_author": "Kimmy", "comment_date": ["04/28", "17:06"], "comment_content": "馬陸為何會怕地震，沒道理呀"}, {"comment_author": "CIDgreen", "comment_date": ["04/28", "17:15"], "comment_content": "圖呢"}, {"comment_author": "Qooji", "comment_date": ["04/28", "17:27"], "comment_content": "可能要去逛夜市"}, {"comment_author": "catayu", "comment_date": ["04/28", "17:48"], "comment_content": "繞境"}, {"comment_author": "be00148", "comment_date": ["04/28", "19:50"], "comment_content": "怕"}, {"comment_author": "court", "comment_date": ["04/28", "22:02"], "comment_content": "投胎"}, {"comment_author": "beatnik9100", "comment_date": ["04/28", "22:06"], "comment_content": "繁殖季節"}]}
