{"author": "pp5434 ()", "category": "Gossiping", "title": "[問卦] 為何要煮開水", "date": "Sat May  4 22:26:18 2024", "content": ["其實不太懂這個不合邏輯的事情如果你在意的是雜質那你應該做的是過濾不是煮開煮開以後，雜質一樣在阿如果你在意的是無菌你煮完以後是不是要放涼阿放涼細菌不就回去了你如果在意的是無菌，應該是用UV燈管殺菌後直接飲用才對啊所以為何不用那種RO後面接UV燈的要煮開呢?不覺得煮開狗屁不通嗎?--"], "post_comment": [{"comment_author": "oldbear", "comment_date": ["05/04", "22:26"], "comment_content": "荒野求生"}, {"comment_author": "erisiss0", "comment_date": ["05/04", "22:27"], "comment_content": "殺菌，殺死變形蟲類的"}, {"comment_author": "Skydier", "comment_date": ["05/04", "22:27"], "comment_content": "我都煮關水"}, {"comment_author": "erisiss0", "comment_date": ["05/04", "22:27"], "comment_content": "大腸桿菌那些東西是要時間的，你燒開之"}, {"comment_author": "erisiss0", "comment_date": ["05/04", "22:27"], "comment_content": "後有效減少"}, {"comment_author": "clone29", "comment_date": ["05/04", "22:27"], "comment_content": "微生物不耐高溫"}, {"comment_author": "theeht", "comment_date": ["05/04", "22:28"], "comment_content": "煮開水才能泡麵"}, {"comment_author": "erisiss0", "comment_date": ["05/04", "22:28"], "comment_content": "uv沒法穩定殺變形蟲"}, {"comment_author": "greg7575", "comment_date": ["05/04", "22:28"], "comment_content": "何不食肉糜"}, {"comment_author": "MrSherlock", "comment_date": ["05/04", "22:28"], "comment_content": "話說RO過不掉細菌嗎？= ="}, {"comment_author": "erisiss0", "comment_date": ["05/04", "22:29"], "comment_content": "最後燒開的效率也比uv高"}, {"comment_author": "secretapple", "comment_date": ["05/04", "22:29"], "comment_content": "你是不是為了喝大吉嶺或阿薩姆？"}, {"comment_author": "forhorde5566", "comment_date": ["05/04", "22:29"], "comment_content": "你可以先建議飲水機不要把水煮開"}, {"comment_author": "forhorde5566", "comment_date": ["05/04", "22:29"], "comment_content": "再冷卻耗費能源嗎？"}, {"comment_author": "Oswyn", "comment_date": ["05/04", "22:29"], "comment_content": "台灣供水管太爛 你可以不煮 賭喝原汁"}, {"comment_author": "Oswyn", "comment_date": ["05/04", "22:30"], "comment_content": "颱風天後自來水都有可能直出泥沙給你"}, {"comment_author": "rLks02", "comment_date": ["05/04", "22:31"], "comment_content": "煮菜 泡茶 泡咖啡 都要滾水"}, {"comment_author": "kt9701", "comment_date": ["05/04", "22:31"], "comment_content": "哪有放涼細菌就回去的說法?"}, {"comment_author": "rLks02", "comment_date": ["05/04", "22:31"], "comment_content": "「煮菜」例如「川燙」"}, {"comment_author": "Yude0109", "comment_date": ["05/04", "22:33"], "comment_content": "放涼細菌回去是哪招？"}, {"comment_author": "BBQ2591", "comment_date": ["05/04", "22:33"], "comment_content": "蚊子的卵和幼蟲用UV燈殺不死"}, {"comment_author": "johnny", "comment_date": ["05/04", "22:34"], "comment_content": "我還看過有人喝馬桶水"}, {"comment_author": "EXUAN", "comment_date": ["05/04", "22:37"], "comment_content": "水為什麼要滾了才能放菜"}, {"comment_author": "duxxlux", "comment_date": ["05/04", "22:38"], "comment_content": "細菌數量隨時間呈指數倍增，但剛煮沸的"}, {"comment_author": "duxxlux", "comment_date": ["05/04", "22:38"], "comment_content": "水屬於黑暗森林，被適水細菌找到需要一"}, {"comment_author": "duxxlux", "comment_date": ["05/04", "22:38"], "comment_content": "段時間"}, {"comment_author": "willism", "comment_date": ["05/04", "23:07"], "comment_content": "你國中理化不及格是不是"}, {"comment_author": "zainc", "comment_date": ["05/04", "23:12"], "comment_content": "消毒阿~有些毒素怕熱煮沸至少能分解毒素~"}]}
