{"author": "albert2942 (無言)", "category": "Gossiping", "title": "[問卦] 台灣是不是影子政府測試的地方？", "date": "Thu May  2 10:21:56 2024", "content": ["就是說，台灣人口比例很接近全世界人種分佈的狀態，所以選舉狀況可以當一些參考用途。假設政府要硬幹，也可以從這個小地方觀察人民的反應，藉此來看看大國要不要推行，以及推行的阻力為何。在以前馬扁時代，網軍還沒有被拉上檯面馬後期才逐漸有一堆政治垃圾網紅的大量出現令人匪夷所思，且其金流令人費解實在難以理解，為何突然如雨後春筍般冒出來若論自發性，也不像電競、時尚來的人數多明顯帶輿論用途況且電視台也是一堆政論，鋪天蓋地企圖創造一種聲音加上目前政府幾乎都是美國扶持的一堆美國人阿扁不聽話就被美國放出瑞士銀行帳戶，不然以台灣交涉，瑞士才不理我們勒有沒有可能下一場影子政府的局，拿台灣先當輿論戰的測試場地然後遂行人民控制計畫有沒有卦？先有類似1984的納粹老大哥以單向度的人洗腦人們朝向物質生活再來美麗新世界的美好禁錮不反思就是邁向死亡惹----Sent from", "on my iPhone 13--"], "post_comment": [{"comment_author": "ltytw", "comment_date": ["05/02", "10:22"], "comment_content": "垂"}, {"comment_author": "cutesoda", "comment_date": ["05/02", "10:22"], "comment_content": "乖 回去睡覺"}, {"comment_author": "terryone11", "comment_date": ["05/02", "10:23"], "comment_content": "哪部？"}, {"comment_author": "m13211", "comment_date": ["05/02", "10:24"], "comment_content": "阿扁不聽話？貪污就貪污屁話一堆"}, {"comment_author": "albert2942", "comment_date": ["05/02", "11:30"], "comment_content": "1.5博封存30年都沒事啊"}]}
