{"author": "er2 (LED topic)", "category": "Gossiping", "title": "[問卦] 另一半什麼最緊對自己最好", "date": "Fri May  3 13:53:57 2024", "content": ["大大36D另一半什麼最緊對自己最好對自己最有利對台男台女都好無卦牟求卦卦啦哈-- Send from my iPhone", "--"], "post_comment": [{"comment_author": "Winston13840", "comment_date": ["05/03", "13:54"], "comment_content": "B"}, {"comment_author": "syntax123", "comment_date": ["05/03", "13:54"], "comment_content": ""}, {"comment_author": "ghgn", "comment_date": ["05/03", "13:54"], "comment_content": "五樓覺得是屁眼"}, {"comment_author": "c24253994", "comment_date": ["05/03", "13:54"], "comment_content": "皮帶"}, {"comment_author": "Himiko9975", "comment_date": ["05/03", "13:56"], "comment_content": "保險套"}]}
