{"author": "HDSM (Love Not Change  O'_'O)", "category": "Gossiping", "title": "[問卦] 什麼都對了 機會太難得 ", "date": "Sat May  4 23:49:38 2024", "content": ["安安大給賀阿!!!是降的啦本肥想問問說阿如果大家感覺到一種氣氛什麼都對了 機會太難得時也會像本肥一樣想說 只要有本事就別踩煞車嗎？畢竟越是長大才越發明白到說機會難得!!! 能把握機會的人更少!!!有時候機會出現了 但是眼睜睜看著那些機會流走的人更多耶!!!大家覺得本肥說的有道理嗎o'_'o--"], "post_comment": [{"comment_author": "khoybgio", "comment_date": ["05/04", "23:49"], "comment_content": "有"}, {"comment_author": "secret1414", "comment_date": ["05/04", "23:50"], "comment_content": "阿妹 A級娛樂"}, {"comment_author": "kairi5217", "comment_date": ["05/04", "23:56"], "comment_content": "是啊 當你仔細驗算 不論怎麼算 贏家都"}, {"comment_author": "kairi5217", "comment_date": ["05/04", "23:56"], "comment_content": "會是你的時候 儘管還有其他不確定因素"}, {"comment_author": "kairi5217", "comment_date": ["05/04", "23:56"], "comment_content": " 就是衝"}, {"comment_author": "jerrys0580", "comment_date": ["05/04", "23:57"], "comment_content": "不要再撐了 肛是最迷人的A級娛樂"}]}
