{"author": "peacemetta (一期一會)", "category": "Gossiping", "title": "[問卦] 劉禪如果宣布蜀漢成為永久中立國會怎樣", "date": "Wed May  1 20:02:46 2024", "content": ["如果劉備駕崩一個月後劉禪直接在成都召開三國聯訪記者會包括曹魏、東吳都可以排出記錄員（史官）和使者來參與在記者會上劉禪直接宣布「我蜀漢即刻起成為永久中立國」「不再介入東吳跟曹魏之間的糾紛」會有可能開創新的三國局面嗎？變成吳魏爭雄？--"], "post_comment": [{"comment_author": "bill403777", "comment_date": ["05/01", "20:03"], "comment_content": "不跟魏國打 直接人設崩壞"}, {"comment_author": "justice2008", "comment_date": ["05/01", "20:03"], "comment_content": "那要獲得其他國家承認才行"}, {"comment_author": "vwpassat", "comment_date": ["05/01", "20:04"], "comment_content": "十年後就能研發出Skunet、Terminator"}, {"comment_author": "q347", "comment_date": ["05/01", "20:04"], "comment_content": "孔明在那邊北伐阿 恐怖分子"}, {"comment_author": "Puye", "comment_date": ["05/01", "20:05"], "comment_content": "沒人理他"}, {"comment_author": "Puye", "comment_date": ["05/01", "20:07"], "comment_content": "如果是公孫淵還有機會"}, {"comment_author": "CIEenergy", "comment_date": ["05/01", "20:09"], "comment_content": "北伐派政變"}, {"comment_author": "purplebfly", "comment_date": ["05/01", "20:10"], "comment_content": "諸葛亮不會違背劉禪的旨意啦,但是他會"}, {"comment_author": "purplebfly", "comment_date": ["05/01", "20:10"], "comment_content": "拿出大漢地圖,曹魏剛好在我大漢中立國"}, {"comment_author": "purplebfly", "comment_date": ["05/01", "20:11"], "comment_content": "的國界內,不得不伐"}, {"comment_author": "skylin", "comment_date": ["05/01", "20:15"], "comment_content": "輪得到阿斗作主嗎？"}, {"comment_author": "tsmh240", "comment_date": ["05/01", "20:23"], "comment_content": "然後被吳魏打成豬頭"}, {"comment_author": "eemail", "comment_date": ["05/01", "20:23"], "comment_content": "你有一個漢字 然後講自己中立國...我看改"}, {"comment_author": "eemail", "comment_date": ["05/01", "20:23"], "comment_content": "南蠻還有可能XD"}, {"comment_author": "eemail", "comment_date": ["05/01", "20:26"], "comment_content": "不能用南蠻 改蜀蠻吧 蜀蠻國"}, {"comment_author": "angel902037", "comment_date": ["05/01", "20:44"], "comment_content": "魏國才想當中立國吧"}, {"comment_author": "angel902037", "comment_date": ["05/01", "20:44"], "comment_content": "是蜀吳一直來亂小"}, {"comment_author": "joky2001", "comment_date": ["05/01", "21:21"], "comment_content": "爭奪正統你宣布中立不就等於放棄正"}, {"comment_author": "joky2001", "comment_date": ["05/01", "21:21"], "comment_content": "統"}, {"comment_author": "Athchen", "comment_date": ["05/01", "22:29"], "comment_content": "孔明會黑化把他幹掉"}]}
