{"author": "ptt987654321 (大谷躺平)", "category": "Gossiping", "title": "[問卦] 老闆說要看到該員的起訴書才要究辦他朋友", "date": "Thu May  2 20:40:24 2024", "content": ["我今天跟老闆說你朋友很有問題已經上到法院了老闆你要不要處裡老闆說他要看到起訴書才會辦然後說他會跟他朋友要起訴書笑死如果是我那我一定不會把起訴書拿給老闆啊這是不是就代表老闆要護航他朋友了有沒有8掛--"], "post_comment": [{"comment_author": "y30048", "comment_date": ["05/02", "20:41"], "comment_content": "法律人勿嘴"}, {"comment_author": "kasim15", "comment_date": ["05/02", "20:43"], "comment_content": "覺青最愛的民主法治"}, {"comment_author": "JamesForrest", "comment_date": ["05/02", "20:44"], "comment_content": "老闆智商不足用生命護航啊"}, {"comment_author": "jerry810113", "comment_date": ["05/02", "20:49"], "comment_content": "老闆會開始丟椅子嗎"}, {"comment_author": "thomaspig", "comment_date": ["05/02", "21:15"], "comment_content": "確實"}]}
