{"author": "naticom (踢踢～)", "category": "Gossiping", "title": "[問卦] 夜后是史上情勒第一人吧", "date": "Fri May  3 23:10:38 2024", "content": ["第一次碰到陌生男人就對他情勒，要他解救自己女兒還用命令的\"Du Du Du (You You You)\"基本上我覺得夜后第一段出場aria的跟第二段精采度不分軒輊但是假古典愛好者每次一聽歌劇就要聽第二段，煩死了Tamino: 你誰啊???  但為了美女公主還是去了(精蟲衝腦)", "第二段超級情勒，叫自己女兒去殺朋友，不然就不認她做女兒了Pamina: Mom, don't be dramaticQueen:基本上魔笛每一首都很好聽的，裡面還有一段是加拿大國歌的原曲假古典愛好者不要每次都跳去聽夜后，然後就說聽過魔笛如果你真的不知道夜后那段在唱什麼，可以看這個", "--"], "post_comment": [{"comment_author": "DiMammaMia", "comment_date": ["05/03", "23:13"], "comment_content": "我心燃燒復仇的火焰"}, {"comment_author": "banbanzon", "comment_date": ["05/03", "23:14"], "comment_content": "洋人的歌仔戲"}, {"comment_author": "actuy", "comment_date": ["05/03", "23:15"], "comment_content": "高級聽團仔"}, {"comment_author": "eagleofsouth", "comment_date": ["05/03", "23:16"], "comment_content": "某世界週報的片頭曲嗎?"}, {"comment_author": "adios881", "comment_date": ["05/03", "23:20"], "comment_content": "o o o o o o o o ooooooooo"}, {"comment_author": "Takhisis", "comment_date": ["05/03", "23:20"], "comment_content": "魚唇的家庭糾紛 地獄來的丈母娘"}, {"comment_author": "Howard61313", "comment_date": ["05/03", "23:26"], "comment_content": ""}, {"comment_author": "Howard61313", "comment_date": ["05/03", "23:26"], "comment_content": "我們真是所見有所略同"}, {"comment_author": "dabalax", "comment_date": ["05/03", "23:30"], "comment_content": "目前魔笛的夜后,唱壞許多女高音的喉嚨!"}, {"comment_author": "sqnl", "comment_date": ["05/04", "00:46"], "comment_content": "命令式看動詞，不是看主詞"}]}
