{"author": "black1x2y3z (安)", "category": "Gossiping", "title": "[問卦] 你第一次把擦子用完是什麼時候？", "date": "Tue Apr 30 18:49:32 2024", "content": ["安安我阿肥啦小時候剛開始學寫字用鉛筆練習 寫錯了 用擦子 就可以做修改不像原子筆 寫錯了 要用立可帶或是立可白一個貴 一個臭不過擦子 也是有缺點就是擦子很容易就會不見可能是被借走沒還 可能是掉到地上不見了印象深刻的是媽媽 去書局都是直接買一盒擦子==好其問問真的有人可以把擦子從全新 擦到完全不見嗎？有的話你第一次把擦子用完是什麼時候？卦？--"], "post_comment": [{"comment_author": "Goog1e", "comment_date": ["04/30", "18:50"], "comment_content": "以下開放戰eraser的稱呼"}, {"comment_author": "fp737", "comment_date": ["04/30", "18:51"], "comment_content": "擦布  呼阿"}, {"comment_author": "sxy67230", "comment_date": ["04/30", "18:51"], "comment_content": "叉子"}, {"comment_author": "hiphopmei", "comment_date": ["04/30", "18:52"], "comment_content": "橡皮擦喇幹=="}, {"comment_author": "ivla8432", "comment_date": ["04/30", "18:52"], "comment_content": "不是碳粉清潔器嗎"}, {"comment_author": "dayend", "comment_date": ["04/30", "18:53"], "comment_content": "從未"}, {"comment_author": "whitenoise", "comment_date": ["04/30", "18:53"], "comment_content": "從來沒用完過擦子"}, {"comment_author": "snowdream", "comment_date": ["04/30", "18:54"], "comment_content": "沒有這個可能"}, {"comment_author": "haoren", "comment_date": ["04/30", "18:54"], "comment_content": "擦布喇幹=="}, {"comment_author": "lyircpoety", "comment_date": ["04/30", "18:55"], "comment_content": "橡皮擦不是都切成小小塊的 拿來丟同"}, {"comment_author": "lyircpoety", "comment_date": ["04/30", "18:56"], "comment_content": "學嗎 很快就切完了"}, {"comment_author": "powrtoch", "comment_date": ["04/30", "18:57"], "comment_content": "我都講擦布或橡皮。"}, {"comment_author": "sdamel", "comment_date": ["04/30", "18:57"], "comment_content": "最多用到跟鉛筆頭一樣小，再小就拿不動了"}, {"comment_author": "sdamel", "comment_date": ["04/30", "18:57"], "comment_content": "不過為什麼不講擦皮"}, {"comment_author": "Theddy", "comment_date": ["04/30", "18:59"], "comment_content": "掉到地上被旁邊月巴它撿起來的時候"}, {"comment_author": "e1q3z9c7", "comment_date": ["04/30", "19:22"], "comment_content": ":"}, {"comment_author": "awoik", "comment_date": ["04/30", "19:32"], "comment_content": "擦布"}, {"comment_author": "serpei", "comment_date": ["04/30", "19:32"], "comment_content": "七辣"}, {"comment_author": "lchcoding", "comment_date": ["04/30", "20:06"], "comment_content": "橡皮擦啦！"}]}
