{"author": "mikasamikoto ()", "category": "Gossiping", "title": "[問卦]美國升息，台灣怎麼好像沒什麼事", "date": "Tue Apr 30 01:05:07 2024", "content": ["看美國升息之後，東亞跟東南亞各國貨幣都貶到二十幾年來的新低，日本越南聽說都滿慘的，韓國央行也如臨大敵怎麼台灣感覺沒什麼事的樣子，是母哥布林領導有方嗎？有沒有八卦？--"], "post_comment": [{"comment_author": "niukb", "comment_date": ["04/30", "01:06"], "comment_content": "他是我爸爸"}, {"comment_author": "cvnn", "comment_date": ["04/30", "01:07"], "comment_content": "台幣也貶到32.6了 大家都差不多啦"}, {"comment_author": "firemothra", "comment_date": ["04/30", "01:08"], "comment_content": "台灣真的世界強。日幣都貶成這樣了"}, {"comment_author": "firemothra", "comment_date": ["04/30", "01:08"], "comment_content": "台灣如果不跟著貶值。其他產業打不過"}, {"comment_author": "firemothra", "comment_date": ["04/30", "01:08"], "comment_content": "日本便宜貨喔"}, {"comment_author": "xc2v", "comment_date": ["04/30", "01:09"], "comment_content": "我們有台積電"}, {"comment_author": "gogomercury", "comment_date": ["04/30", "01:14"], "comment_content": "好在港幣掛勾"}, {"comment_author": "a171783", "comment_date": ["04/30", "01:17"], "comment_content": "美國爸爸"}, {"comment_author": "ladygaga168", "comment_date": ["04/30", "01:25"], "comment_content": "外銷訂單"}, {"comment_author": "j8630222", "comment_date": ["04/30", "02:04"], "comment_content": "跟貶也沒好去哪 就被美國收割"}, {"comment_author": "dream1124", "comment_date": ["04/30", "02:09"], "comment_content": "疫情全球大買資通產品，隨後又炒AI"}, {"comment_author": "dream1124", "comment_date": ["04/30", "02:10"], "comment_content": "兩波讓台灣現在是國力最強時期無誤"}, {"comment_author": "dream1124", "comment_date": ["04/30", "02:11"], "comment_content": "不過DPP內政就是投機又擺爛很久"}, {"comment_author": "dream1124", "comment_date": ["04/30", "02:11"], "comment_content": "其他大問題也只是拖下去，同時還炒房"}, {"comment_author": "dream1124", "comment_date": ["04/30", "02:12"], "comment_content": "再加上所得分配不均，因此這波鼎盛的"}, {"comment_author": "dream1124", "comment_date": ["04/30", "02:13"], "comment_content": "時期可能會比預期還短。本來預估大概"}, {"comment_author": "dream1124", "comment_date": ["04/30", "02:13"], "comment_content": "10~15年後房子開始漲不動，競爭力衰退"}, {"comment_author": "dream1124", "comment_date": ["04/30", "02:14"], "comment_content": "現在可能來得更快，甚至要是美國高利率"}, {"comment_author": "dream1124", "comment_date": ["04/30", "02:15"], "comment_content": "持續到明後年，那新氫胺還沒結束就可能"}, {"comment_author": "dream1124", "comment_date": ["04/30", "02:15"], "comment_content": "開始修正了。"}, {"comment_author": "noreg0393933", "comment_date": ["04/30", "02:17"], "comment_content": "股市兩萬點了還沒事？"}, {"comment_author": "kourin", "comment_date": ["04/30", "02:26"], "comment_content": "因為要炒房，政府要護盤。"}, {"comment_author": "orion", "comment_date": ["04/30", "03:05"], "comment_content": "因為台灣已經是長期低利率低匯率了"}, {"comment_author": "orion", "comment_date": ["04/30", "03:05"], "comment_content": "沒什麼可以再跌的了"}, {"comment_author": "orion", "comment_date": ["04/30", "03:06"], "comment_content": "沒看台灣進口貨都特別貴"}, {"comment_author": "ayasesayuki", "comment_date": ["04/30", "06:23"], "comment_content": "斑馬意思意思一下"}, {"comment_author": "amethystboy", "comment_date": ["04/30", "07:09"], "comment_content": "別傻了 毒癮只會越吸越重"}]}
