{"author": "w510048 (黨的恩情比山高)", "category": "Gossiping", "title": "[問卦] 33歲去加入宮廟搞陣頭是不是完蛋了?", "date": "Tue Apr 30 21:31:07 2024", "content": ["表哥年輕時不學好大學讀到肄業現在每天玩手遊，後來三舅看不下去安排他到某間宮廟裡幫忙順便修身養性。看他每天委靡不振的樣子感覺人生完蛋了。我想請問大家，33歲去加入宮廟搞陣頭是不是完蛋了?大學肄業生去宮廟裡幫忙真的能夠修身養性嗎?33歲加入宮廟陣頭會不會很無聊啊?有沒有八卦呢?--"], "post_comment": [{"comment_author": "jimmy0316", "comment_date": ["04/30", "21:32"], "comment_content": "體力不夠，軍隊都不要了，轉詐騙吧"}, {"comment_author": "razan", "comment_date": ["04/30", "21:32"], "comment_content": "這年紀有妹子喜歡嗎??"}, {"comment_author": "Benetnasch", "comment_date": ["04/30", "21:36"], "comment_content": "找不到女友，可以找男友啊- -沒女生"}, {"comment_author": "Benetnasch", "comment_date": ["04/30", "21:36"], "comment_content": "喜歡會怎樣嗎？"}, {"comment_author": "maple0603", "comment_date": ["04/30", "21:36"], "comment_content": "是的 不過那是他的人生 歡習作 甘願受"}, {"comment_author": "okpeko", "comment_date": ["04/30", "23:51"], "comment_content": "去宮廟那種地方能修身養性？不要騙自己耶"}, {"comment_author": "sufferlove", "comment_date": ["05/02", "02:40"], "comment_content": "不會完蛋啊，這就一種體驗人生嘛"}]}
