{"author": "kl2991 (kk)", "category": "Gossiping", "title": "[問卦] 阻撓新臺幣升值的卦？", "date": "Wed May  1 10:50:25 2024", "content": ["有鄉民剛剛分享《致富的特權》這本書。書裡提到某島國中央銀行二十年來如何阻撓該國升值，然後讓央行每年可以賺幾千億臺幣。有哪國政府會這樣對待自己的國民？有卦嗎？--"], "post_comment": [{"comment_author": "tw30912", "comment_date": ["05/01", "10:51"], "comment_content": "同時間還有降息的"}, {"comment_author": "cutesoda", "comment_date": ["05/01", "10:51"], "comment_content": "央行最近一直拋外匯存底阻貶欸 都幾"}, {"comment_author": "jojolau", "comment_date": ["05/01", "10:55"], "comment_content": "應該要立法把賺到的錢普發給人民？"}, {"comment_author": "duxxlux", "comment_date": ["05/01", "11:59"], "comment_content": "大起大落，依照島國人民的賭性，一堆傾"}, {"comment_author": "duxxlux", "comment_date": ["05/01", "11:59"], "comment_content": "家蕩產的會影響社會安定"}, {"comment_author": "mcucte", "comment_date": ["05/01", "12:04"], "comment_content": "他要賺外匯利息繳庫啊！操控匯率比營利事"}, {"comment_author": "mcucte", "comment_date": ["05/01", "12:04"], "comment_content": "業還賺"}]}
