{"author": "songgood (ilovegoodgame)", "category": "Gossiping", "title": "[問卦] 麻將麵的麻將最後有喝掉嗎", "date": "Thu May  2 16:51:42 2024", "content": ["剛去吃麻將麵吃完後還剩下一堆麻將在碗裡面然後然後我就把他喝掉了我也想不透我去喝那個幹麼你們也是喝掉嗎有沒有卦--", "春秋蟬啟動--"], "post_comment": [{"comment_author": "s820912gmail", "comment_date": ["05/02", "16:52"], "comment_content": "打出去"}, {"comment_author": "rx1342", "comment_date": ["05/02", "16:52"], "comment_content": "醬"}, {"comment_author": "a7788783", "comment_date": ["05/02", "16:52"], "comment_content": "糊掉了"}, {"comment_author": "HodorDragon", "comment_date": ["05/02", "16:52"], "comment_content": "三缺一"}, {"comment_author": "adios881", "comment_date": ["05/02", "16:53"], "comment_content": "你是有在聽嗎"}, {"comment_author": "Insania", "comment_date": ["05/02", "16:53"], "comment_content": "不是吃就是碰啊嘻嘻"}, {"comment_author": "waloloo", "comment_date": ["05/02", "17:08"], "comment_content": "立直"}, {"comment_author": "Dhack5321", "comment_date": ["05/02", "17:11"], "comment_content": "前面不是吃就是碰都糊了 建議不要"}, {"comment_author": "gsm60kimo", "comment_date": ["05/02", "17:12"], "comment_content": "             明明就是相公"}, {"comment_author": "MrDouble", "comment_date": ["05/02", "17:34"], "comment_content": "醬啦幹"}, {"comment_author": "correct", "comment_date": ["05/02", "17:38"], "comment_content": "你的麻將麵可能跟我的不一樣"}]}
