{"author": "myIDis7 (個字)", "category": "Gossiping", "title": "[問卦] 元大會不會黑掉", "date": "Mon Apr 29 10:16:15 2024", "content": ["不是說否認造假會議紀錄啦是00940 一上市就破發股市都2萬上下跑來跑去了到現在還沒回到10元發行價元大會不會就此黑掉有沒有八卦", "--"], "post_comment": [{"comment_author": "ssnopra", "comment_date": ["04/29", "10:16"], "comment_content": "不會啊"}, {"comment_author": "hikaru77613", "comment_date": ["04/29", "10:17"], "comment_content": "我還在等一個機會…"}, {"comment_author": "bill403777", "comment_date": ["04/29", "10:17"], "comment_content": "彎腰撿鑽石"}, {"comment_author": "Hirano", "comment_date": ["04/29", "10:17"], "comment_content": "公布配息再說"}, {"comment_author": "AirLee", "comment_date": ["04/29", "10:17"], "comment_content": "選股邏輯要改 不然沒救，單一個股"}, {"comment_author": "AirLee", "comment_date": ["04/29", "10:17"], "comment_content": "的持股最高比例先降"}, {"comment_author": "apeople", "comment_date": ["04/29", "10:17"], "comment_content": "買元大金，打不贏就加入他"}, {"comment_author": "small91051", "comment_date": ["04/29", "10:19"], "comment_content": "剛開戶嗎？"}, {"comment_author": "iori35i", "comment_date": ["04/29", "10:20"], "comment_content": "看散戶崩潰 就好笑"}, {"comment_author": "rainylife", "comment_date": ["04/29", "10:23"], "comment_content": "大家只買得起這便宜的，還是繼續買好了"}, {"comment_author": "meloxxl", "comment_date": ["04/29", "10:24"], "comment_content": "賺翻了好嗎"}, {"comment_author": "mysterydream", "comment_date": ["04/29", "10:25"], "comment_content": "這種產品本來就會買在高水位阿   你"}, {"comment_author": "mysterydream", "comment_date": ["04/29", "10:25"], "comment_content": "看短期就不該買這產品.."}, {"comment_author": "zorro1111", "comment_date": ["04/29", "10:28"], "comment_content": "賺爛了好嗎"}, {"comment_author": "your0207", "comment_date": ["04/29", "10:31"], "comment_content": "鰻魚"}, {"comment_author": "bairn", "comment_date": ["04/29", "10:38"], "comment_content": "最近都漲不上去，爛"}, {"comment_author": "hsuanYue", "comment_date": ["04/29", "10:41"], "comment_content": "甲碼"}, {"comment_author": "jerrylin", "comment_date": ["04/29", "11:05"], "comment_content": "怕屁喔  不爽不要買"}, {"comment_author": "takeKaNa", "comment_date": ["04/29", "11:16"], "comment_content": "成份股 一直上上下下"}, {"comment_author": "appleskin", "comment_date": ["05/01", "08:58"], "comment_content": "元大台灣價值 00940 這立場不言而諭"}, {"comment_author": "a9563741", "comment_date": ["05/01", "15:52"], "comment_content": "小草要開賣00940了嗎？"}]}
