{"author": "dahanjian (ptt思想檢查督戰隊長)", "category": "Gossiping", "title": "[問卦] 1931年放棄東北?", "date": "Sat May  4 00:11:42 2024", "content": ["青海低草原 一眼望不穿~~~~~~~~~~又到了5月4日國恥日為什當年1931年9月18日種花民國要放棄東北給日本完全不抵抗當時張學良 有50萬奉系精兵加上滿州人鐵騎血性 以及日本蘇聯在東北利益相衝耗個幾年也不意外為什麼北大營 無血開城放棄東北幾萬里黑土肥沃地給日本皇軍~~~~~~~~~~造成日本主戰派得勢 侵略更加積極有瓜?@!--", "李多慧疾風街道--", "??工三姣 沒實力會1930年得到青天白日勳章", "關內無錢糧 50萬大軍剩沒多少~~所以關鍵還是918無血開城"], "post_comment": [{"comment_author": "for40255", "comment_date": ["05/04", "00:12"], "comment_content": "中國東北（？"}, {"comment_author": "heyd", "comment_date": ["05/04", "00:13"], "comment_content": "張學良：娘什麼 老子都不老子了"}, {"comment_author": "zeumax", "comment_date": ["05/04", "00:13"], "comment_content": "張學良當時就吸鴉片的傲少年，老爸死了自"}, {"comment_author": "zeumax", "comment_date": ["05/04", "00:13"], "comment_content": "己繼承家業卻沒實力威望，更不懂帶兵"}, {"comment_author": "heyd", "comment_date": ["05/04", "00:15"], "comment_content": "我都懷疑張學良是被土八路打怕了才要玩西安"}, {"comment_author": "heyd", "comment_date": ["05/04", "00:15"], "comment_content": "事變那齣"}, {"comment_author": "marktak", "comment_date": ["05/04", "00:17"], "comment_content": "沒給吧 丟掉中國他也有份"}, {"comment_author": "zeumax", "comment_date": ["05/04", "00:18"], "comment_content": "廢話，繼承了東北號稱50萬實質30萬大軍,"}, {"comment_author": "zeumax", "comment_date": ["05/04", "00:18"], "comment_content": "又改旗投靠能不給點尊重嘛？"}, {"comment_author": "vwpassat", "comment_date": ["05/04", "00:38"], "comment_content": "因為支那共逼迫張學良要無償交出東北給"}, {"comment_author": "vwpassat", "comment_date": ["05/04", "00:39"], "comment_content": "日本，這樣日本才會答應支那共的請求，"}, {"comment_author": "vwpassat", "comment_date": ["05/04", "00:39"], "comment_content": "全面入侵中國，以緩解支那共的壓力！"}, {"comment_author": "yeangigi", "comment_date": ["05/04", "01:01"], "comment_content": "除非蘇聯直接軍事介入，不然50萬多撐1年"}, {"comment_author": "yeangigi", "comment_date": ["05/04", "01:02"], "comment_content": "變5萬退回關內"}, {"comment_author": "squelch", "comment_date": ["05/04", "09:26"], "comment_content": "因為打不贏 張學良打輸的仗可多著"}, {"comment_author": "squelch", "comment_date": ["05/04", "09:26"], "comment_content": "打 蘇聯 日本都沒有贏過。日本還是"}, {"comment_author": "squelch", "comment_date": ["05/04", "09:27"], "comment_content": "清朝故意引進牽制蘇聯的"}]}
