{"author": "anti87 (鬼島觀察家)", "category": "Gossiping", "title": "[問卦] 蒙面人持棍棒毆打支持巴勒斯坦學生", "date": "Sat May  4 10:36:55 2024", "content": ["前幾天在UCLA，在半夜，突然有一群蒙面的人闖進校園並持棍棒毆打支持巴勒斯坦的學生警方還沒有介入的時候，雙方在校園鬥毆數小時共造成15人受傷週三UCLA全面停課，到了晚上，大批警力再度現身校園要扎營者立刻離開，否則他們會立刻逮捕有沒有美國黑警的八卦？--"], "post_comment": [{"comment_author": "kerry0496x", "comment_date": ["05/04", "10:37"], "comment_content": "果然啊，就跟板上湧進一堆奇怪ID一樣"}, {"comment_author": "nicholassys", "comment_date": ["05/04", "10:37"], "comment_content": "真是有趣 怎麼沒有學生出來抗議布查"}, {"comment_author": "kerry0496x", "comment_date": ["05/04", "10:37"], "comment_content": "，都是主張暴力然後支持戰爭的。"}, {"comment_author": "firemothra", "comment_date": ["05/04", "10:37"], "comment_content": "跟中共一樣耍小手段。混入一個自己人"}, {"comment_author": "s820912gmail", "comment_date": ["05/04", "10:37"], "comment_content": "打恐怖份子 很好"}, {"comment_author": "nicholassys", "comment_date": ["05/04", "10:37"], "comment_content": "大屠殺"}, {"comment_author": "firemothra", "comment_date": ["05/04", "10:38"], "comment_content": "搞亂現場。就可以名正言順抓人了"}, {"comment_author": "flavorBZ", "comment_date": ["05/04", "10:38"], "comment_content": "期待落榜美術生拯救中東"}, {"comment_author": "abcjoe61115", "comment_date": ["05/04", "10:38"], "comment_content": "果然是中...美國人"}, {"comment_author": "catking015", "comment_date": ["05/04", "10:39"], "comment_content": "要時代革命了吧"}, {"comment_author": "firemothra", "comment_date": ["05/04", "10:39"], "comment_content": "需要美國版的雨傘革命"}, {"comment_author": "LoveMakeLove", "comment_date": ["05/04", "10:39"], "comment_content": "支持蒙面人"}, {"comment_author": "yangweiisi", "comment_date": ["05/04", "10:42"], "comment_content": "綠能美利堅能，其他人其他國不能"}, {"comment_author": "spzper", "comment_date": ["05/04", "10:42"], "comment_content": "不知道還以為是共"}, {"comment_author": "IanPatty", "comment_date": ["05/04", "10:43"], "comment_content": "跟反送中87分像，美中一家親？"}, {"comment_author": "sunnyyoung", "comment_date": ["05/04", "10:44"], "comment_content": "應該要開槍"}, {"comment_author": "jerrylin", "comment_date": ["05/04", "10:44"], "comment_content": "打人的通通抓去關  管你哪邊的"}, {"comment_author": "vwpassat", "comment_date": ["05/04", "10:46"], "comment_content": "是毆打 哈瑪斯恐怖份子吧！"}, {"comment_author": "ccccccrex", "comment_date": ["05/04", "10:49"], "comment_content": "應該是警察蒙面,這不就學中國?"}, {"comment_author": "steelheart3", "comment_date": ["05/04", "10:56"], "comment_content": "人家處理暴動怎樣處理的 反觀台灣"}, {"comment_author": "ueu966", "comment_date": ["05/04", "11:09"], "comment_content": "黑警？"}, {"comment_author": "peiring", "comment_date": ["05/04", "11:32"], "comment_content": "投降就沒事了"}]}
