{"author": "doreamon909 (戈德)", "category": "Gossiping", "title": "[問卦] 討債集團討到黑道會怎樣？ ", "date": "Thu May  2 05:53:33 2024", "content": ["討債集團準備討債發現債務人是黑道火力更強 小弟眾多會自己認賠嗎？還是準備上演角頭4--"], "post_comment": [{"comment_author": "fantasyth", "comment_date": ["05/02", "05:54"], "comment_content": "這部我看過：暗金丑島君"}, {"comment_author": "JONLY0617", "comment_date": ["05/02", "06:12"], "comment_content": "兩邊大哥 出來喬"}, {"comment_author": "Axarz631", "comment_date": ["05/02", "06:43"], "comment_content": "江湖規矩"}, {"comment_author": "t4lin", "comment_date": ["05/02", "07:13"], "comment_content": "比誰兄弟跟給西多，反正都沒錢爛命一條"}]}
