{"author": "chin700908 (fallen)", "category": "Gossiping", "title": "[問卦] 女生有腋毛是不是還滿性感的？", "date": "Sat May  4 14:32:01 2024", "content": ["乳題啦剛剛本肥在賣場吃飯看到個女生穿袖口有點大的衣服在舉手的瞬間看到稀疏的腋毛本肥不爭氣的有點興奮有腋毛的女生是不是很性感有沒有卦？--"], "post_comment": [{"comment_author": "tooeasy", "comment_date": ["05/04", "14:32"], "comment_content": "圖?"}, {"comment_author": "highyes", "comment_date": ["05/04", "14:32"], "comment_content": "沒圖  說個雞巴 = =？"}, {"comment_author": "gay7788", "comment_date": ["05/04", "14:32"], "comment_content": "圖？"}, {"comment_author": "felixden", "comment_date": ["05/04", "14:33"], "comment_content": "我女友刮得很乾淨"}, {"comment_author": "aggressorX", "comment_date": ["05/04", "14:33"], "comment_content": "綺夢！？"}, {"comment_author": "qqapplpaa", "comment_date": ["05/04", "14:33"], "comment_content": "你是不是想舔"}, {"comment_author": "hiphopmei", "comment_date": ["05/04", "14:33"], "comment_content": "想舔"}, {"comment_author": "Winston13840", "comment_date": ["05/04", "14:33"], "comment_content": "… 這樣怎麼舔妹子光滑的腋下"}, {"comment_author": "anthaeilleo", "comment_date": ["05/04", "14:33"], "comment_content": "有毛才是正點，如果有汗水更好"}, {"comment_author": "TexasFlood", "comment_date": ["05/04", "14:33"], "comment_content": "我只反對每天喊男性霸權的腋毛女"}, {"comment_author": "TexasFlood", "comment_date": ["05/04", "14:34"], "comment_content": "男生腋毛=父權噁，女生腋毛=女權讚"}, {"comment_author": "syntax123", "comment_date": ["05/04", "14:34"], "comment_content": "騷香"}, {"comment_author": "qweerrt123", "comment_date": ["05/04", "14:36"], "comment_content": ""}, {"comment_author": "chachayu", "comment_date": ["05/04", "14:55"], "comment_content": "想舔是不是"}, {"comment_author": "good90150", "comment_date": ["05/04", "14:56"], "comment_content": "偶爾想換口味的時候會叫女友留，啊對"}, {"comment_author": "good90150", "comment_date": ["05/04", "14:56"], "comment_content": "了我處男"}, {"comment_author": "THEBH", "comment_date": ["05/04", "15:03"], "comment_content": "噁心死了"}, {"comment_author": "scott0104", "comment_date": ["05/04", "17:18"], "comment_content": "腋魔俠是你"}, {"comment_author": "limeazure", "comment_date": ["05/05", "00:59"], "comment_content": "對啊，我喜歡舔有腋毛的，這樣才有味道"}]}
