{"author": "dzwei (Args&&... args)", "category": "Gossiping", "title": "[問卦] 房市三箭 八年來射去哪裡了?", "date": "Thu May  2 22:10:26 2024", "content": ["北漂的人更多大家都往北部台中成為人口第二大都市超越高雄一群人擠往北部買房炒房我就問這八年來房市三箭射到哪裡去了居住正義ㄋ?--"], "post_comment": [{"comment_author": "AgentSkye56", "comment_date": ["05/02", "22:10"], "comment_content": "我的膝蓋"}, {"comment_author": "mp5k6", "comment_date": ["05/02", "22:11"], "comment_content": "射到平民百姓的膝蓋上了"}, {"comment_author": "StylishTrade", "comment_date": ["05/02", "22:11"], "comment_content": "每個房子都840%容積率 就解決啦QQ"}, {"comment_author": "em4", "comment_date": ["05/02", "22:11"], "comment_content": ""}, {"comment_author": "StylishTrade", "comment_date": ["05/02", "22:11"], "comment_content": "你沒發現台北供給嚴重不足嗎QQ"}, {"comment_author": "arch20161219", "comment_date": ["05/02", "22:11"], "comment_content": ""}, {"comment_author": "kelon", "comment_date": ["05/02", "22:12"], "comment_content": "房價被射到太空了沒看到嗎"}, {"comment_author": "OCDisorder", "comment_date": ["05/02", "22:12"], "comment_content": "樓上要被水桶了"}, {"comment_author": "gulugulupp", "comment_date": ["05/02", "22:12"], "comment_content": "你沒注意到房價有再降?"}, {"comment_author": "eternal5429", "comment_date": ["05/02", "22:13"], "comment_content": "射到我老X戰不起來"}, {"comment_author": "plbroum88", "comment_date": ["05/02", "22:14"], "comment_content": "這題要問神射手蔡英文 箭是她射的"}, {"comment_author": "jack529", "comment_date": ["05/02", "22:14"], "comment_content": "射斷無房者的腳"}, {"comment_author": "rapnose", "comment_date": ["05/02", "22:15"], "comment_content": ""}, {"comment_author": "hhze0611", "comment_date": ["05/02", "22:16"], "comment_content": "我腳上阿沒看到 ?"}, {"comment_author": "court", "comment_date": ["05/02", "22:17"], "comment_content": "射了"}, {"comment_author": "godofsex", "comment_date": ["05/02", "22:18"], "comment_content": "笑死 "}, {"comment_author": "ffxx", "comment_date": ["05/02", "22:19"], "comment_content": "膝蓋都是箭"}, {"comment_author": "bearcsjc", "comment_date": ["05/02", "22:20"], "comment_content": "你買不起！不表示三件沒有用"}, {"comment_author": "Tenging", "comment_date": ["05/02", "22:21"], "comment_content": "射的是登月火箭"}, {"comment_author": "Keng", "comment_date": ["05/02", "22:23"], "comment_content": "以前和你一樣也是個無殼蝸牛 直到我膝蓋中了"}, {"comment_author": "rustic5566", "comment_date": ["05/02", "22:27"], "comment_content": "炒房黨你意外?"}, {"comment_author": "fallinlove15", "comment_date": ["05/02", "22:27"], "comment_content": "年輕人的膝蓋上 然後再幫他們借一"}, {"comment_author": "fallinlove15", "comment_date": ["05/02", "22:27"], "comment_content": "大筆負債 養一堆垃圾建設 大概幾兆"}, {"comment_author": "breadking", "comment_date": ["05/02", "22:27"], "comment_content": "把北漂青年射死了"}, {"comment_author": "darkholy", "comment_date": ["05/02", "22:28"], "comment_content": "三箭讓你房貸越借越多啊"}, {"comment_author": "kenco", "comment_date": ["05/02", "22:29"], "comment_content": "射死2300萬台灣人了"}, {"comment_author": "alex5566", "comment_date": ["05/02", "22:29"], "comment_content": "年輕人膝蓋上 躺下去努力想站起來又中箭"}, {"comment_author": "dddc", "comment_date": ["05/02", "22:31"], "comment_content": "年輕人的身上"}, {"comment_author": "obovqq", "comment_date": ["05/02", "22:32"], "comment_content": "年輕人的屁股上啊☺☺☺"}, {"comment_author": "coffee112", "comment_date": ["05/02", "22:34"], "comment_content": ""}, {"comment_author": "feijai", "comment_date": ["05/02", "22:35"], "comment_content": "低頭看一下你的膝蓋"}, {"comment_author": "coffee112", "comment_date": ["05/02", "22:35"], "comment_content": "謊紅小英不是心虛到刪掉當年臉書圖文?"}, {"comment_author": "coffee112", "comment_date": ["05/02", "22:36"], "comment_content": ""}, {"comment_author": "coffee112", "comment_date": ["05/02", "22:37"], "comment_content": "嗆人民自立自強拼命跳票 還拿史上最高"}, {"comment_author": "godofsex", "comment_date": ["05/02", "22:37"], "comment_content": ""}, {"comment_author": "coffee112", "comment_date": ["05/02", "22:39"], "comment_content": ""}, {"comment_author": "molsmopuim", "comment_date": ["05/02", "22:41"], "comment_content": "射在青壯世代的膝蓋上"}, {"comment_author": "leondemon", "comment_date": ["05/02", "22:41"], "comment_content": "膝蓋"}, {"comment_author": "leondemon", "comment_date": ["05/02", "22:41"], "comment_content": "在窮人的膝蓋上"}, {"comment_author": "Semaj543", "comment_date": ["05/02", "22:41"], "comment_content": "你看看自己的膝蓋"}, {"comment_author": "leondemon", "comment_date": ["05/02", "22:41"], "comment_content": "有錢人完美閃過"}, {"comment_author": "small91051", "comment_date": ["05/02", "22:49"], "comment_content": "太貴不買還要被嗆買不起 民進黨德政"}, {"comment_author": "cobras638", "comment_date": ["05/02", "22:51"], "comment_content": "射進某個時空了"}, {"comment_author": "tmacor1", "comment_date": ["05/02", "22:51"], "comment_content": "沒看到年輕人都買不起甚至不買了嗎？"}, {"comment_author": "b2305911", "comment_date": ["05/02", "22:51"], "comment_content": "射死魯窮醜小草了"}, {"comment_author": "BrandonMai", "comment_date": ["05/02", "22:52"], "comment_content": "一堆買不起房的死忠仔 真的可憐哪"}, {"comment_author": "coffee112", "comment_date": ["05/02", "22:54"], "comment_content": ""}, {"comment_author": "songsongboy", "comment_date": ["05/02", "22:56"], "comment_content": "居然感受不到，看來是射的不夠多，"}, {"comment_author": "songsongboy", "comment_date": ["05/02", "22:56"], "comment_content": "沒射到你身上"}, {"comment_author": "pomelolawod", "comment_date": ["05/02", "23:00"], "comment_content": "那個已經沒用了"}, {"comment_author": "saiga12416", "comment_date": ["05/02", "23:02"], "comment_content": "你各位的膝蓋上阿"}, {"comment_author": "Looouis", "comment_date": ["05/02", "23:04"], "comment_content": "射在一個23歲年輕人的膝蓋 這我"}, {"comment_author": "bam5566", "comment_date": ["05/02", "23:05"], "comment_content": "射到外太空 起飛"}, {"comment_author": "xaxa0101", "comment_date": ["05/02", "23:20"], "comment_content": "曾經我也是個有為青年，直到房市三箭射"}, {"comment_author": "xaxa0101", "comment_date": ["05/02", "23:20"], "comment_content": "中了我的膝蓋"}, {"comment_author": "a77774444", "comment_date": ["05/02", "23:20"], "comment_content": "元首自己都建商家族起家了"}, {"comment_author": "tora12345", "comment_date": ["05/02", "23:22"], "comment_content": "我的膝蓋啊 重傷欸"}, {"comment_author": "lycppt", "comment_date": ["05/02", "23:23"], "comment_content": "就穿雲箭啊，我看你是不懂喔"}, {"comment_author": "lycppt", "comment_date": ["05/02", "23:23"], "comment_content": "一支穿雲箭，千萬房貸來相貸"}, {"comment_author": "lycppt", "comment_date": ["05/02", "23:23"], "comment_content": "兩支穿雲箭，房價直上九重天"}, {"comment_author": "lycppt", "comment_date": ["05/02", "23:23"], "comment_content": "三支穿雲箭，傳宗接貸貸相傳"}, {"comment_author": "clairehao", "comment_date": ["05/02", "23:25"], "comment_content": "不要跟我說你沒被詐騙集團騙過 台灣最"}, {"comment_author": "aron0425", "comment_date": ["05/02", "23:26"], "comment_content": "都射到台女子宮通膨了沒看到？"}, {"comment_author": "dapei842110", "comment_date": ["05/02", "23:33"], "comment_content": "你膝蓋不痛喔 羨慕"}, {"comment_author": "rex03187", "comment_date": ["05/02", "23:35"], "comment_content": "很有效果啊 房市活絡沒看見嗎"}, {"comment_author": "chungyiju", "comment_date": ["05/02", "23:38"], "comment_content": "房價越達越高"}, {"comment_author": "Jinx", "comment_date": ["05/02", "23:44"], "comment_content": "我腳上 謝謝"}, {"comment_author": "ms0545173", "comment_date": ["05/02", "23:44"], "comment_content": "射得年輕人 滿臉血"}, {"comment_author": "beergap", "comment_date": ["05/02", "23:45"], "comment_content": "我死忠仔同事邊租房邊感恩民進黨打房"}, {"comment_author": "CandyJuice", "comment_date": ["05/02", "23:47"], "comment_content": "年輕人的膝蓋上"}, {"comment_author": "zllu", "comment_date": ["05/02", "23:51"], "comment_content": "很成功呀 射倒多少年輕人沒看到嗎？"}, {"comment_author": "x58420", "comment_date": ["05/02", "23:55"], "comment_content": "少子化大成功 嘻嘻"}, {"comment_author": "GDUNICORN", "comment_date": ["05/02", "23:57"], "comment_content": "射中了年輕人的膝蓋，非常精準"}, {"comment_author": "WIZARDSS", "comment_date": ["05/02", "23:59"], "comment_content": "年輕人"}, {"comment_author": "willion003", "comment_date": ["05/03", "00:18"], "comment_content": "我膝蓋上"}, {"comment_author": "vince7098", "comment_date": ["05/03", "00:31"], "comment_content": "有呀，射的是火箭呀，你看房價不往上噴"}, {"comment_author": "msin", "comment_date": ["05/03", "00:41"], "comment_content": "射給柯P就可以了。"}, {"comment_author": "gaupyng1", "comment_date": ["05/03", "00:41"], "comment_content": "我身上"}, {"comment_author": "catvsdog", "comment_date": ["05/03", "00:43"], "comment_content": "你的膝蓋上啊 沒看到嗎？"}, {"comment_author": "ShockHo222", "comment_date": ["05/03", "00:51"], "comment_content": "看一下你的膝蓋"}, {"comment_author": "EXUAN", "comment_date": ["05/03", "00:57"], "comment_content": "誰理你，快退休了"}, {"comment_author": "c90051kevin", "comment_date": ["05/03", "00:58"], "comment_content": "年輕人膝蓋啊，害死台灣年輕人"}, {"comment_author": "a09162277", "comment_date": ["05/03", "01:01"], "comment_content": "降你媽 降在哪？"}, {"comment_author": "ladygaga168", "comment_date": ["05/03", "01:02"], "comment_content": ""}, {"comment_author": "Hsiuhsin", "comment_date": ["05/03", "01:21"], "comment_content": "射在大家身上啦 最近都在忙著拔箭沒看"}, {"comment_author": "Hsiuhsin", "comment_date": ["05/03", "01:22"], "comment_content": "到嗎"}, {"comment_author": "zealone", "comment_date": ["05/03", "01:30"], "comment_content": "既得利益者怎麼可能讓韭菜長大"}, {"comment_author": "anisakis", "comment_date": ["05/03", "01:38"], "comment_content": "射進蔡的嘴裡了"}, {"comment_author": "Jesusman", "comment_date": ["05/03", "02:17"], "comment_content": "室內14坪都多少錢了^_^"}, {"comment_author": "faser", "comment_date": ["05/03", "02:28"], "comment_content": "柯身上"}, {"comment_author": "Rootless", "comment_date": ["05/03", "02:35"], "comment_content": "當然是韭菜勞工身上"}, {"comment_author": "jedy05097952", "comment_date": ["05/03", "03:21"], "comment_content": "有民主了還不懂得感恩嗎"}, {"comment_author": "turndrunk", "comment_date": ["05/03", "04:04"], "comment_content": "人民兩個膝蓋中八支箭真的好爽"}, {"comment_author": "yuanhy63", "comment_date": ["05/03", "06:00"], "comment_content": ""}, {"comment_author": "whotear", "comment_date": ["05/03", "06:10"], "comment_content": ""}, {"comment_author": "youcheng59", "comment_date": ["05/03", "06:11"], "comment_content": "樓下開放1450噴噓"}, {"comment_author": "BREAKFAST204", "comment_date": ["05/03", "06:58"], "comment_content": "年輕人的膝蓋"}, {"comment_author": "gn01693664", "comment_date": ["05/03", "07:08"], "comment_content": "你的皮燕"}, {"comment_author": "dolphin24681", "comment_date": ["05/03", "07:10"], "comment_content": "有沒有看過刺蝟？"}, {"comment_author": "simo520", "comment_date": ["05/03", "07:11"], "comment_content": "射在民眾荷包上"}, {"comment_author": "bryantiswill", "comment_date": ["05/03", "08:10"], "comment_content": "你現在有沒跪著？"}, {"comment_author": "hsviopo", "comment_date": ["05/03", "08:19"], "comment_content": "現在就在割最後一波韭菜"}, {"comment_author": "hsviopo", "comment_date": ["05/03", "08:19"], "comment_content": "不然以後沒有人可以割了"}, {"comment_author": "coolptt", "comment_date": ["05/03", "08:31"], "comment_content": "太貴無法換屋，地震被掩埋的小女孩身上"}, {"comment_author": "leoc554", "comment_date": ["05/03", "08:59"], "comment_content": "射在年輕人身上"}, {"comment_author": "blueweak", "comment_date": ["05/03", "09:14"], "comment_content": "射在裡面阿"}, {"comment_author": "myshadow", "comment_date": ["05/03", "09:42"], "comment_content": "射在60%身上啊"}, {"comment_author": "imba789", "comment_date": ["05/03", "09:43"], "comment_content": "已經把小孩都射死了，出生率繼續向下"}, {"comment_author": "treasurekid", "comment_date": ["05/03", "10:23"], "comment_content": "射在年輕人膝蓋上呀"}, {"comment_author": "Dean997", "comment_date": ["05/03", "11:34"], "comment_content": "低頭看自己的膝蓋啊"}, {"comment_author": "linesid", "comment_date": ["05/03", "11:43"], "comment_content": "打臉 射在大小姐臉上"}, {"comment_author": "runedcross", "comment_date": ["05/03", "12:06"], "comment_content": "穿雲箭射破天花板掉下來中到你身上"}, {"comment_author": "shihyiliu", "comment_date": ["05/03", "12:38"], "comment_content": "射得很準啊！不是狂漲了！"}, {"comment_author": "Everforest", "comment_date": ["05/03", "18:37"], "comment_content": "八年買房投報率多少? 小草買不起哭喔"}, {"comment_author": "Liuying", "comment_date": ["05/03", "19:50"], "comment_content": "你不知道是火箭嗎?登陸月球啦"}, {"comment_author": "milkteafood", "comment_date": ["05/04", "08:15"], "comment_content": "射到年輕人身上啊"}, {"comment_author": "dogreen", "comment_date": ["05/05", "01:22"], "comment_content": "民進黨會說千錯萬錯都別人的錯 都不是他"}, {"comment_author": "dogreen", "comment_date": ["05/05", "01:22"], "comment_content": "們執政問題 噁爛的垃圾黨 直接還馬清白"}]}
