{"author": "e1447e (e1447e)", "category": "Gossiping", "title": "[問卦] 什麼時候發現自己老了", "date": "Sun Apr 28 22:05:29 2024", "content": ["過年期間我在剪指甲我哥笑稱我眼力真好他剪指甲會看不清楚我大吃一驚原來老了會連剪指甲都吃力不知道各位都是怎麼發現自己老了有卦嗎-----Sent from JPTT on my iPhone--"], "post_comment": [{"comment_author": "OPPAISuki", "comment_date": ["04/28", "22:05"], "comment_content": "還在用PTT"}, {"comment_author": "ah937609", "comment_date": ["04/28", "22:06"], "comment_content": "剪不到腳趾甲"}, {"comment_author": "tmgl", "comment_date": ["04/28", "22:06"], "comment_content": "叫他去配眼鏡就好了"}, {"comment_author": "a741085", "comment_date": ["04/28", "22:06"], "comment_content": "硬不起來了"}, {"comment_author": "Himiko9975", "comment_date": ["04/28", "22:06"], "comment_content": "你80歲？"}, {"comment_author": "ivorysoap", "comment_date": ["04/28", "22:06"], "comment_content": "老花"}, {"comment_author": "CocoaHoto", "comment_date": ["04/28", "22:07"], "comment_content": "動畫內容要看解說才懂"}, {"comment_author": "azeroth", "comment_date": ["04/28", "22:07"], "comment_content": "去買個雞排被叫大哥的時候 大妳老木= ="}, {"comment_author": "kyosukeakiba", "comment_date": ["04/28", "22:11"], "comment_content": "被店家稱呼大哥真的是個警訊XD"}, {"comment_author": "t4lin", "comment_date": ["04/28", "22:11"], "comment_content": "開始用電動剪指甲機，扳機指沒辦法使用一般"}, {"comment_author": "t4lin", "comment_date": ["04/28", "22:11"], "comment_content": "指甲刀超痛苦"}, {"comment_author": "gino0717", "comment_date": ["04/28", "22:13"], "comment_content": "打蚊子打不到的時候"}, {"comment_author": "godog", "comment_date": ["04/28", "22:15"], "comment_content": "一夜7次 變4次時"}, {"comment_author": "v7q4", "comment_date": ["04/28", "22:15"], "comment_content": "一晚做6次覺得有點累了"}, {"comment_author": "fp737", "comment_date": ["04/28", "22:17"], "comment_content": "嚴重的連打麻將都看不清楚  我聽說的"}, {"comment_author": "wheat1130", "comment_date": ["04/28", "22:23"], "comment_content": "皮膚出現黑斑，小紅點"}, {"comment_author": "doigt", "comment_date": ["04/28", "22:27"], "comment_content": "32歲發現一堆白髮"}, {"comment_author": "kiopl", "comment_date": ["04/28", "22:28"], "comment_content": "早上起床沒有一柱擎天"}, {"comment_author": "court", "comment_date": ["04/28", "22:32"], "comment_content": "沒什麼朋友時"}, {"comment_author": "starwish00", "comment_date": ["04/28", "22:36"], "comment_content": "三高"}, {"comment_author": "aeug2005", "comment_date": ["04/28", "22:38"], "comment_content": "做愛發現心臟狂跳有點受不了"}, {"comment_author": "s8960046", "comment_date": ["04/28", "22:44"], "comment_content": "沒辦法想硬就硬？！"}, {"comment_author": "Virness", "comment_date": ["04/28", "22:48"], "comment_content": "開始聽不懂流行語"}, {"comment_author": "court", "comment_date": ["04/28", "22:51"], "comment_content": "吃油飯狂胃脹氣"}, {"comment_author": "answermangtr", "comment_date": ["04/28", "22:56"], "comment_content": "運動發現力不從心"}, {"comment_author": "a82380", "comment_date": ["04/28", "23:01"], "comment_content": "保費過高時"}, {"comment_author": "winglight", "comment_date": ["04/28", "23:07"], "comment_content": "被小朋友叫叔叔,每個月都好像過得很快,"}, {"comment_author": "winglight", "comment_date": ["04/28", "23:07"], "comment_content": "買一堆遊戲但沒力氣玩"}, {"comment_author": "chen338", "comment_date": ["04/29", "00:05"], "comment_content": "看字要對焦的時候.."}, {"comment_author": "zaq1qwer", "comment_date": ["04/29", "00:15"], "comment_content": "無法連射der時候… Q_Q"}, {"comment_author": "Pttsheep", "comment_date": ["04/29", "00:53"], "comment_content": "對吃到飽沒興趣之後"}, {"comment_author": "lionsss", "comment_date": ["04/29", "02:26"], "comment_content": "不想玩電動時..."}, {"comment_author": "blueskyqoo", "comment_date": ["04/29", "03:05"], "comment_content": "舔不到手軸時"}, {"comment_author": "mntonmylife", "comment_date": ["04/29", "06:11"], "comment_content": "放假發現一天只能打兩次手槍時"}]}
