{"author": "muse87131 ()", "category": "Gossiping", "title": "[問卦] 看完Threads覺得台灣超棒？", "date": "Fri May  3 13:35:49 2024", "content": ["Threads上充滿台灣人住國外的討論串吸引超多旅外台灣人留言大家都說台灣好幸福，晚上有東西吃，巷口有超商，看病好便宜，生活好方便反觀國外物價高，傍晚就沒東西吃，珍奶不好喝結論是台灣真的很棒，出國就知道台灣的好看完Threads，頓時覺得台灣超棒！這樣正常嗎？--"], "post_comment": [{"comment_author": "OPPAISuki", "comment_date": ["05/03", "13:36"], "comment_content": "住國外"}, {"comment_author": "ncc5566", "comment_date": ["05/03", "13:36"], "comment_content": "說台灣棒 然後住國外??"}, {"comment_author": "ZakkWylde", "comment_date": ["05/03", "13:36"], "comment_content": "脆上面一堆幻想文"}, {"comment_author": "lienjj", "comment_date": ["05/03", "13:37"], "comment_content": "被綠X搞爛啊 台灣毒瘤"}, {"comment_author": "lienjj", "comment_date": ["05/03", "13:37"], "comment_content": "原本可以更好 可悲"}, {"comment_author": "ilovewr", "comment_date": ["05/03", "13:37"], "comment_content": "為啥我看到都是廢文搭配露出圖的串"}, {"comment_author": "EfiwymsiAros", "comment_date": ["05/03", "13:37"], "comment_content": "我們終國太棒了"}, {"comment_author": "keineAhnung", "comment_date": ["05/03", "13:37"], "comment_content": "這樣才有流量啊 騙些沒出過國的"}, {"comment_author": "rofellosx", "comment_date": ["05/03", "13:38"], "comment_content": "住國外很多啊 又不是綠卡才能住"}, {"comment_author": "betkuz", "comment_date": ["05/03", "13:41"], "comment_content": "是的，我的全是巨乳妹"}, {"comment_author": "CODDDD", "comment_date": ["05/03", "13:44"], "comment_content": "台女用起來真的讚"}, {"comment_author": "perlone", "comment_date": ["05/03", "13:46"], "comment_content": "總比看八卦活不下去好 脆還有奶妹"}, {"comment_author": "milleniue", "comment_date": ["05/03", "13:47"], "comment_content": "對啊國外吃雞排喝珍奶超貴的"}, {"comment_author": "milleniue", "comment_date": ["05/03", "13:47"], "comment_content": "之前去歐洲看路人都愁眉苦臉的生活一定"}, {"comment_author": "milleniue", "comment_date": ["05/03", "13:48"], "comment_content": "很慘，相較起來台灣真的全世界最爽了"}, {"comment_author": "ThisisLongID", "comment_date": ["05/03", "14:04"], "comment_content": "台灣超棒但是要住國外"}, {"comment_author": "doggystyle", "comment_date": ["05/03", "14:09"], "comment_content": "台灣人最喜歡看到這種留言或文章"}, {"comment_author": "tobe6109", "comment_date": ["05/03", "14:09"], "comment_content": "傻了喔，這麼好不留在台灣"}, {"comment_author": "miraism", "comment_date": ["05/03", "14:14"], "comment_content": "台灣超棒但我住國外哦啾咪"}, {"comment_author": "ArgusX", "comment_date": ["05/03", "14:18"], "comment_content": "我看住在國外的中國人也都說祖國很棒"}, {"comment_author": "rickfox", "comment_date": ["05/03", "14:49"], "comment_content": "好了啦 一堆口嫌體正直的"}, {"comment_author": "psykl", "comment_date": ["05/03", "15:01"], "comment_content": "外國友問人民窮到晚上要做生意賺錢的環境?"}]}
