{"author": "overtop2 (overtop2)", "category": "Gossiping", "title": "[問卦] 地震也會周休二日嗎?", "date": "Sun Apr 28 00:21:20 2024", "content": ["自從昨天早上九點多以後  連續十幾個小時  大地已恢復平靜彷彿地震給予地球喘息的機會話說地震也會周休二日嗎??下禮拜一開始會不會又有餘震呢?--"], "post_comment": [{"comment_author": "bill403777", "comment_date": ["04/28", "00:21"], "comment_content": "地震全年無休 堪稱模範勞工"}, {"comment_author": "zxcccc", "comment_date": ["04/28", "00:21"], "comment_content": "會喔"}, {"comment_author": "ah937609", "comment_date": ["04/28", "00:22"], "comment_content": "地震 會自律 懂？"}, {"comment_author": "cs09312", "comment_date": ["04/28", "00:22"], "comment_content": "見紅就休 上次也是連假前一天震"}, {"comment_author": "Iakane", "comment_date": ["04/28", "00:22"], "comment_content": "我覺得做二休二比較符合"}, {"comment_author": "andy199113", "comment_date": ["04/28", "00:23"], "comment_content": "你等一下 我去叫地牛起床"}, {"comment_author": "hyuchi0202", "comment_date": ["04/28", "00:24"], "comment_content": "休禮拜天吧 禮拜六震很大啊"}, {"comment_author": "gem810611", "comment_date": ["04/28", "00:24"], "comment_content": "假日加班火氣比較大"}, {"comment_author": "max83111", "comment_date": ["04/28", "00:24"], "comment_content": "半夜才要上工 別急"}, {"comment_author": "Richun", "comment_date": ["04/28", "00:25"], "comment_content": "我怎麼覺得這是個flag"}, {"comment_author": "KevinLow", "comment_date": ["04/28", "00:28"], "comment_content": "花蓮人蛤? 什麼恢復平靜?"}, {"comment_author": "vwpassat", "comment_date": ["04/28", "00:28"], "comment_content": "地不動，就是在累積能量中！"}, {"comment_author": "ZaneTrout", "comment_date": ["04/28", "00:40"], "comment_content": "拜託不要立旗"}, {"comment_author": "onlyone23", "comment_date": ["04/28", "00:41"], "comment_content": "颱風平日不上班 假日上班"}, {"comment_author": "BroDians", "comment_date": ["04/28", "00:42"], "comment_content": "部隊集合"}, {"comment_author": "phantaci", "comment_date": ["04/28", "00:46"], "comment_content": "拜託不要再謠了，真的怕了"}, {"comment_author": "svel", "comment_date": ["04/28", "00:53"], "comment_content": "地牛不會每天做愛啊！"}, {"comment_author": "salvador1988", "comment_date": ["04/28", "01:00"], "comment_content": "就昨晚釋放一些能量了吧"}, {"comment_author": "WU3CO00J", "comment_date": ["04/28", "01:36"], "comment_content": "地牛等等就睡醒了"}]}
