{"author": "ffdqfe (苦惱)", "category": "Gossiping", "title": "[問卦] 城市獵人的阿香死了？", "date": "Tue Apr 30 06:39:13 2024", "content": ["如題最近真人改編電影大受好評但是劇中的靈魂人物阿香不知道怎麼回事直接被作者編死了心臟移植給台灣女孩兒李香瑩然後阿獠就變成香瑩的daddy怎麼會這樣？--"], "post_comment": [{"comment_author": "railman", "comment_date": ["04/30", "06:40"], "comment_content": "換換口味？"}, {"comment_author": "victorly", "comment_date": ["04/30", "06:42"], "comment_content": "作者都說當平行時空看了"}, {"comment_author": "chaoms", "comment_date": ["04/30", "06:42"], "comment_content": "平行世界啦"}, {"comment_author": "XECHS", "comment_date": ["04/30", "06:42"], "comment_content": "爭議過大直接改成這是平行世界"}, {"comment_author": "ePaper", "comment_date": ["04/30", "06:42"], "comment_content": "對 孟波也死了 投胎轉世成達叔"}, {"comment_author": "wakaura", "comment_date": ["04/30", "06:47"], "comment_content": "看卡通就好了"}, {"comment_author": "chyou2003", "comment_date": ["04/30", "06:48"], "comment_content": "所以是天使心改編？"}, {"comment_author": "slovea", "comment_date": ["04/30", "06:53"], "comment_content": "天使心吧"}, {"comment_author": "a1277034", "comment_date": ["04/30", "06:55"], "comment_content": "媽的夢波這麼醜怎麼看"}, {"comment_author": "Napoleon313", "comment_date": ["04/30", "06:56"], "comment_content": "作者不爽 故意寫死"}, {"comment_author": "L1ON", "comment_date": ["04/30", "07:19"], "comment_content": "我一開始是不喜歡阿香的 不過他後面那天使心"}, {"comment_author": "L1ON", "comment_date": ["04/30", "07:19"], "comment_content": "這樣畫也是很討罵"}, {"comment_author": "chinsong", "comment_date": ["04/30", "07:52"], "comment_content": "天使心好看"}, {"comment_author": "bar1005", "comment_date": ["04/30", "08:04"], "comment_content": "太過分 阿香的哥哥都死了 還要編阿香也死"}, {"comment_author": "holyhelm", "comment_date": ["04/30", "08:14"], "comment_content": "完全不想看天使心 根本20年前的10/10"}, {"comment_author": "loloman", "comment_date": ["04/30", "08:38"], "comment_content": "演阿香的可以找更漂亮的"}, {"comment_author": "paladin499", "comment_date": ["04/30", "08:49"], "comment_content": "雷屁 我才聽到My heart will go on"}, {"comment_author": "sunnyyoung", "comment_date": ["04/30", "09:18"], "comment_content": "重啟 結果編得不好"}, {"comment_author": "TOEY", "comment_date": ["04/30", "14:17"], "comment_content": "好像跟魔物戰鬥的時候被咬掉頭吧"}, {"comment_author": "davidbright", "comment_date": ["05/01", "21:30"], "comment_content": "天使心很不錯，有興趣的可去看看"}]}
