{"author": "HNCB2880 (淺淺的微笑就像烏梅子醬)", "category": "Gossiping", "title": "[問卦] 胖 但是奶大 瘦但是A奶 你會選誰？", "date": "Thu May  2 10:13:38 2024", "content": ["有一個汽油桶 胖 但是奶大有一個飛機場 瘦 但是奶小先假設汽油桶沒辦法瘦下來飛機場也不會去隆乳妳會怎麼選？汽油桶感覺比較健康吧還有東西可以抓--", "等等變陳年菊媽就好笑了少年時期也不乏追求者", "說到這個 乳暈大 奶頭小還是 奶頭大 乳暈小 比較吸引人", "原來是乳頭大師傅我一直覺得小頭小暈才是美妳喜歡咬奶頭吼？", "長得像是林志0呢", "這個免費送", "超胖 但是很正 但是她有病 瘦不下來 可以？", "妳看 這個多漂亮啊 這個誰不可以？", "汽油桶很好摸啊", "就是不能瘦啊 不然怎麼叫汽油桶女孩"], "post_comment": [{"comment_author": "Submicromete", "comment_date": ["05/02", "10:14"], "comment_content": "瘦"}, {"comment_author": "maiev", "comment_date": ["05/02", "10:14"], "comment_content": "胖+奶大=白石媽媽"}, {"comment_author": "joe0934", "comment_date": ["05/02", "10:14"], "comment_content": "胖"}, {"comment_author": "lexmrkz32", "comment_date": ["05/02", "10:14"], "comment_content": "我喜歡貧乳"}, {"comment_author": "a2041201", "comment_date": ["05/02", "10:14"], "comment_content": "臉"}, {"comment_author": "King5566", "comment_date": ["05/02", "10:14"], "comment_content": "沒圖問個雞巴 操"}, {"comment_author": "KID0924", "comment_date": ["05/02", "10:14"], "comment_content": "臉"}, {"comment_author": "beeboombee", "comment_date": ["05/02", "10:14"], "comment_content": "小孩子才"}, {"comment_author": "ltytw", "comment_date": ["05/02", "10:14"], "comment_content": "瘦 141cm 小隻馬 小奶怪"}, {"comment_author": "DarkIllusion", "comment_date": ["05/02", "10:15"], "comment_content": "胖+奶大=統神"}, {"comment_author": "iphoneXXpro", "comment_date": ["05/02", "10:15"], "comment_content": "回2樓 白石媽媽最近減肥了"}, {"comment_author": "nekoares", "comment_date": ["05/02", "10:15"], "comment_content": "看臉"}, {"comment_author": "poco0960", "comment_date": ["05/02", "10:15"], "comment_content": "臉"}, {"comment_author": "VVizZ", "comment_date": ["05/02", "10:15"], "comment_content": "當然是奶大的 但是乳暈不能大"}, {"comment_author": "sam810626", "comment_date": ["05/02", "10:15"], "comment_content": "KG"}, {"comment_author": "yzelly", "comment_date": ["05/02", "10:16"], "comment_content": "胖可以靠減肥瘦下來一樣大奶，A奶沒救"}, {"comment_author": "oxooao", "comment_date": ["05/02", "10:16"], "comment_content": "我看你是忘記惡魔旅館的威名"}, {"comment_author": "starwish00", "comment_date": ["05/02", "10:16"], "comment_content": "瘦"}, {"comment_author": "crassus7217", "comment_date": ["05/02", "10:16"], "comment_content": "你的胖是富田姐姐還是白石媽媽標準?"}, {"comment_author": "tnnua", "comment_date": ["05/02", "10:17"], "comment_content": "太油不行"}, {"comment_author": "VVizZ", "comment_date": ["05/02", "10:17"], "comment_content": "當然是奶頭大乳暈小 那是極品"}, {"comment_author": "VVizZ", "comment_date": ["05/02", "10:18"], "comment_content": "大頭小暈>小頭小暈>小頭大暈>大頭大暈"}, {"comment_author": "linda17a3", "comment_date": ["05/02", "10:18"], "comment_content": "胖瘦下來很噁"}, {"comment_author": "tribeswf", "comment_date": ["05/02", "10:18"], "comment_content": "我都可以 問題是人家不可以"}, {"comment_author": "fungsui", "comment_date": ["05/02", "10:18"], "comment_content": " "}, {"comment_author": "coffee112", "comment_date": ["05/02", "10:19"], "comment_content": "臉呢 臉也很重要吧? = ="}, {"comment_author": "twelvethflor", "comment_date": ["05/02", "10:19"], "comment_content": "那就看臉，臉超可愛，像白石媽媽就"}, {"comment_author": "bill403777", "comment_date": ["05/02", "10:19"], "comment_content": "這要看臉"}, {"comment_author": "twelvethflor", "comment_date": ["05/02", "10:19"], "comment_content": "行"}, {"comment_author": "ThisisLongID", "comment_date": ["05/02", "10:21"], "comment_content": "臉"}, {"comment_author": "obey1110", "comment_date": ["05/02", "10:22"], "comment_content": "胖很看臉耶!有些根本沒救再大也沒用"}, {"comment_author": "obov5116", "comment_date": ["05/02", "10:23"], "comment_content": "看臉"}, {"comment_author": "obov5116", "comment_date": ["05/02", "10:23"], "comment_content": "瘦的長得像蔡英文，有人可以？"}, {"comment_author": "tamynumber1", "comment_date": ["05/02", "10:24"], "comment_content": "選正的"}, {"comment_author": "samm3320", "comment_date": ["05/02", "10:25"], "comment_content": "要看你的胖是多胖"}, {"comment_author": "zonppp", "comment_date": ["05/02", "10:26"], "comment_content": "超胖 很正...沒看過ㄟ"}, {"comment_author": "yuki2474", "comment_date": ["05/02", "10:27"], "comment_content": "看想不想多幹個水桶呀"}, {"comment_author": "Zxc2184", "comment_date": ["05/02", "10:28"], "comment_content": "瘦不下來就不會是健康的阿"}, {"comment_author": "lexmrkz32", "comment_date": ["05/02", "10:30"], "comment_content": "很胖很正，藤澤麗央吧"}, {"comment_author": "yao03911", "comment_date": ["05/02", "10:30"], "comment_content": "超胖是多胖，超胖臉就算是好看的，也因"}, {"comment_author": "yao03911", "comment_date": ["05/02", "10:31"], "comment_content": "為太胖會腫起來，所以才會有很多胖子瘦"}, {"comment_author": "yao03911", "comment_date": ["05/02", "10:31"], "comment_content": "下來變正妹"}, {"comment_author": "sunnyyoung", "comment_date": ["05/02", "10:33"], "comment_content": "瘦的"}, {"comment_author": "DeaGoo", "comment_date": ["05/02", "10:35"], "comment_content": "胖是多胖 157那種嗎"}, {"comment_author": "touchbird", "comment_date": ["05/02", "10:35"], "comment_content": "胖大奶就是普通肥婆啊 幹 = ="}, {"comment_author": "ilikeroc", "comment_date": ["05/02", "10:36"], "comment_content": "你要看胖是多胖 瘦是多瘦=="}, {"comment_author": "ilikeroc", "comment_date": ["05/02", "10:36"], "comment_content": "好歹講個bmi吧"}, {"comment_author": "rob666", "comment_date": ["05/02", "10:37"], "comment_content": "BMI 25跟30是不同等級的胖欸"}, {"comment_author": "heartblue", "comment_date": ["05/02", "10:38"], "comment_content": ""}, {"comment_author": "blessme", "comment_date": ["05/02", "10:39"], "comment_content": "八卦肥宅以為自己有得選"}, {"comment_author": "ashinly1021", "comment_date": ["05/02", "10:41"], "comment_content": "瘦"}, {"comment_author": "gilbertchen8", "comment_date": ["05/02", "10:44"], "comment_content": "汽油桶加臉 冬天很暖"}, {"comment_author": "nt880245", "comment_date": ["05/02", "10:45"], "comment_content": "要看習慣"}, {"comment_author": "dontaskme", "comment_date": ["05/02", "10:45"], "comment_content": "沒圖說個雞巴"}, {"comment_author": "amare1015", "comment_date": ["05/02", "10:47"], "comment_content": "你胖大奶是怎樣的? 很多棉花糖女孩兒"}, {"comment_author": "amare1015", "comment_date": ["05/02", "10:48"], "comment_content": "長的很讚喔 瘦下來真D猛"}, {"comment_author": "ganjuro", "comment_date": ["05/02", "10:50"], "comment_content": "不是寫瘦不下來了？閱讀障礙？"}, {"comment_author": "glacialfire", "comment_date": ["05/02", "10:52"], "comment_content": "選佐山愛還是明里紬的意思就是了"}, {"comment_author": "a1252352", "comment_date": ["05/02", "10:55"], "comment_content": "臉"}, {"comment_author": "bairn", "comment_date": ["05/02", "10:56"], "comment_content": "都給你啦，我不要了"}, {"comment_author": "HuangYa", "comment_date": ["05/02", "11:00"], "comment_content": "白石有瘦了好嗎，而且光那個小臉就無敵"}, {"comment_author": "dyc2008", "comment_date": ["05/02", "11:08"], "comment_content": "胖子都是潛力股"}, {"comment_author": "kai2573", "comment_date": ["05/02", "11:12"], "comment_content": "當然瘦的  157那種我可受不了"}, {"comment_author": "TheDonDon", "comment_date": ["05/02", "11:13"], "comment_content": "能瘦下來還會胖嗎== 一堆胖妹根本沒心"}, {"comment_author": "TheDonDon", "comment_date": ["05/02", "11:13"], "comment_content": "要瘦"}, {"comment_author": "GOFEN", "comment_date": ["05/02", "11:14"], "comment_content": "瘦，一白遮三醜，一胖毀所有"}, {"comment_author": "gilingking", "comment_date": ["05/02", "11:17"], "comment_content": "胖是多胖？？"}, {"comment_author": "philip1111", "comment_date": ["05/02", "11:27"], "comment_content": "白石媽媽可以 永井瑪麗亞肥臀版不行"}, {"comment_author": "rondou", "comment_date": ["05/02", "11:28"], "comment_content": "我選瘦加大奶 謝謝"}, {"comment_author": "stu25936", "comment_date": ["05/02", "11:30"], "comment_content": "瘦"}, {"comment_author": "jay0215", "comment_date": ["05/02", "11:34"], "comment_content": "先看臉跟腿"}, {"comment_author": "cc02040326", "comment_date": ["05/02", "11:43"], "comment_content": "第二個"}, {"comment_author": "winterjoker", "comment_date": ["05/02", "11:43"], "comment_content": "相親都介紹這兩種類型的給我啊"}, {"comment_author": "ODays", "comment_date": ["05/02", "11:48"], "comment_content": "幹起來舒服的"}, {"comment_author": "jerrylin", "comment_date": ["05/02", "11:49"], "comment_content": "看臉  看多胖"}, {"comment_author": "jerrylin", "comment_date": ["05/02", "11:49"], "comment_content": "60~70就極限了"}, {"comment_author": "jerrylin", "comment_date": ["05/02", "11:50"], "comment_content": "70以上的除非很高不然大腿比你還粗"}, {"comment_author": "e86117934", "comment_date": ["05/02", "11:52"], "comment_content": "我喜歡奶小的。"}, {"comment_author": "ohsho62", "comment_date": ["05/02", "11:56"], "comment_content": "看157何時抵達戰場"}, {"comment_author": "soarman", "comment_date": ["05/02", "11:58"], "comment_content": "以前會選瘦的，後來我才知道，帶出去是"}, {"comment_author": "soarman", "comment_date": ["05/02", "11:58"], "comment_content": "給別人看的，回到家才是自己用的"}, {"comment_author": "yangnana", "comment_date": ["05/02", "11:58"], "comment_content": "胖子是潛力股啊"}, {"comment_author": "arcanite", "comment_date": ["05/02", "12:09"], "comment_content": "瘦"}, {"comment_author": "c24253994", "comment_date": ["05/02", "12:11"], "comment_content": "圖啦幹"}, {"comment_author": "c24253994", "comment_date": ["05/02", "12:12"], "comment_content": "我喜歡胖大奶還沒肥胖紋的那種讚讚"}, {"comment_author": "Justec", "comment_date": ["05/02", "12:17"], "comment_content": "(　^ω^)選正妹"}, {"comment_author": "andy6805", "comment_date": ["05/02", "12:18"], "comment_content": "脂肪摸起來跟奶不一樣..."}, {"comment_author": "jiaruichang", "comment_date": ["05/02", "12:29"], "comment_content": "臉"}, {"comment_author": "schumi7401", "comment_date": ["05/02", "12:34"], "comment_content": "寧願打手槍也不選胖"}, {"comment_author": "LosDHunTom", "comment_date": ["05/02", "12:40"], "comment_content": "胖"}, {"comment_author": "karta1271642", "comment_date": ["05/02", "13:29"], "comment_content": "當然看臉"}, {"comment_author": "bart102617", "comment_date": ["05/02", "13:38"], "comment_content": "都不要"}, {"comment_author": "imba789", "comment_date": ["05/02", "14:37"], "comment_content": "瘦"}, {"comment_author": "iamyauyau", "comment_date": ["05/02", "14:49"], "comment_content": "這時候看臉"}, {"comment_author": "Freeven", "comment_date": ["05/02", "15:42"], "comment_content": "要看正不正啊"}, {"comment_author": "gaussjordan", "comment_date": ["05/02", "15:44"], "comment_content": "瘦沒奶 屁股一定又乾又扁 沒救"}, {"comment_author": "gaussjordan", "comment_date": ["05/02", "15:45"], "comment_content": "性生活是維繫感情的關鍵"}, {"comment_author": "devil157", "comment_date": ["05/02", "15:50"], "comment_content": ""}, {"comment_author": "adamyang2000", "comment_date": ["05/02", "15:58"], "comment_content": "都要"}, {"comment_author": "ohsho62", "comment_date": ["05/02", "16:37"], "comment_content": "恭迎157，這圖不夠狠阿"}, {"comment_author": "fhill12", "comment_date": ["05/02", "16:37"], "comment_content": "瘦"}, {"comment_author": "koreawargod", "comment_date": ["05/02", "16:51"], "comment_content": "當然選胖+奶大(但臉要可接受).如果醜"}, {"comment_author": "koreawargod", "comment_date": ["05/02", "16:51"], "comment_content": "的話..那只能瘦"}, {"comment_author": "gamecubemomo", "comment_date": ["05/02", "18:26"], "comment_content": "瘦"}, {"comment_author": "patlo", "comment_date": ["05/02", "21:07"], "comment_content": "答案是看臉"}, {"comment_author": "adamyang2000", "comment_date": ["05/03", "12:06"], "comment_content": ""}, {"comment_author": "adamyang2000", "comment_date": ["05/03", "12:09"], "comment_content": ""}]}
