{"author": "gyGirl (妹)", "category": "Gossiping", "title": "[問卦] 為什麼宏達電不出低價手機？", "date": "Sun May  5 10:16:41 2024", "content": ["台灣當初成功的品牌靠的幾乎都是低價策略代工也是低價策略但是宏達電當初為什麼不也跟進小米出低價手機搶占市場？--"], "post_comment": [{"comment_author": "snocia", "comment_date": ["05/05", "10:16"], "comment_content": "低價手機做一隻賠一隻"}, {"comment_author": "goodman5566", "comment_date": ["05/05", "10:17"], "comment_content": "高價都那樣了 低價誰敢買？"}, {"comment_author": "snocia", "comment_date": ["05/05", "10:17"], "comment_content": "除非你能賣幾億隻"}, {"comment_author": "b0d", "comment_date": ["05/05", "10:19"], "comment_content": "有呀，以前有野火系列"}, {"comment_author": "nikewang", "comment_date": ["05/05", "10:19"], "comment_content": "宏達電台灣老闆尿性 會給你一支野火版偷"}, {"comment_author": "b0d", "comment_date": ["05/05", "10:19"], "comment_content": "以前的低價是每支還要1萬左右"}, {"comment_author": "nikewang", "comment_date": ["05/05", "10:19"], "comment_content": "料機"}, {"comment_author": "POD0741", "comment_date": ["05/05", "10:19"], "comment_content": "出了你嫌棄又不買"}, {"comment_author": "b0d", "comment_date": ["05/05", "10:21"], "comment_content": "現在的低價是3千元"}, {"comment_author": "livewater", "comment_date": ["05/05", "10:22"], "comment_content": "紅茶店現在手機是請別人代工貼牌的"}, {"comment_author": "livewater", "comment_date": ["05/05", "10:23"], "comment_content": "你做低價機要賠到脫褲？"}, {"comment_author": "benson502", "comment_date": ["05/05", "10:24"], "comment_content": "當初就是機海戰術大失敗，節節敗退"}, {"comment_author": "Seafarers", "comment_date": ["05/05", "10:25"], "comment_content": "旗艦又貴，料又差，還一下子就壞掉，早"}, {"comment_author": "Seafarers", "comment_date": ["05/05", "10:25"], "comment_content": "放棄了。高低價都一樣，不會再買！"}, {"comment_author": "ffaatt", "comment_date": ["05/05", "10:29"], "comment_content": "成本高啊"}, {"comment_author": "ffaatt", "comment_date": ["05/05", "10:32"], "comment_content": "一堆沒什麼技術的電器都比手机貴了"}, {"comment_author": "snow3804", "comment_date": ["05/05", "10:34"], "comment_content": "你用過幾隻宏達電手機"}, {"comment_author": "snow3804", "comment_date": ["05/05", "10:34"], "comment_content": "好了啦"}, {"comment_author": "vwpassat", "comment_date": ["05/05", "10:35"], "comment_content": "高價手機，做一支，賠二支。"}, {"comment_author": "Chia2323", "comment_date": ["05/05", "10:41"], "comment_content": "反了吧 小米跟華碩一開始是打中階市場"}, {"comment_author": "Chia2323", "comment_date": ["05/05", "10:41"], "comment_content": " 現在都賣旗艦機了"}, {"comment_author": "Chia2323", "comment_date": ["05/05", "10:42"], "comment_content": "HTC一開始是賣旗艦 最紅的是蝴蝶機我十"}, {"comment_author": "lkrichard", "comment_date": ["05/05", "10:42"], "comment_content": "錯誤的機海戰術 全盤皆輸"}, {"comment_author": "Chia2323", "comment_date": ["05/05", "10:42"], "comment_content": "年前很想要但太貴了買不起"}, {"comment_author": "lkrichard", "comment_date": ["05/05", "10:43"], "comment_content": "三陽也是整頓料號後這幾年一飛衝天"}, {"comment_author": "ajan007", "comment_date": ["05/05", "11:00"], "comment_content": "當初自己說是中國品牌才沒人買的"}]}
