{"author": "gamesame7711 (框框愛安安)", "category": "Gossiping", "title": "[問卦] 公司一直用XP真的是求穩定？", "date": "Sat May  4 08:45:10 2024", "content": ["問一下我發現有些公司一直用xp 作業系統XP固然好用 但感覺是產業一直沒有升級造成的甚至還有人常常自豪例如 用XP比較穩定程式 老系統只有XP能跑還有人說不怕中毒？這究竟是老闆cost down 的陰謀還是台灣產業根本不用升級？有八卦？-----Sent from JPTT on my iPhone--"], "post_comment": [{"comment_author": "BlueBird5566", "comment_date": ["05/04", "08:45"], "comment_content": "98再戰十年"}, {"comment_author": "nh60211as", "comment_date": ["05/04", "08:45"], "comment_content": "單純跑的程式沒更新"}, {"comment_author": "sformosa", "comment_date": ["05/04", "08:46"], "comment_content": "提款機好像就有XP的"}, {"comment_author": "snocia", "comment_date": ["05/04", "08:46"], "comment_content": "基本上是用的程式只能在XP上跑"}, {"comment_author": "ComeThrough", "comment_date": ["05/04", "08:46"], "comment_content": "軟體沒升級"}, {"comment_author": "snow3804", "comment_date": ["05/04", "08:46"], "comment_content": "沒壞為什麼要換"}, {"comment_author": "roywow", "comment_date": ["05/04", "08:47"], "comment_content": "基本上大部分軟體都有pack上11根本沒問題"}, {"comment_author": "linhu8883324", "comment_date": ["05/04", "08:47"], "comment_content": "有可能是舊電腦 新電腦也裝不了XP"}, {"comment_author": "rony98", "comment_date": ["05/04", "08:48"], "comment_content": "當時從XP到WIN10 一堆老遊戲不能玩..."}, {"comment_author": "ruln", "comment_date": ["05/04", "08:49"], "comment_content": "可能很多程式寫死XP,如果更新就不能用了。"}, {"comment_author": "chives465", "comment_date": ["05/04", "08:51"], "comment_content": "傳統產業大部分獲利就固定那樣，產業"}, {"comment_author": "chives465", "comment_date": ["05/04", "08:51"], "comment_content": "升級獲利沒提升是有毛用"}, {"comment_author": "abcd5566", "comment_date": ["05/04", "08:54"], "comment_content": "xp解析度不是很差嗎"}, {"comment_author": "akira01", "comment_date": ["05/04", "08:55"], "comment_content": "好幾百萬開發的程式都只能在xp上跑"}, {"comment_author": "whitefox", "comment_date": ["05/04", "08:55"], "comment_content": "win 2000"}, {"comment_author": "laugh8562", "comment_date": ["05/04", "08:56"], "comment_content": "2024還在用XP的真的是拉基公司"}, {"comment_author": "widec", "comment_date": ["05/04", "08:59"], "comment_content": "不然你要再花幾百萬開程新程式嗎"}, {"comment_author": "tanted", "comment_date": ["05/04", "09:00"], "comment_content": "難道好幾百萬程式都沒有新版的嗎? 一直停"}, {"comment_author": "tanted", "comment_date": ["05/04", "09:00"], "comment_content": "留只能用XP嗎"}, {"comment_author": "xbit", "comment_date": ["05/04", "09:03"], "comment_content": "換系統工程有多大這沒做it體會不了..(茶)"}, {"comment_author": "akira01", "comment_date": ["05/04", "09:06"], "comment_content": "以前老程式都沒測試程式,改新版爆掉的責"}, {"comment_author": "akira01", "comment_date": ["05/04", "09:06"], "comment_content": "任是罰款,官司上新聞,公司損失數千萬,所"}, {"comment_author": "akira01", "comment_date": ["05/04", "09:06"], "comment_content": "以沒人想扛吧"}, {"comment_author": "akira01", "comment_date": ["05/04", "09:09"], "comment_content": "國內某家知名銀行,就是如此,找的還是世"}, {"comment_author": "frgthy", "comment_date": ["05/04", "09:09"], "comment_content": "你知道還有醫院跟診所在用XP嗎？"}, {"comment_author": "akira01", "comment_date": ["05/04", "09:09"], "comment_content": "界知名的軟體商"}, {"comment_author": "jkl183", "comment_date": ["05/04", "09:11"], "comment_content": "因為升級了 花大錢買的erp就葛屁了"}, {"comment_author": "akira01", "comment_date": ["05/04", "09:11"], "comment_content": "當然能換掉對未來永續發展有幫助,至少不"}, {"comment_author": "akira01", "comment_date": ["05/04", "09:11"], "comment_content": "會等到某些bug發生之後,無法即時反應,承"}, {"comment_author": "akira01", "comment_date": ["05/04", "09:11"], "comment_content": "受的損失吧"}, {"comment_author": "banana0713", "comment_date": ["05/04", "09:15"], "comment_content": "你知道銀行的系統比XP還老舊嗎"}, {"comment_author": "JamesForrest", "comment_date": ["05/04", "09:16"], "comment_content": "窮又不長腦袋的公司"}, {"comment_author": "chenweichih", "comment_date": ["05/04", "09:16"], "comment_content": "單純只跑公司系統的那種電腦倒是沒"}, {"comment_author": "chenweichih", "comment_date": ["05/04", "09:16"], "comment_content": "差 如果還要文書等等的還不給升級實"}, {"comment_author": "chenweichih", "comment_date": ["05/04", "09:16"], "comment_content": "在...."}, {"comment_author": "darkholy", "comment_date": ["05/04", "09:18"], "comment_content": "每連網外的電腦XP真的穩"}, {"comment_author": "darkholy", "comment_date": ["05/04", "09:18"], "comment_content": "沒連網外"}, {"comment_author": "fony1029", "comment_date": ["05/04", "09:23"], "comment_content": "因為軟體很貴"}, {"comment_author": "fony1029", "comment_date": ["05/04", "09:24"], "comment_content": "一堆只用word excel上班的 沒有想過auto"}, {"comment_author": "fony1029", "comment_date": ["05/04", "09:24"], "comment_content": "cad多貴"}, {"comment_author": "fony1029", "comment_date": ["05/04", "09:26"], "comment_content": "更別提一些客製化ERP，他們還是撐到IE最"}, {"comment_author": "fony1029", "comment_date": ["05/04", "09:26"], "comment_content": "後一刻才逼不得已寫成APP繼續用IE架構跑"}, {"comment_author": "fony1029", "comment_date": ["05/04", "09:26"], "comment_content": " XDD"}, {"comment_author": "kogsww", "comment_date": ["05/04", "09:26"], "comment_content": "綁機台程式啦QQ"}, {"comment_author": "wanderer1412", "comment_date": ["05/04", "09:26"], "comment_content": "都有公司還在用AS400了"}, {"comment_author": "fony1029", "comment_date": ["05/04", "09:28"], "comment_content": "只能說只用word excel賺錢的人根本不懂"}, {"comment_author": "fony1029", "comment_date": ["05/04", "09:28"], "comment_content": "有哪些花到50幾萬開發的軟體，要用你的"}, {"comment_author": "fony1029", "comment_date": ["05/04", "09:28"], "comment_content": "年薪來扣嗎嘻嘻，能開機且還是圖像型算"}, {"comment_author": "fony1029", "comment_date": ["05/04", "09:28"], "comment_content": "很好了，沒給你要用dos打指令的開機"}, {"comment_author": "rickphyman42", "comment_date": ["05/04", "09:29"], "comment_content": "超白癡 難怪台灣都不會進步"}, {"comment_author": "fony1029", "comment_date": ["05/04", "09:29"], "comment_content": "實驗室內還有windows 95的，啊綁儀器你"}, {"comment_author": "fony1029", "comment_date": ["05/04", "09:29"], "comment_content": "也無法啊，機器掛掉還得去什麼二手店買"}, {"comment_author": "fony1029", "comment_date": ["05/04", "09:30"], "comment_content": "來替換的☺"}, {"comment_author": "springman", "comment_date": ["05/04", "09:31"], "comment_content": "懶得花錢吧！終究懶得更新設備。"}, {"comment_author": "fony1029", "comment_date": ["05/04", "09:33"], "comment_content": "因為台灣採購儀器都沒年限概念啊，就是"}, {"comment_author": "fony1029", "comment_date": ["05/04", "09:33"], "comment_content": "買了用終身，壞了用修的就好了"}, {"comment_author": "fony1029", "comment_date": ["05/04", "09:34"], "comment_content": "他們說年限那是公家機關要消化預算的"}, {"comment_author": "fony1029", "comment_date": ["05/04", "09:38"], "comment_content": "對了 office給你用365根本最頂 很多都是"}, {"comment_author": "fony1029", "comment_date": ["05/04", "09:38"], "comment_content": "2010而已，他們畢竟只要你能開資料就好"}, {"comment_author": "guanting886", "comment_date": ["05/04", "09:41"], "comment_content": "不要考慮被入侵的問題什麼的 其實早"}, {"comment_author": "guanting886", "comment_date": ["05/04", "09:41"], "comment_content": "期的系統越單純就越穩定"}, {"comment_author": "guanting886", "comment_date": ["05/04", "09:42"], "comment_content": "但程式跟執行環境迭代很快 作業系統"}, {"comment_author": "guanting886", "comment_date": ["05/04", "09:42"], "comment_content": "也有一部分是刻意去淘汰的"}, {"comment_author": "HowLeeHi", "comment_date": ["05/04", "09:43"], "comment_content": "你不知道還有企業電腦跑dos嗎?"}, {"comment_author": "deathbead", "comment_date": ["05/04", "09:48"], "comment_content": "升級賺的也不會比較多"}, {"comment_author": "PPPGGG", "comment_date": ["05/04", "09:48"], "comment_content": "不然你整套要重做膩 = ="}, {"comment_author": "icedata", "comment_date": ["05/04", "09:53"], "comment_content": "不分新舊 不會時不時當掉 bug很少的軟體"}, {"comment_author": "icedata", "comment_date": ["05/04", "09:53"], "comment_content": "就是好軟體"}, {"comment_author": "rsdy", "comment_date": ["05/04", "09:59"], "comment_content": "看過一堆95"}, {"comment_author": "lisab", "comment_date": ["05/04", "10:01"], "comment_content": "會動就別碰的概念"}, {"comment_author": "ra88872", "comment_date": ["05/04", "10:15"], "comment_content": "機台的話那就真的沒辦法，單純文書或erp"}, {"comment_author": "ra88872", "comment_date": ["05/04", "10:15"], "comment_content": "那你更新到很新的版本的用意？"}, {"comment_author": "ra88872", "comment_date": ["05/04", "10:19"], "comment_content": "還是你以為換個作業系統，一間公司只花幾"}, {"comment_author": "ra88872", "comment_date": ["05/04", "10:19"], "comment_content": "萬塊就能處理？連帶一大堆系統都得配合的"}, {"comment_author": "ra88872", "comment_date": ["05/04", "10:19"], "comment_content": "話，不只花錢還得被罵，更新意味著被更新"}, {"comment_author": "ra88872", "comment_date": ["05/04", "10:19"], "comment_content": "的部門還要配合檢查軟體是否有問題資料是"}, {"comment_author": "ra88872", "comment_date": ["05/04", "10:20"], "comment_content": "否錯亂或流失，嫌事情太少還是上班沒挑戰"}, {"comment_author": "ra88872", "comment_date": ["05/04", "10:20"], "comment_content": "？"}, {"comment_author": "dangercat5", "comment_date": ["05/04", "10:20"], "comment_content": "不用多花錢 錢包穩定"}, {"comment_author": "vzdce", "comment_date": ["05/04", "10:38"], "comment_content": "不能說完全不對，但也不是完全對。的確是"}, {"comment_author": "vzdce", "comment_date": ["05/04", "10:38"], "comment_content": "有配套程式強迫要用xp, 因為沒有升級版本"}, {"comment_author": "vzdce", "comment_date": ["05/04", "10:38"], "comment_content": "。另外一面，換新的也有導入風險，可以參"}, {"comment_author": "vzdce", "comment_date": ["05/04", "10:38"], "comment_content": "考看看最近日本Glico 導SAP 的慘狀。"}, {"comment_author": "summerleaves", "comment_date": ["05/04", "10:42"], "comment_content": "XP SP3 世界穩 沒有之一"}, {"comment_author": "purplebfly", "comment_date": ["05/04", "10:45"], "comment_content": "連上網都不能上網了,你還敢說不安全?"}, {"comment_author": "okgogogo", "comment_date": ["05/04", "11:06"], "comment_content": "公司三百多萬的儀器開機就是xp"}, {"comment_author": "hayamakurata", "comment_date": ["05/04", "11:19"], "comment_content": "舊版這種商業軟體買斷制不能更新，"}, {"comment_author": "hayamakurata", "comment_date": ["05/04", "11:19"], "comment_content": "新版人家學乖了搞訂閱制你想對應新O"}, {"comment_author": "hayamakurata", "comment_date": ["05/04", "11:19"], "comment_content": "S只能每年訂閱…"}, {"comment_author": "iorih0304", "comment_date": ["05/04", "11:40"], "comment_content": "如果不連外網應該還好"}, {"comment_author": "cat5672", "comment_date": ["05/04", "11:42"], "comment_content": "雖然現在搞資安的很多很喜歡用xp當靶機"}, {"comment_author": "cat5672", "comment_date": ["05/04", "11:43"], "comment_content": "當然是虛擬機 不過如果你試過就知道"}, {"comment_author": "Noobungas", "comment_date": ["05/04", "11:46"], "comment_content": "你要幫忙免費升級？"}, {"comment_author": "cat5672", "comment_date": ["05/04", "11:46"], "comment_content": "xp在現在一般網路環境是很難用的 所以"}, {"comment_author": "cat5672", "comment_date": ["05/04", "11:47"], "comment_content": "其實那些還在用xp的也不會連到外網上面"}, {"comment_author": "fony1029", "comment_date": ["05/04", "11:57"], "comment_content": "其實公司寧可買高檔一點的防火牆也不會"}, {"comment_author": "fony1029", "comment_date": ["05/04", "11:57"], "comment_content": "更新電腦，一台防火牆比你整間公司換下"}, {"comment_author": "fony1029", "comment_date": ["05/04", "11:57"], "comment_content": "來便宜很多，你不過餬口飯也不需要什麼"}, {"comment_author": "fony1029", "comment_date": ["05/04", "11:57"], "comment_content": "電競設備吧，不過我是MIS都一次開到頂就"}, {"comment_author": "fony1029", "comment_date": ["05/04", "11:57"], "comment_content": "是了嘻嘻"}, {"comment_author": "LeoYuri", "comment_date": ["05/04", "12:05"], "comment_content": "台灣大型ERP公司不得不說真的超級爛"}, {"comment_author": "luismars", "comment_date": ["05/04", "12:34"], "comment_content": "應該滿滿的毒吧"}, {"comment_author": "after1", "comment_date": ["05/04", "12:36"], "comment_content": "應用程式太舊"}, {"comment_author": "ra88872", "comment_date": ["05/04", "12:52"], "comment_content": "應用程式舊你也得適應啊，不然你用新版的"}, {"comment_author": "ra88872", "comment_date": ["05/04", "12:52"], "comment_content": "拿去公司設備做簡報還是支援出包了怎辦？"}, {"comment_author": "ra88872", "comment_date": ["05/04", "12:52"], "comment_content": "公司又不是只有你一個在做事。"}, {"comment_author": "yabibear", "comment_date": ["05/04", "12:54"], "comment_content": "erp主要是操作不友善 顯示也很傷眼"}, {"comment_author": "s81048112", "comment_date": ["05/04", "12:58"], "comment_content": "差不多"}, {"comment_author": "milkkiss", "comment_date": ["05/04", "13:22"], "comment_content": "軟體不支援"}, {"comment_author": "a6444long", "comment_date": ["05/04", "14:00"], "comment_content": "工業機器的主機就更新慢啊！要更新只會"}, {"comment_author": "a6444long", "comment_date": ["05/04", "14:00"], "comment_content": "叫你軟硬體買新的 幾千萬是要賺多久才"}, {"comment_author": "a6444long", "comment_date": ["05/04", "14:00"], "comment_content": "能回本？歐美小日本資本主意的發財陰謀"}, {"comment_author": "a6444long", "comment_date": ["05/04", "14:00"], "comment_content": "啦！"}, {"comment_author": "Colaman", "comment_date": ["05/04", "14:20"], "comment_content": "沒壞的東西不要修"}, {"comment_author": "addussa", "comment_date": ["05/04", "15:01"], "comment_content": "台灣產業怎麼需要升級 等著被淘汰就好"}, {"comment_author": "addussa", "comment_date": ["05/04", "15:01"], "comment_content": "就一堆不知長進的貨色"}, {"comment_author": "TZofHES", "comment_date": ["05/04", "16:12"], "comment_content": "有的銀行都還在用ibm，xp很先進了"}, {"comment_author": "JASONGOAHEAD", "comment_date": ["05/04", "16:32"], "comment_content": "我記得多年前公司電腦從xp 升到win7"}, {"comment_author": "JASONGOAHEAD", "comment_date": ["05/04", "16:32"], "comment_content": "辦公室的點陣印表機直接升天"}, {"comment_author": "Tomince", "comment_date": ["05/04", "23:09"], "comment_content": "不講安全性 xp和win7最好用.."}]}
