{"author": "s66449 (老實樣)", "category": "Gossiping", "title": "[問卦] 肥宅每天宅在家不出門有加分嗎？", "date": "Mon Apr 29 17:05:04 2024", "content": ["如果肥宅每天都懶的出門都開冷氣宅在家 躲避炎熱和人潮o’_’o乖乖地活在自己的世界這種肥宅有加分嗎？--"], "post_comment": [{"comment_author": "linda17a3", "comment_date": ["04/29", "17:05"], "comment_content": "怎麼賺錢"}, {"comment_author": "snow3804", "comment_date": ["04/29", "17:05"], "comment_content": "《有效文章》21264 篇 (退:0)又加分了"}, {"comment_author": "zxc17893", "comment_date": ["04/29", "17:05"], "comment_content": "加分阿"}, {"comment_author": "felixden", "comment_date": ["04/29", "17:05"], "comment_content": "我天天跟女友做愛有加分嗎"}, {"comment_author": "johnhmj", "comment_date": ["04/29", "17:05"], "comment_content": "好，歐印雞雞愛呆彎啦！"}, {"comment_author": "WIGGINS22", "comment_date": ["04/29", "17:05"], "comment_content": "有"}, {"comment_author": "Israfil", "comment_date": ["04/29", "17:05"], "comment_content": "扣分啊 持續使用冷氣消耗電力 還排出廢氣"}, {"comment_author": "ko7625", "comment_date": ["04/29", "17:05"], "comment_content": "有 拜託繼續保持"}, {"comment_author": "jason138", "comment_date": ["04/29", "17:06"], "comment_content": "就是孤僻的肥宅"}, {"comment_author": "alloc", "comment_date": ["04/29", "17:08"], "comment_content": "超過100分"}, {"comment_author": "Nonegrame", "comment_date": ["04/29", "17:11"], "comment_content": "有 唯一加分的項目"}, {"comment_author": "nxuanr", "comment_date": ["04/29", "17:26"], "comment_content": "有，至少你沒做壞事 贏了50%的人了"}]}
