{"author": "kuma52 (熊熊)", "category": "Gossiping", "title": "[問卦] line bank登不進去", "date": "Sun Apr 28 23:37:48 2024", "content": ["各位安安問一下大家很愛用Line Pay轉帳但是現在是不是line bank登錄不了啊？工程師是在幹嘛？真的是不要這樣。有沒有LINE Bank少收賴轉帳手續費算好用，但是系統有點爛的掛？--Sent from nPTT on my iPhone 14 Pro Max--"], "post_comment": [{"comment_author": "porkonrice", "comment_date": ["04/28", "23:38"], "comment_content": "轉帳剩30次免費:（"}, {"comment_author": "laugh8562", "comment_date": ["04/28", "23:39"], "comment_content": "你不會去看公告有沒有在維護喔"}, {"comment_author": "achun1212", "comment_date": ["04/28", "23:39"], "comment_content": "網銀很常晚上11:00開始維護"}, {"comment_author": "SoSo5566", "comment_date": ["04/28", "23:50"], "comment_content": "看起來正常了"}]}
