{"author": "lifesg (無價之寶)", "category": "Gossiping", "title": "[問卦] 強化琺瑯質牙膏 求推薦", "date": "Sun Apr 28 21:42:15 2024", "content": ["最近看Youtube，有牙醫師說，蛀牙在輕微時期，也就是脫鈣時期是可以救的這時候就要用一些可以強化琺瑯質的牙膏產品但是這牙醫是個加拿大牙醫推薦的產品台灣沒賣要跑Amazon也未免太麻煩想來這裡求推薦啦台灣有賣，又能強化琺瑯質，挽救牙齒脫鈣的牙膏品牌!!--"], "post_comment": [{"comment_author": "sexybox", "comment_date": ["04/28", "21:43"], "comment_content": "搜尋一下牙齦膏"}, {"comment_author": "turndown4wat", "comment_date": ["04/28", "21:43"], "comment_content": "推西人牙膏"}, {"comment_author": "cuteSquirrel", "comment_date": ["04/28", "21:43"], "comment_content": "舒酸定? 塗氟?"}, {"comment_author": "sactor", "comment_date": ["04/28", "21:43"], "comment_content": "安麗"}, {"comment_author": "derrick1220", "comment_date": ["04/28", "21:43"], "comment_content": "西人+1"}, {"comment_author": "Dinenger", "comment_date": ["04/28", "21:44"], "comment_content": "植牙了啦 你沒救了 你以為是輕微"}, {"comment_author": "qa1122z", "comment_date": ["04/28", "21:44"], "comment_content": "運動"}, {"comment_author": "Julian9x9x9", "comment_date": ["04/28", "21:44"], "comment_content": "西黑人"}, {"comment_author": "savageg", "comment_date": ["04/28", "21:44"], "comment_content": "前一陣子買舒酸定novamin 牙膏，特價一"}, {"comment_author": "savageg", "comment_date": ["04/28", "21:44"], "comment_content": "支才六七十台幣，買了18支"}, {"comment_author": "qa1122z", "comment_date": ["04/28", "21:45"], "comment_content": "讓更多的血液進入牙齒"}, {"comment_author": "a11199928", "comment_date": ["04/28", "21:45"], "comment_content": "貝利達牙膏紅色款，他有特殊成份可以增"}, {"comment_author": "a11199928", "comment_date": ["04/28", "21:45"], "comment_content": "厚琺瑯質"}, {"comment_author": "qa1122z", "comment_date": ["04/28", "21:45"], "comment_content": "其次是少吃化工糖"}, {"comment_author": "purue", "comment_date": ["04/28", "21:46"], "comment_content": "貝利達 prokudent"}, {"comment_author": "qa1122z", "comment_date": ["04/28", "21:48"], "comment_content": "你覺得單靠刷刷牙就可以增加琺瑯質？"}, {"comment_author": "qa1122z", "comment_date": ["04/28", "21:50"], "comment_content": "其實身體素質才是會不會蛀牙的關鍵，起碼"}, {"comment_author": "qa1122z", "comment_date": ["04/28", "21:50"], "comment_content": "佔一半因素"}, {"comment_author": "a0808996", "comment_date": ["04/28", "21:57"], "comment_content": "好好刷牙用牙線 不要蛀牙 就不需要"}, {"comment_author": "nausea", "comment_date": ["04/28", "22:34"], "comment_content": "貝利達plus"}, {"comment_author": "ThisisLongID", "comment_date": ["04/28", "22:37"], "comment_content": "減少食物在嘴巴的時間比較有用吧"}, {"comment_author": "ThisisLongID", "comment_date": ["04/28", "22:37"], "comment_content": "例如珍奶一口乾不要慢慢吸一下午"}, {"comment_author": "Pttsheep", "comment_date": ["04/29", "00:57"], "comment_content": "我覺得蛀牙重點在於清潔，不在牙膏"}, {"comment_author": "Pttsheep", "comment_date": ["04/29", "00:58"], "comment_content": "刷牙角度、刷毛彎掉都要注意更新"}, {"comment_author": "Pttsheep", "comment_date": ["04/29", "01:00"], "comment_content": "畢竟牙膏在口內時間停留不久"}, {"comment_author": "Pttsheep", "comment_date": ["04/29", "01:03"], "comment_content": "用再好的牙膏，牙齦卡殘渣沒刷掉也是沒"}]}
