{"author": "t340081231 (t34)", "category": "Gossiping", "title": "[問卦] 大家人生出入境總共幾次？", "date": "Fri May  3 01:36:41 2024", "content": ["最近內政部可以查詢出生到現在，總共出國了幾次，我自己查是31次，比想像中少…可能是因為有時候出國會去好幾個國家但在系統上只會算到一次出入境想問問板上300萬年收大大，查到自己的次數是幾次？--", "改了", "很猛了要感謝你爸媽對你很好耶", "五大洲只剩非洲沒去過了我只去過日本5次 菜到在日旅版都不敢講話的那種捏XD", "搜尋my data"], "post_comment": [{"comment_author": "a27588679", "comment_date": ["05/03", "01:37"], "comment_content": "我以為你想問瀕死體驗"}, {"comment_author": "Himiko9975", "comment_date": ["05/03", "01:40"], "comment_content": "13"}, {"comment_author": "Himiko9975", "comment_date": ["05/03", "01:40"], "comment_content": "小妹大概18歲 還算合格吧"}, {"comment_author": "F430", "comment_date": ["05/03", "01:41"], "comment_content": "我出國39800次"}, {"comment_author": "YAYA6655", "comment_date": ["05/03", "01:43"], "comment_content": "如果出國31次，其中28次是日本...那也.."}, {"comment_author": "Ericz7000", "comment_date": ["05/03", "01:52"], "comment_content": "怎麼查？"}, {"comment_author": "lovepm860524", "comment_date": ["05/03", "01:53"], "comment_content": "0"}, {"comment_author": "WTF1111", "comment_date": ["05/03", "01:58"], "comment_content": "在歐洲住了三年算幾次？"}, {"comment_author": "Ericz7000", "comment_date": ["05/03", "02:03"], "comment_content": "好像要台灣手機認證？"}, {"comment_author": "leohayashi1", "comment_date": ["05/03", "02:47"], "comment_content": "2004年底從美國回來後，美國，加拿"}, {"comment_author": "leohayashi1", "comment_date": ["05/03", "02:47"], "comment_content": "大，歐洲，日本，韓國，中國接近300"}, {"comment_author": "leohayashi1", "comment_date": ["05/03", "02:47"], "comment_content": "次 出國到累，疫情那段期間我沒出國"}, {"comment_author": "leohayashi1", "comment_date": ["05/03", "02:48"], "comment_content": "快兩年 真爽"}, {"comment_author": "a82380", "comment_date": ["05/03", "02:57"], "comment_content": "0"}, {"comment_author": "RC8377", "comment_date": ["05/03", "03:14"], "comment_content": "1"}, {"comment_author": "Yehei", "comment_date": ["05/03", "04:30"], "comment_content": "目前0，唯一離開坐飛機離開本島是去澎湖"}, {"comment_author": "MedEngineer", "comment_date": ["05/03", "05:33"], "comment_content": "移民的算幾次？"}, {"comment_author": "c88tm", "comment_date": ["05/03", "05:48"], "comment_content": "如果紀錄寫的我不記得了那還算嗎"}, {"comment_author": "smallfox1215", "comment_date": ["05/03", "08:00"], "comment_content": "0次。我太魯了，對不起國家社會"}, {"comment_author": "JFNfrog", "comment_date": ["05/03", "08:12"], "comment_content": "目前人在國外，加這次81次"}, {"comment_author": "system303179", "comment_date": ["05/03", "10:42"], "comment_content": "怎麼紀錄都看不到去哪個國家嗎"}, {"comment_author": "applypig", "comment_date": ["05/03", "11:57"], "comment_content": "我都直接從國外回國，次數是負的"}, {"comment_author": "chiopin", "comment_date": ["05/03", "18:09"], "comment_content": "出國10次"}]}
