{"author": "f77928 (喜劇之王)", "category": "Gossiping", "title": "[問卦] 志效是不是證明奶大就是正義這招沒用了", "date": "Tue Apr 30 15:01:50 2024", "content": ["以前不管發生什麼事鄉民都會推 選奶大的 奶大就是正義但今天志效玩梗子瑜道歉影片為什麼就沒有人原諒她一片罵聲呢？", "還罕見的台灣中國都在噴難道奶大真的不管用了嗎？", "--"], "post_comment": [{"comment_author": "lucifiel1618", "comment_date": ["04/30", "15:02"], "comment_content": "原來沒看到奶，現在是對的了"}, {"comment_author": "OPPAISuki", "comment_date": ["04/30", "15:03"], "comment_content": "臉也大啊"}, {"comment_author": "OPPAISuki", "comment_date": ["04/30", "15:04"], "comment_content": "年紀也大 變心機肥婆了"}, {"comment_author": "ziso", "comment_date": ["04/30", "15:04"], "comment_content": "抱歉 一開始沒看到奶 現在確實沒錯了"}, {"comment_author": "s9451002tim", "comment_date": ["04/30", "15:04"], "comment_content": "臉>奶"}, {"comment_author": "whiteadam", "comment_date": ["04/30", "15:05"], "comment_content": "肥"}, {"comment_author": "btaro", "comment_date": ["04/30", "15:05"], "comment_content": "太醜了"}, {"comment_author": "ReiKuromiya", "comment_date": ["04/30", "15:06"], "comment_content": ""}, {"comment_author": "haha98", "comment_date": ["04/30", "15:06"], "comment_content": "你去看留言 韓國人 歐美人都覺得這影片很"}, {"comment_author": "haha98", "comment_date": ["04/30", "15:06"], "comment_content": "棒 現在其實只有台灣和中國人在罵而已 證"}, {"comment_author": "haha98", "comment_date": ["04/30", "15:06"], "comment_content": "明奶大還是有用的 即便是胖妹 奶大還是有"}, {"comment_author": "haha98", "comment_date": ["04/30", "15:06"], "comment_content": "人喜歡"}, {"comment_author": "ReiKuromiya", "comment_date": ["04/30", "15:06"], "comment_content": "韓國人根本沒人在乎"}, {"comment_author": "buslover", "comment_date": ["04/30", "15:06"], "comment_content": "奶大就是正義 露奶才會原諒 懂？嘻嘻"}, {"comment_author": "ReiKuromiya", "comment_date": ["04/30", "15:06"], "comment_content": "台灣人話燒而已"}, {"comment_author": "EXIONG", "comment_date": ["04/30", "15:08"], "comment_content": "只有台灣人幹嘛刪文 一堆看戲的嘴巴就閉起"}, {"comment_author": "EXIONG", "comment_date": ["04/30", "15:08"], "comment_content": "來吧"}, {"comment_author": "Chanlin01", "comment_date": ["04/30", "15:12"], "comment_content": "太醜"}, {"comment_author": "ezmain", "comment_date": ["04/30", "15:12"], "comment_content": "我現在挺他了"}, {"comment_author": "allen0981", "comment_date": ["04/30", "15:13"], "comment_content": "醜 乃大也沒用"}, {"comment_author": "em4", "comment_date": ["04/30", "15:14"], "comment_content": "整超大的 她媽怎認出來的"}, {"comment_author": "t20031210", "comment_date": ["04/30", "15:16"], "comment_content": "吃自己隊內成員的豆腐有夠噁心，無聊"}, {"comment_author": "t20031210", "comment_date": ["04/30", "15:16"], "comment_content": "當有趣？"}, {"comment_author": "pttboy99", "comment_date": ["04/30", "15:16"], "comment_content": "裡面倒數醜的"}, {"comment_author": "zxcv40711", "comment_date": ["04/30", "15:18"], "comment_content": "明明就是很好笑的影片 一堆人拿來鞭"}, {"comment_author": "cymtrex", "comment_date": ["04/30", "15:19"], "comment_content": "2old"}, {"comment_author": "cymtrex", "comment_date": ["04/30", "15:22"], "comment_content": "他可以不刪啊，這團早就不需要中華市場，"}, {"comment_author": "cymtrex", "comment_date": ["04/30", "15:22"], "comment_content": "順便恨周子瑜是台灣人害他們少賺一開始的"}, {"comment_author": "cymtrex", "comment_date": ["04/30", "15:22"], "comment_content": "中國錢"}, {"comment_author": "NENE31", "comment_date": ["04/30", "15:22"], "comment_content": "好大"}, {"comment_author": "victoryuy", "comment_date": ["04/30", "15:23"], "comment_content": "只知道JYP經該事件後視國籍話題為禁忌"}, {"comment_author": "scum5566", "comment_date": ["04/30", "15:26"], "comment_content": "台灣因素先不說，她拍這個根本是在臭同"}, {"comment_author": "scum5566", "comment_date": ["04/30", "15:26"], "comment_content": "團團員"}, {"comment_author": "Melmetal", "comment_date": ["04/30", "15:26"], "comment_content": "還好吧 為啥大家很怒 可能我滿眼胸部吧"}, {"comment_author": "pokemon", "comment_date": ["04/30", "15:36"], "comment_content": "真以為國外有人生氣喔"}, {"comment_author": "laugh8562", "comment_date": ["04/30", "15:48"], "comment_content": "她長得醜 END"}, {"comment_author": "GABA", "comment_date": ["04/30", "15:51"], "comment_content": "4"}, {"comment_author": "ccococo", "comment_date": ["04/30", "16:01"], "comment_content": "別人生不生氣關我屁事 韓狗吃屎"}, {"comment_author": "kimura0701", "comment_date": ["04/30", "16:16"], "comment_content": "並沒有 大奶我來"}, {"comment_author": "A0908", "comment_date": ["04/30", "16:54"], "comment_content": "因為她影片沒有露奶阿"}, {"comment_author": "SPAEK", "comment_date": ["04/30", "17:00"], "comment_content": "蹲這麼久 被我們子瑜害了一把 現在討回去啊"}, {"comment_author": "verydolungbe", "comment_date": ["04/30", "17:28"], "comment_content": "變瘦縮水了，別拿以前照片騙"}]}
