{"author": "ssnopra (provia不要開口～不要回 )", "category": "Gossiping", "title": "[問卦] 台灣開咖啡廳是不是很好賺？", "date": "Thu May  2 13:57:53 2024", "content": ["備有有四五種甜點再配上手沖特色咖啡豆店員又高又帥是不是穩賺不賠啊？小本生意100萬初始本金是否可以吸引在地客？--"], "post_comment": [{"comment_author": "cuteSquirrel", "comment_date": ["05/02", "13:58"], "comment_content": "樓下開店開到上市"}, {"comment_author": "jupei", "comment_date": ["05/02", "13:59"], "comment_content": "上班之後很少去咖啡廳了"}, {"comment_author": "james732", "comment_date": ["05/02", "13:59"], "comment_content": "這麼好賺你怎麼不去賺"}, {"comment_author": "noway", "comment_date": ["05/02", "14:00"], "comment_content": "有自己的店面好說 沒有的話會很辛苦"}, {"comment_author": "iamandre", "comment_date": ["05/02", "14:00"], "comment_content": "那種成本 一杯也賣23百"}, {"comment_author": "noway", "comment_date": ["05/02", "14:01"], "comment_content": "朋友開在台北市南京東路靠三民路 2年燒400"}, {"comment_author": "spiriturl", "comment_date": ["05/02", "14:02"], "comment_content": "一杯成本就5% 消費者買的是方便"}, {"comment_author": "jojolau", "comment_date": ["05/02", "14:06"], "comment_content": "一定是沒有手搖外帶的好賺，不然為何以前"}, {"comment_author": "jojolau", "comment_date": ["05/02", "14:06"], "comment_content": "很多泡沫紅茶店關到沒半間？"}, {"comment_author": "jojolau", "comment_date": ["05/02", "14:07"], "comment_content": "很懷念以前的泡沫紅茶店可以點套餐茶點然"}, {"comment_author": "jojolau", "comment_date": ["05/02", "14:07"], "comment_content": "後吹冷氣跟朋友聊天！"}, {"comment_author": "ringil", "comment_date": ["05/02", "14:13"], "comment_content": "首先要比超商好喝但又不能貴太多"}, {"comment_author": "atari77", "comment_date": ["05/02", "14:14"], "comment_content": "超好賺 裝潢業者隨便一次都賺上百萬的 沒"}, {"comment_author": "atari77", "comment_date": ["05/02", "14:14"], "comment_content": "半年又可來一次"}, {"comment_author": "zsyian", "comment_date": ["05/02", "14:15"], "comment_content": "拉麵店"}, {"comment_author": "SidMax", "comment_date": ["05/02", "14:16"], "comment_content": "100應該開不起來"}, {"comment_author": "Qunnine", "comment_date": ["05/02", "14:24"], "comment_content": "沒有很好賺"}, {"comment_author": "Qunnine", "comment_date": ["05/02", "14:24"], "comment_content": "收掉的很多"}, {"comment_author": "d06", "comment_date": ["05/02", "14:26"], "comment_content": "沒有吧  有些根本沒開多久 就不見了"}, {"comment_author": "imba789", "comment_date": ["05/02", "18:24"], "comment_content": "真的好賺，你快開"}]}
