{"author": "WAXNSIM (【什麼才是極致廢文？】)", "category": "Gossiping", "title": "[問卦] 對某位過世的老師感到愧疚該怎麼排解？", "date": "Sat May  4 22:30:17 2024", "content": ["其實我對很多人都感到愧疚，只是剛才讀書讀到那位老師的事。記得碩士班的時候，我有選那位老師的課，上了第一堂雖然覺得不錯，但交通上讓我太過疲累，於是退選，致使那門課開不成。期間系上別的老師打電話來勸我再選回去，但我那時候身體狀況很差，只能婉拒。後來那位老師在某一件事上，對我的請求表達願意幫忙。雖然後來沒有讓他幫忙到，但我始終很感激他。沒想到我畢業前一年，那位老師過世了。當時我就覺得對他很愧疚。剛才因為工作需要，我閱讀了一本書，書中有提及那位老師的事情，讓我愧疚感又回來了。那位老師或許後來並不記得我是誰，但我永遠記得他。請問我的愧疚感該怎麼排解呢？謝謝。--"], "post_comment": [{"comment_author": "syntax123", "comment_date": ["05/04", "22:30"], "comment_content": "簽下去"}, {"comment_author": "jgjisnew", "comment_date": ["05/04", "22:31"], "comment_content": "坐時光機回去敘舊呀"}, {"comment_author": "tmgl", "comment_date": ["05/04", "22:32"], "comment_content": "現在去幫他掃墓"}, {"comment_author": "ziso", "comment_date": ["05/04", "22:32"], "comment_content": "自殺 下去跟他道歉"}, {"comment_author": "nextpage", "comment_date": ["05/04", "22:33"], "comment_content": "無法改變的既成事實,你只能適應與它共存"}, {"comment_author": "k47100014", "comment_date": ["05/04", "22:33"], "comment_content": "死都死了，才不會在意"}, {"comment_author": "nextpage", "comment_date": ["05/04", "22:33"], "comment_content": "真正的大人就是要學會調適這些"}, {"comment_author": "d8751102", "comment_date": ["05/04", "22:35"], "comment_content": "下去陪他"}, {"comment_author": "erisiss0", "comment_date": ["05/04", "22:36"], "comment_content": "別管就好。這種小事都要愧疚早晚要死"}, {"comment_author": "andy199113", "comment_date": ["05/04", "22:39"], "comment_content": "沒關係 反正都過去了"}, {"comment_author": "Justine1937", "comment_date": ["05/04", "22:39"], "comment_content": "加油"}, {"comment_author": "justdo", "comment_date": ["05/04", "22:45"], "comment_content": "或許對那個老師來說那堂課可有可無。要是"}, {"comment_author": "justdo", "comment_date": ["05/04", "22:45"], "comment_content": "真的開不成，其他教授也可以把自己佔著的"}, {"comment_author": "justdo", "comment_date": ["05/04", "22:45"], "comment_content": "必修課給他上呀！"}, {"comment_author": "LoveHaru1986", "comment_date": ["05/04", "22:46"], "comment_content": "好好過自己的人生，我也有尊敬的師"}, {"comment_author": "LoveHaru1986", "comment_date": ["05/04", "22:47"], "comment_content": "長前年離世，沒有送到"}, {"comment_author": "justdo", "comment_date": ["05/04", "22:49"], "comment_content": "這是那個系的內部問題，與你選課無關。"}, {"comment_author": "justdo", "comment_date": ["05/04", "22:50"], "comment_content": "善待自己的家人，不要錯付時光和情緒在這"}, {"comment_author": "justdo", "comment_date": ["05/04", "22:50"], "comment_content": "件事情上。"}, {"comment_author": "wanderchang", "comment_date": ["05/04", "23:08"], "comment_content": "好好做人"}, {"comment_author": "bye2007", "comment_date": ["05/04", "23:41"], "comment_content": "做個正直又認真的人 老師就會感到欣慰了"}, {"comment_author": "erown45654", "comment_date": ["05/05", "00:47"], "comment_content": "把強姦新垣結衣的犯人抓出來贖罪"}]}
