{"author": "sasaki3630 (♥Gura鯊鯊的老公 ♥)", "category": "Gossiping", "title": "[問卦] 為何8+9沒錢，女生還願意跟= =...?", "date": "Sat May  4 19:34:55 2024", "content": ["欸欸大家都說有房車 有錢才會有女人可是我看8+9什麼都沒有啊只會抽菸喝酒打架賭博有些還有負債為什麼女生願意死心踏地跟這種人沒錢沒未來的有些還要靠女人養的跟爸媽要錢的8+9有八卦嗎peko= =?--"], "post_comment": [{"comment_author": "highyes", "comment_date": ["05/04", "19:35"], "comment_content": "懶叫一定很大"}, {"comment_author": "rgo", "comment_date": ["05/04", "19:35"], "comment_content": "同類相吸呀，女的也是小太妹"}, {"comment_author": "abcde79961a", "comment_date": ["05/04", "19:36"], "comment_content": "拳頭很浪漫, 只輸歪果仁一點點"}, {"comment_author": "wds824", "comment_date": ["05/04", "19:36"], "comment_content": "人家敢衝敢開海口許下誇張的承諾阿，反觀"}, {"comment_author": "powrtoch", "comment_date": ["05/04", "19:36"], "comment_content": "性吸引力和金錢、學識或公民素養無關"}, {"comment_author": "wds824", "comment_date": ["05/04", "19:36"], "comment_content": "肥宅？"}, {"comment_author": "brella", "comment_date": ["05/04", "19:36"], "comment_content": "8+9單人的話，其實根本不會打架"}, {"comment_author": "brella", "comment_date": ["05/04", "19:36"], "comment_content": "技巧笑死人，都嘛靠人多"}, {"comment_author": "apeople", "comment_date": ["05/04", "19:36"], "comment_content": "賣個草藥西藥一個月抵肥宅一年~最好沒錢"}, {"comment_author": "Himiko9975", "comment_date": ["05/04", "19:37"], "comment_content": "帥"}, {"comment_author": "a27588679", "comment_date": ["05/04", "19:37"], "comment_content": "89做詐騙可有錢了"}, {"comment_author": "apeople", "comment_date": ["05/04", "19:37"], "comment_content": "去看TOYZ怎摸賺"}, {"comment_author": "foreverFF", "comment_date": ["05/04", "19:38"], "comment_content": "89很賺好嗎？"}, {"comment_author": "angel902037", "comment_date": ["05/04", "19:38"], "comment_content": "因為89賺的錢都會花在妹身上"}, {"comment_author": "angel902037", "comment_date": ["05/04", "19:38"], "comment_content": "錢不夠，妹還會覺得遇到真愛借錢給89"}, {"comment_author": "angel902037", "comment_date": ["05/04", "19:38"], "comment_content": "肥宅大多靠北，那麼貴喔"}, {"comment_author": "Messi100", "comment_date": ["05/04", "19:39"], "comment_content": "+9比你賺多了 而且敢花是重點"}, {"comment_author": "patrickchan", "comment_date": ["05/04", "19:40"], "comment_content": "89做詐騙可有錢了好嗎"}, {"comment_author": "yks125", "comment_date": ["05/04", "19:41"], "comment_content": "要確8+9沒錢捏，都開名車怎麼可能沒錢"}, {"comment_author": "Jimmy030489", "comment_date": ["05/04", "19:41"], "comment_content": "費洛蒙 羨慕嗎？"}, {"comment_author": "whiteflora6", "comment_date": ["05/04", "19:42"], "comment_content": "狼若回頭不是報恩就是報仇"}, {"comment_author": "stanly3092", "comment_date": ["05/04", "19:42"], "comment_content": "真的，他們沒錢還可以借錢去花"}, {"comment_author": "BBQ2591", "comment_date": ["05/04", "19:43"], "comment_content": "為了我打架 好感動喔"}, {"comment_author": "king123", "comment_date": ["05/04", "19:46"], "comment_content": "男的你都會分成正常人跟8+9"}, {"comment_author": "king123", "comment_date": ["05/04", "19:46"], "comment_content": "女生自然也有女8+9跟男8+9配一對"}, {"comment_author": "king123", "comment_date": ["05/04", "19:47"], "comment_content": "不然檳榔西施.酒店女要找台大碩士男?"}, {"comment_author": "lawfer", "comment_date": ["05/04", "19:47"], "comment_content": "這就是台男的盲區，以為要有錢有房才有女"}, {"comment_author": "lawfer", "comment_date": ["05/04", "19:47"], "comment_content": "朋友"}, {"comment_author": "Freeven", "comment_date": ["05/04", "19:50"], "comment_content": "很man啊"}, {"comment_author": "survivalteru", "comment_date": ["05/04", "19:51"], "comment_content": "要問幾次到底"}, {"comment_author": "nxuanr", "comment_date": ["05/04", "19:52"], "comment_content": "吸毒做愛聽說很爽的"}, {"comment_author": "ab002211", "comment_date": ["05/04", "19:56"], "comment_content": "詐騙錢不能存銀行 拿去給女生花"}, {"comment_author": "ab002211", "comment_date": ["05/04", "19:56"], "comment_content": "女生看到有利可圖 就黏上去"}, {"comment_author": "ab002211", "comment_date": ["05/04", "19:57"], "comment_content": "這些89很多名下存款0 只有現金"}, {"comment_author": "angel902037", "comment_date": ["05/04", "19:58"], "comment_content": "還有肥宅連名牌皮包都會買"}, {"comment_author": "angel902037", "comment_date": ["05/04", "19:59"], "comment_content": "都不會買給自己，89妹怎麼可能會喜歡"}, {"comment_author": "starlitfish", "comment_date": ["05/04", "19:59"], "comment_content": "放進去 舒服"}, {"comment_author": "angel902037", "comment_date": ["05/04", "20:00"], "comment_content": "妹怎麼會覺得你會花錢在他身上"}, {"comment_author": "DarkerDuck", "comment_date": ["05/04", "20:03"], "comment_content": "雄性極性"}, {"comment_author": "Hermesnavy", "comment_date": ["05/04", "20:05"], "comment_content": "女的也是破麻啊"}, {"comment_author": "ssaamm810130", "comment_date": ["05/04", "20:08"], "comment_content": "要肯花錢"}, {"comment_author": "mit1614", "comment_date": ["05/04", "20:09"], "comment_content": "沒看一堆炫富的影片 最好沒錢啦~"}, {"comment_author": "Arashi0731", "comment_date": ["05/04", "20:15"], "comment_content": "怎樣都比肥宅好啊…"}, {"comment_author": "Ultramarine", "comment_date": ["05/04", "20:17"], "comment_content": "什麼鍋配什麼蓋"}, {"comment_author": "HAHAHUNG", "comment_date": ["05/04", "20:18"], "comment_content": "打炮技巧比肥宅強百倍啊"}, {"comment_author": "HAHAHUNG", "comment_date": ["05/04", "20:20"], "comment_content": "8+9把屌當K盤給女友吸 吸完順便含"}, {"comment_author": "HAHAHUNG", "comment_date": ["05/04", "20:20"], "comment_content": "就問你肥宅有沒有K仔 沒有別怨人家妹多"}, {"comment_author": "loopdiuretic", "comment_date": ["05/04", "20:29"], "comment_content": "女猴子不願意跟也沒人要"}, {"comment_author": "ab002211", "comment_date": ["05/04", "20:30"], "comment_content": "這些8+9進去關之後 女的就找下一個 玩票"}, {"comment_author": "FLy60169", "comment_date": ["05/04", "20:35"], "comment_content": "男人不壞 女人不愛"}, {"comment_author": "Hellery", "comment_date": ["05/04", "20:49"], "comment_content": "比舔狗爽太多了"}, {"comment_author": "greentea936", "comment_date": ["05/05", "00:23"], "comment_content": "一堆詐騙販毒最好沒錢"}, {"comment_author": "jackytw", "comment_date": ["05/05", "00:47"], "comment_content": "一直在意低端妹的想法幹嘛 那些低層級的"}, {"comment_author": "jackytw", "comment_date": ["05/05", "00:48"], "comment_content": "人根本不值一提"}, {"comment_author": "money1992922", "comment_date": ["05/05", "01:52"], "comment_content": "他敢給講話好笑大方你有嗎..."}]}
