{"author": "tigotigo5566 (鐵劍5566)", "category": "Gossiping", "title": "[問卦] 電價是不是漲太少了？", "date": "Wed May  1 09:57:57 2024", "content": ["嘻嘻台電都虧損了還只漲這麼一點點好像不太夠啊電價應該要跟國際接軌吧一度電漲到12元大家才會節約用電吧有沒有八卦快點大升息吧嘻嘻-----Sent from JPTT on my iPhone--拎北  鐵劍五五六六，乃天命之所歸，特從天降，拯救凡人。拎北以元始天尊之尊，下凡普渡眾生。凡我信眾，務須三步一跪，九步一拜，向拎北宣誓效忠。欽此，快叩謝拎北！--"], "post_comment": [{"comment_author": "Sarvmill", "comment_date": ["05/01", "09:58"], "comment_content": "4"}, {"comment_author": "icehorng", "comment_date": ["05/01", "09:59"], "comment_content": "4"}, {"comment_author": "tontonplus", "comment_date": ["05/01", "09:59"], "comment_content": "還一直增加燃氣組,現在漲這一點不夠燒"}, {"comment_author": "kabor", "comment_date": ["05/01", "09:59"], "comment_content": "不要花那麼多錢買私電，還搞效應低"}, {"comment_author": "kabor", "comment_date": ["05/01", "09:59"], "comment_content": "的發電設備"}, {"comment_author": "ncc5566", "comment_date": ["05/01", "09:59"], "comment_content": "節約三小 党說不缺電"}, {"comment_author": "zxcchiou", "comment_date": ["05/01", "10:01"], "comment_content": "節約幹嘛 都說不缺電"}, {"comment_author": "milk250", "comment_date": ["05/01", "10:02"], "comment_content": "我一直都支持一次漲到位  大家一起享受廢"}, {"comment_author": "milk250", "comment_date": ["05/01", "10:02"], "comment_content": "核的代價"}, {"comment_author": "gn134679", "comment_date": ["05/01", "10:05"], "comment_content": "不漲怎麼讓綠電賺大錢"}, {"comment_author": "Tendo", "comment_date": ["05/01", "10:09"], "comment_content": "大你20元"}, {"comment_author": "jhjh31213", "comment_date": ["05/01", "10:37"], "comment_content": "最好一次漲到滿 先給南部綠色信徒愛聽"}, {"comment_author": "jhjh31213", "comment_date": ["05/01", "10:37"], "comment_content": "地下電台的人 體驗將來無核的代價"}]}
