{"author": "dlevel (府城中西里菜)", "category": "Gossiping", "title": "[問卦] 築夢者算是好89吧？", "date": "Wed May  1 17:42:44 2024", "content": ["最近大數據帶阿財刷築夢者短片築夢者是嘉義的街舞團體團長哈利田晉瑜早年是大學生了沒的班底，在16年拿下世界街舞冠軍，有了第一桶金後，他選擇回鄉發展，創立築夢者，現在除了嘉義本館，還有新北、新竹、台南、福建等分館，學員們甚至有小學學員，在鄉下地方比起無所事事走入歧途，跳舞其實是相當健康的。和市府合作，青少年反毒宣傳活動 (帶頭妹子是築夢者sunny)", "戒社 (色) 大師系列，用論語開題，內容有點白爛，結合國學跟街舞的短片 (胖子是築夢者杰哥、路人築夢者國銓、肌肉男是團長弟弟小哈利)", "當然也有大家愛看的咩仔築夢者芋泥、腿咚這個不知道、築夢者波波、人氣王築夢者周周", "還有一些幫團員慶生的影片、比賽的影片、升等的影片，像個大家庭，有好笑白爛、有熱血流汗、也有讓人感動落淚的，他們向學員們傳達很正面良善的觀念，父母也很放心讓孩子學舞大家覺得呢？是不是很健康、正面的89？？--"], "post_comment": [{"comment_author": "sosoandsoso", "comment_date": ["05/01", "17:46"], "comment_content": "算不上89吧"}, {"comment_author": "losel", "comment_date": ["05/01", "17:51"], "comment_content": "這89在哪？"}, {"comment_author": "downloadboy", "comment_date": ["05/01", "17:53"], "comment_content": "89不會跳breaking"}, {"comment_author": "willism", "comment_date": ["05/01", "17:56"], "comment_content": "89七十二"}, {"comment_author": "somanyee", "comment_date": ["05/01", "17:57"], "comment_content": "breaking選手算是運動員吧"}, {"comment_author": "MarvinBagley", "comment_date": ["05/01", "17:59"], "comment_content": "Breaking都進軍奧運了，不要跟垃圾8"}, {"comment_author": "MarvinBagley", "comment_date": ["05/01", "17:59"], "comment_content": "9混為一談"}, {"comment_author": "niwatori", "comment_date": ["05/01", "21:38"], "comment_content": "他們哪理89"}, {"comment_author": "Non", "comment_date": ["05/02", "01:04"], "comment_content": "戒社系列感覺是學對岸雷師父 雷師父比較好笑"}]}
