{"author": "KevinLow (廢文漏)", "category": "Gossiping", "title": "[問卦] HE BE 是支語嗎?", "date": "Mon Apr 29 18:28:24 2024", "content": ["以前Happy Ending 就講 Happy EndingBad End 就講 Bad End不知道何時開始搞了個簡稱 HE BE不知道是誰開始的用法 是中國嗎?HE BE是支語嗎?--"], "post_comment": [{"comment_author": "NirOE", "comment_date": ["04/29", "18:28"], "comment_content": "He be A GAY"}, {"comment_author": "KillQB", "comment_date": ["04/29", "18:28"], "comment_content": "自大"}, {"comment_author": "bill403777", "comment_date": ["04/29", "18:28"], "comment_content": "自"}, {"comment_author": "syntax123", "comment_date": ["04/29", "18:30"], "comment_content": "吸偪"}, {"comment_author": "www8787", "comment_date": ["04/29", "18:31"], "comment_content": "屁哩 我20幾年就開使用惹 支三姣語=="}, {"comment_author": "nero6", "comment_date": ["04/29", "18:31"], "comment_content": "HE HE"}, {"comment_author": "guhong", "comment_date": ["04/29", "18:33"], "comment_content": "超自的"}, {"comment_author": "guhong", "comment_date": ["04/29", "18:33"], "comment_content": "  大"}, {"comment_author": "yulis", "comment_date": ["04/29", "18:34"], "comment_content": "TE TEE"}, {"comment_author": "icome", "comment_date": ["04/29", "18:44"], "comment_content": "瓦哥聞過 很自"}, {"comment_author": "Kelvinchen", "comment_date": ["04/29", "20:17"], "comment_content": "自犬"}]}
