{"author": "nk11208z (小魯)", "category": "Gossiping", "title": "[問卦] 音樂劇 \"倒垃圾\"好看嗎?", "date": "Sun Apr 28 16:00:21 2024", "content": ["剛剛看新聞說 今天有音樂劇\"倒垃圾\"除了有倪安東、夏宇童 還有另外幾位但是驚喜是:這部戲劇竟然有政治人物但不能直接講名字 不然就變政問惹不知道效果好不好好的話再來買票去看畢竟有政治人物參與 一定會多很多有趣的橋段--"], "post_comment": [{"comment_author": "qwe88016", "comment_date": ["04/28", "16:01"], "comment_content": "有真的垃圾可以看嗎"}, {"comment_author": "wafiea708", "comment_date": ["04/28", "16:04"], "comment_content": "大概知道你想要大家推什麼 XX不分藍綠"}, {"comment_author": "wafiea708", "comment_date": ["04/28", "16:05"], "comment_content": "對吧"}, {"comment_author": "tgtg", "comment_date": ["04/28", "16:06"], "comment_content": "你有花8800聽他唱歌嗎"}, {"comment_author": "vzerov", "comment_date": ["04/28", "16:09"], "comment_content": "請到了真的垃圾來演 不是用道具"}, {"comment_author": "dayend", "comment_date": ["04/28", "16:11"], "comment_content": "你是在問 當藝術被強迫成一種造勢如何嗎？"}, {"comment_author": "linspired", "comment_date": ["04/28", "16:24"], "comment_content": "會把自己打包丟掉嗎？"}, {"comment_author": "cisyong", "comment_date": ["04/28", "16:25"], "comment_content": "阿知，又沒賣數位版"}]}
