{"author": "CavendishJr (五劑究極梅西)", "category": "Gossiping", "title": "[問卦] 慟！韓國核電廠快變核一核二了", "date": "Sun Apr 28 18:01:29 2024", "content": ["韓國第一座核電廠古里核電廠1號機組2017停運2號機組去年4月執照到期也停運3號機組今年9月也到期也要停運4號機組明年8月也會到期也會停運只剩擴建後的新古里可以運作可是到2028也會因為廠內核廢料飽和整個核電廠停止運作韓國政府目前的規劃2027廠內設計乾貯廠並核定2028開工2032核電廠就能重啟惹只是這中間還有另外2座核電廠會在2030跟2031也因為飽和停運", "那不就跟核一核二一樣核廢料塞滿滿不能發電又不給核廢料入住乾貯場一樣嗎！？韓國也終於跟上台灣的路了核廢料也需要新家請支持乾貯場！！！過啊～過啊～過啊～有八卦嗎QQ--歡迎來看看美洲獅梅西><", "--"], "post_comment": [{"comment_author": "hihimen", "comment_date": ["04/28", "18:03"], "comment_content": "丟無人島就好，就環團在那邊吵"}, {"comment_author": "gino0717", "comment_date": ["04/28", "18:03"], "comment_content": "把北韓打下來就有地方擺了"}, {"comment_author": "heyd", "comment_date": ["04/28", "18:06"], "comment_content": "我們核三還不一定能除役勒"}, {"comment_author": "Anvec", "comment_date": ["04/28", "18:07"], "comment_content": "各國都發現非核帶來的問題 現在才要轉彎 會"}, {"comment_author": "Anvec", "comment_date": ["04/28", "18:07"], "comment_content": "有陣痛期"}, {"comment_author": "soarling", "comment_date": ["04/28", "18:08"], "comment_content": "世界跟上台灣了"}, {"comment_author": "yoshilin", "comment_date": ["04/28", "18:09"], "comment_content": "韓國新建的核電廠有不啟用嗎?"}, {"comment_author": "Anvec", "comment_date": ["04/28", "18:10"], "comment_content": "南韓在2022年轉彎了 但是過去的問題都被拖"}, {"comment_author": "Anvec", "comment_date": ["04/28", "18:10"], "comment_content": "延"}, {"comment_author": "Anvec", "comment_date": ["04/28", "18:11"], "comment_content": "而且南韓也遇到綠能增加電網負擔的事"}, {"comment_author": "mntonmylife", "comment_date": ["04/28", "18:15"], "comment_content": "台灣人為了用肺發電,才不給乾儲場過"}, {"comment_author": "sid3", "comment_date": ["04/28", "18:15"], "comment_content": "韓國還要幫東歐中東新建核電廠"}, {"comment_author": "cvnn", "comment_date": ["04/28", "18:16"], "comment_content": "核廢料放哪 環團都不要 然後問你核廢料放哪"}, {"comment_author": "sid3", "comment_date": ["04/28", "18:16"], "comment_content": "沒辦法  非核成本太高"}, {"comment_author": "DDxMM", "comment_date": ["04/28", "18:23"], "comment_content": "核廢料不用成本，韭菜們生命力強"}, {"comment_author": "imhank", "comment_date": ["04/28", "18:39"], "comment_content": "靠夭 怎麼現在韓國也是綠共執政嗎？"}, {"comment_author": "imhank", "comment_date": ["04/28", "18:39"], "comment_content": "韓國的白蓮教 藍蓮教的人呢？"}, {"comment_author": "Anvec", "comment_date": ["04/28", "19:14"], "comment_content": "不是喔 南韓要改變過去的減核政策"}, {"comment_author": "Anvec", "comment_date": ["04/28", "19:15"], "comment_content": "只是減核政策搞太久 已造成傷害"}, {"comment_author": "Eiji", "comment_date": ["04/28", "19:27"], "comment_content": "請新北市長好好做事，依法行政"}, {"comment_author": "jasonnccu", "comment_date": ["04/28", "20:18"], "comment_content": "先爬一下KHNP新聞好嗎"}, {"comment_author": "chinagay", "comment_date": ["04/28", "23:04"], "comment_content": "丟到萬呎深海溝就好 哪那麼多廢話"}, {"comment_author": "Forcast", "comment_date": ["04/29", "16:20"], "comment_content": "繼續再分解回氫"}]}
