{"author": "linda17a3 ()", "category": "Gossiping", "title": "[問卦] 每天照YouTube運動真的有用嗎?burpeegirl", "date": "Mon Apr 29 16:07:26 2024", "content": ["每天跟著YouTuber運動真的會瘦嗎？", "有沒有人可以回答嗚嗚嗚嗚本肥都做burpeegirl的這個", "最後拉筋做這個 不然大便都沒辦法坐馬桶", "--", "真的假的  這種有氧也會變壯喔？那你們一堆人去健身房的？", "本肥最近覺得YouTuber吃播都好難看….", "吃少一點健康一點嗎qq", "真的假的 大概要多久一個月嗎？連續30天都在做喔？", "有啦本肥很愛喝水", "叫肥宅少吃根本慢性自殺"], "post_comment": [{"comment_author": "AgentSkye56", "comment_date": ["04/29", "16:08"], "comment_content": "建議不要 會變的太壯"}, {"comment_author": "jeans1020", "comment_date": ["04/29", "16:11"], "comment_content": "看完再跟著Youtuber吃播吃 效果更好"}, {"comment_author": "ShaNe1993", "comment_date": ["04/29", "16:11"], "comment_content": "有用 就中等強度的有氧 搭配飲食效"}, {"comment_author": "ShaNe1993", "comment_date": ["04/29", "16:12"], "comment_content": "果加好幾倍"}, {"comment_author": "vowpool", "comment_date": ["04/29", "16:21"], "comment_content": "你的目標是啥 變瘦的話有用阿"}, {"comment_author": "vowpool", "comment_date": ["04/29", "16:21"], "comment_content": "配合飲食控制更有用"}, {"comment_author": "OAOyou", "comment_date": ["04/29", "16:28"], "comment_content": "多喝水 改善飲食吧"}, {"comment_author": "ef8637562", "comment_date": ["04/29", "16:29"], "comment_content": "少吃最快 只要瘦的話"}]}
