{"author": "runa2 (あんた飛ばしすぎ!!)", "category": "Gossiping", "title": "[問卦] 嘉義奮起湖等於日本河口湖嗎", "date": "Mon Apr 29 20:39:32 2024", "content": ["剛剛看到一個日本人說他對台灣的想像台北等於東京桃園等於新橫濱前面大概都能理解但奮起湖會等於河口湖嗎，真的很像嗎有沒有八卦？", "--"], "post_comment": [{"comment_author": "snow3804", "comment_date": ["04/29", "20:39"], "comment_content": "竹子湖才等於"}, {"comment_author": "gn01693664", "comment_date": ["04/29", "20:40"], "comment_content": "把小京都放在哪裡？"}, {"comment_author": "allencyh", "comment_date": ["04/29", "20:40"], "comment_content": "奮起湖根本沒有湖水"}, {"comment_author": "jerrylin", "comment_date": ["04/29", "20:40"], "comment_content": "湖在哪"}, {"comment_author": "em4", "comment_date": ["04/29", "20:41"], "comment_content": "雙主菜"}, {"comment_author": "allencyh", "comment_date": ["04/29", "20:41"], "comment_content": "阿里山也不是最高峰"}, {"comment_author": "snocia", "comment_date": ["04/29", "20:41"], "comment_content": "奮起湖的「湖」是窪地的意思"}, {"comment_author": "snocia", "comment_date": ["04/29", "20:42"], "comment_content": "硬要說的話，日月潭吧，雖然是人造湖"}, {"comment_author": "t81511270", "comment_date": ["04/29", "20:42"], "comment_content": "== 想到就氣 奮起湖 沒湖R"}, {"comment_author": "arickal", "comment_date": ["04/29", "20:45"], "comment_content": "奮起湖>>>>河口湖，台南>>>>京都"}, {"comment_author": "hmnc", "comment_date": ["04/29", "20:45"], "comment_content": "拿日月潭來比喻還比較像吧 奮起湖又沒有湖"}, {"comment_author": "snow3804", "comment_date": ["04/29", "20:46"], "comment_content": "日月潭是潭,不是湖,所以不能比喻成河口"}, {"comment_author": "snocia", "comment_date": ["04/29", "20:48"], "comment_content": "台灣的天然湖泊都超~小，基本上沒可比性"}, {"comment_author": "vwpassat", "comment_date": ["04/29", "20:50"], "comment_content": "奮起坳，比較貼切！"}, {"comment_author": "dick929", "comment_date": ["04/29", "20:50"], "comment_content": "內湖表示"}, {"comment_author": "jerrylin", "comment_date": ["04/29", "20:52"], "comment_content": "靠杯日月潭離奮起湖那麼遠"}, {"comment_author": "DiMammaMia", "comment_date": ["04/29", "20:58"], "comment_content": "社子島未來是台場"}, {"comment_author": "TPEE", "comment_date": ["04/29", "21:05"], "comment_content": "奮起湖有湖？有海盜船？"}, {"comment_author": "hirobumi", "comment_date": ["04/29", "21:10"], "comment_content": "台灣的馬路=異世界入口大放送"}, {"comment_author": "dick929", "comment_date": ["04/29", "21:22"], "comment_content": "古代台北湖還比較貼近河口湖"}, {"comment_author": "dick929", "comment_date": ["04/29", "21:23"], "comment_content": "湖的旁邊都有火山（富士山、大屯山）"}, {"comment_author": "billy32816", "comment_date": ["04/29", "21:25"], "comment_content": "你也說是日月潭=="}, {"comment_author": "Arodz", "comment_date": ["04/29", "21:35"], "comment_content": "不像"}, {"comment_author": "hyde711034", "comment_date": ["04/29", "21:57"], "comment_content": "應該是竹子湖吧"}, {"comment_author": "HinaGikuYanG", "comment_date": ["04/30", "15:49"], "comment_content": "河口富士山的景屌打全鬼島好嗎=="}]}
