{"author": "Behind4 (背後4吃苦的人吃光他們吃)", "category": "Gossiping", "title": "[問卦] 台灣人 幹嘛守護中華民國呀", "date": "Wed May  1 16:27:13 2024", "content": ["台灣人人愛台灣中國閩南來的台灣人是土生土長的本土台灣人客家 外省 原民十六族 新住民中國閩北廣東西山南山北湖什麼亂七八糟的也都是土生土長的本土台灣人大都團結一心 說台灣話說土生土長演化而來的台灣話台灣人呀說著 福建來的閩南話從中國的福建 來台灣 自稱台灣人那個呀中華民國 是亞洲大陸上建立的國家創造中華民族 四海之內 大家都是華人這概念那麼中華民國 和 中國共產党的戰爭關台灣人屁事呀中華民國軍 和 中國共產党軍的戰爭就讓他們自相殘殺台灣人坐壁上觀就好了對吧對吧！--", "https:/youtu.be/7_yHF3VwoA4", "-----Sent from JPTT on my Samsung SM-N9208.--", "本番仔一個番仔 去當日本人幹嘛？", "有種燒掉新台幣"], "post_comment": [{"comment_author": "gx8759121", "comment_date": ["05/01", "16:27"], "comment_content": "吃藥"}, {"comment_author": "jokerpok", "comment_date": ["05/01", "16:28"], "comment_content": "台灣人幹嘛搶著選中華民國總統？"}, {"comment_author": "Owen93", "comment_date": ["05/01", "16:28"], "comment_content": "喔 不爽搬去日本啊 太平洋沒加蓋"}, {"comment_author": "coon182", "comment_date": ["05/01", "16:28"], "comment_content": "有種剪掉你的身分證啊"}, {"comment_author": "hikaru77613", "comment_date": ["05/01", "16:31"], "comment_content": "先把錢轉給我..因為上面有刻你討厭"}, {"comment_author": "hikaru77613", "comment_date": ["05/01", "16:31"], "comment_content": "的字..我很需要"}, {"comment_author": "iphone55566", "comment_date": ["05/01", "16:33"], "comment_content": ":"}, {"comment_author": "dayend", "comment_date": ["05/01", "16:35"], "comment_content": "現在國民黨跟共產黨是一家人 哪來殘殺^^"}, {"comment_author": "s90002442", "comment_date": ["05/01", "16:44"], "comment_content": "所以要把非閩南人都推下海嗎"}, {"comment_author": "OrangePlusXD", "comment_date": ["05/01", "16:44"], "comment_content": "40%的身分證是不是該燒掉？"}, {"comment_author": "OrangePlusXD", "comment_date": ["05/01", "16:44"], "comment_content": "健保也不要用啊"}, {"comment_author": "cccvup", "comment_date": ["05/01", "16:49"], "comment_content": "反串得很好，可以領錢了"}, {"comment_author": "hqu", "comment_date": ["05/01", "16:49"], "comment_content": "我看你手上是沒有新台幣哦"}, {"comment_author": "minami77", "comment_date": ["05/01", "16:50"], "comment_content": "1949年才來的人強迫台灣人和中國統一"}, {"comment_author": "atobela", "comment_date": ["05/01", "16:53"], "comment_content": "民進黨又沒膽改國號換國旗是要搞屁"}, {"comment_author": "atobela", "comment_date": ["05/01", "16:54"], "comment_content": "全面執政八年了,只會魯小小"}, {"comment_author": "atobela", "comment_date": ["05/01", "16:57"], "comment_content": "看賴政府會不會改改國旗成青天白日滿地綠"}, {"comment_author": "killverybig", "comment_date": ["05/01", "16:58"], "comment_content": "426與藍白共素質 就這樣了"}, {"comment_author": "bboring", "comment_date": ["05/01", "17:21"], "comment_content": "這幾年看下來 中華民國還是比較靠譜"}, {"comment_author": "bboring", "comment_date": ["05/01", "17:22"], "comment_content": "閩南人從歷史上來看 戰力幾乎是零"}, {"comment_author": "ling621", "comment_date": ["05/01", "17:40"], "comment_content": "滯台閩南仔嘴吧說要成立新國家 結果只會"}, {"comment_author": "ling621", "comment_date": ["05/01", "17:40"], "comment_content": "舔舊殼 就連外省黨也被閩南仔把持"}, {"comment_author": "iLeyaSin365", "comment_date": ["05/01", "17:42"], "comment_content": "要喔 我要把閩南都推下海  我要  一"}, {"comment_author": "iLeyaSin365", "comment_date": ["05/01", "17:43"], "comment_content": "定要"}, {"comment_author": "iLeyaSin365", "comment_date": ["05/01", "17:43"], "comment_content": "共產黨可能讓閩南政權統一後還可以"}, {"comment_author": "iLeyaSin365", "comment_date": ["05/01", "17:44"], "comment_content": "執政  但我要閩南政權下台"}]}
