{"author": "WiserWilly (心碎小子不心碎)", "category": "Gossiping", "title": "[問卦] Surfshark到底都誰在用？", "date": "Wed May  1 23:13:49 2024", "content": ["台灣人上網有啥必要要隱藏IP或跳板嗎？我上次在台灣用VPN大概是十年前為了載免費的line貼圖而已上個月為了去中國一趟才買了surfshark看廣告這麼兇我就買這款也沒多想好死不死八天只有兩三天可以用八其他時候全部挑出\"網域有問題無法連線\"我想說靠邀，台灣到底誰會用VPN？不就是要去中國才會用？結果出國開會直接給我死掉連不上，死命連還是連不上，換多少位置都沒用個人經濟損失大概五萬台幣吧QAQ回來就寄信給克服要取消訂閱克服說你當初有勾選同意使用，裡面有免責聲明意思就是你購買我們產品要翻牆，但無法翻牆一切問題概不負責喔~然後還一直盧小我說繼續免費使用如何，再給一次機會到我連續三次回信說真的就是要取消訂閱，不再續訂才搞定台灣人一班來說沒啥機會需要用VPN吧？不就是要去中國才要用，結果還是連不上所以surfshark VPN這種東西到底都是誰在用...?--", "版大感謝推薦，太久沒去以前用熊貓，下次試試這個"], "post_comment": [{"comment_author": "joegod", "comment_date": ["05/01", "23:14"], "comment_content": "共匪"}, {"comment_author": "marktak", "comment_date": ["05/01", "23:14"], "comment_content": "shark"}, {"comment_author": "zxc8424", "comment_date": ["05/01", "23:14"], "comment_content": "普通人用不到的話 怎麼會砸錢狂打廣告?"}, {"comment_author": "qber", "comment_date": ["05/01", "23:14"], "comment_content": ""}, {"comment_author": "whiteadam", "comment_date": ["05/01", "23:15"], "comment_content": "樓下曾經被怎樣ㄉ人肛過?"}, {"comment_author": "amaranth5566", "comment_date": ["05/01", "23:17"], "comment_content": "拿玩具ㄉ被美豔熟女ㄅ"}, {"comment_author": "suzhou", "comment_date": ["05/01", "23:17"], "comment_content": "去對岸你怎麼會用這家？至少要astrill"}, {"comment_author": "Fuuuck", "comment_date": ["05/01", "23:18"], "comment_content": "卡巴不是也有賣VPN?"}, {"comment_author": "kawhidurantt", "comment_date": ["05/01", "23:19"], "comment_content": "阿接"}, {"comment_author": "kawhidurantt", "comment_date": ["05/01", "23:19"], "comment_content": "GODJJ55688"}, {"comment_author": "HeiSiaN", "comment_date": ["05/01", "23:24"], "comment_content": "那超爛 去中國用快連或proton"}, {"comment_author": "ccbbaa", "comment_date": ["05/01", "23:27"], "comment_content": "大陸沒辦法 他們長城技術不太可能檔不住vp"}, {"comment_author": "ccbbaa", "comment_date": ["05/01", "23:27"], "comment_content": "n..很多都是故意留縫的...連自建都會有問"}, {"comment_author": "PSptt", "comment_date": ["05/01", "23:28"], "comment_content": "中國可以開漫遊吃到飽 根本不用vpn"}, {"comment_author": "PSptt", "comment_date": ["05/01", "23:28"], "comment_content": "一個月好像1699的樣子"}, {"comment_author": "Balhae", "comment_date": ["05/01", "23:28"], "comment_content": "剛剛我就一直被攻擊閃退，用了VPN才可正常"}, {"comment_author": "Balhae", "comment_date": ["05/01", "23:28"], "comment_content": "使用。"}, {"comment_author": "meloxxl", "comment_date": ["05/01", "23:28"], "comment_content": "詐騙大國阿 你懂得"}, {"comment_author": "Buddy", "comment_date": ["05/01", "23:31"], "comment_content": "想要穩定暢行無阻 不嫌貴就開漫遊"}, {"comment_author": "kevin0316", "comment_date": ["05/01", "23:31"], "comment_content": "youtuber啊 他們工商都說自己很常用"}, {"comment_author": "Buddy", "comment_date": ["05/01", "23:32"], "comment_content": "覺得漫遊太貴不划算 請慎選vpn"}, {"comment_author": "Buddy", "comment_date": ["05/01", "23:33"], "comment_content": "Surf和Nord 在大陸都不好用啦"}, {"comment_author": "star1023", "comment_date": ["05/01", "23:42"], "comment_content": "超多業配 下重本"}, {"comment_author": "abener", "comment_date": ["05/01", "23:44"], "comment_content": "取消訂閱靠背麻煩的"}, {"comment_author": "fransice7", "comment_date": ["05/01", "23:47"], "comment_content": "我看起來像是有錢能付費用Surfshark嗎"}, {"comment_author": "initialdark", "comment_date": ["05/01", "23:49"], "comment_content": "我也不懂 用這幹嘛"}, {"comment_author": "Jackey52013", "comment_date": ["05/02", "00:00"], "comment_content": "有些跨國網遊需要用到吧，像土豪才玩"}, {"comment_author": "Jackey52013", "comment_date": ["05/02", "00:00"], "comment_content": "得起的天堂w，沒有VPN就容易一直lag"}, {"comment_author": "ashlikewing", "comment_date": ["05/02", "00:05"], "comment_content": "5w....不會用就不要跟風好嗎？"}, {"comment_author": "boringuy", "comment_date": ["05/02", "00:14"], "comment_content": "開漫遊不就好了,在國外一樣能臨時開啊"}, {"comment_author": "boringuy", "comment_date": ["05/02", "00:16"], "comment_content": "最多也就幾千元,省小錢然後損失5萬?"}, {"comment_author": "Dominicana", "comment_date": ["05/02", "00:35"], "comment_content": "我有用 但我不是網軍嘻嘻"}, {"comment_author": "Dominicana", "comment_date": ["05/02", "00:36"], "comment_content": "去中國問當地人就知道要用哪間"}, {"comment_author": "kululualex", "comment_date": ["05/02", "01:06"], "comment_content": "因為你去中國吧…那裡翻牆不能用這家"}, {"comment_author": "kululualex", "comment_date": ["05/02", "01:06"], "comment_content": "。我去日本出差的時候用來看動畫瘋是"}, {"comment_author": "kululualex", "comment_date": ["05/02", "01:06"], "comment_content": "沒什麼問題，但除了出國以外我也想不"}, {"comment_author": "kululualex", "comment_date": ["05/02", "01:07"], "comment_content": "到台灣用VPN的必要性就是了…"}, {"comment_author": "vasia", "comment_date": ["05/02", "01:18"], "comment_content": "我弟在日本用vpn看netflix照封不誤"}]}
