{"author": "bluebagel (果果:))", "category": "Gossiping", "title": "[問卦] 為什麼其他國家的砂石車都不會撞人？", "date": "Thu May  2 10:06:50 2024", "content": ["台灣三天兩頭就有砂石車撞人碾人之類的事一年不知道都要死幾個人為什麼比較少聽到其他國家的砂石車這麼兇猛這是台灣砂石車的特性嗎？--"], "post_comment": [{"comment_author": "s820912gmail", "comment_date": ["05/02", "10:07"], "comment_content": "中國的有"}, {"comment_author": "ltytw", "comment_date": ["05/02", "10:07"], "comment_content": "就三寶剪線剪習慣了"}, {"comment_author": "chadmu", "comment_date": ["05/02", "10:08"], "comment_content": "日本也有啊 還會把你撞去異世界開掛"}, {"comment_author": "starwish00", "comment_date": ["05/02", "10:08"], "comment_content": "你又知道了"}, {"comment_author": "nekoares", "comment_date": ["05/02", "10:08"], "comment_content": "數據拿出來"}, {"comment_author": "lee800805", "comment_date": ["05/02", "10:09"], "comment_content": "每個地方都會有"}, {"comment_author": "sammy98", "comment_date": ["05/02", "10:09"], "comment_content": ""}, {"comment_author": "deann", "comment_date": ["05/02", "10:09"], "comment_content": "其他國家的砂石車沒像台灣那麼自由"}, {"comment_author": "weijunW", "comment_date": ["05/02", "10:09"], "comment_content": "陰該是你只看台灣的新聞ㄅ"}, {"comment_author": "sammy98", "comment_date": ["05/02", "10:10"], "comment_content": "在歐洲要底地盤才能進市區"}, {"comment_author": "deann", "comment_date": ["05/02", "10:10"], "comment_content": "其他國家大車要進市區都有限制時間跟路線"}, {"comment_author": "palindromes", "comment_date": ["05/02", "10:10"], "comment_content": "中國的也會集體闖紅燈 不過有扣分機"}, {"comment_author": "palindromes", "comment_date": ["05/02", "10:10"], "comment_content": "制"}, {"comment_author": "Neo0215", "comment_date": ["05/02", "10:10"], "comment_content": "韓劇很常見"}, {"comment_author": "sammy98", "comment_date": ["05/02", "10:10"], "comment_content": ""}, {"comment_author": "sammy98", "comment_date": ["05/02", "10:11"], "comment_content": "這是歐洲 進入市區的砂石車"}, {"comment_author": "palindromes", "comment_date": ["05/02", "10:11"], "comment_content": "台灣根本沒在管 連牌照不清楚都沒抓"}, {"comment_author": "sammy98", "comment_date": ["05/02", "10:11"], "comment_content": "駕駛台沒有和行人一樣高的話 不能進入市"}, {"comment_author": "sammy98", "comment_date": ["05/02", "10:11"], "comment_content": "區"}, {"comment_author": "mnb1234", "comment_date": ["05/02", "10:13"], "comment_content": "有啊 法國有一次恐怖攻擊碾死幾十"}, {"comment_author": "mnb1234", "comment_date": ["05/02", "10:13"], "comment_content": "人不是"}, {"comment_author": "neng77", "comment_date": ["05/02", "10:14"], "comment_content": "砂石車消失就不會有砂石車撞人了"}, {"comment_author": "Insania", "comment_date": ["05/02", "10:14"], "comment_content": "可以參考一下水管上國外一些大車駕駛的"}, {"comment_author": "Insania", "comment_date": ["05/02", "10:14"], "comment_content": "駕駛視角影片~過路口轉彎都很謹慎的"}, {"comment_author": "bhirava2014", "comment_date": ["05/02", "10:18"], "comment_content": "小客車，機車都常在撞了，砂石車的"}, {"comment_author": "bhirava2014", "comment_date": ["05/02", "10:19"], "comment_content": "數據是有多常，數據提供一下"}, {"comment_author": "Loyeatta", "comment_date": ["05/02", "10:19"], "comment_content": "擺明台灣不敢立法管制 大概是怕被蓋布"}, {"comment_author": "Loyeatta", "comment_date": ["05/02", "10:19"], "comment_content": "袋吧 黑道治國沒辦法"}, {"comment_author": "vowpool", "comment_date": ["05/02", "10:19"], "comment_content": "台灣砂石車連整潔都沒辦法維持了"}, {"comment_author": "bhirava2014", "comment_date": ["05/02", "10:20"], "comment_content": "去翻30年前的新聞資料，那時候砂石"}, {"comment_author": "bhirava2014", "comment_date": ["05/02", "10:20"], "comment_content": "車才叫兇狠"}, {"comment_author": "riker729", "comment_date": ["05/02", "10:23"], "comment_content": "台灣要立法管制的話，交通部或立法院馬"}, {"comment_author": "riker729", "comment_date": ["05/02", "10:23"], "comment_content": "上被大車包圍"}, {"comment_author": "arickal", "comment_date": ["05/02", "10:25"], "comment_content": "房價和人命價比例比較高的地方就隨便輾吧"}, {"comment_author": "keigowei", "comment_date": ["05/02", "10:34"], "comment_content": "原來只看台灣新聞就能知道全球事…超讚"}, {"comment_author": "info1994", "comment_date": ["05/02", "10:36"], "comment_content": "其他國家的大車很難進市區吧"}, {"comment_author": "kabukiryu", "comment_date": ["05/02", "10:42"], "comment_content": "其它國家沒低端2輪仔R"}, {"comment_author": "senscircadvs", "comment_date": ["05/02", "10:50"], "comment_content": "歐洲一堆城市連地磚都是古蹟，沒辦"}, {"comment_author": "senscircadvs", "comment_date": ["05/02", "10:51"], "comment_content": "法給你在那邊砂石車來去的"}, {"comment_author": "lain2002", "comment_date": ["05/02", "10:53"], "comment_content": "世界：卡車有視線死角所以轉彎要慢"}, {"comment_author": "lain2002", "comment_date": ["05/02", "10:54"], "comment_content": "台灣：卡車有視線死角所以轉彎不用看"}, {"comment_author": "cynthiajul", "comment_date": ["05/02", "11:15"], "comment_content": "台男普遍有路怒症"}, {"comment_author": "Neo0215", "comment_date": ["05/02", "11:26"], "comment_content": "台灣：卡車有視線死角行人自己保重"}, {"comment_author": "a77774444", "comment_date": ["05/02", "12:01"], "comment_content": "台灣資方天堂，剝消司機工時，一天不"}, {"comment_author": "a77774444", "comment_date": ["05/02", "12:01"], "comment_content": "跑14-16小跟本賺不了錢"}, {"comment_author": "a77774444", "comment_date": ["05/02", "12:02"], "comment_content": "歐美都有限制工時，避免疲勞駕駛，台"}, {"comment_author": "a77774444", "comment_date": ["05/02", "12:02"], "comment_content": "灣要圖利老板，反正出事也是司機賠，"}, {"comment_author": "a77774444", "comment_date": ["05/02", "12:03"], "comment_content": "成本外部化給社會大眾"}, {"comment_author": "ilove305", "comment_date": ["05/02", "12:11"], "comment_content": "臺灣大車駕駛：敢在我死角，我軋死"}, {"comment_author": "ilove305", "comment_date": ["05/02", "12:11"], "comment_content": "你們！"}, {"comment_author": "chung1997", "comment_date": ["05/02", "12:16"], "comment_content": "一年要死3000人 兇一點怎麼了"}, {"comment_author": "Irelia56", "comment_date": ["05/02", "14:01"], "comment_content": "鬼島啊 比亞馬遜部落進步一點點點而已"}, {"comment_author": "Irelia56", "comment_date": ["05/02", "14:01"], "comment_content": ""}]}
