{"author": "chopinmozart (aha)", "category": "Gossiping", "title": "[問卦] 為什麼六張犁那裡有個營區", "date": "Sat May  4 14:51:44 2024", "content": ["台北和平東路和基隆路交叉口有一個神秘的營區也是在市中心的營區從旁邊高樓或捷運月台都可以俯視整個營區旁邊還有一個國軍福利社跟招募中心有沒有國軍營區為什麼會在那裡有什麼八卦？--", "資通安全"], "post_comment": [{"comment_author": "s820912gmail", "comment_date": ["05/04", "14:52"], "comment_content": "犁田部隊"}, {"comment_author": "KillQB", "comment_date": ["05/04", "14:52"], "comment_content": "簽了"}, {"comment_author": "WeasoN", "comment_date": ["05/04", "14:52"], "comment_content": "包子好吃 愛貓園貓貓可愛"}, {"comment_author": "gx8759121", "comment_date": ["05/04", "14:53"], "comment_content": "不然要在哪裡，山洞裡嗎？"}, {"comment_author": "b0d", "comment_date": ["05/04", "14:53"], "comment_content": "本來專門主管某項安全的，後來美軍叫台灣要"}, {"comment_author": "b0d", "comment_date": ["05/04", "14:54"], "comment_content": "組織一個全新軍種，這新軍種的總部移去新店"}, {"comment_author": "b0d", "comment_date": ["05/04", "14:54"], "comment_content": "。"}, {"comment_author": "luche", "comment_date": ["05/04", "14:55"], "comment_content": "營區旁的高樓是越來越多啦 保證不"}, {"comment_author": "luche", "comment_date": ["05/04", "14:55"], "comment_content": "會給有心人士租走放狙擊槍=.="}, {"comment_author": "b0d", "comment_date": ["05/04", "14:55"], "comment_content": "這裡就不再是原總部的地位。別忘了中統也在"}, {"comment_author": "b0d", "comment_date": ["05/04", "14:55"], "comment_content": "對面而已。"}, {"comment_author": "EKman", "comment_date": ["05/04", "14:55"], "comment_content": "為了保護辛亥隧道上面的蟲洞"}, {"comment_author": "b0d", "comment_date": ["05/04", "14:57"], "comment_content": "中統在這個營區的對面有個點。"}, {"comment_author": "ghostl40809", "comment_date": ["05/04", "15:00"], "comment_content": ""}, {"comment_author": "ghostl40809", "comment_date": ["05/04", "15:00"], "comment_content": "這個嗎?"}, {"comment_author": "n123456n", "comment_date": ["05/04", "15:43"], "comment_content": "以後可以蓋社宅"}, {"comment_author": "linandhaha", "comment_date": ["05/04", "16:46"], "comment_content": "那個單位不錯爽"}, {"comment_author": "your0207", "comment_date": ["05/04", "19:51"], "comment_content": "為什麼不能有營區"}, {"comment_author": "AudiA6", "comment_date": ["05/04", "20:24"], "comment_content": "可以讓出來蓋豪宅嗎？"}]}
