{"author": "peterlin495 (專業果粉O'_'O)", "category": "Gossiping", "title": "[問卦] IG裡面到處都是教人賺錢是真的嗎？", "date": "Sun Apr 28 12:28:52 2024", "content": ["如題最近發現IG打開很多在教如何賺錢改變自己的生活為自己勇敢一次 …", "有沒有這些教如何賺大錢的是真的嗎？U卦否？--Sent from my iPhone 13 Pro Max", "PiTT", "--"], "post_comment": [{"comment_author": "derrick1220", "comment_date": ["04/28", "12:29"], "comment_content": "都真的"}, {"comment_author": "genius86", "comment_date": ["04/28", "12:29"], "comment_content": "教你如何發財"}, {"comment_author": "omfg5487", "comment_date": ["04/28", "12:29"], "comment_content": "真的"}, {"comment_author": "felixden", "comment_date": ["04/28", "12:29"], "comment_content": "我IG都推薦我VT圖捏=="}, {"comment_author": "sirenkim", "comment_date": ["04/28", "12:29"], "comment_content": "都是真的"}, {"comment_author": "kayak5566", "comment_date": ["04/28", "12:29"], "comment_content": "真的啊你投資他們他們就會賺大錢"}, {"comment_author": "ianlin1216", "comment_date": ["04/28", "12:30"], "comment_content": "真的 大哥都帶我買房上酒店開查某"}, {"comment_author": "EMSOK", "comment_date": ["04/28", "12:30"], "comment_content": "真的"}, {"comment_author": "kayak5566", "comment_date": ["04/28", "12:30"], "comment_content": "就跟前面有人叫我們省錢存錢一樣你是"}, {"comment_author": "kayak5566", "comment_date": ["04/28", "12:30"], "comment_content": "要叫飲料店去死ㄇ"}, {"comment_author": "amphiprion", "comment_date": ["04/28", "12:30"], "comment_content": "沒有 只有我是真的快投資我"}, {"comment_author": "tmgl", "comment_date": ["04/28", "12:31"], "comment_content": "準備嘎腰子"}, {"comment_author": "dayend", "comment_date": ["04/28", "12:31"], "comment_content": "真的是那些教你賺錢的人賺大錢的方法^^"}, {"comment_author": "laugh8562", "comment_date": ["04/28", "12:32"], "comment_content": "真的啊 不過不是你賺 是他賺"}, {"comment_author": "brianuser", "comment_date": ["04/28", "12:32"], "comment_content": "真的啊，他們賺大錢，沒有說是你喔"}, {"comment_author": "imba789", "comment_date": ["04/28", "12:33"], "comment_content": "真的，賺得是他"}, {"comment_author": "whitenoise", "comment_date": ["04/28", "12:33"], "comment_content": "真的，身家歐印，成功看這次"}, {"comment_author": "forever0101", "comment_date": ["04/28", "12:39"], "comment_content": "當你月入百萬，負債千萬時"}, {"comment_author": "Leoncheng", "comment_date": ["04/28", "12:41"], "comment_content": "詐騙吧"}, {"comment_author": "a740125", "comment_date": ["04/28", "12:53"], "comment_content": "都是真的阿 民進黨塔綠斑都靠這發大財了"}, {"comment_author": "xixixxiixxii", "comment_date": ["04/28", "13:08"], "comment_content": "勇敢一次，少一個腎勇敢活下去！"}, {"comment_author": "q1s2c3764", "comment_date": ["04/29", "03:31"], "comment_content": "勇敢一次"}]}
