{"author": "jiunjie61 (Jiunjie)", "category": "Gossiping", "title": "[問卦] 丹丹漢堡為什麼沒有漢堡加粥套餐", "date": "Sun Apr 28 09:51:31 2024", "content": ["漢堡只有搭配玉米濃湯或是肉羹，沒有搭配粥的選擇，粥跟肉羹價格不是一樣，有的人不喜歡甜甜的肉羹，想換粥好像也不行，怎麼沒有粗飽的粥加漢堡呢？--"], "post_comment": [{"comment_author": "mig", "comment_date": ["04/28", "09:52"], "comment_content": "麵線羹加炸雞啦"}, {"comment_author": "actuy", "comment_date": ["04/28", "09:53"], "comment_content": "單點啊 套餐才剩2～3元"}, {"comment_author": "wen12305", "comment_date": ["04/28", "09:53"], "comment_content": "可以單點"}, {"comment_author": "sdamel", "comment_date": ["04/28", "10:00"], "comment_content": "這樣就變酥皮濃湯了"}, {"comment_author": "em4", "comment_date": ["04/28", "10:02"], "comment_content": "單點真的沒差多少錢 主要是制約消費者"}, {"comment_author": "E6300", "comment_date": ["04/28", "10:04"], "comment_content": "漢堡=澱粉  粥=澱粉  NG"}, {"comment_author": "E6300", "comment_date": ["04/28", "10:05"], "comment_content": "單單的套餐是有設計過的"}, {"comment_author": "willism", "comment_date": ["04/28", "11:46"], "comment_content": "我要笑死了，哪家的套餐沒設計過？"}]}
