{"author": "Borges (波波波波)", "category": "Gossiping", "title": "[問卦] 烏克蘭全世界罩都彈藥不足 納粹怎麼撐的?", "date": "Mon Apr 29 14:25:40 2024", "content": ["烏克蘭現在戰況不利很大的一個原因就是彈藥不夠了全世界都在支援的國家 竟然可以跟俄羅斯打到打到彈藥不夠真的是有點滑稽二戰的時候同樣是跟俄國打納粹德國可是被全世界制裁但彈藥都沒有提前短缺甚至都一度差點推到莫斯科納粹德國的領土可是比烏克蘭更小到底是怎麼辦到 能維持彈藥源源不絕的?--"], "post_comment": [{"comment_author": "su4vu6", "comment_date": ["04/29", "14:25"], "comment_content": "靠情報戰稱的阿 他那加密系統很強大"}, {"comment_author": "su4vu6", "comment_date": ["04/29", "14:26"], "comment_content": "要不是後來被破解"}, {"comment_author": "cs09312", "comment_date": ["04/29", "14:26"], "comment_content": "納粹有人敢黑設備嗎"}, {"comment_author": "tenka92417", "comment_date": ["04/29", "14:26"], "comment_content": "全世界=西方"}, {"comment_author": "matlab1106", "comment_date": ["04/29", "14:26"], "comment_content": "烏克蘭貪污阿 看司機肥成啥樣"}, {"comment_author": "tetani", "comment_date": ["04/29", "14:26"], "comment_content": "那些錢和武器都是借給烏克蘭的 要還"}, {"comment_author": "Anvec", "comment_date": ["04/29", "14:27"], "comment_content": "當年人力便宜"}, {"comment_author": "Anvec", "comment_date": ["04/29", "14:27"], "comment_content": "全世界彈藥不足是因為人力貴"}, {"comment_author": "KuRaZuHa", "comment_date": ["04/29", "14:27"], "comment_content": "那時閃電戰 沒多久就打下多少領土阿"}, {"comment_author": "BBKOX", "comment_date": ["04/29", "14:27"], "comment_content": "貪污啊"}, {"comment_author": "tetani", "comment_date": ["04/29", "14:27"], "comment_content": "錢也沒到前線士兵口袋 沒餉沒彈藥"}, {"comment_author": "ebv", "comment_date": ["04/29", "14:28"], "comment_content": "烏克蘭能把一台M1坦克搞得像頭又大 老美傻眼"}, {"comment_author": "KuRaZuHa", "comment_date": ["04/29", "14:28"], "comment_content": "那時俄羅斯才較缺物資吧 士兵兩個人一個"}, {"comment_author": "KuRaZuHa", "comment_date": ["04/29", "14:29"], "comment_content": "拿槍一個拿子彈 根本砲灰"}, {"comment_author": "bendtner", "comment_date": ["04/29", "14:29"], "comment_content": "以影響力來說 全世界就是西方沒錯"}, {"comment_author": "nkfcc", "comment_date": ["04/29", "14:30"], "comment_content": "想必忠國是在陰界吧。"}, {"comment_author": "Leoreo", "comment_date": ["04/29", "14:30"], "comment_content": "前方吃緊後方緊吃 哈瑪斯發感謝狀笑死"}, {"comment_author": "nkfcc", "comment_date": ["04/29", "14:32"], "comment_content": "二戰開始的時候可是德俄同心瓜分波蘭哪。"}, {"comment_author": "hqu", "comment_date": ["04/29", "14:33"], "comment_content": "去年年底就說沒彈藥了  到昨天都有坦克被打掉"}, {"comment_author": "hylio7754", "comment_date": ["04/29", "14:33"], "comment_content": "國家掌控度 效率 集體主義"}, {"comment_author": "a40494", "comment_date": ["04/29", "14:33"], "comment_content": "47旅的31台M1也起不了什麼決定性戰力，有"}, {"comment_author": "a40494", "comment_date": ["04/29", "14:33"], "comment_content": "十個旅310台我比較相信能影響戰局"}, {"comment_author": "hqu", "comment_date": ["04/29", "14:34"], "comment_content": "烏東的軍頭們藏彈藥  慢慢打也是有的"}, {"comment_author": "ebv", "comment_date": ["04/29", "14:34"], "comment_content": "歐美是怕自己尖端武器全被烏克蘭送給俄破解光"}, {"comment_author": "tetani", "comment_date": ["04/29", "14:35"], "comment_content": "除了戰機 目前幾乎都拿到了吧"}, {"comment_author": "StylishTrade", "comment_date": ["04/29", "14:35"], "comment_content": "歐美砲彈產能就不夠阿QQ"}, {"comment_author": "tetani", "comment_date": ["04/29", "14:36"], "comment_content": "如果給f16 說不定烏飛行員會叛逃俄"}, {"comment_author": "ebv", "comment_date": ["04/29", "14:36"], "comment_content": "俄:剩F-35我還沒有，老美送幾台來唄"}, {"comment_author": "async", "comment_date": ["04/29", "14:36"], "comment_content": "烏克蘭無法加入歐盟是因為貪污太嚴重"}, {"comment_author": "StylishTrade", "comment_date": ["04/29", "14:37"], "comment_content": "美國當年連口罩都產不出來XD"}, {"comment_author": "async", "comment_date": ["04/29", "14:37"], "comment_content": "體質不一樣 納粹德國很精實的"}, {"comment_author": "hihimen", "comment_date": ["04/29", "14:38"], "comment_content": "因為中國砲彈產能比整個北約還多"}, {"comment_author": "GenjiEd", "comment_date": ["04/29", "14:38"], "comment_content": "花很小的代價就打贏法國了"}, {"comment_author": "StylishTrade", "comment_date": ["04/29", "14:39"], "comment_content": "口罩產線遠比砲彈簡單吧"}, {"comment_author": "machiusheng", "comment_date": ["04/29", "14:40"], "comment_content": "40%：炮灰不夠努力"}, {"comment_author": "tetani", "comment_date": ["04/29", "14:40"], "comment_content": "歐美自己制裁新疆棉 讓自己硝化棉不足"}, {"comment_author": "tetani", "comment_date": ["04/29", "14:40"], "comment_content": "真是掐自己的脖子"}, {"comment_author": "StylishTrade", "comment_date": ["04/29", "14:40"], "comment_content": "現在的美國要建產線可能要花"}, {"comment_author": "StylishTrade", "comment_date": ["04/29", "14:41"], "comment_content": "一年半載QQ"}, {"comment_author": "j32072", "comment_date": ["04/29", "14:41"], "comment_content": "全世界？你要確定欸 抓到有人沒幫怎麼辦"}, {"comment_author": "StylishTrade", "comment_date": ["04/29", "14:42"], "comment_content": "等產線建好 烏克蘭已經gg了"}, {"comment_author": "rex7125", "comment_date": ["04/29", "14:42"], "comment_content": "納粹有紅骷髏啊"}, {"comment_author": "bbflisky", "comment_date": ["04/29", "14:44"], "comment_content": "Abwehr沒多厲害吧？"}, {"comment_author": "ayai555", "comment_date": ["04/29", "14:44"], "comment_content": "要看彈藥送到前線還剩多少，中間都被賣"}, {"comment_author": "ayai555", "comment_date": ["04/29", "14:44"], "comment_content": "轉賣幾次了"}, {"comment_author": "smaxtor2002", "comment_date": ["04/29", "14:46"], "comment_content": "烏克蘭拿歐美武器去賣中東打美國"}, {"comment_author": "tetani", "comment_date": ["04/29", "14:47"], "comment_content": "幾個月前還抓到空白訂單 下訂付錢沒砲彈"}, {"comment_author": "tetani", "comment_date": ["04/29", "14:47"], "comment_content": "錢直接進入烏官員口袋"}, {"comment_author": "rex03187", "comment_date": ["04/29", "14:47"], "comment_content": "德軍後期缺彈缺油 填人力又填不贏"}, {"comment_author": "machiusheng", "comment_date": ["04/29", "14:51"], "comment_content": "軍武黑熊：蠃 米國武器強 輸 烏軍太"}, {"comment_author": "machiusheng", "comment_date": ["04/29", "14:51"], "comment_content": "爛"}, {"comment_author": "kiwi0204", "comment_date": ["04/29", "14:57"], "comment_content": "納粹開戰前其實有偷偷儲備戰爭物資，烏"}, {"comment_author": "kiwi0204", "comment_date": ["04/29", "14:58"], "comment_content": "克蘭直接被突襲首都，開戰條件完全不一"}, {"comment_author": "kiwi0204", "comment_date": ["04/29", "14:58"], "comment_content": "樣。"}, {"comment_author": "kevinfolks", "comment_date": ["04/29", "15:01"], "comment_content": "沒人才可憐，兵役年齡越調越低，美"}, {"comment_author": "kevinfolks", "comment_date": ["04/29", "15:01"], "comment_content": "國還拼命拱火，真要烏克蘭滅種保敗"}, {"comment_author": "kevinfolks", "comment_date": ["04/29", "15:01"], "comment_content": "登選舉，好個美利奸"}, {"comment_author": "hosen", "comment_date": ["04/29", "15:02"], "comment_content": "很簡單，西方世界總產能v.s.中國（世界工"}, {"comment_author": "hosen", "comment_date": ["04/29", "15:02"], "comment_content": "廠），猜猜看誰勝出"}, {"comment_author": "aw7square", "comment_date": ["04/29", "15:04"], "comment_content": "二戰法國兵工廠不知道生產了多少武器"}, {"comment_author": "aw7square", "comment_date": ["04/29", "15:04"], "comment_content": "跟載具給納粹"}, {"comment_author": "ccmacker", "comment_date": ["04/29", "15:12"], "comment_content": "講個笑話，烏克蘭被突襲？！克里米亞忘"}, {"comment_author": "ccmacker", "comment_date": ["04/29", "15:12"], "comment_content": "了喔？！嘻嘻"}, {"comment_author": "kkithh", "comment_date": ["04/29", "15:21"], "comment_content": "納粹德國當年整個西歐，中歐，北歐都投降"}, {"comment_author": "kkithh", "comment_date": ["04/29", "15:22"], "comment_content": "變他附庸國，對蘇聯開戰後整個東歐包含烏"}, {"comment_author": "kkithh", "comment_date": ["04/29", "15:22"], "comment_content": "克蘭也打下來，實際上是拉整個歐陸對決蘇"}, {"comment_author": "kkithh", "comment_date": ["04/29", "15:22"], "comment_content": "聯，照樣被打爆，現在懂北約為何不敢下場"}, {"comment_author": "kkithh", "comment_date": ["04/29", "15:22"], "comment_content": "打了吧"}, {"comment_author": "tttkkk", "comment_date": ["04/29", "15:38"], "comment_content": "不用落井下石吧"}, {"comment_author": "LipaCat5566", "comment_date": ["04/29", "15:40"], "comment_content": "你看北約哪國有進入戰時狀態 國家變"}, {"comment_author": "ssccg", "comment_date": ["04/29", "15:40"], "comment_content": "納粹哪有被全世界制裁? 納粹都佔了整個歐洲"}, {"comment_author": "LipaCat5566", "comment_date": ["04/29", "15:40"], "comment_content": "戰爭機器在運轉的  沒有就只是低產量"}, {"comment_author": "LipaCat5566", "comment_date": ["04/29", "15:41"], "comment_content": "不影響國家小額支援而已"}, {"comment_author": "ssccg", "comment_date": ["04/29", "15:42"], "comment_content": "了，哪裡領土比烏克蘭小?"}, {"comment_author": "ssccg", "comment_date": ["04/29", "15:43"], "comment_content": "只有被大英帝國和美國制裁好嗎"}, {"comment_author": "chunfo", "comment_date": ["04/29", "15:48"], "comment_content": "西方國家就不願意桌上少一瓶紅酒去幫烏克"}, {"comment_author": "chunfo", "comment_date": ["04/29", "15:48"], "comment_content": "蘭生產啊"}, {"comment_author": "ssccg", "comment_date": ["04/29", "15:51"], "comment_content": "要知道歐陸上那些叫做中立國的，其實都是德"}, {"comment_author": "ssccg", "comment_date": ["04/29", "15:53"], "comment_content": "國的支援國，像是瑞典、西班牙、土耳其都是"}, {"comment_author": "billionaire", "comment_date": ["04/29", "15:55"], "comment_content": "閃擊戰"}, {"comment_author": "ssccg", "comment_date": ["04/29", "15:56"], "comment_content": "德國的資源供應國，石油來自盟國羅馬尼亞"}, {"comment_author": "ssccg", "comment_date": ["04/29", "15:57"], "comment_content": "二戰資源方面可以說是美英蘇對整個歐洲"}, {"comment_author": "GAIEGAIE", "comment_date": ["04/29", "15:59"], "comment_content": "有人在做夢啊？ 是有次元門讓那些國家"}, {"comment_author": "GAIEGAIE", "comment_date": ["04/29", "15:59"], "comment_content": "能投物資喔"}, {"comment_author": "sbflight", "comment_date": ["04/29", "15:59"], "comment_content": "全世界（西方）"}, {"comment_author": "s213092921", "comment_date": ["04/29", "16:34"], "comment_content": "歐美北約去工業化嚴重，現在進入戰時"}, {"comment_author": "s213092921", "comment_date": ["04/29", "16:34"], "comment_content": "經濟也沒辦法了，例如英國今年關閉最"}, {"comment_author": "s213092921", "comment_date": ["04/29", "16:35"], "comment_content": "後一家鋼鐵廠"}, {"comment_author": "BaRanKa", "comment_date": ["04/29", "16:36"], "comment_content": "去看110砲兵旅怎麼講俄軍回擊砲擊數的"}, {"comment_author": "BaRanKa", "comment_date": ["04/29", "16:36"], "comment_content": "就知道工業力量的差異 沒有奶水就是潰敗"}, {"comment_author": "s213092921", "comment_date": ["04/29", "16:39"], "comment_content": "戰爭就是比農工業產能，歐美繼續金融"}, {"comment_author": "s213092921", "comment_date": ["04/29", "16:39"], "comment_content": "炒股玩GDP遊戲，然後開戰後才哭哭為什"}, {"comment_author": "s213092921", "comment_date": ["04/29", "16:40"], "comment_content": "麼俄羅斯GDP那麼少還能高歌猛進"}, {"comment_author": "PhilHughes", "comment_date": ["04/29", "16:46"], "comment_content": "當時反坦克武器還不強"}, {"comment_author": "JASONGOAHEAD", "comment_date": ["04/29", "18:51"], "comment_content": "德國被閹割前是軍工業大國啊"}, {"comment_author": "AirForce00", "comment_date": ["04/29", "20:03"], "comment_content": "@KuRaZuHa 兩人一把槍這件事單純是黑"}, {"comment_author": "AirForce00", "comment_date": ["04/29", "20:03"], "comment_content": "蘇聯的"}, {"comment_author": "wanters", "comment_date": ["04/29", "20:50"], "comment_content": "納粹執政下貪污會直接殺頭吧...烏克蘭理"}, {"comment_author": "wanters", "comment_date": ["04/29", "20:50"], "comment_content": "論上清空了打一次二戰花費的彈藥，但是"}, {"comment_author": "wanters", "comment_date": ["04/29", "20:51"], "comment_content": "對照我們看到的戰況就覺得有點太和平"}, {"comment_author": "wanters", "comment_date": ["04/29", "20:52"], "comment_content": "結果那些彈藥/彈藥經費到底是蒸發到哪裡"}, {"comment_author": "tenka92417", "comment_date": ["04/30", "08:10"], "comment_content": "鐵路運輸的西方裝備這幾天又炸了一批"}, {"comment_author": "tenka92417", "comment_date": ["04/30", "08:11"], "comment_content": "，還沒上前線就涼了"}]}
