{"author": "little87boy (飛天大老鼠)", "category": "Gossiping", "title": "[問卦]  屁股癢該怎麼辦", "date": "Sat May  4 22:26:14 2024", "content": ["如題 小弟今天去野外踏青 走了整天路回來洗澡時發現屁股奇癢無比用強力高壓水沖洗還是覺得無法止癢上來求好用的止癢方式在線 急等-----Sent from JPTT on my iPad--"], "post_comment": [{"comment_author": "theeht", "comment_date": ["05/04", "22:26"], "comment_content": "噁 蟯蟲在產卵"}, {"comment_author": "sukimayukari", "comment_date": ["05/04", "22:26"], "comment_content": "樓下想被狂甲？"}, {"comment_author": "tmgl", "comment_date": ["05/04", "22:26"], "comment_content": "冒險"}, {"comment_author": "xzcb2008", "comment_date": ["05/04", "22:28"], "comment_content": "叫五樓用舌頭舔乾淨就好"}, {"comment_author": "ah937609", "comment_date": ["05/04", "22:29"], "comment_content": "書局 好像 沒賣蛔蟲貼紙 貼紙要去哪買"}, {"comment_author": "firemothra", "comment_date": ["05/04", "22:30"], "comment_content": "寄生蟲要鑽出來了"}, {"comment_author": "firemothra", "comment_date": ["05/04", "22:30"], "comment_content": "寄生蟲在洞口進進出出"}, {"comment_author": "selfhu", "comment_date": ["05/04", "22:46"], "comment_content": "問就屁股抬高"}, {"comment_author": "botnet", "comment_date": ["05/04", "23:00"], "comment_content": " "}, {"comment_author": "akeji", "comment_date": ["05/04", "23:26"], "comment_content": "用薄荷棒插進去"}]}
