{"author": "lichuer (Z揪兒)", "category": "Gossiping", "title": "[問卦] 認真問有人敢跟團到印度旅遊嗎?", "date": "Mon Apr 29 09:30:37 2024", "content": ["小弟在網路上看過無數印度旅遊的影片感覺就是一個充滿欺騙跟髒亂的國家沒想到竟然不少旅行社都有開印度團而且價格也不貴6天5夜也才四萬多台幣認真問有人敢去嗎?有沒有八卦--"], "post_comment": [{"comment_author": "a27588679", "comment_date": ["04/29", "09:31"], "comment_content": "他們也是有乾淨又衛生的店"}, {"comment_author": "BIGETC", "comment_date": ["04/29", "09:31"], "comment_content": "很快就來了 不用去"}, {"comment_author": "louis10452", "comment_date": ["04/29", "09:31"], "comment_content": "幹嘛去。。。"}, {"comment_author": "coffee112", "comment_date": ["04/29", "09:32"], "comment_content": "內內yt去 就覺得參觀票價有被騙 唉"}, {"comment_author": "sd09090", "comment_date": ["04/29", "09:32"], "comment_content": "南印度才是看真印度"}, {"comment_author": "ROKOKKKK", "comment_date": ["04/29", "09:32"], "comment_content": "旅行社敢開團就別怕，他們比你還怕你死"}, {"comment_author": "jacky88101", "comment_date": ["04/29", "09:32"], "comment_content": "旅遊就是個體驗而已"}, {"comment_author": "headcase", "comment_date": ["04/29", "09:33"], "comment_content": "看看台灣最近的食安 比髒亂的印度還慘"}, {"comment_author": "headcase", "comment_date": ["04/29", "09:34"], "comment_content": "印度吃了烙賽 台灣吃了死人"}, {"comment_author": "Lenyog", "comment_date": ["04/29", "09:40"], "comment_content": "隔壁網紅都用探險來形容去印度你說呢"}, {"comment_author": "keineAhnung", "comment_date": ["04/29", "09:41"], "comment_content": "幹凈又衛生"}, {"comment_author": "ko74652", "comment_date": ["04/29", "09:45"], "comment_content": "跟團很安全啊 但男生我會推自由行 有趣"}, {"comment_author": "ko74652", "comment_date": ["04/29", "09:45"], "comment_content": "難忘的回憶 還有泰姬瑪哈陵跟瓦拉納西都"}, {"comment_author": "ko74652", "comment_date": ["04/29", "09:45"], "comment_content": "要去 很漂亮"}, {"comment_author": "vowpool", "comment_date": ["04/29", "09:45"], "comment_content": "跟團很OK吧 自由行才會怕"}, {"comment_author": "vindiesl2000", "comment_date": ["04/29", "09:48"], "comment_content": "看地方吧"}, {"comment_author": "clovergirl", "comment_date": ["04/29", "10:02"], "comment_content": "不去"}]}
