{"author": "ianlin1216 (伊恩可可)", "category": "Gossiping", "title": "[問卦] 各位希望哪些微罪不舉合法化", "date": "Tue Apr 30 09:16:45 2024", "content": ["餓死抬頭台灣民意選擇給違停仔大開方便之門以後路上開車騎車的大爺當道行人死一邊去既然微罪不舉可以這樣濫用各位還想要哪些小罪直接就地合法節省司法資源個人比照違停標準舉幾個例子1. 揍人不超過三拳合法2. 插人不超過三分鐘合法3. 罵人不超過三個字合法這樣應該可以大幅減少法官工作量吧乾五八卦--"], "post_comment": [{"comment_author": "HAHAHUNG", "comment_date": ["04/30", "09:17"], "comment_content": "不簽聯絡簿"}, {"comment_author": "koromo1991", "comment_date": ["04/30", "09:17"], "comment_content": "五樓雞雞不舉"}, {"comment_author": "railman", "comment_date": ["04/30", "09:17"], "comment_content": "2個太容易達標"}, {"comment_author": "xyzgod999", "comment_date": ["04/30", "09:17"], "comment_content": "詐騙不超過三百 合法？"}, {"comment_author": "f87199443", "comment_date": ["04/30", "09:17"], "comment_content": "零元購"}, {"comment_author": "cutesoda", "comment_date": ["04/30", "09:18"], "comment_content": "騙偷搶勒不超過1000合法"}, {"comment_author": "f87199443", "comment_date": ["04/30", "09:18"], "comment_content": "侵佔"}, {"comment_author": "kevin28", "comment_date": ["04/30", "09:18"], "comment_content": "搶劫不超過300元?"}, {"comment_author": "monok", "comment_date": ["04/30", "09:18"], "comment_content": "樓下小屌不舉"}, {"comment_author": "f87199443", "comment_date": ["04/30", "09:18"], "comment_content": "價值2000萬以下房屋"}, {"comment_author": "hyakkiyagyo", "comment_date": ["04/30", "09:18"], "comment_content": "殺政府官員"}, {"comment_author": "Himiko9975", "comment_date": ["04/30", "09:18"], "comment_content": "館長打你三拳以內你確定"}, {"comment_author": "YiZheS", "comment_date": ["04/30", "09:18"], "comment_content": "89拿刀互砍無罪"}, {"comment_author": "winthfoxy", "comment_date": ["04/30", "09:18"], "comment_content": "這樣是不是殺人不超過3個也(ry"}, {"comment_author": "JohnLackey", "comment_date": ["04/30", "09:24"], "comment_content": "提任何告訴要收錢 避免亂告的"}, {"comment_author": "samvii", "comment_date": ["04/30", "09:40"], "comment_content": ""}, {"comment_author": "samvii", "comment_date": ["04/30", "09:40"], "comment_content": "amp"}, {"comment_author": "dieterle", "comment_date": ["04/30", "09:55"], "comment_content": "打炮!"}, {"comment_author": "repuslin", "comment_date": ["04/30", "09:58"], "comment_content": "官員回答質詢說謊"}, {"comment_author": "stu25936", "comment_date": ["04/30", "10:02"], "comment_content": "性交易吧 真的很白癡"}, {"comment_author": "George72", "comment_date": ["04/30", "10:05"], "comment_content": "零元購"}, {"comment_author": "wind7065", "comment_date": ["04/30", "11:06"], "comment_content": "肖像權 拜託大人物自己來告 別靠爪牙"}, {"comment_author": "stgem", "comment_date": ["04/30", "12:23"], "comment_content": "賭博"}, {"comment_author": "badguy227", "comment_date": ["04/30", "12:36"], "comment_content": "每天上班上廁所不超過四小時合法化"}]}
