{"author": "Sosonian (wala)", "category": "Gossiping", "title": "[問卦] 軍武版跟 cargo cult 的比較?", "date": "Mon Apr 29 13:40:30 2024", "content": ["Cargo Cult：\"洋貨崇拜\" 又或 \"貨物崇拜\"是人類學中一個有趣的 case。洋貨崇拜現象發生在二戰結束後的太平洋諸島上的原住民部落。因二戰時美軍的進駐，帶來了這些原住民從未見過的大量現代物資，驚艷了這些原住民。所以等二戰結束美軍撤走，這些原住民仍想招喚回當時的場景，他們以木頭建造記憶中美軍戰車、飛機的模型，模仿美軍軍人的儀態，認為透過這些儀式，就會讓美軍帶著大量物資重回當地。", "模仿美軍士兵", "建造雷達站模型很有趣的觀察目前的軍武版，也有一點這個現象：1.軍武版 和 cargo cult 的原住民都很崇拜美軍物資。2.軍武版 和 cargo cult 的原住民其實都不知道美軍到底來不來。cargo cult 還努力建造模型以巫術乞求，軍武版是完全相信。3.軍武版 和 cargo cult 的原住民根本都不知道美國人的想法。為什麼在網路資訊怎麼發達的現代台灣，會有一群複現 cargo cult 的？怪怪--"], "post_comment": [{"comment_author": "alonli", "comment_date": ["04/29", "13:44"], "comment_content": "牧羊犬"}, {"comment_author": "design0606", "comment_date": ["04/29", "13:45"], "comment_content": "而且相信美軍來了完全不用建構聯合作"}, {"comment_author": "design0606", "comment_date": ["04/29", "13:46"], "comment_content": "戰體系 台美雙方隨即高度融合 你中有"}, {"comment_author": "design0606", "comment_date": ["04/29", "13:46"], "comment_content": "我 我中有你"}, {"comment_author": "design0606", "comment_date": ["04/29", "13:47"], "comment_content": "還會舉例阿富汗戰爭 聯軍也沒有聯訓過"}, {"comment_author": "design0606", "comment_date": ["04/29", "13:47"], "comment_content": "北約表示:"}, {"comment_author": "q123212", "comment_date": ["04/29", "13:48"], "comment_content": "台美關係最好 但是從來沒聯合演習過"}, {"comment_author": "polypress", "comment_date": ["04/29", "13:54"], "comment_content": "軍武堂主mmmimi11tw不喜歡這篇文章"}, {"comment_author": "Fallenshit", "comment_date": ["04/29", "13:55"], "comment_content": "XDDDD"}, {"comment_author": "kediflower", "comment_date": ["04/29", "14:01"], "comment_content": "XD"}, {"comment_author": "xxxxxxxcat", "comment_date": ["04/29", "14:07"], "comment_content": "台美關係史上最好 但是沒有建交"}, {"comment_author": "athome1", "comment_date": ["04/29", "14:13"], "comment_content": "台美關係史上最好 賣我們垃圾防禦性武器"}, {"comment_author": "a40494", "comment_date": ["04/29", "14:28"], "comment_content": "這兩個硬要比較就是軍武版有網路跟鍵盤"}, {"comment_author": "pony0935", "comment_date": ["04/29", "14:52"], "comment_content": "Hail Cargonia"}]}
