{"author": "staxsrm (薏仁茶)", "category": "Gossiping", "title": "[問卦] 犯下七起重刑案卻不公布性名跟長相是?", "date": "Thu May  2 23:14:31 2024", "content": ["莫名被推薦這個影片都超過20年老案子了結果逃亡的兇手還是逍遙法外看樣子應該是有紀錄的阿都用DNA匹配到人了怎麼不全力緝凶一下呢有沒有殺人犯還不公布線索的用意在哪裡的八卦--"], "post_comment": [{"comment_author": "startnba", "comment_date": ["05/02", "23:15"], "comment_content": "加害者的人權"}, {"comment_author": "asters", "comment_date": ["05/02", "23:17"], "comment_content": "抓不到啊"}, {"comment_author": "asters", "comment_date": ["05/02", "23:18"], "comment_content": "真的狠"}, {"comment_author": "snow3804", "comment_date": ["05/02", "23:20"], "comment_content": "台灣以人權立國"}, {"comment_author": "mikasamikoto", "comment_date": ["05/02", "23:24"], "comment_content": "之前有嫖妓的被公佈長相,不知道標準"}, {"comment_author": "mikasamikoto", "comment_date": ["05/02", "23:24"], "comment_content": "在哪"}, {"comment_author": "xixixxiixxii", "comment_date": ["05/02", "23:28"], "comment_content": "人權啊，對了，死人啥權都沒有喔"}, {"comment_author": "mouz", "comment_date": ["05/02", "23:37"], "comment_content": "雲林兼職的公務員單位姓名長相都公開哈哈哈"}, {"comment_author": "sone813129", "comment_date": ["05/03", "00:57"], "comment_content": "抓不到 監視器的影像太模糊了 是根本"}, {"comment_author": "sone813129", "comment_date": ["05/03", "00:57"], "comment_content": "還沒找到是誰幹的 匹配到的DNA也只是"}, {"comment_author": "sone813129", "comment_date": ["05/03", "00:57"], "comment_content": "確定是同一人所犯"}]}
