{"author": "hugh509 ((0_ 0))", "category": "Gossiping", "title": "[問卦] 你真的覺得街友很可憐嗎？", "date": "Sun May  5 15:14:23 2024", "content": ["很多人看到街友被驅趕，會覺得心疼但其實多數地方政府都有提供盥洗、安置空間或者是輔導就業，希望能幫助他們重新回到社會你的納稅錢不少都是花在他們身上都什麼時代了，這點慈悲心還是有的更別說民間團體提供的資源、愛心但是呢，就是有些街友喜歡喝酒、乞討劃地為王，霸佔公共空間影響市容、衛生到底是社會排擠他們，還是他們排擠社會？現在你還覺得街友很可憐嗎？--「我看不到」「欸 我真的看不到」「                 」「我還是什麼都看不到啊...」「我看不到我看不到我看不到!」--"], "post_comment": [{"comment_author": "Healine", "comment_date": ["05/05", "15:15"], "comment_content": "以前不努力 現在有工作給他 他也不做反"}, {"comment_author": "Healine", "comment_date": ["05/05", "15:15"], "comment_content": "正去領免費便當就好"}, {"comment_author": "gem810611", "comment_date": ["05/05", "15:15"], "comment_content": "可憐在哪==說不定還比你有錢"}, {"comment_author": "rindesu", "comment_date": ["05/05", "15:17"], "comment_content": "從來不覺得啊，抓去撲殺剛剛好"}, {"comment_author": "chives465", "comment_date": ["05/05", "15:21"], "comment_content": "可以全部送去外島集中管理"}, {"comment_author": "tonist9808", "comment_date": ["05/05", "15:28"], "comment_content": "從不覺得，只覺得這群野狗沒被抓起來"}, {"comment_author": "tonist9808", "comment_date": ["05/05", "15:29"], "comment_content": "強制安樂死或丟深山真是管理不當"}, {"comment_author": "darkMood", "comment_date": ["05/05", "15:43"], "comment_content": "可憐。"}]}
