{"author": "arch20161219 (肥冷淬)", "category": "Gossiping", "title": "[問卦] 看異塵餘生玩過遊戲比較入戲嗎", "date": "Wed May  1 22:23:54 2024", "content": ["牛仔殭屍簡單掛了一堆挑戰者順便阻止了阿婆對他開槍最後自以為帥氣躑下一堆瓶蓋當作謝禮還有穿上人形裝甲腳卡在木板就是不熟操控的結果之一以上一堆似乎都是遊戲梗要玩過fallout再看異塵餘生才能完全入戲嗎？也太多人玩過這遊戲曾霸榜全球影劇-----Sent from JPTT on my iPhone--"], "post_comment": [{"comment_author": "egg781", "comment_date": ["05/01", "22:26"], "comment_content": "影集讓大部分粉絲滿意以外,不認識異塵餘生"}, {"comment_author": "egg781", "comment_date": ["05/01", "22:26"], "comment_content": "的也覺得好看,所以收視才會那麼高"}, {"comment_author": "chadmu", "comment_date": ["05/01", "22:27"], "comment_content": "我以前也在撿瓶蓋  直到我膝蓋中了一槍"}]}
