{"author": "yahe0526 (慕村拓哉)", "category": "Gossiping", "title": "[問卦] 為什麼盜版遊戲光碟跟遊戲機破解消失了??", "date": "Wed May  1 19:50:42 2024", "content": ["如題還記得以前玩PSP的時候還會刷機 然後直接找破解的遊戲玩但時至今日好像都沒有聽到有人在玩破解版的遊戲或是拿遊戲機去改機為什麼盜版遊戲銷聲匿跡了呢??--444444444444444444444444444444444", "--"], "post_comment": [{"comment_author": "blue999", "comment_date": ["05/01", "19:51"], "comment_content": "那是學生吧  上班誰tm還在玩破解的"}, {"comment_author": "gx8759121", "comment_date": ["05/01", "19:51"], "comment_content": "手遊更好玩"}, {"comment_author": "neilisme", "comment_date": ["05/01", "19:51"], "comment_content": "還是一堆阿 你沒門路而已吧"}, {"comment_author": "felixden", "comment_date": ["05/01", "19:52"], "comment_content": "一直更新啊"}, {"comment_author": "GoingMerry", "comment_date": ["05/01", "19:52"], "comment_content": "當年的小孩都長大了"}, {"comment_author": "nekoares", "comment_date": ["05/01", "19:52"], "comment_content": "不知道耶 你覺得呢"}, {"comment_author": "theeht", "comment_date": ["05/01", "19:52"], "comment_content": "中國那邊一堆吧"}, {"comment_author": "MrSherlock", "comment_date": ["05/01", "19:52"], "comment_content": "串流方便是原因之一"}, {"comment_author": "js850604", "comment_date": ["05/01", "19:52"], "comment_content": "因為PC更好用，還不用改機，MOD更好玩"}, {"comment_author": "qpeter", "comment_date": ["05/01", "19:53"], "comment_content": "不都線上化了 現在都有不帶光牒機的遊戲機"}, {"comment_author": "Leeheaven", "comment_date": ["05/01", "19:53"], "comment_content": "主要是根本沒時間玩吧"}, {"comment_author": "game1398", "comment_date": ["05/01", "19:53"], "comment_content": "我就問多少人winrar是購買來的"}, {"comment_author": "tanted", "comment_date": ["05/01", "19:53"], "comment_content": "switch 有阿"}, {"comment_author": "blue999", "comment_date": ["05/01", "19:54"], "comment_content": "以前研究PSP破解 可以研究一整天 現在沒"}, {"comment_author": "hikaru77613", "comment_date": ["05/01", "19:54"], "comment_content": "Xyz 都還活著怎麼沒有盜版？"}, {"comment_author": "qpeter", "comment_date": ["05/01", "19:54"], "comment_content": "了 現在也沒什麼盜版CD了 都直接上串流了"}, {"comment_author": "wanscur", "comment_date": ["05/01", "19:54"], "comment_content": "電腦版現在還有。"}, {"comment_author": "blue999", "comment_date": ["05/01", "19:54"], "comment_content": "那美國時間了  主要是遊戲也沒多少錢"}, {"comment_author": "darkbrigher", "comment_date": ["05/01", "19:55"], "comment_content": "現在都直接串流了吧 用下載的"}, {"comment_author": "NgJovi", "comment_date": ["05/01", "19:55"], "comment_content": "方便還是大於一切"}, {"comment_author": "darkholy", "comment_date": ["05/01", "19:55"], "comment_content": "現在都用網路下載了"}, {"comment_author": "hongzero", "comment_date": ["05/01", "19:56"], "comment_content": "還很多吧 看你找不著得到"}, {"comment_author": "abcd5566", "comment_date": ["05/01", "19:56"], "comment_content": "現在也有 但那個是很窮的臭宅才會"}, {"comment_author": "abcd5566", "comment_date": ["05/01", "19:56"], "comment_content": "這些大概都統粉"}, {"comment_author": "abcd5566", "comment_date": ["05/01", "19:57"], "comment_content": "中國論壇一堆大補帖"}, {"comment_author": "bacteria2014", "comment_date": ["05/01", "19:57"], "comment_content": "因為光碟機消失了"}, {"comment_author": "duelaylomo", "comment_date": ["05/01", "19:57"], "comment_content": "認真說，因為你老了"}, {"comment_author": "waijr", "comment_date": ["05/01", "19:58"], "comment_content": "現在的遊戲patch太多 假設你是玩一個盜版"}, {"comment_author": "waijr", "comment_date": ["05/01", "19:58"], "comment_content": "的大型遊戲 你要自己做patch更新 累死了"}, {"comment_author": "angel902037", "comment_date": ["05/01", "19:58"], "comment_content": "switch"}, {"comment_author": "qpeter", "comment_date": ["05/01", "19:59"], "comment_content": "以前買正版還一堆防烤機制 單機遊戲還要網"}, {"comment_author": "qpeter", "comment_date": ["05/01", "19:59"], "comment_content": "上註冊序號才能玩...現在光碟都被淘汰了"}, {"comment_author": "RaiGend0519", "comment_date": ["05/01", "19:59"], "comment_content": "網路速度提高是主因"}, {"comment_author": "n180", "comment_date": ["05/01", "19:59"], "comment_content": "因為台灣經濟起飛 大家都有錢直接買遊戲了"}, {"comment_author": "abcd5566", "comment_date": ["05/01", "20:00"], "comment_content": "現在都是直接改在PC玩"}, {"comment_author": "RaiGend0519", "comment_date": ["05/01", "20:00"], "comment_content": "現在光世代退回撥接，你就會看到出現"}, {"comment_author": "RaiGend0519", "comment_date": ["05/01", "20:01"], "comment_content": "Steam實體店"}, {"comment_author": "pita30", "comment_date": ["05/01", "20:01"], "comment_content": "中國一堆好嗎"}, {"comment_author": "waijr", "comment_date": ["05/01", "20:01"], "comment_content": "而且PS5遊戲片也不是直接玩，插進去會去下"}, {"comment_author": "waijr", "comment_date": ["05/01", "20:01"], "comment_content": "遊戲 你要講的話就是現在遊戲太肥了"}, {"comment_author": "darkbrigher", "comment_date": ["05/01", "20:02"], "comment_content": "一個遊戲幾十G 用光碟要換幾片?"}, {"comment_author": "CowBaoGan", "comment_date": ["05/01", "20:02"], "comment_content": "1.網路普及 2.串流 3.當年還在媽媽砸摳"}, {"comment_author": "lakeisland", "comment_date": ["05/01", "20:02"], "comment_content": "就遊戲價格被打下來，以前正板卡帶和"}, {"comment_author": "lakeisland", "comment_date": ["05/01", "20:02"], "comment_content": "光碟價格高盜版才有利潤空間"}, {"comment_author": "RC8377", "comment_date": ["05/01", "20:03"], "comment_content": "是多窮"}, {"comment_author": "CowBaoGan", "comment_date": ["05/01", "20:03"], "comment_content": "的小鬼都出社會了"}, {"comment_author": "luciffar", "comment_date": ["05/01", "20:04"], "comment_content": "你以為盜版光碟不用錢逆 笑死"}, {"comment_author": "fish3932000", "comment_date": ["05/01", "20:05"], "comment_content": "你沒錢嗎"}, {"comment_author": "luciffar", "comment_date": ["05/01", "20:05"], "comment_content": "一樣要花錢 當然是上STEAM買99特價正版"}, {"comment_author": "visadanny", "comment_date": ["05/01", "20:06"], "comment_content": "就有錢了"}, {"comment_author": "sarsenwen", "comment_date": ["05/01", "20:09"], "comment_content": "現在搞那些不如直接去打工 正版能線上"}, {"comment_author": "sarsenwen", "comment_date": ["05/01", "20:09"], "comment_content": "體感差多 還有中毒風險"}, {"comment_author": "shadowdio", "comment_date": ["05/01", "20:18"], "comment_content": "買台片的長大了"}, {"comment_author": "tengerinedog", "comment_date": ["05/01", "20:18"], "comment_content": "機器連線後直接關你後門"}, {"comment_author": "fit8590", "comment_date": ["05/01", "20:19"], "comment_content": "版本更新吧"}, {"comment_author": "fit8590", "comment_date": ["05/01", "20:20"], "comment_content": "然後數位版"}, {"comment_author": "sushi11", "comment_date": ["05/01", "20:21"], "comment_content": "正版都沒人玩還玩盜版"}, {"comment_author": "WeAntiTVBS", "comment_date": ["05/01", "20:22"], "comment_content": "現在抓得相當嚴格 抓到都送刑事局偵辦"}, {"comment_author": "akakbest", "comment_date": ["05/01", "20:23"], "comment_content": "現在遊戲很便宜 都是買了沒時間玩"}, {"comment_author": "augustus215", "comment_date": ["05/01", "20:23"], "comment_content": "電子陽痿"}, {"comment_author": "enjoyyou", "comment_date": ["05/01", "20:26"], "comment_content": "網路認證~"}, {"comment_author": "aa890051", "comment_date": ["05/01", "20:26"], "comment_content": "免費免洗手遊一大堆..."}, {"comment_author": "mikiji", "comment_date": ["05/01", "20:27"], "comment_content": "窮小孩電子陽痿"}, {"comment_author": "redbeanbread", "comment_date": ["05/01", "20:27"], "comment_content": "超額儲蓄"}, {"comment_author": "WTF1111", "comment_date": ["05/01", "20:28"], "comment_content": "破解steam 一堆"}, {"comment_author": "asdf70044", "comment_date": ["05/01", "20:29"], "comment_content": "手遊"}, {"comment_author": "bheegrl", "comment_date": ["05/01", "20:29"], "comment_content": "一樣還是成本的問題，正版成本更低"}, {"comment_author": "pili6865", "comment_date": ["05/01", "20:31"], "comment_content": "現在小朋友只喜歡玩智障手遊"}, {"comment_author": "sustto", "comment_date": ["05/01", "20:31"], "comment_content": "手機版steam買遊戲的遊戲 好玩"}, {"comment_author": "ilsc", "comment_date": ["05/01", "20:32"], "comment_content": "笑死  都啥年代了  還用盜版"}, {"comment_author": "herculus6502", "comment_date": ["05/01", "20:32"], "comment_content": "沒時間"}, {"comment_author": "milkBK", "comment_date": ["05/01", "20:35"], "comment_content": "經濟最好欸"}, {"comment_author": "qqapplpaa", "comment_date": ["05/01", "20:38"], "comment_content": "蝦皮一堆"}, {"comment_author": "bill219012", "comment_date": ["05/01", "20:38"], "comment_content": "都大叔了還在省那幾千？"}, {"comment_author": "tanted", "comment_date": ["05/01", "20:39"], "comment_content": "見識太淺薄? 請goole switch 大氣層"}, {"comment_author": "boooooood", "comment_date": ["05/01", "20:39"], "comment_content": "中國那邊還是一堆"}, {"comment_author": "tanted", "comment_date": ["05/01", "20:39"], "comment_content": "              google"}, {"comment_author": "Gokudo", "comment_date": ["05/01", "20:40"], "comment_content": "模擬器一堆啊 但怕有毒 正版又沒多少錢"}, {"comment_author": "kmkr122719", "comment_date": ["05/01", "20:41"], "comment_content": "沒消失,前幾天才有人買switch破解主機"}, {"comment_author": "kmkr122719", "comment_date": ["05/01", "20:41"], "comment_content": "被騙而已"}, {"comment_author": "kmkr122719", "comment_date": ["05/01", "20:42"], "comment_content": "不過跟之前比,盜版少了很多這倒是真的"}, {"comment_author": "ludada", "comment_date": ["05/01", "20:42"], "comment_content": "單機就算了，現在一堆連線遊戲或連線才好"}, {"comment_author": "ludada", "comment_date": ["05/01", "20:42"], "comment_content": "玩的，這些正版才辦得到"}, {"comment_author": "antigidu", "comment_date": ["05/01", "20:44"], "comment_content": "這邊果然都老人QQ"}, {"comment_author": "jehow", "comment_date": ["05/01", "20:54"], "comment_content": "以前貴 想想都通膨幾十年 遊戲價格還沒漲"}, {"comment_author": "blackstyles", "comment_date": ["05/01", "20:54"], "comment_content": "那是你老了 新的還是有"}, {"comment_author": "ra88872", "comment_date": ["05/01", "20:55"], "comment_content": "盜版還是有，只是現在娛樂那麼多，又不像"}, {"comment_author": "ra88872", "comment_date": ["05/01", "20:55"], "comment_content": "以前，也沒有什麼一定得玩到的"}, {"comment_author": "Z727808260", "comment_date": ["05/01", "21:02"], "comment_content": "CP值太低"}, {"comment_author": "jehow", "comment_date": ["05/01", "21:05"], "comment_content": "新的也沒賣多便宜 以前盜版一片50 不能比"}, {"comment_author": "super1314159", "comment_date": ["05/01", "21:06"], "comment_content": "D槽裡面一堆備份iso檔放著佔空間"}, {"comment_author": "joky2001", "comment_date": ["05/01", "21:07"], "comment_content": "中國還一堆阿。現在有些遊戲等特價"}, {"comment_author": "joky2001", "comment_date": ["05/01", "21:07"], "comment_content": "都才幾百塊根本不用浪費時間找破解"}, {"comment_author": "joky2001", "comment_date": ["05/01", "21:07"], "comment_content": "版"}, {"comment_author": "adk147852", "comment_date": ["05/01", "21:13"], "comment_content": "光蝦皮就一大推 誰跟你消失"}, {"comment_author": "keepmen", "comment_date": ["05/01", "21:13"], "comment_content": "現在改機也沒很貴，資源要自己找麻煩而"}, {"comment_author": "keepmen", "comment_date": ["05/01", "21:13"], "comment_content": "已"}, {"comment_author": "PlayStation6", "comment_date": ["05/01", "21:35"], "comment_content": "正版取得手段比盜版還簡單的話"}, {"comment_author": "PlayStation6", "comment_date": ["05/01", "21:35"], "comment_content": "盜版的有點只有省錢了"}, {"comment_author": "moocow", "comment_date": ["05/01", "21:36"], "comment_content": "現在都放網路上了"}, {"comment_author": "PlayStation6", "comment_date": ["05/01", "21:36"], "comment_content": "但你花時間研究怎麼破解的時候"}, {"comment_author": "PlayStation6", "comment_date": ["05/01", "21:36"], "comment_content": "Steam的折價已經開始了"}, {"comment_author": "RuinAngel", "comment_date": ["05/01", "21:37"], "comment_content": "並沒消失妳沒關注到相關消息而已"}, {"comment_author": "tony88037", "comment_date": ["05/01", "21:40"], "comment_content": "現在遊戲都出了之後再慢慢修慢慢出新內"}, {"comment_author": "tony88037", "comment_date": ["05/01", "21:40"], "comment_content": "容，修一次要重新下載一次破解，還是正"}, {"comment_author": "tony88037", "comment_date": ["05/01", "21:40"], "comment_content": "版比較方便"}, {"comment_author": "swjlsc", "comment_date": ["05/01", "21:40"], "comment_content": "因為目前經濟最好"}, {"comment_author": "dream0131", "comment_date": ["05/01", "21:41"], "comment_content": "只有中國人跟國高中以下才在玩盜版的"}, {"comment_author": "dream0131", "comment_date": ["05/01", "21:41"], "comment_content": "吧，一個遊戲片又沒多貴，跟課金制比"}, {"comment_author": "dream0131", "comment_date": ["05/01", "21:41"], "comment_content": "起來便宜太多了"}, {"comment_author": "alex00089", "comment_date": ["05/01", "21:43"], "comment_content": "遊戲肥大"}, {"comment_author": "sawe53", "comment_date": ["05/01", "21:47"], "comment_content": ""}, {"comment_author": "sawe53", "comment_date": ["05/01", "21:47"], "comment_content": "你是不是剛看完"}, {"comment_author": "TuChinJui", "comment_date": ["05/01", "21:54"], "comment_content": "還有呀…"}, {"comment_author": "Dorae5566", "comment_date": ["05/01", "22:07"], "comment_content": "以前一個三房兩廳要400萬，暗黑破壞神"}, {"comment_author": "Dorae5566", "comment_date": ["05/01", "22:07"], "comment_content": "2要1600元"}, {"comment_author": "Dorae5566", "comment_date": ["05/01", "22:08"], "comment_content": "現在一個三房兩廳要1600+150萬，暗黑"}, {"comment_author": "Dorae5566", "comment_date": ["05/01", "22:08"], "comment_content": "破壞神4只要1350"}, {"comment_author": "fix78", "comment_date": ["05/01", "22:12"], "comment_content": "正版都用贈送了，還盜版"}, {"comment_author": "jacky5827", "comment_date": ["05/01", "22:16"], "comment_content": "現代手遊課金更貴，單機遊戲價格不夠"}, {"comment_author": "ymcaboy", "comment_date": ["05/01", "22:23"], "comment_content": "經濟起飛"}, {"comment_author": "ax9199", "comment_date": ["05/01", "22:31"], "comment_content": "現在買正版的渠道多很多 以前買盜版不一"}, {"comment_author": "ax9199", "comment_date": ["05/01", "22:31"], "comment_content": "定是沒錢 只是找不到地方買正版"}, {"comment_author": "hakkiene", "comment_date": ["05/01", "22:35"], "comment_content": "聯網功能之後就不是單機版了"}, {"comment_author": "j4029901", "comment_date": ["05/01", "22:50"], "comment_content": "盜版的可能還要自己弄補丁插件steam 買"}, {"comment_author": "j4029901", "comment_date": ["05/01", "22:50"], "comment_content": "正版的不好嗎？"}, {"comment_author": "yangnana", "comment_date": ["05/01", "22:55"], "comment_content": "根本玩不完吧？打開就更新新地圖"}, {"comment_author": "x8931139", "comment_date": ["05/01", "23:00"], "comment_content": "學生都玩手遊 可以免費玩 幹嘛花錢"}, {"comment_author": "Lowpapa", "comment_date": ["05/01", "23:07"], "comment_content": "哪有消失   一堆啊"}, {"comment_author": "olalo", "comment_date": ["05/01", "23:26"], "comment_content": "你是不是剛看完老孫聊遊戲?"}, {"comment_author": "wgjfish", "comment_date": ["05/01", "23:43"], "comment_content": "現在都破解包包手錶和蓋爛房子"}, {"comment_author": "mynewid", "comment_date": ["05/01", "23:54"], "comment_content": "買遊戲本身比較有趣ㄚ"}, {"comment_author": "selvester", "comment_date": ["05/02", "00:05"], "comment_content": "盜版的原因只是因為服務不夠好而已"}, {"comment_author": "selvester", "comment_date": ["05/02", "00:05"], "comment_content": "By G胖天神 事實也如此 但就是有幾家"}, {"comment_author": "selvester", "comment_date": ["05/02", "00:05"], "comment_content": "還在走回頭路搞玩家 Capcom Ubi EA"}, {"comment_author": "gn02546574", "comment_date": ["05/02", "00:32"], "comment_content": "遊戲沒有漲很多"}, {"comment_author": "hayate65536", "comment_date": ["05/02", "00:49"], "comment_content": "有錢就懶得自己來了"}, {"comment_author": "s9220140", "comment_date": ["05/02", "01:19"], "comment_content": "有steam and 手游崛起"}, {"comment_author": "hodj", "comment_date": ["05/02", "02:06"], "comment_content": "有賺錢的人都直接買正版好嗎？"}, {"comment_author": "imotfnir", "comment_date": ["05/02", "02:12"], "comment_content": "因為鳥姐不幹啦"}, {"comment_author": "imotfnir", "comment_date": ["05/02", "02:17"], "comment_content": "破解成本變高，多人遊戲越來越多"}, {"comment_author": "jay0215", "comment_date": ["05/02", "02:42"], "comment_content": "家機比較難盜版，另外有遊戲訂閱制也大量"}, {"comment_author": "jay0215", "comment_date": ["05/02", "02:43"], "comment_content": "減少盜版的可能性，畢竟很多遊戲要連線玩"}, {"comment_author": "jay0215", "comment_date": ["05/02", "02:43"], "comment_content": "，若盜版或用外掛被鎖遊戲樂趣就少了九成"}, {"comment_author": "jay0215", "comment_date": ["05/02", "02:45"], "comment_content": "，而電腦版盜版還是有但也比過去少，除了"}, {"comment_author": "jay0215", "comment_date": ["05/02", "02:45"], "comment_content": "前面說的訂閱制跟連線防盜版防外掛機制外"}, {"comment_author": "jay0215", "comment_date": ["05/02", "02:47"], "comment_content": "，像STEAM或UBI等數位平台每年有多次打折"}, {"comment_author": "jay0215", "comment_date": ["05/02", "02:47"], "comment_content": "也慢慢減少使用盜版的消費者"}, {"comment_author": "jay0215", "comment_date": ["05/02", "02:48"], "comment_content": "畢竟現在各國收入提高，網路速度越來越快"}, {"comment_author": "jay0215", "comment_date": ["05/02", "02:49"], "comment_content": "，以前盜版是花時間省錢，現在是花小錢省"}, {"comment_author": "jay0215", "comment_date": ["05/02", "02:49"], "comment_content": "大量時間"}, {"comment_author": "fantasylee", "comment_date": ["05/02", "04:35"], "comment_content": "家機改機 不能連線 不就是塊磚..."}, {"comment_author": "lgcwow", "comment_date": ["05/02", "05:46"], "comment_content": "平台變化太快。你看單一平台，還是"}, {"comment_author": "lgcwow", "comment_date": ["05/02", "05:46"], "comment_content": "有人在破解"}, {"comment_author": "deray", "comment_date": ["05/02", "06:48"], "comment_content": "什麼是光碟？"}, {"comment_author": "fhill12", "comment_date": ["05/02", "07:47"], "comment_content": "遊戲又沒多少錢"}, {"comment_author": "sicao", "comment_date": ["05/02", "07:48"], "comment_content": "還是有啊"}, {"comment_author": "Chia2323", "comment_date": ["05/02", "08:01"], "comment_content": "抓很嚴 直接鎖你主機整台廢了"}, {"comment_author": "sobiNOva", "comment_date": ["05/02", "08:03"], "comment_content": "現在誰還在用光碟XDD"}, {"comment_author": "jacky7744111", "comment_date": ["05/02", "08:15"], "comment_content": "哪裡消失 網路一堆盜版switch"}, {"comment_author": "wyiwyi", "comment_date": ["05/02", "08:28"], "comment_content": "王國之淚這麼大的新聞= ="}, {"comment_author": "loom0et0bust", "comment_date": ["05/02", "08:31"], "comment_content": "遊戲沒多少錢，破解版你還要擔心檔"}, {"comment_author": "loom0et0bust", "comment_date": ["05/02", "08:31"], "comment_content": "案完整性跟病毒，也沒辦法享受完整"}, {"comment_author": "loom0et0bust", "comment_date": ["05/02", "08:31"], "comment_content": "遊戲服務，成本風險沒有比較划算"}, {"comment_author": "CTUST", "comment_date": ["05/02", "08:33"], "comment_content": "以量制價，行銷世界便捷許多，自然"}, {"comment_author": "CTUST", "comment_date": ["05/02", "08:33"], "comment_content": "壓低售價，舉例來說，正版300的CD"}, {"comment_author": "CTUST", "comment_date": ["05/02", "08:33"], "comment_content": "盜版賣150以上你還要買嗎"}, {"comment_author": "Playonenight", "comment_date": ["05/02", "08:39"], "comment_content": "垃圾少了很多啊"}, {"comment_author": "loking", "comment_date": ["05/02", "09:29"], "comment_content": "遊戲怎麼串流"}, {"comment_author": "h760108", "comment_date": ["05/02", "10:16"], "comment_content": "自己玩真的太無聊了…"}, {"comment_author": "justeat", "comment_date": ["05/02", "11:40"], "comment_content": "現在都中年人在玩 一點錢小意思"}, {"comment_author": "Poaceae", "comment_date": ["05/02", "12:11"], "comment_content": "還是有，比方：伊莉"}, {"comment_author": "IRPT001", "comment_date": ["05/03", "21:27"], "comment_content": "online"}]}
