{"author": "Caress (愛撫)", "category": "Gossiping", "title": "[問卦] 日女會坐月子嗎?", "date": "Sun Apr 28 11:00:19 2024", "content": ["現在日幣便宜想娶個日女來台還可以開YT頻道賺錢反正台男愛看日女只要注意不要讓她坐機車後座拿衛生紙就好日女會坐月子嗎?有沒有八卦--", "--"], "post_comment": [{"comment_author": "FZ5566", "comment_date": ["04/28", "11:00"], "comment_content": "年過三十中年老漢會力不從心"}, {"comment_author": "hatephubbing", "comment_date": ["04/28", "11:01"], "comment_content": "同為亞洲人，應該要的吧"}, {"comment_author": "omfg5487", "comment_date": ["04/28", "11:02"], "comment_content": "體質不一樣"}, {"comment_author": "snocia", "comment_date": ["04/28", "11:03"], "comment_content": "正常人不坐"}, {"comment_author": "scores", "comment_date": ["04/28", "11:03"], "comment_content": "日本沒有麻油系列料理 無法坐月子"}, {"comment_author": "E6300", "comment_date": ["04/28", "11:04"], "comment_content": "全世界只有台女需要坐月子 而且不坐就會死"}, {"comment_author": "LoveMakeLove", "comment_date": ["04/28", "11:06"], "comment_content": "不會 生完馬上開車去大賣場吃冰淇"}, {"comment_author": "LoveMakeLove", "comment_date": ["04/28", "11:06"], "comment_content": "淋"}, {"comment_author": "abc4", "comment_date": ["04/28", "11:08"], "comment_content": "日女真好養  反觀"}, {"comment_author": "Caress", "comment_date": ["04/28", "11:12"], "comment_content": "不坐會死喔  太恐怖了吧"}, {"comment_author": "newstyle", "comment_date": ["04/28", "13:00"], "comment_content": "好像連中女都沒坐"}, {"comment_author": "figgy", "comment_date": ["04/28", "13:51"], "comment_content": "6樓一針見血"}, {"comment_author": "raku", "comment_date": ["04/28", "13:55"], "comment_content": "不會"}, {"comment_author": "a114261", "comment_date": ["04/28", "17:16"], "comment_content": "說得好像好像你娶得到老婆一樣"}]}
