{"author": "magic543 (何布)", "category": "Gossiping", "title": "[問卦] 有沒有美國版太陽花學運的八卦????", "date": "Sun Apr 28 13:02:51 2024", "content": ["美國最近一連串的大學學運主要抗議美國政府親以色列不公平的對待以巴衝突民主自由的美國  竟然用電擊等暴力手段驅離.抓走相關人員和學生這種學運風潮 也飄到其他國家了有沒有美國太陽花的八卦???!!以前罵香港警察打人 美國也不輸人", "資料來源", "--"], "post_comment": [{"comment_author": "PSptt", "comment_date": ["04/28", "13:04"], "comment_content": "太陽花是政治鬥爭 請不要自抬身價"}, {"comment_author": "squeakywheel", "comment_date": ["04/28", "13:04"], "comment_content": "我跟40％立場相同 希望升級成美64"}, {"comment_author": "BMTH5566", "comment_date": ["04/28", "13:04"], "comment_content": "覺青：美國黑警打得好！"}, {"comment_author": "q34355997", "comment_date": ["04/28", "13:09"], "comment_content": "dpper：看這些警察屠殺學生真爽"}, {"comment_author": "godamn", "comment_date": ["04/28", "13:11"], "comment_content": "一堆美國抖音仔"}, {"comment_author": "CharleneTsai", "comment_date": ["04/28", "13:16"], "comment_content": "好了啦 BLM時打得更兇"}, {"comment_author": "machiusheng", "comment_date": ["04/28", "13:16"], "comment_content": "屁 米國那有搶太陽餅"}, {"comment_author": "Zombieslayer", "comment_date": ["04/28", "13:53"], "comment_content": "美麗風景線"}, {"comment_author": "async", "comment_date": ["04/28", "13:55"], "comment_content": "很BLM比小非常多"}]}
