{"author": "i2taiwan (PTT航空王)", "category": "Gossiping", "title": "[問卦] 有沒有沈芯菱的八卦?", "date": "Fri May  3 15:08:39 2024", "content": ["如堤有沒有沈芯菱這葛人的八卦?號稱公益家看YT要選2032總統", "清華人社系台大新聞碩台大國企博每場公益演講少說一萬通告費吧有她的八卦嗎?--"], "post_comment": [{"comment_author": "bengowa", "comment_date": ["05/03", "15:09"], "comment_content": "8888888888888888"}, {"comment_author": "Himiko9975", "comment_date": ["05/03", "15:09"], "comment_content": "Who"}, {"comment_author": "TISH12311", "comment_date": ["05/03", "15:09"], "comment_content": "AZ SASA ㄉ學姊"}, {"comment_author": "dbjdx", "comment_date": ["05/03", "15:09"], "comment_content": ""}, {"comment_author": "snow3804", "comment_date": ["05/03", "15:09"], "comment_content": "那個已經沒用了"}, {"comment_author": "ianpttptt", "comment_date": ["05/03", "15:11"], "comment_content": "要問幾次"}, {"comment_author": "yoyodiy", "comment_date": ["05/03", "15:12"], "comment_content": "演過 我的婆婆怎麼那麼可愛 還得過金鐘獎"}, {"comment_author": "YCTING", "comment_date": ["05/03", "15:15"], "comment_content": "造不動了 過氣"}, {"comment_author": "DPP48", "comment_date": ["05/03", "15:16"], "comment_content": "過氣了"}, {"comment_author": "ChungLi5566", "comment_date": ["05/03", "15:29"], "comment_content": ""}, {"comment_author": "fp737", "comment_date": ["05/03", "15:45"], "comment_content": "都是你在問  你要問幾次?"}, {"comment_author": "lkdsa", "comment_date": ["05/03", "16:38"], "comment_content": "好好笑"}, {"comment_author": "butmyass", "comment_date": ["05/03", "17:18"], "comment_content": "你前天問過了，還沒滿足？"}, {"comment_author": "mikiji", "comment_date": ["05/03", "20:12"], "comment_content": ""}]}
