{"author": "yniori (偉恩咖肥)", "category": "Gossiping", "title": "[問卦] 年收百萬又不用繳稅PR多少", "date": "Tue Apr 30 19:55:06 2024", "content": ["如題年收百萬蠻多人有的畢竟領薪水而已但年收百萬又不用繳稅這PR應該不錯吧各位覺得年收百萬又不用繳稅的PR多少--"], "post_comment": [{"comment_author": "ncc5566", "comment_date": ["04/30", "19:55"], "comment_content": "樓下肛門裡面插著幾根屌?"}, {"comment_author": "alanqwer", "comment_date": ["04/30", "20:05"], "comment_content": "0"}, {"comment_author": "fony1029", "comment_date": ["04/30", "20:15"], "comment_content": "這叫逃漏稅 怎不檢舉？還是要等到他選舉"}, {"comment_author": "fony1029", "comment_date": ["04/30", "20:15"], "comment_content": "再來嘻嘻"}, {"comment_author": "yunhsing", "comment_date": ["04/30", "20:31"], "comment_content": "扶養十幾個人嗎？"}, {"comment_author": "a111111", "comment_date": ["04/30", "20:33"], "comment_content": "百萬好魯喔"}, {"comment_author": "xm3u4vmp6", "comment_date": ["04/30", "20:34"], "comment_content": "目前 薪水都是加密貨幣"}, {"comment_author": "a111111", "comment_date": ["04/30", "20:34"], "comment_content": "兩百萬以下都是魯蛇"}, {"comment_author": "xm3u4vmp6", "comment_date": ["04/30", "20:34"], "comment_content": "貨款 客戶都是用加密貨幣支付"}, {"comment_author": "xm3u4vmp6", "comment_date": ["04/30", "20:34"], "comment_content": "可惜回台灣超過700 就有税"}, {"comment_author": "FarkU", "comment_date": ["04/30", "20:40"], "comment_content": "本魯都收現金，名義上沒有工作，為長期失"}, {"comment_author": "FarkU", "comment_date": ["04/30", "20:40"], "comment_content": "業人口，也沒有勞健保退休金。"}, {"comment_author": "spa41260", "comment_date": ["04/30", "20:56"], "comment_content": "農民嗎？"}, {"comment_author": "WINNERVVV", "comment_date": ["04/30", "21:12"], "comment_content": "我都扶養四個人了還是要繳11萬…"}, {"comment_author": "vowpool", "comment_date": ["05/02", "09:56"], "comment_content": "喂 請問是國稅局嗎"}]}
