{"author": "boy830527 (eric)", "category": "Gossiping", "title": "[問卦] 有沒有每天上班都想離職的卦？", "date": "Mon Apr 29 08:28:22 2024", "content": ["又到了禮拜一的上班日 有沒有一進公司就想離職的卦 但又想到有一堆開銷每個月要活著就得花好幾萬塊 又默默開始做事有沒有想離職的人都怎麼下定決心-----Sent from MeowPtt on my SM-A528B--"], "post_comment": [{"comment_author": "k385476916", "comment_date": ["04/29", "08:28"], "comment_content": "直接離職"}, {"comment_author": "felixden", "comment_date": ["04/29", "08:29"], "comment_content": "我每天做愛"}, {"comment_author": "com2", "comment_date": ["04/29", "08:35"], "comment_content": "沒錢就不要胡思亂想"}, {"comment_author": "fjtc12", "comment_date": ["04/29", "08:35"], "comment_content": "打一槍"}, {"comment_author": "dct817", "comment_date": ["04/29", "08:39"], "comment_content": "上班前 吃好一點啊 下班再吃好一點啊"}, {"comment_author": "dct817", "comment_date": ["04/29", "08:40"], "comment_content": "每幾個月訂個溫泉飯店爽一下啊 不然?"}, {"comment_author": "Healine", "comment_date": ["04/29", "08:40"], "comment_content": "沒錢 別裸辭啊 騎驢找馬"}, {"comment_author": "Diaw0803", "comment_date": ["04/29", "08:42"], "comment_content": "早該離職了"}, {"comment_author": "t127147157", "comment_date": ["04/29", "08:43"], "comment_content": "鳥公司 快逃"}, {"comment_author": "pricekin", "comment_date": ["04/29", "08:44"], "comment_content": "沒本錢裸辭就邊做邊找下家"}, {"comment_author": "tecopon", "comment_date": ["04/29", "08:45"], "comment_content": "如果你還年輕，趁早想清楚.."}, {"comment_author": "tecopon", "comment_date": ["04/29", "08:46"], "comment_content": "年過40後，你會越來越不敢"}, {"comment_author": "jason138", "comment_date": ["04/29", "08:48"], "comment_content": "還好啦 我都躺平到下班"}, {"comment_author": "uio3344", "comment_date": ["04/29", "09:04"], "comment_content": "問就是離職"}, {"comment_author": "ladygaga168", "comment_date": ["04/29", "09:15"], "comment_content": "本板都財富自由，嘻嘻"}, {"comment_author": "ayakaku", "comment_date": ["04/29", "09:36"], "comment_content": "騎驢找馬，找到就快點逃"}, {"comment_author": "bear2008", "comment_date": ["04/29", "10:05"], "comment_content": "買樂透賭一把"}, {"comment_author": "clovergirl", "comment_date": ["04/29", "10:05"], "comment_content": "做得痛苦就快換"}, {"comment_author": "zaniafir", "comment_date": ["04/29", "13:05"], "comment_content": "真的怎麼會這樣"}, {"comment_author": "nxuanr", "comment_date": ["04/29", "14:02"], "comment_content": "痛苦先看身心科 按照吃藥 然後換公"}, {"comment_author": "nxuanr", "comment_date": ["04/29", "14:02"], "comment_content": "司"}, {"comment_author": "ladygaga168", "comment_date": ["04/29", "15:32"], "comment_content": ""}, {"comment_author": "court", "comment_date": ["04/30", "07:10"], "comment_content": "沒幹做不要做"}]}
