{"author": "aertina (Aertina)", "category": "Gossiping", "title": "[問卦] 看threads 覺得台灣經濟很好啊？", "date": "Sun Apr 28 10:33:06 2024", "content": ["老人我昨天下載了threads 來看看年輕人的奶..不對 是看年輕人現在都在做什麼一般都是什麼 每天貼自拍 直到脫單什麼的還有些人說什麼吃飯聊天聊賺單位千萬的數字房子1800萬現金付款付清每月被動收入賺50 點進去是創業？賣產品的看起來每個人都很有成就啊 賺超多錢的欸各位輪班工程師根本比不上台灣看起來經濟超級好的啊 幾百幾千萬在賺欸？主計處公布的平均薪資應該是低估了吧？threads的貼文是不是代表台灣經濟很好？--"], "post_comment": [{"comment_author": "ageminis", "comment_date": ["04/28", "10:34"], "comment_content": "1800萬直接付清，現在年輕人這麼有錢！"}, {"comment_author": "ageminis", "comment_date": ["04/28", "10:34"], "comment_content": "？"}, {"comment_author": "fateat", "comment_date": ["04/28", "10:34"], "comment_content": "各種獨立自主微商系列 哈"}, {"comment_author": "love21ayu", "comment_date": ["04/28", "10:34"], "comment_content": "跟PTT一樣啊 人均百萬年薪"}, {"comment_author": "palindromes", "comment_date": ["04/28", "10:35"], "comment_content": "難道整天把八卦當現實世界"}, {"comment_author": "doogie", "comment_date": ["04/28", "10:35"], "comment_content": "看到一堆政客開帳戶,我就刪APP 了"}, {"comment_author": "gg553", "comment_date": ["04/28", "10:36"], "comment_content": "少看那些你就不會上來發這種廢文了"}, {"comment_author": "y30048", "comment_date": ["04/28", "10:36"], "comment_content": "前陣子住了一晚三萬的國旅，裡面餐廳大概"}, {"comment_author": "y30048", "comment_date": ["04/28", "10:37"], "comment_content": "有三分之一一看就是撈偏門的咖"}, {"comment_author": "xiemark", "comment_date": ["04/28", "10:37"], "comment_content": "花父母貪污來的錢不手軟"}, {"comment_author": "coffee112", "comment_date": ["04/28", "10:39"], "comment_content": "之前去一家精品店逛 裡面滿滿的刺青..."}, {"comment_author": "coffee112", "comment_date": ["04/28", "10:40"], "comment_content": "不是要騎士刺青的人 但真覺得怪怪的"}, {"comment_author": "coffee112", "comment_date": ["04/28", "10:41"], "comment_content": "有些事情 說不定問相關從業人員 會更"}, {"comment_author": "coffee112", "comment_date": ["04/28", "10:41"], "comment_content": "輕出 因為她們看最多 感受應該最深..."}, {"comment_author": "walhalla", "comment_date": ["04/28", "10:46"], "comment_content": "立委親戚都能在搞詐騙了你說呢"}, {"comment_author": "puszta", "comment_date": ["04/28", "10:47"], "comment_content": "代表你自己判斷能力而已，不用po上來讓大"}, {"comment_author": "puszta", "comment_date": ["04/28", "10:47"], "comment_content": "家知道"}, {"comment_author": "braet147", "comment_date": ["04/28", "10:49"], "comment_content": "一堆唬爛的看看就好"}, {"comment_author": "ladygaga168", "comment_date": ["04/28", "11:43"], "comment_content": "取樣不足，嘻嘻"}, {"comment_author": "xxp680", "comment_date": ["04/28", "12:27"], "comment_content": "那邊只有詐騙和低薪覺青"}]}
