{"author": "end56 (終結56)", "category": "Gossiping", "title": "[問卦] 超商大夜如何調適剛到班心情", "date": "Sat May  4 23:15:30 2024", "content": ["安安安是這樣啦現在這個時段啦各類店家幾乎都休息了然後再過兩個小時夜市也差不多關了然後就剩超商店員要撐起夜間服務的主力工作了雖然工作時段應該算是眾人皆睡我獨醒的時間但不時還是會遇到行跡怪怪的人、只逛不買的人、刺青開豪車的+9、打扮火辣的正妹、有老有少的情侶...重點是！現在也才剛開始要大夜班剛剛才到班！雖然知道全台灣有很多跟自己一樣的超商店員也是剛到班但應該還是不開心吧他們怎麼調適心情的八卦--", "等後續中！準備投履歷！"], "post_comment": [{"comment_author": "YLTYY", "comment_date": ["05/04", "23:16"], "comment_content": "睡覺啊"}, {"comment_author": "Oeagrus", "comment_date": ["05/04", "23:16"], "comment_content": "樓下該如何調適被肛到流血的心情"}, {"comment_author": "imlucky", "comment_date": ["05/04", "23:16"], "comment_content": "辛苦啦"}, {"comment_author": "aasd", "comment_date": ["05/04", "23:16"], "comment_content": "把廣播接自己的音樂超爽的"}, {"comment_author": "felixden", "comment_date": ["05/04", "23:16"], "comment_content": "之前半夜去超商 大夜都在休息室滑手機"}, {"comment_author": "felixden", "comment_date": ["05/04", "23:17"], "comment_content": " 要叫他才會出來"}, {"comment_author": "MrSherlock", "comment_date": ["05/04", "23:17"], "comment_content": "工作自己選的，不爽不要做= ="}, {"comment_author": "showwin", "comment_date": ["05/04", "23:17"], "comment_content": "我高中畢業在夜店旁邊超商大夜 進來一個"}, {"comment_author": "showwin", "comment_date": ["05/04", "23:17"], "comment_content": "喝醉女要借廁所 我說廁所不外借 他說不"}, {"comment_author": "showwin", "comment_date": ["05/04", "23:18"], "comment_content": "然我幫你口交來換上廁所.."}, {"comment_author": "whatzup1124", "comment_date": ["05/04", "23:19"], "comment_content": "樓上然後呢"}, {"comment_author": "phenom42", "comment_date": ["05/04", "23:19"], "comment_content": "樓樓上然後呢"}, {"comment_author": "nbarepeat", "comment_date": ["05/04", "23:19"], "comment_content": "8樓有答應吧？"}, {"comment_author": "abc4", "comment_date": ["05/04", "23:19"], "comment_content": "樓樓樓上然後呢"}, {"comment_author": "t81511270", "comment_date": ["05/04", "23:20"], "comment_content": "有答應對吧  我來等後續的"}, {"comment_author": "s142857", "comment_date": ["05/04", "23:20"], "comment_content": "五樓很懂哦"}, {"comment_author": "ffreakk", "comment_date": ["05/04", "23:21"], "comment_content": "太缺人了還要業配XD"}, {"comment_author": "blue999", "comment_date": ["05/04", "23:22"], "comment_content": "所以呢 然後你就口爆了是吧"}, {"comment_author": "kmkr122719", "comment_date": ["05/04", "23:25"], "comment_content": "除了生活作息顛倒以外,大夜班其實很爽"}, {"comment_author": "f204137", "comment_date": ["05/04", "23:25"], "comment_content": "這篇會爆嗎 後續呢"}, {"comment_author": "doro0202", "comment_date": ["05/04", "23:25"], "comment_content": "然後口一口過幾天就發現得梅毒了"}, {"comment_author": "rapnose", "comment_date": ["05/04", "23:25"], "comment_content": "可以看SDDE-711。"}, {"comment_author": "john5380", "comment_date": ["05/04", "23:27"], "comment_content": "大夜很爽為什麼會缺人?????????????????"}, {"comment_author": "icantsay", "comment_date": ["05/04", "23:29"], "comment_content": "看完8樓之後 我想去兼職了"}, {"comment_author": "a27588679", "comment_date": ["05/04", "23:29"], "comment_content": "大夜都會有89朋友陪上班不是？"}, {"comment_author": "carwho", "comment_date": ["05/04", "23:29"], "comment_content": "出來講後續阿 別爛尾"}, {"comment_author": "GDUNICORN", "comment_date": ["05/04", "23:30"], "comment_content": "別富堅阿，快點給後續"}, {"comment_author": "abc4", "comment_date": ["05/04", "23:31"], "comment_content": "8樓如果有後續  我直播幫黑狗吹出來"}, {"comment_author": "ampeial", "comment_date": ["05/04", "23:32"], "comment_content": "我看了什麼"}, {"comment_author": "luciffar", "comment_date": ["05/04", "23:33"], "comment_content": "八樓 敲碗啊"}, {"comment_author": "y35246357468", "comment_date": ["05/04", "23:33"], "comment_content": "所以8樓後來呢"}, {"comment_author": "nbarepeat", "comment_date": ["05/04", "23:35"], "comment_content": "高中剛畢業 性慾正強 一定答應了吧？"}, {"comment_author": "obov5116", "comment_date": ["05/04", "23:39"], "comment_content": "8樓不要富堅啊"}, {"comment_author": "kg790419", "comment_date": ["05/04", "23:40"], "comment_content": "每間醫院都一堆大夜班好嗎"}, {"comment_author": "star1023", "comment_date": ["05/04", "23:44"], "comment_content": "睡覺 吃報廢"}, {"comment_author": "chang7741", "comment_date": ["05/04", "23:49"], "comment_content": "口完發現他上男廁"}, {"comment_author": "stu25936", "comment_date": ["05/04", "23:49"], "comment_content": "八樓故事不要講一半阿"}, {"comment_author": "blackga", "comment_date": ["05/04", "23:51"], "comment_content": "夜店沒廁所？？？？"}, {"comment_author": "minJohnny", "comment_date": ["05/05", "00:01"], "comment_content": "結果就在廁所邊尿邊口"}, {"comment_author": "wjonz0102", "comment_date": ["05/05", "00:08"], "comment_content": "狂看酒店妹"}, {"comment_author": "money1992922", "comment_date": ["05/05", "00:48"], "comment_content": "啊幹然後勒？"}, {"comment_author": "rko2468xx", "comment_date": ["05/05", "00:55"], "comment_content": "後續呢幹 褲子都脫一半了"}, {"comment_author": "Bmtswiiii", "comment_date": ["05/05", "01:07"], "comment_content": "啊幹 八樓？後續勒 話講一半是怎樣"}, {"comment_author": "xoox123", "comment_date": ["05/05", "02:18"], "comment_content": "做一段時間其實就會習慣了"}, {"comment_author": "fox875566", "comment_date": ["05/05", "02:45"], "comment_content": "只逛不買很嚴重嗎，我都會逛逛有沒有"}, {"comment_author": "fox875566", "comment_date": ["05/05", "02:45"], "comment_content": "特價，沒有就不買"}, {"comment_author": "koexe", "comment_date": ["05/05", "05:44"], "comment_content": "要調適三小"}, {"comment_author": "yuanhy63", "comment_date": ["05/05", "08:32"], "comment_content": "趁沒人注意 尻一下"}, {"comment_author": "chaosgod", "comment_date": ["05/05", "09:42"], "comment_content": "我都硬了，故事說一半喔"}, {"comment_author": "stfang925", "comment_date": ["05/05", "11:03"], "comment_content": "八樓我還在等"}, {"comment_author": "findpremium", "comment_date": ["05/05", "15:21"], "comment_content": "辭職吧"}, {"comment_author": "NierB0626", "comment_date": ["05/05", "15:28"], "comment_content": "幹 8樓 然後呢？？"}]}
