{"author": "Freeven (夏舞楓)", "category": "Gossiping", "title": "[問卦] 為什麼桃園一直停電啊？", "date": "Thu May  2 15:44:20 2024", "content": ["阿肥我就住桃園啦雖然住在八德   停電跟我無關可是我就很好奇捏每次都有不同的理由到底為什麼都是桃園在停電啊？有卦嗎？--"], "post_comment": [{"comment_author": "em4", "comment_date": ["05/02", "15:44"], "comment_content": "選錯人？"}, {"comment_author": "s820912gmail", "comment_date": ["05/02", "15:44"], "comment_content": "國民黨執政"}, {"comment_author": "bnn", "comment_date": ["05/02", "15:45"], "comment_content": "桃園剪電纜都不會被電死了"}, {"comment_author": "omfg5487", "comment_date": ["05/02", "15:45"], "comment_content": "張善政還在睡"}, {"comment_author": "jinnij03879", "comment_date": ["05/02", "15:45"], "comment_content": "那是間歇性供電，沒有停"}, {"comment_author": "konanno1", "comment_date": ["05/02", "15:45"], "comment_content": "党不給的你不能要"}, {"comment_author": "q2203649", "comment_date": ["05/02", "15:46"], "comment_content": ""}, {"comment_author": "treasurekid", "comment_date": ["05/02", "15:47"], "comment_content": "龍啦 龍亂飛把電線用壞掉"}, {"comment_author": "bearcsjc", "comment_date": ["05/02", "15:47"], "comment_content": "所以要在桃園龍潭蓋核電廠啊"}, {"comment_author": "hakuoro", "comment_date": ["05/02", "15:47"], "comment_content": "顏色不對啊"}, {"comment_author": "ShaNe1993", "comment_date": ["05/02", "15:47"], "comment_content": "電網有個邏輯叫做weak bus，有沒有"}, {"comment_author": "ShaNe1993", "comment_date": ["05/02", "15:47"], "comment_content": "一種可能那邊就是比較弱的地方"}, {"comment_author": "STi2011", "comment_date": ["05/02", "15:48"], "comment_content": "走錯路"}, {"comment_author": "johnson44", "comment_date": ["05/02", "15:49"], "comment_content": "6樓好有膽"}, {"comment_author": "tonylolz", "comment_date": ["05/02", "15:49"], "comment_content": "亂選人 市民懲罰自己"}, {"comment_author": "WowProctor", "comment_date": ["05/02", "15:49"], "comment_content": "8年遺毒"}, {"comment_author": "mercedeces", "comment_date": ["05/02", "15:50"], "comment_content": "八德上禮拜有停"}, {"comment_author": "fhill12", "comment_date": ["05/02", "15:51"], "comment_content": "小動物比較多"}, {"comment_author": "coffee112", "comment_date": ["05/02", "15:51"], "comment_content": "比較倒楣 可能前瞻強化電網沒算到桃園?"}, {"comment_author": "Hooz", "comment_date": ["05/02", "15:51"], "comment_content": "黨"}, {"comment_author": "erown45654", "comment_date": ["05/02", "15:52"], "comment_content": "可能是桃園的八成智障沒向黑嘉嘉請安"}, {"comment_author": "feijai", "comment_date": ["05/02", "15:52"], "comment_content": "小動物/風吹/雨打 自己選一個"}, {"comment_author": "jaceda", "comment_date": ["05/02", "15:53"], "comment_content": "顏色錯了啊,下次我看連水跟瓦斯都沒了"}, {"comment_author": "wwewcwwwf", "comment_date": ["05/02", "15:53"], "comment_content": "因為藍營全壘打 當然停阿"}, {"comment_author": "wwewcwwwf", "comment_date": ["05/02", "15:54"], "comment_content": "但總統總票數是綠營多 笑死"}, {"comment_author": "chu", "comment_date": ["05/02", "15:54"], "comment_content": "誰叫桃園不選小智"}, {"comment_author": "blacktea5566", "comment_date": ["05/02", "15:55"], "comment_content": "顏色錯誤阿"}, {"comment_author": "blufish", "comment_date": ["05/02", "15:55"], "comment_content": "逃跑移工用太多3C了"}, {"comment_author": "coffee112", "comment_date": ["05/02", "15:55"], "comment_content": "像高雄 邁邁就比較盡責 會震怒究責台電"}, {"comment_author": "a5687920", "comment_date": ["05/02", "15:57"], "comment_content": "投錯人"}, {"comment_author": "new71050", "comment_date": ["05/02", "15:57"], "comment_content": "南部也停很多 阿肥不能只看三明治"}, {"comment_author": "STerry1986", "comment_date": ["05/02", "15:58"], "comment_content": "這是桃園人欠鄭運鵬的"}, {"comment_author": "nakayamayyt", "comment_date": ["05/02", "15:59"], "comment_content": "沒有台灣價值 誰叫你不投中國鵬"}, {"comment_author": "Alieno", "comment_date": ["05/02", "15:59"], "comment_content": "誰叫你不投民進党"}, {"comment_author": "ericthree", "comment_date": ["05/02", "16:00"], "comment_content": "看你桃園沒有啊"}, {"comment_author": "KEYSOLIDER", "comment_date": ["05/02", "16:00"], "comment_content": "難怪台積電"}, {"comment_author": "lird", "comment_date": ["05/02", "16:00"], "comment_content": "選對的人"}, {"comment_author": "younggrass", "comment_date": ["05/02", "16:01"], "comment_content": "不投民進党當然要給你們一些教訓"}, {"comment_author": "oxooao", "comment_date": ["05/02", "16:01"], "comment_content": "問就是黨國遺毒"}, {"comment_author": "mow1982", "comment_date": ["05/02", "16:03"], "comment_content": "民進黨放棄桃園了，開始亂搞桃園人"}, {"comment_author": "felixr0123", "comment_date": ["05/02", "16:03"], "comment_content": "當然是現任市長養太多小動物阿"}, {"comment_author": "peter080808", "comment_date": ["05/02", "16:04"], "comment_content": "電網弱點 新增的燃氣機組大多在桃園"}, {"comment_author": "linyi520", "comment_date": ["05/02", "16:04"], "comment_content": "台灣價值不夠"}, {"comment_author": "Goog1e", "comment_date": ["05/02", "16:04"], "comment_content": "滑太多3C吧"}, {"comment_author": "fp737", "comment_date": ["05/02", "16:06"], "comment_content": "還敢HR嗎?"}, {"comment_author": "whiteblack19", "comment_date": ["05/02", "16:07"], "comment_content": "顏色不對大逆不道  沒抓取槍斃就要"}, {"comment_author": "Yahweh", "comment_date": ["05/02", "16:07"], "comment_content": "XXX 欠 YYY 一個道歉"}, {"comment_author": "whiteblack19", "comment_date": ["05/02", "16:07"], "comment_content": "謝天謝地好ㄇ"}, {"comment_author": "jkl183", "comment_date": ["05/02", "16:07"], "comment_content": "業力引爆啊 反正要蓋什麼都擋就可以了"}, {"comment_author": "www8787", "comment_date": ["05/02", "16:08"], "comment_content": "敢走台雞店的業力引爆"}, {"comment_author": "solitary7146", "comment_date": ["05/02", "16:10"], "comment_content": "小動物 天災"}, {"comment_author": "b9513227", "comment_date": ["05/02", "16:14"], "comment_content": "沒有台灣價值"}, {"comment_author": "luche", "comment_date": ["05/02", "16:15"], "comment_content": "市長在幹嘛=.="}, {"comment_author": "jk1982", "comment_date": ["05/02", "16:15"], "comment_content": "是電送不出來"}, {"comment_author": "ohimvickey", "comment_date": ["05/02", "16:17"], "comment_content": "小心被側翼霸凌"}, {"comment_author": "QooSnow", "comment_date": ["05/02", "16:17"], "comment_content": "不投党。"}, {"comment_author": "xhl12000", "comment_date": ["05/02", "16:17"], "comment_content": "誰叫你不投民進党"}, {"comment_author": "a9563741", "comment_date": ["05/02", "16:17"], "comment_content": "黨國執政？"}, {"comment_author": "Vincent6964", "comment_date": ["05/02", "16:18"], "comment_content": "不是停電叫分區供電"}, {"comment_author": "start0917", "comment_date": ["05/02", "16:23"], "comment_content": "都叫綠電了 你聽過藍電嗎？"}, {"comment_author": "Baihao0501", "comment_date": ["05/02", "16:23"], "comment_content": "立委全部陣亡 不修理你 才怪"}, {"comment_author": "fabledqqman", "comment_date": ["05/02", "16:24"], "comment_content": "沒有愛"}, {"comment_author": "neverending", "comment_date": ["05/02", "16:24"], "comment_content": "選錯黨會被處罰"}, {"comment_author": "kurtis0359", "comment_date": ["05/02", "16:25"], "comment_content": "選錯人"}, {"comment_author": "teariceooo", "comment_date": ["05/02", "16:25"], "comment_content": "問市長"}, {"comment_author": "niniikoski", "comment_date": ["05/02", "16:26"], "comment_content": "中央明顯大小眼啊 高雄喊一聲就有5年"}, {"comment_author": "niniikoski", "comment_date": ["05/02", "16:26"], "comment_content": "30億改善計畫 ，還順便鞭屍台中用電"}, {"comment_author": "niniikoski", "comment_date": ["05/02", "16:26"], "comment_content": "量太兇"}, {"comment_author": "tctv2002", "comment_date": ["05/02", "16:27"], "comment_content": "綠電不是給藍色用的"}, {"comment_author": "wate5566", "comment_date": ["05/02", "16:27"], "comment_content": "反正是租借區 外籍又不會投票 安啦"}, {"comment_author": "yan1979", "comment_date": ["05/02", "16:30"], "comment_content": "缺台灣價值 不是停電 嘻嘻"}, {"comment_author": "moocow", "comment_date": ["05/02", "16:31"], "comment_content": "好像這次民進黨桃園立委全滅"}, {"comment_author": "terryroc", "comment_date": ["05/02", "16:33"], "comment_content": "八德大溪不是幾天前才停電嗎"}, {"comment_author": "funguy0202", "comment_date": ["05/02", "16:34"], "comment_content": "死忠區盡量不能停～所以就停桃園哈"}, {"comment_author": "rex03187", "comment_date": ["05/02", "16:36"], "comment_content": "剛好停電區域附近都工業區？"}, {"comment_author": "skywinner", "comment_date": ["05/02", "16:40"], "comment_content": "因為一席立委都沒有 欠教訓"}, {"comment_author": "henrychange", "comment_date": ["05/02", "16:41"], "comment_content": "得罪黨？"}, {"comment_author": "fbtm", "comment_date": ["05/02", "16:45"], "comment_content": "因為沒人要監督張善政，都在檢討平民柯文哲"}, {"comment_author": "glave", "comment_date": ["05/02", "16:46"], "comment_content": "桃園停、桃園停，桃園停完桃園停"}, {"comment_author": "CowBaoGan", "comment_date": ["05/02", "16:46"], "comment_content": "顏色錯誤"}, {"comment_author": "jerrylin", "comment_date": ["05/02", "16:47"], "comment_content": "桃園過去十年的基礎設施太爛吧"}, {"comment_author": "wernetizen", "comment_date": ["05/02", "16:52"], "comment_content": "台灣價值不足"}, {"comment_author": "tristan13", "comment_date": ["05/02", "16:56"], "comment_content": "沒有愛啊 南部地區愛滿滿"}, {"comment_author": "sunluna", "comment_date": ["05/02", "16:57"], "comment_content": "對黨的愛不夠"}, {"comment_author": "ruffryders", "comment_date": ["05/02", "17:05"], "comment_content": "別亂說 是電沒來 不是停電也不是缺"}, {"comment_author": "ruffryders", "comment_date": ["05/02", "17:05"], "comment_content": "電 要有愛"}, {"comment_author": "dofine", "comment_date": ["05/02", "17:09"], "comment_content": "台電在DPP執政後一整個被搞爛"}, {"comment_author": "dofine", "comment_date": ["05/02", "17:09"], "comment_content": "淪為發錢跟雲豹買電的最大金主"}, {"comment_author": "shadowdio", "comment_date": ["05/02", "17:13"], "comment_content": "輪流啊"}, {"comment_author": "vincent0130", "comment_date": ["05/02", "17:16"], "comment_content": "小動物專區你敢嘴"}, {"comment_author": "MichaelRedd", "comment_date": ["05/02", "17:18"], "comment_content": "誰叫桃園立委全壘打，党超不爽"}, {"comment_author": "xpage", "comment_date": ["05/02", "17:21"], "comment_content": "顏色不對啊"}, {"comment_author": "goitaly", "comment_date": ["05/02", "18:06"], "comment_content": "下個月換新竹啊"}, {"comment_author": "gamecubemomo", "comment_date": ["05/02", "18:15"], "comment_content": "党"}, {"comment_author": "daJas", "comment_date": ["05/02", "18:19"], "comment_content": "自己選的"}, {"comment_author": "Tomatowei", "comment_date": ["05/02", "18:23"], "comment_content": "顏色不對啊 党不給的你不能要"}, {"comment_author": "b93510015", "comment_date": ["05/02", "18:29"], "comment_content": "可能有人在報老鼠冤"}, {"comment_author": "Refauth", "comment_date": ["05/02", "18:50"], "comment_content": "因為愛。"}, {"comment_author": "disfish", "comment_date": ["05/02", "18:57"], "comment_content": "難怪台積最後不來桃園"}, {"comment_author": "albert0526", "comment_date": ["05/02", "19:18"], "comment_content": "看市長好欺負"}, {"comment_author": "ShockG", "comment_date": ["05/02", "19:37"], "comment_content": "新聞沒報的就沒停電吧"}, {"comment_author": "Lumia5566", "comment_date": ["05/02", "20:21"], "comment_content": "小動物從暖市跑到桃園來了 大遷徙"}, {"comment_author": "k374318", "comment_date": ["05/02", "22:17"], "comment_content": "因為台電成為藍綠惡鬥工具"}, {"comment_author": "nilotafty", "comment_date": ["05/02", "22:29"], "comment_content": "全部顏色錯誤 不搞你如何服眾"}, {"comment_author": "jccy", "comment_date": ["05/03", "06:34"], "comment_content": "多停幾次，居民就像蓋發電廠"}, {"comment_author": "QQ55555555", "comment_date": ["05/03", "07:43"], "comment_content": "党不給的你不能要"}, {"comment_author": "LightWorker", "comment_date": ["05/03", "14:02"], "comment_content": "綠畜想拉低張善政的支持率"}]}
