{"author": "QQBB ()", "category": "Gossiping", "title": "[問卦] 萊豬到底都被誰買走了？", "date": "Fri May  3 20:51:22 2024", "content": ["自從開放萊豬之後，不管是便當店、八方雲集等有賣豬肉的地方都會強調自己用的是台灣豬之前想說外面買不到大概都是被軍隊買去的，可是軍中的菜單寫說用的是台灣豬那麼萊豬到底都被誰買去了？難道是監獄嗎？--"], "post_comment": [{"comment_author": "showwin", "comment_date": ["05/03", "20:51"], "comment_content": "國產豬貼紙在蝦皮就買的到 搞笑嗎"}, {"comment_author": "molsmopuim", "comment_date": ["05/03", "20:52"], "comment_content": "做成羊肉片"}, {"comment_author": "scum5566", "comment_date": ["05/03", "20:52"], "comment_content": "不要問 很恐怖"}, {"comment_author": "cutesoda", "comment_date": ["05/03", "20:52"], "comment_content": "雜貨店豬肉片 上面都沒看到有產地"}, {"comment_author": "luciffar", "comment_date": ["05/03", "20:52"], "comment_content": "轉型正義"}, {"comment_author": "for40255", "comment_date": ["05/03", "20:52"], "comment_content": "對啊我也好奇 都宣稱台灣豬 到底誰吃了"}, {"comment_author": "molsmopuim", "comment_date": ["05/03", "20:53"], "comment_content": ""}, {"comment_author": "rushfudge", "comment_date": ["05/03", "20:53"], "comment_content": "以前看到軍中的油 外面鐵桶名字都不見"}, {"comment_author": "rushfudge", "comment_date": ["05/03", "20:53"], "comment_content": "現在 豬哦 87%…那個"}, {"comment_author": "equinoxz", "comment_date": ["05/03", "20:53"], "comment_content": "隨便加個工就變台灣產了"}, {"comment_author": "equinoxz", "comment_date": ["05/03", "20:54"], "comment_content": "所以那些豬肉再製品都..."}, {"comment_author": "winglight", "comment_date": ["05/03", "21:16"], "comment_content": "你我都在資訊有限下買來吃了"}, {"comment_author": "leterg", "comment_date": ["05/03", "22:26"], "comment_content": "超商便當沒寫台灣豬啊"}]}
