{"author": "s088037 (大鼻)", "category": "Gossiping", "title": "[問卦] 台幣如果狂貶會有大量遊客湧入救國旅嗎", "date": "Wed May  1 21:49:18 2024", "content": ["日幣狂貶大量遊客湧入日本現在去日本一堆外國人 都快比本國人多了如果台幣也跟著一起貶應該也會有比較多遊客湧入吧加上出國變貴大家不敢出國國旅是不是就起飛了？--"], "post_comment": [{"comment_author": "R3hab", "comment_date": ["05/01", "21:52"], "comment_content": ""}, {"comment_author": "Nevhir", "comment_date": ["05/01", "21:55"], "comment_content": "把你的購買力 轉移給商家而已"}, {"comment_author": "tigotigo5566", "comment_date": ["05/01", "21:57"], "comment_content": "央行不升息應該會有一波罷免朝 從民"}, {"comment_author": "tigotigo5566", "comment_date": ["05/01", "21:57"], "comment_content": "進黨立委開始"}]}
