{"author": "jazy6804 (豪大帥哥)", "category": "Gossiping", "title": "[問卦] 不是勞工放什麼勞動節啦？", "date": "Tue Apr 30 23:29:51 2024", "content": ["兒子幼兒園也放勞動節欸去年跟之前明明都沒放啊！所以才有第二胎....為什麼今年有放啊？幼兒園老師和學生又不是勞工！有誰不是勞工也有放假的嗎？對了應該很多低端小公司明天還是要上班吧？因為老闆不給放～哈哈當做功德吧～有什麼不爽去跟老闆說啊--"], "post_comment": [{"comment_author": "mikasamikoto", "comment_date": ["04/30", "23:31"], "comment_content": "幼稚園老師不算教吧？"}, {"comment_author": "ziso", "comment_date": ["04/30", "23:37"], "comment_content": "幼兒園老師不是真的老師吧"}, {"comment_author": "killverybig", "comment_date": ["04/30", "23:38"], "comment_content": ""}, {"comment_author": "GXIII", "comment_date": ["05/01", "06:45"], "comment_content": "腦子是很好的東西"}]}
