{"author": "juice3028 (jucie)", "category": "Gossiping", "title": "[問卦] 歐美小學排球隊", "date": "Thu May  2 12:28:47 2024", "content": ["好像蠻不錯的體格好像比東亞的好難怪美次奧運得獎都歐美的基因天生就有buff 加成", "-----Sent from MeowPtt on my 2304FPN6DC--"], "post_comment": [{"comment_author": "gem810611", "comment_date": ["05/02", "12:29"], "comment_content": "教練我想打排球"}, {"comment_author": "kming327", "comment_date": ["05/02", "12:29"], "comment_content": "比排球大"}, {"comment_author": "Yude0109", "comment_date": ["05/02", "12:29"], "comment_content": "111.82.36.193 噁心"}, {"comment_author": "louis5265", "comment_date": ["05/02", "12:29"], "comment_content": "發育很好"}, {"comment_author": "bairn", "comment_date": ["05/02", "12:29"], "comment_content": "會被FBI抓嗎？"}, {"comment_author": "em4", "comment_date": ["05/02", "12:29"], "comment_content": "會觸網"}, {"comment_author": "Heedictator", "comment_date": ["05/02", "12:30"], "comment_content": "香噴噴"}, {"comment_author": "vwpassat", "comment_date": ["05/02", "12:31"], "comment_content": "乍看 還以為是高中排球隊！"}, {"comment_author": "Gnargaga", "comment_date": ["05/02", "12:31"], "comment_content": "幻武小學"}, {"comment_author": "vwpassat", "comment_date": ["05/02", "12:31"], "comment_content": "都老在等！"}, {"comment_author": "L1ON", "comment_date": ["05/02", "12:32"], "comment_content": "iwin"}, {"comment_author": "ralfeistein", "comment_date": ["05/02", "12:33"], "comment_content": "IWIN了"}, {"comment_author": "maximu", "comment_date": ["05/02", "12:33"], "comment_content": "真香"}, {"comment_author": "WU94310079", "comment_date": ["05/02", "12:34"], "comment_content": "這釣魚吧，還好我忍住了！"}, {"comment_author": "ralfeistein", "comment_date": ["05/02", "12:35"], "comment_content": "@felixden 鯊魚煙老闆最愛這種的"}, {"comment_author": "ct13579", "comment_date": ["05/02", "12:35"], "comment_content": "你又知道他們是小學生？"}, {"comment_author": "charlie01", "comment_date": ["05/02", "12:37"], "comment_content": "這還滿明顯是小學生的吧 XD"}, {"comment_author": "ePaper", "comment_date": ["05/02", "12:37"], "comment_content": "幻武的美國分校"}, {"comment_author": "ePaper", "comment_date": ["05/02", "12:38"], "comment_content": "13號真的太扯 不說話怎麼看都是成年人"}, {"comment_author": "ralfeistein", "comment_date": ["05/02", "12:42"], "comment_content": ""}, {"comment_author": "ralfeistein", "comment_date": ["05/02", "12:43"], "comment_content": "我只是貼梗圖 不要抓我 =.="}, {"comment_author": "awdxabc295", "comment_date": ["05/02", "12:43"], "comment_content": "我好了"}, {"comment_author": "court", "comment_date": ["05/02", "12:50"], "comment_content": "廖苡任也打排球"}, {"comment_author": "mutsutakato", "comment_date": ["05/02", "12:51"], "comment_content": "都未成年欸"}, {"comment_author": "coffee112", "comment_date": ["05/02", "12:52"], "comment_content": "乾 這小學?? 你不要騙窩  這太不公平了"}, {"comment_author": "coffee112", "comment_date": ["05/02", "12:52"], "comment_content": "最左邊身高根本犯規 = ="}, {"comment_author": "ppav0v0v", "comment_date": ["05/02", "12:53"], "comment_content": "好可愛喔"}, {"comment_author": "HodorDragon", "comment_date": ["05/02", "12:54"], "comment_content": "FBI"}, {"comment_author": "will1118", "comment_date": ["05/02", "12:57"], "comment_content": "幻武小學"}, {"comment_author": "AIRWAY1021", "comment_date": ["05/02", "13:00"], "comment_content": "都比教練還高了，真的幻武小學"}, {"comment_author": "xji6xu4yjo41", "comment_date": ["05/02", "13:04"], "comment_content": "幻武小學"}, {"comment_author": "felixden", "comment_date": ["05/02", "13:05"], "comment_content": ""}, {"comment_author": "jimmyhero", "comment_date": ["05/02", "13:17"], "comment_content": "感覺國中吧XDDD"}, {"comment_author": "kaitokid1214", "comment_date": ["05/02", "13:22"], "comment_content": "童粉小草表示興奮"}, {"comment_author": "sdamel", "comment_date": ["05/02", "13:23"], "comment_content": "看腳底，教練站比較遠所以看起來比較小支"}, {"comment_author": "Arctica", "comment_date": ["05/02", "13:24"], "comment_content": "大"}, {"comment_author": "PRME", "comment_date": ["05/02", "13:50"], "comment_content": "煉銅"}, {"comment_author": "Chen7", "comment_date": ["05/02", "13:58"], "comment_content": "這他媽國小"}, {"comment_author": "MichaelRedd", "comment_date": ["05/02", "14:07"], "comment_content": "幻武小學都是真的"}, {"comment_author": "dreamphoenix", "comment_date": ["05/02", "14:12"], "comment_content": "國小？"}, {"comment_author": "AaCzC", "comment_date": ["05/02", "15:22"], "comment_content": "小學？"}, {"comment_author": "q748918", "comment_date": ["05/02", "15:54"], "comment_content": "你跟我說這小學？？"}, {"comment_author": "sunnyyoung", "comment_date": ["05/02", "16:03"], "comment_content": "15號8號9號都好可愛"}, {"comment_author": "justhit666", "comment_date": ["05/02", "19:12"], "comment_content": "這他媽小學？"}, {"comment_author": "takamiku", "comment_date": ["05/03", "00:59"], "comment_content": "fbi在門口了"}, {"comment_author": "chemicaltom", "comment_date": ["05/03", "10:54"], "comment_content": "我要8號"}]}
