{"author": "Fortran (Fortran)", "category": "Gossiping", "title": "[問卦] 只要習大大宣布統一可免繳房貸", "date": "Wed May  1 12:06:58 2024", "content": ["如題本肥小頭好奇只要習大大宣布統一後可免繳房貸應該會有超過8成台灣人要統一吧這計是不是很妙？我是不是可以去當智囊了？卦？--"], "post_comment": [{"comment_author": "milk250", "comment_date": ["05/01", "12:07"], "comment_content": "醒醒"}, {"comment_author": "u9596g12", "comment_date": ["05/01", "12:07"], "comment_content": "共產黨講話你也信啊"}, {"comment_author": "ahw12000", "comment_date": ["05/01", "12:07"], "comment_content": "可以加碼拆光宮廟 酒駕死刑嗎？"}, {"comment_author": "killverybig", "comment_date": ["05/01", "12:08"], "comment_content": "免繳 直接徵收你的不要哭"}, {"comment_author": "tmgl", "comment_date": ["05/01", "12:08"], "comment_content": "統一就沒收了 繳什麼"}, {"comment_author": "popopal", "comment_date": ["05/01", "12:08"], "comment_content": "更可能讓妳市區老房以房換房 幫輸血經濟"}, {"comment_author": "popopal", "comment_date": ["05/01", "12:09"], "comment_content": "多2千萬韭菜不無小補"}, {"comment_author": "scores", "comment_date": ["05/01", "12:10"], "comment_content": "不可能 中共房地產火車頭經濟依賴比我們"}, {"comment_author": "tintiniihsu", "comment_date": ["05/01", "12:10"], "comment_content": "乾脆台幣可一比一換人民幣"}, {"comment_author": "scores", "comment_date": ["05/01", "12:10"], "comment_content": "還嚴重 只有台灣不用還貸對面一定翻天"}, {"comment_author": "z32510z", "comment_date": ["05/01", "12:11"], "comment_content": "盧大使開釋過 你只能住再教育營"}, {"comment_author": "RisingTackle", "comment_date": ["05/01", "12:11"], "comment_content": "看對岸建國之初怎麼搞就知道了呀"}, {"comment_author": "sunsam", "comment_date": ["05/01", "12:11"], "comment_content": "不就留島不留人嗎"}, {"comment_author": "RisingTackle", "comment_date": ["05/01", "12:12"], "comment_content": "鬥地主分房契啊"}, {"comment_author": "lipstick", "comment_date": ["05/01", "12:12"], "comment_content": "就香港模式阿 爽的還是很爽"}, {"comment_author": "RisingTackle", "comment_date": ["05/01", "12:12"], "comment_content": "能不能繳房貸不知道 有錢的肯定糟殃"}, {"comment_author": "RisingTackle", "comment_date": ["05/01", "12:13"], "comment_content": "香港那是一國兩制不一樣 台灣人反對"}, {"comment_author": "lipstick", "comment_date": ["05/01", "12:13"], "comment_content": "慘的應該更慘"}, {"comment_author": "popopal", "comment_date": ["05/01", "12:14"], "comment_content": "就軍公教最慘 對共產來說最沒用 全換自己"}, {"comment_author": "popopal", "comment_date": ["05/01", "12:15"], "comment_content": "人 這些去北大荒開墾吧"}, {"comment_author": "ringil", "comment_date": ["05/01", "12:15"], "comment_content": "只好把房蟲全部預防性羈押"}, {"comment_author": "kingearth", "comment_date": ["05/01", "12:15"], "comment_content": "戰爭只有有房有資產的人會怕，一無所有"}, {"comment_author": "kingearth", "comment_date": ["05/01", "12:15"], "comment_content": "的人根本沒在怕好嗎？甚至直接舉白旗投"}, {"comment_author": "kingearth", "comment_date": ["05/01", "12:15"], "comment_content": "降"}, {"comment_author": "iLeyaSin365", "comment_date": ["05/01", "12:18"], "comment_content": "可以把臺灣國消失掉都好"}, {"comment_author": "m6dj942k7", "comment_date": ["05/01", "12:19"], "comment_content": "你敢保證嗎？要不要你先幫大家付再叫習"}, {"comment_author": "m6dj942k7", "comment_date": ["05/01", "12:19"], "comment_content": "大大給你錢"}, {"comment_author": "wanliers", "comment_date": ["05/01", "12:23"], "comment_content": "爛尾樓先免繳看看"}, {"comment_author": "JeanSijhih", "comment_date": ["05/01", "12:23"], "comment_content": "傻啦…銀行都垮了有啥好處？"}, {"comment_author": "hn84679402", "comment_date": ["05/01", "12:25"], "comment_content": "你是不是房貸仔"}, {"comment_author": "LoveMakeLove", "comment_date": ["05/01", "12:25"], "comment_content": "！？"}, {"comment_author": "xixixxiixxii", "comment_date": ["05/01", "12:26"], "comment_content": "先等我買個10間房"}, {"comment_author": "LoveMakeLove", "comment_date": ["05/01", "12:29"], "comment_content": "不可能 絕對不可能！"}, {"comment_author": "koxinga", "comment_date": ["05/01", "12:47"], "comment_content": "銀行會倒"}, {"comment_author": "perlone", "comment_date": ["05/01", "12:49"], "comment_content": "共匪自己房價崩盤都不救 還來救鬼島 笑死"}, {"comment_author": "justiceyes", "comment_date": ["05/01", "13:09"], "comment_content": "把綠共撈的錢充公就可以了"}, {"comment_author": "Tenging", "comment_date": ["05/01", "13:20"], "comment_content": "銀行直接倒店"}, {"comment_author": "Tenging", "comment_date": ["05/01", "13:21"], "comment_content": "連上海都房地產爛尾還指望台灣"}, {"comment_author": "minami77", "comment_date": ["05/01", "13:21"], "comment_content": "中國講 雙贏=贏兩次；契約=歷史文件；"}, {"comment_author": "minami77", "comment_date": ["05/01", "13:21"], "comment_content": "補助設廠=偷技術；讓利=養套殺"}, {"comment_author": "Tenging", "comment_date": ["05/01", "13:21"], "comment_content": "共產黨的房地產是國有地"}, {"comment_author": "Tenging", "comment_date": ["05/01", "13:22"], "comment_content": "直接國有化沒入你的頭期款"}, {"comment_author": "vincent0130", "comment_date": ["05/01", "14:06"], "comment_content": "醒醒 有能力貸款的人不缺錢"}, {"comment_author": "vincent0130", "comment_date": ["05/01", "14:06"], "comment_content": "真的缺錢的人銀行根本不讓你貸款"}, {"comment_author": "vincent0130", "comment_date": ["05/01", "14:07"], "comment_content": "所以你這是偽命題 有房貸的不會願意"}]}
