{"author": "felixr0123 (felixr0123)", "category": "Gossiping", "title": "[問卦] 乖乖放機台是怎麼開始的？", "date": "Fri May  3 16:30:45 2024", "content": ["台灣的三角神力之一綠色乖乖放機台可以保佑平安這個東西變成全台灣人的共識但是到底是什麼時後開始的有沒有夠知識淵博的大神出來說說-----Sent from JPTT on my OPPO CPH2067.--"], "post_comment": [{"comment_author": "peter080808", "comment_date": ["05/03", "16:31"], "comment_content": "聽說是聯電開始的"}, {"comment_author": "PtT0615s", "comment_date": ["05/03", "16:31"], "comment_content": "低端才迷信　高端媽祖都不信"}, {"comment_author": "Oeagrus", "comment_date": ["05/03", "16:32"], "comment_content": "樓下屁眼塞寶特瓶是什麼時候開始的"}, {"comment_author": "PtT0615s", "comment_date": ["05/03", "16:32"], "comment_content": "沒有理論根據的玩意　會放的都低端公司"}, {"comment_author": "NirOE", "comment_date": ["05/03", "16:32"], "comment_content": "五樓屁眼放乖乖超蘇福"}, {"comment_author": "lpbrother", "comment_date": ["05/03", "16:33"], "comment_content": "乖乖發明的？"}, {"comment_author": "storyk49240", "comment_date": ["05/03", "16:33"], "comment_content": "五樓好猛"}, {"comment_author": "Oeagrus", "comment_date": ["05/03", "16:33"], "comment_content": "五樓真懂"}, {"comment_author": "lpbrother", "comment_date": ["05/03", "16:33"], "comment_content": "不是說要放靠得住衛生棉嗎？"}, {"comment_author": "taiwan08", "comment_date": ["05/03", "16:33"], "comment_content": "五樓放什麼口味？"}, {"comment_author": "tttxxx", "comment_date": ["05/03", "16:34"], "comment_content": "有乖乖 為何還要請設備"}, {"comment_author": "lpbrother", "comment_date": ["05/03", "16:34"], "comment_content": "還沒有過期的問題"}, {"comment_author": "t4lin", "comment_date": ["05/03", "16:34"], "comment_content": "查到2016年大地震園區受災，出台積電特別版"}, {"comment_author": "Oeagrus", "comment_date": ["05/03", "16:35"], "comment_content": "五樓放乖乖桶嗎"}, {"comment_author": "berryc", "comment_date": ["05/03", "16:38"], "comment_content": "這種迷信還好啦...幾塊錢的東西"}, {"comment_author": "nekoares", "comment_date": ["05/03", "16:41"], "comment_content": "五樓放進去前是奶油椰子 拿出來是五香"}, {"comment_author": "steward68", "comment_date": ["05/03", "16:43"], "comment_content": "大概是新石器時代就約定成俗"}, {"comment_author": "cat5672", "comment_date": ["05/03", "16:44"], "comment_content": ""}, {"comment_author": "wsad50232", "comment_date": ["05/03", "16:58"], "comment_content": "乖乖文2010年就有了"}, {"comment_author": "lover19", "comment_date": ["05/03", "18:07"], "comment_content": "可能廠商搞的"}]}
