{"author": "lifesg (無價之寶)", "category": "Gossiping", "title": "[問卦] 開卡車去JYPE抗議，就會被看得起?", "date": "Thu May  2 16:16:44 2024", "content": ["我實在看不懂，為什麼那麼多人覺得開卡車去JYPE前面抗議，就叫做不會被看得起?平常小粉紅開車去經紀公司前面抗議，明明台灣人一堆人在嘲笑，說他們身體很誠實，還是一直買專輯，追活動...不但沒有被看得起，還更加被看輕覺得他們只會出一張嘴叫囂，根本什麼事都不會做嘴巴罵人，身體又一直貼上去其實要抗議JYPE明明不花一分錢就能辦到最簡單就是去JYPE近期官方影片下面貼留言，說不道歉，不消費。然後大家合力去按讚，並在留言下方回覆，把留言頂上去。接下來就是最關鍵的步驟，拒絕消費任何JYPE商品。所有JYPE家的藝人在台灣再也賣不動專輯音源沒人要聽，MV沒人要點閱，演唱會，簽名會全部沒人要參加。如果做到這樣，JYPE自然會正式訴求因為台灣雖小，但卻是KPOP重鎮，各項消費金額也是世界數一數二的高，這個以前都有數據。台灣人做不到真正的抵制，還是身體很誠實一直買，一直聽，一直看著JYPE家的藝人又是歡呼，又是笑，又是應援然後嘴上一直罵JYPE這樣到底跟平常一堆人在笑小粉紅有什麼不同?我真的覺得很奇怪到現在沒有人敢說出要全面抵制JYPE家的\"任何商品\"卻又覺得台灣人只要派出卡車，就是\"硬頸精神\"的表現....這..... ??? 這邏輯我真的看不懂....--", "台勞不一樣，台勞本來就沒人關心。台灣人根本不在乎別人消防員在選前抗議，字字血淚，我看了都很傷心。但是台灣人只在乎意識形態，扯到政治才會群情激憤。小老百姓的血淚根本沒人管", "因為現在有不少人認為JYPE在欺負台灣人啊，看不起台灣人為了被看得起，所以買了卡車去抗議", "我也覺得。但是如果抵制不了，只是嘴上功夫，我感覺還不如不要做，裝傻算了抵制到全公司的話，朴志效這個人自然會承受極大壓力，因為他影響到其他團體了其他同事也會對他產生隱形的壓力。現在這樣，JYPE不理台灣人，不是更顯得台灣人講話根本沒人在甩嗎?", "絕對有用!! 台灣的KPOP唱片銷量是世界排前高的有人買音源都買到台灣來了", "既然這樣，根本連抗議都不用了嘴巴很嗆，行動卻軟綿綿，這樣真的跟平常大家嘲諷某國的邏輯一樣了", "如果抵制都沒用的話，拒絕消費都沒用，開卡車肯定更沒用而且許多人一廂情願，覺得路人和海外粉也會覺得這件事情很嚴重但我看一些韓國Youtuber說這件事在韓國基本上根本沒人討論"], "post_comment": [{"comment_author": "xinyuxiao", "comment_date": ["05/02", "16:17"], "comment_content": "這就是為啥台勞這麼都抗議不起來？"}, {"comment_author": "tryagain24", "comment_date": ["05/02", "16:19"], "comment_content": "為啥要抗議 JYPE?"}, {"comment_author": "gx8759121", "comment_date": ["05/02", "16:19"], "comment_content": "我們看起來像JYPE的消費者嗎？所以JYPE"}, {"comment_author": "gx8759121", "comment_date": ["05/02", "16:19"], "comment_content": "是啥?"}, {"comment_author": "pocky0511", "comment_date": ["05/02", "16:19"], "comment_content": "子瑜公司啦"}, {"comment_author": "abellea85209", "comment_date": ["05/02", "16:20"], "comment_content": "其實可以的話 開卡車跟抵制同時最好"}, {"comment_author": "yzelly", "comment_date": ["05/02", "16:21"], "comment_content": "2024了，還有人在追星？？"}, {"comment_author": "pocky0511", "comment_date": ["05/02", "16:25"], "comment_content": "抵制產品其實沒什麼用 畢竟市場主力又"}, {"comment_author": "pocky0511", "comment_date": ["05/02", "16:26"], "comment_content": "不是台灣"}, {"comment_author": "palindromes", "comment_date": ["05/02", "16:26"], "comment_content": "JYPE根本噁心"}, {"comment_author": "palindromes", "comment_date": ["05/02", "16:27"], "comment_content": "還人性美"}, {"comment_author": "Killercat", "comment_date": ["05/02", "16:27"], "comment_content": "市場規模差太多 這真的只能表表心意而"}, {"comment_author": "Killercat", "comment_date": ["05/02", "16:27"], "comment_content": "以，不然共碩（刀碩）早倒閉了"}, {"comment_author": "sunnyyoung", "comment_date": ["05/02", "16:43"], "comment_content": "直接撞才有用啦"}, {"comment_author": "qaz630210", "comment_date": ["05/02", "16:46"], "comment_content": "抵制一定沒用啦，jyp 就瞧不起台灣，"}, {"comment_author": "qaz630210", "comment_date": ["05/02", "16:46"], "comment_content": "不過台灣人把錢省起來不要花錢羞辱自"}, {"comment_author": "qaz630210", "comment_date": ["05/02", "16:46"], "comment_content": "己倒是沒錯"}, {"comment_author": "hjkkk123", "comment_date": ["05/02", "17:19"], "comment_content": "台灣kpop消費好像是全球前五名， Hybe"}, {"comment_author": "hjkkk123", "comment_date": ["05/02", "17:19"], "comment_content": "旗下新團買榜注水連台灣都買，代表台灣"}, {"comment_author": "hjkkk123", "comment_date": ["05/02", "17:19"], "comment_content": "的榜單（能見度）有重要性"}]}
