{"author": "vanattenhove (van)", "category": "Gossiping", "title": "[問卦] 單身不結婚不買房不可以提早退休嗎", "date": "Wed May  1 15:45:32 2024", "content": ["如題如果單身沒結婚沒買房買車生小孩應該至少省了1000-2000萬以上吧假設年薪中位數67萬來算好了30歲年薪67萬應該差不多30-65正常退休 共35年 總收入2345萬假設做了上述行為 總開銷約2000萬到退休時只有345萬的存款反觀如果上述行為都沒做到退休時會有2345萬的存款這樣是不是根本就不用做到65歲可以50幾歲就先退休了有沒有八卦？--"], "post_comment": [{"comment_author": "tw30912", "comment_date": ["05/01", "15:45"], "comment_content": "不行"}, {"comment_author": "thegreatlcx", "comment_date": ["05/01", "15:46"], "comment_content": "蓋"}, {"comment_author": "Ilat", "comment_date": ["05/01", "15:46"], "comment_content": "想退就退啊"}, {"comment_author": "bradyhau106", "comment_date": ["05/01", "15:46"], "comment_content": "不要活更快"}, {"comment_author": "ziso", "comment_date": ["05/01", "15:46"], "comment_content": "不買房 那你要住哪..自住?租屋?"}, {"comment_author": "macair", "comment_date": ["05/01", "15:46"], "comment_content": "可以，歐印0050"}, {"comment_author": "yanluan", "comment_date": ["05/01", "15:47"], "comment_content": "你有房產繼承？有的話可以"}, {"comment_author": "duepre", "comment_date": ["05/01", "15:48"], "comment_content": "可以"}, {"comment_author": "ssnopra", "comment_date": ["05/01", "15:49"], "comment_content": "可以啊"}, {"comment_author": "wwwaa1217", "comment_date": ["05/01", "15:49"], "comment_content": "你這個假設就好像不抽煙十年後會有一"}, {"comment_author": "wwwaa1217", "comment_date": ["05/01", "15:49"], "comment_content": "台賓士一樣"}, {"comment_author": "VoV", "comment_date": ["05/01", "15:49"], "comment_content": "睡天橋下嗎"}, {"comment_author": "YLTYY", "comment_date": ["05/01", "15:49"], "comment_content": "可以 年輕時少花 2000w. 省下來 買資產 ，"}, {"comment_author": "YLTYY", "comment_date": ["05/01", "15:49"], "comment_content": "讓通膨抬轎"}, {"comment_author": "lou", "comment_date": ["05/01", "15:49"], "comment_content": "瞴某瞴猴、不買房…就是玩人生的easy模式，"}, {"comment_author": "lou", "comment_date": ["05/01", "15:50"], "comment_content": "隨便玩都沒差好嗎？"}, {"comment_author": "yiloca", "comment_date": ["05/01", "15:50"], "comment_content": "家裡有房繼承 就可以退"}, {"comment_author": "ppp123", "comment_date": ["05/01", "15:50"], "comment_content": "你不用吃喝玩樂喔"}, {"comment_author": "dayend", "comment_date": ["05/01", "15:51"], "comment_content": "你想說的是：無論如何不婚不生已經賺 嗎？"}, {"comment_author": "CGDGAD", "comment_date": ["05/01", "15:51"], "comment_content": "一無所有，不好嗎？"}, {"comment_author": "wwwaa1217", "comment_date": ["05/01", "15:51"], "comment_content": "直白說好了,大部分有壓力的人自然會想"}, {"comment_author": "wwwaa1217", "comment_date": ["05/01", "15:51"], "comment_content": "辦法努力賺錢,沒壓力的人自然會頹廢"}, {"comment_author": "wwwaa1217", "comment_date": ["05/01", "15:51"], "comment_content": "當然我是指通常 說不會有你說的沒小孩"}, {"comment_author": "wwwaa1217", "comment_date": ["05/01", "15:52"], "comment_content": "就省多少多少錢的問題"}, {"comment_author": "queen100000", "comment_date": ["05/01", "15:53"], "comment_content": "有壓力的人不求提升自己只求溫飽養"}, {"comment_author": "queen100000", "comment_date": ["05/01", "15:53"], "comment_content": "活口，無壓力的人才是真正可以為自"}, {"comment_author": "queen100000", "comment_date": ["05/01", "15:53"], "comment_content": "己想"}, {"comment_author": "wwwaa1217", "comment_date": ["05/01", "15:56"], "comment_content": "樓上理想化了想想你那些準時下班的單"}, {"comment_author": "wwwaa1217", "comment_date": ["05/01", "15:56"], "comment_content": "身漢回去在幹嘛吧"}, {"comment_author": "wwwaa1217", "comment_date": ["05/01", "15:56"], "comment_content": "是為自己活呀但是是活得輕鬆"}, {"comment_author": "wwwaa1217", "comment_date": ["05/01", "15:57"], "comment_content": "講直白有壓力的人存加班"}, {"comment_author": "wwwaa1217", "comment_date": ["05/01", "15:57"], "comment_content": "才"}, {"comment_author": "lyircpoety", "comment_date": ["05/01", "16:01"], "comment_content": "我舉出下班後跑去上課學樂器的證明"}, {"comment_author": "lyircpoety", "comment_date": ["05/01", "16:01"], "comment_content": "樓上肯定說是個案的吧XD"}, {"comment_author": "queen100000", "comment_date": ["05/01", "16:02"], "comment_content": "準時下班回去就不能做其他事了？看"}, {"comment_author": "queen100000", "comment_date": ["05/01", "16:03"], "comment_content": "過太多三四十歲的拚命加班只是為了"}, {"comment_author": "queen100000", "comment_date": ["05/01", "16:03"], "comment_content": "賺那少少的加班費養一家老小，整個"}, {"comment_author": "queen100000", "comment_date": ["05/01", "16:03"], "comment_content": "人自從出社會起就再也沒有任何進展"}, {"comment_author": "queen100000", "comment_date": ["05/01", "16:03"], "comment_content": "了，家庭無疑就是停止進步最好用的"}, {"comment_author": "queen100000", "comment_date": ["05/01", "16:03"], "comment_content": "藉口"}, {"comment_author": "allenlee6710", "comment_date": ["05/01", "16:18"], "comment_content": "我找不到人生的意義 所以也不想特別"}, {"comment_author": "allenlee6710", "comment_date": ["05/01", "16:18"], "comment_content": "努力求進步 不知道進步能幹嘛"}, {"comment_author": "tonyxfg", "comment_date": ["05/01", "16:20"], "comment_content": "最好能全額存入啦！你打算不吃不喝不住"}, {"comment_author": "tonyxfg", "comment_date": ["05/01", "16:20"], "comment_content": "，這樣活35年喔？"}, {"comment_author": "karcher", "comment_date": ["05/01", "16:26"], "comment_content": "理論上可行，但是實際很難達成。人是群體"}, {"comment_author": "karcher", "comment_date": ["05/01", "16:27"], "comment_content": "的動物。"}, {"comment_author": "fishweija", "comment_date": ["05/01", "16:27"], "comment_content": "當然可以"}, {"comment_author": "xc2v", "comment_date": ["05/01", "16:35"], "comment_content": "父母有前"}, {"comment_author": "CowBaoGan", "comment_date": ["05/01", "16:42"], "comment_content": "你有房無貸款確實2000萬就可以退了 但"}, {"comment_author": "CowBaoGan", "comment_date": ["05/01", "16:42"], "comment_content": "有個前提是不能花大錢"}, {"comment_author": "OomaybeoO", "comment_date": ["05/01", "16:53"], "comment_content": "神經病吧 都單身了還擔心退休老了幹嘛"}, {"comment_author": "OomaybeoO", "comment_date": ["05/01", "16:53"], "comment_content": "瘋狂玩 老了自殺啊 單身的優點不就是壯"}, {"comment_author": "OomaybeoO", "comment_date": ["05/01", "16:53"], "comment_content": "年時期不被綁住 結果小心翼翼的存退休"}, {"comment_author": "OomaybeoO", "comment_date": ["05/01", "16:53"], "comment_content": "金 死了給陌生人花嗎？ 笑死"}, {"comment_author": "blueskyqoo", "comment_date": ["05/01", "16:56"], "comment_content": "生老病死苦 能逃快逃"}, {"comment_author": "LoveMakeLove", "comment_date": ["05/01", "17:09"], "comment_content": "貸款買竹北的房再退休"}, {"comment_author": "sheepxo", "comment_date": ["05/01", "17:48"], "comment_content": "可以"}, {"comment_author": "sungtau", "comment_date": ["05/01", "20:28"], "comment_content": "可以"}]}
