{"author": "s820912gmail (愛黨替代役覺青)", "category": "Gossiping", "title": "[問卦] 在酒吧被一個胖妹搭訕怎辦？", "date": "Sun Apr 28 18:33:26 2024", "content": ["如題我朋友東尼生性害羞在一家酒吧工作下班兼職當脫口秀演員有一天有一個中年胖女人瑪莎體重至少破百來他的酒吧主動跟他搭話覺得他很有趣讓東尼不知道怎麼回應該怎麼辦有沒有卦--"], "post_comment": [{"comment_author": "highyes", "comment_date": ["04/28", "18:34"], "comment_content": "那部 = =？"}, {"comment_author": "dan5120", "comment_date": ["04/28", "18:34"], "comment_content": "馴鹿寶貝"}, {"comment_author": "engineer1", "comment_date": ["04/28", "18:34"], "comment_content": "肘擊她奶頭"}, {"comment_author": "cs09312", "comment_date": ["04/28", "18:35"], "comment_content": "那個女的是首席律師 不想努力就從了吧"}, {"comment_author": "gx8759121", "comment_date": ["04/28", "18:35"], "comment_content": "黑人"}, {"comment_author": "ph777", "comment_date": ["04/28", "18:35"], "comment_content": "剛看完麋鹿喔"}, {"comment_author": "wolve", "comment_date": ["04/28", "18:35"], "comment_content": "有砲堪打直需打"}, {"comment_author": "CODDDD", "comment_date": ["04/28", "18:42"], "comment_content": "胖妹是潛力股，長得可愛就衝"}, {"comment_author": "CODDDD", "comment_date": ["04/28", "18:42"], "comment_content": "反正之後再一起重訓慢跑瘦身就好"}]}
