{"author": "ilanese (我寫故我在)", "category": "Gossiping", "title": "[問卦] 有人能夠只吃糖衣，不吃毒藥？", "date": "Sun Apr 28 18:02:14 2024", "content": ["以前有人說公司前任CEO簽訂的某某契約是糖衣毒藥。後來換這個人當公司CEO了，就開始講某某契約不可以中斷，不然對公司不利。然後他的手下就講他們有能力只吃糖衣，不吃毒藥。問卦：有人能夠只吃糖衣，不吃毒藥？--"], "post_comment": [{"comment_author": "s820912gmail", "comment_date": ["04/28", "18:02"], "comment_content": "螞蟻"}, {"comment_author": "ziso", "comment_date": ["04/28", "18:02"], "comment_content": "很會舔阿"}, {"comment_author": "fony1029", "comment_date": ["04/28", "18:02"], "comment_content": "ECFA"}, {"comment_author": "tenlove", "comment_date": ["04/28", "18:03"], "comment_content": "好吃"}, {"comment_author": "heyd", "comment_date": ["04/28", "18:03"], "comment_content": "總有這種覺得自己吃不到毒藥ㄉ"}, {"comment_author": "vwpassat", "comment_date": ["04/28", "18:03"], "comment_content": "餵給對方吃，自己只收錢，即可！"}, {"comment_author": "asd02113", "comment_date": ["04/28", "18:04"], "comment_content": "說一套 做一套"}, {"comment_author": "railman", "comment_date": ["04/28", "18:04"], "comment_content": "不要吃到有毒的部分，舔一下就好了"}, {"comment_author": "em4", "comment_date": ["04/28", "18:04"], "comment_content": "很會舔"}, {"comment_author": "firose", "comment_date": ["04/28", "18:04"], "comment_content": "ECFA"}, {"comment_author": "HodorDragon", "comment_date": ["04/28", "18:04"], "comment_content": "淺舔即止"}, {"comment_author": "saiulbb", "comment_date": ["04/28", "18:04"], "comment_content": "問民進黨政府 他們最愛糖衣毒藥"}, {"comment_author": "firose", "comment_date": ["04/28", "18:05"], "comment_content": "重點不是糖衣毒藥 而是在他們眼中很美味"}, {"comment_author": "fony1029", "comment_date": ["04/28", "18:05"], "comment_content": ""}, {"comment_author": "fony1029", "comment_date": ["04/28", "18:06"], "comment_content": ""}, {"comment_author": "Anvec", "comment_date": ["04/28", "18:06"], "comment_content": "專騙低能兒"}, {"comment_author": "Doub1eK", "comment_date": ["04/28", "18:06"], "comment_content": "全台最大詐騙集團"}, {"comment_author": "fony1029", "comment_date": ["04/28", "18:08"], "comment_content": ""}, {"comment_author": "jim543000", "comment_date": ["04/28", "18:08"], "comment_content": "不知道 現在還開放木馬屠城"}, {"comment_author": "fony1029", "comment_date": ["04/28", "18:08"], "comment_content": ""}, {"comment_author": "bighat0413", "comment_date": ["04/28", "18:09"], "comment_content": "蟑螂啊"}, {"comment_author": "hkcdc", "comment_date": ["04/28", "18:12"], "comment_content": "現在回去翻歷史 繼續全是詐騙"}, {"comment_author": "hkcdc", "comment_date": ["04/28", "18:12"], "comment_content": "幾乎"}, {"comment_author": "hkcdc", "comment_date": ["04/28", "18:12"], "comment_content": "還什麼大藏電"}, {"comment_author": "firose", "comment_date": ["04/28", "18:16"], "comment_content": "只吃糖衣不吃毒藥 不就跟前幾篇的百度急改"}, {"comment_author": "sheep79119", "comment_date": ["04/28", "18:16"], "comment_content": "レロレロ.jpg"}, {"comment_author": "firose", "comment_date": ["04/28", "18:16"], "comment_content": "威權主義詞條 如出一轍 XDDD"}, {"comment_author": "mcucte", "comment_date": ["04/28", "18:18"], "comment_content": "不給糖，還會鬧、打滾、討拍"}, {"comment_author": "heyd", "comment_date": ["04/28", "18:23"], "comment_content": "戒斷症狀 就跟要斷ecfa一樣"}, {"comment_author": "court", "comment_date": ["04/28", "18:24"], "comment_content": "ㄎ"}, {"comment_author": "AWPER", "comment_date": ["04/28", "18:25"], "comment_content": "騙騙低能兒的"}, {"comment_author": "Paravion", "comment_date": ["04/28", "18:27"], "comment_content": "糖衣高官吃 毒藥百姓吃"}, {"comment_author": "coffee112", "comment_date": ["04/28", "19:00"], "comment_content": "民進党就比較厲害咩 不然怎麼會有817"}, {"comment_author": "springman", "comment_date": ["04/28", "19:01"], "comment_content": "只要問題愈來愈小，就不是問題。"}, {"comment_author": "lorhokok", "comment_date": ["04/28", "19:11"], "comment_content": "最奇葩的言論之一"}, {"comment_author": "s454666", "comment_date": ["04/28", "19:18"], "comment_content": "套糖就是毒啊 還會上癮"}, {"comment_author": "ab4daa", "comment_date": ["04/28", "19:34"], "comment_content": "40%"}, {"comment_author": "poco0960", "comment_date": ["04/28", "19:37"], "comment_content": "抿一下就好"}, {"comment_author": "trchen", "comment_date": ["04/28", "19:44"], "comment_content": "就用舔的就可以"}, {"comment_author": "holybless", "comment_date": ["04/28", "20:15"], "comment_content": "叫小弟去就好啦"}, {"comment_author": "wirecut", "comment_date": ["04/28", "20:18"], "comment_content": "舔 也是門技術活"}, {"comment_author": "parkyu531", "comment_date": ["04/28", "20:33"], "comment_content": "稍微舔舔就閃人"}, {"comment_author": "ilohoo", "comment_date": ["04/28", "20:44"], "comment_content": "營養要吃 毒也要吃"}, {"comment_author": "x58420", "comment_date": ["04/28", "20:47"], "comment_content": "會舔"}, {"comment_author": "fallinlove15", "comment_date": ["04/28", "21:02"], "comment_content": "全台最大詐騙集團"}]}
