{"author": "nt880245 (nt880245)", "category": "Gossiping", "title": "[問卦] 食物放在室外數小時再吃 烙賽中毒很正常", "date": "Tue Apr 30 09:03:00 2024", "content": ["今年一堆食物中毒案例  其實不用意外吧畢竟細菌20分鐘翻一倍從料理到吃到肚子 都不知道放在室溫幾個小時了只是剛好吃到更強的細菌才食物中毒送醫有沒有住在台灣 食物中毒不需要大驚小怪的卦？-----Sent from JPTT on my HTC U12 life.--"], "post_comment": []}
