{"author": "felixden (Gura的老公)", "category": "Gossiping", "title": "[問卦] 月薪27k早餐適合吃什麼？", "date": "Tue Apr 30 09:05:11 2024", "content": ["喵哈囉~~~~~~~~~~~~~~~~~我是月收27k可悲社會底層啦！欸欸認真問各位啦！像我這種收入的底層早餐應該吃什麼才好捏？4說平常都是妹妹煮給我吃可4妹妹現在還在懶床捏QQ蔥抓餅+蛋適合嗎？急！！！！另外分享可愛的miko", "可愛吧？嘻嘻嘻--", "早餐吃這個不好吧？", "太多我吃不完啦", "太可憐了吧", "早安", "QQ", "會餓啦", "噁噁噁噁噁噁噁噁噁左轉甲板", "騙你幹嘛==", "你484肥宅==？？", "QQ 果醬很貴捏", "鯊魚是拿來幹不是拿來吃的", "老婆廚藝很爛", "欸欸 昨天她生日我發錢你怎麼沒來領？", "別截圖==", "忘了買QQ", "餓了怎麼辦........", "騙你有好處？？", "我很專情", "這個不好消化啦", "我都在5ch和k島"], "post_comment": [{"comment_author": "C13H16ClNO", "comment_date": ["04/30", "09:05"], "comment_content": "王子麵"}, {"comment_author": "mnxzq", "comment_date": ["04/30", "09:05"], "comment_content": "鍋燒意麵+大冰奶+薯餅"}, {"comment_author": "Submicromete", "comment_date": ["04/30", "09:05"], "comment_content": "吐司邊配水"}, {"comment_author": "james732", "comment_date": ["04/30", "09:05"], "comment_content": "老公早安我愛你♥♥"}, {"comment_author": "msnandy", "comment_date": ["04/30", "09:05"], "comment_content": "白吐司配白開水就很奢侈了"}, {"comment_author": "pro33342", "comment_date": ["04/30", "09:06"], "comment_content": "水"}, {"comment_author": "Yachinolate", "comment_date": ["04/30", "09:06"], "comment_content": "看在昨天有錢拿的份上給推"}, {"comment_author": "Yachinolate", "comment_date": ["04/30", "09:06"], "comment_content": "另外早餐建議吃屌"}, {"comment_author": "King5566", "comment_date": ["04/30", "09:06"], "comment_content": "放屁 你是日薪27k"}, {"comment_author": "Nevhir", "comment_date": ["04/30", "09:06"], "comment_content": "我早餐點鐵板麵 薯餅蛋塔 蕈菇蛋滿分堡跟"}, {"comment_author": "Becque", "comment_date": ["04/30", "09:06"], "comment_content": "我都一周買一條白吐司配果醬"}, {"comment_author": "Nevhir", "comment_date": ["04/30", "09:06"], "comment_content": "紅茶"}, {"comment_author": "czg", "comment_date": ["04/30", "09:08"], "comment_content": "煙燻鯊魚煙"}, {"comment_author": "yamato5566", "comment_date": ["04/30", "09:08"], "comment_content": "請老婆做早餐給你阿 嘻嘻"}, {"comment_author": "dafeichai", "comment_date": ["04/30", "09:08"], "comment_content": "欸莉莉這個月戰隊戰好用欸，你妹妹已"}, {"comment_author": "dafeichai", "comment_date": ["04/30", "09:08"], "comment_content": "經被大家使用過了"}, {"comment_author": "Yachinolate", "comment_date": ["04/30", "09:08"], "comment_content": ""}, {"comment_author": "kevin31a2", "comment_date": ["04/30", "09:09"], "comment_content": "昨晚買的友善食光"}, {"comment_author": "dankyo", "comment_date": ["04/30", "09:09"], "comment_content": "說真的畫餅止飢即可..."}, {"comment_author": "k385476916", "comment_date": ["04/30", "09:10"], "comment_content": "別騙了"}, {"comment_author": "k385476916", "comment_date": ["04/30", "09:10"], "comment_content": "你渣男到處騙人"}, {"comment_author": "dafeichai", "comment_date": ["04/30", "09:10"], "comment_content": "肥宅我都在巴哈阿，八卦不夠宅不太想"}, {"comment_author": "yamatai", "comment_date": ["04/30", "09:10"], "comment_content": "碗粿"}, {"comment_author": "dafeichai", "comment_date": ["04/30", "09:10"], "comment_content": "用了"}, {"comment_author": "dafeichai", "comment_date": ["04/30", "09:12"], "comment_content": "5ch不是要會日文=="}, {"comment_author": "dafeichai", "comment_date": ["04/30", "09:12"], "comment_content": "我還在背50音捏"}, {"comment_author": "a1252352", "comment_date": ["04/30", "09:12"], "comment_content": "早餐店都35k了"}, {"comment_author": "felixden", "comment_date": ["04/30", "09:12"], "comment_content": "不用啊 我n10都看得懂了"}, {"comment_author": "felixden", "comment_date": ["04/30", "09:12"], "comment_content": "我底薪社畜沒辦法"}, {"comment_author": "k385476916", "comment_date": ["04/30", "09:12"], "comment_content": "你專情！？？"}, {"comment_author": "kingmusk", "comment_date": ["04/30", "09:12"], "comment_content": ":"}, {"comment_author": "felixden", "comment_date": ["04/30", "09:13"], "comment_content": "欸欸 難得那麼多人推可以別噓下去嗎"}, {"comment_author": "Himiko9975", "comment_date": ["04/30", "09:14"], "comment_content": "幫老媽摺蓮花沒錢吃飯"}, {"comment_author": "felixden", "comment_date": ["04/30", "09:15"], "comment_content": "樓上真假QQ"}, {"comment_author": "a00779928", "comment_date": ["04/30", "09:15"], "comment_content": "吃洨"}, {"comment_author": "james0146", "comment_date": ["04/30", "09:18"], "comment_content": "白開水"}, {"comment_author": "wangyc", "comment_date": ["04/30", "09:23"], "comment_content": "吃鯊魚煙"}, {"comment_author": "C741214520", "comment_date": ["04/30", "09:32"], "comment_content": "推小胖"}, {"comment_author": "devil157", "comment_date": ["04/30", "09:33"], "comment_content": "早安"}, {"comment_author": "jil", "comment_date": ["04/30", "09:45"], "comment_content": "... 27K 有包中餐嗎?"}, {"comment_author": "a1252352", "comment_date": ["04/30", "10:08"], "comment_content": "南投薪水嗎？"}, {"comment_author": "mk5520", "comment_date": ["04/30", "10:24"], "comment_content": "我們喝水就能飽，還能減肥"}, {"comment_author": "zoro1022", "comment_date": ["04/30", "11:25"], "comment_content": "即溶奶茶或咖啡，一次買一大包，一天一"}, {"comment_author": "zoro1022", "comment_date": ["04/30", "11:26"], "comment_content": "小包"}, {"comment_author": "retrud", "comment_date": ["04/30", "12:14"], "comment_content": "幫你寫個慘"}]}
