{"author": "Rimi5566 (布口以欺付里美)", "category": "Gossiping", "title": "[問卦] twice 中文團名要叫什麼", "date": "Wed May  1 13:34:28 2024", "content": ["發生那個事件道歉後少了內地市場twicw子瑜被冰凍看起來剛好而已如果當初沒發生意外進軍大陸捧子瑜勢必取一個響叮噹的中文團名是不是誰能知道本來的要推出中文團名是？-----Sent from JPTT on my Xiaomi 220333QL.--"], "post_comment": [{"comment_author": "dlam002", "comment_date": ["05/01", "13:34"], "comment_content": "兔艾絲"}, {"comment_author": "VoV", "comment_date": ["05/01", "13:34"], "comment_content": "台灣冰冰姐"}, {"comment_author": "cutesoda", "comment_date": ["05/01", "13:35"], "comment_content": "兔襪絲"}, {"comment_author": "ginchen5566", "comment_date": ["05/01", "13:35"], "comment_content": "台灣冰"}, {"comment_author": "laihom0808", "comment_date": ["05/01", "13:35"], "comment_content": "踹死"}, {"comment_author": "missim220", "comment_date": ["05/01", "13:35"], "comment_content": "脫易撕"}, {"comment_author": "ncc5566", "comment_date": ["05/01", "13:35"], "comment_content": "樓下龜頭上刺什麼字?"}, {"comment_author": "laechan", "comment_date": ["05/01", "13:35"], "comment_content": "特葳絲"}, {"comment_author": "frommr", "comment_date": ["05/01", "13:35"], "comment_content": "台冰"}, {"comment_author": "b9513227", "comment_date": ["05/01", "13:35"], "comment_content": "台灣白冰冰"}, {"comment_author": "q347", "comment_date": ["05/01", "13:35"], "comment_content": "中國叛徒+韓國酸民團長+其他人"}, {"comment_author": "supahotfire", "comment_date": ["05/01", "13:36"], "comment_content": "婊子志孝黑乳暈綠鮑魚"}, {"comment_author": "a1202799", "comment_date": ["05/01", "13:36"], "comment_content": "雙贏"}, {"comment_author": "scores", "comment_date": ["05/01", "13:37"], "comment_content": "可以兩次喔"}, {"comment_author": "NICK992", "comment_date": ["05/01", "13:37"], "comment_content": "    暗影雙死"}, {"comment_author": "Granatha", "comment_date": ["05/01", "13:38"], "comment_content": "一小時兩次"}, {"comment_author": "zer0319", "comment_date": ["05/01", "13:38"], "comment_content": "冷拜"}, {"comment_author": "okichan", "comment_date": ["05/01", "13:39"], "comment_content": "踹死"}, {"comment_author": "ThotRejecter", "comment_date": ["05/01", "13:39"], "comment_content": "冷丐"}, {"comment_author": "cchart", "comment_date": ["05/01", "13:40"], "comment_content": "阿兩"}, {"comment_author": "takamiku", "comment_date": ["05/01", "13:41"], "comment_content": "那麼愛舔改cnice"}, {"comment_author": "john11894324", "comment_date": ["05/01", "13:47"], "comment_content": "twice活躍的時間恰好對應到限韓令"}, {"comment_author": "john11894324", "comment_date": ["05/01", "13:48"], "comment_content": "你覺得還可以進軍祖國嗎?想太多了"}, {"comment_author": "john11894324", "comment_date": ["05/01", "13:48"], "comment_content": "更新的女團都出來是要怎麼比?"}, {"comment_author": "wolve", "comment_date": ["05/01", "13:53"], "comment_content": "冰冰台"}, {"comment_author": "jyue", "comment_date": ["05/01", "14:02"], "comment_content": "過氣組合"}, {"comment_author": "hw1", "comment_date": ["05/01", "14:04"], "comment_content": "台灣冰"}, {"comment_author": "frogqoo", "comment_date": ["05/01", "14:08"], "comment_content": "2S"}, {"comment_author": "keirto", "comment_date": ["05/01", "14:08"], "comment_content": "TW ice阿 符合冷凍台灣人的概念"}, {"comment_author": "aircraft0831", "comment_date": ["05/01", "14:11"], "comment_content": "又又"}, {"comment_author": "coeXist", "comment_date": ["05/01", "14:14"], "comment_content": "志效與被她揶揄的同事們"}, {"comment_author": "skyringcha", "comment_date": ["05/01", "14:15"], "comment_content": "背刺團"}, {"comment_author": "paul26277", "comment_date": ["05/01", "14:28"], "comment_content": "太絲"}, {"comment_author": "bodielu", "comment_date": ["05/01", "15:00"], "comment_content": "推死"}, {"comment_author": "kuangjay", "comment_date": ["05/01", "15:19"], "comment_content": "冰冰秀"}, {"comment_author": "Hsu1025", "comment_date": ["05/01", "15:24"], "comment_content": "兩次"}, {"comment_author": "FLy60169", "comment_date": ["05/01", "15:31"], "comment_content": "冰冰合唱團"}, {"comment_author": "court", "comment_date": ["05/01", "16:11"], "comment_content": "兩次"}, {"comment_author": "fatpig87", "comment_date": ["05/01", "17:25"], "comment_content": "吐愛司"}, {"comment_author": "godchildtw", "comment_date": ["05/01", "21:28"], "comment_content": "台灣冰"}]}
