{"author": "Dcwei (野心家)", "category": "Gossiping", "title": "[問卦] 古代軍隊應該超多甲吧", "date": "Mon Apr 29 17:45:30 2024", "content": ["看歷史劇 像新三國一次都幾萬幾十萬的 啊古代整天一群年輕精力氣盛的男人混在一起打仗也不是整天都在打 常常都在備戰那備戰的時候晚上都在幹嘛呀 每天都跟一群裸體的男人我在猜應該很多甲吧 好可憐--", "◣", "◤", "◤", "◤", "◤", "--"], "post_comment": [{"comment_author": "sammy98", "comment_date": ["04/29", "17:46"], "comment_content": "古代軍妓合法 且到處都有"}, {"comment_author": "david6119", "comment_date": ["04/29", "17:46"], "comment_content": "問四插貓阿，網軍應該很懂"}, {"comment_author": "TZUYIC", "comment_date": ["04/29", "17:46"], "comment_content": "古代就有特種行業了好不好"}, {"comment_author": "Linlosehow", "comment_date": ["04/29", "17:47"], "comment_content": "三國主要是流民吧"}, {"comment_author": "derrick1220", "comment_date": ["04/29", "17:47"], "comment_content": "軍妓4軍隊的命脈"}, {"comment_author": "kino056", "comment_date": ["04/29", "17:47"], "comment_content": "有隨營軍妓"}, {"comment_author": "sd09090", "comment_date": ["04/29", "17:48"], "comment_content": "藤甲兵"}, {"comment_author": "hkcdc", "comment_date": ["04/29", "17:48"], "comment_content": "沒冷氣要怎麼做愛"}, {"comment_author": "YiZheS", "comment_date": ["04/29", "17:49"], "comment_content": "龍陽這詞怎麼來的 自己插插"}, {"comment_author": "max60209", "comment_date": ["04/29", "17:50"], "comment_content": "古代照明十分昂貴 晚上就是站哨睡覺"}, {"comment_author": "Yehei", "comment_date": ["04/29", "17:50"], "comment_content": "古代沒有現在那麼高道德，應該都有地方發"}, {"comment_author": "Yehei", "comment_date": ["04/29", "17:50"], "comment_content": "洩"}, {"comment_author": "hyperdunk", "comment_date": ["04/29", "17:50"], "comment_content": "打贏就搶女人"}, {"comment_author": "derrick1220", "comment_date": ["04/29", "17:51"], "comment_content": "韓世忠 劉光世…都娶窯姐當老婆或妾"}, {"comment_author": "derrick1220", "comment_date": ["04/29", "17:51"], "comment_content": " 後者的妾還幫他經營軍妓院"}, {"comment_author": "botnet", "comment_date": ["04/29", "17:51"], "comment_content": "你以為軍隊進村莊 是為了什麼"}, {"comment_author": "Yude0109", "comment_date": ["04/29", "17:53"], "comment_content": "窯姐是啥？"}, {"comment_author": "alex00089", "comment_date": ["04/29", "17:54"], "comment_content": "投名狀表示"}, {"comment_author": "assassin762", "comment_date": ["04/29", "17:59"], "comment_content": "古羅馬表示："}, {"comment_author": "assassin762", "comment_date": ["04/29", "17:59"], "comment_content": "亞歷山大表示："}, {"comment_author": "ar0387959310", "comment_date": ["04/29", "18:00"], "comment_content": "屠城之前先…."}, {"comment_author": "b08297", "comment_date": ["04/29", "18:02"], "comment_content": "古代文人流行養男童咧"}, {"comment_author": "bobby4755", "comment_date": ["04/29", "18:03"], "comment_content": "暫時頂一下而已 贏了還是要強暴民女"}, {"comment_author": "keita2277", "comment_date": ["04/29", "18:04"], "comment_content": "漢唐名人："}, {"comment_author": "kenro", "comment_date": ["04/29", "18:04"], "comment_content": "想被肛其實健身房就很多了"}, {"comment_author": "s02180218", "comment_date": ["04/29", "18:14"], "comment_content": "底比斯聖隊了解一下 聽說戰鬥力超群"}, {"comment_author": "rex03187", "comment_date": ["04/29", "19:14"], "comment_content": "甲甲伴侶部隊 戰鬥力超群"}, {"comment_author": "t2134563", "comment_date": ["04/29", "20:13"], "comment_content": "底比斯聖隊是真的強 但還是打不過亞歷"}, {"comment_author": "t2134563", "comment_date": ["04/29", "20:13"], "comment_content": "山大"}]}
