{"author": "smallplug (廢到笑)", "category": "Gossiping", "title": "[問卦] 花錢在線上娛樂城有什麼好玩的？", "date": "Mon Apr 29 17:19:30 2024", "content": ["各位大大晚安，吃飽了嗎？賈霸委？本魯肥宅宅，晚上吃臭臭鍋臭臭鍋漲到170，好貴QQ吃臭臭鍋的時候，看到一旁有個大叔在玩手機拉霸，玩得不亦樂乎看起來中了獎在那邊鬼吼鬼叫，還多叫了份鴨血阿本魯就好奇這些星城娛樂城線上麻將，玩得都是虛擬幣就算中獎了也只是遊戲裡能用的錢變多，是有必要這麼開心嗎？聽家裡說鄰居還有人花了好幾萬在上面又不是比特幣這種有價的虛擬貨幣，管你中了多少，遊戲一關錢就沒了，真正看無花錢在這些線上娛樂城有什麼好玩的呢？乾武掛謀？--    不知為何亡國，即為亡國之行為---------田中正造--"], "post_comment": [{"comment_author": "felixden", "comment_date": ["04/29", "17:19"], "comment_content": "下一篇 抖內給VT的"}, {"comment_author": "KSHLO", "comment_date": ["04/29", "17:20"], "comment_content": "性感荷官"}, {"comment_author": "capssan", "comment_date": ["04/29", "17:20"], "comment_content": "刺激多巴胺阿"}, {"comment_author": "johnhmj", "comment_date": ["04/29", "17:21"], "comment_content": "興奮而已 沒什麼用"}, {"comment_author": "av08", "comment_date": ["04/29", "17:21"], "comment_content": "每天準時上班為五斗米折腰 現在拉霸來一拉就"}, {"comment_author": "av08", "comment_date": ["04/29", "17:21"], "comment_content": "有錢了 不好玩嗎"}, {"comment_author": "JiangDong", "comment_date": ["04/29", "17:22"], "comment_content": "當然有辦法可以換成法幣，不然誰要玩，"}, {"comment_author": "JiangDong", "comment_date": ["04/29", "17:22"], "comment_content": "本來就是鑽漏洞的線上賭博"}, {"comment_author": "mopepe5566", "comment_date": ["04/29", "17:23"], "comment_content": "可以私下賣幣換錢"}, {"comment_author": "qaz19wsx96", "comment_date": ["04/29", "17:25"], "comment_content": "你抽屜出現20萬不趕快拿去娛樂城難"}, {"comment_author": "qaz19wsx96", "comment_date": ["04/29", "17:25"], "comment_content": "道要等調查局來抄嗎"}, {"comment_author": "oibmk", "comment_date": ["04/29", "17:27"], "comment_content": "公頻就一堆在喊換的"}, {"comment_author": "heyd", "comment_date": ["04/29", "17:31"], "comment_content": "我也看過不少邊玩手遊邊鬼叫的啊"}, {"comment_author": "tora12345", "comment_date": ["04/29", "17:39"], "comment_content": "線上賭博 我們政府忙著抗中保台 沒空"}, {"comment_author": "tora12345", "comment_date": ["04/29", "17:39"], "comment_content": "抓"}, {"comment_author": "max60209", "comment_date": ["04/29", "17:52"], "comment_content": "幣商:"}, {"comment_author": "alex00089", "comment_date": ["04/29", "17:54"], "comment_content": "8591？"}, {"comment_author": "vvrr", "comment_date": ["04/29", "18:20"], "comment_content": "官方自己會買幣回收啊.."}, {"comment_author": "imba789", "comment_date": ["04/29", "21:38"], "comment_content": "居然還有人不知一堆換錢管道"}]}
