{"author": "flower42 (栗悟飯與龜波功)", "category": "Gossiping", "title": "[問卦] 認真問 陽春麵到底哪裡好吃==", "date": "Mon Apr 29 00:35:18 2024", "content": ["陽春麵就簡單清麵如果不配點醬料或小菜根本沒啥味道滿好奇陽春麵到底哪裡好吃乾五八卦--", "不對欸牛肉湯麵至少是用牛肉燉的陽春麵？"], "post_comment": [{"comment_author": "Oeagrus", "comment_date": ["04/29", "00:35"], "comment_content": "問樓下 狂甲懶覺哪裡好吃？"}, {"comment_author": "len53", "comment_date": ["04/29", "00:35"], "comment_content": "有錢當然點牛肉麵QQ"}, {"comment_author": "hkcdc", "comment_date": ["04/29", "00:35"], "comment_content": "可能秘訣在湯"}, {"comment_author": "ivorysoap", "comment_date": ["04/29", "00:36"], "comment_content": "湯頭跟肉燥"}, {"comment_author": "btogwx", "comment_date": ["04/29", "00:36"], "comment_content": "沒味道是忘了放鹽吧"}, {"comment_author": "whiteadam", "comment_date": ["04/29", "00:36"], "comment_content": "噴"}, {"comment_author": "laugh8562", "comment_date": ["04/29", "00:36"], "comment_content": "不是好吃 是便宜治百病"}, {"comment_author": "neo5277", "comment_date": ["04/29", "00:36"], "comment_content": "就跟吃醬油拉麵一樣啊"}, {"comment_author": "bobocatcat", "comment_date": ["04/29", "00:36"], "comment_content": "問賴清德要加什麼"}, {"comment_author": "laugh8562", "comment_date": ["04/29", "00:36"], "comment_content": "但是2024陽春麵一碗也要60了"}, {"comment_author": "nextpage", "comment_date": ["04/29", "00:36"], "comment_content": "在現代,也比泡麵強"}, {"comment_author": "algebraic", "comment_date": ["04/29", "00:36"], "comment_content": "填飽肚子"}, {"comment_author": "pumapupa", "comment_date": ["04/29", "00:36"], "comment_content": "肉燥讚"}, {"comment_author": "lastphil", "comment_date": ["04/29", "00:36"], "comment_content": "去找有覺醒廚神系統的廚師"}, {"comment_author": "YiZheS", "comment_date": ["04/29", "00:36"], "comment_content": "湯是秘訣，然後麵要手工的桿出來的"}, {"comment_author": "OPPAISuki", "comment_date": ["04/29", "00:36"], "comment_content": "就是便宜而已啊"}, {"comment_author": "franchy", "comment_date": ["04/29", "00:36"], "comment_content": "窮人沒得選擇"}, {"comment_author": "aa695109", "comment_date": ["04/29", "00:37"], "comment_content": "北部陽春麵都不加肉臊真的有病"}, {"comment_author": "yoooohan", "comment_date": ["04/29", "00:37"], "comment_content": "便宜，然後要安慰自己好吃"}, {"comment_author": "sd09090", "comment_date": ["04/29", "00:37"], "comment_content": "沒東西吃的年代"}, {"comment_author": "coolrgin", "comment_date": ["04/29", "00:37"], "comment_content": "認真回：老闆娘好吃"}, {"comment_author": "noreg0393933", "comment_date": ["04/29", "00:37"], "comment_content": "陽春麵就簡單吃而已啊？"}, {"comment_author": "nextpage", "comment_date": ["04/29", "00:37"], "comment_content": "跟問\"沒加肉塊的牛肉湯面有啥好吃?\"一樣"}, {"comment_author": "zzro", "comment_date": ["04/29", "00:37"], "comment_content": "你問南部版還是北部版?"}, {"comment_author": "noreg0393933", "comment_date": ["04/29", "00:38"], "comment_content": "要加肉燥去吃乾麵啦。"}, {"comment_author": "nextpage", "comment_date": ["04/29", "00:38"], "comment_content": "這兩種面在現代,依然有他的市場在"}, {"comment_author": "noreg0393933", "comment_date": ["04/29", "00:38"], "comment_content": "一碗好好的麵用的又臭又油的"}, {"comment_author": "johnhmj", "comment_date": ["04/29", "00:39"], "comment_content": "調味粉"}, {"comment_author": "xc2v", "comment_date": ["04/29", "00:40"], "comment_content": "肉燥 湯頭"}, {"comment_author": "hkcdc", "comment_date": ["04/29", "00:40"], "comment_content": "健康清淡少油"}, {"comment_author": "a89108", "comment_date": ["04/29", "00:41"], "comment_content": "加油蔥 蒜泥 韭菜 豆芽，完美"}, {"comment_author": "aa695109", "comment_date": ["04/29", "00:43"], "comment_content": "南部的陽春麵專指一種麵條，根本不是料"}, {"comment_author": "aa695109", "comment_date": ["04/29", "00:44"], "comment_content": "理方式"}, {"comment_author": "alex00089", "comment_date": ["04/29", "00:45"], "comment_content": "醬油拉麵"}, {"comment_author": "laugh8562", "comment_date": ["04/29", "00:46"], "comment_content": "南部叫切仔麵吧"}, {"comment_author": "laugh8562", "comment_date": ["04/29", "00:46"], "comment_content": "加肉燥真佛心 北部點陽春麵還真的不一"}, {"comment_author": "laugh8562", "comment_date": ["04/29", "00:46"], "comment_content": "定有肉燥=="}, {"comment_author": "s66449", "comment_date": ["04/29", "00:50"], "comment_content": "便宜啊"}, {"comment_author": "a2364983", "comment_date": ["04/29", "00:50"], "comment_content": "會問這種問題一看就北部人"}, {"comment_author": "Sanish", "comment_date": ["04/29", "00:50"], "comment_content": "哪裡沒味道，你沒吃到好醜的吧，麵香湯頭"}, {"comment_author": "Sanish", "comment_date": ["04/29", "00:51"], "comment_content": "都有自己香味"}, {"comment_author": "starwish00", "comment_date": ["04/29", "00:51"], "comment_content": "這不是代表最底層的食物嗎？還要好吃"}, {"comment_author": "dingading", "comment_date": ["04/29", "00:51"], "comment_content": "麵食好好吃喔 戒澱粉中"}, {"comment_author": "starwish00", "comment_date": ["04/29", "00:51"], "comment_content": "？你誤會了什麼"}, {"comment_author": "rivera5566", "comment_date": ["04/29", "00:52"], "comment_content": "加麻醬我就可以了"}, {"comment_author": "BBQ2591", "comment_date": ["04/29", "00:52"], "comment_content": "陽春麵好吃 加滷蛋才25元"}, {"comment_author": "qk31330", "comment_date": ["04/29", "00:56"], "comment_content": "北部是吃醬油膏吧？"}, {"comment_author": "cms6384", "comment_date": ["04/29", "00:56"], "comment_content": "吃麵體吃湯頭 就是純粹考驗老闆的功力"}, {"comment_author": "chogosu", "comment_date": ["04/29", "00:56"], "comment_content": "清爽,不想吃重口味時"}, {"comment_author": "fuxyou", "comment_date": ["04/29", "00:58"], "comment_content": "統一肉燥麵也是一堆人超愛啊"}, {"comment_author": "hdotistyle", "comment_date": ["04/29", "01:03"], "comment_content": "吃的是小時候的味道 懂？"}, {"comment_author": "timtingting", "comment_date": ["04/29", "01:05"], "comment_content": "湯麵肉臊 簡單的美味"}, {"comment_author": "dreamdds", "comment_date": ["04/29", "01:06"], "comment_content": "賣小菜用的"}, {"comment_author": "diabolica", "comment_date": ["04/29", "01:12"], "comment_content": "南部餐"}, {"comment_author": "cccwahaha", "comment_date": ["04/29", "01:15"], "comment_content": "湯頭主要就豬骨雞骨豬油油蔥酥"}, {"comment_author": "cccwahaha", "comment_date": ["04/29", "01:15"], "comment_content": "有的會加點自己的配方做跟別家不同風味"}, {"comment_author": "cccwahaha", "comment_date": ["04/29", "01:16"], "comment_content": "當然因為價格關係 成本能做就是較清淡"}, {"comment_author": "yggyygy", "comment_date": ["04/29", "01:18"], "comment_content": "管飽"}, {"comment_author": "lonelygroup", "comment_date": ["04/29", "01:20"], "comment_content": "陽春麵有一種特殊的大眾香味 窮酸味"}, {"comment_author": "lionsss", "comment_date": ["04/29", "01:22"], "comment_content": "那是沒加東泉 加了就很美味了"}, {"comment_author": "l2l", "comment_date": ["04/29", "01:23"], "comment_content": "怎麼不問魯肉飯哪裡好吃?"}, {"comment_author": "your0207", "comment_date": ["04/29", "01:23"], "comment_content": "也不是每間陽春麵都好吃，越複雜的越爛"}, {"comment_author": "b2305911", "comment_date": ["04/29", "01:24"], "comment_content": "加一堆配料就違反他陽春的初衷了啊=="}, {"comment_author": "O10lOl01O", "comment_date": ["04/29", "01:29"], "comment_content": "有店家就是可以調出厲害的辣椒醬"}, {"comment_author": "O10lOl01O", "comment_date": ["04/29", "01:29"], "comment_content": "加了超好吃"}, {"comment_author": "budaixi", "comment_date": ["04/29", "01:33"], "comment_content": "湯跟麵跟豬肉片"}, {"comment_author": "turndown4wat", "comment_date": ["04/29", "01:34"], "comment_content": "便宜"}, {"comment_author": "JONES0816", "comment_date": ["04/29", "01:43"], "comment_content": "你這問題就像在問以前怎麼有人會喝煮"}, {"comment_author": "JONES0816", "comment_date": ["04/29", "01:43"], "comment_content": "麵湯一樣"}, {"comment_author": "boga0602", "comment_date": ["04/29", "01:43"], "comment_content": "簡單粗暴"}, {"comment_author": "mtf0310", "comment_date": ["04/29", "01:44"], "comment_content": "先說是南部陽春麵還北部陽春麵"}, {"comment_author": "kevin0733", "comment_date": ["04/29", "01:45"], "comment_content": "有誰說陽春麵好吃的  是沒錢才會吃"}, {"comment_author": "DimlyLit", "comment_date": ["04/29", "01:49"], "comment_content": "誰發明的？ 本省人？ 外省人"}, {"comment_author": "sustto", "comment_date": ["04/29", "01:50"], "comment_content": "就魯肉飯配陽春麵+燙青菜 這樣就7分飽惹也"}, {"comment_author": "sustto", "comment_date": ["04/29", "01:51"], "comment_content": "不貴"}, {"comment_author": "james111222", "comment_date": ["04/29", "02:00"], "comment_content": "當然是麵條，請認明扁麵才是真陽春麵"}, {"comment_author": "gxp", "comment_date": ["04/29", "02:06"], "comment_content": "好吃的陽春麵會有面的鮮味"}, {"comment_author": "angelwithzer", "comment_date": ["04/29", "02:36"], "comment_content": "淋肉燥神美味"}, {"comment_author": "darkdust", "comment_date": ["04/29", "02:36"], "comment_content": "一開始就是窮咩，硬用陽春白雪來美稱清"}, {"comment_author": "darkdust", "comment_date": ["04/29", "02:36"], "comment_content": "湯寡水；後來有些假掰刻意用好麵粉好湯"}, {"comment_author": "darkdust", "comment_date": ["04/29", "02:36"], "comment_content": "頭來製作，然後說看似簡單卻不簡單才是"}, {"comment_author": "darkdust", "comment_date": ["04/29", "02:37"], "comment_content": "技術…好喔=.="}, {"comment_author": "qw5980162", "comment_date": ["04/29", "02:47"], "comment_content": "因為吃粗飽阿"}, {"comment_author": "kiopl", "comment_date": ["04/29", "02:55"], "comment_content": "傻瓜乾麵啥都沒有 還比陽春麵貴 你怎麽看"}, {"comment_author": "SV650", "comment_date": ["04/29", "03:25"], "comment_content": "老闆娘大拇指"}, {"comment_author": "jay0215", "comment_date": ["04/29", "03:31"], "comment_content": "陽春麵是外省人發明的"}, {"comment_author": "jay0215", "comment_date": ["04/29", "03:32"], "comment_content": "十月為小陽春，陽春代表十，價格十分錢一"}, {"comment_author": "jay0215", "comment_date": ["04/29", "03:33"], "comment_content": "碗，故冠名之"}, {"comment_author": "Anikk", "comment_date": ["04/29", "04:04"], "comment_content": "我有錢的話還需要吃陽春麵嗎……"}, {"comment_author": "qwaszx012", "comment_date": ["04/29", "05:06"], "comment_content": "好吃的陽春麵很好吃"}, {"comment_author": "sobiNOva", "comment_date": ["04/29", "05:29"], "comment_content": "我朋友喜歡吃醬油拌飯 我也不懂"}, {"comment_author": "xxgogg", "comment_date": ["04/29", "05:38"], "comment_content": "你這人到底有什麼問題?都說是陽春麵了0.0"}, {"comment_author": "xxgogg", "comment_date": ["04/29", "05:39"], "comment_content": "你應該也覺得牛肉湯麵裡面沒有牛肉很奇怪"}, {"comment_author": "yfroad", "comment_date": ["04/29", "06:19"], "comment_content": "陽春麵沒味道是因為老闆手藝差"}, {"comment_author": "Chia2323", "comment_date": ["04/29", "06:21"], "comment_content": "陽春麵是墊胃的誰跟你吃好吃的，棒球一"}, {"comment_author": "Chia2323", "comment_date": ["04/29", "06:21"], "comment_content": "分全壘打稱為陽春砲就是這個道理"}, {"comment_author": "hiimhenry", "comment_date": ["04/29", "06:21"], "comment_content": "垃圾澱粉"}, {"comment_author": "Taiwanwolf", "comment_date": ["04/29", "06:42"], "comment_content": "加滿滿的東泉幸福味"}, {"comment_author": "simo520", "comment_date": ["04/29", "06:55"], "comment_content": "味精"}, {"comment_author": "jeff860109", "comment_date": ["04/29", "07:01"], "comment_content": "吃粗飽的"}, {"comment_author": "RichieRich", "comment_date": ["04/29", "07:04"], "comment_content": "看功力 會不會煮而已"}, {"comment_author": "liang089790", "comment_date": ["04/29", "07:11"], "comment_content": "那裏是清湯"}, {"comment_author": "cmcmisgod", "comment_date": ["04/29", "07:26"], "comment_content": "陽春麵就是要配醬油"}, {"comment_author": "cmcmisgod", "comment_date": ["04/29", "07:26"], "comment_content": "一口醬油一口麵"}, {"comment_author": "gosee", "comment_date": ["04/29", "07:37"], "comment_content": "這才知道一家店的湯頭好不好"}, {"comment_author": "SincereBob", "comment_date": ["04/29", "07:44"], "comment_content": "淮揚陽春麵用蝦籽粉、胡椒粉、豬油、"}, {"comment_author": "SincereBob", "comment_date": ["04/29", "07:44"], "comment_content": "蔥花調味，加糖去腥，那味兒可鮮著呢"}, {"comment_author": "ursaminor07", "comment_date": ["04/29", "07:44"], "comment_content": "便宜 吃粗飽"}, {"comment_author": "ohimvickey", "comment_date": ["04/29", "08:02"], "comment_content": "沒錢只能這樣吃啊 哭喔"}, {"comment_author": "mapxu664", "comment_date": ["04/29", "08:04"], "comment_content": "湯頭不認真的才會加肉燥"}, {"comment_author": "asdwezx25", "comment_date": ["04/29", "08:14"], "comment_content": "佰圓內能吃飽的選擇不多了~"}, {"comment_author": "Chengzer", "comment_date": ["04/29", "08:20"], "comment_content": "為何不吃肉粥呢？"}, {"comment_author": "knives", "comment_date": ["04/29", "08:20"], "comment_content": "不是每個人每餐都像你一樣都要吃好吃飽"}, {"comment_author": "daniel6412", "comment_date": ["04/29", "08:46"], "comment_content": "給國外遊子吃思鄉的"}, {"comment_author": "a0000000001f", "comment_date": ["04/29", "08:48"], "comment_content": "緬懷陽春麵一碗２塊錢的年代，大概4"}, {"comment_author": "a0000000001f", "comment_date": ["04/29", "08:48"], "comment_content": "批踢踢老人的父執輩的執念罷了！"}, {"comment_author": "ma721", "comment_date": ["04/29", "08:53"], "comment_content": "那是你沒吃過好吃的，我這邊有一家，早上"}, {"comment_author": "ma721", "comment_date": ["04/29", "08:53"], "comment_content": "開賣中午就賣光了，一次料理桌上都放十幾"}, {"comment_author": "ma721", "comment_date": ["04/29", "08:53"], "comment_content": "碗，等著入麵，都賣到買房樓了"}, {"comment_author": "ma721", "comment_date": ["04/29", "08:55"], "comment_content": "有20年以上，人沒少過，吃不膩"}, {"comment_author": "Dirgo", "comment_date": ["04/29", "08:57"], "comment_content": "跟開水白菜一樣,活全在湯裡了."}, {"comment_author": "Faye88", "comment_date": ["04/29", "09:12"], "comment_content": "桌上那罐辣的跟酸的加下去就不一樣"}, {"comment_author": "Faye88", "comment_date": ["04/29", "09:14"], "comment_content": "麵兩塊錢房100萬薪12000是七年級出生之前"}, {"comment_author": "jeans1020", "comment_date": ["04/29", "09:18"], "comment_content": "陽春麵的本體是黑白切吧"}, {"comment_author": "crasser", "comment_date": ["04/29", "09:22"], "comment_content": "吃到目前最威的還是老家附近35元一碗的,"}, {"comment_author": "crasser", "comment_date": ["04/29", "09:22"], "comment_content": "中午開賣3~4點收攤...囧"}, {"comment_author": "evaras", "comment_date": ["04/29", "09:30"], "comment_content": "當開水白菜吃的吧"}, {"comment_author": "adamyang2000", "comment_date": ["04/29", "09:57"], "comment_content": "地方國民飲食 窮人也吃的起     嗎"}, {"comment_author": "adamyang2000", "comment_date": ["04/29", "09:58"], "comment_content": "不要再講湯頭 講下去很不堪"}, {"comment_author": "adamyang2000", "comment_date": ["04/29", "09:59"], "comment_content": "湯頭要鮮 鮮死你 成本不用幾毛"}, {"comment_author": "ryuhuang", "comment_date": ["04/29", "10:52"], "comment_content": "你是不是搞不懂「陽春」的定義？"}]}
