{"author": "t127147157 (悠質文)", "category": "Gossiping", "title": "[問卦] 32處男GG變軟怎麼辦?", "date": "Wed May  1 11:05:23 2024", "content": ["yoyo ☺我台灣成午啦今年32  八卦男喵哈囉~~~~~~~~~~~~~~~~~~我是八卦優文王啦！欸欸最近發現我被正妹說硬梆梆的GG有點變軟了該怎麼辦雖然還是比八卦的中老年人硬很多但是我退步了以前都被女生說超硬的  像石頭現在大約跟木頭差不多要看醫生嗎?--", "--", "他破處了"], "post_comment": [{"comment_author": "yanluan", "comment_date": ["05/01", "11:05"], "comment_content": "去運動"}, {"comment_author": "taiwan08", "comment_date": ["05/01", "11:05"], "comment_content": "五樓幫你啊，男的更好唷"}, {"comment_author": "k385476916", "comment_date": ["05/01", "11:06"], "comment_content": "Felixden噁甲 幫你"}, {"comment_author": "belucky", "comment_date": ["05/01", "11:06"], "comment_content": "給✂"}, {"comment_author": "steven56138", "comment_date": ["05/01", "11:06"], "comment_content": "好想念G軟"}, {"comment_author": "Melmetal", "comment_date": ["05/01", "11:06"], "comment_content": "連兩篇軟屌文 ptt真的老了"}, {"comment_author": "felixden", "comment_date": ["05/01", "11:06"], "comment_content": "你兄弟怎麼不發文了？"}, {"comment_author": "ilovecat5566", "comment_date": ["05/01", "11:07"], "comment_content": "月工"}, {"comment_author": "koromo1991", "comment_date": ["05/01", "11:10"], "comment_content": "你可以對正妹說 嘻嘻"}, {"comment_author": "Nevhir", "comment_date": ["05/01", "11:13"], "comment_content": "是軟木塞"}, {"comment_author": "fmp1234", "comment_date": ["05/01", "13:56"], "comment_content": "鍛鍊前列腺"}]}
