{"author": "Wwww4452 (餒餒我駿民啦)", "category": "Gossiping", "title": "[問卦] 有搖搖薯條，怎沒有搖搖可樂？", "date": "Sun Apr 28 15:35:59 2024", "content": ["大家好我俊民啦麥當勞以前出過搖搖薯條撒各種不同的調味粉放在袋子裡搖啊搖啊的讓吃薯條多一份樂趣和商機那當年怎麼不趁勢推出個搖搖可樂呢？有沒有卦？--"], "post_comment": [{"comment_author": "linda17a3", "comment_date": ["04/28", "15:36"], "comment_content": "你行你賣"}, {"comment_author": "aa1052026", "comment_date": ["04/28", "15:36"], "comment_content": "三十年前就有了 標榜引用前先搖一搖"}, {"comment_author": "uuuuOPuff", "comment_date": ["04/28", "15:36"], "comment_content": "吃飽太閒?"}, {"comment_author": "duelaylomo", "comment_date": ["04/28", "15:37"], "comment_content": "你可以買曼陀珠自製搖搖可樂"}, {"comment_author": "chocopoodle", "comment_date": ["04/28", "15:37"], "comment_content": "加曼陀珠"}, {"comment_author": "STAV72", "comment_date": ["04/28", "15:37"], "comment_content": "好像是過冷液體，一扭開會結碎冰超耗電XD"}, {"comment_author": "ANTHEIA", "comment_date": ["04/28", "15:37"], "comment_content": "可樂加曼陀珠更爽"}, {"comment_author": "heyd", "comment_date": ["04/28", "15:38"], "comment_content": "shock33啊 前幾年有復刻過 後來又默默消失"}, {"comment_author": "johnhmj", "comment_date": ["04/28", "15:38"], "comment_content": "搖搖漢堡"}, {"comment_author": "PCW2960", "comment_date": ["04/28", "15:39"], "comment_content": "現在買不到了，直接貼一個售完也不知道"}, {"comment_author": "PCW2960", "comment_date": ["04/28", "15:39"], "comment_content": "會不會補"}, {"comment_author": "manman0324", "comment_date": ["04/28", "16:46"], "comment_content": "有漂浮可樂"}]}
