{"author": "XX9 (又又丸)", "category": "Gossiping", "title": "[問卦] 要做到怎樣才能讓中國有面子?", "date": "Wed May  1 19:20:31 2024", "content": ["最近大家忙著在給中國有面子這樣中國7/1開三中全會才能給習主席交差辛苦大家了我個人是比較好奇啦能不能大家做假資料 發明一個平行時空台灣反正只要習主席以為已經統一台灣了但是不斷叛亂 還在進行整治 這樣就行了等到他夠老了 想來走走卻發現 原來是平行時空的台灣一氣之下 啊啊啊啊噗噗噗滋滋滋滋所以為什麼王滬寧不配合一下大家一起做假資料呢?幹嘛要害我們演那麼辛苦??有八卦嗎?--"], "post_comment": [{"comment_author": "freshguy", "comment_date": ["05/01", "19:25"], "comment_content": "蠻好的哈哈哈"}, {"comment_author": "vwpassat", "comment_date": ["05/01", "19:28"], "comment_content": "由支那人上呈 8964坦克人寫實畫作一幅，"}, {"comment_author": "vwpassat", "comment_date": ["05/01", "19:29"], "comment_content": "習 小學肄業生 近平，就會龍心大悅了吧!"}]}
