{"author": "stackness (小摸)", "category": "Gossiping", "title": "[問卦] 你看過最B的裝B小說是哪一部", "date": "Mon Apr 29 13:02:27 2024", "content": ["最近被FB廣告燒到，看了一部告白失敗的裝B小說結果還在連載中。有沒有人可以推薦一些裝到極致的小說，最好是已經完結的--"], "post_comment": [{"comment_author": "kairi5217", "comment_date": ["04/29", "13:03"], "comment_content": "變色龍"}, {"comment_author": "noreg0393933", "comment_date": ["04/29", "13:03"], "comment_content": "金庸"}, {"comment_author": "felixden", "comment_date": ["04/29", "13:04"], "comment_content": "蓋蓋蓋"}, {"comment_author": "stackness", "comment_date": ["04/29", "13:08"], "comment_content": "感覺比起來，金庸還不夠裝"}, {"comment_author": "s999132", "comment_date": ["04/29", "13:12"], "comment_content": "烽火戲諸侯"}, {"comment_author": "smch", "comment_date": ["04/29", "13:27"], "comment_content": "北玄仙尊"}]}
