{"author": "chamge7788 (經濟王7887)", "category": "Gossiping", "title": "[問卦] 洋蔥炒蛋是最便宜的菜嗎", "date": "Tue Apr 30 17:07:29 2024", "content": ["各位鄉民大家好事情是這樣的最近家中因地震修房子開銷太嚴重為了省錢決定吃洋蔥炒蛋 1個月洋蔥是便宜的蔬菜70顆 蛋是便宜的蛋白質約125顆煮了一個大鍋全家吃配白飯因為是媽媽買菜 我煮，我問買多少結果媽媽說不便宜以月薪29000來說這道菜已經算便宜了吧難道要這個嗎竹筍炒肉絲 竹筍價格不知道肉絲看攤位決定 說錯是蒜泥白肉炒竹筍 價格貴了成本250元有沒有最便宜的精緻菜色是洋蔥炒蛋的卦-----Sent from JPTT on my Vivo V2130.--"], "post_comment": [{"comment_author": "shine32025", "comment_date": ["04/30", "17:08"], "comment_content": "錯 是豆芽吧"}, {"comment_author": "yulis", "comment_date": ["04/30", "17:08"], "comment_content": "紅羅ㄅ炒蛋"}, {"comment_author": "Yuijian", "comment_date": ["04/30", "17:08"], "comment_content": "健康美味 我可以"}, {"comment_author": "fp737", "comment_date": ["04/30", "17:09"], "comment_content": "紅蘿蔔炒蛋和洋蔥炒蛋都不錯  也便宜"}, {"comment_author": "brianuser", "comment_date": ["04/30", "17:09"], "comment_content": "不喜歡。覺得洋蔥比較適合當配角"}, {"comment_author": "jimmy0316", "comment_date": ["04/30", "17:09"], "comment_content": "豆芽菜 去冰櫃拿一包50元"}, {"comment_author": "magamanzero", "comment_date": ["04/30", "17:09"], "comment_content": "豆芽才是 可以自己種 免錢"}, {"comment_author": "b9513227", "comment_date": ["04/30", "17:10"], "comment_content": "豆芽菜屌打"}, {"comment_author": "em4", "comment_date": ["04/30", "17:11"], "comment_content": "日本窮人月底都吃豆芽菜"}, {"comment_author": "jimmy0316", "comment_date": ["04/30", "17:12"], "comment_content": "對了，豆芽菜又牽扯到氧化變色的問題"}, {"comment_author": "xc2v", "comment_date": ["04/30", "17:12"], "comment_content": "豆芽 葉菜類"}, {"comment_author": "jimmy0316", "comment_date": ["04/30", "17:12"], "comment_content": "，然後又扯到有沒有泡藥水"}, {"comment_author": "justice2008", "comment_date": ["04/30", "17:12"], "comment_content": "去年洋蔥很貴 蛋也貴 並不便宜"}, {"comment_author": "em4", "comment_date": ["04/30", "17:12"], "comment_content": "你可以選擇金針菇"}, {"comment_author": "mopigou", "comment_date": ["04/30", "17:17"], "comment_content": "三色豆炒蛋"}, {"comment_author": "hikaru77613", "comment_date": ["04/30", "17:18"], "comment_content": "豆芽ㄧ包也20元了"}, {"comment_author": "una283", "comment_date": ["04/30", "17:18"], "comment_content": "洋蔥是最近國產的盛產才變便宜"}, {"comment_author": "nekoares", "comment_date": ["04/30", "17:19"], "comment_content": "豆芽炒洨最便宜"}, {"comment_author": "manlike", "comment_date": ["04/30", "17:20"], "comment_content": "冬粉吧"}, {"comment_author": "fp737", "comment_date": ["04/30", "17:21"], "comment_content": "今年洋蔥是近幾年最便宜  多吃點"}, {"comment_author": "yuting90", "comment_date": ["04/30", "17:22"], "comment_content": "今年洋蔥好吃又便宜"}, {"comment_author": "meowchen", "comment_date": ["04/30", "17:23"], "comment_content": "豆芽："}, {"comment_author": "DS196457", "comment_date": ["04/30", "17:24"], "comment_content": "路邊拔雜草拉"}, {"comment_author": "GTR34", "comment_date": ["04/30", "17:25"], "comment_content": "豆芽菜 自己孵 不難"}, {"comment_author": "losel", "comment_date": ["04/30", "17:28"], "comment_content": "現在弄個盆栽種地瓜葉隨便插隨便長"}, {"comment_author": "diyaworld", "comment_date": ["04/30", "17:31"], "comment_content": "沒有三色豆我不吃哦"}, {"comment_author": "iphone55566", "comment_date": ["04/30", "17:34"], "comment_content": "洋蔥不是最便宜的 是今年便宜而已"}, {"comment_author": "koexe", "comment_date": ["04/30", "17:34"], "comment_content": "難吃"}, {"comment_author": "koexe", "comment_date": ["04/30", "17:34"], "comment_content": "洋蔥吵起來火候不到很濕"}, {"comment_author": "felixr0123", "comment_date": ["04/30", "17:34"], "comment_content": "洋蔥一顆25  蛋一個5元 半顆洋蔥跟三"}, {"comment_author": "felixr0123", "comment_date": ["04/30", "17:34"], "comment_content": "顆蛋 大概快三十吧"}, {"comment_author": "garry5566", "comment_date": ["04/30", "17:35"], "comment_content": "洋蔥多少？蛋多少？"}, {"comment_author": "garry5566", "comment_date": ["04/30", "17:36"], "comment_content": "之前高麗菜一顆10-30元你知道可以炒多"}, {"comment_author": "garry5566", "comment_date": ["04/30", "17:36"], "comment_content": "少盤嗎？"}, {"comment_author": "fp737", "comment_date": ["04/30", "17:42"], "comment_content": "洋蔥算能放  一次買多保存好  一斤不用20"}, {"comment_author": "fp737", "comment_date": ["04/30", "17:43"], "comment_content": "前幾年都25~30居多  今年常見20以下"}, {"comment_author": "vvrr", "comment_date": ["04/30", "17:44"], "comment_content": "看你蛋加多加少"}, {"comment_author": "tengerinedog", "comment_date": ["04/30", "17:53"], "comment_content": "洋蔥炒蛋誰做都很難吃"}, {"comment_author": "kenfu0402", "comment_date": ["04/30", "17:54"], "comment_content": "洋蔥 豆芽菜 紅蘿蔔都很便宜"}, {"comment_author": "justiceyes", "comment_date": ["04/30", "18:09"], "comment_content": "好吃"}, {"comment_author": "Dragonz", "comment_date": ["04/30", "18:11"], "comment_content": "洋蔥只能放一個月左右，發芽就開始爛掉了"}, {"comment_author": "bestpop", "comment_date": ["04/30", "18:26"], "comment_content": "我覺得應該是的豆芽菜"}, {"comment_author": "gg553", "comment_date": ["04/30", "18:29"], "comment_content": "不是"}, {"comment_author": "rane", "comment_date": ["04/30", "18:38"], "comment_content": "近期洋蔥便宜，可蛋仍不便宜"}, {"comment_author": "rane", "comment_date": ["04/30", "18:40"], "comment_content": "洋蔥如果是要炒、煮等而非生食，冷凍可放很"}, {"comment_author": "rane", "comment_date": ["04/30", "18:41"], "comment_content": "久，口感不變且更易煮軟"}, {"comment_author": "sleepgod0602", "comment_date": ["04/30", "18:46"], "comment_content": "蛋炒飯加蔥,一顆蛋就可以炒一大碗"}, {"comment_author": "samm3320", "comment_date": ["04/30", "18:59"], "comment_content": "當然是清炒三色豆"}, {"comment_author": "iamxup6", "comment_date": ["04/30", "18:59"], "comment_content": "我以為胡蘿蔔更便宜"}, {"comment_author": "samm3320", "comment_date": ["04/30", "19:00"], "comment_content": "紅蘿蔔炒白蘿蔔"}, {"comment_author": "joke3547", "comment_date": ["04/30", "19:02"], "comment_content": "去看日本省錢節目"}, {"comment_author": "HodorDragon", "comment_date": ["04/30", "19:11"], "comment_content": "金針菇"}, {"comment_author": "clotilde", "comment_date": ["04/30", "19:13"], "comment_content": "豆芽菜可以自己種 應該是最便宜"}, {"comment_author": "bnm89164", "comment_date": ["04/30", "19:15"], "comment_content": "下大雨後買洋蔥喔"}, {"comment_author": "s203abc", "comment_date": ["04/30", "19:30"], "comment_content": "地瓜葉"}, {"comment_author": "hlb5828", "comment_date": ["04/30", "19:36"], "comment_content": "有洋蔥有蛋還不如弄成親子丼，炒個雞巴"}, {"comment_author": "ayakiax", "comment_date": ["04/30", "20:27"], "comment_content": "金針菇一把才9塊，去菜市場應該更便宜"}, {"comment_author": "Sunblacktea", "comment_date": ["04/30", "20:44"], "comment_content": "豆芽菜吧"}, {"comment_author": "jay0215", "comment_date": ["05/01", "01:34"], "comment_content": "買過一大包25元的地瓜葉，我買兩包"}, {"comment_author": "jay0215", "comment_date": ["05/01", "01:36"], "comment_content": "一天至少一餐吃這個一個月才吃完，50/30="}, {"comment_author": "jay0215", "comment_date": ["05/01", "01:37"], "comment_content": "1.7，每天這道配餐材料費才1.7元，用水煮"}, {"comment_author": "jay0215", "comment_date": ["05/01", "01:37"], "comment_content": "便宜簡單好吃又營養降血壓，缺錢時可考慮"}, {"comment_author": "jay0215", "comment_date": ["05/04", "21:56"], "comment_content": ""}]}
