{"author": "TomFord5566 (湯福56)", "category": "Gossiping", "title": "[問卦] 月薪5萬台北市推薦買房買哪？", "date": "Sat May  4 16:23:30 2024", "content": ["朋友今年月薪提高到5萬想開始在台北市置產買房不想當房東的奴隸了想請問各位推薦這個月薪台北市買哪比較好？--"], "post_comment": [{"comment_author": "watson8132", "comment_date": ["05/04", "16:24"], "comment_content": "北海岸飛碟屋吧"}, {"comment_author": "fony1029", "comment_date": ["05/04", "16:24"], "comment_content": "可以買富德那邊"}, {"comment_author": "a31324285", "comment_date": ["05/04", "16:24"], "comment_content": "公園置產"}, {"comment_author": "PRME", "comment_date": ["05/04", "16:24"], "comment_content": "台北橋下"}, {"comment_author": "george31708", "comment_date": ["05/04", "16:24"], "comment_content": "可以睡公園"}, {"comment_author": "qa1122z", "comment_date": ["05/04", "16:24"], "comment_content": "貢寮"}, {"comment_author": "fony1029", "comment_date": ["05/04", "16:24"], "comment_content": "崇德街啦 差點忘了名字"}, {"comment_author": "overpride", "comment_date": ["05/04", "16:25"], "comment_content": "高雄真心不騙"}, {"comment_author": "matico", "comment_date": ["05/04", "16:25"], "comment_content": "帝寶"}, {"comment_author": "h100733", "comment_date": ["05/04", "16:25"], "comment_content": "廁所"}, {"comment_author": "metam", "comment_date": ["05/04", "16:25"], "comment_content": "買紙箱到大安森林公園"}, {"comment_author": "ghgn", "comment_date": ["05/04", "16:26"], "comment_content": "陽明山上"}, {"comment_author": "Doub1eK", "comment_date": ["05/04", "16:26"], "comment_content": "北車外圍一圈 先佔先贏"}, {"comment_author": "kung621117", "comment_date": ["05/04", "16:26"], "comment_content": "新北投有機會"}, {"comment_author": "K0RVER", "comment_date": ["05/04", "16:27"], "comment_content": "紙箱"}, {"comment_author": "pashow", "comment_date": ["05/04", "16:27"], "comment_content": "長輩出很多齁"}, {"comment_author": "bigmenpower", "comment_date": ["05/04", "16:28"], "comment_content": "自備款超過3000萬的話應該還滿好找"}, {"comment_author": "a0986188522", "comment_date": ["05/04", "16:28"], "comment_content": "228"}, {"comment_author": "loserloser", "comment_date": ["05/04", "16:28"], "comment_content": "社子島"}, {"comment_author": "daniel6412", "comment_date": ["05/04", "16:28"], "comment_content": "找有錢女友"}, {"comment_author": "tom77588", "comment_date": ["05/04", "16:29"], "comment_content": "50年屋齡的海砂屋有機會"}, {"comment_author": "fony1029", "comment_date": ["05/04", "16:29"], "comment_content": "你爸媽出300萬的話 萬華還有機會"}, {"comment_author": "yuki77", "comment_date": ["05/04", "16:29"], "comment_content": "我怕你連萬華都搶不到位子"}, {"comment_author": "jomon817", "comment_date": ["05/04", "16:30"], "comment_content": "北車外面那圈"}, {"comment_author": "F93935", "comment_date": ["05/04", "16:30"], "comment_content": "雞籠山上"}, {"comment_author": "egain", "comment_date": ["05/04", "16:30"], "comment_content": "花蓮找建案名字有台北的"}, {"comment_author": "highyes", "comment_date": ["05/04", "16:30"], "comment_content": "認真回  崇德街"}, {"comment_author": "livehouse", "comment_date": ["05/04", "16:31"], "comment_content": "連勝文家隔壁"}, {"comment_author": "yu7038", "comment_date": ["05/04", "16:31"], "comment_content": "龍山寺"}, {"comment_author": "peiring", "comment_date": ["05/04", "16:31"], "comment_content": "買新北吧"}, {"comment_author": "Cyuhsuan", "comment_date": ["05/04", "16:32"], "comment_content": "淡水"}, {"comment_author": "s10130804", "comment_date": ["05/04", "16:32"], "comment_content": "北投山上"}, {"comment_author": "KKftw", "comment_date": ["05/04", "16:32"], "comment_content": "看他爸媽贊助多少"}, {"comment_author": "ckzzz", "comment_date": ["05/04", "16:33"], "comment_content": "看他爸要出多少"}, {"comment_author": "jonse", "comment_date": ["05/04", "16:33"], "comment_content": "睡袋"}, {"comment_author": "ckzzz", "comment_date": ["05/04", "16:33"], "comment_content": "淡水現在一坪30"}, {"comment_author": "SamuelLuo", "comment_date": ["05/04", "16:34"], "comment_content": "推薦買陰宅，一坪豪宅，無限躺平，不"}, {"comment_author": "SamuelLuo", "comment_date": ["05/04", "16:34"], "comment_content": "怕地震，不用繳管理費"}, {"comment_author": "b9513227", "comment_date": ["05/04", "16:34"], "comment_content": "塔位都買不起"}, {"comment_author": "andy199113", "comment_date": ["05/04", "16:36"], "comment_content": "可以買停車位"}, {"comment_author": "laker4life", "comment_date": ["05/04", "16:36"], "comment_content": "新北可以"}, {"comment_author": "edison901", "comment_date": ["05/04", "16:36"], "comment_content": "一殯二殯"}, {"comment_author": "laugh8562", "comment_date": ["05/04", "16:36"], "comment_content": "帝寶吧 叫你爸出幾個億就有了"}, {"comment_author": "bass17", "comment_date": ["05/04", "16:36"], "comment_content": "蛤 淡水30了喔?"}, {"comment_author": "Anderson2023", "comment_date": ["05/04", "16:37"], "comment_content": "只能買的到狗屋"}, {"comment_author": "obov5116", "comment_date": ["05/04", "16:37"], "comment_content": "買塔位差不多吧"}, {"comment_author": "fumaoxin", "comment_date": ["05/04", "16:37"], "comment_content": "認真回 跟小7買停車位 在那邊搭帳篷"}, {"comment_author": "delhuang", "comment_date": ["05/04", "16:37"], "comment_content": "月薪五萬 但活存有個3～5千萬沒問題"}, {"comment_author": "lesbian5566T", "comment_date": ["05/04", "16:39"], "comment_content": "推薦買一頂帳篷"}, {"comment_author": "usereminem", "comment_date": ["05/04", "16:39"], "comment_content": "先說爸媽給你多少"}, {"comment_author": "ryanwen", "comment_date": ["05/04", "16:40"], "comment_content": "實話，文山區海巡署對面社區"}, {"comment_author": "lim921", "comment_date": ["05/04", "16:40"], "comment_content": "金山"}, {"comment_author": "Destery", "comment_date": ["05/04", "16:41"], "comment_content": "北車周圍"}, {"comment_author": "KillQB", "comment_date": ["05/04", "16:41"], "comment_content": "文山木柵山區的山洞裡"}, {"comment_author": "zephyr105", "comment_date": ["05/04", "16:42"], "comment_content": "二殯"}, {"comment_author": "zephyr105", "comment_date": ["05/04", "16:43"], "comment_content": "員山子疏洪道"}, {"comment_author": "tengerinedog", "comment_date": ["05/04", "16:43"], "comment_content": "全度存好買靈骨塔就好"}, {"comment_author": "priston", "comment_date": ["05/04", "16:45"], "comment_content": "貨櫃屋 都買不起吧"}, {"comment_author": "Chia2323", "comment_date": ["05/04", "16:47"], "comment_content": "木柵第二殯儀館"}, {"comment_author": "qxpbyd", "comment_date": ["05/04", "16:48"], "comment_content": "露營車差不多"}, {"comment_author": "f33783378", "comment_date": ["05/04", "16:49"], "comment_content": "紙做的接受嗎"}, {"comment_author": "purue", "comment_date": ["05/04", "16:50"], "comment_content": "信義區 木曜之前找蝸及去的那區可以考慮"}, {"comment_author": "tyler11342", "comment_date": ["05/04", "16:50"], "comment_content": "崇德街網上找看看"}, {"comment_author": "angel902037", "comment_date": ["05/04", "16:52"], "comment_content": "房貸1千萬，月繳要4萬"}, {"comment_author": "angel902037", "comment_date": ["05/04", "16:52"], "comment_content": "除非他能房貸金額幾百萬，"}, {"comment_author": "lazo", "comment_date": ["05/04", "16:52"], "comment_content": "家裡可以贊助兩千萬以上應該沒問題"}, {"comment_author": "angel902037", "comment_date": ["05/04", "16:53"], "comment_content": "不然連新北都買不起了，不用看台北"}, {"comment_author": "diablohinet", "comment_date": ["05/04", "16:54"], "comment_content": "萬華邊邊角角80年中古屋"}, {"comment_author": "aa874125", "comment_date": ["05/04", "16:54"], "comment_content": "爸媽出3000萬嗎"}, {"comment_author": "andre9", "comment_date": ["05/04", "16:59"], "comment_content": "買車位 住車子裡"}, {"comment_author": "saiboos", "comment_date": ["05/04", "17:00"], "comment_content": "大安森林公園"}, {"comment_author": "cup432959", "comment_date": ["05/04", "17:04"], "comment_content": "認真回 文山區四十年五樓公寓"}, {"comment_author": "fo11ow", "comment_date": ["05/04", "17:05"], "comment_content": "新巴黎大廈買一間套房啊"}, {"comment_author": "ufoout", "comment_date": ["05/04", "17:06"], "comment_content": "認真回，買有發公園概念紀念品的股票，然"}, {"comment_author": "ufoout", "comment_date": ["05/04", "17:06"], "comment_content": "後台北任何地方都可選"}, {"comment_author": "Bookhsu1227", "comment_date": ["05/04", "17:06"], "comment_content": "先買塔位比較快"}, {"comment_author": "Refauth", "comment_date": ["05/04", "17:06"], "comment_content": "月薪五萬=年薪70萬？這......"}, {"comment_author": "jojok", "comment_date": ["05/04", "17:08"], "comment_content": "1000萬的5坪套房吧，應該好找"}, {"comment_author": "DALLEN", "comment_date": ["05/04", "17:09"], "comment_content": "龍山寺"}, {"comment_author": "lawfer", "comment_date": ["05/04", "17:11"], "comment_content": "月薪五萬大概PR50.......?那你根本沒有資"}, {"comment_author": "lawfer", "comment_date": ["05/04", "17:11"], "comment_content": "格住台北啊，去住PR50的六都和新竹以外的"}, {"comment_author": "lawfer", "comment_date": ["05/04", "17:11"], "comment_content": "地方吧"}, {"comment_author": "OYCBDADA", "comment_date": ["05/04", "17:11"], "comment_content": "社子島"}, {"comment_author": "HAHAHUNG", "comment_date": ["05/04", "17:12"], "comment_content": "濱江街飛機巷"}, {"comment_author": "yan2626", "comment_date": ["05/04", "17:13"], "comment_content": "月薪5萬 然後收租100萬"}, {"comment_author": "yan2626", "comment_date": ["05/04", "17:13"], "comment_content": "我支持你住哪都可以"}, {"comment_author": "fony1029", "comment_date": ["05/04", "17:14"], "comment_content": "建議下班跑外送到8萬 就可以買了"}, {"comment_author": "fony1029", "comment_date": ["05/04", "17:14"], "comment_content": "我可以這樣的"}, {"comment_author": "anita780408", "comment_date": ["05/04", "17:15"], "comment_content": "公園"}, {"comment_author": "ken011507", "comment_date": ["05/04", "17:16"], "comment_content": "梧棲讚讚"}, {"comment_author": "RozenMaidenI", "comment_date": ["05/04", "17:17"], "comment_content": "信義區置產 印象中節目播過沒水電"}, {"comment_author": "deray", "comment_date": ["05/04", "17:17"], "comment_content": "高薪收入可以買蛋黃區 大安森林公園看看"}, {"comment_author": "binco", "comment_date": ["05/04", "17:18"], "comment_content": "台北火車站跟流浪漢租個位子"}, {"comment_author": "hakuoro", "comment_date": ["05/04", "17:19"], "comment_content": "文山木柵吧"}, {"comment_author": "gamecubemomo", "comment_date": ["05/04", "17:20"], "comment_content": "北車"}, {"comment_author": "nt880245", "comment_date": ["05/04", "17:21"], "comment_content": "夢"}, {"comment_author": "ff20", "comment_date": ["05/04", "17:22"], "comment_content": "月薪五萬吃都吃不飽了 買三小"}, {"comment_author": "zeon19841102", "comment_date": ["05/04", "17:22"], "comment_content": "金山萬里三芝貢寮"}, {"comment_author": "kikidmore", "comment_date": ["05/04", "17:23"], "comment_content": "三芝吧 去陽明山很快"}, {"comment_author": "joelfish10", "comment_date": ["05/04", "17:23"], "comment_content": "W hotel 睡一晚剛好"}, {"comment_author": "anselhsuen", "comment_date": ["05/04", "17:26"], "comment_content": "自己搜尋北投四大鬼屋"}, {"comment_author": "tcs90530", "comment_date": ["05/04", "17:28"], "comment_content": "金山深坑吧~ 50k連生活都已經打平了吧"}, {"comment_author": "ll1117", "comment_date": ["05/04", "17:31"], "comment_content": "境外公司實收五萬美刀選擇還蠻多的慢慢看"}, {"comment_author": "Bonkon", "comment_date": ["05/04", "17:33"], "comment_content": "月薪五萬買房XDDD先買塔位吧"}, {"comment_author": "wchang", "comment_date": ["05/04", "17:34"], "comment_content": "月薪5萬台北低收，去申請低收入戶補助"}, {"comment_author": "Gsun", "comment_date": ["05/04", "17:43"], "comment_content": "金寶山 繳完40年直接入住"}, {"comment_author": "u5431269", "comment_date": ["05/04", "17:44"], "comment_content": "5萬能在台北活著就不錯了 享受一下首都"}, {"comment_author": "u5431269", "comment_date": ["05/04", "17:44"], "comment_content": "的空氣"}, {"comment_author": "joshua1226", "comment_date": ["05/04", "17:44"], "comment_content": "228公園有得吃有得玩"}, {"comment_author": "efreetia", "comment_date": ["05/04", "17:44"], "comment_content": "公墓"}, {"comment_author": "loking", "comment_date": ["05/04", "17:48"], "comment_content": "連凶宅都買不起吧"}, {"comment_author": "dontaskme", "comment_date": ["05/04", "17:52"], "comment_content": "大安森林公園 裡面"}, {"comment_author": "WCG041", "comment_date": ["05/04", "17:52"], "comment_content": "龍山是"}, {"comment_author": "s37166117", "comment_date": ["05/04", "17:53"], "comment_content": "苗栗"}, {"comment_author": "icome", "comment_date": ["05/04", "17:53"], "comment_content": "天橋下"}, {"comment_author": "Lidier", "comment_date": ["05/04", "17:53"], "comment_content": "五萬買房...痛苦"}, {"comment_author": "qq260", "comment_date": ["05/04", "17:54"], "comment_content": "陽宅就算了吧"}, {"comment_author": "xiaoyiping", "comment_date": ["05/04", "17:56"], "comment_content": "凶宅、海砂屋"}, {"comment_author": "AirFuckKing", "comment_date": ["05/04", "17:57"], "comment_content": "先買兩個紙箱 看北車能不能擠一下"}, {"comment_author": "azcooper", "comment_date": ["05/04", "17:57"], "comment_content": "崇德街"}, {"comment_author": "azcooper", "comment_date": ["05/04", "17:58"], "comment_content": "景鑫大樓 西嶺國宅"}, {"comment_author": "asdf45671", "comment_date": ["05/04", "17:59"], "comment_content": "買土城吧，聽說土城很多老房子新房子"}, {"comment_author": "EXDes", "comment_date": ["05/04", "18:00"], "comment_content": "廁所"}, {"comment_author": "william826", "comment_date": ["05/04", "18:00"], "comment_content": "紙箱北車卡位"}, {"comment_author": "asgardgogo", "comment_date": ["05/04", "18:00"], "comment_content": "社子島"}, {"comment_author": "sexybox", "comment_date": ["05/04", "18:02"], "comment_content": "萬華40年老舊頂樓無電梯公寓"}, {"comment_author": "Gentile", "comment_date": ["05/04", "18:06"], "comment_content": "平常吃住家裡 爸媽還會給零用錢的那種嗎"}, {"comment_author": "samm3320", "comment_date": ["05/04", "18:07"], "comment_content": "買個塔位應該勉勉強強"}, {"comment_author": "thalassa", "comment_date": ["05/04", "18:07"], "comment_content": "貓砂屋"}, {"comment_author": "rayxg", "comment_date": ["05/04", "18:07"], "comment_content": "塔位現在多少錢呀"}, {"comment_author": "harryhome", "comment_date": ["05/04", "18:08"], "comment_content": "長輩幫忙出5000萬當然沒有問題"}, {"comment_author": "pancakeorigi", "comment_date": ["05/04", "18:08"], "comment_content": "三芝淺水灣有兩百多萬的"}, {"comment_author": "HodorDragon", "comment_date": ["05/04", "18:09"], "comment_content": "石門"}, {"comment_author": "koae50", "comment_date": ["05/04", "18:09"], "comment_content": "買公園"}, {"comment_author": "realbout", "comment_date": ["05/04", "18:11"], "comment_content": "和月薪無關 頭期款先說有多少"}, {"comment_author": "hschian", "comment_date": ["05/04", "18:12"], "comment_content": "金紙店裡面很多可以挑"}, {"comment_author": "Machienchien", "comment_date": ["05/04", "18:12"], "comment_content": "賴皮寮旁邊"}, {"comment_author": "yvonne0520q", "comment_date": ["05/04", "18:12"], "comment_content": "加爸爸給的3000萬頭期款，剛好夠買"}, {"comment_author": "yvonne0520q", "comment_date": ["05/04", "18:12"], "comment_content": "大安區"}, {"comment_author": "silence1109", "comment_date": ["05/04", "18:13"], "comment_content": "兇宅有機會吧"}, {"comment_author": "lavine0639", "comment_date": ["05/04", "18:14"], "comment_content": "萬華吧 台北最臭的地方 一堆老國宅可"}, {"comment_author": "lavine0639", "comment_date": ["05/04", "18:14"], "comment_content": "以買"}, {"comment_author": "yoyoyolin", "comment_date": ["05/04", "18:14"], "comment_content": "基隆"}, {"comment_author": "wirecut", "comment_date": ["05/04", "18:15"], "comment_content": "買廁所嗎？"}, {"comment_author": "fancydick501", "comment_date": ["05/04", "18:18"], "comment_content": "萬華"}, {"comment_author": "ericthree", "comment_date": ["05/04", "18:19"], "comment_content": "塔位不一定要在台北買吧=="}, {"comment_author": "lesterc", "comment_date": ["05/04", "18:29"], "comment_content": "社子島"}, {"comment_author": "martell11655", "comment_date": ["05/04", "18:30"], "comment_content": "爸爸沒出1千萬的話，去買三芝吧"}, {"comment_author": "MysterySW", "comment_date": ["05/04", "18:31"], "comment_content": "火車站早就滿了 還以為會有你位子勒"}, {"comment_author": "ShackMama", "comment_date": ["05/04", "18:32"], "comment_content": "登出"}, {"comment_author": "moai513", "comment_date": ["05/04", "18:34"], "comment_content": "天母吧"}, {"comment_author": "dann255181", "comment_date": ["05/04", "18:41"], "comment_content": "公園"}, {"comment_author": "lookat1205", "comment_date": ["05/04", "18:43"], "comment_content": "買車位加露營車"}, {"comment_author": "forAver", "comment_date": ["05/04", "18:45"], "comment_content": "認真 月薪五萬 台灣沒有地方適合買房"}, {"comment_author": "jkokpcu", "comment_date": ["05/04", "18:46"], "comment_content": "台北市別想了除非凶宅"}, {"comment_author": "hyuchi0202", "comment_date": ["05/04", "18:46"], "comment_content": "先跟爸爸拿3000萬再挑吧"}, {"comment_author": "jkokpcu", "comment_date": ["05/04", "18:47"], "comment_content": "凶宅低總價你也沒現金買因為沒銀行敢貸"}, {"comment_author": "jkokpcu", "comment_date": ["05/04", "18:48"], "comment_content": "款8成以上"}, {"comment_author": "convey1227", "comment_date": ["05/04", "18:49"], "comment_content": "關渡？貓空？南港舊莊街山邊老房？"}, {"comment_author": "AoWsL", "comment_date": ["05/04", "18:52"], "comment_content": "通常我會先問一下周遭薪水差不多的買哪..."}, {"comment_author": "AoWsL", "comment_date": ["05/04", "18:52"], "comment_content": "結果他媽沒半個住台北市 五萬薪走到末路也"}, {"comment_author": "AoWsL", "comment_date": ["05/04", "18:52"], "comment_content": "只買新北"}, {"comment_author": "AoWsL", "comment_date": ["05/04", "18:54"], "comment_content": "運氣好就是早個123十年買在那些地方，現在"}, {"comment_author": "AoWsL", "comment_date": ["05/04", "18:54"], "comment_content": "五萬真的蠻窮的"}, {"comment_author": "AoWsL", "comment_date": ["05/04", "18:56"], "comment_content": "凶宅只聽過夫妻合計15/20萬的親戚在看而已."}, {"comment_author": "AoWsL", "comment_date": ["05/04", "18:56"], "comment_content": ".."}, {"comment_author": "foxvera", "comment_date": ["05/04", "18:58"], "comment_content": "龜山島不知道算不算台北"}, {"comment_author": "sawe53", "comment_date": ["05/04", "19:00"], "comment_content": "龍山公園"}, {"comment_author": "nxuanr", "comment_date": ["05/04", "19:01"], "comment_content": "我同學台北人買在桃園 超慘的"}, {"comment_author": "yulun1984", "comment_date": ["05/04", "19:02"], "comment_content": "龜山島"}, {"comment_author": "OCDisorder", "comment_date": ["05/04", "19:03"], "comment_content": "都幾歲了還信這種鬼話"}, {"comment_author": "kurtis0359", "comment_date": ["05/04", "19:04"], "comment_content": "大安森林公園"}, {"comment_author": "dweinsist", "comment_date": ["05/04", "19:06"], "comment_content": "買塔位比較快"}, {"comment_author": "offdensen", "comment_date": ["05/04", "19:07"], "comment_content": "賴皮寮17萬參考一下"}, {"comment_author": "dd1115dd1115", "comment_date": ["05/04", "19:11"], "comment_content": "塔位都不夠"}, {"comment_author": "qqtab", "comment_date": ["05/04", "19:15"], "comment_content": "用月薪問很無聊，現在人人少年股神 幣圈大"}, {"comment_author": "bdbdbdbd", "comment_date": ["05/04", "19:18"], "comment_content": "社子 萬華 新北投 舊公寓看看"}, {"comment_author": "just30lover", "comment_date": ["05/04", "19:18"], "comment_content": "先看他爸媽要付多少 沒有的話就別想"}, {"comment_author": "hahahank", "comment_date": ["05/04", "19:18"], "comment_content": "車位可以買一個"}, {"comment_author": "gaupyng1", "comment_date": ["05/04", "19:23"], "comment_content": "貨櫃"}, {"comment_author": "mic73528", "comment_date": ["05/04", "19:23"], "comment_content": "公園買紙箱八 韭菜"}, {"comment_author": "jt851113", "comment_date": ["05/04", "19:23"], "comment_content": "五萬應該算台人薪水中位數 可憐啊台灣"}, {"comment_author": "BOXer99", "comment_date": ["05/04", "19:23"], "comment_content": "自行車道旁邊隨意"}, {"comment_author": "iluvwaffles", "comment_date": ["05/04", "19:31"], "comment_content": "五萬大概連龍山寺都買不起"}, {"comment_author": "hank11431", "comment_date": ["05/04", "19:32"], "comment_content": "廁所"}, {"comment_author": "bj4j45", "comment_date": ["05/04", "19:37"], "comment_content": "繼續租房或搬到南部租房"}, {"comment_author": "Beetch", "comment_date": ["05/04", "19:41"], "comment_content": "五萬美金 大概可以買"}, {"comment_author": "mild7no1", "comment_date": ["05/04", "19:45"], "comment_content": "當然是買大安區啊！不行的話就信義吧！"}, {"comment_author": "ihack", "comment_date": ["05/04", "19:57"], "comment_content": "推薦中山區錦新大樓 月薪五萬應該可以"}, {"comment_author": "CowBaoGan", "comment_date": ["05/04", "19:58"], "comment_content": "廁所"}, {"comment_author": "family2909", "comment_date": ["05/04", "20:00"], "comment_content": "北車"}, {"comment_author": "be5566", "comment_date": ["05/04", "20:03"], "comment_content": "小坪頂"}, {"comment_author": "loopdiuretic", "comment_date": ["05/04", "20:10"], "comment_content": "健身公寓的倉庫"}, {"comment_author": "jaco1221", "comment_date": ["05/04", "20:11"], "comment_content": "萬華沒想像中便宜，5萬洗洗睡"}, {"comment_author": "coolkidcc", "comment_date": ["05/04", "20:13"], "comment_content": "公園涼亭"}, {"comment_author": "yoyolusam", "comment_date": ["05/04", "20:15"], "comment_content": "文山區屋齡40年以上舊公寓應該有機會"}, {"comment_author": "poisonB", "comment_date": ["05/04", "20:23"], "comment_content": "淡水"}, {"comment_author": "jaceda", "comment_date": ["05/04", "20:29"], "comment_content": "日薪沒五萬還敢買房?"}, {"comment_author": "elite31307", "comment_date": ["05/04", "20:33"], "comment_content": "一殯靈骨塔"}, {"comment_author": "Eric0605", "comment_date": ["05/04", "20:38"], "comment_content": "凶宅都買不起"}, {"comment_author": "k374318", "comment_date": ["05/04", "20:42"], "comment_content": "撿角"}, {"comment_author": "dcdrkim", "comment_date": ["05/04", "20:47"], "comment_content": "5萬也敢買？ 大直橋下看買不買的起"}, {"comment_author": "Phamalpha", "comment_date": ["05/04", "20:56"], "comment_content": "大安森林公園吧"}, {"comment_author": "GameMonster", "comment_date": ["05/04", "21:00"], "comment_content": "關渡"}, {"comment_author": "chingming0", "comment_date": ["05/04", "21:33"], "comment_content": "買苗栗區通勤。"}, {"comment_author": "chonmin", "comment_date": ["05/04", "21:37"], "comment_content": "大安森林公園睡紙箱"}, {"comment_author": "bizarre0310", "comment_date": ["05/04", "21:39"], "comment_content": "我買紅樹林套房 貸款每月1萬1"}, {"comment_author": "bizarre0310", "comment_date": ["05/04", "21:40"], "comment_content": "三年前很多網友酸但我就是買成了"}, {"comment_author": "qqqqwe15", "comment_date": ["05/04", "21:41"], "comment_content": "北車外圍"}, {"comment_author": "androider", "comment_date": ["05/04", "21:50"], "comment_content": "投胎"}, {"comment_author": "AC5566", "comment_date": ["05/04", "21:54"], "comment_content": "總統府旁邊搭帳棚阿"}, {"comment_author": "tidalwave00", "comment_date": ["05/04", "21:55"], "comment_content": "還是先租房子賺補貼就好"}, {"comment_author": "Tonylovesnoo", "comment_date": ["05/04", "22:22"], "comment_content": "五坪套房"}, {"comment_author": "gostt", "comment_date": ["05/04", "22:27"], "comment_content": "台北橋 忠孝橋 中興橋下的沙洲蓋茅草屋"}, {"comment_author": "yeh0416", "comment_date": ["05/04", "22:29"], "comment_content": "八里30年公寓"}, {"comment_author": "kazetatsu", "comment_date": ["05/04", "22:29"], "comment_content": "大安森林公園"}, {"comment_author": "yeh0416", "comment_date": ["05/04", "22:30"], "comment_content": "噢 八里是新北 不要理我"}, {"comment_author": "jinpenchi", "comment_date": ["05/04", "23:03"], "comment_content": "紙箱 北車"}, {"comment_author": "Edaw", "comment_date": ["05/04", "23:12"], "comment_content": "山上找一間鐵皮"}, {"comment_author": "ddmanddman", "comment_date": ["05/04", "23:22"], "comment_content": "京站"}, {"comment_author": "momoflower", "comment_date": ["05/04", "23:58"], "comment_content": "去找龍岩挑一塊比較實在"}, {"comment_author": "Firsss", "comment_date": ["05/05", "00:19"], "comment_content": "別做夢啦=="}, {"comment_author": "rockest", "comment_date": ["05/05", "00:35"], "comment_content": "別這樣 給點牡蠣 套房還是可以的"}, {"comment_author": "tenching", "comment_date": ["05/05", "01:13"], "comment_content": "五萬支出繳一繳你是能剩多少"}, {"comment_author": "aaron68032", "comment_date": ["05/05", "01:13"], "comment_content": "可以花個百萬買個停車位搭帳篷住"}, {"comment_author": "Ahsoy", "comment_date": ["05/05", "01:37"], "comment_content": "月薪五萬自備款3-4千萬貸個意思意"}, {"comment_author": "Ahsoy", "comment_date": ["05/05", "01:38"], "comment_content": "思房子隨便選"}, {"comment_author": "ccw2013", "comment_date": ["05/05", "02:00"], "comment_content": "出國玩開心點，一年內見高點"}, {"comment_author": "SHAN9902", "comment_date": ["05/05", "02:11"], "comment_content": "淡水"}, {"comment_author": "johnny5411", "comment_date": ["05/05", "02:37"], "comment_content": "淡水 基隆"}, {"comment_author": "p1227426", "comment_date": ["05/05", "02:42"], "comment_content": "月薪五萬 但經過他的努力  他老爸給了五"}, {"comment_author": "p1227426", "comment_date": ["05/05", "02:42"], "comment_content": "千萬當頭期款"}, {"comment_author": "chifeng", "comment_date": ["05/05", "02:52"], "comment_content": "紫毅在阿彬體內買房 有事沒事進進出出"}, {"comment_author": "ikaros5566", "comment_date": ["05/05", "03:41"], "comment_content": "塔位"}, {"comment_author": "xc2v", "comment_date": ["05/05", "03:54"], "comment_content": "松山"}, {"comment_author": "zero955185", "comment_date": ["05/05", "04:43"], "comment_content": "存款有3000-4000萬再說吧？"}, {"comment_author": "aaronchen", "comment_date": ["05/05", "04:55"], "comment_content": "福德公墓"}, {"comment_author": "gene123", "comment_date": ["05/05", "07:51"], "comment_content": "真心推地上權可能輕鬆有機會"}, {"comment_author": "kattte", "comment_date": ["05/05", "08:31"], "comment_content": "陶朱隱園"}, {"comment_author": "h034826567", "comment_date": ["05/05", "08:33"], "comment_content": "雲林"}, {"comment_author": "genovis", "comment_date": ["05/05", "10:53"], "comment_content": "非台北市在地人麻煩乖乖滾去旁邊南部新"}, {"comment_author": "genovis", "comment_date": ["05/05", "10:53"], "comment_content": "北跟8+9住一起，不要污染台北市"}, {"comment_author": "maple0425", "comment_date": ["05/05", "12:06"], "comment_content": "大安森林公園"}, {"comment_author": "wayne0170", "comment_date": ["05/05", "12:06"], "comment_content": "買塔位"}, {"comment_author": "s0450336", "comment_date": ["05/05", "14:34"], "comment_content": "別想了，金寶山比較有機會"}, {"comment_author": "yungchan", "comment_date": ["05/05", "15:33"], "comment_content": "北海福座"}, {"comment_author": "Markbas", "comment_date": ["05/05", "16:11"], "comment_content": "萬華的公園看看，運氣好還有位置"}]}
