{"author": "lichuer (Z揪兒)", "category": "Gossiping", "title": "[問卦] 日本繼續殖民台灣有辦法變成東方瑞士嗎?", "date": "Fri May  3 23:05:05 2024", "content": ["認真問日本如果繼續治台從1895到現在超過一百年的皇民化改革有辦法把台灣變成東方瑞士嗎?有中央高山 有日月潭湖泊 有太魯閣峽谷 有東北角岩岸有阿里山廣袤的原始檜木森林有嘉南平原一望無際的田野風光變成東方小瑞士妥妥的吧?有沒有八卦--"], "post_comment": [{"comment_author": "UnsraW", "comment_date": ["05/03", "23:05"], "comment_content": "南海道"}, {"comment_author": "chadmu", "comment_date": ["05/03", "23:06"], "comment_content": "東方古巴"}, {"comment_author": "highca0709", "comment_date": ["05/03", "23:07"], "comment_content": "會變東方加薩走廊"}, {"comment_author": "marktak", "comment_date": ["05/03", "23:08"], "comment_content": "變西方諾魯"}, {"comment_author": "derrick1220", "comment_date": ["05/03", "23:09"], "comment_content": "謝謝你覺得台灣像瑞士"}, {"comment_author": "wilson3435", "comment_date": ["05/03", "23:11"], "comment_content": "瑞士不是中立國嗎，你是想表達像在哪"}, {"comment_author": "ssh713", "comment_date": ["05/03", "23:12"], "comment_content": "看看呂宋島就知道會變怎樣了"}, {"comment_author": "ssh713", "comment_date": ["05/03", "23:13"], "comment_content": "呂宋島也很多該西班牙姓的閩南人"}, {"comment_author": "jpnldvh", "comment_date": ["05/03", "23:13"], "comment_content": "看沖繩怎樣就知道 臺灣只會更慘"}, {"comment_author": "Shingen", "comment_date": ["05/03", "23:19"], "comment_content": "發不發動珍珠港？"}, {"comment_author": "leohayashi1", "comment_date": ["05/03", "23:28"], "comment_content": "想太多，日本把台灣是當糧倉經營的"}, {"comment_author": "leohayashi1", "comment_date": ["05/03", "23:28"], "comment_content": "，另外日本真正有移民計畫只有東北"}, {"comment_author": "leohayashi1", "comment_date": ["05/03", "23:28"], "comment_content": "三省與朝鮮半島願意移居可以減少貸"}, {"comment_author": "leohayashi1", "comment_date": ["05/03", "23:28"], "comment_content": "款可在當地做生意，日本對台灣從沒"}, {"comment_author": "leohayashi1", "comment_date": ["05/03", "23:28"], "comment_content": "有移民計畫，既然沒有怎麼會建設台"}, {"comment_author": "leohayashi1", "comment_date": ["05/03", "23:28"], "comment_content": "灣？ 當時很多來台的日本人是妻小安"}, {"comment_author": "leohayashi1", "comment_date": ["05/03", "23:28"], "comment_content": "置在日本，自己獨自過來的之後再輪"}, {"comment_author": "leohayashi1", "comment_date": ["05/03", "23:28"], "comment_content": "替回去"}, {"comment_author": "MedEngineer", "comment_date": ["05/03", "23:35"], "comment_content": "瑞士在歐洲大陸的核心位置上，台灣"}, {"comment_author": "MedEngineer", "comment_date": ["05/03", "23:36"], "comment_content": "在東亞邊陲的島上，哪裡像了？台灣"}, {"comment_author": "MedEngineer", "comment_date": ["05/03", "23:36"], "comment_content": "繼續給日本統治不是變成海南島就是"}, {"comment_author": "MedEngineer", "comment_date": ["05/03", "23:36"], "comment_content": "變成更大的沖繩，產業一定是以發展"}, {"comment_author": "MedEngineer", "comment_date": ["05/03", "23:36"], "comment_content": "觀光為主，經濟比四國更爛"}, {"comment_author": "fengwen", "comment_date": ["05/03", "23:39"], "comment_content": "幻想嗎 日本為什麼要對殖民地好?"}, {"comment_author": "kyosukeakiba", "comment_date": ["05/03", "23:45"], "comment_content": "日本對台灣的規劃是以農業為主體。"}, {"comment_author": "shauima", "comment_date": ["05/03", "23:46"], "comment_content": "日本60個核反應爐、瑞士5個核反應爐"}, {"comment_author": "shauima", "comment_date": ["05/03", "23:46"], "comment_content": "電力政策的確是屌打台灣"}, {"comment_author": "blackdragon", "comment_date": ["05/03", "23:48"], "comment_content": "木材大概可以砍光全運回日本"}, {"comment_author": "shauima", "comment_date": ["05/03", "23:52"], "comment_content": "瑞士不靠海、有地震，面積跟台灣差不多"}, {"comment_author": "shauima", "comment_date": ["05/03", "23:52"], "comment_content": "可以有5個核反應爐直接屌打台灣"}, {"comment_author": "andy199113", "comment_date": ["05/03", "23:56"], "comment_content": "變成性愛肉便器"}, {"comment_author": "andy199113", "comment_date": ["05/03", "23:56"], "comment_content": "到處都是拍AV的"}, {"comment_author": "puppu", "comment_date": ["05/04", "00:50"], "comment_content": "台灣會被日本掏空啦！別搞笑好嗎"}]}
