{"author": "autokey (該起床啦)", "category": "Gossiping", "title": "[問卦] 女孩傳line說不知道為何你對我這麼好？", "date": "Thu May  2 10:01:58 2024", "content": ["我同事剛剛問我昨天他追一年的女孩傳line問他說不知道我朋友為何要對她這麼好我朋友就是買買飲料小東西給她還有陪她散步聽她訴苦這樣我朋友問我該怎麼回覆我當然不知道請問各位鄉民知道該怎麼回覆嗎？有沒有這方面的八卦？--"], "post_comment": [{"comment_author": "nekoares", "comment_date": ["05/02", "10:02"], "comment_content": "我有聽過安麗了，謝謝"}, {"comment_author": "rosunday", "comment_date": ["05/02", "10:03"], "comment_content": "難聽點就是我沒有要你當我工具人"}, {"comment_author": "kingmusk", "comment_date": ["05/02", "10:03"], "comment_content": "我保險已經買很多了 不需要 謝謝"}, {"comment_author": "rosunday", "comment_date": ["05/02", "10:03"], "comment_content": "少來煩我"}, {"comment_author": "firemothra", "comment_date": ["05/02", "10:04"], "comment_content": "放心。幹不到的。"}, {"comment_author": "firemothra", "comment_date": ["05/02", "10:04"], "comment_content": "不用想那麼多。不要再騷擾女生就好"}, {"comment_author": "Fezico", "comment_date": ["05/02", "10:04"], "comment_content": "May show gun mo，屢試不爽。我通訊軟體越"}, {"comment_author": "Fezico", "comment_date": ["05/02", "10:04"], "comment_content": "來越少通知惹，供參考"}, {"comment_author": "obov5116", "comment_date": ["05/02", "10:05"], "comment_content": "翻譯：不要再煩我，不然開吉"}, {"comment_author": "starwish00", "comment_date": ["05/02", "10:06"], "comment_content": "訊號"}, {"comment_author": "chpen", "comment_date": ["05/02", "10:08"], "comment_content": "追一個月沒追到就該放了 還一年"}, {"comment_author": "yzelly", "comment_date": ["05/02", "10:08"], "comment_content": "回她“你是不是想太多了，我對每個女孩都"}, {"comment_author": "yzelly", "comment_date": ["05/02", "10:08"], "comment_content": "這樣”要欲擒故縱，不然只能淪為工具人"}, {"comment_author": "kumori", "comment_date": ["05/02", "10:09"], "comment_content": "你同事要被告性騷擾了"}, {"comment_author": "koj", "comment_date": ["05/02", "10:11"], "comment_content": "過了幾年後她遇到另一個也對他好的人就會跑"}, {"comment_author": "koj", "comment_date": ["05/02", "10:12"], "comment_content": "了"}, {"comment_author": "Zoro777", "comment_date": ["05/02", "10:12"], "comment_content": "這女孩是不是不知道男生有老二而且會變硬"}, {"comment_author": "Zoro777", "comment_date": ["05/02", "10:13"], "comment_content": "國小健康教育不是都有教?"}, {"comment_author": "Zoro777", "comment_date": ["05/02", "10:13"], "comment_content": "還是這女孩國小沒畢業"}, {"comment_author": "CMPunk", "comment_date": ["05/02", "10:14"], "comment_content": "先承認你是你同事"}, {"comment_author": "theeht", "comment_date": ["05/02", "10:16"], "comment_content": "後面是不是少說了很噁心三個字"}, {"comment_author": "Hunghung727", "comment_date": ["05/02", "10:16"], "comment_content": "你跟你朋友說，回她因為我想跟你借"}, {"comment_author": "a83190", "comment_date": ["05/02", "10:17"], "comment_content": "給不給幹？不給幹別廢話"}, {"comment_author": "cat5672", "comment_date": ["05/02", "10:28"], "comment_content": ""}, {"comment_author": "vowpool", "comment_date": ["05/02", "11:02"], "comment_content": "會講這樣的 代表你沒機會了"}]}
