{"author": "staxsrm (薏仁茶)", "category": "Gossiping", "title": "[問卦] 台男騎車為什麼這麼愛改管?", "date": "Fri May  3 08:35:44 2024", "content": ["首先改管很吵再來就是改管幾乎都會亂噴花一筆錢惱民不懂改管的實用度到底在哪裡每次停紅綠燈幾乎都會看到一些台男改管不見得是8+9  有一些看起來一般學生或是上班族也改有沒有改管的人在想什麼的八卦--"], "post_comment": [{"comment_author": "kawazakiz2", "comment_date": ["05/03", "08:36"], "comment_content": "因為下面翹不起來"}, {"comment_author": "ruln", "comment_date": ["05/03", "08:36"], "comment_content": "渴望關注"}, {"comment_author": "js52666", "comment_date": ["05/03", "08:36"], "comment_content": "128哪"}, {"comment_author": "thegreatlcx", "comment_date": ["05/03", "08:36"], "comment_content": "智商低沒辦法 好好的車改成廢鐵"}, {"comment_author": "ruln", "comment_date": ["05/03", "08:36"], "comment_content": "補償心理"}, {"comment_author": "kino056", "comment_date": ["05/03", "08:37"], "comment_content": "報復社會"}, {"comment_author": "glenmarlboro", "comment_date": ["05/03", "08:38"], "comment_content": "你以為他們不想改ducati或911嗎？就"}, {"comment_author": "glenmarlboro", "comment_date": ["05/03", "08:38"], "comment_content": "沒錢而已"}, {"comment_author": "snow3804", "comment_date": ["05/03", "08:39"], "comment_content": "我有錢的話"}, {"comment_author": "onion10021", "comment_date": ["05/03", "08:40"], "comment_content": "越大聲 89妹越喜歡"}, {"comment_author": "willieliu", "comment_date": ["05/03", "08:41"], "comment_content": "因為沒讀書"}, {"comment_author": "MADAOTW", "comment_date": ["05/03", "08:44"], "comment_content": "我遇改管都會拍起來請車主花時間去監理"}, {"comment_author": "MADAOTW", "comment_date": ["05/03", "08:45"], "comment_content": "處驗車"}, {"comment_author": "bada", "comment_date": ["05/03", "08:47"], "comment_content": "這年代裝直通管就等警察抓或吃檢舉而已"}, {"comment_author": "jason138", "comment_date": ["05/03", "08:49"], "comment_content": "不要被速度限制自己"}, {"comment_author": "dan5120", "comment_date": ["05/03", "08:51"], "comment_content": "有的很安靜 不過89應該要改炸街那種"}, {"comment_author": "t127147157", "comment_date": ["05/03", "08:53"], "comment_content": "破車"}, {"comment_author": "afiend0927", "comment_date": ["05/03", "08:56"], "comment_content": "我不想改，但原廠排氣管他媽會生鏽會"}, {"comment_author": "afiend0927", "comment_date": ["05/03", "08:56"], "comment_content": "破怎麼辦？原廠又不出白鐵管"}, {"comment_author": "fonce", "comment_date": ["05/03", "09:07"], "comment_content": "看來是太窮，怕生鏽我都停室內，下雨都開"}, {"comment_author": "fonce", "comment_date": ["05/03", "09:07"], "comment_content": "車，供樓上參考，嘻嘻"}, {"comment_author": "fonce", "comment_date": ["05/03", "09:09"], "comment_content": "理由一堆，要改管麻煩噪音自己注意一下，"}, {"comment_author": "fonce", "comment_date": ["05/03", "09:09"], "comment_content": "吵死人了騎在路上跟智障一樣"}, {"comment_author": "czg", "comment_date": ["05/03", "09:10"], "comment_content": "喜歡被人看的感覺,但我是在看垃圾啊"}, {"comment_author": "ZXCVBNM9999", "comment_date": ["05/03", "10:37"], "comment_content": "因為知道交警只會抓紅燈右轉"}]}
