{"author": "wegoWU (辜菀允鐵粉♥ )", "category": "Gossiping", "title": "[問卦] 慟 !! 台北大法律系不給查師資名單?", "date": "Mon Apr 29 22:20:31 2024", "content": ["在咱們八卦看到流量密碼新北.知名大學.法律系順手去了一下北大法律逛逛名譽教授和客座講座都能查好剛好專任教授和兼任教授都是 404 Not Found欸欸為什麼一個校系師資會網頁錯誤阿???u迷u八卦?--員工: 老闆，你都不加薪，我決定要辭職了!!!老闆: 冷靜!冷靜! 我們各退一步，我不加薪，你不辭職  這樣好嗎?員工: 這還差不多!!--"], "post_comment": [{"comment_author": "StylishTrade", "comment_date": ["04/29", "22:21"], "comment_content": "XD"}, {"comment_author": "StylishTrade", "comment_date": ["04/29", "22:21"], "comment_content": "小房間幹來幹去好爽喔QQ"}, {"comment_author": "a31011xx", "comment_date": ["04/29", "22:21"], "comment_content": "都知道是誰啦"}, {"comment_author": "ianlin1216", "comment_date": ["04/29", "22:23"], "comment_content": "有夠無聊 查了你敢指名道姓嗎"}, {"comment_author": "abcd5566", "comment_date": ["04/29", "22:23"], "comment_content": "裡面有狼師啊"}, {"comment_author": "TISH12311", "comment_date": ["04/29", "22:26"], "comment_content": "幹學生好爽喔"}, {"comment_author": "william826", "comment_date": ["04/29", "22:26"], "comment_content": "為人師表還法律系這種不重判 法院乾"}, {"comment_author": "afacebook", "comment_date": ["04/29", "22:26"], "comment_content": "哪來的學店"}, {"comment_author": "william826", "comment_date": ["04/29", "22:26"], "comment_content": "脆收起來"}, {"comment_author": "ouyang", "comment_date": ["04/29", "22:29"], "comment_content": "關鍵字 法律系 國立大學 留學兩國"}, {"comment_author": "ouyang", "comment_date": ["04/29", "22:29"], "comment_content": "google 一下 大概可以知道來龍去脈"}, {"comment_author": "wegoWU", "comment_date": ["04/29", "22:34"], "comment_content": "名字最後一個字是方位嗎?"}, {"comment_author": "TISH12311", "comment_date": ["04/29", "22:35"], "comment_content": "張老師啥時會關臉書R 沒有做的事情"}, {"comment_author": "abcd5566", "comment_date": ["04/29", "22:35"], "comment_content": "蠻好奇 助理教授當這麼久都不會被解聘？"}, {"comment_author": "a31011xx", "comment_date": ["04/29", "22:37"], "comment_content": "姓張 方位 沒錯"}, {"comment_author": "iLeyaSin365", "comment_date": ["04/29", "22:38"], "comment_content": "女生長怎樣比較重要吧！"}, {"comment_author": "SamuelLuo", "comment_date": ["04/29", "23:10"], "comment_content": "法律人這次又會用什麼方式鑽漏洞呢？"}, {"comment_author": "jimhall", "comment_date": ["04/30", "01:13"], "comment_content": "google查不到 但是 ai可以"}, {"comment_author": "smallroad", "comment_date": ["04/30", "14:27"], "comment_content": "可以了啦"}, {"comment_author": "christiano", "comment_date": ["04/30", "18:15"], "comment_content": "張惠妹來自台東 狗明顯了吧？"}, {"comment_author": "ruthertw", "comment_date": ["04/30", "22:11"], "comment_content": "一定超正"}]}
