{"author": "kinve1014 (黑松可樂)", "category": "Gossiping", "title": "[問卦] 外資買了一堆金融股想幹大事？", "date": "Mon Apr 29 16:51:16 2024", "content": ["今天外資買超3百多億其中包括一堆金融股金融股該不會是最後一棒吧？外資是想幹大事？最近還有觀光跟航海可以炒欸--世界不是只有北半球！", "--"], "post_comment": [{"comment_author": "neo5277", "comment_date": ["04/29", "16:51"], "comment_content": "大併購時代啊"}, {"comment_author": "holsety", "comment_date": ["04/29", "16:52"], "comment_content": "我覺得應該是打算買來賣的"}, {"comment_author": "qazsedcft", "comment_date": ["04/29", "16:52"], "comment_content": "圖片？"}, {"comment_author": "nidhogg", "comment_date": ["04/29", "16:52"], "comment_content": "一元金都變成1.8元金，股價該反映啊"}, {"comment_author": "deedo", "comment_date": ["04/29", "16:53"], "comment_content": "想吃別人，不先讓自己虛胖嗎？"}, {"comment_author": "ncc5566", "comment_date": ["04/29", "16:54"], "comment_content": "牡蠣金今天漲停"}, {"comment_author": "vbhero", "comment_date": ["04/29", "16:54"], "comment_content": "你484被股版桶，只好在這發XD"}, {"comment_author": "tmgl", "comment_date": ["04/29", "16:55"], "comment_content": "等你上車他們要割"}, {"comment_author": "soarling", "comment_date": ["04/29", "16:55"], "comment_content": "認錯中"}, {"comment_author": "historyway", "comment_date": ["04/29", "16:58"], "comment_content": "谷大師都開示了，不要怕"}, {"comment_author": "hyperdunk", "comment_date": ["04/29", "17:01"], "comment_content": "幸好我一個月買一張中信金 真爽"}, {"comment_author": "Waitaha", "comment_date": ["04/29", "17:04"], "comment_content": "準備割韭菜"}, {"comment_author": "twelvethflor", "comment_date": ["04/29", "17:12"], "comment_content": "是，金融跟券商是最後一棒"}, {"comment_author": "jokem", "comment_date": ["04/29", "17:30"], "comment_content": "最 後 一 棒"}, {"comment_author": "clovergirl", "comment_date": ["04/29", "17:40"], "comment_content": "你是不是也想上車... 就等你了"}, {"comment_author": "zephyr105", "comment_date": ["04/29", "17:44"], "comment_content": "媽的 前幾天賣800E是在耍人嗎"}, {"comment_author": "douxid", "comment_date": ["04/29", "18:05"], "comment_content": "前年的慘案要不要再複習一次？"}, {"comment_author": "Forcast", "comment_date": ["04/30", "09:08"], "comment_content": "金融股把股份稀釋到跟死魚1樣八風吹不動"}]}
