{"author": "generalfungi (香菇將軍)", "category": "Gossiping", "title": "[問卦] 台灣人愛去日本，為什麼交通習慣帶不回來", "date": "Mon Apr 29 14:36:35 2024", "content": ["台灣人超級喜愛去日本的每一個人回來都說走在日本接到上面好舒服這才是行人該有的待遇怎麼樣怎麼樣然後自己開車的時候還是到處違規停車，停一下又不會怎樣，在那叫什麼！體諒一下將心比心很難嗎為什麼每一年出去都說日本街道多乾淨多守秩序，回到台灣劣根性又跑出來了？-----Sent from JPTT on my Google Pixel 6a.--"], "post_comment": [{"comment_author": "bdbpzcatqpq1", "comment_date": ["04/29", "14:37"], "comment_content": "換個位置就換個腦袋"}, {"comment_author": "yzelly", "comment_date": ["04/29", "14:37"], "comment_content": "都跟團哪需要啥交通習慣"}, {"comment_author": "wyiwyi", "comment_date": ["04/29", "14:37"], "comment_content": "只想自己爽是這樣的"}, {"comment_author": "VoV", "comment_date": ["04/29", "14:37"], "comment_content": "因為在日本玩通常搭地鐵,不會自己開車"}, {"comment_author": "ErosAmour", "comment_date": ["04/29", "14:38"], "comment_content": "你是去爽的還是去幫交通部寫調研報告"}, {"comment_author": "yzelly", "comment_date": ["04/29", "14:38"], "comment_content": "之前一大堆人站在馬路上拍照還上新聞"}, {"comment_author": "davemomo", "comment_date": ["04/29", "14:38"], "comment_content": "日本人在地鐵安靜的習慣也帶不過來"}, {"comment_author": "ErosAmour", "comment_date": ["04/29", "14:38"], "comment_content": "的？去留學工作的亦同。"}, {"comment_author": "aggressorX", "comment_date": ["04/29", "14:38"], "comment_content": "因為當你拿日本習慣回來你會被其他人"}, {"comment_author": "aggressorX", "comment_date": ["04/29", "14:38"], "comment_content": "幹譙不爽滾去日本 感謝民進黨"}, {"comment_author": "sunlman", "comment_date": ["04/29", "14:39"], "comment_content": "因為在日本是行人 在台灣是駕駛"}, {"comment_author": "GenjiEd", "comment_date": ["04/29", "14:40"], "comment_content": "自嗨社會"}, {"comment_author": "buski", "comment_date": ["04/29", "14:40"], "comment_content": "你願意改變就會改變"}, {"comment_author": "kyosukeakiba", "comment_date": ["04/29", "14:40"], "comment_content": "兩地罰則差那麼多，日本人來到罰則"}, {"comment_author": "kyosukeakiba", "comment_date": ["04/29", "14:40"], "comment_content": "寬鬆的台灣也是大解放啦w"}, {"comment_author": "b9513227", "comment_date": ["04/29", "14:42"], "comment_content": "猴子搭飛機還是猴子"}, {"comment_author": "med5566", "comment_date": ["04/29", "14:44"], "comment_content": "集自卑又自大於一身的民族意外嗎"}, {"comment_author": "winiS", "comment_date": ["04/29", "14:46"], "comment_content": "因為日本也是一堆路邊停車 差在機車很少"}, {"comment_author": "winiS", "comment_date": ["04/29", "14:48"], "comment_content": "以及路邊沒有停車格，至少先看個街景再發文"}, {"comment_author": "saiboos", "comment_date": ["04/29", "14:50"], "comment_content": "抱歉 機車實在太方便"}, {"comment_author": "Expend", "comment_date": ["04/29", "14:51"], "comment_content": ""}, {"comment_author": "wison4451", "comment_date": ["04/29", "15:03"], "comment_content": "去爽的"}, {"comment_author": "lain2002", "comment_date": ["04/29", "15:05"], "comment_content": "在日本當行人很方便 ,在台當駕駛很隨便"}, {"comment_author": "druu", "comment_date": ["04/29", "15:07"], "comment_content": "因為台灣人不是去開車的"}, {"comment_author": "chichiwawaca", "comment_date": ["04/29", "15:10"], "comment_content": "市容也帶不回來啊 以為都市乾淨只有"}, {"comment_author": "chichiwawaca", "comment_date": ["04/29", "15:10"], "comment_content": "都更一條路。"}, {"comment_author": "ktoaoeex", "comment_date": ["04/29", "15:13"], "comment_content": "台灣人只會想到自己啊"}, {"comment_author": "ktoaoeex", "comment_date": ["04/29", "15:14"], "comment_content": "弄個人行道影響生意 商家就會跟里長抗議"}, {"comment_author": "BaGaJohn5566", "comment_date": ["04/29", "16:08"], "comment_content": "法律問題啊  台灣微罪不罰  日本關"}, {"comment_author": "BaGaJohn5566", "comment_date": ["04/29", "16:08"], "comment_content": "到你脫褲子"}, {"comment_author": "HinaGikuYanG", "comment_date": ["04/29", "16:14"], "comment_content": "糞島民族性就是方便當隨便，沒救"}, {"comment_author": "h90257", "comment_date": ["04/29", "16:23"], "comment_content": "七成以上民眾支持 民意如山"}, {"comment_author": "kitty2000", "comment_date": ["04/29", "16:29"], "comment_content": "出個國人治國家就會變法治國家？"}, {"comment_author": "koexe", "comment_date": ["04/29", "16:40"], "comment_content": "畢竟是"}, {"comment_author": "nadleeh", "comment_date": ["04/29", "17:03"], "comment_content": "都塔jr"}, {"comment_author": "dly", "comment_date": ["04/29", "17:05"], "comment_content": "這個問題很重要"}, {"comment_author": "TerryKu", "comment_date": ["04/29", "17:40"], "comment_content": "方便一下 懂？"}, {"comment_author": "kabukiryu", "comment_date": ["04/29", "18:37"], "comment_content": "都2輪仔問題"}, {"comment_author": "vvrr", "comment_date": ["04/29", "18:57"], "comment_content": "對自己方便最重要。出國沒車行人我最大"}, {"comment_author": "vvrr", "comment_date": ["04/29", "18:57"], "comment_content": "回國開車違停我最大"}]}
