{"author": "anti87 (鬼島觀察家)", "category": "Gossiping", "title": "[問卦] 你爸沒存退休金，還想大手大腳花錢 怎麼", "date": "Mon Apr 29 17:13:31 2024", "content": ["如果你爸開計程車開一輩子，到老要退休時連一毛錢也沒存還整天想開車去遊山玩水想大手大腳花錢你沒給錢，他就跑到你公司跟你同事說你不孝給你來個社死你會怎麼做？--"], "post_comment": [{"comment_author": "linda17a3", "comment_date": ["04/29", "17:14"], "comment_content": "斷絕關係 換公司"}, {"comment_author": "bairn", "comment_date": ["04/29", "17:14"], "comment_content": "你要比他狠比他兇"}, {"comment_author": "felixden", "comment_date": ["04/29", "17:15"], "comment_content": "打斷他手腳啊"}, {"comment_author": "ayuhb", "comment_date": ["04/29", "17:15"], "comment_content": "換工作消失"}, {"comment_author": "jerrylin", "comment_date": ["04/29", "17:15"], "comment_content": "斷絕關係啊"}, {"comment_author": "jerrylin", "comment_date": ["04/29", "17:15"], "comment_content": "社死又不會怎樣  臉皮那麼薄"}, {"comment_author": "roywow", "comment_date": ["04/29", "17:15"], "comment_content": "我爸看計程車兩套房子 給你參考"}, {"comment_author": "jerrylin", "comment_date": ["04/29", "17:16"], "comment_content": "跟同事說不然我爸送給你"}, {"comment_author": "nekoares", "comment_date": ["04/29", "17:18"], "comment_content": "頂多你的同事會用同情的眼神看你而已"}, {"comment_author": "gisasy001", "comment_date": ["04/29", "17:20"], "comment_content": "固定每個月匯錢2.3000避免被告.棄"}, {"comment_author": "nxuanr", "comment_date": ["04/29", "17:23"], "comment_content": "好好說，孝順為大"}, {"comment_author": "mumuwei", "comment_date": ["04/29", "17:23"], "comment_content": "招待他們去柬埔寨玩"}, {"comment_author": "ctx1000", "comment_date": ["04/29", "17:26"], "comment_content": "建議他加入KMT 然後你加入DPP"}, {"comment_author": "suhaw", "comment_date": ["04/29", "17:27"], "comment_content": "不然養你做甚麼?不就是要孝順他嗎"}, {"comment_author": "suhaw", "comment_date": ["04/29", "17:28"], "comment_content": "養小孩不就為了老了能夠有錢花"}, {"comment_author": "samm3320", "comment_date": ["04/29", "17:32"], "comment_content": "你就說我就不肖怎樣"}, {"comment_author": "samm3320", "comment_date": ["04/29", "17:33"], "comment_content": "然後不要給他錢，定期訂食材給他讓他別"}, {"comment_author": "samm3320", "comment_date": ["04/29", "17:33"], "comment_content": "餓死"}, {"comment_author": "samm3320", "comment_date": ["04/29", "17:34"], "comment_content": "上法院你也好處理"}, {"comment_author": "obovqq", "comment_date": ["04/29", "17:40"], "comment_content": "是個狠人☺☺☺"}, {"comment_author": "jerrylin", "comment_date": ["04/29", "17:41"], "comment_content": "上法院OK啊  看法院判要每個月要給多少"}, {"comment_author": "jerrylin", "comment_date": ["04/29", "17:41"], "comment_content": "然後每個月祈禱他早點死"}, {"comment_author": "alex00089", "comment_date": ["04/29", "17:59"], "comment_content": "出國放生"}, {"comment_author": "hypeng", "comment_date": ["04/29", "18:51"], "comment_content": "下次不要讓他知道你在哪工作，都成人了，"}, {"comment_author": "hypeng", "comment_date": ["04/29", "18:51"], "comment_content": "沒必要讓他知道"}, {"comment_author": "cdhu", "comment_date": ["04/29", "19:09"], "comment_content": "我爸送你 蠻好笑的"}, {"comment_author": "spirit119", "comment_date": ["04/29", "19:14"], "comment_content": "不是某知名女藝人就這樣"}, {"comment_author": "h100733", "comment_date": ["04/29", "20:06"], "comment_content": "祝福他啊"}]}
