{"author": "ihl123456 (雨風評)", "category": "Gossiping", "title": "[問卦] 為啥中國星巴克紅茶拿鐵這麼好喝？", "date": "Fri May  3 23:35:29 2024", "content": ["為啥中國星巴克的紅茶拿鐵這麼好喝茶味超級濃 喝起來超級清爽 這才像紅茶拿鐵不像台灣的幾乎都是牛奶味道怎麼會這麼好喝呢？-----Sent from JPTT on my Xiaomi 24030PN60G.--"], "post_comment": [{"comment_author": "LincolnBoy", "comment_date": ["05/03", "23:35"], "comment_content": "真的"}, {"comment_author": "a3221715", "comment_date": ["05/03", "23:36"], "comment_content": "科技與狠活"}, {"comment_author": "Owen93", "comment_date": ["05/03", "23:36"], "comment_content": "臺灣的還好啊 你說內地的喔"}, {"comment_author": "taot917", "comment_date": ["05/03", "23:38"], "comment_content": "錫蘭紅茶跟阿薩姆的區別吧"}, {"comment_author": "xc2v", "comment_date": ["05/03", "23:38"], "comment_content": "職人精神"}, {"comment_author": "jyue", "comment_date": ["05/03", "23:47"], "comment_content": "可能加料了"}, {"comment_author": "winglight", "comment_date": ["05/04", "00:12"], "comment_content": "沒去中國喝過，無法評論他們加了什麼料"}, {"comment_author": "ffaatt", "comment_date": ["05/04", "00:16"], "comment_content": "競爭激烈"}]}
