{"author": "arch20161219 (肥冷淬)", "category": "Gossiping", "title": "[問卦] 台灣每年破萬人出生!物價還是太便宜", "date": "Sat May  4 18:10:51 2024", "content": ["口嫌體正直欸", "靠北物價電價房價很貴但台灣的假日街上依然一堆猴子平民韭菜恐龍家長在階級複製而台灣每年依然保底破萬人出生如果房價物價電價真的貴都自顧不暇了怎可能還會像牲畜一樣無意識繁殖？我月收12萬單身舒服每個月出國對物價無感VS我月收12萬已婚已生每個月對物價感到焦慮？每年出生人口破萬這不就表示台灣的物價依然很便宜卦？-----Sent from JPTT on my iPhone--"], "post_comment": [{"comment_author": "WTF1111", "comment_date": ["05/04", "18:12"], "comment_content": "虎年趨勢沒有明顯變化，看來沒救了"}, {"comment_author": "givemoney", "comment_date": ["05/04", "18:12"], "comment_content": "月入12萬能常出國？連小菜都要三思吧"}, {"comment_author": "s10130804", "comment_date": ["05/04", "18:13"], "comment_content": "扣掉89剩多少"}, {"comment_author": "arch20161219", "comment_date": ["05/04", "18:27"], "comment_content": "月收12萬點小菜要三思？生小孩比較"}, {"comment_author": "arch20161219", "comment_date": ["05/04", "18:27"], "comment_content": "需要好幾個三思"}, {"comment_author": "eddie04", "comment_date": ["05/04", "18:29"], "comment_content": "別的不說"}, {"comment_author": "eddie04", "comment_date": ["05/04", "18:29"], "comment_content": "身邊結婚的人都不多了，更別說生小孩"}, {"comment_author": "cutesoda", "comment_date": ["05/04", "18:29"], "comment_content": "月收12萬也買不起房"}, {"comment_author": "flyslider", "comment_date": ["05/04", "18:49"], "comment_content": "哥做啥有12萬？"}, {"comment_author": "stanly3092", "comment_date": ["05/04", "19:47"], "comment_content": "台灣真的人太多"}, {"comment_author": "PPAPwww", "comment_date": ["05/04", "21:12"], "comment_content": "生育率已經世界最低了"}, {"comment_author": "arch20161219", "comment_date": ["05/04", "21:33"], "comment_content": "物價太便宜讓台灣每年都破萬人出生"}]}
