{"author": "bassmaster (棋鬼斐肥)", "category": "Gossiping", "title": "[問卦] 健檢驗尿尿不出來怎辦", "date": "Fri May  3 15:03:54 2024", "content": ["如題啦今天來健檢要驗尿灌10杯紙杯的水想說等其他東西都做完應該也差不多尿出來了吧結果全部項目都做完了 還沒尿意怎辦 都過一個多小時了欸有解法嗎？-----Sent from JPTT on my Asus ASUS_I006D.--"], "post_comment": [{"comment_author": "bill403777", "comment_date": ["05/03", "15:04"], "comment_content": "請護士吹口哨"}, {"comment_author": "kevin31a2", "comment_date": ["05/03", "15:04"], "comment_content": "肛"}, {"comment_author": "yulis", "comment_date": ["05/03", "15:04"], "comment_content": "繼續喝ㄚ"}, {"comment_author": "t4lin", "comment_date": ["05/03", "15:04"], "comment_content": "正常人的膀胱喝水後15分鐘就能有尿意，你膀"}, {"comment_author": "t4lin", "comment_date": ["05/03", "15:04"], "comment_content": "胱是住了吸水小精靈嗎"}, {"comment_author": "Ashuya", "comment_date": ["05/03", "15:05"], "comment_content": "再喝10紙杯的水=="}, {"comment_author": "WiserWilly", "comment_date": ["05/03", "15:06"], "comment_content": "叫歸仁蕭貪查某舔你尿尿的地方"}, {"comment_author": "diabolica", "comment_date": ["05/03", "15:08"], "comment_content": "尻"}, {"comment_author": "Insania", "comment_date": ["05/03", "15:09"], "comment_content": "勃起了對吧嘻嘻"}, {"comment_author": "belucky", "comment_date": ["05/03", "15:11"], "comment_content": "給✂"}, {"comment_author": "Himiko9975", "comment_date": ["05/03", "15:13"], "comment_content": "攝護腺肥大"}, {"comment_author": "bassmaster", "comment_date": ["05/03", "15:18"], "comment_content": "我不知道啊 我一般一天只尿兩三次 一"}, {"comment_author": "bassmaster", "comment_date": ["05/03", "15:18"], "comment_content": "次都尿很多 我這樣是生病了嗎"}, {"comment_author": "sk050607", "comment_date": ["05/03", "15:38"], "comment_content": "繼續喝阿"}]}
