{"author": "fish19831012 (fishs)", "category": "Gossiping", "title": "[問卦] 為何營建股有520行情???", "date": "Fri May  3 11:20:12 2024", "content": ["最近一直聽到營建股是漲520行情可是明明政府有要抑制房價的決心打擊不合理的房價上漲理論上營建股應該是利空吧不過為何營建股漲到歷史新高了??--"], "post_comment": [{"comment_author": "syntax123", "comment_date": ["05/03", "11:20"], "comment_content": "金主爸爸"}, {"comment_author": "preisner", "comment_date": ["05/03", "11:21"], "comment_content": "你怎麼會認為政府會打房?????????????"}, {"comment_author": "btaro", "comment_date": ["05/03", "11:21"], "comment_content": "不要懷疑政府對房價的決心"}, {"comment_author": "ebeta", "comment_date": ["05/03", "11:22"], "comment_content": "因為央行新青安又加碼房貸利率補貼，又把房"}, {"comment_author": "ebeta", "comment_date": ["05/03", "11:22"], "comment_content": "價炒爆了咩"}, {"comment_author": "yiersan", "comment_date": ["05/03", "11:24"], "comment_content": "政府灑錢 超低利率貸款 還不噴嗎"}, {"comment_author": "yiersan", "comment_date": ["05/03", "11:26"], "comment_content": "這政策代表房子是1000萬起跳呵"}, {"comment_author": "hostage911", "comment_date": ["05/03", "11:28"], "comment_content": "傻傻的，沒有人會希望資產變少的。"}, {"comment_author": "hostage911", "comment_date": ["05/03", "11:28"], "comment_content": "那個不是希望買在蛋黃區。"}, {"comment_author": "x58420", "comment_date": ["05/03", "11:52"], "comment_content": "不要懷疑炒房的決心"}, {"comment_author": "x58420", "comment_date": ["05/03", "11:52"], "comment_content": "低利率跟40年青年貸款"}, {"comment_author": "felixr0123", "comment_date": ["05/03", "12:07"], "comment_content": "不喜歡嗎"}, {"comment_author": "Townshend", "comment_date": ["05/03", "12:13"], "comment_content": "因為炒房綠圾党贏了"}, {"comment_author": "rZai", "comment_date": ["05/03", "13:42"], "comment_content": "炒房黨要上台了 能不慶祝一下嗎"}]}
