{"author": "iversonman (我還有點餓)", "category": "Gossiping", "title": "[問卦] 七寶媽事件後突然很多藝人小孩是資源班？", "date": "Mon Apr 29 15:52:38 2024", "content": ["越來越多人出來砲轟七寶媽七寶媽被砲轟不意外但意外的是一堆藝人紛紛跑出來說自己的小孩也曾經是資源班各位可以去搜尋一下文章有沒有八卦啊？我是覺得落井下石是多餘 不必過了好幾天才跟風出來砲轟--"], "post_comment": [{"comment_author": "OPPAISuki", "comment_date": ["04/29", "15:53"], "comment_content": "統神事件2.0"}, {"comment_author": "huangjyuan", "comment_date": ["04/29", "15:53"], "comment_content": "就是蹭而已 之前怎麼不出來"}, {"comment_author": "OPPAISuki", "comment_date": ["04/29", "15:53"], "comment_content": "我連七寶媽是誰都不知道"}, {"comment_author": "vowpool", "comment_date": ["04/29", "15:53"], "comment_content": "證明智商會遺傳"}, {"comment_author": "vwpassat", "comment_date": ["04/29", "15:54"], "comment_content": "如父母有很多黃金白銀紅銅，孩子也算是"}, {"comment_author": "OPPAISuki", "comment_date": ["04/29", "15:54"], "comment_content": "國家社會大事都不關心 整天罵失言的"}, {"comment_author": "vwpassat", "comment_date": ["04/29", "15:54"], "comment_content": "資源班嗎！？"}, {"comment_author": "anachronism", "comment_date": ["04/29", "15:54"], "comment_content": "推文小心"}, {"comment_author": "OPPAISuki", "comment_date": ["04/29", "15:55"], "comment_content": "法律到底什麼時候要修?"}, {"comment_author": "trustjohndoe", "comment_date": ["04/29", "15:58"], "comment_content": "所以她們都是誰？"}, {"comment_author": "lngold", "comment_date": ["04/29", "15:58"], "comment_content": "小時候都跟資源班的朋友很好"}, {"comment_author": "bumerang", "comment_date": ["04/29", "16:01"], "comment_content": "台女高齡產婦"}, {"comment_author": "ctx1000", "comment_date": ["04/29", "16:01"], "comment_content": "資優資源班 cc"}, {"comment_author": "ctx1000", "comment_date": ["04/29", "16:01"], "comment_content": "這也資源cc"}, {"comment_author": "ftfd", "comment_date": ["04/29", "16:12"], "comment_content": "一直洗這件事才是真正霸凌資源班小孩的人"}, {"comment_author": "ks2384im", "comment_date": ["04/29", "16:14"], "comment_content": "選邊站拿平安符的概念"}, {"comment_author": "gay7788", "comment_date": ["04/29", "16:46"], "comment_content": "一堆老卵老子宮很正常ㄅ"}, {"comment_author": "gay7788", "comment_date": ["04/29", "16:47"], "comment_content": "產婦高齡化，胎兒就問題多啊"}]}
