{"author": "hugh509 ((0_ 0))", "category": "Gossiping", "title": "[問卦] 全台黑子化 校園霸凌現象何解??", "date": "Wed May  1 15:22:01 2024", "content": ["2024全台黑子化 校園霸凌現象何解?", "通過割頸案已顯示出校園惡性犯罪的嚴重性並且諷刺的是逐漸少子化的台灣", "考慮到封閉的校園往往想要息事寧人真實的狀況比數字恐怕更為劇烈今天邀集板上各位專家、學者、家長探討如何解決台灣黑子的問題?--「我看不到」「欸 我真的看不到」「                 」「我還是什麼都看不到啊...」「我看不到我看不到我看不到!」--"], "post_comment": [{"comment_author": "adk147852", "comment_date": ["05/01", "15:22"], "comment_content": "萬用通解 少子化減少受害者"}, {"comment_author": "yiloca", "comment_date": ["05/01", "15:23"], "comment_content": "民進黨的理想世界  越亂越好"}, {"comment_author": "words2012", "comment_date": ["05/01", "15:23"], "comment_content": "家長自己要學聰明一點 如果校方不管"}, {"comment_author": "gaym19", "comment_date": ["05/01", "15:23"], "comment_content": "不要生"}, {"comment_author": "words2012", "comment_date": ["05/01", "15:23"], "comment_content": "讓兒女休學就好 不要去硬上課"}, {"comment_author": "godofaluba", "comment_date": ["05/01", "15:23"], "comment_content": "一堆歌頌8+9的垃圾電影 不多也難"}, {"comment_author": "adk147852", "comment_date": ["05/01", "15:23"], "comment_content": "頂層的就去國外 記得回來用健保就好"}, {"comment_author": "kasim15", "comment_date": ["05/01", "15:23"], "comment_content": "教小孩當胖虎"}, {"comment_author": "words2012", "comment_date": ["05/01", "15:23"], "comment_content": "最差就 用肄業學歷報考學校就好"}, {"comment_author": "lianli1024", "comment_date": ["05/01", "15:24"], "comment_content": "之前還聽到性騷案學校直接私了的"}, {"comment_author": "fmp1234", "comment_date": ["05/01", "15:24"], "comment_content": "煉蠱"}, {"comment_author": "wsxwsx77889", "comment_date": ["05/01", "15:25"], "comment_content": "立委不修法就是鼓勵以暴制暴"}, {"comment_author": "fg008kimo", "comment_date": ["05/01", "15:25"], "comment_content": "台灣也激化對立了 剩有錢人和8+9在生"}, {"comment_author": "wsxwsx77889", "comment_date": ["05/01", "15:26"], "comment_content": "反正未成年刑期很低 活下來的才有資"}, {"comment_author": "wsxwsx77889", "comment_date": ["05/01", "15:26"], "comment_content": "格談人權"}, {"comment_author": "fg008kimo", "comment_date": ["05/01", "15:26"], "comment_content": "以後有錢人小孩送私校比例只會變高"}, {"comment_author": "CIDgreen", "comment_date": ["05/01", "15:26"], "comment_content": "從小開始自立自強，結黨成派"}, {"comment_author": "fg008kimo", "comment_date": ["05/01", "15:26"], "comment_content": "公立一堆89  變得跟美國一樣"}, {"comment_author": "fg008kimo", "comment_date": ["05/01", "15:27"], "comment_content": "而且台灣對未成年和暴力犯罪刑期寬容"}, {"comment_author": "fg008kimo", "comment_date": ["05/01", "15:27"], "comment_content": "割頸 霸凌 打老師 一堆輕判 然後台灣"}, {"comment_author": "fg008kimo", "comment_date": ["05/01", "15:27"], "comment_content": "學校文化又是大事化小 小事化無 通常都"}, {"comment_author": "fg008kimo", "comment_date": ["05/01", "15:28"], "comment_content": "叫老師自己吞 免得公開妨礙校長仕途"}, {"comment_author": "CowBaoGan", "comment_date": ["05/01", "15:28"], "comment_content": "有錢人小孩會送私校 沒錢不要生就好了"}, {"comment_author": "fg008kimo", "comment_date": ["05/01", "15:28"], "comment_content": "我敢說以後台灣公務員 教師素質只會變"}, {"comment_author": "purue", "comment_date": ["05/01", "15:29"], "comment_content": "石內卜都會被霸凌了 只能在家學習"}, {"comment_author": "fg008kimo", "comment_date": ["05/01", "15:29"], "comment_content": "差 因為政府讓獎懲機制變得不公平"}, {"comment_author": "CowBaoGan", "comment_date": ["05/01", "15:29"], "comment_content": "現在你沒錢硬要生就是要承擔這種風險"}, {"comment_author": "milk830122", "comment_date": ["05/01", "15:29"], "comment_content": "以後只會有89的小孩跟有錢人的小孩"}, {"comment_author": "jingbaby77", "comment_date": ["05/01", "15:29"], "comment_content": "父母收入某標準之下不能生"}, {"comment_author": "milk830122", "comment_date": ["05/01", "15:30"], "comment_content": "中間的不婚不生自己爽了"}, {"comment_author": "Alphaz", "comment_date": ["05/01", "15:30"], "comment_content": "幹嘛解決….？黨不是在鼓勵嗎？不需要嚴"}, {"comment_author": "Alphaz", "comment_date": ["05/01", "15:30"], "comment_content": "刑峻罰"}, {"comment_author": "darkholy", "comment_date": ["05/01", "15:30"], "comment_content": "民進黨執政黑道大崛起"}, {"comment_author": "fg008kimo", "comment_date": ["05/01", "15:31"], "comment_content": "皓哥影片前面也有提到 台灣政界不少黑"}, {"comment_author": "skuutama1122", "comment_date": ["05/01", "15:31"], "comment_content": "修法限制了老師管教權，最後產出不"}, {"comment_author": "skuutama1122", "comment_date": ["05/01", "15:32"], "comment_content": "懂得分辨是非的小孩，家長還會再怪"}, {"comment_author": "fg008kimo", "comment_date": ["05/01", "15:32"], "comment_content": "道 藍綠都有 如果學日本用黑道法就可解"}, {"comment_author": "wmud", "comment_date": ["05/01", "15:32"], "comment_content": "幹嘛解決，上次超派把人往死裡打，一片叫好"}, {"comment_author": "skuutama1122", "comment_date": ["05/01", "15:32"], "comment_content": "罪老師沒教好，自己當家長的都沒責"}, {"comment_author": "LoveMakeLove", "comment_date": ["05/01", "15:32"], "comment_content": "黑子的籃球..."}, {"comment_author": "wmud", "comment_date": ["05/01", "15:32"], "comment_content": "的啊，台灣現在就是崇尚用武力解決事情"}, {"comment_author": "skuutama1122", "comment_date": ["05/01", "15:32"], "comment_content": "任都是they的錯，怪誰？這種後果全"}, {"comment_author": "skuutama1122", "comment_date": ["05/01", "15:32"], "comment_content": "民一起吞"}, {"comment_author": "fg008kimo", "comment_date": ["05/01", "15:32"], "comment_content": "決不少黑道 可惜台灣已經是黑道治國"}, {"comment_author": "fg008kimo", "comment_date": ["05/01", "15:32"], "comment_content": "根本不會有日本那種黑道法去抑制黑道"}, {"comment_author": "Stupidog5566", "comment_date": ["05/01", "15:33"], "comment_content": "老實說這個問題從以前到現在都存在"}, {"comment_author": "Stupidog5566", "comment_date": ["05/01", "15:34"], "comment_content": "是現在全民網路時代揭露率提高很多"}, {"comment_author": "w5553819", "comment_date": ["05/01", "15:34"], "comment_content": "父母不會教啊.連坐抓進去關一關比較快"}, {"comment_author": "beeboombee", "comment_date": ["05/01", "15:34"], "comment_content": "加入黨 就不會被欺負"}, {"comment_author": "gn02076913", "comment_date": ["05/01", "15:35"], "comment_content": "呃..以前沒監視器，沒行動網路的時候"}, {"comment_author": "milk830122", "comment_date": ["05/01", "15:35"], "comment_content": "還甚麼都存在你綠共內政爛他人家說喔"}, {"comment_author": "milk830122", "comment_date": ["05/01", "15:36"], "comment_content": "明明在少子化但是青少年犯罪卻是成長"}, {"comment_author": "milk830122", "comment_date": ["05/01", "15:36"], "comment_content": "推給網路真棒 網路會犯罪喔"}, {"comment_author": "Reborn0817", "comment_date": ["05/01", "15:37"], "comment_content": "中產不生小孩，就是被89統治"}, {"comment_author": "fg008kimo", "comment_date": ["05/01", "15:37"], "comment_content": "誰管以前怎樣啊 真要進步就學日本推"}, {"comment_author": "milk830122", "comment_date": ["05/01", "15:37"], "comment_content": "好像10年前是原始時代一樣沒網路"}, {"comment_author": "fg008kimo", "comment_date": ["05/01", "15:37"], "comment_content": "黑道抑制法案阿 借錢買房都要審視"}, {"comment_author": "fg008kimo", "comment_date": ["05/01", "15:37"], "comment_content": "可惜我看某黨不敢 因為裡面一堆黑道"}, {"comment_author": "indium111", "comment_date": ["05/01", "15:38"], "comment_content": "抖音害死年輕人"}, {"comment_author": "saiboos", "comment_date": ["05/01", "15:40"], "comment_content": "送進康橋就好"}, {"comment_author": "milk250", "comment_date": ["05/01", "15:41"], "comment_content": "學韓劇拍片"}, {"comment_author": "WoaVoa", "comment_date": ["05/01", "15:41"], "comment_content": "問立委幼保啊，不會只保護不會矯正吧"}, {"comment_author": "Messi100", "comment_date": ["05/01", "15:42"], "comment_content": "以為打籃球"}, {"comment_author": "TheTimes", "comment_date": ["05/01", "15:43"], "comment_content": "這是皓哥出道以來，最好的評論社會"}, {"comment_author": "TheTimes", "comment_date": ["05/01", "15:43"], "comment_content": "現象影片。皓哥嚴肅討論，又幹話滿"}, {"comment_author": "fastevil", "comment_date": ["05/01", "15:43"], "comment_content": "學校都收掉，以後到宮廟上課，宮廟正在"}, {"comment_author": "TheTimes", "comment_date": ["05/01", "15:43"], "comment_content": "滿。然後又不笑場。真是他個人評論"}, {"comment_author": "fastevil", "comment_date": ["05/01", "15:43"], "comment_content": "追趕7-11"}, {"comment_author": "TheTimes", "comment_date": ["05/01", "15:43"], "comment_content": "最好的一集。"}, {"comment_author": "dayend", "comment_date": ["05/01", "15:44"], "comment_content": "立委真的應該要好好立法處理這些事"}, {"comment_author": "asdf70044", "comment_date": ["05/01", "15:45"], "comment_content": "不重刑重罰就是這樣啊"}, {"comment_author": "adk147852", "comment_date": ["05/01", "15:46"], "comment_content": "成年都判那樣惹 未成年  嘻嘻"}, {"comment_author": "joe777", "comment_date": ["05/01", "15:47"], "comment_content": "民進黨不下台都是白費工"}, {"comment_author": "hw1", "comment_date": ["05/01", "15:48"], "comment_content": "不婚不生才是對下一代最好的選擇"}, {"comment_author": "feijai", "comment_date": ["05/01", "15:48"], "comment_content": "不要生"}, {"comment_author": "shadog", "comment_date": ["05/01", "15:48"], "comment_content": "以前黑數多"}, {"comment_author": "touchbird", "comment_date": ["05/01", "15:51"], "comment_content": "霸凌仔通常爸媽都是低端"}, {"comment_author": "feijai", "comment_date": ["05/01", "15:52"], "comment_content": "以前比例低 因為還有其他小孩 壞小孩在普"}, {"comment_author": "feijai", "comment_date": ["05/01", "15:52"], "comment_content": "通群體找不到歸屬自己就會翹家逃學了"}, {"comment_author": "F93935", "comment_date": ["05/01", "15:52"], "comment_content": "那是現在什麼都通報吧以前哪會"}, {"comment_author": "revorea", "comment_date": ["05/01", "15:52"], "comment_content": "少子化辦公室大成功"}, {"comment_author": "stephon50", "comment_date": ["05/01", "15:53"], "comment_content": "40趴的理想世界"}, {"comment_author": "poz93", "comment_date": ["05/01", "15:55"], "comment_content": "照這邏輯 少子化 壞孩子的數量也會降低啊"}, {"comment_author": "poz93", "comment_date": ["05/01", "15:55"], "comment_content": "主要還是因為以前人多不通報 現在人少一直"}, {"comment_author": "touchbird", "comment_date": ["05/01", "15:55"], "comment_content": "低端生的比例變高了啊"}, {"comment_author": "poz93", "comment_date": ["05/01", "15:55"], "comment_content": "通報"}, {"comment_author": "lain2002", "comment_date": ["05/01", "15:57"], "comment_content": "超派鐵拳"}, {"comment_author": "x58420", "comment_date": ["05/01", "15:58"], "comment_content": "有錢人都送出國 嘻嘻"}, {"comment_author": "Motor", "comment_date": ["05/01", "15:58"], "comment_content": "股市2萬點，你不喜歡嗎"}, {"comment_author": "Cuchulainn", "comment_date": ["05/01", "15:59"], "comment_content": "未來選舉票源 會支持誰不好說"}, {"comment_author": "super781212", "comment_date": ["05/01", "16:03"], "comment_content": "孩子也要辦黨證啊"}, {"comment_author": "hw1", "comment_date": ["05/01", "16:05"], "comment_content": "小草都被40%的小孩砍死 以後黨支持度會更高"}, {"comment_author": "k011511", "comment_date": ["05/01", "16:05"], "comment_content": "簡單，留島不留人就解決問題了"}, {"comment_author": "kkoejeo", "comment_date": ["05/01", "16:07"], "comment_content": "不要生"}, {"comment_author": "raphin", "comment_date": ["05/01", "16:10"], "comment_content": "教官退出校園，換黑道進駐校園ww"}, {"comment_author": "bluelikeme", "comment_date": ["05/01", "16:11"], "comment_content": "BR法啊  全丟龜山島煉蠱囉"}, {"comment_author": "mihono", "comment_date": ["05/01", "16:12"], "comment_content": "蠢蛋進化論是真的啊"}, {"comment_author": "ffdreamer", "comment_date": ["05/01", "16:15"], "comment_content": "都叫去打籃球進入ZONE狀態"}, {"comment_author": "justiceyes", "comment_date": ["05/01", "16:19"], "comment_content": "小時霸凌人，長大當詐騙，一生順遂"}, {"comment_author": "hsw0502", "comment_date": ["05/01", "16:19"], "comment_content": "沒救 你各位自求多福 祈禱不要哪天在路上"}, {"comment_author": "hsw0502", "comment_date": ["05/01", "16:19"], "comment_content": "按個喇叭就被人砍死"}, {"comment_author": "Timje217", "comment_date": ["05/01", "16:20"], "comment_content": "選民進黨當總統就是在各方面把台灣台南"}, {"comment_author": "Timje217", "comment_date": ["05/01", "16:20"], "comment_content": "化"}, {"comment_author": "selvester", "comment_date": ["05/01", "16:21"], "comment_content": "以直報怨"}, {"comment_author": "dick929", "comment_date": ["05/01", "16:23"], "comment_content": "學美國開放槍枝，物理消滅霸凌"}, {"comment_author": "syensyens", "comment_date": ["05/01", "16:23"], "comment_content": "全世界沒人能解決！不要生就好了"}, {"comment_author": "whywhywhy", "comment_date": ["05/01", "16:28"], "comment_content": "民進黨統治=黑道統治 台南已經證明了這"}, {"comment_author": "whywhywhy", "comment_date": ["05/01", "16:28"], "comment_content": "點 現在全台都在黑化了"}, {"comment_author": "shuha", "comment_date": ["05/01", "16:29"], "comment_content": "打不贏就加入，未來當國策顧問！"}, {"comment_author": "adamyang2000", "comment_date": ["05/01", "16:30"], "comment_content": "無解 以暴制暴 以牙還牙 加倍報復"}, {"comment_author": "adamyang2000", "comment_date": ["05/01", "16:31"], "comment_content": "報復的犯罪手法太多了"}, {"comment_author": "sunluna", "comment_date": ["05/01", "16:31"], "comment_content": "EE德政"}, {"comment_author": "GRR", "comment_date": ["05/01", "16:34"], "comment_content": "台灣現在的風氣文化 就是鼓勵人當+9 幹壞事"}, {"comment_author": "nonsu", "comment_date": ["05/01", "16:35"], "comment_content": "千萬別抬頭 千萬別思考  未來就是穩中向好"}, {"comment_author": "nonsu", "comment_date": ["05/01", "16:35"], "comment_content": "民主幸福人權自由性別友善高素質文化好"}, {"comment_author": "nonsu", "comment_date": ["05/01", "16:35"], "comment_content": "低通膨高成長盆滿缽 下一代會更好"}, {"comment_author": "nonsu", "comment_date": ["05/01", "16:35"], "comment_content": "台灣在党的領導下 富國強兵 世界矚目 民主"}, {"comment_author": "nonsu", "comment_date": ["05/01", "16:35"], "comment_content": "中心 你怎麼還在在乎這點芝麻小事呢 ☺"}, {"comment_author": "GRR", "comment_date": ["05/01", "16:36"], "comment_content": "什麼品德教育太八股了"}, {"comment_author": "teddy72", "comment_date": ["05/01", "16:37"], "comment_content": "黑道治國不意外"}, {"comment_author": "xc2v", "comment_date": ["05/01", "16:39"], "comment_content": "好了啦都兩萬點了"}, {"comment_author": "ogcman", "comment_date": ["05/01", "16:40"], "comment_content": "不要生 或是移民"}, {"comment_author": "MTKer5566", "comment_date": ["05/01", "16:40"], "comment_content": "蔡政府的執政目標達成"}, {"comment_author": "ogcman", "comment_date": ["05/01", "16:41"], "comment_content": "這是貧富差距擴大後的必然現象"}, {"comment_author": "Lowpapa", "comment_date": ["05/01", "16:41"], "comment_content": "民進黨"}, {"comment_author": "linyap", "comment_date": ["05/01", "16:41"], "comment_content": "念私校或搶學區 公立讓8+9去念"}, {"comment_author": "ogcman", "comment_date": ["05/01", "16:42"], "comment_content": "中產漸漸消失 低端家庭變多 加上工時長 父"}, {"comment_author": "ogcman", "comment_date": ["05/01", "16:42"], "comment_content": "母很難教育小孩"}, {"comment_author": "ogcman", "comment_date": ["05/01", "16:43"], "comment_content": "沒了家庭教育導正 小孩子很容易走偏"}, {"comment_author": "ogcman", "comment_date": ["05/01", "16:44"], "comment_content": "現在社會勞動主力是6-8年級生 這群人的人"}, {"comment_author": "ogcman", "comment_date": ["05/01", "16:44"], "comment_content": "口數 還算多"}, {"comment_author": "ohyakmu", "comment_date": ["05/01", "16:45"], "comment_content": "讓一般家庭不想生小孩就解決啦，剩下黑"}, {"comment_author": "ohyakmu", "comment_date": ["05/01", "16:45"], "comment_content": "吃黑。"}, {"comment_author": "ogcman", "comment_date": ["05/01", "16:46"], "comment_content": "這些人的生育率 不高 等到這批人老了 台灣"}, {"comment_author": "ogcman", "comment_date": ["05/01", "16:46"], "comment_content": "勞動力會雪崩式下滑"}, {"comment_author": "ogcman", "comment_date": ["05/01", "16:46"], "comment_content": "絕對比日本還慘"}, {"comment_author": "ogcman", "comment_date": ["05/01", "16:48"], "comment_content": "孩子少了 質卻沒有變高 這無疑是ㄧ步步走"}, {"comment_author": "ogcman", "comment_date": ["05/01", "16:48"], "comment_content": "向死路"}, {"comment_author": "ogcman", "comment_date": ["05/01", "16:49"], "comment_content": "你們要好好感謝政府殺雞取卵的操作"}, {"comment_author": "skuderic", "comment_date": ["05/01", "16:49"], "comment_content": "就是低端橫行啊"}, {"comment_author": "ogcman", "comment_date": ["05/01", "16:51"], "comment_content": "老話一句 收割你們這些韭菜的人 多半有雙"}, {"comment_author": "ogcman", "comment_date": ["05/01", "16:51"], "comment_content": "重國籍 台灣倒了 飛機坐了就跑"}, {"comment_author": "ogcman", "comment_date": ["05/01", "16:52"], "comment_content": "韭菜被收割就算了 出事了也只能留著等死"}, {"comment_author": "Chrysan0924", "comment_date": ["05/01", "16:52"], "comment_content": "滅台黨政績加一"}, {"comment_author": "esp0122", "comment_date": ["05/01", "16:52"], "comment_content": "送去國外唯ㄧ解"}, {"comment_author": "ogcman", "comment_date": ["05/01", "16:53"], "comment_content": "反正尊重台灣選舉結果 這也算是天擇"}, {"comment_author": "sparta40", "comment_date": ["05/01", "16:54"], "comment_content": "沒辦法, 選舉不就表明了呆丸人就喜歡這"}, {"comment_author": "sparta40", "comment_date": ["05/01", "16:54"], "comment_content": "一味嗎？"}, {"comment_author": "JASONGOAHEAD", "comment_date": ["05/01", "16:57"], "comment_content": "小學還好 國中一定要挑過"}, {"comment_author": "coolptt", "comment_date": ["05/01", "16:59"], "comment_content": "沒辦法 這年頭搞詐騙黑道比較賺錢啊"}, {"comment_author": "atpx4869s", "comment_date": ["05/01", "17:00"], "comment_content": "許多人崇尚的歐美教育就是這樣啊，哈"}, {"comment_author": "atpx4869s", "comment_date": ["05/01", "17:00"], "comment_content": "哈"}, {"comment_author": "plbroum88", "comment_date": ["05/01", "17:05"], "comment_content": "沒關係啊 都是國家未來的主人翁 就算"}, {"comment_author": "plbroum88", "comment_date": ["05/01", "17:05"], "comment_content": "是做黑道也是能出頭天的"}, {"comment_author": "Ronwill955", "comment_date": ["05/01", "17:07"], "comment_content": "不要生"}, {"comment_author": "BIGETC", "comment_date": ["05/01", "17:08"], "comment_content": "單純公狗母狗很會交配 生一堆小野狗到處咬"}, {"comment_author": "BIGETC", "comment_date": ["05/01", "17:08"], "comment_content": "人"}, {"comment_author": "plbroum88", "comment_date": ["05/01", "17:11"], "comment_content": "老師也難當 學生全家都黑道是要怎麼管"}, {"comment_author": "plbroum88", "comment_date": ["05/01", "17:11"], "comment_content": "教 然後這些狗畜生又帶壞同學 整個學"}, {"comment_author": "plbroum88", "comment_date": ["05/01", "17:11"], "comment_content": "習環境就永無止盡的爛下去"}, {"comment_author": "ROCArmy623", "comment_date": ["05/01", "17:13"], "comment_content": "不要生"}, {"comment_author": "offdensen", "comment_date": ["05/01", "17:15"], "comment_content": "台灣差不多到此為止了"}, {"comment_author": "mis1114", "comment_date": ["05/01", "17:22"], "comment_content": "學防身術啊"}, {"comment_author": "xxx741789", "comment_date": ["05/01", "17:23"], "comment_content": "有沒有可能是現在才開始會通報"}, {"comment_author": "pocarisweet", "comment_date": ["05/01", "17:23"], "comment_content": "學校行政早就被教育部的霸凌規定玩"}, {"comment_author": "pocarisweet", "comment_date": ["05/01", "17:23"], "comment_content": "死了    麻煩霸凌去法院吵好嗎？"}, {"comment_author": "asdfghjklasd", "comment_date": ["05/01", "17:25"], "comment_content": "中山大學不是研究所專收高中嗎"}, {"comment_author": "suckpopo", "comment_date": ["05/01", "17:26"], "comment_content": "Liar總統："}, {"comment_author": "av08", "comment_date": ["05/01", "17:27"], "comment_content": "不要生就好啦"}, {"comment_author": "isolatenicky", "comment_date": ["05/01", "17:27"], "comment_content": "你怎麼不覺得是通報制度越來越成熟"}, {"comment_author": "isolatenicky", "comment_date": ["05/01", "17:27"], "comment_content": "黑數都被挖出來才上升"}, {"comment_author": "coolcat2p", "comment_date": ["05/01", "17:28"], "comment_content": "關我批是，沒孩子"}, {"comment_author": "haklim", "comment_date": ["05/01", "17:34"], "comment_content": "限縮教師管教權 影響 軍隊領導統御"}, {"comment_author": "jialin6666", "comment_date": ["05/01", "17:35"], "comment_content": "又沒有刑期"}, {"comment_author": "daJas", "comment_date": ["05/01", "17:38"], "comment_content": "沒事沒事  40%讓40%也嚐嚐這滋味嘛，不是"}, {"comment_author": "daJas", "comment_date": ["05/01", "17:38"], "comment_content": "很棒嘛，誒誒自己支持的政黨耶"}, {"comment_author": "perry201046", "comment_date": ["05/01", "17:39"], "comment_content": "正常人的小孩長大只會被89殺掉"}, {"comment_author": "ling621", "comment_date": ["05/01", "17:45"], "comment_content": ""}, {"comment_author": "max60209", "comment_date": ["05/01", "17:45"], "comment_content": "社會讓老師難教難管就放推大家一起兩手"}, {"comment_author": "ling621", "comment_date": ["05/01", "17:45"], "comment_content": "就滯台閩南仔的犯罪基因從小扎根阿"}, {"comment_author": "max60209", "comment_date": ["05/01", "17:45"], "comment_content": "一攤啊"}, {"comment_author": "ayuhb", "comment_date": ["05/01", "17:46"], "comment_content": "蠢蛋進化論是真的"}, {"comment_author": "Eliad", "comment_date": ["05/01", "17:46"], "comment_content": "台灣就太講惡人的人權，其實壞小孩就國家機"}, {"comment_author": "Eliad", "comment_date": ["05/01", "17:46"], "comment_content": "器處理掉，這種留著只是禍害，真的沒意義"}, {"comment_author": "adamyang2000", "comment_date": ["05/01", "17:47"], "comment_content": "私形 以暴易暴 報復 方法太多了"}, {"comment_author": "Oumnli", "comment_date": ["05/01", "17:48"], "comment_content": "移民解決大部分問題，沒錢是你的問"}, {"comment_author": "Oumnli", "comment_date": ["05/01", "17:48"], "comment_content": "題"}, {"comment_author": "chuusan", "comment_date": ["05/01", "17:49"], "comment_content": "8+9拼命生就是大量複製族群.."}, {"comment_author": "teddy72", "comment_date": ["05/01", "17:50"], "comment_content": "劣幣驅逐良幣"}, {"comment_author": "bhc", "comment_date": ["05/01", "17:56"], "comment_content": "過幾年就是新移民聚落跟本土89大戰，歷史就"}, {"comment_author": "bhc", "comment_date": ["05/01", "17:56"], "comment_content": "是一再重演，不用擔心"}, {"comment_author": "s74109630", "comment_date": ["05/01", "17:58"], "comment_content": "看看黑道都可以治國惹"}, {"comment_author": "xpage", "comment_date": ["05/01", "17:58"], "comment_content": "黑道治國40%的選擇不意外吧"}, {"comment_author": "enemyli", "comment_date": ["05/01", "18:02"], "comment_content": "黑道治國 加上敗類法匠狗 自求多福吧"}, {"comment_author": "lienjj", "comment_date": ["05/01", "18:11"], "comment_content": "民進黨德政"}, {"comment_author": "kickflip", "comment_date": ["05/01", "18:13"], "comment_content": "黨的票源阿 當然要多點好"}, {"comment_author": "kids990132", "comment_date": ["05/01", "18:22"], "comment_content": "感覺大陸的信用分數制有一定的效力"}, {"comment_author": "tb1201", "comment_date": ["05/01", "18:23"], "comment_content": "現在未成年犯罪氾濫。應該要加重甚至跟成"}, {"comment_author": "tb1201", "comment_date": ["05/01", "18:23"], "comment_content": "年人一樣。"}, {"comment_author": "bairn", "comment_date": ["05/01", "18:23"], "comment_content": "以前更多，只是現在人會通報"}, {"comment_author": "JAY711230", "comment_date": ["05/01", "18:24"], "comment_content": "讓智障塔綠班執政做事就這樣，"}, {"comment_author": "adamyang2000", "comment_date": ["05/01", "18:31"], "comment_content": "畢竟是年輕人 寬容"}, {"comment_author": "adamyang2000", "comment_date": ["05/01", "18:32"], "comment_content": "老伙子也不是一出生就是老伙子"}, {"comment_author": "adamyang2000", "comment_date": ["05/01", "18:32"], "comment_content": "老女人也不是出生就是老女人"}, {"comment_author": "adamyang2000", "comment_date": ["05/01", "18:33"], "comment_content": "你我沒有年少輕狂過？"}, {"comment_author": "adamyang2000", "comment_date": ["05/01", "18:33"], "comment_content": "不要動不動就對年輕人喊打喊殺"}, {"comment_author": "VVinSaber", "comment_date": ["05/01", "18:37"], "comment_content": "有通報絕對比以前好好嗎.."}, {"comment_author": "kickflip", "comment_date": ["05/01", "18:41"], "comment_content": "人家在講比例 高比例才是問題"}, {"comment_author": "cloudpart2", "comment_date": ["05/01", "18:42"], "comment_content": "誰在執政？  有樣學樣"}, {"comment_author": "ogcman", "comment_date": ["05/01", "18:43"], "comment_content": "去問問教育相關人士吧 國小到國中的資深老"}, {"comment_author": "ogcman", "comment_date": ["05/01", "18:43"], "comment_content": "師 你們會得到一樣的答案"}, {"comment_author": "thedogwoof", "comment_date": ["05/01", "18:44"], "comment_content": "感謝政府少子化又邁進一大步"}, {"comment_author": "ogcman", "comment_date": ["05/01", "18:46"], "comment_content": "這數據是真的反映在體感上 通報數變高固然"}, {"comment_author": "ogcman", "comment_date": ["05/01", "18:47"], "comment_content": "有影響 不過實際比例變高是事實"}, {"comment_author": "jasontzymann", "comment_date": ["05/01", "18:47"], "comment_content": "破島滅亡比較實在，反正也沒人在乎"}, {"comment_author": "ogcman", "comment_date": ["05/01", "18:51"], "comment_content": "還有一個重點 台灣法律沒什麼作用 這是最"}, {"comment_author": "ogcman", "comment_date": ["05/01", "18:52"], "comment_content": "可悲的地方"}, {"comment_author": "ufo559", "comment_date": ["05/01", "18:52"], "comment_content": "一起加入不會嗎 黨的人權會來罩你"}, {"comment_author": "allin2609", "comment_date": ["05/01", "18:54"], "comment_content": "當霸凌者 別當被霸凌者"}, {"comment_author": "scarbywind", "comment_date": ["05/01", "19:01"], "comment_content": "沒有學生就沒有霸凌"}, {"comment_author": "swjlsc", "comment_date": ["05/01", "19:09"], "comment_content": "上樑不正"}, {"comment_author": "Edaw", "comment_date": ["05/01", "19:12"], "comment_content": "這Youtuber有料"}, {"comment_author": "adamyang2000", "comment_date": ["05/01", "19:14"], "comment_content": "以覇陰霸 方式多樣 可供選擇 碴碎"}, {"comment_author": "adamyang2000", "comment_date": ["05/01", "19:15"], "comment_content": "寰宇全球 普遍現象"}, {"comment_author": "adamyang2000", "comment_date": ["05/01", "19:17"], "comment_content": "偏鄉農工 不知霸凌嫉苦"}, {"comment_author": "rick1003", "comment_date": ["05/01", "19:34"], "comment_content": "呵呵 教官退出校園的下場啊"}, {"comment_author": "wise0701", "comment_date": ["05/01", "19:35"], "comment_content": "89跟正常人分流啊，不要讀同一所學校就"}, {"comment_author": "wise0701", "comment_date": ["05/01", "19:35"], "comment_content": "好"}, {"comment_author": "jasonpop", "comment_date": ["05/01", "20:00"], "comment_content": "打不過，加入他們"}, {"comment_author": "jasonpop", "comment_date": ["05/01", "20:01"], "comment_content": "讓自己小孩提早上社會學分呀"}, {"comment_author": "NaNaSe88", "comment_date": ["05/01", "20:12"], "comment_content": "你沒發現走在路上路人刺龍刺鳳推娃娃車"}, {"comment_author": "NaNaSe88", "comment_date": ["05/01", "20:12"], "comment_content": "的人變超多嗎？？"}, {"comment_author": "foxvera", "comment_date": ["05/01", "20:49"], "comment_content": "不要生，沒小孩就沒黑子"}, {"comment_author": "leondemon", "comment_date": ["05/01", "20:54"], "comment_content": "問塔綠班呀 靠8+9幫忙詐騙賺錢"}, {"comment_author": "jacklin2002", "comment_date": ["05/01", "21:01"], "comment_content": "40%選的"}, {"comment_author": "elibra01", "comment_date": ["05/01", "21:02"], "comment_content": "分班"}, {"comment_author": "gg86300", "comment_date": ["05/01", "21:27"], "comment_content": "爽啊刺啊，進口印度小孩"}, {"comment_author": "fundme", "comment_date": ["05/01", "21:40"], "comment_content": "愛台灣！挺台灣！抗中保台！"}, {"comment_author": "Irelia56", "comment_date": ["05/01", "21:47"], "comment_content": "解決？這是党的政績好嗎"}, {"comment_author": "Irelia56", "comment_date": ["05/01", "21:47"], "comment_content": ""}, {"comment_author": "swanc", "comment_date": ["05/01", "21:55"], "comment_content": "不用解 大家一起被白痴8+9拖爛"}, {"comment_author": "swanc", "comment_date": ["05/01", "21:55"], "comment_content": "40%的理想社會唉"}, {"comment_author": "adairchang", "comment_date": ["05/01", "22:14"], "comment_content": "真的都剩89在生 不要不信"}, {"comment_author": "WiserWilly", "comment_date": ["05/01", "22:18"], "comment_content": "南部人跑去上學就搞爛校園"}, {"comment_author": "ohrring", "comment_date": ["05/01", "22:20"], "comment_content": "我國總統已經告訴你答案了 不要生出台灣"}, {"comment_author": "ohrring", "comment_date": ["05/01", "22:20"], "comment_content": "人"}, {"comment_author": "QQ55555555", "comment_date": ["05/01", "23:50"], "comment_content": "台灣差不多到此為止"}, {"comment_author": "adamyang2000", "comment_date": ["05/01", "23:52"], "comment_content": "以暴易暴 方法太多了 屁墊孩 廉價"}, {"comment_author": "adamyang2000", "comment_date": ["05/01", "23:53"], "comment_content": "那些屁墊孩 啥都不是 練習用"}, {"comment_author": "crazyanight", "comment_date": ["05/02", "00:19"], "comment_content": "別生就好啦 生了自己承擔 很難嗎"}, {"comment_author": "adamyang2000", "comment_date": ["05/02", "00:20"], "comment_content": "咱家子弟文人也不是吃素的"}, {"comment_author": "xhung", "comment_date": ["05/02", "01:36"], "comment_content": "現在學齡兒童父母的前科率比以前高很多"}, {"comment_author": "jay0215", "comment_date": ["05/02", "02:20"], "comment_content": "40%的理想國度應許之地，不爽給我游出去"}, {"comment_author": "fakeimage", "comment_date": ["05/02", "03:54"], "comment_content": "孟母三遷。"}, {"comment_author": "fakeimage", "comment_date": ["05/02", "03:55"], "comment_content": "朋友住三重不敢給小孩在學區入學 也沒"}, {"comment_author": "fakeimage", "comment_date": ["05/02", "03:56"], "comment_content": "錢換房子 就花錢送私校"}, {"comment_author": "fakeimage", "comment_date": ["05/02", "03:57"], "comment_content": "搬家其實比較有用 可惜他們捨不得房子"}, {"comment_author": "modernpkman", "comment_date": ["05/02", "07:06"], "comment_content": "早就說問題是黑幫入校園。內政部警"}, {"comment_author": "modernpkman", "comment_date": ["05/02", "07:06"], "comment_content": "政署 教育部 還有地方首長。要好好"}, {"comment_author": "modernpkman", "comment_date": ["05/02", "07:06"], "comment_content": "檢討。"}, {"comment_author": "modernpkman", "comment_date": ["05/02", "07:07"], "comment_content": "網路平台也是很嚴重的問題"}, {"comment_author": "phasmophobia", "comment_date": ["05/02", "13:58"], "comment_content": "慘"}, {"comment_author": "qqqqwe15", "comment_date": ["05/02", "22:46"], "comment_content": "什麼是黑子？"}, {"comment_author": "qqqqwe15", "comment_date": ["05/02", "22:47"], "comment_content": "有錢人不是也很會生"}, {"comment_author": "j5307", "comment_date": ["05/02", "23:35"], "comment_content": "2016年後大爆發 真的恨誇張"}]}
