{"author": "arnold3 (憂鬱型男阿雲)", "category": "Gossiping", "title": "[問卦] 台灣沒開放wifi7 那買wifi7的網卡能用嗎?", "date": "Thu May  2 15:18:44 2024", "content": ["我看現在wifi7的速度更快了 但是台灣還沒有開放的樣子 那麼如果我買wifi7的網卡來插能用嗎?還是會被鎖起來不准用 用的話就要被抓去關?然後還要罰錢等等就像中國不能用星鏈一樣?----"], "post_comment": [{"comment_author": "ctx1000", "comment_date": ["05/02", "15:19"], "comment_content": "wife 7"}, {"comment_author": "STi2011", "comment_date": ["05/02", "15:19"], "comment_content": "那你改買wife7阿"}, {"comment_author": "tetani", "comment_date": ["05/02", "15:19"], "comment_content": "非法使用wifi7 會被抓去肛5樓"}, {"comment_author": "nekoares", "comment_date": ["05/02", "15:21"], "comment_content": "樓下有7個Wifi"}, {"comment_author": "hbj1941", "comment_date": ["05/02", "15:21"], "comment_content": "你不知道有向下相容 ？"}, {"comment_author": "rLks02", "comment_date": ["05/02", "15:21"], "comment_content": "今天你去哪裡買 “WiFi7  網卡”"}, {"comment_author": "a28200266", "comment_date": ["05/02", "15:21"], "comment_content": "你買的到大概都是沒6G的 跟6E沒兩樣"}, {"comment_author": "a28200266", "comment_date": ["05/02", "15:23"], "comment_content": "有6G的我記得去年年底就開放了 只是家"}, {"comment_author": "a28200266", "comment_date": ["05/02", "15:23"], "comment_content": "用的不多 都是很貴的型號"}, {"comment_author": "dvd831", "comment_date": ["05/02", "15:24"], "comment_content": "開放了吧"}, {"comment_author": "sam70010", "comment_date": ["05/02", "15:25"], "comment_content": "wifi 跟網卡是一樣的東西嗎？"}, {"comment_author": "HowLeeHi", "comment_date": ["05/02", "15:28"], "comment_content": "開放了吧"}, {"comment_author": "doveplus", "comment_date": ["05/02", "15:30"], "comment_content": "你是不是買東西連盒子規格都看不懂啊?"}, {"comment_author": "applejone", "comment_date": ["05/02", "15:35"], "comment_content": "台灣WIFI7?有阿 ZYXEL一直在推產品"}, {"comment_author": "applejone", "comment_date": ["05/02", "15:36"], "comment_content": "不過目前產品很貴是真的"}, {"comment_author": "signm", "comment_date": ["05/02", "15:57"], "comment_content": "你的手機有支援嗎？"}, {"comment_author": "signm", "comment_date": ["05/02", "16:01"], "comment_content": "數字不是高就好，你不支援也沒用"}, {"comment_author": "arnold3", "comment_date": ["05/02", "16:02"], "comment_content": "我是說英特爾那個"}, {"comment_author": "zenan321", "comment_date": ["05/02", "17:05"], "comment_content": "可以共享WIFE7"}]}
