{"author": "tyltyl95 (誰呀!)", "category": "Gossiping", "title": "[問卦] 五月薪水全繳稅去了", "date": "Wed May  1 23:31:21 2024", "content": ["綜所稅要繳17萬扣掉預繳的還要繳6萬房屋稅繳3萬加起來就9萬了扣掉一些貸款啥的這個月月薪正好歸零請問還有30天該怎麼過下去啊?--"], "post_comment": [{"comment_author": "ikariamman", "comment_date": ["05/01", "23:31"], "comment_content": "有錢怕屁"}, {"comment_author": "theeht", "comment_date": ["05/01", "23:32"], "comment_content": "滾"}, {"comment_author": "nerorush", "comment_date": ["05/01", "23:32"], "comment_content": "不然領22k好了不用繳"}, {"comment_author": "whiteadam", "comment_date": ["05/01", "23:32"], "comment_content": "炫耀文"}, {"comment_author": "xiemark", "comment_date": ["05/01", "23:32"], "comment_content": "養一堆冗員"}, {"comment_author": "marktak", "comment_date": ["05/01", "23:33"], "comment_content": "五月。水瀬祈役"}, {"comment_author": "saiboos", "comment_date": ["05/01", "23:33"], "comment_content": "年薪破百活不下去..."}, {"comment_author": "edoggiagia", "comment_date": ["05/01", "23:33"], "comment_content": "我都是國家退稅給我花 供參"}, {"comment_author": "gekkou", "comment_date": ["05/01", "23:34"], "comment_content": "分期付款啊 這種東西能晚繳就不要太早繳"}, {"comment_author": "tanted", "comment_date": ["05/01", "23:34"], "comment_content": "根本是個假抱怨 真炫耀文"}, {"comment_author": "willism", "comment_date": ["05/01", "23:36"], "comment_content": "一週內薪水就入帳了，無病呻吟三小"}, {"comment_author": "jujubobo", "comment_date": ["05/01", "23:36"], "comment_content": "賣台積股票"}, {"comment_author": "willism", "comment_date": ["05/01", "23:37"], "comment_content": "繳稅又不是這個月扣"}, {"comment_author": "dick929", "comment_date": ["05/01", "23:39"], "comment_content": "政府要為人民低薪負責"}, {"comment_author": "dick929", "comment_date": ["05/01", "23:39"], "comment_content": "替你感到可憐，下輩子不要出生在鬼島"}, {"comment_author": "noreg0393933", "comment_date": ["05/01", "23:39"], "comment_content": "現在是在炫耀自己薪水很高嗎？"}, {"comment_author": "dick929", "comment_date": ["05/01", "23:40"], "comment_content": "領這種鬼薪水連繳稅都成問題QQ"}, {"comment_author": "dot0911", "comment_date": ["05/01", "23:42"], "comment_content": "那你跟我換"}, {"comment_author": "keith780902", "comment_date": ["05/01", "23:43"], "comment_content": "辭職沒有薪資就不會扣稅惹"}, {"comment_author": "oread168", "comment_date": ["05/01", "23:47"], "comment_content": "刷卡"}, {"comment_author": "b9513227", "comment_date": ["05/01", "23:48"], "comment_content": "反串挺沒梗的"}, {"comment_author": "kevin190", "comment_date": ["05/01", "23:48"], "comment_content": "才九萬而已"}, {"comment_author": "yayakaka", "comment_date": ["05/01", "23:53"], "comment_content": "我五月的薪水也不夠繳稅"}, {"comment_author": "abcdefg847", "comment_date": ["05/02", "00:10"], "comment_content": "把房子賣掉繳稅啊，還要我教？"}, {"comment_author": "asdfqwer63", "comment_date": ["05/02", "00:24"], "comment_content": "領22k就不用繳了"}, {"comment_author": "luckyBF", "comment_date": ["05/02", "00:25"], "comment_content": "我要2個月薪水才能繳光...."}, {"comment_author": "bobokeke", "comment_date": ["05/02", "00:58"], "comment_content": "年薪200初的樣子"}, {"comment_author": "xc2v", "comment_date": ["05/02", "02:26"], "comment_content": "好了啦都兩萬點了"}, {"comment_author": "neiltyh", "comment_date": ["05/02", "10:21"], "comment_content": "我薪水跟你差不多，一毛都沒繳"}]}
