{"author": "frank666 (frank66)", "category": "Gossiping", "title": "[問卦] 為什麼離婚要去迦納共和國", "date": "Mon Apr 29 21:44:43 2024", "content": ["女口是頁小弟有個朋友，他前陣子結婚最近因為一些原因不幸的要離婚我本來想說這也沒什麼但仔細聽了他的計畫他跟我說他們打算去迦納共和國後離婚，我當下直接問號離婚為什麼還要跑去迦納？想問各位鄉民有沒有什麼想法----Sent from", "on my iPhone 15--"], "post_comment": [{"comment_author": "OPPAISuki", "comment_date": ["04/29", "21:45"], "comment_content": "你還愛我媽?"}, {"comment_author": "owlonoak", "comment_date": ["04/29", "21:46"], "comment_content": "問過了 自己爬文"}, {"comment_author": "moy5566", "comment_date": ["04/29", "21:46"], "comment_content": "去給黑鬼玩一下畢業旅行"}, {"comment_author": "CODDDD", "comment_date": ["04/29", "21:46"], "comment_content": "加納是黑人抬棺舞發源地"}, {"comment_author": "j32072", "comment_date": ["04/29", "21:49"], "comment_content": "順便旅遊"}]}
