{"author": "mother (老木)", "category": "Gossiping", "title": "[公告]～（＠ｏ＠）～南方黑鮪雙享水桶", "date": "Mon Apr 29 12:53:08 2024", "content": ["========================================================================", "YA!老闆不來!摸魚啦!          ◢", "◣", "好吃的蘇喜再爭鮮", "營養滿點在爭鮮", "爭鮮 迴轉壽司", "=========================================================================┌─────────────────────────────────────┐│ 文章代碼(AID):", "[ptt.cc] [推文] yuho15 色情      ││ 文章網址:", "││ 這一篇文章值 0 Ptt幣                                                     │└─────────────────────────────────────┘●80024 s 1 4/29 chadmu       □ [推文] yuho15 色情┌─────────────────────────────────────┐│ 文章代碼(AID):", "[ptt.cc] [推文] tcyeh418 色情    ││ 文章網址:", "││ 這一篇文章值 0 Ptt幣                                                     │└─────────────────────────────────────┘●80025 s 1 4/29 chadmu       □ [推文] tcyeh418 色情●80014 s 1 4/28 Anonymous.   □ [文章]", "Zuma 鏡周刊涉政┌─────────────────────────────────────┐│ 文章代碼(AID):", "[ptt.cc] [文章]", "Zuma ? ││ 文章網址:", "││ 匿名管理編號: 935690 (同一人號碼會一樣)                                  │└─────────────────────────────────────┘┌─────────────────────────────────────┐│ 文章代碼(AID):", "[ptt.cc] [推文]", "jinso7 ││ 文章網址:", "││ 匿名管理編號: 594313 (同一人號碼會一樣)                                  │└─────────────────────────────────────┘●80004 s 1 4/28 Anonymous.   □ [推文]", "jinso7410 謾罵●80011 s 1 4/28 Anonymous.   □ [文章] 761068 tobetwob 政問┌─────────────────────────────────────┐│ 文章代碼(AID):", "[ptt.cc] [文章] 761068 tobetwob  ││ 文章網址:", "││ 匿名管理編號: 481210 (同一人號碼會一樣)                                  │└─────────────────────────────────────┘┌─────────────────────────────────────┐│ 文章代碼(AID):", "[ptt.cc] [文章] 776557 tobetwob  ││ 文章網址:", "││ 匿名管理編號: 481210 (同一人號碼會一樣)                                  │└─────────────────────────────────────┘●80010 s 1 4/28 Anonymous.   □ [文章] 776557 tobetwob 濫用爆掛 鬧版", "暫停", "發言，期限為 180 天  理由: 推文b6x6", "暫停", "發言，期限為 180 天  理由: 推文b6x6", "暫停", "發言，期限為 90 天  理由: 周刊雜誌涉政", "暫停", "發言，期限為 37 天  理由: b7again", "暫停", "發言，期限為 120 天  理由: 政問3m+濫用爆卦1m--火星章魚~(@o@)~    ~(@o@)~    ~(@o@)~    ~(@o@)~    ~(@o@)~    ~(@o@)~    ~(@o@)~ /|||\\      /|||\\      /|||\\      /|||\\      /|||\\      /|||\\      /|||\\--", "午安<(@o@)/              /|| | \\", "<(@o@)\"                      ／｜｜｜ ＼", "安安<(@o@)/", "/||| \\", "好<(@o@)/", "午安<(@o@)/", "/|||\\", "安安<(@o@)/"], "post_comment": [{"comment_author": "s95087162", "comment_date": ["04/29", "12:53"], "comment_content": "@@"}, {"comment_author": "bill403777", "comment_date": ["04/29", "12:53"], "comment_content": "老木午安 <(@o @ )/"}, {"comment_author": "Roooz", "comment_date": ["04/29", "12:54"], "comment_content": "我個人比較喜歡壽司郎(′･ω･`)"}, {"comment_author": "porkonrice", "comment_date": ["04/29", "12:54"], "comment_content": "錢啦"}, {"comment_author": "Skydier", "comment_date": ["04/29", "12:54"], "comment_content": "老木安安 抽菸bad"}, {"comment_author": "freehand1122", "comment_date": ["04/29", "12:55"], "comment_content": "推"}, {"comment_author": "kl123", "comment_date": ["04/29", "12:57"], "comment_content": "(踨cﴩ"}, {"comment_author": "xyhs", "comment_date": ["04/29", "12:57"], "comment_content": "推"}, {"comment_author": "kl123", "comment_date": ["04/29", "12:58"], "comment_content": "不明原因變亂碼了，但還是希望長腳"}, {"comment_author": "ralfeistein", "comment_date": ["04/29", "12:58"], "comment_content": "老木午安"}, {"comment_author": "dan5120", "comment_date": ["04/29", "13:02"], "comment_content": "~(@o@)~"}, {"comment_author": "darvipon", "comment_date": ["04/29", "13:02"], "comment_content": "老木 安安 錢錢"}, {"comment_author": "hamydad", "comment_date": ["04/29", "13:06"], "comment_content": "老木好"}, {"comment_author": "felixden", "comment_date": ["04/29", "13:07"], "comment_content": "老木安安"}, {"comment_author": "zxc17893", "comment_date": ["04/29", "13:18"], "comment_content": "安安"}, {"comment_author": "PeaceWu", "comment_date": ["04/29", "13:21"], "comment_content": "推"}, {"comment_author": "gilbertchen8", "comment_date": ["04/29", "13:39"], "comment_content": "推"}, {"comment_author": "negotiates", "comment_date": ["04/29", "13:47"], "comment_content": "~(@o@)~ 錢錢"}, {"comment_author": "fernand", "comment_date": ["04/29", "13:51"], "comment_content": "推"}, {"comment_author": "brokenback3", "comment_date": ["04/29", "13:51"], "comment_content": "推"}, {"comment_author": "sodistrues", "comment_date": ["04/29", "13:52"], "comment_content": "推"}, {"comment_author": "ptt888", "comment_date": ["04/29", "13:54"], "comment_content": "老木午安"}, {"comment_author": "chanel1259", "comment_date": ["04/29", "13:56"], "comment_content": "太棒了水桶好溫暖"}, {"comment_author": "key7110", "comment_date": ["04/29", "14:36"], "comment_content": "辛苦了 謝謝"}, {"comment_author": "lin1020", "comment_date": ["04/29", "15:26"], "comment_content": "推"}, {"comment_author": "zealotlai274", "comment_date": ["04/29", "15:52"], "comment_content": "推，2小時"}, {"comment_author": "s66449", "comment_date": ["04/29", "23:13"], "comment_content": "推"}, {"comment_author": "taiwannext", "comment_date": ["04/30", "08:03"], "comment_content": "好"}, {"comment_author": "RognerLiu", "comment_date": ["04/30", "12:21"], "comment_content": "推"}, {"comment_author": "kobegasol", "comment_date": ["04/30", "13:39"], "comment_content": "推"}]}
