{"author": "sky9527 (歡迎來到Sky大舞廳)", "category": "Gossiping", "title": "[問卦] 長輩討厭有刺青的人其實是錯的吧？", "date": "Sun Apr 28 17:22:19 2024", "content": ["欸欸不是很多長輩都討厭自己的兒女或是兒女的另一半有刺青嗎但我覺得是錯的欸看過路上好多阿伯旁邊停那種無袖長腿的辣妹 手上還有刺青阿伯從頭盯到尾餒綠燈了還會一直看的那種長輩討厭有刺青是真的假的？有沒有八卦？-----Sent from JPTT on my iPhone--"], "post_comment": [{"comment_author": "derrick1220", "comment_date": ["04/28", "17:23"], "comment_content": "大腿刺青很色"}, {"comment_author": "s820912gmail", "comment_date": ["04/28", "17:23"], "comment_content": "老人7414"}, {"comment_author": "felixden", "comment_date": ["04/28", "17:23"], "comment_content": "上次叫女友去刺淫紋女友不肯QQ"}, {"comment_author": "xzcb2008", "comment_date": ["04/28", "17:23"], "comment_content": "這一切都是月亮惹的禍 阿肥要新紋月亮"}, {"comment_author": "highyes", "comment_date": ["04/28", "17:23"], "comment_content": "殺朱拔毛"}, {"comment_author": "xzcb2008", "comment_date": ["04/28", "17:23"], "comment_content": "3樓符號不對"}, {"comment_author": "felixden", "comment_date": ["04/28", "17:23"], "comment_content": "阿肥〓〓安安"}, {"comment_author": "gankgf", "comment_date": ["04/28", "17:23"], "comment_content": "沒圖我怎麼判斷"}, {"comment_author": "xzcb2008", "comment_date": ["04/28", "17:23"], "comment_content": "幹他媽的死小胖幹幹幹幹俺"}, {"comment_author": "hkcdc", "comment_date": ["04/28", "17:24"], "comment_content": "可能是被綠過"}, {"comment_author": "felixden", "comment_date": ["04/28", "17:24"], "comment_content": "阿肥你自己說我的新符號可以的"}, {"comment_author": "storilau", "comment_date": ["04/28", "17:24"], "comment_content": "要看刺什麼"}, {"comment_author": "felixden", "comment_date": ["04/28", "17:24"], "comment_content": "〓〓"}, {"comment_author": "king123", "comment_date": ["04/28", "17:24"], "comment_content": "應該是分正常人跟刺青人蛇集團首腦"}, {"comment_author": "sdbb", "comment_date": ["04/28", "17:25"], "comment_content": "是刺青的人漂亮，不是刺青好看"}, {"comment_author": "ariz283", "comment_date": ["04/28", "17:25"], "comment_content": "那叫「老不休」"}, {"comment_author": "k385476916", "comment_date": ["04/28", "17:26"], "comment_content": "三樓你叫732去刺盈文？"}, {"comment_author": "jasonkey123", "comment_date": ["04/28", "17:29"], "comment_content": "這是歧視刺青的人??"}, {"comment_author": "ayuhb", "comment_date": ["04/28", "17:29"], "comment_content": "弄傳統刺青的基本上都是智障"}, {"comment_author": "ayuhb", "comment_date": ["04/28", "17:30"], "comment_content": "文青刺青的比較有正常人"}, {"comment_author": "lakefox", "comment_date": ["04/28", "17:32"], "comment_content": "喜歡看路上的騷貨 跟自己女兒去當騷貨"}, {"comment_author": "lakefox", "comment_date": ["04/28", "17:33"], "comment_content": "差滿多的吧"}, {"comment_author": "victoryuy", "comment_date": ["04/28", "17:37"], "comment_content": "刺得再好看 也會過時"}, {"comment_author": "sj4", "comment_date": ["04/28", "17:38"], "comment_content": "你都說無袖長腿辣妹了不是嗎？"}, {"comment_author": "artwu", "comment_date": ["04/28", "17:38"], "comment_content": "刺青妹再過二十年後你再看路上阿伯會不會盯"}, {"comment_author": "artwu", "comment_date": ["04/28", "17:38"], "comment_content": "著看"}, {"comment_author": "dreamfree", "comment_date": ["04/28", "17:49"], "comment_content": "刺了就跟阿伯level一樣 懂？"}, {"comment_author": "dangercat5", "comment_date": ["04/28", "18:10"], "comment_content": "醉翁之意不在刺青"}, {"comment_author": "samm3320", "comment_date": ["04/28", "18:42"], "comment_content": "他們是看辣妹不是看刺青"}]}
