{"author": "youdontsay (不然勒)", "category": "Gossiping", "title": "[問卦] 如果國軍退守東台灣", "date": "Thu May  2 22:03:32 2024", "content": ["如果兩岸開戰台灣的戰機和飛彈都跟對方一比一換掉對岸開始登陸西部沿海城市國軍退守東台灣這時國軍為了擊退敵人開始用傳統火炮轟炸西部城市像俄烏戰爭一樣陷入僵局這時當初歐印房地產的人 為了怕自己家被炸爛會不會要求政府投降有無八卦?--"], "post_comment": [{"comment_author": "blackhippo", "comment_date": ["05/02", "22:04"], "comment_content": "八卦是你的戰略學大概是體育老師教的"}, {"comment_author": "fantasyth", "comment_date": ["05/02", "22:05"], "comment_content": "你說那種情況戰爭剛開始就會發生了"}, {"comment_author": "mm58307533", "comment_date": ["05/02", "22:05"], "comment_content": "光是海空打不贏就會，根本輪不到退守"}, {"comment_author": "mm58307533", "comment_date": ["05/02", "22:05"], "comment_content": "美國爸爸不出兵也會投降"}, {"comment_author": "fantasyth", "comment_date": ["05/02", "22:05"], "comment_content": "一樓，台灣本來就是準備東部反攻戰略"}, {"comment_author": "mm58307533", "comment_date": ["05/02", "22:05"], "comment_content": "日本不出兵也會投降"}, {"comment_author": "a82380", "comment_date": ["05/02", "22:06"], "comment_content": "戰爭 還能要求投降 想太多"}, {"comment_author": "eolnikon", "comment_date": ["05/02", "22:06"], "comment_content": "問就是中國回統一全宇宙"}, {"comment_author": "MrMadass", "comment_date": ["05/02", "22:07"], "comment_content": "人民撤離了嗎？沒撤離就轟會兵變"}, {"comment_author": "AntiqueTea", "comment_date": ["05/02", "22:10"], "comment_content": "國軍轟西部城市？SWAG、麻豆少看吧"}, {"comment_author": "AntiqueTea", "comment_date": ["05/02", "22:10"], "comment_content": "，興奮了小頭，傷了大頭…..傳統火"}, {"comment_author": "AntiqueTea", "comment_date": ["05/02", "22:10"], "comment_content": "炮炸城市你要打多少發呀？大哥啊！"}, {"comment_author": "AntiqueTea", "comment_date": ["05/02", "22:10"], "comment_content": "現在是鋼筋水泥的時代啊！"}, {"comment_author": "holsety", "comment_date": ["05/02", "22:12"], "comment_content": "1:1換掉哪夠啊~對岸有的是戰機飛彈"}, {"comment_author": "holsety", "comment_date": ["05/02", "22:12"], "comment_content": "你想炮轟之前先問問人家的空優"}, {"comment_author": "eetug", "comment_date": ["05/02", "23:07"], "comment_content": "一登錄就投降了，烏克蘭是武裝到牙齒，我們"}, {"comment_author": "eetug", "comment_date": ["05/02", "23:07"], "comment_content": "是只有武裝牙齒，我就問 沒水沒電 國軍可以"}, {"comment_author": "eetug", "comment_date": ["05/02", "23:07"], "comment_content": "撐多久"}]}
