{"author": "staxsrm (薏仁茶)", "category": "Gossiping", "title": "[問卦] 七龍珠的撒旦先生現實生活中會是哪種人?", "date": "Fri May  3 10:14:27 2024", "content": ["如標題七龍珠裡的撒旦先生被吹捧出來的地球人的偶像完全沒料的格鬥家戰鬥力在一大堆高手裡面根本完全不值得一提但包裝的好又臉皮厚加上自欺欺人一樣可以瞞天過海尤其是示範劈磚那一幕更是讓人無言有沒有撒旦先生大概是現實社會中誰的八卦--"], "post_comment": [{"comment_author": "mikasamikoto", "comment_date": ["05/03", "10:15"], "comment_content": "dpp那群"}, {"comment_author": "OPPAISuki", "comment_date": ["05/03", "10:15"], "comment_content": "抗中保台的政客名嘴"}, {"comment_author": "ZakkWylde", "comment_date": ["05/03", "10:15"], "comment_content": "跟一拳的king一樣"}, {"comment_author": "amazingwow", "comment_date": ["05/03", "10:17"], "comment_content": "世界格鬥冠軍 賺到流油"}, {"comment_author": "willism", "comment_date": ["05/03", "10:19"], "comment_content": "哪裡沒料，冠軍好嗎"}, {"comment_author": "jbdada", "comment_date": ["05/03", "10:19"], "comment_content": "柯文哲那掛吧"}, {"comment_author": "pttisshit", "comment_date": ["05/03", "10:21"], "comment_content": ""}, {"comment_author": "pttisshit", "comment_date": ["05/03", "10:21"], "comment_content": "NDXL_pxio3CB"}, {"comment_author": "sunwill34243", "comment_date": ["05/03", "10:22"], "comment_content": "具志堅用高"}, {"comment_author": "Leoreo", "comment_date": ["05/03", "10:28"], "comment_content": "談判專家"}, {"comment_author": "basara30", "comment_date": ["05/03", "10:31"], "comment_content": "被完全體賽魯揮一掌還沒死就夠嗆了好嗎"}, {"comment_author": "basara30", "comment_date": ["05/03", "10:33"], "comment_content": "已經算是純種地球人前五了吧，低於克林"}, {"comment_author": "basara30", "comment_date": ["05/03", "10:33"], "comment_content": "天津飯飲茶餃子"}, {"comment_author": "bobju", "comment_date": ["05/03", "10:40"], "comment_content": "不只吧？他女兒都比他強"}, {"comment_author": "langer99", "comment_date": ["05/03", "10:42"], "comment_content": "不要隨便影射綠黨高官！"}, {"comment_author": "chisholee", "comment_date": ["05/03", "10:49"], "comment_content": "己願他力的人"}, {"comment_author": "fengwen", "comment_date": ["05/03", "11:05"], "comment_content": "世界格鬥冠軍 你先拿到再來跟我說他沒料"}, {"comment_author": "senscircadvs", "comment_date": ["05/03", "11:59"], "comment_content": "除了跟悟空有關係的人以外，地球人"}, {"comment_author": "senscircadvs", "comment_date": ["05/03", "11:59"], "comment_content": "誰能打贏他?"}, {"comment_author": "casper200695", "comment_date": ["05/03", "12:06"], "comment_content": "跟塔綠班騙40趴一樣"}]}
