{"author": "puncher (牧童)", "category": "Gossiping", "title": "[問卦] 網路溫度計 是在幹嘛的？", "date": "Thu May  2 18:56:07 2024", "content": ["以前常看到有人分享梗圖都是什麼top10網路ooxx十大排名來源是什麼網路溫度計但看了一下 那個排名都很怪也不知道那個名次是怎麼產生的跟一堆星座文一樣廢所以那個 網路溫度計到底是在幹嘛的啊？？？有沒有八卦--"], "post_comment": [{"comment_author": "SRNOB", "comment_date": ["05/02", "18:57"], "comment_content": "塔綠班1450"}, {"comment_author": "dahanjian", "comment_date": ["05/02", "18:57"], "comment_content": "蘭教徒帶風向的"}, {"comment_author": "OPPAISuki", "comment_date": ["05/02", "18:58"], "comment_content": "帶風向"}, {"comment_author": "shadowdio", "comment_date": ["05/02", "19:00"], "comment_content": "量網路長度用的"}, {"comment_author": "fony1029", "comment_date": ["05/02", "19:02"], "comment_content": ""}, {"comment_author": "AoWsL", "comment_date": ["05/02", "19:50"], "comment_content": "綠色畜生量肛溫"}]}
