{"author": "inmee (J)", "category": "Gossiping", "title": "[問卦] 蘇丹紅到現在將近3個月了還沒結束?", "date": "Sun May  5 12:48:01 2024", "content": ["爬文本版第一則蘇丹紅新聞為:[新聞] 毒調味料流入全聯！驗出工業用「蘇丹紅」恐致癌　已賣出1萬6千罐日期是 2024-02-07 15:45到今天為止將近3個月了，還沒完沒了，看到紅的加工品都不敢吃食品安全網進度不知道到哪了?這樣的食品安全你能接受嗎?--"], "post_comment": [{"comment_author": "dklash", "comment_date": ["05/05", "12:51"], "comment_content": "在那叫什麼 投票還不是乖乖歸位"}, {"comment_author": "spzper", "comment_date": ["05/05", "12:51"], "comment_content": "笑死~報告完全沒有畫面"}, {"comment_author": "spzper", "comment_date": ["05/05", "12:51"], "comment_content": "每次一堆政策吹完出事就裝死"}, {"comment_author": "WantFxxk4X", "comment_date": ["05/05", "12:52"], "comment_content": "綠色看久 視覺暫留眼內都紅色 40%就喜"}, {"comment_author": "WantFxxk4X", "comment_date": ["05/05", "12:52"], "comment_content": "歡舔紅啊"}, {"comment_author": "schani", "comment_date": ["05/05", "12:52"], "comment_content": "很棒呀，30%加10多%愛的祖國餵你吃毒，還"}, {"comment_author": "schani", "comment_date": ["05/05", "12:53"], "comment_content": "不趕快謝祖隆恩。"}, {"comment_author": "asgardgogo", "comment_date": ["05/05", "12:54"], "comment_content": "茶碗步伐 洩洩指教"}]}
