{"author": "juang1985 (綿羊咩咩咩)", "category": "Gossiping", "title": "[問卦] 不是強吻是交換口水，不是殺人是幫人投胎", "date": "Mon Apr 29 18:47:05 2024", "content": ["最近好多新名詞又多一個「換票」不是「買票」學法律的，一定要很懂的詞彙不是走私 是 超買不是殺人 是 幫人投胎不是強吻 是 交換體液不是插入 是 放進去檢查「中文」真是勃大莖深--Sent from nPTT on my iPhone 15 Pro Max--"], "post_comment": [{"comment_author": "losage", "comment_date": ["04/29", "18:48"], "comment_content": "我不是窮，我是沒錢。嗚嗚"}, {"comment_author": "lawfer", "comment_date": ["04/29", "18:48"], "comment_content": "你中文不好不要丟人現眼"}, {"comment_author": "Solonius", "comment_date": ["04/29", "18:53"], "comment_content": "不是獨裁 是台式民主"}, {"comment_author": "mcucte", "comment_date": ["04/29", "18:59"], "comment_content": "那法律邏輯是民進黨員適用，跟一般人無關"}, {"comment_author": "Z727808260", "comment_date": ["04/29", "19:08"], "comment_content": "有笑有推"}, {"comment_author": "jei01", "comment_date": ["04/29", "19:24"], "comment_content": "這些話用英文講也一樣的意思"}, {"comment_author": "jei01", "comment_date": ["04/29", "19:24"], "comment_content": "會硬拗的人講古希臘語照樣硬拗"}, {"comment_author": "wbw", "comment_date": ["04/29", "19:54"], "comment_content": "不是國防部長，是酬庸部長。"}, {"comment_author": "dlam002", "comment_date": ["04/29", "20:18"], "comment_content": "不是貪污，是大水庫"}, {"comment_author": "crassus7217", "comment_date": ["04/30", "10:36"], "comment_content": "不是搶劫，是把別人的錢變成我的錢"}, {"comment_author": "tku9527", "comment_date": ["04/30", "14:34"], "comment_content": "不要想測驗40%智商 對牛彈琴"}]}
