{"author": "oftisa (oo)", "category": "Gossiping", "title": "[問卦] 台灣的餐廳為什麼不像日本流行吧檯的八卦", "date": "Sun Apr 28 16:02:09 2024", "content": ["日本的餐廳幾乎都是吧檯式的，客人圍著廚房吃飯但是吧檯設計得當，所以也不會感覺熱氣擾人反觀中華民國的餐廳都像攤販一樣把廚房放在騎樓可人穿過一堆爐具鑽進裡面用餐廚房直接開在戶外不就是攤販嗎？衛生程度也跟攤販一樣用餐時的觀感、舒適程度也跟攤販一樣，為什麼沒有人想改變？至少門面就好看多了吧，做生意不就是要門面嗎？有沒有中華民國連衛生督導、經營管理連抄都不會抄的八卦？--", "店內不是只能有吧檯，這只是圍著廚房的部分，店面夠大當然能有桌子", "店內不是只能有吧檯，這只是圍著廚房的部分，店面夠大當然能有桌子這也沒甚麼好噓的吧", "這就算是好理由了，不過至少要把廚房搬到室內、不要佔據外面的空間假如是合菜的話，就採取廚房在內沒有吧檯的模式", "其實吧檯才是節省空間的模式只是佔據店外空間變成主流，讓人忘記計算這個佔據的空間了"], "post_comment": [{"comment_author": "TsukimiyaAyu", "comment_date": ["04/28", "16:02"], "comment_content": "因為台灣人不敢一個人吃飯"}, {"comment_author": "s820912gmail", "comment_date": ["04/28", "16:02"], "comment_content": "難民文化"}, {"comment_author": "bill403777", "comment_date": ["04/28", "16:02"], "comment_content": "佔地為王"}, {"comment_author": "TsukimiyaAyu", "comment_date": ["04/28", "16:02"], "comment_content": "連拉麵店都要用桌子 幹拎娘"}, {"comment_author": "coffee112", "comment_date": ["04/28", "16:03"], "comment_content": "三人朋友還能聊天 四人會變有點麻煩"}, {"comment_author": "orangehb", "comment_date": ["04/28", "16:03"], "comment_content": "日本老闆賺都沒有台灣老闆零頭"}, {"comment_author": "qwe88016", "comment_date": ["04/28", "16:03"], "comment_content": "大埔？"}, {"comment_author": "Julian9x9x9", "comment_date": ["04/28", "16:04"], "comment_content": "是覺得沒什麼差 用餐區舒服比較重要"}, {"comment_author": "shinewind", "comment_date": ["04/28", "16:06"], "comment_content": "同上面說的，吧台超過四人沒辦法聊天"}, {"comment_author": "shinewind", "comment_date": ["04/28", "16:06"], "comment_content": "四人以上會變成分開聊...."}, {"comment_author": "wafiea708", "comment_date": ["04/28", "16:06"], "comment_content": "這種吧台 在有店面關東煮常看到 其他小"}, {"comment_author": "wafiea708", "comment_date": ["04/28", "16:07"], "comment_content": "店沒有"}, {"comment_author": "shinewind", "comment_date": ["04/28", "16:07"], "comment_content": "然後要看你吃的東西吧，台灣有些是會點"}, {"comment_author": "shinewind", "comment_date": ["04/28", "16:07"], "comment_content": "桌菜，而不是拉麵那種套餐類"}, {"comment_author": "shinewind", "comment_date": ["04/28", "16:08"], "comment_content": "套餐比較好放吧檯，桌菜呢"}, {"comment_author": "akiakira", "comment_date": ["04/28", "16:08"], "comment_content": "這樣能多坐好幾組客人啊 看日本那個吧檯"}, {"comment_author": "akiakira", "comment_date": ["04/28", "16:08"], "comment_content": "的空間大概可以擺個四桌以上"}, {"comment_author": "VL1003", "comment_date": ["04/28", "16:17"], "comment_content": "吧檯就要把烹飪區拉回室內，但台灣占地為"}, {"comment_author": "VL1003", "comment_date": ["04/28", "16:17"], "comment_content": "王，把整個烹飪區都移出去，超爽的。"}, {"comment_author": "VL1003", "comment_date": ["04/28", "16:18"], "comment_content": "然後有內場的餐廳，基本上也不可能走吧檯"}, {"comment_author": "JamesForrest", "comment_date": ["04/28", "16:18"], "comment_content": "薰到整身的油煙味"}, {"comment_author": "VL1003", "comment_date": ["04/28", "16:18"], "comment_content": "式，反正台灣就是一堆成本外部化的陋習。"}, {"comment_author": "willism", "comment_date": ["04/28", "16:29"], "comment_content": "政府一直以來都不管騎樓的"}]}
