{"author": "be00148 (有新信件還沒看)", "category": "Gossiping", "title": "[問卦] 兒子在學校逼人口交可以要求下跪道歉嗎", "date": "Tue Apr 30 20:31:33 2024", "content": ["如題啦今天母親叫小孩在光天化日之下逼下跪大家也是事後才知道原因然後就說小孩是能犯什麼大錯呢?那如果今天小孩做了天理不容的事例如強逼同學幫他口交或是替人出頭拿美工刀殺人坐下的時候把椅子抽走聚眾霸凌把同學脫光關廁所如此等等的各位父母會如何教化?才不會被說沒有在管教?卦--"], "post_comment": [{"comment_author": "Winston13840", "comment_date": ["04/30", "20:31"], "comment_content": "我叫你吹！"}, {"comment_author": "ncc5566", "comment_date": ["04/30", "20:31"], "comment_content": "田"}, {"comment_author": "james732", "comment_date": ["04/30", "20:31"], "comment_content": "二樓會幫他兒子口交"}, {"comment_author": "spartaucs896", "comment_date": ["04/30", "20:32"], "comment_content": "男的女的"}, {"comment_author": "james732", "comment_date": ["04/30", "20:32"], "comment_content": "二樓對不起改五樓"}, {"comment_author": "yuta02", "comment_date": ["04/30", "20:33"], "comment_content": "這個兒子是不是小草☺"}, {"comment_author": "christopherl", "comment_date": ["04/30", "20:33"], "comment_content": "樓上好噁，嘴巴性侵別人未成年兒子"}, {"comment_author": "zangetsu9006", "comment_date": ["04/30", "20:33"], "comment_content": "直接報警……"}, {"comment_author": "LockHate", "comment_date": ["04/30", "20:34"], "comment_content": "自己殺了省的放出來害人"}, {"comment_author": "kenryu", "comment_date": ["04/30", "20:38"], "comment_content": "忘記吃藥"}, {"comment_author": "YiZheS", "comment_date": ["04/30", "20:56"], "comment_content": "這個我熟，南投爸爸經驗豐富，相信有無數"}, {"comment_author": "YiZheS", "comment_date": ["04/30", "20:56"], "comment_content": "的經驗套路可以分享！ 不夠會寄信給你去泡"}, {"comment_author": "YiZheS", "comment_date": ["04/30", "20:57"], "comment_content": "茶聊聊！"}, {"comment_author": "Tenging", "comment_date": ["04/30", "20:59"], "comment_content": "田"}, {"comment_author": "serpei", "comment_date": ["04/30", "21:19"], "comment_content": "田聖人改什麼名字啊 怎麼沒人要去南投打"}, {"comment_author": "egogeorge", "comment_date": ["04/30", "21:21"], "comment_content": "田聖結"}, {"comment_author": "tddt", "comment_date": ["04/30", "22:43"], "comment_content": "畜牲田"}, {"comment_author": "starbucks16", "comment_date": ["05/01", "01:36"], "comment_content": "田"}, {"comment_author": "Arbay1011", "comment_date": ["05/01", "01:43"], "comment_content": "tsj"}]}
