{"author": "joy830 (joy)", "category": "Gossiping", "title": "[問卦] 鼻毛是幹嘛用的", "date": "Mon Apr 29 09:55:51 2024", "content": ["我韓粉地球上除了人類，沒有其他動物有鼻毛猩猩猴子也都沒有鼻毛鼻毛確切的功用的幹嘛的-----Sent from JPTT on my Vivo V2246.--"], "post_comment": [{"comment_author": "gay7788", "comment_date": ["04/29", "09:56"], "comment_content": "拿來拔ㄉ"}, {"comment_author": "easyfish", "comment_date": ["04/29", "09:56"], "comment_content": "用來拔的"}, {"comment_author": "s999132", "comment_date": ["04/29", "09:56"], "comment_content": "露出來讓人嫌棄的"}, {"comment_author": "maiev", "comment_date": ["04/29", "09:56"], "comment_content": "擋髒東西的"}, {"comment_author": "smallroad", "comment_date": ["04/29", "09:56"], "comment_content": "不然你以為鼻屎哪來的"}, {"comment_author": "koromo1991", "comment_date": ["04/29", "09:56"], "comment_content": "打架"}, {"comment_author": "scores", "comment_date": ["04/29", "09:56"], "comment_content": "是一種果樹 鼻屎就是它的果實"}, {"comment_author": "Doracacazin", "comment_date": ["04/29", "09:56"], "comment_content": "讓你聯誼失敗用的"}, {"comment_author": "kino056", "comment_date": ["04/29", "09:56"], "comment_content": "過濾空氣"}, {"comment_author": "chadmu", "comment_date": ["04/29", "09:56"], "comment_content": "給你的鼻子擋霧霾的"}, {"comment_author": "bam5566", "comment_date": ["04/29", "09:56"], "comment_content": "空濾啊=="}, {"comment_author": "mot96", "comment_date": ["04/29", "09:57"], "comment_content": "上禮拜發現白鼻毛 ..老嘍"}, {"comment_author": "EXIONG", "comment_date": ["04/29", "09:57"], "comment_content": "鼻毛比你想的有用"}, {"comment_author": "cloudyheart", "comment_date": ["04/29", "09:57"], "comment_content": "當你找到一個鼻毛可以跟你打結的，"}, {"comment_author": "cloudyheart", "comment_date": ["04/29", "09:58"], "comment_content": "那就是真愛了"}, {"comment_author": "KSHLO", "comment_date": ["04/29", "10:01"], "comment_content": "讓你挖鼻屎有成就感的"}, {"comment_author": "leolarrel", "comment_date": ["04/29", "10:02"], "comment_content": "認真說,鼻毛讓黏液可以附著,才可以3D濾"}, {"comment_author": "leolarrel", "comment_date": ["04/29", "10:02"], "comment_content": "空氣.不然黏液只能附著於鼻腔壁上,過濾"}, {"comment_author": "leolarrel", "comment_date": ["04/29", "10:03"], "comment_content": "效果較差"}, {"comment_author": "q123212", "comment_date": ["04/29", "10:04"], "comment_content": "鼻毛真拳"}, {"comment_author": "sam810626", "comment_date": ["04/29", "10:04"], "comment_content": "幫別人口交時防止對方陰毛進入鼻腔用"}, {"comment_author": "sam810626", "comment_date": ["04/29", "10:04"], "comment_content": "的"}, {"comment_author": "pdz", "comment_date": ["04/29", "10:05"], "comment_content": "為什麼只有人類需要過濾空氣"}, {"comment_author": "s999132", "comment_date": ["04/29", "10:06"], "comment_content": "人類就廢啊"}, {"comment_author": "bibbywei", "comment_date": ["04/29", "10:10"], "comment_content": "閒來沒事給你拔的"}, {"comment_author": "UD305", "comment_date": ["04/29", "10:36"], "comment_content": "平常看不到，重要約會就會跑出來"}, {"comment_author": "WoaVoa", "comment_date": ["04/29", "11:04"], "comment_content": "讓你可以拉啊拉阿拉不無聊"}]}
