{"author": "jackymars5 ((                ))", "category": "Gossiping", "title": "[問卦] 為何女生不會選竹南張無忌", "date": "Sat May  4 07:35:51 2024", "content": ["我啦  阿文人稱竹南張無忌在歐吐版徵女朋友怎麼都沒有人寄信？大家都害羞嗎？我真的很善良不會偷吃  我這長相能偷吃？為何女生不選我謝謝八卦版--"], "post_comment": [{"comment_author": "s820912gmail", "comment_date": ["05/04", "07:37"], "comment_content": "我以為是張三豐"}, {"comment_author": "bigcho", "comment_date": ["05/04", "07:38"], "comment_content": "他欠你多少"}, {"comment_author": "qqoooo", "comment_date": ["05/04", "07:38"], "comment_content": "快 我命令你 現出真身"}, {"comment_author": "Ray1018", "comment_date": ["05/04", "07:42"], "comment_content": "他欠你多少？"}, {"comment_author": "BLACKLIONS", "comment_date": ["05/04", "07:42"], "comment_content": "好了啦阿文"}, {"comment_author": "secretapple", "comment_date": ["05/04", "07:42"], "comment_content": "她們只想捅你"}, {"comment_author": "konanno1", "comment_date": ["05/04", "07:42"], "comment_content": "阿文你講不聽逆？ 不要嘟嘴喇幹"}, {"comment_author": "coolrgin", "comment_date": ["05/04", "07:55"], "comment_content": "擊敗你一直換標題結果內容都嘛差不多"}, {"comment_author": "L1ON", "comment_date": ["05/04", "08:08"], "comment_content": "男女版有一個41歲阿姨在徵婚 快去跟她在一起"}, {"comment_author": "derrick1220", "comment_date": ["05/04", "08:34"], "comment_content": "嘴角口水先擦1下"}, {"comment_author": "LYSLYS", "comment_date": ["05/04", "10:08"], "comment_content": "九陽神功要童子身練才強 繼續努力啊"}, {"comment_author": "twfi75", "comment_date": ["05/04", "11:05"], "comment_content": "乾坤大挪移還沒練到最頂所以女生不愛"}, {"comment_author": "hungyas", "comment_date": ["05/04", "14:48"], "comment_content": "都吃成這樣還偷吃？"}]}
