{"author": "CrossroadMEI (江島十路)", "category": "Gossiping", "title": "[問卦] 為啥叫九州四國不是九國四州？", "date": "Tue Apr 30 16:43:38 2024", "content": ["九州島跟四國島的由來都是源自島上的舊令制國數量那為什麼會一個叫九州一個叫四國而不是倒過來叫九國跟四州？----Sent from", "on my Google Pixel 7--"], "post_comment": [{"comment_author": "ballby", "comment_date": ["04/30", "16:47"], "comment_content": "四國就真的四國啊"}, {"comment_author": "Leftwing", "comment_date": ["04/30", "16:47"], "comment_content": "為什麽不叫 九孔 和 四脚仔"}, {"comment_author": "jeter17", "comment_date": ["04/30", "16:51"], "comment_content": "為啥你不叫江路十島要叫江島十路"}, {"comment_author": "vwpassat", "comment_date": ["04/30", "16:57"], "comment_content": "四國 是因為島上設置四個令制國。"}, {"comment_author": "BusterPosey", "comment_date": ["04/30", "16:57"], "comment_content": "他們爽 不過我猜和讀音好不好念有關"}, {"comment_author": "vwpassat", "comment_date": ["04/30", "16:57"], "comment_content": "九州 是因為以前敉平島上的酒吞童子，稱"}, {"comment_author": "vwpassat", "comment_date": ["04/30", "16:58"], "comment_content": "酒州，也作 九州。"}, {"comment_author": "cidcheng", "comment_date": ["04/30", "17:00"], "comment_content": "不要瞎掰好嗎 XD 九州就是九個令制國"}, {"comment_author": "adios881", "comment_date": ["04/30", "17:09"], "comment_content": "你不如直接問九州是哪九國還比較有難度"}, {"comment_author": "adios881", "comment_date": ["04/30", "17:09"], "comment_content": "肥前 肥後 我先說"}, {"comment_author": "BusterPosey", "comment_date": ["04/30", "17:11"], "comment_content": "簡單 筑前筑後豊前豊後大隅薩摩日向"}, {"comment_author": "aassddgg", "comment_date": ["04/30", "18:50"], "comment_content": "葵"}]}
