{"author": "TomFord5566 (湯福56)", "category": "Gossiping", "title": "[問卦] 為何領差不多薪水但有些人可在台北買房？", "date": "Mon Apr 29 13:00:05 2024", "content": ["小弟發現啊在公司裡面差不多職務的人有些竟然可以在台北買新房子然後還能出國爽玩但有些卻要很拮据才能買三重老舊公寓為何差不多薪資的人生活會差那麼多？是不是其實有靠業外投資--", "這種人應該不會出來上班"], "post_comment": [{"comment_author": "bill403777", "comment_date": ["04/29", "13:00"], "comment_content": "你爸姓啥"}, {"comment_author": "onion10021", "comment_date": ["04/29", "13:00"], "comment_content": "父母親很努力"}, {"comment_author": "a27588679", "comment_date": ["04/29", "13:00"], "comment_content": "問你爸啊"}, {"comment_author": "orangehb", "comment_date": ["04/29", "13:00"], "comment_content": "人家長輩群很努力嘻嘻"}, {"comment_author": "tccn66", "comment_date": ["04/29", "13:00"], "comment_content": "人家當時買了長榮 你買了嗎"}, {"comment_author": "ams9", "comment_date": ["04/29", "13:01"], "comment_content": "長輩有競爭力啊"}, {"comment_author": "tom77588", "comment_date": ["04/29", "13:01"], "comment_content": "我同事他們家都更，身家直接翻倍"}, {"comment_author": "duelaylomo", "comment_date": ["04/29", "13:02"], "comment_content": "人家努力2、3代了當然贏你"}, {"comment_author": "Loyeatta", "comment_date": ["04/29", "13:02"], "comment_content": "有人一出生就可以買帝寶 為什麼呢？"}, {"comment_author": "palindromes", "comment_date": ["04/29", "13:03"], "comment_content": "都更啊 以前透天直接換幾套蛋黃區房"}, {"comment_author": "nbgfdew", "comment_date": ["04/29", "13:03"], "comment_content": "現在早就不是薪水決定身家的年代好嗎= ="}, {"comment_author": "palindromes", "comment_date": ["04/29", "13:04"], "comment_content": "還有以前爸媽置產"}, {"comment_author": "hikaru77613", "comment_date": ["04/29", "13:04"], "comment_content": "有錢的老爸帶你上天堂"}, {"comment_author": "palindromes", "comment_date": ["04/29", "13:04"], "comment_content": "台北上班族超多這種的"}, {"comment_author": "hikaru77613", "comment_date": ["04/29", "13:05"], "comment_content": "三歲自耕農，戶頭三千萬"}, {"comment_author": "BlueBird5566", "comment_date": ["04/29", "13:06"], "comment_content": "因為你以為薪水差不多，其實人家下"}, {"comment_author": "BlueBird5566", "comment_date": ["04/29", "13:06"], "comment_content": "班有幫主管含"}, {"comment_author": "gg553", "comment_date": ["04/29", "13:07"], "comment_content": "運氣"}, {"comment_author": "palajuice", "comment_date": ["04/29", "13:12"], "comment_content": "看長輩"}, {"comment_author": "alex00089", "comment_date": ["04/29", "13:17"], "comment_content": "人家有累積啊"}, {"comment_author": "btpeter", "comment_date": ["04/29", "13:29"], "comment_content": "投資理財啊…科科…"}]}
