{"author": "felixr0123 (felixr0123)", "category": "Gossiping", "title": "[問卦] 科技業內建防詐屬性嗎？", "date": "Thu May  2 19:21:12 2024", "content": ["現在詐騙很猖獗動不動都來得詐騙電話喔就讓人想到科技業有的要輪班oncall都會不允許帶手機進去發他們專用的小雞雞可以說是八方勿擾只怕忽然響起的魔笛召喚根本就是超完美的防詐防火牆吧-----Sent from JPTT on my OPPO CPH2067.--"], "post_comment": [{"comment_author": "mmu00750", "comment_date": ["05/02", "19:38"], "comment_content": "封測業休息可以用手機"}, {"comment_author": "samnpc", "comment_date": ["05/02", "19:39"], "comment_content": "下班還不是一樣被騙"}, {"comment_author": "tpkgo", "comment_date": ["05/02", "19:48"], "comment_content": "又不是每間都台GG"}, {"comment_author": "adamyang2000", "comment_date": ["05/02", "20:03"], "comment_content": "台灣2千800億的雞排店 比入境檢查"}, {"comment_author": "adamyang2000", "comment_date": ["05/02", "20:03"], "comment_content": "北韓還要嚴格"}]}
