{"author": "Gestalk ( )", "category": "Gossiping", "title": "[問卦] 你有看過空靈系貓貓嗎？", "date": "Sun Apr 28 02:49:53 2024", "content": ["如題你有看過空靈系的貓貓嗎？我家剛好有一隻", "可愛吧他的名字叫做仙仙前一陣子地震都把他嚇死了現在一地震他就會馬上躲到沙發底下避難真是一隻聰明的貓貓-----Sent from MeowPtt on my XQ-BC72--"], "post_comment": [{"comment_author": "wheado", "comment_date": ["04/28", "02:52"], "comment_content": "印堂發黑耶"}, {"comment_author": "ffdqfe", "comment_date": ["04/28", "02:52"], "comment_content": "還好"}, {"comment_author": "y30048", "comment_date": ["04/28", "02:54"], "comment_content": "可愛愛愛"}, {"comment_author": "TokyoHard", "comment_date": ["04/28", "02:57"], "comment_content": "我還以為是之前那個喵電感應"}, {"comment_author": "mikechang829", "comment_date": ["04/28", "02:58"], "comment_content": "三杯系貓貓"}, {"comment_author": "a8528875", "comment_date": ["04/28", "03:09"], "comment_content": "我還以為每隻貓有防震避難的本能"}, {"comment_author": "idxxxx", "comment_date": ["04/28", "03:29"], "comment_content": "你這隻還沒去挖煤"}, {"comment_author": "ph777", "comment_date": ["04/28", "03:44"], "comment_content": "好好笑"}, {"comment_author": "koreawargod", "comment_date": ["04/28", "04:07"], "comment_content": " 貓界田馥甄"}, {"comment_author": "redmoon168", "comment_date": ["04/28", "04:34"], "comment_content": "原來你也是鄉民"}, {"comment_author": "xzcb2008", "comment_date": ["04/28", "07:41"], "comment_content": "好漂亮"}, {"comment_author": "z888888861", "comment_date": ["04/28", "08:43"], "comment_content": "ㄇㄗㄅ"}, {"comment_author": "hsuanYue", "comment_date": ["04/28", "12:39"], "comment_content": "變肥了"}]}
