{"author": "forgetme (老頭)", "category": "Gossiping", "title": "[問卦] 大陸電動車卷成這樣 真的遙遙領先嗎？", "date": "Sun May  5 10:41:36 2024", "content": ["首先，大陸電動車基本上就等於全球電動車，因為銷量和產量都絕對世界第一，遙遙領先無庸置疑但是這一兩年那些西方車廠突然又說什麼燃料電池比較好？或者是要延後禁售油車的政策我覺得大陸是不是被西方國家拐了啊，政府拼命貼補電動車結果現在賺錢只有比亞迪和理想大部分竟然本業是不賺錢的，不過他們自己國內自己貼補然後自己販售應該是活得下去？什麼蔚來小鵬小米基本上都是虧錢的-----Sent from", "on my iPhone--"], "post_comment": [{"comment_author": "Leo4891", "comment_date": ["05/05", "10:42"], "comment_content": "價錢真的是搖搖領先。賠本也要賣"}, {"comment_author": "palindromes", "comment_date": ["05/05", "10:43"], "comment_content": "未來就幾家而已"}, {"comment_author": "tin0101", "comment_date": ["05/05", "10:44"], "comment_content": "跟建商一樣不斷出產品，才不會被現金流"}, {"comment_author": "tin0101", "comment_date": ["05/05", "10:44"], "comment_content": "卡死"}, {"comment_author": "xxx60133", "comment_date": ["05/05", "10:44"], "comment_content": "小米不就複製 特斯啦"}, {"comment_author": "cpblgu", "comment_date": ["05/05", "10:44"], "comment_content": "補貼早沒了 你去查一下"}, {"comment_author": "realmd", "comment_date": ["05/05", "10:47"], "comment_content": "汽車產業鏈的上下游加起來很狂的 車廠或許"}, {"comment_author": "realmd", "comment_date": ["05/05", "10:47"], "comment_content": "不賺錢 但其他人賺錢 對阿共的計劃經濟就"}, {"comment_author": "realmd", "comment_date": ["05/05", "10:48"], "comment_content": "是加分 更何況車廠最後幾家也會賺錢"}, {"comment_author": "SALEENS7LM", "comment_date": ["05/05", "10:49"], "comment_content": "電動車真的毫無未來發展性可言，支國"}, {"comment_author": "SALEENS7LM", "comment_date": ["05/05", "10:49"], "comment_content": "這樣大撒幣胡搞瞎搞，不到幾年後電動"}, {"comment_author": "SALEENS7LM", "comment_date": ["05/05", "10:49"], "comment_content": "車這種跟欸癌一樣被瞎炒作起來註定沒"}, {"comment_author": "SALEENS7LM", "comment_date": ["05/05", "10:49"], "comment_content": "未來的泡沫破掉時，直接血流成河無人"}, {"comment_author": "SALEENS7LM", "comment_date": ["05/05", "10:49"], "comment_content": "生還，內燃機才是未來，結果澱粉就是"}, {"comment_author": "SALEENS7LM", "comment_date": ["05/05", "10:49"], "comment_content": "對垃圾執迷不悟，著實可悲"}, {"comment_author": "newstyle", "comment_date": ["05/05", "10:51"], "comment_content": "特斯拉主要的項目好像是充電站跟能源，"}, {"comment_author": "newstyle", "comment_date": ["05/05", "10:51"], "comment_content": "賣電動車是比較次要的項目~"}, {"comment_author": "s91026", "comment_date": ["05/05", "10:53"], "comment_content": "大不了賣給斯里蘭卡買不起油,未來應該氫氣"}, {"comment_author": "aoc7175", "comment_date": ["05/05", "10:54"], "comment_content": "賠本賣"}, {"comment_author": "realmd", "comment_date": ["05/05", "10:57"], "comment_content": "運輸和氫站的危險性 氫氣更不看好"}, {"comment_author": "realmd", "comment_date": ["05/05", "10:58"], "comment_content": "氫站設你家附近 看看有多少人要出來抗議"}, {"comment_author": "yrhhimamr", "comment_date": ["05/05", "11:00"], "comment_content": "政府補助買車，買的補助賣的補貼"}, {"comment_author": "talrasha", "comment_date": ["05/05", "11:06"], "comment_content": "不卷只有台灣垃圾捷吧"}, {"comment_author": "teaplus", "comment_date": ["05/05", "11:30"], "comment_content": "中國就中國"}, {"comment_author": "jackgn", "comment_date": ["05/05", "11:43"], "comment_content": "沒中國亂搞，你現在還在看32吋"}, {"comment_author": "hakkiene", "comment_date": ["05/05", "11:44"], "comment_content": "至少人家做的出來 台灣那家拿補助多少錢"}, {"comment_author": "hakkiene", "comment_date": ["05/05", "11:44"], "comment_content": "多久了"}, {"comment_author": "tim910282", "comment_date": ["05/05", "12:24"], "comment_content": "最後價格戰打死對手之後獨佔的利益雙"}, {"comment_author": "tim910282", "comment_date": ["05/05", "12:24"], "comment_content": "雙吃"}, {"comment_author": "tearcolor", "comment_date": ["05/05", "13:27"], "comment_content": "當你說卷這個字 中國就贏了"}, {"comment_author": "tommyhlu", "comment_date": ["05/05", "13:58"], "comment_content": "想起共享腳踏車"}]}
