{"author": "k44754 (神仙索就此失傳了)", "category": "Gossiping", "title": "[問卦] 挖靠！ 台南的交通真這麼無下限喔？？", "date": "Tue Apr 30 15:14:05 2024", "content": ["魯題~阿肥剛在看車禍影片啦發現一部「警察」停讓行人被撞的......", "而前面都車禍了還是有人繼續很勇的往前，煞車燈也沒亮", "挖操，這啥鬼！？前面是警察看到班馬線有行人要過還敢不減速停讓後面的三寶也是誇張，繼續騎造成追撞", "欸欸在這地方騎車要有駕照嗎......交通法規484參考用的 = = ???--", "G腿駕照？？站在那就要讓了齁", "駕照燒掉別出門......行人站在那就要停讓了下次被警察開單你就這樣扯", "你不要這樣打臉推文可能就有些台南仔~", "不許你這樣打臉推文的台南仔！！"], "post_comment": [{"comment_author": "GimO", "comment_date": ["04/30", "15:15"], "comment_content": "南蠻之地 不要標準太高 這裡可是小京都"}, {"comment_author": "k385476916", "comment_date": ["04/30", "15:15"], "comment_content": "台南日常"}, {"comment_author": "cklovework", "comment_date": ["04/30", "15:15"], "comment_content": "鬼地方 沒去過"}, {"comment_author": "coollfd", "comment_date": ["04/30", "15:16"], "comment_content": "山豬不聽使喚 有民進黨黨證沒事兒"}, {"comment_author": "allen0981", "comment_date": ["04/30", "15:16"], "comment_content": "管太多民調會降 安靜。"}, {"comment_author": "YLTYY", "comment_date": ["04/30", "15:16"], "comment_content": "神經比較長 反應比較慢"}, {"comment_author": "Submicromete", "comment_date": ["04/30", "15:16"], "comment_content": "台南邊騎車邊滑手機才真的屌"}, {"comment_author": "tmgl", "comment_date": ["04/30", "15:16"], "comment_content": "山豬沒辦法完全受控"}, {"comment_author": "saisai34", "comment_date": ["04/30", "15:16"], "comment_content": "其實是警察亂煞車的錯吧 , 台南人會有"}, {"comment_author": "LoveMakeLove", "comment_date": ["04/30", "15:16"], "comment_content": "台南正常 北部人不要大驚小怪"}, {"comment_author": "LouisLEE", "comment_date": ["04/30", "15:17"], "comment_content": "山豬不好控制正常啦"}, {"comment_author": "saisai34", "comment_date": ["04/30", "15:17"], "comment_content": "默契繞過行人 , 本來不會有危險"}, {"comment_author": "em4", "comment_date": ["04/30", "15:18"], "comment_content": "新警察喔...急煞個屁"}, {"comment_author": "blademaster", "comment_date": ["04/30", "15:18"], "comment_content": "幹你娘臺南人真他媽屌，不禮讓行人"}, {"comment_author": "blademaster", "comment_date": ["04/30", "15:18"], "comment_content": "就算了，連警察也照撞"}, {"comment_author": "saisai34", "comment_date": ["04/30", "15:18"], "comment_content": "那個行人又還沒過馬路  她站路邊而已"}, {"comment_author": "tzonren", "comment_date": ["04/30", "15:18"], "comment_content": "來到南部你停讓行人是會被追撞的"}, {"comment_author": "hyperdunk", "comment_date": ["04/30", "15:19"], "comment_content": "警察跟行人是三小 直接A過去就對了"}, {"comment_author": "kkjjrtlym", "comment_date": ["04/30", "15:19"], "comment_content": "少見多怪 山豬本來就沒那摸好控制好ㄇ"}, {"comment_author": "saisai34", "comment_date": ["04/30", "15:19"], "comment_content": "正常情況她開始走的時候  機車會自然從"}, {"comment_author": "LoveMakeLove", "comment_date": ["04/30", "15:19"], "comment_content": "重點是雙手一攤沒錢賠"}, {"comment_author": "tzonren", "comment_date": ["04/30", "15:19"], "comment_content": "交通法規只稍微適用於北部"}, {"comment_author": "cosmite", "comment_date": ["04/30", "15:19"], "comment_content": "看這種交通狀況台南還是少去"}, {"comment_author": "saisai34", "comment_date": ["04/30", "15:19"], "comment_content": "她兩側1 公尺的範圍自動繞開 , 她只需要"}, {"comment_author": "gn01693664", "comment_date": ["04/30", "15:19"], "comment_content": "小京都你敢嘴？"}, {"comment_author": "LIUACH", "comment_date": ["04/30", "15:20"], "comment_content": "正常人根本不會想去南部  一堆低端野蠻人"}, {"comment_author": "cosmite", "comment_date": ["04/30", "15:20"], "comment_content": "像在競速 能鑽就鑽…"}, {"comment_author": "kinve1014", "comment_date": ["04/30", "15:20"], "comment_content": "鄉下水準低 很正常"}, {"comment_author": "saisai34", "comment_date": ["04/30", "15:20"], "comment_content": "依照規律的速度過馬路就好 , 車輛自然"}, {"comment_author": "fp737", "comment_date": ["04/30", "15:20"], "comment_content": "後面撞上去的無言"}, {"comment_author": "saisai34", "comment_date": ["04/30", "15:20"], "comment_content": "會有默契保證她安全 , 莫名其妙急煞"}, {"comment_author": "fp737", "comment_date": ["04/30", "15:20"], "comment_content": "但是前面的追撞   以後還是會常看到"}, {"comment_author": "klub", "comment_date": ["04/30", "15:20"], "comment_content": "這種地方應該禁止開車通通搭捷運"}, {"comment_author": "Expend", "comment_date": ["04/30", "15:20"], "comment_content": ""}, {"comment_author": "saisai34", "comment_date": ["04/30", "15:20"], "comment_content": "才反而製造危險 , 一點行車概念都沒有"}, {"comment_author": "egain", "comment_date": ["04/30", "15:21"], "comment_content": "警察在網狀線上急煞?????"}, {"comment_author": "LoveMakeLove", "comment_date": ["04/30", "15:21"], "comment_content": ""}, {"comment_author": "stvc", "comment_date": ["04/30", "15:21"], "comment_content": "塔綠班聖地你敢嘴"}, {"comment_author": "sxxs", "comment_date": ["04/30", "15:21"], "comment_content": "南部意外嗎  = ="}, {"comment_author": "LoveMakeLove", "comment_date": ["04/30", "15:22"], "comment_content": "台南加油！台南鄉民加油！"}, {"comment_author": "dkswktj", "comment_date": ["04/30", "15:22"], "comment_content": "你把台中放哪裡"}, {"comment_author": "mm5566t", "comment_date": ["04/30", "15:22"], "comment_content": "不是被撞 是沒控制好"}, {"comment_author": "tzonren", "comment_date": ["04/30", "15:22"], "comment_content": "網狀區停讓行人是可以的，那位網友該更新"}, {"comment_author": "saisai34", "comment_date": ["04/30", "15:22"], "comment_content": "屁啦 , 你是台南人嗎  ,大家都這樣騎"}, {"comment_author": "tzonren", "comment_date": ["04/30", "15:22"], "comment_content": "一下了"}, {"comment_author": "e04bank", "comment_date": ["04/30", "15:23"], "comment_content": "鄉下就要有鄉下的樣子"}, {"comment_author": "RiverMan1", "comment_date": ["04/30", "15:23"], "comment_content": "台南本來就這樣，前陣子還在騎野豬呢"}, {"comment_author": "saisai34", "comment_date": ["04/30", "15:23"], "comment_content": "哪有警察來開單 ,外地人不懂別嘴"}, {"comment_author": "ziso", "comment_date": ["04/30", "15:23"], "comment_content": "勸你別多管閒事"}, {"comment_author": "aqlec", "comment_date": ["04/30", "15:23"], "comment_content": "日常阿"}, {"comment_author": "zhang750115", "comment_date": ["04/30", "15:23"], "comment_content": "台南人我瘋起來連自己都撞"}, {"comment_author": "hakuoro", "comment_date": ["04/30", "15:24"], "comment_content": "南部路權是根據車子大小決定的 懂？"}, {"comment_author": "dda", "comment_date": ["04/30", "15:25"], "comment_content": "台南人喜歡就好了"}, {"comment_author": "shikemurajy", "comment_date": ["04/30", "15:25"], "comment_content": "台南日常"}, {"comment_author": "Dirgo", "comment_date": ["04/30", "15:25"], "comment_content": "行人是用衝的嗎??警察怎麼急煞了."}, {"comment_author": "saisai34", "comment_date": ["04/30", "15:25"], "comment_content": "那條路就大家車子都在衝要搶前面的綠燈"}, {"comment_author": "zealone", "comment_date": ["04/30", "15:25"], "comment_content": "看就是貼屁股 沒有保持距離"}, {"comment_author": "k47100014", "comment_date": ["04/30", "15:26"], "comment_content": "警察煞車停下來也是壓到黃網 亂停一通"}, {"comment_author": "saisai34", "comment_date": ["04/30", "15:26"], "comment_content": "正常行人也不會在那時候過馬路 , 她在等"}, {"comment_author": "tf010714", "comment_date": ["04/30", "15:26"], "comment_content": "別懷疑真就這樣 台南一堆野蠻人路上跑"}, {"comment_author": "urzakim", "comment_date": ["04/30", "15:26"], "comment_content": "就算台南都這樣也不是對的 硬要扯"}, {"comment_author": "zealone", "comment_date": ["04/30", "15:26"], "comment_content": "全台日常你是不是都搭捷運"}, {"comment_author": "cloud0829", "comment_date": ["04/30", "15:26"], "comment_content": "這就是台灣價值 民主進步的體現"}, {"comment_author": "rhox", "comment_date": ["04/30", "15:26"], "comment_content": "民主聖地"}, {"comment_author": "tf010714", "comment_date": ["04/30", "15:26"], "comment_content": "我也台南人 但很羨慕台北高雄有捷運"}, {"comment_author": "saisai34", "comment_date": ["04/30", "15:26"], "comment_content": "紅燈才要過 , 警察自己莫名急煞才會"}, {"comment_author": "cosmite", "comment_date": ["04/30", "15:26"], "comment_content": "這樣騎車明顯教養不足"}, {"comment_author": "dusty20695", "comment_date": ["04/30", "15:26"], "comment_content": "台灣人跟野蠻人是同義詞不要訝異"}, {"comment_author": "k47100014", "comment_date": ["04/30", "15:26"], "comment_content": "警察自己也是不減速還要過不過"}, {"comment_author": "saisai34", "comment_date": ["04/30", "15:27"], "comment_content": "追撞 , 要嘛一開始警察就靠邊慢慢騎"}, {"comment_author": "Expend", "comment_date": ["04/30", "15:27"], "comment_content": "應該是北部人分發下來的警察"}, {"comment_author": "smallpig02", "comment_date": ["04/30", "15:27"], "comment_content": "警察:他有惹到你嗎?   XDDDD"}, {"comment_author": "saisai34", "comment_date": ["04/30", "15:27"], "comment_content": "哪有騎中間速度快突然急煞的"}, {"comment_author": "twmarstw7758", "comment_date": ["04/30", "15:27"], "comment_content": "今天山豬脾氣不好"}, {"comment_author": "Expend", "comment_date": ["04/30", "15:27"], "comment_content": "南蠻是真的沒在禮讓斑馬線行人ㄉ"}, {"comment_author": "zorogto", "comment_date": ["04/30", "15:27"], "comment_content": "正常發揮啊 南部很多猴子"}, {"comment_author": "x58420", "comment_date": ["04/30", "15:27"], "comment_content": "日常 在那叫什麼"}, {"comment_author": "Dirgo", "comment_date": ["04/30", "15:27"], "comment_content": "影片最後行人還自己退三步,看來沒很衝啊,警"}, {"comment_author": "jack529", "comment_date": ["04/30", "15:27"], "comment_content": "40%巢穴你說呢"}, {"comment_author": "Yunanadayo", "comment_date": ["04/30", "15:27"], "comment_content": "騎那麼快突然急煞是欠幹喔"}, {"comment_author": "Dirgo", "comment_date": ["04/30", "15:28"], "comment_content": "察是不是都沒在注意路邊才變急煞cc"}, {"comment_author": "saisai34", "comment_date": ["04/30", "15:28"], "comment_content": "行人根本就還沒要過 站路邊等就被嚇到"}, {"comment_author": "flaneurbk", "comment_date": ["04/30", "15:28"], "comment_content": "路口看起來很大耶，沒紅綠燈?"}, {"comment_author": "k47100014", "comment_date": ["04/30", "15:29"], "comment_content": "騎到黃網才想到要讓路人，根本低能"}, {"comment_author": "smallpig02", "comment_date": ["04/30", "15:29"], "comment_content": "警察哪有急煞?急煞的話汽車早撞上去了"}, {"comment_author": "flaneurbk", "comment_date": ["04/30", "15:29"], "comment_content": "有些大路口都不設置紅綠燈讓行人可以"}, {"comment_author": "flaneurbk", "comment_date": ["04/30", "15:29"], "comment_content": "按，有夠白痴"}, {"comment_author": "smallpig02", "comment_date": ["04/30", "15:29"], "comment_content": "汽車那麼重都煞得住,就你機車煞不住"}, {"comment_author": "Jin63916", "comment_date": ["04/30", "15:29"], "comment_content": "推文完美講解台南交通"}, {"comment_author": "k47100014", "comment_date": ["04/30", "15:29"], "comment_content": "閃黃燈就擺在那 前面不煞到黃網才急煞"}, {"comment_author": "King5566", "comment_date": ["04/30", "15:30"], "comment_content": "警察自己也沒減速阿"}, {"comment_author": "kevin9709241", "comment_date": ["04/30", "15:30"], "comment_content": "畢竟是南部人 只會無視法令"}, {"comment_author": "d8751102", "comment_date": ["04/30", "15:31"], "comment_content": "還好吧 台北更誇張"}, {"comment_author": "saisai34", "comment_date": ["04/30", "15:31"], "comment_content": "誰知道有人會在路口過一半突然急煞啊"}, {"comment_author": "smallpig02", "comment_date": ["04/30", "15:31"], "comment_content": "汽車那麼重都煞得住,就你機車煞不住"}, {"comment_author": "zweihander99", "comment_date": ["04/30", "15:31"], "comment_content": "正港台南人騎車煞車很丟臉的"}, {"comment_author": "k47100014", "comment_date": ["04/30", "15:31"], "comment_content": "汽車在左邊跟右邊有什麼關係"}, {"comment_author": "saisai34", "comment_date": ["04/30", "15:32"], "comment_content": "大家都知道行人根本沒要過馬路 當然催"}, {"comment_author": "saisai34", "comment_date": ["04/30", "15:32"], "comment_content": "油門 , 警察騎到斑馬線才突然想到禮讓"}, {"comment_author": "k47100014", "comment_date": ["04/30", "15:32"], "comment_content": "@d8751102 你這南部人本尊被水桶還開"}, {"comment_author": "k47100014", "comment_date": ["04/30", "15:32"], "comment_content": "分身上來留言就藐視版規嘛夠誇張"}, {"comment_author": "Dirgo", "comment_date": ["04/30", "15:32"], "comment_content": "明明就五台都猴子,一個急煞成功的在那邊笑."}, {"comment_author": "fp737", "comment_date": ["04/30", "15:32"], "comment_content": "這群人是不是在趕著過公園路那個紅綠燈"}, {"comment_author": "s81048112", "comment_date": ["04/30", "15:32"], "comment_content": "閃黃燈路口 還加速阿XDDDD"}, {"comment_author": "saisai34", "comment_date": ["04/30", "15:33"], "comment_content": "行人 急煞 這不撞車才奇怪"}, {"comment_author": "k47100014", "comment_date": ["04/30", "15:33"], "comment_content": "不用同IP繞過檢測在那沾沾自喜"}, {"comment_author": "harrychen413", "comment_date": ["04/30", "15:33"], "comment_content": "自由民主的聖地你敢嘴？"}, {"comment_author": "vancepeng", "comment_date": ["04/30", "15:33"], "comment_content": "台南不意外 南部人"}, {"comment_author": "cccone", "comment_date": ["04/30", "15:33"], "comment_content": "後車一定會有人問：幹嘛停下來"}, {"comment_author": "saisai34", "comment_date": ["04/30", "15:33"], "comment_content": "這裡本來大家都會搶公園路紅綠燈啊"}, {"comment_author": "leonian", "comment_date": ["04/30", "15:33"], "comment_content": "台南不意外啦"}, {"comment_author": "hlb5828", "comment_date": ["04/30", "15:33"], "comment_content": "垃圾地方不意外啦"}, {"comment_author": "KillerMoDo", "comment_date": ["04/30", "15:33"], "comment_content": "40%大本營欸 不給檢舉搞不好是為了他"}, {"comment_author": "leonian", "comment_date": ["04/30", "15:33"], "comment_content": "你拿交通微罪不舉那個去問台南議員立委"}, {"comment_author": "cosmite", "comment_date": ["04/30", "15:34"], "comment_content": "對啊 黃燈路口還加速 真的無法無天"}, {"comment_author": "KillerMoDo", "comment_date": ["04/30", "15:34"], "comment_content": "們自己爛透的交通開大門"}, {"comment_author": "leonian", "comment_date": ["04/30", "15:34"], "comment_content": "聽看看他們辦公室會怎麼回答你 廢到笑"}, {"comment_author": "cosmite", "comment_date": ["04/30", "15:34"], "comment_content": "*閃黃燈"}, {"comment_author": "gay7788", "comment_date": ["04/30", "15:34"], "comment_content": "還騎在馬路上，算不錯了啦"}, {"comment_author": "smallpig02", "comment_date": ["04/30", "15:34"], "comment_content": "想要殺行人帝,結果殺到自己人哈哈哈"}, {"comment_author": "bart102617", "comment_date": ["04/30", "15:34"], "comment_content": "死忠大本營 勸你不要去 很像第三世界"}, {"comment_author": "koyosky", "comment_date": ["04/30", "15:35"], "comment_content": "你看一下誰執政就知道"}, {"comment_author": "a8521abcd", "comment_date": ["04/30", "15:35"], "comment_content": "不管有沒有行人，看到穿越道就要減速"}, {"comment_author": "leonian", "comment_date": ["04/30", "15:35"], "comment_content": "住台南都不知道 來台北後發現台南根本化"}, {"comment_author": "a8521abcd", "comment_date": ["04/30", "15:35"], "comment_content": "，穿越道+行人就要停讓，這還有啥好凹"}, {"comment_author": "a8521abcd", "comment_date": ["04/30", "15:35"], "comment_content": "的"}, {"comment_author": "leonian", "comment_date": ["04/30", "15:35"], "comment_content": "外之地"}, {"comment_author": "bearq258", "comment_date": ["04/30", "15:35"], "comment_content": "這就是道路設計爛導致惡性循環"}, {"comment_author": "yulis", "comment_date": ["04/30", "15:35"], "comment_content": "南部老人過馬路就4霸氣直接走 車會自己讓開"}, {"comment_author": "s81048112", "comment_date": ["04/30", "15:35"], "comment_content": "不用在那南北部啦  都有這種駕駛"}, {"comment_author": "leonian", "comment_date": ["04/30", "15:35"], "comment_content": "每次回去都被交通氣得要死"}, {"comment_author": "smallpig02", "comment_date": ["04/30", "15:36"], "comment_content": "警察:他有惹到你嗎?   笑死XD"}, {"comment_author": "bearq258", "comment_date": ["04/30", "15:36"], "comment_content": "台南50公尺就一個紅綠燈"}, {"comment_author": "k47100014", "comment_date": ["04/30", "15:36"], "comment_content": "要馬在閃燈路口前煞車或停下，都過了"}, {"comment_author": "k47100014", "comment_date": ["04/30", "15:36"], "comment_content": "才停是想要幹嘛？煞了也停在斑馬線上"}, {"comment_author": "cosmite", "comment_date": ["04/30", "15:36"], "comment_content": "有南部人現身說法了 這交通不是普通的爛"}, {"comment_author": "saisai34", "comment_date": ["04/30", "15:37"], "comment_content": "台南交通不爛 ,你懂默契就知道該怎麼走"}, {"comment_author": "Amanz", "comment_date": ["04/30", "15:37"], "comment_content": "智障綠覺得很進步"}, {"comment_author": "KillerMoDo", "comment_date": ["04/30", "15:37"], "comment_content": "不用在那南北(X 事實就是南部交通爛(O"}, {"comment_author": "PTTcrazy", "comment_date": ["04/30", "15:37"], "comment_content": "台南蠻荒之地不意外"}, {"comment_author": "saisai34", "comment_date": ["04/30", "15:38"], "comment_content": "這就是一個菜逼巴警察造成的事故..."}, {"comment_author": "joe51408", "comment_date": ["04/30", "15:38"], "comment_content": "對啊"}, {"comment_author": "sprite5566", "comment_date": ["04/30", "15:39"], "comment_content": "沒摔過個幾次別說你住南部"}, {"comment_author": "stu25936", "comment_date": ["04/30", "15:39"], "comment_content": "真的很屌"}, {"comment_author": "eric900311", "comment_date": ["04/30", "15:40"], "comment_content": "不意外"}, {"comment_author": "mxr", "comment_date": ["04/30", "15:40"], "comment_content": "看板上某隻台南深綠噁男便知水準XD"}, {"comment_author": "starfishfish", "comment_date": ["04/30", "15:41"], "comment_content": "南部人素質就是如此...低端連路人"}, {"comment_author": "starfishfish", "comment_date": ["04/30", "15:41"], "comment_content": "都不讓的"}, {"comment_author": "sammy98", "comment_date": ["04/30", "15:43"], "comment_content": "勸你不要多管閒事"}, {"comment_author": "asusm307", "comment_date": ["04/30", "15:44"], "comment_content": "未來首都 靠北三小"}, {"comment_author": "johnny1229", "comment_date": ["04/30", "15:45"], "comment_content": "說認真的，不要小看南部人...."}, {"comment_author": "AJhe0924", "comment_date": ["04/30", "15:45"], "comment_content": "台南就屏東差不多水準的地方，吹什麼文"}, {"comment_author": "AJhe0924", "comment_date": ["04/30", "15:45"], "comment_content": "化古都結果人格是最低劣的那種"}, {"comment_author": "cogitation", "comment_date": ["04/30", "15:45"], "comment_content": "人情味"}, {"comment_author": "RoaringWolf", "comment_date": ["04/30", "15:46"], "comment_content": "南部人情味，懂嗎"}, {"comment_author": "aal", "comment_date": ["04/30", "15:46"], "comment_content": "在南部黃燈變紅燈的瞬間不闖紅燈會被叭"}, {"comment_author": "bicedb", "comment_date": ["04/30", "15:46"], "comment_content": "南部真的不誇張。每個跟敢死一樣"}, {"comment_author": "jackie0804", "comment_date": ["04/30", "15:47"], "comment_content": "南部交通真的爛"}, {"comment_author": "equinoxz", "comment_date": ["04/30", "15:47"], "comment_content": "暖"}, {"comment_author": "Arkzeon", "comment_date": ["04/30", "15:47"], "comment_content": "直轄市你敢嘴"}, {"comment_author": "saisai34", "comment_date": ["04/30", "15:48"], "comment_content": "基本上黃燈轉紅燈的時間除非你一開始就"}, {"comment_author": "saisai34", "comment_date": ["04/30", "15:48"], "comment_content": "騎很慢 , 不然就得衝過去 ,停下來很危險"}, {"comment_author": "BMHSEA", "comment_date": ["04/30", "15:48"], "comment_content": "幹你娘這種地方設置減速丘很難嗎"}, {"comment_author": "k47100014", "comment_date": ["04/30", "15:49"], "comment_content": "看那警車摔的地方，他煞停你猜會在哪"}, {"comment_author": "sendow", "comment_date": ["04/30", "15:49"], "comment_content": "連賄選威脅都能無罪的地方欸"}, {"comment_author": "aggressorX", "comment_date": ["04/30", "15:49"], "comment_content": "這就是為什麼我離不開台北的原因"}, {"comment_author": "bbluejay", "comment_date": ["04/30", "15:49"], "comment_content": "不懂民主聖地的好少來亂啦"}, {"comment_author": "k47100014", "comment_date": ["04/30", "15:50"], "comment_content": "很難，因為猴子會當作起飛丘"}, {"comment_author": "michael0323", "comment_date": ["04/30", "15:50"], "comment_content": "竟然不太意外……"}, {"comment_author": "ahg", "comment_date": ["04/30", "15:50"], "comment_content": "人本…笑死"}, {"comment_author": "xcatcat", "comment_date": ["04/30", "15:50"], "comment_content": "在南部 做什麼都合法"}, {"comment_author": "bicedb", "comment_date": ["04/30", "15:50"], "comment_content": "少去南部可以多活幾年"}, {"comment_author": "VischDonahue", "comment_date": ["04/30", "15:50"], "comment_content": "每年死亡人數都一二名的地方"}, {"comment_author": "VischDonahue", "comment_date": ["04/30", "15:51"], "comment_content": "看人口平均數更幾乎穩坐第一"}, {"comment_author": "VischDonahue", "comment_date": ["04/30", "15:51"], "comment_content": "地方社團每天一堆奇葩文"}, {"comment_author": "VischDonahue", "comment_date": ["04/30", "15:51"], "comment_content": "人民素質如此 要奢望什麼"}, {"comment_author": "TFBF", "comment_date": ["04/30", "15:51"], "comment_content": "這算是警察平常執法怠惰的後果自己承受"}, {"comment_author": "athome1", "comment_date": ["04/30", "15:51"], "comment_content": "綠電黑金故鄉你敢嘴"}, {"comment_author": "deltarobot", "comment_date": ["04/30", "15:51"], "comment_content": "垃圾地方"}, {"comment_author": "fju0911", "comment_date": ["04/30", "15:51"], "comment_content": "人家小京都耶！"}, {"comment_author": "kai2573", "comment_date": ["04/30", "15:52"], "comment_content": "化外之地"}, {"comment_author": "wbsinger", "comment_date": ["04/30", "15:52"], "comment_content": "台南日常"}, {"comment_author": "darlene917", "comment_date": ["04/30", "15:52"], "comment_content": "原本以為某些人是反串,結果竟然是真的"}, {"comment_author": "weltschmerz", "comment_date": ["04/30", "15:52"], "comment_content": "應該是設計不良喔 啾咪"}, {"comment_author": "feijai", "comment_date": ["04/30", "15:53"], "comment_content": "紅綠燈都能當路燈了 你覺得呢"}, {"comment_author": "JerryLian", "comment_date": ["04/30", "15:53"], "comment_content": "路邊那個學生會開始立志要當北漂仔"}, {"comment_author": "darlene917", "comment_date": ["04/30", "15:53"], "comment_content": "台南真它媽的是一個奇葩之地"}, {"comment_author": "albert2406", "comment_date": ["04/30", "15:54"], "comment_content": "南部不意外"}, {"comment_author": "jack55777100", "comment_date": ["04/30", "15:55"], "comment_content": "這警察應該剛調過來吧"}, {"comment_author": "deltarobot", "comment_date": ["04/30", "15:55"], "comment_content": "選出西瓜的地方 不要意外"}, {"comment_author": "qaz12453", "comment_date": ["04/30", "15:56"], "comment_content": "外地來的新鴿子吧"}, {"comment_author": "fp737", "comment_date": ["04/30", "15:56"], "comment_content": "在市區每天都看到一堆闖紅燈的了"}, {"comment_author": "qaz12453", "comment_date": ["04/30", "15:56"], "comment_content": "小女孩都保不住 警察就安全嗎= ="}, {"comment_author": "fp737", "comment_date": ["04/30", "15:56"], "comment_content": "不管啥車還是行人都是  這裡這樣不意外吧"}, {"comment_author": "Gazza555", "comment_date": ["04/30", "15:57"], "comment_content": "最頂的台灣京都"}, {"comment_author": "VischDonahue", "comment_date": ["04/30", "15:57"], "comment_content": "不用怪警方執法怠惰 警察真的無辜"}, {"comment_author": "VischDonahue", "comment_date": ["04/30", "15:57"], "comment_content": "稍微開幾張單就是怨聲載道 民代關切"}, {"comment_author": "VischDonahue", "comment_date": ["04/30", "15:57"], "comment_content": "平日一堆三寶上路 假日一堆車神上身"}, {"comment_author": "ter2788", "comment_date": ["04/30", "15:57"], "comment_content": "騎山豬還考駕照 你太為難人家了"}, {"comment_author": "VischDonahue", "comment_date": ["04/30", "15:57"], "comment_content": "保險多買一點 車買硬一點比較實在"}, {"comment_author": "playboy007gy", "comment_date": ["04/30", "15:57"], "comment_content": "一定北部來的鴿子 活該被撞"}, {"comment_author": "darlene917", "comment_date": ["04/30", "15:59"], "comment_content": "看來只有撞死幾個日本或歐美人才有解!"}, {"comment_author": "horace0323", "comment_date": ["04/30", "16:00"], "comment_content": "台南高雄除非你走上線不然根本沒在讓"}, {"comment_author": "JT0216", "comment_date": ["04/30", "16:00"], "comment_content": "很暖"}, {"comment_author": "vicious666", "comment_date": ["04/30", "16:01"], "comment_content": "去台南高雄本來就要有死在路上的覺悟"}, {"comment_author": "AgentSkye56", "comment_date": ["04/30", "16:02"], "comment_content": "真的是台南的日常"}, {"comment_author": "belion", "comment_date": ["04/30", "16:02"], "comment_content": "日常阿"}, {"comment_author": "leonmarsman", "comment_date": ["04/30", "16:03"], "comment_content": "沒默契不要去台南好嗎"}, {"comment_author": "kiaia", "comment_date": ["04/30", "16:03"], "comment_content": "一堆人騎身分證的"}, {"comment_author": "ssisters", "comment_date": ["04/30", "16:04"], "comment_content": "議長賄選都能說成換票的地方，你還期待"}, {"comment_author": "ssisters", "comment_date": ["04/30", "16:04"], "comment_content": "什麼"}, {"comment_author": "DeaGoo", "comment_date": ["04/30", "16:06"], "comment_content": "有去過台南就不會覺得意外"}, {"comment_author": "Willdododo", "comment_date": ["04/30", "16:07"], "comment_content": "畢竟是台南…"}, {"comment_author": "aggressorX", "comment_date": ["04/30", "16:08"], "comment_content": "早就死過好幾個老外了 換來一個月大"}, {"comment_author": "aggressorX", "comment_date": ["04/30", "16:08"], "comment_content": "執法 然後就沒有然後了"}, {"comment_author": "tf010714", "comment_date": ["04/30", "16:09"], "comment_content": "我自己台南人 在外地唸書工作 回台南真"}, {"comment_author": "s155260", "comment_date": ["04/30", "16:09"], "comment_content": "台南連車道都能直接停車"}, {"comment_author": "tf010714", "comment_date": ["04/30", "16:09"], "comment_content": "的會不想在那邊開車騎車 風險超高"}, {"comment_author": "braai", "comment_date": ["04/30", "16:09"], "comment_content": "台南還意外嗎"}, {"comment_author": "joinptt", "comment_date": ["04/30", "16:09"], "comment_content": "我覺得這比臺南的日常好多了"}, {"comment_author": "tf010714", "comment_date": ["04/30", "16:09"], "comment_content": "待高雄我至少還有捷運能搭"}, {"comment_author": "tf010714", "comment_date": ["04/30", "16:10"], "comment_content": "台北更爽 大眾運輸比台南好十幾倍"}, {"comment_author": "smallplug", "comment_date": ["04/30", "16:10"], "comment_content": "台南就是這樣啊"}, {"comment_author": "veryGY", "comment_date": ["04/30", "16:10"], "comment_content": "運氣不錯 後面不是砂石車 不然就GG"}, {"comment_author": "vi000246", "comment_date": ["04/30", "16:11"], "comment_content": "笑死 三寶一堆"}, {"comment_author": "airmax369", "comment_date": ["04/30", "16:12"], "comment_content": "台南經驗告訴你：別讓就沒事了嘻嘻"}, {"comment_author": "q22w", "comment_date": ["04/30", "16:12"], "comment_content": "南部人就真的這樣"}, {"comment_author": "cat5672", "comment_date": ["04/30", "16:12"], "comment_content": ""}, {"comment_author": "q22w", "comment_date": ["04/30", "16:12"], "comment_content": "素質超級低"}, {"comment_author": "Arkadas", "comment_date": ["04/30", "16:15"], "comment_content": "畢竟是南蠻之地"}, {"comment_author": "stry", "comment_date": ["04/30", "16:16"], "comment_content": "畢竟是南部人 出事先檢討停下來的人"}, {"comment_author": "neilisme", "comment_date": ["04/30", "16:16"], "comment_content": "南部人真的就都這種水準 不要懷疑"}, {"comment_author": "s58565254", "comment_date": ["04/30", "16:16"], "comment_content": "南部意外嗎？"}, {"comment_author": "e8151848", "comment_date": ["04/30", "16:17"], "comment_content": "路上低能兒本來就很多"}, {"comment_author": "oyaji5566", "comment_date": ["04/30", "16:17"], "comment_content": "化外之地"}, {"comment_author": "Cucoco588", "comment_date": ["04/30", "16:18"], "comment_content": "南部真的是這樣，車子不讓人的，每次"}, {"comment_author": "Cucoco588", "comment_date": ["04/30", "16:18"], "comment_content": "過馬路都心驚膽跳"}, {"comment_author": "vasia", "comment_date": ["04/30", "16:18"], "comment_content": "因為那邊是塔綠班聖地"}, {"comment_author": "GHOST822", "comment_date": ["04/30", "16:19"], "comment_content": "不用說台南拉，全台灣都一樣，台北基隆"}, {"comment_author": "GHOST822", "comment_date": ["04/30", "16:20"], "comment_content": "路也一樣，你敢突然急煞，絕對撞成一團"}, {"comment_author": "REALJOINGO", "comment_date": ["04/30", "16:20"], "comment_content": "化外之地  西瓜會上  民主價值"}, {"comment_author": "brainpowered", "comment_date": ["04/30", "16:21"], "comment_content": "台南不意外"}, {"comment_author": "GHOST822", "comment_date": ["04/30", "16:21"], "comment_content": "中永和每天都一堆車沒在讓，一個比一個"}, {"comment_author": "leondemon", "comment_date": ["04/30", "16:21"], "comment_content": "鄉下日常"}, {"comment_author": "GHOST822", "comment_date": ["04/30", "16:21"], "comment_content": "還趕著投胎，交通部濫發駕照的結果"}, {"comment_author": "vulpuff", "comment_date": ["04/30", "16:24"], "comment_content": "沒有喔，中永和只是比台北市爛很多，台南"}, {"comment_author": "vulpuff", "comment_date": ["04/30", "16:24"], "comment_content": "那是另一個量級的。"}, {"comment_author": "ccococo", "comment_date": ["04/30", "16:25"], "comment_content": "40%：先進"}, {"comment_author": "cm751298", "comment_date": ["04/30", "16:27"], "comment_content": "南部"}, {"comment_author": "SunT", "comment_date": ["04/30", "16:28"], "comment_content": "日常啦，我一直到考駕照時才知道紅燈不能右"}, {"comment_author": "harden37153", "comment_date": ["04/30", "16:28"], "comment_content": "正常 我機車喇叭都按到沒聲音了"}, {"comment_author": "SunT", "comment_date": ["04/30", "16:28"], "comment_content": "轉（但台南可以"}, {"comment_author": "usereminem", "comment_date": ["04/30", "16:29"], "comment_content": "爽吃爐渣米的地方 還期待他們的人民素"}, {"comment_author": "usereminem", "comment_date": ["04/30", "16:29"], "comment_content": "質嗎"}, {"comment_author": "jnes5605", "comment_date": ["04/30", "16:29"], "comment_content": "40%：一定是小草來我們民主聖地搗亂"}, {"comment_author": "st86188go", "comment_date": ["04/30", "16:29"], "comment_content": "早就說這個沒配套的法規就是二輪地獄"}, {"comment_author": "new71050", "comment_date": ["04/30", "16:29"], "comment_content": "二輪猴都馬沒在看"}, {"comment_author": "KillerMoDo", "comment_date": ["04/30", "16:29"], "comment_content": "紅燈可以右轉太爽了吧"}, {"comment_author": "MaxineAnn", "comment_date": ["04/30", "16:30"], "comment_content": "行經斑馬線本就要減速..到底…提供行"}, {"comment_author": "MaxineAnn", "comment_date": ["04/30", "16:30"], "comment_content": "車記錄器的騎士也是沒有要停誒，夠扯真"}, {"comment_author": "MaxineAnn", "comment_date": ["04/30", "16:30"], "comment_content": "溫暖…"}, {"comment_author": "kentano", "comment_date": ["04/30", "16:31"], "comment_content": "台灣最美風景就是南部"}, {"comment_author": "lgates", "comment_date": ["04/30", "16:33"], "comment_content": "雞腿駕照在凹還沒一個對的 嘻嘻"}, {"comment_author": "fizzfeedpoo", "comment_date": ["04/30", "16:33"], "comment_content": "台南交通真的垃圾"}, {"comment_author": "Anyotw", "comment_date": ["04/30", "16:33"], "comment_content": "你有沒有想過，也許是煞車燈恆亮？"}, {"comment_author": "happypg", "comment_date": ["04/30", "16:35"], "comment_content": "道路設計才是最大問題 有斑馬線卻"}, {"comment_author": "happypg", "comment_date": ["04/30", "16:35"], "comment_content": "沒紅路燈"}, {"comment_author": "padapadameow", "comment_date": ["04/30", "16:36"], "comment_content": "台南鄉下地方意外嗎？機車都沒在讓"}, {"comment_author": "xujo", "comment_date": ["04/30", "16:36"], "comment_content": "住台南的垃圾側翼看不到"}, {"comment_author": "beholdli", "comment_date": ["04/30", "16:36"], "comment_content": "台南是自由之都"}, {"comment_author": "padapadameow", "comment_date": ["04/30", "16:37"], "comment_content": "每一個騎車都跟趕投胎一樣，衝衝衝"}, {"comment_author": "padapadameow", "comment_date": ["04/30", "16:37"], "comment_content": "鑽鑽鑽、油門沒催到底都是小廢物"}, {"comment_author": "angels999", "comment_date": ["04/30", "16:38"], "comment_content": "po影片的人也是完全沒在看閃黃燈的，路"}, {"comment_author": "angels999", "comment_date": ["04/30", "16:38"], "comment_content": "口催油門"}, {"comment_author": "knuckles1982", "comment_date": ["04/30", "16:38"], "comment_content": "綠色城市就是這麼幸福"}, {"comment_author": "ROCArmy623", "comment_date": ["04/30", "16:38"], "comment_content": "某sai不要丢臺南人的臉好嗎？"}, {"comment_author": "cosmite", "comment_date": ["04/30", "16:40"], "comment_content": "閃黃燈路口騎的像趕投胎"}, {"comment_author": "EXUAN", "comment_date": ["04/30", "16:40"], "comment_content": "不要太羨慕好嗎"}, {"comment_author": "littlepogi", "comment_date": ["04/30", "16:40"], "comment_content": "台南的交通是刻在心裡 不是寫在書裡"}, {"comment_author": "zerhbbo78", "comment_date": ["04/30", "16:41"], "comment_content": "放屁拉 在台南行人開始走 機車也不會讓"}, {"comment_author": "wiork", "comment_date": ["04/30", "16:41"], "comment_content": "這視角騎車的也很快，好一點煞住..."}, {"comment_author": "zerhbbo78", "comment_date": ["04/30", "16:41"], "comment_content": "是行人自己要閃好嗎 機車繞啥小"}, {"comment_author": "king110592", "comment_date": ["04/30", "16:42"], "comment_content": "南部化外智障居民之地，正常發揮吧？"}, {"comment_author": "Jiajun0724", "comment_date": ["04/30", "16:42"], "comment_content": "未開發地區正常"}, {"comment_author": "steamedbun", "comment_date": ["04/30", "16:43"], "comment_content": "笑死看推文就知道了 居然還有人說他"}, {"comment_author": "s880098", "comment_date": ["04/30", "16:43"], "comment_content": "綠色執政 南部日常"}, {"comment_author": "steamedbun", "comment_date": ["04/30", "16:43"], "comment_content": "只是站著 廢話沒有人要讓當然站著不"}, {"comment_author": "steamedbun", "comment_date": ["04/30", "16:43"], "comment_content": "然要被撞?"}, {"comment_author": "togg", "comment_date": ["04/30", "16:44"], "comment_content": "警察日積月累的放縱終於看到成效了"}, {"comment_author": "nrxadsl", "comment_date": ["04/30", "16:44"], "comment_content": "又沒什麼，大驚小怪"}, {"comment_author": "comawu", "comment_date": ["04/30", "16:44"], "comment_content": "在南部做什麼都合法"}, {"comment_author": "griffiths", "comment_date": ["04/30", "16:45"], "comment_content": "住在台南每天通勤上班，活一天賺一"}, {"comment_author": "griffiths", "comment_date": ["04/30", "16:46"], "comment_content": "天啊。嘻"}, {"comment_author": "lain2002", "comment_date": ["04/30", "16:46"], "comment_content": "連紅燈也是參考用的, 何況是黃燈"}, {"comment_author": "yentingeric", "comment_date": ["04/30", "16:46"], "comment_content": "西瓜巿只會花納稅錢辦油水多的活動。"}, {"comment_author": "yentingeric", "comment_date": ["04/30", "16:47"], "comment_content": "交通建設沒什長進，三寶一堆"}, {"comment_author": "winff", "comment_date": ["04/30", "16:48"], "comment_content": "服從党的領導，南部日常"}, {"comment_author": "CloserJ", "comment_date": ["04/30", "16:48"], "comment_content": "南部人大都就沒啥知識水準 難怪哥布林窩"}, {"comment_author": "hitratio", "comment_date": ["04/30", "16:49"], "comment_content": "南部日常"}, {"comment_author": "CTUST", "comment_date": ["04/30", "16:50"], "comment_content": "警察在南部就是跪著要飯的，哪像北"}, {"comment_author": "CTUST", "comment_date": ["04/30", "16:50"], "comment_content": "部專跪黑道跟政客"}, {"comment_author": "jerrylin", "comment_date": ["04/30", "16:50"], "comment_content": "逆向當日常的地方你還想怎樣"}, {"comment_author": "r30385", "comment_date": ["04/30", "16:50"], "comment_content": "日常啦大驚小怪"}, {"comment_author": "justeat", "comment_date": ["04/30", "16:50"], "comment_content": "南部不意外"}, {"comment_author": "runJ13", "comment_date": ["04/30", "16:51"], "comment_content": "不意外..."}, {"comment_author": "e102717", "comment_date": ["04/30", "16:53"], "comment_content": "以前我去台南，連警察都在紅燈右轉的咧！"}, {"comment_author": "mike42", "comment_date": ["04/30", "16:53"], "comment_content": "南部lol"}, {"comment_author": "Centauro", "comment_date": ["04/30", "16:54"], "comment_content": "台南日常 邊騎邊滑手機的一堆 路口"}, {"comment_author": "Centauro", "comment_date": ["04/30", "16:54"], "comment_content": "不減速直接轉的一堆（還闖紅燈）化"}, {"comment_author": "Centauro", "comment_date": ["04/30", "16:54"], "comment_content": "外之地"}, {"comment_author": "frank00427", "comment_date": ["04/30", "16:55"], "comment_content": "吱吱密度最高地區，正常啦"}, {"comment_author": "paul751229", "comment_date": ["04/30", "16:56"], "comment_content": "都沒死啦 可惜"}, {"comment_author": "phenom42", "comment_date": ["04/30", "16:56"], "comment_content": "知道為什麼一堆北漂了嗎 嘻嘻"}, {"comment_author": "dogfacehoho", "comment_date": ["04/30", "16:56"], "comment_content": "議長買票都沒事了，早就無法無天惹"}, {"comment_author": "dogfacehoho", "comment_date": ["04/30", "16:56"], "comment_content": "～"}, {"comment_author": "sunluna", "comment_date": ["04/30", "16:57"], "comment_content": "南部有南部的玩法"}, {"comment_author": "dd1115dd1115", "comment_date": ["04/30", "16:57"], "comment_content": "南部法律參考用的人情味才是真的"}, {"comment_author": "ViaCanIGoing", "comment_date": ["04/30", "16:57"], "comment_content": "南蠻你以為喔"}, {"comment_author": "wate5566", "comment_date": ["04/30", "16:57"], "comment_content": "南部日常"}, {"comment_author": "fatedate", "comment_date": ["04/30", "16:58"], "comment_content": "我身為台南人。這種叫日常。根本沒解"}, {"comment_author": "chaker", "comment_date": ["04/30", "16:58"], "comment_content": "你為什麼要跟西瓜認真？！"}, {"comment_author": "gin10791", "comment_date": ["04/30", "17:00"], "comment_content": "南部死忠仔就貪小便宜短視近利"}, {"comment_author": "intointo", "comment_date": ["04/30", "17:00"], "comment_content": "台南"}, {"comment_author": "alligator176", "comment_date": ["04/30", "17:01"], "comment_content": "檢舉太多了民怨四起"}, {"comment_author": "darlene917", "comment_date": ["04/30", "17:02"], "comment_content": "以前去基隆逛街也很抖,最近好太多了!"}, {"comment_author": "darlene917", "comment_date": ["04/30", "17:02"], "comment_content": "是因為真的會罰錢才改進的嗎?"}, {"comment_author": "rattrapante", "comment_date": ["04/30", "17:02"], "comment_content": "南部鄉親正常表現☺"}, {"comment_author": "mm06", "comment_date": ["04/30", "17:03"], "comment_content": "台灣交通之光 交通寶島"}, {"comment_author": "AresPeng", "comment_date": ["04/30", "17:05"], "comment_content": "以党的尿性 很快就 未讓行人 不能檢舉"}, {"comment_author": "chairfong", "comment_date": ["04/30", "17:06"], "comment_content": "境外勢力啦!!"}, {"comment_author": "llull5566", "comment_date": ["04/30", "17:06"], "comment_content": "幹嘛跟南部人講道理跟法律 他們又不在"}, {"comment_author": "e04x8", "comment_date": ["04/30", "17:06"], "comment_content": "說個政治不正確的話，這種直線真的不要亂"}, {"comment_author": "e04x8", "comment_date": ["04/30", "17:06"], "comment_content": "禮讓，徒增危險而已"}, {"comment_author": "new71050", "comment_date": ["04/30", "17:06"], "comment_content": "還以為滑水道 一個接一個撞上去"}, {"comment_author": "llull5566", "comment_date": ["04/30", "17:07"], "comment_content": "乎 然後看到穿越道本來就要減速好嗎"}, {"comment_author": "transfight", "comment_date": ["04/30", "17:07"], "comment_content": "哈哈哈哈哈哈哈哈哈哈超讚的！"}, {"comment_author": "llull5566", "comment_date": ["04/30", "17:07"], "comment_content": "不就眼裡只有搶綠燈 安全車距跟交通法"}, {"comment_author": "llull5566", "comment_date": ["04/30", "17:07"], "comment_content": "規誰在乎"}, {"comment_author": "Bigcookie2", "comment_date": ["04/30", "17:08"], "comment_content": "台南真的很可怕。化外之地"}, {"comment_author": "cynthiachen", "comment_date": ["04/30", "17:08"], "comment_content": "就是這麼無下限 可悲吧"}, {"comment_author": "luna2000sea", "comment_date": ["04/30", "17:08"], "comment_content": "駕照都不知道怎麼來的"}, {"comment_author": "e04x8", "comment_date": ["04/30", "17:09"], "comment_content": "這裡每個都嘛很守規矩XD我真沒看過幾個穿"}, {"comment_author": "e04x8", "comment_date": ["04/30", "17:09"], "comment_content": "越線會減速的"}, {"comment_author": "superbeast", "comment_date": ["04/30", "17:10"], "comment_content": "化外之地不意外"}, {"comment_author": "chairfong", "comment_date": ["04/30", "17:12"], "comment_content": "車多路小巷口多又有鐵路 無解"}, {"comment_author": "Wx7621", "comment_date": ["04/30", "17:12"], "comment_content": "誰敢嘴我們民主蠻荒聖地"}, {"comment_author": "littlehappy1", "comment_date": ["04/30", "17:13"], "comment_content": "40%水準 決定台灣交通黑暗的未來"}, {"comment_author": "running9977", "comment_date": ["04/30", "17:13"], "comment_content": "南部不意外啊"}, {"comment_author": "blackhearted", "comment_date": ["04/30", "17:14"], "comment_content": "台灣行車速度太快了，爭先恐後，一"}, {"comment_author": "blackhearted", "comment_date": ["04/30", "17:15"], "comment_content": "定要佔到便宜才甘願"}, {"comment_author": "justiceyes", "comment_date": ["04/30", "17:15"], "comment_content": "這是南蠻日常吧？大驚小怪"}, {"comment_author": "WL855470", "comment_date": ["04/30", "17:15"], "comment_content": "賴皮的第二故鄉"}, {"comment_author": "a7173661736", "comment_date": ["04/30", "17:17"], "comment_content": "推文完美示範 南部人可能還在清朝時"}, {"comment_author": "a7173661736", "comment_date": ["04/30", "17:17"], "comment_content": "代"}, {"comment_author": "cgser", "comment_date": ["04/30", "17:17"], "comment_content": "日常也在發文？"}, {"comment_author": "GGINDOWBOW", "comment_date": ["04/30", "17:17"], "comment_content": "台南日常 有什麼好意外的"}, {"comment_author": "Raphael7725", "comment_date": ["04/30", "17:17"], "comment_content": "南部的機車沒有煞車線"}, {"comment_author": "Valevale", "comment_date": ["04/30", "17:18"], "comment_content": "原來台南鄉親的駕駛核心思維就是積非成"}, {"comment_author": "Valevale", "comment_date": ["04/30", "17:18"], "comment_content": "是嗎？"}, {"comment_author": "aegisWIsL", "comment_date": ["04/30", "17:18"], "comment_content": "謝謝推文示範"}, {"comment_author": "akpaz", "comment_date": ["04/30", "17:19"], "comment_content": "北部仔又再洗文章了，真的這麼自卑嗎？幫Q"}, {"comment_author": "akpaz", "comment_date": ["04/30", "17:19"], "comment_content": "Q"}, {"comment_author": "jameshcm", "comment_date": ["04/30", "17:20"], "comment_content": "北部人剛來台南當警察+1,缺乏不停讓默契"}, {"comment_author": "s4511981", "comment_date": ["04/30", "17:20"], "comment_content": "我那天去台南玩，一個晚上，看到三個擦"}, {"comment_author": "s4511981", "comment_date": ["04/30", "17:20"], "comment_content": "撞車禍，呵。"}, {"comment_author": "blacwhte", "comment_date": ["04/30", "17:20"], "comment_content": "鄉下走路都是外地人"}, {"comment_author": "xu3720", "comment_date": ["04/30", "17:20"], "comment_content": "關鍵字“南部”"}, {"comment_author": "h034826567", "comment_date": ["04/30", "17:20"], "comment_content": "台灣京都勿苛責"}, {"comment_author": "orz151426", "comment_date": ["04/30", "17:21"], "comment_content": "南部連專用垃圾袋都推不起來，可見素質"}, {"comment_author": "wharfman", "comment_date": ["04/30", "17:23"], "comment_content": "化外之地 不用意外"}, {"comment_author": "gghowdaoh", "comment_date": ["04/30", "17:24"], "comment_content": "怎麼有腦癱臺南人在推文秀下限啊"}, {"comment_author": "jim8q9a63", "comment_date": ["04/30", "17:24"], "comment_content": "台南日常，"}, {"comment_author": "aunt", "comment_date": ["04/30", "17:25"], "comment_content": "台南好可怕 蠻荒"}, {"comment_author": "dkchronos", "comment_date": ["04/30", "17:27"], "comment_content": "朋友台南人，每天路上都可以遇到車禍"}, {"comment_author": "Pheromone", "comment_date": ["04/30", "17:28"], "comment_content": "台南就是這種垃圾地方 低端人口"}, {"comment_author": "petersnape", "comment_date": ["04/30", "17:29"], "comment_content": "8ey"}, {"comment_author": "macinwould", "comment_date": ["04/30", "17:29"], "comment_content": "台南禮讓行人被撞很正常"}, {"comment_author": "MKIU", "comment_date": ["04/30", "17:29"], "comment_content": "台南日常也在大驚小怪"}, {"comment_author": "theclgy2001", "comment_date": ["04/30", "17:30"], "comment_content": "北漂的台南人都說自己是台北人供参"}, {"comment_author": "saisai34", "comment_date": ["04/30", "17:31"], "comment_content": "說的好像你們騎車開車會讓一樣"}, {"comment_author": "a888168tw", "comment_date": ["04/30", "17:31"], "comment_content": "謝謝民進黨"}, {"comment_author": "cookiecloud", "comment_date": ["04/30", "17:31"], "comment_content": "低端南部人意外嗎"}, {"comment_author": "InfocusM510", "comment_date": ["04/30", "17:41"], "comment_content": "化外之地 不意外"}, {"comment_author": "Ben54743", "comment_date": ["04/30", "17:43"], "comment_content": "都能換票了 期待什麼？"}, {"comment_author": "shiaushoot", "comment_date": ["04/30", "17:44"], "comment_content": "網狀區跟斑馬線畫在一起不知道是哪個"}, {"comment_author": "shiaushoot", "comment_date": ["04/30", "17:44"], "comment_content": "白癡單位的設計"}, {"comment_author": "ilsr", "comment_date": ["04/30", "17:46"], "comment_content": "後車100%,未保持安全距離+路口未減速"}, {"comment_author": "Aixtron", "comment_date": ["04/30", "17:50"], "comment_content": "死忠的..."}, {"comment_author": "blufish", "comment_date": ["04/30", "17:51"], "comment_content": "畢竟是台南人"}, {"comment_author": "eric6616", "comment_date": ["04/30", "17:53"], "comment_content": "綠畜越多的地方 素質越差"}, {"comment_author": "Dirito", "comment_date": ["04/30", "17:54"], "comment_content": "畢竟是民主的聖地"}, {"comment_author": "Bonkon", "comment_date": ["04/30", "17:54"], "comment_content": "西瓜市不意外"}, {"comment_author": "ryan2001", "comment_date": ["04/30", "17:54"], "comment_content": "40%-2"}, {"comment_author": "airkobe", "comment_date": ["04/30", "17:58"], "comment_content": "笑死，這樣你就驚訝？更誇張的多的是"}, {"comment_author": "yuetsu", "comment_date": ["04/30", "17:59"], "comment_content": "民主追撞 你懂個X"}, {"comment_author": "AB7R", "comment_date": ["04/30", "18:01"], "comment_content": "山豬不聽使喚是怎樣 XD"}, {"comment_author": "keita2277", "comment_date": ["04/30", "18:04"], "comment_content": "意外嗎"}, {"comment_author": "lymwchia", "comment_date": ["04/30", "18:07"], "comment_content": "塔綠班地盤意外嗎"}, {"comment_author": "BBBroflovski", "comment_date": ["04/30", "18:07"], "comment_content": "四線道沒紅綠燈 行人等著被撞 民主"}, {"comment_author": "BBBroflovski", "comment_date": ["04/30", "18:07"], "comment_content": "聖地的居民自己好自為之"}, {"comment_author": "obov5116", "comment_date": ["04/30", "18:09"], "comment_content": "40%素質就這樣，有啥好意外"}, {"comment_author": "shyang8304", "comment_date": ["04/30", "18:10"], "comment_content": "台南交通規劃爛、用路人素質也差"}, {"comment_author": "YTDoctor", "comment_date": ["04/30", "18:10"], "comment_content": "笑死 這個日常好嗎"}, {"comment_author": "laechan", "comment_date": ["04/30", "18:11"], "comment_content": "無下限 "}, {"comment_author": "rock0747", "comment_date": ["04/30", "18:13"], "comment_content": "車頭可能都掛著一隻雞腿"}, {"comment_author": "spencer317", "comment_date": ["04/30", "18:14"], "comment_content": "低端的地方意外嗎？"}, {"comment_author": "badguy227", "comment_date": ["04/30", "18:15"], "comment_content": "功德：珍奶好喝，讓我們關注珍奶就好"}, {"comment_author": "h8642123", "comment_date": ["04/30", "18:15"], "comment_content": "我勸你少管閒事"}, {"comment_author": "kis28519", "comment_date": ["04/30", "18:16"], "comment_content": "鄉下地方 講人情味"}, {"comment_author": "sid3", "comment_date": ["04/30", "18:16"], "comment_content": "蒙眼開車"}, {"comment_author": "nananana325", "comment_date": ["04/30", "18:17"], "comment_content": "小驚都"}, {"comment_author": "kingkinggod", "comment_date": ["04/30", "18:19"], "comment_content": "爽啦，最好鴿子被撞死，就是你們執法"}, {"comment_author": "kingkinggod", "comment_date": ["04/30", "18:19"], "comment_content": "不嚴才會有這種結果"}, {"comment_author": "MyPetTankDie", "comment_date": ["04/30", "18:21"], "comment_content": "日常啊，一個人做是違法，一群人做"}, {"comment_author": "MyPetTankDie", "comment_date": ["04/30", "18:21"], "comment_content": "就是文化，不然你有看到警察在抓違"}, {"comment_author": "MyPetTankDie", "comment_date": ["04/30", "18:21"], "comment_content": "停和騎樓防火巷堆放東西的嗎"}, {"comment_author": "xpage", "comment_date": ["04/30", "18:22"], "comment_content": "沒差啊，反正微罪不罰，被撞自己吞"}, {"comment_author": "genovis", "comment_date": ["04/30", "18:22"], "comment_content": "沒去過更爛都新北桃園基隆？"}, {"comment_author": "stephon50", "comment_date": ["04/30", "18:26"], "comment_content": "40趴日常"}, {"comment_author": "BIGETC", "comment_date": ["04/30", "18:26"], "comment_content": "台灣價值 不可質疑"}, {"comment_author": "d0922030", "comment_date": ["04/30", "18:27"], "comment_content": "上次去台南玩租車行出來馬上遇到鬼切差"}, {"comment_author": "d0922030", "comment_date": ["04/30", "18:27"], "comment_content": "點出車禍 超級白癡"}, {"comment_author": "s93017028022", "comment_date": ["04/30", "18:29"], "comment_content": "欸那個sai什麼的拜託不要上路"}, {"comment_author": "akwa", "comment_date": ["04/30", "18:30"], "comment_content": "見不得台南好"}, {"comment_author": "royaljoy1", "comment_date": ["04/30", "18:31"], "comment_content": "台南你讓行人，行人還不一定敢過"}, {"comment_author": "joeyben", "comment_date": ["04/30", "18:31"], "comment_content": "南部人情味"}, {"comment_author": "stuxxv", "comment_date": ["04/30", "18:32"], "comment_content": "超好笑"}, {"comment_author": "KoalasPtt", "comment_date": ["04/30", "18:32"], "comment_content": "落後的地方"}, {"comment_author": "jetrider", "comment_date": ["04/30", "18:40"], "comment_content": "推文那種程度，駕照燒掉還是會繼續上路"}, {"comment_author": "b93510015", "comment_date": ["04/30", "18:42"], "comment_content": "就南部會這樣啊！你在台北都看不到這"}, {"comment_author": "b93510015", "comment_date": ["04/30", "18:42"], "comment_content": "種的"}, {"comment_author": "plumcola", "comment_date": ["04/30", "18:44"], "comment_content": "都可以變成換票，你還期待台南有法律？"}, {"comment_author": "fastener", "comment_date": ["04/30", "18:44"], "comment_content": "有默契繞過行人 笑死 上次去台南過斑馬"}, {"comment_author": "fastener", "comment_date": ["04/30", "18:44"], "comment_content": "線 汽車還加速根本想殺人"}, {"comment_author": "greenday1990", "comment_date": ["04/30", "18:46"], "comment_content": "紅燈不右轉會被按喇叭..."}, {"comment_author": "qwe159236", "comment_date": ["04/30", "18:47"], "comment_content": "天之蕉子發源地當然可以這樣騎"}, {"comment_author": "zss40401", "comment_date": ["04/30", "18:52"], "comment_content": "南部蠻荒之地你很意外嗎==?"}, {"comment_author": "gvcdvd0937", "comment_date": ["04/30", "18:55"], "comment_content": "40%大本營 意外嗎"}, {"comment_author": "hsiaokang", "comment_date": ["04/30", "18:56"], "comment_content": "塔綠班控制區"}, {"comment_author": "rancilio", "comment_date": ["04/30", "18:58"], "comment_content": "南部有南部的交通規則"}, {"comment_author": "Curapikt", "comment_date": ["04/30", "18:59"], "comment_content": "新警察啦，南部沒人行道騎樓不是做生意"}, {"comment_author": "Curapikt", "comment_date": ["04/30", "18:59"], "comment_content": "就是停自家車，哪會有人在路上走，都麻"}, {"comment_author": "Curapikt", "comment_date": ["04/30", "18:59"], "comment_content": "是人讓車哪有車讓人，太菜了啦嘻嘻"}, {"comment_author": "kendavid001", "comment_date": ["04/30", "19:01"], "comment_content": "台南日常"}, {"comment_author": "goooddtw", "comment_date": ["04/30", "19:01"], "comment_content": "看到斑馬線就要減速了"}, {"comment_author": "cld123", "comment_date": ["04/30", "19:02"], "comment_content": "大驚小怪"}, {"comment_author": "chenbo5566", "comment_date": ["04/30", "19:05"], "comment_content": "Errr...拜託假日別來台南"}, {"comment_author": "kumabartho", "comment_date": ["04/30", "19:05"], "comment_content": "笑死 連拍的人也是加速"}, {"comment_author": "tommyhlu", "comment_date": ["04/30", "19:05"], "comment_content": "台南是世界公認交通最亂的城市啊。"}, {"comment_author": "cates", "comment_date": ["04/30", "19:11"], "comment_content": "40%就這樣阿 不然別去南部"}, {"comment_author": "khoybgio", "comment_date": ["04/30", "19:11"], "comment_content": "我家巷口最頂"}, {"comment_author": "wavier", "comment_date": ["04/30", "19:14"], "comment_content": "不就平常警察不確實執法，尊嚴自己丟的"}, {"comment_author": "cheng31507", "comment_date": ["04/30", "19:14"], "comment_content": "台南日常 每次讓行人先走都會被叭或"}, {"comment_author": "cheng31507", "comment_date": ["04/30", "19:14"], "comment_content": "逼車"}, {"comment_author": "shiningwine", "comment_date": ["04/30", "19:15"], "comment_content": "台南化外之地啊"}, {"comment_author": "yangrl", "comment_date": ["04/30", "19:15"], "comment_content": "在台南的紅綠燈是多餘的嫌惡設施"}, {"comment_author": "pilot1982", "comment_date": ["04/30", "19:18"], "comment_content": "台南人是沒有下限的"}, {"comment_author": "JasonX5566", "comment_date": ["04/30", "19:22"], "comment_content": "化外之地"}, {"comment_author": "www2967", "comment_date": ["04/30", "19:23"], "comment_content": "民主聖地 一群沒有台灣價值柯韓粉抹黑"}, {"comment_author": "o8tom", "comment_date": ["04/30", "19:24"], "comment_content": "可悲的就是這邊笑的八成路上都這樣"}, {"comment_author": "ccs9631", "comment_date": ["04/30", "19:28"], "comment_content": "台南真的不意外，去過一次就不想再去，沒"}, {"comment_author": "ccs9631", "comment_date": ["04/30", "19:28"], "comment_content": "保高額保險前真的不要去"}, {"comment_author": "ajim36", "comment_date": ["04/30", "19:38"], "comment_content": "鄉下地方 連隨袋都做不到"}, {"comment_author": "potential208", "comment_date": ["04/30", "19:42"], "comment_content": "哈哈白癡警察"}, {"comment_author": "sabaakira", "comment_date": ["04/30", "19:44"], "comment_content": "台北也是阿"}, {"comment_author": "owei0404", "comment_date": ["04/30", "19:52"], "comment_content": "綠色聖地你敢嘴"}, {"comment_author": "chifeng", "comment_date": ["04/30", "20:08"], "comment_content": "紫毅與阿彬瘋狂做愛"}, {"comment_author": "sweetsmoke", "comment_date": ["04/30", "20:16"], "comment_content": "台灣價值"}, {"comment_author": "nalthax", "comment_date": ["04/30", "20:19"], "comment_content": "台南大灣一個橫衝直撞的自殺式騎士，認為"}, {"comment_author": "nalthax", "comment_date": ["04/30", "20:19"], "comment_content": "他直行大家都要讓他，到處比中指，已經看"}, {"comment_author": "nalthax", "comment_date": ["04/30", "20:19"], "comment_content": "到他三次了，不知道他什麼時候會被收走"}, {"comment_author": "NosenceJohn", "comment_date": ["04/30", "20:25"], "comment_content": "原以為北部交通就夠亂了 直到我下過"}, {"comment_author": "NosenceJohn", "comment_date": ["04/30", "20:25"], "comment_content": "南部才開了眼界= ="}, {"comment_author": "OAVAYAVAO", "comment_date": ["04/30", "20:33"], "comment_content": "綠色國度 沒有法律"}, {"comment_author": "wcpsgb", "comment_date": ["04/30", "20:39"], "comment_content": "南部不易外"}, {"comment_author": "catvsdog", "comment_date": ["04/30", "20:40"], "comment_content": "畢竟是死忠的"}, {"comment_author": "aj064534", "comment_date": ["04/30", "20:44"], "comment_content": "自業自得 再不執法阿"}, {"comment_author": "qwert65732", "comment_date": ["04/30", "20:46"], "comment_content": "南蠻肯戴安全帽你就該拍手獎勵了"}, {"comment_author": "sober921", "comment_date": ["04/30", "20:54"], "comment_content": "南部狗一直來台北撞啊"}, {"comment_author": "A380", "comment_date": ["04/30", "21:20"], "comment_content": "閃黃燈路口本來就是要先減速再通過 居然還"}, {"comment_author": "A380", "comment_date": ["04/30", "21:20"], "comment_content": "補油門加速 笑死"}, {"comment_author": "hsuhsinjen", "comment_date": ["04/30", "21:21"], "comment_content": "台南日常啦"}, {"comment_author": "kusou86el", "comment_date": ["04/30", "21:28"], "comment_content": "到底要不要讓大家沒共識 做個行人紅綠"}, {"comment_author": "kusou86el", "comment_date": ["04/30", "21:28"], "comment_content": "燈就好了啊=="}, {"comment_author": "heart9677", "comment_date": ["04/30", "21:28"], "comment_content": "這邊就是讓有錢人體驗原始生活的地方，"}, {"comment_author": "heart9677", "comment_date": ["04/30", "21:28"], "comment_content": "不是拿來生活的謝謝"}, {"comment_author": "nitvx", "comment_date": ["04/30", "21:30"], "comment_content": "台灣必須使用路人時相 可按鈕變紅燈"}, {"comment_author": "nitvx", "comment_date": ["04/30", "21:31"], "comment_content": "不然這事件只會一直發生"}, {"comment_author": "ringohejia", "comment_date": ["04/30", "22:01"], "comment_content": "一個事故出現幾隻猴子？"}, {"comment_author": "Irelia56", "comment_date": ["04/30", "22:11"], "comment_content": ""}, {"comment_author": "nillller", "comment_date": ["04/30", "22:19"], "comment_content": "台南真的一堆三寶"}, {"comment_author": "sonic37", "comment_date": ["04/30", "22:50"], "comment_content": "台南國交通就這爛，市長沒在管，撞不到他"}, {"comment_author": "shadowstrike", "comment_date": ["04/30", "22:58"], "comment_content": "鄉下人你想要求什麼"}, {"comment_author": "a09162277", "comment_date": ["04/30", "23:08"], "comment_content": "南部耶 不要想著底層垃圾有什麼作為"}, {"comment_author": "joeshiu", "comment_date": ["04/30", "23:11"], "comment_content": "台南不意外"}, {"comment_author": "justin200428", "comment_date": ["05/01", "01:13"], "comment_content": "台南正常啊"}, {"comment_author": "aitela", "comment_date": ["05/01", "01:17"], "comment_content": "可憐，怎麼會有人想住在嘉南高屏"}, {"comment_author": "lcccpkhtp", "comment_date": ["05/01", "01:28"], "comment_content": "騎快跟緊就是這種下場囉！"}, {"comment_author": "midoriz", "comment_date": ["05/01", "01:29"], "comment_content": "前幾天在新北看到有人開車在抓寶咧"}, {"comment_author": "Godhas56", "comment_date": ["05/01", "01:58"], "comment_content": "地上有糖快點撿!!"}, {"comment_author": "xhung", "comment_date": ["05/01", "02:04"], "comment_content": "貼警車貼這麼近  笑死"}, {"comment_author": "rick917", "comment_date": ["05/01", "02:12"], "comment_content": "幫警察QQ"}, {"comment_author": "aiam", "comment_date": ["05/01", "03:13"], "comment_content": "昨天在文賢路這種超擁擠的大路上還看到有雜"}, {"comment_author": "aiam", "comment_date": ["05/01", "03:13"], "comment_content": "碎敢騎逆向呢 台南一堆都沒在守秩序的"}, {"comment_author": "l92873", "comment_date": ["05/01", "03:32"], "comment_content": "民主聖地"}, {"comment_author": "Xiaolu0104", "comment_date": ["05/01", "03:43"], "comment_content": "化外之地 一直以為自己東西很好吃"}, {"comment_author": "yun420179", "comment_date": ["05/01", "03:48"], "comment_content": "= ="}, {"comment_author": "dreamfree", "comment_date": ["05/01", "04:34"], "comment_content": "不要小瞧我們四十趴的巢穴好嗎？"}, {"comment_author": "haterain", "comment_date": ["05/01", "07:16"], "comment_content": "爐渣吃太多就會這樣"}, {"comment_author": "Sinkirou", "comment_date": ["05/01", "07:29"], "comment_content": "交通法規不過台中不是說假的"}, {"comment_author": "fs11420", "comment_date": ["05/01", "08:18"], "comment_content": "急停路中間只是禮讓，警察真的害人害己"}, {"comment_author": "ada741116", "comment_date": ["05/01", "09:44"], "comment_content": "台灣共和國首都，你敢嘴？"}, {"comment_author": "Pavlova", "comment_date": ["05/01", "10:23"], "comment_content": "112年台中市每10萬人死傷數高於台南市，"}, {"comment_author": "nothing188", "comment_date": ["05/01", "10:24"], "comment_content": "這種路段車速快，停車只是被後面"}, {"comment_author": "nothing188", "comment_date": ["05/01", "10:24"], "comment_content": "撞"}, {"comment_author": "nothing188", "comment_date": ["05/01", "10:25"], "comment_content": "撞"}, {"comment_author": "ILDUCK", "comment_date": ["05/01", "12:19"], "comment_content": "哈哈平常警察不處理，現在被撞活該啦"}, {"comment_author": "gechion", "comment_date": ["05/01", "12:24"], "comment_content": "領域展開…"}, {"comment_author": "WiserWilly", "comment_date": ["05/01", "22:01"], "comment_content": "就說法外之地，未教化的人很多，拜託"}, {"comment_author": "WiserWilly", "comment_date": ["05/01", "22:02"], "comment_content": "不要北漂，弄髒、搞爛台北"}, {"comment_author": "hodj", "comment_date": ["05/02", "02:37"], "comment_content": "我快笑死"}, {"comment_author": "lose116315", "comment_date": ["05/02", "13:07"], "comment_content": "南部遵守法律就是這個下場 警察也一"}, {"comment_author": "lose116315", "comment_date": ["05/02", "13:07"], "comment_content": "樣 在南部 做什麼都合法  懂？"}]}
