{"author": "s910 (s910)", "category": "Gossiping", "title": "[問卦] 中餐在美國是廉價低俗的料理嗎？", "date": "Fri May  3 12:08:46 2024", "content": ["剛剛看到影片在美國很多人都覺得中餐是廉價食品很多人對中餐過敏，覺得加了一大堆味精在美國吃中餐就像是吃低等食物台灣很多外國yt常常洗腦說中餐在美國多棒真的是這樣嗎？--"], "post_comment": [{"comment_author": "wilson3435", "comment_date": ["05/03", "12:10"], "comment_content": "低俗也許白人這樣看，但確定廉價嗎.."}, {"comment_author": "wilson3435", "comment_date": ["05/03", "12:10"], "comment_content": "."}, {"comment_author": "ks2384im", "comment_date": ["05/03", "12:10"], "comment_content": "要飯門檻低還要花錢吃。傻了"}, {"comment_author": "AnXD", "comment_date": ["05/03", "12:10"], "comment_content": "熱狗才是"}, {"comment_author": "wilson3435", "comment_date": ["05/03", "12:10"], "comment_content": "我看美國八方雲集什麼都好貴"}, {"comment_author": "diabolica", "comment_date": ["05/03", "12:10"], "comment_content": "魔改調味飯"}, {"comment_author": "moustique", "comment_date": ["05/03", "12:10"], "comment_content": "漢堡也是平民食物呀，怎麼就這麼看不"}, {"comment_author": "moustique", "comment_date": ["05/03", "12:10"], "comment_content": "起自己的食物"}, {"comment_author": "LoveMakeLove", "comment_date": ["05/03", "12:11"], "comment_content": "左宗棠雞好吃"}, {"comment_author": "moustique", "comment_date": ["05/03", "12:11"], "comment_content": "即使在台灣，中餐也有35元和3萬5的選"}, {"comment_author": "moustique", "comment_date": ["05/03", "12:12"], "comment_content": "擇"}, {"comment_author": "EXIONG", "comment_date": ["05/03", "12:12"], "comment_content": "美國就白人文化不會做熱食"}, {"comment_author": "godog", "comment_date": ["05/03", "12:12"], "comment_content": "布林肯說中餐在全美各地特別受歡迎"}, {"comment_author": "LoveMakeLove", "comment_date": ["05/03", "12:13"], "comment_content": ""}, {"comment_author": "SidMax", "comment_date": ["05/03", "12:14"], "comment_content": "白人一堆什麼xxx過敏"}, {"comment_author": "Shingen", "comment_date": ["05/03", "12:14"], "comment_content": "不是的，在大城市都有極昂貴的中餐廳，"}, {"comment_author": "baobeising", "comment_date": ["05/03", "12:14"], "comment_content": "美國中餐超多分類 有平民吃粗飽的也"}, {"comment_author": "Shingen", "comment_date": ["05/03", "12:14"], "comment_content": "那個部分是高級料理"}, {"comment_author": "baobeising", "comment_date": ["05/03", "12:15"], "comment_content": "有高級餐廳"}, {"comment_author": "LoveMakeLove", "comment_date": ["05/03", "12:15"], "comment_content": "問一下美籍台裔的鄉民看看"}, {"comment_author": "sellgd", "comment_date": ["05/03", "12:16"], "comment_content": "美國零食不是也加一堆味精?"}, {"comment_author": "krousxchen", "comment_date": ["05/03", "12:16"], "comment_content": "有高級中餐，但大多數對中餐的印象是"}, {"comment_author": "krousxchen", "comment_date": ["05/03", "12:16"], "comment_content": "便宜的"}, {"comment_author": "sellgd", "comment_date": ["05/03", "12:16"], "comment_content": "不舒服是吃太油太鹹之故"}, {"comment_author": "LelockTT", "comment_date": ["05/03", "12:17"], "comment_content": "很便宜啊 我給小費 老闆還跟我說中餐很"}, {"comment_author": "LelockTT", "comment_date": ["05/03", "12:17"], "comment_content": "少收到"}, {"comment_author": "krousxchen", "comment_date": ["05/03", "12:17"], "comment_content": "因為大多數華人開的中餐餐廳是便宜的"}, {"comment_author": "BMTH5566", "comment_date": ["05/03", "12:17"], "comment_content": "百元義大利麵你覺得義大利美食低俗廉價"}, {"comment_author": "BMTH5566", "comment_date": ["05/03", "12:17"], "comment_content": "嗎?"}, {"comment_author": "krousxchen", "comment_date": ["05/03", "12:17"], "comment_content": "日本也有類似的情況"}, {"comment_author": "william8403", "comment_date": ["05/03", "12:18"], "comment_content": "Orange chocken好吃欸"}, {"comment_author": "webster1112", "comment_date": ["05/03", "12:18"], "comment_content": "老外舌頭分辨不出 好壞中餐 !!!!"}, {"comment_author": "phix", "comment_date": ["05/03", "12:19"], "comment_content": "要高級要個人化 不要煮一大桌分食"}, {"comment_author": "webster1112", "comment_date": ["05/03", "12:19"], "comment_content": "就一堆醬油/調料 味道夠種刺激 !!!"}, {"comment_author": "LoveMakeLove", "comment_date": ["05/03", "12:20"], "comment_content": "chow mein好吃"}, {"comment_author": "ms0545173", "comment_date": ["05/03", "12:20"], "comment_content": "白人喜歡吃乾扁扁的麵包配醬 然後一堆"}, {"comment_author": "ms0545173", "comment_date": ["05/03", "12:20"], "comment_content": "炸物"}, {"comment_author": "webster1112", "comment_date": ["05/03", "12:20"], "comment_content": "中餐便宜有便宜玩法 貴有貴的玩法"}, {"comment_author": "krousxchen", "comment_date": ["05/03", "12:20"], "comment_content": "華人一堆新移民，又很愛做餐廳做為第"}, {"comment_author": "krousxchen", "comment_date": ["05/03", "12:20"], "comment_content": "一次創業，所以都做便宜中餐"}, {"comment_author": "aceapple", "comment_date": ["05/03", "12:21"], "comment_content": "美國乞丐跟狗吃的"}, {"comment_author": "Leo4891", "comment_date": ["05/03", "12:23"], "comment_content": "中餐最大差異 就是油炒 調味醬料"}, {"comment_author": "Leo4891", "comment_date": ["05/03", "12:23"], "comment_content": "西餐調味都是先醃 + 醬汁"}, {"comment_author": "blacktea5566", "comment_date": ["05/03", "12:28"], "comment_content": "跟美式速食差不多吧 就快餐啊"}, {"comment_author": "nxuanr", "comment_date": ["05/03", "12:34"], "comment_content": "可憐"}, {"comment_author": "Jimmywin", "comment_date": ["05/03", "12:34"], "comment_content": "4，窮人愛吃"}, {"comment_author": "ezorttc", "comment_date": ["05/03", "12:38"], "comment_content": "早餐比較高級？"}, {"comment_author": "cymtrex", "comment_date": ["05/03", "12:43"], "comment_content": "西式中餐好好吃"}, {"comment_author": "Anda", "comment_date": ["05/03", "12:45"], "comment_content": "低俗的中餐才是 不要看影片當真理好不好"}, {"comment_author": "Anda", "comment_date": ["05/03", "12:46"], "comment_content": "有一餐8元的 也有一餐30的啦"}, {"comment_author": "court", "comment_date": ["05/03", "12:48"], "comment_content": "貧民在吃的"}, {"comment_author": "capitalofz", "comment_date": ["05/03", "12:48"], "comment_content": "麥當勞才是最低價"}, {"comment_author": "LoveFood", "comment_date": ["05/03", "12:57"], "comment_content": "沒吧 熊貓快餐隨便破20美元欸"}, {"comment_author": "LoveFood", "comment_date": ["05/03", "12:59"], "comment_content": "漢堡才是真的 各大多有1-3元美金特價"}, {"comment_author": "chirlie6805", "comment_date": ["05/03", "13:00"], "comment_content": "屁啦 中餐算貴的 好嗎"}, {"comment_author": "mcidnini", "comment_date": ["05/03", "13:02"], "comment_content": "看管不管飽啊"}, {"comment_author": "starwish00", "comment_date": ["05/03", "13:04"], "comment_content": "糖醋里肌 宮保雞丁 美國人最愛的中式"}, {"comment_author": "starwish00", "comment_date": ["05/03", "13:04"], "comment_content": "料理"}, {"comment_author": "NotOtaku", "comment_date": ["05/03", "13:24"], "comment_content": "泰>日>中>>>美墨"}, {"comment_author": "gaupyng1", "comment_date": ["05/03", "13:28"], "comment_content": "4"}]}
