{"author": "purue (purue)", "category": "Gossiping", "title": "[問卦] 請推薦少見的好泡麵", "date": "Fri May  3 16:14:04 2024", "content": ["台人最愛10大泡麵排名：01. 來一客 鮮蝦魚板02. 滿漢大餐 蔥燒牛肉麵03. 維力炸醬麵04. 一度贊 紅燒牛肉麵05. 味味Ａ排骨雞麵06. 台酒 花雕雞麵07. 辛拉麵08. 味味一品 原味牛肉麵09. 不倒翁 起司拉麵10. 素飄香 麻辣燙這個月要縮衣節食 但上面吃膩的 有沒有台灣買的到的其他口味好吃泡麵呢？----Sent from", "on my Google Pixel 4a--", "這太鹹", "我沒有妹妹"], "post_comment": [{"comment_author": "ziso", "comment_date": ["05/03", "16:14"], "comment_content": "隨緣好像蠻多人推的"}, {"comment_author": "fenderrb", "comment_date": ["05/03", "16:14"], "comment_content": ""}, {"comment_author": "kawazakiz2", "comment_date": ["05/03", "16:14"], "comment_content": "王子麵"}, {"comment_author": "derrick1220", "comment_date": ["05/03", "16:15"], "comment_content": "檳城白咖哩"}, {"comment_author": "chej", "comment_date": ["05/03", "16:15"], "comment_content": "阿Q桶麵 香蒜的 若食量大 再加一包科學麵"}, {"comment_author": "taiwan08", "comment_date": ["05/03", "16:15"], "comment_content": "10種都加在一起泡成一碗，很好吃"}, {"comment_author": "TZUYIC", "comment_date": ["05/03", "16:15"], "comment_content": "滿漢大餐一個就要59了，縮衣節食應該..."}, {"comment_author": "starnight555", "comment_date": ["05/03", "16:15"], "comment_content": "浪味"}, {"comment_author": "kawazakiz2", "comment_date": ["05/03", "16:15"], "comment_content": "先花個200去六扇門，然後拿10包回家"}, {"comment_author": "fenderrb", "comment_date": ["05/03", "16:15"], "comment_content": "來一客九孔肉燥拍菠菜還不錯吃"}, {"comment_author": "TZUYIC", "comment_date": ["05/03", "16:15"], "comment_content": "如果要省錢，應該不會選單價這麼高的？"}, {"comment_author": "t4lin", "comment_date": ["05/03", "16:15"], "comment_content": "台酒太多口味了   推不完"}, {"comment_author": "Mei5566", "comment_date": ["05/03", "16:15"], "comment_content": "雙響砲"}, {"comment_author": "TZUYIC", "comment_date": ["05/03", "16:16"], "comment_content": "建議你買7-11幸福餐盒，只要60元，又有一"}, {"comment_author": "finzaghi", "comment_date": ["05/03", "16:16"], "comment_content": "小時光麵館 花椒擔擔"}, {"comment_author": "TZUYIC", "comment_date": ["05/03", "16:16"], "comment_content": "大塊雞胸肉，蛋白質很夠。"}, {"comment_author": "MrOrzer", "comment_date": ["05/03", "16:17"], "comment_content": "味味A炒泡麵 三杯口味"}, {"comment_author": "uohZemllac", "comment_date": ["05/03", "16:18"], "comment_content": "味王當歸湯麵湯頭不錯，可以自己再加"}, {"comment_author": "uohZemllac", "comment_date": ["05/03", "16:18"], "comment_content": "愛吃的料"}, {"comment_author": "metam", "comment_date": ["05/03", "16:18"], "comment_content": "新的時尚玩家炒麵三杯雞口味"}, {"comment_author": "ANTHEIA", "comment_date": ["05/03", "16:18"], "comment_content": "小時光 花椒"}, {"comment_author": "vvrr", "comment_date": ["05/03", "16:19"], "comment_content": "起司拉麵有點噁心…"}, {"comment_author": "haiduc", "comment_date": ["05/03", "16:19"], "comment_content": "「隨緣」泡麵是素的"}, {"comment_author": "WeGoStyle", "comment_date": ["05/03", "16:19"], "comment_content": "維力元祖雞汁麵，便宜又好吃"}, {"comment_author": "vvrr", "comment_date": ["05/03", "16:20"], "comment_content": "縮衣節食應該是 Indomie + 蛋 之類"}, {"comment_author": "felixr0123", "comment_date": ["05/03", "16:21"], "comment_content": "哥是不推薦泡麵 高油鹽的方式 一包就"}, {"comment_author": "felixr0123", "comment_date": ["05/03", "16:21"], "comment_content": "超過你一個禮拜的額度 建議你買白飯"}, {"comment_author": "felixr0123", "comment_date": ["05/03", "16:21"], "comment_content": "直接+白煮蛋都比較健康"}, {"comment_author": "hy1221", "comment_date": ["05/03", "16:21"], "comment_content": "縮衣節食吃啥泡麵 去等乞丐時光"}, {"comment_author": "dch44dyw", "comment_date": ["05/03", "16:22"], "comment_content": "鴨肉冬粉也很香"}, {"comment_author": "theanswer9", "comment_date": ["05/03", "16:22"], "comment_content": "大補帖"}, {"comment_author": "bread220", "comment_date": ["05/03", "16:22"], "comment_content": "裡面一定要加蔥才是好泡麵"}, {"comment_author": "RLAPH", "comment_date": ["05/03", "16:22"], "comment_content": "上次有人推個什麼農會茭白筍的 好像不錯"}, {"comment_author": "sheepxo", "comment_date": ["05/03", "16:22"], "comment_content": "維力炸醬湯麵 比乾麵有飽足感"}, {"comment_author": "vowpool", "comment_date": ["05/03", "16:24"], "comment_content": "要省錢還挑口味嗎 當然是選最便宜的"}, {"comment_author": "Allen0315", "comment_date": ["05/03", "16:27"], "comment_content": "    台酒 花雕酸菜牛肉麵 紅酒燉牛肉麵"}, {"comment_author": "timidwei", "comment_date": ["05/03", "16:27"], "comment_content": " 省錢去找那種可以自己添飯的自助餐"}, {"comment_author": "dearluna", "comment_date": ["05/03", "16:27"], "comment_content": "統一肉骨茶跟大補帖當歸麵線"}, {"comment_author": "glenmarlboro", "comment_date": ["05/03", "16:27"], "comment_content": "真爽黑胡椒豬肉"}, {"comment_author": "cccwahaha", "comment_date": ["05/03", "16:29"], "comment_content": "感覺是又要省又不想花時間 味味A辣牛肉"}, {"comment_author": "samm3320", "comment_date": ["05/03", "16:30"], "comment_content": "縮衣節食請自己滷一鍋滷肉或是咖哩，泡"}, {"comment_author": "samm3320", "comment_date": ["05/03", "16:30"], "comment_content": "麵很貴的"}, {"comment_author": "cccwahaha", "comment_date": ["05/03", "16:30"], "comment_content": "湯麵 主要是加蛋加菜加豆腐味道好搭配"}, {"comment_author": "mono5566", "comment_date": ["05/03", "16:31"], "comment_content": "統一肉燥 打個蛋OK"}, {"comment_author": "mono5566", "comment_date": ["05/03", "16:32"], "comment_content": "漢堡蚵仔味這半年出現了 可以去回味"}, {"comment_author": "UrFather", "comment_date": ["05/03", "16:32"], "comment_content": "浪味炒麵唯一真神☺"}, {"comment_author": "jigme", "comment_date": ["05/03", "16:33"], "comment_content": "媽媽麵"}, {"comment_author": "Rugal", "comment_date": ["05/03", "16:34"], "comment_content": "浪味炒麵"}, {"comment_author": "lkdsa", "comment_date": ["05/03", "16:35"], "comment_content": "縮衣節食推薦超市關廟麵一大包多的錢還可"}, {"comment_author": "lkdsa", "comment_date": ["05/03", "16:35"], "comment_content": "以買蛋跟菜多健康"}, {"comment_author": "louis82828", "comment_date": ["05/03", "16:35"], "comment_content": "維力大乾麵 紅油擔擔"}, {"comment_author": "plice", "comment_date": ["05/03", "16:35"], "comment_content": "漢寶也不錯"}, {"comment_author": "Or3", "comment_date": ["05/03", "16:36"], "comment_content": "來一客我喜歡京燉肉骨"}, {"comment_author": "blairkimi", "comment_date": ["05/03", "16:38"], "comment_content": "隨緣麻辣燙"}, {"comment_author": "Leika", "comment_date": ["05/03", "16:39"], "comment_content": "味味一品 朕一品金門高坑牛肉麵"}, {"comment_author": "MakeAWash", "comment_date": ["05/03", "16:40"], "comment_content": "要省錢就是媽媽麵雞蛋麵這種阿"}, {"comment_author": "shirokase", "comment_date": ["05/03", "16:40"], "comment_content": "去自由聯盟，味味A排骨雞麵碗裝才10幾"}, {"comment_author": "shirokase", "comment_date": ["05/03", "16:40"], "comment_content": "塊"}, {"comment_author": "v19791119", "comment_date": ["05/03", "16:41"], "comment_content": "金色那碗泡麵，好吃"}, {"comment_author": "terryroc", "comment_date": ["05/03", "16:42"], "comment_content": "印尼營多炒泡麵啊"}, {"comment_author": "dangercat5", "comment_date": ["05/03", "16:44"], "comment_content": "以前隨便都好吃 年紀越大越挑嘴"}, {"comment_author": "smilemiz", "comment_date": ["05/03", "16:44"], "comment_content": "縮衣節食？應該是買包米+醬油，只吃醬"}, {"comment_author": "smilemiz", "comment_date": ["05/03", "16:45"], "comment_content": "油拌飯撐過去吧。"}, {"comment_author": "Heedictator", "comment_date": ["05/03", "16:45"], "comment_content": "維力炸醬麵"}, {"comment_author": "tikowm", "comment_date": ["05/03", "16:46"], "comment_content": "一餐兩顆蛋就好"}, {"comment_author": "psykl", "comment_date": ["05/03", "16:50"], "comment_content": "蘇丹紅後，有沒有哪些調味醬換了？"}, {"comment_author": "psykl", "comment_date": ["05/03", "16:53"], "comment_content": "縮衣節食 沒空自煮可google附近划算自助餐"}, {"comment_author": "kikujiro", "comment_date": ["05/03", "16:54"], "comment_content": "科學麵"}, {"comment_author": "auir", "comment_date": ["05/03", "16:56"], "comment_content": "統一肉燥，不煮乾吃"}, {"comment_author": "chachayu", "comment_date": ["05/03", "16:58"], "comment_content": "味味一品紅燒牛肉麵呢 這麼老字號"}, {"comment_author": "DPP48", "comment_date": ["05/03", "16:58"], "comment_content": "金味王紅燒牛肉麵"}, {"comment_author": "xxx5566xxx", "comment_date": ["05/03", "16:58"], "comment_content": "維力蛤蜊湯麵，要用煮的"}, {"comment_author": "leohayashi1", "comment_date": ["05/03", "16:59"], "comment_content": "素飄香就是過譽，吃麻辣燙還素口味"}, {"comment_author": "leohayashi1", "comment_date": ["05/03", "16:59"], "comment_content": "，吃了一碗果然難吃，就素食者愛吹"}, {"comment_author": "leohayashi1", "comment_date": ["05/03", "16:59"], "comment_content": "而已"}, {"comment_author": "chachayu", "comment_date": ["05/03", "17:01"], "comment_content": "素食泡麵就是羹麵式的 普普"}, {"comment_author": "night0204", "comment_date": ["05/03", "17:03"], "comment_content": "現在的縮衣節食絕對不是買泡麵吃"}, {"comment_author": "chachayu", "comment_date": ["05/03", "17:03"], "comment_content": "泡麵只要在下雨冷冷情境下加蛋青菜蔥 讚"}, {"comment_author": "chachayu", "comment_date": ["05/03", "17:04"], "comment_content": "然後還要妹啊或是親人煮 人生足夠"}, {"comment_author": "undeadmask", "comment_date": ["05/03", "17:10"], "comment_content": "隨緣椎茸素泡麵 湯超好喝"}, {"comment_author": "DPP48", "comment_date": ["05/03", "17:15"], "comment_content": "一定要去吃網咖泡麵"}, {"comment_author": "gunfighter", "comment_date": ["05/03", "17:15"], "comment_content": "味味的泡麵根本是挑戰台灣人味覺下限"}, {"comment_author": "gunfighter", "comment_date": ["05/03", "17:16"], "comment_content": "這排行沒工商 騙鬼呢"}, {"comment_author": "smith0981", "comment_date": ["05/03", "17:17"], "comment_content": "台酒花雕東坡肉"}, {"comment_author": "GORDON2037", "comment_date": ["05/03", "17:17"], "comment_content": "雙響泡有個沙茶什麼口味的還可以"}, {"comment_author": "phenom42", "comment_date": ["05/03", "17:28"], "comment_content": "手打麵有個螃蟹風味的不錯"}, {"comment_author": "arfefasgteaf", "comment_date": ["05/03", "17:30"], "comment_content": "印尼泡麵"}, {"comment_author": "triphop", "comment_date": ["05/03", "17:31"], "comment_content": "縮衣節食吃泡麵也太貴"}, {"comment_author": "SHiroo", "comment_date": ["05/03", "17:32"], "comment_content": "最近吃手打麵蔥香牛肉"}, {"comment_author": "acergame5", "comment_date": ["05/03", "17:32"], "comment_content": "問就是日清"}, {"comment_author": "LoCoCo", "comment_date": ["05/03", "17:34"], "comment_content": "竟然在裡面放鮑魚….."}, {"comment_author": "chachayu", "comment_date": ["05/03", "17:34"], "comment_content": "妹啊不是妹妹啦 是網咖那種你知道的"}, {"comment_author": "ricamya", "comment_date": ["05/03", "17:36"], "comment_content": "10+青菜煮好吃呦"}, {"comment_author": "lapentti", "comment_date": ["05/03", "17:37"], "comment_content": "辛拉麵是快煮麵不是泡麵"}, {"comment_author": "poppub", "comment_date": ["05/03", "17:38"], "comment_content": "台酒好幾款麵條Q彈"}, {"comment_author": "aa717648tw", "comment_date": ["05/03", "17:40"], "comment_content": "王子麵泡成乾麵很好吃"}, {"comment_author": "dc871512", "comment_date": ["05/03", "17:41"], "comment_content": "台酒特饌-紅酒燉牛肉麵"}, {"comment_author": "fedex55665", "comment_date": ["05/03", "17:42"], "comment_content": "日清不出，都是爭老2"}, {"comment_author": "heatlion", "comment_date": ["05/03", "17:43"], "comment_content": "大補帖當歸"}, {"comment_author": "tony88104", "comment_date": ["05/03", "17:44"], "comment_content": "大乾麵 地獄辣椒"}, {"comment_author": "sendow", "comment_date": ["05/03", "17:49"], "comment_content": "味味A排骨雞乾麵"}, {"comment_author": "Ycosmos", "comment_date": ["05/03", "17:51"], "comment_content": "一度賛 剝皮辣椒雞"}, {"comment_author": "sheep79119", "comment_date": ["05/03", "17:52"], "comment_content": "越南泡麵pho"}, {"comment_author": "ymcaboy", "comment_date": ["05/03", "17:54"], "comment_content": "統一巷口乾麵。"}, {"comment_author": "Refauth", "comment_date": ["05/03", "17:59"], "comment_content": "你媽煮的麵"}, {"comment_author": "kimuya1127", "comment_date": ["05/03", "18:04"], "comment_content": "推薦日清拉王系列,麵體特別好吃^^"}, {"comment_author": "keita2277", "comment_date": ["05/03", "18:04"], "comment_content": "天下一品"}, {"comment_author": "signm", "comment_date": ["05/03", "18:07"], "comment_content": "浪味炒麵真的吃不膩"}, {"comment_author": "b93510015", "comment_date": ["05/03", "18:20"], "comment_content": "泰國mama麵"}, {"comment_author": "aju0921", "comment_date": ["05/03", "18:21"], "comment_content": "不用問 就是 統一肉燥麵NO1"}, {"comment_author": "Rainbowdays", "comment_date": ["05/03", "18:24"], "comment_content": "大乾麵地獄辣椒跟紅油旦旦都不錯 想"}, {"comment_author": "Rainbowdays", "comment_date": ["05/03", "18:24"], "comment_content": "要省還可以自己拌麻醬麵阿 不會比吃"}, {"comment_author": "Rainbowdays", "comment_date": ["05/03", "18:24"], "comment_content": "泡麵貴"}, {"comment_author": "somefatguy", "comment_date": ["05/03", "18:27"], "comment_content": "蒸煮麵加醬油"}, {"comment_author": "covenant", "comment_date": ["05/03", "18:32"], "comment_content": "阿Q 蒜香珍肉"}, {"comment_author": "Hoshan", "comment_date": ["05/03", "18:34"], "comment_content": "1跟10真的好吃"}, {"comment_author": "Rainbowdays", "comment_date": ["05/03", "18:34"], "comment_content": "麵一坨十塊 醬一坨十五塊還有醬油水"}, {"comment_author": "Rainbowdays", "comment_date": ["05/03", "18:35"], "comment_content": "電加起來也不過35-40"}, {"comment_author": "CTUST", "comment_date": ["05/03", "18:36"], "comment_content": "浪味仙絕版烏龍杯麵，要講幾次"}, {"comment_author": "pinrannie", "comment_date": ["05/03", "18:49"], "comment_content": "隨緣 阿Q 味味A都可以"}, {"comment_author": "abcrr123", "comment_date": ["05/03", "18:51"], "comment_content": "雙響砲"}, {"comment_author": "cobrasgo", "comment_date": ["05/03", "18:55"], "comment_content": "一度讚 爌肉口味"}, {"comment_author": "cobrasgo", "comment_date": ["05/03", "18:55"], "comment_content": "真爽 豬肉口味"}, {"comment_author": "aries1985", "comment_date": ["05/03", "19:04"], "comment_content": "味丹的酒膳排骨 只有家樂福有"}, {"comment_author": "wed3qla", "comment_date": ["05/03", "19:10"], "comment_content": ""}, {"comment_author": "wed3qla", "comment_date": ["05/03", "19:11"], "comment_content": "雙響炮唯一好吃的"}, {"comment_author": "bronx0807", "comment_date": ["05/03", "19:14"], "comment_content": "味丹 雞汁麵 小北有賣"}, {"comment_author": "smallstudent", "comment_date": ["05/03", "19:19"], "comment_content": "一度讚人蔘雞/剝皮辣椒，台酒都不"}, {"comment_author": "smallstudent", "comment_date": ["05/03", "19:19"], "comment_content": "錯"}, {"comment_author": "Workshy", "comment_date": ["05/03", "19:20"], "comment_content": "統一肉燥米粉"}, {"comment_author": "rtoday", "comment_date": ["05/03", "19:25"], "comment_content": "泡麵都要比便當貴了…"}, {"comment_author": "checcc", "comment_date": ["05/03", "19:29"], "comment_content": "印尼泡麵"}, {"comment_author": "amingoliu", "comment_date": ["05/03", "19:41"], "comment_content": "朕一品好吃"}, {"comment_author": "canallchen", "comment_date": ["05/03", "19:41"], "comment_content": "統一肉燥麵"}, {"comment_author": "kidlee", "comment_date": ["05/03", "19:44"], "comment_content": "日清 拉王"}, {"comment_author": "Eric0605", "comment_date": ["05/03", "19:46"], "comment_content": "媽媽麵"}, {"comment_author": "Aequanimitas", "comment_date": ["05/03", "19:58"], "comment_content": "日清蒙古拉麵中本"}, {"comment_author": "qq260", "comment_date": ["05/03", "19:58"], "comment_content": "一度贊 番茄牛肉麵"}, {"comment_author": "qq260", "comment_date": ["05/03", "20:01"], "comment_content": "台酒 三杯雞也不錯"}, {"comment_author": "nxuanr", "comment_date": ["05/03", "20:08"], "comment_content": "滿漢大餐 麻辣鍋牛肉麵 超級好吃"}, {"comment_author": "cities516", "comment_date": ["05/03", "20:10"], "comment_content": "炸王"}, {"comment_author": "picher", "comment_date": ["05/03", "20:36"], "comment_content": "金拉麵"}, {"comment_author": "max125", "comment_date": ["05/03", "20:43"], "comment_content": "拉麵道 豚骨/日式味增，統一/味味A肉骨茶"}, {"comment_author": "centiyan", "comment_date": ["05/03", "20:59"], "comment_content": "漢寶黑胡椒牛肉"}, {"comment_author": "centiyan", "comment_date": ["05/03", "20:59"], "comment_content": "浪味炒麵"}, {"comment_author": "Number9527", "comment_date": ["05/03", "21:07"], "comment_content": "來一客泡菜才是最好吃的"}, {"comment_author": "jwansn", "comment_date": ["05/03", "21:09"], "comment_content": "日清比較好吃"}, {"comment_author": "despised", "comment_date": ["05/03", "21:33"], "comment_content": "大乾麵"}, {"comment_author": "leterg", "comment_date": ["05/03", "21:40"], "comment_content": "阿Q泡菜"}, {"comment_author": "yang00023", "comment_date": ["05/03", "21:53"], "comment_content": "去煮一鍋咖哩或滷肉還比較實在"}, {"comment_author": "esp0122", "comment_date": ["05/03", "22:19"], "comment_content": "靠北 浪味炒麵跟屎一樣 滿滿化學味"}, {"comment_author": "limp", "comment_date": ["05/03", "22:46"], "comment_content": "台酒 酸菜牛肉麵"}, {"comment_author": "StevenEXE", "comment_date": ["05/03", "22:52"], "comment_content": "想嚐鮮可以試試台酒 雪菜雞肉，味道有"}, {"comment_author": "StevenEXE", "comment_date": ["05/03", "22:52"], "comment_content": "夠特別"}, {"comment_author": "ryan2001", "comment_date": ["05/03", "23:15"], "comment_content": "泡麵明明就貴 想省錢還敢吃泡麵啊"}, {"comment_author": "akira01", "comment_date": ["05/03", "23:49"], "comment_content": "味味一品臭豆腐麵 不能少吧,最近有新的"}, {"comment_author": "akira01", "comment_date": ["05/03", "23:49"], "comment_content": "天香川味牛肉麵"}, {"comment_author": "pswen", "comment_date": ["05/04", "00:46"], "comment_content": "雙響泡，二塊麵"}, {"comment_author": "Beckhan", "comment_date": ["05/04", "02:06"], "comment_content": "唯一推薦ㄧ度讚"}, {"comment_author": "shi21", "comment_date": ["05/04", "02:18"], "comment_content": "統一肉燥"}, {"comment_author": "BacBlack", "comment_date": ["05/04", "02:51"], "comment_content": "合味道：海鮮味、香辣海鮮味"}, {"comment_author": "eggapple", "comment_date": ["05/04", "03:00"], "comment_content": "這裡面居然沒日清，號 ?"}, {"comment_author": "soulboy330", "comment_date": ["05/04", "04:14"], "comment_content": "出前一丁 一度讚牛肉麵控肉麵都不"}, {"comment_author": "soulboy330", "comment_date": ["05/04", "04:14"], "comment_content": "錯"}, {"comment_author": "soulboy330", "comment_date": ["05/04", "04:15"], "comment_content": "早餐可以改成燕麥片很健康"}, {"comment_author": "AsamiyaNana", "comment_date": ["05/04", "07:37"], "comment_content": "味王  原汁牛肉麵"}, {"comment_author": "LightWorker", "comment_date": ["05/04", "09:34"], "comment_content": "生力麵"}]}
