{"author": "tkc7 (至情至性)", "category": "Gossiping", "title": "[問卦] 現在還有什麼考公職的理由", "date": "Tue Apr 30 22:38:44 2024", "content": ["如題最近不論是在ptt還是dcard公職都被說是爛工作技術類的不用討論就行政類來說現在還有什麼值得考的理由是能找到的民間企業的薪資還是比較低不會裁員高手已經去私人企業讓考試競爭降低有沒有現在考公職的理由的八卦--"], "post_comment": [{"comment_author": "Owen93", "comment_date": ["04/30", "22:39"], "comment_content": "有人拿槍逼你考？"}, {"comment_author": "b0d", "comment_date": ["04/30", "22:40"], "comment_content": "進去打混摸魚"}, {"comment_author": "mikasamikoto", "comment_date": ["04/30", "22:40"], "comment_content": "文組"}, {"comment_author": "uohZemllac", "comment_date": ["04/30", "22:41"], "comment_content": "中南部躺平首選"}, {"comment_author": "YLTYY", "comment_date": ["04/30", "22:42"], "comment_content": "摸魚啊。擺爛 當被動收入"}, {"comment_author": "queen100000", "comment_date": ["04/30", "22:42"], "comment_content": "行政類本來就是混吃等死的，現在連"}, {"comment_author": "queen100000", "comment_date": ["04/30", "22:42"], "comment_content": "等死都出問題了，乾脆外送躺平"}, {"comment_author": "jumperman", "comment_date": ["04/30", "22:43"], "comment_content": "滿手地契,就可以去考..."}, {"comment_author": "king123", "comment_date": ["04/30", "22:45"], "comment_content": "已經國考五年的萬年考生"}, {"comment_author": "Hirano", "comment_date": ["04/30", "22:45"], "comment_content": "適合臉皮厚不愛社交只想躺平的人去做，保"}, {"comment_author": "Hirano", "comment_date": ["04/30", "22:45"], "comment_content": "證舒服"}, {"comment_author": "Eleganse", "comment_date": ["04/30", "22:46"], "comment_content": "因為考公職也是一種職業　和公職不一樣"}, {"comment_author": "u9596g12", "comment_date": ["04/30", "22:47"], "comment_content": "技術類去真的肉身菩薩 有夠佛"}, {"comment_author": "kkkshiny", "comment_date": ["04/30", "22:49"], "comment_content": "頭去撞到吧"}, {"comment_author": "lmu0837", "comment_date": ["04/30", "23:02"], "comment_content": "方便低利貸款炒房炒股"}, {"comment_author": "holiybo", "comment_date": ["04/30", "23:04"], "comment_content": "你覺得私立大學歷史系可以找什麼工作"}, {"comment_author": "bb9527oo", "comment_date": ["04/30", "23:17"], "comment_content": "技術類外面薪水更好，跑去考公務員的大"}, {"comment_author": "bb9527oo", "comment_date": ["04/30", "23:17"], "comment_content": "概是家裡有山想進去躺平吧？不過有靠山"}, {"comment_author": "bb9527oo", "comment_date": ["04/30", "23:17"], "comment_content": "的可以靠用喬的開約聘約進去躺平就是了"}, {"comment_author": "JoanneChung", "comment_date": ["04/30", "23:33"], "comment_content": "高考行政類的薪水跟外面比算還ok吧"}, {"comment_author": "nbgfdew", "comment_date": ["04/30", "23:37"], "comment_content": "不然你文組想找什麼工作？"}, {"comment_author": "lyenia", "comment_date": ["04/30", "23:51"], "comment_content": "一樣滑手機 你在家滑可是沒錢進來的 更別"}, {"comment_author": "lyenia", "comment_date": ["04/30", "23:52"], "comment_content": "說隱藏福利了"}, {"comment_author": "shaoju", "comment_date": ["04/30", "23:56"], "comment_content": "公職薪水低壓力大責任重事情還做不完"}, {"comment_author": "kilhi", "comment_date": ["05/01", "00:13"], "comment_content": "南部低薪"}, {"comment_author": "k798976869", "comment_date": ["05/01", "01:33"], "comment_content": "臉皮夠厚可以擺爛 一切照法規來就好"}, {"comment_author": "jimhall", "comment_date": ["05/01", "03:48"], "comment_content": "請假領薪水享福利 會用的人很會用"}]}
