{"author": "hrma (資深象迷)", "category": "Gossiping", "title": "[問卦] 版上怎麼看立領的衣服???", "date": "Sat May  4 10:41:01 2024", "content": ["現代服飾好像折領是趨勢   立領幾乎快消失   台男也幾乎都穿折領的衣服   有沒有酸民怎麼看立領衣服的八卦?    ps　我覺得穿起來不舒服--"], "post_comment": [{"comment_author": "highyes", "comment_date": ["05/04", "10:41"], "comment_content": "看臉 = =！"}, {"comment_author": "chadmu", "comment_date": ["05/04", "10:43"], "comment_content": "板啦幹"}, {"comment_author": "derrick1220", "comment_date": ["05/04", "10:44"], "comment_content": "感恩"}, {"comment_author": "VL1003", "comment_date": ["05/04", "10:46"], "comment_content": "肥宅都快沒脖子了，還穿立領當然不舒服 QQ"}, {"comment_author": "ridecule", "comment_date": ["05/04", "10:46"], "comment_content": "哪有快消失"}, {"comment_author": "realtw", "comment_date": ["05/04", "11:13"], "comment_content": "台灣人比較胖 最好是穿那種沒領子的 免得"}, {"comment_author": "realtw", "comment_date": ["05/04", "11:14"], "comment_content": "顯得脖子短"}, {"comment_author": "realtw", "comment_date": ["05/04", "11:14"], "comment_content": "胖子的衣服沒啥選擇 就是圓領衫  有領子的"}, {"comment_author": "realtw", "comment_date": ["05/04", "11:14"], "comment_content": "一概不看"}, {"comment_author": "aki1987", "comment_date": ["05/04", "12:48"], "comment_content": " 日本人滿愛穿立領的"}, {"comment_author": "cynthiajul", "comment_date": ["05/04", "13:02"], "comment_content": "有一陣子台男很愛穿polo衫立領，超"}, {"comment_author": "cynthiajul", "comment_date": ["05/04", "13:02"], "comment_content": "醜的。"}]}
