{"author": "xw741953 (孤獨魂)", "category": "Gossiping", "title": "[問卦] 這樣算財富自由點菜法嗎", "date": "Thu May  2 11:51:25 2024", "content": ["肥宅只有一個人啦在吃金峰滷肉飯有飯有菜有湯有蛋跟豆腐沒在看價錢點的啦這樣吃滷肉飯 算是財富自由的點法嗎？", "--", "等我吃完再說也不遲-.-", "我是最喜歡今大  尤其是女店員 讚"], "post_comment": [{"comment_author": "Insania", "comment_date": ["05/02", "11:52"], "comment_content": "感覺美賣想吃嘻嘻"}, {"comment_author": "chsh320", "comment_date": ["05/02", "11:52"], "comment_content": "好羨慕哥真有錢"}, {"comment_author": "zyxx", "comment_date": ["05/02", "11:52"], "comment_content": "財富自由"}, {"comment_author": "GGinler", "comment_date": ["05/02", "11:52"], "comment_content": "這間在八卦版被嫌得要死"}, {"comment_author": "HodorDragon", "comment_date": ["05/02", "11:52"], "comment_content": "是"}, {"comment_author": "a27588679", "comment_date": ["05/02", "11:53"], "comment_content": "金峰gmap的負評很精彩"}, {"comment_author": "ericthree", "comment_date": ["05/02", "11:54"], "comment_content": "一看就是大戶"}, {"comment_author": "ryan0222", "comment_date": ["05/02", "11:54"], "comment_content": "吃不飽還叫財富自由"}, {"comment_author": "cth5566", "comment_date": ["05/02", "11:55"], "comment_content": "算"}, {"comment_author": "Vassili242", "comment_date": ["05/02", "11:56"], "comment_content": "郭台銘都不敢這樣奢侈"}, {"comment_author": "felixr0123", "comment_date": ["05/02", "11:57"], "comment_content": "6樓加料精彩"}, {"comment_author": "lucifiel1618", "comment_date": ["05/02", "11:58"], "comment_content": "這碗滷肉飯我不行"}, {"comment_author": "seniorjj", "comment_date": ["05/02", "11:58"], "comment_content": "好羨慕 真有錢"}, {"comment_author": "milkcake", "comment_date": ["05/02", "11:58"], "comment_content": "爸爸 晚餐可以跟您一起吃嗎"}, {"comment_author": "farseer7", "comment_date": ["05/02", "12:00"], "comment_content": "好想吃…中午要排隊嗎？"}, {"comment_author": "peterisme17", "comment_date": ["05/02", "12:03"], "comment_content": "普通吧，兩顆滷蛋才是大戶"}, {"comment_author": "ladygaga168", "comment_date": ["05/02", "12:06"], "comment_content": "油鹽糖三要素，嘻嘻"}, {"comment_author": "kiopl", "comment_date": ["05/02", "12:12"], "comment_content": "有種露出完整條碼 讓你見識真正的財富自由"}, {"comment_author": "kiopl", "comment_date": ["05/02", "12:13"], "comment_content": "不過這家是我心中過譽滷肉飯界第一名"}, {"comment_author": "canallchen", "comment_date": ["05/02", "12:49"], "comment_content": "有雞腿又有滷蛋。已羨慕"}, {"comment_author": "waloloo", "comment_date": ["05/02", "12:56"], "comment_content": "阿肥你瘦了，根本魯一樣點法"}, {"comment_author": "system303179", "comment_date": ["05/02", "13:05"], "comment_content": "這滷肉看起來很難吃欸"}, {"comment_author": "powerggyy", "comment_date": ["05/02", "13:14"], "comment_content": "果然 一個人 才是對的路 QQ"}, {"comment_author": "leon86467", "comment_date": ["05/02", "13:25"], "comment_content": "怎麼沒點鼎邊銼？"}, {"comment_author": "ssnopra", "comment_date": ["05/02", "14:27"], "comment_content": "金峰！？？？？"}, {"comment_author": "koexe", "comment_date": ["05/02", "17:23"], "comment_content": "過譽"}, {"comment_author": "film12", "comment_date": ["05/02", "17:35"], "comment_content": "算"}]}
