{"author": "aza0290 ()", "category": "Gossiping", "title": "[問卦] 台灣是不是很落後", "date": "Sat May  4 14:44:21 2024", "content": ["台灣的路上常常聽見改管破猴車的噪音，日本或韓國其他先進國家路上也沒像台灣這麼多破管猴，政府也不積極取締，然後檢舉也沒用，台灣不是已開發國家嗎？為什麼搞得像落後國家一樣？--"], "post_comment": [{"comment_author": "fony1029", "comment_date": ["05/04", "14:44"], "comment_content": "民粹當道正常"}, {"comment_author": "OPPAISuki", "comment_date": ["05/04", "14:45"], "comment_content": "閩南水準"}, {"comment_author": "s820912gmail", "comment_date": ["05/04", "14:45"], "comment_content": "看看台北市的破國宅"}, {"comment_author": "adk147852", "comment_date": ["05/04", "14:45"], "comment_content": "少子化後 這些是台灣未來主流價值"}, {"comment_author": "alex00089", "comment_date": ["05/04", "14:45"], "comment_content": "落後看交通就知道"}, {"comment_author": "LoveMakeLove", "comment_date": ["05/04", "14:46"], "comment_content": "沒錯…"}, {"comment_author": "gx8759121", "comment_date": ["05/04", "14:46"], "comment_content": "東南亞的詐騙糞島你敢嘴?不爽可以移民"}, {"comment_author": "snow3804", "comment_date": ["05/04", "14:46"], "comment_content": "台灣不是已開發國家"}, {"comment_author": "gx8759121", "comment_date": ["05/04", "14:46"], "comment_content": "哦親，嘻嘻"}, {"comment_author": "westinsane", "comment_date": ["05/04", "14:53"], "comment_content": "有40%在，你期望台灣多進步？"}, {"comment_author": "king123", "comment_date": ["05/04", "14:56"], "comment_content": "台灣文明開化才三十幾年 要慢慢淘汰老人"}, {"comment_author": "KingChang711", "comment_date": ["05/04", "14:57"], "comment_content": "本板規定板眾碰到40%一律絕交加封鎖"}, {"comment_author": "KingChang711", "comment_date": ["05/04", "14:57"], "comment_content": "有沒有問題？"}, {"comment_author": "hvhiiavjqmp", "comment_date": ["05/04", "15:01"], "comment_content": "去到日本真的，去到韓國差不多"}, {"comment_author": "COWBASHA", "comment_date": ["05/04", "15:05"], "comment_content": "閩南人啊"}, {"comment_author": "tintiniihsu", "comment_date": ["05/04", "15:27"], "comment_content": "像玩命關頭那麽落後嗎？"}, {"comment_author": "ladygaga168", "comment_date": ["05/04", "15:32"], "comment_content": "反觀美國哈雷超安靜，嘻嘻"}, {"comment_author": "hermionex", "comment_date": ["05/04", "16:21"], "comment_content": "說個笑話 日本很少聽到改管"}, {"comment_author": "hermionex", "comment_date": ["05/04", "16:22"], "comment_content": "連日本都沒去過就別出來給人笑了"}]}
