{"author": "holiybo (米羅)", "category": "Gossiping", "title": "[問卦] 我們可以去哪國當外勞？", "date": "Fri May  3 13:15:01 2024", "content": ["印尼本地月薪資大概125~333美元來台灣當外勞加個班馬上收入三倍以上我們又是最愛外勞、對外勞最友善的國家跑一個再招兩個就好那如果我們台灣人也想當外勞有什麼國家可以月領台幣八萬以上又很歡迎外勞的？0.0？--"], "post_comment": [{"comment_author": "killverybig", "comment_date": ["05/03", "13:15"], "comment_content": "賣當勞"}, {"comment_author": "okokok0410", "comment_date": ["05/03", "13:15"], "comment_content": "緬甸"}, {"comment_author": "ghostl40809", "comment_date": ["05/03", "13:15"], "comment_content": "澳洲打工度假不就是"}, {"comment_author": "whiteadam", "comment_date": ["05/03", "13:15"], "comment_content": "苗栗"}, {"comment_author": "SidMax", "comment_date": ["05/03", "13:16"], "comment_content": "歐美吧"}, {"comment_author": "a27588679", "comment_date": ["05/03", "13:16"], "comment_content": "不就澳洲？"}, {"comment_author": "tsukasa107", "comment_date": ["05/03", "13:16"], "comment_content": "中壢"}, {"comment_author": "whiteflora6", "comment_date": ["05/03", "13:16"], "comment_content": "高度文明國"}, {"comment_author": "willieliu", "comment_date": ["05/03", "13:16"], "comment_content": "柬埔寨"}, {"comment_author": "willieliu", "comment_date": ["05/03", "13:17"], "comment_content": "樓下都在哪裡表演自肛？"}, {"comment_author": "syntax123", "comment_date": ["05/03", "13:17"], "comment_content": "美國日本"}, {"comment_author": "ChrisJericho", "comment_date": ["05/03", "14:18"], "comment_content": "澳洲一定有"}, {"comment_author": "adamyang2000", "comment_date": ["05/03", "15:23"], "comment_content": "中國"}]}
