{"author": "hugh509 ((0_ 0))", "category": "Gossiping", "title": "[問卦] 網飛會不會後悔做三體影集了?", "date": "Wed May  1 21:47:52 2024", "content": ["網飛花大錢買三體版權又花了平台紀錄的高價製作費結果上架後熱度似乎不如預期拿了幾周網飛榜的第一，看似成績不錯結果隔壁異塵餘生(Fallout)一上架直接來個全球熱度大橫掃影集強到亞馬遜一周就宣布續訂買下B社的微軟也開始關心遊戲續作有遊戲群眾基礎、有周邊形成宇宙這她媽才是值錢的超級IP網飛雖然有得了科幻獎的小說當劇本但名場面拍起來不好看，沒有普通觀眾緣改編還要被書迷批評，失去基礎群眾說穿了這種科幻獎，就是個冷門小獎居然有人傻到把它拿來拍成影集網飛會不會後悔沒從遊戲界找題材?--「我看不到」「欸 我真的看不到」「                 」「我還是什麼都看不到啊...」「我看不到我看不到我看不到!」--", "論話題熱度，Fallout依然是輾壓三體", "Fallout也是科幻吶"], "post_comment": [{"comment_author": "ralfeistein", "comment_date": ["05/01", "21:48"], "comment_content": "不如拍衛斯理"}, {"comment_author": "lastphil", "comment_date": ["05/01", "21:48"], "comment_content": "傳奇作品還是得做看看的 反正不差錢"}, {"comment_author": "PTTfaggot", "comment_date": ["05/01", "21:49"], "comment_content": "硬科幻的東西就不可能大紅"}, {"comment_author": "soria", "comment_date": ["05/01", "21:49"], "comment_content": "至少有賺"}, {"comment_author": "OPPAISuki", "comment_date": ["05/01", "21:49"], "comment_content": "最後悔投資台劇"}, {"comment_author": "OPPAISuki", "comment_date": ["05/01", "21:50"], "comment_content": "還好 應該還是有賺"}, {"comment_author": "ccs95209", "comment_date": ["05/01", "21:50"], "comment_content": "網飛投資不少劇都虧過 不差這一個"}, {"comment_author": "waijr", "comment_date": ["05/01", "21:51"], "comment_content": "三體有話題性 Netflix看收視不看口碑"}, {"comment_author": "waijr", "comment_date": ["05/01", "21:51"], "comment_content": "不然也不會投資亞當山德勒拍一堆片"}, {"comment_author": "LargeLanPa", "comment_date": ["05/01", "21:52"], "comment_content": "想看倪匡系列光衛斯理原振俠羅開這三"}, {"comment_author": "LargeLanPa", "comment_date": ["05/01", "21:53"], "comment_content": "個人設就可以賣爆了吧"}, {"comment_author": "OPPAISuki", "comment_date": ["05/01", "21:53"], "comment_content": "投資 韓劇最值得 賺翻"}, {"comment_author": "scores", "comment_date": ["05/01", "21:54"], "comment_content": "光炒文革打廣告就夠了"}, {"comment_author": "Qaaaa", "comment_date": ["05/01", "21:56"], "comment_content": "就鄉民狂洗這部啊 不然很普"}, {"comment_author": "aigame", "comment_date": ["05/01", "21:56"], "comment_content": "類文學跟爽片比爽片當然比較賣"}, {"comment_author": "Napoleon313", "comment_date": ["05/01", "21:56"], "comment_content": "科幻很容易爆死的 網飛已經改成比較"}, {"comment_author": "Napoleon313", "comment_date": ["05/01", "21:57"], "comment_content": "大眾化了 像騰訊那樣照書拍 就是書迷"}, {"comment_author": "Napoleon313", "comment_date": ["05/01", "21:57"], "comment_content": "評價高 但是收視和熱度很拉 有點慘"}, {"comment_author": "l2l", "comment_date": ["05/01", "21:58"], "comment_content": "三體有其哲思性 但娛樂性元素少太多 調性沉重"}, {"comment_author": "scores", "comment_date": ["05/01", "21:58"], "comment_content": "三體本來就不是動作大片什麼的"}, {"comment_author": "Napoleon313", "comment_date": ["05/01", "21:59"], "comment_content": "三體在歐美也有一個現象 就是菁英化"}, {"comment_author": "hsiehhsing", "comment_date": ["05/01", "21:59"], "comment_content": "今年看的三部，fallout>降世神通>三體"}, {"comment_author": "gueswmi", "comment_date": ["05/01", "21:59"], "comment_content": "論科幻  美劇基地 也不錯 熱度真低"}, {"comment_author": "Napoleon313", "comment_date": ["05/01", "22:00"], "comment_content": "和上流社會化 明顯偏向知識階層在熱"}, {"comment_author": "kamichu", "comment_date": ["05/01", "22:02"], "comment_content": "fallout前面幾集很爛 後面才變好"}, {"comment_author": "FeverPitch", "comment_date": ["05/01", "22:04"], "comment_content": "我先讀了原著 然後對影集的興趣就不大"}, {"comment_author": "FeverPitch", "comment_date": ["05/01", "22:04"], "comment_content": "了"}, {"comment_author": "FeverPitch", "comment_date": ["05/01", "22:05"], "comment_content": "嘴臺劇的 近期明明不少好劇 鹽水大飯"}, {"comment_author": "FeverPitch", "comment_date": ["05/01", "22:05"], "comment_content": "店 不夠善良的我們 勇氣家族等等"}, {"comment_author": "iLeyaSin365", "comment_date": ["05/01", "22:06"], "comment_content": "看了一下異塵 感覺三體還是比較有思"}, {"comment_author": "iLeyaSin365", "comment_date": ["05/01", "22:06"], "comment_content": "想深度的 異塵的賣點是構築的科幻世"}, {"comment_author": "iLeyaSin365", "comment_date": ["05/01", "22:06"], "comment_content": "界觀"}, {"comment_author": "Napoleon313", "comment_date": ["05/01", "22:06"], "comment_content": "三體肯定比較經典的 這部在後來的一"}, {"comment_author": "aigame", "comment_date": ["05/01", "22:07"], "comment_content": "基地看完第一集可以跳到最後一集直接連戲"}, {"comment_author": "aigame", "comment_date": ["05/01", "22:07"], "comment_content": "真心不騙"}, {"comment_author": "Napoleon313", "comment_date": ["05/01", "22:07"], "comment_content": "百年會一直被翻拍 有的作品就一時賺"}, {"comment_author": "Napoleon313", "comment_date": ["05/01", "22:07"], "comment_content": "錢但不會有歷史地位"}, {"comment_author": "sellgd", "comment_date": ["05/01", "22:07"], "comment_content": "Amazon才浪費錢 靠網拍和雲端在賺的"}, {"comment_author": "wpwsiance", "comment_date": ["05/01", "22:07"], "comment_content": "魔改多到誇張還蹭三體名真的有錢不要臉"}, {"comment_author": "sellgd", "comment_date": ["05/01", "22:08"], "comment_content": "NF這兩年作品屌打其他家"}, {"comment_author": "bogy26", "comment_date": ["05/01", "22:08"], "comment_content": "駭客任務也很紅啊"}, {"comment_author": "Badtwotwo", "comment_date": ["05/01", "22:10"], "comment_content": "兩部都很好看"}, {"comment_author": "darkbrigher", "comment_date": ["05/01", "22:13"], "comment_content": "就三體沒那個料阿 吹出來的"}, {"comment_author": "court", "comment_date": ["05/01", "22:15"], "comment_content": "上次Netflix 被盜就沒看過了"}, {"comment_author": "DALLEN", "comment_date": ["05/01", "22:16"], "comment_content": "爽片還是比較好看"}, {"comment_author": "Bagwell", "comment_date": ["05/01", "22:19"], "comment_content": "不是有獵魔士嗎 只是後面被編劇還是導演"}, {"comment_author": "Bagwell", "comment_date": ["05/01", "22:19"], "comment_content": "搞爛而已"}, {"comment_author": "b54102", "comment_date": ["05/01", "22:28"], "comment_content": "這部不錯啊 台劇才慘吧"}, {"comment_author": "raku", "comment_date": ["05/01", "22:30"], "comment_content": "終究還是要看拍得好不好看 Fallout最一開始"}, {"comment_author": "raku", "comment_date": ["05/01", "22:30"], "comment_content": "也只是歐美遊戲宅才知道的經典"}, {"comment_author": "hcc570910", "comment_date": ["05/01", "22:34"], "comment_content": "網飛今年只上一部台劇吧 有的前年拍好"}, {"comment_author": "hcc570910", "comment_date": ["05/01", "22:34"], "comment_content": "都沒播哩"}, {"comment_author": "a28200266", "comment_date": ["05/01", "22:34"], "comment_content": "會吧 然後還會被原作粉噴"}, {"comment_author": "hcc570910", "comment_date": ["05/01", "22:35"], "comment_content": "2部 非殺人小說 愛愛內含光"}, {"comment_author": "a28200266", "comment_date": ["05/01", "22:36"], "comment_content": "本來就是要大眾化的東西 但這種原作主"}, {"comment_author": "a28200266", "comment_date": ["05/01", "22:36"], "comment_content": "義在冷門小說翻拍比較常見 畢竟電影電"}, {"comment_author": "a28200266", "comment_date": ["05/01", "22:36"], "comment_content": "視劇呈現的跟他們想像的不同"}, {"comment_author": "raku", "comment_date": ["05/01", "22:37"], "comment_content": "Fallout的分類要算是Fallout 不是科幻也不"}, {"comment_author": "raku", "comment_date": ["05/01", "22:37"], "comment_content": "是cyberpunk"}, {"comment_author": "a28200266", "comment_date": ["05/01", "22:37"], "comment_content": "冷門小說（X) 非大眾小說（O)"}, {"comment_author": "hcc570910", "comment_date": ["05/01", "22:39"], "comment_content": "不夠善良爛尾 就別提了"}, {"comment_author": "don741026", "comment_date": ["05/01", "22:41"], "comment_content": "不能比  fallout 可以全程無腦看 ，三"}, {"comment_author": "don741026", "comment_date": ["05/01", "22:42"], "comment_content": "體不行，就跟智鬥漫畫一樣 說很紅也比"}, {"comment_author": "don741026", "comment_date": ["05/01", "22:42"], "comment_content": "不過無腦王道番"}, {"comment_author": "EngivalLirva", "comment_date": ["05/01", "22:44"], "comment_content": "別投資台劇就好 垃圾到極點"}, {"comment_author": "a1252352", "comment_date": ["05/01", "22:44"], "comment_content": "網飛近年好像真沒什麼能打的"}, {"comment_author": "mankaro", "comment_date": ["05/01", "22:51"], "comment_content": "原著作者神人也"}, {"comment_author": "mankaro", "comment_date": ["05/01", "22:51"], "comment_content": "翻拍的很好看"}, {"comment_author": "yangnana", "comment_date": ["05/01", "22:58"], "comment_content": "至少有錢拍 那內容在對岸審不過"}, {"comment_author": "imhideji", "comment_date": ["05/01", "23:02"], "comment_content": "小說三體就不是很好看"}, {"comment_author": "Freedom35", "comment_date": ["05/01", "23:07"], "comment_content": "巫師當初好好搞不就賺錢了"}, {"comment_author": "karlmama", "comment_date": ["05/01", "23:11"], "comment_content": "我也想看拍衛斯理"}, {"comment_author": "bigwhite327", "comment_date": ["05/01", "23:16"], "comment_content": "小說三體好看啦 不過網飛版改好多"}, {"comment_author": "holynarsil", "comment_date": ["05/01", "23:19"], "comment_content": "要對政治軍事歷史天文物理都有一定程"}, {"comment_author": "holynarsil", "comment_date": ["05/01", "23:19"], "comment_content": "度的理解才會覺得三體好看，這種人群"}, {"comment_author": "holynarsil", "comment_date": ["05/01", "23:19"], "comment_content": "本來就不是多數，太無腦學識低的人自"}, {"comment_author": "songbasara", "comment_date": ["05/01", "23:19"], "comment_content": "異塵餘生給網飛拍會成獵魔士2.0"}, {"comment_author": "holynarsil", "comment_date": ["05/01", "23:19"], "comment_content": "然覺得三體難看"}, {"comment_author": "pp810207", "comment_date": ["05/01", "23:23"], "comment_content": "網飛自己拍的劇或電影其實都很爛"}, {"comment_author": "garyasdf", "comment_date": ["05/01", "23:28"], "comment_content": "之前有做一個很紅的遊戲吧"}, {"comment_author": "SapphireNoah", "comment_date": ["05/01", "23:35"], "comment_content": "Fallout亂七八糟的科技樹不算科幻吧"}, {"comment_author": "SapphireNoah", "comment_date": ["05/01", "23:37"], "comment_content": "只是因為玩過4代才看Fallout的"}, {"comment_author": "SapphireNoah", "comment_date": ["05/01", "23:38"], "comment_content": "就很普通沒到好看 一輪播完就關了"}, {"comment_author": "leosung168", "comment_date": ["05/01", "23:44"], "comment_content": "降世神通比三體好！？ 我看預告以為不"}, {"comment_author": "leosung168", "comment_date": ["05/01", "23:44"], "comment_content": "太行沒看"}, {"comment_author": "laechan", "comment_date": ["05/01", "23:54"], "comment_content": ""}, {"comment_author": "barracks", "comment_date": ["05/01", "23:55"], "comment_content": "大陸拍的版本比較好看"}, {"comment_author": "leterg", "comment_date": ["05/02", "00:04"], "comment_content": "三體國外討論度超高，那部影集能一直穩第"}, {"comment_author": "leterg", "comment_date": ["05/02", "00:04"], "comment_content": "一？"}, {"comment_author": "leterg", "comment_date": ["05/02", "00:05"], "comment_content": "我覺得獅子王瑪利歐更好看"}, {"comment_author": "selvester", "comment_date": ["05/02", "00:09"], "comment_content": "獵魔士比異塵餘生好拍多了也能爆炸"}, {"comment_author": "phoenix1017", "comment_date": ["05/02", "00:13"], "comment_content": "明明還不錯看，投資台灣只能拍〈大"}, {"comment_author": "phoenix1017", "comment_date": ["05/02", "00:13"], "comment_content": "體〉吧"}, {"comment_author": "pelier", "comment_date": ["05/02", "00:20"], "comment_content": "FALLOUT其實深度不夠 會看的都是遊戲粉吧"}, {"comment_author": "leterg", "comment_date": ["05/02", "00:29"], "comment_content": "三體NETFLIX 一次全播，能蟬聯幾週冠軍有"}, {"comment_author": "leterg", "comment_date": ["05/02", "00:29"], "comment_content": "很大的功勞就小粉紅去鬧的，鬧到經濟學人"}, {"comment_author": "leterg", "comment_date": ["05/02", "00:29"], "comment_content": "都報了"}, {"comment_author": "luxaky", "comment_date": ["05/02", "00:33"], "comment_content": "要對物理社會軍事都略懂才看得懂 可能晒掉"}, {"comment_author": "luxaky", "comment_date": ["05/02", "00:33"], "comment_content": "90%大學生"}, {"comment_author": "hearthstone0", "comment_date": ["05/02", "00:45"], "comment_content": "關你P事"}, {"comment_author": "Aliensoul", "comment_date": ["05/02", "00:48"], "comment_content": "確實，應該投資最優質的台劇，三體什"}, {"comment_author": "Aliensoul", "comment_date": ["05/02", "00:48"], "comment_content": "麼拉基"}, {"comment_author": "balance90316", "comment_date": ["05/02", "00:50"], "comment_content": "拜託netflix放過遊戲產業 獵魔士還"}, {"comment_author": "balance90316", "comment_date": ["05/02", "00:50"], "comment_content": "屍骨未寒"}, {"comment_author": "wayne530", "comment_date": ["05/02", "00:52"], "comment_content": "會嗎 我覺得超好看"}, {"comment_author": "soulboy330", "comment_date": ["05/02", "00:56"], "comment_content": "三體這種有熱度的小說題材你不拿去用"}, {"comment_author": "soulboy330", "comment_date": ["05/02", "00:56"], "comment_content": "就是被對手拿去而已 哪有什麼後悔"}, {"comment_author": "ab8383z", "comment_date": ["05/02", "00:56"], "comment_content": "三體很好看啊！只是應該很多人看不懂就"}, {"comment_author": "ab8383z", "comment_date": ["05/02", "00:56"], "comment_content": "覺得難看"}, {"comment_author": "tasy4n", "comment_date": ["05/02", "00:56"], "comment_content": "硬科幻太玄"}, {"comment_author": "eric61446", "comment_date": ["05/02", "01:04"], "comment_content": "三體做不了遊戲"}, {"comment_author": "qwe88016", "comment_date": ["05/02", "01:15"], "comment_content": "要吹深度就去看原作，看個簡化改編過的"}, {"comment_author": "qwe88016", "comment_date": ["05/02", "01:15"], "comment_content": "商業影集吹噓=="}, {"comment_author": "Colitas", "comment_date": ["05/02", "01:30"], "comment_content": "你該不會以為遊戲改編不會被原作派批評"}, {"comment_author": "Colitas", "comment_date": ["05/02", "01:30"], "comment_content": "吧？異塵餘生受到好評，是因為他們運用"}, {"comment_author": "Colitas", "comment_date": ["05/02", "01:31"], "comment_content": "原有的世界觀拍出很好的原創故事，如果"}, {"comment_author": "Colitas", "comment_date": ["05/02", "01:31"], "comment_content": "他們今天弄出來的原創劇本很差，一樣會"}, {"comment_author": "Colitas", "comment_date": ["05/02", "01:31"], "comment_content": "被批評魔改。"}, {"comment_author": "winteryoyo", "comment_date": ["05/02", "01:32"], "comment_content": "我覺得網飛應該在考慮退出台灣，拍台"}, {"comment_author": "winteryoyo", "comment_date": ["05/02", "01:32"], "comment_content": "灣片只有台灣看 虧爛"}, {"comment_author": "Colitas", "comment_date": ["05/02", "01:33"], "comment_content": "另外三體並不小眾，你有機會去國外書店"}, {"comment_author": "Colitas", "comment_date": ["05/02", "01:33"], "comment_content": "看看，三體作者可以被分配一整櫃的陳列"}, {"comment_author": "Colitas", "comment_date": ["05/02", "01:33"], "comment_content": "空間。"}, {"comment_author": "winteryoyo", "comment_date": ["05/02", "01:34"], "comment_content": "三體對於怕外星人的存在的人來說能腰"}, {"comment_author": "winteryoyo", "comment_date": ["05/02", "01:34"], "comment_content": "斬就腰斬   對於外星粉來說 根本就是"}, {"comment_author": "winteryoyo", "comment_date": ["05/02", "01:34"], "comment_content": "牛排"}, {"comment_author": "siusakura", "comment_date": ["05/02", "02:48"], "comment_content": "只看過三體 我是覺得蠻好看的"}, {"comment_author": "sobiNOva", "comment_date": ["05/02", "03:43"], "comment_content": "異塵餘生的翻拍不要太差都OK畢竟不是照"}, {"comment_author": "sobiNOva", "comment_date": ["05/02", "03:43"], "comment_content": "小說或遊戲劇情翻拍的 世界觀可以拿來用"}, {"comment_author": "sobiNOva", "comment_date": ["05/02", "03:44"], "comment_content": "避難所本來就可以隨便設定 很多空號"}, {"comment_author": "sobiNOva", "comment_date": ["05/02", "03:44"], "comment_content": "或設定不詳的 發揮空間很大"}, {"comment_author": "SphereDavid", "comment_date": ["05/02", "04:12"], "comment_content": "Fallout本來就是很強的IP，又有完整"}, {"comment_author": "SphereDavid", "comment_date": ["05/02", "04:12"], "comment_content": "的宇宙架構，能延伸的東西絕對比三體"}, {"comment_author": "SphereDavid", "comment_date": ["05/02", "04:12"], "comment_content": "多"}, {"comment_author": "loloman", "comment_date": ["05/02", "04:23"], "comment_content": "我覺的三體拍的很好看"}, {"comment_author": "carlos159357", "comment_date": ["05/02", "04:24"], "comment_content": "能思考人類意義深度的作品是三題"}, {"comment_author": "carlos159357", "comment_date": ["05/02", "04:24"], "comment_content": "體"}, {"comment_author": "eSENSE", "comment_date": ["05/02", "04:25"], "comment_content": "有沒有買個戰錘系列來拍影集的可能性~好"}, {"comment_author": "eSENSE", "comment_date": ["05/02", "04:26"], "comment_content": "期待"}, {"comment_author": "asd70208", "comment_date": ["05/02", "04:37"], "comment_content": "三體不是大眾題材 有些不喜歡科幻要他看"}, {"comment_author": "asd70208", "comment_date": ["05/02", "04:37"], "comment_content": "看不下去"}, {"comment_author": "xeins", "comment_date": ["05/02", "04:48"], "comment_content": "網飛投資10部有一部火就行 比如那個寄生獸"}, {"comment_author": "i92219", "comment_date": ["05/02", "04:49"], "comment_content": "一部戲就要人家訂閱 吃屎比較快啦，買IP人"}, {"comment_author": "i92219", "comment_date": ["05/02", "04:50"], "comment_content": "家買得到海賊王，你亞馬遜買個雕阿，阿原"}, {"comment_author": "i92219", "comment_date": ["05/02", "04:50"], "comment_content": "創勒？  一群第二名在那邊幻想自己做得很"}, {"comment_author": "i92219", "comment_date": ["05/02", "04:50"], "comment_content": "好，笑死人"}, {"comment_author": "xeins", "comment_date": ["05/02", "04:50"], "comment_content": "而且科幻能拍贏諾蘭兄弟的沒幾個"}, {"comment_author": "stezer", "comment_date": ["05/02", "05:01"], "comment_content": "三體吹得一逼 畢竟是“國產”作品"}, {"comment_author": "Ahsoy", "comment_date": ["05/02", "06:43"], "comment_content": "異塵餘生聽起來超像什麼網路小說"}, {"comment_author": "modernpkman", "comment_date": ["05/02", "06:54"], "comment_content": "Fallout有遊戲支撐整個故事。也正常"}, {"comment_author": "darkangel119", "comment_date": ["05/02", "07:00"], "comment_content": "三體沒想像中那麼好 一堆水"}, {"comment_author": "william607", "comment_date": ["05/02", "07:13"], "comment_content": "三體很吃特殊頻率"}, {"comment_author": "kkmmking", "comment_date": ["05/02", "07:27"], "comment_content": "如果只有第一才算成功，那就天天後悔吧"}, {"comment_author": "wangm4a1", "comment_date": ["05/02", "07:37"], "comment_content": "買了只會變巫師 可憐"}, {"comment_author": "cathy621", "comment_date": ["05/02", "08:02"], "comment_content": "要後悔還輪不到三體啦，多的是花大錢還"}, {"comment_author": "cathy621", "comment_date": ["05/02", "08:02"], "comment_content": "沒上過排行榜的"}, {"comment_author": "w9515", "comment_date": ["05/02", "08:06"], "comment_content": "幹想到就氣 網飛這垃圾搞爛巫師逼走亨利"}, {"comment_author": "hhjjhhgg", "comment_date": ["05/02", "08:08"], "comment_content": "沒睡過 別說你看過三體"}, {"comment_author": "Beetch", "comment_date": ["05/02", "08:09"], "comment_content": "兩個都看 覺得fallout沒想像中好"}, {"comment_author": "hot986", "comment_date": ["05/02", "08:10"], "comment_content": "只有看ㄧ集就棄了，倒是城市獵人好評"}, {"comment_author": "funguy0202", "comment_date": ["05/02", "08:11"], "comment_content": "就不同類型的片拿來比什麼"}, {"comment_author": "ericthree", "comment_date": ["05/02", "08:43"], "comment_content": "敢不敢拍最後生還者二!"}, {"comment_author": "PHXD", "comment_date": ["05/02", "08:48"], "comment_content": "Fallout真的拍的超棒"}, {"comment_author": "trenteric", "comment_date": ["05/02", "10:10"], "comment_content": "但三體好沉悶"}, {"comment_author": "A5Watamate", "comment_date": ["05/02", "10:53"], "comment_content": "他有東西宣傳就贏麻了"}, {"comment_author": "onlySN", "comment_date": ["05/02", "10:57"], "comment_content": "拉機劇本 下去"}, {"comment_author": "dusty20695", "comment_date": ["05/02", "13:47"], "comment_content": "硬塞一堆政確元素 第一集我都看不完"}, {"comment_author": "wowoohmygod", "comment_date": ["05/02", "14:07"], "comment_content": "騰訊版吊打"}]}
