{"author": "tigercola (老虎可樂)", "category": "Gossiping", "title": "[問卦] 下班只想待在家裡吹冷氣氣很奇怪咪？", "date": "Thu May  2 20:04:55 2024", "content": ["天氣很熱拉 下班跟放假只想在家吹冷氣跟叫外送朋友揪都說很難揪這種天氣一出門馬上就全身黏黏下班跟放假就只想開冷氣在家耍廢打打遊戲朋友說要多出門比較健康可是外面很熱欸==大家喜歡出門嗎==--"], "post_comment": [{"comment_author": "ah937609", "comment_date": ["05/02", "20:05"], "comment_content": "初老"}, {"comment_author": "koromo1991", "comment_date": ["05/02", "20:05"], "comment_content": "五樓只想到228做愛"}, {"comment_author": "k385476916", "comment_date": ["05/02", "20:05"], "comment_content": "正常"}, {"comment_author": "felixden", "comment_date": ["05/02", "20:05"], "comment_content": "我下班也只想打電動 可4還要跟女友做愛"}, {"comment_author": "butmyass", "comment_date": ["05/02", "20:05"], "comment_content": "出門健康？那要看是出門去哪"}, {"comment_author": "felixden", "comment_date": ["05/02", "20:05"], "comment_content": "滿足她=="}, {"comment_author": "fp737", "comment_date": ["05/02", "20:06"], "comment_content": "不會  台灣就是秋冬出門  夏天吹冷氣"}, {"comment_author": "butmyass", "comment_date": ["05/02", "20:06"], "comment_content": "在家徒手鍛鍊會輸出門打機台？"}]}
