{"author": "Recoverism (雲中君)", "category": "Gossiping", "title": "[問卦] 超哥爸媽才是真 白手起家吧？", "date": "Thu May  2 11:32:57 2024", "content": ["如題看了超哥的直播根據超哥的說法，超哥爸爸媽媽以前家境都不好所以兩位都在代書公司打工，都半工半讀唸台北工專超哥媽媽原本好像還考到醫學相關的科系（不確定是不是醫科，直播裡面超哥說的很含糊，只說他媽媽家境不允許所以唸台北工專）超哥爸媽靠代書，轉房產，轉長照一步一步靠自己，在成功後還雙雙補齊長照相關的碩博士學歷相反超哥國中高職換七間還延畢，出國洗學歷也沒搞好不知道北極在哪，實在無法讓人相信爸媽和妹妹都高學歷活得像巨嬰超哥爸媽才是真·白手起家吧？有卦嗎？----Sent from", "on my iPhone 15 Pro--"], "post_comment": [{"comment_author": "ian41360", "comment_date": ["05/02", "11:34"], "comment_content": "看到超哥介紹家人還有姐姐那集，他爸的"}, {"comment_author": "toyni", "comment_date": ["05/02", "11:34"], "comment_content": "直播超空的 好慘"}, {"comment_author": "ian41360", "comment_date": ["05/02", "11:35"], "comment_content": "表情超經典的，好險他們家有生個姐姐"}, {"comment_author": "roywow", "comment_date": ["05/02", "11:35"], "comment_content": "可惜生了一個…"}, {"comment_author": "aq2272353712", "comment_date": ["05/02", "11:35"], "comment_content": "所以這篇是公關公司發的嗎？"}, {"comment_author": "ym60606", "comment_date": ["05/02", "11:36"], "comment_content": "好神，換7間怎麼換的？知道原因嗎？"}, {"comment_author": "poz93", "comment_date": ["05/02", "11:37"], "comment_content": "不去上課就能換了啊"}, {"comment_author": "stillstands", "comment_date": ["05/02", "11:37"], "comment_content": "以前家境不好會選擇師專"}, {"comment_author": "vowpool", "comment_date": ["05/02", "11:38"], "comment_content": "他還有臉在直播上聊爸媽有多辛苦"}, {"comment_author": "vowpool", "comment_date": ["05/02", "11:39"], "comment_content": "他都不會想說自己現在這樣對比很丟臉嗎"}, {"comment_author": "ziso", "comment_date": ["05/02", "11:41"], "comment_content": "超哥唯一有機會成為成功的YTR也被自己搞掉了"}, {"comment_author": "zyxx", "comment_date": ["05/02", "11:41"], "comment_content": "難說 我爸媽也很喜歡誇大小時候很窮"}, {"comment_author": "ziso", "comment_date": ["05/02", "11:41"], "comment_content": "當個炫富的乖乖牌YTR 有人訂閱有客群也不會"}, {"comment_author": "ziso", "comment_date": ["05/02", "11:41"], "comment_content": "輸家人太多 結果現在丟臉丟全台灣"}, {"comment_author": "max60209", "comment_date": ["05/02", "11:42"], "comment_content": "沒料不知道說啥最擅長的只有介紹家人嗎"}, {"comment_author": "petshopboys", "comment_date": ["05/02", "11:42"], "comment_content": "超醜"}, {"comment_author": "ziso", "comment_date": ["05/02", "11:42"], "comment_content": "介紹家人 介紹家人給的錢買的東西"}, {"comment_author": "palindromes", "comment_date": ["05/02", "11:43"], "comment_content": "台北工專 創業真的超多"}, {"comment_author": "vaiking0120", "comment_date": ["05/02", "11:45"], "comment_content": "超哥就靠爸 沒什麼好說的"}, {"comment_author": "YCTING", "comment_date": ["05/02", "11:51"], "comment_content": "靠爸沒什麼 剛開始做YT也不錯  自己搞掉的"}, {"comment_author": "tryagain24", "comment_date": ["05/02", "11:54"], "comment_content": "其實他全台知名度屌打他其它家人阿"}, {"comment_author": "tryagain24", "comment_date": ["05/02", "11:54"], "comment_content": "這一點很厲害吧 嘻嘻"}, {"comment_author": "e1q3z9c7", "comment_date": ["05/02", "11:54"], "comment_content": "我很懷疑他的爸爸是誰"}, {"comment_author": "FarkU", "comment_date": ["05/02", "11:59"], "comment_content": "靠爸就請安分守己，不要裝。"}, {"comment_author": "ppmaker", "comment_date": ["05/02", "12:06"], "comment_content": "超哥也有白手起家阿==偷車"}, {"comment_author": "philip81501", "comment_date": ["05/02", "12:06"], "comment_content": "看一個犯罪者直播？"}, {"comment_author": "adway", "comment_date": ["05/02", "14:24"], "comment_content": "超哥他媽要怎麼稱呼"}]}
