{"author": "o523874 (就買一個感覺)", "category": "Gossiping", "title": "[問卦] 政治人物為什麼要清算對方", "date": "Fri May  3 08:41:19 2024", "content": ["安安政治人物為什麼死都要清算對方像韓國都抓去關~搞得跟抓交替一樣不清算會怎樣利益變少嗎？支持者變少嗎最有趣的是，玩法這麼low大家還跟著玩都沒有共好的案例嗎？--"], "post_comment": [{"comment_author": "takechance", "comment_date": ["05/03", "08:41"], "comment_content": "狗咬狗都很狠"}, {"comment_author": "maxqq", "comment_date": ["05/03", "08:42"], "comment_content": "台灣真的要清算，真的全抓去關到死"}, {"comment_author": "yzelly", "comment_date": ["05/03", "08:42"], "comment_content": "你現在不弄死他，明天他就會弄死你"}, {"comment_author": "Sanish", "comment_date": ["05/03", "08:43"], "comment_content": "位置就那麼幾個"}, {"comment_author": "hsnu127348", "comment_date": ["05/03", "08:44"], "comment_content": "有個一卸任就被關到漏尿手抖"}, {"comment_author": "hsnu127348", "comment_date": ["05/03", "08:45"], "comment_content": "清算其實比較像是做給支持者看的，有"}, {"comment_author": "hsnu127348", "comment_date": ["05/03", "08:45"], "comment_content": "種勝利的儀式感"}, {"comment_author": "luche", "comment_date": ["05/03", "08:50"], "comment_content": "要把立委過半席次搶回來 不然太不"}, {"comment_author": "luche", "comment_date": ["05/03", "08:50"], "comment_content": "方便"}, {"comment_author": "Lwane1l1l", "comment_date": ["05/03", "08:54"], "comment_content": "貪污跟儀式有跟屁關係"}, {"comment_author": "kumori", "comment_date": ["05/03", "09:02"], "comment_content": "今天你不弄他 明天他就弄死你"}]}
