{"author": "mmgal6 (王子復仇記)", "category": "Gossiping", "title": "[問卦] 為什麼舊自強號的椅子比較好坐？", "date": "Sun Apr 28 21:33:29 2024", "content": ["是這樣啦，宅肥我這兩天跟男友去南部暖市玩，搭了兩種自強號：分別是新自強（3000），跟舊自強號。但為什麼新自強的椅子難坐的要死，椅背都空空，然後又硬，也沒地方踏腳，擺飲料的地方也設計得很奇妙；反而舊自強很好坐，連男友都說舊自強的椅子比較符合人體工學，還有腳踏板。而且不只新自強，感覺普悠瑪跟太魯閣也沒舊自強好坐….椅子應該不算是多高科技的設備吧？為什麼比不過幾十年前的設計？忘記說了啦，東部去南部，只有台鐵，沒有高鐵，很可憐。--"], "post_comment": [{"comment_author": "Dinenger", "comment_date": ["04/28", "21:34"], "comment_content": "新自強 普悠瑪 太魯閣都不知道在晃三小"}, {"comment_author": "arch20161219", "comment_date": ["04/28", "21:34"], "comment_content": "甲"}, {"comment_author": "kiopl", "comment_date": ["04/28", "21:37"], "comment_content": "怕你坐到不想下車 要拚翻桌率"}, {"comment_author": "b0d", "comment_date": ["04/28", "21:38"], "comment_content": "韓國版真好坐"}, {"comment_author": "ebv", "comment_date": ["04/28", "21:38"], "comment_content": "說實在最好坐是第一版英國阿婆 韓國現代剛進"}, {"comment_author": "ebv", "comment_date": ["04/28", "21:39"], "comment_content": "來被稱做爛車 曾幾何時現在竟變成最好坐 悲哀"}, {"comment_author": "b0d", "comment_date": ["04/28", "21:40"], "comment_content": "對，英國自強號也是讚！"}, {"comment_author": "ebv", "comment_date": ["04/28", "21:40"], "comment_content": "代表台鐵坐椅舒適度從豪華進步到板凳 真有趣"}, {"comment_author": "palajuice", "comment_date": ["04/28", "21:41"], "comment_content": "新自強號一天到晚廣播請清潔人員到幾"}, {"comment_author": "palajuice", "comment_date": ["04/28", "21:41"], "comment_content": "車廂清潔打翻飲料，到底那個白痴高層決"}, {"comment_author": "palajuice", "comment_date": ["04/28", "21:41"], "comment_content": "定取消飲料架的？"}, {"comment_author": "mmgal6", "comment_date": ["04/28", "21:42"], "comment_content": "我現在還在火車上顛簸，舒適程度真的不比"}, {"comment_author": "turndown4wat", "comment_date": ["04/28", "21:42"], "comment_content": ""}, {"comment_author": "mmgal6", "comment_date": ["04/28", "21:42"], "comment_content": "以前"}, {"comment_author": "insidelonely", "comment_date": ["04/28", "21:44"], "comment_content": "emu3000真不好坐"}, {"comment_author": "snowbox", "comment_date": ["04/28", "21:44"], "comment_content": "新自強號還有一種臭臭的味道 錯覺嗎？"}, {"comment_author": "mmgal6", "comment_date": ["04/28", "21:46"], "comment_content": "甲車味？ = ="}, {"comment_author": "b0d", "comment_date": ["04/28", "21:46"], "comment_content": "Cefiro a32 坐起來很酥胡"}, {"comment_author": "b0d", "comment_date": ["04/28", "21:47"], "comment_content": "整個後座能把人包起來"}, {"comment_author": "b0d", "comment_date": ["04/28", "21:48"], "comment_content": "引擎運作即使在27年後的今天一樣平靜無聲"}, {"comment_author": "b0d", "comment_date": ["04/28", "21:49"], "comment_content": "現在那個什麼爛三缸xtrail新車就麻麻震震的"}, {"comment_author": "b0d", "comment_date": ["04/28", "21:50"], "comment_content": "開個六七年不只氣血循環機"}, {"comment_author": "b0d", "comment_date": ["04/28", "21:51"], "comment_content": "我看我都不怕跳蛋了。"}, {"comment_author": "mmgal6", "comment_date": ["04/28", "21:52"], "comment_content": "可能以前設計不需要考慮到汰換的問題，一"}, {"comment_author": "mmgal6", "comment_date": ["04/28", "21:52"], "comment_content": "用就是一輩子。現在都要設計爛一點，這樣"}, {"comment_author": "mmgal6", "comment_date": ["04/28", "21:52"], "comment_content": "才可以常常換新。"}, {"comment_author": "s6525480", "comment_date": ["04/28", "21:57"], "comment_content": "上男廁更是精采 全神貫注盯著那灘"}, {"comment_author": "s6525480", "comment_date": ["04/28", "21:57"], "comment_content": "看看什麼時候會晃出來"}, {"comment_author": "scimonster", "comment_date": ["04/28", "22:17"], "comment_content": "自強號的座椅比高鐵對號座還好坐"}, {"comment_author": "scimonster", "comment_date": ["04/28", "22:18"], "comment_content": "高鐵對號座跟棺材一樣硬梆梆"}, {"comment_author": "mmgal6", "comment_date": ["04/28", "22:21"], "comment_content": "所以這些車廂是國外設計，故意讓我們難坐"}, {"comment_author": "mmgal6", "comment_date": ["04/28", "22:21"], "comment_content": "嗎？"}, {"comment_author": "mntonmylife", "comment_date": ["04/29", "06:13"], "comment_content": "錢就被肥貓貪走了,買不起高級椅子"}, {"comment_author": "lengcycat", "comment_date": ["04/29", "07:20"], "comment_content": "新自強坐半小時就累了"}, {"comment_author": "lengcycat", "comment_date": ["04/29", "07:21"], "comment_content": "愈坐越累到車子"}, {"comment_author": "lengcycat", "comment_date": ["04/29", "07:22"], "comment_content": "越坐越累的車子"}, {"comment_author": "collet", "comment_date": ["04/29", "16:51"], "comment_content": "覺得舊太魯閣號很好坐"}]}
