{"author": "pmes9866 (I Need Some Sleep)", "category": "Gossiping", "title": "[問卦] 星巴克不潮了嗎？", "date": "Fri May  3 13:43:37 2024", "content": ["星巴克 在多年前還是潮的象徵現在人人都喝得起 三不五時就買一送一換算下來也沒多少錢 完全沒有當初的尊榮感因為降價會自貶身價 只能用買一送一變相降價當最後的倔強財報公布後大跌15%星巴克已經不潮了嗎？-----Sent from JPTT on my OnePlus CPH2581.--", "反駁對方的重點──◢◣", "│", "──────", "█", "──", "────", "─", "↘", "↗", "--"], "post_comment": [{"comment_author": "cosmos506", "comment_date": ["05/03", "13:44"], "comment_content": "現在都喝ten thousand"}, {"comment_author": "syntax123", "comment_date": ["05/03", "13:45"], "comment_content": "爛大街了"}, {"comment_author": "ANTHEIA", "comment_date": ["05/03", "13:45"], "comment_content": "我喝不起 咖啡廣場加減喝"}, {"comment_author": "nptrj", "comment_date": ["05/03", "13:45"], "comment_content": "以前遇到好幾次買一送一就不太喜歡去了，"}, {"comment_author": "nptrj", "comment_date": ["05/03", "13:45"], "comment_content": "拖時間"}, {"comment_author": "PtT0615s", "comment_date": ["05/03", "13:46"], "comment_content": "現在問會有人說不如省起來多買幾間房"}, {"comment_author": "nptrj", "comment_date": ["05/03", "13:46"], "comment_content": "但百貨店等妹子慢慢逛倒是會去"}, {"comment_author": "apolloapollo", "comment_date": ["05/03", "13:46"], "comment_content": "星巴克咖啡喝起來跟水一樣 真的不"}, {"comment_author": "apolloapollo", "comment_date": ["05/03", "13:46"], "comment_content": "行了"}, {"comment_author": "PtT0615s", "comment_date": ["05/03", "13:46"], "comment_content": "潮個屁，，，，房子買的多才是潮"}, {"comment_author": "gowang19", "comment_date": ["05/03", "13:47"], "comment_content": "在各國都開始不潮了"}, {"comment_author": "Winston13840", "comment_date": ["05/03", "13:47"], "comment_content": "沒錢喝不起拉QQ"}, {"comment_author": "ANTHEIA", "comment_date": ["05/03", "13:47"], "comment_content": "自己買豆都比外面的好喝"}, {"comment_author": "WO0820", "comment_date": ["05/03", "13:51"], "comment_content": "真的太淡了  不多加兩個SHOT實在喝不下去"}, {"comment_author": "hellohowareu", "comment_date": ["05/03", "13:55"], "comment_content": "難喝歸難喝 但我喝不起"}, {"comment_author": "xc2v", "comment_date": ["05/03", "13:56"], "comment_content": "有開除溼機?"}, {"comment_author": "s074074qq", "comment_date": ["05/03", "13:58"], "comment_content": "味道越來越淡 寧願喝路易莎"}, {"comment_author": "Ycosmos", "comment_date": ["05/03", "14:01"], "comment_content": "潮啥  裡面一堆拉保險  談裝潢的"}, {"comment_author": "yao2197", "comment_date": ["05/03", "14:04"], "comment_content": "看看你的推文數就知道了,大家連推文都不"}, {"comment_author": "yao2197", "comment_date": ["05/03", "14:05"], "comment_content": "想,你說呢?杯子早就不買了..萬年不變"}, {"comment_author": "Taiwanwolf", "comment_date": ["05/03", "14:10"], "comment_content": "在美國是生與死的差別"}, {"comment_author": "abjx", "comment_date": ["05/03", "14:20"], "comment_content": "我喝不出差異，還是喝小七咖啡就好"}, {"comment_author": "jimlexus", "comment_date": ["05/03", "14:20"], "comment_content": ""}, {"comment_author": "boss88893", "comment_date": ["05/03", "14:31"], "comment_content": "    人家  駙馬爺  很會經營的........"}, {"comment_author": "achun1212", "comment_date": ["05/03", "14:32"], "comment_content": "當經常搞降價出售時，表示品牌沒價值了"}, {"comment_author": "spermbox", "comment_date": ["05/03", "14:37"], "comment_content": "也沒有其他更潮的選擇了吧"}, {"comment_author": "luche", "comment_date": ["05/03", "14:50"], "comment_content": "比較喜歡去全家=.=wmf機台"}, {"comment_author": "touchbird", "comment_date": ["05/03", "15:08"], "comment_content": "每天省一杯星巴克 十年後你就省xx萬"}, {"comment_author": "h100733", "comment_date": ["05/03", "15:46"], "comment_content": "還是很潮啊"}, {"comment_author": "woc34", "comment_date": ["05/03", "15:56"], "comment_content": "都一堆裝有錢的窮鬼去排買一送一r"}, {"comment_author": "frank1021", "comment_date": ["05/03", "15:58"], "comment_content": "自己買都來煮才潮"}, {"comment_author": "Bigcookie2", "comment_date": ["05/03", "16:19"], "comment_content": "快跟便利商店一樣多..潮個屁"}, {"comment_author": "cosmite", "comment_date": ["05/03", "16:36"], "comment_content": "沒有比較好喝"}, {"comment_author": "ViewMoon", "comment_date": ["05/03", "17:49"], "comment_content": "羊舍鮮羊乳買12大瓶送星巴克唷"}, {"comment_author": "GGQ0918", "comment_date": ["05/03", "18:13"], "comment_content": "內用坐一整天才有它的價值"}]}
