{"author": "wujet09100 (噁爛臭酸肥宅)", "category": "Gossiping", "title": "[問卦] 男大生22歲想找女生結婚躺平可以嗎", "date": "Tue Apr 30 17:46:41 2024", "content": ["餓死抬頭 剛剛滑bbs看到有21歲男孩 很喜歡畫漫畫跟健身 人生心願就是能吃肉、畫漫畫、追新番、健身 想到即將畢業要上班就煩 在想能不能去相親早點結婚 找一個有錢的女生 資助她開個畫畫工作室 請問這種男孩在人肉市場 會很搶手嗎 乾五八卦--"], "post_comment": [{"comment_author": "highyes", "comment_date": ["04/30", "17:47"], "comment_content": "看臉"}, {"comment_author": "uohZemllac", "comment_date": ["04/30", "17:47"], "comment_content": "看臉"}, {"comment_author": "KSHLO", "comment_date": ["04/30", "17:47"], "comment_content": "人家要的是老公 不是開豬圈"}, {"comment_author": "noah23", "comment_date": ["04/30", "17:47"], "comment_content": "阿姨好 阿姨妙 阿姨口袋有鈔票"}, {"comment_author": "xxUno", "comment_date": ["04/30", "17:47"], "comment_content": "找有錢的男生可能快一點"}, {"comment_author": "gx8759121", "comment_date": ["04/30", "17:48"], "comment_content": "惡魔旅館可以幫你介紹"}, {"comment_author": "WiserWilly", "comment_date": ["04/30", "17:48"], "comment_content": "可以找台南歸仁給狗幹的那種蕭攤查某"}, {"comment_author": "finzaghi", "comment_date": ["04/30", "17:48"], "comment_content": "看臉"}, {"comment_author": "derrick1220", "comment_date": ["04/30", "17:49"], "comment_content": "要長的像白人"}, {"comment_author": "realmd", "comment_date": ["04/30", "17:51"], "comment_content": "你先去學羽球"}, {"comment_author": "vowpool", "comment_date": ["04/30", "17:52"], "comment_content": "可以"}, {"comment_author": "bairn", "comment_date": ["04/30", "18:20"], "comment_content": "有180嗎？打羽球嗎"}, {"comment_author": "serpei", "comment_date": ["04/30", "18:24"], "comment_content": "你列出來的都不是優點，長相口袋，身高這"}, {"comment_author": "serpei", "comment_date": ["04/30", "18:24"], "comment_content": "三項而已"}, {"comment_author": "bigpan", "comment_date": ["04/30", "19:16"], "comment_content": "長相身高有就可以談"}]}
