{"author": "med5566 (美德5566)", "category": "Gossiping", "title": "[問卦] 有沒有台灣水果其實很貴的八卦", "date": "Fri May  3 12:14:04 2024", "content": ["各位八卦版鄉民午安本魯看店面的水果店散賣的香蕉一根落在25-30元，盒裝現切水果（約2-3種小水果各半份量）120-180之前一直以為台灣是水果王國但水果卻賣超貴的八卦？--"], "post_comment": [{"comment_author": "PanaS0Nic", "comment_date": ["05/03", "12:15"], "comment_content": "超商香蕉兩根30，你怎麼買到一根30的"}, {"comment_author": "iamjimhaha", "comment_date": ["05/03", "12:15"], "comment_content": "很便宜了"}, {"comment_author": "MK47", "comment_date": ["05/03", "12:15"], "comment_content": "通路費太貴 農民其實沒賺多少錢 跟養雞一樣"}, {"comment_author": "zzyyxx77", "comment_date": ["05/03", "12:15"], "comment_content": "你看到的跟我看到的怎不一樣"}, {"comment_author": "iamjimhaha", "comment_date": ["05/03", "12:15"], "comment_content": "泰國水果比台灣貴得多"}, {"comment_author": "MK47", "comment_date": ["05/03", "12:15"], "comment_content": "台灣農、漁產品都嘛被通路費加到爆"}, {"comment_author": "zzyyxx77", "comment_date": ["05/03", "12:16"], "comment_content": "反正鄉民都說水果不健康 不要買阿"}, {"comment_author": "dbjdx", "comment_date": ["05/03", "12:17"], "comment_content": "除了人力 台灣還有什麼是便宜的？"}, {"comment_author": "panny2010", "comment_date": ["05/03", "12:19"], "comment_content": "去水果行或菜市場買啦，自己愛當盤子"}, {"comment_author": "panny2010", "comment_date": ["05/03", "12:19"], "comment_content": "叫屁"}, {"comment_author": "alex00089", "comment_date": ["05/03", "12:21"], "comment_content": "末端市場啊"}, {"comment_author": "ShaNe1993", "comment_date": ["05/03", "12:22"], "comment_content": "看東西吧，台灣自己產的，沒有自己"}, {"comment_author": "ShaNe1993", "comment_date": ["05/03", "12:22"], "comment_content": "名稱的水果都很便宜，除非你去買那"}, {"comment_author": "ShaNe1993", "comment_date": ["05/03", "12:22"], "comment_content": "種有特別取得就真的盤"}, {"comment_author": "saiboos", "comment_date": ["05/03", "12:27"], "comment_content": "日本更貴"}, {"comment_author": "mij", "comment_date": ["05/03", "12:30"], "comment_content": "都嘛中盤流氓吃掉利潤"}, {"comment_author": "b92520142", "comment_date": ["05/03", "12:32"], "comment_content": "你確定你住台灣？"}, {"comment_author": "nxuanr", "comment_date": ["05/03", "12:32"], "comment_content": "台灣人黑道治國的結果啊"}, {"comment_author": "taristocrat", "comment_date": ["05/03", "12:35"], "comment_content": "有便宜的，國軍會處理"}, {"comment_author": "kiopl", "comment_date": ["05/03", "12:43"], "comment_content": "香蕉一根30 你在士林夜市？"}, {"comment_author": "uclala", "comment_date": ["05/03", "12:55"], "comment_content": "你是去什麼貴婦御用有機店在看價格的嗎"}, {"comment_author": "ayakiax", "comment_date": ["05/03", "15:31"], "comment_content": "你去產地跟農民買，超便宜"}, {"comment_author": "yumika", "comment_date": ["05/03", "17:18"], "comment_content": "草莓在苗栗也是貴"}]}
