{"author": "TroyeSivan (wild)", "category": "Gossiping", "title": "[問卦] 公園有藍衣服帥哥拉開拉鍊露胸肌 是想打", "date": "Mon Apr 29 22:31:26 2024", "content": ["在日本公園散步遇到一個帥氣的男生打扮有型而且看起來人很nice但是他坐在椅子上 對著我拉開拉鍊 露出胸肌怎麼樣 歧視台灣人？ 想打架?有人能教我怎麼用日文跟他說要打就打 老子奉陪嗎？----Sent from", "on my iPhone 15 Pro --", "說了 他走過來了 我準備打他了 打不過再上來說"], "post_comment": [{"comment_author": "a27588679", "comment_date": ["04/29", "22:31"], "comment_content": "左轉甲板"}, {"comment_author": "negotiates", "comment_date": ["04/29", "22:32"], "comment_content": "五樓想知道在哪"}, {"comment_author": "apollo999", "comment_date": ["04/29", "22:32"], "comment_content": "牙那奈"}, {"comment_author": "brother001", "comment_date": ["04/29", "22:32"], "comment_content": "蓋"}, {"comment_author": "godofsex", "comment_date": ["04/29", "22:32"], "comment_content": "五樓想肛"}, {"comment_author": "RX7802", "comment_date": ["04/29", "22:32"], "comment_content": "呀拉耐嘎？你要大聲的說震懾他！"}, {"comment_author": "brother001", "comment_date": ["04/29", "22:34"], "comment_content": "五樓嘔嘔嘔"}, {"comment_author": "magic833133", "comment_date": ["04/29", "22:34"], "comment_content": "廁所單挑"}, {"comment_author": "ted01234567", "comment_date": ["04/29", "22:35"], "comment_content": "那尼姑嘞"}, {"comment_author": "cloud3455", "comment_date": ["04/29", "22:39"], "comment_content": "你是要去公園上廁所的對吧"}, {"comment_author": "love462077", "comment_date": ["04/29", "23:02"], "comment_content": "沒照片"}, {"comment_author": "godofsex", "comment_date": ["04/29", "23:08"], "comment_content": "胸肌的圖呢"}, {"comment_author": "qxrvymo", "comment_date": ["04/29", "23:31"], "comment_content": "你拒絕不了他"}, {"comment_author": "vb128252", "comment_date": ["04/30", "01:02"], "comment_content": "直接舔"}]}
