{"author": "InfocusM510 (Now I use iphoneVDA/TSL)", "category": "Gossiping", "title": "[問卦] 數學課本哪一個單元最該被拿掉？", "date": "Mon Apr 29 22:30:32 2024", "content": ["如題我文組啦經常和朋友聊天都會聽到妹子說「學數學有什麼用」你會用一元二次買早餐嗎？還是會一天到晚手殘打翻墨水？還是整天要去算花圃面積？聽得我覺得好像有點道理又覺得哪裡怪怪的剛好溫馨八卦版都是人生勝利組請各位來說說看如果數學有個單元 有沒有學都不重要那會是什麼呢？卦？-----Sent from MeowPtt on my iPhone--"], "post_comment": [{"comment_author": "coon182", "comment_date": ["04/29", "22:30"], "comment_content": "微積分"}, {"comment_author": "ncc5566", "comment_date": ["04/29", "22:31"], "comment_content": "樓下龜頭都刺什麼東西的公式?"}, {"comment_author": "StylishTrade", "comment_date": ["04/29", "22:31"], "comment_content": "排列組合阿"}, {"comment_author": "StylishTrade", "comment_date": ["04/29", "22:31"], "comment_content": "二樓你"}, {"comment_author": "b0d", "comment_date": ["04/29", "22:31"], "comment_content": "都很重要，革命的基礎在高深的學問！"}, {"comment_author": "k385476916", "comment_date": ["04/29", "22:31"], "comment_content": "全部"}, {"comment_author": "scores", "comment_date": ["04/29", "22:31"], "comment_content": "機率 我不喜歡有人說女生沒機會愛上我"}, {"comment_author": "bobocatcat", "comment_date": ["04/29", "22:31"], "comment_content": "機率吧"}, {"comment_author": "dennistao", "comment_date": ["04/29", "22:31"], "comment_content": "數列與級數"}, {"comment_author": "STRO", "comment_date": ["04/29", "22:31"], "comment_content": "什麼都只看有用沒用真的是降低文化水準的思"}, {"comment_author": "STRO", "comment_date": ["04/29", "22:31"], "comment_content": "維。有時候沒有用的是人本身"}, {"comment_author": "s001582000", "comment_date": ["04/29", "22:31"], "comment_content": "找到可以用道數學的工作不會？"}, {"comment_author": "Erict", "comment_date": ["04/29", "22:32"], "comment_content": "活化腦袋用的 生活用不用得到不重要"}, {"comment_author": "scores", "comment_date": ["04/29", "22:32"], "comment_content": "任何事都可以用到數學 光是你工作排程"}, {"comment_author": "scores", "comment_date": ["04/29", "22:32"], "comment_content": "行程規劃就是數學了"}, {"comment_author": "scores", "comment_date": ["04/29", "22:33"], "comment_content": "只是你要不要使用而已"}, {"comment_author": "b0d", "comment_date": ["04/29", "22:33"], "comment_content": "買早餐用不到這件事並不重要"}, {"comment_author": "purplebfly", "comment_date": ["04/29", "22:33"], "comment_content": "其實美國人是對的,一般人用手指頭算數"}, {"comment_author": "purplebfly", "comment_date": ["04/29", "22:33"], "comment_content": "用加法找錢就好,真的不用讓每個人都學"}, {"comment_author": "profiles", "comment_date": ["04/29", "22:33"], "comment_content": "不先教數列與級數，要怎麼推導極限的觀"}, {"comment_author": "scores", "comment_date": ["04/29", "22:33"], "comment_content": "樓上誰說的 你買早餐每天怎麼決定 你有想"}, {"comment_author": "b0d", "comment_date": ["04/29", "22:33"], "comment_content": "用後背式做愛也用不到數學"}, {"comment_author": "profiles", "comment_date": ["04/29", "22:33"], "comment_content": "念"}, {"comment_author": "purplebfly", "comment_date": ["04/29", "22:34"], "comment_content": "數學"}, {"comment_author": "scores", "comment_date": ["04/29", "22:34"], "comment_content": "過量畫自己的偏好 用數學決定你買早餐嗎"}, {"comment_author": "scores", "comment_date": ["04/29", "22:35"], "comment_content": "做愛背九九乘法表可以延長射精時間"}, {"comment_author": "b0d", "comment_date": ["04/29", "22:36"], "comment_content": "我是一邊後背式一邊想著老板罵人"}, {"comment_author": "PalmAngels", "comment_date": ["04/29", "22:38"], "comment_content": "偏微分方程式吧 算到想吐 幹"}, {"comment_author": "tttxxx", "comment_date": ["04/29", "22:39"], "comment_content": "以前學到什麼象限的 完全不行"}, {"comment_author": "gino0717", "comment_date": ["04/29", "22:43"], "comment_content": "平面族"}, {"comment_author": "t4lin", "comment_date": ["04/29", "22:43"], "comment_content": "不惑仙版本還在嗎"}, {"comment_author": "jackass9527", "comment_date": ["04/29", "22:43"], "comment_content": "矩陣"}, {"comment_author": "sunnyyoung", "comment_date": ["04/29", "22:45"], "comment_content": "資料整理與統計 那個出社會再學全套"}, {"comment_author": "sunnyyoung", "comment_date": ["04/29", "22:45"], "comment_content": "的就行了"}, {"comment_author": "Gandalf", "comment_date": ["04/29", "22:51"], "comment_content": "微積分"}, {"comment_author": "AirLee", "comment_date": ["04/29", "22:57"], "comment_content": "要算一滴洨能噴多遠啊"}, {"comment_author": "samm3320", "comment_date": ["04/29", "22:58"], "comment_content": "複變都會用到了一元二次有啥用不到"}, {"comment_author": "billiechick", "comment_date": ["04/29", "23:07"], "comment_content": "買早餐用不到但當早餐店老闆用得到"}, {"comment_author": "billiechick", "comment_date": ["04/29", "23:07"], "comment_content": "。不過現在是這樣，富二代只要學會"}, {"comment_author": "billiechick", "comment_date": ["04/29", "23:07"], "comment_content": "找到專業經理人經營早餐即可XDDDDD"}, {"comment_author": "softflame", "comment_date": ["04/29", "23:08"], "comment_content": "智商越低學得越痛苦才會抱怨 正常人上"}, {"comment_author": "softflame", "comment_date": ["04/29", "23:08"], "comment_content": "完就會了"}, {"comment_author": "alex00089", "comment_date": ["04/29", "23:09"], "comment_content": "數學是給其他科用的吧？物理化學啊"}, {"comment_author": "gary0210", "comment_date": ["04/29", "23:10"], "comment_content": "排列組合啊 明明就智商單元 看一堆怎樣"}, {"comment_author": "gary0210", "comment_date": ["04/29", "23:10"], "comment_content": "練都練不起來的智障同學感到痛苦"}, {"comment_author": "wagner", "comment_date": ["04/29", "23:25"], "comment_content": "排列組合測試智商很好用"}, {"comment_author": "bonfferoni", "comment_date": ["04/29", "23:25"], "comment_content": "圓錐曲線"}, {"comment_author": "wrvuxci", "comment_date": ["04/29", "23:44"], "comment_content": "老闆：解出x^2-7x+6=0原價，不然1000塊"}, {"comment_author": "cobras638", "comment_date": ["04/29", "23:46"], "comment_content": "資料整理與統計吧"}, {"comment_author": "t81511270", "comment_date": ["04/29", "23:50"], "comment_content": "排列組合機率== 根本考國文題目"}, {"comment_author": "byby615", "comment_date": ["04/30", "00:00"], "comment_content": "費馬定理證明"}, {"comment_author": "woc34", "comment_date": ["04/30", "00:06"], "comment_content": "機率怎麼會不重要，難怪台灣人愛買彩卷ㄏ"}, {"comment_author": "woc34", "comment_date": ["04/30", "00:06"], "comment_content": "ㄏ"}, {"comment_author": "ppm467", "comment_date": ["04/30", "00:32"], "comment_content": "數學不怕學太多，只怕學不夠。"}, {"comment_author": "mokke", "comment_date": ["04/30", "00:47"], "comment_content": "居然有人說機率？沒機率就沒統計學和期望"}, {"comment_author": "mokke", "comment_date": ["04/30", "00:47"], "comment_content": "值，數學是少數沒有單元需要刪的，每個都"}, {"comment_author": "mokke", "comment_date": ["04/30", "00:48"], "comment_content": "有用，用在不同地方而已"}, {"comment_author": "SV650", "comment_date": ["04/30", "02:40"], "comment_content": "二元一次有用過"}, {"comment_author": "peter98", "comment_date": ["04/30", "03:12"], "comment_content": "數學沒有一樣不重要的吧~又不是文學~"}, {"comment_author": "SPAEK", "comment_date": ["04/30", "03:14"], "comment_content": "都該拿掉吧 學這麼多幹麻 會按計算機就好"}, {"comment_author": "SPAEK", "comment_date": ["04/30", "03:14"], "comment_content": "一般人除了和歐美人炫耀數學算很快 能幹麻"}, {"comment_author": "SPAEK", "comment_date": ["04/30", "03:15"], "comment_content": "加減乘除以外的數學 讓有興趣的人學就好了"}, {"comment_author": "peter98", "comment_date": ["04/30", "03:15"], "comment_content": "樓上~ 你就是標準的數學沒學好~"}, {"comment_author": "SPAEK", "comment_date": ["04/30", "03:15"], "comment_content": "台灣追求愛的教育 學習歐美教育 這都不懂嗎"}, {"comment_author": "SPAEK", "comment_date": ["04/30", "03:16"], "comment_content": "我講的本來就是事實 我們崇尚歐美教育 精神"}, {"comment_author": "SPAEK", "comment_date": ["04/30", "03:16"], "comment_content": "都沒學到 你以為別人公學校上課輕鬆怎來的"}, {"comment_author": "SPAEK", "comment_date": ["04/30", "03:17"], "comment_content": "我談教育 你談有沒有用 我們沒辦法有交集"}, {"comment_author": "SPAEK", "comment_date": ["04/30", "03:19"], "comment_content": "台灣不只數學 所有科目都應該小學6年變成9"}, {"comment_author": "SPAEK", "comment_date": ["04/30", "03:19"], "comment_content": "年的課程 剩下的全往高中或大學塞就好了"}, {"comment_author": "SPAEK", "comment_date": ["04/30", "03:19"], "comment_content": "一般人學那麼多就沒屁用 有興趣的去學就好"}, {"comment_author": "SPAEK", "comment_date": ["04/30", "03:20"], "comment_content": "義務教育就不該塞一堆大家沒興趣的 高中以"}, {"comment_author": "SPAEK", "comment_date": ["04/30", "03:20"], "comment_content": "後自己選的 就不要整天靠邀學這個有什麼用"}, {"comment_author": "SPAEK", "comment_date": ["04/30", "03:21"], "comment_content": "問有沒有本身就是個白癡的問題"}, {"comment_author": "ifyoutry", "comment_date": ["04/30", "03:21"], "comment_content": "那些東西的用處是讓人練習如何運轉腦袋"}, {"comment_author": "ifyoutry", "comment_date": ["04/30", "03:23"], "comment_content": "，除了語言以外哪有東西是一定用得上的"}, {"comment_author": "springman", "comment_date": ["04/30", "05:18"], "comment_content": "我不喜歡小學的概數。兩個數字各自取概"}, {"comment_author": "springman", "comment_date": ["04/30", "05:18"], "comment_content": "數、之後用概數做計算，誤差愈來愈大。"}, {"comment_author": "springman", "comment_date": ["04/30", "05:19"], "comment_content": "這個年代大部份的計算不是都交給電腦做"}, {"comment_author": "springman", "comment_date": ["04/30", "05:19"], "comment_content": "嗎？做完再取概數給人看就好了。"}, {"comment_author": "springman", "comment_date": ["04/30", "05:19"], "comment_content": "我無法接受那個概數的內容與教法。"}, {"comment_author": "nightyao", "comment_date": ["04/30", "05:28"], "comment_content": "樓上辛苦了。"}, {"comment_author": "nightyao", "comment_date": ["04/30", "05:31"], "comment_content": "某樓真的活在過去推崇歐美教育的偏見，"}, {"comment_author": "nightyao", "comment_date": ["04/30", "05:31"], "comment_content": "沒有“基礎教育”的數學 連計算機怎麼"}, {"comment_author": "nightyao", "comment_date": ["04/30", "05:31"], "comment_content": "按比較快都有困難，沒見過連稅率都不會"}, {"comment_author": "nightyao", "comment_date": ["04/30", "05:31"], "comment_content": "按計算機的代購商人嗎？害別人吃虧還理"}, {"comment_author": "nightyao", "comment_date": ["04/30", "05:31"], "comment_content": "直氣壯說自己衰。"}, {"comment_author": "doomsday0728", "comment_date": ["04/30", "05:37"], "comment_content": "微積分"}, {"comment_author": "RumiManiac", "comment_date": ["04/30", "06:28"], "comment_content": "當然是圓錐曲線"}, {"comment_author": "rexwis", "comment_date": ["04/30", "07:25"], "comment_content": "對一般人生活沒用但生活中到處都有"}, {"comment_author": "tgordoncheng", "comment_date": ["04/30", "09:11"], "comment_content": "之前三角函數不是有拿掉後三個嗎"}, {"comment_author": "tgordoncheng", "comment_date": ["04/30", "09:12"], "comment_content": "只留sin cos tan 砍cot sec csc"}, {"comment_author": "u87803170", "comment_date": ["04/30", "10:04"], "comment_content": "每一個科目都覺得自己很重要 實際上"}, {"comment_author": "u87803170", "comment_date": ["04/30", "10:04"], "comment_content": "真的很重要嗎??數學假如還是訓練人體"}, {"comment_author": "u87803170", "comment_date": ["04/30", "10:04"], "comment_content": "計算機,那還是算了吧"}, {"comment_author": "diolin", "comment_date": ["04/30", "12:16"], "comment_content": "Nothing"}, {"comment_author": "ShadowElf", "comment_date": ["05/01", "09:10"], "comment_content": "可以回妹子：妳用不到，但是其他比較"}, {"comment_author": "ShadowElf", "comment_date": ["05/01", "09:10"], "comment_content": "聰明的人用得到"}]}
