{"author": "OROCHI97 (OROCHI97)", "category": "Gossiping", "title": "[問卦] 我們的年輕人真的超棒的", "date": "Thu May  2 12:58:09 2024", "content": ["身材魁梧 好手好腳遇到困境勇於尋求幫助生命力頑強 猶如堅韌的小草一般著實令40大叔的我佩服不已有沒有我們國家的年輕人如此優秀振興有望的八卦--", "那個膚色你跟我說白種？？"], "post_comment": [{"comment_author": "tw30912", "comment_date": ["05/02", "12:59"], "comment_content": "個案。"}, {"comment_author": "syntax123", "comment_date": ["05/02", "12:59"], "comment_content": "不偷不搶"}, {"comment_author": "kawazakiz2", "comment_date": ["05/02", "12:59"], "comment_content": "這看頭髮感覺就是白種高加索"}, {"comment_author": "a0000000001f", "comment_date": ["05/02", "13:03"], "comment_content": "繁中字跡工整外備註英文，混血兒？"}, {"comment_author": "jeter17", "comment_date": ["05/02", "13:04"], "comment_content": "估計是洨草"}, {"comment_author": "gankgf", "comment_date": ["05/02", "13:04"], "comment_content": "翻車機率極高"}, {"comment_author": "a171783", "comment_date": ["05/02", "13:04"], "comment_content": "會英文的，你是不是嫉妒別人"}, {"comment_author": "pwokiy", "comment_date": ["05/02", "13:05"], "comment_content": "拍片的吧"}, {"comment_author": "a0000000001f", "comment_date": ["05/02", "13:05"], "comment_content": "我們台灣學校教育可沒這麼突破盲腸"}, {"comment_author": "a0000000001f", "comment_date": ["05/02", "13:07"], "comment_content": "式討錢方式呢！這種惡搞樂趣味挺符"}, {"comment_author": "a0000000001f", "comment_date": ["05/02", "13:07"], "comment_content": "合外國人的文化啊！"}, {"comment_author": "a0000000001f", "comment_date": ["05/02", "13:09"], "comment_content": "我們台灣人的規則是不能偷不能搶，"}, {"comment_author": "a0000000001f", "comment_date": ["05/02", "13:10"], "comment_content": "如果客官們覺得他在欺騙，自然討不"}, {"comment_author": "a0000000001f", "comment_date": ["05/02", "13:11"], "comment_content": "了錢囉！也許罐子裡的錢本來就是他"}, {"comment_author": "a0000000001f", "comment_date": ["05/02", "13:13"], "comment_content": "自己放的，那才是欺騙行為囉！"}, {"comment_author": "chita0258", "comment_date": ["05/02", "13:29"], "comment_content": "哈哈哥布林哈哈"}]}
