{"author": "q347 (我家隔壁北川景子)", "category": "Gossiping", "title": "[問卦] 關羽當時放了曹操 是不是圖利魏國 (發錢", "date": "Sat May  4 10:17:29 2024", "content": ["現在龍華電視台 正在撥放三國兩千多人看關羽圖小利 放了曹操圖自己蠅頭小利 放了曹操關羽是怎樣?難道曹操知道他跟劉備的老婆有一腿?美推12P 重複只有一包 前一百推都有--2022/11/19 團團回歸熊貓星球", "--"], "post_comment": [{"comment_author": "highyes", "comment_date": ["05/04", "10:17"], "comment_content": "錢"}, {"comment_author": "charlie01", "comment_date": ["05/04", "10:18"], "comment_content": "那時沒有魏國"}, {"comment_author": "cutiecherry", "comment_date": ["05/04", "10:18"], "comment_content": "錢"}, {"comment_author": "Myosotis", "comment_date": ["05/04", "10:18"], "comment_content": "ok"}, {"comment_author": "yut698", "comment_date": ["05/04", "10:18"], "comment_content": "推推推"}, {"comment_author": "hanhankuo", "comment_date": ["05/04", "10:19"], "comment_content": "錢"}, {"comment_author": "edieedie", "comment_date": ["05/04", "10:20"], "comment_content": "前"}, {"comment_author": "tiger4friend", "comment_date": ["05/04", "10:20"], "comment_content": "推"}, {"comment_author": "bee02375", "comment_date": ["05/04", "10:20"], "comment_content": "錢"}, {"comment_author": "mikasamikoto", "comment_date": ["05/04", "10:20"], "comment_content": "沒曹操他們一樣可以運作啊"}, {"comment_author": "goodyW", "comment_date": ["05/04", "10:21"], "comment_content": "善意提醒，電視劇跟史實都是有出入的"}, {"comment_author": "b2305911", "comment_date": ["05/04", "10:21"], "comment_content": "按邏輯來說 是"}, {"comment_author": "xyhs", "comment_date": ["05/04", "10:21"], "comment_content": "推"}, {"comment_author": "processor", "comment_date": ["05/04", "10:21"], "comment_content": "錢"}, {"comment_author": "sunband", "comment_date": ["05/04", "10:21"], "comment_content": "錢"}, {"comment_author": "John2213341", "comment_date": ["05/04", "10:22"], "comment_content": "推"}, {"comment_author": "iamshana", "comment_date": ["05/04", "10:22"], "comment_content": "錢"}, {"comment_author": "ling621", "comment_date": ["05/04", "10:22"], "comment_content": "就古人也懂現在的滯台閩南背刺精神"}, {"comment_author": "s3523114", "comment_date": ["05/04", "10:22"], "comment_content": "錢"}, {"comment_author": "CRAZYCONTROL", "comment_date": ["05/04", "10:22"], "comment_content": "當時不能合照，沒辦法連連看"}, {"comment_author": "Yunanadayo", "comment_date": ["05/04", "10:22"], "comment_content": "推"}, {"comment_author": "s609747", "comment_date": ["05/04", "10:23"], "comment_content": "是要抓去關了嗎"}, {"comment_author": "s142857", "comment_date": ["05/04", "10:23"], "comment_content": "錢"}, {"comment_author": "zzz2932", "comment_date": ["05/04", "10:23"], "comment_content": "錢"}, {"comment_author": "Submicromete", "comment_date": ["05/04", "10:23"], "comment_content": "錢"}, {"comment_author": "ncc5566", "comment_date": ["05/04", "10:23"], "comment_content": "$$"}, {"comment_author": "physicsdk", "comment_date": ["05/04", "10:23"], "comment_content": "這麼早把魏國滅掉 等著被劉備背刺嗎"}, {"comment_author": "blackflag", "comment_date": ["05/04", "10:23"], "comment_content": "錢"}, {"comment_author": "mcchicken", "comment_date": ["05/04", "10:23"], "comment_content": "殺了曹 魏就攻蜀 吳得利 三國就被破壞"}, {"comment_author": "jwntcaxxxx", "comment_date": ["05/04", "10:23"], "comment_content": "錢"}, {"comment_author": "feng990719", "comment_date": ["05/04", "10:24"], "comment_content": "錢"}, {"comment_author": "darkuso", "comment_date": ["05/04", "10:24"], "comment_content": "推"}, {"comment_author": "CalmEarth", "comment_date": ["05/04", "10:24"], "comment_content": "推"}, {"comment_author": "bseiqwkbk", "comment_date": ["05/04", "10:24"], "comment_content": "  這樣也有錢！？來吧！"}, {"comment_author": "sr2112", "comment_date": ["05/04", "10:24"], "comment_content": "錢"}, {"comment_author": "DogTire", "comment_date": ["05/04", "10:25"], "comment_content": "錢"}, {"comment_author": "vwpassat", "comment_date": ["05/04", "10:25"], "comment_content": "錢"}, {"comment_author": "minJohnny", "comment_date": ["05/04", "10:25"], "comment_content": "笑死"}, {"comment_author": "chubby31190", "comment_date": ["05/04", "10:25"], "comment_content": "錢"}, {"comment_author": "moon128", "comment_date": ["05/04", "10:25"], "comment_content": "錢"}, {"comment_author": "mrcat", "comment_date": ["05/04", "10:26"], "comment_content": "陸海空軍刑法第17條第1項第6款縱放捕獲之俘"}, {"comment_author": "mrcat", "comment_date": ["05/04", "10:26"], "comment_content": "虜"}, {"comment_author": "zer0319", "comment_date": ["05/04", "10:26"], "comment_content": "錢"}, {"comment_author": "peter4108ml", "comment_date": ["05/04", "10:26"], "comment_content": "錢"}, {"comment_author": "alfredgod", "comment_date": ["05/04", "10:27"], "comment_content": "推"}, {"comment_author": "ju1117", "comment_date": ["05/04", "10:27"], "comment_content": "錢"}, {"comment_author": "by135tw", "comment_date": ["05/04", "10:27"], "comment_content": "錢"}, {"comment_author": "assdee", "comment_date": ["05/04", "10:27"], "comment_content": "錢"}, {"comment_author": "ShadowKuo", "comment_date": ["05/04", "10:27"], "comment_content": "錢"}, {"comment_author": "ggggg50713", "comment_date": ["05/04", "10:27"], "comment_content": "前"}, {"comment_author": "msnandy", "comment_date": ["05/04", "10:27"], "comment_content": "錢"}, {"comment_author": "yuetako", "comment_date": ["05/04", "10:27"], "comment_content": "推"}, {"comment_author": "lucky0623", "comment_date": ["05/04", "10:28"], "comment_content": "沒曹操劉備會直接被吳吃掉，放掉正確"}, {"comment_author": "distantblc", "comment_date": ["05/04", "10:28"], "comment_content": "錢"}, {"comment_author": "finhisky", "comment_date": ["05/04", "10:28"], "comment_content": "兩腿"}, {"comment_author": "eric13940", "comment_date": ["05/04", "10:28"], "comment_content": "是"}, {"comment_author": "markcu", "comment_date": ["05/04", "10:28"], "comment_content": "推，錢錢"}, {"comment_author": "swimming5445", "comment_date": ["05/04", "10:28"], "comment_content": "推"}, {"comment_author": "AngelsDemon", "comment_date": ["05/04", "10:28"], "comment_content": "給錢就跟你說"}, {"comment_author": "paladin499", "comment_date": ["05/04", "10:29"], "comment_content": "$$$"}, {"comment_author": "advice2213", "comment_date": ["05/04", "10:29"], "comment_content": "推"}, {"comment_author": "sonic37", "comment_date": ["05/04", "10:30"], "comment_content": "正史沒這段，赤壁敗曹操也沒傷到不能打"}, {"comment_author": "zerorock000", "comment_date": ["05/04", "10:30"], "comment_content": "推"}, {"comment_author": "a619063", "comment_date": ["05/04", "10:30"], "comment_content": "不可能我2D天下5D"}, {"comment_author": "donation12", "comment_date": ["05/04", "10:30"], "comment_content": "不可能，絕對不可能！"}, {"comment_author": "saint01", "comment_date": ["05/04", "10:31"], "comment_content": "好"}, {"comment_author": "qwaszx012", "comment_date": ["05/04", "10:31"], "comment_content": ":"}, {"comment_author": "shikop", "comment_date": ["05/04", "10:31"], "comment_content": "錢"}, {"comment_author": "key7110", "comment_date": ["05/04", "10:31"], "comment_content": "推"}, {"comment_author": "bigwhite327", "comment_date": ["05/04", "10:31"], "comment_content": "不可能 絕對不可能"}, {"comment_author": "raongdeyr", "comment_date": ["05/04", "10:31"], "comment_content": "錢"}, {"comment_author": "mapie816438", "comment_date": ["05/04", "10:31"], "comment_content": "錢"}, {"comment_author": "pure9502", "comment_date": ["05/04", "10:31"], "comment_content": "我不能走啊 雲長"}, {"comment_author": "joechen03", "comment_date": ["05/04", "10:31"], "comment_content": "推"}, {"comment_author": "b258963147", "comment_date": ["05/04", "10:33"], "comment_content": "還有這等好事"}, {"comment_author": "AtenWang", "comment_date": ["05/04", "10:33"], "comment_content": "好"}, {"comment_author": "nini2mark", "comment_date": ["05/04", "10:33"], "comment_content": "錢"}, {"comment_author": "zorro1111", "comment_date": ["05/04", "10:34"], "comment_content": "$"}, {"comment_author": "ape0221", "comment_date": ["05/04", "10:34"], "comment_content": "錢"}, {"comment_author": "godiegroup", "comment_date": ["05/04", "10:34"], "comment_content": "推"}, {"comment_author": "qscxz", "comment_date": ["05/04", "10:34"], "comment_content": "$"}, {"comment_author": "maximu", "comment_date": ["05/04", "10:35"], "comment_content": "錢"}, {"comment_author": "ThreeNG", "comment_date": ["05/04", "10:35"], "comment_content": "正史其實更浪漫(≧▽≦)曹操厚待關羽，"}, {"comment_author": "ThreeNG", "comment_date": ["05/04", "10:35"], "comment_content": "關羽戰場上親自刺殺顏良報恩。關羽心念"}, {"comment_author": "ThreeNG", "comment_date": ["05/04", "10:35"], "comment_content": "劉備辭行，曹操明知關羽是對手的第一神"}, {"comment_author": "ThreeNG", "comment_date": ["05/04", "10:36"], "comment_content": "將，還是放行（結果後來關羽水淹七軍威"}, {"comment_author": "ThreeNG", "comment_date": ["05/04", "10:36"], "comment_content": "震華夏殺到曹操想遷都，曹操不知道有沒"}, {"comment_author": "ThreeNG", "comment_date": ["05/04", "10:36"], "comment_content": "有後悔當年放走關羽）。正史比小說還浪"}, {"comment_author": "ThreeNG", "comment_date": ["05/04", "10:36"], "comment_content": "漫(≧▽≦)"}, {"comment_author": "zangif", "comment_date": ["05/04", "10:36"], "comment_content": "？？？"}, {"comment_author": "brandley", "comment_date": ["05/04", "10:36"], "comment_content": "推"}, {"comment_author": "reexamor", "comment_date": ["05/04", "10:37"], "comment_content": "‘"}, {"comment_author": "reocheng", "comment_date": ["05/04", "10:37"], "comment_content": "1"}, {"comment_author": "Cherng9527", "comment_date": ["05/04", "10:37"], "comment_content": "錢 謝謝"}, {"comment_author": "awe1030", "comment_date": ["05/04", "10:38"], "comment_content": "錢"}, {"comment_author": "Devillian", "comment_date": ["05/04", "10:40"], "comment_content": "推"}, {"comment_author": "ruthertw", "comment_date": ["05/04", "10:40"], "comment_content": "是 推 錢~"}, {"comment_author": "minimick0603", "comment_date": ["05/04", "10:41"], "comment_content": "推"}, {"comment_author": "IntelNNP", "comment_date": ["05/04", "10:41"], "comment_content": "b4 推 錢"}, {"comment_author": "InvincibleK", "comment_date": ["05/04", "10:42"], "comment_content": "是 推錢~"}, {"comment_author": "Puye", "comment_date": ["05/04", "10:42"], "comment_content": "還不是走後門 逃脫罪責（軍令狀） 我說關羽"}, {"comment_author": "CHERRYCOLA", "comment_date": ["05/04", "10:43"], "comment_content": "就根本沒這回事 赤壁敗了 損失劉表的"}, {"comment_author": "kkk1234", "comment_date": ["05/04", "10:43"], "comment_content": "錢"}, {"comment_author": "scum5566", "comment_date": ["05/04", "10:43"], "comment_content": "錢"}, {"comment_author": "CHERRYCOLA", "comment_date": ["05/04", "10:45"], "comment_content": "水軍而已曹魏元氣未傷 孫劉注定要互殺"}, {"comment_author": "jinnij03879", "comment_date": ["05/04", "10:45"], "comment_content": "444"}, {"comment_author": "DDIR89", "comment_date": ["05/04", "10:46"], "comment_content": "錢"}, {"comment_author": "stezer", "comment_date": ["05/04", "10:46"], "comment_content": "發錢就發錢貼個雞巴支那賤畜"}, {"comment_author": "tsainalunba4", "comment_date": ["05/04", "10:46"], "comment_content": "錢"}, {"comment_author": "kerry0496x", "comment_date": ["05/04", "10:46"], "comment_content": "史實上根本沒有華容道事件"}, {"comment_author": "ducan783", "comment_date": ["05/04", "10:47"], "comment_content": "推"}, {"comment_author": "ssw0929", "comment_date": ["05/04", "10:48"], "comment_content": "推"}, {"comment_author": "imaray", "comment_date": ["05/04", "10:49"], "comment_content": "推"}, {"comment_author": "tiger4friend", "comment_date": ["05/04", "10:53"], "comment_content": "推"}, {"comment_author": "joeyben", "comment_date": ["05/04", "10:53"], "comment_content": "謝"}, {"comment_author": "TKjoe619", "comment_date": ["05/04", "10:54"], "comment_content": "錢"}, {"comment_author": "palapalanhu", "comment_date": ["05/04", "10:55"], "comment_content": "QQ"}, {"comment_author": "kevin31a2", "comment_date": ["05/04", "10:55"], "comment_content": "推"}, {"comment_author": "windbomb", "comment_date": ["05/04", "10:56"], "comment_content": "對劉備而言，曹操一死，換司馬懿會更慘"}, {"comment_author": "followmytype", "comment_date": ["05/04", "10:56"], "comment_content": "錢"}, {"comment_author": "Dean997", "comment_date": ["05/04", "10:56"], "comment_content": "錢"}, {"comment_author": "alex5566", "comment_date": ["05/04", "10:57"], "comment_content": "這是投資，不然在赤壁就結束了"}, {"comment_author": "jimmy0204123", "comment_date": ["05/04", "10:57"], "comment_content": "推"}, {"comment_author": "addog74", "comment_date": ["05/04", "10:59"], "comment_content": "要看諸葛亮有沒有加入新潮流，有就一律抹"}, {"comment_author": "ccmacker", "comment_date": ["05/04", "10:59"], "comment_content": "錢"}, {"comment_author": "alex5566", "comment_date": ["05/04", "10:59"], "comment_content": "錢錢"}, {"comment_author": "addog74", "comment_date": ["05/04", "10:59"], "comment_content": "成圖利罪"}, {"comment_author": "GTO1", "comment_date": ["05/04", "11:00"], "comment_content": "錢"}, {"comment_author": "joesmile", "comment_date": ["05/04", "11:00"], "comment_content": "QQ"}, {"comment_author": "joe821122", "comment_date": ["05/04", "11:03"], "comment_content": "等距三角"}, {"comment_author": "dou0228", "comment_date": ["05/04", "11:04"], "comment_content": "嘻嘻"}, {"comment_author": "psychohero", "comment_date": ["05/04", "11:04"], "comment_content": "錢"}, {"comment_author": "gambler1001", "comment_date": ["05/04", "11:04"], "comment_content": "推"}, {"comment_author": "kenyclapton", "comment_date": ["05/04", "11:04"], "comment_content": "錢"}, {"comment_author": "allbodyblack", "comment_date": ["05/04", "11:07"], "comment_content": "推"}, {"comment_author": "ttony", "comment_date": ["05/04", "11:09"], "comment_content": "$$$"}, {"comment_author": "abcrr123", "comment_date": ["05/04", "11:09"], "comment_content": "4444"}, {"comment_author": "hendryinptt", "comment_date": ["05/04", "11:10"], "comment_content": "好"}, {"comment_author": "beeboombee", "comment_date": ["05/04", "11:11"], "comment_content": "有錄音跟會議記錄嗎"}, {"comment_author": "abcd991276", "comment_date": ["05/04", "11:12"], "comment_content": "好"}, {"comment_author": "elvis007", "comment_date": ["05/04", "11:16"], "comment_content": "$"}, {"comment_author": "matlall46", "comment_date": ["05/04", "11:16"], "comment_content": "推"}, {"comment_author": "ui", "comment_date": ["05/04", "11:16"], "comment_content": "推"}, {"comment_author": "garyblue301", "comment_date": ["05/04", "11:18"], "comment_content": "錢"}, {"comment_author": "BLEAKman", "comment_date": ["05/04", "11:19"], "comment_content": "推"}, {"comment_author": "talent666", "comment_date": ["05/04", "11:20"], "comment_content": "我2D天下無敵"}, {"comment_author": "j821005", "comment_date": ["05/04", "11:21"], "comment_content": "錢"}, {"comment_author": "a826451115", "comment_date": ["05/04", "11:21"], "comment_content": "推"}, {"comment_author": "sodistrues", "comment_date": ["05/04", "11:21"], "comment_content": "4"}, {"comment_author": "EricLambert", "comment_date": ["05/04", "11:24"], "comment_content": "錢"}, {"comment_author": "bbss", "comment_date": ["05/04", "11:24"], "comment_content": "錢"}, {"comment_author": "ray801046", "comment_date": ["05/04", "11:29"], "comment_content": "我推大貓熊"}, {"comment_author": "abcdragon", "comment_date": ["05/04", "11:30"], "comment_content": "4"}, {"comment_author": "OCDisorder", "comment_date": ["05/04", "11:33"], "comment_content": "錢"}, {"comment_author": "kururukeroro", "comment_date": ["05/04", "11:34"], "comment_content": "錢"}, {"comment_author": "freehand1122", "comment_date": ["05/04", "11:34"], "comment_content": "推"}, {"comment_author": "jzoethai", "comment_date": ["05/04", "11:35"], "comment_content": "錢"}, {"comment_author": "RognerLiu", "comment_date": ["05/04", "11:37"], "comment_content": "推"}, {"comment_author": "Cookieptt", "comment_date": ["05/04", "11:39"], "comment_content": "$"}, {"comment_author": "jason0512", "comment_date": ["05/04", "11:42"], "comment_content": "關羽是劫財劫色的殺人犯 根本不是"}, {"comment_author": "jason0512", "comment_date": ["05/04", "11:42"], "comment_content": "關聖帝君"}, {"comment_author": "jason0512", "comment_date": ["05/04", "11:43"], "comment_content": "卻讓一堆人活在關羽的謊言地獄受罪"}, {"comment_author": "blessme", "comment_date": ["05/04", "11:44"], "comment_content": "錢"}, {"comment_author": "ThreeNG", "comment_date": ["05/04", "11:46"], "comment_content": "哪有差，哪個神不是人類「創造」出來的"}, {"comment_author": "ThreeNG", "comment_date": ["05/04", "11:46"], "comment_content": "？(￣▽￣)"}, {"comment_author": "ThreeNG", "comment_date": ["05/04", "11:46"], "comment_content": "有需求自然會有商品產生嘛"}, {"comment_author": "jason0512", "comment_date": ["05/04", "11:55"], "comment_content": "關羽水淹七軍早認定是假的，他是普"}, {"comment_author": "jason0512", "comment_date": ["05/04", "11:55"], "comment_content": "通人哪可能操控天氣 水淹七軍"}, {"comment_author": "springman", "comment_date": ["05/04", "12:01"], "comment_content": "那時候應該還沒有魏國吧！"}, {"comment_author": "zealotlai274", "comment_date": ["05/04", "12:04"], "comment_content": "推"}, {"comment_author": "losec0614", "comment_date": ["05/04", "12:08"], "comment_content": "錢"}, {"comment_author": "FRANCO11", "comment_date": ["05/04", "12:14"], "comment_content": "殺了之後本能寺之變沒人怎麼辦"}, {"comment_author": "s06076276", "comment_date": ["05/04", "12:15"], "comment_content": "$"}, {"comment_author": "gilbertchen8", "comment_date": ["05/04", "12:17"], "comment_content": "錢"}, {"comment_author": "Mashirokawai", "comment_date": ["05/04", "12:18"], "comment_content": "推"}, {"comment_author": "bbdan22511", "comment_date": ["05/04", "12:25"], "comment_content": "錢"}, {"comment_author": "jason0512", "comment_date": ["05/04", "12:27"], "comment_content": "關羽威震華夏也是假的。東漢那個年"}, {"comment_author": "jason0512", "comment_date": ["05/04", "12:27"], "comment_content": "代 就連原始印刷術都沒有。連日期"}, {"comment_author": "jason0512", "comment_date": ["05/04", "12:27"], "comment_content": "過到哪一天都不知道 。誰會認識關"}, {"comment_author": "jason0512", "comment_date": ["05/04", "12:27"], "comment_content": "羽？ 哪有人威震華夏不到幾天就被"}, {"comment_author": "jason0512", "comment_date": ["05/04", "12:27"], "comment_content": "砍頭"}, {"comment_author": "InoueNagi", "comment_date": ["05/04", "12:29"], "comment_content": "錢"}, {"comment_author": "springman", "comment_date": ["05/04", "12:29"], "comment_content": "聽說三國志裡面也有提到威震華夏。"}, {"comment_author": "jason0512", "comment_date": ["05/04", "12:36"], "comment_content": "三國志提到又如何 陳壽也是抄魏志"}, {"comment_author": "jason0512", "comment_date": ["05/04", "12:36"], "comment_content": "魏志根本沒提到威震華夏。"}, {"comment_author": "jason0512", "comment_date": ["05/04", "12:38"], "comment_content": "科學上說不通的事 是如何當證據?"}, {"comment_author": "Mutual", "comment_date": ["05/04", "12:42"], "comment_content": "錢"}, {"comment_author": "jenbon", "comment_date": ["05/04", "12:51"], "comment_content": "前"}, {"comment_author": "rkbey", "comment_date": ["05/04", "12:53"], "comment_content": "假設劉備統一 依照慣例 關張肯定先死 諸葛"}, {"comment_author": "rkbey", "comment_date": ["05/04", "12:53"], "comment_content": "歸隱病死"}, {"comment_author": "gn00655059", "comment_date": ["05/04", "12:55"], "comment_content": "錢"}, {"comment_author": "gin10791", "comment_date": ["05/04", "13:00"], "comment_content": "關羽都穿綠的 一定沒事"}, {"comment_author": "jason0512", "comment_date": ["05/04", "13:10"], "comment_content": "斬顏良早就被認定是假的 哪有一人"}, {"comment_author": "jason0512", "comment_date": ["05/04", "13:10"], "comment_content": "可以衝入萬人中 根本就違反物理了"}, {"comment_author": "jason0512", "comment_date": ["05/04", "13:10"], "comment_content": "。"}, {"comment_author": "jason0512", "comment_date": ["05/04", "13:13"], "comment_content": "2021年考古學家發現顏良墓,證實史"}, {"comment_author": "jason0512", "comment_date": ["05/04", "13:13"], "comment_content": "書記載錯誤,從頭到尾都是烏龍一場"}, {"comment_author": "wirecut", "comment_date": ["05/04", "13:20"], "comment_content": "推"}, {"comment_author": "lin1020", "comment_date": ["05/04", "13:22"], "comment_content": "推"}, {"comment_author": "hjgx", "comment_date": ["05/04", "13:30"], "comment_content": "錢"}, {"comment_author": "mdkn35", "comment_date": ["05/04", "13:47"], "comment_content": "口了曹操 東吳趁機奪下北方 劉備還是吃土"}, {"comment_author": "abcd255060", "comment_date": ["05/04", "13:54"], "comment_content": "錢"}, {"comment_author": "inhumanq", "comment_date": ["05/04", "13:56"], "comment_content": "推"}, {"comment_author": "goofy888", "comment_date": ["05/04", "13:58"], "comment_content": "先推等領錢"}, {"comment_author": "ptt888", "comment_date": ["05/04", "14:12"], "comment_content": "推"}, {"comment_author": "ai2311", "comment_date": ["05/04", "14:19"], "comment_content": "下一篇項羽放了劉邦是不是圖利漢國"}, {"comment_author": "wiseinnis", "comment_date": ["05/04", "14:29"], "comment_content": "ㄟ不是.拍攝者不阻擋一下嗎"}, {"comment_author": "gg86300", "comment_date": ["05/04", "14:40"], "comment_content": "錢"}, {"comment_author": "awe1030", "comment_date": ["05/04", "14:48"], "comment_content": "錢"}, {"comment_author": "s66449", "comment_date": ["05/04", "15:07"], "comment_content": "錢"}, {"comment_author": "takenaka0208", "comment_date": ["05/04", "15:10"], "comment_content": "推"}, {"comment_author": "murderer", "comment_date": ["05/04", "16:00"], "comment_content": "錢"}, {"comment_author": "encoreg57985", "comment_date": ["05/04", "16:49"], "comment_content": "關羽斬文丑說假的還沒關係 但斬顏良"}, {"comment_author": "encoreg57985", "comment_date": ["05/04", "16:50"], "comment_content": "是真 那張遼800破10萬 物理也不可能"}, {"comment_author": "encoreg57985", "comment_date": ["05/04", "16:51"], "comment_content": "譁眾取寵的翻案文章少看"}, {"comment_author": "en0308", "comment_date": ["05/04", "17:07"], "comment_content": "推"}, {"comment_author": "Brucetk", "comment_date": ["05/04", "17:09"], "comment_content": "關羽智力60啊"}, {"comment_author": "kevin0126", "comment_date": ["05/04", "17:20"], "comment_content": "錢"}, {"comment_author": "ohyakai", "comment_date": ["05/04", "17:31"], "comment_content": "錢"}, {"comment_author": "tmgg", "comment_date": ["05/04", "18:10"], "comment_content": "推"}, {"comment_author": "LoveJapan", "comment_date": ["05/04", "18:16"], "comment_content": "錢"}, {"comment_author": "mi324", "comment_date": ["05/04", "19:31"], "comment_content": ":"}, {"comment_author": "physicsdk", "comment_date": ["05/04", "20:17"], "comment_content": "搞不好那十萬的首領是低能兒啊"}, {"comment_author": "xninjax", "comment_date": ["05/04", "20:18"], "comment_content": "鳥盡弓藏啊"}, {"comment_author": "godiegroup", "comment_date": ["05/04", "21:15"], "comment_content": "推"}, {"comment_author": "encoreg57985", "comment_date": ["05/04", "23:59"], "comment_content": "10萬首領孫權還是年輕不低能時"}, {"comment_author": "avada", "comment_date": ["05/05", "07:29"], "comment_content": "推"}, {"comment_author": "iamgyfan", "comment_date": ["05/05", "10:27"], "comment_content": "錢"}, {"comment_author": "physicsdk", "comment_date": ["05/05", "12:30"], "comment_content": "不低能該聽正史的還三國演義說了算XD"}, {"comment_author": "waitsun", "comment_date": ["05/05", "12:43"], "comment_content": "推"}, {"comment_author": "hwei9582905", "comment_date": ["05/05", "16:12"], "comment_content": "錢"}]}
