{"author": "bota (llll)", "category": "Gossiping", "title": "[問卦] 這次花蓮地震, 大陸捐多少???", "date": "Sun Apr 28 07:50:53 2024", "content": ["這次花蓮地震     (1) 房子要重建 (2) 災民要安置     處處都需要錢     因此, 這次震災, 大陸捐多少錢???     有沒有八卦??--"], "post_comment": [{"comment_author": "ymib", "comment_date": ["04/28", "07:51"], "comment_content": "軍機有每天飛來關心啊"}, {"comment_author": "notanyone", "comment_date": ["04/28", "07:51"], "comment_content": "不是說中國台灣 地震有在幫嗎"}, {"comment_author": "johnwu", "comment_date": ["04/28", "07:52"], "comment_content": "組合屋拿去變賣就有啦"}, {"comment_author": "notanyone", "comment_date": ["04/28", "07:52"], "comment_content": "馬的 什麼兩岸一家都講假的"}, {"comment_author": "akamen", "comment_date": ["04/28", "07:54"], "comment_content": "身為台灣人 你又捐多少？ 笑"}, {"comment_author": "GonVolcano", "comment_date": ["04/28", "07:54"], "comment_content": "共機有飛來關切啊，民進黨呢"}, {"comment_author": "enunion", "comment_date": ["04/28", "07:54"], "comment_content": "0, 自己都快窮死了還捐錢"}, {"comment_author": "ir5", "comment_date": ["04/28", "07:55"], "comment_content": "中國的話能聽，大O都能吃了"}, {"comment_author": "akamen", "comment_date": ["04/28", "07:55"], "comment_content": "民進黨小英飆車，功德喝珍奶不加糖"}, {"comment_author": "qaz12453", "comment_date": ["04/28", "07:55"], "comment_content": "換另外一問欸"}, {"comment_author": "Lastwisher", "comment_date": ["04/28", "07:57"], "comment_content": "小心這樣問恐引發某些滯台那不滿"}, {"comment_author": "zx11zx00", "comment_date": ["04/28", "07:58"], "comment_content": "花蓮王去朝貢了看看有沒有佈施囉"}, {"comment_author": "sunpedro0202", "comment_date": ["04/28", "08:00"], "comment_content": "小星藍白粉不滿"}, {"comment_author": "Ceferino", "comment_date": ["04/28", "08:00"], "comment_content": "美國捐多少？"}, {"comment_author": "G8PIG", "comment_date": ["04/28", "08:07"], "comment_content": "塔綠班貪官捐多少？"}, {"comment_author": "raku", "comment_date": ["04/28", "08:17"], "comment_content": "樓上講清楚啊 貪官是誰"}, {"comment_author": "savishu", "comment_date": ["04/28", "08:29"], "comment_content": "我也想知道貪官是誰？說清楚才能幫你讚"}, {"comment_author": "savishu", "comment_date": ["04/28", "08:29"], "comment_content": "蝦"}, {"comment_author": "kaocoming", "comment_date": ["04/28", "08:37"], "comment_content": "回樓上陳凱凌啊 還不快出來讚聲"}, {"comment_author": "noreg0393933", "comment_date": ["04/28", "09:23"], "comment_content": "怎麼可能捐錢給台灣買武器？"}, {"comment_author": "asdf159000", "comment_date": ["04/28", "11:09"], "comment_content": "下一篇是美國爸爸捐多少嗎？"}]}
