{"author": "aa851202 (郭嘉門前有蕭何)", "category": "Gossiping", "title": "[問卦] 為什麼會說聖誕老人不存在？", "date": "Sun Apr 28 00:23:58 2024", "content": ["「聖誕老人不存在」這似乎已經變成了大人戳破小孩聖誕節常用的一句話雖然的確沒有穿著紅衣服駕著麋鹿雪橇的老頭但並不代表聖誕老人不存在吧聖誕老人的原型是聖尼古拉主教他也的確樂善好施會發給貧窮的小孩一些禮物聖尼古拉和現代的聖誕老人差別大概是民間信仰中關聖帝君和關羽的差別但你不會因為關聖帝君沒有顯靈就說歷史上沒有關雲長這號人物同理，嚴格來說聖誕老人並非不存在吧？--"], "post_comment": [{"comment_author": "MrSherlock", "comment_date": ["04/28", "00:25"], "comment_content": "會給你禮物的聖誕老人不存在（？"}, {"comment_author": "NaoGaTsu", "comment_date": ["04/28", "00:25"], "comment_content": "我剛剛問聖誕老人 他說還沒到聖誕節不要"}, {"comment_author": "NaoGaTsu", "comment_date": ["04/28", "00:25"], "comment_content": "提到他 他還在渡假"}]}
