{"author": "sdamel (國民美尻男=ˇ=)", "category": "Gossiping", "title": "[問卦] 在森林裡面遇到四隻老虎呢", "date": "Sat May  4 20:29:12 2024", "content": ["有一天我穿著爸爸媽媽送我的新衣服結果在森林遇到老虎老虎說如果我能把身上紅色的衣服給他，他就不吃我所以我把衣服給了他然後又遇到第二隻老虎，說把藍色的褲子給他就不吃我所以我把褲子給了他再來又遇到第三隻老虎這次要我綠色的雨傘，我給了她眼看只剩下紫色的鞋子了結果還是又遇到第四隻老虎只好連鞋子都給他了全身的東西都被拿走了現在怎麼辦有沒有八卦--", "變成離心機了", "為民除害棒棒", "幹為什麼你們都記得這個我只記得小黑人裸體被四隻大老虎包圍", "四天王有五個沒問題"], "post_comment": [{"comment_author": "felixden", "comment_date": ["05/04", "20:29"], "comment_content": "幹死她"}, {"comment_author": "milk7054", "comment_date": ["05/04", "20:29"], "comment_content": "懶叫給牠樹"}, {"comment_author": "jimmy0316", "comment_date": ["05/04", "20:29"], "comment_content": "那部啦"}, {"comment_author": "syntax123", "comment_date": ["05/04", "20:29"], "comment_content": "後來老虎全部融化成奶油了"}, {"comment_author": "ncc5566", "comment_date": ["05/04", "20:29"], "comment_content": "五樓肛了那些老虎"}, {"comment_author": "lagi5487", "comment_date": ["05/04", "20:30"], "comment_content": "五樓好勇"}, {"comment_author": "chadmu", "comment_date": ["05/04", "20:31"], "comment_content": "這部我看過 老虎跑太快融化"}, {"comment_author": "distantblc", "comment_date": ["05/04", "20:31"], "comment_content": "哪部喇"}, {"comment_author": "qoo60606", "comment_date": ["05/04", "20:31"], "comment_content": "五虎哀哉"}, {"comment_author": "MJdavid", "comment_date": ["05/04", "20:31"], "comment_content": "說謊 古話說 一山不容二虎 怎麼會有四隻"}, {"comment_author": "fp737", "comment_date": ["05/04", "20:32"], "comment_content": "以前只有兩隻老虎啦  後來有老虎五隻"}, {"comment_author": "fp737", "comment_date": ["05/04", "20:32"], "comment_content": "還有一隻唷  小心"}, {"comment_author": "wilson3435", "comment_date": ["05/04", "20:33"], "comment_content": "是不會穿上玩偶裝當第五隻老虎打劫別"}, {"comment_author": "wilson3435", "comment_date": ["05/04", "20:33"], "comment_content": "人喔"}, {"comment_author": "railman", "comment_date": ["05/04", "20:34"], "comment_content": "有四條虎鞭"}, {"comment_author": "milk7054", "comment_date": ["05/04", "20:35"], "comment_content": "一山怎麼沒二虎？老虎又不是老處男"}, {"comment_author": "cosmosET", "comment_date": ["05/04", "20:39"], "comment_content": "懶覺給它+1"}, {"comment_author": "willism", "comment_date": ["05/04", "20:46"], "comment_content": "小心不要遇到熊海靈"}, {"comment_author": "optima", "comment_date": ["05/04", "20:51"], "comment_content": "奶油都帶回去做成餅給家人吃"}, {"comment_author": "zumdahl", "comment_date": ["05/04", "21:43"], "comment_content": "為什麼跑太快會融化"}]}
