{"author": "derrick1220 (新竹野內豐)", "category": "Gossiping", "title": "[問卦] 禿頭有沒有較委婉的說法？O_o", "date": "Thu May  2 14:55:59 2024", "content": ["肥肥的1個朋友因長期飽受禿頭困擾至今仍母胎單身最近有人要替他介紹對象想在見面前老實告訴對方自己4禿頭仔已免見了面尷尬故想替他問問禿頭有沒有較委婉的說法？O_o--"], "post_comment": [{"comment_author": "Himiko9975", "comment_date": ["05/02", "14:56"], "comment_content": "你就你朋友o_O"}, {"comment_author": "iamgaylan", "comment_date": ["05/02", "14:56"], "comment_content": "小姐你喜歡海嗎"}, {"comment_author": "maxqq", "comment_date": ["05/02", "14:56"], "comment_content": "『我財富自由』"}, {"comment_author": "LanceLiu", "comment_date": ["05/02", "14:56"], "comment_content": "髮量比較少"}, {"comment_author": "qa1122z", "comment_date": ["05/02", "14:57"], "comment_content": "十個禿子9個富"}, {"comment_author": "fattor", "comment_date": ["05/02", "14:57"], "comment_content": "死禿頭"}, {"comment_author": "Himiko9975", "comment_date": ["05/02", "14:57"], "comment_content": "髮線高/高額頭/雄性激素分泌旺盛"}, {"comment_author": "maxqq", "comment_date": ["05/02", "14:58"], "comment_content": "我性功能旺盛"}, {"comment_author": "muzik", "comment_date": ["05/02", "14:58"], "comment_content": "玩命光頭"}, {"comment_author": "kumori", "comment_date": ["05/02", "14:59"], "comment_content": "地中海"}, {"comment_author": "asassbulu", "comment_date": ["05/02", "14:59"], "comment_content": "韓院長"}, {"comment_author": "wey1582153", "comment_date": ["05/02", "15:01"], "comment_content": "童山濯濯"}, {"comment_author": "duelaylomo", "comment_date": ["05/02", "15:08"], "comment_content": "虔誠的佛教徒"}, {"comment_author": "PRME", "comment_date": ["05/02", "15:10"], "comment_content": "禿驢"}, {"comment_author": "em4", "comment_date": ["05/02", "15:11"], "comment_content": ""}, {"comment_author": "Seafarers", "comment_date": ["05/02", "15:21"], "comment_content": "六根清淨，無三千煩惱。"}, {"comment_author": "machiusheng", "comment_date": ["05/02", "15:23"], "comment_content": "睪固酮太多"}, {"comment_author": "gilbertchen8", "comment_date": ["05/02", "15:28"], "comment_content": "髮量稀疏"}, {"comment_author": "ericthree", "comment_date": ["05/02", "15:57"], "comment_content": "我的頭髮是自由的"}, {"comment_author": "peacekeeper", "comment_date": ["05/02", "16:09"], "comment_content": "您長得有點像清朝人"}, {"comment_author": "melonlon", "comment_date": ["05/02", "16:45"], "comment_content": "類國昌老師"}, {"comment_author": "e587", "comment_date": ["05/02", "17:47"], "comment_content": "白虎"}, {"comment_author": "scissorman", "comment_date": ["05/02", "22:48"], "comment_content": "濯濯"}]}
