{"author": "jjbye (真相大白)", "category": "Gossiping", "title": "[問卦] 中國老闆動不動就鞭打非洲黑人勞工", "date": "Sat May  4 10:26:58 2024", "content": ["動圖", "非洲很多弱小國家被中共騙去簽一帶一路合約他們只能向中共貸款但是又還不起只能淪落打工仔等同變相殖民影片有聲音黑人不斷求饒：不要！不要！中國老闆還是不停鞭打黑人", "--"], "post_comment": [{"comment_author": "derrick1220", "comment_date": ["05/04", "10:27"], "comment_content": "還好啦 歐洲人都砍手的"}, {"comment_author": "derrick1220", "comment_date": ["05/04", "10:29"], "comment_content": "而且只砍1支手另支手要採棉花"}, {"comment_author": "rick102233", "comment_date": ["05/04", "10:29"], "comment_content": "他們是在玩 感情好"}, {"comment_author": "NathanNorris", "comment_date": ["05/04", "10:29"], "comment_content": "你信不信等等會有人開始講台灣也有"}, {"comment_author": "NathanNorris", "comment_date": ["05/04", "10:29"], "comment_content": "黑工"}, {"comment_author": "anti87", "comment_date": ["05/04", "10:29"], "comment_content": "你說的是美國吧？直接綁回美洲奴役"}, {"comment_author": "jacket664", "comment_date": ["05/04", "10:30"], "comment_content": "過了幾百年還是擺脫不了被鞭打？"}, {"comment_author": "sushi11", "comment_date": ["05/04", "10:30"], "comment_content": "YouTube 不是幫非洲蓋農舍？"}, {"comment_author": "async", "comment_date": ["05/04", "10:32"], "comment_content": "一帶一路賣給了中共 只能認命當中國人的黑"}, {"comment_author": "async", "comment_date": ["05/04", "10:32"], "comment_content": "奴"}, {"comment_author": "Royalwarrior", "comment_date": ["05/04", "10:33"], "comment_content": "擺拍，晚上被宰都不知道"}, {"comment_author": "abcjoe61115", "comment_date": ["05/04", "10:39"], "comment_content": "黑奴喔"}, {"comment_author": "ruthertw", "comment_date": ["05/04", "10:45"], "comment_content": "看了好蘇胡"}, {"comment_author": "jetalpha", "comment_date": ["05/04", "10:58"], "comment_content": "這解釋了為何非洲會有針對China人發動的"}, {"comment_author": "jetalpha", "comment_date": ["05/04", "10:59"], "comment_content": "恐怖攻擊啊。"}, {"comment_author": "nopetw", "comment_date": ["05/04", "11:06"], "comment_content": "哈哈 是16世紀歐美奴隸主的記錄片啦 解放"}, {"comment_author": "nopetw", "comment_date": ["05/04", "11:06"], "comment_content": "後的新中国人怎麼可能會這樣對待亞非拉兄"}, {"comment_author": "nopetw", "comment_date": ["05/04", "11:06"], "comment_content": "弟捏 错觉.gif"}, {"comment_author": "Ceferino", "comment_date": ["05/04", "11:06"], "comment_content": "台灣老闆動不動就共體時艱薪資凍漲"}, {"comment_author": "scum5566", "comment_date": ["05/04", "11:08"], "comment_content": "難怪武裝份子連中國人一起殺，拿出紅色"}, {"comment_author": "scum5566", "comment_date": ["05/04", "11:08"], "comment_content": "護照也沒用"}, {"comment_author": "steelheart3", "comment_date": ["05/04", "11:10"], "comment_content": "台灣也是虐外勞的一堆 同文同種真的"}, {"comment_author": "steelheart3", "comment_date": ["05/04", "11:10"], "comment_content": "不是假的 只是台灣更擅長掩飾罷了"}, {"comment_author": "albertfeng", "comment_date": ["05/04", "11:40"], "comment_content": "好可憐，黑人肌肉大為啥不敢反抗啊"}, {"comment_author": "raku", "comment_date": ["05/04", "11:45"], "comment_content": "這個給美國黑人看到應該是炸鍋了吧"}, {"comment_author": "rick6304", "comment_date": ["05/04", "12:27"], "comment_content": "台灣頂多性侵外勞 冷水沖身體 關在陽台"}, {"comment_author": "rick6304", "comment_date": ["05/04", "12:29"], "comment_content": "拿熨斗燙 打到牙齒斷掉而已"}, {"comment_author": "lmanaka", "comment_date": ["05/04", "13:49"], "comment_content": "台灣老闆對移工也沒多好,五十笑百步"}, {"comment_author": "king123", "comment_date": ["05/04", "16:54"], "comment_content": "監獄五毛立即出來轉移焦點"}, {"comment_author": "roger871004", "comment_date": ["05/04", "16:55"], "comment_content": "台灣人對待外籍漁工聽說也是惡名昭"}, {"comment_author": "roger871004", "comment_date": ["05/04", "16:55"], "comment_content": "彰上世界新聞"}, {"comment_author": "bobju", "comment_date": ["05/04", "21:02"], "comment_content": "台灣也是[鞭]打女看護出了名的"}]}
