{"author": "k99t (聖誕小雞)", "category": "Gossiping", "title": "[問卦] 把機車停在汽車停車場會不會很靠北啊？", "date": "Sat May  4 22:23:32 2024", "content": ["因為機車停車格要錢所以把機車停在汽車停車場我都這樣幹欸這樣會不會很靠北啊？但我只會去大間連鎖的停車場這樣搞如果是私人的我不太敢怕機車被搞有沒有八卦？--"], "post_comment": [{"comment_author": "forhorde5566", "comment_date": ["05/04", "22:24"], "comment_content": "一台破車又不是自己的肛門怕被搞？"}, {"comment_author": "tmgl", "comment_date": ["05/04", "22:25"], "comment_content": "重機嗎"}, {"comment_author": "great007", "comment_date": ["05/04", "22:51"], "comment_content": "877414"}, {"comment_author": "great007", "comment_date": ["05/04", "22:57"], "comment_content": "..."}]}
