{"author": "ruby00514 (鬼滅秀柱-洪秀柱)", "category": "Gossiping", "title": "[問卦] 日幣貶成這樣 是擋不住還故意的？", "date": "Mon Apr 29 11:33:12 2024", "content": ["日幣這幾天變成這樣 到底是故意還擋不住啊這樣進口東西不就都超貴... 就像你買steam遊戲 結果超貴而且外國人都會去日本爽 搞到本國人都被壓縮到八這樣狂貶是故意的還是擋不住？有沒有八卦？--"], "post_comment": [{"comment_author": "s820912gmail", "comment_date": ["04/29", "11:33"], "comment_content": "台灣應該跟進"}, {"comment_author": "nekoares", "comment_date": ["04/29", "11:33"], "comment_content": "上週五日銀就說啦\"不影響物價\" 故意的"}, {"comment_author": "s999132", "comment_date": ["04/29", "11:34"], "comment_content": "擋不住就故意放了"}, {"comment_author": "palindromes", "comment_date": ["04/29", "11:34"], "comment_content": "你也要像日本商品 旅遊有競爭力啊"}, {"comment_author": "qazzxc12351", "comment_date": ["04/29", "11:34"], "comment_content": "日本帝國準備復甦了 看看中國夫婦"}, {"comment_author": "poolknight", "comment_date": ["04/29", "11:34"], "comment_content": "抗通膨"}, {"comment_author": "pharmacist05", "comment_date": ["04/29", "11:34"], "comment_content": ""}, {"comment_author": "palindromes", "comment_date": ["04/29", "11:34"], "comment_content": "沒有競爭力的 只有貶值那更慘"}, {"comment_author": "koujei", "comment_date": ["04/29", "11:35"], "comment_content": "故意的啊，歐美國家的通膨就讓亞洲黃猴子"}, {"comment_author": "gx8759121", "comment_date": ["04/29", "11:35"], "comment_content": "賺外匯，爽"}, {"comment_author": "koujei", "comment_date": ["04/29", "11:35"], "comment_content": "去吸收，日本又是二戰戰敗國，美國的日便"}, {"comment_author": "koujei", "comment_date": ["04/29", "11:35"], "comment_content": "器，好好幹啊"}, {"comment_author": "ab2u04fu4ab", "comment_date": ["04/29", "11:35"], "comment_content": "出口賺爛啊"}, {"comment_author": "palindromes", "comment_date": ["04/29", "11:35"], "comment_content": "大家都買日本商品 日本訂單多 失業率"}, {"comment_author": "palindromes", "comment_date": ["04/29", "11:35"], "comment_content": "低"}, {"comment_author": "palindromes", "comment_date": ["04/29", "11:36"], "comment_content": "大家狂買日本商品 設備"}, {"comment_author": "kevin31a2", "comment_date": ["04/29", "11:36"], "comment_content": "肛"}, {"comment_author": "palindromes", "comment_date": ["04/29", "11:36"], "comment_content": "觀光吸爆世界各國"}, {"comment_author": "b9513227", "comment_date": ["04/29", "11:37"], "comment_content": "日媒都在臭了 還有井蛙在吹"}, {"comment_author": "zephyr105", "comment_date": ["04/29", "11:37"], "comment_content": "怕他真的沒辦法守"}, {"comment_author": "samm3320", "comment_date": ["04/29", "11:37"], "comment_content": "他都結束負利率了，擋不住"}, {"comment_author": "cutesoda", "comment_date": ["04/29", "11:38"], "comment_content": "推一樓 應該跟進"}, {"comment_author": "mnxzq", "comment_date": ["04/29", "11:39"], "comment_content": "被各國空爆 擋不住"}, {"comment_author": "relax1129", "comment_date": ["04/29", "11:40"], "comment_content": "快跟30年前水準一樣"}, {"comment_author": "a1277034", "comment_date": ["04/29", "11:42"], "comment_content": "170準備all in我相信日本銀行在等一個"}, {"comment_author": "a1277034", "comment_date": ["04/29", "11:42"], "comment_content": "吊大鱷的機會"}, {"comment_author": "tcancer", "comment_date": ["04/29", "11:43"], "comment_content": "外銷競爭力up up"}, {"comment_author": "seemoon2000", "comment_date": ["04/29", "11:43"], "comment_content": "台灣不能跟進 日本這兩年房價暴漲"}, {"comment_author": "seemoon2000", "comment_date": ["04/29", "11:43"], "comment_content": "一部分就是這原因"}, {"comment_author": "gk1329", "comment_date": ["04/29", "11:45"], "comment_content": "故意的鴨"}, {"comment_author": "gk1329", "comment_date": ["04/29", "11:45"], "comment_content": "一直印鈔一直爽 印鈔救美債"}, {"comment_author": "gk1329", "comment_date": ["04/29", "11:46"], "comment_content": "日本央行持有美債又破新高惹"}, {"comment_author": "nitvx", "comment_date": ["04/29", "11:46"], "comment_content": "去日本狂花錢當大爺啊啊啊啊啊！爽幹"}, {"comment_author": "gk1329", "comment_date": ["04/29", "11:47"], "comment_content": "然後中國美債一直創新低"}, {"comment_author": "gk1329", "comment_date": ["04/29", "11:48"], "comment_content": "中國政府越來越窮 日本政府越印越有錢= ="}, {"comment_author": "g9911731", "comment_date": ["04/29", "11:49"], "comment_content": "日媒再抽，請看是哪台吧。難道罵美國看"}, {"comment_author": "g9911731", "comment_date": ["04/29", "11:49"], "comment_content": "三立？"}, {"comment_author": "douge", "comment_date": ["04/29", "11:53"], "comment_content": "日幣貶值是因為 美國印債務給日本買"}, {"comment_author": "douge", "comment_date": ["04/29", "11:53"], "comment_content": "日本印鈔票去買債務 當然日幣貶值"}, {"comment_author": "douge", "comment_date": ["04/29", "11:54"], "comment_content": "日本流通貨幣就這樣多 無端多出這麼多債務"}, {"comment_author": "grosjeanyang", "comment_date": ["04/29", "11:54"], "comment_content": "政府故意的吧，用意不清楚"}, {"comment_author": "douge", "comment_date": ["04/29", "11:55"], "comment_content": "這就最基本的總經而已"}, {"comment_author": "senza07", "comment_date": ["04/29", "11:58"], "comment_content": "先搬到日本住吧 比較省錢"}, {"comment_author": "bigcho", "comment_date": ["04/29", "12:23"], "comment_content": "然後售價就都上調了"}, {"comment_author": "basketkdash", "comment_date": ["04/29", "12:29"], "comment_content": "日銀就裝死了 我看背後絕對跟美國談"}, {"comment_author": "basketkdash", "comment_date": ["04/29", "12:29"], "comment_content": "好了什麼東西"}, {"comment_author": "kkchen", "comment_date": ["04/29", "12:30"], "comment_content": "絕對是故意的，日本政府每天祈求通膨祈求"}, {"comment_author": "kkchen", "comment_date": ["04/29", "12:30"], "comment_content": "了30年，日本貶了50%都還不通膨，現在只"}, {"comment_author": "kkchen", "comment_date": ["04/29", "12:30"], "comment_content": "能放任貶值直到通膨出現為止。"}, {"comment_author": "what1026", "comment_date": ["04/29", "12:34"], "comment_content": "美國還沒買夠"}, {"comment_author": "andy79323", "comment_date": ["04/29", "13:06"], "comment_content": "說個笑話日本沒通膨"}, {"comment_author": "stu25936", "comment_date": ["04/29", "13:51"], "comment_content": "這麼誇張怎麼可能不是故意的"}, {"comment_author": "court", "comment_date": ["04/29", "15:57"], "comment_content": "幹 我家人有買欸"}, {"comment_author": "hosen", "comment_date": ["04/29", "17:50"], "comment_content": "吸日本人的血，因為中共不給吸"}, {"comment_author": "hosen", "comment_date": ["04/29", "17:51"], "comment_content": "日幣貶值，美國不用出更多錢就能進口日本"}, {"comment_author": "hosen", "comment_date": ["04/29", "17:51"], "comment_content": "的商品，來滿足國內需求"}, {"comment_author": "hosen", "comment_date": ["04/29", "17:51"], "comment_content": ""}, {"comment_author": "hosen", "comment_date": ["04/29", "17:52"], "comment_content": "但是日本是加工業，貶值原料也漲價，沒賺"}, {"comment_author": "hosen", "comment_date": ["04/29", "17:52"], "comment_content": "比較多，員工還是苦哈哈"}]}
