{"author": "SeaForest (~海森林~)", "category": "Gossiping", "title": "[問卦] 不讓資方賺就沒有人要開店了啦", "date": "Fri May  3 10:15:18 2024", "content": ["欸欸大家看到最近大家在討論試用期八成薪水有人罵台灣真的是資方天堂勞基法修惡之外更可怕的是很多資方都不遵守勞基法因為很少抓 抓到也不會罰很重可是啊大家要想清楚 如果法規偏袒勞方的話做資方的風險增加就沒有人要開店請人了欸等於說一堆工作機會就這樣消失了空有勞基法也沒用 因為根本沒人要請你啊XDD所以啦有沒有不讓資方賺錢就沒有人要開店的八卦--", "--"], "post_comment": [{"comment_author": "re**tw", "comment_date": ["12/25", "22:42"], "comment_content": "當時沒有時間救母親和兒子"}, {"comment_author": "re**tw", "comment_date": ["12/25", "22:43"], "comment_content": "娶老婆一定要找會游泳的"}, {"comment_author": "re**tw", "comment_date": ["12/25", "22:43"], "comment_content": "就沒這問題了"}, {"comment_author": "juy**11", "comment_date": ["12/25", "22:47"], "comment_content": "哇 第一次看re**tw回跟中國無關的文"}, {"comment_author": "Nik**610", "comment_date": ["12/25", "22:49"], "comment_content": "哇 第一次看re**tw回跟中國無關的文"}, {"comment_author": "jack529", "comment_date": ["05/03", "10:16"], "comment_content": "重罰20k"}, {"comment_author": "s90011", "comment_date": ["05/03", "10:21"], "comment_content": "勞方其實根本不需要資方"}, {"comment_author": "s90011", "comment_date": ["05/03", "10:21"], "comment_content": "以前沒所謂的勞資也是能過日子"}, {"comment_author": "s90011", "comment_date": ["05/03", "10:21"], "comment_content": "你會覺得需要老闆才能過日子是因為制度"}, {"comment_author": "s90011", "comment_date": ["05/03", "10:22"], "comment_content": "刻意設計成這樣，讓大家依賴他們"}, {"comment_author": "ad1339", "comment_date": ["05/03", "10:24"], "comment_content": "這是會守法的，不守法的你怎麼修都沒用~"}, {"comment_author": "cat5672", "comment_date": ["05/03", "10:30"], "comment_content": "最好真的就是只想賺錢 而不是想要動到"}, {"comment_author": "cat5672", "comment_date": ["05/03", "10:30"], "comment_content": "分配資源的權柄"}, {"comment_author": "hostage911", "comment_date": ["05/03", "10:48"], "comment_content": "所以要比爛才有機會？"}, {"comment_author": "idlewolf", "comment_date": ["05/03", "10:59"], "comment_content": "你根本低估了人性的下限"}]}
