{"author": "purue (purue)", "category": "Gossiping", "title": "[問卦] 五條悟如果復活會怎樣", "date": "Thu May  2 03:22:36 2024", "content": ["最近聽說 有五條悟要復活的情報 可是他呢前不久才壯烈犧牲 還在靈界說什麼沒有讓宿儺發揮實力 這樣隨便復活會不會太糞了啊還是作者迫於壓力硬復活的啊？有沒有八卦----Sent from", "on my Google Pixel 4a--"], "post_comment": [{"comment_author": "OPPAISuki", "comment_date": ["05/02", "03:25"], "comment_content": "還有人看喔? 復活肯定是為了要救人氣"}, {"comment_author": "Doub1eK", "comment_date": ["05/02", "03:34"], "comment_content": "七龍珠還不是一直復活 有差嗎= ="}, {"comment_author": "Himiko9975", "comment_date": ["05/02", "03:34"], "comment_content": "2.5*2啊 不然呢"}, {"comment_author": "ShockHo222", "comment_date": ["05/02", "03:35"], "comment_content": "再被腰斬不然咧"}, {"comment_author": "MinJun5566", "comment_date": ["05/02", "03:38"], "comment_content": "會贏哦"}, {"comment_author": "Oumnli", "comment_date": ["05/02", "03:41"], "comment_content": "網上有人猜會變咒靈也不知道算不算"}, {"comment_author": "Oumnli", "comment_date": ["05/02", "03:41"], "comment_content": "復活"}, {"comment_author": "htc314", "comment_date": ["05/02", "03:41"], "comment_content": "五條被封印後，後面拖戲無趣，人氣大降。"}, {"comment_author": "apeople", "comment_date": ["05/02", "04:14"], "comment_content": "宿魔：連龍珠都不收集直接復活，太過分"}, {"comment_author": "apeople", "comment_date": ["05/02", "04:14"], "comment_content": "了"}, {"comment_author": "apeople", "comment_date": ["05/02", "04:14"], "comment_content": ""}, {"comment_author": "banana190", "comment_date": ["05/02", "04:16"], "comment_content": "復活後又win"}, {"comment_author": "theskyofblue", "comment_date": ["05/02", "04:25"], "comment_content": "應該不會復活吧 或許安排轉生或是"}, {"comment_author": "theskyofblue", "comment_date": ["05/02", "04:25"], "comment_content": "變成其他東西之類的"}, {"comment_author": "hw1", "comment_date": ["05/02", "04:48"], "comment_content": "會贏喔"}, {"comment_author": "mopigou", "comment_date": ["05/02", "04:51"], "comment_content": "被大蛇丸用穢土轉生"}, {"comment_author": "ramirez", "comment_date": ["05/02", "05:00"], "comment_content": "會贏喔"}, {"comment_author": "F91", "comment_date": ["05/02", "05:33"], "comment_content": "會被雷禪操縱"}, {"comment_author": "allimontti", "comment_date": ["05/02", "05:54"], "comment_content": "沒有人看惹啦"}, {"comment_author": "ffdqfe", "comment_date": ["05/02", "06:10"], "comment_content": "感覺是早早就決定要復活的"}, {"comment_author": "water91", "comment_date": ["05/02", "07:02"], "comment_content": "會贏喔"}, {"comment_author": "JoeMaddon", "comment_date": ["05/02", "07:18"], "comment_content": "這部後面糞到不行"}, {"comment_author": "ePaper", "comment_date": ["05/02", "07:20"], "comment_content": "7.5條"}, {"comment_author": "syntax123", "comment_date": ["05/02", "07:22"], "comment_content": "凡夫"}, {"comment_author": "sheep79119", "comment_date": ["05/02", "07:50"], "comment_content": "現在就打最大魔王又不知道怎麼收尾吧"}, {"comment_author": "swxx", "comment_date": ["05/02", "07:56"], "comment_content": "作者 忙著下水餃…，沒空"}, {"comment_author": "ayakiax", "comment_date": ["05/02", "08:07"], "comment_content": "手辦都賣了，進度也沒在追了"}, {"comment_author": "ericthree", "comment_date": ["05/02", "08:09"], "comment_content": "好了啦 現在是悲傷第幾階段?"}, {"comment_author": "LOVEWS", "comment_date": ["05/02", "08:19"], "comment_content": "也一年多了好嗎"}, {"comment_author": "raxtm", "comment_date": ["05/02", "09:20"], "comment_content": "半年了，還在復活"}, {"comment_author": "dusty20695", "comment_date": ["05/02", "10:30"], "comment_content": "無所謂 糞到不想看"}, {"comment_author": "TOEY", "comment_date": ["05/02", "10:31"], "comment_content": "會順便學會瞬間移動+龜派氣功吧"}, {"comment_author": "babaluu", "comment_date": ["05/02", "10:53"], "comment_content": "演到看不懂在演什麼了"}, {"comment_author": "p1227426", "comment_date": ["05/02", "12:14"], "comment_content": "找界王修練"}]}
