{"author": "takechance (dfs)", "category": "Gossiping", "title": "[問卦] IVE這次MV服裝很好看耶", "date": "Fri May  3 07:49:05 2024", "content": ["以往IVE的服裝都很西式，過於樸素缺乏特色，但是這次MV的服裝設計，感覺有融合了波西米亞風和中國圖案風，然後以黑白色調來呈現，感覺這種服裝放到服飾店賣也會大賣。想問一下，有沒有這次IVE的服裝設計，整個提升很多的八卦?", "--"], "post_comment": [{"comment_author": "railman", "comment_date": ["05/03", "07:49"], "comment_content": "人好看連不穿都好看"}, {"comment_author": "FatFatQQ", "comment_date": ["05/03", "07:50"], "comment_content": "穿得太保守了"}, {"comment_author": "moonzone", "comment_date": ["05/03", "07:53"], "comment_content": "有個不合群的 就她上面穿個白色"}, {"comment_author": "cevs", "comment_date": ["05/03", "07:53"], "comment_content": "哪位"}, {"comment_author": "takechance", "comment_date": ["05/03", "07:54"], "comment_content": "這種黑白混搭其實很讚，因為你買兩套"}, {"comment_author": "kkl522608", "comment_date": ["05/03", "07:54"], "comment_content": "唉 有幾套一言難盡"}, {"comment_author": "takechance", "comment_date": ["05/03", "07:54"], "comment_content": "等於有四種穿法，黑黑 白白 黑白 白黑"}, {"comment_author": "OPPAISuki", "comment_date": ["05/03", "07:56"], "comment_content": "偷中國文化 被中國抵制 笑死"}, {"comment_author": "ashkaze", "comment_date": ["05/03", "07:56"], "comment_content": "很醜= ="}, {"comment_author": "takechance", "comment_date": ["05/03", "07:57"], "comment_content": "不要這樣講，人家韓國以前也是漢字文"}, {"comment_author": "takechance", "comment_date": ["05/03", "07:57"], "comment_content": "化圈"}, {"comment_author": "Caninee", "comment_date": ["05/03", "07:57"], "comment_content": "有孕婦裝有睡褲 不錯 非常多元"}, {"comment_author": "OPPAISuki", "comment_date": ["05/03", "07:58"], "comment_content": "把中國結戴在頭上 還改成韓國結XD"}, {"comment_author": "ma4wanderer", "comment_date": ["05/03", "07:59"], "comment_content": "已用"}, {"comment_author": "Carters1109", "comment_date": ["05/03", "08:00"], "comment_content": "張員瑛與她的快樂夥伴"}, {"comment_author": "takechance", "comment_date": ["05/03", "08:00"], "comment_content": "睡褲那件，只要多點折線，其實會很好"}, {"comment_author": "takechance", "comment_date": ["05/03", "08:00"], "comment_content": "看"}, {"comment_author": "takechance", "comment_date": ["05/03", "08:01"], "comment_content": "孕婦裝那件，只要減少蓬鬆程度，也會"}, {"comment_author": "takechance", "comment_date": ["05/03", "08:02"], "comment_content": "好看很多，這些都小瑕疵"}, {"comment_author": "archman", "comment_date": ["05/03", "08:06"], "comment_content": "預算不夠嗎？這支MV質感….."}, {"comment_author": "poolknight", "comment_date": ["05/03", "08:49"], "comment_content": "+++++++++++++++++++++++++++++"}, {"comment_author": "Ommmmmmmmmm", "comment_date": ["05/03", "09:27"], "comment_content": "雙塔與四個粉絲組的團"}, {"comment_author": "mikiworldpea", "comment_date": ["05/03", "09:29"], "comment_content": "但歌不好聽啊"}]}
