{"author": "inmee (J)", "category": "Gossiping", "title": "[問卦] buffet第一道拿什麼 老闆會覺得是內行人?", "date": "Sat May  4 23:09:35 2024", "content": ["小地明天要去吃buffet每次老闆看到我都笑呵呵，仿佛在笑我不懂吃這次想要來個絕地大反攻，讓老闆笑不出來那究竟..第一道拿什麼 老闆會覺得我是內行人?--"], "post_comment": [{"comment_author": "aa1052026", "comment_date": ["05/04", "23:10"], "comment_content": "收銀機"}, {"comment_author": "potionx", "comment_date": ["05/04", "23:10"], "comment_content": "老闆拿什麼 你就跟著拿"}, {"comment_author": "headcase", "comment_date": ["05/04", "23:10"], "comment_content": "我都是挖冰淇淋"}, {"comment_author": "showwin", "comment_date": ["05/04", "23:10"], "comment_content": "口訣只教一次喔 蝦蝦肉菜肉"}, {"comment_author": "ghgn", "comment_date": ["05/04", "23:10"], "comment_content": "炒飯"}, {"comment_author": "l11111111", "comment_date": ["05/04", "23:10"], "comment_content": "老闆娘"}, {"comment_author": "tmgl", "comment_date": ["05/04", "23:10"], "comment_content": "女店員"}, {"comment_author": "ziso", "comment_date": ["05/04", "23:10"], "comment_content": "可樂"}, {"comment_author": "adk147852", "comment_date": ["05/04", "23:10"], "comment_content": "走出去買單"}, {"comment_author": "syntax123", "comment_date": ["05/04", "23:10"], "comment_content": "功夫鴨湯"}, {"comment_author": "King5566", "comment_date": ["05/04", "23:10"], "comment_content": "樓下肛門偷塞什麼當宵夜"}, {"comment_author": "Jimny5566", "comment_date": ["05/04", "23:11"], "comment_content": "你怎麼吃他都賺，想讓他虧就是不要消費"}, {"comment_author": "douCai", "comment_date": ["05/04", "23:11"], "comment_content": "功夫鴨湯"}, {"comment_author": "Oeagrus", "comment_date": ["05/04", "23:12"], "comment_content": "樓下都拿什麼塞入自己的馬眼"}, {"comment_author": "rwr", "comment_date": ["05/04", "23:13"], "comment_content": "拿一大堆炸蝦 剝去炸衣"}, {"comment_author": "jinnij03879", "comment_date": ["05/04", "23:14"], "comment_content": "樓上勇喔"}, {"comment_author": "b2305911", "comment_date": ["05/04", "23:14"], "comment_content": "老闆娘"}, {"comment_author": "DiMammaMia", "comment_date": ["05/04", "23:18"], "comment_content": "到底哪一間罷飛 老闆會到現場看客人吃"}, {"comment_author": "DiMammaMia", "comment_date": ["05/04", "23:18"], "comment_content": "什麼…"}, {"comment_author": "e1597536248", "comment_date": ["05/04", "23:21"], "comment_content": "炒飯"}, {"comment_author": "dong80", "comment_date": ["05/04", "23:22"], "comment_content": "服務生的黑絲"}, {"comment_author": "NeGe56", "comment_date": ["05/04", "23:24"], "comment_content": "大奶正妹店員"}, {"comment_author": "ayuhb", "comment_date": ["05/04", "23:28"], "comment_content": "白飯"}, {"comment_author": "SPAEK", "comment_date": ["05/04", "23:32"], "comment_content": "跟貴婦一樣 進去吃個蛋糕 喝杯飲料就走"}, {"comment_author": "aiam", "comment_date": ["05/04", "23:34"], "comment_content": "爆米花"}, {"comment_author": "LoveMakeLove", "comment_date": ["05/04", "23:35"], "comment_content": "老闆最開心就汽水飲料"}, {"comment_author": "kayak5566", "comment_date": ["05/04", "23:38"], "comment_content": "我今天先吃炒飯"}, {"comment_author": "tu81123", "comment_date": ["05/04", "23:39"], "comment_content": "一大盤泰國香米白飯配一大杯可口可樂"}, {"comment_author": "f127stellvia", "comment_date": ["05/04", "23:47"], "comment_content": "豆皮壽司先來一盤"}, {"comment_author": "kobe30418", "comment_date": ["05/04", "23:51"], "comment_content": "可樂"}, {"comment_author": "cccon1ine", "comment_date": ["05/04", "23:55"], "comment_content": "起司 1Kg 1000元以上"}, {"comment_author": "senscircadvs", "comment_date": ["05/04", "23:55"], "comment_content": "功夫鴨湯"}, {"comment_author": "Andosinjo", "comment_date": ["05/04", "23:55"], "comment_content": "一定是炒飯，真心不騙！一家餐廳的炒"}, {"comment_author": "Andosinjo", "comment_date": ["05/04", "23:55"], "comment_content": "飯考驗著廚師的功夫，而不是沒人吃就"}, {"comment_author": "Andosinjo", "comment_date": ["05/04", "23:56"], "comment_content": "隨便炒一炒擺上來充數"}, {"comment_author": "Andosinjo", "comment_date": ["05/04", "23:56"], "comment_content": "不求你拿一大碗，但我至少會撈一口來"}, {"comment_author": "Andosinjo", "comment_date": ["05/04", "23:56"], "comment_content": "試試"}, {"comment_author": "fit8590", "comment_date": ["05/05", "00:06"], "comment_content": "哈根達斯"}, {"comment_author": "chuchichan", "comment_date": ["05/05", "00:15"], "comment_content": "生魚片"}, {"comment_author": "tgordoncheng", "comment_date": ["05/05", "00:16"], "comment_content": "功夫鴨湯 "}, {"comment_author": "MRHAUNG", "comment_date": ["05/05", "00:26"], "comment_content": "拿帳單去結帳"}, {"comment_author": "addog74", "comment_date": ["05/05", "00:28"], "comment_content": "西瓜切片吃到飽"}, {"comment_author": "brolli", "comment_date": ["05/05", "00:30"], "comment_content": "天元吧"}, {"comment_author": "organ63521", "comment_date": ["05/05", "00:36"], "comment_content": "隔壁客人的錢包"}, {"comment_author": "raxe0001", "comment_date": ["05/05", "00:40"], "comment_content": "帕瑪森起司，那是唯一沒辦法用量降價食"}, {"comment_author": "raxe0001", "comment_date": ["05/05", "00:41"], "comment_content": "物，一公斤算500，吃兩公斤回本"}, {"comment_author": "TS28", "comment_date": ["05/05", "00:53"], "comment_content": "炒飯+酥皮濃湯 再配一片披薩"}, {"comment_author": "PRME", "comment_date": ["05/05", "01:06"], "comment_content": "雞塊"}, {"comment_author": "ytcc", "comment_date": ["05/05", "01:16"], "comment_content": "功夫鴨湯"}, {"comment_author": "fir191938", "comment_date": ["05/05", "01:44"], "comment_content": "去切牛排的廚師那邊整塊搬走"}, {"comment_author": "SV650", "comment_date": ["05/05", "02:07"], "comment_content": "白飯加肉燥"}, {"comment_author": "your0207", "comment_date": ["05/05", "02:13"], "comment_content": "要排隊的東西啊"}, {"comment_author": "km612tw", "comment_date": ["05/05", "02:14"], "comment_content": "黨證"}, {"comment_author": "Jimmywin", "comment_date": ["05/05", "05:30"], "comment_content": "飲料"}, {"comment_author": "HodorDragon", "comment_date": ["05/05", "08:29"], "comment_content": "拿櫃檯的鈔票"}, {"comment_author": "hotandhard", "comment_date": ["05/05", "12:31"], "comment_content": "需要人工服務的東西"}]}
