{"author": "ousapas (komica123)", "category": "Gossiping", "title": "[問卦] 國民教育是不是過時了", "date": "Tue Apr 30 10:41:53 2024", "content": ["現在搜尋引擎和AI這麼方便根本沒有能夠考倒AI的問題整個學校的老師的知識量加起來也沒有AI知道的多是不是讓小朋友自己在家和AI學就好了？--"], "post_comment": [{"comment_author": "sd09090", "comment_date": ["04/30", "10:42"], "comment_content": "4"}, {"comment_author": "myIDis7", "comment_date": ["04/30", "10:44"], "comment_content": "看你的樣子就知道跟AI學的下場"}, {"comment_author": "icar", "comment_date": ["04/30", "10:45"], "comment_content": "這問題你可以問AI"}, {"comment_author": "lpbrother", "comment_date": ["04/30", "10:46"], "comment_content": "AI要怎麼打躲避球？"}, {"comment_author": "ubermensch", "comment_date": ["04/30", "10:48"], "comment_content": "AI只會寫作文"}, {"comment_author": "Onsam", "comment_date": ["04/30", "10:48"], "comment_content": "怕你連AI都不會用"}, {"comment_author": "watson8132", "comment_date": ["04/30", "10:52"], "comment_content": "因為目前教育工作者廉勞比整套AI系統"}, {"comment_author": "watson8132", "comment_date": ["04/30", "10:52"], "comment_content": "便宜，懂了沒？"}]}
