{"author": "wwwson1256 (太陽花青年)", "category": "Gossiping", "title": "[問卦] 10億台幣在加拿大算得上有錢?", "date": "Sat May  4 10:47:25 2024", "content": ["貴婦奈奈的夫家因為捲款加拿大被追殺現在從加拿大回來新聞算一算大約至少有10億台幣不過有人說10億元在加拿大其實算不上有錢因為那邊的人薪水收入都比台灣高很多很快就花完了所以可能是在那邊混不下去沒錢看醫生才回來台灣10億元在加拿大真的沒什麼嗎?--"], "post_comment": [{"comment_author": "koreawargod", "comment_date": ["05/04", "10:48"], "comment_content": "要看他錢放哪吧??"}, {"comment_author": "phoenix0710", "comment_date": ["05/04", "10:48"], "comment_content": "到哪裡都算有錢啦，就看你怎麼花阿"}, {"comment_author": "brianuser", "comment_date": ["05/04", "10:48"], "comment_content": "闢拉 誰說的 怎麼可能混不下去"}, {"comment_author": "ruthertw", "comment_date": ["05/04", "10:49"], "comment_content": "放在加拿大三線城市,算是有錢人"}, {"comment_author": "free120", "comment_date": ["05/04", "10:49"], "comment_content": "一天就花完了 根本沒多少^^"}, {"comment_author": "pal1231", "comment_date": ["05/04", "10:50"], "comment_content": "10億沒什麼黑道幹嘛追殺"}, {"comment_author": "zxc8424", "comment_date": ["05/04", "10:53"], "comment_content": "10億真的不太夠吧…"}, {"comment_author": "chenweichih", "comment_date": ["05/04", "10:53"], "comment_content": "在哪都算有錢了啦"}, {"comment_author": "ru04hj4", "comment_date": ["05/04", "10:54"], "comment_content": "不會投資嗎 傻傻的"}, {"comment_author": "vwpassat", "comment_date": ["05/04", "10:54"], "comment_content": "大約四千一百六十六萬六千六百 CAD"}, {"comment_author": "vwpassat", "comment_date": ["05/04", "10:55"], "comment_content": "投資一定有風險，基金投資有賺有賠，申"}, {"comment_author": "vwpassat", "comment_date": ["05/04", "10:55"], "comment_content": "購前應詳閱公開說明書。"}, {"comment_author": "tengerinedog", "comment_date": ["05/04", "10:55"], "comment_content": "總資產十億在加拿大沒有前10%"}, {"comment_author": "tengerinedog", "comment_date": ["05/04", "10:55"], "comment_content": "？"}, {"comment_author": "duncanspur", "comment_date": ["05/04", "10:59"], "comment_content": "加拿大移民局否決居留 --->這才是主因"}, {"comment_author": "felixden", "comment_date": ["05/04", "11:04"], "comment_content": "一堆月領30k的說10億不算有錢"}, {"comment_author": "FatFatQQ", "comment_date": ["05/04", "11:06"], "comment_content": "肯定算有錢 加拿大稅很重"}, {"comment_author": "slovea", "comment_date": ["05/04", "11:10"], "comment_content": "說10億不有錢的戶頭餘額要不要Po一下"}, {"comment_author": "Treant", "comment_date": ["05/04", "11:38"], "comment_content": "明明就是拘留証到期不給延 才回來啊 最好"}, {"comment_author": "Treant", "comment_date": ["05/04", "11:38"], "comment_content": "是錢不夠"}, {"comment_author": "jim986988", "comment_date": ["05/04", "11:40"], "comment_content": "被查稅了？趕快躲回台灣？"}, {"comment_author": "cccwahaha", "comment_date": ["05/04", "11:51"], "comment_content": "10億台幣不管在哪國都可以過得不錯了"}, {"comment_author": "ccas", "comment_date": ["05/04", "12:11"], "comment_content": "這麼說吧，就算在多倫多，房子也不過100萬"}, {"comment_author": "ccas", "comment_date": ["05/04", "12:11"], "comment_content": "上下， 你有30棟房子的資產你覺得呢？"}]}
