{"author": "gundam0613 (夜滿樓)", "category": "Gossiping", "title": "[問卦] 有沒有中國人cos安倍殺手的八卦", "date": "Sun May  5 15:15:52 2024", "content": ["剛剛在逛b站突然看到中國有人cos成安倍殺手還原當時開槍的現場", "下面是b站連結，不喜勿入【五一琶洲漫展，日服第一男枪得陨落-哔哩哔哩】", "中國人這樣玩，會不會傷害到中日之間的感情啊有沒有八卦--"], "post_comment": [{"comment_author": "Fezico", "comment_date": ["05/05", "15:18"], "comment_content": "對岸正常操作阿，你第一天認識他們？"}, {"comment_author": "FannWong", "comment_date": ["05/05", "15:18"], "comment_content": "還好吧== 小日本以前殺更兇"}, {"comment_author": "leonhsu", "comment_date": ["05/05", "15:18"], "comment_content": "可以學韓團模仿道歉呀"}, {"comment_author": "hikaru77613", "comment_date": ["05/05", "15:18"], "comment_content": "不會…左膠到處都有"}, {"comment_author": "IAMCSH", "comment_date": ["05/05", "15:19"], "comment_content": "不會，日本人也喜歡這悲劇英雄。"}, {"comment_author": "ad86315", "comment_date": ["05/05", "15:19"], "comment_content": "還好啊 從來沒有友好過～"}, {"comment_author": "IAMCSH", "comment_date": ["05/05", "15:20"], "comment_content": "沒他，大家還不知道朝鮮邪教居然滲透的那"}, {"comment_author": "EstelleRinz", "comment_date": ["05/05", "15:20"], "comment_content": "還好 安倍先怪自己這麼簡單就被殺"}, {"comment_author": "pashow", "comment_date": ["05/05", "15:20"], "comment_content": "莫忘U型鎖事件"}, {"comment_author": "IAMCSH", "comment_date": ["05/05", "15:20"], "comment_content": "麼廣又那麼深。"}, {"comment_author": "pashow", "comment_date": ["05/05", "15:20"], "comment_content": ""}, {"comment_author": "pashow", "comment_date": ["05/05", "15:20"], "comment_content": "年西安砸车伤人事件"}, {"comment_author": "EstelleRinz", "comment_date": ["05/05", "15:20"], "comment_content": "掉  真的很87啊 安倍"}, {"comment_author": "qweertyui891", "comment_date": ["05/05", "15:20"], "comment_content": "知道安倍在任時候支持度有多低嗎"}, {"comment_author": "YOAOY", "comment_date": ["05/05", "15:20"], "comment_content": "警察也是cos 還原度真高"}, {"comment_author": "qweertyui891", "comment_date": ["05/05", "15:21"], "comment_content": "不要以為日本人很愛安倍欸"}, {"comment_author": "a28200266", "comment_date": ["05/05", "15:23"], "comment_content": "中國=我嘴你可以 你嘲諷我不行"}, {"comment_author": "ayakiax", "comment_date": ["05/05", "15:24"], "comment_content": "這就是二創的自由，中國的民主"}, {"comment_author": "godog", "comment_date": ["05/05", "15:25"], "comment_content": "不會 不然要斷交然後跟台灣建交?"}, {"comment_author": "kilmo", "comment_date": ["05/05", "15:27"], "comment_content": "安倍政策跟日幣大貶脫不了關係的"}, {"comment_author": "yuchuan0521", "comment_date": ["05/05", "15:28"], "comment_content": "可以舉報讓他們動漫展消失"}, {"comment_author": "jakcycoco", "comment_date": ["05/05", "15:28"], "comment_content": "仇日是時時刻刻要記住的"}, {"comment_author": "wsdykssj", "comment_date": ["05/05", "15:28"], "comment_content": "支那之前就cos過這個了"}, {"comment_author": "pickoff", "comment_date": ["05/05", "15:31"], "comment_content": "只敢cos他國元首，不敢cos習包子"}, {"comment_author": "hohoho2010", "comment_date": ["05/05", "15:34"], "comment_content": "安倍讓沒在投資的日本人變窮鬼"}, {"comment_author": "hohoho2010", "comment_date": ["05/05", "15:35"], "comment_content": "還放任邪教壯大"}, {"comment_author": "wulaw5566", "comment_date": ["05/05", "15:35"], "comment_content": "反邪教英雄"}, {"comment_author": "jyunwei", "comment_date": ["05/05", "15:36"], "comment_content": "大家也愛坦克人，彼此彼此"}, {"comment_author": "a28200266", "comment_date": ["05/05", "15:39"], "comment_content": "我們COS是cos誰都行阿 中國是只敢cos國"}, {"comment_author": "a28200266", "comment_date": ["05/05", "15:40"], "comment_content": "外 自己國家就用是什麼英烈帶過去"}, {"comment_author": "gk1329", "comment_date": ["05/05", "15:42"], "comment_content": "秀下限 很讚"}, {"comment_author": "mis1114", "comment_date": ["05/05", "15:43"], "comment_content": "日本自己也cos過的"}, {"comment_author": "lienjj", "comment_date": ["05/05", "15:44"], "comment_content": "綠觸也不敢cos 蔡母豬啊 笑死"}, {"comment_author": "Hsu1025", "comment_date": ["05/05", "15:46"], "comment_content": "畢竟是中國人"}, {"comment_author": "winiS", "comment_date": ["05/05", "15:47"], "comment_content": "沒人敢cos黑面蔡"}, {"comment_author": "mij", "comment_date": ["05/05", "15:50"], "comment_content": "不是第一次這樣玩了 早就無感吧"}, {"comment_author": "mij", "comment_date": ["05/05", "15:50"], "comment_content": "而且安倍日本自己的名聲不好說"}, {"comment_author": "esho", "comment_date": ["05/05", "15:52"], "comment_content": "人家有邦交 還輪的到你擔心"}, {"comment_author": "s213092921", "comment_date": ["05/05", "15:53"], "comment_content": "日本維安太爛"}, {"comment_author": "sean44555", "comment_date": ["05/05", "15:55"], "comment_content": "台灣還有cos過希特勒欸"}, {"comment_author": "yamakazi", "comment_date": ["05/05", "15:56"], "comment_content": "維安太爛"}, {"comment_author": "a002255889", "comment_date": ["05/05", "15:56"], "comment_content": "總理又不代表日本，有什麼好氣的"}, {"comment_author": "yamakazi", "comment_date": ["05/05", "15:57"], "comment_content": "開了第一槍後還在發呆"}, {"comment_author": "JackTheRippe", "comment_date": ["05/05", "16:01"], "comment_content": "皇民比日本人還氣 真逗趣"}, {"comment_author": "JackTheRippe", "comment_date": ["05/05", "16:01"], "comment_content": "連日本人自己都會酸安倍了"}, {"comment_author": "kezneuiqn", "comment_date": ["05/05", "16:02"], "comment_content": "這樣習大大給過嗎"}, {"comment_author": "JASONGOAHEAD", "comment_date": ["05/05", "16:04"], "comment_content": "跟小粉綠一樣 愛開這種玩笑"}, {"comment_author": "jpnldvh", "comment_date": ["05/05", "16:08"], "comment_content": "笑死 皇民比日本人還氣"}, {"comment_author": "jpnldvh", "comment_date": ["05/05", "16:09"], "comment_content": "台灣和日本連邦交都沒 幫人擔心中日感情?"}, {"comment_author": "tyifgee", "comment_date": ["05/05", "16:12"], "comment_content": ""}, {"comment_author": "underwood", "comment_date": ["05/05", "16:13"], "comment_content": "看舔日皇民氣炸就是做對了 讚"}]}
