{"author": "arch20161219 (肥冷淬)", "category": "Gossiping", "title": "[問卦] 加薪一萬 但糞事變多你要嗎？", "date": "Wed May  1 17:18:54 2024", "content": ["除了虛有其表的「職位頭銜」升級成「主管、組長、經理」之外每個月薪資多了一萬但是隨之而來的糞事很多各位會欣然接受「加薪後的挑戰」還是舒服躺平每個月少一萬但日子愜意？卦？-----Sent from JPTT on my iPhone--"], "post_comment": [{"comment_author": "k385476916", "comment_date": ["05/01", "17:19"], "comment_content": "要看是什麼事"}, {"comment_author": "PanaS0Nic", "comment_date": ["05/01", "17:19"], "comment_content": "要看原本多少啊。原本3萬+1萬還是原本9"}, {"comment_author": "jalai", "comment_date": ["05/01", "17:20"], "comment_content": "職位愈高 做的事愈少 懂?"}, {"comment_author": "yh0065", "comment_date": ["05/01", "17:20"], "comment_content": "八卦年均300萬哪在意多這12萬"}, {"comment_author": "PSptt", "comment_date": ["05/01", "17:20"], "comment_content": "基層主管cp值超低的 如果不想往上爬 或爬不"}, {"comment_author": "PSptt", "comment_date": ["05/01", "17:20"], "comment_content": "上去 基層員工反而爽一點"}, {"comment_author": "bth060104", "comment_date": ["05/01", "17:21"], "comment_content": "為啥要 我差那一萬嗎"}, {"comment_author": "DarkIllusion", "comment_date": ["05/01", "17:21"], "comment_content": "基層主管就是幫一級主管做牛做馬的"}, {"comment_author": "funkD", "comment_date": ["05/01", "17:21"], "comment_content": "不要"}, {"comment_author": "PSptt", "comment_date": ["05/01", "17:21"], "comment_content": "至少要爬到什麼協理 副總 主任 處長之類的"}, {"comment_author": "angel902037", "comment_date": ["05/01", "17:22"], "comment_content": "如果想跳槽可以，需要抬頭"}, {"comment_author": "PSptt", "comment_date": ["05/01", "17:22"], "comment_content": "經理 課長這種比基層員工更屎 尤其現在底層"}, {"comment_author": "angel902037", "comment_date": ["05/01", "17:22"], "comment_content": "但只有 經理這台頭免強可以接受"}, {"comment_author": "PSptt", "comment_date": ["05/01", "17:22"], "comment_content": "員工一年比一年難帶"}, {"comment_author": "Topwater", "comment_date": ["05/01", "17:23"], "comment_content": "基層主管不做就妄想跳高階主管 嘻嘻"}, {"comment_author": "goodman5566", "comment_date": ["05/01", "17:23"], "comment_content": "現在基層有夠難帶 多管理只是搞自己"}, {"comment_author": "aben112008", "comment_date": ["05/01", "17:27"], "comment_content": "不升這些屎事要不要做?"}, {"comment_author": "UCCU9487", "comment_date": ["05/01", "17:28"], "comment_content": "笑死，法院判虐一天只罰兩萬，加薪一萬"}, {"comment_author": "UCCU9487", "comment_date": ["05/01", "17:28"], "comment_content": "做糞事，你乾脆去給人虐待還能領兩萬"}, {"comment_author": "kabukiryu", "comment_date": ["05/01", "17:36"], "comment_content": "先拿到比較重要，後面der4後面再說，加"}, {"comment_author": "kabukiryu", "comment_date": ["05/01", "17:37"], "comment_content": "薪或升官後就能U底氣去其它家公司面4"}, {"comment_author": "fmp1234", "comment_date": ["05/01", "17:38"], "comment_content": "才一萬，繼續躺著。"}, {"comment_author": "queen100000", "comment_date": ["05/01", "17:40"], "comment_content": "直接找其他公司空降"}, {"comment_author": "milkcake", "comment_date": ["05/01", "17:41"], "comment_content": "當公司傻子 當然是沒升但塞這些屎過來"}, {"comment_author": "kaimingo752", "comment_date": ["05/01", "17:44"], "comment_content": "所以我不追求主管 打卡制爽爽人生"}, {"comment_author": "adios881", "comment_date": ["05/01", "17:47"], "comment_content": "你升管理職本來就是打雜啊"}, {"comment_author": "arch20161219", "comment_date": ["05/01", "19:18"], "comment_content": "看推文已勸退"}]}
