{"author": "engineer1 (爺呼弟)", "category": "Gossiping", "title": "[問卦] 男友給驚喜會開心嗎？", "date": "Tue Apr 30 05:41:40 2024", "content": ["那個啦同事最近新交男友他男友有天開車來接還在車上準備999盒杜X斯同事高興地留下滿意的淚水請問這大家收到驚喜會開心嗎？----Sent from", "--"], "post_comment": [{"comment_author": "Himiko9975", "comment_date": ["04/30", "05:42"], "comment_content": "1樓的肛門眼睛迫不及待惹"}, {"comment_author": "L1ON", "comment_date": ["04/30", "05:44"], "comment_content": "二樓已經褲子脫了要肛五樓了"}, {"comment_author": "Gandalf", "comment_date": ["04/30", "05:49"], "comment_content": "破處了"}, {"comment_author": "safforn1020", "comment_date": ["04/30", "05:49"], "comment_content": "蓬門今始為君開"}, {"comment_author": "secretapple", "comment_date": ["04/30", "05:50"], "comment_content": "你那同事是不是做八大的？"}, {"comment_author": "secretapple", "comment_date": ["04/30", "05:53"], "comment_content": "要不就杜x斯業務拿去送樣品用"}, {"comment_author": "bernie1", "comment_date": ["04/30", "06:27"], "comment_content": "男友脫褲驚喜變驚嚇，嚇見3公分"}]}
