{"author": "Dinenger (低能兒)", "category": "Gossiping", "title": "[問卦] 好市多衛生紙是世界最頂衛生紙嗎？", "date": "Mon Apr 29 00:18:02 2024", "content": ["台灣好幾家都有模仿但始終都只是類似要嘛CP值不像要不就是品質有一點點點點點差距比來比去還是紫色那包最頂打手槍是最不會破然後黏在龜頭上面的一款所以好市多衛生紙是世界最頂的衛生紙嗎？--", "可是其他牌子拿來擦龜頭很容易黏在上面欸這樣如果哪天在路上有豔遇有妹子要吸你懶覺褲子一脫會巨尷尬=="], "post_comment": [{"comment_author": "whiteadam", "comment_date": ["04/29", "00:18"], "comment_content": "樓下是不是甲ㄇ"}, {"comment_author": "milk7054", "comment_date": ["04/29", "00:18"], "comment_content": "黏在五樓屁眼"}, {"comment_author": "ah937609", "comment_date": ["04/29", "00:18"], "comment_content": "黏在龜頭上面的一款"}, {"comment_author": "aggressorX", "comment_date": ["04/29", "00:19"], "comment_content": "還好 其他牌子用久了也就習慣了"}, {"comment_author": "ridecule", "comment_date": ["04/29", "00:19"], "comment_content": "舒潔屌打"}, {"comment_author": "Iakane", "comment_date": ["04/29", "00:19"], "comment_content": "馬的 黏龜頭很賭爛欸"}, {"comment_author": "jma306", "comment_date": ["04/29", "00:19"], "comment_content": " 砂紙最刺激"}, {"comment_author": "laugh8562", "comment_date": ["04/29", "00:19"], "comment_content": "爛死了 擤個鼻涕一堆碎屑"}, {"comment_author": "Iakane", "comment_date": ["04/29", "00:20"], "comment_content": "擦屁股擤鼻涕都不好用 有夠廢"}, {"comment_author": "pad370198", "comment_date": ["04/29", "00:20"], "comment_content": "一堆屑哪裡好了"}, {"comment_author": "a27588679", "comment_date": ["04/29", "00:20"], "comment_content": "我現在買的屑屑很少比較好用"}, {"comment_author": "rwr", "comment_date": ["04/29", "00:20"], "comment_content": "不是 金百利克拉克 才最頂"}, {"comment_author": "wafiea708", "comment_date": ["04/29", "00:20"], "comment_content": "舒潔不錯 還有家樂福的質量較粗"}, {"comment_author": "aggressorX", "comment_date": ["04/29", "00:20"], "comment_content": "妹子想吸你懶叫 上面有包皮垢她也沒"}, {"comment_author": "aggressorX", "comment_date": ["04/29", "00:21"], "comment_content": "差好嗎"}, {"comment_author": "inzaghi0221", "comment_date": ["04/29", "00:22"], "comment_content": "太粗碰水太多屑擦乾玻璃不行"}, {"comment_author": "johnson2726", "comment_date": ["04/29", "00:23"], "comment_content": "爛死 一堆粉屑"}, {"comment_author": "aeug2005", "comment_date": ["04/29", "00:24"], "comment_content": "三張疊一起"}, {"comment_author": "laugh8562", "comment_date": ["04/29", "00:24"], "comment_content": "舒潔-棉柔舒適 說第二沒人喊第一吧 然"}, {"comment_author": "laugh8562", "comment_date": ["04/29", "00:24"], "comment_content": "後舒潔新的極絨厚又太厚 不好用"}, {"comment_author": "St3480", "comment_date": ["04/29", "00:27"], "comment_content": "以前品質還可以 現在擤鼻涕噴一堆屑 現在"}, {"comment_author": "St3480", "comment_date": ["04/29", "00:27"], "comment_content": "用日本大王 沒這問題"}, {"comment_author": "dick929", "comment_date": ["04/29", "00:27"], "comment_content": "“衛生紙、衛生紙、來買高級ㄟ衛生紙”"}, {"comment_author": "dick929", "comment_date": ["04/29", "00:28"], "comment_content": "“衛生紙工廠處理，有嫌疑？”"}, {"comment_author": "seysem", "comment_date": ["04/29", "00:28"], "comment_content": "是的"}, {"comment_author": "godofsex", "comment_date": ["04/29", "00:30"], "comment_content": "4，品質真不錯"}, {"comment_author": "SeaBear", "comment_date": ["04/29", "00:35"], "comment_content": "這個是不是沒法丟馬桶？"}, {"comment_author": "maple0425", "comment_date": ["04/29", "00:35"], "comment_content": "笑死 打完手槍幹嘛擦龜頭"}, {"comment_author": "heat0204", "comment_date": ["04/29", "00:37"], "comment_content": "喀什米爾那款比較頂 但價格也是"}, {"comment_author": "laugh8562", "comment_date": ["04/29", "00:37"], "comment_content": "現在已經沒有衛生紙不能丟馬桶的吧"}, {"comment_author": "len53", "comment_date": ["04/29", "00:40"], "comment_content": "只能擦肛門"}, {"comment_author": "isr1013", "comment_date": ["04/29", "00:40"], "comment_content": "碎屑超多 舒潔屌打"}, {"comment_author": "hank814028", "comment_date": ["04/29", "00:41"], "comment_content": "標榜“衛生紙”一定能丟，有法規的，"}, {"comment_author": "randykaku", "comment_date": ["04/29", "00:41"], "comment_content": "一堆屑，我好幾次驗證了，洗臉完擦臉再"}, {"comment_author": "hank814028", "comment_date": ["04/29", "00:41"], "comment_content": "你家丟了賭注八成老管線太細"}, {"comment_author": "randykaku", "comment_date": ["04/29", "00:41"], "comment_content": "塗乳液都是屑，用毛巾就沒這問題"}, {"comment_author": "Dinenger", "comment_date": ["04/29", "00:43"], "comment_content": "欸不是 誰洗完臉用衛生紙擦臉啊"}, {"comment_author": "vwpassat", "comment_date": ["04/29", "00:50"], "comment_content": "三寶都拿面紙丟馬桶啊！"}, {"comment_author": "DavidFoster", "comment_date": ["04/29", "00:51"], "comment_content": "已經cost down很久了"}, {"comment_author": "yasionl", "comment_date": ["04/29", "00:52"], "comment_content": "厚屌打"}, {"comment_author": "Barquinho", "comment_date": ["04/29", "00:52"], "comment_content": "品質變差好一陣子了 你484沒辦卡"}, {"comment_author": "randykaku", "comment_date": ["04/29", "00:54"], "comment_content": "欸不是，我衛生紙要怎麼用還要被規定啊"}, {"comment_author": "randykaku", "comment_date": ["04/29", "00:54"], "comment_content": "？"}, {"comment_author": "debby7988", "comment_date": ["04/29", "00:55"], "comment_content": "變薄了"}, {"comment_author": "WU3CO00J", "comment_date": ["04/29", "00:57"], "comment_content": "紫色那個？有臭味…"}, {"comment_author": "chram", "comment_date": ["04/29", "01:06"], "comment_content": "為啥我都沒感覺有碎屑"}, {"comment_author": "Dinenger", "comment_date": ["04/29", "01:08"], "comment_content": "他們都拿來擦奇怪的東西 使用習慣問題"}, {"comment_author": "dreamdds", "comment_date": ["04/29", "01:08"], "comment_content": "舒潔真的頂"}, {"comment_author": "Dinenger", "comment_date": ["04/29", "01:09"], "comment_content": "很多水份的東西 請用抹布、面紙、紙巾"}, {"comment_author": "WeiMinChen", "comment_date": ["04/29", "01:18"], "comment_content": "屑超多"}, {"comment_author": "firemothra", "comment_date": ["04/29", "01:18"], "comment_content": "用不到。都直接內射"}, {"comment_author": "WeiMinChen", "comment_date": ["04/29", "01:19"], "comment_content": "這可以丟馬桶啦 丟七年多了"}, {"comment_author": "kanokazurin", "comment_date": ["04/29", "01:30"], "comment_content": "好市多跟舒潔可以列最差一二名了"}, {"comment_author": "doigt", "comment_date": ["04/29", "01:46"], "comment_content": "只喜歡舒潔"}, {"comment_author": "PTTfaggot", "comment_date": ["04/29", "01:48"], "comment_content": "掉屑多的離譜"}, {"comment_author": "PowerGeMOS", "comment_date": ["04/29", "02:12"], "comment_content": "最頂的是你直播肛門搾甘蔗啦！"}, {"comment_author": "PowerGeMOS", "comment_date": ["04/29", "02:12"], "comment_content": ""}, {"comment_author": "PowerGeMOS", "comment_date": ["04/29", "02:20"], "comment_content": ""}, {"comment_author": "louaixz", "comment_date": ["04/29", "03:35"], "comment_content": "紫色那掉屑多的離譜，沒用過這麼爛的"}, {"comment_author": "broodkey", "comment_date": ["04/29", "04:15"], "comment_content": "智商堪憂"}, {"comment_author": "Paruru", "comment_date": ["04/29", "08:41"], "comment_content": "也是台灣代工的呀，不是進口的"}, {"comment_author": "j155221", "comment_date": ["04/29", "08:46"], "comment_content": "有夠難用一堆屑，舒潔屌打"}, {"comment_author": "A0908", "comment_date": ["04/29", "11:19"], "comment_content": "家樂福三層其實很不錯，幫它推一下"}, {"comment_author": "qaz786397", "comment_date": ["04/29", "12:42"], "comment_content": "爛死了，擤鼻涕噴一堆屑屑，擦啥都一堆"}, {"comment_author": "qaz786397", "comment_date": ["04/29", "12:42"], "comment_content": "屑屑"}, {"comment_author": "oten", "comment_date": ["04/30", "08:00"], "comment_content": "一堆屑屑"}]}
