{"author": "ncc5566 (政大宅男)", "category": "Gossiping", "title": "[問卦] 肥宅一次射幾CC會有加分??", "date": "Fri May  3 11:43:34 2024", "content": ["肥宅最讓詬病的就是那可笑的性能力這樣的話 肥宅一次能射超過幾CC??性能力才會被認可 才能加分呢??--"], "post_comment": [{"comment_author": "felixden", "comment_date": ["05/03", "11:44"], "comment_content": "我都射到女友的肚子鼓起來"}, {"comment_author": "newleaf1988", "comment_date": ["05/03", "11:44"], "comment_content": "五樓射不出來"}, {"comment_author": "syntax123", "comment_date": ["05/03", "11:44"], "comment_content": "參考種豬"}, {"comment_author": "krit1009", "comment_date": ["05/03", "11:44"], "comment_content": "5樓不管幾CC 只要是甲甲的精液都吞"}, {"comment_author": "Nevhir", "comment_date": ["05/03", "11:44"], "comment_content": "小胖甲那個是便秘"}, {"comment_author": "felixden", "comment_date": ["05/03", "11:44"], "comment_content": "精液量太多啦"}, {"comment_author": "VVizZ", "comment_date": ["05/03", "11:44"], "comment_content": "專家說2~5CC"}, {"comment_author": "scum5566", "comment_date": ["05/03", "11:45"], "comment_content": "至少一公升啦 一公升的洨沒聽過嗎"}, {"comment_author": "AntiEntropy", "comment_date": ["05/03", "11:46"], "comment_content": "爛基因再多也沒人想要"}, {"comment_author": "arnold3", "comment_date": ["05/03", "11:48"], "comment_content": "一次最多8cc 第三次就空了"}, {"comment_author": "ultra5566", "comment_date": ["05/03", "11:49"], "comment_content": "肥宅結紮有加分，對於全人類而言"}, {"comment_author": "jerryelly", "comment_date": ["05/03", "11:49"], "comment_content": "500吧"}, {"comment_author": "Yachinolate", "comment_date": ["05/03", "11:49"], "comment_content": "小胖甲都射到男友的胃裡"}]}
