{"author": "sekai (    )", "category": "Gossiping", "title": "[爆卦] 歐洲商會批評台灣第三輪離岸風電沒前途", "date": "Tue Apr 30 22:46:42 2024", "content": ["原文網址：", "以下機翻加一點點潤飾：台灣離岸風力發展的調和2024年3月20日", "文：Raoul Kubitschek(Raoul Kubitschek自2008年以來一直在台灣的可再生能源領域工作，目前是NIRAS的台灣駐地經理。他同時擔任歐洲商會能源與環境委員會的聯席主席。)台灣的離岸風力能源故事是否正在經歷一個現代版本的黑澤明1950年的電影傑作《羅生門》 一個故事從不同主角的角度講述，觀察同一事件，但每個人都有自己的真相。唯一不變的是結果，一名被殺的武士。早在2009年，台灣就開始了對離岸風力能源的首次嘗試。2016年，市場開始蓬勃發展。具有吸引力的固定收購費率、具有環境影響評估的應用和未來的電網接入計畫，吸引了歐洲和日本的主要參與者進入市場。2018年，項目總容量為5.7GW，被授予了所謂的第二輪計畫。當時，台灣是全球離岸風力發電行業的寵兒，承諾著一個繁榮的未來。然而，", "，但沒有改變現有的固定收購費率結構，從2021年到2024年逐步增加本地化。只有2020年和2025年的獲獎者沒有本地化義務。2018年授予的2025年獎項被證明是全球競爭最激烈的出價之一，預計並希望實現顯著的成本降低，以低於2018年的固定收購費率水平的一半以下進入。這一假設從未實現。2018年還見證了第一次較大型的產業 -政府衝突，當行政合同未繼續進行並被推到了2019年的較低固定收購費率等級時。2018年至2022年可能是台灣離岸風力市場的黃金時期。雖然從未容易過，新冠肺炎疫情使情況進一步惡化，但大量的項目開發和施工活動推動了勞動力市場，激活了傳統的本地產業，帶來了基礎設施投資，並吸引了整個供應鏈上的重要歐洲外國投資。這一切使台灣在離岸風力發電方面牢牢地標誌在全球地圖上。2022年，台灣終於決定開展2026年至2035年的新一輪投標，第三輪。該行業歡迎開發更多項目並增加台灣的可再生能源份額的機會。", "在所有其他能源價格飆升並且國際市場受到通脹困擾的時候，", "。就像生活中經常發生的那樣，這些發展中的所有利益相關者都堅持他們自己的真相和事件版本：", "如果您遵循官方政府的溝通，您將會相信離岸風電和太陽能光伏發電都在按照2025年的計劃順利進行。在不到兩年的時間裡，台灣海峽將有5.7GW的離岸風能容量，而在炎熱的夏季，20GW的太陽能將覆蓋主要的需求高峰。根據這一觀點，本地化在各方面都是成功的。在第2輪中，價格下降了這麼多，以至於在第3輪中它們如此實惠且具有全球競爭力，以至於離岸風能價格與化石燃料能源價格持平或低於化石燃料能源價格。項目可以快速有效地建成：到2026年，我們將達到7.2GW，從那時起每年增加1.5GW。不意外地，在今年3月14日的一次圓滿結束會議上，能源署在關於第3.2輪的會議上向現場滿座和200多名在線行業參與者明確表示，投標截止日期將保持不變。", "- 在全球通脹、第2輪項目延遲和第3輪不可行框架之間受到壓迫。國際上，人們認為資本支出增加了40-70%，這是其他因素之一，導致了英國拍賣失敗和美國罷工價格上漲。直到現在，仍然無法找到願意與第3.1輪勝利者以健康價格簽署企業用電購買協議（CPPAs）的行業客戶，因此沒有CPPAs，沒有業務案例的可見性，這意味著無法獲得融資的成功，這可能會導致這些項目的凍結，或者更糟的是，放棄並全部報廢這些項目。", "如果在這個真相中，", "第3.1輪的延遲也對供應鏈產生了嚴重的連帶影響-由於主要的建設前活動停滯不前，並且資金無法獲得，進而無法開展工作。", "另一個複雜因素是，項目開發商和整個行業，存在於競爭環境中並依賴於不同的業務模式，發現自己無法一言以蔽之，這對政府決策者構成了挑戰。作為證明，有一封要求推遲第3.2輪的公開信，未被所有潛在競標者簽署。以及在3月14日能源署會議結束後不久，全球領先的離岸風電開發商之一發表聲明，宣布在第3.2輪沒有重大挑戰，他們不認為需要延遲競標。這個上述的“真相”顯然是與政府對事件的觀點完全不同的版本。", "對於台灣的公司來說，他們正在尋求簽署企業用電購買協議（CPPAs）以滿足國際需求，使用綠色能源來生產他們的產品，", "這位市場觀察者正試圖理解為什麼價格上漲。是什麼驅使這一切，以及什麼時機購買最合適？第3.1輪還是第3.2輪？這些離岸風電項目何時真正連接到電網？這些日期是否會與他們自己的採購目標重疊？他們的真相的一部分是，他們習慣了非常便宜的能源價格，推動了他們巨大的能源需求，生產出用於全球市場的先進半導體芯片和其他產品。在過去的一年多和幾個月裡，這些不同的現實觀念似乎變得越來越難以調和。盡管召開了無數次會議，參觀了政府機構，進行了採訪和發表了思考文章，進行了充滿熱情的公開Line群組討論，舉辦了論壇和研討會，發出了公開信，但我們似乎離實際事件的真實版本遙遙無期。所有主要利益相關者似乎都無法說服對方事件的真實版本是什麼。沒有共同的真相。《羅生門》中的一位主角，一位僧侶，聆聽了導致武士被殺的各種不同版本的事件後，對人性失去了信心，最終卻在結尾時重新找到了信心。這個故事可能有一個版本，在2024年5月20日新政府重新評估這一情況，但隨著時間的推移，這將變得越來越困難，特別是在新政府上任之前第3.2輪的競標將結束。懶人包：歐洲人：你們台灣政府怎麼不讓我們歐洲人玩了啦，自己關起門來給自己人賺，        氣死了氣死了--", "嗯  但他內容沒提到核電 請問你是？"], "post_comment": [{"comment_author": "Leeheaven", "comment_date": ["04/30", "22:47"], "comment_content": "這一定是認知作戰"}, {"comment_author": "iahc5566", "comment_date": ["04/30", "22:48"], "comment_content": "境外認知作戰 謝謝"}, {"comment_author": "s820912gmail", "comment_date": ["04/30", "22:48"], "comment_content": "野雞協會"}, {"comment_author": "jkhz", "comment_date": ["04/30", "22:48"], "comment_content": "世界怎麼跟得上台灣"}, {"comment_author": "for40255", "comment_date": ["04/30", "22:48"], "comment_content": "「錢」途 風電就是個幌子"}, {"comment_author": "SRNOB", "comment_date": ["04/30", "22:48"], "comment_content": ""}, {"comment_author": "aa52189", "comment_date": ["04/30", "22:49"], "comment_content": "野雞組織"}, {"comment_author": "qweertyui891", "comment_date": ["04/30", "22:49"], "comment_content": "民進黨就有一個綠電夢 你能怎樣"}, {"comment_author": "asdf70044", "comment_date": ["04/30", "22:49"], "comment_content": "很明顯的境外實力認知作戰"}, {"comment_author": "littlehappy1", "comment_date": ["04/30", "22:49"], "comment_content": "前幾天拉歐洲商會來救援 今天被反殺"}, {"comment_author": "james732", "comment_date": ["04/30", "22:49"], "comment_content": "這什麼野雞報導，不要唱衰台灣綠能好嗎"}, {"comment_author": "qweertyui891", "comment_date": ["04/30", "22:49"], "comment_content": "老實說綠電不是問題，問題是廢核"}, {"comment_author": "b2305911", "comment_date": ["04/30", "22:50"], "comment_content": "這一定是藍白拖側翼裝的 呆丸加油"}, {"comment_author": "qweertyui891", "comment_date": ["04/30", "22:50"], "comment_content": "用核能養綠電是世界主流做法"}, {"comment_author": "Anvec", "comment_date": ["04/30", "22:50"], "comment_content": "都台製的他們要賺啥"}, {"comment_author": "u9005205", "comment_date": ["04/30", "22:50"], "comment_content": "丹麥表示…"}, {"comment_author": "heyd", "comment_date": ["04/30", "22:50"], "comment_content": "中共同路人"}, {"comment_author": "royroy666", "comment_date": ["04/30", "22:50"], "comment_content": "野雞"}, {"comment_author": "Anvec", "comment_date": ["04/30", "22:51"], "comment_content": "他們就是要買大陸製的 貼牌 賣你"}, {"comment_author": "u9005205", "comment_date": ["04/30", "22:51"], "comment_content": "西門子表示…"}, {"comment_author": "AMDMARSHAL", "comment_date": ["04/30", "22:51"], "comment_content": "一定是中共投資的野雞團體"}, {"comment_author": "qweertyui891", "comment_date": ["04/30", "22:52"], "comment_content": "非常便宜能源價格，不就能暗指核能"}, {"comment_author": "netsphere", "comment_date": ["04/30", "22:52"], "comment_content": "綠能你不能"}, {"comment_author": "au4g3wk4k", "comment_date": ["04/30", "22:52"], "comment_content": "40%:這個喔 那這樣歐洲商會中共同路人"}, {"comment_author": "takeda3234", "comment_date": ["04/30", "22:52"], "comment_content": "台灣市場就那樣 成本一定打不過國外"}, {"comment_author": "lplpyy", "comment_date": ["04/30", "22:53"], "comment_content": "歐洲滾啦，我只聽非洲商會"}, {"comment_author": "polestar0505", "comment_date": ["04/30", "22:53"], "comment_content": "40%精障哥布林會裝瞎吧"}, {"comment_author": "ronga", "comment_date": ["04/30", "22:53"], "comment_content": "台灣就禁止大陸製，歐洲商會當然覺得沒賺頭"}, {"comment_author": "snider", "comment_date": ["04/30", "22:53"], "comment_content": "阿共的陰毛啦"}, {"comment_author": "arch20161219", "comment_date": ["04/30", "22:53"], "comment_content": ""}, {"comment_author": "ronga", "comment_date": ["04/30", "22:53"], "comment_content": "對岸無論太陽能還風電發展都發展很好"}, {"comment_author": "bigcho", "comment_date": ["04/30", "22:53"], "comment_content": "反正那是下一任的屎"}, {"comment_author": "ronga", "comment_date": ["04/30", "22:53"], "comment_content": "又便宜，幹嘛不用"}, {"comment_author": "ronga", "comment_date": ["04/30", "22:54"], "comment_content": "你要推再生能源又不要中國製，那就貴而已"}, {"comment_author": "Anvec", "comment_date": ["04/30", "22:55"], "comment_content": "重點是他們沒賺頭"}, {"comment_author": "yinaser", "comment_date": ["04/30", "22:56"], "comment_content": "以前低利率可以賭現在他們不願意冒這風險"}, {"comment_author": "a94037501", "comment_date": ["04/30", "22:57"], "comment_content": "沒黨證"}, {"comment_author": "seemoon2000", "comment_date": ["04/30", "23:01"], "comment_content": "就是要要補助拉 看不懂嗎"}, {"comment_author": "samkiller200", "comment_date": ["04/30", "23:02"], "comment_content": "又一個被中共滲透的組織"}, {"comment_author": "fallinlove15", "comment_date": ["04/30", "23:02"], "comment_content": "兩兆插水裡 祈禱海豚海鳥學會轉彎"}, {"comment_author": "PRME", "comment_date": ["04/30", "23:04"], "comment_content": "破電風扇"}, {"comment_author": "milleniue", "comment_date": ["04/30", "23:07"], "comment_content": "不是連台積電都不想買單嗎"}, {"comment_author": "a19851106", "comment_date": ["04/30", "23:07"], "comment_content": "塔綠班看不到這篇"}, {"comment_author": "juncol9", "comment_date": ["04/30", "23:07"], "comment_content": "爛翻譯"}, {"comment_author": "dream77125", "comment_date": ["04/30", "23:08"], "comment_content": "愛錢的歐洲人"}, {"comment_author": "whitezealman", "comment_date": ["04/30", "23:08"], "comment_content": "千萬別抬頭  吃屎一條龍"}, {"comment_author": "FK6819", "comment_date": ["04/30", "23:08"], "comment_content": "外國人賺不到錢在靠北，小草一樣沒賺錢果"}, {"comment_author": "FK6819", "comment_date": ["04/30", "23:08"], "comment_content": "然相挺"}, {"comment_author": "usnavyseal", "comment_date": ["04/30", "23:13"], "comment_content": "推"}, {"comment_author": "tonist9808", "comment_date": ["04/30", "23:15"], "comment_content": "歐美企業賺了錢還有點職業道德，會認"}, {"comment_author": "tonist9808", "comment_date": ["04/30", "23:15"], "comment_content": "真幫你做基建，民進黨賺了錢就真的是"}, {"comment_author": "tonist9808", "comment_date": ["04/30", "23:15"], "comment_content": "民進黨的錢了，誰理你們，在那叫什麼"}, {"comment_author": "leterg", "comment_date": ["04/30", "23:17"], "comment_content": "2007-2008歐洲方面早就評估過台灣的狀況，"}, {"comment_author": "leterg", "comment_date": ["04/30", "23:18"], "comment_content": "不適合投資，台灣夏天沒風"}, {"comment_author": "butten986", "comment_date": ["04/30", "23:22"], "comment_content": "離岸風電是在保護台灣鋼鐵，外商懂屁"}, {"comment_author": "dingading", "comment_date": ["04/30", "23:23"], "comment_content": "歐洲同路人"}, {"comment_author": "jeffky", "comment_date": ["04/30", "23:26"], "comment_content": "就請開放市場，我們也要參一腳。"}, {"comment_author": "scum5566", "comment_date": ["04/30", "23:27"], "comment_content": "風電就是在騙啊，都有廠商拋售股份走人"}, {"comment_author": "scum5566", "comment_date": ["04/30", "23:27"], "comment_content": "了"}, {"comment_author": "Meowcc", "comment_date": ["04/30", "23:29"], "comment_content": "歐洲商會懂個屁#愛呆丸"}, {"comment_author": "dick929", "comment_date": ["04/30", "23:35"], "comment_content": "翻譯：台灣風電不給歐洲人賺，關起門來"}, {"comment_author": "dick929", "comment_date": ["04/30", "23:35"], "comment_content": "自己搞，被歐洲人唱衰"}, {"comment_author": "cerebrum", "comment_date": ["04/30", "23:36"], "comment_content": "這時候就會裝睡了"}, {"comment_author": "ginsengwolf", "comment_date": ["04/30", "23:38"], "comment_content": "賣鴉片 賣菸好像也都這調調"}, {"comment_author": "dick929", "comment_date": ["04/30", "23:39"], "comment_content": "翻譯：台灣保護國內風電產業不給外國賺，"}, {"comment_author": "dick929", "comment_date": ["04/30", "23:39"], "comment_content": "所以外國人詛咒台灣風電不會有好下場。"}, {"comment_author": "jim986988", "comment_date": ["04/30", "23:41"], "comment_content": "40%： 呼Care, 選舉會贏較好"}, {"comment_author": "dick929", "comment_date": ["04/30", "23:41"], "comment_content": "翻譯：那些吃不到風電大餅的外國人在帶"}, {"comment_author": "dick929", "comment_date": ["04/30", "23:41"], "comment_content": "風向，配合一些台灣吃裡扒外的人幫忙讚聲"}, {"comment_author": "dick929", "comment_date": ["04/30", "23:41"], "comment_content": "，一起給政府施壓"}, {"comment_author": "Vassili242", "comment_date": ["04/30", "23:45"], "comment_content": "歐洲商會又要變成中共同路人商會了"}, {"comment_author": "sid3", "comment_date": ["04/30", "23:58"], "comment_content": "歐洲商會不是第一個講的"}, {"comment_author": "hitsukix", "comment_date": ["05/01", "00:03"], "comment_content": "就白癡以為別人會乖乖給你國產化"}, {"comment_author": "xc2v", "comment_date": ["05/01", "00:18"], "comment_content": "同路人"}, {"comment_author": "design0606", "comment_date": ["05/01", "00:31"], "comment_content": "我們來看吳思瑤會不會領聖旨"}, {"comment_author": "nikolas", "comment_date": ["05/01", "00:35"], "comment_content": "風電是要給自己人賺的 中共同路人滾開"}, {"comment_author": "ketrobo", "comment_date": ["05/01", "00:39"], "comment_content": "被騙了還沒醒"}, {"comment_author": "shikemurajy", "comment_date": ["05/01", "01:15"], "comment_content": "2024之後的事情會不會想太遠"}, {"comment_author": "kkoo5888", "comment_date": ["05/01", "01:50"], "comment_content": "綠畜狗官們有錢賺就好啦"}, {"comment_author": "koexe", "comment_date": ["05/01", "01:53"], "comment_content": "某樓還敢貼那圖啊 需要洗滌一下"}, {"comment_author": "eric61446", "comment_date": ["05/01", "02:27"], "comment_content": "歐洲人被學走風電 還拿來貪污  青出於"}, {"comment_author": "eric61446", "comment_date": ["05/01", "02:27"], "comment_content": "藍"}, {"comment_author": "Rucca", "comment_date": ["05/01", "04:28"], "comment_content": "XD風電就學你們歐洲的好嗎"}, {"comment_author": "imba789", "comment_date": ["05/01", "04:30"], "comment_content": "中共同路人"}, {"comment_author": "tommy21332", "comment_date": ["05/01", "05:54"], "comment_content": "吳思瑤前幾天才拿歐洲商會大做文章批"}, {"comment_author": "tommy21332", "comment_date": ["05/01", "05:54"], "comment_content": "評在野黨，結果現在被反殺"}, {"comment_author": "dovepacket", "comment_date": ["05/01", "06:13"], "comment_content": "台G只要便宜的電"}, {"comment_author": "jeffky", "comment_date": ["05/01", "07:13"], "comment_content": "看來有台灣廠商經過這幾年和外商的合作，"}, {"comment_author": "jeffky", "comment_date": ["05/01", "07:13"], "comment_content": "“學習”學到了關鍵技術。"}, {"comment_author": "jeffky", "comment_date": ["05/01", "07:17"], "comment_content": "前期外商說了算，現在有台灣國產對手了。"}, {"comment_author": "uranuss", "comment_date": ["05/01", "07:44"], "comment_content": "沒關係，我們會翻譯成自己想聽的"}, {"comment_author": "ginhwa", "comment_date": ["05/01", "08:24"], "comment_content": "連歐洲人都知道大撒幣買電是塊超級大肥肉"}, {"comment_author": "ginhwa", "comment_date": ["05/01", "08:25"], "comment_content": "吃不到肉氣噗噗"}, {"comment_author": "ymfx000a", "comment_date": ["05/01", "08:57"], "comment_content": "沒關係 黨媒會轉譯成歐洲大力支持"}, {"comment_author": "factotum", "comment_date": ["05/01", "09:19"], "comment_content": "放屁謠快來引述啊"}, {"comment_author": "dbalruke", "comment_date": ["05/01", "09:45"], "comment_content": "不然你以為GG的競爭力從哪兒來"}, {"comment_author": "Haqua", "comment_date": ["05/01", "13:35"], "comment_content": "看那些台南黑道刺青仔開什麼車就知道多好賺"}, {"comment_author": "Haqua", "comment_date": ["05/01", "13:35"], "comment_content": "了"}, {"comment_author": "deathdealer", "comment_date": ["05/01", "13:59"], "comment_content": "要被打成中共同路人了"}, {"comment_author": "haver", "comment_date": ["05/01", "18:09"], "comment_content": "這是整個協會還是個人的看法? 放個風向吧"}]}
