{"author": "mk203125 (戴奧辛)", "category": "Gossiping", "title": "Re: [問卦] 大家會看不起社區內買最便宜房型的人嗎?", "date": "Mon Apr 29 10:30:10 2024", "content": ["['※ 引述《jayemshow (S.Kazumi)》之銘言\\n', ': 如題', ': 本肥窮人一枚', ': 戶型是買最低總價的房型', ': 加車位八九百而已', ': 其他房型加車位都破千', ': 加上其他房型我看都是五子登科', ': 帶老婆 小嬰兒 快快樂樂入住', ': 而我就是羅漢腳一個', ': 不知道社區內會自然形成鄙視鏈嗎?', ': 例如本肥就是最低等的那種', ': 有八卦?', ': 不知道社區內會自然形成鄙視鏈嗎?', ': 例如本肥就是最低等的那種', ': 有八卦?']", "我阿肥啦這魯肥略懂略懂魯肥最近剛買不到十戶的社區沒意外魯肥是買最便宜的畢竟其他都是在窄長型魯肥買了寬短的例外會不會被看不起魯肥猜有可能畢竟魯肥現在住的社區斜對面是是買最高價停車不方便而魯肥家剛好是裡面最低價對方已經多次來拜託魯肥不要讓他進出不方便但那4魯肥家的地啊....在魯肥上次跟他槓上前他們心態還真會看不起其他戶？總之看不起放在心裡就好真的表現出來遇到更瘋的又站得住腳大家也難看 嘻嘻大概是這樣嘻嘻", "--", "阿喵還偷跑到他們圍牆上過 怕", "魯肥鄰居啊對方跟對方小孩明顯薪資是抗不起那棟應該是靠資產來買也不知道有沒有貸款魯肥家這邊沒貸款 但魯肥家都社畜命都跑去上班 嘻嘻偏偏魯肥當初有的沒的都自己來給鄰居感覺像在省錢", "--", "阿喵還偷跑到他們圍牆上過 怕", "魯肥鄰居啊對方跟對方小孩明顯薪資是抗不起那棟應該是靠資產來買也不知道有沒有貸款魯肥家這邊沒貸款 但魯肥家都社畜命都跑去上班 嘻嘻偏偏魯肥當初有的沒的都自己來給鄰居感覺像在省錢魯肥只是嫌棄外面都裝爛貨", "每次開門大師都在找機會往外跑....", "魯肥很想跟yo叔一樣玩自地自建欸看來只能看未來有沒有機會", "透天社區 應該只有主委吧但主委遇到魯肥家斜對面那種領薪魯肥也不幹"], "post_comment": [{"comment_author": "k385476916", "comment_date": ["04/29", "10:31"], "comment_content": "大師當我鄰居"}, {"comment_author": "gk1329", "comment_date": ["04/29", "10:32"], "comment_content": "誰這麽閒= ="}, {"comment_author": "k385476916", "comment_date": ["04/29", "10:31"], "comment_content": "大師當我鄰居"}, {"comment_author": "gk1329", "comment_date": ["04/29", "10:32"], "comment_content": "誰這麽閒= ="}, {"comment_author": "k385476916", "comment_date": ["04/29", "10:33"], "comment_content": "對吼 都忘了大師很想探索"}, {"comment_author": "yoyodiy", "comment_date": ["04/29", "10:38"], "comment_content": "有錢人買房的滾啦"}, {"comment_author": "chocopoodle", "comment_date": ["04/29", "10:38"], "comment_content": "不會啊 區權都一樣一票"}]}
