{"author": "charco (胖虎想要變瘦虎)", "category": "Gossiping", "title": "Re: [爆卦] UCLA因以巴衝突而停課", "date": "Thu May  2 03:17:25 2024", "content": ["['※ 引述《rogoc (Wee)》之銘言：\\n', ': 洛杉磯時報 （Los Angeles Time)', ': UCLA cancels classes after counterprotesters violently attack pro-Palestinian camp', ': 新聞連結：', ': 剛剛收到學校寄的信說今天會有以巴抗議遊行 系館會關閉到明天早上', ': 去查了一下 原來昨天UCLA有以巴暴力衝突', ': 看來現在已經燒到西岸來了', ': -----', ': Sent from JPTT on my iPhone']", "加州和東岸有啥好抗議民主黨不就自己選的當初投拜登時沒想到會戰爭嗎而且現在出來抗議11月還不是投民主黨", "--"], "post_comment": [{"comment_author": "IAMCSH", "comment_date": ["05/02", "03:31"], "comment_content": "抗議多是抗議學校立場。"}, {"comment_author": "Gandalf", "comment_date": ["05/02", "06:06"], "comment_content": "你沒搞清楚保守黨會更激進，只是選舉要"}, {"comment_author": "Gandalf", "comment_date": ["05/02", "06:07"], "comment_content": "錢每一個政治人物想得罪"}, {"comment_author": "sonora", "comment_date": ["05/02", "06:13"], "comment_content": "google不難，這和哪個政黨上台沒關係"}, {"comment_author": "angellll", "comment_date": ["05/02", "07:04"], "comment_content": "厲害 又自我腦補到保守派更糟"}, {"comment_author": "angellll", "comment_date": ["05/02", "07:04"], "comment_content": "不要臉的髒東西"}, {"comment_author": "chiz2", "comment_date": ["05/02", "13:28"], "comment_content": "不是啦，滯美台灣人就有老鷹護照綠卡拿著就"}, {"comment_author": "chiz2", "comment_date": ["05/02", "13:28"], "comment_content": "好，其他美國人的事不用管那麼多啦"}, {"comment_author": "chiz2", "comment_date": ["05/02", "13:31"], "comment_content": "反正藍紅兩黨看你們都一個樣"}, {"comment_author": "GonVolcano", "comment_date": ["05/03", "08:02"], "comment_content": "聽起來像在嘲諷花蓮"}]}
