{"author": "VVizZ (我很窮)", "category": "Gossiping", "title": "Re: [問卦] 以前高端象徵 現在平庸的餐廳", "date": "Fri May  3 11:03:35 2024", "content": ["['※ 引述《vicet (蔚藍海岸)》之銘言：\\n', ': 20年前', ': 吃麥當勞還是有面子的', ': 辦生日派對感覺有fu', ': 現在變日常', ': 省錢就去買個1+1來吃', ': 10年前', ': 喝杯星巴克', ': 感覺是個高大上的象徵', ': 現在變日常', ': 逛逛百貨有空來一杯', ': 買一送一已經常態出現', ': 未來不知道如何', ': 再10年吃饗ajoy可能變日常？']", "蠻多的吧幾個比較有代表性的鬥牛士龐德羅莎天母洋蔥牛角燒肉剛開始的時候沒啥競爭者價位偏高你也得吃不然就只剩去大飯店吃的選擇現在就不一樣了比這些店貴然後花樣更多的生意還特別好反而這種老字號變成中價位的沒啥吸引力了要粗飽有更便宜的要好的有更貴的--", "這家沒高級過吧進入市場的時候早就有其他更好的啤酒餐廳了", "30年前一客牛排四五百很高級吧我媽認定的高級餐廳", "對啊我家牛排一客好像99還是120而已去鬥牛士最有印象的是服務生都很強一個手臂放兩三份牛排這樣上菜的", "又不是我開的價錢你氣啥", "好像是南部的倒了北部直營店還好好的", "我媽說高級阿要特別表現才有的吃你到底在不爽什麼今天股票虧嗎", "小時候都家裡煮的很少外食有的吃就不錯了"], "post_comment": [{"comment_author": "bryan7114", "comment_date": ["05/03", "11:04"], "comment_content": "可憐如我 都吃不起"}, {"comment_author": "ZakkWylde", "comment_date": ["05/03", "11:04"], "comment_content": "高島屋以前覺得很高級"}, {"comment_author": "vowpool", "comment_date": ["05/03", "11:05"], "comment_content": "金色三麥"}, {"comment_author": "deann", "comment_date": ["05/03", "11:06"], "comment_content": "鬥牛士何時有高端??"}, {"comment_author": "speqsirqoo", "comment_date": ["05/03", "11:08"], "comment_content": "西堤 連味道也變低端"}, {"comment_author": "abc0922001", "comment_date": ["05/03", "11:09"], "comment_content": "感覺都是台北的店，沒有全國連鎖的嗎"}, {"comment_author": "VVizZ", "comment_date": ["05/03", "11:09"], "comment_content": "國賓大飯店以前也很高級後來吃起來超普"}, {"comment_author": "achun1212", "comment_date": ["05/03", "11:10"], "comment_content": "30多年前鬥牛士當然高級，比較沒錢都"}, {"comment_author": "achun1212", "comment_date": ["05/03", "11:10"], "comment_content": "去吃我家牛排"}, {"comment_author": "Barbarian123", "comment_date": ["05/03", "11:12"], "comment_content": "這些都是全國連鎖的吧 哪裡沒有"}, {"comment_author": "deann", "comment_date": ["05/03", "11:12"], "comment_content": "鬥牛士從夜市牛排出來的竟然要400-500??"}, {"comment_author": "deann", "comment_date": ["05/03", "11:13"], "comment_content": ""}, {"comment_author": "deann", "comment_date": ["05/03", "11:13"], "comment_content": "我不覺得吃夜市牛排叫做啥高端 台北牛排店"}, {"comment_author": "deann", "comment_date": ["05/03", "11:13"], "comment_content": "一堆"}, {"comment_author": "johnson2726", "comment_date": ["05/03", "11:14"], "comment_content": "牛角好像倒了"}, {"comment_author": "deann", "comment_date": ["05/03", "11:14"], "comment_content": "紅屋應該比鬥牛士高檔太多了"}, {"comment_author": "deann", "comment_date": ["05/03", "11:15"], "comment_content": "你連紅屋這麼經典都沒提到 提個鬥牛士"}, {"comment_author": "deann", "comment_date": ["05/03", "11:15"], "comment_content": "VV你家應該不會覺得吃鬥牛士叫高檔吧"}, {"comment_author": "VVizZ", "comment_date": ["05/03", "11:16"], "comment_content": "小時候有啥吃啥其實也不知道什麼是高檔"}, {"comment_author": "coffee112", "comment_date": ["05/03", "11:16"], "comment_content": "鬥牛士 在十年前 應該還不算差  吃多就"}, {"comment_author": "VVizZ", "comment_date": ["05/03", "11:17"], "comment_content": "洋蔥就在我家附近我都沒吃過咧 長大約會才"}, {"comment_author": "coffee112", "comment_date": ["05/03", "11:17"], "comment_content": "當你吃比較多家後 就會想  恩 不好說QQ"}, {"comment_author": "VVizZ", "comment_date": ["05/03", "11:17"], "comment_content": "第一次吃"}, {"comment_author": "coffee112", "comment_date": ["05/03", "11:22"], "comment_content": "小學國中時 同學媽媽煎的牛排塊 好吃多"}, {"comment_author": "coffee112", "comment_date": ["05/03", "11:22"], "comment_content": "了 絕不是因為 他聖功高中的姊姊很漂亮"}, {"comment_author": "shuterlo", "comment_date": ["05/03", "11:30"], "comment_content": "鬥牛士跟古拉爵吧Y"}, {"comment_author": "shuterlo", "comment_date": ["05/03", "11:31"], "comment_content": "以前都是慶祝才會去吃"}, {"comment_author": "shuterlo", "comment_date": ["05/03", "11:32"], "comment_content": "現在感覺跟孫東寶跟億麵房差不多"}, {"comment_author": "demitri", "comment_date": ["05/03", "11:50"], "comment_content": "可麗雅"}, {"comment_author": "VVizZ", "comment_date": ["05/03", "11:55"], "comment_content": "可利亞最後一間也倒了"}, {"comment_author": "Fruitdrop", "comment_date": ["05/03", "11:59"], "comment_content": "洋蔥聽說退步不少 家裡都沒去吃了"}, {"comment_author": "VVizZ", "comment_date": ["05/03", "13:41"], "comment_content": "洋蔥江郎才盡只會蹭團(疑)"}, {"comment_author": "funeasy", "comment_date": ["05/04", "17:29"], "comment_content": "天母古早雙聖"}]}
