{"author": "ivorysoap (ivorysoap)", "category": "Gossiping", "title": "Re: [問卦] 為什麼不把大陸叫做匪區", "date": "Fri May  3 00:11:24 2024", "content": ["['※ 引述《chadmu (噓之收集者查德姆)》之銘言：\\n', ': 中華民國可分為大陸地區和自由地區', ': 其中大陸被共匪佔領著', ': 怎麼現在都沒人講匪區了', ': 難不成忘了兩岸要由三民主義統一，我們要反攻啊']", "今天一直看到塔綠班拿這個來說嘴我只想吐草可以啊OK啊現在執政黨是DPP 從此時起行政部門就用共匪 匪區 匪諜來稱呼中國大陸的人事物啊記得還要搭配所有MIC產品只要寫著中國兩字要一律槓掉 改成中華民國啊 不對 改成中華民國也不對 所以應該是要全面禁止進口台灣才是BUT這就代表台灣要回到李登輝上任前期的動員勘亂時期了OH YEAH笑死 改個華航名字 八年過去了都沒種改  只會打嘴砲爽而以科科--"], "post_comment": [{"comment_author": "bandongo", "comment_date": ["05/03", "00:13"], "comment_content": "在那叫什麼 不必去查"}, {"comment_author": "MrMadass", "comment_date": ["05/03", "00:16"], "comment_content": "下週五到了嗎？"}, {"comment_author": "HLPT", "comment_date": ["05/03", "00:22"], "comment_content": "塔綠班的中華民國不包括大陸，你真弱"}, {"comment_author": "pmove", "comment_date": ["05/03", "08:57"], "comment_content": "改成支拿也不錯"}]}
