{"author": "Qoo2222 (Qoo2222)", "category": "Gossiping", "title": "Re: [問卦] 坐月子一晚1萬多是台男不敢娶老婆關", "date": "Sun Apr 28 11:17:19 2024", "content": ["反對月中的人建議做以下實驗設一個1到3小時會響的鬧鐘然後每次響就起床30分鐘到一小時才能回去睡24小時不間斷 持續30天30天過後將時間改成3到4小時但起床時間改成30分鐘到兩小時每天潑一杯尿 兩天潑一杯屎到自己身上或床上然後持續3到8個月可在接受的再生小孩--", "你生幾個？ 本人和身邊超過5個同事經驗總結", "你當什麼兵？ 我當過1年五個月的兵 夜哨輕鬆多了", "美國最近也開始流行月中喔 建議更新一下資訊另外美國也開始流行先生WFH顧小孩 老婆去上班", "沒錯 少了月中 爸爸影響更大", "翻開歷史 婚姻一直都是以利相交為主當然利不只是錢 靠荷爾蒙頂多撐個3年", "沒有矛盾啊 就花20萬 換一個月清閒 值不值看人", "我小孩正在我旁邊吃奶嘴", "陳述事實是害人 你養過小孩嗎 還是鍵盤育兒另外美國不是好例子 他們某項族群有超高比例是單親媽媽 最後小孩進監獄記錄也高很多"], "post_comment": [{"comment_author": "victorru", "comment_date": ["04/28", "11:18"], "comment_content": "月中根本超級划算的"}, {"comment_author": "smallGGgirl", "comment_date": ["04/28", "11:18"], "comment_content": "騙人沒照顧過小孩"}, {"comment_author": "smallGGgirl", "comment_date": ["04/28", "11:18"], "comment_content": "潑床上 智障不會顧吧"}, {"comment_author": "odsan", "comment_date": ["04/28", "11:19"], "comment_content": "月中超划算好嗎 我自己帶跟月中都體會了"}, {"comment_author": "louis10452", "comment_date": ["04/28", "11:20"], "comment_content": "沒照妳方式顧小孩會怎樣？ 嘻嘻"}, {"comment_author": "maguire006", "comment_date": ["04/28", "11:21"], "comment_content": "不結婚最划算"}, {"comment_author": "sustainer123", "comment_date": ["04/28", "11:22"], "comment_content": "外國人怎麼不用做月子 呵"}, {"comment_author": "Caress", "comment_date": ["04/28", "11:22"], "comment_content": "這比當兵輕鬆多了  24小時on call"}, {"comment_author": "louis10452", "comment_date": ["04/28", "11:23"], "comment_content": "妳自己想怎麼養，你自己保留。沒必要"}, {"comment_author": "louis10452", "comment_date": ["04/28", "11:23"], "comment_content": "照你的想法"}, {"comment_author": "ian41360", "comment_date": ["04/28", "11:23"], "comment_content": "爽 好險沒台女想跟我生 好像美國人」有"}, {"comment_author": "ian41360", "comment_date": ["04/28", "11:23"], "comment_content": "在做月子一樣"}, {"comment_author": "victorru", "comment_date": ["04/28", "11:24"], "comment_content": "樓上一堆搞笑的，沒照顧過小孩在那邊講"}, {"comment_author": "victorru", "comment_date": ["04/28", "11:24"], "comment_content": "住月中不是爽到老婆是爽到爸爸都不懂"}, {"comment_author": "mopepe5566", "comment_date": ["04/28", "11:25"], "comment_content": "月中是爽到爸爸，老婆不在家就是爽"}, {"comment_author": "Caress", "comment_date": ["04/28", "11:25"], "comment_content": "沒有  我是幹部  管你這種兵的  哈"}, {"comment_author": "ad1339", "comment_date": ["04/28", "11:28"], "comment_content": "嬰兒也是有作息規律的，習慣就好了"}, {"comment_author": "smallGGgirl", "comment_date": ["04/28", "11:29"], "comment_content": "我三胎 怎？"}, {"comment_author": "i9100", "comment_date": ["04/28", "11:29"], "comment_content": "月中分育嬰和母親休息兩部分,多年講過幾次"}, {"comment_author": "smallGGgirl", "comment_date": ["04/28", "11:29"], "comment_content": "坐月子是重要 但這恐嚇言論不需要"}, {"comment_author": "i9100", "comment_date": ["04/28", "11:30"], "comment_content": "但反正永遠都無法被認真正視"}, {"comment_author": "i9100", "comment_date": ["04/28", "11:30"], "comment_content": "以前我兩個孩子都是在月中待一個月,一天1千"}, {"comment_author": "exrickeynew", "comment_date": ["04/28", "11:30"], "comment_content": "我也是管兵的 一直發這文也奇怪，這"}, {"comment_author": "exrickeynew", "comment_date": ["04/28", "11:31"], "comment_content": "裡很多都過了結婚生子的年紀了 笑死"}, {"comment_author": "peterwww", "comment_date": ["04/28", "11:31"], "comment_content": "以利相交者 利盡輒疏"}, {"comment_author": "peterwww", "comment_date": ["04/28", "11:32"], "comment_content": "美國最近也開始流行 那之前不就窮養"}, {"comment_author": "peterwww", "comment_date": ["04/28", "11:33"], "comment_content": "原來美國最近才開始去月子中心"}, {"comment_author": "hikaru77613", "comment_date": ["04/28", "11:33"], "comment_content": "隨便啦，反正我早就不需要這種東西"}, {"comment_author": "hikaru77613", "comment_date": ["04/28", "11:33"], "comment_content": "了"}, {"comment_author": "peterwww", "comment_date": ["04/28", "11:34"], "comment_content": "不要說一些自相矛盾話"}, {"comment_author": "peterwww", "comment_date": ["04/28", "11:34"], "comment_content": "我個人立場絕對沒有阻止你要做什麼"}, {"comment_author": "peterwww", "comment_date": ["04/28", "11:35"], "comment_content": "但不要說別人沒做就怎樣"}, {"comment_author": "selo", "comment_date": ["04/28", "11:36"], "comment_content": "台灣生育率那麼低 講這個是生過？"}, {"comment_author": "peterwww", "comment_date": ["04/28", "11:37"], "comment_content": "選擇單身與結婚都沒關係 但做人不能害人"}, {"comment_author": "peterwww", "comment_date": ["04/28", "11:38"], "comment_content": "因為你的建議而造成負面影響"}, {"comment_author": "peterwww", "comment_date": ["04/28", "11:38"], "comment_content": "說什麼不去月子中心就是要窮養 鬼扯"}, {"comment_author": "allloveme", "comment_date": ["04/28", "11:40"], "comment_content": "有去過月中的男人才懂，我老公去過後"}, {"comment_author": "allloveme", "comment_date": ["04/28", "11:40"], "comment_content": "開始鼓吹身邊的男人都要花錢買快樂"}, {"comment_author": "fufugirl", "comment_date": ["04/28", "11:40"], "comment_content": "歐美現在能力好一點的家庭都開始做月子"}, {"comment_author": "fufugirl", "comment_date": ["04/28", "11:41"], "comment_content": "了。結論就是財力問題"}, {"comment_author": "peterwww", "comment_date": ["04/28", "11:43"], "comment_content": "台灣那麼多沒去月子中心 小孩有進監獄?"}, {"comment_author": "peterwww", "comment_date": ["04/28", "11:44"], "comment_content": "鬼扯什麼啊?"}, {"comment_author": "peterwww", "comment_date": ["04/28", "11:44"], "comment_content": "歐美現在能力好一點都開始坐月子?"}, {"comment_author": "peterwww", "comment_date": ["04/28", "11:45"], "comment_content": "外國人又沒有坐月子習慣 怎麼會去月中"}, {"comment_author": "peterwww", "comment_date": ["04/28", "11:45"], "comment_content": "產後調理 育嬰假當然是有的"}, {"comment_author": "peterwww", "comment_date": ["04/28", "11:45"], "comment_content": "女性生小孩本來就很辛苦 需要休息"}, {"comment_author": "peterwww", "comment_date": ["04/28", "11:46"], "comment_content": "台灣有坐月子的習慣 Perfect!"}, {"comment_author": "candyrainbow", "comment_date": ["04/28", "11:54"], "comment_content": "蠻實在的，我兒子滿月前常因為換尿"}, {"comment_author": "candyrainbow", "comment_date": ["04/28", "11:54"], "comment_content": "布時尿或大在床上，我都還有鋪尿布"}, {"comment_author": "candyrainbow", "comment_date": ["04/28", "11:54"], "comment_content": "墊呢，還是會沾到床上，還有洗澡時"}, {"comment_author": "candyrainbow", "comment_date": ["04/28", "11:54"], "comment_content": "一直大便，還要一直換水"}, {"comment_author": "candyrainbow", "comment_date": ["04/28", "11:55"], "comment_content": "洗衣服洗床單真的洗到慶幸自己有買"}, {"comment_author": "candyrainbow", "comment_date": ["04/28", "11:55"], "comment_content": "烘衣機，不然都沒床單用了"}, {"comment_author": "candyrainbow", "comment_date": ["04/28", "11:56"], "comment_content": "花點錢換得頭一個月還能好好睡真的"}, {"comment_author": "candyrainbow", "comment_date": ["04/28", "11:56"], "comment_content": "很值得啦"}, {"comment_author": "candyrainbow", "comment_date": ["04/28", "11:58"], "comment_content": "我兒子快兩歲，我能睡個整覺的日子"}, {"comment_author": "candyrainbow", "comment_date": ["04/28", "11:58"], "comment_content": "應該不超過20天，每天半夜還在喝夜"}, {"comment_author": "candyrainbow", "comment_date": ["04/28", "11:58"], "comment_content": "奶、找不到奶嘴該該叫咧"}, {"comment_author": "gopath", "comment_date": ["04/28", "12:00"], "comment_content": "月中是台灣奇蹟"}, {"comment_author": "simdavid", "comment_date": ["04/28", "12:01"], "comment_content": "講早上該上班上班，顧小孩的顧小孩，晚"}, {"comment_author": "simdavid", "comment_date": ["04/28", "12:01"], "comment_content": "上老婆顧小孩老公玩小孩，都沒問題。"}, {"comment_author": "simdavid", "comment_date": ["04/28", "12:01"], "comment_content": "但一講半夜小孩哭老公起來處理的就沒幾"}, {"comment_author": "simdavid", "comment_date": ["04/28", "12:01"], "comment_content": "個敢嗆說他處理了。"}, {"comment_author": "botnet", "comment_date": ["04/28", "12:24"], "comment_content": "為什麼歐美人不用做月子 亞洲才需要"}, {"comment_author": "simdavid", "comment_date": ["04/28", "12:47"], "comment_content": "國外沒有月中，但歐美都有不少產後護理"}, {"comment_author": "simdavid", "comment_date": ["04/28", "12:47"], "comment_content": "中心。兩者一定是不一樣的東西啦，放心"}, {"comment_author": "simdavid", "comment_date": ["04/28", "12:47"], "comment_content": "罵月中吧。"}, {"comment_author": "Sacral", "comment_date": ["04/28", "12:48"], "comment_content": "有錢就去月子中心，沒錢就不要去就好了，"}, {"comment_author": "Sacral", "comment_date": ["04/28", "12:48"], "comment_content": "這有什麼好吵的呢？難以理解"}, {"comment_author": "Sacral", "comment_date": ["04/28", "12:50"], "comment_content": "一定也有台女是不去的啊，啊反對月中的人"}, {"comment_author": "Sacral", "comment_date": ["04/28", "12:50"], "comment_content": "努力找一下不就好了，不要在那邊酸葡萄心"}, {"comment_author": "Sacral", "comment_date": ["04/28", "12:50"], "comment_content": "理，別人去月中的錢又不是你的錢"}, {"comment_author": "Nathanye", "comment_date": ["04/28", "13:18"], "comment_content": "實際上根本不是這樣..."}, {"comment_author": "world2069", "comment_date": ["04/28", "14:24"], "comment_content": "月中被資本洗腦成划算的商品 可憐哪"}, {"comment_author": "shawshien", "comment_date": ["04/28", "14:48"], "comment_content": "國外有半夜幫忙看嬰兒的服務 但很貴"}, {"comment_author": "johnny1240", "comment_date": ["04/28", "15:31"], "comment_content": "什麼咖啊你 以為你最大ㄕㄅㄨㄕˋ"}]}
