{"author": "Fortran (Fortran)", "category": "Gossiping", "title": "Re: [問卦] 到底是反共還是反中還是反華？", "date": "Thu May  2 01:07:45 2024", "content": ["['※ 引述《kuso2005 (一時想不到)》之銘言：\\n', ': 我國國民反中可以理解，但是看到很多人看不到他反共，倒是反中反華反漢比較多，否', ': 自己是中國人還可以理解，但是連中華民國都反、華人也反，還有看過反漢族的，認為', ': 灣人比較接近東南亞血統而不是漢族，總之看到華字、漢字都覺得渾身不對勁，很久之', ': 前國家元首參與世界華人論壇，結果在政論節目上看到鍾年晃說：我不曉得他參加華人', ': 壇幹嘛，華人關台灣人什麼事，直到現在仍有一堆人認為台灣人 ≠華人 ≠漢人 ≠原', ': 民，哇靠！難道台灣人從石頭蹦出不成？']", "反共可以理解反中、反華、反漢都是有病的人這種人就像一個黑人說他父母都是金髮碧眼的白種人好吧！白種人強大，崇洋媚外也是可以理解的，但偏偏這種人英語又講不好、也不熟悉白種人文化，自己的外表打扮、口音都是正宗黑人，也過黑人的節日每次看到那種用支文、過支那節日、看支那書，說自己不是支那人，都是特別的好笑", "認", "台", "前", "論", "住", "--"], "post_comment": [{"comment_author": "peterwww", "comment_date": ["05/02", "02:01"], "comment_content": "那個就不肖子孫才會幹的事情"}, {"comment_author": "horseface", "comment_date": ["05/02", "03:41"], "comment_content": "反漢第一名不就是毛澤東？想廢除漢字"}, {"comment_author": "horseface", "comment_date": ["05/02", "03:41"], "comment_content": "耶"}, {"comment_author": "horseface", "comment_date": ["05/02", "03:41"], "comment_content": "破四舊破的這麼爽"}]}
