{"author": "pp5434 ()", "category": "Gossiping", "title": "Re: [新聞] 余苑綺夫涉詐欺遭逮捕　余天：明天把2小孩", "date": "Thu May  2 21:34:04 2024", "content": ["八卦版超雙標的現任大姑叫做遠親這個人叫做女婿他哪是女婿他甚至不能算遠親他根本現在跟余天一點關係都沒有也不能算是余天的女婿吧這不是雙標，甚麼才是雙標--"], "post_comment": [{"comment_author": "seedboxs", "comment_date": ["05/02", "21:35"], "comment_content": "我還以為余天是立委勒"}, {"comment_author": "vaiking0120", "comment_date": ["05/02", "21:37"], "comment_content": "我還以為余天是現任立委"}, {"comment_author": "ericyi", "comment_date": ["05/02", "21:37"], "comment_content": "沒生小孩我信 有兩個孫子叫沒關係??"}, {"comment_author": "littlehappy1", "comment_date": ["05/02", "21:37"], "comment_content": "余天在黨內的地位 立委也要叫聲大哥"}, {"comment_author": "vaiking0120", "comment_date": ["05/02", "21:38"], "comment_content": "也不是雙標啦 這裡已經是五毛和小粉"}, {"comment_author": "vaiking0120", "comment_date": ["05/02", "21:38"], "comment_content": "紅的地盤 已經不是台灣人在主導"}, {"comment_author": "Tenging", "comment_date": ["05/02", "21:38"], "comment_content": "結婚的時候余天不分區"}, {"comment_author": "a9563741", "comment_date": ["05/02", "21:39"], "comment_content": "小草腦停在他當立委的時候很正常"}, {"comment_author": "scores", "comment_date": ["05/02", "21:39"], "comment_content": "三立不知道會不會照三餐討論余天"}, {"comment_author": "Tenging", "comment_date": ["05/02", "21:39"], "comment_content": "他是現在被抓不是現在犯法"}, {"comment_author": "Tenging", "comment_date": ["05/02", "21:40"], "comment_content": "肯定婚前就是詐騙頭子"}, {"comment_author": "Tenging", "comment_date": ["05/02", "21:40"], "comment_content": "余祥銓差點被帶壞誤入歧途"}, {"comment_author": "scott0104", "comment_date": ["05/02", "21:43"], "comment_content": "矮油！剛好都跟綠的有關就來洗地，忘"}, {"comment_author": "scott0104", "comment_date": ["05/02", "21:43"], "comment_content": "記前幾天民進黨才開除一個林于倫喔"}, {"comment_author": "snobbish", "comment_date": ["05/02", "21:48"], "comment_content": "對喔，小粉綠快回柵欄裡哦"}, {"comment_author": "idxxxx", "comment_date": ["05/02", "21:49"], "comment_content": "開始打悲情牌了"}, {"comment_author": "Tzohjks53", "comment_date": ["05/02", "22:26"], "comment_content": "真是一大堆五毛與小粉"}, {"comment_author": "JGOBUYO", "comment_date": ["05/02", "23:40"], "comment_content": "生前沒辦離婚姻親關係還在喔"}, {"comment_author": "littleaoc", "comment_date": ["05/03", "13:49"], "comment_content": "女婿是車手頭 岳父是什麼"}]}
