{"author": "Ommmmmm5566 (有人責備我們不夠深入)", "category": "Gossiping", "title": "Re: [問卦] 26歲處男都不運動到30歲會怎樣？", "date": "Mon Apr 29 00:05:21 2024", "content": ["這我知道本寶寶從小到大都在拉肚子吃也吃很多然後都沒運動高中開始體重穩定保持在正常值且穩定不成長30歲開始一樣的生活型態慢慢胖了起來胖了十幾公斤但同時我破處了不知道有沒有關聯供參--", "By triplefree--", "會啊 就胖到一個穩定值 就沒再胖了"], "post_comment": [{"comment_author": "Puye", "comment_date": ["04/29", "00:06"], "comment_content": "會越來越廢 真的"}, {"comment_author": "dafeichai", "comment_date": ["04/29", "00:08"], "comment_content": "肥宅我從高中開始體重就沒變了，原來"}, {"comment_author": "dafeichai", "comment_date": ["04/29", "00:08"], "comment_content": "過30後真的會開始胖起來喔=="}, {"comment_author": "Himiko9975", "comment_date": ["04/29", "00:09"], "comment_content": "肥宅"}, {"comment_author": "moneyrei225", "comment_date": ["04/29", "00:40"], "comment_content": "會過四次生日"}, {"comment_author": "negotiates", "comment_date": ["04/29", "00:51"], "comment_content": "還是處男"}, {"comment_author": "cockali", "comment_date": ["04/29", "07:47"], "comment_content": "體型就是這樣啊，跟著你的生活習慣走"}]}
