{"author": "WeiU (台大IU)", "category": "Gossiping", "title": "Re: [問卦] 鄉下國小考第一名競爭力?", "date": "Wed May  1 15:07:08 2024", "content": ["小妹我台大IU鄉下來的小妹小時候身邊的人都跟我家差不多窮無感考第一名還覺得自己很厲害不輸明星國中但上了明星高中明星大學後才發現家裡資源跟人家差太多了小妹我根本井底之蛙難怪只能讀文組小妹我家兔兔說她不想讀鄉下學校兔兔想讀台北市的貴族學校所以小妹我要認真一點賺錢不能害兔兔階級複製給肥宅參考-----Sent from JPTT on my iPhone--我是　－　微，Ｕ文專發　－　微，優文--"], "post_comment": [{"comment_author": "k385476916", "comment_date": ["05/01", "15:07"], "comment_content": "叔叔 我想吃鄉下兔兔"}, {"comment_author": "heavensun", "comment_date": ["05/01", "15:11"], "comment_content": "鄉下資訊落後  大學都會念錯科系"}, {"comment_author": "heavensun", "comment_date": ["05/01", "15:11"], "comment_content": "聽說生科光電很紅  考上才知道過氣惹"}, {"comment_author": "Roooz", "comment_date": ["05/01", "15:12"], "comment_content": "叔叔 我想吃妳"}, {"comment_author": "azeroth", "comment_date": ["05/01", "15:21"], "comment_content": "IU成大很鄉下嗎Q_Q?至少在後火車站捏"}]}
