{"author": "sennin32 (sennin32)", "category": "Gossiping", "title": "Re: [問卦] 為何電子菸不行？", "date": "Mon Apr 29 13:48:27 2024", "content": ["['※ 引述《s02010201 (內斂羊肉)》之銘言：\\n', ': 之前有聽說禁止攜帶電子菸入境', ': 說什麼未通過風險評估...之類的', ': 我就想問', ': 難道傳統香煙就不會危害身體 只有電子菸會危害？', ': 請問有沒有為何不敢禁香煙 只敢禁電子菸的掛？']", "因為既得利益者沒錢賺啊看看前衛服部長，直接去參加跟他主管業務有關的公司餐聚被拍到，最後屁事沒有說是雖然同桌吃飯，但是餐費自己出，未接受廠商招待就這，有人相信嗎?去聚餐吃桌菜大家AA，這藉口真的是相當令人信服電子菸修法的修法理由大家可以自行去看主要圍繞三點:1. 油含尼古丁2. 油含重金屬3. 電池會爆炸實在是可笑，食用甘油含尼古丁，不去抓進口含禁藥的甘油，結果禁止電子菸食用甘油含重金屬，不去抓禁口含超標種金屬的進口商，結果禁止電子菸最後一點就更不用說了，光三星手機炸得爽不爽?按這邏輯，手機早該禁止就這修法理由，擺明就是玩這個的人口少，沒啥人會關心就鬼扯一堆根本不成立的理由明眼人都知道，就是某幾間菸商關說硬幹，仗著錢多讓全世界最重視國民健康的衛服部，逼老百姓只准抽紙菸得肺癌BTW 修法前含尼古丁的菸油是故意不抓的，他們網路巡邏只會抓設備偏偏設備合法的占大多數，所以衛服部從某狗官上任到下台，被判違憲1.2十次因為違法的商品得大量留在市面上，才能讓他們恣意抹黑至於國民吸了來源不明，含大量違法成分的甘油官員關心嗎?當然不關心，死了最好，死了又能繼續抹黑了，死越多越好最好有人在甘油裡放氰化物，一次弄死一堆人，抹到全國都已為電子菸一碰就死", ":--"], "post_comment": [{"comment_author": "c07strange", "comment_date": ["04/29", "13:52"], "comment_content": "很多國家不行 多說的"}, {"comment_author": "Forcast", "comment_date": ["04/30", "09:42"], "comment_content": "應該立法抽菸是殺人罪，害人得肺癌"}]}
