{"author": "charco (胖虎想要變瘦虎)", "category": "Gossiping", "title": "Re: [問卦] 綠卡樂透中了 但不知道能做什麼工作", "date": "Sun May  5 03:52:42 2024", "content": ["['※ 引述《ChordMojo》之銘言\\n', ': 大家好 剛剛我去查 發現自己抽中綠卡', ': 去年只是想說就抽看看 結果中了', ': 可是我沒有在美國的任何學經歷 也不知道要去哪裡', ': 文組畢 目前27歲 工作存了大概10萬美元', ': AIT官員如果要問我要去美國哪裡 要做什麼工作 我答不出來 會不會被刷掉啊', ': 好在明年下半才面試', ': 板上的大大們能給點建議嗎', ': 感覺去美國更難找另一半 唉', ': 八卦？']", "沒有美國學歷的話 經濟上又有點緊 （十萬美金你扣學費房租生活費應該剩沒多少） 建議可以先做超市或亞麻基層人員 收銀或是倉儲工作 一邊工作一邊存點錢 順便多學點英文練口說 有餘力可以申請part time碩士 補好學歷後可以從內部轉職 比你從外面投遞更有機會 現在市場不好 沒有美國學歷就算有綠卡也找不 到什麼辦公室工作 順便說你有綠卡就不要去華人餐廳 去大公司才有醫保那些福利", "----Sent from", "on my iPhone 12 Pro --"], "post_comment": [{"comment_author": "clkdtm32", "comment_date": ["05/05", "03:54"], "comment_content": "感覺十萬美元可以先去免稅州生活看看"}, {"comment_author": "hicjgogogo", "comment_date": ["05/05", "03:54"], "comment_content": "那就從好市多開始啊，搞不好內推"}, {"comment_author": "nanalia", "comment_date": ["05/05", "04:02"], "comment_content": "學費可以貸款plus獎學金 我大學有申請到"}, {"comment_author": "nanalia", "comment_date": ["05/05", "04:02"], "comment_content": "州政府獎學金幾乎沒花錢"}, {"comment_author": "forv", "comment_date": ["05/05", "04:05"], "comment_content": "去美積電當技術員"}, {"comment_author": "abc12812", "comment_date": ["05/05", "04:05"], "comment_content": "亞馬遜倉儲比台灣還血汗吧"}, {"comment_author": "words2012", "comment_date": ["05/05", "04:06"], "comment_content": "綠卡怎麼抽!他在台灣也能抽!!!!!!"}, {"comment_author": "words2012", "comment_date": ["05/05", "04:06"], "comment_content": "現在很多人搶綠卡 就是為了避免遇到"}, {"comment_author": "words2012", "comment_date": ["05/05", "04:06"], "comment_content": "兩岸戰爭!"}, {"comment_author": "nanalia", "comment_date": ["05/05", "04:06"], "comment_content": "上網就能抽不用錢 每年十月 只需要護照號"}, {"comment_author": "nanalia", "comment_date": ["05/05", "04:07"], "comment_content": "碼跟護照照片檔"}, {"comment_author": "words2012", "comment_date": ["05/05", "04:08"], "comment_content": "好"}, {"comment_author": "poisonB", "comment_date": ["05/05", "04:10"], "comment_content": "去美積電輪班？"}, {"comment_author": "nanalia", "comment_date": ["05/05", "04:12"], "comment_content": "他還有十萬鎂夠啟動了 我當年只帶九千鎂"}, {"comment_author": "nanalia", "comment_date": ["05/05", "04:12"], "comment_content": "就過來闖了XD"}, {"comment_author": "z900215ro", "comment_date": ["05/05", "05:40"], "comment_content": "綠卡樂透每年有5萬人啊 中獎率0.5%"}, {"comment_author": "ggirls", "comment_date": ["05/05", "05:56"], "comment_content": "股票發票都抽不到，是為了抽綠卡保存實力"}, {"comment_author": "ggirls", "comment_date": ["05/05", "05:56"], "comment_content": "？"}, {"comment_author": "nanalia", "comment_date": ["05/05", "08:27"], "comment_content": "抽也沒成本 有抽有機會 需要刷卡付費都是"}, {"comment_author": "nanalia", "comment_date": ["05/05", "08:28"], "comment_content": "假網頁"}, {"comment_author": "mk1689", "comment_date": ["05/05", "08:48"], "comment_content": "沒錢沒權沒勢打仗還是要回來吧？"}]}
