{"author": "kawhidurantt (再來一步吧)", "category": "Gossiping", "title": "Re: [問卦] 為何歷史上福建省常常被忽視 沒人去佔?", "date": "Wed May  1 20:52:49 2024", "content": ["福建在中國也算是很特殊的存在除了多山多水，地形崎嶇複雜之外福建一個很有名的地方，就是特別擅長上次生產進士尤其是在兩宋，明朝時，福建進士官員的產量特別興盛可以說是學霸之省南宋紹興八年的時候，全國錄取293名進士，其中：狀元黃公度，福建莆田人；榜眼陳俊卿，福建莆田人；探花陳修，福建福州人。狀元榜眼探花，科舉前三名都是福建人，完全霸榜到了宋孝宗在位時期，福建人又創造了一項紀錄：連續四屆科舉的狀元，無一例外都是福建人。基本整個宋代，福建人在科舉考場上是稱王稱霸。根據《福建通志》記載，宋代福建進士共7043名，就是排名全國第一時人稱“龍門一半在閩川”，就是形容福建，四川在科舉上鯉躍龍門的人數多到不行到了明朝 雖然福建的進士考取人數低於江浙地區，但是如果以人均成績來看的話，福建也不會輸福建在明朝期間每萬人有13人考上進士相比之下，江浙地區是每萬人有6.5個考上進士，其實還輸給福建地區所以說福建地區其實從宋開始就一直是全國有名的學霸省分之一不過很有趣的一點是，在近代，福建人反而不鼓勵孩子拼命唸書留在當地做個腐儒而是多轉向海外發展，積極向海外探索，並且鼓勵孩子跟人民多走向商業活動所以近代的福建人出了很多有名又很有錢的華僑這在中國那邊算很有名的而且，以中國目前的狀況來說，福建人這種從以前就喜歡潤出國，而不會只想死賴在本地的性格某種意義上，可說是先知了，尤其現在中國那邊那越來越惡劣的經濟情況下真的越早脫身越好，呵呵......--"], "post_comment": [{"comment_author": "s91026", "comment_date": ["05/01", "20:54"], "comment_content": "三國時期一堆賊 人又少也沒資源"}, {"comment_author": "erisiss0", "comment_date": ["05/01", "20:55"], "comment_content": "福建人被動技能考試能手"}, {"comment_author": "ErosAmour", "comment_date": ["05/01", "20:55"], "comment_content": "感謝朱熹。另外，看一下地理條件就知"}, {"comment_author": "ErosAmour", "comment_date": ["05/01", "20:55"], "comment_content": "道福建多貧困了，多山河流切割少耕地"}, {"comment_author": "ErosAmour", "comment_date": ["05/01", "20:56"], "comment_content": "，還不如台灣有嘉南平原。"}, {"comment_author": "sonic4567", "comment_date": ["05/01", "20:57"], "comment_content": "1949“以前”來的那群，先知啊，有聽"}, {"comment_author": "sonic4567", "comment_date": ["05/01", "20:57"], "comment_content": "說早一輩是因為當地貧瘠，才來台發展，"}, {"comment_author": "sonic4567", "comment_date": ["05/01", "20:57"], "comment_content": "不過洗腦教育都說各位來自1949，（萬惡"}, {"comment_author": "sonic4567", "comment_date": ["05/01", "20:57"], "comment_content": "美帝還指派第七艦隊保護那群人）"}, {"comment_author": "peterwww", "comment_date": ["05/01", "20:57"], "comment_content": "感謝紫陽先生"}, {"comment_author": "ErosAmour", "comment_date": ["05/01", "20:58"], "comment_content": "現代真正會搞錢的南方人是潮汕人，言"}, {"comment_author": "ErosAmour", "comment_date": ["05/01", "20:58"], "comment_content": "語和文化上跟閩南人相近，但宗族團結"}, {"comment_author": "ErosAmour", "comment_date": ["05/01", "20:58"], "comment_content": "性更強。好的是會一起賺錢，壞的事有"}, {"comment_author": "ErosAmour", "comment_date": ["05/01", "20:58"], "comment_content": "地方鄉親集合起來製毒搞武裝團伙。"}, {"comment_author": "gogoguide", "comment_date": ["05/01", "21:02"], "comment_content": "有可能是田地少 稍微有錢一點的就會積"}, {"comment_author": "gogoguide", "comment_date": ["05/01", "21:02"], "comment_content": "極鼓勵孩子讀書"}, {"comment_author": "eternalmi16", "comment_date": ["05/01", "21:24"], "comment_content": "啊南宋時少了那麼多北方省份的競爭"}, {"comment_author": "kawhidurantt", "comment_date": ["05/01", "21:26"], "comment_content": "其實從北宋開始，南方省份的科舉成"}, {"comment_author": "kawhidurantt", "comment_date": ["05/01", "21:27"], "comment_content": "績就一直碾壓北方了"}, {"comment_author": "Napoleon313", "comment_date": ["05/01", "21:32"], "comment_content": "北宋時期 南方進士就已經佔了九成..."}, {"comment_author": "jeter17", "comment_date": ["05/01", "21:32"], "comment_content": "古代沒田可種又沒老啃只能考試啊"}, {"comment_author": "Napoleon313", "comment_date": ["05/01", "21:32"], "comment_content": "採絕對公平考試 北方就是完全被吊打"}, {"comment_author": "Napoleon313", "comment_date": ["05/01", "21:33"], "comment_content": "所以明朝為了平衡南北 才採名額制"}, {"comment_author": "Napoleon313", "comment_date": ["05/01", "21:34"], "comment_content": "如不搞名額保障 進士一定又是全南方"}, {"comment_author": "jeter17", "comment_date": ["05/01", "21:35"], "comment_content": "出海捕魚風險又高.不然就當8+9這樣"}, {"comment_author": "Napoleon313", "comment_date": ["05/01", "21:37"], "comment_content": "沒錢只能考試(X) 有錢才能考試(O)"}, {"comment_author": "Napoleon313", "comment_date": ["05/01", "21:38"], "comment_content": "兩宋福建進士多 主因就是經濟很發達"}, {"comment_author": "theolin", "comment_date": ["05/02", "20:15"], "comment_content": "福建這個地方很妙、漳泉械鬥到90年代還"}, {"comment_author": "theolin", "comment_date": ["05/02", "20:15"], "comment_content": "有村對村幹架的，平時打歸打，生意上的"}, {"comment_author": "theolin", "comment_date": ["05/02", "20:15"], "comment_content": "團結，甚至對於台灣視為自己人的情感投"}, {"comment_author": "theolin", "comment_date": ["05/02", "20:15"], "comment_content": "射都不在話下。"}, {"comment_author": "theolin", "comment_date": ["05/02", "20:22"], "comment_content": "對於出國打拼可以賺錢回鄉的他們叫還客"}, {"comment_author": "theolin", "comment_date": ["05/02", "20:22"], "comment_content": "。而留在國內賺的，也是家族宗親同庄里"}, {"comment_author": "theolin", "comment_date": ["05/02", "20:22"], "comment_content": "呷好倒相報，像莆田系醫院、泉州加油站"}, {"comment_author": "theolin", "comment_date": ["05/02", "20:22"], "comment_content": "、福清養殖。"}, {"comment_author": "theolin", "comment_date": ["05/02", "20:34"], "comment_content": "亞洲現在很多講福建話的地方就是以前這"}, {"comment_author": "theolin", "comment_date": ["05/02", "20:34"], "comment_content": "些帶種的爺們存在過的證明，尤其是跑到"}, {"comment_author": "theolin", "comment_date": ["05/02", "20:34"], "comment_content": "馬來跟印尼的，台灣還太近了些"}]}
