{"author": "apeople (為啥我爸不是李嘉成)", "category": "Gossiping", "title": "Re: [新聞] 台中火車站無預警清除行李？街友控：", "date": "Sat May  4 20:56:41 2024", "content": ["我是覺得既然藍路路不要街友的票，那就不要後悔街友可以全都去住高雄台南甚至可以牽戶頭到這些地方民主聖地來收留孤苦伶仃的人這樣不錯吧--"], "post_comment": [{"comment_author": "killverybig", "comment_date": ["05/04", "20:59"], "comment_content": "北車一堆"}, {"comment_author": "jinnij03879", "comment_date": ["05/04", "21:07"], "comment_content": "這麼有愛心，全部載去暖市放生"}, {"comment_author": "ashinly1021", "comment_date": ["05/04", "21:09"], "comment_content": "去高雄 比較暖"}, {"comment_author": "spermbox", "comment_date": ["05/05", "11:10"], "comment_content": "街友連身份證都賣了，如何投票"}, {"comment_author": "spermbox", "comment_date": ["05/05", "11:10"], "comment_content": "反串也用一下腦袋好嗎"}]}
