{"author": "charco (胖虎想要變瘦虎)", "category": "Gossiping", "title": "Re: [新聞] 美國星巴克要賣珍珠奶茶了？執行長證實下", "date": "Thu May  2 13:23:20 2024", "content": ["現在美國星巴克為了搶救營收跟台灣星巴克一樣常常都在買一送一就算沒有買一送一超市也常送星巴克折扣券可以去超市內的星巴克消費美國星巴克真的沒啥吸引力啊獨立咖啡館的咖啡好喝很多杯子也愈來愈醜上週去西雅圖星巴克第一家店換個杯子結果中間那一圈不是木頭只是橡皮圈", "--"], "post_comment": [{"comment_author": "mikasamikoto", "comment_date": ["05/02", "13:28"], "comment_content": "獨立咖啡店沒有潮到出水"}, {"comment_author": "meblessme", "comment_date": ["05/02", "13:29"], "comment_content": "漂亮的杯子可能不政治正確"}, {"comment_author": "keyman616", "comment_date": ["05/02", "13:39"], "comment_content": "美國獨立咖啡廳有反核標語嗎?"}, {"comment_author": "cms6384", "comment_date": ["05/02", "14:13"], "comment_content": "耶不是! 你們女神圖居然露奶子耶"}, {"comment_author": "charco", "comment_date": ["05/02", "14:31"], "comment_content": "第一間店的限定杯露才是正常啊"}]}
