{"author": "chal (&nbsp;)", "category": "Gossiping", "title": "Re: [問卦] 柴油潛艦都要上來換氣？", "date": "Sun Apr 28 23:45:16 2024", "content": ["我其實不太懂李喜明不要潛艦只要無人機的想法台灣又不是小孩子小孩子才做選擇台灣做了八艘潛艦以後就沒有能力做智能無人機無人艇了嗎答案是台灣做了八艘潛艦以後不但可以做無人機與無人艇還可以發給台灣2300萬人每個人一萬元的消費券台灣又不窮李喜明為什麼老是要台灣放棄一邊根本是以為台灣是小孩子除此之外我是認同中國根本打不過來俄羅斯打烏克蘭光一個頓內次河就卡了2年之後還不知道要卡多久台灣海峽是頓內次河的10000倍寬依公式換算10000*2年=20000年等於中國打下台灣海峽要2萬年才夠而這才是剛搶下海灘後續還要面對美日反包圍沒有後續物資 中國兵根本就只能投降烏克蘭沒有艦隊用無人艇就打掉一半黑海艦隊一萬倍寬度的台海到底是要怎麼打所以中國根本是打不嬴的--", "台灣可以開火啊 人家都不讓你補給了你不開火是要餓死嗎這言論真奇靶", "裴洛西那根本是假封鎖這不用反擊中國選擇用封的就代表這是他們的最高最佳戰略也就是說中國根本不想開火此時台灣先開火會把中國逼到最糟最低戰略中國如果打了 那既然要打 為什麼要先圍讓台灣準備好中國如果不打了 那封鎖就解除了對中國來說 先圍再打 簡直是最白痴的 等於給美日台預警所以 中國真的封了 台灣就一定要開火 是必定要做的戰略選擇", "藍營口水吃太多稍微想一下就知道只有白痴會選擇圍台藍營也就沈富雄說中國不會圍台"], "post_comment": [{"comment_author": "mikasamikoto", "comment_date": ["04/28", "23:47"], "comment_content": "上面的人想油水,大部分人又是姆咪，"}, {"comment_author": "mikasamikoto", "comment_date": ["04/28", "23:47"], "comment_content": "就只能亂花錢下去了"}, {"comment_author": "mikasamikoto", "comment_date": ["04/28", "23:48"], "comment_content": "唉~民主國家真的很吃人民素質"}, {"comment_author": "addog74", "comment_date": ["04/28", "23:52"], "comment_content": "派驅逐艦跟潛艦圍住你，驅趕來台的貨輪油"}, {"comment_author": "addog74", "comment_date": ["04/28", "23:52"], "comment_content": "輪天然氣輪，根本不必開火，你台灣還能撐"}, {"comment_author": "addog74", "comment_date": ["04/28", "23:52"], "comment_content": "多久？"}, {"comment_author": "addog74", "comment_date": ["04/28", "23:52"], "comment_content": "一個月？兩個月？半年？"}, {"comment_author": "pyrolith", "comment_date": ["04/28", "23:53"], "comment_content": "你要怎麼包圍 範圍多大"}, {"comment_author": "airflow", "comment_date": ["04/28", "23:53"], "comment_content": "這麼厲害? 匪共還不快做"}, {"comment_author": "DeathTemp", "comment_date": ["04/28", "23:57"], "comment_content": "又不是包水餃說包就包 XDDDDD"}, {"comment_author": "ipojay", "comment_date": ["04/28", "23:58"], "comment_content": "還包圍咧 美國當台海是公海"}, {"comment_author": "ipojay", "comment_date": ["04/28", "23:58"], "comment_content": "美軍艦開過台海 解放軍敢轟嗎?"}, {"comment_author": "AntiqueTea", "comment_date": ["04/28", "23:59"], "comment_content": "派驅逐艦圍住台灣？當台灣沒有反艦"}, {"comment_author": "AntiqueTea", "comment_date": ["04/28", "23:59"], "comment_content": "飛彈呀？封鎖你，你在太平洋外你要"}, {"comment_author": "AntiqueTea", "comment_date": ["04/28", "23:59"], "comment_content": "退到多少海裡才不會被台灣打到，退"}, {"comment_author": "AntiqueTea", "comment_date": ["04/28", "23:59"], "comment_content": "到關島？你退的地方是國際海域幹你"}, {"comment_author": "AntiqueTea", "comment_date": ["04/28", "23:59"], "comment_content": "媽的你中國老大嗎？說封就封，船艦"}, {"comment_author": "AntiqueTea", "comment_date": ["04/28", "23:59"], "comment_content": "就算圍著台灣你不用補給呀，官兵吃"}, {"comment_author": "AntiqueTea", "comment_date": ["04/28", "23:59"], "comment_content": "仙桃，船艦不用油就對了？打你補給"}, {"comment_author": "AntiqueTea", "comment_date": ["04/28", "23:59"], "comment_content": "艦不就好了！"}, {"comment_author": "ipojay", "comment_date": ["04/29", "00:00"], "comment_content": "中國有多少商船經過台海 台灣也可以封中國"}, {"comment_author": "ipojay", "comment_date": ["04/29", "00:00"], "comment_content": "台灣光陸基機動飛彈就夠封上海了"}, {"comment_author": "ipojay", "comment_date": ["04/29", "00:01"], "comment_content": "看14億人被封會不會暴動"}, {"comment_author": "Anvec", "comment_date": ["04/29", "00:01"], "comment_content": "台灣要開火很難"}, {"comment_author": "Anvec", "comment_date": ["04/29", "00:02"], "comment_content": "現在美國幾個智庫都在擔心"}, {"comment_author": "Anvec", "comment_date": ["04/29", "00:02"], "comment_content": "中共是可以用踩線的方式來達到封鎖效果"}, {"comment_author": "Anvec", "comment_date": ["04/29", "00:02"], "comment_content": "比如軍事演習"}, {"comment_author": "Anvec", "comment_date": ["04/29", "00:03"], "comment_content": "2022年裴洛西 就有發生 這種情況很難主動"}, {"comment_author": "Anvec", "comment_date": ["04/29", "00:03"], "comment_content": "反擊"}, {"comment_author": "Anvec", "comment_date": ["04/29", "00:05"], "comment_content": "2022 鉅亨網的報導 這可能造成大約三天的運"}, {"comment_author": "Anvec", "comment_date": ["04/29", "00:06"], "comment_content": "輸延誤"}, {"comment_author": "AntiqueTea", "comment_date": ["04/29", "00:10"], "comment_content": "你用軍事演習設立禁航區，只要不影"}, {"comment_author": "AntiqueTea", "comment_date": ["04/29", "00:10"], "comment_content": "響到大家經貿上的利益，基本上各國"}, {"comment_author": "AntiqueTea", "comment_date": ["04/29", "00:10"], "comment_content": "是尊重，但沒有一定要遵守，你誰？"}, {"comment_author": "AntiqueTea", "comment_date": ["04/29", "00:10"], "comment_content": "否則我到你家門口12海裡外演習不也"}, {"comment_author": "AntiqueTea", "comment_date": ["04/29", "00:10"], "comment_content": "可以！中共對台灰色衝突的不是這麼"}, {"comment_author": "AntiqueTea", "comment_date": ["04/29", "00:10"], "comment_content": "用的！"}, {"comment_author": "GSR1911", "comment_date": ["04/29", "00:46"], "comment_content": "四樓要不要看一下自己在說什麼鬼？"}, {"comment_author": "birdy590", "comment_date": ["04/29", "00:54"], "comment_content": "設立禁航區原則上是尊重?? 台海試試嘛"}, {"comment_author": "mntonmylife", "comment_date": ["04/29", "05:53"], "comment_content": "在台灣,造無人艇一架可能跟獵雷艦一"}, {"comment_author": "mntonmylife", "comment_date": ["04/29", "05:53"], "comment_content": "樣貴,也可能會有人被自殺"}, {"comment_author": "afacebook", "comment_date": ["04/29", "07:41"], "comment_content": "圍起來第一個跳腳的不是台灣，白痴"}, {"comment_author": "addog74", "comment_date": ["04/29", "09:33"], "comment_content": "你以為dpp敢主動開火？現實就是誰先開火"}, {"comment_author": "addog74", "comment_date": ["04/29", "09:33"], "comment_content": "誰就輸了！你先開火我就是合理化反擊，老"}, {"comment_author": "addog74", "comment_date": ["04/29", "09:33"], "comment_content": "美都沒得抗議"}]}
