{"author": "frzqp3814396 (GGYY)", "category": "Gossiping", "title": "Re: [新聞] 非法闖潮境保育區！男大生背啞鈴下潛溺斃", "date": "Mon Apr 29 13:26:42 2024", "content": ["因為自殺防治法16條規定宣傳品、出版品、廣播、電視、網際網路或其他媒體，不得報導或記載下列事項：一、教導自殺方法或教唆、誘使、煽惑民眾自殺之訊息。二、詳細描述自殺個案之自殺方法及原因。三、誘導自殺之文字、聲音、圖片或影像資料。四、毒性物質或其他致命性自殺工具之銷售情報。五、其他經中央主管機關認定足以助長自殺之情形。所以才會看到什麼人懸浮半空中、倒臥車內、不明原因墜樓這種描述方式-----Sent from JPTT on my iPhone--"], "post_comment": [{"comment_author": "y30048", "comment_date": ["04/29", "13:27"], "comment_content": "初步排除外力因素"}, {"comment_author": "s999132", "comment_date": ["04/29", "13:28"], "comment_content": "可是這不就是在描述自殺方法嗎xd"}, {"comment_author": "widec", "comment_date": ["04/29", "13:42"], "comment_content": "沒說是自殺，就不是自殺嚕？"}]}
