{"author": "realtw (realtw良心說 不比臺灣女)", "category": "Gossiping", "title": "Re: [問卦] 為啥台灣人均gdp跟起薪差這麼大啊？", "date": "Fri May  3 13:42:50 2024", "content": ["['※ 引述《amoyui (clom)》之銘言：\\n', ': 如題', ': 台灣人均跟日韓差不多了吧', ': 但為啥日韓起薪', ': 起碼都有四萬台幣', ': 台灣卻只有兩萬七阿？', ': 有沒有卦']", "人均GDP和人均收入是兩個概念 台灣人一直分不清楚這點為什麼台灣的人均GDP高 收入低道理很簡單台灣主要就靠一個台積電 台積電80%股份在美國人手裡簡單的說就是台灣工業總產值gdp 所產生的利潤絕大部分被美國佬拿走了 台灣只剩20%但是台灣政客不管這些宣傳的時候就會說自己GDP有多高  人均有多高 超日韓有多厲害 etc然後一看收入和物價比 跟東南亞國家差不了太多人人騎個破機車 就這樣也狂吹自己是先進發達地區我只得出了一個結論 台灣人民是最好操弄的--"], "post_comment": [{"comment_author": "LoveMakeLove", "comment_date": ["05/03", "13:43"], "comment_content": "沒錯..."}, {"comment_author": "cdmlin", "comment_date": ["05/03", "13:45"], "comment_content": "服務業占比超過六成"}, {"comment_author": "gx8759121", "comment_date": ["05/03", "13:47"], "comment_content": "中國人民最聰明，誰贊成，誰反對?"}, {"comment_author": "ajemtw", "comment_date": ["05/03", "13:47"], "comment_content": "中肯，塔綠班又要無能狂噓了"}, {"comment_author": "nekoares", "comment_date": ["05/03", "13:51"], "comment_content": "無能狂噓"}, {"comment_author": "lobotime", "comment_date": ["05/03", "13:51"], "comment_content": "中肯 民粹社會 智商堪憂"}, {"comment_author": "cdmlin", "comment_date": ["05/03", "13:55"], "comment_content": "台灣半導體產業占GDP十幾趴就在擔心荷蘭病"}, {"comment_author": "HAPPYISCASH", "comment_date": ["05/03", "14:00"], "comment_content": "看租金不就知道了…"}, {"comment_author": "HAPPYISCASH", "comment_date": ["05/03", "14:00"], "comment_content": "新加坡這裡租金投報率基本上是5%"}, {"comment_author": "HAPPYISCASH", "comment_date": ["05/03", "14:00"], "comment_content": "台北是2%"}, {"comment_author": "HAPPYISCASH", "comment_date": ["05/03", "14:01"], "comment_content": "你買一間3000萬的住宅 一年租金就是"}, {"comment_author": "HAPPYISCASH", "comment_date": ["05/03", "14:01"], "comment_content": "150萬"}, {"comment_author": "HAPPYISCASH", "comment_date": ["05/03", "14:01"], "comment_content": "台北你買3000萬的住宅 一年租金有沒"}, {"comment_author": "HAPPYISCASH", "comment_date": ["05/03", "14:02"], "comment_content": "有60萬都不知道"}, {"comment_author": "HAPPYISCASH", "comment_date": ["05/03", "14:03"], "comment_content": "這裡講的5%都是基本物件"}, {"comment_author": "HAPPYISCASH", "comment_date": ["05/03", "14:03"], "comment_content": "不是講亂分割亂隔間那種"}, {"comment_author": "HAPPYISCASH", "comment_date": ["05/03", "14:03"], "comment_content": "如果願意亂分割一通 那總租金會更高"}, {"comment_author": "HAPPYISCASH", "comment_date": ["05/03", "14:04"], "comment_content": "如果是講新加坡大名鼎鼎的國宅 租金"}, {"comment_author": "HAPPYISCASH", "comment_date": ["05/03", "14:05"], "comment_content": "報酬率基本上是接近10%起跳"}, {"comment_author": "HAPPYISCASH", "comment_date": ["05/03", "14:05"], "comment_content": "所以我就不講開外掛的國宅了"}, {"comment_author": "HAPPYISCASH", "comment_date": ["05/03", "14:05"], "comment_content": "台北的薪資就是繳不起那樣的房租 房"}, {"comment_author": "HAPPYISCASH", "comment_date": ["05/03", "14:06"], "comment_content": "租才漲不動"}, {"comment_author": "HAPPYISCASH", "comment_date": ["05/03", "14:09"], "comment_content": "而且新加坡做隔間有夠簡單 還不用像"}, {"comment_author": "HAPPYISCASH", "comment_date": ["05/03", "14:09"], "comment_content": "台灣一定要做廁所"}, {"comment_author": "HAPPYISCASH", "comment_date": ["05/03", "14:09"], "comment_content": "輕隔間牆隔一隔 一間雅房就能租超過"}, {"comment_author": "HAPPYISCASH", "comment_date": ["05/03", "14:09"], "comment_content": "兩萬"}, {"comment_author": "HAPPYISCASH", "comment_date": ["05/03", "14:12"], "comment_content": "像這個連輕隔間牆都懶得做的"}, {"comment_author": "HAPPYISCASH", "comment_date": ["05/03", "14:13"], "comment_content": "直接用布廉圍起來 也能租1.2萬"}, {"comment_author": "HAPPYISCASH", "comment_date": ["05/03", "14:13"], "comment_content": ""}, {"comment_author": "HAPPYISCASH", "comment_date": ["05/03", "14:15"], "comment_content": ":"}, {"comment_author": "HAPPYISCASH", "comment_date": ["05/03", "14:15"], "comment_content": "我是新加坡政府就開放一個新加坡家"}, {"comment_author": "HAPPYISCASH", "comment_date": ["05/03", "14:15"], "comment_content": "庭可以買兩間國宅 在大量引入外來移"}, {"comment_author": "HAPPYISCASH", "comment_date": ["05/03", "14:15"], "comment_content": "民"}, {"comment_author": "HAPPYISCASH", "comment_date": ["05/03", "14:15"], "comment_content": "這樣本國人都不用工作 收租就好了"}, {"comment_author": "HAPPYISCASH", "comment_date": ["05/03", "14:15"], "comment_content": "國宅=新加坡石油"}, {"comment_author": "HAPPYISCASH", "comment_date": ["05/03", "14:26"], "comment_content": "台灣房地產低租金報酬 要爽就是靠大"}, {"comment_author": "HAPPYISCASH", "comment_date": ["05/03", "14:26"], "comment_content": "量複製"}, {"comment_author": "HAPPYISCASH", "comment_date": ["05/03", "14:26"], "comment_content": "新加坡單一物件收益高 但沒這麼容易"}, {"comment_author": "HAPPYISCASH", "comment_date": ["05/03", "14:26"], "comment_content": "複製"}, {"comment_author": "HAPPYISCASH", "comment_date": ["05/03", "14:26"], "comment_content": "用星海比喻"}, {"comment_author": "HAPPYISCASH", "comment_date": ["05/03", "14:26"], "comment_content": "台灣房地產=蟲族"}, {"comment_author": "HAPPYISCASH", "comment_date": ["05/03", "14:26"], "comment_content": "新加坡房地產=神族"}, {"comment_author": "HAPPYISCASH", "comment_date": ["05/03", "14:27"], "comment_content": "因此台灣房地產不是不能爽 但你囤不"}, {"comment_author": "HAPPYISCASH", "comment_date": ["05/03", "14:27"], "comment_content": "夠多 你就根本爽不起來 自嗨而已"}, {"comment_author": "HAPPYISCASH", "comment_date": ["05/03", "14:28"], "comment_content": "至少要像我一樣囤5-10間 甚至更多"}, {"comment_author": "HAPPYISCASH", "comment_date": ["05/03", "14:28"], "comment_content": "爽度才會出來"}]}
