{"author": "benjibest (Shinjo)", "category": "Gossiping", "title": "Re: [新聞] 別再唸錯！BMW不是唸「B-M-W」 原廠公布正確唸法", "date": "Fri May  3 08:24:04 2024", "content": ["賞車間中民眾大包小包瘋狂試乘這是德國車廠 BM「V！」 的 狀況～你沒聽錯，我沒唸錯！這間德國知名車廠叫做 BM「V！」的！不是 BM「W！」的！我以前也唸錯～ 現在終於～ 長知識了！！陰森新聞在 生活中心 台北報導--"], "post_comment": [{"comment_author": "PtT0615s", "comment_date": ["05/03", "08:28"], "comment_content": "台˙人要說米漿才對味誰在跟你逼驗咪"}, {"comment_author": "willieliu", "comment_date": ["05/03", "08:32"], "comment_content": "BMV對啊"}, {"comment_author": "m13211", "comment_date": ["05/03", "08:32"], "comment_content": "不是V 是Ve"}, {"comment_author": "piggy37", "comment_date": ["05/03", "08:59"], "comment_content": "台語領先世界"}, {"comment_author": "jaaaagyyyy", "comment_date": ["05/03", "09:23"], "comment_content": "好啦 唐吉 喝 德"}, {"comment_author": "SuLiaen", "comment_date": ["05/03", "09:32"], "comment_content": "你撥接？"}, {"comment_author": "bbbcccddd2", "comment_date": ["05/03", "10:23"], "comment_content": "我都唸米漿"}, {"comment_author": "ctx1000", "comment_date": ["05/03", "11:21"], "comment_content": "VV"}]}
