{"author": "butten986 (白色的惡魔)", "category": "Gossiping", "title": "Re: [新聞] 10起性侵案件纏身！NONO今再度現身士林地", "date": "Thu May  2 23:28:38 2024", "content": ["話說NoNo黃子佼、炎亞倫….這些陳年發生掩蓋到最近的社會案件最開始是怎麼連鎖燒起來的啊？最開始的性侵案子，犯罪者有因為關注被重判嗎？-----Sent from JPTT on my iPhone--                     奴性是種很神奇的東西， 當孳生出紅色和綠色的藍色組織，設置了沒有經過人民選舉民主建立的重要規則；   他們只要取代藍色組織後，紅色和綠色創造新的口號，改幾條不重要的規矩；奴隸就會感受到自由平等，並且圍剿質疑紅色和綠色的人，把他們打成藍色等其他色。 這世界上奴隸總是以為創造萬惡之源，自卑的自己就顯得有自信、不會出錯的幻想--"], "post_comment": [{"comment_author": "coffee112", "comment_date": ["05/02", "23:29"], "comment_content": "造狼者"}, {"comment_author": "ihero", "comment_date": ["05/02", "23:31"], "comment_content": "沒有"}, {"comment_author": "Nuey", "comment_date": ["05/02", "23:50"], "comment_content": "反正和解之後都很輕=="}]}
