{"author": "purue (purue)", "category": "Gossiping", "title": "Re: [新聞] 日圓狂貶 首爾台北成日本人出遊地前2名", "date": "Wed May  1 21:52:48 2024", "content": ["日本人偏好台北景點 差不多就是中正紀念堂永康街九份平溪西門町故宮101北投士林夜市四天三夜小旅行大家覺得高雄能不能組一個類似的行程呢？----Sent from", "on my Google Pixel 4a--"], "post_comment": [{"comment_author": "R3hab", "comment_date": ["05/01", "21:57"], "comment_content": ""}, {"comment_author": "v9300087", "comment_date": ["05/01", "23:00"], "comment_content": "跳愛河之旅?"}, {"comment_author": "ffaatt", "comment_date": ["05/01", "23:13"], "comment_content": "沒有 文化代表性 就差太多"}]}
