{"author": "douge (樹大便是美)", "category": "Gossiping", "title": "Re: [新聞] 「1點1元」初審過了！藍白力推、綠未反", "date": "Thu May  2 14:51:30 2024", "content": ["['※ 引述《monyan (monyan)》之銘言：\\n', ': 「1點1元」初審過了！藍白力推、綠未反對 三案併陳送黨團協商', ':', ': 立法院今（2）日審查「全民健康保險法第六十二條條文修正草案」，多名立委提出要求', ': 健保點值固定「不得低於0.9元」或「1點1元」，雖然衛福部全力反對，並喊出沒財源，', ': 明年恐不得不調漲人民的健保費，但在藍、白立委強力主導之下，加上綠營立委反對聲浪', ': 不大，最後決定三案併陳送出委員會、將進行黨團協商。']", "廢除總額給付精神健保就會正式進入社會保險 而不是社會福利各醫院 地方診所會在制度內擠出最多的點值進入營利模式下場不是 英國得公醫制度就是失控的美國保險制度----"], "post_comment": [{"comment_author": "radi035", "comment_date": ["05/02", "14:54"], "comment_content": "你太小看台灣健保局了  都有設申報上限的"}, {"comment_author": "radi035", "comment_date": ["05/02", "14:54"], "comment_content": "超過XX點 就各種審核刁難"}, {"comment_author": "radi035", "comment_date": ["05/02", "14:55"], "comment_content": "點數固定1以上  那就讓你上限減少  笑"}, {"comment_author": "monyan", "comment_date": ["05/02", "15:12"], "comment_content": "健保本來就應該回歸社會保險"}, {"comment_author": "bndan", "comment_date": ["05/02", "15:33"], "comment_content": "本來就不該大鍋飯好嗎...買方大鍋飯已經很"}, {"comment_author": "bndan", "comment_date": ["05/02", "15:33"], "comment_content": "白爛了(不管多健康多病都要照各種收入繳)"}, {"comment_author": "bndan", "comment_date": ["05/02", "15:34"], "comment_content": "總額制變成賣方大鍋飯 這跟本是反資本主義"}, {"comment_author": "bndan", "comment_date": ["05/02", "15:34"], "comment_content": "的玩法了..醫療到底是要醫死人還是要醫活人"}, {"comment_author": "bndan", "comment_date": ["05/02", "15:35"], "comment_content": "就決定在這了..總額制繼續下去醫療一爛就是"}, {"comment_author": "bndan", "comment_date": ["05/02", "15:35"], "comment_content": "人人保底治療 沒門路的安心上路(有錢還買不"}, {"comment_author": "bndan", "comment_date": ["05/02", "15:35"], "comment_content": "到能救活人的 因為政府限制)"}, {"comment_author": "pastor1982", "comment_date": ["05/02", "16:00"], "comment_content": "你太小看健保署了，逐案審查就夠醫院"}, {"comment_author": "pastor1982", "comment_date": ["05/02", "16:00"], "comment_content": "吃一壺的"}]}
