{"author": "A6 (短ID真好)", "category": "Gossiping", "title": "Re: [新聞] 歐洲商會報告對藐視國會罪示警？ 王鴻薇", "date": "Tue Apr 30 14:06:42 2024", "content": ["['※ 引述《star520 (不乾脆的心臟)》之銘言：\\n', ': 歐洲商會報告對藐視國會罪示警？ 王鴻薇：完全是民進黨自製評論', ': Newtalk新聞', ': 王鴻薇也質疑，評論裡面也提到，準行政院長卓榮泰因為缺乏私部門經驗，要處裡經濟事', ': 務一定要倚仗相關閣員，或提到準外交部長', ': 的仕途，這些是不是也是負面評論？這些部分為什麼民進黨避而不談？', ': 王鴻薇表示，民進黨如果把歐洲商會的所有原文清楚呈現，就不會變成一個政治性攻擊，', ': 只是，可悲的是，民進黨永遠都是利用這種方式做斷章取義的政治攻擊，而沒有把真正的', ': 評論全貌呈現出來。', ': 厲害了！還可以在歐洲商會自製評論回來台灣用', ': 我的党真的了不起', ': Ｓ']", "，並不影響林佳龍", "歐洲商會報這裡說的可不止是什麼選舉失利喔Just like Cho, foreign minister-designate Lin has served in a variety ofpolitically appointed as well as elected positions. Lin", ", and he resigned as Minister of the", "following a", ".", "As the foreign ministeralways meets visiting European parliamentarians, Lin will play a key role inadvocacy for a Business and Investment Agreement (BIA) between Taiwan and theEuropean Union.裡面還提了 他在擔任交通部長期間即2021年的台鐵史上最嚴重傷亡意外他的晉升顯示 台灣官員都不會因為這些錯誤而影響他的仕途ㄎㄎ", "--"], "post_comment": [{"comment_author": "linda17a3", "comment_date": ["04/30", "14:08"], "comment_content": "民進黨都這樣啊 選不上 都直接安官位前"}, {"comment_author": "linda17a3", "comment_date": ["04/30", "14:08"], "comment_content": "進中央"}, {"comment_author": "a71085", "comment_date": ["04/30", "14:11"], "comment_content": "現在就是忠誠是一切 有黨幫你扛 看過多少"}, {"comment_author": "a71085", "comment_date": ["04/30", "14:11"], "comment_content": "個說要辭職的後來都馬留下來 笑死"}, {"comment_author": "a71085", "comment_date": ["04/30", "14:11"], "comment_content": "除了嘎龍那個真的太大包了"}, {"comment_author": "yangweiisi", "comment_date": ["04/30", "14:11"], "comment_content": "政治系畢業能當交通部長，法律系畢業"}, {"comment_author": "yangweiisi", "comment_date": ["04/30", "14:12"], "comment_content": "能當國防部長，毫不尊重專業"}, {"comment_author": "cck525", "comment_date": ["04/30", "14:23"], "comment_content": "法律系畢業還能當經濟部長哩"}, {"comment_author": "cocogg", "comment_date": ["04/30", "15:13"], "comment_content": "歐洲人一定覺得很神奇，綠色果真是原諒的"}, {"comment_author": "cocogg", "comment_date": ["04/30", "15:13"], "comment_content": "顏色"}]}
