{"author": "d8751102 (YO~多重影分身之術~Y)", "category": "Gossiping", "title": "Re: [新聞] 快新聞／酸黃國昌「克服不了心魔」　林俊", "date": "Sun Apr 28 10:25:25 2024", "content": ["['※ 引述《zzyyxx77 (討噓大師77)》之銘言：\\n', ': 快新聞／酸黃國昌「克服不了心魔」\\u3000林俊憲轟：私人仇恨嚴重影響判斷是非能力', ': 民視', ': 即時中心／游明哲報導', ': 立法院今（26）日召開院會，民進黨提案變更議程內容包括國會改革的提案，但遭到國', ': 黨以53：51否決。民進黨立委范雲在重付表決時到民眾黨總召黃國昌位置喊話他表態，', ': 卻遭黃國昌暴怒大吼，「我有欠妳喔？」對此，民進黨立委林俊憲酸他「克服不了心魔', ': ，私人仇恨嚴重影響他判斷是非的能力，情況真的不樂觀。', ': 「說實在的，平常戳一下國昌老師很有趣，但良心建議，他真的該去尋求專業協助」，', ': 俊憲透過臉書說到，范雲問一句「你怎麼不投票？」居然可以引起這麼強烈的應激反應', ': 看來「不投票」這件事，真的讓黃國昌承受很大的壓力。', ': 林俊憲指出，依照沈伯洋還原的前因後果，黃國昌原本也有表態支持國會性平法案，但', ': 究還是克服不了心魔，不管什麼題目，只要民進黨的案子他就拒絕投票，甚至還說「我', ': 你的喔」，支持正確的事居然用誰欠誰來思考，私人仇恨嚴重影響他判斷是非的能力，', ': 況真的不樂觀。', ': 「也勸一下國民黨，你們就別吊著國昌老師的胃口了」，林俊憲說到，如果搞到最後不', ': 讓他新北，害他這陣子的努力全部白費，這打擊恐怕難以承受，到時就不是怒吼幾句發', ': 可以解決的了。', ':']", "先不說投票不投票一般人遇事會這樣就大聲咆哮嗎一兩件就算了 常常就看到他在那邊大聲咆哮感覺情緒控管有點問題是不是去看個心理醫生比較好", "民", "但", "」", "林", "，", "終", "欠", "情", "禮", "洩", "--"], "post_comment": [{"comment_author": "tv50046", "comment_date": ["04/28", "10:25"], "comment_content": "沒用的51席，可憐啊！"}, {"comment_author": "fantasyth", "comment_date": ["04/28", "10:26"], "comment_content": "你是不是在酸蘇貞昌？？"}, {"comment_author": "js850604", "comment_date": ["04/28", "10:26"], "comment_content": "你是他朋友嗎怎麼知道他整天咆哮"}, {"comment_author": "suzer", "comment_date": ["04/28", "10:26"], "comment_content": "踹門的更有問題，新來的哦?"}, {"comment_author": "gino0717", "comment_date": ["04/28", "10:26"], "comment_content": "我看那個誰也是整天喝紅酒 一般人會整天"}, {"comment_author": "gino0717", "comment_date": ["04/28", "10:27"], "comment_content": "喝紅酒嗎"}, {"comment_author": "hihimen", "comment_date": ["04/28", "10:27"], "comment_content": "民進黨都把門踹破了，講話大聲點怎麼了?"}, {"comment_author": "sammy98", "comment_date": ["04/28", "10:27"], "comment_content": "重啟個屁.gif"}, {"comment_author": "huangmingwei", "comment_date": ["04/28", "10:27"], "comment_content": "還好小英說可以拍桌就好"}, {"comment_author": "sbilor", "comment_date": ["04/28", "10:27"], "comment_content": "遇到51個低能智障每天霸凌，你受得了？"}, {"comment_author": "CMPunk", "comment_date": ["04/28", "10:28"], "comment_content": "因為你只看台灣媒體給你的東西才會以為只"}, {"comment_author": "CMPunk", "comment_date": ["04/28", "10:28"], "comment_content": "有他在咆哮還有只有他會咆哮啊 想想也蠻"}, {"comment_author": "CMPunk", "comment_date": ["04/28", "10:28"], "comment_content": "可憐的"}, {"comment_author": "Aprildie", "comment_date": ["04/28", "10:28"], "comment_content": "你的常常=從媒體看來　那也是蠻可悲"}, {"comment_author": "Aprildie", "comment_date": ["04/28", "10:28"], "comment_content": "被媒體選擇性餵資訊還沒自覺"}, {"comment_author": "ayeae", "comment_date": ["04/28", "10:29"], "comment_content": "講真的中年台女同事跑來情勒 咆哮已經很給"}, {"comment_author": "ayeae", "comment_date": ["04/28", "10:29"], "comment_content": "面子"}, {"comment_author": "chuchichan", "comment_date": ["04/28", "10:30"], "comment_content": "這咖也樂的當藍營鷹犬負責前線叫囂"}, {"comment_author": "weekman", "comment_date": ["04/28", "10:30"], "comment_content": "嘯天犬"}, {"comment_author": "heavenwind", "comment_date": ["04/28", "10:30"], "comment_content": "甘寧涼。塔綠班就不要耍白癡了。綠的"}, {"comment_author": "heavenwind", "comment_date": ["04/28", "10:30"], "comment_content": "又沒投他。你管他投不投票"}, {"comment_author": "mycity", "comment_date": ["04/28", "10:30"], "comment_content": "整天被亂小，抹黑…不咆哮才奇怪…"}, {"comment_author": "NinJa", "comment_date": ["04/28", "10:31"], "comment_content": "他是負責投資訊的 不是被餵不自覺"}, {"comment_author": "tomshiou", "comment_date": ["04/28", "10:31"], "comment_content": " "}, {"comment_author": "zzzzaaaa", "comment_date": ["04/28", "10:32"], "comment_content": "不就當初用媒體跟網軍搞韓國瑜那招？天"}, {"comment_author": "zzzzaaaa", "comment_date": ["04/28", "10:32"], "comment_content": "天灌輸黃國昌只會咆哮的印象給人民啊，"}, {"comment_author": "zzzzaaaa", "comment_date": ["04/28", "10:32"], "comment_content": "有黨媒跟網軍很方便啊"}, {"comment_author": "key123987", "comment_date": ["04/28", "10:33"], "comment_content": "人家八卦戰神捏 大聲一點錯了ㄇ"}, {"comment_author": "acezero", "comment_date": ["04/28", "10:33"], "comment_content": "人民怨聲都聽不到了，黃講小小聲，她會聽"}, {"comment_author": "acezero", "comment_date": ["04/28", "10:33"], "comment_content": "到嗎？"}, {"comment_author": "alimama", "comment_date": ["04/28", "10:33"], "comment_content": "光頭昌咆嘯-真性情，死雙標黨"}, {"comment_author": "hsuhsinjen", "comment_date": ["04/28", "10:33"], "comment_content": "林俊憲有常常在立法院開會嗎？"}, {"comment_author": "wkuochen", "comment_date": ["04/28", "10:35"], "comment_content": "撮人家小雞雞還不許人家硬哦？"}, {"comment_author": "Asbtt", "comment_date": ["04/28", "10:37"], "comment_content": "在那叫什麼？是否害怕想起？垃圾哥布林不"}, {"comment_author": "Asbtt", "comment_date": ["04/28", "10:37"], "comment_content": "差你一個。"}, {"comment_author": "fufufugogogo", "comment_date": ["04/28", "10:38"], "comment_content": "幹嘛對詐騙集團客氣"}, {"comment_author": "walhalla", "comment_date": ["04/28", "10:38"], "comment_content": "搞韓國瑜？笑死喔他爛到不需人搞了"}, {"comment_author": "NaOH268", "comment_date": ["04/28", "10:38"], "comment_content": "這種咆哮文字可以應徵助理"}, {"comment_author": "kasim15", "comment_date": ["04/28", "10:38"], "comment_content": "我就是要看他去噴那些傻逼立委的"}, {"comment_author": "kasim15", "comment_date": ["04/28", "10:39"], "comment_content": "就是一堆白痴一直投沒用立委 才需要黃國"}, {"comment_author": "kasim15", "comment_date": ["04/28", "10:39"], "comment_content": "昌去兇他們"}, {"comment_author": "hihimen", "comment_date": ["04/28", "10:39"], "comment_content": "韓爛也就一堆側翼粉專抹出來的"}, {"comment_author": "kasim15", "comment_date": ["04/28", "10:41"], "comment_content": "這些人沒被兇過就是繼續立院開混 塔綠班"}, {"comment_author": "kasim15", "comment_date": ["04/28", "10:41"], "comment_content": "還最愛看他們在立院擺爛 真是噁心"}, {"comment_author": "ASSESSMENT", "comment_date": ["04/28", "10:41"], "comment_content": "綠委又崩了，再這樣下去要看醫生吧"}, {"comment_author": "lou", "comment_date": ["04/28", "10:41"], "comment_content": "咆哮3＋11…大快人心啊"}, {"comment_author": "lou", "comment_date": ["04/28", "10:41"], "comment_content": "除非你的腦是綠的"}, {"comment_author": "chungj", "comment_date": ["04/28", "10:43"], "comment_content": "噓文怎麼把藍國昌叫成光頭昌了"}, {"comment_author": "chaitomaster", "comment_date": ["04/28", "10:53"], "comment_content": "那54088怎辦？"}, {"comment_author": "brans", "comment_date": ["04/28", "10:54"], "comment_content": "你光看媒體的東西不覺得有點不太客觀嗎"}, {"comment_author": "dark0224", "comment_date": ["04/28", "10:55"], "comment_content": "40趴腦袋有問題 醫生也救不了"}, {"comment_author": "bj4j45", "comment_date": ["04/28", "10:59"], "comment_content": "不要再看黨媒了！"}, {"comment_author": "seans", "comment_date": ["04/28", "10:59"], "comment_content": "不然要微笑回應女拳立委嗎？等下被告性騷"}, {"comment_author": "seans", "comment_date": ["04/28", "10:59"], "comment_content": "擾"}, {"comment_author": "sbilor", "comment_date": ["04/28", "11:01"], "comment_content": "林俊憲都要當台南市長了，立委已經不屑了"}, {"comment_author": "marke18", "comment_date": ["04/28", "11:06"], "comment_content": "先了解一下緣由吧 哪一件不讓人炸裂 純"}, {"comment_author": "marke18", "comment_date": ["04/28", "11:06"], "comment_content": "粹來抹黑的那就算了"}, {"comment_author": "mack860120", "comment_date": ["04/28", "11:15"], "comment_content": "做做效果而已 不要那麼認真"}, {"comment_author": "Hellery", "comment_date": ["04/28", "11:20"], "comment_content": "搶麥的老潑麻跟咆哮的老柯麻要不要去瘋人"}, {"comment_author": "sam0459", "comment_date": ["04/28", "11:20"], "comment_content": "他要去看醫生啦"}, {"comment_author": "Hellery", "comment_date": ["04/28", "11:20"], "comment_content": "院永住?"}, {"comment_author": "st110261", "comment_date": ["04/28", "11:21"], "comment_content": "面對塔綠班咆哮太客氣了"}, {"comment_author": "chrisesss", "comment_date": ["04/28", "11:30"], "comment_content": "沒用的51席跟側翼補藥崩潰"}, {"comment_author": "asuna0430", "comment_date": ["04/28", "11:49"], "comment_content": "你是說麻柯還是吳造謠"}, {"comment_author": "yumika", "comment_date": ["04/28", "12:05"], "comment_content": "那民進黨的不要臉是要看哪一科"}, {"comment_author": "yumika", "comment_date": ["04/28", "12:06"], "comment_content": "蘇貞昌怎麼不去看一下醫生"}, {"comment_author": "ph18", "comment_date": ["04/28", "12:35"], "comment_content": "犯婦需要先去看醫生才對"}, {"comment_author": "ston12", "comment_date": ["04/28", "13:04"], "comment_content": "看到這種強烈建議的立委沒揍他已經算客氣"}, {"comment_author": "ston12", "comment_date": ["04/28", "13:04"], "comment_content": "了"}, {"comment_author": "nogood86", "comment_date": ["04/28", "13:53"], "comment_content": "如果是我，我一拳就灌下去了，為了"}, {"comment_author": "nogood86", "comment_date": ["04/28", "13:53"], "comment_content": "3+11而死去的人報仇，范雲殺人兇手"}, {"comment_author": "nogood86", "comment_date": ["04/28", "13:53"], "comment_content": "償命來"}, {"comment_author": "preisner", "comment_date": ["04/28", "18:56"], "comment_content": "所以DPP從來沒人棄權過？缺席過了？"}, {"comment_author": "cat78519", "comment_date": ["04/28", "19:38"], "comment_content": "推"}]}
