{"author": "NARUTO (鳴人)", "category": "Gossiping", "title": "Re: [問卦] 漢人 不知道 漢奸是指漢人嗎？", "date": "Thu May  2 02:41:40 2024", "content": ["《庚子國變記》  羅惇曧二十一日，又召見大學士六部九卿。太后曰：「皇帝意在和，不欲用兵，餘心亂矣，今曰廷論，可盡為上言。」兵部尚書徐用儀曰：「用兵非中國之利，且釁不可自我先。」上曰：「戰非不可言，顧中國積衰，兵又不足恃，用亂民以求一逞，寧有幸乎？」侍讀學士劉永亨言：「亂民當早除，不然，禍不測。」載漪曰：「義民起田間，出萬死不顧一生，以赴國家之難，今以為亂欲誅之，人心一解，國誰與圖存？」上曰：「亂民皆烏合，能以血肉相搏耶？且人心徒空言耳，奈何以民命為兒戲？」太后度載漪辯窮。戶部尚書立山，以心計侍中用事，得太后歡。太后乃問山，山曰：「拳民雖無他，然其術多不效。」載漪色變曰：「用其心耳，何論術乎！立山敢廷爭，是且與夷通，試遣山退夷兵，夷必聽。」山曰：「首言戰者載漪也，漪當行。臣不習夷情，且非其職。」太后曰：「德親王亨利昔來遊，若嘗為供給，亨利甚德之，若宜住。」山未對，", "，立山抗辯。太后兩解之，罷朝。遂遣徐用儀立山及內閣學士聯元至使館曰：「無召兵，兵來則失好矣。」載漪汙衊立山是漢奸立山是蒙古正黃旗人可見漢奸不只漢族中的敗類--", "第七代火影", "小智喝莎莉娜的水壺", "第十五班--"], "post_comment": [{"comment_author": "johnhmj", "comment_date": ["05/02", "02:45"], "comment_content": ""}, {"comment_author": "Behind4", "comment_date": ["05/02", "02:50"], "comment_content": "笑死 罵人是漢奸 就是把對方統戰成漢人呀"}, {"comment_author": "Behind4", "comment_date": ["05/02", "02:53"], "comment_content": "直接罵別的不行？ 偏偏要叫 漢人之奸"}, {"comment_author": "YJM1106", "comment_date": ["05/02", "09:47"], "comment_content": "古代人也不是不會誤用啊（？）"}]}
