{"author": "botnet (反甲連-宣傳長)", "category": "Gossiping", "title": "Re: [新聞] 文組男有「四中學歷＋多益金色證書」", "date": "Sat May  4 21:20:33 2024", "content": ["竹科大叔問啊文科 多益能有什麼產值？能替公司創造什麼價值？能寫程式讓公司運作嗎？能讓產線運作順利嗎能開發新產品嗎？能製造商品嗎？在台灣  四中學歷＋多益金色證書能有什麼價值？都念到四中學歷了 ，會不知道…認命去產線吧！年薪80萬不是夢--"], "post_comment": [{"comment_author": "WeasoN", "comment_date": ["05/04", "21:21"], "comment_content": "80萬　ＸＤ"}, {"comment_author": "talentsu", "comment_date": ["05/04", "21:22"], "comment_content": "跳去讀理工拿個雙學位會好很多"}, {"comment_author": "sma7061", "comment_date": ["05/04", "21:34"], "comment_content": "可以拉外國訂單啊 自以為"}, {"comment_author": "botnet", "comment_date": ["05/04", "21:36"], "comment_content": "拉國外訂單 還需要你這個新人來？"}, {"comment_author": "botnet", "comment_date": ["05/04", "21:37"], "comment_content": "天真…."}, {"comment_author": "tenderwind", "comment_date": ["05/04", "22:22"], "comment_content": "拉國外訂單XDD"}, {"comment_author": "tsengwind", "comment_date": ["05/04", "22:54"], "comment_content": "快去996，別再笑文組了，你老闆都是文"}, {"comment_author": "tsengwind", "comment_date": ["05/04", "22:54"], "comment_content": "組的"}, {"comment_author": "tsengwind", "comment_date": ["05/04", "22:56"], "comment_content": "要不然去007啊，現在GG就007，奴工一直"}, {"comment_author": "tsengwind", "comment_date": ["05/04", "22:56"], "comment_content": "笑別人，等你可以開space 跟千人大對談"}, {"comment_author": "tsengwind", "comment_date": ["05/04", "22:56"], "comment_content": "，討論專案再來吧"}]}
