{"author": "goetz (這世上還是有正義吧?)", "category": "Gossiping", "title": "Re: [問卦] 共産主義思想有書，民主的書呢？", "date": "Mon Apr 29 06:48:09 2024", "content": ["['※ 引述《iLeyaSin365 (365)》之銘言：\\n', ': 共產黨都有，為什麼民主社會沒有？', ': 有沒有掛']", "我推薦\"歷史的終結\"(完整的版本是\"歷史的終結與最後一人\")。雖然福山一輩子就只寫出這本值得看的作品，但確實是很有哲思的書。歷史的終結是黑格爾式的論述，認為人類最後都會邁進到民主社會，然後到了民主社會就不會再有更進一步的社會類型了。簡單說，這其實不是一本自滿的書，而是一本滿悲觀憂鬱的書，後來有人把它當成是對民主的自滿，其實是不對的。--"], "post_comment": [{"comment_author": "yuta02", "comment_date": ["04/29", "06:51"], "comment_content": "小草沒看到柯文哲當總統絕不放棄☺"}, {"comment_author": "qaz31415", "comment_date": ["04/29", "06:52"], "comment_content": "錯了，遲早會進入賽博朋克階段，到了這"}, {"comment_author": "qaz31415", "comment_date": ["04/29", "06:52"], "comment_content": "階段就不需要偽裝民主了。"}, {"comment_author": "qaz31415", "comment_date": ["04/29", "06:54"], "comment_content": "如果民主是真理，為什麼戰爭時第一件事"}, {"comment_author": "qaz31415", "comment_date": ["04/29", "06:55"], "comment_content": "就是戒嚴？尤其是在為了守護民主打仗的"}, {"comment_author": "qaz31415", "comment_date": ["04/29", "06:55"], "comment_content": "時候戒嚴更諷刺。"}, {"comment_author": "Mian1997", "comment_date": ["04/29", "06:57"], "comment_content": "資本主義萬歲"}, {"comment_author": "TaiwanFight", "comment_date": ["04/29", "07:27"], "comment_content": "被洗腦徹底才會寫出這種書"}, {"comment_author": "TaiwanFight", "comment_date": ["04/29", "07:29"], "comment_content": "美國到今天都還不是得票多的人當總統"}, {"comment_author": "TaiwanFight", "comment_date": ["04/29", "07:30"], "comment_content": "卻還能被當成民主燈塔  多維度的笑話"}, {"comment_author": "aortic", "comment_date": ["04/29", "07:36"], "comment_content": "政治權利來自人民，規則怎麼訂就看他們，"}, {"comment_author": "aortic", "comment_date": ["04/29", "07:36"], "comment_content": "哪裡有問題？"}, {"comment_author": "SamuelLuo", "comment_date": ["04/29", "07:47"], "comment_content": "我的個人理解，那是20世紀歷史的終結"}, {"comment_author": "SamuelLuo", "comment_date": ["04/29", "07:47"], "comment_content": "，福山沒有預見到21世紀的發展，這本"}, {"comment_author": "SamuelLuo", "comment_date": ["04/29", "07:47"], "comment_content": "書成書時我還沒出生，連智慧手機都還"}, {"comment_author": "SamuelLuo", "comment_date": ["04/29", "07:47"], "comment_content": "沒發明，網際網路也才剛剛起步，在Web"}, {"comment_author": "SamuelLuo", "comment_date": ["04/29", "07:47"], "comment_content": " 1.0的年代確實會誤以為自由民主就是"}, {"comment_author": "SamuelLuo", "comment_date": ["04/29", "07:47"], "comment_content": "最終形式；但發展到Web 2.0和Web 3.0"}, {"comment_author": "SamuelLuo", "comment_date": ["04/29", "07:47"], "comment_content": "的年代，其實局域網式的網路長城才是"}, {"comment_author": "SamuelLuo", "comment_date": ["04/29", "07:47"], "comment_content": "現代國家避免所謂「假消息」或「謠言"}, {"comment_author": "SamuelLuo", "comment_date": ["04/29", "07:48"], "comment_content": "」破壞國家體制，收割韭菜、鞏固政權"}, {"comment_author": "SamuelLuo", "comment_date": ["04/29", "07:48"], "comment_content": "的不二法門，普通人要避免政府封鎖的"}, {"comment_author": "SamuelLuo", "comment_date": ["04/29", "07:48"], "comment_content": "方法就是透過網路匿名和加密貨幣，才"}, {"comment_author": "SamuelLuo", "comment_date": ["04/29", "07:48"], "comment_content": "能建立真正的去中心化社會，使用點對"}, {"comment_author": "SamuelLuo", "comment_date": ["04/29", "07:48"], "comment_content": "點的通貨，達成無政府自由主義。以未"}, {"comment_author": "SamuelLuo", "comment_date": ["04/29", "07:48"], "comment_content": "來預測的準確度來說，還是福山的老師"}, {"comment_author": "SamuelLuo", "comment_date": ["04/29", "07:48"], "comment_content": "杭廷頓比較有遠見，至少他早就大致預"}, {"comment_author": "SamuelLuo", "comment_date": ["04/29", "07:48"], "comment_content": "測出WW3將是全球性的宗教戰爭"}, {"comment_author": "SamuelLuo", "comment_date": ["04/29", "07:58"], "comment_content": "民主社會也只是曇花一現，WW3之後人類"}, {"comment_author": "SamuelLuo", "comment_date": ["04/29", "07:58"], "comment_content": "社會又要再度大洗牌，民主政權將不再"}, {"comment_author": "SamuelLuo", "comment_date": ["04/29", "07:58"], "comment_content": "是唯一選擇，「跨國資訊企業超級軍工"}, {"comment_author": "SamuelLuo", "comment_date": ["04/29", "07:58"], "comment_content": "複合體」將逐漸取代主權國家政府，形"}, {"comment_author": "SamuelLuo", "comment_date": ["04/29", "07:58"], "comment_content": "成超主權國家的新部門，透過資訊科技"}, {"comment_author": "SamuelLuo", "comment_date": ["04/29", "07:59"], "comment_content": "無形中統治全世界"}, {"comment_author": "ErosAmour", "comment_date": ["04/29", "08:07"], "comment_content": "沈逸強調，自1995年起，美國軍方就已"}, {"comment_author": "ErosAmour", "comment_date": ["04/29", "08:08"], "comment_content": "經開始重視互聯網的戰略價值，尤其是"}, {"comment_author": "ErosAmour", "comment_date": ["04/29", "08:08"], "comment_content": "其中的「進攻性運用」，即通過發布特"}, {"comment_author": "ErosAmour", "comment_date": ["04/29", "08:08"], "comment_content": "定類型的資訊操控，從而達到此前必須"}, {"comment_author": "ErosAmour", "comment_date": ["04/29", "08:08"], "comment_content": "派遣特種部隊煽動才能達到的同等效果"}, {"comment_author": "ErosAmour", "comment_date": ["04/29", "08:08"], "comment_content": "，而且還能免除美國政府承擔的各種風"}, {"comment_author": "ErosAmour", "comment_date": ["04/29", "08:08"], "comment_content": "險。"}, {"comment_author": "ErosAmour", "comment_date": ["04/29", "08:08"], "comment_content": ""}, {"comment_author": "ErosAmour", "comment_date": ["04/29", "08:08"], "comment_content": "樓上你還是想得太淺了，美國人早就想"}, {"comment_author": "ErosAmour", "comment_date": ["04/29", "08:08"], "comment_content": "搞「認知作戰」了。"}, {"comment_author": "SamuelLuo", "comment_date": ["04/29", "08:13"], "comment_content": "或許吧，我舉例不夠詳實，感謝E大的分"}, {"comment_author": "SamuelLuo", "comment_date": ["04/29", "08:13"], "comment_content": "享和指教"}, {"comment_author": "SamuelLuo", "comment_date": ["04/29", "08:17"], "comment_content": "可是我覺得舉例並不完全衝突啊，福山"}, {"comment_author": "SamuelLuo", "comment_date": ["04/29", "08:17"], "comment_content": "的書最晚成於1992年，然後你說美國人1"}, {"comment_author": "SamuelLuo", "comment_date": ["04/29", "08:17"], "comment_content": "995年開始進行「認知作戰」"}, {"comment_author": "cat5672", "comment_date": ["04/29", "09:30"], "comment_content": "這個東西發表的年份他應該是真心樂觀的"}, {"comment_author": "cat5672", "comment_date": ["04/29", "09:31"], "comment_content": "悲觀是現在反思才會發現 所謂的終結其實"}, {"comment_author": "cat5672", "comment_date": ["04/29", "09:31"], "comment_content": "代表這個制度本身不能再被改了 他無法再"}, {"comment_author": "cat5672", "comment_date": ["04/29", "09:32"], "comment_content": "去進步了"}]}
