{"author": "tigotigo5566 (鐵劍5566)", "category": "Gossiping", "title": "Re: [問卦] 股市暴跌房價就會跌", "date": "Thu May  2 11:22:26 2024", "content": ["['※ 引述《gswang (跟著王老師吃香喝辣)》之銘言：\\n', ': 目前股市穩定20000', ': 真的穩', ': 也就是', ': 大家都很有錢', ': 如果股市爆跌房價也就會跌', ': 就目前房價狂漲', ': 更不可能讓股市暴跌', ': 穩']", "不一定股市跌可能是錢都丟房地產了那房價就很難跌真的要跌要期待這波漲電價台電最好漲凶一點而且最好都不要補貼台電這樣物價才會狂漲物價狂漲才有機會升息然後槓桿仔準備跳樓拎北等那麼久就是等這個大場面希望不久後全面升息至少10碼嘻嘻-----Sent from JPTT on my iPhone--拎北  鐵劍五五六六，乃天命之所歸，特從天降，拯救凡人。拎北以元始天尊之尊，下凡普渡眾生。凡我信眾，務須三步一跪，九步一拜，向拎北宣誓效忠。欽此，快叩謝拎北！--"], "post_comment": [{"comment_author": "nimo70924", "comment_date": ["05/02", "11:25"], "comment_content": "笑死"}, {"comment_author": "jayemshow", "comment_date": ["05/02", "11:26"], "comment_content": "10 碼夢中有"}, {"comment_author": "xc2v", "comment_date": ["05/02", "11:29"], "comment_content": "會跌一咪咪"}, {"comment_author": "xeins", "comment_date": ["05/02", "11:35"], "comment_content": "反串？"}, {"comment_author": "duxxlux", "comment_date": ["05/02", "12:05"], "comment_content": "5碼的先"}, {"comment_author": "junior020486", "comment_date": ["05/02", "12:24"], "comment_content": "笑屎，頂樓隔套仔先去跳樓啦XD魯鐵"}, {"comment_author": "junior020486", "comment_date": ["05/02", "12:24"], "comment_content": "哥哥"}, {"comment_author": "ladygaga168", "comment_date": ["05/02", "12:34"], "comment_content": "央行不敢升太多吧，殭屍企業會倒一"}, {"comment_author": "ladygaga168", "comment_date": ["05/02", "12:34"], "comment_content": "堆，引發民怨，嘻嘻"}]}
