{"author": "zhtw (Select None)", "category": "Gossiping", "title": "Re: [新聞] 領隊收購許願池瑕疵幣 逾5千枚50元投北捷加值機遭送辦", "date": "Sun May  5 14:04:25 2024", "content": ["想到上次我去臺灣銀行存了一桶10元零錢大概1萬左右其中有一顆10元就是外圈磨損銀行員說是假幣直接把錢沒收了銀行員有拿給我看我看就只有外圈磨損而已就被判斷假幣許願池硬幣新聞當事人也沒辦法自己判斷是真幣假幣吧瑕疵真幣也是真幣啊！5148枚硬幣中，只有33枚被判斷為假幣，真要偽造貨幣會放這麼少假幣？這新聞用詐欺跟偽造貨幣來辦是不是有點不合理阿？--", "--", "被吐出來就代表他沒有真的用 那更不犯法", "而且也沒辦法證明那33枚假幣就一定是他投的 難不成每顆都做指紋鑑定？", "這也是避免假幣的方法啦", "確實"], "post_comment": [{"comment_author": "james732", "comment_date": ["05/05", "14:04"], "comment_content": "可能太假的假幣就會直接被機器吐掉？"}, {"comment_author": "johnhmj", "comment_date": ["05/05", "14:06"], "comment_content": "雷聲大 雨點小 安啦"}, {"comment_author": "amethystboy", "comment_date": ["05/05", "14:07"], "comment_content": "難怪夾娃娃機越來越多吃悠悠卡的"}, {"comment_author": "sylviehsiang", "comment_date": ["05/05", "14:10"], "comment_content": "你說的那是檢察官法官的工作，警察"}, {"comment_author": "sylviehsiang", "comment_date": ["05/05", "14:10"], "comment_content": "只管有件就送拚績效"}, {"comment_author": "shermanqoo", "comment_date": ["05/05", "14:18"], "comment_content": "的確不合理"}, {"comment_author": "eetug", "comment_date": ["05/05", "14:59"], "comment_content": "這個這個好律師就沒事了，誰有辦法證明那33"}, {"comment_author": "eetug", "comment_date": ["05/05", "14:59"], "comment_content": "枚都是他投的？而且照比例來看也沒有犯意，"}, {"comment_author": "eetug", "comment_date": ["05/05", "14:59"], "comment_content": "真不知道告什麼意思的"}]}
