{"author": "kerkerson (高處不勝寒)", "category": "Gossiping", "title": "Re: [問卦] 劉若英說50歲後要準備2000萬才夠用", "date": "Sat May  4 18:02:40 2024", "content": ["['※ 引述《Happybuddha (笑開天下古今愁)》之銘言：\\n', ': 最近大家在看那齣戲', ': 本宅是沒興趣看啦', ': 只聽到廣告裡面', ': 劉若英說', ': 要準備2000萬，才夠度過50歲以後的日子', ': ㄟㄟ這是真的嗎', ': 如果沒2000萬，50歲之後是不是只能等死', ': 有人精算過嗎', ': 有沒有八卦??']", "真的夠嗎??現在雞排大約100嚕一年漲10元 十年就變成200嚕等你50歲雞排一片300雞排300便當也差不多300嚕吧一天吃三餐+飲料就要1000起跳一個月光餐費3萬起跳一年光餐費就要36萬 台女活到80歲 光餐費1080萬而且還沒算50歲開始一直到死掉通膨還在繼續2000萬哪裡可能夠沒去社區當保全準備餓死嚕吧0.0--"], "post_comment": [{"comment_author": "ssh713", "comment_date": ["05/04", "18:05"], "comment_content": "沒差 哪時3000萬的房子漲到3億 還是輕鬆"}, {"comment_author": "willism", "comment_date": ["05/04", "18:06"], "comment_content": "去把ceca那篇看一遍"}, {"comment_author": "MrSteve", "comment_date": ["05/04", "18:12"], "comment_content": "雞排又不是必吃，以前還會吃洋芋片"}, {"comment_author": "MrSteve", "comment_date": ["05/04", "18:13"], "comment_content": "自從涨到1包40幾元就沒買過"}, {"comment_author": "Benetnasch", "comment_date": ["05/04", "18:15"], "comment_content": "房地產版逛過一輪好嗎"}, {"comment_author": "sagarain", "comment_date": ["05/04", "18:16"], "comment_content": "年輕人就多賺一點"}]}
