{"author": "fenway18 (軟弱 是沒有辦法贏回國家)", "category": "Gossiping", "title": "Re: [問卦] 兵源不足可以引進外勞了嗎", "date": "Tue Apr 30 20:24:25 2024", "content": ["['※ 引述《metroid0104 (無)》之銘言：\\n', ': 現在護理師跟長照人員不足', ': 南部死忠開始吵著要引進越南人來做', ': 什麼地方缺人就擴大引進移工', ': 那麽台灣長期面臨兵源不足的的問題', ': 是不是也要乾脆叫外國移工來當兵算了']", "開放外勞買房只要他們的資產也在台灣他們自然會捍衛自己的財產有些人可能會說台灣房地產那麼貴外勞才不會買咧那你們在怕什麼? 開放阿反正他們又不買  對吧?會怕就是代表事實跟你造謠是相反的--"], "post_comment": [{"comment_author": "ah937609", "comment_date": ["04/30", "20:25"], "comment_content": "叫印狗 背房貸"}, {"comment_author": "brella", "comment_date": ["04/30", "20:25"], "comment_content": "合理"}, {"comment_author": "nbalook", "comment_date": ["04/30", "20:29"], "comment_content": "有道理 把暖暖國變阿三國 高屏溪變台灣"}, {"comment_author": "nbalook", "comment_date": ["04/30", "20:29"], "comment_content": "恆河 想起來就美好"}, {"comment_author": "ggirls", "comment_date": ["04/30", "20:36"], "comment_content": "同理開放給中國人買，他們就捨不得炸了"}, {"comment_author": "jumperman", "comment_date": ["04/30", "20:50"], "comment_content": "開放給中國人買,其實就不用炸了.."}]}
