{"author": "addog74 (陳冠希)", "category": "Gossiping", "title": "Re: [新聞] 不再是鐵飯碗！公務員爆離職潮5原因曝光", "date": "Tue Apr 30 11:04:20 2024", "content": ["香蕉猴子理論公務員素質就越來越爛以前公務員你說他們爛，其實他們是裝笨，以後就不是裝而是真的笨高考平均學歷是國立大學你說哪個會真的笨？以後高考平均學歷是私立科大台灣每年稅收4兆台幣，你各位放心把每年四兆預算交給私科仔處理，那就繼續砍公務員福利跟薪水吧-----Sent from JPTT on my Xiaomi 2211133G.--"], "post_comment": [{"comment_author": "GOingHavoc", "comment_date": ["04/30", "11:06"], "comment_content": "結果私科仔也有辦法處理怎麼辦?"}, {"comment_author": "willy1006", "comment_date": ["04/30", "11:07"], "comment_content": "未來就用ai取代就好，一堆文組缺，跟"}, {"comment_author": "willy1006", "comment_date": ["04/30", "11:07"], "comment_content": "本沒價值"}, {"comment_author": "heavenwind", "comment_date": ["04/30", "11:10"], "comment_content": "給慈濟義工啦。做功德。剛剛好"}, {"comment_author": "powerggyy", "comment_date": ["04/30", "11:13"], "comment_content": "政務官制度問題更大 一堆酬庸 ㄏㄏ"}, {"comment_author": "philip81501", "comment_date": ["04/30", "11:14"], "comment_content": "AI可能都比政務官有用了 勿嘴AI"}, {"comment_author": "jerryelly", "comment_date": ["04/30", "11:17"], "comment_content": "有問題的是政務官，砍福利的是事務官"}, {"comment_author": "changmada", "comment_date": ["04/30", "11:17"], "comment_content": "公務員做得事有很難嗎？不就填資料 有"}, {"comment_author": "changmada", "comment_date": ["04/30", "11:17"], "comment_content": "問題問長官"}, {"comment_author": "chen09885", "comment_date": ["04/30", "11:20"], "comment_content": "不可能拉，少子化之後，考生已經接近"}, {"comment_author": "chen09885", "comment_date": ["04/30", "11:21"], "comment_content": "國立大學的名額了，怎樣也是國立"}, {"comment_author": "heavenwind", "comment_date": ["04/30", "11:21"], "comment_content": "科技業錢較多。誰只想吃香焦"}, {"comment_author": "GGishot", "comment_date": ["04/30", "11:23"], "comment_content": "你不想領導猴子就等著被猴子領導吧"}, {"comment_author": "heavenwind", "comment_date": ["04/30", "11:28"], "comment_content": "可以叫檢調抓猴子去關啊。 呵呵。以"}, {"comment_author": "heavenwind", "comment_date": ["04/30", "11:28"], "comment_content": "後連猴子都沒有。讚"}, {"comment_author": "joe00477", "comment_date": ["04/30", "11:44"], "comment_content": "公務員工作就外面一般行政，不用國立大"}, {"comment_author": "joe00477", "comment_date": ["04/30", "11:44"], "comment_content": "學也能做，開放印度人來做也行"}, {"comment_author": "cowbay8025", "comment_date": ["04/30", "11:50"], "comment_content": "以後就私科仔跟+9審幾百億光電案"}, {"comment_author": "cowbay8025", "comment_date": ["04/30", "11:52"], "comment_content": "讓外勞來規劃產業園區 低端的理想國度"}, {"comment_author": "fulongb210f", "comment_date": ["04/30", "11:55"], "comment_content": "愈笨愈好"}, {"comment_author": "hankwanghow", "comment_date": ["04/30", "12:16"], "comment_content": "啥鬼 公務員的工作是需要很高學歷喔"}, {"comment_author": "SSSONIC", "comment_date": ["04/30", "12:57"], "comment_content": "使用外勞 還能避免年金破產"}, {"comment_author": "leo0821", "comment_date": ["04/30", "13:35"], "comment_content": "猩球崛起  完了"}, {"comment_author": "sgw1412", "comment_date": ["04/30", "13:55"], "comment_content": "很多公務員做的事情很簡單吧"}, {"comment_author": "XDnz", "comment_date": ["04/30", "19:54"], "comment_content": "考進去的公務員也沒資格動到預算啊，想太多"}]}
