{"author": "Dreamer48763 (小剛)", "category": "Gossiping", "title": "Re: [問卦] 要怎麼反制義大利的扒手？", "date": "Sun Apr 28 01:38:56 2024", "content": ["小妹我歐洲留學仔啦==  去過義大利好幾次因該有資格回答這個問題不過小妹我每次看到這種文都很想吐槽，只要防護措施做好，想在義大利想被偷也沒這麼容易好嗎？會被偷的人不外乎1.  背著大包小包、盯著手機大搖大擺走在路上找景點（小偷不偷妳這個觀光客要偷誰？2. 手機、錢包放在外面口袋（就像是在告訴小偷快來偷要防範小偷 你只要1. 剛下飛機或火車馬上跑去飯店寄放行李，不要讓自己像個觀光客。不得已要背著包包走路時，就買個密碼鎖把拉鍊鎖起來", "2.不要拿著手機找景點，確認好路線在出發就好，不然就是跟著人群走。不得已要拿著手機走路時，最好是兩手拿或一手緊抓者手機，讓扒手知道不好下手3.值錢的東西放在內袋4.上下車要特別小心，有朋友在上公車時，手機被扒手順走，車門ㄧ關，扒手直接烙跑，你想追也追不到你只要做到這四點，被偷的機率根本微乎其微好嗎？小妹我就從沒被偷過錢財，只有被偷過心而已QQ最後附上威尼斯的夕陽餘暉跟我在威尼斯吃過人生最好吃的墨魚義大利麵<3", "--在這世界上既無所謂幸福也無所謂不幸 只有一種狀況和另一種狀況的比較，如此而已只有體驗過極度不幸的人，才能品嚐到極度的幸福只有下過死的決心的人，才能懂得活著有多快樂--", "一點都不麻煩吧，重點就是不要大包小包的、東西拿好放好而已。而已就是因為扒手多才要做好防護措施，讓被偷的機率降低阿==", "沒用，所以小妹我出門都只穿大衣，然後將鑰匙、錢包跟手機都放在內袋，並且人多時抱胸", "36.233.173.203 04/28 01:49", "有，里長伯還很好心地帶我去搭cable car", "小妹我都是被騙的", "是台灣人太習慣良好的治安了，不過哪個國家，專扒觀光客的扒手都一堆", "義大利是南歐啦==", "我會生氣喔", "你要這樣滑坡是你的自由，不過我的確認為到治安相對差的歐洲去玩，還不做防護措施的人，被扒是活該死好", "我什麼時候說過義大利不會被偷，就是因為容易被偷，才要做好防護措施，降低被偷的機率不是嗎？？？", "那家店的老闆還將各個國家的貨幣裱框在牆上，超酷", "我什麼時候說過義大利治安好？除了日本，請舉例", "你最棒，你說得都是對的"], "post_comment": [{"comment_author": "Himiko9975", "comment_date": ["04/28", "01:40"], "comment_content": "你做這麼多還是不然掩飾義大利就是垃"}, {"comment_author": "Himiko9975", "comment_date": ["04/28", "01:40"], "comment_content": "圾國家"}, {"comment_author": "good90150", "comment_date": ["04/28", "01:40"], "comment_content": "欸欸等等，還要這麼麻煩不就代表扒手"}, {"comment_author": "good90150", "comment_date": ["04/28", "01:40"], "comment_content": "很多嗎？"}, {"comment_author": "Evoque", "comment_date": ["04/28", "01:41"], "comment_content": "是寂寞  慢慢佔領我的心"}, {"comment_author": "Yohachan", "comment_date": ["04/28", "01:41"], "comment_content": "看完這根本很容易被偷好嗎"}, {"comment_author": "darkbrigher", "comment_date": ["04/28", "01:43"], "comment_content": "人家直接割破包包的話 拉鍊鎖有用嗎?"}, {"comment_author": "ralfeistein", "comment_date": ["04/28", "01:48"], "comment_content": "你有在拿坡里遇到豬哥亮頭的里長伯嗎"}, {"comment_author": "ralfeistein", "comment_date": [""], "comment_content": "？"}, {"comment_author": "kimura0701", "comment_date": ["04/28", "01:50"], "comment_content": "留學有豔遇ㄇ"}, {"comment_author": "ralfeistein", "comment_date": ["04/28", "01:55"], "comment_content": "好讚喔"}, {"comment_author": "kay00503", "comment_date": ["04/28", "01:58"], "comment_content": "聽起來就超容易被偷啊"}, {"comment_author": "littlelinsyu", "comment_date": ["04/28", "01:58"], "comment_content": "還沒去過西歐，好想去喔"}, {"comment_author": "ralfeistein", "comment_date": ["04/28", "01:59"], "comment_content": ""}, {"comment_author": "ralfeistein", "comment_date": ["04/28", "02:00"], "comment_content": ""}, {"comment_author": "coffee112", "comment_date": ["04/28", "02:02"], "comment_content": "推推"}, {"comment_author": "ian15987", "comment_date": ["04/28", "02:03"], "comment_content": "應該啦"}, {"comment_author": "HSUGuangHan", "comment_date": ["04/28", "02:05"], "comment_content": "你拍得好像蛆"}, {"comment_author": "lugiam", "comment_date": ["04/28", "02:06"], "comment_content": "你去義大利有點夏威夷披薩來吃嗎"}, {"comment_author": "len53", "comment_date": ["04/28", "02:06"], "comment_content": "小妹的心QQ"}, {"comment_author": "a894392000", "comment_date": ["04/28", "02:06"], "comment_content": "都留學了還因該"}, {"comment_author": "ralfeistein", "comment_date": ["04/28", "02:09"], "comment_content": ""}, {"comment_author": "e34l892", "comment_date": ["04/28", "02:10"], "comment_content": "肥宅鄉民帶我義大利當地玩啦"}, {"comment_author": "Jaygo5566", "comment_date": ["04/28", "02:13"], "comment_content": "應啦幹"}, {"comment_author": "highka1003", "comment_date": ["04/28", "02:13"], "comment_content": "講得像沒做好措施被偷的人有錯"}, {"comment_author": "highka1003", "comment_date": ["04/28", "02:14"], "comment_content": "最噁心就你這種看不起別人的留學仔"}, {"comment_author": "la8day", "comment_date": ["04/28", "02:20"], "comment_content": "聽起來非常容易被偷啊 完全沒有護航的作"}, {"comment_author": "la8day", "comment_date": ["04/28", "02:20"], "comment_content": "用"}, {"comment_author": "S0323109", "comment_date": ["04/28", "02:21"], "comment_content": "有機會去吃看看"}, {"comment_author": "HEHEHEHEHE", "comment_date": ["04/28", "02:27"], "comment_content": "不就治安相對差才要防範小偷？除了台"}, {"comment_author": "HEHEHEHEHE", "comment_date": ["04/28", "02:27"], "comment_content": "灣還有很多地方也不用這樣防"}, {"comment_author": "oldman315", "comment_date": ["04/28", "02:28"], "comment_content": "照你的邏輯 女生去印度被強姦也是活該"}, {"comment_author": "oldman315", "comment_date": ["04/28", "02:28"], "comment_content": "嗎？"}, {"comment_author": "sachili", "comment_date": ["04/28", "02:44"], "comment_content": "推推 觀念正確幫補血"}, {"comment_author": "brad001", "comment_date": ["04/28", "02:49"], "comment_content": "怎麼推文那麼兇啊"}, {"comment_author": "highka1003", "comment_date": ["04/28", "02:53"], "comment_content": "原文講手機錢包放外面口袋 回推文講"}, {"comment_author": "highka1003", "comment_date": ["04/28", "02:53"], "comment_content": "完全不做防護措施，是誰滑坡？跟統神"}, {"comment_author": "highka1003", "comment_date": ["04/28", "02:53"], "comment_content": "一樣事後加註是不行的喔~"}, {"comment_author": "smallpig02", "comment_date": ["04/28", "02:56"], "comment_content": "去日本也不用這麼累，笑死"}, {"comment_author": "dio0522", "comment_date": ["04/28", "03:01"], "comment_content": "靠北你這超沒說服力，連你朋友都被偷還"}, {"comment_author": "dio0522", "comment_date": ["04/28", "03:01"], "comment_content": "說很難被偷？"}, {"comment_author": "HEHEHEHEHE", "comment_date": ["04/28", "03:06"], "comment_content": "不是啊 是你自己回推說台灣習慣治安"}, {"comment_author": "HEHEHEHEHE", "comment_date": ["04/28", "03:07"], "comment_content": "良好 問題是除了台灣日本 很多國家也"}, {"comment_author": "HEHEHEHEHE", "comment_date": ["04/28", "03:07"], "comment_content": "不用防成這樣子 義大利是出名的扒手"}, {"comment_author": "HEHEHEHEHE", "comment_date": ["04/28", "03:07"], "comment_content": "多好嗎？根本不是你所謂的：不管哪個"}, {"comment_author": "HEHEHEHEHE", "comment_date": ["04/28", "03:07"], "comment_content": "國家都一堆專偷觀光客的扒手"}, {"comment_author": "cymtrex", "comment_date": ["04/28", "03:36"], "comment_content": "義大利還要小心被替身攻擊"}, {"comment_author": "hdaniellf2", "comment_date": ["04/28", "03:49"], "comment_content": "推 熱心分享"}, {"comment_author": "woifeiwen", "comment_date": ["04/28", "04:13"], "comment_content": "你把扒手想的太聰明了 他們根本沒想那"}, {"comment_author": "woifeiwen", "comment_date": ["04/28", "04:13"], "comment_content": "麼多 我全身上下只有一個空背包+衛生"}, {"comment_author": "woifeiwen", "comment_date": ["04/28", "04:13"], "comment_content": "紙 他跑來偷我 媽的智障=="}, {"comment_author": "nity", "comment_date": ["04/28", "04:24"], "comment_content": "目前人在義大利，有遇到扒手，但沒被偷成功"}, {"comment_author": "Tomince", "comment_date": ["04/28", "04:31"], "comment_content": "胡說..我前女友只帶背包背前 手機放裡面"}, {"comment_author": "Tomince", "comment_date": ["04/28", "04:31"], "comment_content": "照樣被偷，技巧很高。"}, {"comment_author": "xelnaga", "comment_date": ["04/28", "04:42"], "comment_content": "笑死"}, {"comment_author": "anony6425021", "comment_date": ["04/28", "04:44"], "comment_content": "你才滑坡 當然人要保護自己 但譴責"}, {"comment_author": "anony6425021", "comment_date": ["04/28", "04:44"], "comment_content": "受害者的嘴臉就是噁心"}, {"comment_author": "m6990400", "comment_date": ["04/28", "06:09"], "comment_content": "要做這麼多事才能防止……那就是很容易"}, {"comment_author": "m6990400", "comment_date": ["04/28", "06:09"], "comment_content": "被偷啊！"}, {"comment_author": "laechan", "comment_date": ["04/28", "06:23"], "comment_content": "幹嘛那麼麻煩，我直接不去義大利更省事"}, {"comment_author": "melogod", "comment_date": ["04/28", "06:30"], "comment_content": "不知道在優越什麼的"}, {"comment_author": "gn01693664", "comment_date": ["04/28", "06:34"], "comment_content": "小心反傷"}, {"comment_author": "westlife0903", "comment_date": ["04/28", "07:03"], "comment_content": "我聽過一個故事，故意放假錢包在身"}, {"comment_author": "westlife0903", "comment_date": ["04/28", "07:03"], "comment_content": "上給扒手偷，那個扒手發現後回頭拿"}, {"comment_author": "westlife0903", "comment_date": ["04/28", "07:03"], "comment_content": "刀捅他"}, {"comment_author": "klkl8300", "comment_date": ["04/28", "07:19"], "comment_content": "為啥歐洲那麼多扒手,帶一堆低端台人喜歡"}, {"comment_author": "klkl8300", "comment_date": ["04/28", "07:19"], "comment_content": "過去,嘻嘻"}, {"comment_author": "greenruler", "comment_date": ["04/28", "07:25"], "comment_content": "求墨魚義大利麵店名"}, {"comment_author": "dolphin24681", "comment_date": ["04/28", "07:31"], "comment_content": "鄉民在凶啥？"}, {"comment_author": "winiS", "comment_date": ["04/28", "07:54"], "comment_content": "不知道…每個人心理基準不同很正常吧，對"}, {"comment_author": "winiS", "comment_date": ["04/28", "07:54"], "comment_content": "我來說這算很可怕四處有扒手，但原po習慣"}, {"comment_author": "winiS", "comment_date": ["04/28", "07:54"], "comment_content": "了"}, {"comment_author": "Chen7", "comment_date": ["04/28", "08:04"], "comment_content": "放鳳梨披薩在口袋"}, {"comment_author": "hcym9", "comment_date": ["04/28", "08:11"], "comment_content": "很實用的知識，一堆沒能力去歐洲旅遊的在"}, {"comment_author": "hcym9", "comment_date": ["04/28", "08:11"], "comment_content": "酸葡萄"}, {"comment_author": "hcym9", "comment_date": ["04/28", "08:24"], "comment_content": "到大多數國家旅遊，貴重物品不能放後背包"}, {"comment_author": "herro760920", "comment_date": ["04/28", "08:55"], "comment_content": "這篇有回跟沒回一樣，義大利是有扒手"}, {"comment_author": "herro760920", "comment_date": ["04/28", "08:55"], "comment_content": "集團專盯觀光客的"}, {"comment_author": "herro760920", "comment_date": ["04/28", "08:55"], "comment_content": "歐洲其他國家未必會有"}, {"comment_author": "alisabonsai", "comment_date": ["04/28", "09:28"], "comment_content": "去威尼斯坐公車到島上時遇到扒手 還"}, {"comment_author": "alisabonsai", "comment_date": ["04/28", "09:28"], "comment_content": "好沒被偷成功"}, {"comment_author": "ROKOKKKK", "comment_date": ["04/28", "10:21"], "comment_content": "垃圾國家還檢討被害人喔"}, {"comment_author": "cabom", "comment_date": ["04/28", "10:35"], "comment_content": "威尼斯的墨魚義大利麵的根本過譽，沒墨魚"}, {"comment_author": "cabom", "comment_date": ["04/28", "10:35"], "comment_content": "味還沒墨魚"}, {"comment_author": "Cloudyagent", "comment_date": ["04/28", "10:45"], "comment_content": "護航完檢討受害者 真的好棒"}, {"comment_author": "LondonHot", "comment_date": ["04/28", "11:07"], "comment_content": "應該"}, {"comment_author": "ROTFL", "comment_date": ["04/28", "12:03"], "comment_content": "亞洲人再怎麼偽裝還是亞洲人"}]}
