{"author": "gowang19 (不認)", "category": "Gossiping", "title": "Re: [問卦] 田馥甄是犯小人嗎？怎只有她被封殺?", "date": "Sun Apr 28 16:27:44 2024", "content": ["['※ 引述 《williammini (迷你衛里恩)》 之銘言：', ':', ': 看到hebe被封殺的新聞就覺得她真的有夠衰小', ':', ': 明明也有很多台灣歌手到大陸撈錢狂開演唱會', ':', ': 且這些歌手也都沒表態、也沒發什麼我愛中國什麼噁心芭樂的文', ':', ': 但只有hebe吃個義大利麵就被抓出炒作台獨+封殺', ':', ':', ': hebe是不是犯小人很衰小阿', ':']", "你不知道很多台灣大牌藝人都發過不只一次中國國慶祝賀或一個都不能少的文章吧又或者在採訪或綜藝表示身為中國人...田是倒楣吃個義大利麵就被炎上但她的團隊沒有積極作為止血也是真但若是盡全力在中國輿論止血可能就換台灣某族群去出征她當然就這件事她確實是倒楣--"], "post_comment": [{"comment_author": "OPPAISuki", "comment_date": ["04/28", "16:31"], "comment_content": "被封殺的可多了 還有盧廣仲 林宥嘉"}, {"comment_author": "realmd", "comment_date": ["04/28", "16:31"], "comment_content": "她的團隊應該是誤判 覺的這種小事像台灣一"}, {"comment_author": "realmd", "comment_date": ["04/28", "16:32"], "comment_content": "樣 冷個幾天就沒人記的了"}, {"comment_author": "razan", "comment_date": ["04/28", "16:33"], "comment_content": "中國沒其他大事救援只能認命了"}, {"comment_author": "OPPAISuki", "comment_date": ["04/28", "16:34"], "comment_content": "張惠妹 蔡依林 都曾被封殺過 又解禁"}, {"comment_author": "palindromes", "comment_date": ["04/28", "16:36"], "comment_content": "佩洛西來台 小粉紅爆哭打自己的臉"}, {"comment_author": "palindromes", "comment_date": ["04/28", "16:37"], "comment_content": "然後各種燒別人"}, {"comment_author": "palindromes", "comment_date": ["04/28", "16:37"], "comment_content": "看到她發IG吃義大利麵"}, {"comment_author": "palindromes", "comment_date": ["04/28", "16:38"], "comment_content": "扯佩洛西義大利裔"}, {"comment_author": "palindromes", "comment_date": ["04/28", "16:38"], "comment_content": "真的低能兒"}, {"comment_author": "ludlum", "comment_date": ["04/28", "16:41"], "comment_content": "去大陸吹領導老二就沒事了"}, {"comment_author": "OPPAISuki", "comment_date": ["04/28", "16:42"], "comment_content": "中共太孬 沒把裴姨飛機打下來 安全降落"}, {"comment_author": "OPPAISuki", "comment_date": ["04/28", "16:43"], "comment_content": "小粉紅崩潰"}, {"comment_author": "killverybig", "comment_date": ["04/28", "16:44"], "comment_content": "426與狗 不得吃義大利麵 笑死人"}, {"comment_author": "coolrgin", "comment_date": ["04/28", "16:52"], "comment_content": "沒種惹美國人只敢欺負自稱一家親的人"}, {"comment_author": "williammini", "comment_date": ["04/28", "16:53"], "comment_content": "我也知道很多沒發的阿，例如jolin"}, {"comment_author": "Kyere88", "comment_date": ["04/28", "17:09"], "comment_content": "某姊姊還沒嫁人也準時發文，但是有媒會"}, {"comment_author": "Kyere88", "comment_date": ["04/28", "17:09"], "comment_content": "幫洗"}, {"comment_author": "blur0317", "comment_date": ["04/28", "18:51"], "comment_content": "老共是瘋子 不缺錢的就能離多遠離多遠"}]}
