{"author": "amilkamilk (我要成為幹話王)", "category": "Gossiping", "title": "Re: [新聞] 余筱萍得知「余苑綺尪涉詐騙被抓」大笑吐1句", "date": "Sat May  4 07:16:33 2024", "content": ["['※ 引述 《TonyKart (TK)》 之銘言：', ': 標題: [新聞] 余筱萍得知「余苑綺尪涉詐騙被抓」大笑吐1句', ': 時間: Sat May  4 06:49:12 2024', ':', ': 余筱萍得知「余苑綺尪涉詐騙被抓」大笑吐1句', ':', ':', 'https://imgur.com/SXxDCqo.jpg', ': 余天大女兒余筱萍聽到妹婿Gary犯案第一反應大笑。（圖／中時資料照片）', ':', ': 資深藝人余天和李亞萍二女兒余苑綺2022年因直腸癌病逝，留下老公Gary（陳鑒）和家人', '。', ': 今（2）日傳出Gary昨日遭新北海山分局詐欺罪逮捕，疑似成為詐團車手。余天大女兒', ': 余筱萍第一時間得知此事，居然是大笑出聲，並提出1要求。', ':', ': 余筱萍聽到妹夫遭到逮捕消息，她表示一大早就出門，完全不知道發生這件事，但是她一', ': 知道這個消息後，對妹夫的行為，第一反應有點驚訝，之後大笑直言：「這麼誇張！」，', ': Gary涉案，讓余筱萍表示希望可以把妹妹小孩帶回來，她透露自己已經1、2個月沒看到外', ': 甥，因為都是Gary在帶，她很想念他們。', ':', ': 此外，余天在得知這個消息時，震驚表示：「很驚訝，我是傍晚接到記者電話才知道這件', ': 事，看他的樣子，也沒有出來混，怎會這樣？」，至於之後會不會幫Gary請律師？余天則', ': 表示：「他家人會處理，我一直打電話，他們都找不到Gary」，女婿傳出犯法消息，', ': 讓余天生氣怒斥：「真是可恥」、「真是不要臉！」', ': → choobii: 你女兒知道她老公是詐欺犯嗎                1.162.52.200 05/04 06:50', ': → eric999: 一樓？？？跟他結婚的余天女兒已經過世      49.215.45.28 05/04 06:53', ': → eric999: 了 誰知道她知不知道                       49.215.45.28 05/04 06:53', ': → Warnerting: 一堆人被詐騙集團騙到家破人亡綠營二    1.171.203.170 05/04 06:53', ': → Warnerting: 代還笑得出來                          1.171.203.170 05/04 06:53']", "當然要笑原本看不到孫子現在可以準備訴訟去搶監護權了最好這個女婿被關久一點點他們就更好搶了是人看到都會笑出來--Sent from my Google Pixel 7 Pro", "PiTT", "--"], "post_comment": [{"comment_author": "damonter", "comment_date": ["05/04", "07:21"], "comment_content": "大概是早就知道被抓的是什麼貨 現在能把"}, {"comment_author": "damonter", "comment_date": ["05/04", "07:21"], "comment_content": "小孩救回來 開心都來不及"}, {"comment_author": "machiusheng", "comment_date": ["05/04", "07:42"], "comment_content": "以前不知道 呵呵 這麼不熟"}, {"comment_author": "colaer", "comment_date": ["05/04", "08:59"], "comment_content": "早就知道，那不是更像我們巧芯了嗎？"}, {"comment_author": "rtoday", "comment_date": ["05/04", "10:34"], "comment_content": "搶監護權幹嘛？童話故事不都是寄養親戚家"}, {"comment_author": "rtoday", "comment_date": ["05/04", "10:34"], "comment_content": "被虐待，像是哈利波特。繼續留原生家庭啊"}]}
