{"author": "L1ON (我是獅子~(ﾉﾟ▽ﾟ)ﾉ♪)", "category": "Gossiping", "title": "Re: [問卦] 有6成不想漲管理費 該怎麼辦", "date": "Fri May  3 13:48:49 2024", "content": ["['※ 引述《a12345x (到不了終點)》之銘言：\\n', ': 如題', ': 管理費已經不夠出了', ': 地震後一堆地方等著要修', ': 社區大會就有住戶提說要漲管理費', ': 結果投票開完後', ': 有6成居然反對漲管理費', ': 大樓是不是要變危樓了？']", "好了啦40%上來給人打臉很爽嗎？社區大樓會掉磁磚 崩壞是自己的責任當然自己出錢修缺電是錯誤政策造成1.有核電死不用2.去跟黨合作的能源公司交換利益有電就算了重點是不夠用 電還特別貴3.台電目前是公司 不是行政機關一共漲了30%以上電價該給的錢我可沒欠然後給我什麼服務品質？過去2個月我發文說我中和跳電停電然後台電讓台灣綠色保育動物賺到流湯你覺得你很會戰嗎？你40%不會類比找一個強一點的文膽上來戰啦我的貓都比你40%好", "--"], "post_comment": [{"comment_author": "bill403777", "comment_date": ["05/03", "13:49"], "comment_content": "貓貓要被修理了嗎QQ"}, {"comment_author": "pinkyho", "comment_date": ["05/03", "13:55"], "comment_content": "嘻嘻 60%問能不能用一般材料修補就好 管"}, {"comment_author": "pinkyho", "comment_date": ["05/03", "13:55"], "comment_content": "委會說我就是要用天然有機通過甲醛檢驗的"}, {"comment_author": "pinkyho", "comment_date": ["05/03", "13:55"], "comment_content": "材料修 價格是一般材料的5-10倍 然後威脅"}, {"comment_author": "pinkyho", "comment_date": ["05/03", "13:55"], "comment_content": "大家不修垮掉就是你的錯"}]}
