{"author": "zhanguihan (han)", "category": "Gossiping", "title": "Re: [爆卦] 綠白合首例!社子島開發案爆爭議", "date": "Sun Apr 28 10:09:11 2024", "content": ["['※ 引述《tobetwob (WHO FCTC 菸草減害專家)》之銘言：\\n', ': 大家好，我是士林北投 金光頭啦，這篇跟菸沒關，公關公司可以左轉離開。', ': 社子島開發案延宕52年，近日民眾黨立委黃珊珊發出開會通知', ':', ': 邀請出席人員有：', ': 民進黨立委王世堅', ': 內政部長林右昌', ': 民眾黨士林北投市議員黃瀞瑩', ': 民進黨士林北投市議員陳慈慧', ': 社子島 福安里長、富洲里長', ': 就這麼剛好完全沒有藍營的民意代表。', ': 社子島自救會也表達嚴重抗議', ':', ': 社子島炒地集團動員要熱烈歡迎黃珊珊來社子島，為了營造假裝社子島居民是贊成區段徵收', ': ！', ': 實際上，#社子島居民是反對區段徵收！', ': 反對暴政輾過我們的家園！', ': 國會委員好大的官威，本該在國會為民請命，卻透過手中的權利，要內政部長出席這場「會', ': 勘」！只為加速輾過社子島，讓社子島炒地集團手中套牢的資金可以變成炒地後的暴利！', ': 一手拿財團政治獻金，一手輾壓社子島，這是民代該有的態度嗎？', ': #社子島不歡迎這樣的財團委員！', ': #也不歡迎建商委員！', ': 請大家一起來看看建商、財團委員的嘴臉！', ': 4月29日', ': 13:30', ': 社子島坤天亭', ': 綠白合首例，開發社子島，刺激刺激，考慮一下「社子島性專區、賭場博弈、關渡大麻田嘛', ': 」', ':', ':', ':', ':']", "為什麼不邀國民黨的議員?這問題真好笑。 士林北投區的國民黨議員其中一位現在正在被羈押中， 對！就是那位因為台智光案而被收押的陳重文。 其他三個汪志冰，張斯剛及林杏兒，去查查看他們過去有對社子島議題提出啥高見? 他們三個對社子島的議題根本興致缺缺，縱使邀了都可以判定有很大的機率不會參與。 自救會要找還不如找黃郁芬還比較合適，啊！抱歉，黃郁芬沒選上。--"], "post_comment": [{"comment_author": "olaqe", "comment_date": ["04/28", "10:09"], "comment_content": "就是河中沙洲不小心就回康熙時代 開發三小?"}, {"comment_author": "yfme", "comment_date": ["04/28", "10:13"], "comment_content": "沒八卦，這裡是優質好文八卦版！！！"}, {"comment_author": "tobetwob", "comment_date": ["04/28", "10:16"], "comment_content": "邀是一回事，人家要不要出席是一回事。"}, {"comment_author": "tobetwob", "comment_date": ["04/28", "10:16"], "comment_content": " 所以閣下意思是：黃辦先預判了對方的"}, {"comment_author": "tobetwob", "comment_date": ["04/28", "10:16"], "comment_content": "預判，所以直接不邀了？ 綠白合無誤啊"}, {"comment_author": "tobetwob", "comment_date": ["04/28", "10:16"], "comment_content": "。"}, {"comment_author": "tengerinedog", "comment_date": ["04/28", "10:19"], "comment_content": "黃在忙情慾流動"}, {"comment_author": "scum5566", "comment_date": ["04/28", "10:28"], "comment_content": "某個看起來像乖巧的地味子良家妹 實際E"}, {"comment_author": "scum5566", "comment_date": ["04/28", "10:28"], "comment_content": "上是騷到不行的淫蕩貨 XDDDDD"}, {"comment_author": "urban", "comment_date": ["04/28", "10:39"], "comment_content": "這樣搞國民黨，黃國昌會不爽吧"}]}
