{"author": "ayasesayuki (綾瀨紗雪)", "category": "Gossiping", "title": "Re: [問卦] 正常工作收入卻低到不用繳稅不覺得很怪嗎", "date": "Thu May  2 02:15:58 2024", "content": ["台灣大概有40%的人不用繳所得稅很神奇吧也有40%的人支持現在這種生活而且表示過得很好物價高也沒差哈哈--"], "post_comment": [{"comment_author": "ah937609", "comment_date": ["05/02", "02:16"], "comment_content": "反觀60%"}, {"comment_author": "c8000733", "comment_date": ["05/02", "02:29"], "comment_content": "真的可憐ㄏㄏ"}, {"comment_author": "godofsex", "comment_date": ["05/02", "03:41"], "comment_content": "可憐哪"}, {"comment_author": "HAPPYISCASH", "comment_date": ["05/02", "06:53"], "comment_content": "新加坡一半人口不用繳稅"}, {"comment_author": "HAPPYISCASH", "comment_date": ["05/02", "06:53"], "comment_content": "台灣自以為強的地方 都比新加坡爛"}, {"comment_author": "steelheart3", "comment_date": ["05/02", "07:39"], "comment_content": "美國也很多不用繳的 國家能正常下去"}, {"comment_author": "steelheart3", "comment_date": ["05/02", "07:40"], "comment_content": "才重要"}]}
