{"author": "sunshine6874 (暺屮颔鞎Ｖ虜)", "category": "Gossiping", "title": "Re: [問卦] 花蓮的巧合", "date": "Wed May  1 09:23:13 2024", "content": ["['※ 引述《sunshine6874 (暺屮颔鞎Ｖ虜)》之銘言：\\n', ': 花蓮的統帥', ': 花蓮的天王星', ': 怎麼像是傳達什麼？', ': 富凱...似乎也符合某些條件', ': 位置是公正街口...暗示不公正？', ': 統帥是明禮路...明禮崇德成語分別源自春秋論語', ': 這次第一波最嚴重就是蘇花的崇德', ': 天王星  軒轅路..黃帝', ': 感覺拼湊起來巧合真多', ': -----']", "山海觀大樓也紅單待拆了山海關 X 吳三桂 引清兵入關的那個男人真的好多巧合...-----Sent from JPTT on my Xiaomi 2201123G.--"], "post_comment": [{"comment_author": "starfish2903", "comment_date": ["05/01", "10:47"], "comment_content": "哇 真的好巧喔！"}]}
