{"author": "MeiHS (簽名檔詳見 其他版晃到，)", "category": "Gossiping", "title": "Re: [問卦] 阜杭豆漿值得排兩個小時嗎？", "date": "Wed May  1 15:40:07 2024", "content": ["窩有排過兩次，都超過一小時先說 這家是好吃的，在吃過的燒餅油條店中，至少高過平均但是稍貴的價格加上越排越長的時間，已經不值得去排隊吃窩已經好幾年沒去吃惹，要說的話 現在若排20分鐘有 窩還願意吧--", "--"], "post_comment": [{"comment_author": "aOOOOOOOOO", "comment_date": ["04/2X", "2N:G2"], "comment_content": "給果凍->更奴化   超棒"}, {"comment_author": "aOOOOOOOOO", "comment_date": ["04/2X", "2N:G3"], "comment_content": "七八年級糞鳥土箸9成不是輪斑94低薪蚊組"}, {"comment_author": "STi2011", "comment_date": ["05/01", "15:40"], "comment_content": "請問好吃的跟不好吃的差在哪?"}, {"comment_author": "Goty", "comment_date": ["05/01", "15:41"], "comment_content": "不值得，我喝那鹹豆漿喝完有一陣噁心感想吐"}, {"comment_author": "hikaru77613", "comment_date": ["05/01", "15:41"], "comment_content": "太遠…"}, {"comment_author": "wafiea708", "comment_date": ["05/01", "15:41"], "comment_content": "鹹豆漿口味要看人 我也不習慣 熱豆漿就"}, {"comment_author": "hellopo", "comment_date": ["05/01", "15:42"], "comment_content": "完全不"}, {"comment_author": "wafiea708", "comment_date": ["05/01", "15:42"], "comment_content": "好喝 冰豆漿不用特別買 口感和外面一樣"}, {"comment_author": "casco5566", "comment_date": ["05/01", "15:42"], "comment_content": "還好= ="}, {"comment_author": "jerrty", "comment_date": ["05/01", "15:43"], "comment_content": "都去便利超商買"}, {"comment_author": "boy1031", "comment_date": ["05/01", "15:44"], "comment_content": "有高平均20分嗎？"}, {"comment_author": "nctufish", "comment_date": ["05/01", "15:44"], "comment_content": "台北人為什麼這麼愛臭灰噠？"}, {"comment_author": "MeiHS", "comment_date": ["05/01", "15:46"], "comment_content": "厚餅還算鬆軟 刷糖/炭爐也算有特色阿"}, {"comment_author": "MeiHS", "comment_date": ["05/01", "15:47"], "comment_content": "要比較也是有，六張犁那邊也有個厚燒餅的"}, {"comment_author": "MeiHS", "comment_date": ["05/01", "15:48"], "comment_content": "，確實便宜，味道也不一樣"}, {"comment_author": "ParkXiyeon", "comment_date": ["05/01", "15:48"], "comment_content": "推薦上海來的朋友被嫌棄爆"}, {"comment_author": "dayend", "comment_date": ["05/01", "15:50"], "comment_content": "此生沒有為了吃這件事 浪費過太多時間^^"}, {"comment_author": "dayend", "comment_date": ["05/01", "15:50"], "comment_content": "與好吃否無關 只是覺得時間比好吃重要很多"}, {"comment_author": "nyyjeter8", "comment_date": ["05/01", "15:50"], "comment_content": "真的還好 去排真的蠻有事"}, {"comment_author": "riker729", "comment_date": ["05/01", "15:51"], "comment_content": "吃個早餐排超過10分鐘，絕對不去"}, {"comment_author": "yxl", "comment_date": ["05/01", "15:53"], "comment_content": "台北很多巷弄小店都不錯，不必刻意排阜杭"}, {"comment_author": "chogosu", "comment_date": ["05/01", "15:54"], "comment_content": "上次吃大概10年前吧"}, {"comment_author": "ggirls", "comment_date": ["05/01", "16:00"], "comment_content": "排10分鐘可以，再久就不值了。東西也不多"}, {"comment_author": "ggirls", "comment_date": ["05/01", "16:00"], "comment_content": "，沒氣氛吃十分鐘以上。"}, {"comment_author": "court", "comment_date": ["05/01", "16:04"], "comment_content": "7-11不就有了"}, {"comment_author": "zoin", "comment_date": ["05/01", "16:17"], "comment_content": "覺得不值得排隊吃.."}, {"comment_author": "super1314159", "comment_date": ["05/01", "16:17"], "comment_content": "吃個早餐你願意排20分鐘 好窩"}, {"comment_author": "tidalwave00", "comment_date": ["05/01", "16:24"], "comment_content": "很一般就騙騙外國人還可以"}, {"comment_author": "Marx7201", "comment_date": ["05/01", "16:35"], "comment_content": "排過半小時 豆漿很好喝"}, {"comment_author": "Xinz", "comment_date": ["05/01", "16:52"], "comment_content": "路過要排隊超過1樓轉角 就完全沒有興趣了 不"}, {"comment_author": "Xinz", "comment_date": ["05/01", "16:52"], "comment_content": "值得花超過10分鐘去排隊"}, {"comment_author": "starfishfish", "comment_date": ["05/01", "17:04"], "comment_content": "蛋餅和燒餅油條好吃...豆漿很普"}, {"comment_author": "starfishfish", "comment_date": ["05/01", "17:05"], "comment_content": "只有在貨梯那邊排隊才有動力吧"}, {"comment_author": "fr75520", "comment_date": ["05/01", "17:09"], "comment_content": "真的過譽"}, {"comment_author": "adon0313", "comment_date": ["05/01", "17:15"], "comment_content": "中國肯定樂勝的 燒餅都做不好的店"}, {"comment_author": "qwaqwa2007", "comment_date": ["05/01", "17:17"], "comment_content": "排過一次，真的還好"}, {"comment_author": "dormice", "comment_date": ["05/01", "17:48"], "comment_content": "在樓梯口可以排一下，不用半小時"}, {"comment_author": "billlushana1", "comment_date": ["05/01", "18:19"], "comment_content": "不懂台北人那麼愛排隊"}, {"comment_author": "randy68429", "comment_date": ["05/01", "18:40"], "comment_content": "之前吃過，完全不知道為什麼這麼多人"}, {"comment_author": "randy68429", "comment_date": ["05/01", "18:41"], "comment_content": "在排...可能排隊罰站兩個小時東西會"}, {"comment_author": "randy68429", "comment_date": ["05/01", "18:41"], "comment_content": "變得比較好吃吧.."}, {"comment_author": "jackytw", "comment_date": ["05/01", "20:14"], "comment_content": "無聊難吃 隨便美而美就贏過了"}]}
