{"author": "iamgaylan ()", "category": "Gossiping", "title": "Re: [問卦] 丹丹如果開在台北 會不會大爆滿?", "date": "Wed May  1 01:41:52 2024", "content": ["幹丹丹好吃嗎？要我經驗是一般般他強在品項豐富 價格便宜說真的口味就跟我家巷口阿姨煮的差不多還不都是冷凍食品下去煮搞得跟米其林一樣瓜張--Sent from my iPhone 15 Pro", "PiTT", "--"], "post_comment": [{"comment_author": "dan5120", "comment_date": ["05/01", "01:43"], "comment_content": "除了辣雞腿堡 其他都嚐過即可"}, {"comment_author": "kmkr122719", "comment_date": ["05/01", "01:44"], "comment_content": "丹丹就速食而已,有人說它是米其林嗎?"}, {"comment_author": "whiteadam", "comment_date": ["05/01", "01:44"], "comment_content": "五星級ㄉ美食"}, {"comment_author": "b2305911", "comment_date": ["05/01", "01:45"], "comment_content": "麵線和粥都能做成甜的簡直喪心病狂"}, {"comment_author": "kmkr122719", "comment_date": ["05/01", "01:46"], "comment_content": "南部粥跟麵線很多都是甜的,跟丹丹無關"}, {"comment_author": "kmkr122719", "comment_date": ["05/01", "01:47"], "comment_content": "優點就1.價格便宜,2.商品中式西式都有"}, {"comment_author": "kmkr122719", "comment_date": ["05/01", "01:47"], "comment_content": "口味就常見南部偏甜口味,沒其他優點了"}, {"comment_author": "adios881", "comment_date": ["05/01", "01:49"], "comment_content": "義式紅醬波狼鼠 炸米糕 推薦"}, {"comment_author": "catwu", "comment_date": ["05/01", "01:49"], "comment_content": "不會，我覺得普普。"}, {"comment_author": "kmkr122719", "comment_date": ["05/01", "01:50"], "comment_content": "嘗鮮是可以,特地去吃就沒這個必要了"}, {"comment_author": "gulugulupp", "comment_date": ["05/01", "01:57"], "comment_content": "不然北部有啥便宜又還可以吃的漢堡"}, {"comment_author": "trywish", "comment_date": ["05/01", "02:01"], "comment_content": "光便宜就是熱門點了。重點是兩種主食絕對"}, {"comment_author": "trywish", "comment_date": ["05/01", "02:01"], "comment_content": "能吃飽。"}, {"comment_author": "trywish", "comment_date": ["05/01", "02:01"], "comment_content": "畢竟一些地方物價高到可怕，還不一定吃的"}, {"comment_author": "trywish", "comment_date": ["05/01", "02:02"], "comment_content": "飽，而且自己弄也麻煩"}, {"comment_author": "candysagaboy", "comment_date": ["05/01", "02:06"], "comment_content": "勘吃、平價"}, {"comment_author": "koexe", "comment_date": ["05/01", "02:22"], "comment_content": "一般般"}, {"comment_author": "koexe", "comment_date": ["05/01", "02:23"], "comment_content": "巷口早餐店有賣炸雞跟麵線羹的沒幾家吧"}, {"comment_author": "jeter17", "comment_date": ["05/01", "03:07"], "comment_content": "笑死本來就外縣市人捧起來的,以前哪來這"}, {"comment_author": "jeter17", "comment_date": ["05/01", "03:07"], "comment_content": "麼多人,根本不用排隊"}, {"comment_author": "colaer", "comment_date": ["05/01", "03:07"], "comment_content": "那麥當勞還賣這麼貴，真沒良心"}, {"comment_author": "KuoJuiHsiao", "comment_date": ["05/01", "06:07"], "comment_content": "比麥當勞好吃就行了。"}, {"comment_author": "una283", "comment_date": ["05/01", "08:06"], "comment_content": "速食就講CP值 哪像台麥用飯店思維"}, {"comment_author": "una283", "comment_date": ["05/01", "08:07"], "comment_content": "茶魔也是一樣"}, {"comment_author": "ptk9811107", "comment_date": ["05/01", "11:38"], "comment_content": "炸米糕不吃 吃啥麵線羹"}, {"comment_author": "court", "comment_date": ["05/01", "11:41"], "comment_content": "絕對會！"}, {"comment_author": "Haqua", "comment_date": ["05/01", "13:29"], "comment_content": "開在台北至少前3個月排爆好嗎 台灣人就喜歡"}, {"comment_author": "Haqua", "comment_date": ["05/01", "13:29"], "comment_content": "排隊"}]}
