{"author": "senma (ライフ☆ライン)", "category": "Gossiping", "title": "Re: [問卦] 玩到一半的巫師3要繼續玩嗎？", "date": "Fri May  3 09:33:14 2024", "content": ["['※ 引述 《orange6541 (King Cat)》 之銘言：', ':', ': 這款遊戲有點久了，本肥目前才玩到林中夫人那邊。會問說還要不要繼續玩是因為這遊戲', '很', ': 可怕，一玩下去就是5.6個小時開始跳，我又是喜歡看著攻略去過關的那種人，之前都玩', '到', ': 半夜隔天都沒精神。', ':', ': 所以想問玩到一半的巫師3要繼續玩下去嗎？', ': 會不會是個爛尾結局？', ': 題外問題：有人難易度選普通以上的嗎？', ':']", "前半劇情不錯後半想搞神展開卻反而一堆矛盾以下雷原來siri消失是進入時空隧道穿越旅行她去過各種不同的時空甚至到過超高科技的未來世界結果她竟然不知道要摸一把雷射槍或是神器回來打狂獵害傑羅特跟狂獵辛苦對決還差點死掉演到這裡我就覺得劇情糞一半了然後我很討厭他的升級系統主角升級敵人也會跟著升級主角只能拿到跟自己同等級的裝備所以你每升一級裝備能力馬上過氣要維持最佳狀態就必須重新搞一套高一級的裝備你不搞的話面對一起變強的敵人會越升級越吃力WTFPC 版建議用MOD直接改滿級不然很煩--", "--", "印象沒有畢竟siri是養女歐美作品比較不敢碰亂倫議題", "不是啊未來世界2077摸一把槍很容易吧幹嘛滑坡到無限寶石", "不只是彩蛋吧巫師3的主軸就是繞著siri失蹤"], "post_comment": [{"comment_author": "bill403777", "comment_date": ["05/03", "09:33"], "comment_content": "有跟siri H的劇情嗎"}, {"comment_author": "biggest1983", "comment_date": ["05/03", "09:38"], "comment_content": "去2077那邊玩了一下吧"}, {"comment_author": "Carters1109", "comment_date": ["05/03", "09:39"], "comment_content": "你乾脆說帶無限寶石回來彈手指算了"}, {"comment_author": "a8521abcd", "comment_date": ["05/03", "10:04"], "comment_content": "那就是個彩蛋而已，然後巫師的戰鬥根"}, {"comment_author": "a8521abcd", "comment_date": ["05/03", "10:04"], "comment_content": "本沒難度吧無腦砍過去就好了"}, {"comment_author": "roea68roea68", "comment_date": ["05/03", "10:24"], "comment_content": "siri那超能力 2077的武器有比較強嗎"}]}
