{"author": "devil157 (devil157)", "category": "Gossiping", "title": "Re: [問卦] 白T然後配黑色bra的妹妹在想什麼", "date": "Tue Apr 30 08:29:35 2024", "content": ["['※ 引述 《belucky》 之銘言：', ': 剛剛企買早餐  看到一個穿白T配黑bra的妹妹騎著ubike 過來  手還撐著雨傘   肥肥覺', '得', ': 都看光光啦阿  害窩等等又要找片片來看  有夠麻煩  有沒有她們在想甚麼的卦  沒有圖', '0', ': .0']", "我找了很久還是找不到只好隨便丟個圖", "之前b17假裝惡魔獵人，想要檢舉我，檢舉失敗改去黑館長。現在正宗的惡魔獵人回來獵殺我，回桶準備倒數計時！--"], "post_comment": [{"comment_author": "railman", "comment_date": ["04/30", "08:30"], "comment_content": "我又中招了"}, {"comment_author": "royroy666", "comment_date": ["04/30", "08:30"], "comment_content": "157"}, {"comment_author": "buyala", "comment_date": ["04/30", "08:30"], "comment_content": "這樣也行"}, {"comment_author": "Himiko9975", "comment_date": ["04/30", "08:32"], "comment_content": "我12了 心焦U"}, {"comment_author": "z80520xx", "comment_date": ["04/30", "08:33"], "comment_content": "還好有看ID"}, {"comment_author": "danny91074", "comment_date": ["04/30", "08:40"], "comment_content": "好好的專心看NBA 不要整天做這些損人"}, {"comment_author": "danny91074", "comment_date": ["04/30", "08:40"], "comment_content": "不利己的事！"}, {"comment_author": "konanno1", "comment_date": ["04/30", "08:46"], "comment_content": "天翔龍閃"}]}
