{"author": "seabox (呂雅筑)", "category": "Gossiping", "title": "Re: [新聞] (影)白退綠《兩岸條例》修正提案 綠委怒", "date": "Fri May  3 12:26:56 2024", "content": ["['※ 引述《selisja (未來捕手)》之銘言：\\n', ': (影)白退綠《兩岸條例》修正提案 綠委怒斥：補國安漏洞也要封殺？', ': Newtalk新聞 金大鈞']", "兩岸要的是和平這種挑釁大陸官方的修法 大可不必我甚至覺得國會議員都應該主動訪中建議啦 修法立法院有黨團的例如藍綠白每年都必須派20%的委員主動參訪中國親中友中 為兩岸和平一起努力--"], "post_comment": [{"comment_author": "tim1112", "comment_date": ["05/03", "12:28"], "comment_content": "兩岸要的從來不是和平，是平起平坐"}, {"comment_author": "jinnij03879", "comment_date": ["05/03", "12:28"], "comment_content": "8>51"}, {"comment_author": "royroy666", "comment_date": ["05/03", "12:29"], "comment_content": "那來修憲把中華民國去掉阿不都叫中國"}, {"comment_author": "MMyDD", "comment_date": ["05/03", "12:29"], "comment_content": "進貢團??"}, {"comment_author": "EXIONG", "comment_date": ["05/03", "12:29"], "comment_content": "認真說就是平起平坐不可能 兩岸就是維持現"}, {"comment_author": "EXIONG", "comment_date": ["05/03", "12:29"], "comment_content": "狀"}, {"comment_author": "EXIONG", "comment_date": ["05/03", "12:29"], "comment_content": "就算民進黨亂搞內政 台灣還是有50%以上反"}, {"comment_author": "EXIONG", "comment_date": ["05/03", "12:30"], "comment_content": "共"}, {"comment_author": "EXIONG", "comment_date": ["05/03", "12:31"], "comment_content": "我先說就算藍綠對決 也是綠會贏"}, {"comment_author": "ziso", "comment_date": ["05/03", "12:31"], "comment_content": "不要和平?好啊 那他平起平坐就打你啊"}, {"comment_author": "ziso", "comment_date": ["05/03", "12:31"], "comment_content": "你不要和平 那你跟中共貿易幹嘛?"}, {"comment_author": "ziso", "comment_date": ["05/03", "12:32"], "comment_content": "不就是間接資敵? 還是這時候又經濟歸經濟?"}, {"comment_author": "tim1112", "comment_date": ["05/03", "12:34"], "comment_content": "美中對抗也沒斷絕商業往來"}, {"comment_author": "tim1112", "comment_date": ["05/03", "12:35"], "comment_content": "真要打現在大可對台灣宣戰，最後是會倒"}, {"comment_author": "tim1112", "comment_date": ["05/03", "12:36"], "comment_content": "還不知道勒"}, {"comment_author": "whiteadam", "comment_date": ["05/03", "12:55"], "comment_content": "反串"}]}
