{"author": "tomer (卯月影)", "category": "Gossiping", "title": "Re: [問卦] 國會持續空轉會發生什麼事？", "date": "Sat May  4 22:06:36 2024", "content": ["['※ 引述《antiaris (箭毒木)》之銘言：\\n', ': 我想執行的提案表決過不了', ': 你表決通過的案子我不執行', ': 好啊兩院互尬', ': 這樣最後要死大家一起死的概念', ': 世界上有哪個國家發生過這種事', ': 他們最後都怎麼了？有沒有掛？', ': -----', ': Sent from JPTT on my iPhone']", "呃不信任案加解散國會重選啊看還有沒有51席來決定", "-----Sent from JPTT on my iPhone--"], "post_comment": [{"comment_author": "heavenwind", "comment_date": ["05/04", "22:11"], "comment_content": "不會怎樣啊。反正都空轉 擺爛。割韭"}, {"comment_author": "heavenwind", "comment_date": ["05/04", "22:11"], "comment_content": "菜8年了"}, {"comment_author": "monitor", "comment_date": ["05/04", "22:14"], "comment_content": "薪水照領哪有差"}, {"comment_author": "alice1967", "comment_date": ["05/04", "22:38"], "comment_content": "難道全數通過執政黨法案就對嗎？笑死人"}, {"comment_author": "alice1967", "comment_date": ["05/04", "22:39"], "comment_content": "立院當黨的橡皮圖章很多年了哦"}]}
