{"author": "charco (胖虎想要變瘦虎)", "category": "Gossiping", "title": "Re: [問卦]網路一堆人還是繼續支持川普的理由是什麼", "date": "Thu May  2 13:51:21 2024", "content": ["['※ 引述《mikasamikoto ()》之銘言：\\n', ': 看批踢踢跟場外支持川普的人還是一大堆，但是川普很明顯就是要賣台了吧？', ': 賣台之外還想打擊台灣科技業，討厭拜登是因為他失智戀童又是左派嗎？', ': 有沒有八卦？', ':', ':']", "川普當選 不是只有SJW和LGBTQIA會崩潰塔綠班也會崩潰 他們忘記之前挺川 現在挺拜萬一川普上 他們大概會崩潰三秒鐘接著跟著我們政府一起轉向所有側翼開始幫川普洗白這樣不精彩嗎", "--"], "post_comment": [{"comment_author": "STi2011", "comment_date": ["05/02", "14:05"], "comment_content": "其實是 希粉轉川粉又轉拜粉 有夠會轉"}, {"comment_author": "STi2011", "comment_date": ["05/02", "14:05"], "comment_content": "壓誰誰倒"}, {"comment_author": "peterwu4", "comment_date": ["05/02", "14:30"], "comment_content": "有沒有發現，不管塔綠班多蠢每次都堵錯"}, {"comment_author": "peterwu4", "comment_date": ["05/02", "14:31"], "comment_content": "猜錯都不要緊~只要它們力抗中國~始終能"}, {"comment_author": "peterwu4", "comment_date": ["05/02", "14:32"], "comment_content": "以美國利益優先~就能得到美國新政府的支"}, {"comment_author": "peterwu4", "comment_date": ["05/02", "14:32"], "comment_content": "持~"}, {"comment_author": "kenro", "comment_date": ["05/02", "20:42"], "comment_content": "結果川普上後又跟他上任後期一樣"}]}
