{"author": "raisann (??)", "category": "Gossiping", "title": "Re: [問卦] 本週示範週休三日 有可能以後都這樣嗎？", "date": "Mon Apr 29 22:29:13 2024", "content": ["['※ 引述《XXXXXXXXXGAY (我老公是張孝全！)》之銘言：\\n', ': 今天明明是憂鬱的星期一', ': 但今天下班，只要想到明天下班就能「睡到飽」', ': 週休三日的法案，應該要逐漸推動才是', ': 鄉民覺得有沒有可能呢']", "推文有提到美國大家都覺得美國的假很多不過也造成美國安逸的民族性補掛零七年美國沒看過手排車地點就是在美國拉斯維加斯因此我判斷美國人不會開手排車", "為什麼撞橘子跟砸車要用美國車呢?想必是因為安逸民族性所以品質不佳吧否則為何不用裕隆速利303呢?--"], "post_comment": []}
