{"author": "owo0204 (大大大優惠)", "category": "Gossiping", "title": "Re: [問卦] 子瑜跟舒華的公司待遇怎麼差這麼多", "date": "Tue Apr 30 18:04:42 2024", "content": ["推文有人說舒華中國黑粉超多欸看了一下真的很多 不開玩笑很多都在黑舒華沒有明確政治表態是中國人或是中國台灣人說她模糊處理是隱藏台獨不是中國人是有啥毛病到底是看偶像看美女看娛樂還是看政治啊==看美女還要看政治傾向 這些人瘋了吧不表態也不行是不是--"], "post_comment": [{"comment_author": "OPPAISuki", "comment_date": ["04/30", "18:05"], "comment_content": "諷刺的是薩德導彈事件 中共就禁韓了"}, {"comment_author": "OPPAISuki", "comment_date": ["04/30", "18:06"], "comment_content": "小粉紅還敢哈韓啊? 錢都往韓國送"}, {"comment_author": "ErosAmour", "comment_date": ["04/30", "18:06"], "comment_content": "CUBE爛公司，沒有之一，不會搞輿論"}, {"comment_author": "q347", "comment_date": ["04/30", "18:07"], "comment_content": "雞排妹?"}, {"comment_author": "JuiFu617", "comment_date": ["04/30", "18:07"], "comment_content": "她屬於黑粉多白粉多"}, {"comment_author": "cs09312", "comment_date": ["04/30", "18:09"], "comment_content": "單純她擺爛吧 唱歌不行 跳舞不行 韓語也"}, {"comment_author": "cs09312", "comment_date": ["04/30", "18:09"], "comment_content": "爛"}, {"comment_author": "bill403777", "comment_date": ["04/30", "18:09"], "comment_content": "要先確定你是中國人，才能放心的享受"}, {"comment_author": "bill403777", "comment_date": ["04/30", "18:09"], "comment_content": "你，我婆子瑜已經示範過了"}, {"comment_author": "OPPAISuki", "comment_date": ["04/30", "18:10"], "comment_content": "舒華 就是靠個性 直接 直播跟粉絲互動"}, {"comment_author": "owo0204", "comment_date": ["04/30", "18:10"], "comment_content": "還好啊我覺得舒華白白的微肉很可愛 其他"}, {"comment_author": "OPPAISuki", "comment_date": ["04/30", "18:10"], "comment_content": "火的"}, {"comment_author": "owo0204", "comment_date": ["04/30", "18:10"], "comment_content": "隨便"}, {"comment_author": "pyrolith", "comment_date": ["04/30", "18:10"], "comment_content": "那些說政治歸政治 音樂歸音樂的人呢"}, {"comment_author": "OPPAISuki", "comment_date": ["04/30", "18:10"], "comment_content": "有綜藝感阿"}, {"comment_author": "cs09312", "comment_date": ["04/30", "18:12"], "comment_content": "上次唱fate擺一隻娃娃不看畫面我還不知道"}, {"comment_author": "cs09312", "comment_date": ["04/30", "18:12"], "comment_content": "少一個人"}, {"comment_author": "hermionex", "comment_date": ["04/30", "18:16"], "comment_content": "小草不喜歡這種沒表態是中國人的"}, {"comment_author": "nonatazaka", "comment_date": ["04/30", "18:16"], "comment_content": "她的中國隊友都沒說話了"}, {"comment_author": "laugh8562", "comment_date": ["04/30", "18:19"], "comment_content": "支那黑討超討厭她的愛看看 不看滾的態"}, {"comment_author": "laugh8562", "comment_date": ["04/30", "18:19"], "comment_content": "度 超好笑"}, {"comment_author": "laugh8562", "comment_date": ["04/30", "18:19"], "comment_content": "好像大家都要舔知那一樣"}, {"comment_author": "ting74942", "comment_date": ["04/30", "18:21"], "comment_content": "舒華跳舞沒有不行啊，她現在是團內單人"}, {"comment_author": "ting74942", "comment_date": ["04/30", "18:21"], "comment_content": "直拍數據最好的一位"}, {"comment_author": "sun10814", "comment_date": ["04/30", "18:27"], "comment_content": "舒華跳舞很好 唱歌真的可以再磨練"}, {"comment_author": "teikfvtfiem", "comment_date": ["04/30", "18:40"], "comment_content": "她的黑粉都來自她的中國隊友粉居多"}, {"comment_author": "zi62007", "comment_date": ["04/30", "18:51"], "comment_content": "你第一天認識中共？"}, {"comment_author": "Meowcc", "comment_date": ["04/30", "18:52"], "comment_content": "對 舒華的黑粉都是宋雨琦唯粉居多 笑死 重"}, {"comment_author": "Meowcc", "comment_date": ["04/30", "18:52"], "comment_content": "點這兩個人感情還不錯 不是演的那種"}, {"comment_author": "Meowcc", "comment_date": ["04/30", "18:54"], "comment_content": "不過台灣人也很多不喜歡舒華的啦 上次生病"}, {"comment_author": "Meowcc", "comment_date": ["04/30", "18:54"], "comment_content": "回台休養被跟拍都多虧熱心的台灣人"}, {"comment_author": "zero549893", "comment_date": ["04/30", "19:14"], "comment_content": "沒辦法就這團實力最差的  能黑的點太"}, {"comment_author": "zero549893", "comment_date": ["04/30", "19:14"], "comment_content": "多"}, {"comment_author": "abellea85209", "comment_date": ["04/30", "19:48"], "comment_content": "以對岸來說 黑舒華主要都是台獨問題"}, {"comment_author": "abellea85209", "comment_date": ["04/30", "19:49"], "comment_content": "其他都牽拖居多 各種理由 當然 唱歌"}, {"comment_author": "abellea85209", "comment_date": ["04/30", "19:50"], "comment_content": "不行是真的(但是跳舞可以的) 除了唱"}, {"comment_author": "abellea85209", "comment_date": ["04/30", "19:50"], "comment_content": "歌外其他沒有什麼太大問題"}, {"comment_author": "s8800892000", "comment_date": ["04/30", "19:56"], "comment_content": "隊友唯粉太多 還有一堆有病的台灣人"}]}
