{"author": "iLeyaSin365 (365)", "category": "Gossiping", "title": "Re: [問卦] 台灣內戰的題材要怎麼拍才好看？？", "date": "Sun May  5 02:32:46 2024", "content": ["['※ 引述《LoveMakeLove (台灣加油!)》之銘言\\n', ': 看美國影集有分裂內戰的題材，德州和加州獨立跟聯邦政府內戰，評分不錯，可惜預算不', ': 戰爭場面沒有那麼大，用記者報導拍攝的角度帶過去。', ': 如果台灣也拍攝類似題材例如南北內戰要怎麼拍才對味？', ': 有沒有這方面的八卦？']", "底下推文有一則說的蠻長的，有一段思考是：", "「美國那麼分裂台灣現實何嘗不是？」它問美國可以取得槍枝，現在台灣要是可以那麼難保藍白與綠不會因為政治仇恨彼此殺了起來雖然塔綠班平常踐踏其他族群動不動就把台灣當自己的要別人滾出去但是提到：“你不怕內戰？”他們又會安撫自己說：“台灣現在已經70%都是閩南了...（東拉西扯的收起恨意）”簡直不知道自己有多矛盾蠻好笑的其實台灣不須要特別去想著台灣內戰怎麼拍好看台灣的內戰可能大不大？目前可以說不大 因為沒有武器但是台海戰爭的時候呢？動亂的時刻被迫面臨自己不想面對的敵人拿起武器直接把平常壓迫與仇恨的對象清除，是很可能的", "足", "--"], "post_comment": [{"comment_author": "hosen", "comment_date": ["05/05", "02:45"], "comment_content": "台灣沒內戰是因為外面有中共"}, {"comment_author": "protoss", "comment_date": ["05/05", "02:49"], "comment_content": "台灣最好沒內戰...一堆背骨的白藍仔整天"}, {"comment_author": "protoss", "comment_date": ["05/05", "02:50"], "comment_content": "搞爛國會跑去對岸做他的生意..."}, {"comment_author": "storilau", "comment_date": ["05/05", "02:52"], "comment_content": "這個國家基本上是我們建立的，我們為什"}, {"comment_author": "storilau", "comment_date": ["05/05", "02:52"], "comment_content": "麼要故意搞爛自己的心血？"}, {"comment_author": "storilau", "comment_date": ["05/05", "02:53"], "comment_content": "台派的認知作戰真的顛倒黑白"}, {"comment_author": "protoss", "comment_date": ["05/05", "02:54"], "comment_content": "啊不就好棒棒成天咆嘯當道德的長城薪水的"}, {"comment_author": "protoss", "comment_date": ["05/05", "02:55"], "comment_content": "小偷...無恥近乎勇齁 ;;"}, {"comment_author": "eternalecho", "comment_date": ["05/05", "03:13"], "comment_content": "有沒有反社會仔一直想殺人的八卦？"}, {"comment_author": "sellgd", "comment_date": ["05/05", "04:42"], "comment_content": "南部40%嗆吊路燈 結果被60%反吊"}, {"comment_author": "sellgd", "comment_date": ["05/05", "04:43"], "comment_content": "跑去做對岸生意 2樓沒搞錯嗎?"}, {"comment_author": "sellgd", "comment_date": ["05/05", "04:43"], "comment_content": "躲軍演 賣台積 中國鵬 親中麟 習飯友"}, {"comment_author": "sellgd", "comment_date": ["05/05", "04:43"], "comment_content": "揚性淫行 博文妻 黃捷母 鄭麗君夫"}, {"comment_author": "sellgd", "comment_date": ["05/05", "04:44"], "comment_content": "Google “維基解密 台灣 “ 早在扁之前"}, {"comment_author": "sellgd", "comment_date": ["05/05", "04:44"], "comment_content": "新潮流在97年與中國務院建立秘密對話管道"}, {"comment_author": "sellgd", "comment_date": ["05/05", "04:44"], "comment_content": "蘇與管碧玲對AIT說入聯公投只是選戰工具"}]}
