{"author": "cutesoda (極酷蘇打)", "category": "Gossiping", "title": "Re: [新聞] 中火擬增4部燃氣機組 盧秀燕籲台電：", "date": "Mon Apr 29 12:08:45 2024", "content": ["['※ 引述《Aqqqa》之銘言\\n', ':', ': 中火擬增4部燃氣機組 盧秀燕籲台電：增氣一定要減煤', ': 2024-04-29 11:46 聯合報／ 記者劉柏均／台中即時報導', ': 台電預計於台中火力發電廠新增4部燃氣機組、4部儲存槽，逐步除役燃煤機組，轉為緊急', ': 備用，市長盧秀燕認為「稍微多了點」，台中電廠已是全國最大，且是最污染的「火力發', ': 電」，不能只押在台中，若要「增氣」一定要「減煤」，希望台電能清楚向民眾、中市府', ': 溝通說明。', ': 盧秀燕說，台中火力發電廠，已經是全國最大電廠，且通通都是火力發電，包含煤、氣都', ': 是火力發電，會造成空氣污染，天然氣比煤電好一點，也是有污染，中火之前要增加兩部', ': 燃氣機組，經過協調後，台電同意拆除兩部燃氣機組，已經達成協議。', ': 盧秀燕提到，但可能國家電力不夠，台電又要增加4部燃氣機組，「稍微多了一點」，不', ': 能只押在台中，因為台中電廠已經是全國最大，且是用最污染方式「火力發電」，若之前', ': 新增2部燃氣、拆掉2部燃煤，可以達到抓平，可以接受、同意，如果要再增加4部燃氣，', ': 一定也要適度減煤。', ': 盧秀燕強調，好不容易這兩年空氣有改善，減煤也減了300萬頓，若今天機組又增加，恐', ': 怕空氣會惡化，希望台電、經濟部重視，若增氣一定要減煤，這幾天台電開始說明會，希', ': 望他們在會中，清楚與當地民眾、台中市政府溝通清楚減煤政策。']", "減煤什麼的我就別奢求台電了他沒增加我都要謝天謝地了我只有一個請求把現行的燃煤全部換掉看你要變成燃氣還是新型燃煤都可舊型的燃煤電廠空污高效率低至少相同的空污率能換來更多的電力小弟只有這個非常卑微的請求台中是不可能要核電的盧媽自己都反對了----Sent from", "on my iPhone 13 --", "--", "可以換成新技術的燃煤 我內文明明就有講"], "post_comment": [{"comment_author": "yeangigi", "comment_date": ["04/29", "12:09"], "comment_content": "燃煤緊急備用，結果緊急半年？"}, {"comment_author": "magamanzero", "comment_date": ["04/29", "12:10"], "comment_content": "台中反對正常吧 自己有最大火力發電"}, {"comment_author": "magamanzero", "comment_date": ["04/29", "12:10"], "comment_content": "要核能幹嘛..."}, {"comment_author": "wubai1119", "comment_date": ["04/29", "12:12"], "comment_content": "你知道自己在說什麼嗎"}, {"comment_author": "wubai1119", "comment_date": ["04/29", "12:13"], "comment_content": "不奢求減煤然後要全換掉？"}, {"comment_author": "specman", "comment_date": ["04/29", "12:13"], "comment_content": "中電中用 北部要吹冷氣 自己想辦法"}, {"comment_author": "ronga", "comment_date": ["04/29", "12:13"], "comment_content": "你要便宜電力  核能跟煤最少要一個"}, {"comment_author": "ronga", "comment_date": ["04/29", "12:13"], "comment_content": "啥都不要 又要便宜  怎可能"}, {"comment_author": "MMyDD", "comment_date": ["04/29", "12:16"], "comment_content": "盧媽媽意思先拆再建，先停電個半年吧"}, {"comment_author": "james732", "comment_date": ["04/29", "12:17"], "comment_content": "燃煤是不是有啥超超超超超超超臨界機組"}, {"comment_author": "douge", "comment_date": ["04/29", "12:18"], "comment_content": "你沒聽過 乾淨的媒?"}, {"comment_author": "pita30", "comment_date": ["04/29", "12:19"], "comment_content": "台中有用電量還大於發電量阿，只是有單座"}, {"comment_author": "pita30", "comment_date": ["04/29", "12:19"], "comment_content": "最大火力而以"}, {"comment_author": "wayne62", "comment_date": ["04/29", "12:19"], "comment_content": "國民黨提出「停止新建、擴建任何燃煤發"}, {"comment_author": "wayne62", "comment_date": ["04/29", "12:20"], "comment_content": "電廠或發電機組（包括深澳電廠擴建）」"}, {"comment_author": "wayne62", "comment_date": ["04/29", "12:20"], "comment_content": "的公投案，同意為759萬票，不同意為234"}, {"comment_author": "wayne62", "comment_date": ["04/29", "12:20"], "comment_content": "萬票。燃煤這條路已被國民黨封死了"}, {"comment_author": "cutesoda", "comment_date": ["04/29", "12:20"], "comment_content": "公投效力只有兩年"}, {"comment_author": "pita30", "comment_date": ["04/29", "12:21"], "comment_content": "一直講自己有最大火力，但不講最大火力也"}, {"comment_author": "pita30", "comment_date": ["04/29", "12:22"], "comment_content": "不夠台中用"}, {"comment_author": "wayne62", "comment_date": ["04/29", "12:23"], "comment_content": "理論上公投效力只有2年，但若真硬要蓋"}, {"comment_author": "wayne62", "comment_date": ["04/29", "12:23"], "comment_content": "又會被操作成 背棄公投民意"}, {"comment_author": "Anvec", "comment_date": ["04/29", "12:26"], "comment_content": "民進黨有在理公投的話 請啟用核電"}, {"comment_author": "Anvec", "comment_date": ["04/29", "12:27"], "comment_content": "2018年公投 是減少燃煤一案 以核養綠一案"}, {"comment_author": "Anvec", "comment_date": ["04/29", "12:27"], "comment_content": " 那是民意"}, {"comment_author": "lain2002", "comment_date": ["04/29", "12:28"], "comment_content": "發電廠滾出台灣"}, {"comment_author": "Anvec", "comment_date": ["04/29", "12:29"], "comment_content": "不能公投自助餐"}, {"comment_author": "wayne62", "comment_date": ["04/29", "12:31"], "comment_content": "公投17案你是否同意:核四啟封商轉發電?"}, {"comment_author": "wayne62", "comment_date": ["04/29", "12:31"], "comment_content": "不同意426萬票 >同意380萬票"}, {"comment_author": "wayne62", "comment_date": ["04/29", "12:32"], "comment_content": "公投第17案核四商轉公投是2021年"}, {"comment_author": "wayne62", "comment_date": ["04/29", "12:35"], "comment_content": "民意有時真87 又要減煤以核養綠"}, {"comment_author": "wayne62", "comment_date": ["04/29", "12:35"], "comment_content": "又不同意 核四啟封商轉"}, {"comment_author": "wayne62", "comment_date": ["04/29", "12:36"], "comment_content": "又要馬兒跑得快 又要馬兒不吃草"}, {"comment_author": "brans", "comment_date": ["04/29", "12:41"], "comment_content": "支持綠電 用力吸火力污染"}, {"comment_author": "royerrick", "comment_date": ["04/29", "12:48"], "comment_content": "看起來民意是要天然氣養綠，不是嗎？"}, {"comment_author": "oringe96", "comment_date": ["04/29", "12:54"], "comment_content": "關於減碳這件事，台灣就是個敗類"}, {"comment_author": "Killercat", "comment_date": ["04/29", "14:43"], "comment_content": "台中沒建造核電廠的條件 跟盧立場無關"}, {"comment_author": "sunluna", "comment_date": ["04/29", "15:09"], "comment_content": "EE德政 用肺發電"}, {"comment_author": "green001", "comment_date": ["04/29", "15:39"], "comment_content": "增氣好，可以同時減煤但不該拆，不然"}, {"comment_author": "green001", "comment_date": ["04/29", "15:40"], "comment_content": "哪天因為不可抗力的原因氣進不來就糟了"}]}
