{"author": "bache (.........)", "category": "Gossiping", "title": "Re: [問卦] 四月份愛滋通報 異性戀高達8.22%！！！", "date": "Sun May  5 01:08:38 2024", "content": ["['※ 引述《s142857 (s142857)》之銘言：\\n', ': 衛福部疾管署 4月份愛滋通報', ': 異性間不安全性行為 5女1男 8.22%', ': 男男間不安全性行為0女 41男 56.16%', ': 注射藥癮者 0女 1男 1.37%', ': 不詳 1女 24男 34.25%', ': 來源：CDC', ':', ': 異性戀居然佔比8%', ': 好高ㄛ 真會玩', ': 有沒有有效防治愛滋的八卦？']", "就網路交友一夜情不要玩要玩性愛遊戲就從周圍認識的去暗示詢問看看你要想想網路一夜情或夜店或者嫖妓那些族群她跟你發生關係，但她以前還跟過不少異性，而這些異性以前也跟過不少異性，每個人的過往史一直往以前不同異性疊加下去那風險多高甚至有些人有性病還會故意上網一夜情傳染給別人的所以要不就乖乖交女友，要玩就自己周圍認識的人暗示看看--"], "post_comment": []}
