{"author": "tigotigo5566 (鐵劍5566)", "category": "Gossiping", "title": "Re: [新聞] 「旭新科技」爆出被終止金流服務　憂成i", "date": "Thu May  2 13:07:27 2024", "content": ["['※ 引述《axxp (Matthew)》之銘言：\\n', ': 「旭新科技」爆出被終止金流服務\\u3000憂成im.B翻版！投資人組自救會', ': 民視 生活中心／李世宸、陳威余\\u3000台北報導', ': im.B詐騙案讓投資人餘悸猶存，現在台灣P2B媒合平台又出事了嗎？來看到旭新科技是創新', ': 投資公司，創立第10年轉介投資人投資海外標的並收取服務費，但日前被台中地檢署凍結89', ': 00萬元，上月又爆出被終止金流服務，讓投資人相當擔憂，對此旭新陸續展開說明會，表示', ': 雙方律師都在處理，絕不甩鍋。', ': 詐騙案受害者(2.3)：「現在的行政中心，我們在這邊懇請懇求。」震驚全台的im.B吸金案', ': ，上千位受害人頻頻抗議，損失金額已經超過新台幣25億，im.B詐騙風波都還沒過去，現在', ': 又傳出有投資人的錢，恐怕拿不回來。影片旁白：「柬埔寨在長期內作為該地區有競爭力的', ': 市場，脫穎而出。」', ': 影片打著投資海外房地產獲利的口號，國內首家P2B債權投資媒合平台旭新科技也如法炮製', ': ，在網站主打投資一年收益能達到8.4%，吸引大批民眾投入資金，但公司營運狀況連連，讓', ': 投資人組成多達40人的自救會。債權人林家輝：「自救會的金額的話，之前據媒體報導就有', ': 73億74億了，自救會這邊的話也有看到，有人付將近1千萬投資在裡面，也是我們的辛苦血', ': 汗錢，有的甚至是貸款貸出來的 ，我們也要繳利息也要生活啊。」旭新科技是網路借貸及', ': 債權轉讓平台，營利來源來自收取服務費，2014年成立，但在2019年因違反銀行法詐欺被新', ': 北檢盯上，獲得不起訴，2023年台中檢調搜索偵查，凍結旭新9800萬元。', ': im.B案加上詐騙猖獗，讓旭新坦言經營陷入寒冬，2024年銀行認列旭新為高風險客戶，上個', ': 月30號第三方金流服務商宣布，終止金流服務。債權人林家輝：「都是用高額報酬率來吸金', ': ，但到底是不是真的有吸金，要請台中地檢署出來說明。」旭新科技電商部總監曾振威：「', ': 我們已經有委由律師，海外的這些債券出讓方，他們已經也委由律師，我們兩邊都委由律師', ': 去商討，這些後續的包含還款計畫。」旭新陸續召開說明會，強調目前沒有任何受害者，聲', ': 明中也提到也絕不甩鍋，但投資人的擔憂全寫在臉上，就怕真的遇到吸金案老本都討不回來', ': 。', ':', ': 錢進柬埔寨，年領7～12%利息']", "轉錄旭新科技聲明稿各位關心旭新的會員朋友大家好，根據中央銀行在 2018/9/27 的報告中顯示旭新科技從 2014 年 7 月便開始營業，是台灣最早的網路借貸及債權轉讓平台。從 2014 年 7 月開始營業前，我們諮詢了律師確認了債權轉讓的民法法源依據，並在 2014 年 10 月以及 2019 年 2 月分別兩次透過金管會銀行局電子民意信箱詢問經營網路借貸及債權轉讓平台是否須取得金管會許可？得到的回覆皆為：「在符合現行法規的前提下，業者得自行規劃提供媒合金錢借貸與債權買賣服務。」在 2019 年 5 月時，新北地方檢察署曾經就旭新科技違反銀行法及詐欺做出不起訴處分，經檢察官送請再議後，台灣高等檢察署仍舊維持不起訴處分。創業的近 10 年來，旭新在符合現行法規的前提下兢兢業業的服務好投資者、債權出讓方以及借款方，並衷心期待著台灣的金融創新環境會不會如同美國、日本、韓國、新加坡那樣，政府給出一個明確的主管機關，立網路借貸相關新法或直接適用現行相關證券投資法規。讓整個網路借貸產業都能夠開大門走大路，利用監管及法規保護廣大的投資人，也讓業者們在經營上有個依循的方向。但近年來因為洗錢、詐騙遍地橫行，整個產業的環境越趨糟糕。銀行業者因認爲網路借貸業者是高風險的行業，動輒終止服務關掉網路借貸業者在銀行的戶頭，補了再多的資料給銀行做佐證換來的僅是一句：「總行因風險考量不再承辦貴公司業務」讓整個產業的經營越趨困難。去年 5 月 imb 詐騙案爆發後整個行業更是陷入寒冬，有數間業者陸續關閉不再對大眾提供服務。旭新從 2014 年開業至今沒有對不起任何一位投資會員、債權轉讓方、借款人，苦等的主管機關以及監理細則在和金管會、銀行局、各種民間協會開過無數的會議後依然毫無下文，等來的卻是在去年 7 月台中調查局、台中地檢署的再一次搜索與偵查。在歷經了 1 個月不到的調查後，旭新及公司同仁就被台中地檢署依銀行法提起公訴。我們當時的內心充滿疑惑「同樣的商業模式為什麼金管會說可以，新北地檢署說可以，台中地檢署說不行？」「在沒有任何受害者的情況下就起訴了？這種預防性的辦案手法真的符合無罪推定原則？」，正當我們諮詢律師忙著解決許多疑惑時，公司的營運帳戶與代管帳戶內的資金被當成犯罪所得扣押了。旭新科技的營運帳戶總共被扣押了 1800 萬元新台幣，代管帳戶總共被扣押了超過 8000 萬元新台幣。代管帳戶的資金是債權出讓方或是借款人已經還款給旭新會員，會員暫時尚未提領的資金。雖說我們完全了解整個司法是在保護投資大眾，但在無受害人、且犯罪事實尚需釐清的情況下就扣押的旭新的營運資金及客戶的代管資金，不僅影響了旭新客戶的權益，更嚴重影響到旭新的日常營運。旭新在如此艱難的狀態下仍持續營運，甚至去年 10 月金管會公布網路事業借貸指導原則後我們依據指導原則將金流給第三方托管、要求投資會員在投資前填寫投資前風險評量表，除再一次確認會員們真的了解購買債權、網路借貸的風險外，也替投資人設下出借限額，避免風險太過集中。不料本月旭新的董事長又因銀行法一案被聲押獲准，加上金管會主委黃天牧在近期面對質詢時表示：「網路事業借貸指導原則沒有法律效力，不遵守不會有相關罰則」，台灣政府這種不想管、無法管，直接讓檢調管的消極作為，讓與我們穩定合作近十年的新加坡合作方們開始對是不是要與旭新繼續合作產生疑慮。眾所皆知新加坡是極為講求法治的國家，「守法」這兩字是烙在每位新加坡公民 DNA 裡的。新加坡金管局對當地金融服務更是用完善的法規做高度的監理，對於類似旭新的平台早有相關的法規以及對應的牌照。在考量過相關的法律風險後，新加坡的合作方決定終止與台灣旭新的合作。除此之外，本來的第三方金流服務商也在銀行認列旭新為高風險客戶的背景下，於 4/30 終止與旭新的金流服務。為了保障台灣旭新科技所有投資人的權益，新加坡、柬埔寨、馬來西亞、印尼的合作方已統一委託新加坡知名律師事務所處理之後的還款事宜。而台灣旭新這邊也由創業至今的法律顧問作對口，共同替投資人維護法律權益，並協調還款事宜。我們要再強調一次，直至今日旭新仍無出現任何一位的受害者，且所有上架過的債權、借款皆提供多種驗證方式。此次藉由雙方律師清償與計算債權及借款除了能夠最大程度保障各位投資人外，更能夠驗證在旭新上架過的任何一筆債權、借款的真實性以及相對應的擔保品價值。各位投資會員在旭新上的提款以及債權再轉讓功能會暫時暫停，待雙方律師協調完成後，由新加坡合作方提供新的還款方式與期程。在這中間旭新的客服管道會保持暢通，我們後續也會透過說明會、直播、網頁更新等方式將最近的進度報告給所有會員。旭新絕非出了事就雙手一攤說我們只是平台的甩鍋平台。我們會秉持一如過去十年的精神，以會員的權益為優先，嚴守產業倫理與職業道德，與委任律師共同協作監督已出讓之債權、媒合之借款的後續還款事宜，繼續成為台灣網路借貸平台行業的典範。各位會員若有任何疑問可透過官網、旭新 line@官方帳號或直接來電聯繫客服，我們將竭誠的為您服務。旭新科技股份有限公司 敬上中華民國 113 年 4 月 30 日看來就是一一個政府擺爛不作為的案例，P2P、P2B經營模式無法可管，人家公司都經營十年了，連個管理辦法都沒訂出來。民進黨政府真棒", "--拎北  鐵劍五五六六，乃天命之所歸，特從天降，拯救凡人。拎北以元始天尊之尊，下凡普渡眾生。凡我信眾，務須三步一跪，九步一拜，向拎北宣誓效忠。欽此，快叩謝拎北！--", "這是媒合貸款和媒合債權販售的平台 不是銀行", "以前有資產管理公司收購債權再去討債的賺的就是這個~現在只是把收購債權這件事用網路媒合 收取手續費而已然後範圍遍及柬埔寨等地 這樣而已", "換個角度想 如果有修法把這塊變成特許行業只有金管會核准的業務可以經營 而且有一個規則遵循金管會並可以定期金檢 就不會有那麼多爭議了", "這八年來金管會不作為是帶風向嗎上網去輸入P2P 你看看現在的世界變成甚麼樣子了金管會還在食古不化 該納管不納管除了坐領乾薪 一點屁用沒有", "建議這些都查一查 還有排行榜但金管會無法可管^_^", "好了啦 那這些違法營業的平台要不要去抄一抄 呵呵im.b詐騙主嫌好像還跟高官吃過飯呢呵呵", "真的 只有開著詐騙主嫌提供的車 使用詐騙主嫌提供的房子當服務處不違法嘻嘻", "所以其他P2P平台沒有不法吸金?還是金管會根本沒有權力去金檢 要等被害人跳出來哭了才發現不法吸金？呵呵", "對啊 只會說建議民眾投資有銀行監管的投資標的 然後沒有把這些新型態的公司拿來納管人家可是在媒合貸款業務耶 金管會不用了解一下貸款有符合相關規定嗎？只會混吃等死，都已經睡八年了。悲哀", "確實啊 幹  沒用的政府"], "post_comment": [{"comment_author": "david6119", "comment_date": ["05/02", "13:12"], "comment_content": "這種當成銀行沒有違法才奇怪吧？"}, {"comment_author": "antiasus", "comment_date": ["05/02", "13:13"], "comment_content": "高風險高利率，能給這種利息，怎麼可能"}, {"comment_author": "antiasus", "comment_date": ["05/02", "13:13"], "comment_content": "讓你開心數錢就行"}, {"comment_author": "david6119", "comment_date": ["05/02", "13:19"], "comment_content": "去年就爆過了，不是說違法收受存款？"}, {"comment_author": "LUB5566", "comment_date": ["05/02", "13:23"], "comment_content": "帶風向喔"}, {"comment_author": "david6119", "comment_date": ["05/02", "13:27"], "comment_content": "不作為？我看是鑽漏洞吧，還要立委立"}, {"comment_author": "david6119", "comment_date": ["05/02", "13:27"], "comment_content": "法來脫罪？"}, {"comment_author": "david6119", "comment_date": ["05/02", "13:38"], "comment_content": "因P2P平臺業者並非經金管會核准設立的"}, {"comment_author": "david6119", "comment_date": ["05/02", "13:38"], "comment_content": "金融特許事業，故其所提供的相關服務"}, {"comment_author": "david6119", "comment_date": ["05/02", "13:38"], "comment_content": "，不得有涉及吸收大眾資金，或發行有"}, {"comment_author": "david6119", "comment_date": ["05/02", "13:38"], "comment_content": "價證券等金融特許業務的行為。"}, {"comment_author": "david6119", "comment_date": ["05/02", "13:38"], "comment_content": "好一個無法可管，呵呵"}, {"comment_author": "david6119", "comment_date": ["05/02", "13:41"], "comment_content": "違法就違法，還想洗地阿"}, {"comment_author": "david6119", "comment_date": ["05/02", "13:42"], "comment_content": "旭新科技遭起訴，是因被認定有違反《"}, {"comment_author": "david6119", "comment_date": ["05/02", "13:42"], "comment_content": "銀行法》的不法吸金"}, {"comment_author": "david6119", "comment_date": ["05/02", "13:42"], "comment_content": "很難懂嗎？"}, {"comment_author": "purue", "comment_date": ["05/02", "13:47"], "comment_content": "台灣不能取代香港成為亞太金融中心的原因"}, {"comment_author": "purue", "comment_date": ["05/02", "13:47"], "comment_content": "可見一斑 金融管理者就沒有法治概念也沒有"}, {"comment_author": "purue", "comment_date": ["05/02", "13:48"], "comment_content": "想要多管閒事 不管之前有多少次諮詢 隨意"}, {"comment_author": "purue", "comment_date": ["05/02", "13:48"], "comment_content": "就禁止已經發展上路的產業 你對這個政府能"}, {"comment_author": "purue", "comment_date": ["05/02", "13:48"], "comment_content": "期待什麼呢？"}, {"comment_author": "purue", "comment_date": ["05/02", "13:49"], "comment_content": "難怪之前金管會在fintech展還會推薦imb 根"}, {"comment_author": "purue", "comment_date": ["05/02", "13:49"], "comment_content": "本是只想沾光不想管理"}, {"comment_author": "disonhong", "comment_date": ["05/02", "15:39"], "comment_content": "台灣法令是真的保守，美國好幾家上市P2"}, {"comment_author": "MozeIII", "comment_date": ["05/05", "09:34"], "comment_content": "什麼叫沒有受害者？什麼叫預防性辦案？聲"}, {"comment_author": "MozeIII", "comment_date": ["05/05", "09:34"], "comment_content": "明稿還拖央行跟金管會下水？"}]}
