{"author": "xa56 (枒)", "category": "Gossiping", "title": "Re: [問卦] 雷耀揚幹得掉烏鴉嗎？", "date": "Mon Apr 29 12:44:54 2024", "content": ["['※ 引述《purue (purue)》之銘言：\\n', ': 雷耀揚 戰無不勝 喜好音樂 閱讀名著 會彈鋼琴 陰謀為本體 擅長偷襲', ': 烏鴉 隻手遮天 擅長翻桌 刻意挑事 硬碰硬', ': 誰比較厲害？', ': 有沒有八卦', ': ----', ': Sent from BePTT on my Google Pixel 4a']", "要比較應該也是拿靚坤跟烏鴉比較吧這兩個要不是劇情需要根本就很難死不過不得不說吳鎮宇演靚坤真的極度到位應該沒人能駕馭的比他好", ":", "--"], "post_comment": [{"comment_author": "watson8132", "comment_date": ["04/29", "12:46"], "comment_content": "樓下東興烏鴉耀揚哥"}, {"comment_author": "ggyybbk", "comment_date": ["04/29", "12:47"], "comment_content": "樓下東鴨耀興烏揚哥"}, {"comment_author": "betkuz", "comment_date": ["04/29", "13:32"], "comment_content": "樓下東門烏鴉耀揚哥"}, {"comment_author": "kyosukeakiba", "comment_date": ["04/29", "13:33"], "comment_content": "樓下東京烏鴉耀揚哥"}]}
