{"author": "kuso2005 (一時想不到)", "category": "Gossiping", "title": "[新聞] 酸徐巧芯戰神變哭神！他放話「還有證據", "date": "Mon Apr 15 10:59:10 2024", "content": ["酸徐巧芯戰神變哭神！他放話「還有證據」：繼續說謊會更難看新聞媒體：TVBS編輯 王芊歷 報導發佈時間：2024/04/15 09:45最後更新時間：2024/04/15 09:45國民黨立委徐巧芯，在大姑涉嫌洗錢詐騙案後，火速切割且在鏡頭前哭倒，還喊如果自己涉案就下台、老公涉案則離婚，舉動引來政界砲轟。對此，政論節目名嘴溫朗東在抖出事件後，再次對徐巧芯放話，「我手上證據還有，妳只會更難看！」「小睡片刻起來，戰神巧芯哭了！」溫郎東昨（14）日於臉書發文，直言徐巧芯原本義正詞嚴、氣勢磅礡，卻變成淚眼斑斑，回想過去的imB詐騙案，僅用一張照片連連看，即認為行政院副院長鄭文燦與詐騙有關；如今自己連上了，就哭倒在黨團總召傅崐萁懷裡，戰神變哭神，「別人的冤枉不是淚，就妳一個人最可憐？」溫郎東接著說，徐巧芯聲稱跟老公劉彥澧這2、3年沒跟大姑往來，但卻被抓包去（2023）年造勢活動為大姑公司協辦。對於徐巧芯的聲明，溫郎東進一步翻成白話，「我的大姑跟她杜姓丈夫，2021年跟夫家借了兩千萬開公司，但是我們還是好親友喔！一直都有保持緊密聯絡喔！我的選舉造勢也找詐欺嫌犯幫忙做喔！只是那家公司不是做詐欺洗錢的！」", "這咖還不知道已經全部燒回自己人了嗎？公司負責人林于倫、徐巧芯大姑劉向婕、大姑丈夫杜秉澄全部都是綠營的人，政治獻金網站都查得到林于倫(已被證實加入民進黨)捐了兩筆錢給吳沛憶；劉向婕捐了兩次2020給民進黨中央；杜秉澄不僅力挺3Q，去年也幫蛋商超思講話，韓國瑜當院長還說過噁心，以上三人政治立場不言而諭，只能奉勸側翼，還是靜待司法調查吧！--", "高標？民進黨是連低標都達不到的垃圾政黨"], "post_comment": [{"comment_author": "boboking2", "comment_date": ["04/15", "10:59"], "comment_content": "八卦女神 笑死"}, {"comment_author": "jma306", "comment_date": ["04/15", "11:00"], "comment_content": "  證據拿出來啊  還藏"}, {"comment_author": "kicca", "comment_date": ["04/15", "11:00"], "comment_content": "有證據不交給檢調喔？"}, {"comment_author": "attitudium", "comment_date": ["04/15", "11:02"], "comment_content": "我只知道 羅智X笑可開心了"}, {"comment_author": "peterwu4", "comment_date": ["04/15", "11:02"], "comment_content": "所以徐巧芯竟然是塔綠班埋在國民黨的…"}, {"comment_author": "RRADA", "comment_date": ["04/15", "11:03"], "comment_content": "溫朗東表示，徐巧芯在2023年11月17日晚間7"}, {"comment_author": "RRADA", "comment_date": ["04/15", "11:03"], "comment_content": "時的造勢活動「社群之夜脫口秀」，就是劉向"}, {"comment_author": "EfiwymsiAros", "comment_date": ["04/15", "11:03"], "comment_content": "趕快拿出來 放話葛小= ="}, {"comment_author": "RRADA", "comment_date": ["04/15", "11:03"], "comment_content": "婕舉辦。"}, {"comment_author": "hbc100", "comment_date": ["04/15", "11:03"], "comment_content": "燒自己人？ 綠營又沒說「不算家人」這種"}, {"comment_author": "hbc100", "comment_date": ["04/15", "11:03"], "comment_content": "話"}, {"comment_author": "MoDerF", "comment_date": ["04/15", "11:04"], "comment_content": "騙騙通告費的話術啦 這咖小能有料"}, {"comment_author": "wsmallmau", "comment_date": ["04/15", "11:06"], "comment_content": "有就快拿出來 最喜歡看狗咬狗"}, {"comment_author": "rock123520", "comment_date": ["04/15", "11:06"], "comment_content": "=== 溫只有嫖妓不給錢才是真的啦 ==="}, {"comment_author": "cchaha3122", "comment_date": ["04/15", "11:07"], "comment_content": "嫖妓要付錢阿，笑死"}, {"comment_author": "idxxxx", "comment_date": ["04/15", "11:09"], "comment_content": "溫郎東XD"}, {"comment_author": "vutuv", "comment_date": ["04/15", "11:10"], "comment_content": "無間道：喊打喊殺最大聲的通常是臥底"}, {"comment_author": "esther123", "comment_date": ["04/15", "11:13"], "comment_content": "只是黨員就算自己人 結果大姑不算家人"}, {"comment_author": "esther123", "comment_date": ["04/15", "11:13"], "comment_content": "？"}, {"comment_author": "alco7", "comment_date": ["04/15", "11:18"], "comment_content": "一刀斃命的證據快丟 互相揭弊才會越來越好"}, {"comment_author": "frogfly123", "comment_date": ["04/15", "11:20"], "comment_content": "結婚真的要去了解另一半的政治立場"}, {"comment_author": "vincecarterx", "comment_date": ["04/15", "11:22"], "comment_content": "結果下去詐騙的是民進黨 自己人耶"}, {"comment_author": "westinsane", "comment_date": ["04/15", "11:47"], "comment_content": "欸，林于倫不是你麻吉嗎？確定要繼續"}, {"comment_author": "westinsane", "comment_date": ["04/15", "11:48"], "comment_content": "吵？"}, {"comment_author": "BRANFORD", "comment_date": ["04/15", "11:55"], "comment_content": "支持白....嫖客繼續打"}, {"comment_author": "todd7788", "comment_date": ["04/15", "11:58"], "comment_content": "D區"}, {"comment_author": "Thorvs", "comment_date": ["04/15", "12:04"], "comment_content": "金流證據記得不要慫全部拿出來別藏一半啊"}, {"comment_author": "erickruklin", "comment_date": ["04/15", "12:08"], "comment_content": "喔。自己人喔 好哦。綠營合照就是自"}, {"comment_author": "erickruklin", "comment_date": ["04/15", "12:08"], "comment_content": "己人, 八卦女神跟老公血親不熟 好哦~"}, {"comment_author": "erickruklin", "comment_date": ["04/15", "12:09"], "comment_content": "跟詐騙有關係全抓不好嗎？ 自己人？"}, {"comment_author": "nikewang", "comment_date": ["04/15", "12:12"], "comment_content": "溫朗東不是跟他口中的賤胖子林于倫是多"}, {"comment_author": "nikewang", "comment_date": ["04/15", "12:13"], "comment_content": "年好友嗎? 怎不爆料你好友的事? 林于倫"}, {"comment_author": "nikewang", "comment_date": ["04/15", "12:13"], "comment_content": "可是洗錢公關公司的主嫌"}, {"comment_author": "supreme123", "comment_date": ["04/15", "12:13"], "comment_content": "藍趴神邏輯：黨員比家人關係更密切"}, {"comment_author": "supreme123", "comment_date": ["04/15", "12:14"], "comment_content": "支持有都查一查，不要在那邊雙標"}, {"comment_author": "supreme123", "comment_date": ["04/15", "12:15"], "comment_content": "可笑的明明就是徐總是高標對別人，回"}, {"comment_author": "supreme123", "comment_date": ["04/15", "12:15"], "comment_content": "力鏢打回來馬上哭"}, {"comment_author": "westinsane", "comment_date": ["04/15", "12:27"], "comment_content": "笑死，黨員？陳其邁跟陳至中又怎麼說"}, {"comment_author": "westinsane", "comment_date": ["04/15", "12:28"], "comment_content": "？綠畜總是拿聖人的標準檢視別人，用"}, {"comment_author": "westinsane", "comment_date": ["04/15", "12:28"], "comment_content": "賤人的標準看自己人？"}, {"comment_author": "lgw2001", "comment_date": ["04/15", "12:37"], "comment_content": "大姑、姊夫是平輩的"}]}
