{"author": "xamous (一天死去一點)", "category": "Gossiping", "title": "[新聞] 習近平放更軟提4字「台灣公約數」 郭正亮", "date": "Sun Apr 14 19:30:50 2024", "content": ["備註請放最後面 違者新聞文章刪除1.媒體來源:中時2.記者署名:陳政嘉3.完整新聞標題:習近平放更軟提4字「台灣公約數」 郭正亮：不接受就更硬4.完整新聞內文:前總統馬英九日前率台灣青年學子出訪大陸，在北京人民大會堂與大陸領導人習近平會面，並進行閉門會談，陸方也在釣魚台國賓館設宴招待馬一行人。對此，前立委郭正亮表示，習近平跟馬英九的論述在各自國內都不是主流，", "前立委郭正亮12日在政論節目《盧秀芳辣晚報》分析，習近平對和平統一有話要說，「習近平跟馬英九的路線，現在在個別國內都不是多數」，現在大陸的氛圍是武統派上揚、對台灣失去耐心，", "郭正亮解釋，習近平已經說出「如果願意認同兩岸同屬中華民族，就可以坐下來談」，這是最寬鬆的民族概念、也是大陸能給出的最寬條件，沒有要求先認同一個國家之類的，因為他知道國民黨不可能同意，所以接下來「台灣的中華民族認同」的議題就浮現了，習近平已經表現出更軟的姿態，", "郭正亮也認為，中華民族就是台灣的最大公約數，這事實上是國民政府提出的概念，會想到中華文化、中華文明，這大家比較能接受，", "5.完整新聞連結 (或短網址)不可用YAHOO、LINE、MSN等轉載媒體:", "6.備註:", "請?", "--"], "post_comment": [{"comment_author": "gino0717", "comment_date": ["04/14", "19:31"], "comment_content": "兩岸同屬蘿莉控"}, {"comment_author": "thegreatlcx", "comment_date": ["04/14", "19:31"], "comment_content": "好話說了不接受就強姦你是不是這個意"}, {"comment_author": "blessbless", "comment_date": ["04/14", "19:31"], "comment_content": "維尼最近怎麼走暖男了"}, {"comment_author": "thegreatlcx", "comment_date": ["04/14", "19:31"], "comment_content": "思"}, {"comment_author": "lovesinker", "comment_date": ["04/14", "19:32"], "comment_content": "郭現在比部分淺藍還統派"}, {"comment_author": "chubby31190", "comment_date": ["04/14", "19:32"], "comment_content": "好的 哇洗歹丸郎"}, {"comment_author": "BlueBird5566", "comment_date": ["04/14", "19:33"], "comment_content": "給我2個正妹跟2億我就投降"}, {"comment_author": "DarkKnight", "comment_date": ["04/14", "19:33"], "comment_content": "郭超統"}, {"comment_author": "kevin31a2", "comment_date": ["04/14", "19:33"], "comment_content": "誰?"}, {"comment_author": "LoveMakeLove", "comment_date": ["04/14", "19:33"], "comment_content": "所以是要台灣怎樣？賴清德哪會鳥習"}, {"comment_author": "LoveMakeLove", "comment_date": ["04/14", "19:34"], "comment_content": "近平"}, {"comment_author": "Death13", "comment_date": ["04/14", "19:34"], "comment_content": "習軟了 酒駕亮氣哭"}, {"comment_author": "LoveMakeLove", "comment_date": ["04/14", "19:34"], "comment_content": "台灣民族萬歲！"}, {"comment_author": "VVizZ", "comment_date": ["04/14", "19:34"], "comment_content": "什麼時候才能把這個匪亮抓去關"}, {"comment_author": "westinsane", "comment_date": ["04/14", "19:34"], "comment_content": "郭跟黨的運作不合被退黨就要被說統，"}, {"comment_author": "westinsane", "comment_date": ["04/14", "19:35"], "comment_content": "真可憐"}, {"comment_author": "welly520", "comment_date": ["04/14", "19:35"], "comment_content": "選舉結果已經說了 跟中國幹到底"}, {"comment_author": "kenryu", "comment_date": ["04/14", "19:35"], "comment_content": "習豬軟屌"}, {"comment_author": "q34355997", "comment_date": ["04/14", "19:35"], "comment_content": ""}, {"comment_author": "q34355997", "comment_date": ["04/14", "19:35"], "comment_content": ""}, {"comment_author": "cosmite", "comment_date": ["04/14", "19:36"], "comment_content": "郭現在是共產黨肚子裡的蛔蟲？"}, {"comment_author": "peiring", "comment_date": ["04/14", "19:36"], "comment_content": "接受你媽啦"}, {"comment_author": "kevin31a2", "comment_date": ["04/14", "19:36"], "comment_content": "過氣政治老人"}, {"comment_author": "iLeyaSin365", "comment_date": ["04/14", "19:37"], "comment_content": "不統的加入軍隊啊！從來沒有譴責統"}, {"comment_author": "iLeyaSin365", "comment_date": ["04/14", "19:37"], "comment_content": "一的覺青說加入軍人"}, {"comment_author": "iLeyaSin365", "comment_date": ["04/14", "19:38"], "comment_content": "而且鼓吹犧牲換取自由民主，"}, {"comment_author": "iLeyaSin365", "comment_date": ["04/14", "19:38"], "comment_content": "然後繼續民進黨一直當選總統"}, {"comment_author": "iLeyaSin365", "comment_date": ["04/14", "19:38"], "comment_content": "，我不懂有什麼意義"}, {"comment_author": "kevin31a2", "comment_date": ["04/14", "19:38"], "comment_content": "統一永遠沒有中共的份"}, {"comment_author": "kentin", "comment_date": ["04/14", "19:39"], "comment_content": "哦好啊阿亮，啊我就問認同了要談什麼？談"}, {"comment_author": "kentin", "comment_date": ["04/14", "19:39"], "comment_content": "統一？談獨立？還是談大中華共同圈？你這"}, {"comment_author": "kentin", "comment_date": ["04/14", "19:40"], "comment_content": "麼了解習近平麻煩解答看看"}, {"comment_author": "w814015", "comment_date": ["04/14", "19:40"], "comment_content": "哪讓國民黨提出公投投看看，就可以知道是"}, {"comment_author": "w814015", "comment_date": ["04/14", "19:40"], "comment_content": "否為台灣人的最大公約數？"}, {"comment_author": "w814015", "comment_date": ["04/14", "19:40"], "comment_content": "不是你郭講了算欸"}, {"comment_author": "sinohara", "comment_date": ["04/14", "19:41"], "comment_content": "狗症輛典型的求官不成變叛徒"}, {"comment_author": "VVizZ", "comment_date": ["04/14", "19:42"], "comment_content": "真的噁爛"}, {"comment_author": "sinohara", "comment_date": ["04/14", "19:42"], "comment_content": "狗求官不成由綠轉紅"}, {"comment_author": "VVizZ", "comment_date": ["04/14", "19:42"], "comment_content": "根本就沒戴假髮的邱毅"}, {"comment_author": "VVizZ", "comment_date": ["04/14", "19:42"], "comment_content": "邱毅至少還從一而終"}, {"comment_author": "Raptors1", "comment_date": ["04/14", "19:43"], "comment_content": "跟中國人同族怎麼想都沒好事"}, {"comment_author": "w814015", "comment_date": ["04/14", "19:43"], "comment_content": "柯說的，名稱不重要，重要是內容要談什"}, {"comment_author": "w814015", "comment_date": ["04/14", "19:43"], "comment_content": "麼？認同中華民族然後呢？談什麼？"}, {"comment_author": "austin69", "comment_date": ["04/14", "19:45"], "comment_content": "投民進黨的都去教召啦"}, {"comment_author": "CTTSAI", "comment_date": ["04/14", "19:48"], "comment_content": "原住民：你們難民趕快離開 乾我屁事 還有"}, {"comment_author": "CTTSAI", "comment_date": ["04/14", "19:48"], "comment_content": "種花冥國不要逃難搬過來的政權 整天管人有"}, {"comment_author": "CTTSAI", "comment_date": ["04/14", "19:48"], "comment_content": "夠垃圾 還炒地皮"}, {"comment_author": "azeroth", "comment_date": ["04/14", "19:50"], "comment_content": "= =習包子在賴當選後放軟 覺得越來越怪惹"}, {"comment_author": "daydreamer13", "comment_date": ["04/14", "19:51"], "comment_content": "都是地球人 可惜中國人不認同"}, {"comment_author": "loking", "comment_date": ["04/14", "19:51"], "comment_content": "其實啥族群都沒差吧   只要自由都可談"}, {"comment_author": "daydreamer13", "comment_date": ["04/14", "19:52"], "comment_content": "乾脆日本韓國一起畫進來 都是東亞"}, {"comment_author": "daydreamer13", "comment_date": ["04/14", "19:52"], "comment_content": "民族 再把東南亞畫進來 都是亞洲人"}, {"comment_author": "loking", "comment_date": ["04/14", "19:52"], "comment_content": "想當中國人就自己移民過去"}, {"comment_author": "daydreamer13", "comment_date": ["04/14", "19:52"], "comment_content": " 說到底就是一個名詞而已 無聊"}, {"comment_author": "daydreamer13", "comment_date": ["04/14", "19:53"], "comment_content": "是中華民族又怎樣？不是中華民族又"}, {"comment_author": "daydreamer13", "comment_date": ["04/14", "19:53"], "comment_content": "怎樣？說到底中國追求的就是侵略台"}, {"comment_author": "daydreamer13", "comment_date": ["04/14", "19:54"], "comment_content": "灣 難道同意是中華民族他就會舉雙"}, {"comment_author": "daydreamer13", "comment_date": ["04/14", "19:54"], "comment_content": "手贊成你是中華民族的另一個國家嗎"}, {"comment_author": "daydreamer13", "comment_date": ["04/14", "19:54"], "comment_content": "？"}, {"comment_author": "lion1227", "comment_date": ["04/14", "19:55"], "comment_content": "中時記者每天看中天yt就可以寫報導了"}, {"comment_author": "ssaic2006", "comment_date": ["04/14", "19:56"], "comment_content": "哥布林的中華台北改名了嗎？"}, {"comment_author": "iLeyaSin365", "comment_date": ["04/14", "19:59"], "comment_content": "台灣不是你閩南的啦！自稱台灣人綁"}, {"comment_author": "iLeyaSin365", "comment_date": ["04/14", "19:59"], "comment_content": "架台灣，不站隊你閩南就把人趕出去"}, {"comment_author": "iLeyaSin365", "comment_date": ["04/14", "19:59"], "comment_content": "！投票也要投民進黨才是愛台灣，閩"}, {"comment_author": "iLeyaSin365", "comment_date": ["04/14", "19:59"], "comment_content": "南跟臺灣這名字分開啦！寄生在台灣"}, {"comment_author": "iLeyaSin365", "comment_date": ["04/14", "19:59"], "comment_content": "！"}, {"comment_author": "iLeyaSin365", "comment_date": ["04/14", "20:00"], "comment_content": "要選擇統一的人，還不是不要這種假"}, {"comment_author": "JoeyChen", "comment_date": ["04/14", "20:00"], "comment_content": "習這樣講 中國國內的反應是啥?"}, {"comment_author": "iLeyaSin365", "comment_date": ["04/14", "20:00"], "comment_content": "民主假自由的綠共政府！"}, {"comment_author": "iLeyaSin365", "comment_date": ["04/14", "20:00"], "comment_content": "你們這些親美舔美的綠色共產黨"}, {"comment_author": "miforward", "comment_date": ["04/14", "20:00"], "comment_content": "綠和團說中華台北沒有矮化，可是大斥"}, {"comment_author": "miforward", "comment_date": ["04/14", "20:00"], "comment_content": "中華民族，以後黨如果要統一，綠和團"}, {"comment_author": "miforward", "comment_date": ["04/14", "20:01"], "comment_content": "也會說統一沒有問題"}, {"comment_author": "iLeyaSin365", "comment_date": ["04/14", "20:02"], "comment_content": "怪別人支持統一，你們沒資格罵別人"}, {"comment_author": "iLeyaSin365", "comment_date": ["04/14", "20:02"], "comment_content": "支持另一個政權，因為你們太爛了"}, {"comment_author": "JimmyBlue", "comment_date": ["04/14", "20:08"], "comment_content": "認同同屬中華民族..但是不想跟你談..XD"}, {"comment_author": "fox39724", "comment_date": ["04/14", "20:12"], "comment_content": "那就建交吧，樂觀其成"}, {"comment_author": "pupudice", "comment_date": ["04/14", "20:13"], "comment_content": "錫大大好硬喔"}, {"comment_author": "keane9112", "comment_date": ["04/14", "20:18"], "comment_content": "郭正亮是習近平翻譯嗎"}, {"comment_author": "suhaw", "comment_date": ["04/14", "20:24"], "comment_content": "麻煩習近平有種一點點就好，快打啊"}, {"comment_author": "suhaw", "comment_date": ["04/14", "20:24"], "comment_content": "習近平超級孬種"}, {"comment_author": "azcooper", "comment_date": ["04/14", "20:26"], "comment_content": "此生不悔入華夏"}, {"comment_author": "Risperidone", "comment_date": ["04/14", "20:28"], "comment_content": "先解釋香港50年不變怎麼變了？"}, {"comment_author": "EarlyInMay", "comment_date": ["04/14", "20:31"], "comment_content": "民族只是一個虛構的概念 兩岸同屬華語"}, {"comment_author": "EarlyInMay", "comment_date": ["04/14", "20:31"], "comment_content": "使用圈勉強可接受"}, {"comment_author": "myyalga", "comment_date": ["04/14", "20:35"], "comment_content": "那就硬吧！"}, {"comment_author": "karta018", "comment_date": ["04/14", "20:42"], "comment_content": "靠北喔，武統派會上揚還不是維尼搞的，"}, {"comment_author": "karta018", "comment_date": ["04/14", "20:42"], "comment_content": "講得好像那些官是瞞著維尼就任的"}, {"comment_author": "j0588", "comment_date": ["04/14", "20:45"], "comment_content": "笑死 台灣人本來就是從福建渡海來的，為了"}, {"comment_author": "j0588", "comment_date": ["04/14", "20:45"], "comment_content": "獨立連自己祖先都不要了"}, {"comment_author": "RGBB", "comment_date": ["04/14", "20:47"], "comment_content": ""}, {"comment_author": "a1qazbgt5", "comment_date": ["04/14", "21:17"], "comment_content": "幻想文可以當新聞"}, {"comment_author": "crtzeng", "comment_date": ["04/14", "21:20"], "comment_content": "老毛的照片還掛在天安門"}, {"comment_author": "TISH12311", "comment_date": ["04/14", "21:25"], "comment_content": "至少14E是統派0.2E是獨派 世界觀正確"}, {"comment_author": "Johanes24508", "comment_date": ["04/14", "21:25"], "comment_content": "呃是南島語族......"}, {"comment_author": "nobody345", "comment_date": ["04/14", "21:56"], "comment_content": "我想要邀請偉大永恆的中國皇帝習主席"}, {"comment_author": "nobody345", "comment_date": ["04/14", "21:56"], "comment_content": "來台北故宮博物院進行一趟中國文化博大"}, {"comment_author": "nobody345", "comment_date": ["04/14", "21:57"], "comment_content": "精深文化之旅 我精通中國二十四史"}, {"comment_author": "nobody345", "comment_date": ["04/14", "21:57"], "comment_content": "我的台北故宮導覽可以從早上七點講到"}, {"comment_author": "nobody345", "comment_date": ["04/14", "21:58"], "comment_content": "晚上十二點 讓習主席的心靈受到洗滌"}, {"comment_author": "nobody345", "comment_date": ["04/14", "21:58"], "comment_content": "習主席知道了中國文化的偉大後 可能就"}, {"comment_author": "nobody345", "comment_date": ["04/14", "21:59"], "comment_content": "這樣也許習主席就不會每天想五桶台灣了"}, {"comment_author": "nobody345", "comment_date": ["04/14", "22:00"], "comment_content": "中國這麼偉大 資源拿來發展中國民間社"}, {"comment_author": "nobody345", "comment_date": ["04/14", "22:00"], "comment_content": "會不好嗎？為何要發展軍武 觸怒美國人"}, {"comment_author": "nobody345", "comment_date": ["04/14", "22:01"], "comment_content": "就是死路一條 全中國人都慘爆"}, {"comment_author": "nobody345", "comment_date": ["04/14", "22:01"], "comment_content": "如果共產黨不讓習主席來台北故宮 那去"}, {"comment_author": "nobody345", "comment_date": ["04/14", "22:02"], "comment_content": "紐約亦可 我請習主席吸大麻 根據醫學"}, {"comment_author": "nobody345", "comment_date": ["04/14", "22:02"], "comment_content": "研究 大麻會明顯降低攻擊性思考和行為"}, {"comment_author": "nobody345", "comment_date": ["04/14", "22:03"], "comment_content": "給習主席吸足量大麻 可能他的暴力思想"}, {"comment_author": "nobody345", "comment_date": ["04/14", "22:04"], "comment_content": "就會減少 會在乎中國人的福祉多一點"}, {"comment_author": "nobody345", "comment_date": ["04/14", "22:37"], "comment_content": "馬上就有道德警察說我在臺灣吸大麻？"}, {"comment_author": "nobody345", "comment_date": ["04/14", "22:37"], "comment_content": "請問我的推文有說我自己要在紐約呼麻嗎"}, {"comment_author": "nobody345", "comment_date": ["04/14", "22:38"], "comment_content": "我是醫師 我是要坐在習主席對面 觀察"}, {"comment_author": "nobody345", "comment_date": ["04/14", "22:38"], "comment_content": "他在紐約高檔大麻店裡吸入的劑量是否"}, {"comment_author": "nobody345", "comment_date": ["04/14", "22:39"], "comment_content": "足夠 評估方式就是問他武統台灣的狂想"}, {"comment_author": "nobody345", "comment_date": ["04/14", "22:40"], "comment_content": "還有多強 如果還有就繼續加大劑量 吸到"}, {"comment_author": "leterg", "comment_date": ["04/14", "22:40"], "comment_content": "就一中各表"}, {"comment_author": "nobody345", "comment_date": ["04/14", "22:40"], "comment_content": "腦裡沒有武統台灣的想法為止 治療結束"}, {"comment_author": "nobody345", "comment_date": ["04/14", "22:41"], "comment_content": "真想不透中國這麼大 台灣這麼小 為何要"}, {"comment_author": "nobody345", "comment_date": ["04/14", "22:41"], "comment_content": "從韭菜壓榨出來的資源武統台灣？"}, {"comment_author": "nobody345", "comment_date": ["04/14", "22:42"], "comment_content": "統一這個刁民島以後要派幾百萬人維穩？"}, {"comment_author": "leterg", "comment_date": ["04/14", "22:42"], "comment_content": "習近平很給馬英九面子了，沒提統一跟PRC"}, {"comment_author": "nobody345", "comment_date": ["04/14", "22:42"], "comment_content": "還加上美國每天來炸 可能沿海民間設施"}, {"comment_author": "nobody345", "comment_date": ["04/14", "22:43"], "comment_content": "也都炸 回去過舊石器時代的生活好棒棒"}, {"comment_author": "jlw", "comment_date": ["04/14", "22:58"], "comment_content": "肛"}, {"comment_author": "billy4305", "comment_date": ["04/15", "00:07"], "comment_content": "支八仔全體高潮"}, {"comment_author": "sakyro", "comment_date": ["04/15", "12:37"], "comment_content": "藍白粉高潮，中華民族一家親"}]}
