{"author": "Salcea (5457)", "category": "Gossiping", "title": "[新聞] 這個畫面「有味道」！台鐵自強號6座椅被", "date": "Mon Apr 15 08:58:41 2024", "content": ["這個畫面「有味道」！台鐵自強號6座椅被抹糞便 鐵警：車廂僅1人聯合報／ 記者翁至成／台北即時報導", "台鐵305車次自強號列車14日驚傳有乘客在座椅塗抹穢物，清潔員發現後報警，鐵路警方指出，車廂共有6處座椅遭抹糞，還有1處大便在地上，已調閱監視器畫面，掌握犯嫌偵辦中。台鐵公司指出，該列車是從新左營開抵台東，14日早上11點多，列車停靠台東終點站，清潔員發現第1車廂有數個座椅出現黃色疑似大便的穢物，立即暫緩該車廂後續運用，安排列車入庫清潔、消毒，並向鐵路警察局報案，追查該名乘客及求償相關損失。鐵警表示，14日下午2點20分接獲台東機務段技術員報案提告毀損罪，經初步檢視監視器畫面，本案是列車到達台東站前發生（10點55分），共有6處椅背遭抹糞，另有1處大便置地，由於該車廂僅有一名旅客搭乘，相關案情行為清晰可辨，已掌握涉案人，將通知到案說明。", "--  ／人", "人＼ 「和我簽下契約成為", "吧！」--"], "post_comment": [{"comment_author": "s820912gmail", "comment_date": ["04/15", "08:58"], "comment_content": "台鐵素質不意外"}, {"comment_author": "ianlin1216", "comment_date": ["04/15", "08:59"], "comment_content": "新左營，又是南部人"}, {"comment_author": "Qinsect", "comment_date": ["04/15", "08:59"], "comment_content": "畢竟是滯支…"}, {"comment_author": "stcr3011", "comment_date": ["04/15", "08:59"], "comment_content": "...."}, {"comment_author": "cs09312", "comment_date": ["04/15", "09:00"], "comment_content": "嘔嘔嘔"}, {"comment_author": "PeterSu1983", "comment_date": ["04/15", "09:00"], "comment_content": "圖勒"}, {"comment_author": "jeff0025", "comment_date": ["04/15", "09:00"], "comment_content": "甲"}, {"comment_author": "flymyfinger", "comment_date": ["04/15", "09:00"], "comment_content": "舔一舔轉一轉再泡一泡牛奶"}, {"comment_author": "preisner", "comment_date": ["04/15", "09:02"], "comment_content": "十樓肛塞忘了帶啦"}, {"comment_author": "finzaghi", "comment_date": ["04/15", "09:03"], "comment_content": "嘔嘔嘔"}, {"comment_author": "okichan", "comment_date": ["04/15", "09:03"], "comment_content": "484管不住肛門的某族群啊"}, {"comment_author": "kzoae", "comment_date": ["04/15", "09:09"], "comment_content": "想到昨天的圖就很噁 還真的是大便"}, {"comment_author": "UniversalGod", "comment_date": ["04/15", "09:11"], "comment_content": "有夠噁心的"}, {"comment_author": "ddg1802", "comment_date": ["04/15", "09:20"], "comment_content": "小草又再報復社會了"}, {"comment_author": "polarbearrrr", "comment_date": ["04/15", "09:21"], "comment_content": "畢竟是南部綠共"}, {"comment_author": "WeiKitten", "comment_date": ["04/15", "09:25"], "comment_content": ""}, {"comment_author": "tn907915", "comment_date": ["04/15", "09:31"], "comment_content": "可惜不能推給陸客了"}, {"comment_author": "DemonPrince", "comment_date": ["04/15", "09:36"], "comment_content": "中國的血統"}, {"comment_author": "hw1", "comment_date": ["04/15", "09:39"], "comment_content": "早餐文"}, {"comment_author": "jeans1020", "comment_date": ["04/15", "09:40"], "comment_content": "搭台鐵的精障一堆 該慶幸只是抹屎"}, {"comment_author": "jeans1020", "comment_date": ["04/15", "09:41"], "comment_content": "沒去傷人"}, {"comment_author": "bobju", "comment_date": ["04/15", "09:41"], "comment_content": "台灣低端本來就很多"}, {"comment_author": "crazydj", "comment_date": ["04/15", "09:49"], "comment_content": "40%不是尿尿就是抹屎"}, {"comment_author": "bairn", "comment_date": ["04/15", "09:59"], "comment_content": "淦，一定又領有無敵腦殘手冊"}, {"comment_author": "trchen", "comment_date": ["04/15", "10:32"], "comment_content": "各大學宿舍大便俠 都出社會坐台鐵惹"}, {"comment_author": "psykl", "comment_date": ["04/15", "10:43"], "comment_content": "清潔人員好辛苦，不知月薪仲介抽多少"}, {"comment_author": "jay0215", "comment_date": ["04/15", "12:10"], "comment_content": "南部灣仔水平的日常"}, {"comment_author": "sotsu2016", "comment_date": ["04/17", "07:05"], "comment_content": "結果就是中國人幹的，滾回中國啦"}]}
