{"author": "selisja (未來捕手)", "category": "Gossiping", "title": "[新聞] 張小燕發聲了！痛心喊「早知道不讓孟耿", "date": "Mon Apr 15 10:09:08 2024", "content": ["張小燕發聲了！痛心喊「早知道不讓孟耿如嫁黃子佼」：我頭都抬不起來快新聞 娛樂中心／周希雯報導黃子佼接連爆出性騷、性侵風波，又被查獲在偷拍論壇購買未成年不雅片，引起各界嘩然，包括小S、賈永婕、陶晶瑩等多位演藝圈大咖，都針對兒童性剝削發起連署，事發後，張小燕作為黃子佼恩師，因遲遲未發聲受到批評，沒想到好友高愛倫今（15日）公開對話，只見張小燕痛心說「我真是傷透了，我真的頭都抬不起來，一輩子沒有這樣怕見人」，", "--"], "post_comment": [{"comment_author": "kevin86tp", "comment_date": ["04/15", "10:10"], "comment_content": "千金難買早知道"}, {"comment_author": "okokok0410", "comment_date": ["04/15", "10:10"], "comment_content": "我們家的孩子很乖的"}, {"comment_author": "firemothra", "comment_date": ["04/15", "10:10"], "comment_content": "測風向測真久"}, {"comment_author": "forgiveus", "comment_date": ["04/15", "10:10"], "comment_content": "整個演藝圈都知道，就你不知道"}, {"comment_author": "ls4860", "comment_date": ["04/15", "10:11"], "comment_content": "晚節不保 還不是自己做錯 慘"}, {"comment_author": "wujet09100", "comment_date": ["04/15", "10:11"], "comment_content": "五樓早知道自己會被肛 就不會半夜喝醉"}, {"comment_author": "kevinken123", "comment_date": ["04/15", "10:11"], "comment_content": "每次看留言都覺得都要逼小燕死的感覺"}, {"comment_author": "RRADA", "comment_date": ["04/15", "10:11"], "comment_content": "小燕姐沉寂了一星期，終究也切割自己愛徒了"}, {"comment_author": "wujet09100", "comment_date": ["04/15", "10:11"], "comment_content": "只穿四角褲在公園睡覺了"}, {"comment_author": "tiger911", "comment_date": ["04/15", "10:11"], "comment_content": "小鐘都知道 妳小燕姐卻不知道XD"}, {"comment_author": "Dcwei", "comment_date": ["04/15", "10:12"], "comment_content": "大家都知道 就你不知道 你真的是他師父監"}, {"comment_author": "Dcwei", "comment_date": ["04/15", "10:12"], "comment_content": "乾媽嗎"}, {"comment_author": "caity", "comment_date": ["04/15", "10:12"], "comment_content": "你要怎麼阻止人家嫁?"}, {"comment_author": "ljm87", "comment_date": ["04/15", "10:12"], "comment_content": "呵 窩什麼都不知道"}, {"comment_author": "caity", "comment_date": ["04/15", "10:12"], "comment_content": "這說法有點存疑,好像滿多人知道的阿"}, {"comment_author": "RRADA", "comment_date": ["04/15", "10:12"], "comment_content": "當初妳捧黃子佼捧得多高，現在妳就摔得多重"}, {"comment_author": "z2wen", "comment_date": ["04/15", "10:13"], "comment_content": "全部人都知道，你不知道？"}, {"comment_author": "yggyygy", "comment_date": ["04/15", "10:13"], "comment_content": "小燕之夜"}, {"comment_author": "eeefdsa", "comment_date": ["04/15", "10:14"], "comment_content": "怎麼可能會知道每個人的私事"}, {"comment_author": "wei9898", "comment_date": ["04/15", "10:14"], "comment_content": "大家相信嗎？XD"}, {"comment_author": "tello", "comment_date": ["04/15", "10:15"], "comment_content": "發這種還不如不發，黨又不敢怎樣"}, {"comment_author": "keigowei", "comment_date": ["04/15", "10:15"], "comment_content": "有些事男人知道不見得會讓女人知道 哈"}, {"comment_author": "toshizo", "comment_date": ["04/15", "10:15"], "comment_content": "要怎麼不讓？"}, {"comment_author": "keigowei", "comment_date": ["04/15", "10:16"], "comment_content": "你群組裡的事你女人都知道喔！騙鬼膩"}, {"comment_author": "machiusheng", "comment_date": ["04/15", "10:17"], "comment_content": "天要下雨 由不得你"}, {"comment_author": "giantwinter", "comment_date": ["04/15", "10:18"], "comment_content": "可憐阿"}, {"comment_author": "adasin", "comment_date": ["04/15", "10:18"], "comment_content": "小燕姐倒不如不要說話 只會顯得虛偽"}, {"comment_author": "angelo98", "comment_date": ["04/15", "10:20"], "comment_content": "唉"}, {"comment_author": "d06", "comment_date": ["04/15", "10:21"], "comment_content": "現在說什麼都不對 也不能說早知情"}, {"comment_author": "kevinken123", "comment_date": ["04/15", "10:21"], "comment_content": "之前一堆人要他表態，表態又被罵..."}, {"comment_author": "adasin", "comment_date": ["04/15", "10:24"], "comment_content": "要你表態 不是要你切割 切割被罵是剛好"}, {"comment_author": "Dcwei", "comment_date": ["04/15", "10:25"], "comment_content": "小燕姐的地位應該會知道很多其他人不知道"}, {"comment_author": "Dcwei", "comment_date": ["04/15", "10:25"], "comment_content": "的事 他乾兒子的事幾十年來沒人去跟他講"}, {"comment_author": "adasin", "comment_date": ["04/15", "10:25"], "comment_content": "小燕姐說不知道 真的是笑死很多人"}, {"comment_author": "BenShiuan", "comment_date": ["04/15", "10:26"], "comment_content": "反而覺得誰敢去說什麼，除非有明確證據"}, {"comment_author": "adasin", "comment_date": ["04/15", "10:28"], "comment_content": "三姑六婆最愛聊八卦了 (你沒遇過?"}, {"comment_author": "adasin", "comment_date": ["04/15", "10:28"], "comment_content": "他們聊起來、咬耳朵 哪需要什麼證據"}, {"comment_author": "melissalewis", "comment_date": ["04/15", "10:29"], "comment_content": "不是啊小燕姐,如果有人提早跟妳講,"}, {"comment_author": "melissalewis", "comment_date": ["04/15", "10:29"], "comment_content": "妳會信嗎"}, {"comment_author": "iPadProPlus", "comment_date": ["04/15", "10:31"], "comment_content": "哈哈哈哈哈 你要確定欸"}, {"comment_author": "icemc", "comment_date": ["04/15", "10:33"], "comment_content": "家人媒體業 就已經知道很多八卦了"}, {"comment_author": "icemc", "comment_date": ["04/15", "10:33"], "comment_content": "我是不信圈子上層的完全不知道啦"}, {"comment_author": "Beth531", "comment_date": ["04/15", "10:45"], "comment_content": "就算知道也不能說，反正撇清關係、出來哭"}, {"comment_author": "franzos", "comment_date": ["04/15", "10:45"], "comment_content": "孟值得更好 而不是變態禿頭矮子"}, {"comment_author": "marunouchi", "comment_date": ["04/15", "10:45"], "comment_content": "其實也沒有人會多嘴去跟小燕講吧"}, {"comment_author": "Beth531", "comment_date": ["04/15", "10:45"], "comment_content": "幾聲說後悔、沒察覺就好了"}, {"comment_author": "jeff860109", "comment_date": ["04/15", "10:46"], "comment_content": "放屁 一定早就知道了"}, {"comment_author": "lipstick", "comment_date": ["04/15", "10:46"], "comment_content": "好了拉"}, {"comment_author": "bullace", "comment_date": ["04/15", "10:56"], "comment_content": "愛徒不知道 笑了"}, {"comment_author": "happystill", "comment_date": ["04/15", "11:00"], "comment_content": "頭髮還在是跟著酸嗎？XD"}, {"comment_author": "tpck", "comment_date": ["04/15", "11:03"], "comment_content": "假裝不知道?"}, {"comment_author": "dick929", "comment_date": ["04/15", "11:19"], "comment_content": "質疑小燕姐的人，我請問你會讓你媽知道你"}, {"comment_author": "dick929", "comment_date": ["04/15", "11:20"], "comment_content": "看邪門口味A片、知道你一天到晚意淫啦啦"}, {"comment_author": "dick929", "comment_date": ["04/15", "11:20"], "comment_content": "隊嗎？"}, {"comment_author": "tanby", "comment_date": ["04/15", "11:23"], "comment_content": "孟真的是最倒霉的人"}, {"comment_author": "winnerdinner", "comment_date": ["04/15", "11:28"], "comment_content": "位什麼是妳說讓不讓嫁的?"}, {"comment_author": "mopigou", "comment_date": ["04/15", "11:36"], "comment_content": "怎麼受害者沒跟小燕姐舉報,they的錯"}, {"comment_author": "yoyoegg", "comment_date": ["04/15", "11:46"], "comment_content": "她是丫鬟說不嫁就不嫁喔"}, {"comment_author": "vvnbear", "comment_date": ["04/15", "12:01"], "comment_content": "懷疑的人，自己爸媽一定都知道自己電腦"}, {"comment_author": "vvnbear", "comment_date": ["04/15", "12:01"], "comment_content": "裡有甚麼，自己在外面做甚麼爸媽也知道"}, {"comment_author": "roger0524", "comment_date": ["04/15", "12:07"], "comment_content": "公開私人簡訊也太沒品"}, {"comment_author": "bosmin100", "comment_date": ["04/15", "12:15"], "comment_content": "公開私人簡訊超沒品"}, {"comment_author": "leterg", "comment_date": ["04/15", "12:38"], "comment_content": "不就太監型性格，在老佛爺前面裝的很溫馴"}, {"comment_author": "leterg", "comment_date": ["04/15", "12:38"], "comment_content": "，用老佛爺的背後亂搞，但他剛出道在張小"}, {"comment_author": "leterg", "comment_date": ["04/15", "12:38"], "comment_content": "燕旁邊也是那副色德性"}, {"comment_author": "cashko", "comment_date": ["04/15", "13:06"], "comment_content": "其實很多人亂搞本來就只有平輩朋友知道，"}, {"comment_author": "cashko", "comment_date": ["04/15", "13:06"], "comment_content": "父母長輩這些不會知道，他們在長輩面前會"}, {"comment_author": "cashko", "comment_date": ["04/15", "13:07"], "comment_content": "裝啊"}, {"comment_author": "cashko", "comment_date": ["04/15", "13:07"], "comment_content": "2樓，張小燕哪裡有幫黃子佼說話？"}, {"comment_author": "maykizuki", "comment_date": ["04/15", "13:12"], "comment_content": "小燕姐就說別po 還po"}, {"comment_author": "immence", "comment_date": ["04/15", "13:38"], "comment_content": "實在太假了 演戲給誰看呢"}, {"comment_author": "lamcaleter", "comment_date": ["04/15", "15:25"], "comment_content": "撐那麼久最後還不是切了"}, {"comment_author": "lamcaleter", "comment_date": ["04/15", "15:26"], "comment_content": "吳宗憲都知道的事張小燕會不知道？"}, {"comment_author": "tinghsi", "comment_date": ["04/15", "16:52"], "comment_content": "我在外面甚麼也不會讓我媽知道"}]}
