{"author": "ohfly (期待夏天)", "category": "Gossiping", "title": "[新聞] 華為建半導體設備研發中心 開2倍薪搶人 ", "date": "Sat Apr 13 06:13:03 2024", "content": ["1.媒體來源:世界新聞網2.記者署名:林宸誼", "為突破美國晶片禁令封鎖，華為正在上海建造大型半導體設備研發中心，目的是為了打造受制荷蘭與日本廠商的晶片生產設備曝光機（lithograpy machines）。華為已聘請曾與晶片設備大廠艾司摩爾、應用材料合作過的資深工程師，提供高於同業的2倍薪資吸引優秀人才。但業內人士認為，儘管華為薪酬豐厚，但工作文化很有挑戰性，工作時間不是996（上午9時到晚上9時，每周工作6天），更可能是007（從午夜12時到午夜12時，每天），大多數人撐不過3年的合約，通常在續約之前就「陣亡」。日經亞洲報導，受到美國出口禁令衝擊，華為很難買到打造先進晶片的半導體設備，目前全球三大曝光機台製造商，分別為荷蘭ASML、日本的尼康和佳能。知情人士透露，華為新研發中心位於上海西部青浦區，園區面積約 224個足球場大，設有主要晶片開發中心及華為晶片設計部門海思半導體的新總部；此外，還設有無線技術和智慧型手機研究中心。該園區完成後，可容納逾3.5萬 名高科技人員。華為買不到先進半導體設備，只好砸重金自行研發，為了擴大吸引相關人才，華為提供薪資待遇為當地晶片製造商的2倍。業界高層透露，華為聘請許多曾與應用材料、泛林集團、科林研發（Lam Research）、科磊（KLA）和ASM等全球頂尖晶片製造商合作過的工程師，獵才範圍擴及台積電、英特爾等晶片製造商擁有15年以上經驗的工程師，美光科技員工也在潛在招募之列。儘管華為的薪資很豐厚，但工作文化可能具有挑戰性。一位大陸晶片工程師坦言，「和他們一起工作是殘酷的，這不是996（上午9時到晚上9時，每周工作6天），更可能是007（從午夜12時到午夜12時，每天），合約為期3年，不過多數人在續約之前就撐不下去了。」華為2023年研發支出創歷史新高，達人民幣1647億元，占總收入的23.4%。", "--"], "post_comment": [{"comment_author": "MrSherlock", "comment_date": ["04/13", "06:14"], "comment_content": "007是三小= ="}, {"comment_author": "s820912gmail", "comment_date": ["04/13", "06:14"], "comment_content": "有命花嗎"}, {"comment_author": "CHEAT1069", "comment_date": ["04/13", "06:17"], "comment_content": "007 不就24小時7天 還是我理解錯誤"}, {"comment_author": "CHEAT1069", "comment_date": ["04/13", "06:17"], "comment_content": "這是把人當監控硬碟嗎"}, {"comment_author": "abcd5566", "comment_date": ["04/13", "06:22"], "comment_content": "台積電要完蛋嚕 10年後半導體製造絕對是"}, {"comment_author": "abcd5566", "comment_date": ["04/13", "06:23"], "comment_content": "中國的天下 中國的肝比台灣人好用多了"}, {"comment_author": "railman", "comment_date": ["04/13", "06:23"], "comment_content": "猜24小時只有7小時是休息時間？"}, {"comment_author": "starwish00", "comment_date": ["04/13", "06:25"], "comment_content": "一天工作24小時一週工作7天？"}, {"comment_author": "railman", "comment_date": ["04/13", "06:28"], "comment_content": "仔細看是一天24小時一週7天，這是機器人"}, {"comment_author": "railman", "comment_date": ["04/13", "06:28"], "comment_content": "吧？"}, {"comment_author": "kevin31a2", "comment_date": ["04/13", "06:52"], "comment_content": "都說合約撐不住了，是拿的到錢喔"}, {"comment_author": "tonyian", "comment_date": ["04/13", "07:11"], "comment_content": "996是12小時制，怎突然007就變成24小時"}, {"comment_author": "tonyian", "comment_date": ["04/13", "07:11"], "comment_content": "制"}, {"comment_author": "newstyle", "comment_date": ["04/13", "07:15"], "comment_content": "不如邀來當顧問，賣肝的事情就由自己人"}, {"comment_author": "newstyle", "comment_date": ["04/13", "07:15"], "comment_content": "去賣"}, {"comment_author": "xiaoyiping", "comment_date": ["04/13", "07:24"], "comment_content": "007不就分分秒秒都在工作？這沒幾個"}, {"comment_author": "xiaoyiping", "comment_date": ["04/13", "07:24"], "comment_content": "月就會猛爆性肝炎猝死吧"}, {"comment_author": "LeoYuri", "comment_date": ["04/13", "07:34"], "comment_content": "007也是12小阿，上班12點到下班24點"}, {"comment_author": "LeoYuri", "comment_date": ["04/13", "07:35"], "comment_content": "等等，我眼殘，還真的這麼狠"}, {"comment_author": "cloudyst", "comment_date": ["04/13", "08:00"], "comment_content": "007 連奴隸社會都不可能 3天就掛了"}, {"comment_author": "NeGe56", "comment_date": ["04/13", "08:08"], "comment_content": "人類怎可能做的出24小時上班七天"}, {"comment_author": "rnmrn", "comment_date": ["04/13", "08:15"], "comment_content": "007是要怎麼睡覺…"}, {"comment_author": "ray0305", "comment_date": ["04/13", "08:18"], "comment_content": "真工作到死 沒有下班時間"}, {"comment_author": "shadowpower", "comment_date": ["04/13", "08:20"], "comment_content": "兩倍薪怎麼敢007？"}, {"comment_author": "skizard", "comment_date": ["04/13", "08:43"], "comment_content": "才兩倍 是要搶個鳥啊"}, {"comment_author": "scum5566", "comment_date": ["04/13", "08:48"], "comment_content": "太唬爛了 007工作24小時不休息 頂多撐一"}, {"comment_author": "scum5566", "comment_date": ["04/13", "08:48"], "comment_content": "星期就掛了"}, {"comment_author": "DALLEN", "comment_date": ["04/13", "08:49"], "comment_content": "沒睡最好可以"}, {"comment_author": "TauriCrab", "comment_date": ["04/13", "09:10"], "comment_content": "007就是台灣的責任制啊，太嫩"}, {"comment_author": "NoteEdge", "comment_date": ["04/13", "09:13"], "comment_content": "這不是活著就在工作嗎"}]}
