{"author": "yuzukineko (閃亮三叔公)", "category": "Gossiping", "title": "[新聞] 221年來首次！ 美國4月底將迎接「逾1兆?1", "date": "Wed Apr 17 22:07:51 2024", "content": ["自由時報2.記者署名:莊文仁／核稿編輯3.完整新聞標題:221年來首次！ 美國4月底將迎接「逾1兆隻蟬」同時破土而出4.完整新聞內文:〔即時新聞／綜合報導〕先前多名昆蟲學者預測，美國中西部和東南部地區將在今年4月底，迎接2個不同族群、合計共有逾1兆隻「周期蟬」（Periodical cicadas），這也是美國221年以來，睽違百年的「蟬爆日」。學者表示，本次出現的周期蟬種類為13年及17年，牠們將出現在美國16個州，出沒範圍包含城市綠地在內的森林地區。綜合外媒報導，北美地區有多達7種周期蟬，13年蟬有4種、17年蟬有3種，牠們的生命周期為13年或17年，而距離不同族群的周期蟬，在同年破土出現的情況遠在1803年，當時一起出現的周期蟬，為13年蟬、17年蟬。時隔221年後，今年4月下旬開始，將再次發生罕見的雙周期蟬同步破土，數量預計將會超過1兆隻。約瑟夫山大學退休生物學教授克里茨基（Gene Kritsky）指出，溫度會決定周期蟬何時出土，「首先土壤溫度需要達到17度，然後下一場大雨，牠們會大數量的破土而出」，接著他提到，這些周期蟬破土後會找一處可以安全羽化和蛻皮的場所，接著雄性會開始發出比飛機還響亮的嗡嗡聲，努力尋找配偶。昆蟲學家蕭克利（Floyd W. Shockley）則表示，等到周期蟬破土而出後，美國中西部和東南部應該會熱鬧大約6周，在大多數情況下，蟬的壽命大約是1個月，會在離它們出現的地方不遠處死去。蕭克利補充，「蟬不咬人、不蜇人，也不攜帶任何疾病，但由於蟬不是出色的飛行者，因此牠們經常出現在人行道和城市街道上。」蕭克利表示，由於周期蟬會出現在人車來往的街道或馬路上，因此牠們時常被人踩扁或汽車壓扁，「在城市地區，如果屍體數量踏多，需要移走牠們的屍體，但人們不應該扔垃圾或用街道清掃機清理，應該把牠們視為花園或自然區域植物的免費肥料。」至於一般民眾該如何驅趕周期蟬，康乃狄克大學生物學教授庫利（John R. Cooley）建議最好「順其自然」，因為蟬對環境有益、更是天然的樹木園丁，當蟬從地面冒出來時，留下的洞有助於土壤通氣，並讓雨水進入地下、滋養樹根，「森林是牠們居住的地方，同時牠們也是森林的一部分，不要試圖噴灑殺蟲劑之類的東西殺死牠們，這只會導致糟糕的結局。」5.完整新聞連結 (或短網址)不可用YAHOO、LINE、MSN等轉載媒體:", "6.備註:--"], "post_comment": [{"comment_author": "johnwu", "comment_date": ["04/17", "22:08"], "comment_content": "那一定很吵"}, {"comment_author": "fony1029", "comment_date": ["04/17", "22:08"], "comment_content": "吵死"}, {"comment_author": "tchialen", "comment_date": ["04/17", "22:09"], "comment_content": "批貨到東南亞賣 賺爛"}, {"comment_author": "rogergon", "comment_date": ["04/17", "22:09"], "comment_content": "據敢吃的人說是美味"}, {"comment_author": "lplpyy", "comment_date": ["04/17", "22:09"], "comment_content": "停電候補小動物"}, {"comment_author": "gogorice", "comment_date": ["04/17", "22:10"], "comment_content": "耳膜會破掉吧"}, {"comment_author": "arch20161219", "comment_date": ["04/17", "22:10"], "comment_content": ""}, {"comment_author": "jacket664", "comment_date": ["04/17", "22:10"], "comment_content": "撒藥機開出來"}, {"comment_author": "riker729", "comment_date": ["04/17", "22:11"], "comment_content": "啊! 數學題要出來了!"}, {"comment_author": "marktak", "comment_date": ["04/17", "22:12"], "comment_content": "蟬在叫"}, {"comment_author": "CREA", "comment_date": ["04/17", "22:12"], "comment_content": "暮蟬悲鳴時"}, {"comment_author": "FannWong", "comment_date": ["04/17", "22:13"], "comment_content": "一兆也太扯了=="}, {"comment_author": "yurikim", "comment_date": ["04/17", "22:15"], "comment_content": "感覺不太舒服  好密集的感覺"}, {"comment_author": "okd0512", "comment_date": ["04/17", "22:17"], "comment_content": "快成立粘桿處"}, {"comment_author": "joke3547", "comment_date": ["04/17", "22:17"], "comment_content": "不是蝗蟲還好吧"}, {"comment_author": "nkdim", "comment_date": ["04/17", "22:20"], "comment_content": "蟬在叫 人壞掉"}, {"comment_author": "t81511270", "comment_date": ["04/17", "22:21"], "comment_content": "哇 吵死人囉"}, {"comment_author": "wwl0909", "comment_date": ["04/17", "22:22"], "comment_content": "一兆 光想就噁心"}, {"comment_author": "bye2007", "comment_date": ["04/17", "22:22"], "comment_content": "13年X17年=221年"}, {"comment_author": "koexe", "comment_date": ["04/17", "22:26"], "comment_content": "蟬叫 才有夏天的感覺"}, {"comment_author": "q123212", "comment_date": ["04/17", "22:26"], "comment_content": "滯美支那豬會幫忙消滅"}, {"comment_author": "ImBBCALL", "comment_date": ["04/17", "22:32"], "comment_content": "吵死"}, {"comment_author": "iamxup6", "comment_date": ["04/17", "22:36"], "comment_content": "我們需要研究蟬如何有效地被人類利用"}, {"comment_author": "clovergirl", "comment_date": ["04/17", "22:37"], "comment_content": "怎麼這麼像某種故事裡的災難"}, {"comment_author": "Refauth", "comment_date": ["04/17", "22:57"], "comment_content": "美國野生動物表示：這讓我們怎麼睡覺啊QQ"}, {"comment_author": "yameide", "comment_date": ["04/17", "23:03"], "comment_content": "知了知了"}, {"comment_author": "abbag", "comment_date": ["04/17", "23:29"], "comment_content": "這是什麼 XDDDDD"}, {"comment_author": "souvlaki", "comment_date": ["04/17", "23:32"], "comment_content": "質數年蟬啊"}, {"comment_author": "Asato163", "comment_date": ["04/18", "00:13"], "comment_content": "彷彿聽到一起蟬共鳴的聲音了...."}, {"comment_author": "demon159000", "comment_date": ["04/18", "00:15"], "comment_content": "這篇看起來好吵"}, {"comment_author": "nher", "comment_date": ["04/18", "00:24"], "comment_content": "今年數學考試的題材來了"}, {"comment_author": "pp810207", "comment_date": ["04/18", "00:36"], "comment_content": "人類都快一百億了，一個人就抵幾百隻蟬"}, {"comment_author": "pp810207", "comment_date": ["04/18", "00:36"], "comment_content": "大小"}, {"comment_author": "feyrichard", "comment_date": ["04/18", "00:51"], "comment_content": "這東西可以吃"}, {"comment_author": "simdavid", "comment_date": ["04/18", "01:47"], "comment_content": "一兆有機會出一隻賽魯嗎"}, {"comment_author": "webster1112", "comment_date": ["04/18", "02:32"], "comment_content": "中國人用烤的一定可以 只是煮湯呢"}, {"comment_author": "einbroch", "comment_date": ["04/18", "09:00"], "comment_content": "三體"}, {"comment_author": "justakidd", "comment_date": ["04/18", "13:23"], "comment_content": "這兩種週期的蟬可以混種嗎"}]}
