{"author": "Tiara5566 (霸凌天團)", "category": "Gossiping", "title": "[新聞] Ozone現身秒掀暴動！　驚喜唱跳「塵封已", "date": "Mon Apr 15 23:58:28 2024", "content": ["ETTODAYOzone現身秒掀暴動！　驚喜唱跳「塵封已久夯歌」全場炸了", "▲Ozone現身東森家庭日開唱。（圖／記者李毓康攝）東森集團為體恤員工，今（13日）特別在台大綜合體育館盛大舉辦「東森家庭日」，除了有好吃好玩的市集，更有許多精彩表演，讓員工帶著家人一同進場同歡，現場更邀請到超夯男團Ozone助陣演出，他們一登台就引爆全場尖叫聲，帥氣唱跳模樣征服台下觀眾。", "▲▼Ozone熱力唱跳征服全場。（圖／記者李毓康攝）", "Ozone開場帶來《.O.A.O.》、《火花》，活力四射的旋律和舞蹈，瞬間把氣氛推向高潮，見到琳瑯滿目的攤位，他們也忍不住被美食吸引，打趣說：「好想吃窯烤披薩！」唱完《young blood》後，Ozone更驚喜對台下說：「接下來要表演塵封很久的歌。」其他成員則附和笑說：「把盒子拿出來，太多灰塵了！」一秒點燃觀眾的好奇心，接著經典夯歌《想跟你就這樣靠得越靠越近》前奏一下，全場馬上掀起震耳欲聾的激動尖叫聲，氣氛嗨炸。Ozone更不忘宣傳為影集《省省吧！我家富貴發》演唱的主題曲《Running RunningRunning》，其中煥鈞還客串出演，和郭子乾、曾莞婷、余晉與胡智強、陳昭妃等演員尬戲，煥鈞更笑問台下：「大家有看到我的演出嗎？」觀眾也回以熱烈尖叫，他們也透露正積極籌備全新音樂作品，預計今年陸續推出。", "--"], "post_comment": [{"comment_author": "yyc210", "comment_date": ["04/16", "00:00"], "comment_content": "Et?"}, {"comment_author": "zxcv91039", "comment_date": ["04/16", "00:00"], "comment_content": "台灣演藝圈應該是捧不起新生代藝人了"}, {"comment_author": "zxcv91039", "comment_date": ["04/16", "00:01"], "comment_content": "吧"}, {"comment_author": "doremifasola", "comment_date": ["04/16", "00:07"], "comment_content": "誰????"}, {"comment_author": "Jmrkf0726", "comment_date": ["04/16", "00:11"], "comment_content": "哪來的雌性"}, {"comment_author": "ojizz4u", "comment_date": ["04/16", "00:16"], "comment_content": "誰？"}, {"comment_author": "etiennechiu", "comment_date": ["04/16", "00:27"], "comment_content": "這團不紅，卻整天公關在洗新聞"}, {"comment_author": "forttryon", "comment_date": ["04/16", "01:56"], "comment_content": "還是先精進能力吧 歌唱都沒進步"}, {"comment_author": "ivla8432", "comment_date": ["04/16", "06:57"], "comment_content": "公關真的廢"}, {"comment_author": "honestyer", "comment_date": ["04/16", "08:27"], "comment_content": "?? 誰"}]}
