{"author": "beaqu (十字軍東征)", "category": "Gossiping", "title": "[新聞] 獨家／台中和牛燒肉店扯上賭博案！負責人", "date": "Mon Apr 15 16:58:36 2024", "content": ["三立獨家／台中和牛燒肉店扯上賭博案！負責人曾開賭場金流破1800億元記者林意筑／台中報導台中市台中知名頂級和牛燒肉的名店「和牛EMPEROR」主打高檔燒肉，卻遭衛生局稽查發現多項食品過期，引發民眾熱議。沒想到多年前，在台中七期商辦內開設賭場，賭金高達台幣1800億元，也遭爆料者指出，賭博案主嫌日本籍坂本姓男子就是燒肉店長的親哥哥，同時也是燒肉店的負責人。頂級「和牛EMPEROR」燒肉店號稱是日本人開設的日本頂級和牛燒肉店，號稱使用頂級和牛，更強調提供「最高級的和牛與細緻入微的日式服務」，雖價位屬高單價，單人套餐就要3900元起，仍吸引許多民眾慕名前往。不過卻遭離職員工爆料使用過期肉品、食品，經衛生局前往稽查，確實當場查獲多項過期食品，將依違反《食安法》處新台幣6萬元以上2億元以下罰鍰。有知情人士爆料一起案外案，2022年12月6日時，一名日本籍坂本姓男子將線上博奕犯罪集團藏匿在台中七期商辦內，不僅設有線上百家樂、體育世足賽等，提供網路不特定日本賭客進行下注，經警方清查發現，該集團當時搶搭世足賭金，1年總下注金額超過日幣8000億元（約新台幣1800億元），全案主嫌等44人被依賭博罪嫌移送地檢署偵辦，檢方訊問後請回，目前案件仍在審理中，尚未起訴。而據知情人士表示，這名日籍主嫌正是燒肉店店長坂本斗志的親哥哥，他同時也是燒肉店的負責人，對此，警方低調表示無法證實爆料者所言，但坂本姓氏並不常見，讓該則爆料也成為熱議話題。至於知情人士也說，這對日本籍兄弟黨疑似例用這間店來洗錢，這部分仍有待檢警進一步釐清。", "--"], "post_comment": [{"comment_author": "King5566", "comment_date": ["04/15", "16:59"], "comment_content": "台中日常"}, {"comment_author": "KEYSOLIDER", "comment_date": ["04/15", "16:59"], "comment_content": "台中七期表示"}, {"comment_author": "zxc2331189", "comment_date": ["04/15", "16:59"], "comment_content": "七期日常"}, {"comment_author": "OPPAISuki", "comment_date": ["04/15", "16:59"], "comment_content": "1800億 挖靠"}, {"comment_author": "jdklas", "comment_date": ["04/15", "17:00"], "comment_content": "台灣的好 歪國人都知道"}, {"comment_author": "VVizZ", "comment_date": ["04/15", "17:00"], "comment_content": "坂本龍一?"}, {"comment_author": "scores", "comment_date": ["04/15", "17:00"], "comment_content": "所以和牛也是賭博 九片和牛裡面一片沒過期"}, {"comment_author": "minoru04", "comment_date": ["04/15", "17:00"], "comment_content": "水原一平表示"}, {"comment_author": "losel", "comment_date": ["04/15", "17:00"], "comment_content": "原來是來臺灣躲..."}, {"comment_author": "ZakkWylde", "comment_date": ["04/15", "17:00"], "comment_content": "台中"}, {"comment_author": "Dcwei", "comment_date": ["04/15", "17:00"], "comment_content": "1800億耶 好難想像的數字"}, {"comment_author": "DoncicInPTT", "comment_date": ["04/15", "17:00"], "comment_content": "台中？當然是罵DPP阿嘻嘻"}, {"comment_author": "VVizZ", "comment_date": ["04/15", "17:00"], "comment_content": "水原一平可以來台灣賭了"}, {"comment_author": "ddg1802", "comment_date": ["04/15", "17:00"], "comment_content": "七期很正常"}, {"comment_author": "Dcwei", "comment_date": ["04/15", "17:00"], "comment_content": " "}, {"comment_author": "Anyotw", "comment_date": ["04/15", "17:00"], "comment_content": "身價1800億賭場老闆做的餐點^_^吃到賺到"}, {"comment_author": "GPX2000", "comment_date": ["04/15", "17:00"], "comment_content": "人家是賭石，這家是賭肉"}, {"comment_author": "nikewang", "comment_date": ["04/15", "17:00"], "comment_content": "台中七期日常"}, {"comment_author": "Tattoo", "comment_date": ["04/15", "17:00"], "comment_content": "台中就是詐騙，賭博的聚集地"}, {"comment_author": "VVizZ", "comment_date": ["04/15", "17:00"], "comment_content": "七期住戶的犯罪率是不是超過帝寶了"}, {"comment_author": "Vincent8026", "comment_date": ["04/15", "17:01"], "comment_content": "一平燒肉？"}, {"comment_author": "k385476916", "comment_date": ["04/15", "17:01"], "comment_content": "意外ㄇ"}, {"comment_author": "KEYSOLIDER", "comment_date": ["04/15", "17:01"], "comment_content": "駡罵市長該震怒了"}, {"comment_author": "nikewang", "comment_date": ["04/15", "17:01"], "comment_content": "搞不好這間燒肉店是洗錢用的 所以才沒在"}, {"comment_author": "VVizZ", "comment_date": ["04/15", "17:01"], "comment_content": "好像比較正常的人都去買14期"}, {"comment_author": "losel", "comment_date": ["04/15", "17:01"], "comment_content": "光世足就1800億 日本人也是滿有錢的..."}, {"comment_author": "nikewang", "comment_date": ["04/15", "17:01"], "comment_content": "管是不是用過期原料"}, {"comment_author": "AgentSkye56", "comment_date": ["04/15", "17:01"], "comment_content": "還好吧 柯文哲又管不到台中"}, {"comment_author": "geminitea", "comment_date": ["04/15", "17:01"], "comment_content": "在台灣想發財就是黃賭毒"}, {"comment_author": "bdenken", "comment_date": ["04/15", "17:01"], "comment_content": "請問1800E 水錢有多少"}, {"comment_author": "h034826567", "comment_date": ["04/15", "17:02"], "comment_content": "哈哈，一平的哥哥？"}, {"comment_author": "scores", "comment_date": ["04/15", "17:02"], "comment_content": "讓我想到之前好像桃園有個詐騙做羊肉爐"}, {"comment_author": "canlest", "comment_date": ["04/15", "17:02"], "comment_content": "新聞內文就有說洗錢了"}, {"comment_author": "scores", "comment_date": ["04/15", "17:02"], "comment_content": "結果羊肉爐賺的比詐騙還多"}, {"comment_author": "just8811", "comment_date": ["04/15", "17:02"], "comment_content": "哇靠 台灣賺錢方法果然都在刑法裡 食安"}, {"comment_author": "just8811", "comment_date": ["04/15", "17:02"], "comment_content": "輕判 詐欺抓不到 賭博大家來"}, {"comment_author": "zukidelko", "comment_date": ["04/15", "17:02"], "comment_content": "這不是重要的地下產業嗎"}, {"comment_author": "AMD640", "comment_date": ["04/15", "17:02"], "comment_content": "媽媽市長要包庇還是震怒"}, {"comment_author": "nikewang", "comment_date": ["04/15", "17:03"], "comment_content": "進一堆日本和牛肉 用這方式洗錢進日本?"}, {"comment_author": "Dcwei", "comment_date": ["04/15", "17:03"], "comment_content": "1800e = 60e刀= 120年的姆斯 咖哩"}, {"comment_author": "s155260", "comment_date": ["04/15", "17:03"], "comment_content": "七期不意外啊 只有市長跟警察不知道"}, {"comment_author": "YCTING", "comment_date": ["04/15", "17:03"], "comment_content": "台中就是要博奕才對味 天知地知你知我知"}, {"comment_author": "davidr", "comment_date": ["04/15", "17:03"], "comment_content": "阿祖叫龍馬"}, {"comment_author": "YCTING", "comment_date": ["04/15", "17:03"], "comment_content": "只有插乾股的跟裝死的不知"}, {"comment_author": "nikewang", "comment_date": ["04/15", "17:03"], "comment_content": "新聞有播冷凍庫 那個過期數量太可怕"}, {"comment_author": "okd0512", "comment_date": ["04/15", "17:03"], "comment_content": "可能不熟悉台灣法令不知賭博網站違法"}, {"comment_author": "hmt17", "comment_date": ["04/15", "17:04"], "comment_content": "七期哪棟沒做博弈水房的 嘻嘻"}, {"comment_author": "mrwall", "comment_date": ["04/15", "17:04"], "comment_content": "七期日常"}, {"comment_author": "sunday0913", "comment_date": ["04/15", "17:04"], "comment_content": "台灣的好484全世界都知道拉XD"}, {"comment_author": "z0", "comment_date": ["04/15", "17:04"], "comment_content": "日本賭鬼兄弟到鬼島賣過期垃圾圈錢給韭菜吃 算"}, {"comment_author": "z0", "comment_date": ["04/15", "17:04"], "comment_content": "不算台日友好阿"}, {"comment_author": "specman", "comment_date": ["04/15", "17:05"], "comment_content": "日本人來台灣被帶壞了?"}, {"comment_author": "jomon817", "comment_date": ["04/15", "17:05"], "comment_content": "1800 真假？"}, {"comment_author": "sheep2009", "comment_date": ["04/15", "17:05"], "comment_content": "台中不意外 媽媽市長"}, {"comment_author": "kk10519", "comment_date": ["04/15", "17:05"], "comment_content": "所以是店內熟客才能下單博弈？！"}, {"comment_author": "ev331", "comment_date": ["04/15", "17:05"], "comment_content": "真搞笑"}, {"comment_author": "fony1029", "comment_date": ["04/15", "17:06"], "comment_content": "20年來經濟最好 嘻嘻"}, {"comment_author": "King5566", "comment_date": ["04/15", "17:06"], "comment_content": "七期那些商辦 哪棟不是詐騙賭博 直接看1"}, {"comment_author": "KEYSOLIDER", "comment_date": ["04/15", "17:06"], "comment_content": "秀驗到底怎麼驗的 那麼多種過期"}, {"comment_author": "King5566", "comment_date": ["04/15", "17:06"], "comment_content": "04都看得出來"}, {"comment_author": "jerrylin", "comment_date": ["04/15", "17:06"], "comment_content": "查看看是不是開店為了洗錢"}, {"comment_author": "zxc8424", "comment_date": ["04/15", "17:06"], "comment_content": "哥哥日本籍？"}, {"comment_author": "kakalayeah", "comment_date": ["04/15", "17:06"], "comment_content": "幾個一平"}, {"comment_author": "Jin63916", "comment_date": ["04/15", "17:06"], "comment_content": "坂本一平？"}, {"comment_author": "livic", "comment_date": ["04/15", "17:07"], "comment_content": "1800億??真假??"}, {"comment_author": "jerryz2005", "comment_date": ["04/15", "17:07"], "comment_content": "原來是黑**燒肉"}, {"comment_author": "Tattoo", "comment_date": ["04/15", "17:07"], "comment_content": "現在黑道產業一條龍，真的很恐怖。不知道"}, {"comment_author": "Tattoo", "comment_date": ["04/15", "17:07"], "comment_content": "從銀行搬多少錢出來了"}, {"comment_author": "inshadow", "comment_date": ["04/15", "17:07"], "comment_content": "難怪台中一堆8+9開超跑名車"}, {"comment_author": "q123212", "comment_date": ["04/15", "17:07"], "comment_content": "發現台灣的賺錢方式都寫在刑法裡了"}, {"comment_author": "dark0224", "comment_date": ["04/15", "17:07"], "comment_content": "台灣人很好騙 日本人都知道"}, {"comment_author": "Wolverin5566", "comment_date": ["04/15", "17:07"], "comment_content": "七期呵呵"}, {"comment_author": "preisner", "comment_date": ["04/15", "17:08"], "comment_content": "台中不ey"}, {"comment_author": "sr20detll", "comment_date": ["04/15", "17:08"], "comment_content": "案件审理中"}, {"comment_author": "Alphaz", "comment_date": ["04/15", "17:08"], "comment_content": "台灣給人安心犯罪的環境 連日本人都特地"}, {"comment_author": "Alphaz", "comment_date": ["04/15", "17:08"], "comment_content": "來台犯罪"}, {"comment_author": "crazydj", "comment_date": ["04/15", "17:08"], "comment_content": "大家都知道7期是大本營 就檢調不知道~"}, {"comment_author": "mis1114", "comment_date": ["04/15", "17:08"], "comment_content": "入境隨俗"}, {"comment_author": "loveponpon", "comment_date": ["04/15", "17:08"], "comment_content": "1800億？？？？"}, {"comment_author": "neoa01", "comment_date": ["04/15", "17:09"], "comment_content": "太扯了 民進黨，"}, {"comment_author": "Tattoo", "comment_date": ["04/15", "17:09"], "comment_content": "開公司，洗黑錢，順便做假帳，黑道小弟當"}, {"comment_author": "neoa01", "comment_date": ["04/15", "17:10"], "comment_content": "食安、詐、賭，天吶太令人毛骨悚然了"}, {"comment_author": "andyboy0428", "comment_date": ["04/15", "17:10"], "comment_content": "一年多了 還沒起訴？"}, {"comment_author": "Tattoo", "comment_date": ["04/15", "17:10"], "comment_content": "人頭，再跟銀行搬錢"}, {"comment_author": "neoa01", "comment_date": ["04/15", "17:10"], "comment_content": "民進黨到底要把台灣治成怎樣地獄的樣子"}, {"comment_author": "KEYSOLIDER", "comment_date": ["04/15", "17:10"], "comment_content": "哇 過期的牛肉會不會比瘦肉精豬肉還"}, {"comment_author": "KEYSOLIDER", "comment_date": ["04/15", "17:10"], "comment_content": "可怕"}, {"comment_author": "IamCyuan", "comment_date": ["04/15", "17:11"], "comment_content": "七期日常，詐騙博弈毒品好所在"}, {"comment_author": "teddy72", "comment_date": ["04/15", "17:11"], "comment_content": "連日本人都知道要來台灣犯罪"}, {"comment_author": "CharlesCL", "comment_date": ["04/15", "17:12"], "comment_content": "有些東西查了會死人的"}, {"comment_author": "kobe4420", "comment_date": ["04/15", "17:12"], "comment_content": "日本人還是得來詐騙島取經"}, {"comment_author": "finzaghi", "comment_date": ["04/15", "17:12"], "comment_content": "員工訓練啦 嘻嘻"}, {"comment_author": "fp737", "comment_date": ["04/15", "17:12"], "comment_content": "越來越多新聞"}, {"comment_author": "raymond501", "comment_date": ["04/15", "17:13"], "comment_content": "台中日常"}, {"comment_author": "wulaw5566", "comment_date": ["04/15", "17:14"], "comment_content": "七期日常"}, {"comment_author": "spermbox", "comment_date": ["04/15", "17:14"], "comment_content": "台中錢都是這邊來的，在台中博弈面"}, {"comment_author": "spermbox", "comment_date": ["04/15", "17:14"], "comment_content": "前竹科晶圓產業根本就是細漢仔"}, {"comment_author": "DanielHAO", "comment_date": ["04/15", "17:14"], "comment_content": "台中日常 詐騙賭博中心"}, {"comment_author": "raymond501", "comment_date": ["04/15", "17:14"], "comment_content": "七期內行的"}, {"comment_author": "spermbox", "comment_date": ["04/15", "17:15"], "comment_content": "看看那精美的博弈&詐騙產業，0污染"}, {"comment_author": "spermbox", "comment_date": ["04/15", "17:15"], "comment_content": "又高產值"}, {"comment_author": "wbsinger", "comment_date": ["04/15", "17:15"], "comment_content": "1800億然後給客人吃過期肉"}, {"comment_author": "spermbox", "comment_date": ["04/15", "17:15"], "comment_content": "高雄想要人家還不屑去咧"}, {"comment_author": "LBruce", "comment_date": ["04/15", "17:16"], "comment_content": "坂本"}, {"comment_author": "spermbox", "comment_date": ["04/15", "17:16"], "comment_content": "1800億洗錢案，代表台中才是真正意"}, {"comment_author": "spermbox", "comment_date": ["04/15", "17:16"], "comment_content": "義上的亞洲地下金融中心"}, {"comment_author": "cheng31507", "comment_date": ["04/15", "17:16"], "comment_content": "台中不意外"}, {"comment_author": "mcroplet", "comment_date": ["04/15", "17:16"], "comment_content": "就連五星評論家麥克阿瑟都評論到"}, {"comment_author": "rayisgreat", "comment_date": ["04/15", "17:16"], "comment_content": "台中日常"}, {"comment_author": "dovepacket", "comment_date": ["04/15", "17:17"], "comment_content": "台中詐騙王國"}, {"comment_author": "Tenging", "comment_date": ["04/15", "17:17"], "comment_content": "水原一平 大賭翔平"}, {"comment_author": "spermbox", "comment_date": ["04/15", "17:17"], "comment_content": "你們千萬別懷疑，一堆奇怪的開曼群"}, {"comment_author": "spermbox", "comment_date": ["04/15", "17:17"], "comment_content": "島紙上公司和那些避稅天堂國家一堆"}, {"comment_author": "spermbox", "comment_date": ["04/15", "17:17"], "comment_content": "也是地下金融、洗錢橫行"}, {"comment_author": "smilefred", "comment_date": ["04/15", "17:18"], "comment_content": "台中就黃賭毒8+9黑道流氓集散地啊"}, {"comment_author": "heartbeaz", "comment_date": ["04/15", "17:18"], "comment_content": "1800億ㄏㄏ 賺錢的方法真的寫在刑法裡"}, {"comment_author": "camuigackt", "comment_date": ["04/15", "17:19"], "comment_content": "之前YouTube推薦點到一個有點89樣的日"}, {"comment_author": "jidytri815", "comment_date": ["04/15", "17:19"], "comment_content": "七期一堆詐騙 跟警察局市政府當鄰居"}, {"comment_author": "camuigackt", "comment_date": ["04/15", "17:19"], "comment_content": "本YTer 來台行程是去吃這家店 有夠奇"}, {"comment_author": "camuigackt", "comment_date": ["04/15", "17:19"], "comment_content": "怪的業配"}, {"comment_author": "jidytri815", "comment_date": ["04/15", "17:19"], "comment_content": "警察該不會隨便盤查都有業績吧"}, {"comment_author": "ImBBCALL", "comment_date": ["04/15", "17:20"], "comment_content": "？？？"}, {"comment_author": "karkkunt", "comment_date": ["04/15", "17:20"], "comment_content": "入境隨俗的極致，詐騙食安、博弈"}, {"comment_author": "brendon7831", "comment_date": ["04/15", "17:21"], "comment_content": "日本也懂台灣是犯罪天堂？"}, {"comment_author": "asiaking5566", "comment_date": ["04/15", "17:21"], "comment_content": "翔平精神"}, {"comment_author": "spermbox", "comment_date": ["04/15", "17:21"], "comment_content": "台中要做亞洲檯面上的金融中心是不"}, {"comment_author": "spermbox", "comment_date": ["04/15", "17:21"], "comment_content": "可能的，洗洗錢才是最佳發展路線，"}, {"comment_author": "Demia", "comment_date": ["04/15", "17:21"], "comment_content": "台中這斜槓挺合理的"}, {"comment_author": "spermbox", "comment_date": ["04/15", "17:21"], "comment_content": "這叫惦惦吃三碗飯"}, {"comment_author": "discoveryray", "comment_date": ["04/15", "17:22"], "comment_content": "一平:這賭金我一週就用完了"}, {"comment_author": "fp737", "comment_date": ["04/15", "17:23"], "comment_content": "有趣了....等後續新聞"}, {"comment_author": "SidMax", "comment_date": ["04/15", "17:23"], "comment_content": "屌打一堆上市公司市值"}, {"comment_author": "cms6384", "comment_date": ["04/15", "17:23"], "comment_content": "入境隨俗啦"}, {"comment_author": "andytaso", "comment_date": ["04/15", "17:23"], "comment_content": "     所以和牛是店面用而已,實際在洗???"}, {"comment_author": "fp737", "comment_date": ["04/15", "17:24"], "comment_content": "我相信這新聞出來，鄉民應該想很多了"}, {"comment_author": "justboa", "comment_date": ["04/15", "17:24"], "comment_content": "台灣有錢人就是這麼樸實無華"}, {"comment_author": "karnoel", "comment_date": ["04/15", "17:24"], "comment_content": "幹還真的是台中七期日常XDD"}, {"comment_author": "andytaso", "comment_date": ["04/15", "17:24"], "comment_content": "被過期和牛擔誤的洗錢公司???"}, {"comment_author": "james0146", "comment_date": ["04/15", "17:25"], "comment_content": "台中不意外吧"}, {"comment_author": "kilhi", "comment_date": ["04/15", "17:25"], "comment_content": "2022，未起訴。太賺了吧"}, {"comment_author": "andytaso", "comment_date": ["04/15", "17:25"], "comment_content": "難怪看老闆不在呼樣,一秒鍾幾十萬上下的"}, {"comment_author": "karnoel", "comment_date": ["04/15", "17:25"], "comment_content": "不愧是詐騙博弈酒店之都"}, {"comment_author": "kilhi", "comment_date": ["04/15", "17:25"], "comment_content": "台灣應該註冊成開曼群島免稅"}, {"comment_author": "spermbox", "comment_date": ["04/15", "17:26"], "comment_content": "一堆國家想洗錢都沒黑道要去，黑道"}, {"comment_author": "karnoel", "comment_date": ["04/15", "17:26"], "comment_content": "一堆這種號稱怎樣食材的餐廳都89開的"}, {"comment_author": "spermbox", "comment_date": ["04/15", "17:26"], "comment_content": "寧願去洗新加坡香港都不願去其他東"}, {"comment_author": "spermbox", "comment_date": ["04/15", "17:26"], "comment_content": "南亞城市"}, {"comment_author": "spermbox", "comment_date": ["04/15", "17:26"], "comment_content": "其實台中在這方面能闖出一片天實在"}, {"comment_author": "qazzaq3977", "comment_date": ["04/15", "17:26"], "comment_content": "犯罪天堂吸引國外人才"}, {"comment_author": "spermbox", "comment_date": ["04/15", "17:26"], "comment_content": "很不簡單，你看高雄靠海的自經園區"}, {"comment_author": "spermbox", "comment_date": ["04/15", "17:26"], "comment_content": "弄了20年終究是一場空"}, {"comment_author": "andytaso", "comment_date": ["04/15", "17:26"], "comment_content": "所以給豬盤子吃不用吃太好,過期貨不錯了"}, {"comment_author": "fbtm", "comment_date": ["04/15", "17:27"], "comment_content": "我就問台中七期到底有沒有住一個好人，一個"}, {"comment_author": "fbtm", "comment_date": ["04/15", "17:27"], "comment_content": "就好"}, {"comment_author": "spermbox", "comment_date": ["04/15", "17:28"], "comment_content": "七期專住有錢人，台灣的有錢人9成"}, {"comment_author": "spermbox", "comment_date": ["04/15", "17:28"], "comment_content": "都壞人啊"}, {"comment_author": "BREAKFAST204", "comment_date": ["04/15", "17:29"], "comment_content": "台中日常 嘻嘻"}, {"comment_author": "spermbox", "comment_date": ["04/15", "17:29"], "comment_content": "魏應充是好人嗎？那些建商炒房炒到"}, {"comment_author": "spermbox", "comment_date": ["04/15", "17:29"], "comment_content": "你們斷子絕孫難道會是好人？"}, {"comment_author": "spermbox", "comment_date": ["04/15", "17:30"], "comment_content": "當好人，你會窮一輩子的"}, {"comment_author": "distantblc", "comment_date": ["04/15", "17:30"], "comment_content": "厲害了"}, {"comment_author": "wpd", "comment_date": ["04/15", "17:30"], "comment_content": "丟臉都到國外去"}, {"comment_author": "mimiLin5566", "comment_date": ["04/15", "17:31"], "comment_content": "燒肉店要怎樣洗錢？"}, {"comment_author": "walkwithyou", "comment_date": ["04/15", "17:33"], "comment_content": "89當道"}, {"comment_author": "spermbox", "comment_date": ["04/15", "17:35"], "comment_content": "丟臉？錢來了都樂歪了有啥好丟臉的"}, {"comment_author": "spermbox", "comment_date": ["04/15", "17:35"], "comment_content": "？"}, {"comment_author": "jazzprozac", "comment_date": ["04/15", "17:36"], "comment_content": ""}, {"comment_author": "Born700805", "comment_date": ["04/15", "17:36"], "comment_content": "酒店的紅標約翰走路，寫手喝了也是讚"}, {"comment_author": "spermbox", "comment_date": ["04/15", "17:36"], "comment_content": "管他是乾淨的錢還是髒錢，台中有這"}, {"comment_author": "Born700805", "comment_date": ["04/15", "17:36"], "comment_content": "濃醇香"}, {"comment_author": "spermbox", "comment_date": ["04/15", "17:36"], "comment_content": "些資金才能有今天的發展啊"}, {"comment_author": "takamiku", "comment_date": ["04/15", "17:37"], "comment_content": "七期真好玩 想找不法行為樂子是不是都聚"}, {"comment_author": "takamiku", "comment_date": ["04/15", "17:37"], "comment_content": "集在這個小圈圈"}, {"comment_author": "jazzprozac", "comment_date": ["04/15", "17:37"], "comment_content": "糟糕是日本人呢 這是不是有什麼誤會"}, {"comment_author": "spermbox", "comment_date": ["04/15", "17:37"], "comment_content": "樓上你找不起啦"}, {"comment_author": "spermbox", "comment_date": ["04/15", "17:37"], "comment_content": "172樓，我就是在說你"}, {"comment_author": "spermbox", "comment_date": ["04/15", "17:39"], "comment_content": "八卦就是溫室裡的綿羊，哪知道外面"}, {"comment_author": "spermbox", "comment_date": ["04/15", "17:39"], "comment_content": "的世界長什麼樣子？"}, {"comment_author": "Dominicana", "comment_date": ["04/15", "17:39"], "comment_content": "外國人都知道台灣的好"}, {"comment_author": "spermbox", "comment_date": ["04/15", "17:40"], "comment_content": "不是日本好棒棒？咦怎麼參與1800億"}, {"comment_author": "spermbox", "comment_date": ["04/15", "17:40"], "comment_content": "洗錢案？"}, {"comment_author": "AustinRivers", "comment_date": ["04/15", "17:40"], "comment_content": "那些奇怪店都該查查"}, {"comment_author": "benson861119", "comment_date": ["04/15", "17:41"], "comment_content": "七期日常"}, {"comment_author": "turbomons", "comment_date": ["04/15", "17:41"], "comment_content": "和牛洗錢？"}, {"comment_author": "goodzoro", "comment_date": ["04/15", "17:41"], "comment_content": "台中不意外看不到燕子市長要改進的意思"}, {"comment_author": "spermbox", "comment_date": ["04/15", "17:41"], "comment_content": "八卦就是一堆無能魯蛇整天幻想外國"}, {"comment_author": "spermbox", "comment_date": ["04/15", "17:41"], "comment_content": "月亮比較圓，日本人都很守法"}, {"comment_author": "quatre00", "comment_date": ["04/15", "17:41"], "comment_content": "台中人有台中的玩法"}, {"comment_author": "spermbox", "comment_date": ["04/15", "17:42"], "comment_content": "改什麼，笑死人"}, {"comment_author": "spermbox", "comment_date": ["04/15", "17:42"], "comment_content": "錢來了要迎接，把資金推掉是什麼反"}, {"comment_author": "spermbox", "comment_date": ["04/15", "17:42"], "comment_content": "智行為"}, {"comment_author": "Dheroblood", "comment_date": ["04/15", "17:42"], "comment_content": "所以到底是那一家？"}, {"comment_author": "PPPGGG", "comment_date": ["04/15", "17:43"], "comment_content": "台中有什麼東西跟這些扯不上關係的?Y"}, {"comment_author": "spermbox", "comment_date": ["04/15", "17:43"], "comment_content": "要窮你自己去南部跟高雄一起窮，不"}, {"comment_author": "spermbox", "comment_date": ["04/15", "17:43"], "comment_content": "要拖台中下水"}, {"comment_author": "book8685", "comment_date": ["04/15", "17:45"], "comment_content": "所以郭軫如果沒死 會出來救七期青青嗎"}, {"comment_author": "fangjoe24", "comment_date": ["04/15", "17:45"], "comment_content": "倒數第二行，日本兄弟黨，真的有這個"}, {"comment_author": "fangjoe24", "comment_date": ["04/15", "17:45"], "comment_content": "黨？"}, {"comment_author": "bolovema", "comment_date": ["04/15", "17:47"], "comment_content": "台灣高譚市 台中"}, {"comment_author": "earthfury", "comment_date": ["04/15", "17:47"], "comment_content": "有錢也不在台中消費 騙人的東西遠超想"}, {"comment_author": "earthfury", "comment_date": ["04/15", "17:47"], "comment_content": "像"}, {"comment_author": "zorroptt", "comment_date": ["04/15", "17:47"], "comment_content": "日本人就是狂"}, {"comment_author": "warren1113", "comment_date": ["04/15", "17:48"], "comment_content": "盧媽又不管了"}, {"comment_author": "asgardgogo", "comment_date": ["04/15", "17:49"], "comment_content": "地區正確"}, {"comment_author": "nxuanr", "comment_date": ["04/15", "17:50"], "comment_content": "台中市 唉…"}, {"comment_author": "cha7919", "comment_date": ["04/15", "17:50"], "comment_content": "顏市不意外"}, {"comment_author": "attpp", "comment_date": ["04/15", "17:51"], "comment_content": "經濟最好"}, {"comment_author": "zani030", "comment_date": ["04/15", "17:51"], "comment_content": "日本人怎麼這樣報恩台灣 ，很過份餒"}, {"comment_author": "k1222", "comment_date": ["04/15", "17:51"], "comment_content": "地下經濟正夯"}, {"comment_author": "nxuanr", "comment_date": ["04/15", "17:52"], "comment_content": "反對黃賭毒"}, {"comment_author": "industrialld", "comment_date": ["04/15", "17:52"], "comment_content": "鬼島黃賭毒詐，連小日本鬼都說讚"}, {"comment_author": "KEYSOLIDER", "comment_date": ["04/15", "17:52"], "comment_content": "懷念胡市長的震怒 大杯無言"}, {"comment_author": "qaz12453", "comment_date": ["04/15", "17:53"], "comment_content": "台灣錢淹腳目"}, {"comment_author": "fastevil", "comment_date": ["04/15", "17:54"], "comment_content": "日本人也知道要犯罪來台灣哦"}, {"comment_author": "qaz12453", "comment_date": ["04/15", "17:54"], "comment_content": "只是1800e金流 怎沒登上鬼島富豪榜@@?"}, {"comment_author": "grandwar", "comment_date": ["04/15", "17:54"], "comment_content": "台中日常，黑道都當議長了"}, {"comment_author": "qaz12453", "comment_date": ["04/15", "17:55"], "comment_content": "難道1800e都放家裡? 不怕被幹走嗎"}, {"comment_author": "john5601", "comment_date": ["04/15", "17:56"], "comment_content": "落後中南部日常"}, {"comment_author": "plbroum88", "comment_date": ["04/15", "17:57"], "comment_content": "台中可是國家博弈特區 開個賭場而已又"}, {"comment_author": "plbroum88", "comment_date": ["04/15", "17:57"], "comment_content": "沒什麼 大驚小怪"}, {"comment_author": "bobby94507", "comment_date": ["04/15", "17:58"], "comment_content": "台中日常"}, {"comment_author": "pippen2002", "comment_date": ["04/15", "17:58"], "comment_content": "處以新台幣3萬元的罰鍰~~?好重啊!"}, {"comment_author": "cobrasgo", "comment_date": ["04/15", "17:59"], "comment_content": "抽個 1%就賺翻了"}, {"comment_author": "nolimits", "comment_date": ["04/15", "17:59"], "comment_content": "台中媽媽市長政績+1"}, {"comment_author": "plbroum88", "comment_date": ["04/15", "17:59"], "comment_content": "全台灣人都知道七期商辦都是博弈詐騙"}, {"comment_author": "plbroum88", "comment_date": ["04/15", "17:59"], "comment_content": "集團在租的"}, {"comment_author": "machiner", "comment_date": ["04/15", "17:59"], "comment_content": "日本人 嘻嘻"}, {"comment_author": "survivalteru", "comment_date": ["04/15", "18:00"], "comment_content": "下注總額1800億屌打台灣運彩lol"}, {"comment_author": "jwtl", "comment_date": ["04/15", "18:01"], "comment_content": "呵呵，非法高金流的行業，最終都需要一個合"}, {"comment_author": "jwtl", "comment_date": ["04/15", "18:01"], "comment_content": "法行業來洗錢。懂的都懂"}, {"comment_author": "stoke4096", "comment_date": ["04/15", "18:02"], "comment_content": "七期超多豪宅超跑懂的都懂"}, {"comment_author": "plbroum88", "comment_date": ["04/15", "18:02"], "comment_content": "台中的好連日本人都知道 歡迎更多外國"}, {"comment_author": "plbroum88", "comment_date": ["04/15", "18:02"], "comment_content": "人來台灣經營博弈詐騙事業 台中歡迎您"}, {"comment_author": "plbroum88", "comment_date": ["04/15", "18:02"], "comment_content": "們！"}, {"comment_author": "survivalteru", "comment_date": ["04/15", "18:02"], "comment_content": "人家市長好感度第三你敢嘴lol"}, {"comment_author": "saiboos", "comment_date": ["04/15", "18:03"], "comment_content": "原來是日本黑道"}, {"comment_author": "rushfudge", "comment_date": ["04/15", "18:03"], "comment_content": "乾還以為 真的燒肉店 原來正常發揮 賭"}, {"comment_author": "rushfudge", "comment_date": ["04/15", "18:03"], "comment_content": "起來 幹潘妹子 好爽ㄛ"}, {"comment_author": "jackie0804", "comment_date": ["04/15", "18:03"], "comment_content": "七期不意外 哈哈哈"}, {"comment_author": "nimo70924", "comment_date": ["04/15", "18:05"], "comment_content": "00940也才1700多億，比不上一家賭"}, {"comment_author": "westhaown", "comment_date": ["04/15", "18:05"], "comment_content": "黃賭毒詐騙 都需要開店洗錢 ㄏㄏ"}, {"comment_author": "nimo70924", "comment_date": ["04/15", "18:05"], "comment_content": "場"}, {"comment_author": "plbroum88", "comment_date": ["04/15", "18:06"], "comment_content": "歡迎更多日本朋友來台灣開燒肉店 就算"}, {"comment_author": "plbroum88", "comment_date": ["04/15", "18:06"], "comment_content": "是賣超貴的過期肉我們還是吃得很開心"}, {"comment_author": "plbroum88", "comment_date": ["04/15", "18:06"], "comment_content": " 意猶未盡！"}, {"comment_author": "westhaown", "comment_date": ["04/15", "18:07"], "comment_content": "查一下金流說不定有大秘寶呢 嘻嘻"}, {"comment_author": "Dragonz", "comment_date": ["04/15", "18:08"], "comment_content": "日本人都到臺灣搞詐騙了，真是詐騙天堂"}, {"comment_author": "e102717", "comment_date": ["04/15", "18:09"], "comment_content": "哈哈～一堆盤子花大把鈔票去吃過期料理"}, {"comment_author": "rushfudge", "comment_date": ["04/15", "18:09"], "comment_content": "買即期便宜肉 然後報帳高級和牛的錢洗"}, {"comment_author": "rushfudge", "comment_date": ["04/15", "18:09"], "comment_content": "出去嗎？"}, {"comment_author": "z1231002", "comment_date": ["04/15", "18:09"], "comment_content": "台中日常 洗錢洗到連餐廳都用過期的"}, {"comment_author": "KotoriCute", "comment_date": ["04/15", "18:12"], "comment_content": "八成是開來洗錢的店"}, {"comment_author": "rejuvenation", "comment_date": ["04/15", "18:13"], "comment_content": "政府就是看不到詐騙賭  台灣應該要"}, {"comment_author": "plbroum88", "comment_date": ["04/15", "18:13"], "comment_content": "拿過期的爛肉薛你們這些智障盤子台灣"}, {"comment_author": "rejuvenation", "comment_date": ["04/15", "18:13"], "comment_content": "立即實施 財產不明法 不然一堆詐騙"}, {"comment_author": "plbroum88", "comment_date": ["04/15", "18:13"], "comment_content": "人真的是爽死了 做夢都會笑"}, {"comment_author": "rejuvenation", "comment_date": ["04/15", "18:13"], "comment_content": "仔 開好車 住豪宅"}, {"comment_author": "YahooTaiwan", "comment_date": ["04/15", "18:14"], "comment_content": "日本職人精神欸 怎麼可能犯罪"}, {"comment_author": "Kamelie", "comment_date": ["04/15", "18:16"], "comment_content": "難道有黑道背景？"}, {"comment_author": "kanehhh", "comment_date": ["04/15", "18:17"], "comment_content": "洗錢新招嗎？"}, {"comment_author": "yujuismylove", "comment_date": ["04/15", "18:20"], "comment_content": "台灣日常"}, {"comment_author": "sean811004", "comment_date": ["04/15", "18:21"], "comment_content": "七期日常"}, {"comment_author": "aibayui", "comment_date": ["04/15", "18:23"], "comment_content": "連外國人都知道要犯罪來台灣就對了"}, {"comment_author": "q2520q", "comment_date": ["04/15", "18:24"], "comment_content": "犯罪天堂"}, {"comment_author": "lpwerok", "comment_date": ["04/15", "18:24"], "comment_content": "日本人都知道在台灣要搞黃賭毒發大財"}, {"comment_author": "redkim", "comment_date": ["04/15", "18:26"], "comment_content": "七期 不意外啦～"}, {"comment_author": "KOKEY", "comment_date": ["04/15", "18:26"], "comment_content": "這算利滾利，應該鼓勵這樣的投資"}, {"comment_author": "nicejeffery", "comment_date": ["04/15", "18:27"], "comment_content": "會不會有一平拿大谷的賭金阿"}, {"comment_author": "dnkofe", "comment_date": ["04/15", "18:29"], "comment_content": "靠客人的胃洗錢"}, {"comment_author": "Jiajun0724", "comment_date": ["04/15", "18:30"], "comment_content": "入境隨俗"}, {"comment_author": "chen2625", "comment_date": ["04/15", "18:30"], "comment_content": "日本+9都知道來台灣搞這個"}, {"comment_author": "feng990719", "comment_date": ["04/15", "18:31"], "comment_content": "日常"}, {"comment_author": "steelheart3", "comment_date": ["04/15", "18:32"], "comment_content": "這樣無良就不意外了"}, {"comment_author": "westhaown", "comment_date": ["04/15", "18:34"], "comment_content": "七期好多燒肉都是做詐騙開的"}, {"comment_author": "westhaown", "comment_date": ["04/15", "18:34"], "comment_content": "只有台中的警察不知道 嘻嘻"}, {"comment_author": "luvU", "comment_date": ["04/15", "18:35"], "comment_content": "台灣法律太鬆散 詐騙問題才會層出不窮"}, {"comment_author": "Alcazer", "comment_date": ["04/15", "18:35"], "comment_content": "這應該不是昭和男兒"}, {"comment_author": "wwwhineta", "comment_date": ["04/15", "18:37"], "comment_content": "日本人也懂七期的好"}, {"comment_author": "new71050", "comment_date": ["04/15", "18:38"], "comment_content": "車行 海鮮直播 燒肉 還有什麼"}, {"comment_author": "Jeff911", "comment_date": ["04/15", "18:38"], "comment_content": "1800億還捨不得買肉 笑死"}, {"comment_author": "senza07", "comment_date": ["04/15", "18:38"], "comment_content": "詐騙89開的 食材主打報廢過期品不意外"}, {"comment_author": "bahrainer", "comment_date": ["04/15", "18:41"], "comment_content": "綠共放任台中變賭博詐騙聚集地"}, {"comment_author": "josephbb65", "comment_date": ["04/15", "18:41"], "comment_content": "燒肉店洗錢 這什麼意思"}, {"comment_author": "plbroum88", "comment_date": ["04/15", "18:42"], "comment_content": "這個爆料者要是背景不夠硬的話 大概就"}, {"comment_author": "plbroum88", "comment_date": ["04/15", "18:42"], "comment_content": "要浮屍+1了 擋人財路"}, {"comment_author": "pop810227", "comment_date": ["04/15", "18:44"], "comment_content": "台日友好，沒有其他台灣金主我才不信"}, {"comment_author": "ralfeistein", "comment_date": ["04/15", "18:45"], "comment_content": "台中7期終於走向國際化了 溫馨"}, {"comment_author": "akway", "comment_date": ["04/15", "18:45"], "comment_content": "台中七期日常"}, {"comment_author": "globeMIX", "comment_date": ["04/15", "18:46"], "comment_content": "看店面裝潢真的很高級感覺耶"}, {"comment_author": "processor", "comment_date": ["04/15", "18:46"], "comment_content": "可以加入民進党了"}, {"comment_author": "indium111", "comment_date": ["04/15", "18:47"], "comment_content": "媽媽市長沒空"}, {"comment_author": "stationary", "comment_date": ["04/15", "18:48"], "comment_content": "台灣之光"}, {"comment_author": "threebar", "comment_date": ["04/15", "18:49"], "comment_content": "犯罪天堂懂得都懂"}, {"comment_author": "system303179", "comment_date": ["04/15", "18:49"], "comment_content": "看新聞訪問日籍電源全都一臉8+9樣"}, {"comment_author": "YasmanyTomas", "comment_date": ["04/15", "18:49"], "comment_content": "小日本最友善呢"}, {"comment_author": "system303179", "comment_date": ["04/15", "18:49"], "comment_content": "吹哨者趕快發不自殺聲明"}, {"comment_author": "yuinghoooo", "comment_date": ["04/15", "18:52"], "comment_content": "亞洲犯罪天堂"}, {"comment_author": "macair", "comment_date": ["04/15", "18:52"], "comment_content": "日本人到慶記市不拜碼頭"}, {"comment_author": "f97300305", "comment_date": ["04/15", "18:53"], "comment_content": "台中這麼愛博弈 乾脆合法化算了"}, {"comment_author": "shyoulol", "comment_date": ["04/15", "18:56"], "comment_content": "台中嗎 不能扯到盧那改罵政府執政不力"}, {"comment_author": "mrlinwng", "comment_date": ["04/15", "18:58"], "comment_content": "說不定是掛羊頭賣狗肉"}, {"comment_author": "Gentile", "comment_date": ["04/15", "18:59"], "comment_content": "日本人也知道台灣是詐騙之島"}, {"comment_author": "rosepink", "comment_date": ["04/15", "19:00"], "comment_content": "兄弟做一堆壞事，折損自己 及子孫福報"}, {"comment_author": "vincentsoon", "comment_date": ["04/15", "19:02"], "comment_content": "台中日常"}, {"comment_author": "transfight", "comment_date": ["04/15", "19:03"], "comment_content": "台中七期一堆黑道賭博...小事而已"}, {"comment_author": "zjnovember", "comment_date": ["04/15", "19:03"], "comment_content": "台中日常，不然你因為台中還有什麼"}, {"comment_author": "CIDgreen", "comment_date": ["04/15", "19:03"], "comment_content": "跟蘇丹紅一樣 一條龍服務耶  嘻嘻"}, {"comment_author": "UrFather", "comment_date": ["04/15", "19:04"], "comment_content": "2022年尚未起訴"}, {"comment_author": "polestar0505", "comment_date": ["04/15", "19:05"], "comment_content": "沒幾把槍沒做賭博詐騙別自稱台中人"}, {"comment_author": "rtoday", "comment_date": ["04/15", "19:10"], "comment_content": "坂本姓氏並不常見？？？？？"}, {"comment_author": "crazywar", "comment_date": ["04/15", "19:15"], "comment_content": "然後勒，沒收多少，兩百塊嗎"}, {"comment_author": "Flyshinesky", "comment_date": ["04/15", "19:15"], "comment_content": "七期的好、全台都知道"}, {"comment_author": "dick929", "comment_date": ["04/15", "19:20"], "comment_content": "日本人都敢來台灣插旗，台中黑道是吃屎"}, {"comment_author": "dick929", "comment_date": ["04/15", "19:20"], "comment_content": "的喔？"}, {"comment_author": "dick929", "comment_date": ["04/15", "19:21"], "comment_content": "八卦版把日本吹上天，日本沒有黑道？"}, {"comment_author": "angelo98", "comment_date": ["04/15", "19:21"], "comment_content": "台中七期日常"}, {"comment_author": "dick929", "comment_date": ["04/15", "19:21"], "comment_content": "台中本來就是洗錢、博弈、詐欺的大本營"}, {"comment_author": "dick929", "comment_date": ["04/15", "19:22"], "comment_content": "豪宅一間一間蓋、酒店一間一間開，路上超"}, {"comment_author": "dick929", "comment_date": ["04/15", "19:22"], "comment_content": "跑數量可以媲美杜拜"}, {"comment_author": "dick929", "comment_date": ["04/15", "19:23"], "comment_content": "餐飲消費一間比一間貴，還總是客滿"}, {"comment_author": "dick929", "comment_date": ["04/15", "19:23"], "comment_content": "不做偏門事業怎麼有辦法消費得起XD"}, {"comment_author": "Godhas56", "comment_date": ["04/15", "19:33"], "comment_content": "台奴乖乖吞下去叫甚麼嘻嘻"}, {"comment_author": "EEzionT", "comment_date": ["04/15", "19:34"], "comment_content": "台灣經濟火車頭 重劃區+黑金+黑心錢 三要"}, {"comment_author": "EEzionT", "comment_date": ["04/15", "19:35"], "comment_content": "素都有了"}, {"comment_author": "s0920151048", "comment_date": ["04/15", "19:38"], "comment_content": "笑死 3900 吃連一顆星都沒有的"}, {"comment_author": "vestal", "comment_date": ["04/15", "19:48"], "comment_content": "開來洗錢的喔"}, {"comment_author": "jianjian222", "comment_date": ["04/15", "19:51"], "comment_content": "呵呵，日本人都知道來臺灣騙，真可悲"}, {"comment_author": "aa52189", "comment_date": ["04/15", "19:57"], "comment_content": "台中現在雙B刺青年輕人是標配了"}, {"comment_author": "a94199et", "comment_date": ["04/15", "19:57"], "comment_content": "隔壁鄰國都知道台灣罪很輕，沒事緩刑罰"}, {"comment_author": "a94199et", "comment_date": ["04/15", "19:57"], "comment_content": "款而已"}, {"comment_author": "lullabyman", "comment_date": ["04/15", "20:00"], "comment_content": "1800億？"}, {"comment_author": "dinotea", "comment_date": ["04/15", "20:06"], "comment_content": "台灣最愛 黑道政治毒賭黃"}, {"comment_author": "acolam", "comment_date": ["04/15", "20:18"], "comment_content": "七期不就是詐賭黃的老巢？就只有警察裝死"}, {"comment_author": "acolam", "comment_date": ["04/15", "20:18"], "comment_content": "不知道"}, {"comment_author": "kkkshiny", "comment_date": ["04/15", "20:18"], "comment_content": ".."}, {"comment_author": "what1026", "comment_date": ["04/15", "20:21"], "comment_content": "垃圾爛店 還他媽的刪google留言"}, {"comment_author": "becolll", "comment_date": ["04/15", "20:34"], "comment_content": "開台好賺，記者第一次看到？"}, {"comment_author": "CTUST", "comment_date": ["04/15", "20:39"], "comment_content": "省下食材及安衛管理都不止六萬了"}, {"comment_author": "daye2012", "comment_date": ["04/15", "20:51"], "comment_content": "原來是洗錢店"}, {"comment_author": "nedsonyy", "comment_date": ["04/15", "20:55"], "comment_content": "這就是年輕人的金融業"}, {"comment_author": "whu946102", "comment_date": ["04/15", "21:02"], "comment_content": "這店真他媽有夠不要臉，還敢刪Google"}, {"comment_author": "whu946102", "comment_date": ["04/15", "21:02"], "comment_content": "留言"}, {"comment_author": "ura1210", "comment_date": ["04/15", "21:03"], "comment_content": "好人會有好報啦 大家不要走偏財 我替大"}, {"comment_author": "ura1210", "comment_date": ["04/15", "21:03"], "comment_content": "家賺就好"}, {"comment_author": "love9", "comment_date": ["04/15", "21:04"], "comment_content": "台中七期是不是罪犯的溫床啊"}, {"comment_author": "WWIII", "comment_date": ["04/15", "21:10"], "comment_content": "當炸雞店洗錢嗎"}, {"comment_author": "WWIII", "comment_date": ["04/15", "21:10"], "comment_content": "台中到底多少餐廳是洗錢用途"}, {"comment_author": "tsukimiyu", "comment_date": ["04/15", "21:11"], "comment_content": "好的，小罰6萬"}, {"comment_author": "tlsg2", "comment_date": ["04/15", "21:11"], "comment_content": "重罰兩萬，繼續捐錢消災"}, {"comment_author": "BrandonMai", "comment_date": ["04/15", "21:19"], "comment_content": "皇民就愛這一味"}, {"comment_author": "turndrunk", "comment_date": ["04/15", "21:30"], "comment_content": "八成是開來洗錢的"}, {"comment_author": "HAOCHEN", "comment_date": ["04/15", "21:34"], "comment_content": "更八卦的是日本也有同名的前科賭博網站罪"}, {"comment_author": "HAOCHEN", "comment_date": ["04/15", "21:34"], "comment_content": "犯"}, {"comment_author": "rushfudge", "comment_date": ["04/15", "21:52"], "comment_content": "你各位明天繼續上班領3.4.5萬/月吧"}, {"comment_author": "karta2359950", "comment_date": ["04/15", "21:57"], "comment_content": "不必去查"}, {"comment_author": "cosmite", "comment_date": ["04/15", "22:01"], "comment_content": "這新聞傳回去日本的話"}, {"comment_author": "FIFI8488", "comment_date": ["04/15", "22:07"], "comment_content": "博弈才是核心 0污染&高產值"}, {"comment_author": "bring777", "comment_date": ["04/15", "22:10"], "comment_content": "商辦可以抄了"}, {"comment_author": "guanting886", "comment_date": ["04/15", "22:20"], "comment_content": "開和牛店洗錢是要洗個鳥==手法這麼"}, {"comment_author": "guanting886", "comment_date": ["04/15", "22:20"], "comment_content": "多挑這種店來洗 新聞知情人士要不要"}, {"comment_author": "guanting886", "comment_date": ["04/15", "22:20"], "comment_content": "補充一下增廣見聞"}, {"comment_author": "applewarm", "comment_date": ["04/15", "22:24"], "comment_content": "合理，就犯罪集團聚集區域"}, {"comment_author": "ianchen1223", "comment_date": ["04/15", "22:27"], "comment_content": "進貨把肉的價格拉高 錢就洗出去了"}, {"comment_author": "guanting886", "comment_date": ["04/15", "22:33"], "comment_content": "一家店一個月營業額了不起高估給你"}, {"comment_author": "guanting886", "comment_date": ["04/15", "22:33"], "comment_content": "二千萬是能洗多少 再做上去幹嘛洗錢"}, {"comment_author": "guanting886", "comment_date": ["04/15", "22:34"], "comment_content": "還要去賭不要被辦組織犯罪"}, {"comment_author": "camuigackt", "comment_date": ["04/15", "22:39"], "comment_content": ""}, {"comment_author": "camuigackt", "comment_date": ["04/15", "22:40"], "comment_content": "X上好早就有人在講了"}, {"comment_author": "FLy60169", "comment_date": ["04/15", "22:41"], "comment_content": "坂本蠻常見的吧？"}, {"comment_author": "monononoke", "comment_date": ["04/15", "22:43"], "comment_content": "台灣現在就是黃黑賭詐當道"}, {"comment_author": "guanting886", "comment_date": ["04/15", "22:43"], "comment_content": "開店這種東西就是你有一點本錢要做"}, {"comment_author": "guanting886", "comment_date": ["04/15", "22:44"], "comment_content": "就可以做 跟經營副業沒什麼差別"}, {"comment_author": "guanting886", "comment_date": ["04/15", "22:45"], "comment_content": "開餐飲幫賭場洗錢真的很搞笑 洗也洗"}, {"comment_author": "guanting886", "comment_date": ["04/15", "22:45"], "comment_content": "不多 進價高報 現在電子發票都在做"}, {"comment_author": "guanting886", "comment_date": ["04/15", "22:45"], "comment_content": "統計了 你有異常真的要找也是可以被"}, {"comment_author": "guanting886", "comment_date": ["04/15", "22:45"], "comment_content": "盯上"}, {"comment_author": "guanting886", "comment_date": ["04/15", "22:46"], "comment_content": "而如果你業績真的可以做得起來早就"}, {"comment_author": "guanting886", "comment_date": ["04/15", "22:46"], "comment_content": "去搞連鎖拐加盟主了"}, {"comment_author": "dexcom", "comment_date": ["04/15", "23:10"], "comment_content": "Google 還會刪負評 垃圾"}, {"comment_author": "lnm40990181", "comment_date": ["04/15", "23:38"], "comment_content": "奇怪 七期怎麼爆出那麼多博弈的事情"}, {"comment_author": "lnm40990181", "comment_date": ["04/15", "23:38"], "comment_content": "啊？"}, {"comment_author": "Salvere", "comment_date": ["04/15", "23:45"], "comment_content": "七期不意外 看人口哥靜悄悄就知道"}, {"comment_author": "Salvere", "comment_date": ["04/15", "23:46"], "comment_content": "了"}, {"comment_author": "HIRUMA", "comment_date": ["04/16", "00:10"], "comment_content": "這不是垃圾三立嗎？  噁"}, {"comment_author": "sakeor00", "comment_date": ["04/16", "00:12"], "comment_content": "正常啦，你不能跟別人說你開賭場吧？很"}, {"comment_author": "sakeor00", "comment_date": ["04/16", "00:12"], "comment_content": "多都是開超市 開餐廳 等等門檻低的行業"}, {"comment_author": "sakeor00", "comment_date": ["04/16", "00:12"], "comment_content": "然後報名頭的時候就是xx餐廳老闆"}, {"comment_author": "yangnana", "comment_date": ["04/16", "01:48"], "comment_content": "怎麼在七期發生 無違和"}, {"comment_author": "cc001225", "comment_date": ["04/16", "06:20"], "comment_content": "反觀某些在家啃老的～～～～～～"}, {"comment_author": "ludlum", "comment_date": ["04/16", "07:27"], "comment_content": "八卦版的夢想之地"}, {"comment_author": "nothing188", "comment_date": ["04/16", "08:07"], "comment_content": "黑道？台中日常"}, {"comment_author": "jimmy0618", "comment_date": ["04/16", "13:01"], "comment_content": "一堆產業後面的老闆都是黑道的"}, {"comment_author": "lose116315", "comment_date": ["04/16", "13:51"], "comment_content": "台中不意外"}, {"comment_author": "kent00216", "comment_date": ["04/16", "20:29"], "comment_content": "笑死"}, {"comment_author": "pcizj", "comment_date": ["04/16", "22:16"], "comment_content": "燒肉店是不是打掩護啊"}, {"comment_author": "Enti", "comment_date": ["04/17", "00:09"], "comment_content": "禁止入境台灣吧這種不把台灣人看在眼裡的外"}, {"comment_author": "Enti", "comment_date": ["04/17", "00:09"], "comment_content": "國劣質人"}, {"comment_author": "hawaii987", "comment_date": ["04/17", "01:21"], "comment_content": "台灣人就是對這種日本人太好才會放縱一"}, {"comment_author": "hawaii987", "comment_date": ["04/17", "01:21"], "comment_content": "堆日本人撒野 垃圾日本人"}, {"comment_author": "hawaii987", "comment_date": ["04/17", "01:22"], "comment_content": "遇到老子肯定嗆你 台灣的主人是我們台"}, {"comment_author": "hawaii987", "comment_date": ["04/17", "01:22"], "comment_content": "灣人"}]}
