{"author": "Israfil (贖罪聖音)", "category": "Gossiping", "title": "[新聞] YouTube加強封殺廣告攔截器 被抓到「影片", "date": "Tue Apr 16 11:34:21 2024", "content": ["1.媒體來源:TVBS2.編輯 張君堯3.完整新聞標題:YouTube加強封殺廣告攔截器　被抓到「影片直接不給看」4.完整新聞內文:", "近年不斷針對", "實施打擊，如今最新手法曝光，YouTube將", "最新的YouTube官方公告指出「我方（YouTube）正加強對違反服務條款的第3方應用程式（特別是廣告攔截器）的取締力道」，並稱「使用這些第3方應用程式的觀眾在嘗試觀看影片時可能會遇到『緩衝延遲』或出現『以下內容在此應用程式上不可使用』的通知」。YouTube官方強調「我方的服務條款不允許第3方應用程式關閉廣告，因為這會阻止創作者獲得利潤，而YouTube上的廣告可以幫助、支持創作者，讓全球數十億人使用媒體串流服務」，並稱「", "」。身為YouTube母公司的Google過去便坦承會針對廣告攔截器實施「刻意降速」，且只要偵測到用戶有使用廣告攔截器，就會面臨觀看效果不佳的情況，如今隨著Google偵測方式的改變，未來將會有更多使用廣告攔截器的用戶面臨降速或延遲等狀況，唯一的解決方式就是移除廣告攔截器。5.完整新聞連結 (或短網址)不可用YAHOO、LINE、MSN等轉載媒體:", "6.備註:o'-'o--", "▄", "▄", "▂▁", ".-——-﹏", "▎", "▄▄", "▎", "∕▄", "\\", "▄", "(", "▄", "▄▃▄▄▃▄", "▎", "▎", "▏", "▃", "▲", "▎", "--"], "post_comment": [{"comment_author": "aaronhung", "comment_date": ["04/16", "11:35"], "comment_content": "爽"}, {"comment_author": "johnhmj", "comment_date": ["04/16", "11:35"], "comment_content": "獨大的影響力"}, {"comment_author": "a27588679", "comment_date": ["04/16", "11:35"], "comment_content": "改看抖音就好了"}, {"comment_author": "ymib", "comment_date": ["04/16", "11:35"], "comment_content": "我建議會刊登詐騙廣告的app應該下架"}, {"comment_author": "darkbrigher", "comment_date": ["04/16", "11:35"], "comment_content": "水管砍一堆營利還敢講廣告哦"}, {"comment_author": "yufat", "comment_date": ["04/16", "11:35"], "comment_content": "免費仔又要該該叫了"}, {"comment_author": "heyd", "comment_date": ["04/16", "11:36"], "comment_content": "那看抖音啊"}, {"comment_author": "C13H16ClNO", "comment_date": ["04/16", "11:36"], "comment_content": "那就跳b站圖奇啊"}, {"comment_author": "sunday0913", "comment_date": ["04/16", "11:37"], "comment_content": "YTer收入還不是要靠業配,你那個想"}, {"comment_author": "sunday0913", "comment_date": ["04/16", "11:37"], "comment_content": "改就改想拔就拔的廣告分潤不要出來"}, {"comment_author": "sunday0913", "comment_date": ["04/16", "11:37"], "comment_content": "笑死人了"}, {"comment_author": "kimi7812", "comment_date": ["04/16", "11:37"], "comment_content": "詐騙廣告一堆"}, {"comment_author": "rwr", "comment_date": ["04/16", "11:38"], "comment_content": "隨便阿替代品一堆"}, {"comment_author": "bomnker", "comment_date": ["04/16", "11:39"], "comment_content": "十分鐘廣告是三小 Adblock 繼續用"}, {"comment_author": "elzohar", "comment_date": ["04/16", "11:39"], "comment_content": "版本更新一下就繞掉了 EZ"}, {"comment_author": "ALDNOAH5566", "comment_date": ["04/16", "11:40"], "comment_content": "影片一堆廣告結果分潤減少 笑死"}, {"comment_author": "andy199113", "comment_date": ["04/16", "11:40"], "comment_content": "yt-dlp 輕輕鬆鬆 管你鎖什麼"}, {"comment_author": "sid3", "comment_date": ["04/16", "11:40"], "comment_content": "全部影片改會員制不就好了  幹嘛強迫看詐騙"}, {"comment_author": "sid3", "comment_date": ["04/16", "11:40"], "comment_content": "廣告"}, {"comment_author": "wsdykssj", "comment_date": ["04/16", "11:40"], "comment_content": "加大詐騙廣告的影響力"}, {"comment_author": "rwr", "comment_date": ["04/16", "11:41"], "comment_content": "Odysee就很不錯"}, {"comment_author": "hylio7754", "comment_date": ["04/16", "11:41"], "comment_content": "投奔bili 投奔自由"}, {"comment_author": "vowpool", "comment_date": ["04/16", "11:43"], "comment_content": "有廣告就去尿尿阿 不然整天坐著也不好"}, {"comment_author": "Dorae5566", "comment_date": ["04/16", "11:43"], "comment_content": "edge+origin秒解決，垃圾chrome"}, {"comment_author": "kkoejeo", "comment_date": ["04/16", "11:45"], "comment_content": "喔是喔 真的假的555555"}, {"comment_author": "yyc1217", "comment_date": ["04/16", "11:45"], "comment_content": "廣告攔截器(X) 詐騙廣告攔截器(O)"}, {"comment_author": "Dorae5566", "comment_date": ["04/16", "11:45"], "comment_content": "現在還有copilot可以用，垃圾chrome真"}, {"comment_author": "david6119", "comment_date": ["04/16", "11:45"], "comment_content": "強迫觀看只會讓人唾棄"}, {"comment_author": "Dorae5566", "comment_date": ["04/16", "11:46"], "comment_content": "的早點脫離"}, {"comment_author": "CLinna", "comment_date": ["04/16", "11:46"], "comment_content": "逼人投奔B站抖音自由世界"}, {"comment_author": "jaceda", "comment_date": ["04/16", "11:46"], "comment_content": "反正外掛也會改版"}, {"comment_author": "gx9900824", "comment_date": ["04/16", "11:48"], "comment_content": "詐騙廣告溫床"}, {"comment_author": "PeaceBoy", "comment_date": ["04/16", "11:48"], "comment_content": "垃圾 該換一個來看了"}, {"comment_author": "yspb", "comment_date": ["04/16", "11:48"], "comment_content": "好的, 改看B站"}, {"comment_author": "shirokase", "comment_date": ["04/16", "11:48"], "comment_content": "只有智障與低能才會覺得，「給錢叫亂"}, {"comment_author": "shirokase", "comment_date": ["04/16", "11:49"], "comment_content": "丟垃圾的把垃圾拿走」這行為是對的"}, {"comment_author": "aadsl", "comment_date": ["04/16", "11:50"], "comment_content": "勇敢一點，把多點人趕去抖音"}, {"comment_author": "PONANZA", "comment_date": ["04/16", "11:50"], "comment_content": "把蓮子圖給我拿掉 我就考慮課金"}, {"comment_author": "fertalizer", "comment_date": ["04/16", "11:50"], "comment_content": "很好啊 把客群都趕跑"}, {"comment_author": "z3814357", "comment_date": ["04/16", "11:53"], "comment_content": "動不動就黃標，TY越來越難看"}, {"comment_author": "TomChu", "comment_date": ["04/16", "11:53"], "comment_content": "很正常啊"}, {"comment_author": "gbcg9725", "comment_date": ["04/16", "11:54"], "comment_content": "越來越不想用了 最好倒一倒"}, {"comment_author": "hidewin200", "comment_date": ["04/16", "11:54"], "comment_content": "google呵 笑死人,連基本搜尋都是一堆"}, {"comment_author": "ilikeroc", "comment_date": ["04/16", "11:54"], "comment_content": "方法就是不要用Chrome"}, {"comment_author": "hidewin200", "comment_date": ["04/16", "11:54"], "comment_content": "廣告的爛投放,這公司早爛到渣了"}, {"comment_author": "wiesgame", "comment_date": ["04/16", "11:54"], "comment_content": "B站才是華文圈的真神"}, {"comment_author": "ilikeroc", "comment_date": ["04/16", "11:56"], "comment_content": "我是用brave"}, {"comment_author": "tteeccddyy", "comment_date": ["04/16", "11:56"], "comment_content": "違規魔人崩潰"}, {"comment_author": "Neo0215", "comment_date": ["04/16", "11:56"], "comment_content": "先封殺一堆詐騙廣告好嗎"}, {"comment_author": "lakefox", "comment_date": ["04/16", "11:56"], "comment_content": "要賺錢大家都懂 講什麼支持創作者就太矯"}, {"comment_author": "lakefox", "comment_date": ["04/16", "11:56"], "comment_content": "情了 他媽整天想沒收創作者收入"}, {"comment_author": "abc0922001", "comment_date": ["04/16", "11:57"], "comment_content": "那Google把音樂分開阿"}, {"comment_author": "qpeter", "comment_date": ["04/16", "11:57"], "comment_content": "台灣沒差 台灣Ytuber 就沒有能看的..."}, {"comment_author": "chargebro", "comment_date": ["04/16", "11:59"], "comment_content": "自己先不要播一堆詐騙垃圾廣告啊"}, {"comment_author": "otld", "comment_date": ["04/16", "11:59"], "comment_content": "一堆投資的廣告"}, {"comment_author": "YaLingYin", "comment_date": ["04/16", "11:59"], "comment_content": "那如果看到詐騙廣告被騙錢 yt要賠償？"}, {"comment_author": "bicedb", "comment_date": ["04/16", "12:03"], "comment_content": "一些盤子自己花錢被薛還很開心幫企業護航"}, {"comment_author": "bicedb", "comment_date": ["04/16", "12:03"], "comment_content": "。人家沒虧錢只是想賺更多而已"}, {"comment_author": "t4lin", "comment_date": ["04/16", "12:04"], "comment_content": "要不要先處理一下動不動黃標的問題"}, {"comment_author": "as81349507", "comment_date": ["04/16", "12:06"], "comment_content": "不開營利也給吃廣告，現在廣告又一次"}, {"comment_author": "as81349507", "comment_date": ["04/16", "12:06"], "comment_content": "好幾個，平台真的噁心"}, {"comment_author": "dbdudsorj", "comment_date": ["04/16", "12:07"], "comment_content": "一堆詐騙廣告 Youtube裝作不知道 強迫"}, {"comment_author": "dbdudsorj", "comment_date": ["04/16", "12:07"], "comment_content": "用戶看詐騙廣告都沒問題？"}, {"comment_author": "sking", "comment_date": ["04/16", "12:08"], "comment_content": "我的是廣告只播放0.5秒 這樣不算阻擋吧"}, {"comment_author": "sp64", "comment_date": ["04/16", "12:10"], "comment_content": "感覺是故意放詐騙廣告讓大家受不了"}, {"comment_author": "yhjuk568437", "comment_date": ["04/16", "12:10"], "comment_content": "拉基手游一堆 操"}, {"comment_author": "acs81046", "comment_date": ["04/16", "12:10"], "comment_content": "什麼廣告？從來沒看過欸"}, {"comment_author": "aikensh", "comment_date": ["04/16", "12:11"], "comment_content": "一堆詐騙廣告 幹拎娘的"}, {"comment_author": "flybow", "comment_date": ["04/16", "12:12"], "comment_content": "這就是谷歌近年來最大的進步"}, {"comment_author": "PCC2003", "comment_date": ["04/16", "12:12"], "comment_content": "不允許關閉廣告，但付費的話可以"}, {"comment_author": "heyd", "comment_date": ["04/16", "12:12"], "comment_content": "廣告都快比短片長了 還一次兩個廣告"}, {"comment_author": "badguy227", "comment_date": ["04/16", "12:23"], "comment_content": "不是花不起就是不爽買會員啦"}, {"comment_author": "wr", "comment_date": ["04/16", "12:24"], "comment_content": "不看廣告不買premium 你對yt來說就是來要飯的"}, {"comment_author": "wr", "comment_date": ["04/16", "12:26"], "comment_content": "要飯的還嫌飯難吃沒有肉 笑死"}, {"comment_author": "taurus512", "comment_date": ["04/16", "12:26"], "comment_content": "有跳過半小時的廣告 股票分析的 是三小"}, {"comment_author": "taurus512", "comment_date": ["04/16", "12:26"], "comment_content": ":"}, {"comment_author": "taiwanstrike", "comment_date": ["04/16", "12:29"], "comment_content": "廣告不是問題 問題是一堆垃圾廣告"}, {"comment_author": "Dragonz", "comment_date": ["04/16", "12:29"], "comment_content": "Chrome+ublock origin好久沒有看到廣告了"}, {"comment_author": "wr", "comment_date": ["04/16", "12:32"], "comment_content": "廣告垃不垃圾不重要 都是時間到略過 藉口而已"}, {"comment_author": "lemon81824", "comment_date": ["04/16", "12:36"], "comment_content": "一堆詐騙廣告還敢大小聲"}, {"comment_author": "ciplu", "comment_date": ["04/16", "12:38"], "comment_content": "創作者都接業配去了"}, {"comment_author": "psykl", "comment_date": ["04/16", "12:39"], "comment_content": "逼大家看垃圾竟不付錢,還逼大家付錢擋垃圾"}, {"comment_author": "psykl", "comment_date": ["04/16", "12:42"], "comment_content": "跟政客1樣靠黨操媒體領民脂民膏高薪耍猴戲"}, {"comment_author": "psykl", "comment_date": ["04/16", "12:47"], "comment_content": "看看有多少失職失能失責的人禍,全民募款？"}, {"comment_author": "darkMood", "comment_date": ["04/16", "12:54"], "comment_content": "笑死，酸渣低潮"}, {"comment_author": "burgerchi", "comment_date": ["04/16", "13:33"], "comment_content": "就算有訂閱付費 速度還是慢得要死"}, {"comment_author": "fastsheep", "comment_date": ["04/16", "14:27"], "comment_content": "除非封帳 不然那有差"}, {"comment_author": "selvester", "comment_date": ["04/16", "14:30"], "comment_content": "FBI建議大家安裝擋廣告"}, {"comment_author": "selvester", "comment_date": ["04/16", "14:32"], "comment_content": "firefox waterfox 隨便擋"}, {"comment_author": "shihshih3", "comment_date": ["04/16", "14:57"], "comment_content": "創作者的利潤(X 官方的利潤(O"}, {"comment_author": "yoseii", "comment_date": ["04/16", "18:14"], "comment_content": "我就說YT詐騙集團投廣告不好好處理，一天"}, {"comment_author": "yoseii", "comment_date": ["04/16", "18:14"], "comment_content": "到晚叫使用者買會員，還有人嗆我免費仔嘞"}, {"comment_author": "luciffar", "comment_date": ["04/16", "18:41"], "comment_content": "笑死都排程抓下來看 誰在線上看的 哈哈"}, {"comment_author": "luciffar", "comment_date": ["04/16", "18:41"], "comment_content": "哈哈哈 有種廣告插進影片啊"}, {"comment_author": "peterwww", "comment_date": ["04/17", "20:17"], "comment_content": "忍一下就省199"}]}
