{"author": "herewego (rage of dust)", "category": "Gossiping", "title": "[新聞] 台中惡鄰「狂往樓下丟螃蟹」！苦主怒PO", "date": "Thu Apr 18 18:14:06 2024", "content": ["台中惡鄰「狂往樓下丟螃蟹」！苦主怒PO公告　網笑歪：許願龍蝦記者 林冠丞 報導2024/04/18 13:05台中市清水區台中港特區造鎮計畫建案近年大興土木，目前已興建到8期，高樓林立也吸引許多民眾入住，不過某位住戶自家露台卻連續4次遭樓上鄰居「丟螃蟹」，讓他氣得向社區管理中心申訴，今（18）日公告流傳至網路上後，立刻引起網友紛紛留言朝聖。今日臉書「爆料公社」出現一則貼文，指出台中港特區造鎮計畫建案某棟大樓內，有一位住戶不堪其擾，透過社區管理中心代發公告表示「親愛的住戶您好，A樓之6樓層露台戶經常遭受樓上某住戶從樓上往外丟擲螃蟹，已累計4次，這週六又丟下來1隻，險砸中人，住戶已忍無可忍，要報警處理，懇請住戶發揮公德心，並協助舉發缺德之行為，避免日後發生重大人身意外傷害，期盼全體住戶和我們共同營造美好的優質社區」。此外，原PO還幽默分享，先前社區是警告樓上住戶不要亂丟煙蒂，現在竟變成螃蟹。網友見狀則大笑留言「許願龍蝦」、「丟帝王蟹可能就不會被投訴了」、「丟新鮮的海產是不錯拉，但現金更好」、「露台戶的宿命」、「帝王蟹有嗎，我去接」、「有本事丟龍蝦啊」。而針對公告中，受害住戶欲報警一事，轄區警方尚未接獲任何相關報案。《TVBS新聞網》也致電該大樓，社區管理中心僅低調回應「已經沒事了」，並未多做說明。", "--"], "post_comment": [{"comment_author": "railman", "comment_date": ["04/18", "18:14"], "comment_content": "加菜？"}, {"comment_author": "uohZemllac", "comment_date": ["04/18", "18:15"], "comment_content": "螃蟹:你可以換個別的東西丟嗎"}, {"comment_author": "xu3", "comment_date": ["04/18", "18:15"], "comment_content": "低樓層的露台戶真的ㄎˉㄎˉ"}, {"comment_author": "tontonplus", "comment_date": ["04/18", "18:15"], "comment_content": "螃蟹本咧????"}, {"comment_author": "Chia2323", "comment_date": ["04/18", "18:15"], "comment_content": "撿來吃啊"}, {"comment_author": "wj115", "comment_date": ["04/18", "18:15"], "comment_content": "丁蟹跳樓？"}, {"comment_author": "bloodmickey", "comment_date": ["04/18", "18:16"], "comment_content": "丁蟹一家表示"}, {"comment_author": "Gringoire", "comment_date": ["04/18", "18:16"], "comment_content": "他家有傳送門直通比奇堡?"}, {"comment_author": "Skydier", "comment_date": ["04/18", "18:16"], "comment_content": "螃蟹：龜岡欸"}, {"comment_author": "theeht", "comment_date": ["04/18", "18:17"], "comment_content": "螃蟹是一種武器"}, {"comment_author": "tamama000", "comment_date": ["04/18", "18:18"], "comment_content": "還好吧 婚姻版說美國人都丟狗大便"}, {"comment_author": "hw1", "comment_date": ["04/18", "18:23"], "comment_content": "加菜不好嗎"}, {"comment_author": "linda17a3", "comment_date": ["04/18", "18:25"], "comment_content": "沒報案"}, {"comment_author": "ComeThrough", "comment_date": ["04/18", "18:25"], "comment_content": "蟹本："}, {"comment_author": "AMDMARSHAL", "comment_date": ["04/18", "18:25"], "comment_content": "我們十八世紀英國貴族都往樓下丟大便"}, {"comment_author": "asters", "comment_date": ["04/18", "18:25"], "comment_content": "應該是魚缸爬出來掉下去吧"}, {"comment_author": "gn01693664", "comment_date": ["04/18", "18:26"], "comment_content": "把你當作螃蟹噢~"}, {"comment_author": "InfocusM510", "comment_date": ["04/18", "18:27"], "comment_content": "螃蟹："}, {"comment_author": "metam", "comment_date": ["04/18", "18:27"], "comment_content": "八成吃剩的殼往下丟"}, {"comment_author": "porkonrice", "comment_date": ["04/18", "18:30"], "comment_content": "一定是沒買到"}, {"comment_author": "al0w0l", "comment_date": ["04/18", "18:32"], "comment_content": "4次？哪來這麼多螃蟹好丟？"}, {"comment_author": "t4lin", "comment_date": ["04/18", "18:37"], "comment_content": "可以丟帝王蟹嗎XDDD"}, {"comment_author": "bobby4755", "comment_date": ["04/18", "18:37"], "comment_content": "螃蟹可憐"}, {"comment_author": "orz151426", "comment_date": ["04/18", "18:38"], "comment_content": "下次麻煩老薑、蔥段跟米酒一起丟下來"}, {"comment_author": "jerrylin", "comment_date": ["04/18", "18:39"], "comment_content": "丟金條好嗎"}, {"comment_author": "fulongb210f", "comment_date": ["04/18", "18:39"], "comment_content": "你媽有種 丟3點蟹、帝王蟹！"}, {"comment_author": "qaz31415", "comment_date": ["04/18", "18:51"], "comment_content": "敢吃的不怕螃蟹泡過馬桶？"}, {"comment_author": "WunoW", "comment_date": ["04/18", "18:52"], "comment_content": "當然丟的是死的 誰丟活螃蟹啊"}, {"comment_author": "Jimmywin", "comment_date": ["04/18", "18:54"], "comment_content": "這不是電動嗎？"}, {"comment_author": "cady69", "comment_date": ["04/18", "18:56"], "comment_content": "螃蟹：歸鋼欸"}, {"comment_author": "sushi11", "comment_date": ["04/18", "19:03"], "comment_content": "希望丟龍蝦"}, {"comment_author": "sansiaman", "comment_date": ["04/18", "19:09"], "comment_content": "你的晚餐太新鮮，都爬出陽台跳到我家了"}, {"comment_author": "sansiaman", "comment_date": ["04/18", "19:10"], "comment_content": "呢"}, {"comment_author": "noname912301", "comment_date": ["04/18", "19:23"], "comment_content": "www"}, {"comment_author": "yi0815", "comment_date": ["04/18", "19:33"], "comment_content": "海鮮吃到飽"}, {"comment_author": "hidelena", "comment_date": ["04/18", "19:41"], "comment_content": "蟹蟹何辜 怎麼不把自己丟下去"}, {"comment_author": "cookie115", "comment_date": ["04/18", "19:45"], "comment_content": "螃蟹一呀 爪八個"}, {"comment_author": "wbsinger", "comment_date": ["04/18", "19:56"], "comment_content": "麻煩丟紅蟳"}, {"comment_author": "woc34", "comment_date": ["04/18", "19:58"], "comment_content": "這個是逃跑的ㄅ"}, {"comment_author": "anoymouse", "comment_date": ["04/18", "20:11"], "comment_content": "他是不是牙醫 ？"}, {"comment_author": "pchion2002", "comment_date": ["04/18", "20:40"], "comment_content": "丟帝王蟹阿"}, {"comment_author": "mizard001", "comment_date": ["04/18", "20:54"], "comment_content": "螃蟹：兄弟啊，我們之前應該不認識吧？"}, {"comment_author": "joanrey", "comment_date": ["04/18", "21:43"], "comment_content": "不排除是翻牆的螃蟹"}]}
