{"author": "wahaha23 (請勿拍打餵食)", "category": "Gossiping", "title": "[新聞] 歐聯》利物浦主場慘輸亞特蘭大　勒沃庫", "date": "Fri Apr 12 21:57:22 2024", "content": ["歐聯》利物浦主場慘輸亞特蘭大　勒沃庫森開季42場不敗TSNA", "記者：王毓健／綜合報導2023-24賽季歐足聯歐羅巴聯賽今天凌晨結束4場8強首回合角逐，利物浦爆冷在主場安菲爾德以0比3慘敗給暫居義大利甲級聯賽第6亞特蘭大；本周可望提前奪得對使得國甲級聯賽首冠勒沃庫森主場2比0完勝西漢姆聯，各項賽事開季不敗紀錄推進至42場。利物浦原本是8強賽前最被看好奪冠球隊，卻迎來自足總盃8強被宿敵曼聯淘汰後最大挫折，讓德國籍主帥Jürgen Klopp有點灰心。紅軍如果能挺進5/22歐聯決賽，將會是他9年任期最後1場比賽；他們從奪得英格蘭聯賽盃後有望4線爭冠，到現在已經發展為隊史首次三冠王賽季可能落空，僅英格蘭超級聯賽還有機會。Klopp說：「不幸的是，關於這場比賽，沒有什麼真正好話可說。我知道如果我們在幾個環節上做得更理想，我們會更好。我們能贏回來嗎？是的，如果踢得好，是可能的。我們能以3比0討回來嗎？我不知道。感覺真的很糟。」勒沃庫森在德甲還剩6輪情況下領先榜眼、尋求12連霸拜仁慕尼黑16分，周末聯賽只要成績不差於巴伐利亞人即可奪冠，在歐聯勝利是一大鼓舞。他們在80分鐘過後才靠德國翼鋒Jonas Hofmann、奈及利亞前鋒Victor Boniface先後破門，完勝來犯英格蘭鐵鎚幫。藥廠西班牙籍主帥Xabi Alonso說：「我們對賽果高興，因為並不容易。他們守得很深而且總是在禁區保留大量球員。我們等待屬於我們的時刻，也來臨了，雖然有點晚。」他還提到不敗祕訣：「我們知道我們不會改變隨時做好準備的態度。我們需要所有球員，他們也都渴望勝利並持續努力。我們不會把任何結果都當成理所當然，而是一一迎接面前每次挑戰，享受挑戰，持續前行。」另2場比賽，葡萄牙名門本菲卡主場擊退南法豪強馬賽，AS羅馬在義大利內戰客場爆冷1比0險勝本季在義甲戰績更優AC米蘭。第2回合4組都將主客互易，台灣時間4/19凌晨決戰。藥廠蒿吐露斯--什麼是越位?", "真人示範2017.04.19 歐冠8強第2回合皇家越位線", "Blue Is The Colour", "永遠以藍軍為榮--"], "post_comment": [{"comment_author": "qber", "comment_date": ["04/12", "21:57"], "comment_content": ""}]}
