{"author": "yochiya (漂浮)", "category": "Gossiping", "title": "[新聞] 台股狂跌！雲豹能源逆勢「直攻漲停」", "date": "Fri Apr 19 15:09:17 2024", "content": ["1.媒體來源:", "tvbs張庭暄3.完整新聞標題:台股狂跌！雲豹能源逆勢「直攻漲停」　股價飆創新高4.完整新聞內文:", "雲豹能源於去年在台灣創新板掛牌，上月滿一週年之際申請改列一般板，於4月17日首家取得台灣證券交易所核准通過函，力拚第二季轉一般板上市，有望成為全台第一家自創新板轉上市企業。雲豹能源今開盤直攻漲停，來到156元，上漲14元，創掛牌來新高價。雲豹能源18日發布新聞稿指出，公司積極強化集團策略發展及多元事業根基，3月份合併營收4.99億元，較去年同期增加37.67%；累計今年前3月營收10.01億元，年增6.71%，主要是承攬工程收入依進度認列所致。根據國家再生能源憑證中心所發行憑證張數統計，光是2023年度，以及2024年第一季憑證中心所發放太陽光電之綠電憑證數量排名，雲豹能源旗下售電業子公司天能綠電皆在國內眾多售電業者中名列前茅，今年第一季就達近3萬張太陽光電憑證，位居台灣第二大售電業者。雲豹能源表示，天能綠電預計今年底累計綠電轉供簽約量將達到125億度，且集團旗下綠電高達96%轉供民間企業，積極以發電、售電一條龍能源服務發展綠電交易，協助國內各大企業達成RE100目標。儘管台股今日受到美國聯準會放鷹、美債殖利率衝高、以色列與伊朗戰事升溫跡象，以及台積電下修產業展望等因素影響大跌，台股今指數一路下跌，盤中一度狂殺逾1000點。不過，雲豹能源憑藉在循環經濟與綠能領域的亮眼表現，股價仍能逆勢上揚，展現出強勁的成長動能！備註:升官發財請走此路小公主笑歪了--"], "post_comment": [{"comment_author": "peter080808", "comment_date": ["04/19", "15:09"], "comment_content": "國難概念股"}, {"comment_author": "cchh179", "comment_date": ["04/19", "15:09"], "comment_content": "幹嘛一直發雲豹新聞 忌妒ㄛ"}, {"comment_author": "suwalampa", "comment_date": ["04/19", "15:09"], "comment_content": "嘿嘿 顏色正確就正確了"}, {"comment_author": "fony1029", "comment_date": ["04/19", "15:09"], "comment_content": "一度12元當然漲"}, {"comment_author": "DUSTWAVE", "comment_date": ["04/19", "15:10"], "comment_content": "小公主：感謝50%支持，睏霸數錢就是爽"}, {"comment_author": "jeff0025", "comment_date": ["04/19", "15:10"], "comment_content": "黨表示"}, {"comment_author": "Theddy", "comment_date": ["04/19", "15:10"], "comment_content": "台灣價值=無價  嘻嘻"}, {"comment_author": "A80211ab", "comment_date": ["04/19", "15:10"], "comment_content": "民進黨如果上市肯定飆破天際"}, {"comment_author": "jeff0025", "comment_date": ["04/19", "15:10"], "comment_content": "1度12元 賺翻"}, {"comment_author": "nikewang", "comment_date": ["04/19", "15:10"], "comment_content": "郭智輝題材"}, {"comment_author": "wbsinger", "comment_date": ["04/19", "15:13"], "comment_content": "台灣跌倒 雲豹吃飽"}, {"comment_author": "lucky1017", "comment_date": ["04/19", "15:13"], "comment_content": "光明正大騙老百姓錢"}, {"comment_author": "crazydj", "comment_date": ["04/19", "15:13"], "comment_content": "性lie粉40%：打不贏不會加入??"}, {"comment_author": "SRNOB", "comment_date": ["04/19", "15:14"], "comment_content": ""}, {"comment_author": "neoa01", "comment_date": ["04/19", "15:16"], "comment_content": "台灣跌倒受益概念"}, {"comment_author": "bboring", "comment_date": ["04/19", "15:16"], "comment_content": "賺錢就是這麼簡單 把核四廢了來跟我買電"}, {"comment_author": "erisiss0", "comment_date": ["04/19", "15:17"], "comment_content": "唸書有啥屁用還不如靠走偏門吸百姓的血"}, {"comment_author": "qweertyui891", "comment_date": ["04/19", "15:17"], "comment_content": "一度12元的電真好賺"}, {"comment_author": "bboring", "comment_date": ["04/19", "15:17"], "comment_content": "黨都安排的妥妥的 早跟你說了"}, {"comment_author": "s9234032", "comment_date": ["04/19", "15:18"], "comment_content": "台灣跌倒 雲豹吃飽飽"}, {"comment_author": "mscp", "comment_date": ["04/19", "15:19"], "comment_content": "小公主笑到合不攏嘴"}, {"comment_author": "mscp", "comment_date": ["04/19", "15:19"], "comment_content": "炒完電力，接下來開始炒水資源概念股"}, {"comment_author": "mscp", "comment_date": ["04/19", "15:20"], "comment_content": "鬼島準備開始缺水了，缺什麼就買什麼股必賺"}, {"comment_author": "em4", "comment_date": ["04/19", "15:20"], "comment_content": "雲豹撐台股"}, {"comment_author": "gn134679", "comment_date": ["04/19", "15:20"], "comment_content": "有智障買12元的，雲豹綠能當然賺翻阿"}, {"comment_author": "mscp", "comment_date": ["04/19", "15:20"], "comment_content": "缺疫苗買高端，缺電買雲豹，缺水買水資源股"}, {"comment_author": "gn01693664", "comment_date": ["04/19", "15:21"], "comment_content": "加價賣 怎麼賠？"}, {"comment_author": "bboring", "comment_date": ["04/19", "15:22"], "comment_content": "搞完電跟疫苗 還有啥能搞能撈的?水?"}, {"comment_author": "bboring", "comment_date": ["04/19", "15:22"], "comment_content": "雲豹要賣多少 你都要謝謝不然沒電用"}, {"comment_author": "bboring", "comment_date": ["04/19", "15:23"], "comment_content": "畢竟廢核也是大家投票通過的 嘻嘻"}, {"comment_author": "breacal", "comment_date": ["04/19", "15:24"], "comment_content": "雜草國會過半，不喜歡綠能，不會提案反對"}, {"comment_author": "breacal", "comment_date": ["04/19", "15:24"], "comment_content": "？ 順便提案立法恢復和能源拒絕美國瘦肉"}, {"comment_author": "breacal", "comment_date": ["04/19", "15:24"], "comment_content": "精，國會過半捏，很威風的"}, {"comment_author": "littlegreen", "comment_date": ["04/19", "15:25"], "comment_content": "KMT什麼時候要處理"}, {"comment_author": "ebeta", "comment_date": ["04/19", "15:25"], "comment_content": "台電用三倍價格買，當然噴爆"}, {"comment_author": "bboring", "comment_date": ["04/19", "15:26"], "comment_content": "笑死 又kmt的問題喔?媽嘞"}, {"comment_author": "cyp001", "comment_date": ["04/19", "15:26"], "comment_content": "小公主又有零用錢買COSPLAY衣服囉"}, {"comment_author": "mb", "comment_date": ["04/19", "15:29"], "comment_content": "無良"}, {"comment_author": "hkcdc", "comment_date": ["04/19", "15:30"], "comment_content": "反觀台電虧損 說要破產 的"}, {"comment_author": "jupei5566", "comment_date": ["04/19", "15:32"], "comment_content": "重啟個屁"}, {"comment_author": "vera0204", "comment_date": ["04/19", "15:37"], "comment_content": "感覺跟高端很像"}, {"comment_author": "adk147852", "comment_date": ["04/19", "15:37"], "comment_content": "真正的護國神山"}, {"comment_author": "fulongb210f", "comment_date": ["04/19", "15:37"], "comment_content": "吃相難看。"}]}
