{"author": "v3aa7n (薰)", "category": "Gossiping", "title": "[新聞] 基隆東岸廣場所有權訴訟 NET、市府、大日", "date": "Wed Apr 17 14:06:57 2024", "content": ["基隆東岸廣場所有權訴訟 NET、市府、大日9名律師攻防", "2024-04-17 13:59p合報／ 記者邱瑞杰／基隆即時報導主富服裝公司（NET）以基隆市政府為被告，訴請法院裁判東岸商場2至4樓所有權。市府反訴NET占用商場，要求返還。NET基隆地方法院今天開庭審理，雙方律師在審判長前攻防，針對所有權歸屬、2至4是否為獨立空間、NET是否獨立出資等爭點陳述意見。開庭2小時半後結束，法官宣布6月5日再次開庭。東岸立體停車場原來是地上1層、地下4層建築，因為頂樓為和平廣場，在地人多稱為東岸廣場。基隆市前市長林右昌任內以OT案招商，由大日得標營運。大日後來引進協力廠商NET，並增建2至4樓。大日負責停車場營運，NET負責商場營運。去年底租約期滿前，基市府重新招商，由微風集團出線。NET主張地上2至4樓為其獨自出資增建，擁有產權。市府今年1月31日、2月1日辦理點移交作業，引發NET不滿，指控市府行為如強盜，並提起民事訴訟，尋求法院裁判所有權歸屬。基隆地院今天開庭，市府和NET各派2名律師出庭。市府提出反訴，要求NET返還建物，並委由3名律師出庭。大日公司認為與這起民事訟訴有利害關係，用參加人的身分委由2名律師出庭，因此法庭共有9名律師，在審判長前論辯。NET的律師用簡報檔案陳述東岸廣場招商始末，主張2至4樓建物是由NET獨自出資興建，具有獨立出入口，是獨立建物，因此擁有所有權。基隆市地政局今年3月7月將所有權登記在市府名下，不符合法令規定。東岸廣場的地址是仁二路236號，市府律師說，NET沒有東岸廣場土地持分及所有權，NET並非獨立出資興建2至4樓，通往2至4樓的樓梯也非獨立存在，目前也沒有仁二路236號2、3、4樓地址，因此不存在2至4樓建物所有權。大日律師表示，大日與NET在2017年簽定的契約第1條，載明NET承租範圍是2至4樓，NET既然是承租人，就不可能是所有權人，道理很清楚。此外大日公司提供NET租金折讓，形同為新增建物出資，NET並非獨自出資者。NET委任律師陳義文未出庭，他在庭外表示，東外廣場增建2至4樓，每一筆錢絕對都是NET出的。大日所說的出資，實際上是土地使用權折抵的概念。NET不是土地所有權人，但是建物所有權人，因此要支付類似「地租」的費用。當年增建有很長的興建期，大日為此提供興建期間優惠做為折抵，那是另外一回事，無關出資興建。-----Sent from JPTT on my Xiaomi Redmi Note 5.--"], "post_comment": [{"comment_author": "tmgl", "comment_date": ["04/17", "14:07"], "comment_content": "東哥沒空幫統神"}, {"comment_author": "VVizZ", "comment_date": ["04/17", "14:07"], "comment_content": "開賭盤媽"}, {"comment_author": "sd576109", "comment_date": ["04/17", "14:09"], "comment_content": "基隆東現在應該比較在意統神的事"}, {"comment_author": "jarrodqq896", "comment_date": ["04/17", "14:09"], "comment_content": "大日都不挺NET喔 笑死"}, {"comment_author": "koromo1991", "comment_date": ["04/17", "14:09"], "comment_content": "就這篇看起來感覺NET不利欸 不知道律"}, {"comment_author": "koromo1991", "comment_date": ["04/17", "14:09"], "comment_content": "師夠不夠強"}, {"comment_author": "hkcdc", "comment_date": ["04/17", "14:09"], "comment_content": "臺灣也能上演 租客拿走整棟的戲嗎"}, {"comment_author": "pieceioriX", "comment_date": ["04/17", "14:09"], "comment_content": "為啥姓陳的不去開庭 只會放話?"}, {"comment_author": "goodapple807", "comment_date": ["04/17", "14:11"], "comment_content": "有夠好笑，就看NET要凹到哪時候"}, {"comment_author": "jayppt", "comment_date": ["04/17", "14:11"], "comment_content": "基隆東道歉哦"}, {"comment_author": "Vassili242", "comment_date": ["04/17", "14:11"], "comment_content": "2-4樓有獨立出入口，是到2樓直接跳下"}, {"comment_author": "Vassili242", "comment_date": ["04/17", "14:11"], "comment_content": "來喔"}, {"comment_author": "science556", "comment_date": ["04/17", "14:14"], "comment_content": "基隆東最近在幫統神"}, {"comment_author": "Dailin", "comment_date": ["04/17", "14:14"], "comment_content": "要被斷網了嗎XD"}, {"comment_author": "lovesinker", "comment_date": ["04/17", "14:15"], "comment_content": "連大日都不挺"}, {"comment_author": "gogorice", "comment_date": ["04/17", "14:17"], "comment_content": "連大房東都跳船了，瞎"}, {"comment_author": "gogorice", "comment_date": ["04/17", "14:17"], "comment_content": "二"}, {"comment_author": "lpbrother", "comment_date": ["04/17", "14:17"], "comment_content": "9名律師要怎麼開辯論賽？"}, {"comment_author": "GonVolcano", "comment_date": ["04/17", "14:19"], "comment_content": "最近一堆事，把這事都掩蓋了"}, {"comment_author": "cidcheng", "comment_date": ["04/17", "14:21"], "comment_content": "我原本以為大日是NET方的耶？"}, {"comment_author": "yesonline", "comment_date": ["04/17", "14:21"], "comment_content": "NET委任律師陳義文未出庭....."}, {"comment_author": "dra7763", "comment_date": ["04/17", "14:22"], "comment_content": "這不可能判給NET 有判例以後就遍地開花了"}, {"comment_author": "link4517", "comment_date": ["04/17", "14:23"], "comment_content": "如果沒看錯 是把2-4樓的費用讓NET抵其他"}, {"comment_author": "link4517", "comment_date": ["04/17", "14:23"], "comment_content": "地方費用？"}, {"comment_author": "yufat", "comment_date": ["04/17", "14:23"], "comment_content": "參加人大日背刺 NET公關法務都好瞎"}, {"comment_author": "nolag", "comment_date": ["04/17", "14:23"], "comment_content": "有錢的市府派了5名律師"}, {"comment_author": "hkcdc", "comment_date": ["04/17", "14:24"], "comment_content": "NET委任律師陳義文未出庭，他在庭外表示"}, {"comment_author": "locdan", "comment_date": ["04/17", "14:25"], "comment_content": "大日一句話就打死了吧，很合理阿"}, {"comment_author": "cidcheng", "comment_date": ["04/17", "14:25"], "comment_content": "委任律師在庭外表示是有個鬼用 XD"}, {"comment_author": "Anvec", "comment_date": ["04/17", "14:25"], "comment_content": "連大日都"}, {"comment_author": "purin3333", "comment_date": ["04/17", "14:27"], "comment_content": "二打一 穩了嗎?"}, {"comment_author": "edidths", "comment_date": ["04/17", "14:27"], "comment_content": "大日跟市府還有好幾件合作案"}, {"comment_author": "vicious666", "comment_date": ["04/17", "14:28"], "comment_content": "哇 大日這樣主張，Net涼去"}, {"comment_author": "scott01", "comment_date": ["04/17", "14:31"], "comment_content": "不出庭 然後在庭外接受採訪？ NET的操作"}, {"comment_author": "scott01", "comment_date": ["04/17", "14:31"], "comment_content": "也太神了"}, {"comment_author": "garcia", "comment_date": ["04/17", "14:35"], "comment_content": "穩到不用進法庭吧"}, {"comment_author": "psee", "comment_date": ["04/17", "14:39"], "comment_content": "大日終於出現了喔  還不挺愛台灣的NET"}, {"comment_author": "helloffx", "comment_date": ["04/17", "14:39"], "comment_content": "大日出來了 net 要下去了嗎"}, {"comment_author": "sing60905", "comment_date": ["04/17", "14:46"], "comment_content": "大日找NET蓋 最後整棟送給政府 笑死"}, {"comment_author": "ImBBCALL", "comment_date": ["04/17", "14:46"], "comment_content": "不出庭 去庭外受採訪"}, {"comment_author": "ImBBCALL", "comment_date": ["04/17", "14:46"], "comment_content": "有夠幽默的律師"}, {"comment_author": "kuso2005", "comment_date": ["04/17", "14:47"], "comment_content": "NET不要為了這件事賠了做公益的形象"}, {"comment_author": "dra7763", "comment_date": ["04/17", "14:50"], "comment_content": "當初說是ROT精神的OT 的官員要不要出來"}, {"comment_author": "ketrobo", "comment_date": ["04/17", "14:52"], "comment_content": "孽特被大日律師狠很敲了幾棍"}, {"comment_author": "poboq0002", "comment_date": ["04/17", "14:52"], "comment_content": "可憐"}, {"comment_author": "justice79", "comment_date": ["04/17", "14:53"], "comment_content": "之前護航主婦那些人咧，ㄎㄎ"}, {"comment_author": "deann", "comment_date": ["04/17", "14:54"], "comment_content": "看來大日也站在市府一方"}, {"comment_author": "ketrobo", "comment_date": ["04/17", "14:56"], "comment_content": "ROT精神病的OT"}, {"comment_author": "xulzj524", "comment_date": ["04/17", "14:56"], "comment_content": "Net 你現在說的跟市府有什麼關係嗎～"}, {"comment_author": "xulzj524", "comment_date": ["04/17", "14:56"], "comment_content": "那是你跟大日的糾紛"}, {"comment_author": "hydralee", "comment_date": ["04/17", "15:13"], "comment_content": "嘻嘻 那麼給NET地上物所有權，但是需繳"}, {"comment_author": "rayes", "comment_date": ["04/17", "15:13"], "comment_content": "怎麼看都是肥昌勾結NET惡搞基隆"}, {"comment_author": "hydralee", "comment_date": ["04/17", "15:13"], "comment_content": "交高額地租給政府，繳不出來就拆屋還地"}, {"comment_author": "hydralee", "comment_date": ["04/17", "15:13"], "comment_content": "呢？"}, {"comment_author": "TheAnswerAI", "comment_date": ["04/17", "15:28"], "comment_content": "轉 基隆版"}, {"comment_author": "raku", "comment_date": ["04/17", "15:40"], "comment_content": "2～4樓有獨立出入口阿 不用經過1樓直通建物"}, {"comment_author": "raku", "comment_date": ["04/17", "15:41"], "comment_content": "外面地面"}, {"comment_author": "alin1028", "comment_date": ["04/17", "15:56"], "comment_content": "net就想要霸佔市有土地黑心企業阿，應"}, {"comment_author": "alin1028", "comment_date": ["04/17", "15:57"], "comment_content": "該全民抵制"}, {"comment_author": "shauima", "comment_date": ["04/17", "16:28"], "comment_content": "原本以為是意外，後來發現劣跡斑斑？？"}, {"comment_author": "Mytsb2421", "comment_date": ["04/17", "17:37"], "comment_content": "房屋如果判給Net地上權，那就太離譜了"}, {"comment_author": "nobeldd", "comment_date": ["04/18", "13:35"], "comment_content": "不是連大日也被告嗎"}]}
