{"author": "naiwind (Night Wind)", "category": "Gossiping", "title": "[新聞] 新竹棒球場覆土移除工程決標了 待結構鑑", "date": "Thu Apr 18 08:24:43 2024", "content": ["新竹棒球場覆土移除工程決標了 待結構鑑定結果進場聯合報／ 張裕珍", "新竹棒球場工程改善進度備受關注，竹市府不滿統包商巨佳營造拖延鑑定，今年決定收回球場自行移除過載覆土，巨佳營造也出招向法院聲請證據保全，新竹地院日前裁定由台灣省結構技師公會鑑定。竹市府斥資999萬元招標的覆土移除工程2度招標在今天決標，市府表示，仍會整備工程所需，待鑑定結果後通知廠商進場。斥資12億元的新竹棒球場工程停工1年多，新竹市政府認為，統包商巨佳營造遲遲未依照要求在期限內移除棒球場過載覆土，並表明拒絕進場。市府依工程案契約第九條規定，決定由市府自行移除過載覆土，並向統包商求償相關工程費用。市府工務處今年目標完成覆土移除及球場加速重啟的前置發包作業，其中覆土移除工程採開口契約方式進行，預算金額999萬元，日前第一次招標因家數不足流標，第二次招標於今天開標，有廠商得標，將著手施工動線、全程攝影及拍攝布設、現況保護及臨時支撐等前置作業。不過，新竹棒球場", "，新竹地方法院日前裁定由台灣省結構技師公會鑑定，由於在鑑定部分目前尚未有進一步消息，覆土移除工程案仍待通知後進場。市府工務處指出，市府於半年前即已要求廠商進行第三方公正單位鑑定，但統包商持續拖延置之不理，直至市府自行發包球場覆土移除工程後，統包商才向法院聲請證據保全，要求進行第三方公會鑑定，市府仍會整備工程相關所需，靜待公會鑑定結果。工務處長陳明錚也強調，去年就已要求巨佳營造移除過載覆土，並要提出結構安全評估報告等，但廠商刻意拖延，市府尊重法院裁定，也會尊重鑑定單位作業，希望能加速辦理，覆土移除工程決標後，廠商會先行準備待命，隨時通知開工就會執行。竹市府教育處表示，後續棒球場重啟的規劃設計案也正進行中，盼能於覆土移除前完備球場改善的細部設計，並盡速進場改善，還給市民一座安全且功能完善的球場。==看起來遙遙無期了，巨佳向法院聲請保全證據，通過後市府就無法移除覆土。想想也有道理，高虹安一直說覆土有問題，沒解決就滅證，以為是硬土是硬碟嗎？--", "也不太算，當初副市長蔡麗清說要分區挖土取樣，兼顧修護和保全證據。結果就被離職了，誰知道高虹安當時是怎麼想..."], "post_comment": [{"comment_author": "cs09312", "comment_date": ["04/18", "08:25"], "comment_content": "太誇張了 高虹安到底在幹嘛"}, {"comment_author": "snobbish", "comment_date": ["04/18", "08:26"], "comment_content": "球員都受傷了還能堅持？"}, {"comment_author": "ppp123", "comment_date": ["04/18", "08:26"], "comment_content": "高鼻讓新竹人沒棒球看"}, {"comment_author": "gx9900824", "comment_date": ["04/18", "08:27"], "comment_content": "笑死 繼續拖 人家小智樂悠悠"}, {"comment_author": "yesonline", "comment_date": ["04/18", "08:28"], "comment_content": "雙方都在拖延. 這球場2026才會啟用吧?"}, {"comment_author": "eiuiu", "comment_date": ["04/18", "08:28"], "comment_content": "問題不就新竹地檢在拖，所有證據都送了還不"}, {"comment_author": "eiuiu", "comment_date": ["04/18", "08:28"], "comment_content": "處理，是不是要等幾千年才有時間處理"}, {"comment_author": "kutkin", "comment_date": ["04/18", "08:28"], "comment_content": "還是沒挖到東西"}, {"comment_author": "cisyong", "comment_date": ["04/18", "08:30"], "comment_content": "覆土還沒挖怎會有東西出來."}, {"comment_author": "baldhead0606", "comment_date": ["04/18", "08:32"], "comment_content": "廠商在等甚麼?檢調在等甚麼?"}, {"comment_author": "no10798254", "comment_date": ["04/18", "08:34"], "comment_content": "查無不法 拖過2026 民進黨小智就解套"}, {"comment_author": "jk1982", "comment_date": ["04/18", "08:41"], "comment_content": "誰要出錢整個翻修…"}, {"comment_author": "specman", "comment_date": ["04/18", "08:45"], "comment_content": "急著處理幹嘛 2026再消費一次"}, {"comment_author": "coffee112", "comment_date": ["04/18", "08:49"], "comment_content": "大家都在等辣個帥哥回歸打卡拍照吧"}, {"comment_author": "yamhome", "comment_date": ["04/18", "09:07"], "comment_content": "台北巨蛋、新竹棒球場同病相憐..."}, {"comment_author": "commonness", "comment_date": ["04/18", "09:19"], "comment_content": "巨蛋 新竹 差那麼多 一個致人受傷"}, {"comment_author": "cxiop", "comment_date": ["04/18", "09:38"], "comment_content": "不是說有大秘寶，所以大秘寶找到了沒？"}, {"comment_author": "toshizo", "comment_date": ["04/18", "09:42"], "comment_content": "怎麼前市長還沒被起訴"}, {"comment_author": "carlkan", "comment_date": ["04/18", "10:30"], "comment_content": "聯合報已經數度攻擊挖土姬了"}, {"comment_author": "carlkan", "comment_date": ["04/18", "10:31"], "comment_content": "不知道白粉還能堅持挺貪汙犯多久"}]}
