{"author": "kevin4201153 ()", "category": "Gossiping", "title": "[新聞] 核二廠出海口驚見浮屍！他雙腳遭綑　「頭", "date": "Thu Apr 18 10:40:53 2024", "content": ["備註請放最後面 違者新聞文章刪除1.媒體來源:", "TVBS新聞網2.記者署名:", "易軍堯3.完整新聞標題:", "核二廠出海口驚見浮屍！他雙腳遭綑　「頭套塑膠袋」飄水面亡4.完整新聞內文:", "規新北市萬里區17日下午傳出一起浮屍案件，警消、海巡單位於下午4時許接獲民眾通報，得知位於萬里區核二廠出海口有一名男子漂浮水面、毫無動靜疑似已經死亡，緊急趕抵現場打撈上岸後，確認為一名身穿短褲的男子，詳情仍待調查。據初步了解，遺體經勘驗沒有發現致命外傷、也無遭凌虐痕跡，但其頭部卻套有黑色塑膠袋、加上雙腳被捆住，雖然", "輕生可能性高？？？腳被綁住頭套塑膠袋欸--", "就沒人在跟你吵啊 你自己一個在推文底下一直碎碎念幹嘛=="], "post_comment": [{"comment_author": "T8", "comment_date": ["04/18", "10:41"], "comment_content": "Das Auto"}, {"comment_author": "s820912gmail", "comment_date": ["04/18", "10:41"], "comment_content": "暖"}, {"comment_author": "noreg0393933", "comment_date": ["04/18", "10:41"], "comment_content": "死意堅決，漬鯊？"}, {"comment_author": "DosTaLiCa", "comment_date": ["04/18", "10:41"], "comment_content": "新北"}, {"comment_author": "uohZemllac", "comment_date": ["04/18", "10:41"], "comment_content": "自殺???????"}, {"comment_author": "zukidelko", "comment_date": ["04/18", "10:41"], "comment_content": "自殺吧"}, {"comment_author": "yochiya", "comment_date": ["04/18", "10:41"], "comment_content": "綠電發大財"}, {"comment_author": "chinaeatshit", "comment_date": ["04/18", "10:41"], "comment_content": "被自殺也是自殺  不必去查"}, {"comment_author": "a1202799", "comment_date": ["04/18", "10:41"], "comment_content": "堅決反核人士？"}, {"comment_author": "a5687920", "comment_date": ["04/18", "10:41"], "comment_content": "死意堅決"}, {"comment_author": "gundam0613", "comment_date": ["04/18", "10:41"], "comment_content": "自殺"}, {"comment_author": "cfesun", "comment_date": ["04/18", "10:41"], "comment_content": "這樣也能判輕生…這太厲害了"}, {"comment_author": "AFISH111", "comment_date": ["04/18", "10:41"], "comment_content": "判定自殺就可以結案了  沒人在意死者"}, {"comment_author": "ianlin1216", "comment_date": ["04/18", "10:41"], "comment_content": "漬鯊，不必去查"}, {"comment_author": "ralfeistein", "comment_date": ["04/18", "10:42"], "comment_content": ""}, {"comment_author": "SShirakawa", "comment_date": ["04/18", "10:42"], "comment_content": "不必去查"}, {"comment_author": "happypg", "comment_date": ["04/18", "10:42"], "comment_content": "自殺 不必去查"}, {"comment_author": "gx8759121", "comment_date": ["04/18", "10:42"], "comment_content": "輕生啦，哪次不是輕生，嘻嘻"}, {"comment_author": "dick929", "comment_date": ["04/18", "10:42"], "comment_content": "重點沒寫，手沒有捆綁痕跡"}, {"comment_author": "SPAEK", "comment_date": ["04/18", "10:42"], "comment_content": "死意堅決"}, {"comment_author": "pokiman", "comment_date": ["04/18", "10:42"], "comment_content": "這推論跟身中五十刀判斷為自殺一樣"}, {"comment_author": "deann", "comment_date": ["04/18", "10:42"], "comment_content": "捆住自己的雙腳 然後帶黑色塑膠袋輕生???"}, {"comment_author": "k44754", "comment_date": ["04/18", "10:42"], "comment_content": "問就是死意堅決，非他殺"}, {"comment_author": "fertalizer", "comment_date": ["04/18", "10:43"], "comment_content": "哪次不是自殺"}, {"comment_author": "basara30", "comment_date": ["04/18", "10:43"], "comment_content": "雙腳捆著，頭包塑膠袋=輕生可能性高？"}, {"comment_author": "ship1228", "comment_date": ["04/18", "10:43"], "comment_content": "誰他媽自殺要綁自己腳，你他媽的"}, {"comment_author": "qt359101", "comment_date": ["04/18", "10:43"], "comment_content": "誰自殺會捆住雙腳+頭戴垃圾袋阿"}, {"comment_author": "missim220", "comment_date": ["04/18", "10:43"], "comment_content": "笑死 記者的反諷吧"}, {"comment_author": "TyuzuChou", "comment_date": ["04/18", "10:43"], "comment_content": "反正不管怎樣警方都認定自殺啦"}, {"comment_author": "sellgd", "comment_date": ["04/18", "10:43"], "comment_content": "黨又出貨了"}, {"comment_author": "losage", "comment_date": ["04/18", "10:43"], "comment_content": "鬼島真的越來越指鹿為馬了…"}, {"comment_author": "lipstick", "comment_date": ["04/18", "10:43"], "comment_content": "自殺"}, {"comment_author": "SPAEK", "comment_date": ["04/18", "10:43"], "comment_content": "這年頭的輕生範圍超乎想像 哈哈"}, {"comment_author": "keirto", "comment_date": ["04/18", "10:43"], "comment_content": "雙腳遭捆 輕生可能性高？"}, {"comment_author": "kino056", "comment_date": ["04/18", "10:43"], "comment_content": "發現遺書 死意堅決?"}, {"comment_author": "Insania", "comment_date": ["04/18", "10:43"], "comment_content": "輕生可能性高是記者自己腦補還是誰講的"}, {"comment_author": "Insania", "comment_date": ["04/18", "10:44"], "comment_content": "呀~"}, {"comment_author": "KSHLO", "comment_date": ["04/18", "10:44"], "comment_content": "自殺死意堅決"}, {"comment_author": "dick929", "comment_date": ["04/18", "10:44"], "comment_content": "走到海邊，先把雙腳捆綁，再把黑色塑膠袋"}, {"comment_author": "kevinpc", "comment_date": ["04/18", "10:44"], "comment_content": "腳自己捆的 頭自己套的"}, {"comment_author": "dick929", "comment_date": ["04/18", "10:44"], "comment_content": "套頭打結，然後跳海自殺"}, {"comment_author": "HellFly", "comment_date": ["04/18", "10:44"], "comment_content": "自殺還這麼搞工"}, {"comment_author": "em4", "comment_date": ["04/18", "10:44"], "comment_content": "輕生吧 怕有反射性想要求生的慾望"}, {"comment_author": "vowpool", "comment_date": ["04/18", "10:44"], "comment_content": "果然死意堅決"}, {"comment_author": "kevin31a2", "comment_date": ["04/18", "10:44"], "comment_content": "新北日常"}, {"comment_author": "goodgodgd", "comment_date": ["04/18", "10:45"], "comment_content": "誰會這樣自殺的你說說看"}, {"comment_author": "hkcdc", "comment_date": ["04/18", "10:45"], "comment_content": "被自殺"}, {"comment_author": "vowpool", "comment_date": ["04/18", "10:45"], "comment_content": "昨天那篇日本警察就比較正常"}, {"comment_author": "jma306", "comment_date": ["04/18", "10:45"], "comment_content": " 死意堅決"}, {"comment_author": "yz1120", "comment_date": ["04/18", "10:45"], "comment_content": "輕生可能性高個鬼"}, {"comment_author": "rexlin", "comment_date": ["04/18", "10:45"], "comment_content": "這種你跟我說輕生???"}, {"comment_author": "leeyeah", "comment_date": ["04/18", "10:45"], "comment_content": "我猜就算分屍成18塊依然是死意堅決自殺"}, {"comment_author": "dick929", "comment_date": ["04/18", "10:45"], "comment_content": "手沒有被捆綁這一點，就是很好判斷推文"}, {"comment_author": "vowpool", "comment_date": ["04/18", "10:45"], "comment_content": "台灣警察不知道是不是腦袋怪怪的"}, {"comment_author": "dick929", "comment_date": ["04/18", "10:45"], "comment_content": "者的智商"}, {"comment_author": "photonic", "comment_date": ["04/18", "10:45"], "comment_content": "輕生燒炭就好 哪個傻子會這樣搞自己?"}, {"comment_author": "Mesenne", "comment_date": ["04/18", "10:45"], "comment_content": "挺核的下場"}, {"comment_author": "dick929", "comment_date": ["04/18", "10:46"], "comment_content": "八卦版的推文是不是腦袋都怪怪的"}, {"comment_author": "rexlin", "comment_date": ["04/18", "10:46"], "comment_content": "雙腳遭捆+頭套塑膠袋,報導可能輕生?"}, {"comment_author": "whitefox", "comment_date": ["04/18", "10:46"], "comment_content": "鐵絲繞身100圈都被國際第一專家說是自殺"}, {"comment_author": "chocopoodle", "comment_date": ["04/18", "10:46"], "comment_content": "怕"}, {"comment_author": "AMD640", "comment_date": ["04/18", "10:46"], "comment_content": "這自殺 台灣司法悲哀"}, {"comment_author": "Forcast", "comment_date": ["04/18", "10:46"], "comment_content": "福獅踢four"}, {"comment_author": "roywow", "comment_date": ["04/18", "10:46"], "comment_content": "被自殺"}, {"comment_author": "kyowinner", "comment_date": ["04/18", "10:46"], "comment_content": "綁腳不綁手推論自殺不是很合理嗎"}, {"comment_author": "ChungLi5566", "comment_date": ["04/18", "10:46"], "comment_content": "哪天分屍也是自s都不意外"}, {"comment_author": "hiimhenry", "comment_date": ["04/18", "10:46"], "comment_content": "這樣輕身可能性高哈哈哈哈"}, {"comment_author": "tetsu327", "comment_date": ["04/18", "10:46"], "comment_content": "自己綁自己輕生?記者邏輯是?"}, {"comment_author": "kyowinner", "comment_date": ["04/18", "10:46"], "comment_content": "推文是在...?"}, {"comment_author": "vowpool", "comment_date": ["04/18", "10:46"], "comment_content": "會相信是自殺的腦袋的確是怪怪的"}, {"comment_author": "cidcheng", "comment_date": ["04/18", "10:47"], "comment_content": "輕生可能性高 XDD"}, {"comment_author": "dick929", "comment_date": ["04/18", "10:47"], "comment_content": "每一個跳海跳河尋短的新聞都要嘴一遍"}, {"comment_author": "alwang", "comment_date": ["04/18", "10:47"], "comment_content": "一定是自殺  哪次不是自殺了"}, {"comment_author": "BingLing", "comment_date": ["04/18", "10:47"], "comment_content": "又是輕生"}, {"comment_author": "whitefox", "comment_date": ["04/18", "10:47"], "comment_content": "他後來好像就很少回台了,功夫被學走了嗎"}, {"comment_author": "a27588679", "comment_date": ["04/18", "10:47"], "comment_content": "自s 沒事兒"}, {"comment_author": "SPAEK", "comment_date": ["04/18", "10:47"], "comment_content": "應該弄個自殺聲明書 我自殺只選什麼方法"}, {"comment_author": "dick929", "comment_date": ["04/18", "10:47"], "comment_content": "真的嘴不過自殺，就改口說民不聊生，人"}, {"comment_author": "dick929", "comment_date": ["04/18", "10:48"], "comment_content": "民活不下去"}, {"comment_author": "chugliang", "comment_date": ["04/18", "10:48"], "comment_content": "這個能判斷成自殺，也是神了wwww"}, {"comment_author": "crazydj", "comment_date": ["04/18", "10:48"], "comment_content": "520快到了 四海昇平人民安居樂業^^"}, {"comment_author": "dick929", "comment_date": ["04/18", "10:48"], "comment_content": "這樣的爛梗玩不膩"}, {"comment_author": "k4598760", "comment_date": ["04/18", "10:48"], "comment_content": "頭套塑膠袋腳被綑綁怎麼自殺"}, {"comment_author": "crazydj", "comment_date": ["04/18", "10:48"], "comment_content": "性lie 台灣"}, {"comment_author": "kuwanosan", "comment_date": ["04/18", "10:48"], "comment_content": "警察素質 唉"}, {"comment_author": "ToumaKazusa", "comment_date": ["04/18", "10:48"], "comment_content": "輕生可能高？這句莫名的好笑XDDD"}, {"comment_author": "asdf70044", "comment_date": ["04/18", "10:48"], "comment_content": "一定自殺有遺書 不B去查"}, {"comment_author": "peteryang", "comment_date": ["04/18", "10:48"], "comment_content": "自殺，不必去查"}, {"comment_author": "t71296b7NO3", "comment_date": ["04/18", "10:49"], "comment_content": "這次不是暖市"}, {"comment_author": "poco0960", "comment_date": ["04/18", "10:49"], "comment_content": "待退弟兄八字輕"}, {"comment_author": "alex00089", "comment_date": ["04/18", "10:49"], "comment_content": "園區表示"}, {"comment_author": "em4", "comment_date": ["04/18", "10:49"], "comment_content": "沒綁手啊 很明顯自己弄的"}, {"comment_author": "fony1029", "comment_date": ["04/18", "10:49"], "comment_content": "EE園區"}, {"comment_author": "dick929", "comment_date": ["04/18", "10:50"], "comment_content": "他殺可以洗成治安差，自殺可以洗成人民"}, {"comment_author": "dick929", "comment_date": ["04/18", "10:50"], "comment_content": "生活差，反正目標達到"}, {"comment_author": "SPAEK", "comment_date": ["04/18", "10:50"], "comment_content": "這個自殺真辛苦 腳被捆 只能蹦蹦跳跳的下去"}, {"comment_author": "visviva", "comment_date": ["04/18", "10:50"], "comment_content": "自殺啦，哪次不是自殺了"}, {"comment_author": "WIGGINS22", "comment_date": ["04/18", "10:50"], "comment_content": "母豬洨陰政績+1☺"}, {"comment_author": "SPAEK", "comment_date": ["04/18", "10:50"], "comment_content": "如果還有雙手反綁就完美了"}, {"comment_author": "kululualex", "comment_date": ["04/18", "10:50"], "comment_content": "一定自殺啦，死意堅決"}, {"comment_author": "vowpool", "comment_date": ["04/18", "10:50"], "comment_content": "頭套黑色塑膠袋看不見"}, {"comment_author": "neoa01", "comment_date": ["04/18", "10:50"], "comment_content": "太嚇人了啦，民進黨"}, {"comment_author": "neoa01", "comment_date": ["04/18", "10:51"], "comment_content": "要去查嗎？會不會最後用自殺結案"}, {"comment_author": "neoa01", "comment_date": ["04/18", "10:51"], "comment_content": "民進黨這幾年離奇死亡、墜樓、浮屍太嚇人"}, {"comment_author": "cat5672", "comment_date": ["04/18", "10:51"], "comment_content": "不不不 怎麼想應該是要說 可能是遭捆綁"}, {"comment_author": "ultraccs", "comment_date": ["04/18", "10:51"], "comment_content": "能自己捆綁自己 又套塑膠袋 一定是自殺"}, {"comment_author": "leinru", "comment_date": ["04/18", "10:51"], "comment_content": "死意堅決"}, {"comment_author": "neoa01", "comment_date": ["04/18", "10:51"], "comment_content": ""}, {"comment_author": "ultraccs", "comment_date": ["04/18", "10:51"], "comment_content": "啦"}, {"comment_author": "pdz", "comment_date": ["04/18", "10:51"], "comment_content": "自殺啦 哪次不是自殺"}, {"comment_author": "believefate", "comment_date": ["04/18", "10:51"], "comment_content": "越來越像對岸了 維穩成這樣"}, {"comment_author": "vowpool", "comment_date": ["04/18", "10:51"], "comment_content": "腳被綁住 跳也要跳下去 果然死意堅決"}, {"comment_author": "fony1029", "comment_date": ["04/18", "10:51"], "comment_content": "40%：自殺啦 跟什麼詐騙園區出貨無關"}, {"comment_author": "cat5672", "comment_date": ["04/18", "10:51"], "comment_content": "推下海但不排除輕生可能吧 是不是反過來"}, {"comment_author": "skyprayer", "comment_date": ["04/18", "10:51"], "comment_content": "不必去查"}, {"comment_author": "Atima", "comment_date": ["04/18", "10:51"], "comment_content": "漬沙"}, {"comment_author": "leinru", "comment_date": ["04/18", "10:52"], "comment_content": "記者腦子沒問題吧"}, {"comment_author": "sheep2009", "comment_date": ["04/18", "10:52"], "comment_content": "新北不意外 猴猴出代誌"}, {"comment_author": "a22530722", "comment_date": ["04/18", "10:52"], "comment_content": "高雄不意外~~~~~~~~~~~~~~~~~~~~~~~~~~"}, {"comment_author": "m13m13m", "comment_date": ["04/18", "10:52"], "comment_content": "黨說自殺"}, {"comment_author": "wanliers", "comment_date": ["04/18", "10:52"], "comment_content": "頭套綁腳輕生啦～不必去查"}, {"comment_author": "dick929", "comment_date": ["04/18", "10:52"], "comment_content": "也不一定要跳，坐在碼頭岸邊或消波塊上綁"}, {"comment_author": "dick929", "comment_date": ["04/18", "10:52"], "comment_content": "好腳，套上塑膠袋，上半身往前一倒就掰掰"}, {"comment_author": "fony1029", "comment_date": ["04/18", "10:52"], "comment_content": "果然是20年來經濟最好產業，然候再來洗"}, {"comment_author": "fony1029", "comment_date": ["04/18", "10:52"], "comment_content": "以前治安更差，有金光黨有強盜的"}, {"comment_author": "photonic", "comment_date": ["04/18", "10:53"], "comment_content": "這記者有想過自己在寫什麼嗎"}, {"comment_author": "vowpool", "comment_date": ["04/18", "10:53"], "comment_content": "不知道是不是在碼頭跳的 環境這麼適合嗎?"}, {"comment_author": "fony1029", "comment_date": ["04/18", "10:53"], "comment_content": "可能也是照著新聞稿去改寫而已，領人薪"}, {"comment_author": "new71050", "comment_date": ["04/18", "10:53"], "comment_content": "笑死輕生可能性高"}, {"comment_author": "mscp", "comment_date": ["04/18", "10:53"], "comment_content": "DPP:史上經濟最好的年代，股市兩萬點"}, {"comment_author": "fony1029", "comment_date": ["04/18", "10:53"], "comment_content": "水的不要想太多，你太有腦反而會被主管"}, {"comment_author": "dick929", "comment_date": ["04/18", "10:53"], "comment_content": "這一篇新聞真是八卦智力測驗"}, {"comment_author": "fony1029", "comment_date": ["04/18", "10:53"], "comment_content": "約談"}, {"comment_author": "MichaelRedd", "comment_date": ["04/18", "10:54"], "comment_content": "台灣浮屍哪次不是自殺啦"}, {"comment_author": "sasado", "comment_date": ["04/18", "10:54"], "comment_content": "這樣叫做輕生可能性高，這群人邏輯會不會"}, {"comment_author": "bingreen", "comment_date": ["04/18", "10:54"], "comment_content": "輕生？？哪個天才會這麼認為"}, {"comment_author": "sasado", "comment_date": ["04/18", "10:54"], "comment_content": "太奇葩"}, {"comment_author": "neko198927", "comment_date": ["04/18", "10:54"], "comment_content": "怎麼看出輕生可能性高？？？"}, {"comment_author": "dick929", "comment_date": ["04/18", "10:54"], "comment_content": "我是建議這篇推文不如洗自殺更好"}, {"comment_author": "fony1029", "comment_date": ["04/18", "10:54"], "comment_content": "40%相信政府相信黨 一定是自殺 不必去查"}, {"comment_author": "bamm", "comment_date": ["04/18", "10:55"], "comment_content": "沒事啦 新北是自殺 高雄就是他殺"}, {"comment_author": "alex5566", "comment_date": ["04/18", "10:55"], "comment_content": "輕生可能性高 誰自殺套塑膠袋拉"}, {"comment_author": "derrick1220", "comment_date": ["04/18", "10:55"], "comment_content": "自殺啦 正常人都看的出來好ㄇ"}, {"comment_author": "jeff0025", "comment_date": ["04/18", "10:55"], "comment_content": "不必去查  自殺"}, {"comment_author": "SPAEK", "comment_date": ["04/18", "10:55"], "comment_content": "這次沒放個遺書 準備還是有點粗糙 要是有"}, {"comment_author": "new71050", "comment_date": ["04/18", "10:55"], "comment_content": "超商賣場塑膠袋要鎖起來了"}, {"comment_author": "nikewang", "comment_date": ["04/18", "10:55"], "comment_content": "塔綠班出貨文"}, {"comment_author": "dick929", "comment_date": ["04/18", "10:55"], "comment_content": "生活壓力大、買不起房、物價高……罄竹"}, {"comment_author": "SPAEK", "comment_date": ["04/18", "10:55"], "comment_content": "早就排除被推下海的可能了 下次還是要認真"}, {"comment_author": "fony1029", "comment_date": ["04/18", "10:55"], "comment_content": "在那叫什麼 自殺啦 一定不是什麼詐騙園"}, {"comment_author": "MichaelRedd", "comment_date": ["04/18", "10:55"], "comment_content": "為什麼刑警會懶成這樣.都自殺結案"}, {"comment_author": "dick929", "comment_date": ["04/18", "10:55"], "comment_content": "難書，逼死人民"}, {"comment_author": "fony1029", "comment_date": ["04/18", "10:55"], "comment_content": "區出貨"}, {"comment_author": "derrick1220", "comment_date": ["04/18", "10:56"], "comment_content": "笑死 這很明顯就自殺"}, {"comment_author": "sunwill34243", "comment_date": ["04/18", "10:56"], "comment_content": "當事人只是比較有創意而已 自殺結案"}, {"comment_author": "coffee112", "comment_date": ["04/18", "10:56"], "comment_content": "輕生 甚麼都嘛輕生 = ="}, {"comment_author": "k44754", "comment_date": ["04/18", "10:56"], "comment_content": ""}, {"comment_author": "GAOTT", "comment_date": ["04/18", "10:56"], "comment_content": "看地方 屍體飄到北部就是地方十成"}, {"comment_author": "cocogg", "comment_date": ["04/18", "10:57"], "comment_content": "誰他媽自殺會自綁+頭套塑膠袋=="}, {"comment_author": "lslayer", "comment_date": ["04/18", "10:57"], "comment_content": "雙手綑綁 頭套塑膠袋 看來真是死意堅決阿"}, {"comment_author": "GAOTT", "comment_date": ["04/18", "10:57"], "comment_content": "飄到南部就是自殺或意外身亡"}, {"comment_author": "Coldhands", "comment_date": ["04/18", "10:57"], "comment_content": "水很深"}, {"comment_author": "fransiceyho", "comment_date": ["04/18", "10:57"], "comment_content": "結案～"}, {"comment_author": "malaman", "comment_date": ["04/18", "10:57"], "comment_content": "雖然輕生可能性高 ？？？"}, {"comment_author": "fony1029", "comment_date": ["04/18", "10:58"], "comment_content": "我勸26%不要太有腦，人家說自殺就是自殺"}, {"comment_author": "fony1029", "comment_date": ["04/18", "10:58"], "comment_content": "，不必去揣測什麼詐騙園區還是什麼黑吃"}, {"comment_author": "dreamaki", "comment_date": ["04/18", "10:58"], "comment_content": "40%的最愛"}, {"comment_author": "fony1029", "comment_date": ["04/18", "10:58"], "comment_content": "黑之類的事情"}, {"comment_author": "ilikeroc", "comment_date": ["04/18", "10:58"], "comment_content": "這自殺的吧 看起來死意堅決"}, {"comment_author": "kmhm", "comment_date": ["04/18", "10:58"], "comment_content": "被自殺？"}, {"comment_author": "Ceferino", "comment_date": ["04/18", "10:58"], "comment_content": "不必去查，嘻嘻"}, {"comment_author": "MichaelRedd", "comment_date": ["04/18", "10:59"], "comment_content": "現在殺人只要丟海裡+假造遺書就SAVE"}, {"comment_author": "MichaelRedd", "comment_date": ["04/18", "10:59"], "comment_content": "反正警察不必去查，都自殺結案"}, {"comment_author": "dick929", "comment_date": ["04/18", "10:59"], "comment_content": ""}, {"comment_author": "sddmavn", "comment_date": ["04/18", "11:01"], "comment_content": "綁手綁腳頭套塑膠袋像是自殺的嗎xdd"}, {"comment_author": "new71050", "comment_date": ["04/18", "11:01"], "comment_content": "某人不是說浮屍是日常"}, {"comment_author": "cocomol", "comment_date": ["04/18", "11:01"], "comment_content": "怎麼可能是自殺  好恐怖喔"}, {"comment_author": "SPAEK", "comment_date": ["04/18", "11:01"], "comment_content": "這次偷懶了 缺遺書 可能石頭沒壓好"}, {"comment_author": "ljm87", "comment_date": ["04/18", "11:03"], "comment_content": "党說輕生誰反對"}, {"comment_author": "olalo", "comment_date": ["04/18", "11:03"], "comment_content": "要自殺的人幹嘛把自己搞得這麼複雜?"}, {"comment_author": "liang0703", "comment_date": ["04/18", "11:03"], "comment_content": "通通都是自殺哦！"}, {"comment_author": "k44754", "comment_date": ["04/18", "11:03"], "comment_content": ""}, {"comment_author": "k44754", "comment_date": ["04/18", "11:03"], "comment_content": ""}, {"comment_author": "LoCKeR941010", "comment_date": ["04/18", "11:04"], "comment_content": "笑死"}, {"comment_author": "derrick1220", "comment_date": ["04/18", "11:04"], "comment_content": "樓上圖也自殺ㄚ明眼人都看的出來"}, {"comment_author": "SPAEK", "comment_date": ["04/18", "11:05"], "comment_content": "以前都說自殺會有點儀式感 現在都好隨便喔"}, {"comment_author": "gobo", "comment_date": ["04/18", "11:05"], "comment_content": "我捆我自己！！"}, {"comment_author": "CPULE", "comment_date": ["04/18", "11:06"], "comment_content": "還他殺可能性小 幹你的"}, {"comment_author": "adasin", "comment_date": ["04/18", "11:06"], "comment_content": "高雄:自殺的啦 這愛河看多了"}, {"comment_author": "mushrimp5466", "comment_date": ["04/18", "11:07"], "comment_content": "輕生可能性高是要笑死人"}, {"comment_author": "vvv888", "comment_date": ["04/18", "11:08"], "comment_content": "現在殺人丟水裡就對了？"}, {"comment_author": "willieSin", "comment_date": ["04/18", "11:08"], "comment_content": "當然是自殺，法官都會一手獨自反綁自己"}, {"comment_author": "willieSin", "comment_date": ["04/18", "11:08"], "comment_content": "+頭戴塑膠套綁死的絕活"}, {"comment_author": "zhang750115", "comment_date": ["04/18", "11:08"], "comment_content": "在黨的治理底下 只有輕生沒有謀殺"}, {"comment_author": "godblesses", "comment_date": ["04/18", "11:09"], "comment_content": "原來這會推論輕生 哪個智障判讀的"}, {"comment_author": "ssccot", "comment_date": ["04/18", "11:09"], "comment_content": "厲害了 雙腳捆住頭套塑膠袋研判輕生機率高"}, {"comment_author": "fit8590", "comment_date": ["04/18", "11:10"], "comment_content": "哇塞現在機關和記者見解真是詫異"}, {"comment_author": "elvis30901", "comment_date": ["04/18", "11:10"], "comment_content": "死意這麼堅決啊"}, {"comment_author": "ericlin121", "comment_date": ["04/18", "11:11"], "comment_content": "還以為是高雄"}, {"comment_author": "psy792", "comment_date": ["04/18", "11:11"], "comment_content": "自殺，死意甚堅，大概是這樣！"}, {"comment_author": "steven5026", "comment_date": ["04/18", "11:11"], "comment_content": "自殺結案，死意堅決"}, {"comment_author": "katanakiller", "comment_date": ["04/18", "11:11"], "comment_content": "這樣還輕生可能性高 笑死"}, {"comment_author": "SnakeO", "comment_date": ["04/18", "11:11"], "comment_content": "\"輕生可能性\"是記者自己寫的還是警察說的?"}, {"comment_author": "Leoreo", "comment_date": ["04/18", "11:12"], "comment_content": "問就是自殺 滾"}, {"comment_author": "adasin", "comment_date": ["04/18", "11:12"], "comment_content": "畢竟總統要上任了 需要歌舞昇平 洗洗地"}, {"comment_author": "trashcan0512", "comment_date": ["04/18", "11:12"], "comment_content": "智商正常可是不能當法律人的喔"}, {"comment_author": "Thide", "comment_date": ["04/18", "11:12"], "comment_content": "笑死，有人也太在意"}, {"comment_author": "jaceda", "comment_date": ["04/18", "11:14"], "comment_content": "幹拎老師,要自殺直接跳海就好,綁成這樣是?"}, {"comment_author": "Taiwanwolf", "comment_date": ["04/18", "11:14"], "comment_content": "類自殺啦， 大家可以回家了"}, {"comment_author": "ab4daa", "comment_date": ["04/18", "11:14"], "comment_content": "我是人"}, {"comment_author": "wjonz0102", "comment_date": ["04/18", "11:14"], "comment_content": "自殺結案"}, {"comment_author": "KEYork", "comment_date": ["04/18", "11:15"], "comment_content": "輕生？綁住雙腳用跳的跳到海裡"}, {"comment_author": "dou0228", "comment_date": ["04/18", "11:15"], "comment_content": "律師或法官可能會這麼問啊"}, {"comment_author": "polestar0505", "comment_date": ["04/18", "11:15"], "comment_content": "自殺啦 哪次不是自殺"}, {"comment_author": "QooSnow", "comment_date": ["04/18", "11:15"], "comment_content": "類漬鯊嗎？"}, {"comment_author": "kiopl", "comment_date": ["04/18", "11:16"], "comment_content": "暖市飄來的"}, {"comment_author": "retrud", "comment_date": ["04/18", "11:16"], "comment_content": "這輕生 認真嗎"}, {"comment_author": "v5270", "comment_date": ["04/18", "11:17"], "comment_content": "有人自己綁自己腳然後頭戴塑膠袋自殺？"}, {"comment_author": "waterpork", "comment_date": ["04/18", "11:17"], "comment_content": "雙北發生這種事很正常吧"}, {"comment_author": "ellychen", "comment_date": ["04/18", "11:19"], "comment_content": "燃料棒外洩？？"}, {"comment_author": "chiwang", "comment_date": ["04/18", "11:19"], "comment_content": "被自殺  查無問題 結案"}, {"comment_author": "hinet5566", "comment_date": ["04/18", "11:21"], "comment_content": "每次都輕生啦 不必去問"}, {"comment_author": "projectb", "comment_date": ["04/18", "11:22"], "comment_content": "相信黨"}, {"comment_author": "suckme5566", "comment_date": ["04/18", "11:23"], "comment_content": "無他殺可能性 結案"}, {"comment_author": "j198811", "comment_date": ["04/18", "11:23"], "comment_content": "新北喔？中央十成"}, {"comment_author": "ROCArmy623", "comment_date": ["04/18", "11:23"], "comment_content": "輕生可能性高???????????"}, {"comment_author": "yumika", "comment_date": ["04/18", "11:24"], "comment_content": "都是自己有病啦 治安史上最好"}, {"comment_author": "a29976137", "comment_date": ["04/18", "11:24"], "comment_content": "自殺"}, {"comment_author": "tinachou", "comment_date": ["04/18", "11:25"], "comment_content": "被反綁又頭套絕對自殺"}, {"comment_author": "isaa", "comment_date": ["04/18", "11:25"], "comment_content": "看到結尾笑出來，灌水泥也可以解釋死意堅決"}, {"comment_author": "oldling", "comment_date": ["04/18", "11:26"], "comment_content": "誇張 這也可以判斷輕生 都不用深入調查？"}, {"comment_author": "cck1985", "comment_date": ["04/18", "11:26"], "comment_content": "這種說輕生？？"}, {"comment_author": "horb", "comment_date": ["04/18", "11:26"], "comment_content": "很明顯是自殺 不信你問調查員警"}, {"comment_author": "kobe2930", "comment_date": ["04/18", "11:27"], "comment_content": "前兩天日本也在山區河岸邊發現很類似的"}, {"comment_author": "kobe2930", "comment_date": ["04/18", "11:27"], "comment_content": "死狀的遺體欸…"}, {"comment_author": "Gokudo", "comment_date": ["04/18", "11:27"], "comment_content": "?"}, {"comment_author": "dayinout", "comment_date": ["04/18", "11:27"], "comment_content": "媒體把民眾當白癡"}, {"comment_author": "cck1985", "comment_date": ["04/18", "11:27"], "comment_content": "垃圾國家，越來越悲哀"}, {"comment_author": "flaneurbk", "comment_date": ["04/18", "11:28"], "comment_content": "死意堅決，自殺結案，不必去查，嘻"}, {"comment_author": "hirok", "comment_date": ["04/18", "11:29"], "comment_content": "這樣還輕生可能性高??"}, {"comment_author": "weakerman", "comment_date": ["04/18", "11:29"], "comment_content": "這樣也能說出輕生的可能性高喔？"}, {"comment_author": "horb", "comment_date": ["04/18", "11:30"], "comment_content": "水流屍。無人關心。都嘛自殺結案。不然查不"}, {"comment_author": "horb", "comment_date": ["04/18", "11:30"], "comment_content": "完"}, {"comment_author": "after1", "comment_date": ["04/18", "11:31"], "comment_content": "黨說死意堅決啦"}, {"comment_author": "SRNOB", "comment_date": ["04/18", "11:31"], "comment_content": "塔綠班"}, {"comment_author": "serrier", "comment_date": ["04/18", "11:31"], "comment_content": "輕生可能性高?找人假裝示範怎麼做到好嗎"}, {"comment_author": "YALEMY", "comment_date": ["04/18", "11:32"], "comment_content": "黨的治理下沒有他殺 懂？"}, {"comment_author": "retrud", "comment_date": ["04/18", "11:32"], "comment_content": "自備不自殺聲明不去高樓不會綁繩不套頭"}, {"comment_author": "serrier", "comment_date": ["04/18", "11:33"], "comment_content": "如果今天是中國大陸同樣?台灣新聞會說???"}, {"comment_author": "a355163", "comment_date": ["04/18", "11:34"], "comment_content": "這是自殺？ 現在是領死薪水的公務員能混"}, {"comment_author": "a355163", "comment_date": ["04/18", "11:34"], "comment_content": "就混嗎？"}, {"comment_author": "memories66", "comment_date": ["04/18", "11:35"], "comment_content": "把人民當白癡的垃圾媒體跟政府"}, {"comment_author": "inshadow", "comment_date": ["04/18", "11:35"], "comment_content": "問就是自殺 懷疑的都去吊路燈"}, {"comment_author": "srwhite", "comment_date": ["04/18", "11:35"], "comment_content": "靠邀不能笑高雄了 全台浮屍流竄"}, {"comment_author": "a355163", "comment_date": ["04/18", "11:36"], "comment_content": "反正公務員被政府壓榨 福利被砍 他殺干"}, {"comment_author": "a355163", "comment_date": ["04/18", "11:36"], "comment_content": "我屁事嗎=="}, {"comment_author": "fireforce", "comment_date": ["04/18", "11:36"], "comment_content": "用生命反核？！"}, {"comment_author": "bart102617", "comment_date": ["04/18", "11:37"], "comment_content": "高雄飄上來的"}, {"comment_author": "it914003", "comment_date": ["04/18", "11:37"], "comment_content": "哪次不是自殺 五馬分屍也是自殺"}, {"comment_author": "dododododora", "comment_date": ["04/18", "11:38"], "comment_content": "不必去查"}, {"comment_author": "deantings", "comment_date": ["04/18", "11:38"], "comment_content": "輕生可能性高，死意堅決，老兄你死得其"}, {"comment_author": "deantings", "comment_date": ["04/18", "11:38"], "comment_content": "所了"}, {"comment_author": "davxyz", "comment_date": ["04/18", "11:39"], "comment_content": "暖...啊?!是新北? 那算了,裝沒看到"}, {"comment_author": "GymRat", "comment_date": ["04/18", "11:39"], "comment_content": "支持8+9送柬埔寨當豬仔"}, {"comment_author": "hearthstone0", "comment_date": ["04/18", "11:39"], "comment_content": "對輕身的定義到底是什麼"}, {"comment_author": "sunday0913", "comment_date": ["04/18", "11:40"], "comment_content": "這樣還輕生的可能性高???台灣以後"}, {"comment_author": "sunday0913", "comment_date": ["04/18", "11:40"], "comment_content": "都沒有兇殺案了治安一級棒"}, {"comment_author": "p1227426", "comment_date": ["04/18", "11:40"], "comment_content": "輕生的可能性 高？"}, {"comment_author": "al0w0l", "comment_date": ["04/18", "11:41"], "comment_content": "輕生可能性高誰講的？"}, {"comment_author": "Agent5566", "comment_date": ["04/18", "11:41"], "comment_content": "哪裡看出來自殺的 塑膠袋可以自己套？"}, {"comment_author": "EXZUSIC", "comment_date": ["04/18", "11:41"], "comment_content": "輕生可能性高?檢察官講的嗎？"}, {"comment_author": "meta41110", "comment_date": ["04/18", "11:41"], "comment_content": "凸( ﾟдﾟ)凸台灣殺人不會死刑"}, {"comment_author": "hat13201", "comment_date": ["04/18", "11:42"], "comment_content": "屈原都知道綁石頭了，綁腳怎麼了嗎"}, {"comment_author": "ahw12000", "comment_date": ["04/18", "11:42"], "comment_content": "真可怕"}, {"comment_author": "joygo", "comment_date": ["04/18", "11:42"], "comment_content": "這樣輕生真的是死意堅決"}, {"comment_author": "gisan", "comment_date": ["04/18", "11:43"], "comment_content": "狀態看起來, 死意堅決~= ="}, {"comment_author": "PeaceBoy", "comment_date": ["04/18", "11:44"], "comment_content": "高雄上去的"}, {"comment_author": "lin961213", "comment_date": ["04/18", "11:45"], "comment_content": "記者還好嗎?這樣輕聲可能性高??????"}, {"comment_author": "dtggmike", "comment_date": ["04/18", "11:45"], "comment_content": "塔綠班：反核人士以死反對核能"}, {"comment_author": "whitelady", "comment_date": ["04/18", "11:46"], "comment_content": "............"}, {"comment_author": "eyesg", "comment_date": ["04/18", "11:46"], "comment_content": "這種妳說他輕身？！台灣是不是要滅亡了"}, {"comment_author": "mrwall", "comment_date": ["04/18", "11:46"], "comment_content": "說你是自殺就是自殺"}, {"comment_author": "whitelady", "comment_date": ["04/18", "11:47"], "comment_content": "沒外傷也不能代表什麼，說不定是被下"}, {"comment_author": "whitelady", "comment_date": ["04/18", "11:47"], "comment_content": "藥再被綁起來。"}, {"comment_author": "Giornno", "comment_date": ["04/18", "11:49"], "comment_content": "死意堅決不行逆= ="}, {"comment_author": "lwswjs", "comment_date": ["04/18", "11:49"], "comment_content": "輕你個鬼 帶什麼風向的新聞"}, {"comment_author": "goodboy98", "comment_date": ["04/18", "11:49"], "comment_content": "自殺啦 民進黨執政 治安最好惹"}, {"comment_author": "gg1259789", "comment_date": ["04/18", "11:50"], "comment_content": "自殺啦結案 粗暴的言論大可不必"}, {"comment_author": "soross123", "comment_date": ["04/18", "11:50"], "comment_content": "自殺，不必去查"}, {"comment_author": "kiergh", "comment_date": ["04/18", "11:50"], "comment_content": "綁自己雙腳加套頭 死意堅決"}, {"comment_author": "seatan", "comment_date": ["04/18", "11:51"], "comment_content": "連死亡也無法洗冤"}, {"comment_author": "summerkitten", "comment_date": ["04/18", "11:52"], "comment_content": "用生命反核，給尊重 o7"}, {"comment_author": "LoserLee", "comment_date": ["04/18", "11:53"], "comment_content": "低能妓者 輕生個屁啦"}, {"comment_author": "LannisterImp", "comment_date": ["04/18", "11:53"], "comment_content": "絕對沒有網紅敢噴，可能是自己人做"}, {"comment_author": "rs36579tidus", "comment_date": ["04/18", "11:53"], "comment_content": "党都說是自殺了 死意堅決是在吵三小"}, {"comment_author": "LannisterImp", "comment_date": ["04/18", "11:53"], "comment_content": "的☺"}, {"comment_author": "rs36579tidus", "comment_date": ["04/18", "11:53"], "comment_content": "？"}, {"comment_author": "wellstart", "comment_date": ["04/18", "11:54"], "comment_content": "原來是党的被自殺呀"}, {"comment_author": "darktasi", "comment_date": ["04/18", "11:54"], "comment_content": "神探市長該出來辦案了"}, {"comment_author": "andy6114", "comment_date": ["04/18", "11:54"], "comment_content": "鬼島只抓 紅燈右轉啦！"}, {"comment_author": "questionboy", "comment_date": ["04/18", "11:55"], "comment_content": "台灣價值+1"}, {"comment_author": "processor", "comment_date": ["04/18", "11:55"], "comment_content": "謝謝你 民進党"}, {"comment_author": "qaqq", "comment_date": ["04/18", "11:55"], "comment_content": "民進黨在重新定義自殺？"}, {"comment_author": "snsdakb48", "comment_date": ["04/18", "11:55"], "comment_content": "未看先猜 死意堅決 自殺簽結"}, {"comment_author": "poopoo70504", "comment_date": ["04/18", "11:56"], "comment_content": "不必去查"}, {"comment_author": "kis28519", "comment_date": ["04/18", "11:56"], "comment_content": "自殺 死意堅決"}, {"comment_author": "covenant", "comment_date": ["04/18", "11:57"], "comment_content": "台灣整天浮屍 塑膠袋套頭捆綁 然後說自"}, {"comment_author": "covenant", "comment_date": ["04/18", "11:57"], "comment_content": "殺可能性很高 當人白癡嗎？"}, {"comment_author": "romber", "comment_date": ["04/18", "11:57"], "comment_content": "感謝40%讓台灣變成柬埔寨wwwww"}, {"comment_author": "laushtlo", "comment_date": ["04/18", "11:58"], "comment_content": "這叫死意堅決，絕不是謀殺"}, {"comment_author": "jasonlin1007", "comment_date": ["04/18", "11:58"], "comment_content": "不必去查"}, {"comment_author": "avexgroup", "comment_date": ["04/18", "11:58"], "comment_content": "厲害了 自殺後再自我綑綁"}, {"comment_author": "mntonmylife", "comment_date": ["04/18", "11:59"], "comment_content": "我猜政府會說:無他殺可能"}, {"comment_author": "allanbrook", "comment_date": ["04/18", "12:00"], "comment_content": "可能性高 在公三小"}, {"comment_author": "kasumi999", "comment_date": ["04/18", "12:00"], "comment_content": "輕生的可能性高w"}, {"comment_author": "meatmm", "comment_date": ["04/18", "12:01"], "comment_content": "自殺至少要把他移動過去的交通工具找到吧"}, {"comment_author": "meatmm", "comment_date": ["04/18", "12:01"], "comment_content": "不然走過去應該就無力了 跳下去也不用綁了"}, {"comment_author": "whathefuc", "comment_date": ["04/18", "12:02"], "comment_content": "死意堅決 自殺結案"}, {"comment_author": "ChinaCaptain", "comment_date": ["04/18", "12:02"], "comment_content": "浮屍北漂"}, {"comment_author": "zoollyork", "comment_date": ["04/18", "12:03"], "comment_content": "毫無疑問是自殺吧 屎意堅決"}, {"comment_author": "dadik", "comment_date": ["04/18", "12:03"], "comment_content": "類輕生？小英政績"}, {"comment_author": "SY082022", "comment_date": ["04/18", "12:03"], "comment_content": "他殺說自殺，就沒治安問題，也沒破案壓"}, {"comment_author": "SY082022", "comment_date": ["04/18", "12:03"], "comment_content": "力了"}, {"comment_author": "ichiroyap", "comment_date": ["04/18", "12:03"], "comment_content": "自虐自殺，結案"}, {"comment_author": "twitch5566", "comment_date": ["04/18", "12:03"], "comment_content": "輕生啦 哪次不輕生"}, {"comment_author": "linnx", "comment_date": ["04/18", "12:04"], "comment_content": "北部日常"}, {"comment_author": "nike30376", "comment_date": ["04/18", "12:04"], "comment_content": "終於不是報愛河了"}, {"comment_author": "AUwalker", "comment_date": ["04/18", "12:05"], "comment_content": "手沒綁但不會把頭套摘下來 自殺！？"}, {"comment_author": "dnkofe", "comment_date": ["04/18", "12:07"], "comment_content": "這如果判自殺，那判的都可以去職了"}, {"comment_author": "LinZuoMa", "comment_date": ["04/18", "12:07"], "comment_content": "幸浮鬼島"}, {"comment_author": "emissary", "comment_date": ["04/18", "12:08"], "comment_content": "死意堅決，不必去查"}, {"comment_author": "feen5432", "comment_date": ["04/18", "12:08"], "comment_content": "塔綠班執政就是這樣"}, {"comment_author": "whathefuc", "comment_date": ["04/18", "12:08"], "comment_content": "就是因為手沒綁才判斷是自殺的"}, {"comment_author": "zsrd5566", "comment_date": ["04/18", "12:08"], "comment_content": "恭喜台灣人民的好日子要來了"}, {"comment_author": "oyaji5566", "comment_date": ["04/18", "12:09"], "comment_content": "自殺 不必去查"}, {"comment_author": "fony1029", "comment_date": ["04/18", "12:10"], "comment_content": "紅共綠共一家親 不能笑被自殺了"}, {"comment_author": "lliuooia", "comment_date": ["04/18", "12:10"], "comment_content": "他媽誰自殺塑膠袋套頭，哪個智障這樣主"}, {"comment_author": "lliuooia", "comment_date": ["04/18", "12:11"], "comment_content": "張的"}, {"comment_author": "plbroum88", "comment_date": ["04/18", "12:11"], "comment_content": "直接自殺結案"}, {"comment_author": "hoho5410", "comment_date": ["04/18", "12:11"], "comment_content": "輕生？"}, {"comment_author": "CTUST", "comment_date": ["04/18", "12:11"], "comment_content": "吃案率有沒有100%，水帶走證據難追"}, {"comment_author": "CTUST", "comment_date": ["04/18", "12:11"], "comment_content": "查數據不好看，不吃白不吃"}, {"comment_author": "ERIC4268", "comment_date": ["04/18", "12:11"], "comment_content": "滿滿的諷刺"}, {"comment_author": "a0684712", "comment_date": ["04/18", "12:13"], "comment_content": "死意堅決？"}, {"comment_author": "elic2577", "comment_date": ["04/18", "12:13"], "comment_content": "哪位官員說的？還是TVBS故意挑起憤怒？"}, {"comment_author": "knighthgink", "comment_date": ["04/18", "12:14"], "comment_content": "只有善水性很會游泳的人才會這樣自殺"}, {"comment_author": "knighthgink", "comment_date": ["04/18", "12:14"], "comment_content": "吧？"}, {"comment_author": "r3479zx873", "comment_date": ["04/18", "12:15"], "comment_content": "輕生？？？會不會太好笑"}, {"comment_author": "gghost1002", "comment_date": ["04/18", "12:15"], "comment_content": "輕生機率高？XDDDDD"}, {"comment_author": "vicdecx", "comment_date": ["04/18", "12:16"], "comment_content": "輕生可能性高 是記者還是政府說的"}, {"comment_author": "mikiworldpea", "comment_date": ["04/18", "12:16"], "comment_content": "整個鬼島都在為詐團服務"}, {"comment_author": "Alllllogo", "comment_date": ["04/18", "12:17"], "comment_content": "@@@？"}, {"comment_author": "xsamurai", "comment_date": ["04/18", "12:17"], "comment_content": "2024在DPP主政下，新聞越來越智障化了"}, {"comment_author": "Cosmoswalker", "comment_date": ["04/18", "12:17"], "comment_content": "新北就新北，扯台電幹嘛？"}, {"comment_author": "kingkinggod", "comment_date": ["04/18", "12:17"], "comment_content": "笑死，塔綠班執政後真的是各種花式自"}, {"comment_author": "kingkinggod", "comment_date": ["04/18", "12:17"], "comment_content": "殺"}, {"comment_author": "lunsanity", "comment_date": ["04/18", "12:17"], "comment_content": "易軍堯..."}, {"comment_author": "kring", "comment_date": ["04/18", "12:18"], "comment_content": "哪次不是自殺啦"}, {"comment_author": "CrowChes", "comment_date": ["04/18", "12:18"], "comment_content": "這樣叫輕生喔 塔綠班真的屌"}, {"comment_author": "donoh183", "comment_date": ["04/18", "12:18"], "comment_content": "自殺啦 共產黨都這樣判斷"}, {"comment_author": "Alpha99", "comment_date": ["04/18", "12:18"], "comment_content": "現在自殺判定的寬容度越來越高來"}, {"comment_author": "bonzer", "comment_date": ["04/18", "12:19"], "comment_content": "這要怎麼判斷是自殺？"}, {"comment_author": "ses2", "comment_date": ["04/18", "12:20"], "comment_content": "自殺要那麼搞剛喔"}, {"comment_author": "f890303", "comment_date": ["04/18", "12:20"], "comment_content": "雙腳綁起來 戴塑膠袋 輕生 ？"}, {"comment_author": "GGdong", "comment_date": ["04/18", "12:21"], "comment_content": "綁住雙腳再套頭，很明顯是自殺吧，誰自殺"}, {"comment_author": "GGdong", "comment_date": ["04/18", "12:21"], "comment_content": "不是綁住雙腳再套頭的？"}, {"comment_author": "secret0409", "comment_date": ["04/18", "12:21"], "comment_content": "這篇明就tvbs寫的=="}, {"comment_author": "aegisWIsL", "comment_date": ["04/18", "12:22"], "comment_content": "不必去查"}, {"comment_author": "TaiLao", "comment_date": ["04/18", "12:23"], "comment_content": "八卦肥宅整天反串，反串到腦袋都有點問題"}, {"comment_author": "TaiLao", "comment_date": ["04/18", "12:23"], "comment_content": "。"}, {"comment_author": "askey", "comment_date": ["04/18", "12:23"], "comment_content": "各位了解兩岸一家親是真的了吧"}, {"comment_author": "leo3258", "comment_date": ["04/18", "12:23"], "comment_content": "被捆還不是自殺 科科真的變共產國家了"}, {"comment_author": "vans24", "comment_date": ["04/18", "12:23"], "comment_content": "輕生？？？？？"}, {"comment_author": "faracross", "comment_date": ["04/18", "12:24"], "comment_content": "死亦堅決"}, {"comment_author": "child1991", "comment_date": ["04/18", "12:25"], "comment_content": "輕生可能性高 合理啊 塔綠斑執政下輕"}, {"comment_author": "child1991", "comment_date": ["04/18", "12:25"], "comment_content": "生可能性確實不會低到哪去"}, {"comment_author": "kentyeh", "comment_date": ["04/18", "12:26"], "comment_content": "自殺，結案"}, {"comment_author": "js6661212", "comment_date": ["04/18", "12:26"], "comment_content": "請檢警示範把自己綁住 把自己丟下海"}, {"comment_author": "aceapple", "comment_date": ["04/18", "12:26"], "comment_content": "自殺XDDDD"}, {"comment_author": "henry455235", "comment_date": ["04/18", "12:27"], "comment_content": "這他媽8歲？"}, {"comment_author": "SSSONIC", "comment_date": ["04/18", "12:27"], "comment_content": "Will應該開始準備台灣的案件文案了"}, {"comment_author": "YLTYY", "comment_date": ["04/18", "12:27"], "comment_content": "自殺 不用查"}, {"comment_author": "iceman198410", "comment_date": ["04/18", "12:27"], "comment_content": "輕生可能性高？？？"}, {"comment_author": "aids893001", "comment_date": ["04/18", "12:27"], "comment_content": "自殺 沒事兒"}, {"comment_author": "aoecc", "comment_date": ["04/18", "12:28"], "comment_content": "白癡誰跳海會綁自己的腳幹你娘智障"}, {"comment_author": "XOsheep", "comment_date": ["04/18", "12:29"], "comment_content": "這記者是有嗑藥嗎"}, {"comment_author": "sunnyyoung", "comment_date": ["04/18", "12:33"], "comment_content": "用生命反核"}, {"comment_author": "hsw0502", "comment_date": ["04/18", "12:34"], "comment_content": "死意堅決 不必去查"}, {"comment_author": "c24253994", "comment_date": ["04/18", "12:34"], "comment_content": "「套有黑色塑膠袋輕生可能高」"}, {"comment_author": "hate0322", "comment_date": ["04/18", "12:34"], "comment_content": "雙腳被綑要怎麼跳海"}, {"comment_author": "c24253994", "comment_date": ["04/18", "12:34"], "comment_content": "耖你媽要不要看一下自己在講什麼？"}, {"comment_author": "Lowpapa", "comment_date": ["04/18", "12:34"], "comment_content": "自殺.......  政府她媽到底在幹嘛"}, {"comment_author": "yangnana", "comment_date": ["04/18", "12:38"], "comment_content": "頭矇著 蹦蹦跳跳下去的"}, {"comment_author": "babu5566", "comment_date": ["04/18", "12:39"], "comment_content": "跟對岸一樣開始河蟹了"}, {"comment_author": "bro286", "comment_date": ["04/18", "12:39"], "comment_content": "還敢笑中國啊無縫接鬼"}, {"comment_author": "ohlong", "comment_date": ["04/18", "12:40"], "comment_content": "高雄人？"}, {"comment_author": "rhox", "comment_date": ["04/18", "12:42"], "comment_content": "死意堅決"}, {"comment_author": "getready555", "comment_date": ["04/18", "12:43"], "comment_content": "…..你自己綁起來套頭輕生試試看"}, {"comment_author": "gooder", "comment_date": ["04/18", "12:44"], "comment_content": "EE園區日常"}, {"comment_author": "ciafbi007", "comment_date": ["04/18", "12:44"], "comment_content": "S意堅決不必去查"}, {"comment_author": "bowplayer", "comment_date": ["04/18", "12:44"], "comment_content": "頭套塑膠袋，雙手雙腳捆綁，初判沒有外"}, {"comment_author": "bowplayer", "comment_date": ["04/18", "12:44"], "comment_content": "力介入跡象(??)"}, {"comment_author": "Bachack000", "comment_date": ["04/18", "12:45"], "comment_content": "新北"}, {"comment_author": "deathdealer", "comment_date": ["04/18", "12:47"], "comment_content": "痾 自殺......"}, {"comment_author": "chiangwei", "comment_date": ["04/18", "12:49"], "comment_content": "輕生頭套塑膠袋幹嘛，沒腦嗎..."}, {"comment_author": "gamertwo", "comment_date": ["04/18", "12:49"], "comment_content": "死意堅決 應該是自殺錯不了 大家解散"}, {"comment_author": "jackie36952", "comment_date": ["04/18", "12:51"], "comment_content": "沒有掙扎痕跡 不是更奇怪"}, {"comment_author": "fix78", "comment_date": ["04/18", "12:52"], "comment_content": "只是自殺啦"}, {"comment_author": "ericer6515", "comment_date": ["04/18", "12:52"], "comment_content": "哪裡像自殺…"}, {"comment_author": "jackie36952", "comment_date": ["04/18", "12:52"], "comment_content": "哪可能輕生可能性高"}, {"comment_author": "beeboombee", "comment_date": ["04/18", "12:52"], "comment_content": "這樣也自殺？"}, {"comment_author": "vincentsoon", "comment_date": ["04/18", "12:53"], "comment_content": "昏迷被推下去吧，手沒被綁可以解開頭"}, {"comment_author": "AirO0264400", "comment_date": ["04/18", "12:56"], "comment_content": "屎億堅決"}, {"comment_author": "wseedw", "comment_date": ["04/18", "12:57"], "comment_content": "要先把自己腳綁好，然後頭上套塑膠袋，再"}, {"comment_author": "wseedw", "comment_date": ["04/18", "12:57"], "comment_content": "想辦法滾進海裡"}, {"comment_author": "YuEnglish", "comment_date": ["04/18", "12:59"], "comment_content": "民主的輕生你敢嘴？"}, {"comment_author": "bobby94507", "comment_date": ["04/18", "12:59"], "comment_content": "新北日常"}, {"comment_author": "Ninorin", "comment_date": ["04/18", "13:01"], "comment_content": "可悲糞島 糞鴿 糞党"}, {"comment_author": "apley", "comment_date": ["04/18", "13:01"], "comment_content": "台灣每個月都有10-50個奇妙死亡，新聞去查"}, {"comment_author": "apley", "comment_date": ["04/18", "13:01"], "comment_content": "就看得到，但YT之類的不會有，怕你察覺真相"}, {"comment_author": "baliallin", "comment_date": ["04/18", "13:02"], "comment_content": "還好意思笑中國 這邊被自殺也是一樣"}, {"comment_author": "bai8", "comment_date": ["04/18", "13:04"], "comment_content": "堆仇女只罵女的"}, {"comment_author": "sparta40", "comment_date": ["04/18", "13:04"], "comment_content": ""}, {"comment_author": "kikujiro", "comment_date": ["04/18", "13:05"], "comment_content": "來了，核電很危險"}, {"comment_author": "ss88812", "comment_date": ["04/18", "13:08"], "comment_content": "綁手綁腳套頭跳海輕生 這可能性真高"}, {"comment_author": "joety1103", "comment_date": ["04/18", "13:08"], "comment_content": "蛤"}, {"comment_author": "ulli", "comment_date": ["04/18", "13:09"], "comment_content": "又出貨了"}, {"comment_author": "AresPeng", "comment_date": ["04/18", "13:09"], "comment_content": "不必去查 超讚的"}, {"comment_author": "sinonpower", "comment_date": ["04/18", "13:12"], "comment_content": "什麼智障推論"}, {"comment_author": "bill03027", "comment_date": ["04/18", "13:18"], "comment_content": "雙腳綑綁 頭戴塑膠套 輕生可能性高 好"}, {"comment_author": "bill03027", "comment_date": ["04/18", "13:18"], "comment_content": "喔"}, {"comment_author": "panex0845", "comment_date": ["04/18", "13:20"], "comment_content": "死意堅決 自殺結案 謝謝"}, {"comment_author": "flydogzzz", "comment_date": ["04/18", "13:20"], "comment_content": "輕生可能高，幹麻先入為主，帶風向"}, {"comment_author": "Kennyfs", "comment_date": ["04/18", "13:20"], "comment_content": "真會玩"}, {"comment_author": "qaz12453", "comment_date": ["04/18", "13:22"], "comment_content": "能幫自己綁在裡面跳下去 是自殺輕生..."}, {"comment_author": "parrotlin", "comment_date": ["04/18", "13:26"], "comment_content": "不必去查"}, {"comment_author": "noyesray", "comment_date": ["04/18", "13:31"], "comment_content": "新北喔 新北警察市長還在嗎？？？"}, {"comment_author": "luckyodi", "comment_date": ["04/18", "13:46"], "comment_content": "找不到其他線索 自殺結案無誤 不然你們"}, {"comment_author": "luckyodi", "comment_date": ["04/18", "13:46"], "comment_content": "要警察怎麼處理"}, {"comment_author": "CCNCCN", "comment_date": ["04/18", "13:46"], "comment_content": "猴猴在哪兒"}, {"comment_author": "realmarmot", "comment_date": ["04/18", "13:49"], "comment_content": "輕生啥？不想查可以直接講"}, {"comment_author": "zardmih", "comment_date": ["04/18", "13:49"], "comment_content": "新北不意外 猴猴出代誌"}, {"comment_author": "abulala", "comment_date": ["04/18", "13:50"], "comment_content": "輕生…？"}, {"comment_author": "xhung", "comment_date": ["04/18", "13:51"], "comment_content": "被自殺..."}, {"comment_author": "stevenpiglin", "comment_date": ["04/18", "13:54"], "comment_content": "非核家園 誰敢不符"}, {"comment_author": "other9343", "comment_date": ["04/18", "13:58"], "comment_content": "結論不意外 灣灣園區"}, {"comment_author": "a02010", "comment_date": ["04/18", "14:00"], "comment_content": "這樣也叫自殺?"}, {"comment_author": "k798976869", "comment_date": ["04/18", "14:01"], "comment_content": "不必去查 漬鯊"}, {"comment_author": "bseiqwkbk", "comment_date": ["04/18", "14:03"], "comment_content": "  遺書：我本身就是浮潛的高手，為"}, {"comment_author": "bseiqwkbk", "comment_date": ["04/18", "14:03"], "comment_content": "  了避免我在水中能彆氣數十分鐘，"}, {"comment_author": "bseiqwkbk", "comment_date": ["04/18", "14:03"], "comment_content": "  而死意不堅反悔，所以我才決定先"}, {"comment_author": "bseiqwkbk", "comment_date": ["04/18", "14:03"], "comment_content": "  切斷自己的氣管再跳海"}, {"comment_author": "zsquarez", "comment_date": ["04/18", "14:03"], "comment_content": "…….輕生？再想想吧.."}, {"comment_author": "Freeven", "comment_date": ["04/18", "14:04"], "comment_content": "自殺啦   死意堅決"}, {"comment_author": "iam0718", "comment_date": ["04/18", "14:07"], "comment_content": "笑了 被自殺講成這樣"}, {"comment_author": "salkuo", "comment_date": ["04/18", "14:07"], "comment_content": "跟電影演的一樣(被)自殺啊…"}, {"comment_author": "KH8019", "comment_date": ["04/18", "14:15"], "comment_content": "根本是懶得查吧"}, {"comment_author": "eric61446", "comment_date": ["04/18", "14:19"], "comment_content": "誰輕生會套頭套xd"}, {"comment_author": "eric61446", "comment_date": ["04/18", "14:20"], "comment_content": "警方懶作案吃案就說"}, {"comment_author": "RaySugar", "comment_date": ["04/18", "14:24"], "comment_content": "自己綁自己套自殺"}, {"comment_author": "WindowsApple", "comment_date": ["04/18", "14:27"], "comment_content": "綠！可怕"}, {"comment_author": "wulaw5566", "comment_date": ["04/18", "14:33"], "comment_content": "又是自殺"}, {"comment_author": "kobebryant08", "comment_date": ["04/18", "14:34"], "comment_content": "新北"}, {"comment_author": "reaturn", "comment_date": ["04/18", "14:34"], "comment_content": "自殺啦，那一次不是自殺"}, {"comment_author": "toty1101", "comment_date": ["04/18", "14:37"], "comment_content": "我真的會被笑死 這樣叫自殺"}, {"comment_author": "andy810719", "comment_date": ["04/18", "14:39"], "comment_content": "黨說自殺就是自殺"}, {"comment_author": "harryzx0", "comment_date": ["04/18", "14:48"], "comment_content": "自殺？他是殭屍跳進海嗎？"}, {"comment_author": "DennyXu", "comment_date": ["04/18", "14:51"], "comment_content": "台灣日常"}, {"comment_author": "color3258", "comment_date": ["04/18", "14:51"], "comment_content": "又是自殺~~~這樣叫自殺XDDDDDD"}, {"comment_author": "color3258", "comment_date": ["04/18", "14:51"], "comment_content": ""}, {"comment_author": "truthorfake", "comment_date": ["04/18", "14:56"], "comment_content": "這他媽叫輕生？？？"}, {"comment_author": "royalblue08", "comment_date": ["04/18", "15:03"], "comment_content": "AvBS都這樣自殺的？？？"}, {"comment_author": "bfacsls", "comment_date": ["04/18", "15:08"], "comment_content": "綁手都可以推斷自殺了，這個沒綁手當然是"}, {"comment_author": "bfacsls", "comment_date": ["04/18", "15:08"], "comment_content": "自殺了。"}, {"comment_author": "koumoushou", "comment_date": ["04/18", "15:10"], "comment_content": "輕生還能這麼搞剛？"}, {"comment_author": "deathbead", "comment_date": ["04/18", "15:14"], "comment_content": "阿阿阿啊？不必去查對吧？"}, {"comment_author": "LeonKuo", "comment_date": ["04/18", "15:24"], "comment_content": "這樣也輕生XDDDD"}, {"comment_author": "neo72", "comment_date": ["04/18", "15:25"], "comment_content": "反核人的榜樣?"}, {"comment_author": "bah", "comment_date": ["04/18", "15:28"], "comment_content": "死意堅決 結案"}, {"comment_author": "blueweak", "comment_date": ["04/18", "15:29"], "comment_content": "新北 沒事了 譴責死者造成市長困擾"}, {"comment_author": "xc2v", "comment_date": ["04/18", "15:30"], "comment_content": "愛河飄到這?"}, {"comment_author": "Mubing", "comment_date": ["04/18", "15:48"], "comment_content": "一看就知道自殺"}, {"comment_author": "hcw1", "comment_date": ["04/18", "16:05"], "comment_content": "排除他殺嫌疑，死意堅決"}, {"comment_author": "catvsdog", "comment_date": ["04/18", "16:15"], "comment_content": "不必去查 問就是自殺 厲害惹 你的党"}, {"comment_author": "fastsheep", "comment_date": ["04/18", "16:38"], "comment_content": "很明顯就是輕生"}, {"comment_author": "gentryX", "comment_date": ["04/18", "16:52"], "comment_content": "阿彌陀佛"}, {"comment_author": "imba789", "comment_date": ["04/18", "16:53"], "comment_content": "問就是自殺"}, {"comment_author": "Yamashiro", "comment_date": ["04/18", "17:01"], "comment_content": "輕生？說瞎話都不怕鬼拉腳？"}, {"comment_author": "icedata", "comment_date": ["04/18", "17:02"], "comment_content": "這TVBS的記者為了幫新北侯友宜擦脂抹粉"}, {"comment_author": "icedata", "comment_date": ["04/18", "17:03"], "comment_content": "睜眼說瞎話 還蠻有趣的"}, {"comment_author": "genjiegg", "comment_date": ["04/18", "17:03"], "comment_content": "不必去茶"}, {"comment_author": "Tomberd", "comment_date": ["04/18", "17:18"], "comment_content": "輕生可能性高XD"}, {"comment_author": "SapiensChang", "comment_date": ["04/18", "17:39"], "comment_content": "老實說這樣自殺做不到嗎？其實做得"}, {"comment_author": "SapiensChang", "comment_date": ["04/18", "17:39"], "comment_content": "到…"}, {"comment_author": "SapiensChang", "comment_date": ["04/18", "17:40"], "comment_content": "詐保的人就會這樣故布疑陣啊"}, {"comment_author": "jamesmile", "comment_date": ["04/18", "17:45"], "comment_content": "不必去查"}, {"comment_author": "cheng31507", "comment_date": ["04/18", "19:31"], "comment_content": "這他媽自殺？"}, {"comment_author": "karta328", "comment_date": ["04/18", "21:03"], "comment_content": "輕生可能性高？？？？？"}, {"comment_author": "zelkova", "comment_date": ["04/18", "21:19"], "comment_content": "不必去查"}, {"comment_author": "troubledanny", "comment_date": ["04/18", "22:16"], "comment_content": "新北。不必去查。南部再貼出來"}, {"comment_author": "dcdrkim", "comment_date": ["04/18", "22:51"], "comment_content": "這樣自殺可能性高？智堪"}, {"comment_author": "nagishigure", "comment_date": ["04/18", "23:44"], "comment_content": "顏色對了  安啦"}, {"comment_author": "hodj", "comment_date": ["04/19", "03:08"], "comment_content": "死意堅決，不必去查"}, {"comment_author": "u5b890402", "comment_date": ["04/19", "05:13"], "comment_content": "一定是警察為了隱藏偵查方向故意瞎說"}, {"comment_author": "u5b890402", "comment_date": ["04/19", "05:13"], "comment_content": "的對吧！…對吧？"}, {"comment_author": "u5b890402", "comment_date": ["04/19", "05:22"], "comment_content": ""}, {"comment_author": "abcrr123", "comment_date": ["04/19", "06:26"], "comment_content": "新北哦？沒事啦，高雄愛河都習慣了，沒"}, {"comment_author": "abcrr123", "comment_date": ["04/19", "06:26"], "comment_content": "浮屍才驚訝"}]}
