{"author": "iamshana (CANINE力集中在一些重要S)", "category": "Gossiping", "title": "[新聞] 太想出國玩！通緝犯竟「成功出國11次」", "date": "Sat Apr 13 18:22:16 2024", "content": ["備註請放最後面 違者新聞文章刪除1.媒體來源:", "TVBS2.記者署名:", "編輯 何可妍 報導3.完整新聞標題:", "太想出國玩！通緝犯竟「成功出國11次」　貼合成照辦護照GG了4.完整新聞內文:", "規太想出國玩！通緝犯竟「成功出國11次」　貼合成照辦護照GG了編輯 何可妍 報導發佈時間：2024/04/13 18:14最後更新時間：2024/04/13 18:14太想出國玩！一名28歲范姓通緝犯，按耐不住一顆想出國旅遊的心，竟與林姓友人商量，利用兩人容貌相似之處合成證件照，且順利申請到護照，成功出國11次，事跡敗露後，被依2罪刑各遭判有期徒刑4個月及5個月。有案在身的范姓通緝犯，竟利用以他人名義申辦的護照，陸續成功入出國11次，日期分別為2018年7月7日、7月8日、10月17日，2019年1月30日、3月15日、5月26日、6月10日、6月14日、7月16日、8月21日、10月15日。據判決書指出，28歲范姓男子有案在身被通緝，由於太想出國玩，尋求林姓友人幫助，2018年開始為了出境一事奔波，先是到竹北6家照相館拍攝證件照，再另找他人協助，做出一張結合2人容貌的證件照，相似度令人難以辨認。接著，范男持合成照片、林姓友人戶口名簿影本，至戶政事務所順利申請到身分證，隨後到外交部領事事務局申辦護照，他同樣冒用林姓友人身分，借對方資料填寫普通護照申請書，貼上合成照片及補領的身分證正、反面影本，最終成功辦理到護照。整起事件，新竹地院法官認為范男明知國民身分證及護照等證件均屬個人重要身分表彰，而此事亦涉及到國家各主管機關對於領證人資格管理，居然為了躲避刑事責任，擅自借他人名義申領相關證件，損害於戶政機關對於國民身分證管理之正確性、外交部領事事務局對於護照管理及內政部移民署對於國民入出國管理之正確性，如今判決結果出爐，依使公務員登載不實罪、冒用身分而提出護照申請罪，各判處有期徒刑4個月及5個月。范男不實假冒名義申請補發的國民身分證，已由戶政機關註銷並收回，護照也經外交部領事事務局撤銷核發該護照之處分，並註銷該護照。5.完整新聞連結 (或短網址)不可用YAHOO、LINE、MSN等轉載媒體:", "6.備註:", "請?", "--", "04/15 20:35"], "post_comment": [{"comment_author": "fp737", "comment_date": ["04/13", "18:22"], "comment_content": "厲害了"}, {"comment_author": "dream8288", "comment_date": ["04/13", "18:23"], "comment_content": "又有電影題材了"}, {"comment_author": "ABA0525", "comment_date": ["04/13", "18:23"], "comment_content": "笑死 4個月，這是鼓勵罪犯大"}, {"comment_author": "vV070413", "comment_date": ["04/13", "18:23"], "comment_content": "好強喔"}, {"comment_author": "rechinn00", "comment_date": ["04/13", "18:23"], "comment_content": "才四個月"}, {"comment_author": "rb731024", "comment_date": ["04/13", "18:24"], "comment_content": "加害人保護又出現啦"}, {"comment_author": "darkyoyo", "comment_date": ["04/13", "18:24"], "comment_content": "這樣才四個月和五個月......"}, {"comment_author": "godofsex", "comment_date": ["04/13", "18:24"], "comment_content": "笑死"}, {"comment_author": "willism", "comment_date": ["04/13", "18:24"], "comment_content": "打臉海關11次，準備心臟麻痺了吧"}, {"comment_author": "iampcuser", "comment_date": ["04/13", "18:25"], "comment_content": "你確定是單純出國玩?"}, {"comment_author": "willism", "comment_date": ["04/13", "18:25"], "comment_content": "朱國榮：早知道我就搭飛機了"}, {"comment_author": "b9513227", "comment_date": ["04/13", "18:26"], "comment_content": "台灣外交部是吃屎長大的嗎"}, {"comment_author": "andyboy0428", "comment_date": ["04/13", "18:29"], "comment_content": "有通緝跟沒通緝好像沒差嗎"}, {"comment_author": "gino0717", "comment_date": ["04/13", "18:29"], "comment_content": "通緝犯比我出國次數還多"}, {"comment_author": "SidMax", "comment_date": ["04/13", "18:29"], "comment_content": "這招8+9通緝犯都知道"}, {"comment_author": "whitenoise", "comment_date": ["04/13", "18:29"], "comment_content": "重點是居然成功「11次」？！"}, {"comment_author": "newstyle", "comment_date": ["04/13", "18:30"], "comment_content": "黨證就是自由出入的意思"}, {"comment_author": "tfoxboy123", "comment_date": ["04/13", "18:30"], "comment_content": "自己愛投"}, {"comment_author": "ayanami00", "comment_date": ["04/13", "18:30"], "comment_content": "海關本來就是收賄用的，能過不能過跟"}, {"comment_author": "MeeToo", "comment_date": ["04/13", "18:30"], "comment_content": "通緝根本讓你抓也抓不到"}, {"comment_author": "ayanami00", "comment_date": ["04/13", "18:30"], "comment_content": "法官一樣，看他高興"}, {"comment_author": "bicedb", "comment_date": ["04/13", "18:31"], "comment_content": "社會安全網成功抓到！"}, {"comment_author": "pippen2002", "comment_date": ["04/13", "18:31"], "comment_content": "出國幹嘛又回來???"}, {"comment_author": "keyman2", "comment_date": ["04/13", "18:32"], "comment_content": "我的人臉辨識能力很薄弱"}, {"comment_author": "zxc8424", "comment_date": ["04/13", "18:33"], "comment_content": "平均每個月出國一次 真的是去玩？"}, {"comment_author": "angelae086", "comment_date": ["04/13", "18:34"], "comment_content": "海關成了笑話"}, {"comment_author": "willism", "comment_date": ["04/13", "18:35"], "comment_content": ""}, {"comment_author": "djyunjie", "comment_date": ["04/13", "18:37"], "comment_content": "笑死 居然只有4個月"}, {"comment_author": "Avengers", "comment_date": ["04/13", "18:38"], "comment_content": "辦身份證不是要第二證件？"}, {"comment_author": "meblessme", "comment_date": ["04/13", "18:38"], "comment_content": "不然你為為什麼能成功11次"}, {"comment_author": "malaman", "comment_date": ["04/13", "18:39"], "comment_content": "厲害了 我的囯"}, {"comment_author": "namie1231", "comment_date": ["04/13", "18:40"], "comment_content": "盜用他人身份證罰責這麼輕哦? 未滿6個"}, {"comment_author": "namie1231", "comment_date": ["04/13", "18:40"], "comment_content": "月不就還能易科罰金。另林姓友人的身份"}, {"comment_author": "namie1231", "comment_date": ["04/13", "18:40"], "comment_content": "證也會失效不是嗎?"}, {"comment_author": "ym60606", "comment_date": ["04/13", "18:41"], "comment_content": "林男有罪嗎？"}, {"comment_author": "Herodotus", "comment_date": ["04/13", "18:41"], "comment_content": "能出國還不潛逃真天才"}, {"comment_author": "Lwane1l1l", "comment_date": ["04/13", "18:42"], "comment_content": "判這樣不如再給他易科罰金好了"}, {"comment_author": "hyperdunk", "comment_date": ["04/13", "18:43"], "comment_content": "不用潛逃啊 台刑罰那麼爽根本沒差"}, {"comment_author": "Leoreo", "comment_date": ["04/13", "18:44"], "comment_content": "周處電影抹黑台灣 通緝犯怎可能趴趴走"}, {"comment_author": "giggleboy", "comment_date": ["04/13", "18:46"], "comment_content": "還能出國爽玩11次 鬼島海關廢到笑"}, {"comment_author": "d1438a", "comment_date": ["04/13", "18:47"], "comment_content": "笑死了一些罪犯還買假護照"}, {"comment_author": "sunnybrother", "comment_date": ["04/13", "18:47"], "comment_content": "廢物台灣海關"}, {"comment_author": "AIRWAY1021", "comment_date": ["04/13", "18:47"], "comment_content": "通緝犯比我常出國嗚嗚嗚"}, {"comment_author": "rs36579tidus", "comment_date": ["04/13", "18:47"], "comment_content": "海關：有比帶兩條菸嚴重嗎？"}, {"comment_author": "yugi2567", "comment_date": ["04/13", "18:47"], "comment_content": "沒事繼續打統神就好了"}, {"comment_author": "carkyoing", "comment_date": ["04/13", "18:49"], "comment_content": "呵 通緝犯漏抓，帶毒品也漏抓"}, {"comment_author": "waverson", "comment_date": ["04/13", "18:50"], "comment_content": "黨的德政"}, {"comment_author": "LinkMiguel", "comment_date": ["04/13", "18:50"], "comment_content": "高智商犯罪，會破功應該是因為林姓也"}, {"comment_author": "LinkMiguel", "comment_date": ["04/13", "18:50"], "comment_content": "有出國，建檔對比發現異常"}, {"comment_author": "s844012", "comment_date": ["04/13", "18:52"], "comment_content": "戶政發身分證的不用抓起來？"}, {"comment_author": "zjnovember", "comment_date": ["04/13", "18:56"], "comment_content": "笑死，海關太破了"}, {"comment_author": "pipipa", "comment_date": ["04/13", "18:57"], "comment_content": "在那叫什麼"}, {"comment_author": "starfishfish", "comment_date": ["04/13", "18:59"], "comment_content": "民進黨執政下的犯罪成本很便宜"}, {"comment_author": "believemysky", "comment_date": ["04/13", "18:59"], "comment_content": "逃犯隨便就可出國，但dpp沒事一樣"}, {"comment_author": "VPeace", "comment_date": ["04/13", "18:59"], "comment_content": "7/7 7/8連續兩天出境是寫錯嗎，沒寫錯的話"}, {"comment_author": "VPeace", "comment_date": ["04/13", "19:00"], "comment_content": "誰會信他是出國玩"}, {"comment_author": "qaz12453", "comment_date": ["04/13", "19:00"], "comment_content": "其他資料交叉比對 也沒辦法 點麵線部??"}, {"comment_author": "glasseater", "comment_date": ["04/13", "19:00"], "comment_content": "不得不說其實有點佩服…"}, {"comment_author": "qaz12453", "comment_date": ["04/13", "19:00"], "comment_content": "護照進電腦後段相片跟其他證件比對資料"}, {"comment_author": "shellback", "comment_date": ["04/13", "19:00"], "comment_content": "不愧是犯罪天堂台灣 11次比7進7出還猛"}, {"comment_author": "k0804k0512", "comment_date": ["04/13", "19:01"], "comment_content": "四個月感覺可以易科啊，操"}, {"comment_author": "pirrysal", "comment_date": ["04/13", "19:02"], "comment_content": "這通緝犯也太有錢!嗚嗚嗚"}, {"comment_author": "stevenyu82", "comment_date": ["04/13", "19:03"], "comment_content": "民進黨專門保護通緝犯"}, {"comment_author": "LoveJapan", "comment_date": ["04/13", "19:07"], "comment_content": "是奪像？"}, {"comment_author": "rLks02", "comment_date": ["04/13", "19:09"], "comment_content": "你們東方的人都長得一樣"}, {"comment_author": "ultraccs", "comment_date": ["04/13", "19:14"], "comment_content": "台灣通緝犯早就滿街跑了"}, {"comment_author": "twmadrid", "comment_date": ["04/13", "19:16"], "comment_content": "有沒有海關工作者講一下 為何這樣可以"}, {"comment_author": "twmadrid", "comment_date": ["04/13", "19:16"], "comment_content": "成功出去"}, {"comment_author": "nilotafty", "comment_date": ["04/13", "19:16"], "comment_content": "白人黑人都分不清 海關到底幹嘛用的"}, {"comment_author": "facebookig", "comment_date": ["04/13", "19:21"], "comment_content": "笑死，才四個月"}, {"comment_author": "MajorC", "comment_date": ["04/13", "19:24"], "comment_content": "這要潛逃出境根本輕而易舉 犯罪天堂"}, {"comment_author": "Thorvs", "comment_date": ["04/13", "19:27"], "comment_content": "這樣是否代表通緝犯想逃就逃？海關失能？"}, {"comment_author": "as81349507", "comment_date": ["04/13", "19:30"], "comment_content": "狗都不國旅"}, {"comment_author": "bettyuu", "comment_date": ["04/13", "19:31"], "comment_content": "海關個頭，看人的是移民署好嗎？海關是"}, {"comment_author": "bettyuu", "comment_date": ["04/13", "19:31"], "comment_content": "看貨的"}, {"comment_author": "attpp", "comment_date": ["04/13", "19:32"], "comment_content": "國旅連通緝犯都受不了"}, {"comment_author": "demon159000", "comment_date": ["04/13", "19:32"], "comment_content": "好爽喔 這次的實驗讓全台灣的現行詐"}, {"comment_author": "demon159000", "comment_date": ["04/13", "19:32"], "comment_content": "騙集團知道可以這樣搞 垃圾詐騙落後"}, {"comment_author": "demon159000", "comment_date": ["04/13", "19:33"], "comment_content": "國 還以為是墨西哥勒"}, {"comment_author": "attpp", "comment_date": ["04/13", "19:34"], "comment_content": "最後怎麼抓到的"}, {"comment_author": "newyorker54", "comment_date": ["04/13", "19:37"], "comment_content": "罪犯安全網，厲害了我的英"}, {"comment_author": "YLTYY", "comment_date": ["04/13", "19:37"], "comment_content": "笑死"}, {"comment_author": "jialin6666", "comment_date": ["04/13", "19:37"], "comment_content": "國旅表示：........"}, {"comment_author": "hyuchi0202", "comment_date": ["04/13", "19:38"], "comment_content": "台灣之光 詐騙之島"}, {"comment_author": "dogdream", "comment_date": ["04/13", "19:40"], "comment_content": "神鬼交鋒？"}, {"comment_author": "krsone", "comment_date": ["04/13", "19:41"], "comment_content": "八成是詐騙低端89 感謝党"}, {"comment_author": "neverli", "comment_date": ["04/13", "19:41"], "comment_content": "28歲11次出國，詐騙集團幹部吧"}, {"comment_author": "crazywar", "comment_date": ["04/13", "19:44"], "comment_content": "可悲台灣，海關隨便的垃圾都能跑走"}, {"comment_author": "Khon9985", "comment_date": ["04/13", "19:45"], "comment_content": "台灣通緝犯不是換個名字就抓不到了"}, {"comment_author": "kenco", "comment_date": ["04/13", "19:49"], "comment_content": "綠共台灣真是罪犯天堂。賤民苦哈哈、惡人"}, {"comment_author": "kenco", "comment_date": ["04/13", "19:50"], "comment_content": "趴趴走"}, {"comment_author": "plbroum88", "comment_date": ["04/13", "19:51"], "comment_content": "在台灣犯罪還真幸福"}, {"comment_author": "azukinana", "comment_date": ["04/13", "19:52"], "comment_content": "所以要法官幹嘛"}, {"comment_author": "kzoae", "comment_date": ["04/13", "19:53"], "comment_content": "7/7 7/8是打錯嗎"}, {"comment_author": "angel0328", "comment_date": ["04/13", "19:53"], "comment_content": "台灣果然犯罪天堂哈哈哈"}, {"comment_author": "Forcast", "comment_date": ["04/13", "19:53"], "comment_content": "出去又回來做啥"}, {"comment_author": "etiennechiu", "comment_date": ["04/13", "19:54"], "comment_content": "林姓友人出借證件讓他假冒沒事嗎？"}, {"comment_author": "plbroum88", "comment_date": ["04/13", "19:55"], "comment_content": "希望其他通緝犯把這招學起來 看起來成"}, {"comment_author": "plbroum88", "comment_date": ["04/13", "19:55"], "comment_content": "功率蠻高的"}, {"comment_author": "abasqoo", "comment_date": ["04/13", "19:55"], "comment_content": "很正常好嗎   假護照不都這樣嗎"}, {"comment_author": "littlelinsyu", "comment_date": ["04/13", "19:57"], "comment_content": "台灣邊境真有趣，難怪犯罪天堂"}, {"comment_author": "Kenneth10", "comment_date": ["04/13", "19:59"], "comment_content": "代表平常…"}, {"comment_author": "jasonpop", "comment_date": ["04/13", "20:01"], "comment_content": "孫中山革命膩"}, {"comment_author": "braet147", "comment_date": ["04/13", "20:04"], "comment_content": "真慘"}, {"comment_author": "mokissru", "comment_date": ["04/13", "20:04"], "comment_content": "成功11次XDD"}, {"comment_author": "coolcat2p", "comment_date": ["04/13", "20:05"], "comment_content": "明明就洗錢，還玩累"}, {"comment_author": "lunatich", "comment_date": ["04/13", "20:06"], "comment_content": "十大要犯：學習了"}, {"comment_author": "wino", "comment_date": ["04/13", "20:07"], "comment_content": "哈哈哈 鼓勵犯罪的判決"}, {"comment_author": "Addidas", "comment_date": ["04/13", "20:11"], "comment_content": "明顯夾帶毒品闖關吧 玩個屁"}, {"comment_author": "NewRhapsody", "comment_date": ["04/13", "20:12"], "comment_content": "四個月跟五個月 笑死 感謝40%"}, {"comment_author": "huikmn", "comment_date": ["04/13", "20:12"], "comment_content": "通緝犯過的比我還爽，嗚嗚嗚嗚"}, {"comment_author": "SkyShih", "comment_date": ["04/13", "20:13"], "comment_content": "G妳媽啦這種貨色也可以當編輯，我說的就"}, {"comment_author": "SkyShih", "comment_date": ["04/13", "20:13"], "comment_content": "是你何可妍"}, {"comment_author": "it914003", "comment_date": ["04/13", "20:16"], "comment_content": "電影演的都真的 拿假護照偷渡那麼簡單"}, {"comment_author": "mdkn35", "comment_date": ["04/13", "20:19"], "comment_content": "范犯"}, {"comment_author": "garra", "comment_date": ["04/13", "20:20"], "comment_content": "林姓友人協助犯罪，沒事？"}, {"comment_author": "ken10201020", "comment_date": ["04/13", "20:22"], "comment_content": "真爽 通緝犯有錢有閒可以一直出國"}, {"comment_author": "ken10201020", "comment_date": ["04/13", "20:22"], "comment_content": "反觀腳踏實地工作的人 每天累跟狗一"}, {"comment_author": "ken10201020", "comment_date": ["04/13", "20:22"], "comment_content": "樣"}, {"comment_author": "jack90352", "comment_date": ["04/13", "20:28"], "comment_content": "都有私菸闖關成功了，通緝犯闖關成功不"}, {"comment_author": "jack90352", "comment_date": ["04/13", "20:28"], "comment_content": "用太意外"}, {"comment_author": "kurtis0359", "comment_date": ["04/13", "20:28"], "comment_content": "廢物台灣海關…"}, {"comment_author": "abcdragon", "comment_date": ["04/13", "20:32"], "comment_content": "所以臺灣有多少通緝犯已經潛逃出境了？"}, {"comment_author": "sunday0913", "comment_date": ["04/13", "20:34"], "comment_content": "這個海關沒什麼關係,先看完內文吧"}, {"comment_author": "smch", "comment_date": ["04/13", "20:36"], "comment_content": "海關是不是過很爽"}, {"comment_author": "AnyaWakuWaku", "comment_date": ["04/13", "20:38"], "comment_content": "這種過海關按指紋怎麼過的？"}, {"comment_author": "PTTMAXQQ", "comment_date": ["04/13", "20:38"], "comment_content": "重點是11次出國啊…他只是為了出國XD"}, {"comment_author": "ppon", "comment_date": ["04/13", "20:39"], "comment_content": "2018 是誰執政啊？ 喔綠色那沒事了"}, {"comment_author": "pastmory", "comment_date": ["04/13", "20:41"], "comment_content": "嘻嘻 40%哪天被撞死 結果直接爽爽跑路"}, {"comment_author": "pastmory", "comment_date": ["04/13", "20:41"], "comment_content": "到時候不要哭哦；）"}, {"comment_author": "Informatik", "comment_date": ["04/13", "20:44"], "comment_content": "通緝犯過得都比我好"}, {"comment_author": "sasado", "comment_date": ["04/13", "20:44"], "comment_content": "GG點在哪？"}, {"comment_author": "other9343", "comment_date": ["04/13", "20:45"], "comment_content": "這新聞是要說明灣灣政府有多廢嗎"}, {"comment_author": "slygun", "comment_date": ["04/13", "20:46"], "comment_content": "2016分水嶺"}, {"comment_author": "polarbearrrr", "comment_date": ["04/13", "20:52"], "comment_content": "都跑這麼久判這種鳥刑期又怎樣 鼓"}, {"comment_author": "polarbearrrr", "comment_date": ["04/13", "20:52"], "comment_content": "勵犯罪和模仿？"}, {"comment_author": "ad21120903", "comment_date": ["04/13", "20:53"], "comment_content": "40%：司法改革大成功"}, {"comment_author": "NiNiNiNiNi", "comment_date": ["04/13", "20:55"], "comment_content": "太爽了吧"}, {"comment_author": "s0920151048", "comment_date": ["04/13", "21:04"], "comment_content": "不錯可以加入民進黨 人才"}, {"comment_author": "elia0325", "comment_date": ["04/13", "21:11"], "comment_content": "數位部表示：不關俺的事"}, {"comment_author": "s881702002", "comment_date": ["04/13", "21:13"], "comment_content": "通緝犯 快樂出國玩 謝謝党"}, {"comment_author": "b10108058", "comment_date": ["04/13", "21:15"], "comment_content": "樓上一堆人要不要先搞清楚海關和移民"}, {"comment_author": "b10108058", "comment_date": ["04/13", "21:15"], "comment_content": "官啊"}, {"comment_author": "hoho5410", "comment_date": ["04/13", "21:21"], "comment_content": "類出國X…真出國玩"}, {"comment_author": "shily202002", "comment_date": ["04/13", "21:24"], "comment_content": "判四個月跟五個月是怎樣"}, {"comment_author": "tn00210585", "comment_date": ["04/13", "21:31"], "comment_content": "你各位鬼島賤畜乖乖繳稅就對了，反正"}, {"comment_author": "tn00210585", "comment_date": ["04/13", "21:31"], "comment_content": "公家機關各種垃圾爽爽領稅金還各種無"}, {"comment_author": "tn00210585", "comment_date": ["04/13", "21:31"], "comment_content": "責"}, {"comment_author": "herbert1012", "comment_date": ["04/13", "21:33"], "comment_content": "怎麼發現的 講這個比較有趣"}, {"comment_author": "clocei", "comment_date": ["04/13", "21:41"], "comment_content": "好扯.."}, {"comment_author": "cheng31507", "comment_date": ["04/13", "22:04"], "comment_content": "……."}, {"comment_author": "EulerFormula", "comment_date": ["04/13", "22:04"], "comment_content": "四個月XDDDDDDDDDDDDD"}, {"comment_author": "gzliu", "comment_date": ["04/13", "22:05"], "comment_content": "社會安全網"}, {"comment_author": "dick01411", "comment_date": ["04/13", "22:09"], "comment_content": "層層把關輕鬆通過"}, {"comment_author": "rich780501", "comment_date": ["04/13", "22:18"], "comment_content": "5.8萬通緝犯-1+1-1+1....."}, {"comment_author": "dick929", "comment_date": ["04/13", "22:20"], "comment_content": "我沒出過國，請問台灣人在國內出境跟入"}, {"comment_author": "dick929", "comment_date": ["04/13", "22:20"], "comment_content": "境要按指紋嗎？"}, {"comment_author": "wulouise", "comment_date": ["04/13", "22:29"], "comment_content": "不是有指紋？"}, {"comment_author": "jamesmile", "comment_date": ["04/13", "22:31"], "comment_content": "美好臺灣"}, {"comment_author": "aken59420", "comment_date": ["04/13", "22:41"], "comment_content": "通緝犯大步從機場飛出國，真開心"}, {"comment_author": "lime1207", "comment_date": ["04/13", "23:00"], "comment_content": "11次才判刑五個月"}, {"comment_author": "radiant77", "comment_date": ["04/13", "23:03"], "comment_content": "4個月難怪法官太累要自殺，自找的"}, {"comment_author": "nike30376", "comment_date": ["04/13", "23:04"], "comment_content": "不錯 根本是鼓勵通緝犯出國玩"}, {"comment_author": "sding", "comment_date": ["04/13", "23:20"], "comment_content": "4個月和5個月"}, {"comment_author": "agvnol", "comment_date": ["04/13", "23:31"], "comment_content": "政腐笑死"}, {"comment_author": "easonli000", "comment_date": ["04/14", "00:02"], "comment_content": "不錯 延攬進政府抓詐騙"}, {"comment_author": "ksxo", "comment_date": ["04/14", "00:29"], "comment_content": "通緝犯過比我爽"}, {"comment_author": "mn435", "comment_date": ["04/14", "00:36"], "comment_content": "會不會還在通緝中 判完再逃？"}, {"comment_author": "jing210232", "comment_date": ["04/14", "01:01"], "comment_content": "通緝犯還能出國11次不被抓到"}, {"comment_author": "molecules", "comment_date": ["04/14", "01:01"], "comment_content": "周處除三害演的算客氣了"}, {"comment_author": "sunwit", "comment_date": ["04/14", "01:04"], "comment_content": "廢物政府"}, {"comment_author": "wald5566", "comment_date": ["04/14", "01:30"], "comment_content": "小英政績 社會安全破網"}, {"comment_author": "nicayoung", "comment_date": ["04/14", "01:32"], "comment_content": "垃圾台灣司法"}, {"comment_author": "OGCkid", "comment_date": ["04/14", "01:46"], "comment_content": "通緝到出入境自如"}, {"comment_author": "jeff85898", "comment_date": ["04/14", "02:14"], "comment_content": "學生證等級的身分證就是垃圾"}, {"comment_author": "Romain", "comment_date": ["04/14", "03:49"], "comment_content": "竹北六家是地名吧"}, {"comment_author": "jay0215", "comment_date": ["04/14", "04:33"], "comment_content": "灣灣日常"}, {"comment_author": "mkokm", "comment_date": ["04/14", "04:42"], "comment_content": "這每次回台都是在把司法體系看沒有欸"}, {"comment_author": "Ycosmos", "comment_date": ["04/14", "06:10"], "comment_content": "才判 4個月 5個月，這是鼓勵犯罪吧"}, {"comment_author": "deray", "comment_date": ["04/14", "08:27"], "comment_content": "台灣嘛 合理"}, {"comment_author": "yonex123", "comment_date": ["04/14", "09:02"], "comment_content": "這種頻率會是出國玩？"}, {"comment_author": "pro33342", "comment_date": ["04/14", "09:17"], "comment_content": "哈哈客家人"}, {"comment_author": "MaBumblerQQ", "comment_date": ["04/14", "11:12"], "comment_content": "犯罪天堂^^"}, {"comment_author": "myth0422", "comment_date": ["04/14", "11:20"], "comment_content": "出國旅遊X 走私O"}, {"comment_author": "dageegee", "comment_date": ["04/14", "12:07"], "comment_content": "乾怎麼抓到的啊"}, {"comment_author": "asidy", "comment_date": ["04/14", "13:09"], "comment_content": "這明顯有sop啦,通緝犯們應該用爛了"}, {"comment_author": "asidy", "comment_date": ["04/14", "13:10"], "comment_content": "如果不是第一起,嚴查起來會不會動搖國本"}, {"comment_author": "kurtsgm", "comment_date": ["04/14", "14:14"], "comment_content": "2024年了還有人搞不清楚海關跟移民署"}, {"comment_author": "macoti", "comment_date": ["04/14", "14:34"], "comment_content": "有夠扯"}, {"comment_author": "shellback", "comment_date": ["04/14", "15:23"], "comment_content": "奇妙的是還回來 還很多次 順便帶多少"}, {"comment_author": "shellback", "comment_date": ["04/14", "15:23"], "comment_content": "毒品進來了"}, {"comment_author": "SapphireNoah", "comment_date": ["04/14", "16:03"], "comment_content": "所以通緝的作用是啥？"}, {"comment_author": "kv8220", "comment_date": ["04/14", "16:34"], "comment_content": "笑死"}, {"comment_author": "ko1", "comment_date": ["04/14", "23:36"], "comment_content": "證件都正本 除非臉被認出 否則抓不到很正常"}, {"comment_author": "dreamfree", "comment_date": ["04/15", "03:09"], "comment_content": "塔綠班真的笑死人"}, {"comment_author": "albertk1kil", "comment_date": ["04/15", "04:47"], "comment_content": "他朋友真兄弟，自己身份給他人使用"}, {"comment_author": "albertk1kil", "comment_date": ["04/15", "04:48"], "comment_content": "也要背罰則吧？"}, {"comment_author": "albertk1kil", "comment_date": ["04/15", "04:49"], "comment_content": "然後想當然他出去一定是用紙本護照"}, {"comment_author": "albertk1kil", "comment_date": ["04/15", "04:49"], "comment_content": "出境啊，怎麼可能用快速通關呢？"}, {"comment_author": "cc001225", "comment_date": ["04/15", "16:02"], "comment_content": "又～～～是一個分身仔"}]}
