{"author": "Comebuy (三分鐘熱度)", "category": "Gossiping", "title": "[新聞] 越南移工遭擄人勒贖後棄屍 4同鄉、1台男", "date": "Sat Apr 13 13:48:09 2024", "content": ["1.媒體來源:公視新聞網2.記者署名:王威雄 楊旻峰 王龍韜3.完整新聞標題:越南移工遭擄人勒贖後棄屍 4同鄉、1台男落網遭聲押4.完整新聞內文:警方來到越南移工住所將涉嫌犯下擄人勒贖案的黎氏移工等人逮個正著，有的在門外直接被壓制，在室內的則被強勢制伏。越南籍黎氏移工等5人今（2024）年3月因覬覦同鄉武氏移工家中錢財，設局將他從桃園誘騙到雲林斗六後，強押到四湖一處工寮囚禁，透過視訊向武氏移工家屬勒贖近2億越南盾（約台幣24.5萬元）。黎氏一夥人得手後卻沒有依約將人釋放，反而把人押到褒忠一處汽車旅館囚禁，並以衛生紙、膠帶封住口鼻而造成武氏移工死亡，隨後將他棄屍掩埋在當地一處台糖甘蔗園內。檢警獲報偵辦後，10日將5人逮捕到案。雲林地檢署主任檢察官朱啓仁表示，「緝獲越南籍共犯4名、台籍共犯1名，經本署檢察官訊問後，認為被告等人涉嫌擄人、勒贖及殺人等罪嫌。」檢方在甘蔗園大規模開挖，11日下午發現武氏移工遺體，後續將展開相驗與解剖確認死因。黎氏嫌犯與3名同鄉移工以及台籍許姓男子共5人，被檢方依涉犯《刑法》意圖勒贖而擄人且故意殺人罪，且有勾串滅證、逃亡之虞，向雲林地方法院聲請羈押。李彥穎/編輯5.完整新聞連結 (或短網址)不可用YAHOO、LINE、MSN等轉載媒體:", "6.備註:", "--", "07/26 20:53", "07/26 20:53", "07/26 20:55", "07/26 20:56", "07/26 20:56", "07/26 20:58--"], "post_comment": [{"comment_author": "piyobearman", "comment_date": ["04/13", "13:48"], "comment_content": "超派移工 未來治安QQ"}, {"comment_author": "t00012", "comment_date": ["04/13", "13:49"], "comment_content": "台灣人變成外勞的小弟了"}, {"comment_author": "maiev", "comment_date": ["04/13", "13:49"], "comment_content": "左膠最愛的越南阿勞  ^^"}, {"comment_author": "backzerg", "comment_date": ["04/13", "13:50"], "comment_content": "24.5萬? 這CP值也太差了"}, {"comment_author": "Violataf", "comment_date": ["04/13", "13:51"], "comment_content": "現在是外勞互鬥 以後就是..."}, {"comment_author": "whiteadam", "comment_date": ["04/13", "13:51"], "comment_content": "哈哈"}, {"comment_author": "jackycheny", "comment_date": ["04/13", "13:51"], "comment_content": "嘻嘻，謝謝綠圾党，新南向大成功"}, {"comment_author": "neoa01", "comment_date": ["04/13", "13:52"], "comment_content": "反正民進黨執政 不會死啦"}, {"comment_author": "em4", "comment_date": ["04/13", "13:53"], "comment_content": "怕 台灣人更有錢啊"}, {"comment_author": "neoa01", "comment_date": ["04/13", "13:53"], "comment_content": "問問民進黨大法官最近廢死討論的怎樣了"}, {"comment_author": "yeng1217", "comment_date": ["04/13", "13:56"], "comment_content": "再來就是綁台灣人了 可怕"}, {"comment_author": "spzper", "comment_date": ["04/13", "13:57"], "comment_content": "移工很優質"}, {"comment_author": "b03o20y", "comment_date": ["04/13", "14:08"], "comment_content": "移工黑數太多了，"}, {"comment_author": "b03o20y", "comment_date": ["04/13", "14:08"], "comment_content": "死在異鄉也沒人知道"}, {"comment_author": "kideram", "comment_date": ["04/13", "14:16"], "comment_content": "都是越南人 下手幹嘛這麼狠"}, {"comment_author": "casin0021", "comment_date": ["04/13", "14:31"], "comment_content": "可教化，閱！"}, {"comment_author": "loliconrd", "comment_date": ["04/13", "14:42"], "comment_content": "很快外勞就開始殺台灣人囉  物理洗血統"}, {"comment_author": "IRPT001", "comment_date": ["04/13", "17:31"], "comment_content": "要成立月南文化總會了嗎"}, {"comment_author": "ILDUCK", "comment_date": ["04/13", "18:56"], "comment_content": "他們離鄉背井來台灣賺錢，擄個人怎麼了"}, {"comment_author": "nogood86", "comment_date": ["04/13", "20:10"], "comment_content": "連越南都知道在台灣殺人不會重判，"}, {"comment_author": "nogood86", "comment_date": ["04/13", "20:10"], "comment_content": "台灣之光"}, {"comment_author": "hawaii987", "comment_date": ["04/14", "00:40"], "comment_content": "越南不意外 真的該把這些移工管制最好"}, {"comment_author": "hawaii987", "comment_date": ["04/14", "00:40"], "comment_content": "驅離"}, {"comment_author": "harukay08", "comment_date": ["04/14", "13:57"], "comment_content": "台灣未來治安堪慮"}]}
