{"author": "sheng1300905 (sheng)", "category": "Gossiping", "title": "[新聞] 國民法官案改判首例！無照酒駕撞死人450", "date": "Wed Apr 17 08:18:31 2024", "content": ["備註請放最後面 違者新聞文章刪除1.媒體來源:聯合新聞網2.記者署名:記者王宏舜3.完整新聞標題:國民法官案改判首例！無照酒駕撞死人450萬和解 二審減成5年6月4.完整新聞內文:男子李佳修無照酒駕，在酒精濃度1.085毫克的狀態下，以近100公里的時速撞死王姓單親父親，檢方依酒駕致死罪起訴，台北地院國民法庭判李7年2月徒刑。李就科刑上訴，期間與被害人以450萬元和解，台灣高等法院今撤銷原判決，改判5年6月刑；本案成國民法官制上路以來，首件撤銷改判的案件。審判長遲中慧表示，撤銷原刑度的原因是考量李佳修和王母達成和解，但李最後一刻才認罪，且拖到審判前2天才允諾賠款、並給付第一期款項，辯護人請求判4年以下徒刑「實在太低」，在尊重國民法官量刑的前提下，改判5年6月刑。審判長表示，二審仍未認定李有自首，不適用自首減刑。本案為北院第一件國民法官參審案，除本案外，李（24歲）在肇禍後咆哮，還欲奪取前來處理員警的配槍，遭警員開槍制伏，北院另依妨害公務罪判他拘役50日，得易科罰金確定。2022年11月13日晚間，李佳修和友人在台北市忠孝東路四段夜店飲酒，翌日凌晨4時在台北市區酒駕飆車，車行經行政院前忠孝東路地下道發生追撞，造成前方王姓駕駛車子翻覆死亡。檢方認為李佳修在被捕後才認罪，李的律師則稱李有自首，自首與否成審案爭點。北院合議庭綜合員警證述、密錄影片、勘驗筆錄及與李同車曾姓少年的證述，員警處理車禍現場時，李佳修已滿臉通紅、全身酒氣，警方合理懷疑李男是肇事者，不符自首要件。一審判決指李基於玩樂酒後駕車，以時速近100公里高速恣意馳騁在市區道路，未於第一時間救助被害人，犯罪惡性重大，所生危害至鉅，判7年2月徒刑。高院開庭時，期間法官詢問雙方是否有意調解，李佳修說刑事部分願意賠償200萬元，但雙方沒有金額具體共識，且被害者家屬強烈要求「人保」以防李開空頭支票，李未答應，調解破局。今年3月21日高院審理時，因李與被害人以450萬元和解，李的律師認為量刑因子已經變動，希望能量處4年以下有期徒刑，讓他早點出獄工作賺錢。檢察官仍認為李佳修沒有自首，但對於與王母達成和解感到欣慰。檢察官認為這起悲劇造成兩個家庭破碎，尤其死者的女兒當時才1、2歲，而死者又有心臟疾病，只有1／3的機率會自己好，但沒想到他的生命卻是被車禍奪走。高院合議庭認為，李在一審時推稱被害人突然剎車，閃避不及才車禍，試圖將事故歸咎死者，無助本案釐清事實和節省刑事司法成本，且李有多次駕車違規紀錄，竟又酒駕，顯見無視法律嚴厲禁制。高院審理前2天，李才與王母和解，王母等了1年多才獲得些許彌補，且目前僅給付70萬元，不宜將刑度減至4年以下。", "李佳修（左）無照酒駕撞死人，台北地方法院國民法官庭判他7年2月徒刑，案件上訴台灣高等法院，李以450萬元與被害家屬和解，二審今改判5年6月刑，成國民法官上訴後改判的首例。資料照片。記者許正宏／攝影5.完整新聞連結 (或短網址)不可用YAHOO、LINE、MSN等轉載媒體:", "6.備註:和解的話減刑也不能說什麼畢竟關越久的確越難拿到賠償金不過目前僅付70萬元 感覺還是有很大機率最後只得到一張債權憑證--"], "post_comment": [{"comment_author": "choobii", "comment_date": ["04/17", "08:19"], "comment_content": "XD"}, {"comment_author": "mm4669075", "comment_date": ["04/17", "08:20"], "comment_content": "和解正常"}, {"comment_author": "steelheart3", "comment_date": ["04/17", "08:20"], "comment_content": "畜牲以為有錢就可以買命喔 減到5年"}, {"comment_author": "mightymouse", "comment_date": ["04/17", "08:20"], "comment_content": "和解應該要規定多久內要清償吧，這"}, {"comment_author": "steelheart3", "comment_date": ["04/17", "08:20"], "comment_content": "剛好而已"}, {"comment_author": "mightymouse", "comment_date": ["04/17", "08:21"], "comment_content": "樣就可以減刑出獄後耍賴不賠能抓回"}, {"comment_author": "poeoe", "comment_date": ["04/17", "08:21"], "comment_content": "那下次國民法官再判重點好了 留空間讓高院"}, {"comment_author": "mightymouse", "comment_date": ["04/17", "08:21"], "comment_content": "去關嗎？"}, {"comment_author": "poeoe", "comment_date": ["04/17", "08:21"], "comment_content": "減"}, {"comment_author": "preisner", "comment_date": ["04/17", "08:21"], "comment_content": "早說了,一審重判,二審輕判,三審緩刑了"}, {"comment_author": "GTOyoko5566", "comment_date": ["04/17", "08:21"], "comment_content": "酒駕撞死人就判這樣？可悲"}, {"comment_author": "stupideric", "comment_date": ["04/17", "08:21"], "comment_content": "他以後有很高機率不認賬"}, {"comment_author": "ymib", "comment_date": ["04/17", "08:21"], "comment_content": "國民法官放在一審輕易被二審推翻判決ㄏㄏ"}, {"comment_author": "iPolo3", "comment_date": ["04/17", "08:21"], "comment_content": "笑死 怎麼可能會不改判 國民法官就是個沒"}, {"comment_author": "iPolo3", "comment_date": ["04/17", "08:21"], "comment_content": "有意義的制度"}, {"comment_author": "ymib", "comment_date": ["04/17", "08:22"], "comment_content": "國民法官應該要放在憲法法庭取代大法官"}, {"comment_author": "hw1", "comment_date": ["04/17", "08:22"], "comment_content": "真的是判爽的 二審直接打臉國民法官"}, {"comment_author": "GTOyoko5566", "comment_date": ["04/17", "08:22"], "comment_content": "真的感謝蔡政府的努力^^"}, {"comment_author": "ymib", "comment_date": ["04/17", "08:22"], "comment_content": "因為台灣的大法官就是垃圾"}, {"comment_author": "xyz30317", "comment_date": ["04/17", "08:22"], "comment_content": "酒駕直接先鞭刑吧"}, {"comment_author": "yeng1217", "comment_date": ["04/17", "08:23"], "comment_content": "擺在一審就是注定被打臉"}, {"comment_author": "ymfx000a", "comment_date": ["04/17", "08:23"], "comment_content": "關鍵是上訴期間達成和解 先猜鄉民怒罵"}, {"comment_author": "arabeske", "comment_date": ["04/17", "08:23"], "comment_content": "國民法官根本就是一個笑話。吹牛吹很大"}, {"comment_author": "greg7575", "comment_date": ["04/17", "08:24"], "comment_content": "你有民進黨懂法嗎？司法改革？"}, {"comment_author": "zzzzzzzzzzzy", "comment_date": ["04/17", "08:25"], "comment_content": "怕有人誤解重點整理："}, {"comment_author": "milk7054", "comment_date": ["04/17", "08:25"], "comment_content": "國民草包，唯一死刑，和解個屁"}, {"comment_author": "zzzzzzzzzzzy", "comment_date": ["04/17", "08:25"], "comment_content": "國民法官判7年2月但高等改判5年6月"}, {"comment_author": "ABA0525", "comment_date": ["04/17", "08:25"], "comment_content": "早說國民法官就假的"}, {"comment_author": "zzzzzzzzzzzy", "comment_date": ["04/17", "08:26"], "comment_content": "是二審高等法院輕判，不是國民法官"}, {"comment_author": "piece1", "comment_date": ["04/17", "08:26"], "comment_content": "去當國民法官應該會被氣到縮短壽命!"}, {"comment_author": "Bookhsu1227", "comment_date": ["04/17", "08:26"], "comment_content": "無照又撞死人, 垃圾直接死刑"}, {"comment_author": "REALJOINGO", "comment_date": ["04/17", "08:27"], "comment_content": "撤銷判決?  吃屎"}, {"comment_author": "hotrain13", "comment_date": ["04/17", "08:27"], "comment_content": "都和解了...輕判正常吧"}, {"comment_author": "zzzzzzzzzzzy", "comment_date": ["04/17", "08:27"], "comment_content": "無照飆車死不認錯還想襲警奪槍"}, {"comment_author": "zzzzzzzzzzzy", "comment_date": ["04/17", "08:27"], "comment_content": "這種人你跟我說他會有悔意賠錢？"}, {"comment_author": "riker729", "comment_date": ["04/17", "08:29"], "comment_content": "所以說國民法官完全沒用啊！"}, {"comment_author": "xbit", "comment_date": ["04/17", "08:29"], "comment_content": "和解  關鍵字"}, {"comment_author": "riker729", "comment_date": ["04/17", "08:30"], "comment_content": "就算沒和解，上訴之後輕判也是常有"}, {"comment_author": "GTOyoko5566", "comment_date": ["04/17", "08:30"], "comment_content": "就算沒和解也只判7年，更好笑了"}, {"comment_author": "zzzzzzzzzzzy", "comment_date": ["04/17", "08:30"], "comment_content": "如果一般法官一審也就判2年"}, {"comment_author": "shinewind", "comment_date": ["04/17", "08:30"], "comment_content": "笑死，會盡量輕判不就法官自己搞的"}, {"comment_author": "ccps9550217", "comment_date": ["04/17", "08:30"], "comment_content": "這種垃圾後面一定不會給錢啦  垃圾鬼"}, {"comment_author": "lindywell", "comment_date": ["04/17", "08:30"], "comment_content": "爽啦 出來繼續殺人~~~"}, {"comment_author": "ccps9550217", "comment_date": ["04/17", "08:30"], "comment_content": "島"}, {"comment_author": "GTOyoko5566", "comment_date": ["04/17", "08:30"], "comment_content": "有些人就喜歡拿和解當遮羞布，笑死"}, {"comment_author": "kasim15", "comment_date": ["04/17", "08:31"], "comment_content": "不意外 台灣法律有錢判生沒錢判死"}, {"comment_author": "GTOyoko5566", "comment_date": ["04/17", "08:31"], "comment_content": "是很怕讓人知道台灣司法有多爛嗎"}, {"comment_author": "zzzzzzzzzzzy", "comment_date": ["04/17", "08:31"], "comment_content": "判7年殺價剩5年總比一開始判2年好"}, {"comment_author": "jojomimi", "comment_date": ["04/17", "08:31"], "comment_content": "換臉也是五年 幹你娘台灣法官"}, {"comment_author": "kotorichan", "comment_date": ["04/17", "08:33"], "comment_content": "傻，用車殺人 不喝酒故意撞 才算過失"}, {"comment_author": "kotorichan", "comment_date": ["04/17", "08:33"], "comment_content": "這已經判很重了 還國民法官沒用？"}, {"comment_author": "kotorichan", "comment_date": ["04/17", "08:34"], "comment_content": "多去看看法院判例，看法匠有多輕判"}, {"comment_author": "SkyShih", "comment_date": ["04/17", "08:34"], "comment_content": "希望下次直接撞死法官看怎麼判"}, {"comment_author": "ikenaka", "comment_date": ["04/17", "08:34"], "comment_content": "垃圾法官永遠只會輕判"}, {"comment_author": "ihero", "comment_date": ["04/17", "08:34"], "comment_content": "早說國民法官只是背書"}, {"comment_author": "zxc2331189", "comment_date": ["04/17", "08:36"], "comment_content": "笑死 早就說沒屁用"}, {"comment_author": "kotorichan", "comment_date": ["04/17", "08:37"], "comment_content": "鬼島有多誇張 沒喝酒，故意飆車瞄準"}, {"comment_author": "Semaj543", "comment_date": ["04/17", "08:37"], "comment_content": "鄭捷若地下有知，會不會後悔沒用車殺人"}, {"comment_author": "kotorichan", "comment_date": ["04/17", "08:37"], "comment_content": "撞死人，這種竟然算過失致死"}, {"comment_author": "enjoyyou", "comment_date": ["04/17", "08:38"], "comment_content": "國民法官就是讓國民認清你搞不過法匠的"}, {"comment_author": "Xtaiwan5566", "comment_date": ["04/17", "08:38"], "comment_content": "水"}, {"comment_author": "rejuvenation", "comment_date": ["04/17", "08:39"], "comment_content": "台灣的國民法官制度有跟沒有一樣"}, {"comment_author": "rejuvenation", "comment_date": ["04/17", "08:40"], "comment_content": "政府真的很喜歡吹牛 想學國外又學"}, {"comment_author": "rejuvenation", "comment_date": ["04/17", "08:40"], "comment_content": "的不好 台灣的恐龍法官真的不得好"}, {"comment_author": "rejuvenation", "comment_date": ["04/17", "08:40"], "comment_content": "死"}, {"comment_author": "sellasheep", "comment_date": ["04/17", "08:41"], "comment_content": "完全不尊重國民法官"}, {"comment_author": "SnakeO", "comment_date": ["04/17", "08:42"], "comment_content": "法官才是笑話，和解才付70萬就讓他減刑?"}, {"comment_author": "SnakeO", "comment_date": ["04/17", "08:42"], "comment_content": "法律應該訂沒付清不能減刑的條款吧"}, {"comment_author": "QWERT301", "comment_date": ["04/17", "08:42"], "comment_content": "法盲就算了 文盲就有點沒救了0.0"}, {"comment_author": "ASEVE", "comment_date": ["04/17", "08:44"], "comment_content": "就打假球，法官依然掌握二三審的權利"}, {"comment_author": "xaxa0101", "comment_date": ["04/17", "08:44"], "comment_content": "三審豬腳麵線"}, {"comment_author": "ab4daa", "comment_date": ["04/17", "08:44"], "comment_content": "無罪"}, {"comment_author": "dormice", "comment_date": ["04/17", "08:44"], "comment_content": "還是很輕啊"}, {"comment_author": "ASEVE", "comment_date": ["04/17", "08:44"], "comment_content": "最高法院還能一直駁回到他要的判決"}, {"comment_author": "qazzaq3977", "comment_date": ["04/17", "08:45"], "comment_content": "才給70而已哦，"}, {"comment_author": "appleye", "comment_date": ["04/17", "08:45"], "comment_content": "傻了 之後一定拿不到剩下分期的錢"}, {"comment_author": "lain2002", "comment_date": ["04/17", "08:45"], "comment_content": "反觀輕判的法官都是垃圾"}, {"comment_author": "k078787878", "comment_date": ["04/17", "08:46"], "comment_content": "笑死"}, {"comment_author": "PPTAlex", "comment_date": ["04/17", "08:47"], "comment_content": "國民法官本來就是找來演演戲的給大家看得"}, {"comment_author": "kotorichan", "comment_date": ["04/17", "08:47"], "comment_content": "跟一般法官判 用酒駕致死 大概3年半"}, {"comment_author": "loliconrd", "comment_date": ["04/17", "08:47"], "comment_content": "台灣法官果然死光對台灣才好"}, {"comment_author": "qazzaq3977", "comment_date": ["04/17", "08:48"], "comment_content": "先騙個和解，再脫產學會了嗎？"}, {"comment_author": "cat5672", "comment_date": ["04/17", "08:48"], "comment_content": "社會學第一定律 - 屁股決定腦袋"}, {"comment_author": "sorrywow", "comment_date": ["04/17", "08:48"], "comment_content": "翻譯:有錢你就可以一直犯錯"}, {"comment_author": "poisonB", "comment_date": ["04/17", "08:48"], "comment_content": "這個應該只賠第一期之後都不配合"}, {"comment_author": "am711206", "comment_date": ["04/17", "08:49"], "comment_content": "因為法官還有考量填補受害人損失，所以"}, {"comment_author": "am711206", "comment_date": ["04/17", "08:49"], "comment_content": "會鼓勵和解，若真和解就會減刑，但實務"}, {"comment_author": "am711206", "comment_date": ["04/17", "08:49"], "comment_content": "上尚欠缺對於事後不付和解金的懲罰機制"}, {"comment_author": "am711206", "comment_date": ["04/17", "08:49"], "comment_content": "，如無故拖欠滿一年，經三次通知仍拒不"}, {"comment_author": "am711206", "comment_date": ["04/17", "08:49"], "comment_content": "付款，則原先減刑條件取消，恢復原減刑"}, {"comment_author": "sakurak0", "comment_date": ["04/17", "08:49"], "comment_content": "台灣法官九成九垃圾不意外"}, {"comment_author": "am711206", "comment_date": ["04/17", "08:49"], "comment_content": "期，和解金加倍賠償。"}, {"comment_author": "glasseater", "comment_date": ["04/17", "08:50"], "comment_content": "台灣真的有錢賠的話想怎麼玩都行欸"}, {"comment_author": "edwinrw", "comment_date": ["04/17", "08:50"], "comment_content": "國民法官就是過場動畫而已"}, {"comment_author": "thinksilver", "comment_date": ["04/17", "08:51"], "comment_content": "如果450都能拿到才有意義"}, {"comment_author": "wormchang", "comment_date": ["04/17", "08:51"], "comment_content": "笑死 八卦仔錯亂摟"}, {"comment_author": "bada", "comment_date": ["04/17", "08:51"], "comment_content": "和解還判這樣也不輕了"}, {"comment_author": "Gamelop", "comment_date": ["04/17", "08:51"], "comment_content": "以後是不是應該修法,這種賠償分期要透過"}, {"comment_author": "Gamelop", "comment_date": ["04/17", "08:51"], "comment_content": "第三方,如果有一期沒匯入就主動拘提,如果"}, {"comment_author": "Gamelop", "comment_date": ["04/17", "08:51"], "comment_content": "不繼續付,刑期不得減免,開始入監"}, {"comment_author": "yuetsu", "comment_date": ["04/17", "08:51"], "comment_content": "那要國民法官幹嘛 浪費大家時間"}, {"comment_author": "davidbright", "comment_date": ["04/17", "08:52"], "comment_content": "...."}, {"comment_author": "Gamelop", "comment_date": ["04/17", "08:52"], "comment_content": "犯罪者>中間機構>被害者 這樣"}, {"comment_author": "rtoday", "comment_date": ["04/17", "08:52"], "comment_content": "被害知道要人保 ，這種雜碎會耍賴"}, {"comment_author": "op520", "comment_date": ["04/17", "08:53"], "comment_content": "垃圾法官幹你娘 白癡，要改判決還搞什麼國"}, {"comment_author": "op520", "comment_date": ["04/17", "08:53"], "comment_content": "民法官"}, {"comment_author": "deerdriver", "comment_date": ["04/17", "08:53"], "comment_content": "還這麼年輕一定再犯 死刑吧"}, {"comment_author": "kotorichan", "comment_date": ["04/17", "08:54"], "comment_content": "慘 要是沒喝酒，早就緩刑不用關了"}, {"comment_author": "Forcast", "comment_date": ["04/17", "08:54"], "comment_content": "果真二三審"}, {"comment_author": "op520", "comment_date": ["04/17", "08:56"], "comment_content": "台灣司法就是有錢就能少關啊 垃圾"}, {"comment_author": "garcia", "comment_date": ["04/17", "08:56"], "comment_content": "司改有成 至少有爽到"}, {"comment_author": "dovepacket", "comment_date": ["04/17", "08:57"], "comment_content": "法官：你看  恐龍到處都是"}, {"comment_author": "leeyeah", "comment_date": ["04/17", "08:58"], "comment_content": "還有三審 可望再減一半"}, {"comment_author": "gime0226", "comment_date": ["04/17", "08:59"], "comment_content": "司法改革讚讚讚 開車要喝酒 喝酒要開車"}, {"comment_author": "sammy98", "comment_date": ["04/17", "09:00"], "comment_content": "恐龍國民法官"}, {"comment_author": "hank12332", "comment_date": ["04/17", "09:02"], "comment_content": "一堆人沒看到 和解"}, {"comment_author": "kinghtt", "comment_date": ["04/17", "09:03"], "comment_content": "直接修法成有付清再減刑就好，這種垃圾"}, {"comment_author": "kinghtt", "comment_date": ["04/17", "09:03"], "comment_content": "大多領現查不到金流"}, {"comment_author": "phenom42", "comment_date": ["04/17", "09:04"], "comment_content": "那要國民法官幹嘛？反正恐龍們照樣玩起"}, {"comment_author": "phenom42", "comment_date": ["04/17", "09:04"], "comment_content": "來"}, {"comment_author": "dahIia", "comment_date": ["04/17", "09:04"], "comment_content": "賠了第一期  之後你懂的"}, {"comment_author": "nothing188", "comment_date": ["04/17", "09:05"], "comment_content": "甲羞"}, {"comment_author": "qazzaq3977", "comment_date": ["04/17", "09:05"], "comment_content": "分期裝死你也沒辦法對嗎？"}, {"comment_author": "jiaching", "comment_date": ["04/17", "09:06"], "comment_content": "有錢判生 沒錢判死 天經地義"}, {"comment_author": "AISC", "comment_date": ["04/17", "09:06"], "comment_content": "幸好有國民法官 不然早就被判緩刑 真的垃圾"}, {"comment_author": "AISC", "comment_date": ["04/17", "09:06"], "comment_content": "法院"}, {"comment_author": "jageillolin", "comment_date": ["04/17", "09:09"], "comment_content": "450不少，但那不拿得到才是重點"}, {"comment_author": "f130025897", "comment_date": ["04/17", "09:12"], "comment_content": "民進黨最愛保護殺人犯了啊 沒這些人怎"}, {"comment_author": "rock0807", "comment_date": ["04/17", "09:12"], "comment_content": "沒拿到錢還跟他和解幹嘛"}, {"comment_author": "f130025897", "comment_date": ["04/17", "09:12"], "comment_content": "麼幫他們打下手？"}, {"comment_author": "harry0702000", "comment_date": ["04/17", "09:12"], "comment_content": "白癡最後給最高法院判那你一開始給"}, {"comment_author": "seanfan", "comment_date": ["04/17", "09:12"], "comment_content": "幫忙減刑是不是收錢了啊法官大人"}, {"comment_author": "harry0702000", "comment_date": ["04/17", "09:12"], "comment_content": "國民法官審的意義在哪？"}, {"comment_author": "DevilCool", "comment_date": ["04/17", "09:13"], "comment_content": "帶個屁風向~沒國民法官進去判兩年而已"}, {"comment_author": "deadair", "comment_date": ["04/17", "09:14"], "comment_content": "國民法官就是個笑話"}, {"comment_author": "stry", "comment_date": ["04/17", "09:14"], "comment_content": "最高法院還減刑那給國民法官浪費時間幹嘛"}, {"comment_author": "trtc", "comment_date": ["04/17", "09:14"], "comment_content": "關鍵是有和解，沒有和解，二審未必會減輕刑"}, {"comment_author": "trtc", "comment_date": ["04/17", "09:14"], "comment_content": "度。"}, {"comment_author": "lin961213", "comment_date": ["04/17", "09:14"], "comment_content": "不得不說鬼島司法人真的就是垃圾"}, {"comment_author": "UrFather", "comment_date": ["04/17", "09:17"], "comment_content": "這該賠500萬後再砲決"}, {"comment_author": "ptrpoint", "comment_date": ["04/17", "09:18"], "comment_content": "花點錢到稱到二審，就可以略過國民法官"}, {"comment_author": "PTTakatsuki", "comment_date": ["04/17", "09:18"], "comment_content": "鬼島不意外"}, {"comment_author": "engineer1", "comment_date": ["04/17", "09:18"], "comment_content": "國民法官看來對撞死人也蠻客氣的嗎"}, {"comment_author": "steamedbun", "comment_date": ["04/17", "09:23"], "comment_content": "查了一下不是分期不繳擺爛就沒事1.詐"}, {"comment_author": "steamedbun", "comment_date": ["04/17", "09:24"], "comment_content": "欺罪2.分期要簽分期協議 協議裡面可"}, {"comment_author": "steamedbun", "comment_date": ["04/17", "09:24"], "comment_content": "以加沒繳會怎樣"}, {"comment_author": "a09162277", "comment_date": ["04/17", "09:24"], "comment_content": "謝謝党謝謝蔡豬鼻"}, {"comment_author": "PLAYGGGG", "comment_date": ["04/17", "09:25"], "comment_content": "喝到1.085... 是在瞧不起鬼島司法?"}, {"comment_author": "super0949", "comment_date": ["04/17", "09:25"], "comment_content": "啊 國民法官就作作樣子啊"}, {"comment_author": "super0949", "comment_date": ["04/17", "09:25"], "comment_content": "上訴後還是法律人說的算"}, {"comment_author": "steamedbun", "comment_date": ["04/17", "09:26"], "comment_content": "然後一堆人沒仔細看內文國民法官判很"}, {"comment_author": "steamedbun", "comment_date": ["04/17", "09:26"], "comment_content": "重了 改判的是二審"}, {"comment_author": "richardlala", "comment_date": ["04/17", "09:27"], "comment_content": "比法官判得高了 法官只會給你緩刑笑"}, {"comment_author": "steamedbun", "comment_date": ["04/17", "09:27"], "comment_content": "如果是一般法官怎麼可能判到七年多"}, {"comment_author": "jerrylin", "comment_date": ["04/17", "09:29"], "comment_content": ".............."}, {"comment_author": "LiamTiger", "comment_date": ["04/17", "09:30"], "comment_content": "哈哈法官哈哈"}, {"comment_author": "JUSTNONE", "comment_date": ["04/17", "09:33"], "comment_content": "只賠一期後面一直拖 但你不得不接受"}, {"comment_author": "pyrite", "comment_date": ["04/17", "09:35"], "comment_content": "加害者:感謝党的法官"}, {"comment_author": "ssisters", "comment_date": ["04/17", "09:37"], "comment_content": "國民法官的判決，後面還能改判，那大家"}, {"comment_author": "KevinJay", "comment_date": ["04/17", "09:37"], "comment_content": "有錢判生，沒錢判死"}, {"comment_author": "ssisters", "comment_date": ["04/17", "09:37"], "comment_content": "在忙什麼？"}, {"comment_author": "kaet", "comment_date": ["04/17", "09:37"], "comment_content": "有和解正常啊 不過內文說只給付第一期款項"}, {"comment_author": "toyamaka", "comment_date": ["04/17", "09:38"], "comment_content": "沒拿到錢什麼都不是"}, {"comment_author": "kaet", "comment_date": ["04/17", "09:38"], "comment_content": "會不會付了幾期就賴皮不還了?"}, {"comment_author": "linbsing", "comment_date": ["04/17", "09:39"], "comment_content": "所以到底花錢 把法官違憲改義務 啥鳥用"}, {"comment_author": "abm311", "comment_date": ["04/17", "09:41"], "comment_content": "分期付款，傻了才接受這種條件。"}, {"comment_author": "kaet", "comment_date": ["04/17", "09:42"], "comment_content": "接受還有70萬啊 不接受甚麼都沒有"}, {"comment_author": "p597fg", "comment_date": ["04/17", "09:43"], "comment_content": "法官應該當保人  都用和解減輕量刑了 沒賠"}, {"comment_author": "p597fg", "comment_date": ["04/17", "09:44"], "comment_content": "錢找法官要很合理吧"}, {"comment_author": "Jeff911", "comment_date": ["04/17", "09:44"], "comment_content": "阿呆 只會拿到第一期而已"}, {"comment_author": "stephon50", "comment_date": ["04/17", "09:45"], "comment_content": "塔綠班司法 酒駕犯罪好安心"}, {"comment_author": "maxsho", "comment_date": ["04/17", "09:46"], "comment_content": "笑死， 台灣真的是罪犯的天堂"}, {"comment_author": "Eide", "comment_date": ["04/17", "09:46"], "comment_content": "沒國民法官應該一審緩刑連賠償都沒有吧"}, {"comment_author": "cs005337", "comment_date": ["04/17", "09:47"], "comment_content": "高等法院改判不用經過國民法官同意喔？"}, {"comment_author": "jack90352", "comment_date": ["04/17", "09:47"], "comment_content": "這個累犯了欸"}, {"comment_author": "cs005337", "comment_date": ["04/17", "09:48"], "comment_content": "法院這樣亂搞就等著高等法院也有國民法"}, {"comment_author": "cs005337", "comment_date": ["04/17", "09:48"], "comment_content": "官住進啦，等著瞧，一群恐龍"}, {"comment_author": "toypoodle007", "comment_date": ["04/17", "09:48"], "comment_content": "國民法官判比較重"}, {"comment_author": "wingthink", "comment_date": ["04/17", "09:51"], "comment_content": "不可能吧？我看八卦版說酒駕在高雄才"}, {"comment_author": "wingthink", "comment_date": ["04/17", "09:51"], "comment_content": "有欸"}, {"comment_author": "FadOut", "comment_date": ["04/17", "09:52"], "comment_content": "垃圾高院…."}, {"comment_author": "birdskingla", "comment_date": ["04/17", "09:53"], "comment_content": "撞死單親家長…"}, {"comment_author": "pan1013", "comment_date": ["04/17", "09:55"], "comment_content": "以後國民法官都判10年以上給你殺價"}, {"comment_author": "feather3", "comment_date": ["04/17", "09:57"], "comment_content": "才70萬，輕判就跑嘍，債權給你自己追債"}, {"comment_author": "kille898983", "comment_date": ["04/17", "09:57"], "comment_content": "所以國民法官也沒用啊 繼續喝酒去"}, {"comment_author": "xhl12000", "comment_date": ["04/17", "09:58"], "comment_content": "國民法官意見僅供參考=沒屁用制度"}, {"comment_author": "xhl12000", "comment_date": ["04/17", "09:59"], "comment_content": "在台灣上訴就能輕判，超爽的"}, {"comment_author": "baritone7563", "comment_date": ["04/17", "09:59"], "comment_content": "恭喜獲得債權憑證一張～"}, {"comment_author": "wino", "comment_date": ["04/17", "09:59"], "comment_content": "呵呵 法律人  國民法官派的還不是輕鬆被改判"}, {"comment_author": "xhl12000", "comment_date": ["04/17", "09:59"], "comment_content": "法官繼續輕判，累死自己剛好啦"}, {"comment_author": "treeeasy", "comment_date": ["04/17", "10:00"], "comment_content": "一審判重一點逼和解呀"}, {"comment_author": "xhl12000", "comment_date": ["04/17", "10:00"], "comment_content": "大家應該都知道法官可以不理國民法官吧"}, {"comment_author": "CTUST", "comment_date": ["04/17", "10:02"], "comment_content": "假和解吧？沒得賠一事不再理能耐我"}, {"comment_author": "CTUST", "comment_date": ["04/17", "10:02"], "comment_content": "何"}, {"comment_author": "MasCat", "comment_date": ["04/17", "10:04"], "comment_content": "沒給足 是不是要加回來"}, {"comment_author": "Informatik", "comment_date": ["04/17", "10:06"], "comment_content": "高院法官>國民法官 國民法官審心酸的"}, {"comment_author": "chuni20309", "comment_date": ["04/17", "10:10"], "comment_content": "自殺謝罪吧"}, {"comment_author": "brolli", "comment_date": ["04/17", "10:11"], "comment_content": "你覺得犯罪的垃圾人會理你個鳥規定？"}, {"comment_author": "Tenging", "comment_date": ["04/17", "10:13"], "comment_content": "一審七年 前兩天才賠款"}, {"comment_author": "stu25936", "comment_date": ["04/17", "10:14"], "comment_content": "幹他媽的幫忙減刑喔？"}, {"comment_author": "onlySN", "comment_date": ["04/17", "10:16"], "comment_content": "垃圾他媽的怎麼不去死一死"}, {"comment_author": "scamprandy", "comment_date": ["04/17", "10:21"], "comment_content": "還奪警槍 怎麼不當場擊斃？"}, {"comment_author": "jccy", "comment_date": ["04/17", "10:23"], "comment_content": "二審就不是國民法官了吧"}, {"comment_author": "henry2003061", "comment_date": ["04/17", "10:26"], "comment_content": "是我就判死刑嘍"}, {"comment_author": "jccy", "comment_date": ["04/17", "10:26"], "comment_content": "台灣司法真的無言~"}, {"comment_author": "zed9104", "comment_date": ["04/17", "10:32"], "comment_content": "法官名字拜託公布一下 最好判決也直播上"}, {"comment_author": "zed9104", "comment_date": ["04/17", "10:32"], "comment_content": "傳"}, {"comment_author": "keepwild", "comment_date": ["04/17", "10:33"], "comment_content": "後面380萬應該是拿不到了"}, {"comment_author": "guolong", "comment_date": ["04/17", "10:33"], "comment_content": "呵，高院，難怪一堆叫法官跳一跳的"}, {"comment_author": "trillian", "comment_date": ["04/17", "10:34"], "comment_content": "說你個國民法官 就當你自己是法官了?"}, {"comment_author": "fallennrise", "comment_date": ["04/17", "10:34"], "comment_content": "是被法官改判，不是國民法官欸"}, {"comment_author": "yesonline", "comment_date": ["04/17", "10:35"], "comment_content": "審判前2天才允諾賠款、並給付第一期款"}, {"comment_author": "tzongyao", "comment_date": ["04/17", "10:36"], "comment_content": "出來之後也不會賠的啦...北七"}, {"comment_author": "kkkandy", "comment_date": ["04/17", "10:37"], "comment_content": "是國民法官判7年，被高等法院改判5年"}, {"comment_author": "kkkandy", "comment_date": ["04/17", "10:38"], "comment_content": "推文一堆罵國民法官是連內文都看不懂？"}, {"comment_author": "Jeff911", "comment_date": ["04/17", "10:38"], "comment_content": "這標寫的很像是國民法官改判的.有夠下流"}, {"comment_author": "DPP48", "comment_date": ["04/17", "10:39"], "comment_content": "國民法官就讓你們演演戲過過癮，最後一樣"}, {"comment_author": "borhom", "comment_date": ["04/17", "10:39"], "comment_content": "450萬賠得出來？一定賴帳的啦！"}, {"comment_author": "DPP48", "comment_date": ["04/17", "10:39"], "comment_content": "是靠職業法官"}, {"comment_author": "NinJa", "comment_date": ["04/17", "10:40"], "comment_content": "不管看不看的懂內文 這明顯是標題問題"}, {"comment_author": "NinJa", "comment_date": ["04/17", "10:41"], "comment_content": "也不可能國民法官改判吧 不就第一關"}, {"comment_author": "NinJa", "comment_date": ["04/17", "10:41"], "comment_content": "但是之後有和解...也要說被改判 無言"}, {"comment_author": "VVinSaber", "comment_date": ["04/17", "10:45"], "comment_content": "阿鄉民要罵國民法官恐龍了沒"}, {"comment_author": "jccy", "comment_date": ["04/17", "10:46"], "comment_content": "標題黨一定會中惡魔旅館的陷阱"}, {"comment_author": "believemysky", "comment_date": ["04/17", "10:48"], "comment_content": "有錢判生沒錢判死"}, {"comment_author": "mikiworldpea", "comment_date": ["04/17", "10:49"], "comment_content": "司法改革大笑話"}, {"comment_author": "oyaji5566", "comment_date": ["04/17", "10:56"], "comment_content": "法律人演演戲你就當真了，我們最尊貴"}, {"comment_author": "biostrike", "comment_date": ["04/17", "10:56"], "comment_content": "放心，這個肯定賴皮什麼也拿不到"}, {"comment_author": "oyaji5566", "comment_date": ["04/17", "10:56"], "comment_content": "的法律人怎麼可能接受國民法官這種法"}, {"comment_author": "oyaji5566", "comment_date": ["04/17", "10:56"], "comment_content": "盲判的刑期呢☺"}, {"comment_author": "Mesa5566", "comment_date": ["04/17", "11:01"], "comment_content": "事實證明國民法官比較貼近民意"}, {"comment_author": "sleepbear15", "comment_date": ["04/17", "11:05"], "comment_content": "後面不付錢能直接轉刑期就好了"}, {"comment_author": "piyobearman", "comment_date": ["04/17", "11:06"], "comment_content": "有無和解差很多"}, {"comment_author": "bhis", "comment_date": ["04/17", "11:08"], "comment_content": "還覺得法官無辜呵呵"}, {"comment_author": "kotorichan", "comment_date": ["04/17", "11:08"], "comment_content": "450萬？ 有錢？ 把命還來吧"}, {"comment_author": "kotorichan", "comment_date": ["04/17", "11:10"], "comment_content": "用車殺人, 根本不用賠錢 不要喝酒就好"}, {"comment_author": "kotorichan", "comment_date": ["04/17", "11:11"], "comment_content": " 不喝酒 傻逼法律人只會用過失判"}, {"comment_author": "xhl12000", "comment_date": ["04/17", "11:11"], "comment_content": "國民法官根本不能判，只能出意見=="}, {"comment_author": "xhl12000", "comment_date": ["04/17", "11:11"], "comment_content": "噁心民進党靠標題騙撒逼"}, {"comment_author": "xhl12000", "comment_date": ["04/17", "11:11"], "comment_content": "實際上司法還是爛到不行"}, {"comment_author": "cc02040326", "comment_date": ["04/17", "11:13"], "comment_content": "這種垃圾會有450萬？"}, {"comment_author": "smallopen", "comment_date": ["04/17", "11:18"], "comment_content": "扯，國民法官都判七年，結果恐龍法官一"}, {"comment_author": "smallopen", "comment_date": ["04/17", "11:18"], "comment_content": "樣覺得太高改判低"}, {"comment_author": "koyo017", "comment_date": ["04/17", "11:23"], "comment_content": "台灣就越上訴刑期越短"}, {"comment_author": "AUwalker", "comment_date": ["04/17", "11:31"], "comment_content": "國民法官終究只是黨的司改遮羞布"}, {"comment_author": "z635066", "comment_date": ["04/17", "11:33"], "comment_content": "講了好幾次國民法官制度，內容完全沒國民"}, {"comment_author": "z635066", "comment_date": ["04/17", "11:33"], "comment_content": "法官職務的事，到底在報什麼"}, {"comment_author": "wiork", "comment_date": ["04/17", "11:46"], "comment_content": "國民擺一審就是看國民沒有"}, {"comment_author": "vicdecx", "comment_date": ["04/17", "11:49"], "comment_content": "標題........."}, {"comment_author": "HsuKathy", "comment_date": ["04/17", "11:51"], "comment_content": "好奇當法官是不是會下地獄？"}, {"comment_author": "ym60606", "comment_date": ["04/17", "11:51"], "comment_content": "不是我想嘴 我稍微會看面相 這人..呵"}, {"comment_author": "aer7526", "comment_date": ["04/17", "11:52"], "comment_content": "台灣就是被這些垃圾司法人員害死的"}, {"comment_author": "drusilla", "comment_date": ["04/17", "11:53"], "comment_content": "法官真的會下地獄"}, {"comment_author": "nrxadsl", "comment_date": ["04/17", "11:59"], "comment_content": "笑死，五年啦，國民法官"}, {"comment_author": "tumv", "comment_date": ["04/17", "12:03"], "comment_content": "法官下地獄去吧"}, {"comment_author": "lp2650056", "comment_date": ["04/17", "12:09"], "comment_content": "你就等著只拿到七十萬吧，和解？呵呵"}, {"comment_author": "baan", "comment_date": ["04/17", "12:11"], "comment_content": "噁心"}, {"comment_author": "qaz12453", "comment_date": ["04/17", "12:26"], "comment_content": "一審重判 二審一半 三審豬腳麵線"}, {"comment_author": "lisanna20", "comment_date": ["04/17", "12:36"], "comment_content": "酒駕撞死人直接死刑啦"}, {"comment_author": "skyprayer", "comment_date": ["04/17", "12:36"], "comment_content": "高等法院才不鳥國民法庭"}, {"comment_author": "arm370x", "comment_date": ["04/17", "12:42"], "comment_content": "無照酒駕這麼多的地方整天喊行人地獄是不"}, {"comment_author": "arm370x", "comment_date": ["04/17", "12:42"], "comment_content": "是下賤阿"}, {"comment_author": "EricTao", "comment_date": ["04/17", "12:53"], "comment_content": "認真的法官壓力大跳樓了 垃圾倒是一直在"}, {"comment_author": "return517", "comment_date": ["04/17", "12:54"], "comment_content": "遲中慧，遲早報應在親人上。"}, {"comment_author": "chobo318", "comment_date": ["04/17", "12:54"], "comment_content": "假和解真減刑 賺爛"}, {"comment_author": "cindycincia", "comment_date": ["04/17", "12:57"], "comment_content": "人家就後來有和解了 減刑有什麼問題"}, {"comment_author": "cindycincia", "comment_date": ["04/17", "12:57"], "comment_content": "不減刑誰要和解啊"}, {"comment_author": "karta2359950", "comment_date": ["04/17", "13:07"], "comment_content": "犯罪天堂"}, {"comment_author": "asidy", "comment_date": ["04/17", "13:36"], "comment_content": "一群垃圾"}, {"comment_author": "asidy", "comment_date": ["04/17", "13:36"], "comment_content": "和解給第一期後面不付就好"}, {"comment_author": "asidy", "comment_date": ["04/17", "13:37"], "comment_content": "和解就基本的賠償啊，為啥可以當減刑要素"}, {"comment_author": "peter0603", "comment_date": ["04/17", "13:39"], "comment_content": "三審豬腳麵線@v@b"}, {"comment_author": "jasonpop", "comment_date": ["04/17", "14:07"], "comment_content": "和解金給不夠還可以減少刑責，法官邏輯"}, {"comment_author": "luludream", "comment_date": ["04/17", "14:21"], "comment_content": "無照還酒駕 應該死刑吧"}, {"comment_author": "l1234568790", "comment_date": ["04/17", "14:22"], "comment_content": "國民法官應該取代所有司法官"}, {"comment_author": "nicayoung", "comment_date": ["04/17", "15:19"], "comment_content": "垃圾台灣司法"}, {"comment_author": "premh104", "comment_date": ["04/17", "15:21"], "comment_content": "如果撞死的是權貴或是法棍，會這麼輕縱"}, {"comment_author": "premh104", "comment_date": ["04/17", "15:21"], "comment_content": "嗎？"}, {"comment_author": "polypress", "comment_date": ["04/17", "15:42"], "comment_content": "一年半450萬，這樣划算嗎@@"}, {"comment_author": "shawncarter", "comment_date": ["04/17", "16:15"], "comment_content": "一看就知道人渣"}, {"comment_author": "xxx5566xxx", "comment_date": ["04/17", "16:26"], "comment_content": "幹你娘我就說國民法官是遮羞布吧"}, {"comment_author": "kukuyo", "comment_date": ["04/17", "17:22"], "comment_content": "和解沒一次性付清都當作會收不到"}, {"comment_author": "shi21", "comment_date": ["04/17", "22:10"], "comment_content": "這個加害者實在看不出來悔意在哪裡"}, {"comment_author": "shi21", "comment_date": ["04/17", "22:10"], "comment_content": "剩下賠不出來的錢  拿到債權憑證又有什麼用"}, {"comment_author": "Mensholaten", "comment_date": ["04/17", "22:17"], "comment_content": "和解根本沒屁用 會付清的根本少"}, {"comment_author": "q1q1w1w1q", "comment_date": ["04/18", "07:04"], "comment_content": "乾那要國民法官幹嘛"}]}
