{"author": "palajuice (芭樂好好吃)", "category": "Gossiping", "title": "[新聞] 12點獻白花齊追悼 法官協會理事長：過勞", "date": "Fri Apr 19 13:26:29 2024", "content": ["聯合新聞網12點獻白花齊追悼 法官協會理事長：過勞司法無法提供良善服務2024-04-19 12:46 聯合報／ 記者王宏舜／台北即時報導中華民國法官協會在今天中午發起「白花運動」，追悼死亡的士林地院法官李昭然，12點一到，各級法院許多法官都到門口獻上一束白花表達追思。協會理事長沈方維表示，過勞的司法，無法提供良善司法服務，這與過勞的醫護，無法提供良善醫療服務的情形是一樣的。沈方維表示，這次的活動主要是要對一位認真負責、優秀敬業的法官同仁的不幸離世，表達不捨及追思之意，希望李法官一路好走。同時也希望他的家人至親能夠節哀順變，早日撫平傷痛，回歸日常。沈說，法官群體及其他司法人員，因為李昭然事件或多或少也受到衝擊而產生集體創傷，法官協會建議各地法官及同仁，藉由在不同地點，但在相同時間一起共同追思，除了可以有機會表達致哀之意以外，也或許可以因此獲得部分的心靈撫慰。至於法官群體的過勞訴求，沈表示協會將廣泛蒐集各方意見，充分討論後，適時向司法院提出。今天中午12點一到，各級法院也都有獻花活動，許多法官神色哀戚，佇足在現場良久。★珍惜生命，若您或身邊的人有心理困擾，可撥打安心專線：1925｜生命線協談專線：1995｜張老師專線：1980", "為追念離世的士林地院法官李昭然，法官協會在今天中午發起「白花運動」，中午12點一到，多法官都到所屬法院門口獻上白花致意。圖為台灣高等法院現場。圖／讀者提供", "中華民國法官協會理事長沈方維表示，過勞的司法，無法提供良善司法服務，這與過勞的醫護，無法提供良善醫療服務的情形是一樣的。記者王宏舜／攝影", "為追念離世的士林地院法官李昭然，法官協會在今天中午發起「白花運動」，中午12點一到，多法官都到所屬法院門口獻上白花致意。圖為最高法院現場。記者王宏舜／攝影完整新聞連結 (或短網址)不可用YAHOO、LINE、MSN等轉載媒體:", "備註:聽說今天中午全國各法院門口都有這活動~然後上面的就會想去解決問題嗎?還是一樣把重心放在死刑辯論硬是要作出死刑違憲的結果??五樓魯肥宅身為資深專業被告，院檢對他來說好像是自家廚房~哩來貢跨麥咧真正能提案修正總員額法的禁錮的人，反而到現在都不說一句話~是不是因為要畢業了~想能不沾就不沾呢?--", "第一張嗎?"], "post_comment": [{"comment_author": "snow3804", "comment_date": ["04/19", "13:27"], "comment_content": "有悔意可教化"}, {"comment_author": "vancepeng", "comment_date": ["04/19", "13:27"], "comment_content": "超級白癡"}, {"comment_author": "vowpool", "comment_date": ["04/19", "13:28"], "comment_content": "法律人才有過勞的概念"}, {"comment_author": "luche", "comment_date": ["04/19", "13:28"], "comment_content": "誰定調過勞？"}, {"comment_author": "vowpool", "comment_date": ["04/19", "13:28"], "comment_content": "其他勞工是自己本來就有病"}, {"comment_author": "winglight", "comment_date": ["04/19", "13:30"], "comment_content": "判重刑嚇阻犯罪的話會過勞嗎？"}, {"comment_author": "damm", "comment_date": ["04/19", "13:31"], "comment_content": "樓上的你們不要搞錯對象了，在勞資糾紛中，"}, {"comment_author": "damm", "comment_date": ["04/19", "13:31"], "comment_content": "法官們大部分都已經是對勞方很友善的一群"}, {"comment_author": "ikariamman", "comment_date": ["04/19", "13:32"], "comment_content": "看到認識的人了"}, {"comment_author": "webster1112", "comment_date": ["04/19", "13:32"], "comment_content": "詐騙案獎勵犯罪的判決 死有餘辜!!!"}, {"comment_author": "damm", "comment_date": ["04/19", "13:33"], "comment_content": "以過勞的議題中，法官完完全全不是你們要打"}, {"comment_author": "damm", "comment_date": ["04/19", "13:33"], "comment_content": "擊的對象，而是友軍。但是你鬼島王八蛋不敢"}, {"comment_author": "damm", "comment_date": ["04/19", "13:34"], "comment_content": "自己站起來六點走人下班，不敢罷工抗爭。在"}, {"comment_author": "damm", "comment_date": ["04/19", "13:34"], "comment_content": "這邊講法官，那就是低能。"}, {"comment_author": "kasim15", "comment_date": ["04/19", "13:34"], "comment_content": "不爽不要做 一堆人搶著做"}, {"comment_author": "winglight", "comment_date": ["04/19", "13:35"], "comment_content": "是啦，站在勞方，重罰老闆3萬"}, {"comment_author": "amphiprion", "comment_date": ["04/19", "13:36"], "comment_content": "說個笑話：可教化"}, {"comment_author": "gay7788", "comment_date": ["04/19", "13:38"], "comment_content": "草莓自殺就要搞這種運動哦，啊幼兒被虐"}, {"comment_author": "gay7788", "comment_date": ["04/19", "13:38"], "comment_content": "死你妹這些低能法師做了什麼？"}, {"comment_author": "gopath", "comment_date": ["04/19", "13:42"], "comment_content": "花好少...."}, {"comment_author": "odaaaaa", "comment_date": ["04/19", "13:54"], "comment_content": "放綠恐龍比較剛好"}, {"comment_author": "good90150", "comment_date": ["04/19", "14:13"], "comment_content": "良善服務？服務那些罪犯讓他們關沒幾"}, {"comment_author": "good90150", "comment_date": ["04/19", "14:13"], "comment_content": "天放出來繼續害人嗎？判那鳥刑關了又"}, {"comment_author": "good90150", "comment_date": ["04/19", "14:13"], "comment_content": "放，放了又犯，過勞剛好，你們法官根"}, {"comment_author": "good90150", "comment_date": ["04/19", "14:13"], "comment_content": "本共犯，沒把你們一起抓去關就不錯了"}, {"comment_author": "good90150", "comment_date": ["04/19", "14:13"], "comment_content": "是在哭膩？哭給誰看？哭爸阿"}, {"comment_author": "xhl12000", "comment_date": ["04/19", "14:30"], "comment_content": "少牽拖啦，自己輕判造成案件多"}, {"comment_author": "xhl12000", "comment_date": ["04/19", "14:31"], "comment_content": "良善服務？整個社會那麼亂就輕判害的"}, {"comment_author": "Dirgo", "comment_date": ["04/19", "15:04"], "comment_content": "還有時間追悼,看來沒很忙嘛."}]}
