{"author": "Angels5566 (迷糊小書僮)", "category": "Gossiping", "title": "[新聞] 93歲老翁網戀暈船！匯款遭警攔阻　「妻子", "date": "Sun Apr 14 12:41:41 2024", "content": ["壹蘋新聞網 / 凃建豐 2024/04/14 12:1693歲老翁網戀暈船！匯款遭警攔阻　「妻子」一查竟是這身分【記者凃建豐／高雄報導】高雄93歲的韋姓老翁要匯款給妻子，所幸行員察覺有異報警，員警一聽就知道是「假交友真詐財」的詐騙手法，進一步詢問發現，老翁根本沒結婚，員警不斷跟老翁說明，老翁恍然大悟，順利保住老本。楠梓警分局4月11日上午9時許，接獲轄區某銀行通報需要協助，警方到場是一名93歲的韋姓老翁要匯款新臺幣12萬7千4百元給妻子，因老翁鄉音很重，幸過程中員警耐心聽解後發現，老翁根本沒有結婚，口中的「妻子」是網友彭姓女子，稱是要幫他投資，警方發現老翁遭遇愛情詐騙，苦口婆心勸阻他不要匯款後終於打消念頭，成功攔阻網路詐騙案。楠梓分局呼籲，使用交友軟體或各大社交平台時，應警惕以「結婚為前提交往」的對象，尤其在聯繫過程中拒絕見面或視訊的，事後卻利用投資、親人生病等理由借錢時，別被愛情沖昏頭。", "-----Sent from JPTT on my Asus ASUS_I002D.--", "--"], "post_comment": [{"comment_author": "iovoecu", "comment_date": ["03/14", "11:11"], "comment_content": "不准說謊"}, {"comment_author": "Angels5566", "comment_date": ["03/14", "11:11"], "comment_content": "樓下484有愛滋"}, {"comment_author": "wet00428", "comment_date": ["03/14", "11:11"], "comment_content": "4"}, {"comment_author": "wet00428", "comment_date": ["03/14", "11:11"], "comment_content": "幹你娘的"}, {"comment_author": "whitefox", "comment_date": ["04/14", "12:42"], "comment_content": "界曲"}, {"comment_author": "bill403777", "comment_date": ["04/14", "12:42"], "comment_content": "不要妨礙男孩子追夢好嗎"}, {"comment_author": "derrick1220", "comment_date": ["04/14", "12:42"], "comment_content": "醒醒"}, {"comment_author": "tmgl", "comment_date": ["04/14", "12:42"], "comment_content": "高雄 40%正常發揮"}, {"comment_author": "railman", "comment_date": ["04/14", "12:42"], "comment_content": "93歲男孩兒也會暈船？"}, {"comment_author": "calvin00300", "comment_date": ["04/14", "12:43"], "comment_content": "93歲還能搞這些說真的也是猛的"}, {"comment_author": "jma306", "comment_date": ["04/14", "12:43"], "comment_content": "  高雄93歲單身男子"}, {"comment_author": "apolloapollo", "comment_date": ["04/14", "12:43"], "comment_content": "不要阻止經濟發展好嗎"}, {"comment_author": "porkonrice", "comment_date": ["04/14", "12:44"], "comment_content": "這次阻止 下次換個方法匯"}, {"comment_author": "TZUYIC", "comment_date": ["04/14", "12:44"], "comment_content": "93歲還在找真愛"}, {"comment_author": "hkcdc", "comment_date": ["04/14", "12:44"], "comment_content": "還好 至少是個女子"}, {"comment_author": "diefishfish", "comment_date": ["04/14", "12:45"], "comment_content": "93歲還暈船? 我到底看了什麼?"}, {"comment_author": "skullno2", "comment_date": ["04/14", "12:45"], "comment_content": "93歲的初戀"}, {"comment_author": "Chia2323", "comment_date": ["04/14", "12:46"], "comment_content": "失智老人吧 自己有沒有結婚不知道"}, {"comment_author": "agong", "comment_date": ["04/14", "12:46"], "comment_content": "還會網戀 這..."}, {"comment_author": "Oxhorn", "comment_date": ["04/14", "12:46"], "comment_content": "這個年紀還能網戀"}, {"comment_author": "kamelol", "comment_date": ["04/14", "12:46"], "comment_content": "純愛"}, {"comment_author": "dick929", "comment_date": ["04/14", "12:47"], "comment_content": "93歲了還要毀了老人的美夢，太殘忍吧"}, {"comment_author": "dick929", "comment_date": ["04/14", "12:48"], "comment_content": "老人："}, {"comment_author": "dick929", "comment_date": ["04/14", "12:48"], "comment_content": ""}, {"comment_author": "ryrp", "comment_date": ["04/14", "12:49"], "comment_content": "搞不好是人生最後開心的事了 不要叫醒他吧"}, {"comment_author": "funster", "comment_date": ["04/14", "12:50"], "comment_content": "93會用網路還滿厲害的…"}, {"comment_author": "gm79227922", "comment_date": ["04/14", "12:50"], "comment_content": "93歲就失智了沒判斷能力沒辦法"}, {"comment_author": "love462077", "comment_date": ["04/14", "12:50"], "comment_content": "93歲會用交友軟體"}, {"comment_author": "xaxa0101", "comment_date": ["04/14", "12:51"], "comment_content": "蛤"}, {"comment_author": "james80351", "comment_date": ["04/14", "12:52"], "comment_content": "93會用網路真的蠻厲害的"}, {"comment_author": "YLTYY", "comment_date": ["04/14", "12:52"], "comment_content": "93歲還蠻屌的，身體健康 大小頭"}, {"comment_author": "u9596g12", "comment_date": ["04/14", "12:53"], "comment_content": "93歲爛叫還可以硬要頒發獎狀了吧"}, {"comment_author": "long0416", "comment_date": ["04/14", "12:53"], "comment_content": "【妻子】花小錢是活下去的動能及樂趣"}, {"comment_author": "hkcdc", "comment_date": ["04/14", "12:54"], "comment_content": "會不會榜一乾爹也有93"}, {"comment_author": "max52001", "comment_date": ["04/14", "12:55"], "comment_content": "93歲還會玩網路 厲害"}, {"comment_author": "vera0204", "comment_date": ["04/14", "12:55"], "comment_content": "鉀烙溝A秋喔"}, {"comment_author": "SunRoy", "comment_date": ["04/14", "12:57"], "comment_content": "93這樣子 身體不錯欸"}, {"comment_author": "wjonz0102", "comment_date": ["04/14", "12:57"], "comment_content": "93歲還會操作交友軟體"}, {"comment_author": "giunrz", "comment_date": ["04/14", "12:58"], "comment_content": "沒吃金蘋果 還敢信這類啊"}, {"comment_author": "bigpan", "comment_date": ["04/14", "12:59"], "comment_content": "93歲結婚 真的太浪漫"}, {"comment_author": "verydolungbe", "comment_date": ["04/14", "13:02"], "comment_content": "八卦版悲歌，93歲還沒結婚，都台女"}, {"comment_author": "verydolungbe", "comment_date": ["04/14", "13:03"], "comment_content": "害的"}, {"comment_author": "bleach00", "comment_date": ["04/14", "13:05"], "comment_content": "本來想說些什麼 想想還是算了"}, {"comment_author": "salesperson", "comment_date": ["04/14", "13:12"], "comment_content": "粉紅收屍隊"}, {"comment_author": "livewater", "comment_date": ["04/14", "13:18"], "comment_content": "93歲男孩兒"}, {"comment_author": "perlone", "comment_date": ["04/14", "13:18"], "comment_content": "腦公 我下禮拜要去當兵了"}, {"comment_author": "bada", "comment_date": ["04/14", "13:20"], "comment_content": "握草 93還在玩交友軟體?"}, {"comment_author": "troubledanny", "comment_date": ["04/14", "13:34"], "comment_content": "八卦肥宅未來即視感"}, {"comment_author": "wagayidnf", "comment_date": ["04/14", "13:35"], "comment_content": "一定有在上八卦板"}, {"comment_author": "andy6805", "comment_date": ["04/14", "13:37"], "comment_content": "好可憐 弄個AI陪他吧"}, {"comment_author": "kissung", "comment_date": ["04/14", "13:38"], "comment_content": "人生70才開始～～93-70=23歲男孩兒"}, {"comment_author": "QQ101", "comment_date": ["04/14", "13:40"], "comment_content": "93網戀 =.="}, {"comment_author": "stlinman", "comment_date": ["04/14", "13:41"], "comment_content": "93歲用社交軟體認識網婆"}, {"comment_author": "sansiaman", "comment_date": ["04/14", "13:42"], "comment_content": "阿北也沒幾年了，做做夢不好嗎"}, {"comment_author": "Azabulu", "comment_date": ["04/14", "13:44"], "comment_content": "93歲男孩兒"}, {"comment_author": "emissary", "comment_date": ["04/14", "13:54"], "comment_content": "台男都到了93歲還滿腦子想著娶老婆"}, {"comment_author": "t4lin", "comment_date": ["04/14", "13:57"], "comment_content": "93如果曾是醫生可以找80路奶奶啊"}, {"comment_author": "ASEVE", "comment_date": ["04/14", "14:12"], "comment_content": "93歲還會用交友軟體也滿厲害"}, {"comment_author": "rq654", "comment_date": ["04/14", "14:22"], "comment_content": "93歲.."}, {"comment_author": "ziso", "comment_date": ["04/14", "14:23"], "comment_content": "93歲還能玩交友軟體  不錯了"}, {"comment_author": "qwas0413", "comment_date": ["04/14", "14:30"], "comment_content": "這些人都知道自己被騙啦 只是可憐到身"}, {"comment_author": "qwas0413", "comment_date": ["04/14", "14:30"], "comment_content": "邊只剩詐騙集團會噓寒問暖而已"}, {"comment_author": "deanisme", "comment_date": ["04/14", "14:32"], "comment_content": "我要跪了 93歲居然會用交友軟體 這個學"}, {"comment_author": "deanisme", "comment_date": ["04/14", "14:32"], "comment_content": "習力比我70歲老母還強"}, {"comment_author": "Plato12", "comment_date": ["04/14", "14:33"], "comment_content": "93歲 網戀見面"}, {"comment_author": "shala", "comment_date": ["04/14", "14:36"], "comment_content": "93歲還能勃起嗎？"}, {"comment_author": "villagemen", "comment_date": ["04/14", "14:43"], "comment_content": "暖"}, {"comment_author": "KZsmith", "comment_date": ["04/14", "15:49"], "comment_content": "八卦悲歌"}, {"comment_author": "iceman198410", "comment_date": ["04/14", "16:21"], "comment_content": "93歲也太猛"}, {"comment_author": "josLynYa", "comment_date": ["04/14", "17:03"], "comment_content": "93歲還可以網戀哦..."}, {"comment_author": "cc001225", "comment_date": ["04/15", "15:57"], "comment_content": "這智商跟代仔差不多欸wwww"}]}
