{"author": "lycppt ()", "category": "Gossiping", "title": "[新聞] 峮峮穿空姐服應援竟變「孕婦裝」！挨批", "date": "Wed Apr 17 12:43:28 2024", "content": ["壹蘋新聞峮峮穿空姐服應援竟變「孕婦裝」！挨批不尊重專業　她淚回13字", "2024/04/17 08:42壹蘋新聞網 / 史波滋【體育中心／綜合報導】中信兄弟本周日和星宇航空合作舉行主題日，啦啦隊PS女孩全都換上空服員制服開場表演，但女神峮峮被批像「孕婦裝」，還有空服員發文表示不尊重專業，還釣出峮峮留言回應。", "PS女孩穿空服員制服挨轟。 翻攝PS女孩臉書當天PS女孩的空服員服裝並不合身，讓峮峮明顯腫了一穿，就有網友發文，「總感覺衣服版型怪怪的」、「怎麼穿起來像孕婦裝啊？」、「這套真的顯胖」。對此，PS女孩經紀人回應，空服員服裝不是針對她們量身訂製，設計也不是針對跳舞，所以女孩們穿著空服員制服會因為部分舞蹈動作造成服裝卡在腰部。但有一名空服員在網路發文，直指這波操作「令人匪夷所思」，她表示制服是空服員專業的象徵，如今卻成為啦啦隊員表演服裝，痛批「這個聯名完全沒在尊重努力上班的空服員們，看了真的好生氣好難過」。而對於這名空服員的質疑，峮峮以3個哭泣的表情符號回應：「抱歉，但我們不能決定要穿什麼。」", "PS女孩穿空服員制服跳開場舞。 翻攝PS女孩臉書", "--"], "post_comment": [{"comment_author": "tmgl", "comment_date": ["04/17", "12:43"], "comment_content": "尊重小眾市場"}, {"comment_author": "derrick1220", "comment_date": ["04/17", "12:44"], "comment_content": "Who cares"}, {"comment_author": "scott0104", "comment_date": ["04/17", "12:44"], "comment_content": "空姐、孕婦，我好像可以"}, {"comment_author": "s820912gmail", "comment_date": ["04/17", "12:44"], "comment_content": "短今好辣"}, {"comment_author": "headcase", "comment_date": ["04/17", "12:44"], "comment_content": "空服員專業什麼 端盤子嗎 引導逃生？"}, {"comment_author": "hmt17", "comment_date": ["04/17", "12:45"], "comment_content": "曹氏宗親會大喜"}, {"comment_author": "headcase", "comment_date": ["04/17", "12:45"], "comment_content": "啦啦隊穿空服員制服怎麼？是侮辱到妳嗎"}, {"comment_author": "alwang", "comment_date": ["04/17", "12:45"], "comment_content": "空服員真的是78的一群  到處74開戰"}, {"comment_author": "night820", "comment_date": ["04/17", "12:45"], "comment_content": "下次穿其他服務業制服是不是也會被嘴不"}, {"comment_author": "night820", "comment_date": ["04/17", "12:45"], "comment_content": "尊重專業"}, {"comment_author": "shy2260", "comment_date": ["04/17", "12:47"], "comment_content": "柯黑表示物化女性"}, {"comment_author": "Mradult", "comment_date": ["04/17", "12:47"], "comment_content": "跟政治無關根本沒人在意"}, {"comment_author": "kyowinner", "comment_date": ["04/17", "12:47"], "comment_content": "空服員真的機八毛  穿他們制服跳舞"}, {"comment_author": "kyowinner", "comment_date": ["04/17", "12:47"], "comment_content": "也不行"}, {"comment_author": "johnson2726", "comment_date": ["04/17", "12:47"], "comment_content": "空服員很多自以為高人一等"}, {"comment_author": "qwerapple", "comment_date": ["04/17", "12:47"], "comment_content": "在飛機上倒飲料不會灑 我認真覺得專業"}, {"comment_author": "deangod99", "comment_date": ["04/17", "12:47"], "comment_content": "穿肥宅荷葉邊會有人出來喊不尊重肥宅嗎"}, {"comment_author": "kyowinner", "comment_date": ["04/17", "12:47"], "comment_content": "是不是自以為高貴"}, {"comment_author": "hippo998", "comment_date": ["04/17", "12:47"], "comment_content": "摳省到連量身訂做都是作夢的啦啦隊"}, {"comment_author": "wwl0909", "comment_date": ["04/17", "12:47"], "comment_content": "空姐感覺就跟啦啦隊不合XD"}, {"comment_author": "s01714", "comment_date": ["04/17", "12:48"], "comment_content": "端盤子的靠北三小"}, {"comment_author": "lance810422", "comment_date": ["04/17", "12:48"], "comment_content": "飛機上的服務生跩什麼跩"}, {"comment_author": "roger0524", "comment_date": ["04/17", "12:48"], "comment_content": "看起來是啦啦隊都太矮才看起來怪  短"}, {"comment_author": "forv", "comment_date": ["04/17", "12:48"], "comment_content": "下次不要穿啦！直接跳，"}, {"comment_author": "roger0524", "comment_date": ["04/17", "12:48"], "comment_content": "今就還好"}, {"comment_author": "physicsdk", "comment_date": ["04/17", "12:49"], "comment_content": "用不尊重專業來暗指她很胖 很聰明"}, {"comment_author": "sushi11", "comment_date": ["04/17", "12:49"], "comment_content": "沒人材"}, {"comment_author": "gn02218236", "comment_date": ["04/17", "12:50"], "comment_content": "女人為難女人最會"}, {"comment_author": "gawoolala", "comment_date": ["04/17", "12:50"], "comment_content": "端盤子的是在叫什麼"}, {"comment_author": "Fezico", "comment_date": ["04/17", "12:50"], "comment_content": "空服員有什麼專業？"}, {"comment_author": "gene51604", "comment_date": ["04/17", "12:51"], "comment_content": "要罵應該是要罵航空公司老闆吧"}, {"comment_author": "abcde79961a", "comment_date": ["04/17", "12:51"], "comment_content": "試問這兩群體間有多少個小圈圈"}, {"comment_author": "all035", "comment_date": ["04/17", "12:51"], "comment_content": "空姐以前有身高限制"}, {"comment_author": "all035", "comment_date": ["04/17", "12:51"], "comment_content": "現在幾乎只有摸高208要求"}, {"comment_author": "andy199113", "comment_date": ["04/17", "12:53"], "comment_content": "峮峮好婆喔 可愛又色 肉肉最讚"}, {"comment_author": "spzper", "comment_date": ["04/17", "12:53"], "comment_content": "針對性真的滿噁心"}, {"comment_author": "Doub1eK", "comment_date": ["04/17", "12:53"], "comment_content": "空姐專業是到處哭腰吧"}, {"comment_author": "spzper", "comment_date": ["04/17", "12:53"], "comment_content": "這種風氣誰帶起來~笑死"}, {"comment_author": "mijh", "comment_date": ["04/17", "12:53"], "comment_content": "工作高度確實高人好幾等 釣到有錢人機會也是"}, {"comment_author": "a129517496", "comment_date": ["04/17", "12:53"], "comment_content": "空服員到底專業在哪 就飛機上送餐的"}, {"comment_author": "mijh", "comment_date": ["04/17", "12:53"], "comment_content": " 不過薪資是否高人一等 就不確定了"}, {"comment_author": "t19960804", "comment_date": ["04/17", "12:53"], "comment_content": "空姐就是機師的肉便器 自己都不尊重自"}, {"comment_author": "t19960804", "comment_date": ["04/17", "12:53"], "comment_content": "己還要別人尊重你啊"}, {"comment_author": "lulocke", "comment_date": ["04/17", "12:55"], "comment_content": "同等級的菜雞在那互啄幹嘛"}, {"comment_author": "flyingfish71", "comment_date": ["04/17", "12:55"], "comment_content": "會講這種話不就是認為自己行業比啦"}, {"comment_author": "dos32408", "comment_date": ["04/17", "12:55"], "comment_content": "姐好帥"}, {"comment_author": "dias7812", "comment_date": ["04/17", "12:55"], "comment_content": "尊重專業請正名空服師"}, {"comment_author": "flyingfish71", "comment_date": ["04/17", "12:55"], "comment_content": "啦隊還要高貴,根本就是鄙視感滿滿"}, {"comment_author": "daye2012", "comment_date": ["04/17", "12:55"], "comment_content": "去掉絲襪，裙子改到膝上，就OK"}, {"comment_author": "wilson3435", "comment_date": ["04/17", "12:55"], "comment_content": "物化女性？？"}, {"comment_author": "EFERO", "comment_date": ["04/17", "12:56"], "comment_content": "欸 這不算物化嗎 協尋范雲"}, {"comment_author": "flyingfish71", "comment_date": ["04/17", "12:56"], "comment_content": "不然今天如果知名演員穿空服制服跳"}, {"comment_author": "sunskist0831", "comment_date": ["04/17", "12:56"], "comment_content": "空服員專業樓下補充一下"}, {"comment_author": "Gundam77", "comment_date": ["04/17", "12:56"], "comment_content": "大家都是高級....，不要吵架。"}, {"comment_author": "flyingfish71", "comment_date": ["04/17", "12:56"], "comment_content": "舞台劇,妳會出來哀嗎?"}, {"comment_author": "DeRozan5341", "comment_date": ["04/17", "12:56"], "comment_content": "空姐有專業？"}, {"comment_author": "cool10528", "comment_date": ["04/17", "12:57"], "comment_content": "我是沒看過哪個餐廳服務生會出來靠北感"}, {"comment_author": "cool10528", "comment_date": ["04/17", "12:57"], "comment_content": "覺自己專業被污辱的"}, {"comment_author": "aqsss", "comment_date": ["04/17", "12:57"], "comment_content": "范老師呢?"}, {"comment_author": "tommy123310", "comment_date": ["04/17", "12:57"], "comment_content": "就是個端盤子收垃圾的服務生 專業只"}, {"comment_author": "tommy123310", "comment_date": ["04/17", "12:57"], "comment_content": "剩穿制服"}, {"comment_author": "Thorvs", "comment_date": ["04/17", "12:58"], "comment_content": "這算物化了吧，嚴厲斥責"}, {"comment_author": "cymtrex", "comment_date": ["04/17", "12:58"], "comment_content": "制服就代表公司的門面榮耀，那主題日為什"}, {"comment_author": "cymtrex", "comment_date": ["04/17", "12:58"], "comment_content": "麼不能穿制服跳舞阿？"}, {"comment_author": "krista520", "comment_date": ["04/17", "12:59"], "comment_content": "因為空服員看不起拉拉隊"}, {"comment_author": "coffee112", "comment_date": ["04/17", "12:59"], "comment_content": "QQ"}, {"comment_author": "leolo110487", "comment_date": ["04/17", "12:59"], "comment_content": "語言能力專業夠強了吧 像我只會讀不"}, {"comment_author": "leolo110487", "comment_date": ["04/17", "12:59"], "comment_content": "敢講"}, {"comment_author": "roea68roea68", "comment_date": ["04/17", "13:00"], "comment_content": "專你媽業"}, {"comment_author": "qwaqwa2007", "comment_date": ["04/17", "13:01"], "comment_content": "阿姨們"}, {"comment_author": "kukulee", "comment_date": ["04/17", "13:01"], "comment_content": "真的不好看 跳舞裙子至少短一點吧"}, {"comment_author": "Dinenger", "comment_date": ["04/17", "13:02"], "comment_content": "減肥好嗎"}, {"comment_author": "nptrj", "comment_date": ["04/17", "13:02"], "comment_content": "酒店裡面都穿幾百次了"}, {"comment_author": "bigpan", "comment_date": ["04/17", "13:02"], "comment_content": "假奶太大腿太蘿蔔 沒有空姐的纖細優雅感"}, {"comment_author": "Dinenger", "comment_date": ["04/17", "13:02"], "comment_content": "媽的這麼胖還敢站C位 還不是因為你有名"}, {"comment_author": "SnakeO", "comment_date": ["04/17", "13:03"], "comment_content": "看它們穿才知道空姐的身材有多好.啦啦隊的"}, {"comment_author": "SnakeO", "comment_date": ["04/17", "13:03"], "comment_content": "身材根本沒辦法駕馭空姐制服"}, {"comment_author": "bigpan", "comment_date": ["04/17", "13:03"], "comment_content": "穿高跟鞋才能修飾"}, {"comment_author": "rsdy", "comment_date": ["04/17", "13:05"], "comment_content": ""}, {"comment_author": "rsdy", "comment_date": ["04/17", "13:05"], "comment_content": ""}, {"comment_author": "ice08225566", "comment_date": ["04/17", "13:05"], "comment_content": "笑死這麼多制服只有空姐講專業?"}, {"comment_author": "Arens5566", "comment_date": ["04/17", "13:06"], "comment_content": "端盤子的在那邊專業什麼 笑死"}, {"comment_author": "hdw", "comment_date": ["04/17", "13:06"], "comment_content": "空姐好意思說啥專業啦~~~!!就算專業好了"}, {"comment_author": "jevin", "comment_date": ["04/17", "13:07"], "comment_content": "空服也不尊重啦啦隊的專業啊"}, {"comment_author": "hdw", "comment_date": ["04/17", "13:07"], "comment_content": "穿個衣服跳舞就是不尊重喔??"}, {"comment_author": "sunnyyoung", "comment_date": ["04/17", "13:07"], "comment_content": "連身裙很棒 往上一拉就可以開始"}, {"comment_author": "hdw", "comment_date": ["04/17", "13:08"], "comment_content": "但說很醜倒是不反對啦"}, {"comment_author": "cms6384", "comment_date": ["04/17", "13:08"], "comment_content": "空服員又再吵專業了 就工作而已要講幾次"}, {"comment_author": "WestRiver0tp", "comment_date": ["04/17", "13:08"], "comment_content": "空姐有什麼專業，笑死人，就高級服"}, {"comment_author": "WestRiver0tp", "comment_date": ["04/17", "13:08"], "comment_content": "務生"}, {"comment_author": "Ronwill955", "comment_date": ["04/17", "13:08"], "comment_content": "空中巴士吵三小"}, {"comment_author": "cms6384", "comment_date": ["04/17", "13:08"], "comment_content": "你學姊都講過只是一份工作 就沒有專業阿"}, {"comment_author": "kevabc1", "comment_date": ["04/17", "13:08"], "comment_content": "台灣現在這群爛草莓空服哪有什麼專業可言"}, {"comment_author": "hiyida", "comment_date": ["04/17", "13:10"], "comment_content": "這什麼低能新聞"}, {"comment_author": "chichung", "comment_date": ["04/17", "13:10"], "comment_content": "穿空姐服沒有霧化問題嗎？"}, {"comment_author": "howzming", "comment_date": ["04/17", "13:10"], "comment_content": "誰規定空服員 一定要瘦？美國一堆大媽."}, {"comment_author": "arod5566", "comment_date": ["04/17", "13:11"], "comment_content": "專業的象徵 噗"}, {"comment_author": "wudatou", "comment_date": ["04/17", "13:12"], "comment_content": "記者很爛 空姐吃自助餐也很爛== 拉機新聞"}, {"comment_author": "iPolo3", "comment_date": ["04/17", "13:12"], "comment_content": "女權真他媽有言論自由"}, {"comment_author": "tactics2100", "comment_date": ["04/17", "13:12"], "comment_content": "我勸你不要多管閒事 大肚婆空姐 不是"}, {"comment_author": "nolag", "comment_date": ["04/17", "13:12"], "comment_content": "服裝很專業喔??"}, {"comment_author": "tactics2100", "comment_date": ["04/17", "13:12"], "comment_content": "更好？"}, {"comment_author": "cakin", "comment_date": ["04/17", "13:13"], "comment_content": "這時候又沒物化了"}, {"comment_author": "IamCyuan", "comment_date": ["04/17", "13:13"], "comment_content": "都幾歲了還要嫌棄"}, {"comment_author": "nalaculan", "comment_date": ["04/17", "13:13"], "comment_content": "星宇航空日穿空服員制服表演和不尊重專"}, {"comment_author": "nalaculan", "comment_date": ["04/17", "13:13"], "comment_content": "業的關係在哪裡？是指舞蹈不專業，還是"}, {"comment_author": "nalaculan", "comment_date": ["04/17", "13:13"], "comment_content": "說現在空服員專業是跳舞？"}, {"comment_author": "nalaculan", "comment_date": ["04/17", "13:16"], "comment_content": "如果批表演主題觀感不佳能了解，不尊重"}, {"comment_author": "nalaculan", "comment_date": ["04/17", "13:16"], "comment_content": "專業？建議航空業徵空服員聘應加考國文"}, {"comment_author": "FLy60169", "comment_date": ["04/17", "13:18"], "comment_content": "空姐有什麼專業？女人何苦為難女人？"}, {"comment_author": "pulibird", "comment_date": ["04/17", "13:19"], "comment_content": "空服員只有物理的高高在上"}, {"comment_author": "cogitation", "comment_date": ["04/17", "13:20"], "comment_content": "人家星宇跟中信合作主題日,鍵盤空服員"}, {"comment_author": "riker729", "comment_date": ["04/17", "13:20"], "comment_content": "空服員是有多高貴神聖？穿了就是侮辱？"}, {"comment_author": "cogitation", "comment_date": ["04/17", "13:21"], "comment_content": "是覺得星宇不尊重專業還是中信啦啦隊"}, {"comment_author": "cogitation", "comment_date": ["04/17", "13:21"], "comment_content": "表演不專業?"}, {"comment_author": "F91", "comment_date": ["04/17", "13:21"], "comment_content": "孕婦空姐 這不是很懂嗎"}, {"comment_author": "cogitation", "comment_date": ["04/17", "13:21"], "comment_content": "不尊重專業的是誰呢?"}, {"comment_author": "amop", "comment_date": ["04/17", "13:22"], "comment_content": "高空端盤子師"}, {"comment_author": "MarchelKaton", "comment_date": ["04/17", "13:22"], "comment_content": "現在是空服員瞧不起啦啦隊嗎？"}, {"comment_author": "winnerdinner", "comment_date": ["04/17", "13:23"], "comment_content": "笑死看起來怎麼腿粗又短"}, {"comment_author": "id41030", "comment_date": ["04/17", "13:24"], "comment_content": "哪個職業不是專業的？就你空姐最高尚？"}, {"comment_author": "lin0129", "comment_date": ["04/17", "13:24"], "comment_content": "一點美感都沒有"}, {"comment_author": "online0801", "comment_date": ["04/17", "13:25"], "comment_content": "這不是物化女性嗎"}, {"comment_author": "gisasy001", "comment_date": ["04/17", "13:25"], "comment_content": "柯黑表示抵制兄弟象物化女性？"}, {"comment_author": "jerrylin", "comment_date": ["04/17", "13:26"], "comment_content": "之前有團體穿空姐服表演也被靠杯啊"}, {"comment_author": "jerrylin", "comment_date": ["04/17", "13:26"], "comment_content": "可能空姐覺得尊貴不凡"}, {"comment_author": "DORAQMON", "comment_date": ["04/17", "13:26"], "comment_content": "在飛機上端盤子 就比較高等嗎？？"}, {"comment_author": "jerrylin", "comment_date": ["04/17", "13:27"], "comment_content": "但是我要說這次的衣服感真的蠻廉價的"}, {"comment_author": "mim5566", "comment_date": ["04/17", "13:28"], "comment_content": "空姐根本自以為高貴，不就是服務生-.-"}, {"comment_author": "sixteen", "comment_date": ["04/17", "13:30"], "comment_content": "這空服員發文哪裡可以看阿？啦啦隊穿空"}, {"comment_author": "sixteen", "comment_date": ["04/17", "13:31"], "comment_content": "姐制服跳舞看不出來有什麼好稱上不尊重"}, {"comment_author": "sixteen", "comment_date": ["04/17", "13:31"], "comment_content": "的，自以為尊絕不凡嗎"}, {"comment_author": "summerleaves", "comment_date": ["04/17", "13:31"], "comment_content": "官方合作耶 去罵你們老闆K董啊"}, {"comment_author": "vasia", "comment_date": ["04/17", "13:32"], "comment_content": "如果是民眾黨早就爆炸了"}, {"comment_author": "PTTfaggot", "comment_date": ["04/17", "13:32"], "comment_content": "空中巴士服務生 專業啥"}, {"comment_author": "nolimits", "comment_date": ["04/17", "13:32"], "comment_content": "空服員當然有專業啊，八卦一堆仇女笑死"}, {"comment_author": "vasia", "comment_date": ["04/17", "13:33"], "comment_content": "有沒有尊重空姐是側翼定義的"}, {"comment_author": "mrniceguy", "comment_date": ["04/17", "13:34"], "comment_content": "空姐的專業？呵呵"}, {"comment_author": "Godright", "comment_date": ["04/17", "13:37"], "comment_content": "什麼專業講來聽聽，不要仇女講一講就烙"}, {"comment_author": "Godright", "comment_date": ["04/17", "13:37"], "comment_content": "幹，丟臉"}, {"comment_author": "scum5566", "comment_date": ["04/17", "13:37"], "comment_content": "包成這樣 到底是哪個白痴設計的"}, {"comment_author": "GOOGLEISGOD", "comment_date": ["04/17", "13:38"], "comment_content": "空服要學的東西應該是最少的吧"}, {"comment_author": "ganjuro", "comment_date": ["04/17", "13:39"], "comment_content": "氣質就不對是在幹嘛？"}, {"comment_author": "c24253994", "comment_date": ["04/17", "13:40"], "comment_content": "身材崩不少"}, {"comment_author": "ikoe", "comment_date": ["04/17", "13:41"], "comment_content": "星宇制服一直都這麼醜阿 連啦啦隊都撐不起來"}, {"comment_author": "stu25936", "comment_date": ["04/17", "13:41"], "comment_content": "空服工會："}, {"comment_author": "nosheep", "comment_date": ["04/17", "13:41"], "comment_content": "共產黨執政還敢搞這種"}, {"comment_author": "monkey6", "comment_date": ["04/17", "13:42"], "comment_content": "空姐是在有啥優越感啊?笑死"}, {"comment_author": "George72", "comment_date": ["04/17", "13:47"], "comment_content": "物化女性"}, {"comment_author": "dslite", "comment_date": ["04/17", "13:51"], "comment_content": "腿有夠短"}, {"comment_author": "yusakoji", "comment_date": ["04/17", "13:53"], "comment_content": "所以空姐的專業在於制服？ 喔懂了"}, {"comment_author": "MarXXXX", "comment_date": ["04/17", "13:54"], "comment_content": "孕婦裝！？ 曹賊大喜"}, {"comment_author": "avexgroup", "comment_date": ["04/17", "13:58"], "comment_content": "空服員事多高尚？笑死"}, {"comment_author": "lupefan4eva", "comment_date": ["04/17", "14:02"], "comment_content": "還不是端盤子的"}, {"comment_author": "setopbox", "comment_date": ["04/17", "14:04"], "comment_content": "護理師再來說專業"}, {"comment_author": "Ethierz", "comment_date": ["04/17", "14:10"], "comment_content": "空服員就很一般啊，飛在空中的服務生…"}, {"comment_author": "Elmo", "comment_date": ["04/17", "14:15"], "comment_content": "講真的空姐還比較花瓶 拉拉隊至少是會跳舞的"}, {"comment_author": "Elmo", "comment_date": ["04/17", "14:15"], "comment_content": "花瓶"}, {"comment_author": "ausome", "comment_date": ["04/17", "14:17"], "comment_content": "塔綠班這時候怎麼不說物化女性"}, {"comment_author": "poi963841", "comment_date": ["04/17", "14:20"], "comment_content": "空姐專業？？端盤子嗎？"}, {"comment_author": "Phamalpha", "comment_date": ["04/17", "14:25"], "comment_content": "好白癡硬要嘴 這叫顯胖？她3X公斤欸"}, {"comment_author": "k80393", "comment_date": ["04/17", "14:25"], "comment_content": "穿制服就代表專業，那我穿西裝上班就不用"}, {"comment_author": "k80393", "comment_date": ["04/17", "14:25"], "comment_content": "尊重？"}, {"comment_author": "younggrass", "comment_date": ["04/17", "14:25"], "comment_content": "不是物化女性？？"}, {"comment_author": "wayne530", "comment_date": ["04/17", "14:27"], "comment_content": "空服師真的很屌=="}, {"comment_author": "s0920151048", "comment_date": ["04/17", "14:29"], "comment_content": "年紀也大了 就不要那麼金質了"}, {"comment_author": "cheng399", "comment_date": ["04/17", "14:30"], "comment_content": "無言  那人家穿西裝  又是污辱誰"}, {"comment_author": "whoww", "comment_date": ["04/17", "14:31"], "comment_content": ""}, {"comment_author": "world210", "comment_date": ["04/17", "14:38"], "comment_content": "真的醜"}, {"comment_author": "maroonseven", "comment_date": ["04/17", "14:38"], "comment_content": "穿的好醜"}, {"comment_author": "shou0810", "comment_date": ["04/17", "14:39"], "comment_content": "半年前不知道誰說穿空服員裝歧視"}, {"comment_author": "cctu0618", "comment_date": ["04/17", "14:39"], "comment_content": "好優越喔"}, {"comment_author": "k2872869", "comment_date": ["04/17", "14:47"], "comment_content": "空姐個性很兩極 私下自閉起來也滿恐怖"}, {"comment_author": "chysh", "comment_date": ["04/17", "14:49"], "comment_content": "dpp婦女部呢"}, {"comment_author": "a09162277", "comment_date": ["04/17", "14:55"], "comment_content": "端盤子專業"}, {"comment_author": "treeman47", "comment_date": ["04/17", "14:55"], "comment_content": "笑死 空姐是有什麼專業"}, {"comment_author": "ngt047", "comment_date": ["04/17", "14:57"], "comment_content": "塔綠班：物化女性。柯文哲下臺"}, {"comment_author": "XAZA", "comment_date": ["04/17", "14:58"], "comment_content": "端盤子也這麼跩"}, {"comment_author": "hydra7", "comment_date": ["04/17", "14:59"], "comment_content": "孕婦怎麼了嗎？我可以啊"}, {"comment_author": "windowdoor", "comment_date": ["04/17", "14:59"], "comment_content": "空姐光外文好就夠打死一堆人了好嗎"}, {"comment_author": "flowersuger", "comment_date": ["04/17", "14:59"], "comment_content": "那些罵的 就不要哪天在機上發生危難"}, {"comment_author": "flowersuger", "comment_date": ["04/17", "14:59"], "comment_content": ".."}, {"comment_author": "edwardtp", "comment_date": ["04/17", "15:01"], "comment_content": "認真，空服的服裝，本來就也不好看啊"}, {"comment_author": "jocker1412", "comment_date": ["04/17", "15:01"], "comment_content": "不就是個端盤子的有什麼好靠腰的？"}, {"comment_author": "jerry771204", "comment_date": ["04/17", "15:03"], "comment_content": "自以為優越感的人"}, {"comment_author": "wino", "comment_date": ["04/17", "15:08"], "comment_content": "空姐毛很多欸 穿個衣服叫不尊重專業 好好笑"}, {"comment_author": "wino", "comment_date": ["04/17", "15:08"], "comment_content": "多自卑"}, {"comment_author": "jason61105", "comment_date": ["04/17", "15:09"], "comment_content": "專業是穿衣服？原來空服員的服是服裝"}, {"comment_author": "jason61105", "comment_date": ["04/17", "15:09"], "comment_content": "的服"}, {"comment_author": "wino", "comment_date": ["04/17", "15:09"], "comment_content": "那穿球衣跳舞 球員要不要出來靠北不尊重專業"}, {"comment_author": "t88002", "comment_date": ["04/17", "15:10"], "comment_content": "空服員哈哈自以為高人一等"}, {"comment_author": "whitelady", "comment_date": ["04/17", "15:14"], "comment_content": "這衣服好醜"}, {"comment_author": "orz151426", "comment_date": ["04/17", "15:17"], "comment_content": "空姐別鬧了，我覺得空姐比啦啦隊還廉價"}, {"comment_author": "rc56321987", "comment_date": ["04/17", "15:17"], "comment_content": "突然又不物化了"}, {"comment_author": "qaz12453", "comment_date": ["04/17", "15:18"], "comment_content": "這個靠北不尊重專業的"}, {"comment_author": "qaz12453", "comment_date": ["04/17", "15:18"], "comment_content": "去年怎沒種出來靠北部長穿空姐裝"}, {"comment_author": "qaz12453", "comment_date": ["04/17", "15:18"], "comment_content": "還是部長穿是尊重 啦啦隊穿是不尊重"}, {"comment_author": "bigwhiteis02", "comment_date": ["04/17", "15:19"], "comment_content": "服務員給我閉嘴 去洗碗"}, {"comment_author": "Willdododo", "comment_date": ["04/17", "15:20"], "comment_content": "超可悲 有種燒星宇啊 不尊重專業"}, {"comment_author": "justiceyes", "comment_date": ["04/17", "15:22"], "comment_content": "物化女性，綠共快開記者會討伐啊"}, {"comment_author": "signm", "comment_date": ["04/17", "15:24"], "comment_content": "有病是不是，這樣叫胖？"}, {"comment_author": "hancao0816", "comment_date": ["04/17", "15:26"], "comment_content": "專業只剩制服喔？"}, {"comment_author": "monkeytree", "comment_date": ["04/17", "15:27"], "comment_content": "物化女性喔"}, {"comment_author": "gisasy001", "comment_date": ["04/17", "15:29"], "comment_content": "綠色塔綠班表示很興奮，沒有物化問"}, {"comment_author": "gisasy001", "comment_date": ["04/17", "15:29"], "comment_content": "題"}, {"comment_author": "nanako81240", "comment_date": ["04/17", "15:29"], "comment_content": "天上端盤子比較專業？啦啦隊難度高"}, {"comment_author": "nanako81240", "comment_date": ["04/17", "15:29"], "comment_content": "多了"}, {"comment_author": "AirLee", "comment_date": ["04/17", "15:34"], "comment_content": "以後空服員ㄧ率穿褲裝好了"}, {"comment_author": "wwwq21346", "comment_date": ["04/17", "15:40"], "comment_content": "當個空姐也有優越感？"}, {"comment_author": "dryabi", "comment_date": ["04/17", "15:41"], "comment_content": "空姐裝很怪"}, {"comment_author": "G12134", "comment_date": ["04/17", "15:42"], "comment_content": "@@真的不好看"}, {"comment_author": "bluemmb", "comment_date": ["04/17", "15:42"], "comment_content": "啊就跟星宇合作不能穿？人家都沒講話了=="}, {"comment_author": "rosydark", "comment_date": ["04/17", "15:46"], "comment_content": "人家老闆同意連動的，小小服務員閃邊啦"}, {"comment_author": "qwe741159", "comment_date": ["04/17", "15:48"], "comment_content": "空姐又要遊行抗議了嗎？"}, {"comment_author": "MIZUNO1112", "comment_date": ["04/17", "15:49"], "comment_content": "空姐只會針對性攻擊吧"}, {"comment_author": "dinotea", "comment_date": ["04/17", "15:52"], "comment_content": "問題不是服裝 是身材跟臉"}, {"comment_author": "hchs31705", "comment_date": ["04/17", "15:57"], "comment_content": "這版型不行啊"}, {"comment_author": "ya8957", "comment_date": ["04/17", "16:00"], "comment_content": "空服員真的是好專業、好大牌鴨~"}, {"comment_author": "bart102617", "comment_date": ["04/17", "16:04"], "comment_content": "腰身真的是悲劇 說不得?"}, {"comment_author": "meloman", "comment_date": ["04/17", "16:08"], "comment_content": "空服員專業是穿衣服嗎"}, {"comment_author": "anthaeilleo", "comment_date": ["04/17", "16:10"], "comment_content": "毛一大堆，幹林娘女人這樣穿你不愛"}, {"comment_author": "anthaeilleo", "comment_date": ["04/17", "16:10"], "comment_content": "看喔？少在那邊自以為高尚啦，他們"}, {"comment_author": "anthaeilleo", "comment_date": ["04/17", "16:10"], "comment_content": "隨便脱個絲襪你也是懶叫硬到打破石"}, {"comment_author": "anthaeilleo", "comment_date": ["04/17", "16:10"], "comment_content": "頭啦，還是你年關30懶叫硬不起來跟"}, {"comment_author": "anthaeilleo", "comment_date": ["04/17", "16:10"], "comment_content": "老人一樣整天憤世嫉俗，硬不起來就"}, {"comment_author": "anthaeilleo", "comment_date": ["04/17", "16:10"], "comment_content": "去給狗幹啦"}, {"comment_author": "nedsonyy", "comment_date": ["04/17", "16:11"], "comment_content": "空服員的專業是啥"}, {"comment_author": "tom12122323", "comment_date": ["04/17", "16:13"], "comment_content": "空中服務生"}, {"comment_author": "bignose0623", "comment_date": ["04/17", "16:15"], "comment_content": "只能說有些空服員毛真多"}, {"comment_author": "k2872869", "comment_date": ["04/17", "16:16"], "comment_content": "發生危難本來是空服工作 別牽拖喔"}, {"comment_author": "k2872869", "comment_date": ["04/17", "16:16"], "comment_content": "不要飛的時候不開心 回到家影響身邊人"}, {"comment_author": "ralfeistein", "comment_date": ["04/17", "16:19"], "comment_content": ""}, {"comment_author": "sugar8", "comment_date": ["04/17", "16:22"], "comment_content": "制服怎麼會代表專業？當自己是裁縫師嗎？"}, {"comment_author": "kichitai", "comment_date": ["04/17", "16:28"], "comment_content": "腿太短"}, {"comment_author": "thx9527", "comment_date": ["04/17", "16:47"], "comment_content": "空姐難得遇到整群都比她們正的 嫉妒正常"}, {"comment_author": "freedom77", "comment_date": ["04/17", "17:01"], "comment_content": "服務生還做出優越感來了"}, {"comment_author": "hohoman", "comment_date": ["04/17", "17:19"], "comment_content": "空服員、啦啦隊都是服務業，比什麼尊重"}, {"comment_author": "hohoman", "comment_date": ["04/17", "17:19"], "comment_content": "不尊重。"}, {"comment_author": "m810415", "comment_date": ["04/17", "17:43"], "comment_content": "粉綠不出來抗議物化女性嗎？"}, {"comment_author": "allen5743", "comment_date": ["04/17", "17:50"], "comment_content": "垃圾空服員毛一堆欸"}, {"comment_author": "monkeytree", "comment_date": ["04/17", "17:54"], "comment_content": "為什麼這次沒有靠北物化女性，上也是"}, {"comment_author": "monkeytree", "comment_date": ["04/17", "17:54"], "comment_content": "空姐團"}, {"comment_author": "CrushQQ", "comment_date": ["04/17", "17:54"], "comment_content": "不就異業合作，是在不尊重殺洨= =？"}, {"comment_author": "easonli000", "comment_date": ["04/17", "17:54"], "comment_content": "不合身"}, {"comment_author": "playoffmogi", "comment_date": ["04/17", "18:08"], "comment_content": "穿空姐服跳舞到底惹到什麼"}, {"comment_author": "noname912301", "comment_date": ["04/17", "18:10"], "comment_content": "什麼專業"}, {"comment_author": "sh3312037", "comment_date": ["04/17", "18:49"], "comment_content": "這個批評意見一點道理都沒有…"}, {"comment_author": "Hard1980", "comment_date": ["04/17", "18:51"], "comment_content": "制服有點醜+1 空服員怎麼不去燒星宇"}, {"comment_author": "ccw2013", "comment_date": ["04/17", "19:13"], "comment_content": "側翼怎麼沒出來說物化女性"}, {"comment_author": "aynak", "comment_date": ["04/17", "19:23"], "comment_content": "不覺得這算什麼不尊重，好像看到中國人在喊"}, {"comment_author": "aynak", "comment_date": ["04/17", "19:23"], "comment_content": "改良式旗袍、混合設計旗袍是侮辱一樣……不"}, {"comment_author": "aynak", "comment_date": ["04/17", "19:23"], "comment_content": "該一竿子打翻一船人但看過好幾次空服員言論"}, {"comment_author": "aynak", "comment_date": ["04/17", "19:23"], "comment_content": "，想法都怪怪的"}, {"comment_author": "vu1985", "comment_date": ["04/17", "21:08"], "comment_content": "啦啦隊員還嫌胖，要骷髏頭才合格嗎"}, {"comment_author": "qqqqwe15", "comment_date": ["04/17", "21:13"], "comment_content": "好醜的制服"}, {"comment_author": "godchildtw", "comment_date": ["04/17", "21:23"], "comment_content": "塔綠班穿空姐服上台表演怎麼沒出來批"}, {"comment_author": "godchildtw", "comment_date": ["04/17", "21:23"], "comment_content": "，喔～不能得罪黨，會被誅九族追殺。"}, {"comment_author": "rocmp", "comment_date": ["04/17", "22:04"], "comment_content": "專業是當網紅吧"}, {"comment_author": "LifeReset", "comment_date": ["04/17", "22:29"], "comment_content": "一個網路上的空服員po個廢文就能上新聞"}, {"comment_author": "tomato5566", "comment_date": ["04/17", "23:20"], "comment_content": ""}, {"comment_author": "extrada", "comment_date": ["04/18", "00:23"], "comment_content": "就是服務生啊，有怎樣冒犯到妳嗎？"}, {"comment_author": "Ariel03", "comment_date": ["04/18", "02:33"], "comment_content": "空姐是不是有點太認真了？！"}, {"comment_author": "krdcfnja", "comment_date": ["04/18", "08:37"], "comment_content": "很多空姐自視甚高齁"}, {"comment_author": "krdcfnja", "comment_date": ["04/18", "08:37"], "comment_content": "鼻孔在看人的"}, {"comment_author": "XiaoKo484", "comment_date": ["04/18", "14:47"], "comment_content": "那空姐穿球衣也是不尊重專業嗎"}]}
