{"author": "zxcvbnm00316 (空白鍵上面那一列)", "category": "Gossiping", "title": "[新聞] 科技圈瘋「Airchat」！　邀請制語音社群", "date": "Mon Apr 15 20:46:24 2024", "content": ["備註請放最後面 違者新聞文章刪除1.媒體來源:", "華視2.記者署名:", "攝影 邱榮慶採訪 黃傲天3.完整新聞標題:", "科技圈瘋「Airchat」！　邀請制語音社群能紅嗎？4.完整新聞內文:", "台灣科技圈近期最熱門的話題，是名叫「Airchat」的社群媒體。這款APP主打「語音交流」，用戶發文時不是用打字的，而是用錄音的，因此點開界面後看到的每則貼文，都有聲音！目前「ChatGPT之父」，OPENAI創辦人奧特曼，也已經登錄Airchat，但想使用這個平台，必須得到用戶邀請；華視記者已經拿到邀請碼、成功註冊，帶您一起直擊平台上是什麼模樣！記者黃傲天說：「你有沒有想過，也許未來使用社群軟體時，大家都只用「說」的，再也不親自打字了？」畫面中你看到的每個字，都不是用鍵盤打出來的，介面上每則貼文也都有聲音，彷彿是語音版的Threads或X，這款社群平台名叫「Airchat」，近期在台灣科技圈迅速竄紅，主打用錄音、而非打字來互相交流。記者黃傲天說：「只要按下麥克風，接著錄製一段聲音，AI就能辨識我說的內容，而且準確率相當高。」Airchat用戶說：「這個軟件質量挺高的。他居然會根據口音，來決定要顯示繁體或簡體字。」故意用中國口音說話，Airchat就會顯示簡體中文，廣東話、客家話、日文、韓文，網友測試後都說頗為精確。前台北市議員邱威傑，也跟上潮流，發「聲」嘗鮮，前台北市議員邱威傑說：「我通常是在九點鐘餵貓，但牠們現在就開始在吵我了，我是否要屈服於牠們的情勒攻勢呢？。」「呱吉」的貓叫聲也被悄悄收錄，目前Airchat台灣使用者還不多，因為平台採用限額邀請制，必須由已經註冊登錄的用戶邀請，你才能加入這片新天地。社群專家電商人妻說：「這個是很多新創平台會選擇的一個方式，希望這個東西維持在一個穩定的品質，鎖定高品質的互動跟流量在(平台)裡面。」", "，兩者都主打語音、都採取限額邀請制，但Clubhouse單純只有語音功能，Airchat同時結合文字及社群元素，性質更完整，而且在Clubhouse上都是即時對話，使用Airchat卻能多想想，再送出語音貼文，對許多人來說，能少去一些心理負擔。專家也認為這或許有助社會理性溝通，記者黃傲天VS.社群專家電商人妻說：「(在Airchat討論公共議題，是不是跟X或是跟Clubhouse比，會帶來滿不一樣的效果？)有些話要用口頭說出來，跟文字打出來，就是會有不一樣的效果。所以大家在聽到語音的時候，會更了解對方的情緒。」", "，還有Twitter、Uber等知名企業，扶植出不少「獨角獸」，另一位創辦人Brian，之前是交友軟體Tinder的產品長，他強調Airchat將打破傳統「廣播形式」，「去中介化」地讓用戶能直接對話，Airchat共同創辦人Naval Ravikant說：「我們沒有要當菁英主義者。所有人都將會進來，短時間內大家都將會進來。」若說X的核心媒介是短文字，IG是相片、TikTok和YouTube是影片，Airchat對應的模型就是「對話」，目前已經吸引矽谷創投界，還有多位企業家爭相體驗，其中最受關注的是他，Airchat共同創辦人Naval Ravikantt說：「為您介紹AI革命背後的靈魂人物，", "(Sam Altman)。」「CHATGPT」之父Sam Altman也來了，但未來會不會專精分眾市場，鎖定菁英小眾經營？還", "社群界超新星能多閃耀備受期待。5.完整新聞連結 (或短網址)不可用YAHOO、LINE、MSN等轉載媒體:", "6.備註:", "韭菜學聰明了沒這次先別急著上車不然又要重蹈覆轍--"], "post_comment": [{"comment_author": "syntax123", "comment_date": ["04/15", "20:46"], "comment_content": "電愛"}, {"comment_author": "railman", "comment_date": ["04/15", "20:47"], "comment_content": "跟padcast有差嗎？"}, {"comment_author": "johnhmj", "comment_date": ["04/15", "20:47"], "comment_content": "用discord 不就好了？"}, {"comment_author": "lnonai", "comment_date": ["04/15", "20:48"], "comment_content": "邀請制XD"}, {"comment_author": "Allen0315", "comment_date": ["04/15", "20:48"], "comment_content": "    Clubhouse? 草都長得比各位30cm高~"}, {"comment_author": "zoeapezoo", "comment_date": ["04/15", "20:48"], "comment_content": "我有clubhouse邀請碼"}, {"comment_author": "j55888819", "comment_date": ["04/15", "20:48"], "comment_content": "clubhouse:"}, {"comment_author": "luciffar", "comment_date": ["04/15", "20:48"], "comment_content": "廢物功能 一目十行不用 要每則點開來聽?"}, {"comment_author": "jokerpok", "comment_date": ["04/15", "20:49"], "comment_content": "過去他也投資過Clubhouse"}, {"comment_author": "whitenoise", "comment_date": ["04/15", "20:49"], "comment_content": "都是曇花一現，沒一個能打"}, {"comment_author": "lucifiel1618", "comment_date": ["04/15", "20:49"], "comment_content": "好的，我用dc"}, {"comment_author": "devidevi", "comment_date": ["04/15", "20:49"], "comment_content": "聽聲音沒有看文字來的快阿"}, {"comment_author": "jokerpok", "comment_date": ["04/15", "20:49"], "comment_content": "再看看誰在用 ok 去屎瑞德傳吧"}, {"comment_author": "devidevi", "comment_date": ["04/15", "20:49"], "comment_content": "為什麼要用文字，就是避免聲音誤傳"}, {"comment_author": "karta018", "comment_date": ["04/15", "20:49"], "comment_content": "感覺很無聊"}, {"comment_author": "luciffar", "comment_date": ["04/15", "20:49"], "comment_content": "這種浪費時間阻礙人類進步的東西 該死"}, {"comment_author": "ubcs", "comment_date": ["04/15", "20:49"], "comment_content": "clubhouse超快過氣的"}, {"comment_author": "devidevi", "comment_date": ["04/15", "20:50"], "comment_content": "除非是特殊用途，否則文字還是比較好用"}, {"comment_author": "darkMood", "comment_date": ["04/15", "20:50"], "comment_content": "笑死，一陣子流行一種，一陣子又消失"}, {"comment_author": "adon0313", "comment_date": ["04/15", "20:50"], "comment_content": "製造低能兒的優越感"}, {"comment_author": "fertalizer", "comment_date": ["04/15", "20:51"], "comment_content": "沒看到 clubhouse 下場？"}, {"comment_author": "tmwolf", "comment_date": ["04/15", "20:52"], "comment_content": "clubhouse哭暈"}, {"comment_author": "AustinRivers", "comment_date": ["04/15", "20:52"], "comment_content": "邀請的都會變小眾"}, {"comment_author": "kit514", "comment_date": ["04/15", "20:52"], "comment_content": "還沒等到邀請碼就倒了"}, {"comment_author": "ffaatt", "comment_date": ["04/15", "20:53"], "comment_content": "這line就有"}, {"comment_author": "nbcb", "comment_date": ["04/15", "20:53"], "comment_content": "是要人聽到睡著哦"}, {"comment_author": "paul26277", "comment_date": ["04/15", "20:54"], "comment_content": "中文圈應該紅不起來 中文節目都要上字"}, {"comment_author": "paul26277", "comment_date": ["04/15", "20:54"], "comment_content": "幕的地方"}, {"comment_author": "a27588679", "comment_date": ["04/15", "20:54"], "comment_content": "要邀請碼就註定不會紅"}, {"comment_author": "g1254501", "comment_date": ["04/15", "20:54"], "comment_content": "我用看的滑過去 我用聽的一個一個聽？時"}, {"comment_author": "g1254501", "comment_date": ["04/15", "20:55"], "comment_content": "間太多膩？"}, {"comment_author": "EfiwymsiAros", "comment_date": ["04/15", "21:00"], "comment_content": "質量挺搞的親"}, {"comment_author": "Godhas56", "comment_date": ["04/15", "21:02"], "comment_content": "airsex"}, {"comment_author": "ringil", "comment_date": ["04/15", "21:04"], "comment_content": "不要笑 有商機啊 趕快弄到邀請碼賣給智障"}, {"comment_author": "johnson2726", "comment_date": ["04/15", "21:05"], "comment_content": "Thread過氣了沒"}, {"comment_author": "okd0512", "comment_date": ["04/15", "21:06"], "comment_content": "蒐集聲紋"}, {"comment_author": "shimachokong", "comment_date": ["04/15", "21:19"], "comment_content": "社群網站玩不出新花樣了"}, {"comment_author": "borhom", "comment_date": ["04/15", "21:29"], "comment_content": "又來一次邀請制？clubhouse 墳頭的草有長"}, {"comment_author": "borhom", "comment_date": ["04/15", "21:29"], "comment_content": "到腰了嗎？"}, {"comment_author": "jili1000", "comment_date": ["04/15", "22:18"], "comment_content": "每則貼文會以「文字＋音訊」的形式發布"}, {"comment_author": "losmith", "comment_date": ["04/15", "23:24"], "comment_content": "笑死 又一個注定要倒的玩意"}]}
