{"author": "inse (阿糖)", "category": "Gossiping", "title": "[新聞] 你43歲了！媽寶酒駕被逮遷怒　朝母摔珍", "date": "Mon Apr 15 22:16:56 2024", "content": ["1.媒體來源:TVBS2.記者署名:記者 徐慧珠 / 攝影 張立陵 報導3.完整新聞標題:你43歲了！媽寶酒駕被逮遷怒　朝母摔珍奶險砸警4.完整新聞內文:高雄1名43歲的男子，凌晨酒後騎機車返回家時，遭到巡邏員警攔查，媽媽聽到消息前來關心，他竟然遷怒，拿起珍珠奶茶朝著媽媽用力一砸，差點砸中一旁的員警，真的很誇張！原來，他讓媽媽來載他，媽媽沒空，酒駕被抓，他忍不住動怒，連員警都看不下去，當場訓斥他要為自己的行為負責！男子酒駕被攔查，見媽媽到場，竟然怒摔珍珠奶茶，差一點就波及到一旁的員警。員警vs.男子vs.男子媽媽：「你做什麼，沒啦我啦！我不是對你，對她！不是對你！為什麼對她？我啦！那我啦！你媽媽尊重一點！怎麼了嗎？沒有！沒有！」凌晨３點多，他喝了酒在高雄市街頭一路搖晃，被員警攔查，遷怒前來關心的家人，險些被依襲警妨害公務送辦，原來，他跟朋友在店家喝酒，原本請求媽媽載他回家，但媽媽因為忙碌無法接送！員警vs.男子vs.男子媽媽：「他本來要載我，對！我剛好有事情，回來洗澡，這不一定的，所以不好意思啦！你要承擔風險啊，她本來要載你，結果因為她沒辦法，所以是她害你，是這個意思嗎？哪有什麼害不害，你自己要的，有人逼你嗎？」都已經43歲了，自己酒駕被抓，還要遷怒媽媽沒空來載他，連警察都看不過去，當場訓斥。現在，酒測值超標，由於10年內有酒駕記錄，5年內又有無照駕駛記錄，交通罰單最高要罰11萬4千，刑責部分，依公共危險罪可處3年以下徒刑，得併科30萬元以下罰金。《TVBS》提醒您：◎飲酒勿開車！飲酒過量，有害健康，請勿酒駕◎未滿18歲者禁止飲酒5.完整新聞連結 (或短網址)不可用YAHOO、LINE、MSN等轉載媒體:", "6.備註:--"], "post_comment": [{"comment_author": "QQmouse", "comment_date": ["04/15", "22:17"], "comment_content": "珍奶是無辜的!"}, {"comment_author": "Falcona", "comment_date": ["04/15", "22:18"], "comment_content": "凌晨還買得到珍珠奶茶喔"}, {"comment_author": "realmd", "comment_date": ["04/15", "22:18"], "comment_content": "自業自得 都是自已教出來的"}, {"comment_author": "jinnij03879", "comment_date": ["04/15", "22:19"], "comment_content": "都有珍奶了還喝酒"}, {"comment_author": "Katarn", "comment_date": ["04/15", "22:19"], "comment_content": "這種vs.的智障寫法到底是誰先開始的？"}, {"comment_author": "railman", "comment_date": ["04/15", "22:19"], "comment_content": "這時間飲料店還有營業喔？"}, {"comment_author": "dangercat5", "comment_date": ["04/15", "22:19"], "comment_content": "43歲了！生日快樂"}, {"comment_author": "QQmouse", "comment_date": ["04/15", "22:19"], "comment_content": "有24小時的 粉紅色攤子"}, {"comment_author": "jehow", "comment_date": ["04/15", "22:19"], "comment_content": "秋決這部老片看一下"}, {"comment_author": "OGCOGCOGCOGC", "comment_date": ["04/15", "22:19"], "comment_content": "高雄人XD"}, {"comment_author": "crazydj", "comment_date": ["04/15", "22:20"], "comment_content": "40%媽寶XDDD"}, {"comment_author": "HCTL", "comment_date": ["04/15", "22:20"], "comment_content": "生到這種，當初應該射在牆上"}, {"comment_author": "toshiba5566", "comment_date": ["04/15", "22:21"], "comment_content": "慈母多敗兒"}, {"comment_author": "d1438a", "comment_date": ["04/15", "22:21"], "comment_content": "高雄人沒問題"}, {"comment_author": "brella", "comment_date": ["04/15", "22:21"], "comment_content": "小柯文哲"}, {"comment_author": "giggleboy", "comment_date": ["04/15", "22:22"], "comment_content": "暖"}, {"comment_author": "cchaha3122", "comment_date": ["04/15", "22:22"], "comment_content": "好像某個爛黨支持者會幹的事"}, {"comment_author": "crazydj", "comment_date": ["04/15", "22:22"], "comment_content": "支持性LIE黨的都這副德性"}, {"comment_author": "Rainbow5566", "comment_date": ["04/15", "22:23"], "comment_content": "小草"}, {"comment_author": "WunoW", "comment_date": ["04/15", "22:24"], "comment_content": "幹為什麼現在那麽多心智年齡很低的"}, {"comment_author": "WunoW", "comment_date": ["04/15", "22:24"], "comment_content": "4.50幾歲言行像個過高中生的一堆是怎樣..."}, {"comment_author": "WunoW", "comment_date": ["04/15", "22:24"], "comment_content": "國高中生"}, {"comment_author": "a27588679", "comment_date": ["04/15", "22:25"], "comment_content": "他還只是個孩子啊"}, {"comment_author": "clv", "comment_date": ["04/15", "22:25"], "comment_content": "說不定還會家爆"}, {"comment_author": "billybbb", "comment_date": ["04/15", "22:25"], "comment_content": "笑死一看就是個40%"}, {"comment_author": "clv", "comment_date": ["04/15", "22:25"], "comment_content": "高雄都這樣 怪不得選的人都很優秀"}, {"comment_author": "WunoW", "comment_date": ["04/15", "22:26"], "comment_content": "滿20民刑法都要對自己完全負責不是常識嗎"}, {"comment_author": "billgats", "comment_date": ["04/15", "22:28"], "comment_content": "43歲了 還在惹麻煩給家裡 可憐"}, {"comment_author": "Mydadisgay", "comment_date": ["04/15", "22:28"], "comment_content": "噓低能記者寫法"}, {"comment_author": "polestar0505", "comment_date": ["04/15", "22:29"], "comment_content": "暖"}, {"comment_author": "yymeow", "comment_date": ["04/15", "22:29"], "comment_content": "坐個計程車就可以解決的事情，現在要花11W"}, {"comment_author": "cynthiajul", "comment_date": ["04/15", "22:30"], "comment_content": "台男，43歲要媽媽載。"}, {"comment_author": "yymeow", "comment_date": ["04/15", "22:30"], "comment_content": "都幾歲了連這點判斷能力都沒有"}, {"comment_author": "bigpan", "comment_date": ["04/15", "22:30"], "comment_content": "高雄 呵呵呵呵"}, {"comment_author": "Jeff911", "comment_date": ["04/15", "22:30"], "comment_content": "高雄人 40% 都這種德行 不意外"}, {"comment_author": "court", "comment_date": ["04/15", "22:30"], "comment_content": "高雄媽寶XD"}, {"comment_author": "b777787", "comment_date": ["04/15", "22:32"], "comment_content": "柯文哲"}, {"comment_author": "gaupyng1", "comment_date": ["04/15", "22:32"], "comment_content": "珍奶呀！！！"}, {"comment_author": "idxxxx", "comment_date": ["04/15", "22:33"], "comment_content": "暖"}, {"comment_author": "trpoct12", "comment_date": ["04/15", "22:33"], "comment_content": "又一個40% 唉"}, {"comment_author": "gawoolala", "comment_date": ["04/15", "22:35"], "comment_content": "巨嬰高雄  高雄人巨嬰"}, {"comment_author": "emissary", "comment_date": ["04/15", "22:39"], "comment_content": "笑死，連不會搭計程車都不會喔"}, {"comment_author": "Yamapiqq", "comment_date": ["04/15", "22:39"], "comment_content": "巨嬰魯蛇台男XD 都會對爸媽哥哥家人很"}, {"comment_author": "cms6384", "comment_date": ["04/15", "22:39"], "comment_content": "高雄 43歲 遷怒媽寶 這一定綠粉"}, {"comment_author": "Yamapiqq", "comment_date": ["04/15", "22:40"], "comment_content": "兇！"}, {"comment_author": "kikujiro", "comment_date": ["04/15", "22:40"], "comment_content": "有珍奶不喝為什麼要喝酒？"}, {"comment_author": "ukif", "comment_date": ["04/15", "22:40"], "comment_content": "巨嬰哥布林"}, {"comment_author": "tn907915", "comment_date": ["04/15", "22:41"], "comment_content": "高雄人真的不喝酒不會騎車"}, {"comment_author": "scum5566", "comment_date": ["04/15", "22:43"], "comment_content": "綠粉能不能別這樣啊???　：{"}, {"comment_author": "yukihira", "comment_date": ["04/15", "22:46"], "comment_content": "酒駕媽寶男"}, {"comment_author": "lookapen", "comment_date": ["04/15", "22:46"], "comment_content": "我兒子很乖的"}, {"comment_author": "fairyofmoon", "comment_date": ["04/15", "22:48"], "comment_content": "台女養出來的媽寶真棒"}, {"comment_author": "XAZA", "comment_date": ["04/15", "22:53"], "comment_content": "哥布林巨嬰"}, {"comment_author": "ctlwmmax", "comment_date": ["04/15", "22:55"], "comment_content": "40%-1"}, {"comment_author": "devicer", "comment_date": ["04/15", "22:55"], "comment_content": "大半夜 有珍奶又有酒喝"}, {"comment_author": "soleaching", "comment_date": ["04/15", "22:58"], "comment_content": "小黃：？"}, {"comment_author": "HAHAHUNG", "comment_date": ["04/15", "23:01"], "comment_content": "高雄"}, {"comment_author": "cherrybabe", "comment_date": ["04/15", "23:03"], "comment_content": "死忠綠皮仔 嘻嘻 暖"}, {"comment_author": "li72716", "comment_date": ["04/15", "23:03"], "comment_content": "哈哈哈哈誰叫妳要生"}, {"comment_author": "raku", "comment_date": ["04/15", "23:04"], "comment_content": "什麼垃圾媽寶 喝到凌晨3點要媽媽載"}, {"comment_author": "gx9900824", "comment_date": ["04/15", "23:06"], "comment_content": "暖"}, {"comment_author": "mcgrady12336", "comment_date": ["04/15", "23:06"], "comment_content": "社會上這種只長年紀不長心智的頗多"}, {"comment_author": "mcgrady12336", "comment_date": ["04/15", "23:06"], "comment_content": "的"}, {"comment_author": "scott0104", "comment_date": ["04/15", "23:11"], "comment_content": "暖"}, {"comment_author": "Page122", "comment_date": ["04/15", "23:13"], "comment_content": "統神對統神媽:好啦去死啦 那麼屌去死啦"}, {"comment_author": "Page122", "comment_date": ["04/15", "23:14"], "comment_content": "的真實版本耶 不知道他有沒有看統神"}, {"comment_author": "starwish00", "comment_date": ["04/15", "23:14"], "comment_content": "40%又調皮了"}, {"comment_author": "Insania", "comment_date": ["04/15", "23:16"], "comment_content": "如果真砸到警察能不能當場壓制啊"}, {"comment_author": "Lenon4561", "comment_date": ["04/15", "23:21"], "comment_content": "半夜喝珍奶？？"}, {"comment_author": "firehuk", "comment_date": ["04/15", "23:22"], "comment_content": "又一篇對話擠在一起的新聞"}, {"comment_author": "cynthiajul", "comment_date": ["04/15", "23:30"], "comment_content": "台男43歲媽媽應該70歲左右吧，中年"}, {"comment_author": "cynthiajul", "comment_date": ["04/15", "23:30"], "comment_content": "台男喝到凌晨三點要七旬老母載，蛤"}, {"comment_author": "cynthiajul", "comment_date": ["04/15", "23:30"], "comment_content": "？w"}, {"comment_author": "YALEMY", "comment_date": ["04/15", "23:33"], "comment_content": "台男不意外"}, {"comment_author": "YLTYY", "comment_date": ["04/15", "23:38"], "comment_content": "自己寵的"}, {"comment_author": "YLTYY", "comment_date": ["04/15", "23:38"], "comment_content": "下輩子記得吃避孕藥"}, {"comment_author": "doubleperson", "comment_date": ["04/15", "23:50"], "comment_content": "記者知道自己在寫三小對話嗎？"}, {"comment_author": "hipolymer", "comment_date": ["04/15", "23:56"], "comment_content": " 暖 難怪市長滿意度 都是第一 滿buff"}, {"comment_author": "ston12", "comment_date": ["04/16", "00:02"], "comment_content": "暖市不意外"}, {"comment_author": "t81511270", "comment_date": ["04/16", "00:06"], "comment_content": "半夜還敢喝珍奶  真的不孝子"}, {"comment_author": "ThisisLongID", "comment_date": ["04/16", "00:12"], "comment_content": "暖市媽寶"}, {"comment_author": "wel1721", "comment_date": ["04/16", "00:14"], "comment_content": "記者國語可以回去重學嗎?連對話都不會打"}, {"comment_author": "xaxa0101", "comment_date": ["04/16", "00:38"], "comment_content": "噓記者不會寫對話"}, {"comment_author": "fir191938", "comment_date": ["04/16", "00:51"], "comment_content": "珍奶表示 我當時真的是害怕極了"}, {"comment_author": "catherine213", "comment_date": ["04/16", "01:25"], "comment_content": "記者很氣用了好多驚嘆號"}, {"comment_author": "rakuinn", "comment_date": ["04/16", "01:25"], "comment_content": "南蠻的好大家都知道  嘻嘻"}, {"comment_author": "BREAKFAST204", "comment_date": ["04/16", "01:55"], "comment_content": "有夠可悲"}, {"comment_author": "yangnana", "comment_date": ["04/16", "01:57"], "comment_content": "這內文在寫什麼"}, {"comment_author": "PalmAngels", "comment_date": ["04/16", "02:13"], "comment_content": "台男不意外"}, {"comment_author": "junsport", "comment_date": ["04/16", "05:41"], "comment_content": "暖市養出低端智障很正常"}, {"comment_author": "opm", "comment_date": ["04/16", "06:52"], "comment_content": "暖市日常"}, {"comment_author": "windy7225", "comment_date": ["04/16", "07:25"], "comment_content": "凌晨三點多老媽還在忙，你在跟朋友喝酒"}, {"comment_author": "windy7225", "comment_date": ["04/16", "07:26"], "comment_content": "還開車？"}, {"comment_author": "fire124", "comment_date": ["04/16", "08:29"], "comment_content": "極品 43歲媽寶"}, {"comment_author": "lienjj", "comment_date": ["04/16", "08:41"], "comment_content": "幸福高雄人 讚"}, {"comment_author": "iamnotme", "comment_date": ["04/16", "08:51"], "comment_content": "43歲媽寶...."}, {"comment_author": "bluelanti", "comment_date": ["04/16", "09:42"], "comment_content": "高雄24小時飲料店超猛"}, {"comment_author": "anoymouse", "comment_date": ["04/16", "10:21"], "comment_content": "連簡單國文都不會的廢物記者"}, {"comment_author": "jay0215", "comment_date": ["04/16", "10:28"], "comment_content": "南部40%媽寶仔"}, {"comment_author": "lover19", "comment_date": ["04/16", "11:55"], "comment_content": "新聞這樣寫"}, {"comment_author": "jordanalin", "comment_date": ["04/16", "18:05"], "comment_content": "暖"}, {"comment_author": "MADAOMOKE", "comment_date": ["04/17", "07:46"], "comment_content": "媽的 夜間跳錶頂多一兩千就可以解決 現"}, {"comment_author": "MADAOMOKE", "comment_date": ["04/17", "07:46"], "comment_content": "在要11萬...."}]}
