{"author": "f544544f (EricSance)", "category": "Gossiping", "title": "[新聞] 快訊／南韓首爾車站「列車追撞出軌」！", "date": "Thu Apr 18 13:28:42 2024", "content": ["1.媒體來源:三立2.記者署名:許智超3.完整新聞標題:快訊／南韓首爾車站「列車追撞出軌」！車頭嚴重毀損　現場慘況曝光4.完整新聞內文:南韓首爾今（18）日上午發生列車追撞事故，導致在月台的KTX（高速鐵路）山川號列車，車頭嚴重毀損，裡面的管線配置從外頭看得一清二楚，目前287名乘客安排搭乘其他列車，其中有4人輕傷，至於詳細事發原因仍有待釐清。5.完整新聞連結 (或短網址)不可用YAHOO、LINE、MSN等轉載媒體:", "6.備註:韓國高鐵大出包--"], "post_comment": [{"comment_author": "albertfeng", "comment_date": ["04/18", "13:29"], "comment_content": "該民營化了"}, {"comment_author": "FannWong", "comment_date": ["04/18", "13:29"], "comment_content": "高鐵三寶"}, {"comment_author": "shirokase", "comment_date": ["04/18", "13:29"], "comment_content": "民進党，真狠"}, {"comment_author": "JapaZPa4867", "comment_date": ["04/18", "13:30"], "comment_content": "世界怎麼跟得上中國台灣"}, {"comment_author": "GonVolcano", "comment_date": ["04/18", "13:30"], "comment_content": "至少首爾市長不會卸責"}, {"comment_author": "oOWENo", "comment_date": ["04/18", "13:31"], "comment_content": ".............................."}, {"comment_author": "Owen93", "comment_date": ["04/18", "13:31"], "comment_content": "林佳龍還在睡"}, {"comment_author": "s820912gmail", "comment_date": ["04/18", "13:31"], "comment_content": "沒傷亡 反觀台鐵"}, {"comment_author": "mimiLin5566", "comment_date": ["04/18", "13:31"], "comment_content": "太恐怖了"}, {"comment_author": "merrellpf", "comment_date": ["04/18", "13:31"], "comment_content": "南韓公安永遠都很可怕"}, {"comment_author": "ReiFan", "comment_date": ["04/18", "13:32"], "comment_content": "三立這次很乖 沒有下標題攻擊韓國瑜"}, {"comment_author": "kilof", "comment_date": ["04/18", "13:32"], "comment_content": "失速列車"}, {"comment_author": "okichan", "comment_date": ["04/18", "13:33"], "comment_content": "喪屍跑出來了嗎？"}, {"comment_author": "z32510z", "comment_date": ["04/18", "13:33"], "comment_content": "喪屍弄的？"}, {"comment_author": "Insania", "comment_date": ["04/18", "13:35"], "comment_content": "站內也能搞成這樣安全系統沒反應?"}, {"comment_author": "bradyhau106", "comment_date": ["04/18", "13:35"], "comment_content": "標題應改為“韓國逾站未停，出軌內"}, {"comment_author": "bradyhau106", "comment_date": ["04/18", "13:35"], "comment_content": "幕揭露！“"}, {"comment_author": "Penguinsucks", "comment_date": ["04/18", "13:36"], "comment_content": "這部我看過"}, {"comment_author": "snocia", "comment_date": ["04/18", "13:36"], "comment_content": "韓國日常"}, {"comment_author": "snocia", "comment_date": ["04/18", "13:37"], "comment_content": "站內追撞出軌可以當特色了"}, {"comment_author": "Nonegrame", "comment_date": ["04/18", "13:37"], "comment_content": "韓市長又出包！？"}, {"comment_author": "xiaoyiping", "comment_date": ["04/18", "13:37"], "comment_content": "該不會是行控沒有把停有列車的月台改"}, {"comment_author": "xiaoyiping", "comment_date": ["04/18", "13:37"], "comment_content": "為紅色險阻狀態？然後放下一班列車進"}, {"comment_author": "timez422", "comment_date": ["04/18", "13:37"], "comment_content": "想到末日預言裡的列車出軌場景"}, {"comment_author": "xiaoyiping", "comment_date": ["04/18", "13:37"], "comment_content": "去，導致追撞？"}, {"comment_author": "lost0816", "comment_date": ["04/18", "13:38"], "comment_content": "南韓公安真的是世界級的…"}, {"comment_author": "takechance", "comment_date": ["04/18", "13:38"], "comment_content": "失速列車 都是真的"}, {"comment_author": "rommel1990", "comment_date": ["04/18", "13:39"], "comment_content": "大家好我是will"}, {"comment_author": "takechance", "comment_date": ["04/18", "13:39"], "comment_content": "南韓公安連走路逛街都能死一堆"}, {"comment_author": "slimak", "comment_date": ["04/18", "13:42"], "comment_content": "車上有個大叔"}, {"comment_author": "shintz", "comment_date": ["04/18", "13:42"], "comment_content": ""}, {"comment_author": "shintz", "comment_date": ["04/18", "13:43"], "comment_content": "大邱地鐵比較恐怖，駕駛叫乘客不要緊張，"}, {"comment_author": "shintz", "comment_date": ["04/18", "13:43"], "comment_content": "然後把門鎖起來拔鑰匙自己跑了..."}, {"comment_author": "beastlcc12", "comment_date": ["04/18", "13:43"], "comment_content": "民進黨出來負責"}, {"comment_author": "hcwang1126", "comment_date": ["04/18", "13:45"], "comment_content": "屍速列車"}, {"comment_author": "Bifrost", "comment_date": ["04/18", "13:45"], "comment_content": "台灣有任交通部長 任內出軌兩次"}, {"comment_author": "VVizZ", "comment_date": ["04/18", "13:48"], "comment_content": "殭屍跑出來啦"}, {"comment_author": "egg7750", "comment_date": ["04/18", "13:49"], "comment_content": "反觀 嘻嘻"}, {"comment_author": "k2541398", "comment_date": ["04/18", "13:50"], "comment_content": "韓國怎麼老是高鐵出軌"}, {"comment_author": "EvilJustice", "comment_date": ["04/18", "13:50"], "comment_content": "失速？還有幾集"}, {"comment_author": "DORAQMON", "comment_date": ["04/18", "13:54"], "comment_content": "沒有台積電晶片果然不行"}, {"comment_author": "zChika", "comment_date": ["04/18", "13:56"], "comment_content": "裡面就寫4人輕傷了還能說沒傷亡?"}, {"comment_author": "tsukasaxx", "comment_date": ["04/18", "13:58"], "comment_content": "反觀中國 玩更大"}, {"comment_author": "apolloapollo", "comment_date": ["04/18", "14:00"], "comment_content": "失處列車？"}, {"comment_author": "qwe159236", "comment_date": ["04/18", "14:04"], "comment_content": "屍速列車上演"}, {"comment_author": "WTF1111", "comment_date": ["04/18", "14:10"], "comment_content": "沒事啦，也許人家交通部長也能高升"}, {"comment_author": "asd00726", "comment_date": ["04/18", "14:12"], "comment_content": "蛤 自動列車控制變手動了嗎 蛤"}, {"comment_author": "c24253994", "comment_date": ["04/18", "14:14"], "comment_content": "希望平安"}, {"comment_author": "c24253994", "comment_date": ["04/18", "14:15"], "comment_content": "是說我們還有幾集可以逃？"}, {"comment_author": "globeMIX", "comment_date": ["04/18", "14:15"], "comment_content": "合鐵就沒有？"}, {"comment_author": "c24253994", "comment_date": ["04/18", "14:16"], "comment_content": "前面的推文是有多急呀？"}, {"comment_author": "bart102617", "comment_date": ["04/18", "14:25"], "comment_content": "反觀台灣又領先了"}, {"comment_author": "good5755", "comment_date": ["04/18", "14:29"], "comment_content": "台鐵："}, {"comment_author": "hasaki0306", "comment_date": ["04/18", "14:33"], "comment_content": "民進黨執政螺絲又鬆了"}, {"comment_author": "GLUESTICK", "comment_date": ["04/18", "14:43"], "comment_content": "高鐵撞下去才這樣喔"}, {"comment_author": "allenz78", "comment_date": ["04/18", "14:44"], "comment_content": "民進黨要負責"}, {"comment_author": "lain2002", "comment_date": ["04/18", "14:47"], "comment_content": "世界怎麼跟得上台灣"}, {"comment_author": "s81048112", "comment_date": ["04/18", "14:54"], "comment_content": ".........慘"}, {"comment_author": "HIRUMA", "comment_date": ["04/18", "15:36"], "comment_content": "三立 滾"}, {"comment_author": "goodboy98", "comment_date": ["04/18", "16:42"], "comment_content": "喪屍"}]}
