{"author": "ykkdc (ykk)", "category": "Gossiping", "title": "[新聞] 陌生來電「喂？有聽到嗎」不要回答！專家示警：3秒就中暗黑", "date": "Fri Apr 12 17:48:29 2024", "content": ["1.媒體來源:今日新聞2.記者署名:賴禹妡3.完整新聞標題:陌生來電「喂？有聽到嗎」不要回答！專家示警：3秒就中暗黑圈套4.完整新聞內文:2024-04-12 17:15:53隨著科技越來越發達，詐騙集團手法也日漸創新。美國政府近日就示警，有詐騙集團會利用陌生來電，劈頭就問民眾「聽得到嗎？」這時若回答對方，很有可能會被人工智慧（AI）複製聲音，進而向親友勒索贖金。因此專家建議，接到陌生來電時，若對方使用這種手法詐騙，應該立刻掛斷電話，避免落入詐騙集團圈套。根據外媒《CW39 Houston》報導，美國商業改進局（Better Business Bureau，BBB）指出，詐騙集團可能會假冒政府機關、銀行等金融業者、旅行社、保險公司、醫療機構等，以陌生來電手法進行詐騙。來電者會使用自動語音詢問「你聽得到嗎」，若民眾接起電話後回答「是」，電話很有可能隨即被掛斷。美國商業改進局指出，詐騙集團也可能會在電話中詢問「XXX，這是您的名字嗎？」、「我的耳機壞了」，藉此誘導民眾在電話中回答，甚至透過其他話題延續通話，錄下受害者聲音或個人資訊後，再利用AI變造人聲，進行後續勒取贖金等不法行為。那麼該如何防範這類型的詐騙？美國商業改進局建議，若是接到陌生來電劈頭就問「聽得到嗎？」、「你的名字是XXX嗎？」這時需要保持沉默或迅速掛斷電話，同時回頭檢視銀行與信用卡對帳單，確認是否有未經授權的消費，若驚覺已成為詐騙受害者，就要趕緊通報相關單位。事實上，先前AI風險評估公司Blackbird.AI共同創辦人哈利德也示警，有詐騙集團利用AI技術，複製他人的聲音，進行電話語音詐騙，藉此竊取銀行帳密或是要求轉帳。由於AI語音複製人聲音跟真人非常相近，且只需3秒就能成功複製，導致許多民眾上當受騙。哈利德建議，若突然接到親友來電要求緊急匯款，一定要再進一步與本人確認，平時也要盡量避免在網路上留下個資、電話等資訊，否則容易被當作目標，落入詐騙集團的陷阱。5.完整新聞連結 (或短網址)不可用YAHOO、LINE、MSN等轉載媒體:", "6.備註:真假？以後接電話是不是要用變聲器了這世界的可信度越來越低，人與人之間的信賴越來越缺乏--"], "post_comment": [{"comment_author": "vowpool", "comment_date": ["04/12", "17:49"], "comment_content": "我沉默你的話也不多"}, {"comment_author": "sammy98", "comment_date": ["04/12", "17:49"], "comment_content": "早就把門號停用了"}, {"comment_author": "juncat", "comment_date": ["04/12", "17:49"], "comment_content": "聽起來很像網咖空調都有放毒品的傳說"}, {"comment_author": "brianuser", "comment_date": ["04/12", "17:49"], "comment_content": "隨便，沒人認識我"}, {"comment_author": "franchy", "comment_date": ["04/12", "17:49"], "comment_content": "哪天就出現複製人來詐騙了"}, {"comment_author": "Jin63916", "comment_date": ["04/12", "17:50"], "comment_content": "白痴……"}, {"comment_author": "bust222", "comment_date": ["04/12", "17:50"], "comment_content": "只回答一聲是要怎麼訓練模型？"}, {"comment_author": "snakebite", "comment_date": ["04/12", "17:50"], "comment_content": "那以後不能講電話了，你哪知道對方會"}, {"comment_author": "snakebite", "comment_date": ["04/12", "17:50"], "comment_content": "不會側錄"}, {"comment_author": "tontonplus", "comment_date": ["04/12", "17:51"], "comment_content": "數位發展部:不要接電話用賴聯絡較安全"}, {"comment_author": "brianuser", "comment_date": ["04/12", "17:51"], "comment_content": "改天蔡英文的聲音被AI模仿就會有法律"}, {"comment_author": "WTF1111", "comment_date": ["04/12", "17:51"], "comment_content": "社交工程加上去才有足夠資料吧"}, {"comment_author": "brianuser", "comment_date": ["04/12", "17:52"], "comment_content": "禁止強力抓了，請台灣人放心"}, {"comment_author": "ImBBCALL", "comment_date": ["04/12", "17:52"], "comment_content": "三體人"}, {"comment_author": "winston06", "comment_date": ["04/12", "17:52"], "comment_content": "有個愛打電話叫人救救他爸爸的北爛囡"}, {"comment_author": "KSHLO", "comment_date": ["04/12", "17:52"], "comment_content": "這部我看過 三體"}, {"comment_author": "winston06", "comment_date": ["04/12", "17:52"], "comment_content": "仔狗幹吵"}, {"comment_author": "dogdream", "comment_date": ["04/12", "17:52"], "comment_content": "裝Whos call很難？"}, {"comment_author": "jokerpok", "comment_date": ["04/12", "17:52"], "comment_content": "打電話不先報自己是哪位的真的很…"}, {"comment_author": "vincent0412", "comment_date": ["04/12", "17:55"], "comment_content": "現在電話和簡訊都有危險"}, {"comment_author": "c88tm", "comment_date": ["04/12", "17:57"], "comment_content": "網路上直播主一堆資料就夠騙了吧"}, {"comment_author": "cms6384", "comment_date": ["04/12", "18:04"], "comment_content": "數發部：歐洲出差中 勿擾"}, {"comment_author": "Takhisis", "comment_date": ["04/12", "18:05"], "comment_content": "這種詐騙以前沒ai時就很多了"}, {"comment_author": "Takhisis", "comment_date": ["04/12", "18:05"], "comment_content": "專門針對疼乖孫的老人 非常壞"}, {"comment_author": "joke3547", "comment_date": ["04/12", "18:05"], "comment_content": "哪個模型這麼猛？"}, {"comment_author": "vvrr", "comment_date": ["04/12", "18:07"], "comment_content": ""}, {"comment_author": "vvrr", "comment_date": ["04/12", "18:08"], "comment_content": "不過電話音質低，搞不好5秒3秒就可以了"}, {"comment_author": "vvrr", "comment_date": ["04/12", "18:08"], "comment_content": "反正不像被拆穿就換下一個"}, {"comment_author": "Banchero", "comment_date": ["04/12", "18:15"], "comment_content": "到這裡來吧我要幫助你們得到地球"}, {"comment_author": "Chia2323", "comment_date": ["04/12", "18:20"], "comment_content": "錄製聲音沒用啊 想想平常講話的邏輯性"}, {"comment_author": "after1", "comment_date": ["04/12", "18:23"], "comment_content": "神經病，誰接電話不講話的？"}, {"comment_author": "Arashi0731", "comment_date": ["04/12", "18:24"], "comment_content": "訓練模型最好3秒鐘的音檔就能訓練完"}, {"comment_author": "bigmao", "comment_date": ["04/12", "18:25"], "comment_content": "魔鬼終結者2的時代快來了"}, {"comment_author": "glacialfire", "comment_date": ["04/12", "18:27"], "comment_content": "我啊 陌生電話我接起來都等對方講"}, {"comment_author": "glacialfire", "comment_date": ["04/12", "18:27"], "comment_content": "已經實行兩年"}, {"comment_author": "chen1983", "comment_date": ["04/12", "18:29"], "comment_content": "人妖唐瘋部長的政績"}, {"comment_author": "cth5566", "comment_date": ["04/12", "18:40"], "comment_content": "三體人"}, {"comment_author": "NetworkDemon", "comment_date": ["04/12", "18:45"], "comment_content": "陌生來電一律不接"}, {"comment_author": "linbsing", "comment_date": ["04/12", "18:45"], "comment_content": "詐騙都AI了 我今天還遇到接起來秒掛"}, {"comment_author": "smallGGgirl", "comment_date": ["04/12", "18:59"], "comment_content": "現在沒人接陌生電話了"}, {"comment_author": "SSSONIC", "comment_date": ["04/12", "19:02"], "comment_content": "哪個專家？"}, {"comment_author": "andychiu", "comment_date": ["04/12", "19:04"], "comment_content": "現在聲音模型只要3秒就能建起來？"}, {"comment_author": "winiS", "comment_date": ["04/12", "19:19"], "comment_content": "叫電信業者不要搞電話簽約啊"}, {"comment_author": "Athchen", "comment_date": ["04/12", "19:19"], "comment_content": "死人妖人呢"}, {"comment_author": "g4zoco196", "comment_date": ["04/12", "19:46"], "comment_content": "還好我都學米奇講話"}, {"comment_author": "nekogogogo2", "comment_date": ["04/12", "20:14"], "comment_content": "三小 不就三體人"}, {"comment_author": "hibemi776", "comment_date": ["04/12", "21:47"], "comment_content": "低智"}, {"comment_author": "cukesdubie", "comment_date": ["04/12", "23:58"], "comment_content": "馬的王八蛋真變態"}, {"comment_author": "arcxoxo", "comment_date": ["04/13", "00:13"], "comment_content": "反過來用AI來過濾可疑號碼"}, {"comment_author": "Voony", "comment_date": ["04/13", "00:55"], "comment_content": "ai運用 輝達繼續噴"}, {"comment_author": "nenle", "comment_date": ["04/13", "02:23"], "comment_content": "原來如此，我在美國經常接到這種電話，以"}, {"comment_author": "nenle", "comment_date": ["04/13", "02:23"], "comment_content": "前會回答，後來太多了我就直接拒接。我們"}, {"comment_author": "nenle", "comment_date": ["04/13", "02:23"], "comment_content": "的世界怎麼會變成這樣？"}, {"comment_author": "nalthax", "comment_date": ["04/13", "12:23"], "comment_content": "反正我沒錢借人跟救人，打語音來的都不算"}]}
