{"author": "winer5566 (溫拿56)", "category": "Gossiping", "title": "[新聞] 教育部預告16種管教學生方式 罰站、與同", "date": "Fri Apr 12 12:41:42 2024", "content": ["備註請放最後面 違者新聞文章刪除 1.媒體來源:自由時報2.記者署名:鍾麗華3.完整新聞標題:教育部預告16種管教學生方式 罰站、與同學保持距離有限時4.完整新聞內文:〔記者鍾麗華／台北報導〕教育部近日在行政院公報資訊網預告「國民小學及國民中學學生獎懲準則草案」，明定教師得採取的16種管教措施，包括要求站立反省，每次不得超過1堂課，每日累計不得超過2小時；至於在教學場所，暫時讓學生與其他同學保持適當距離，以2堂課為限；要求學生寫口頭或書面道歉，不得違反其本意。教育部說明，現行中小學獎懲規定，由各地方政府主管機關，以自治法規訂定，造成規範內容、執行情形差異，2023年6月修正公布「國民教育法」規定，學生獎懲原則、處理及相關事項準則，由中央主管機關定之，地方主管機關應依準則自訂學生獎懲自治法規，以確保學生獎懲規定符合教育目的、正當性及保障學習權益。根據草案，教師基於導引學生發展考量，衡酌學生身心狀況後，得採取下列一般管教措施：1、適當之正向管教措施。2、口頭糾正。3、在教室內適當調整座位。4、要求口頭道歉或書面自省。5、列入日常生活表現紀錄。6、通知法定代理人或實際照顧者，協請處理。7、要求完成未完成之作業或工作。8、適當增加作業或工作。9、要求課餘從事可達成管教目的之措施，如學生破壞環境清潔，要求其打掃環境。10、限制參加正式課程以外之學校活動。11、經法定代理人或實際照顧者同意後，留置學生於課後輔導或參加輔導課程。12、要求靜坐反省。13、要求站立反省。但每次不得超過1堂課，每日累計不得超過2小時。14、在教學場所一隅，暫時讓學生與其他同學保持適當距離，並以2堂課為限。15、經其他教師同意，於行為當日，暫時轉送其他班級學習。16、其他符合輔導管教相關法令規定之管教目的及原則，且未使學生身心受到侵害之行為。教育部說明，教師得要求學生以口頭或書面方式省視其作為，但教師應注意不得強迫學生違背其本意而為口頭或書面道歉，以維護學生人性尊嚴並促進其人格發展。至於要求回復環境清潔、完成作業與工作等，要注意應予適當休息時間，以維護學生休息權及健康權。考量保障學生受教權，限制正式課程以外之學校活動，像是社團活動。5.完整新聞連結 (或短網址)", "6.備註:以後罰站老師要先填登記表，晚來的就罰不了了----Sent from", "--"], "post_comment": [{"comment_author": "qazzxc12351", "comment_date": ["04/12", "12:42"], "comment_content": "罰站小卡 時數到了就不用站了"}, {"comment_author": "brianuser", "comment_date": ["04/12", "12:42"], "comment_content": "應該是沒教過書的人寫的ㄅ"}, {"comment_author": "roy53", "comment_date": ["04/12", "12:43"], "comment_content": "不是前幾天才為愷愷義憤填膺嗎？"}, {"comment_author": "lianpig5566", "comment_date": ["04/12", "12:43"], "comment_content": "還好吧 只是那種影響上課的怎麼辦"}, {"comment_author": "ianlin1216", "comment_date": ["04/12", "12:43"], "comment_content": "教育部自己來教啦 出一張嘴誰不會"}, {"comment_author": "cosplay314", "comment_date": ["04/12", "12:45"], "comment_content": "影響上課的請出去站"}, {"comment_author": "s6525480", "comment_date": ["04/12", "12:45"], "comment_content": "還是先對黃子餃跟統神試看看呢？"}, {"comment_author": "rtoday", "comment_date": ["04/12", "12:46"], "comment_content": "很好啊 不然老師仗著權威玩小男生屁眼又"}, {"comment_author": "rtoday", "comment_date": ["04/12", "12:46"], "comment_content": "查無不法，本來老師就不該有那麼大權力"}, {"comment_author": "DASHOCK", "comment_date": ["04/12", "12:47"], "comment_content": "笑死"}, {"comment_author": "frank111", "comment_date": ["04/12", "12:49"], "comment_content": "很好啊  遊戲規則寫清楚才知道怎麼玩"}, {"comment_author": "gamania10000", "comment_date": ["04/12", "12:51"], "comment_content": "敢罰站 直接暈倒在地上給你看"}, {"comment_author": "atari77", "comment_date": ["04/12", "12:51"], "comment_content": "笑死 沒啥罰則誰會怕 就最多罰站2小時?"}, {"comment_author": "atari77", "comment_date": ["04/12", "12:52"], "comment_content": "他不遵從不屌你到處跑又鬧呢 能怎樣？完"}, {"comment_author": "atari77", "comment_date": ["04/12", "12:52"], "comment_content": "全毫無實質作用"}, {"comment_author": "sedition", "comment_date": ["04/12", "12:54"], "comment_content": "要求靜坐 學生：違反我意願"}, {"comment_author": "aaaaaa111", "comment_date": ["04/12", "12:54"], "comment_content": "好恐怖的懲罰喔，我好怕喔"}, {"comment_author": "spzper", "comment_date": ["04/12", "12:57"], "comment_content": "當老師就是蠢"}, {"comment_author": "gy206578", "comment_date": ["04/12", "13:02"], "comment_content": "有問題的學生都送教育部讓這群大官處理"}, {"comment_author": "hitsukix", "comment_date": ["04/12", "13:03"], "comment_content": "以後班班看影片，老師在辦公室等人來問"}, {"comment_author": "hitsukix", "comment_date": ["04/12", "13:04"], "comment_content": "學生打架，尊重學生意願不阻止"}, {"comment_author": "pttjack", "comment_date": ["04/12", "13:06"], "comment_content": "可教化 從小開始 量產輕判"}, {"comment_author": "yzelly", "comment_date": ["04/12", "13:09"], "comment_content": "愛的教育怎麼能處罰啊？！蛤？？"}, {"comment_author": "boggy", "comment_date": ["04/12", "13:10"], "comment_content": "一早先去站兩個小時就無敵了!!!"}, {"comment_author": "WiserWilly", "comment_date": ["04/12", "13:13"], "comment_content": "同學像謝乙真一樣劈腿約炮要怎麼罰？"}, {"comment_author": "sendow", "comment_date": ["04/12", "13:15"], "comment_content": "怎麼沒有半蹲？落後國家欸"}, {"comment_author": "relax1129", "comment_date": ["04/12", "13:17"], "comment_content": "建議送私校囉不然怎麼死都不知道"}, {"comment_author": "sunchen0201", "comment_date": ["04/12", "13:18"], "comment_content": "這個時候，只要笑就好了。"}, {"comment_author": "syntax123", "comment_date": ["04/12", "13:18"], "comment_content": "人權民主  爽啦"}, {"comment_author": "cmbyts", "comment_date": ["04/12", "13:20"], "comment_content": "沒禁止狼師行為？"}, {"comment_author": "TwopairsH", "comment_date": ["04/12", "13:21"], "comment_content": "教育部這麼會教牽回去自己教"}, {"comment_author": "haklim", "comment_date": ["04/12", "13:25"], "comment_content": "教育部公務員vs.學校第一線教學現"}, {"comment_author": "haklim", "comment_date": ["04/12", "13:25"], "comment_content": "場基層老師"}, {"comment_author": "qaz12453", "comment_date": ["04/12", "13:27"], "comment_content": "管下去又哪個學生掏出蝴蝶刀那種"}, {"comment_author": "qaz12453", "comment_date": ["04/12", "13:28"], "comment_content": "老師直接掰 學生沒事"}, {"comment_author": "qaz12453", "comment_date": ["04/12", "13:28"], "comment_content": "國中國小最好自保 被記過也好過賠命"}, {"comment_author": "j55888819", "comment_date": ["04/12", "13:28"], "comment_content": "教育部長就是最不懂教育的白癡在當的"}, {"comment_author": "qaz12453", "comment_date": ["04/12", "13:29"], "comment_content": "不然就是學生跟恐龍家長哭 一樣被搞"}, {"comment_author": "qaz12453", "comment_date": ["04/12", "13:29"], "comment_content": "怎樣都保命 領薪水 別多事 這就是現況"}, {"comment_author": "Tristanh", "comment_date": ["04/12", "13:33"], "comment_content": "這種不痛不癢的管教，學生當老大就好了"}, {"comment_author": "parappa", "comment_date": ["04/12", "13:40"], "comment_content": "笑死"}, {"comment_author": "lifeful", "comment_date": ["04/12", "13:50"], "comment_content": "任課老師哪知道他今天站多久了"}, {"comment_author": "ttsieg", "comment_date": ["04/12", "14:00"], "comment_content": "你叫我站 我可以去睡覺...."}, {"comment_author": "seiya1201", "comment_date": ["04/12", "14:09"], "comment_content": "第8堂課老師:糟了這小子今天每項都罰滿"}, {"comment_author": "seiya1201", "comment_date": ["04/12", "14:09"], "comment_content": "了 我還剩什麼可以罰他"}, {"comment_author": "missile", "comment_date": ["04/12", "14:14"], "comment_content": "學生不甩你，學校能強制嗎？"}, {"comment_author": "skyprayer", "comment_date": ["04/12", "14:26"], "comment_content": "毫無嚇阻作用"}, {"comment_author": "bbs0840738", "comment_date": ["04/12", "15:30"], "comment_content": "以後每個學生要有罰站小卡 下午的老"}, {"comment_author": "bbs0840738", "comment_date": ["04/12", "15:30"], "comment_content": "師有罰站要先看有沒有超時"}, {"comment_author": "hook99", "comment_date": ["04/12", "16:25"], "comment_content": "要掛牌子寫我站幾小時了"}, {"comment_author": "awney", "comment_date": ["04/12", "19:26"], "comment_content": "智障"}, {"comment_author": "smartommy", "comment_date": ["04/12", "20:36"], "comment_content": "智障政府"}, {"comment_author": "Hermesnavy", "comment_date": ["04/13", "18:30"], "comment_content": "官員果然活在象牙塔 沒遇過垃圾學生"}, {"comment_author": "Hermesnavy", "comment_date": ["04/13", "18:34"], "comment_content": "限制參加社團？白癡！社團一堆都翹課"}, {"comment_author": "Hermesnavy", "comment_date": ["04/13", "18:34"], "comment_content": "是不知道現在垃圾學生很多嗎"}, {"comment_author": "SPAEK", "comment_date": ["04/13", "19:26"], "comment_content": "搞笑的是 老師真不管 好好過日子 人本也是"}, {"comment_author": "SPAEK", "comment_date": ["04/13", "19:26"], "comment_content": "把責任推到老師身上 叫你要多點愛心去理解"}, {"comment_author": "SPAEK", "comment_date": ["04/13", "19:29"], "comment_content": "十年前左右道聽胡說 據說曾有學校把班級給"}, {"comment_author": "SPAEK", "comment_date": ["04/13", "19:29"], "comment_content": "人本示範 結果沒特別選學生 結果大翻車"}, {"comment_author": "SPAEK", "comment_date": ["04/13", "19:30"], "comment_content": "這些項目是現在進行式 人本只是力求落實"}, {"comment_author": "SPAEK", "comment_date": ["04/13", "19:30"], "comment_content": "所以說老師不要管太多 是真的會出事"}, {"comment_author": "SPAEK", "comment_date": ["04/13", "19:32"], "comment_content": "但也不能不管 最穩就是要求悔過書 有個書"}, {"comment_author": "SPAEK", "comment_date": ["04/13", "19:32"], "comment_content": "面紀錄 他不寫就算了 大家都平安"}, {"comment_author": "SPAEK", "comment_date": ["04/13", "19:43"], "comment_content": "新老師別以為熱血 該紀錄紀錄 該通報通報"}, {"comment_author": "SPAEK", "comment_date": ["04/13", "19:43"], "comment_content": "學校壓別管 通報紀錄留好 有糾紛別幫搓 讓"}, {"comment_author": "SPAEK", "comment_date": ["04/13", "19:43"], "comment_content": "家長想告對方就告 該給啥就給 不是每個孩"}, {"comment_author": "SPAEK", "comment_date": ["04/13", "19:43"], "comment_content": "子都有緣 幫有緣的就好 別信教程時的鬼話"}]}
