{"author": "Faye88 (地圖)", "category": "Gossiping", "title": "[新聞] 又見兒虐？北市幼兒硬腦膜出血 保母收托", "date": "Mon Apr 15 10:27:12 2024", "content": ["備註請放最後面 違者新聞文章刪除1.媒體來源:自由時報2.記者署名:甘孟霖3.完整新聞標題:又見兒虐？北市幼兒硬腦膜出血 保母收托時段疑回報不實4.完整新聞內文:台北市家庭暴力暨性侵害防治中心昨（11日）接獲通報，1名幼兒送醫診斷出硬腦膜出血，目前雖無法確認為兒虐案件，社會局為求謹慎啟動「檢警早期介入偵辦機制」。社會局指出，保母部分經初步訪談針對收托時段疑似有回報不符情形，如經確認撤銷其準公共合作資格，如期限內未改善還將處6千至3萬元罰鍰。社會局表示，家防中心接獲通報後立即派案調查，同步訪視兒童、家長與保母，警方也到場了解案情；幼兒傷勢部分，經現場觀察，案主年齡發展曲線正常，除硬腦膜出血，軀幹四隻無其他明顯外傷，情況責任歸屬還待釐清。不過，社會局指出，保母今年才新收托該幼兒，經初步訪談，針對案主收托時段，疑似有回報不符情形，如經確認屬實，則違反居家式托育服務提供者登記及管理辦法，該局將令限期改善並撤銷其準公共合作資格，如仍未改善將處6千至3萬元罰鍰。在案情尚未釐清責任歸屬前，為確保幼兒安全，保母收托其他兒童，也將請家長暫停送托。5.完整新聞連結 (或短網址", "6.備註:只打頭不打手腳？--"], "post_comment": [{"comment_author": "frommr", "comment_date": ["04/15", "10:27"], "comment_content": "硬膜出血...是他媽多大力..."}, {"comment_author": "preisner", "comment_date": ["04/15", "10:28"], "comment_content": "好,柯P8年遺毒,和蔣公子完全無關"}, {"comment_author": "renna038766", "comment_date": ["04/15", "10:28"], "comment_content": "蔣萬安、柯文哲繼續裝死"}, {"comment_author": "KSHLO", "comment_date": ["04/15", "10:28"], "comment_content": "凱凱都要被遺忘了"}, {"comment_author": "maple0603", "comment_date": ["04/15", "10:28"], "comment_content": "6千到三萬QQ"}, {"comment_author": "ruthertw", "comment_date": ["04/15", "10:28"], "comment_content": "鬼島台北市有夠丟臉,虐了多少童了?肏!!!"}, {"comment_author": "renna038766", "comment_date": ["04/15", "10:28"], "comment_content": "南部都沒發生 就北部一直發生"}, {"comment_author": "s820912gmail", "comment_date": ["04/15", "10:28"], "comment_content": "又是台北市"}, {"comment_author": "renna038766", "comment_date": ["04/15", "10:29"], "comment_content": "新北鬼父市 台北虐童市"}, {"comment_author": "renna038766", "comment_date": ["04/15", "10:29"], "comment_content": "毛骨悚然 毛骨悚然！"}, {"comment_author": "kiddcat", "comment_date": ["04/15", "10:29"], "comment_content": "高處掉下來?"}, {"comment_author": "skyringcha", "comment_date": ["04/15", "10:30"], "comment_content": "上面全力炒房 小事不要吵好嗎"}, {"comment_author": "rq654", "comment_date": ["04/15", "10:31"], "comment_content": "內文看起來沒虐吧?"}, {"comment_author": "huiyin220923", "comment_date": ["04/15", "10:33"], "comment_content": "台北虐兒市日常"}, {"comment_author": "huiyin220923", "comment_date": ["04/15", "10:33"], "comment_content": "台北沒事 噁芯違停仔等等就推給中"}, {"comment_author": "ben0715", "comment_date": ["04/15", "10:34"], "comment_content": "市長:中央出來面對,不要裝死!"}, {"comment_author": "Hooz", "comment_date": ["04/15", "10:34"], "comment_content": "台北市是幼兒地獄嗎 市長還在睡？"}, {"comment_author": "s66449", "comment_date": ["04/15", "10:35"], "comment_content": "6千至3萬元罰鍰"}, {"comment_author": "a1277034", "comment_date": ["04/15", "10:37"], "comment_content": "萬安寶寶快找四川伯護駕，然後柯屁下台"}, {"comment_author": "kevin31a2", "comment_date": ["04/15", "10:37"], "comment_content": "最沒擔當的市長，期待什麼？"}, {"comment_author": "yamhome", "comment_date": ["04/15", "10:49"], "comment_content": "北市淪為幼兒地獄"}, {"comment_author": "mynews", "comment_date": ["04/15", "10:58"], "comment_content": "天龍人真變態"}, {"comment_author": "td770715", "comment_date": ["04/15", "11:26"], "comment_content": "有政府好安心 少子化大成功"}, {"comment_author": "HCTL", "comment_date": ["04/15", "11:40"], "comment_content": "垃圾好多"}, {"comment_author": "iceroy", "comment_date": ["04/15", "11:59"], "comment_content": "有川伯台北萬事安"}, {"comment_author": "beyir", "comment_date": ["04/15", "19:27"], "comment_content": "虐童唯一死刑吧"}, {"comment_author": "seesky82321", "comment_date": ["04/15", "19:31"], "comment_content": ""}]}
