{"author": "kcbill (明日やろうは馬鹿野郎だ)", "category": "Gossiping", "title": "[新聞] 民調／蔡英文執政8年畢業倒數　「滿意度", "date": "Wed Apr 17 19:44:01 2024", "content": ["1.媒體來源:TVBS2.記者署名:記者 陳昫蓁 報導3.完整新聞標題:民調／蔡英文執政8年畢業倒數　「滿意度破50%」這族群最高4.完整新聞內文:總統蔡英文執政8年即將卸任，《鏡新聞》今（17日）公布總統施政滿意度最新民調，有50.4%過半數的民眾表達滿意，而不滿意度則為39.5%，以年齡交叉分析，年長族群對蔡總統施政成績滿意度較高，最高為70歲以上有63.9%。總統當選人賴清德將於5月20日正式上任，針對蔡英文八年施政評價，有50.4%過半數的民眾表達滿意（17.3%非常滿意、33.1%還算滿意）、39.5%表示不滿意（18.6%非常不滿意、20.9%不太滿意）；交叉分析顯示，民進黨支持者91.5%高度肯定蔡總統，然而在野的國民黨支持者77.0%、與民眾黨支持者68.1%表示不滿意。其中若以年齡交叉分析，年長族群對蔡總統施政成績滿意度較高，最高為70歲以上有63.9%、次為65-69歲有57.5%、以及30-34歲有52.2%過半數以上滿意蔡總統施政成績；惟55-59歲的民眾有51.5%過半數不滿意蔡總統施政。本調查由《鏡新聞》規劃，並委託大地民意研究公司協助問卷設計與執行調查。自2024年4月14日至4月15日，調查戶籍於台閩地區且年滿20歲以上的民眾。有效樣本：市話539人、手機539人，共1,078人，在95%信心水準下抽樣誤差正負2.93%。調查抽樣方法採用市話及手機雙底冊訪問，市話採用縣市電話比例進行分層抽樣，手機使用後五碼隨機抽樣抽出號碼。加權方式依內政部最新人口資料，針對戶籍地行政區、性別、教育程度及年齡採用多重反覆加權(Raking)。母體資料來源為數位發展部政府資料開放平台", ".tw/。經費來源：鏡電視。5.完整新聞連結 (或短網址)不可用YAHOO、LINE、MSN等轉載媒體:", "6.備註:", "--"], "post_comment": [{"comment_author": "omfg5487", "comment_date": ["04/17", "19:44"], "comment_content": "八卦又翻車"}, {"comment_author": "s50101", "comment_date": ["04/17", "19:44"], "comment_content": "這邊都關鍵少數"}, {"comment_author": "yu7038", "comment_date": ["04/17", "19:44"], "comment_content": "八又翻 嘻嘻"}, {"comment_author": "qweertyui891", "comment_date": ["04/17", "19:45"], "comment_content": "政黑平均年齡太高了吧"}, {"comment_author": "powerggyy", "comment_date": ["04/17", "19:45"], "comment_content": "現在還有不聽話的電視台嗎"}, {"comment_author": "jackycheny", "comment_date": ["04/17", "19:45"], "comment_content": "20年來党的經濟最好，怎有人不滿意"}, {"comment_author": "ams9", "comment_date": ["04/17", "19:45"], "comment_content": "\"30-34歲有52.2%過半數以上滿意\""}, {"comment_author": "ldstar", "comment_date": ["04/17", "19:45"], "comment_content": "70歲以上都癡呆了  挺蔡真的不意外"}, {"comment_author": "james732", "comment_date": ["04/17", "19:45"], "comment_content": "有超過一半的人覺得蔡英文很棒"}, {"comment_author": "dreamsea2109", "comment_date": ["04/17", "19:45"], "comment_content": "八又"}, {"comment_author": "s10130804", "comment_date": ["04/17", "19:45"], "comment_content": "房價越漲老人越支持啊"}, {"comment_author": "s10130804", "comment_date": ["04/17", "19:45"], "comment_content": "買不起房的早就被淘汰掉了嘻嘻"}, {"comment_author": "chuchichan", "comment_date": ["04/17", "19:46"], "comment_content": "看八卦還以為只有5% 有夠反指標"}, {"comment_author": "iamandre", "comment_date": ["04/17", "19:46"], "comment_content": "政客 財團 愚民"}, {"comment_author": "xeins", "comment_date": ["04/17", "19:46"], "comment_content": "這麼滿意那清德得票率多少啊？"}, {"comment_author": "donotsettle", "comment_date": ["04/17", "19:47"], "comment_content": "2026不知道會不會更慘 嘻嘻"}, {"comment_author": "ledmstony", "comment_date": ["04/17", "19:47"], "comment_content": "綠畜最愛的母豬"}, {"comment_author": "gunng", "comment_date": ["04/17", "19:47"], "comment_content": "總比前台北市長選總統結果票輸光光好看"}, {"comment_author": "jeffky", "comment_date": ["04/17", "19:47"], "comment_content": "和本板風向差這麼多，一定是假民調。"}, {"comment_author": "wuheroin", "comment_date": ["04/17", "19:48"], "comment_content": ""}, {"comment_author": "Orangemikan", "comment_date": ["04/17", "19:48"], "comment_content": "呵呵...一堆綠霉歌功頌德"}, {"comment_author": "Behind4", "comment_date": ["04/17", "19:49"], "comment_content": "過期的蝦仁最對味"}, {"comment_author": "dlam002", "comment_date": ["04/17", "19:49"], "comment_content": "完了，TVBS要變成綠媒了"}, {"comment_author": "Yohachan", "comment_date": ["04/17", "19:49"], "comment_content": "看八卦都以為隨時會被彈劾"}, {"comment_author": "coffee112", "comment_date": ["04/17", "19:49"], "comment_content": "幸好台灣有817 不然早就變成香港第二"}, {"comment_author": "syntax123", "comment_date": ["04/17", "19:49"], "comment_content": "八又翻"}, {"comment_author": "tchialen", "comment_date": ["04/17", "19:49"], "comment_content": "藍白粉崩潰"}, {"comment_author": "dearjohn", "comment_date": ["04/17", "19:50"], "comment_content": "反觀"}, {"comment_author": "gtcb", "comment_date": ["04/17", "19:50"], "comment_content": "老人幾乎都支持蔡英文"}, {"comment_author": "GordonRamsay", "comment_date": ["04/17", "19:50"], "comment_content": "八翻雲集"}, {"comment_author": "qber", "comment_date": ["04/17", "19:50"], "comment_content": ""}, {"comment_author": "Emper", "comment_date": ["04/17", "19:50"], "comment_content": "有遊覽車搭 又有便當搶 老人當然滿意"}, {"comment_author": "ha11111543", "comment_date": ["04/17", "19:51"], "comment_content": "老人死忠的"}, {"comment_author": "hidewin200", "comment_date": ["04/17", "19:51"], "comment_content": "這台本來就不分顏色 狗腿台啊,查下去"}, {"comment_author": "hidewin200", "comment_date": ["04/17", "19:51"], "comment_content": " 搞不好收不少勒"}, {"comment_author": "WIGGINS22", "comment_date": ["04/17", "19:51"], "comment_content": ""}, {"comment_author": "edward198791", "comment_date": ["04/17", "19:51"], "comment_content": "垃圾綠畜最愛"}, {"comment_author": "ukif", "comment_date": ["04/17", "19:52"], "comment_content": "無恥"}, {"comment_author": "Yidra", "comment_date": ["04/17", "19:52"], "comment_content": "畢竟是死忠的"}, {"comment_author": "love9130218", "comment_date": ["04/17", "19:52"], "comment_content": "是那個記者能進檢調單位的鏡新聞嗎"}, {"comment_author": "love9130218", "comment_date": ["04/17", "19:52"], "comment_content": "？"}, {"comment_author": "shadowdio", "comment_date": ["04/17", "19:52"], "comment_content": "媒體洗腦度"}, {"comment_author": "young41", "comment_date": ["04/17", "19:52"], "comment_content": "推！小英把台灣帶向世界的巔峰"}, {"comment_author": "westhaown", "comment_date": ["04/17", "19:52"], "comment_content": "綠畜內調 北七"}, {"comment_author": "loking", "comment_date": ["04/17", "19:53"], "comment_content": "鏡週刊XD"}, {"comment_author": "bamm", "comment_date": ["04/17", "19:53"], "comment_content": "八卦藍白同溫層崩潰"}, {"comment_author": "FannWong", "comment_date": ["04/17", "19:53"], "comment_content": "別她媽說我們40%了 是50%俱樂部"}, {"comment_author": "bigpan", "comment_date": ["04/17", "19:53"], "comment_content": "太低了吧 8成差不多"}, {"comment_author": "young41", "comment_date": ["04/17", "19:53"], "comment_content": "大家真的要支持小英再當總統才行"}, {"comment_author": "sleepyrat", "comment_date": ["04/17", "19:54"], "comment_content": "賴+柯=英"}, {"comment_author": "iamxup6", "comment_date": ["04/17", "19:54"], "comment_content": "經費來源：鏡電視"}, {"comment_author": "sturmpionier", "comment_date": ["04/17", "19:54"], "comment_content": "民眾黨做最後馬上接一篇蔡最高"}, {"comment_author": "aa0845", "comment_date": ["04/17", "19:54"], "comment_content": "比假老二民調真實多了"}, {"comment_author": "KEYSOLIDER", "comment_date": ["04/17", "19:54"], "comment_content": "哇 三十歲青壯年超多人挺小英"}, {"comment_author": "qb110425", "comment_date": ["04/17", "19:54"], "comment_content": "又在自慰了"}, {"comment_author": "dd1115dd1115", "comment_date": ["04/17", "19:54"], "comment_content": "台灣將來亡國真的不用怪別人"}, {"comment_author": "rock610808", "comment_date": ["04/17", "19:55"], "comment_content": "不是40%而已嗎？造假這麼開心"}, {"comment_author": "s142857", "comment_date": ["04/17", "19:55"], "comment_content": "媒體都綠的啊正常"}, {"comment_author": "riker729", "comment_date": ["04/17", "19:55"], "comment_content": "死忠老人太多"}, {"comment_author": "huangjyuan", "comment_date": ["04/17", "19:55"], "comment_content": "這屆根本都沒看到人好嗎 躲起來就好"}, {"comment_author": "keirto", "comment_date": ["04/17", "19:55"], "comment_content": "民進黨開始國民黨化嗎"}, {"comment_author": "yamhome", "comment_date": ["04/17", "19:55"], "comment_content": "反觀3%馬英九"}, {"comment_author": "wjonz0102", "comment_date": ["04/17", "19:56"], "comment_content": "得老年人得天下"}, {"comment_author": "leohayashi1", "comment_date": ["04/17", "19:56"], "comment_content": "果然是鏡新聞 另一個側翼媒體"}, {"comment_author": "zzro", "comment_date": ["04/17", "19:56"], "comment_content": "817的選擇 台灣價值"}, {"comment_author": "a1277034", "comment_date": ["04/17", "19:56"], "comment_content": "維持高房價，老人笑呵呵"}, {"comment_author": "rererere147", "comment_date": ["04/17", "19:56"], "comment_content": "70歲以上也要畢業了啊"}, {"comment_author": "fertalizer", "comment_date": ["04/17", "19:56"], "comment_content": "如果真有50%那賴清德得票率就不是40%"}, {"comment_author": "fertalizer", "comment_date": ["04/17", "19:56"], "comment_content": " 笑死"}, {"comment_author": "forsell", "comment_date": ["04/17", "19:56"], "comment_content": "八卦反指標還敢笑政黑啊"}, {"comment_author": "now99", "comment_date": ["04/17", "19:57"], "comment_content": "558"}, {"comment_author": "Demia", "comment_date": ["04/17", "19:57"], "comment_content": "八卦又翻車了，我怎麼會說又呢？"}, {"comment_author": "ET01", "comment_date": ["04/17", "19:57"], "comment_content": "反觀前一任的馬皇.史上最笑死"}, {"comment_author": "scott0104", "comment_date": ["04/17", "19:58"], "comment_content": "一直洗也掩飾不了選舉只有40%啦"}, {"comment_author": "scott0104", "comment_date": ["04/17", "19:58"], "comment_content": "難怪府院指定，原來還有這招大內宣啊"}, {"comment_author": "bole", "comment_date": ["04/17", "19:58"], "comment_content": "70歲以上都被黨媒洗腦，一群無恥冥嘴"}, {"comment_author": "y0707186", "comment_date": ["04/17", "19:58"], "comment_content": "以後要改死忠50%"}, {"comment_author": "mxr", "comment_date": ["04/17", "19:58"], "comment_content": "結果綠委是51隻沒用智障～真逗趣XD"}, {"comment_author": "kurapica1028", "comment_date": ["04/17", "19:59"], "comment_content": "所以超過40趴的10趴為什麼不投賴？"}, {"comment_author": "CountingStar", "comment_date": ["04/17", "19:59"], "comment_content": "保底40% 死忠的"}, {"comment_author": "andy199113", "comment_date": ["04/17", "19:59"], "comment_content": "賣台蔡英文 2025抓去監獄關到死"}, {"comment_author": "ASEVE", "comment_date": ["04/17", "19:59"], "comment_content": "一直買民調來洗"}, {"comment_author": "RisingTackle", "comment_date": ["04/17", "19:59"], "comment_content": "70歲以上有63.9%"}, {"comment_author": "d8751102", "comment_date": ["04/17", "19:59"], "comment_content": "八又翻"}, {"comment_author": "toraku88", "comment_date": ["04/17", "20:00"], "comment_content": "        政黑老人老當益壯 而且嘴巴真臭"}, {"comment_author": "open123", "comment_date": ["04/17", "20:00"], "comment_content": " 八又翻"}, {"comment_author": "changmary", "comment_date": ["04/17", "20:01"], "comment_content": "反觀馬首長卸任個位數"}, {"comment_author": "tryit076187", "comment_date": ["04/17", "20:01"], "comment_content": "只有雜草不滿意，整天找麻煩"}, {"comment_author": "grosjeanyang", "comment_date": ["04/17", "20:03"], "comment_content": "tvbs不意外，跟三立一個樣"}, {"comment_author": "froce", "comment_date": ["04/17", "20:03"], "comment_content": "畢竟是死忠的。科科"}, {"comment_author": "jil", "comment_date": ["04/17", "20:04"], "comment_content": "....什麼都沒做 靠媒體跟側翼就有50% 立下了"}, {"comment_author": "QooSnow", "comment_date": ["04/17", "20:04"], "comment_content": "老人和7年級死忠的。"}, {"comment_author": "d8751102", "comment_date": ["04/17", "20:04"], "comment_content": "屌打藍白仔 爽"}, {"comment_author": "playoffmogi", "comment_date": ["04/17", "20:04"], "comment_content": "比較不用腦的那些"}, {"comment_author": "dogdream", "comment_date": ["04/17", "20:04"], "comment_content": "年長的都失智屎忠的 不ey"}, {"comment_author": "jil", "comment_date": ["04/17", "20:04"], "comment_content": "最爛的總統之稱"}, {"comment_author": "treasurekid", "comment_date": ["04/17", "20:04"], "comment_content": "嘻嘻"}, {"comment_author": "Virness", "comment_date": ["04/17", "20:04"], "comment_content": "鏡新聞做的你相信"}, {"comment_author": "bonfferoni", "comment_date": ["04/17", "20:05"], "comment_content": "死忠的"}, {"comment_author": "acdawa", "comment_date": ["04/17", "20:05"], "comment_content": "八又翻"}, {"comment_author": "simo520", "comment_date": ["04/17", "20:05"], "comment_content": "還在洗評價"}, {"comment_author": "LausuTsai", "comment_date": ["04/17", "20:05"], "comment_content": "老害不意外"}, {"comment_author": "aasdqwe", "comment_date": ["04/17", "20:05"], "comment_content": "事實證明下面的人越廢 上面越高分"}, {"comment_author": "Paulsic", "comment_date": ["04/17", "20:05"], "comment_content": "確實屌打40"}, {"comment_author": "tatol", "comment_date": ["04/17", "20:06"], "comment_content": "幹 南部老頭票娼仔"}, {"comment_author": "eeccms", "comment_date": ["04/17", "20:06"], "comment_content": ""}, {"comment_author": "Geel", "comment_date": ["04/17", "20:06"], "comment_content": "真的死忠"}, {"comment_author": "b2233a44", "comment_date": ["04/17", "20:06"], "comment_content": "超滿意的阿 缺電"}, {"comment_author": "jiouje", "comment_date": ["04/17", "20:07"], "comment_content": "史上得票最高總統 滿意度也最高 八又翻"}, {"comment_author": "avavgirl", "comment_date": ["04/17", "20:07"], "comment_content": "看到垃圾白藍崩潰就是爽"}, {"comment_author": "DeathTemp", "comment_date": ["04/17", "20:07"], "comment_content": "藍白粉不知道是崩潰還是急了，說話開始"}, {"comment_author": "DeathTemp", "comment_date": ["04/17", "20:07"], "comment_content": "語無倫次"}, {"comment_author": "dogdudu", "comment_date": ["04/17", "20:08"], "comment_content": "躲起來當吉祥物當然沒仇恨值，對象換成"}, {"comment_author": "dogdudu", "comment_date": ["04/17", "20:08"], "comment_content": "蘇貞昌、陳時中、柯建銘試看看！"}, {"comment_author": "GimO", "comment_date": ["04/17", "20:08"], "comment_content": "「鏡新聞」"}, {"comment_author": "Nuey", "comment_date": ["04/17", "20:08"], "comment_content": "謝謝蔡英文讓我知道總統不受訪=高滿意度"}, {"comment_author": "azcooper", "comment_date": ["04/17", "20:10"], "comment_content": "感謝党"}, {"comment_author": "earthfury", "comment_date": ["04/17", "20:10"], "comment_content": "以後總統用AI虛擬人物來票選就好"}, {"comment_author": "hkcdc", "comment_date": ["04/17", "20:10"], "comment_content": "真好 總統都不見了還能滿意暴高"}, {"comment_author": "dior4891", "comment_date": ["04/17", "20:10"], "comment_content": "黨媒做的民調總是自慰用"}, {"comment_author": "powerworld21", "comment_date": ["04/17", "20:11"], "comment_content": "一千多人投票 50％ vs ㄧ千多萬人40"}, {"comment_author": "powerworld21", "comment_date": ["04/17", "20:11"], "comment_content": "％ 你信哪一個？"}, {"comment_author": "catfixdog", "comment_date": ["04/17", "20:11"], "comment_content": "噁心"}, {"comment_author": "uller", "comment_date": ["04/17", "20:11"], "comment_content": "可悲死忠腦幹仔"}, {"comment_author": "Azdji", "comment_date": ["04/17", "20:11"], "comment_content": "笑死八又翻 這次要拿出麼出來救援？"}, {"comment_author": "Taizu", "comment_date": ["04/17", "20:13"], "comment_content": "八卦板就是反指標啊  智障酸民賤蛆太多了"}, {"comment_author": "clover1211", "comment_date": ["04/17", "20:14"], "comment_content": "對老年人來說 負債干他屁事 最好花錢"}, {"comment_author": "clover1211", "comment_date": ["04/17", "20:14"], "comment_content": "給後面的人還 還沒房價低薪也不關他的"}, {"comment_author": "clover1211", "comment_date": ["04/17", "20:14"], "comment_content": "事"}, {"comment_author": "dreamaki", "comment_date": ["04/17", "20:15"], "comment_content": "40%的垃圾們也只剩這種事能自慰了"}, {"comment_author": "FadOut", "comment_date": ["04/17", "20:15"], "comment_content": "鏡新聞"}, {"comment_author": "STi2011", "comment_date": ["04/17", "20:15"], "comment_content": "果然是老人的最愛"}, {"comment_author": "plbroum88", "comment_date": ["04/17", "20:15"], "comment_content": "我真的非常捨不得蔡英文總統 她是中華"}, {"comment_author": "plbroum88", "comment_date": ["04/17", "20:15"], "comment_content": "民國台灣有史以來最好的總統！"}, {"comment_author": "epinephelus", "comment_date": ["04/17", "20:15"], "comment_content": "8又翻  真可憐"}, {"comment_author": "moocow", "comment_date": ["04/17", "20:16"], "comment_content": "鏡新聞"}, {"comment_author": "westinsane", "comment_date": ["04/17", "20:17"], "comment_content": "不錯喔，畢竟是死忠的"}, {"comment_author": "alan0204", "comment_date": ["04/17", "20:20"], "comment_content": "老人最愛"}, {"comment_author": "ui", "comment_date": ["04/17", "20:20"], "comment_content": "不錯喔！有91%，綠營支持者果然夠死忠！"}, {"comment_author": "KComingYa", "comment_date": ["04/17", "20:20"], "comment_content": "鬼扯"}, {"comment_author": "richardlala", "comment_date": ["04/17", "20:20"], "comment_content": "老年人買一堆房子 價值一堆錢當然好"}, {"comment_author": "ui", "comment_date": ["04/17", "20:20"], "comment_content": "反正不管發生什麼事，這些綠營的還是忠於黨吧"}, {"comment_author": "walkwithyou", "comment_date": ["04/17", "20:21"], "comment_content": "政治正確"}, {"comment_author": "catvsdog", "comment_date": ["04/17", "20:22"], "comment_content": "鏡新聞 意外什麼？"}, {"comment_author": "lumi0811", "comment_date": ["04/17", "20:22"], "comment_content": "死老害 可憐鬼島年輕人"}, {"comment_author": "chentosi1217", "comment_date": ["04/17", "20:22"], "comment_content": "靠邀，政黑真的有夠老"}, {"comment_author": "pastmory", "comment_date": ["04/17", "20:22"], "comment_content": "陳小姐 做智障假民調對得起自己的父母"}, {"comment_author": "pastmory", "comment_date": ["04/17", "20:22"], "comment_content": "嗎；）"}, {"comment_author": "eiyuwu25", "comment_date": ["04/17", "20:23"], "comment_content": "好感動。抗中保台"}, {"comment_author": "blueman1025", "comment_date": ["04/17", "20:23"], "comment_content": "鏡新聞……"}, {"comment_author": "catvsdog", "comment_date": ["04/17", "20:23"], "comment_content": "知道操控霉體的厲害惹吧 什麼民調都可"}, {"comment_author": "catvsdog", "comment_date": ["04/17", "20:23"], "comment_content": "以吱己做"}, {"comment_author": "haw561676", "comment_date": ["04/17", "20:24"], "comment_content": "綠共最愛用的假民調"}, {"comment_author": "gprs910", "comment_date": ["04/17", "20:24"], "comment_content": "大哥。你抽樣的 樣本有問題你不懂？"}, {"comment_author": "kkira", "comment_date": ["04/17", "20:25"], "comment_content": "騙騙低層老人最厲害"}, {"comment_author": "jkhz", "comment_date": ["04/17", "20:25"], "comment_content": "時間會證明一切~~~賴會證明小英的執政成果"}, {"comment_author": "Imagine16", "comment_date": ["04/17", "20:26"], "comment_content": "笑死tvbs認證"}, {"comment_author": "a03520", "comment_date": ["04/17", "20:26"], "comment_content": "這麼多滿意，油電雙漲在靠北的是誰"}, {"comment_author": "miliq", "comment_date": ["04/17", "20:26"], "comment_content": "人生七十古來稀 腦袋全是空固力"}, {"comment_author": "Dean997", "comment_date": ["04/17", "20:26"], "comment_content": "民調怎麼從來沒問過我！"}, {"comment_author": "alexjeter", "comment_date": ["04/17", "20:28"], "comment_content": "呵呵 低端垃圾老人"}, {"comment_author": "witnessg", "comment_date": ["04/17", "20:29"], "comment_content": "母豬紅感"}, {"comment_author": "akway", "comment_date": ["04/17", "20:30"], "comment_content": "藍白粉又崩潰了"}, {"comment_author": "ayeae", "comment_date": ["04/17", "20:30"], "comment_content": "太魯閣 普優馬 大停電 疫苗 還能死忠真不"}, {"comment_author": "ayeae", "comment_date": ["04/17", "20:30"], "comment_content": "簡單"}, {"comment_author": "Jack2277", "comment_date": ["04/17", "20:31"], "comment_content": "老害真多"}, {"comment_author": "semicoma", "comment_date": ["04/17", "20:35"], "comment_content": "這新聞沒提到的歲數範圍是18-29, 35-54,"}, {"comment_author": "semicoma", "comment_date": ["04/17", "20:35"], "comment_content": "60-64 我真好奇如何在兩個年齡段滿意度"}, {"comment_author": "a105030102", "comment_date": ["04/17", "20:35"], "comment_content": "鏡週刊 呵呵"}, {"comment_author": "semicoma", "comment_date": ["04/17", "20:36"], "comment_content": "超高的情況下 最後總滿意度只有50.4%"}, {"comment_author": "semicoma", "comment_date": ["04/17", "20:36"], "comment_content": "所以說這篇就是新聞學典範 示範如何隱惡"}, {"comment_author": "leoc554", "comment_date": ["04/17", "20:36"], "comment_content": "30-34剛好在成家時 買在房子起漲點"}, {"comment_author": "leoc554", "comment_date": ["04/17", "20:36"], "comment_content": "合理吧"}, {"comment_author": "semicoma", "comment_date": ["04/17", "20:37"], "comment_content": "揚善來偷偷護航"}, {"comment_author": "BREAKFAST204", "comment_date": ["04/17", "20:37"], "comment_content": "不要懷疑老人的思考能力"}, {"comment_author": "chidori728", "comment_date": ["04/17", "20:37"], "comment_content": "御用霉體天天洗腦，噁心"}, {"comment_author": "semicoma", "comment_date": ["04/17", "20:37"], "comment_content": "@leoc554 那35-54更早買房房價跟著漲 怎"}, {"comment_author": "semicoma", "comment_date": ["04/17", "20:38"], "comment_content": "麼滿意度就不會反映出來呢? 有個概念是"}, {"comment_author": "kimfor", "comment_date": ["04/17", "20:38"], "comment_content": "黨報鏡週刊"}, {"comment_author": "semicoma", "comment_date": ["04/17", "20:38"], "comment_content": "X有相關性不等於有因果關係 你可以以此"}, {"comment_author": "semicoma", "comment_date": ["04/17", "20:39"], "comment_content": "去重新思考你前述的說法"}, {"comment_author": "ericc5566", "comment_date": ["04/17", "20:39"], "comment_content": "這民調真實性應該比某假老二可信"}, {"comment_author": "basslife", "comment_date": ["04/17", "20:39"], "comment_content": "70歲以上..."}, {"comment_author": "a31670323", "comment_date": ["04/17", "20:40"], "comment_content": "黨媒讚喔"}, {"comment_author": "basslife", "comment_date": ["04/17", "20:40"], "comment_content": "30-34有52.2%喔 也高40%太多了吧"}, {"comment_author": "albert2406", "comment_date": ["04/17", "20:40"], "comment_content": "台灣被這群垃圾老人綁架"}, {"comment_author": "andre9", "comment_date": ["04/17", "20:41"], "comment_content": "網軍占了百分之30"}, {"comment_author": "nitvx", "comment_date": ["04/17", "20:42"], "comment_content": "整天人都不知道在幹嘛，政見一堆沒達成"}, {"comment_author": "s01714", "comment_date": ["04/17", "20:43"], "comment_content": "老不死的禍害，都快進棺材了還要拖"}, {"comment_author": "s01714", "comment_date": ["04/17", "20:43"], "comment_content": "子孫下水，可悲"}, {"comment_author": "OGCOGCOGCOGC", "comment_date": ["04/17", "20:44"], "comment_content": "垃圾菜陰魂"}, {"comment_author": "sw9294", "comment_date": ["04/17", "20:44"], "comment_content": "以後永久執政了，太神啦我的黨"}, {"comment_author": "nicklyyyy", "comment_date": ["04/17", "20:45"], "comment_content": "真不知道該說啥，腦子壞了"}, {"comment_author": "perlone", "comment_date": ["04/17", "20:46"], "comment_content": "八又翻"}, {"comment_author": "erer0706", "comment_date": ["04/17", "20:49"], "comment_content": "馬學運後滿意度剩9%，或許蔡真的有料？"}, {"comment_author": "enkidu0830", "comment_date": ["04/17", "20:50"], "comment_content": "不到滿意，但也沒有不滿意"}, {"comment_author": "justboa", "comment_date": ["04/17", "20:51"], "comment_content": "哪個建商、綠政客沒有賺飽飽，當然笑呵呵"}, {"comment_author": "sniperxii", "comment_date": ["04/17", "20:51"], "comment_content": "以後不能說40%了 是50%"}, {"comment_author": "finalmoon", "comment_date": ["04/17", "20:53"], "comment_content": "打高端幾%？"}, {"comment_author": "Eide", "comment_date": ["04/17", "20:53"], "comment_content": "媒體洗腦大成功，紅共綠共一家親"}, {"comment_author": "Joannashinn", "comment_date": ["04/17", "20:54"], "comment_content": "八卦最清醒"}, {"comment_author": "icedata", "comment_date": ["04/17", "20:54"], "comment_content": "西台灣人民以後還要感謝蔡英文的德政 讓"}, {"comment_author": "icedata", "comment_date": ["04/17", "20:54"], "comment_content": "西台灣擁有民主自由的開端"}, {"comment_author": "lockeyman", "comment_date": ["04/17", "20:55"], "comment_content": "真的噁心…"}, {"comment_author": "semicoma", "comment_date": ["04/17", "20:56"], "comment_content": "這份民調70歲以上佔總人數15.5% 滿意度"}, {"comment_author": "semicoma", "comment_date": ["04/17", "20:57"], "comment_content": "63.9% 那其他沒公布的年齡段 滿意度是要"}, {"comment_author": "semicoma", "comment_date": ["04/17", "20:57"], "comment_content": "多低才有辦法把總滿意度拉到只剩50.4%?"}, {"comment_author": "lavine0639", "comment_date": ["04/17", "20:59"], "comment_content": "八卦閉嘴 整天反串"}, {"comment_author": "syensyens", "comment_date": ["04/17", "21:02"], "comment_content": "小英真的滿意度都很不錯耶"}, {"comment_author": "IanPatty", "comment_date": ["04/17", "21:02"], "comment_content": "民進黨想學祖國的自民黨萬年執政"}, {"comment_author": "mi99911", "comment_date": ["04/17", "21:05"], "comment_content": "哇噻 這次我是40%欸"}, {"comment_author": "lgcwow", "comment_date": ["04/17", "21:06"], "comment_content": "不接受採訪，當然高啊"}, {"comment_author": "iPadProPlus", "comment_date": ["04/17", "21:06"], "comment_content": "好屌"}, {"comment_author": "poorenglish", "comment_date": ["04/17", "21:08"], "comment_content": "鏡新聞XD 從來都是黨好的內容"}, {"comment_author": "EXUAN", "comment_date": ["04/17", "21:09"], "comment_content": "太滿意了！不愧是信仰滿滿"}, {"comment_author": "roger2", "comment_date": ["04/17", "21:10"], "comment_content": "一個台灣 兩個世界"}, {"comment_author": "pipi21209", "comment_date": ["04/17", "21:11"], "comment_content": "房價物價漲翻天，滿意度還這麼高"}, {"comment_author": "schumi7401", "comment_date": ["04/17", "21:11"], "comment_content": "老人超滿意 棒"}, {"comment_author": "k078787878", "comment_date": ["04/17", "21:12"], "comment_content": "未看先猜高齡 低教育 南部"}, {"comment_author": "tasy4n", "comment_date": ["04/17", "21:14"], "comment_content": ""}, {"comment_author": "pilk", "comment_date": ["04/17", "21:15"], "comment_content": "假"}, {"comment_author": "jagger", "comment_date": ["04/17", "21:16"], "comment_content": "八又翻"}, {"comment_author": "mimocat", "comment_date": ["04/17", "21:20"], "comment_content": "幸好八卦的廢物們只是少數人"}, {"comment_author": "chingming0", "comment_date": ["04/17", "21:26"], "comment_content": "是在臭賴總統？"}, {"comment_author": "k12551", "comment_date": ["04/17", "21:30"], "comment_content": "假民調 民眾黨的民調才是真的"}, {"comment_author": "yuanhy63", "comment_date": ["04/17", "21:32"], "comment_content": "這是調查死忠仔得出來的民調嗎？党出錢"}, {"comment_author": "yuanhy63", "comment_date": ["04/17", "21:32"], "comment_content": "做來大內宣的嗎？怎麼沒到90%？還真愧"}, {"comment_author": "yuanhy63", "comment_date": ["04/17", "21:32"], "comment_content": "對金主的錢了"}, {"comment_author": "tttkkk", "comment_date": ["04/17", "21:36"], "comment_content": "真的很聰明，躲記者就好。"}, {"comment_author": "tttkkk", "comment_date": ["04/17", "21:37"], "comment_content": "萬人景仰的民選皇帝"}, {"comment_author": "Rostislav", "comment_date": ["04/17", "21:38"], "comment_content": "六成想要政黨輪替，結果待退總統支持破"}, {"comment_author": "Rostislav", "comment_date": ["04/17", "21:38"], "comment_content": "五成"}, {"comment_author": "foxvera", "comment_date": ["04/17", "21:39"], "comment_content": "八又翻"}, {"comment_author": "permanent27", "comment_date": ["04/17", "21:40"], "comment_content": "八連翻，柯憐"}, {"comment_author": "Magiko", "comment_date": ["04/17", "21:40"], "comment_content": "自慰文"}, {"comment_author": "MichaelRedd", "comment_date": ["04/17", "21:42"], "comment_content": "做那麼好怎麼選舉國會沒過半"}, {"comment_author": "ming5566", "comment_date": ["04/17", "21:44"], "comment_content": "垃圾老人"}, {"comment_author": "nightyao", "comment_date": ["04/17", "21:45"], "comment_content": "六十五歲以上在三十年前不就是覺青？"}, {"comment_author": "landpro", "comment_date": ["04/17", "21:48"], "comment_content": "小粉紅很生氣"}, {"comment_author": "cady69", "comment_date": ["04/17", "21:50"], "comment_content": "資料來源是數發部喔？看看就好"}, {"comment_author": "leviliang", "comment_date": ["04/17", "21:53"], "comment_content": "什麼垃圾總統"}, {"comment_author": "ken32293355", "comment_date": ["04/17", "21:53"], "comment_content": "果然只有癡呆的人會挺"}, {"comment_author": "MichaelRedd", "comment_date": ["04/17", "21:54"], "comment_content": "還民調啊 選舉實際結果已經告訴你"}, {"comment_author": "a24285293", "comment_date": ["04/17", "21:58"], "comment_content": "智能障礙滿意度最高"}, {"comment_author": "xpage", "comment_date": ["04/17", "21:59"], "comment_content": "低能老人最愛的"}, {"comment_author": "malowda", "comment_date": ["04/17", "22:01"], "comment_content": "說個笑話鏡電視做民調"}, {"comment_author": "malowda", "comment_date": ["04/17", "22:03"], "comment_content": "更正說個笑話鏡新聞做民調"}, {"comment_author": "qkla", "comment_date": ["04/17", "22:04"], "comment_content": "專門騙老人？"}, {"comment_author": "bking", "comment_date": ["04/17", "22:04"], "comment_content": "洗腦成功"}, {"comment_author": "jack529", "comment_date": ["04/17", "22:05"], "comment_content": "…."}, {"comment_author": "jack529", "comment_date": ["04/17", "22:06"], "comment_content": "台灣還要等這群人死才能進步"}, {"comment_author": "dangurer", "comment_date": ["04/17", "22:08"], "comment_content": "低智商人口真多"}, {"comment_author": "keele", "comment_date": ["04/17", "22:10"], "comment_content": "不說話就不會說錯話，不做事就不怕做錯事"}, {"comment_author": "keele", "comment_date": ["04/17", "22:10"], "comment_content": "，樹立典範的總統"}, {"comment_author": "hiyashi1986", "comment_date": ["04/17", "22:11"], "comment_content": "屌打9.2馬"}, {"comment_author": "wittmann4213", "comment_date": ["04/17", "22:12"], "comment_content": "滿意成這樣票投出來還是40%"}, {"comment_author": "xangro", "comment_date": ["04/17", "22:13"], "comment_content": "媒體洗腦真的好用"}, {"comment_author": "fix78", "comment_date": ["04/17", "22:14"], "comment_content": "會接市話一定都老人"}, {"comment_author": "super781212", "comment_date": ["04/17", "22:15"], "comment_content": "既得利益者當然挺菜"}, {"comment_author": "yuanhy63", "comment_date": ["04/17", "22:18"], "comment_content": ""}, {"comment_author": "Taiwanwolf", "comment_date": ["04/17", "22:19"], "comment_content": "台灣武則天"}, {"comment_author": "indium111", "comment_date": ["04/17", "22:23"], "comment_content": ""}, {"comment_author": "indium111", "comment_date": ["04/17", "22:24"], "comment_content": "馬英九真得笑死，連TVBS都超低"}, {"comment_author": "Taiwanwolf", "comment_date": ["04/17", "22:24"], "comment_content": "重用自己人鞏固政權打壓國民黨、經濟"}, {"comment_author": "Taiwanwolf", "comment_date": ["04/17", "22:25"], "comment_content": "選對邊有建樹、外交礙於國際現實退步"}, {"comment_author": "indium111", "comment_date": ["04/17", "22:26"], "comment_content": ""}, {"comment_author": "indium111", "comment_date": ["04/17", "22:26"], "comment_content": "馬英九還有養網軍"}, {"comment_author": "kkoo5888", "comment_date": ["04/17", "22:26"], "comment_content": "被黨霉洗腦啊，兩粒電視台數越來越多了"}, {"comment_author": "KSVS2010", "comment_date": ["04/17", "22:29"], "comment_content": "那些既得利益者當然很滿意"}, {"comment_author": "tinuo", "comment_date": ["04/17", "22:33"], "comment_content": "好了啦，作假大內宣誰不知"}, {"comment_author": "ULISS", "comment_date": ["04/17", "22:34"], "comment_content": "嗯嗯 噓沒壞"}, {"comment_author": "FANONE", "comment_date": ["04/17", "22:37"], "comment_content": "屁"}, {"comment_author": "Wenerrix", "comment_date": ["04/17", "22:38"], "comment_content": "B>Z，不太滿意"}, {"comment_author": "moccabranco", "comment_date": ["04/17", "22:40"], "comment_content": "人民最愛缺水缺電"}, {"comment_author": "covenant", "comment_date": ["04/17", "22:43"], "comment_content": "噁心"}, {"comment_author": "marke18", "comment_date": ["04/17", "22:46"], "comment_content": "鏡新聞做的民調..."}, {"comment_author": "mihono", "comment_date": ["04/17", "22:47"], "comment_content": "鏡新聞"}, {"comment_author": "fujimoto", "comment_date": ["04/17", "22:48"], "comment_content": "放屁 至少80%滿意"}, {"comment_author": "likat", "comment_date": ["04/17", "22:56"], "comment_content": "我猛一看還以為是平行宇宙的民調結果，嚇呆"}, {"comment_author": "small28", "comment_date": ["04/17", "22:56"], "comment_content": "笑死"}, {"comment_author": "likat", "comment_date": ["04/17", "22:56"], "comment_content": "了！！"}, {"comment_author": "Solosea", "comment_date": ["04/17", "22:59"], "comment_content": "票投出來才40%  滿意度吹到50 XD"}, {"comment_author": "Solosea", "comment_date": ["04/17", "22:59"], "comment_content": "投蔡的不投賴  你會信喔w"}, {"comment_author": "sakey", "comment_date": ["04/17", "23:02"], "comment_content": "好喔"}, {"comment_author": "qwe741159", "comment_date": ["04/17", "23:05"], "comment_content": "？？？？？"}, {"comment_author": "serendipity", "comment_date": ["04/17", "23:09"], "comment_content": "        八卦肥宅反指標"}, {"comment_author": "tidus1102", "comment_date": ["04/17", "23:12"], "comment_content": "鏡新聞？"}, {"comment_author": "daybreak10", "comment_date": ["04/17", "23:13"], "comment_content": "給無形的做民意調查？"}, {"comment_author": "jagger", "comment_date": ["04/17", "23:13"], "comment_content": "我反正信了  嘻嘻"}, {"comment_author": "freeboy0818", "comment_date": ["04/17", "23:15"], "comment_content": "只會看電視等死的無知老人"}, {"comment_author": "alex780312", "comment_date": ["04/17", "23:24"], "comment_content": "小草崩潰，40%打到變成50%"}, {"comment_author": "alex780312", "comment_date": ["04/17", "23:25"], "comment_content": "小草還是愛假老二"}, {"comment_author": "s008866", "comment_date": ["04/17", "23:27"], "comment_content": "老人把持著台灣卻又沒任何生產力"}, {"comment_author": "pttcage", "comment_date": ["04/17", "23:27"], "comment_content": "如果是問滿意什麼東西，說不定只有個位"}, {"comment_author": "pttcage", "comment_date": ["04/17", "23:27"], "comment_content": "數答的出來"}, {"comment_author": "Gentile", "comment_date": ["04/17", "23:27"], "comment_content": "老人家房子又漲超滿意"}, {"comment_author": "pieceofcake", "comment_date": ["04/17", "23:29"], "comment_content": "TVBS不可信 坐等阿北公布真實數據"}, {"comment_author": "Tidus", "comment_date": ["04/17", "23:32"], "comment_content": "台灣價值突破天際"}, {"comment_author": "lau6m2002", "comment_date": ["04/17", "23:33"], "comment_content": "低端鐵綠老粉意外嗎？"}, {"comment_author": "venusmoon", "comment_date": ["04/17", "23:45"], "comment_content": "八卦又翻車 呵呵"}, {"comment_author": "disk249", "comment_date": ["04/17", "23:45"], "comment_content": "可憐啊 八卦板"}, {"comment_author": "jaydenkoo", "comment_date": ["04/17", "23:49"], "comment_content": "綠媒+1"}, {"comment_author": "st102041505", "comment_date": ["04/17", "23:56"], "comment_content": "反觀"}, {"comment_author": "suhaw", "comment_date": ["04/17", "23:56"], "comment_content": "原來蔡英文高達50%人民不滿意"}, {"comment_author": "kappaco", "comment_date": ["04/17", "23:57"], "comment_content": "喔那賴清德得票率多少 笑死 開始洗地"}, {"comment_author": "cloudwindy", "comment_date": ["04/17", "23:58"], "comment_content": "寫100%我都信啊"}, {"comment_author": "c642358", "comment_date": ["04/18", "00:10"], "comment_content": "果然老人都是腦殘的"}, {"comment_author": "toty1101", "comment_date": ["04/18", "00:14"], "comment_content": "鏡新聞可以信喔？"}, {"comment_author": "lenta", "comment_date": ["04/18", "00:14"], "comment_content": "居然沒有學歷分析 不敢放是不是"}, {"comment_author": "steven1220", "comment_date": ["04/18", "00:18"], "comment_content": "手握同志票，要怎麼輸"}, {"comment_author": "erickruklin", "comment_date": ["04/18", "00:24"], "comment_content": "笑死。在野支持者真的可悲 只會靠北"}, {"comment_author": "snowpin", "comment_date": ["04/18", "00:27"], "comment_content": "身邊周遭不分老少幾乎人人罵  這數據？"}, {"comment_author": "howzming", "comment_date": ["04/18", "00:32"], "comment_content": "呵呵 可見高房價根本不是議題"}, {"comment_author": "douxid", "comment_date": ["04/18", "00:41"], "comment_content": "炒房蔡怎麼不去死一死？"}, {"comment_author": "Sapphirons", "comment_date": ["04/18", "00:42"], "comment_content": "低知識分子站佔大多數 沒法"}, {"comment_author": "todd7788", "comment_date": ["04/18", "00:43"], "comment_content": "當媒體神隱阿婆 7成老人都覺得夭壽讚"}, {"comment_author": "todd7788", "comment_date": ["04/18", "00:44"], "comment_content": "民主素質最低的族群"}, {"comment_author": "borhom", "comment_date": ["04/18", "00:44"], "comment_content": "難怪被欽點接管中天的頻道，這個結果不意"}, {"comment_author": "borhom", "comment_date": ["04/18", "00:45"], "comment_content": "外啦！至於有沒有真的做民調，又是另一回"}, {"comment_author": "borhom", "comment_date": ["04/18", "00:45"], "comment_content": "事了吧？"}, {"comment_author": "uiophjkl", "comment_date": ["04/18", "00:56"], "comment_content": "某任政府把媒體控制得很好，缺乏媒體的"}, {"comment_author": "uiophjkl", "comment_date": ["04/18", "00:56"], "comment_content": "監督，政府的糟糕行政可以眼神得好..."}, {"comment_author": "uiophjkl", "comment_date": ["04/18", "00:57"], "comment_content": "^掩飾得好"}, {"comment_author": "ab566", "comment_date": ["04/18", "01:07"], "comment_content": "40%穩穩的"}, {"comment_author": "shi21", "comment_date": ["04/18", "01:09"], "comment_content": "蒸蚌"}, {"comment_author": "cloudpart2", "comment_date": ["04/18", "01:10"], "comment_content": "不會吧"}, {"comment_author": "squarerinoa", "comment_date": ["04/18", "01:12"], "comment_content": "沒分到，不支持"}, {"comment_author": "thatear", "comment_date": ["04/18", "01:18"], "comment_content": "三立又再…蛤沒事"}, {"comment_author": "jerry810113", "comment_date": ["04/18", "01:23"], "comment_content": "70歲以上都跟社會脫節了滿意個屁"}, {"comment_author": "mono1023", "comment_date": ["04/18", "01:25"], "comment_content": "鏡新聞大內宣"}, {"comment_author": "harryzx0", "comment_date": ["04/18", "01:48"], "comment_content": "八卦反指標 ㄏ"}, {"comment_author": "troubledanny", "comment_date": ["04/18", "02:13"], "comment_content": "八又翻。臉又腫"}, {"comment_author": "HAHA1972", "comment_date": ["04/18", "02:28"], "comment_content": "呵呵 50%腦殘 難怪台灣這模樣"}, {"comment_author": "fastevil", "comment_date": ["04/18", "02:43"], "comment_content": "喔，原來她還在當總統，不說都忘了"}, {"comment_author": "a12c45a", "comment_date": ["04/18", "02:55"], "comment_content": ""}, {"comment_author": "GDUNICORN", "comment_date": ["04/18", "06:16"], "comment_content": "鏡新聞?哈哈哈哈哈哈...."}, {"comment_author": "DamoS", "comment_date": ["04/18", "06:25"], "comment_content": "這裡都五毛小草都沒在上進怎麼開心"}, {"comment_author": "YCLiu1984", "comment_date": ["04/18", "06:44"], "comment_content": "太誇張 史上最爛總統"}, {"comment_author": "lfaajjaa", "comment_date": ["04/18", "06:47"], "comment_content": "民調到底都去哪裡訪問？"}, {"comment_author": "Andosinjo", "comment_date": ["04/18", "06:52"], "comment_content": "非常滿意17%+滿意33%，有50%欸！但怎"}, {"comment_author": "Andosinjo", "comment_date": ["04/18", "06:52"], "comment_content": "麼只有40繼續支持民進黨？"}, {"comment_author": "yuki2474", "comment_date": ["04/18", "07:01"], "comment_content": "管你們這群腦包，老子都要爽退勒"}, {"comment_author": "weissfuchs", "comment_date": ["04/18", "07:28"], "comment_content": ":"}, {"comment_author": "CindyLara", "comment_date": ["04/18", "07:36"], "comment_content": "資進黨 就 支持者 多數是 低端人口"}, {"comment_author": "kattte", "comment_date": ["04/18", "08:12"], "comment_content": "綠媒做的調查，他笑了"}, {"comment_author": "ericleft", "comment_date": ["04/18", "08:23"], "comment_content": "哈哈 綠營支持者就是老人 低學歷"}, {"comment_author": "hkiu65003", "comment_date": ["04/18", "08:25"], "comment_content": "我是在看對岸大內宣的新聞嗎"}, {"comment_author": "noyesray", "comment_date": ["04/18", "08:30"], "comment_content": "反觀 垃圾馬幾趴"}, {"comment_author": "VVinSaber", "comment_date": ["04/18", "09:20"], "comment_content": "50趴了 多數民意八卦版不服的吧"}, {"comment_author": "larsnor", "comment_date": ["04/18", "09:57"], "comment_content": "死忠的"}, {"comment_author": "xhl12000", "comment_date": ["04/18", "10:00"], "comment_content": "70老人就白色恐佈沒被殺只會服從的人"}, {"comment_author": "tjohn12345", "comment_date": ["04/18", "14:23"], "comment_content": "都是死忠老人，家人就是其一"}, {"comment_author": "bluemmb", "comment_date": ["04/18", "14:31"], "comment_content": "40%起跳 我就問怎樣才能不好"}, {"comment_author": "blueweak", "comment_date": ["04/18", "15:37"], "comment_content": "哈哈哈 整天看八卦被公關公司洗腦"}, {"comment_author": "FayeFaye1", "comment_date": ["04/18", "16:17"], "comment_content": "綠共連TVBS都吃下了"}, {"comment_author": "lose116315", "comment_date": ["04/18", "18:40"], "comment_content": "沒錯 對幹綠共就是得罪老人"}, {"comment_author": "plmokniop", "comment_date": ["04/18", "20:14"], "comment_content": "網路一堆民調、問卷，我身邊沒一個人"}, {"comment_author": "plmokniop", "comment_date": ["04/18", "20:15"], "comment_content": "被訪問過"}]}
