{"author": "ccf52881 (ccf52881)", "category": "Gossiping", "title": "[新聞] 疫情時超夯...中衛口罩現在還搶手嗎？ ", "date": "Sat Apr 13 00:33:42 2024", "content": ["聯合疫情時超夯...中衛口罩現在還搶手嗎？ 業者回應了2024-04-12 18:56 聯合報／ 記者林敬家／彰化即時報導口罩大廠中衛在2020年新冠肺炎疫情爆發時被政府徵用，且旗下CSD品牌口罩在疫情期間，成為民眾競相排隊購買「秒殺」的搶手貨，如今疫情趨緩，市面上口罩選擇多，網友好奇中衛口罩是否還是搶手貨，對此，中衛指出，目前口罩銷量持續高於疫情前，但也沒因短期呼吸道感染疾病進入高峰期，對整體銷量有太大影響。新冠肺炎疫情肆虐讓原本不起眼的醫療用口罩供不應求，CSD中衛行銷經理周令怡說，經歷新冠疫情後，民眾防範意識高，因此口罩已成為居家常備品，口罩銷量持續高於疫情前，2023年中衛整體業績約9億元，其中內銷7.8億，外銷則是1.2億，預估今年業績將持平。中衛為提升業績，今年積極開拓海外市場，預計6月參加美國國際醫療展，9月則赴新加坡參加亞洲醫療展，將朝擴大外銷佔比邁進。中衛評估，今年3月中衛甫赴泰國參加「曼谷國際生活美學展」，曝光效益頗高，正與泰國潛在客戶密切接洽中。周令怡說，因應進軍海外市場，近期口罩設計也關注海外市場需求，今年就以全球多元人種多元膚色為發想靈感，主張「擁抱多元膚色 任何膚色都美麗」，推出全新「Purely Nude」六種不同色階祼度3D輕薄口罩；也持續開發以「Healthy in Style」品牌精神為主軸，研發全新品牌及新產品品項，搶攻更多市場，預計今年第四季將推出家庭護理、個人清潔衛生，甚至食品等全新品項。", "--"], "post_comment": [{"comment_author": "whiteadam", "comment_date": ["04/13", "00:34"], "comment_content": "5fㄉ肛門比較搶手"}, {"comment_author": "mikasamikoto", "comment_date": ["04/13", "00:35"], "comment_content": "我現在也都戴著"}, {"comment_author": "rwr", "comment_date": ["04/13", "00:36"], "comment_content": "現在跟衣服快時尚一樣天天換天天丟買更多了"}, {"comment_author": "bttdnr", "comment_date": ["04/13", "00:40"], "comment_content": "廣告？膚色口罩是三小？要不要順便把嘴巴"}, {"comment_author": "bttdnr", "comment_date": ["04/13", "00:40"], "comment_content": "鼻子印上去？"}, {"comment_author": "Nonegrame", "comment_date": ["04/13", "00:45"], "comment_content": "認識的人早就縫臉上了"}, {"comment_author": "swanc", "comment_date": ["04/13", "00:46"], "comment_content": "一個1元我就買爆"}, {"comment_author": "winter2683", "comment_date": ["04/13", "00:51"], "comment_content": "看能在台灣這狗天氣戴多久 能戴到入墳"}, {"comment_author": "winter2683", "comment_date": ["04/13", "00:51"], "comment_content": "最好"}, {"comment_author": "rushfudge", "comment_date": ["04/13", "01:36"], "comment_content": "早就沒人了 回歸鄉下"}, {"comment_author": "lkdsa", "comment_date": ["04/13", "01:55"], "comment_content": "中衛的確蠻好戴的"}, {"comment_author": "ZZZ75", "comment_date": ["04/13", "14:06"], "comment_content": "天氣熱恐慌仔漸漸鬆懈不戴口罩了"}, {"comment_author": "metaflux", "comment_date": ["04/15", "09:01"], "comment_content": "口罩公司趕快倒一倒吧 害人出去都看不到"}, {"comment_author": "metaflux", "comment_date": ["04/15", "09:01"], "comment_content": "妹子的臉"}]}
