{"author": "iphone55566 (哀鳳五)", "category": "Gossiping", "title": "[新聞] 寶林證據找到了！北市警局長爆「重大發現", "date": "Fri Apr 19 09:14:22 2024", "content": ["寶林證據找到了！北市警局長爆「重大發現」：會破案TVBS   責任編輯 伍芸彤 報導  發佈時間：2024/04/18 17:08", "信義遠百A13寶林茶室食物中毒案釀2死、多人腎臟出問題，先前仍有4人重症，並且有一人已換肝。今（18日）", "上，議員針對此案進度詢問", "，張榮興透露有重大發現，之後應該會開記者會。今台北市議會警政衛生委員會尾聲，", "詢問寶林案進度，北市警察局長張榮興表示，現在還是在偵查中，但是覺得會破案，秦慧珠追問：「", "」張榮興反駁「", "」引來現場一陣笑聲。秦慧珠就質疑「結果不是破案」，", "。張榮興指出，這個案子交給檢察官了，議員們追問案子是否樂觀？張榮興表示「應該樂觀」。再", "？張榮興則哀求「", "」，再度引發現場笑聲。至於是否有人為因素？張榮興回應「沒有啦，都跟這個沒關係啦。」不過透露應該之後就會開記者會。對此，秦慧珠再問聽起來有犯罪可能，所以才值得開記者會？張榮興則稱有比較具體的東西，", "。", "板上鍵盤柯南都罷工不猜了--預計劣文將由 0 篇變為 10 篇，確定嗎[y/N]?", "我願意遵守站方規定,組規,以及板規[Y/n]?", "我願意尊重與不歧視族群,不鬧板,尊重各板主權力[Y/n]?", "我願意謹慎發表有意義言論,不謾罵攻擊,不跨板廣告[Y/n]?", "--", "捕風捉影、隨便臆測那段很好笑啊", "就不能講 不然你去問那個提問的議員幹嘛問", "??? 是看不懂內文膩?", "\"下毒喔??\" 跟板上玩5F梗差不多啊 不能笑膩", "那你柯南一下 猜個答案啊", "沒消息就一堆人問寶林進度 現在有消息了又沒人推  頗呵"], "post_comment": [{"comment_author": "belucky", "comment_date": ["04/19", "09:15"], "comment_content": "柯南bgm"}, {"comment_author": "s213092921", "comment_date": ["04/19", "09:15"], "comment_content": "會贏唷"}, {"comment_author": "vowpool", "comment_date": ["04/19", "09:15"], "comment_content": "又重大發現了"}, {"comment_author": "gx8759121", "comment_date": ["04/19", "09:15"], "comment_content": "屁眼藏病毒"}, {"comment_author": "Dinenger", "comment_date": ["04/19", "09:15"], "comment_content": "完了 不重要了 沒人在乎了你沒發現嗎"}, {"comment_author": "railman", "comment_date": ["04/19", "09:15"], "comment_content": "真相只有一個"}, {"comment_author": "kimkim9988", "comment_date": ["04/19", "09:15"], "comment_content": "不是刑案，關警察什麼事？"}, {"comment_author": "obov5116", "comment_date": ["04/19", "09:15"], "comment_content": "會破喔"}, {"comment_author": "edieedie", "comment_date": ["04/19", "09:15"], "comment_content": "哪裡好笑？"}, {"comment_author": "derrick1220", "comment_date": ["04/19", "09:15"], "comment_content": "聽君1席話"}, {"comment_author": "kid1a2b3c4d", "comment_date": ["04/19", "09:16"], "comment_content": "笑三小"}, {"comment_author": "neos042", "comment_date": ["04/19", "09:16"], "comment_content": "寶林也能變懸案，台灣真可悲"}, {"comment_author": "dahlia7357", "comment_date": ["04/19", "09:16"], "comment_content": "會贏喔"}, {"comment_author": "kevinpc", "comment_date": ["04/19", "09:16"], "comment_content": "我猜是抓到湮滅證據"}, {"comment_author": "jeff0025", "comment_date": ["04/19", "09:17"], "comment_content": "又在虎了"}, {"comment_author": "heureuxseed", "comment_date": ["04/19", "09:17"], "comment_content": "好笑在哪？"}, {"comment_author": "kevinpc", "comment_date": ["04/19", "09:17"], "comment_content": "畢竟裡裡外外的監控都被扣去查了"}, {"comment_author": "thepowers", "comment_date": ["04/19", "09:18"], "comment_content": "廚師大便不洗手?"}, {"comment_author": "soarling", "comment_date": ["04/19", "09:19"], "comment_content": "會破喔"}, {"comment_author": "hbj1941", "comment_date": ["04/19", "09:19"], "comment_content": "編成合理的理由了？"}, {"comment_author": "donation12", "comment_date": ["04/19", "09:20"], "comment_content": "令人聯想到印度的加料冰淇淋"}, {"comment_author": "carsly", "comment_date": ["04/19", "09:20"], "comment_content": "發現柯南了逆"}, {"comment_author": "reppoc", "comment_date": ["04/19", "09:22"], "comment_content": "抓到主廚其實是隻老鼠"}, {"comment_author": "lain2002", "comment_date": ["04/19", "09:22"], "comment_content": "越南廚師背鍋背定了"}, {"comment_author": "windows0310", "comment_date": ["04/19", "09:23"], "comment_content": "抓黑道都沒這麼認真的"}, {"comment_author": "windows0310", "comment_date": ["04/19", "09:23"], "comment_content": "幹你娘"}, {"comment_author": "wer0241", "comment_date": ["04/19", "09:25"], "comment_content": "廚師拉屎沒洗手碰食材"}, {"comment_author": "kuku42", "comment_date": ["04/19", "09:26"], "comment_content": "那個什麼酸的名子都忘了 誰還在乎"}, {"comment_author": "michaelwu", "comment_date": ["04/19", "09:27"], "comment_content": "無聊ㄌ"}, {"comment_author": "Tenging", "comment_date": ["04/19", "09:31"], "comment_content": "沉睡的毛利小五郎"}, {"comment_author": "exceedMyself", "comment_date": ["04/19", "09:33"], "comment_content": "會贏喔"}, {"comment_author": "samm3320", "comment_date": ["04/19", "09:37"], "comment_content": "不要套啦偵查不公開"}, {"comment_author": "rjb0506", "comment_date": ["04/19", "09:48"], "comment_content": "涉及人命的事可以這樣嬉皮笑臉真不簡單"}, {"comment_author": "GonVolcano", "comment_date": ["04/19", "09:51"], "comment_content": "確定？不會被施壓？"}, {"comment_author": "kevin31a2", "comment_date": ["04/19", "09:53"], "comment_content": "阿，又不公開惹"}, {"comment_author": "frank111", "comment_date": ["04/19", "10:19"], "comment_content": "是在笑什麼?死了這麼多人很好笑嗎?"}, {"comment_author": "frank111", "comment_date": ["04/19", "10:19"], "comment_content": "國民黨的是不是瘋了阿?"}, {"comment_author": "neos042", "comment_date": ["04/19", "10:28"], "comment_content": "就因為已經變懸案，有點消息又故弄神秘，"}, {"comment_author": "neos042", "comment_date": ["04/19", "10:28"], "comment_content": "搞成像鬧劇，沒發現？"}, {"comment_author": "neos042", "comment_date": ["04/19", "10:28"], "comment_content": "以前食安案件會搞成這樣嗎？"}, {"comment_author": "steward68", "comment_date": ["04/19", "10:47"], "comment_content": "熱度過惹你們可以惦惦了"}, {"comment_author": "new71050", "comment_date": ["04/19", "10:58"], "comment_content": "會贏喔"}, {"comment_author": "sunnyyoung", "comment_date": ["04/19", "12:12"], "comment_content": "笑三小 一群王八蛋"}]}
