{"author": "jjbye (真相大白)", "category": "Gossiping", "title": "[新聞] 中國電動車爆「偷拍女車主DIY」！畫面瘋", "date": "Fri Apr 12 12:57:21 2024", "content": ["中國電動車爆「偷拍女車主DIY」！畫面瘋傳　業者回應了三立新聞／大陸中心／梁雪婷報導", "▲網路瘋傳女車主遭電動車內鏡頭窺視隱私，拍下女車主在車內使用情趣用品DIY的畫面。（圖／翻攝自微博）現在除了油車以外，許多商家推出智能的電動車，搶占市場。不過近日，驚傳中國一電動車品牌藉由車內鏡頭窺視車主隱私，拍下女車主在車內使用情趣用品DIY。畫面在網路上瘋傳，引發熱議。消息爆發後，該電動車品牌業者迅速發出聲明，強調「絕不存在高合官方獲取或洩漏相關圖像的行為」。", "▲高合汽車回應了。（圖／翻攝自高合汽車微博）從瘋傳的截圖上來看，一名女子坐在車內駕駛座，使用情趣用品DIY。畫面曝光後，許多人質疑該電動車是否存在隱私問題。對此，該電動車品牌「高合汽車」8日發出聲明，「關於近日車主群和社交媒體中，散播的所謂『高合車內攝像頭拍攝照片洩露』，我們聲明絕不存在高合官方獲取或洩漏相關圖像的行為，高合車機後台從技術和法律上都無法遠端調取攝影機本地影像。」高合汽車聲明中提到：「請各位用戶放心，高合會始終保護好用戶隱私及資訊安全，車機端資料在技術鏈路上滿足國家資訊安全要求，車內攝影機記錄的本地影像資料不會上傳雲端。敬請民眾不信謠、不傳謠。 對於造謠或侵犯用戶隱私的行為，我們已經報警並將採取必要的法律手段，保護高合品牌和用戶聲譽。」高合汽車還點名多位網友：「高合無法調取攝影機影像，請勿造謠、傳謠或誤導大眾。公函已經發出，報警立案中。請立刻刪除微博，否則我方將進一步採取法律手段要求賠禮道歉、賠償損失！」★ 三立新聞網提醒您：根據刑法第235條規定，散布、播送或販賣猥褻之文字、圖畫、聲音、影像或其他物品，或公然陳列，或以他法供人觀覽、聽聞者，處2年以下有期徒刑、拘役或科或併科三萬元以下罰金。意圖散布、播送、販賣而製造、持有前項文字、圖畫、聲音、影像及其附著物或其他物品者，亦同。提醒大家勿加入跪求、私給等行列以免觸法。新聞連結：", "備註：開共車的車主小心了", "--"], "post_comment": [{"comment_author": "s820912gmail", "comment_date": ["04/12", "12:57"], "comment_content": "習近平都看過了嗎"}, {"comment_author": "cuteSquirrel", "comment_date": ["04/12", "12:57"], "comment_content": "好色喔 車廠看客人摸摸"}, {"comment_author": "cuteSquirrel", "comment_date": ["04/12", "12:58"], "comment_content": "包子是直接上ㄅ"}, {"comment_author": "zxc17893", "comment_date": ["04/12", "12:58"], "comment_content": "黨都看過了"}, {"comment_author": "felixden", "comment_date": ["04/12", "12:58"], "comment_content": "5樓自拍尻尻有人想看嗎"}, {"comment_author": "ComeThrough", "comment_date": ["04/12", "12:58"], "comment_content": "好色喔"}, {"comment_author": "bill403777", "comment_date": ["04/12", "12:58"], "comment_content": "用好大支的按摩棒 好色喔=="}, {"comment_author": "douge", "comment_date": ["04/12", "12:58"], "comment_content": "你用華為手機還在意隱私?"}, {"comment_author": "CRAZYCONTROL", "comment_date": ["04/12", "12:58"], "comment_content": "毛骨悚然"}, {"comment_author": "breacal", "comment_date": ["04/12", "12:58"], "comment_content": "慘~"}, {"comment_author": "Qinsect", "comment_date": ["04/12", "12:58"], "comment_content": "習匪只愛男人，最近特地臨幸某男"}, {"comment_author": "a94037501", "comment_date": ["04/12", "12:58"], "comment_content": "那個位置是行車記錄器吧"}, {"comment_author": "theeht", "comment_date": ["04/12", "12:58"], "comment_content": "好色痾"}, {"comment_author": "boulard", "comment_date": ["04/12", "12:58"], "comment_content": "近平要看的"}, {"comment_author": "hayabusa2004", "comment_date": ["04/12", "12:58"], "comment_content": "笑死 難怪中國貨都有資安疑慮"}, {"comment_author": "fly0204", "comment_date": ["04/12", "12:58"], "comment_content": "原來主席會用後門偷看你都是真的"}, {"comment_author": "brianuser", "comment_date": ["04/12", "12:59"], "comment_content": "好清晰喔"}, {"comment_author": "lesnaree2", "comment_date": ["04/12", "12:59"], "comment_content": "原來女生真的會在外面diy"}, {"comment_author": "zxc8424", "comment_date": ["04/12", "12:59"], "comment_content": "對岸汽車連網的？"}, {"comment_author": "gremon131", "comment_date": ["04/12", "12:59"], "comment_content": "太屌了"}, {"comment_author": "mysterydream", "comment_date": ["04/12", "12:59"], "comment_content": "這麼恐怖喔這家車廠完了"}, {"comment_author": "DASHOCK", "comment_date": ["04/12", "12:59"], "comment_content": "這部我看過  保全仔看到老闆在車內偷情"}, {"comment_author": "jab", "comment_date": ["04/12", "12:59"], "comment_content": "不會完蛋啦 大家都一樣有後門 不算醜聞"}, {"comment_author": "KatanaW", "comment_date": ["04/12", "13:00"], "comment_content": "維尼正在看著你打手槍"}, {"comment_author": "jameshcm", "comment_date": ["04/12", "13:00"], "comment_content": "其實tesla硬體早就有了只是還沒啟用"}, {"comment_author": "Anyotw", "comment_date": ["04/12", "13:00"], "comment_content": "習近平當然看的到啊XD"}, {"comment_author": "maple0425", "comment_date": ["04/12", "13:00"], "comment_content": "已站內五樓喔"}, {"comment_author": "jacket664", "comment_date": ["04/12", "13:00"], "comment_content": "毛骨悚然"}, {"comment_author": "bicedb", "comment_date": ["04/12", "13:00"], "comment_content": "太棒了吧"}, {"comment_author": "Aliensoul", "comment_date": ["04/12", "13:00"], "comment_content": "銷量上升吧"}, {"comment_author": "nextpage", "comment_date": ["04/12", "13:00"], "comment_content": "馬投顧的硬碟裡搞不好更多"}, {"comment_author": "issemn", "comment_date": ["04/12", "13:00"], "comment_content": "真假 女生會這樣喔？好色喔"}, {"comment_author": "Mesa5566", "comment_date": ["04/12", "13:00"], "comment_content": "不愧是中國車配資訊產品 後門全大開"}, {"comment_author": "mangle", "comment_date": ["04/12", "13:01"], "comment_content": "高合 不是快倒了？"}, {"comment_author": "jameshcm", "comment_date": ["04/12", "13:01"], "comment_content": "tesla 車廂攝影機"}, {"comment_author": "yeap193", "comment_date": ["04/12", "13:01"], "comment_content": "網紅？"}, {"comment_author": "Himiko9975", "comment_date": ["04/12", "13:01"], "comment_content": "已站內五樓"}, {"comment_author": "b2305911", "comment_date": ["04/12", "13:01"], "comment_content": "你什麼時候在哪尻 近平都知道"}, {"comment_author": "lime1207", "comment_date": ["04/12", "13:02"], "comment_content": "習大大正在看著你"}, {"comment_author": "jameshcm", "comment_date": ["04/12", "13:02"], "comment_content": ""}, {"comment_author": "zerowingtw", "comment_date": ["04/12", "13:02"], "comment_content": "呼~還好不是拍到黨的立委在偷X小三"}, {"comment_author": "huhu0830", "comment_date": ["04/12", "13:02"], "comment_content": "賤貨這麼淫蕩啊？一看就騷逼樣"}, {"comment_author": "WenliYang", "comment_date": ["04/12", "13:02"], "comment_content": "中國車 意外嗎？"}, {"comment_author": "Tamsi", "comment_date": ["04/12", "13:02"], "comment_content": "看起來滿正的  有點像小寧子穿黑衣風"}, {"comment_author": "opcomtt", "comment_date": ["04/12", "13:02"], "comment_content": "這個還不抓起來？"}, {"comment_author": "l2l", "comment_date": ["04/12", "13:03"], "comment_content": ""}, {"comment_author": "abcde79961a", "comment_date": ["04/12", "13:03"], "comment_content": "太瑟了吧"}, {"comment_author": "post91", "comment_date": ["04/12", "13:03"], "comment_content": "我一直不懂為什麼車內為什麼要有攝影機…"}, {"comment_author": "darkhero7449", "comment_date": ["04/12", "13:03"], "comment_content": "查了51，是車商自導自演"}, {"comment_author": "asdf70044", "comment_date": ["04/12", "13:03"], "comment_content": "習喜歡"}, {"comment_author": "vowpool", "comment_date": ["04/12", "13:03"], "comment_content": "哇 好刺激"}, {"comment_author": "ShaNe1993", "comment_date": ["04/12", "13:04"], "comment_content": "私"}, {"comment_author": "perry201046", "comment_date": ["04/12", "13:04"], "comment_content": "習近平也開心了"}, {"comment_author": "jameshcm", "comment_date": ["04/12", "13:04"], "comment_content": "平常disable，但必要時還是可以enable"}, {"comment_author": "WiserWilly", "comment_date": ["04/12", "13:04"], "comment_content": "哇靠中國沒隱私到這種地步"}, {"comment_author": "nicholassys", "comment_date": ["04/12", "13:04"], "comment_content": "以為習近平看的到你是隨口說說嗎"}, {"comment_author": "aqsss", "comment_date": ["04/12", "13:04"], "comment_content": "毛骨悚然"}, {"comment_author": "lin0129", "comment_date": ["04/12", "13:05"], "comment_content": "好色喔！女的要太正了還有安全座椅"}, {"comment_author": "skygray2", "comment_date": ["04/12", "13:05"], "comment_content": "好色喔"}, {"comment_author": "furjai", "comment_date": ["04/12", "13:05"], "comment_content": "好色喔"}, {"comment_author": "ralfeistein", "comment_date": ["04/12", "13:05"], "comment_content": "好色喔"}, {"comment_author": "douge", "comment_date": ["04/12", "13:06"], "comment_content": "人妻有安全座椅很正常吧"}, {"comment_author": "cotwell", "comment_date": ["04/12", "13:06"], "comment_content": "買中國車的贈禮！！！"}, {"comment_author": "zxc2331189", "comment_date": ["04/12", "13:06"], "comment_content": "好爽喔"}, {"comment_author": "gk1329", "comment_date": ["04/12", "13:06"], "comment_content": "感覺故意黑的"}, {"comment_author": "mussina27", "comment_date": ["04/12", "13:06"], "comment_content": "聲明稿說技術跟法律上都無法做到，偏偏"}, {"comment_author": "mussina27", "comment_date": ["04/12", "13:06"], "comment_content": "眾所周知工信部早就規定提供服務方必須"}, {"comment_author": "spring53287", "comment_date": ["04/12", "13:07"], "comment_content": "行車記錄器隨時連網？"}, {"comment_author": "mussina27", "comment_date": ["04/12", "13:07"], "comment_content": "了解並記錄客戶活動必須配合政府提供一"}, {"comment_author": "mussina27", "comment_date": ["04/12", "13:07"], "comment_content": "切影音材料。"}, {"comment_author": "acs81046", "comment_date": ["04/12", "13:07"], "comment_content": "好色喔"}, {"comment_author": "yzelly", "comment_date": ["04/12", "13:07"], "comment_content": "哇嗚，那大疆空拍機也有可能囉？"}, {"comment_author": "pooznn", "comment_date": ["04/12", "13:08"], "comment_content": "老大哥 隨時隨地的在看著妳!!!!"}, {"comment_author": "Skyblueway", "comment_date": ["04/12", "13:08"], "comment_content": "太假"}, {"comment_author": "jameshcm", "comment_date": ["04/12", "13:08"], "comment_content": "不用空拍機,你各位手邊的手機前鏡頭也能"}, {"comment_author": "shitboy", "comment_date": ["04/12", "13:09"], "comment_content": "筆電的鏡頭也是"}, {"comment_author": "iLeyaSin365", "comment_date": ["04/12", "13:10"], "comment_content": "來研究如何增進安全"}, {"comment_author": "KGarnett05", "comment_date": ["04/12", "13:11"], "comment_content": "不管什麼情況，永遠不要在鏡頭前做不"}, {"comment_author": "chanel1259", "comment_date": ["04/12", "13:11"], "comment_content": "人生三階段，黃瓜苦瓜西瓜"}, {"comment_author": "KGarnett05", "comment_date": ["04/12", "13:11"], "comment_content": "想被人看到的事"}, {"comment_author": "WantFxxk4X", "comment_date": ["04/12", "13:12"], "comment_content": "難怪高譚市這麼愛中國貨 懂玩"}, {"comment_author": "asgardgogo", "comment_date": ["04/12", "13:13"], "comment_content": "那完了啊塔綠班用一堆對岸空拍機"}, {"comment_author": "lamborghini", "comment_date": ["04/12", "13:13"], "comment_content": "小草喜淫祖國的汕液"}, {"comment_author": "OrangePest", "comment_date": ["04/12", "13:14"], "comment_content": "習近平看過原來都是真的"}, {"comment_author": "turbomons", "comment_date": ["04/12", "13:14"], "comment_content": "不就是自拍"}, {"comment_author": "rada118", "comment_date": ["04/12", "13:15"], "comment_content": "有那麼急嗎"}, {"comment_author": "WuDhar", "comment_date": ["04/12", "13:15"], "comment_content": "習包點擊下載"}, {"comment_author": "rofellosx", "comment_date": ["04/12", "13:16"], "comment_content": "行車紀錄器鏡頭也是對外 怎可能拍車內"}, {"comment_author": "tingstart", "comment_date": ["04/12", "13:16"], "comment_content": "台灣早晚會跟進，現在都比別人晚"}, {"comment_author": "tingstart", "comment_date": ["04/12", "13:16"], "comment_content": "抓姦神車啊"}, {"comment_author": "rada118", "comment_date": ["04/12", "13:16"], "comment_content": "可以改裝八爪椅"}, {"comment_author": "lipstick", "comment_date": ["04/12", "13:16"], "comment_content": "雷軍要爽死了"}, {"comment_author": "ccufcc", "comment_date": ["04/12", "13:17"], "comment_content": "坦白說我還是覺得可能可以"}, {"comment_author": "hw1", "comment_date": ["04/12", "13:18"], "comment_content": "近平什麼都知道"}, {"comment_author": "keane9112", "comment_date": ["04/12", "13:18"], "comment_content": "果然你的一舉一動 習大大都看的到~"}, {"comment_author": "emissary", "comment_date": ["04/12", "13:18"], "comment_content": "抓姦神器，台灣不可以引進，會很不方便"}, {"comment_author": "zonppp", "comment_date": ["04/12", "13:21"], "comment_content": "創意私房 >///<"}, {"comment_author": "NexusI", "comment_date": ["04/12", "13:21"], "comment_content": "好扯"}, {"comment_author": "JASONGOAHEAD", "comment_date": ["04/12", "13:22"], "comment_content": "竟然有那麼多智障覺得是真的"}, {"comment_author": "joygo", "comment_date": ["04/12", "13:25"], "comment_content": "感覺就是被駭客，你公司盜用最好會上傳，"}, {"comment_author": "be00148", "comment_date": ["04/12", "13:26"], "comment_content": "這畫質就攝影機啊"}, {"comment_author": "joygo", "comment_date": ["04/12", "13:26"], "comment_content": "跟各位說一下，這種東西協定都是用公開的"}, {"comment_author": "joygo", "comment_date": ["04/12", "13:26"], "comment_content": "，非常好駭客"}, {"comment_author": "s56565566123", "comment_date": ["04/12", "13:26"], "comment_content": "毛骨悚然"}, {"comment_author": "joygo", "comment_date": ["04/12", "13:26"], "comment_content": "不然筆電攝像頭為什麼要貼起來"}, {"comment_author": "joygo", "comment_date": ["04/12", "13:26"], "comment_content": "攝像頭其實隨時都被盜用超正常....，買一"}, {"comment_author": "joygo", "comment_date": ["04/12", "13:27"], "comment_content": "個正版的反向工程就好"}, {"comment_author": "joygo", "comment_date": ["04/12", "13:27"], "comment_content": "什麼寵物攝影機啊 其實都馬網路上一堆片段"}, {"comment_author": "t19960804", "comment_date": ["04/12", "13:27"], "comment_content": "有夠假"}, {"comment_author": "llgod", "comment_date": ["04/12", "13:27"], "comment_content": "丘部長兒子偷拍外流是不是用小米？"}, {"comment_author": "ccucwc", "comment_date": ["04/12", "13:28"], "comment_content": "好澀哦"}, {"comment_author": "yashiro", "comment_date": ["04/12", "13:28"], "comment_content": "這也有可能是黑客入侵資料庫流出來的"}, {"comment_author": "turndown4wat", "comment_date": ["04/12", "13:28"], "comment_content": "畢竟是"}, {"comment_author": "roktzzt", "comment_date": ["04/12", "13:29"], "comment_content": "包子：閱"}, {"comment_author": "momoden", "comment_date": ["04/12", "13:30"], "comment_content": "一切都有黨的監視"}, {"comment_author": "wison4451", "comment_date": ["04/12", "13:32"], "comment_content": "車版的最愛 嘻嘻"}, {"comment_author": "DanielHAO", "comment_date": ["04/12", "13:32"], "comment_content": "好漂亮"}, {"comment_author": "bigcho", "comment_date": ["04/12", "13:32"], "comment_content": "為什麼要在車上自衛啊"}, {"comment_author": "alan3100", "comment_date": ["04/12", "13:32"], "comment_content": "攝像機不是封閉線路搞不好就單純被駭"}, {"comment_author": "kamisanma", "comment_date": ["04/12", "13:33"], "comment_content": "自我發電就不用找充電樁啦"}, {"comment_author": "MK47", "comment_date": ["04/12", "13:33"], "comment_content": "原來習ㄉㄉ都在看不是PTT開玩笑 都是真的"}, {"comment_author": "miku5566", "comment_date": ["04/12", "13:34"], "comment_content": "前員工爆料：特斯拉車上攝影鏡頭影片大"}, {"comment_author": "miku5566", "comment_date": ["04/12", "13:34"], "comment_content": "量外流 「車主全裸走動」也被偷拍"}, {"comment_author": "miku5566", "comment_date": ["04/12", "13:34"], "comment_content": "連特斯拉都在幹這檔事了 何況中國車"}, {"comment_author": "alan3100", "comment_date": ["04/12", "13:36"], "comment_content": "沒在用就把鏡頭擋掉 不然啥時被駭都不知"}, {"comment_author": "stlinman", "comment_date": ["04/12", "13:36"], "comment_content": "掃地機器人表示:"}, {"comment_author": "daliares", "comment_date": ["04/12", "13:37"], "comment_content": "特斯拉沒這問題"}, {"comment_author": "m4tl6", "comment_date": ["04/12", "13:38"], "comment_content": "用中國的電子產品就不要在乎隱私啊！呵呵"}, {"comment_author": "egogeorge", "comment_date": ["04/12", "13:38"], "comment_content": "不監視韭菜怎麼知道何時要收割"}, {"comment_author": "skymonkey", "comment_date": ["04/12", "13:38"], "comment_content": "看起來就是在拍片…"}, {"comment_author": "ringohejia", "comment_date": ["04/12", "13:39"], "comment_content": "習近平都知道"}, {"comment_author": "satisfaction", "comment_date": ["04/12", "13:40"], "comment_content": "葉佩文吧這"}, {"comment_author": "rommel1990", "comment_date": ["04/12", "13:41"], "comment_content": "我還沒上車啊"}, {"comment_author": "NiNiNiNiNi", "comment_date": ["04/12", "13:42"], "comment_content": "三立最會仇共"}, {"comment_author": "tsukasaxx", "comment_date": ["04/12", "13:42"], "comment_content": "你笑我笑習近平也在笑"}, {"comment_author": "anoymouse", "comment_date": ["04/12", "13:42"], "comment_content": "為什麼汽車會需要內攝鏡頭"}, {"comment_author": "osuki", "comment_date": ["04/12", "13:44"], "comment_content": "又要用貼紙貼住鏡頭了嗎"}, {"comment_author": "arm370x", "comment_date": ["04/12", "13:46"], "comment_content": "不過這女車主好像還不錯欸"}, {"comment_author": "passersK", "comment_date": ["04/12", "13:48"], "comment_content": "共產汽車 讚"}, {"comment_author": "hank000040", "comment_date": ["04/12", "13:48"], "comment_content": "很明顯是網紅在炒作好嗎"}, {"comment_author": "AoWsL", "comment_date": ["04/12", "13:49"], "comment_content": "警告 車內有不明震動 已協助錄影"}, {"comment_author": "frlair", "comment_date": ["04/12", "13:50"], "comment_content": "竟然還不是在車內尬砲!?需求這麼大嗎!!"}, {"comment_author": "jialin6666", "comment_date": ["04/12", "13:52"], "comment_content": "地方媽媽"}, {"comment_author": "aquaticplant", "comment_date": ["04/12", "13:52"], "comment_content": "記者自己會在车內DIY嗎"}, {"comment_author": "e1q3z9c7", "comment_date": ["04/12", "13:53"], "comment_content": "聲明前後矛盾 既說技術不行又說雲端技術"}, {"comment_author": "daliares", "comment_date": ["04/12", "13:53"], "comment_content": "電動車還香嗎？"}, {"comment_author": "bart102617", "comment_date": ["04/12", "13:54"], "comment_content": "中國車就是讚"}, {"comment_author": "HIRUMA", "comment_date": ["04/12", "13:54"], "comment_content": " 三立真噁"}, {"comment_author": "junshinw", "comment_date": ["04/12", "13:55"], "comment_content": "楚門世界！"}, {"comment_author": "noyesray", "comment_date": ["04/12", "13:56"], "comment_content": "讚唷 很有中國特色"}, {"comment_author": "riker729", "comment_date": ["04/12", "14:03"], "comment_content": "自拍可能性較大"}, {"comment_author": "psychic", "comment_date": ["04/12", "14:03"], "comment_content": "確定不是葉配?"}, {"comment_author": "bang59487", "comment_date": ["04/12", "14:03"], "comment_content": "影片呢"}, {"comment_author": "attitudium", "comment_date": ["04/12", "14:05"], "comment_content": "中國產品怎麼可能有資安危機 不可能！"}, {"comment_author": "neverlin", "comment_date": ["04/12", "14:08"], "comment_content": "支那賤畜：特斯拉也一樣"}, {"comment_author": "scum5566", "comment_date": ["04/12", "14:08"], "comment_content": "車廠都能遠端鎖車了，偷拍很意外嗎"}, {"comment_author": "cosmite", "comment_date": ["04/12", "14:13"], "comment_content": "中國電車不用賣了 尤其在隱私重要的國家"}, {"comment_author": "godhand", "comment_date": ["04/12", "14:13"], "comment_content": "買中國的東西還在意自己的肖像權嗎？"}, {"comment_author": "ndtoseooqd", "comment_date": ["04/12", "14:15"], "comment_content": "低端就是愛上網給人看啊"}, {"comment_author": "sten5453", "comment_date": ["04/12", "14:15"], "comment_content": "誰會在車上這樣弄"}, {"comment_author": "traz04067", "comment_date": ["04/12", "14:17"], "comment_content": "黨都看過"}, {"comment_author": "qweasd855193", "comment_date": ["04/12", "14:18"], "comment_content": "阿不是破案是自己上傳的"}, {"comment_author": "sekokawana", "comment_date": ["04/12", "14:18"], "comment_content": "習大大開心"}, {"comment_author": "wolve", "comment_date": ["04/12", "14:19"], "comment_content": "懂玩"}, {"comment_author": "morie", "comment_date": ["04/12", "14:19"], "comment_content": "三立"}, {"comment_author": "onlySN", "comment_date": ["04/12", "14:20"], "comment_content": "開垃圾MG的小心拉 哈哈哈"}, {"comment_author": "Johanes24508", "comment_date": ["04/12", "14:22"], "comment_content": "習近平：感謝！我好了"}, {"comment_author": "karol1314", "comment_date": ["04/12", "14:24"], "comment_content": "是不是演的啊？"}, {"comment_author": "allenz78", "comment_date": ["04/12", "14:24"], "comment_content": "真屌 喔不 是假屌"}, {"comment_author": "zidxfevr", "comment_date": ["04/12", "14:25"], "comment_content": "習近平按下我喜歡"}, {"comment_author": "meowmeowgo", "comment_date": ["04/12", "14:25"], "comment_content": "記得把鏡頭貼貼紙"}, {"comment_author": "mirac1e", "comment_date": ["04/12", "14:25"], "comment_content": "習大大早就看膩了吧 24小時無限供應"}, {"comment_author": "deadogy", "comment_date": ["04/12", "14:26"], "comment_content": "維尼都知道"}, {"comment_author": "goodboy98", "comment_date": ["04/12", "14:26"], "comment_content": "習近平什麼都看得到 聽得到，祖國真棒"}, {"comment_author": "godchildtw", "comment_date": ["04/12", "14:26"], "comment_content": "中國車沒有國安疑慮"}, {"comment_author": "fucking", "comment_date": ["04/12", "14:28"], "comment_content": "好 馬上去買"}, {"comment_author": "ororzzz", "comment_date": ["04/12", "14:31"], "comment_content": "習包子12了"}, {"comment_author": "phix", "comment_date": ["04/12", "14:32"], "comment_content": "黨無所不在"}, {"comment_author": "zardmih", "comment_date": ["04/12", "14:34"], "comment_content": "沒事兒 支八仔都愛用中國貨 XDD"}, {"comment_author": "p1227426", "comment_date": ["04/12", "14:36"], "comment_content": "買"}, {"comment_author": "aoyama", "comment_date": ["04/12", "14:38"], "comment_content": "太設了吧"}, {"comment_author": "CCNCCN", "comment_date": ["04/12", "14:40"], "comment_content": "毛骨悚藍的理想國度"}, {"comment_author": "psc50", "comment_date": ["04/12", "14:40"], "comment_content": "想也知道是假的 一群腦包"}, {"comment_author": "DazaiOsamu", "comment_date": ["04/12", "14:40"], "comment_content": "買中國貨的哪有在意這些 便宜治百病"}, {"comment_author": "wbsinger", "comment_date": ["04/12", "14:41"], "comment_content": "貼牌牙醫跟666也都愛淘寶貨"}, {"comment_author": "ff4547", "comment_date": ["04/12", "14:41"], "comment_content": "馬英九跟柯昌含是否有把柄在口國手中？"}, {"comment_author": "ff4547", "comment_date": ["04/12", "14:41"], "comment_content": "口國產品各位自己要小心哦"}, {"comment_author": "cpcpao", "comment_date": ["04/12", "14:43"], "comment_content": "多功能"}, {"comment_author": "dou0228", "comment_date": ["04/12", "14:44"], "comment_content": "愛買的不在乎上新聞好嗎？"}, {"comment_author": "bobcom", "comment_date": ["04/12", "14:45"], "comment_content": "在對岸還要求什麼隱私？別笑人了啦"}, {"comment_author": "heureuxseed", "comment_date": ["04/12", "14:45"], "comment_content": "毛股聳然"}, {"comment_author": "bigsun0709", "comment_date": ["04/12", "14:47"], "comment_content": "我們會小心自己看"}, {"comment_author": "m9315030", "comment_date": ["04/12", "14:49"], "comment_content": "這是在打廣告吧"}, {"comment_author": "webber123", "comment_date": ["04/12", "14:51"], "comment_content": "厲害了"}, {"comment_author": "makilaifan", "comment_date": ["04/12", "14:51"], "comment_content": "懂玩"}, {"comment_author": "b8806", "comment_date": ["04/12", "14:54"], "comment_content": "求番號"}, {"comment_author": "fcz973", "comment_date": ["04/12", "14:56"], "comment_content": "出包SOD不是帳號被盜就是後台被駭"}, {"comment_author": "ipipi304", "comment_date": ["04/12", "14:57"], "comment_content": "八卦版的理想國家"}, {"comment_author": "Barkhorn", "comment_date": ["04/12", "14:58"], "comment_content": "好瑟喔"}, {"comment_author": "letmesee3085", "comment_date": ["04/12", "15:02"], "comment_content": "mic 的都有監視器，包含衣服，豪可"}, {"comment_author": "letmesee3085", "comment_date": ["04/12", "15:02"], "comment_content": "怕"}, {"comment_author": "alligator176", "comment_date": ["04/12", "15:03"], "comment_content": "好色喔"}, {"comment_author": "gerkk", "comment_date": ["04/12", "15:06"], "comment_content": "笑"}, {"comment_author": "edward198791", "comment_date": ["04/12", "15:06"], "comment_content": "共車能監控監視人民 這誰不知道"}, {"comment_author": "kenny830724", "comment_date": ["04/12", "15:07"], "comment_content": "色情片自拍拉"}, {"comment_author": "zxc89003", "comment_date": ["04/12", "15:07"], "comment_content": "支車不意外"}, {"comment_author": "danumi", "comment_date": ["04/12", "15:07"], "comment_content": "真是牛逼"}, {"comment_author": "a22530722", "comment_date": ["04/12", "15:08"], "comment_content": "塔綠斑假新聞也有人信喔.............."}, {"comment_author": "allen1994", "comment_date": ["04/12", "15:08"], "comment_content": "怎麼會有人覺得中共電動車有隱私"}, {"comment_author": "daew145201", "comment_date": ["04/12", "15:08"], "comment_content": "識別能力"}, {"comment_author": "neal997", "comment_date": ["04/12", "15:09"], "comment_content": "siri早就聽膩了"}, {"comment_author": "a22530722", "comment_date": ["04/12", "15:09"], "comment_content": "三立滾吧!實在不相信中國汽車會這樣搞!"}, {"comment_author": "CCNCCN", "comment_date": ["04/12", "15:12"], "comment_content": "MG表示"}, {"comment_author": "eshinoy", "comment_date": ["04/12", "15:13"], "comment_content": "這是A片劇情吧= ="}, {"comment_author": "a22530722", "comment_date": ["04/12", "15:13"], "comment_content": "中國跟三立比起來更相信中國........."}, {"comment_author": "gisasy001", "comment_date": ["04/12", "15:16"], "comment_content": "這是什麼東京熱澀澀劇情"}, {"comment_author": "FLy60169", "comment_date": ["04/12", "15:20"], "comment_content": "有汽座耶，看來是人妻"}, {"comment_author": "k10210904", "comment_date": ["04/12", "15:21"], "comment_content": "新的產業鏈"}, {"comment_author": "BREAKFAST204", "comment_date": ["04/12", "15:21"], "comment_content": "中國人真懂玩"}, {"comment_author": "aries1985", "comment_date": ["04/12", "15:21"], "comment_content": "討厭中國但這照片很假"}, {"comment_author": "dragon6", "comment_date": ["04/12", "15:23"], "comment_content": "偷錄被抓包了吼"}, {"comment_author": "troubledanny", "comment_date": ["04/12", "15:24"], "comment_content": "華為圖 好好笑"}, {"comment_author": "DogT", "comment_date": ["04/12", "15:25"], "comment_content": "假新聞也有人信，要弄特斯拉也不難"}, {"comment_author": "dcdrkim", "comment_date": ["04/12", "15:25"], "comment_content": "好色的中國廠商吧"}, {"comment_author": "sirins", "comment_date": ["04/12", "15:26"], "comment_content": "車廠哪來這麼多錢放高流量網卡"}, {"comment_author": "joinptt", "comment_date": ["04/12", "15:28"], "comment_content": "DPP立委：我就說嘛！所以禁止中車輸台.."}, {"comment_author": "a22530722", "comment_date": ["04/12", "15:33"], "comment_content": "台巴子井蛙繼續看三立高潮吧~~~~~~~~~~"}, {"comment_author": "mangoldfish", "comment_date": ["04/12", "15:36"], "comment_content": "監視器對著車內？哪一款電動車有這"}, {"comment_author": "mangoldfish", "comment_date": ["04/12", "15:36"], "comment_content": "功能"}, {"comment_author": "hakkiene", "comment_date": ["04/12", "15:38"], "comment_content": "特斯拉也會偷看啊 被抓到自動駕駛沒有手"}, {"comment_author": "hakkiene", "comment_date": ["04/12", "15:38"], "comment_content": "握方向盤幾次就被鎖住了"}, {"comment_author": "grayair", "comment_date": ["04/12", "15:39"], "comment_content": "這國家談隱私？"}, {"comment_author": "aa89028500", "comment_date": ["04/12", "15:42"], "comment_content": "包子偷看鄉民打手槍都是真的"}, {"comment_author": "rofellosx", "comment_date": ["04/12", "15:42"], "comment_content": "一堆人沒看懂嗎高合沒否認汽車內有攝影"}, {"comment_author": "rofellosx", "comment_date": ["04/12", "15:43"], "comment_content": "他只說沒權限調用"}, {"comment_author": "beeboombee", "comment_date": ["04/12", "15:46"], "comment_content": "三立喔 不上車"}, {"comment_author": "cocytus39", "comment_date": ["04/12", "15:46"], "comment_content": "支那人生氣了？"}, {"comment_author": "adamsung", "comment_date": ["04/12", "15:47"], "comment_content": "唉不是啊 妳他媽在車子裡自慰幹嘛"}, {"comment_author": "menchian", "comment_date": ["04/12", "15:49"], "comment_content": "現在一堆電動車都有攝影機對著車內好嗎"}, {"comment_author": "menchian", "comment_date": ["04/12", "15:49"], "comment_content": "，有人還活在10年前？"}, {"comment_author": "rogerlarger", "comment_date": ["04/12", "15:51"], "comment_content": "畢竟是中國貨"}, {"comment_author": "artwu", "comment_date": ["04/12", "15:53"], "comment_content": "中國不意外"}, {"comment_author": "T19871124", "comment_date": ["04/12", "15:53"], "comment_content": "影片呢？"}, {"comment_author": "beertwt", "comment_date": ["04/12", "15:55"], "comment_content": "會看三立的果然都是一些低能塔綠班"}, {"comment_author": "DarkKinght", "comment_date": ["04/12", "15:56"], "comment_content": "高合是不是要倒了在那邊下猛藥炒流量"}, {"comment_author": "DarkKinght", "comment_date": ["04/12", "15:56"], "comment_content": "啊？"}, {"comment_author": "thius413", "comment_date": ["04/12", "15:58"], "comment_content": "第二點跟第三點是自打嘴巴吧"}, {"comment_author": "laugh8562", "comment_date": ["04/12", "16:01"], "comment_content": "哪來的wifi??? 你車自帶網路喔？"}, {"comment_author": "kevin552216", "comment_date": ["04/12", "16:04"], "comment_content": "內置鏡頭是用來釐清自駕模式車禍的時"}, {"comment_author": "kevin552216", "comment_date": ["04/12", "16:04"], "comment_content": "候用的吧"}, {"comment_author": "threelittle", "comment_date": ["04/12", "16:05"], "comment_content": "畢竟是中國哪..."}, {"comment_author": "tj456913", "comment_date": ["04/12", "16:08"], "comment_content": "三粒 笑死"}, {"comment_author": "biostrike", "comment_date": ["04/12", "16:09"], "comment_content": "說個笑話，包子也笑了"}, {"comment_author": "histing", "comment_date": ["04/12", "16:10"], "comment_content": "唐湘龍的華為没有SIM卡没有WIFI"}, {"comment_author": "histing", "comment_date": ["04/12", "16:10"], "comment_content": "在地下室，照樣在地震前预警"}, {"comment_author": "ggda", "comment_date": ["04/12", "16:12"], "comment_content": "國家資安要求就是習近平看的到啊"}, {"comment_author": "zippers", "comment_date": ["04/12", "16:12"], "comment_content": "laugh 是不是不知道現在車機也可以連網路"}, {"comment_author": "zippers", "comment_date": ["04/12", "16:12"], "comment_content": "了啊？"}, {"comment_author": "tomdyer", "comment_date": ["04/12", "16:14"], "comment_content": "中國談隱私誰會信？"}, {"comment_author": "tomdyer", "comment_date": ["04/12", "16:15"], "comment_content": "不是 還真的有人相信中國耶 哈哈哈"}, {"comment_author": "icexyz", "comment_date": ["04/12", "16:27"], "comment_content": "上車"}, {"comment_author": "babaluu", "comment_date": ["04/12", "16:30"], "comment_content": "公安都在後門看爽爽"}, {"comment_author": "siyaoran", "comment_date": ["04/12", "16:33"], "comment_content": "被賣還幫忙數錢的韭菜會信中國吧"}, {"comment_author": "pigman1331", "comment_date": ["04/12", "16:36"], "comment_content": "這女的是誰？一看就是想紅"}, {"comment_author": "qazweeew", "comment_date": ["04/12", "16:36"], "comment_content": "好色喔"}, {"comment_author": "hearthstone0", "comment_date": ["04/12", "16:37"], "comment_content": "五樓好猛"}, {"comment_author": "peternano", "comment_date": ["04/12", "16:44"], "comment_content": "一堆五毛好急狂洗地欸笑死"}, {"comment_author": "w1011", "comment_date": ["04/12", "16:45"], "comment_content": "汽座不是因為安全規定不能放副駕嗎"}, {"comment_author": "k1025hung", "comment_date": ["04/12", "16:52"], "comment_content": "特粉的車內攝影鏡頭….."}, {"comment_author": "snowsdream", "comment_date": ["04/12", "16:54"], "comment_content": "兩粒來了"}, {"comment_author": "Paulsic", "comment_date": ["04/12", "16:55"], "comment_content": "狗又都喝汽油了"}, {"comment_author": "tommyhlu", "comment_date": ["04/12", "16:58"], "comment_content": "自行創作的吧？"}, {"comment_author": "BooEH", "comment_date": ["04/12", "17:01"], "comment_content": "三立新聞……."}, {"comment_author": "svcgood", "comment_date": ["04/12", "17:04"], "comment_content": "車主開心，其他人也開心"}, {"comment_author": "pimday", "comment_date": ["04/12", "17:04"], "comment_content": "假的啦 大陸論壇一堆那種假裝偷拍的 都嘛"}, {"comment_author": "pimday", "comment_date": ["04/12", "17:04"], "comment_content": "講好 故意搏眼球而已"}, {"comment_author": "monkey6", "comment_date": ["04/12", "17:06"], "comment_content": "笑死 看這長相也知道平常做啥的"}, {"comment_author": "windwater14", "comment_date": ["04/12", "17:12"], "comment_content": "這種很難說，是不是假新聞或者是假"}, {"comment_author": "ariadne", "comment_date": ["04/12", "17:12"], "comment_content": "你管人做啥？偷拍就是不對 這沒問題吧"}, {"comment_author": "windwater14", "comment_date": ["04/12", "17:12"], "comment_content": "偷拍真想紅，看過就好"}, {"comment_author": "ariadne", "comment_date": ["04/12", "17:13"], "comment_content": "對岸新能源計程車主 常有貼紙條提醒乘客"}, {"comment_author": "ariadne", "comment_date": ["04/12", "17:14"], "comment_content": "不要聊政治 不然他也會被抓去約談 很麻煩"}, {"comment_author": "HellFly", "comment_date": ["04/12", "17:18"], "comment_content": "讚"}, {"comment_author": "keigowei", "comment_date": ["04/12", "17:23"], "comment_content": "老習每天看整理過的全國攝影機畫面 看"}, {"comment_author": "keigowei", "comment_date": ["04/12", "17:23"], "comment_content": "到脫窗虛脫…身體都要弄壞了"}, {"comment_author": "aray0625", "comment_date": ["04/12", "17:27"], "comment_content": "1F哈哈哈XD"}, {"comment_author": "et803", "comment_date": ["04/12", "17:27"], "comment_content": "祖國巴不得連你洗澡都看光光"}, {"comment_author": "jialin6666", "comment_date": ["04/12", "17:27"], "comment_content": "影片不能收藏，不能意淫。但新聞可以"}, {"comment_author": "jialin6666", "comment_date": ["04/12", "17:27"], "comment_content": "報，嘻嘻"}, {"comment_author": "EXTECH", "comment_date": ["04/12", "17:27"], "comment_content": "喔，我以為是發動中的排檔桿"}, {"comment_author": "signm", "comment_date": ["04/12", "17:29"], "comment_content": "也太恐怖了吧"}, {"comment_author": "junwen", "comment_date": ["04/12", "17:38"], "comment_content": "難怪愛支病這麼想引進來=="}, {"comment_author": "hackfox", "comment_date": ["04/12", "17:40"], "comment_content": "好瑟"}, {"comment_author": "Mubing", "comment_date": ["04/12", "17:41"], "comment_content": "我是不信啦"}, {"comment_author": "Mubing", "comment_date": ["04/12", "17:42"], "comment_content": "我指廠商偷拍"}, {"comment_author": "ALDNOAH5566", "comment_date": ["04/12", "17:44"], "comment_content": "車內只拍後座很怪 前座不是比較需要"}, {"comment_author": "david086t", "comment_date": ["04/12", "17:48"], "comment_content": "是不是行車記錄器？行車記錄器有對內跟"}, {"comment_author": "david086t", "comment_date": ["04/12", "17:48"], "comment_content": "對外的鏡頭"}, {"comment_author": "shioulanyu", "comment_date": ["04/12", "17:50"], "comment_content": "感覺刻意自拍流出"}, {"comment_author": "keney963817", "comment_date": ["04/12", "17:51"], "comment_content": "笑死，自己偷拍怪車廠"}, {"comment_author": "nakato", "comment_date": ["04/12", "17:52"], "comment_content": "好色喔"}, {"comment_author": "darkbishop", "comment_date": ["04/12", "17:54"], "comment_content": "太棒了 我愛中國反差婊"}, {"comment_author": "Laminor", "comment_date": ["04/12", "18:04"], "comment_content": "這高招 銷售一定大降"}, {"comment_author": "adamk2", "comment_date": ["04/12", "18:18"], "comment_content": "黨高層表示欣慰w"}, {"comment_author": "bdgnrd0103", "comment_date": ["04/12", "18:18"], "comment_content": "自己偷拍？"}, {"comment_author": "luchiahui", "comment_date": ["04/12", "18:18"], "comment_content": "柯粉興奮，準備買一台支那電動車想被看"}, {"comment_author": "jerry810113", "comment_date": ["04/12", "18:19"], "comment_content": "有人會覺得sod是真的嗎騙不倒我的"}, {"comment_author": "hiyashi1986", "comment_date": ["04/12", "18:20"], "comment_content": "中國電車特色XDD"}, {"comment_author": "KMT87", "comment_date": ["04/12", "18:22"], "comment_content": "習維尼感到欣慰"}, {"comment_author": "davxyz", "comment_date": ["04/12", "18:24"], "comment_content": "八卦4%仔柯韓粉表示祖國好車一定要買起來!"}, {"comment_author": "GimO", "comment_date": ["04/12", "18:27"], "comment_content": "習近平看完才允許流出來的"}, {"comment_author": "n3688", "comment_date": ["04/12", "18:27"], "comment_content": "偷拍影片流出 習大大也流出..."}, {"comment_author": "summerkitten", "comment_date": ["04/12", "18:30"], "comment_content": "近平已收藏"}, {"comment_author": "factotum", "comment_date": ["04/12", "18:33"], "comment_content": "懂玩"}, {"comment_author": "rosydark", "comment_date": ["04/12", "18:40"], "comment_content": "維尼已點讚收藏"}, {"comment_author": "forhorde5566", "comment_date": ["04/12", "18:44"], "comment_content": "再開共車啊"}, {"comment_author": "zzzzzzzzzzzy", "comment_date": ["04/12", "18:51"], "comment_content": "近平也有4T硬碟？"}, {"comment_author": "q123212", "comment_date": ["04/12", "19:06"], "comment_content": "包子：不枉我大力推電動汽車"}, {"comment_author": "abc1494", "comment_date": ["04/12", "19:18"], "comment_content": "估計以後自動駕駛連網碰到領導的車會自動"}, {"comment_author": "abc1494", "comment_date": ["04/12", "19:18"], "comment_content": "開到旁邊"}, {"comment_author": "q09701023", "comment_date": ["04/12", "19:29"], "comment_content": "厲害"}, {"comment_author": "raku", "comment_date": ["04/12", "19:36"], "comment_content": "習大大："}, {"comment_author": "huabandd", "comment_date": ["04/12", "19:38"], "comment_content": "有監控不是問題，問題是被上傳，特斯拉"}, {"comment_author": "huabandd", "comment_date": ["04/12", "19:38"], "comment_content": "的車也有監控駕駛是否存在不正常駕駛行"}, {"comment_author": "huabandd", "comment_date": ["04/12", "19:38"], "comment_content": "為，只能說不要在有監控的地方做不該做"}, {"comment_author": "huabandd", "comment_date": ["04/12", "19:38"], "comment_content": "的事"}, {"comment_author": "raku", "comment_date": ["04/12", "19:38"], "comment_content": "五毛急著洗地 笑死"}, {"comment_author": "mdkn35", "comment_date": ["04/12", "19:44"], "comment_content": "包子變湯包 流粗乃"}, {"comment_author": "x8931139", "comment_date": ["04/12", "19:45"], "comment_content": "好色喔"}, {"comment_author": "yangkun", "comment_date": ["04/12", "19:45"], "comment_content": "又是中國你最爛"}, {"comment_author": "hrml", "comment_date": ["04/12", "19:46"], "comment_content": "八卦支那畜的最愛"}, {"comment_author": "YqYq5566", "comment_date": ["04/12", "20:11"], "comment_content": "看那小姐姐這麼爽，這款按摩棒要狂銷了"}, {"comment_author": "sarra", "comment_date": ["04/12", "20:27"], "comment_content": "一堆崩潰愛國小粉紅在噓幫忙洗地 笑死"}, {"comment_author": "a3221715", "comment_date": ["04/12", "20:34"], "comment_content": "好色喔 還是開油車好"}, {"comment_author": "CriminalCAO", "comment_date": ["04/12", "20:41"], "comment_content": "只有習大大可以看懂嗎，韭菜學人看什"}, {"comment_author": "CriminalCAO", "comment_date": ["04/12", "20:41"], "comment_content": "麼？"}, {"comment_author": "k82817", "comment_date": ["04/12", "20:43"], "comment_content": "習看的很開心"}, {"comment_author": "yosora4", "comment_date": ["04/12", "20:56"], "comment_content": "維尼表示喜翻"}, {"comment_author": "yueayase", "comment_date": ["04/12", "21:14"], "comment_content": "這應該是中國官方監控人民所偷設的東西"}, {"comment_author": "yueayase", "comment_date": ["04/12", "21:14"], "comment_content": "吧？結果這次好死不死拍到女人在DIY，還"}, {"comment_author": "yueayase", "comment_date": ["04/12", "21:14"], "comment_content": "流出來"}, {"comment_author": "yueayase", "comment_date": ["04/12", "21:14"], "comment_content": "想到中國政府為了監控人民做到這種地步"}, {"comment_author": "yueayase", "comment_date": ["04/12", "21:14"], "comment_content": "就覺得可怕"}, {"comment_author": "edwardtp", "comment_date": ["04/12", "21:49"], "comment_content": "畢竟是中國的，黨都看過了"}, {"comment_author": "whitefox", "comment_date": ["04/12", "22:22"], "comment_content": "在X有搜到,但已經被刪"}, {"comment_author": "w6523520", "comment_date": ["04/12", "23:18"], "comment_content": "？！"}, {"comment_author": "dryadg27724", "comment_date": ["04/12", "23:57"], "comment_content": "車主感覺很美"}, {"comment_author": "yan2626", "comment_date": ["04/13", "00:03"], "comment_content": "和信租車客服：林先生，您在車上打飛機"}, {"comment_author": "yan2626", "comment_date": ["04/13", "00:03"], "comment_content": "林先生：和信怎麼什麼都知道？"}, {"comment_author": "yan2626", "comment_date": ["04/13", "00:03"], "comment_content": "和信租車客服：因為你射在玻璃沒有擦"}, {"comment_author": "Bf109G6", "comment_date": ["04/13", "00:26"], "comment_content": "共機 共車 給智障買的"}, {"comment_author": "vozisland", "comment_date": ["04/13", "00:36"], "comment_content": "何德何能可以跟高幹用同樣的配菜"}, {"comment_author": "adminc", "comment_date": ["04/13", "02:24"], "comment_content": "馬上改名為高潮汽車"}, {"comment_author": "oz01", "comment_date": ["04/13", "02:24"], "comment_content": "臺灣片片的免費劇本這不就又來了"}, {"comment_author": "peter105096", "comment_date": ["04/13", "02:40"], "comment_content": "中國貨正常發揮"}, {"comment_author": "reexamor", "comment_date": ["04/13", "07:37"], "comment_content": "雖然有可能是假的，但是現在的八卦板好"}, {"comment_author": "reexamor", "comment_date": ["04/13", "07:37"], "comment_content": "像不容許中國的驕傲被批評？"}, {"comment_author": "laechan", "comment_date": ["04/13", "07:53"], "comment_content": "好怕哦趕快買個mg hs丫丫精"}, {"comment_author": "vodkalime607", "comment_date": ["04/13", "09:38"], "comment_content": "官方出面回應 三立這次又贏勒"}, {"comment_author": "kevincio", "comment_date": ["04/13", "13:07"], "comment_content": "好色哦 中國雞真他媽賤 被維尼看光了"}, {"comment_author": "iverson414", "comment_date": ["04/13", "18:48"], "comment_content": "勸你不要多管閒事"}, {"comment_author": "mario2000", "comment_date": ["04/13", "21:23"], "comment_content": "三立新聞.."}]}
