{"author": "jk182325 (追加鰹魚)", "category": "Gossiping", "title": "[新聞] 海基會董事長傳鎖定鄭文燦 執掌兩岸交流", "date": "Wed Apr 17 16:16:45 2024", "content": ["海基會董事長傳鎖定鄭文燦 執掌兩岸交流重任udn周佑政準總統賴清德520就職，據了解，負責兩岸民間交流重任的海基會董事長一職，可望由行政院副院長鄭文燦出任。鄭文燦是現任中華港澳之友協會會長，前總統陳水扁執政時期，鄭也曾擔任海基會副秘書長，長年來對兩岸民間交流的推動不遺餘力。賴清德新政府陸續公布內閣團隊，不過前三波人事發布，都不見新潮流要角、副閣揆鄭文燦，引發外界揣測鄭文燦是否「脫隊」。據了解，新政府高層已鎖定鄭文燦執掌海基會；熟悉兩岸事務的政府人士表示，如果由鄭文燦出任海基會董座，「對兩岸健康有序的交流會有幫助。」兩岸人士指出，鄭文燦自2018年3月起擔任中華港澳之友協會會長，港友會長期是陸委會推動台港、台澳民間交流的重要平台；鄭文燦擔任會長後，為了不讓陸委會增加公務預算負擔，多透過港友會成員自主募款，推動台港澳交流。了解兩岸事務運作的人士說，鄭文燦始終對兩岸之間健康的交流樂觀看待；鄭文燦曾在扁政府時期就擔任海基會副秘書長，當時海基會預算不足，鄭文燦也曾協助海基會對外募款，過程順利。鄭文燦在擔任桃園市長時，也高度重視兩岸民間交流，許多中國大陸的專業交流團體，跟陸委會接洽時，都指名要與桃園市府交流。", "--"], "post_comment": [{"comment_author": "EfiwymsiAros", "comment_date": ["04/17", "16:17"], "comment_content": "又要親中嗎"}, {"comment_author": "abyssa1", "comment_date": ["04/17", "16:17"], "comment_content": "這感覺倒是滿適合他的"}, {"comment_author": "gn01693664", "comment_date": ["04/17", "16:17"], "comment_content": "熟悉對岸娛樂 給過"}, {"comment_author": "Vassili242", "comment_date": ["04/17", "16:17"], "comment_content": "爽領乾薪囉"}, {"comment_author": "sponge88", "comment_date": ["04/17", "16:17"], "comment_content": "死定了 台商瑟瑟發抖"}, {"comment_author": "XDDXDD", "comment_date": ["04/17", "16:17"], "comment_content": "對岸女模QQ"}, {"comment_author": "nakayamayyt", "comment_date": ["04/17", "16:17"], "comment_content": "拯救中國失學少女"}, {"comment_author": "Alieno", "comment_date": ["04/17", "16:17"], "comment_content": "把中國鵬放在哪裡"}, {"comment_author": "abyssa1", "comment_date": ["04/17", "16:17"], "comment_content": "跟中國人打交道就是要花天酒地 名正言順"}, {"comment_author": "XDDXDD", "comment_date": ["04/17", "16:17"], "comment_content": "XDD 嘻嘻"}, {"comment_author": "zerg999", "comment_date": ["04/17", "16:17"], "comment_content": "各種花式交流嗎"}, {"comment_author": "alex00089", "comment_date": ["04/17", "16:18"], "comment_content": "熟門熟路還可以吧？"}, {"comment_author": "p20162", "comment_date": ["04/17", "16:18"], "comment_content": "爽死了"}, {"comment_author": "tmacor1", "comment_date": ["04/17", "16:18"], "comment_content": "又能上酒店招待"}, {"comment_author": "oOWENo", "comment_date": ["04/17", "16:18"], "comment_content": "隨便啦"}, {"comment_author": "crazydj", "comment_date": ["04/17", "16:18"], "comment_content": "他應該也很想再去中國玩"}, {"comment_author": "hikaru77613", "comment_date": ["04/17", "16:18"], "comment_content": "怎麼不找有實際交流經驗的中國鵬？"}, {"comment_author": "tribeswf", "comment_date": ["04/17", "16:18"], "comment_content": "合理 他的專長"}, {"comment_author": "abyssa1", "comment_date": ["04/17", "16:18"], "comment_content": "「許多中國大陸的專業交流團體，跟陸委"}, {"comment_author": "abyssa1", "comment_date": ["04/17", "16:19"], "comment_content": "會接洽時，都指名要與桃園市府交流。」"}, {"comment_author": "ramirez", "comment_date": ["04/17", "16:19"], "comment_content": "哈哈 只剩這種閒差事了 廢太子可憐啊"}, {"comment_author": "DellSale999", "comment_date": ["04/17", "16:19"], "comment_content": "夭鹿：抗議 他學我"}, {"comment_author": "kinki999", "comment_date": ["04/17", "16:19"], "comment_content": "來個小姐親中開房"}, {"comment_author": "cowjeff", "comment_date": ["04/17", "16:19"], "comment_content": "抄襲到被取消博士學位、澳門嫖妓，"}, {"comment_author": "MrXD", "comment_date": ["04/17", "16:19"], "comment_content": "性招待到爽死了"}, {"comment_author": "cowjeff", "comment_date": ["04/17", "16:19"], "comment_content": "搞爛足協等後還能繼續升官發財，這"}, {"comment_author": "cowjeff", "comment_date": ["04/17", "16:19"], "comment_content": "就是民主嗎？"}, {"comment_author": "tribeswf", "comment_date": ["04/17", "16:19"], "comment_content": "趙天麟也不錯"}, {"comment_author": "fbtm", "comment_date": ["04/17", "16:20"], "comment_content": "論文抄襲的官越做越大"}, {"comment_author": "Jeff911", "comment_date": ["04/17", "16:22"], "comment_content": "有中國酒店概念股嗎?想買了"}, {"comment_author": "LMgogo", "comment_date": ["04/17", "16:23"], "comment_content": "很識合"}, {"comment_author": "kinve1014", "comment_date": ["04/17", "16:24"], "comment_content": "可以光明正大的去大陸嫖妓"}, {"comment_author": "azeroth", "comment_date": ["04/17", "16:25"], "comment_content": "這個親中的倒是很適合"}, {"comment_author": "tenka92417", "comment_date": ["04/17", "16:30"], "comment_content": "合法去對岸當砲兵團團長"}, {"comment_author": "scott0104", "comment_date": ["04/17", "16:31"], "comment_content": "澳門老司機，神來一手好騎"}, {"comment_author": "fire124", "comment_date": ["04/17", "16:31"], "comment_content": "投過這咖 真的後悔"}, {"comment_author": "spa41260", "comment_date": ["04/17", "16:33"], "comment_content": "這是他擅長的領域，吃吃喝喝花天酒地"}, {"comment_author": "VVizZ", "comment_date": ["04/17", "16:34"], "comment_content": "哇太適合了"}, {"comment_author": "pieceioriX", "comment_date": ["04/17", "16:34"], "comment_content": "專業"}, {"comment_author": "VVizZ", "comment_date": ["04/17", "16:34"], "comment_content": "郭正亮應該羨慕死了"}, {"comment_author": "ccdg", "comment_date": ["04/17", "16:48"], "comment_content": "交際應酬喝酒，蠻合適的"}, {"comment_author": "whatahell", "comment_date": ["04/17", "16:51"], "comment_content": "讚喔，這樣賺紅錢方便多了"}, {"comment_author": "jiyucola", "comment_date": ["04/17", "16:54"], "comment_content": "天0表示~羨慕耶~偶要一個幹十個"}, {"comment_author": "KKftw", "comment_date": ["04/17", "17:04"], "comment_content": "也弄個位置給親中舔共的天哥吧"}, {"comment_author": "jackycheny", "comment_date": ["04/17", "17:08"], "comment_content": "嘻嘻，這我推酒店這是胖周瑜的專業欸"}, {"comment_author": "jackycheny", "comment_date": ["04/17", "17:09"], "comment_content": "順便包一個酒店傑+趙天0吧，都是專長"}, {"comment_author": "civic5thsi", "comment_date": ["04/17", "17:12"], "comment_content": "加入黨每個都給你安插人事"}, {"comment_author": "civic5thsi", "comment_date": ["04/17", "17:13"], "comment_content": "而且兩岸根本不交流的 這位子爽啊"}, {"comment_author": "bairn", "comment_date": ["04/17", "17:18"], "comment_content": "慘，太子變神主牌"}, {"comment_author": "splong", "comment_date": ["04/17", "17:28"], "comment_content": "領乾薪不用做事 嘻嘻"}, {"comment_author": "IRPT001", "comment_date": ["04/17", "17:39"], "comment_content": "澳門："}, {"comment_author": "belion", "comment_date": ["04/17", "17:44"], "comment_content": "... 又有官職？？？"}, {"comment_author": "Anvec", "comment_date": ["04/17", "18:04"], "comment_content": "XDDDDDDDDDDDDDDDDDDDDDDDDDDDDDDDDDDDDDDD"}, {"comment_author": "Anvec", "comment_date": ["04/17", "18:05"], "comment_content": "酬庸成這樣"}, {"comment_author": "Anvec", "comment_date": ["04/17", "18:05"], "comment_content": "你不是嘴92共識 嘴一中各表"}, {"comment_author": "Anvec", "comment_date": ["04/17", "18:05"], "comment_content": "請問海基會是三小"}]}
