{"author": "kcbill (明日やろうは馬鹿野郎だ)", "category": "Gossiping", "title": "[新聞] 徐巧芯「哭倒傅崐萁懷中」 還原老公全程", "date": "Tue Apr 16 17:32:22 2024", "content": ["1.媒體來源:自由時報2.記者署名:林哲遠3.完整新聞標題:徐巧芯「哭倒傅崐萁懷中」 還原老公全程目睹始末4.完整新聞內文:", "立委徐巧芯（背對鏡頭）情緒不穩哭倒在立法院國民黨團總召傅崐萁懷中，今天受訪時還原始末。（資料照）〔記者林哲遠／台北報導〕國民黨立委徐巧芯的大姑夫婦因涉及洗錢、詐欺等罪嫌遭收押，徐巧芯近日一度情緒不穩哭倒在立法院國民黨團總召傅崐萁懷中，當下徐巧芯的丈夫、台中市府研考會主委劉彥澧恰巧就在一旁目睹。對此，徐巧芯今天受訪時還原當天原委，更透露當時丈夫向她說，「很抱歉，因為家裡的事情影響到妳。」徐巧芯上午接受廣播節目《千秋萬事》專訪指出，她當天下午到花蓮的行程主要是捐錢、援助災民，受訪時媒體卻只想問大姑涉詐案，受訪結束後門外是傅崐萁、羅智強在等她，「他們一看到我就說沒事、沒事，我回家都被家人罵、在外面也被攻擊，好幾天終於有人跟我說沒事時，當下情緒就潰堤了。」針對當天哭倒在傅崐萁懷中，恰巧老公劉彥澧就在一旁，徐巧芯透露，當下老公也向她說，「很抱歉，因為家裡的事情影響到妳」。她強調，自己真的覺得很冤枉，誰能管到自己老公的姊姊，自己的家庭也是受害者，過去都認為是借貸關係、單純的債務糾紛而已，也是現在爆發了才赫然發現是詐騙，「甚至有沒有騙婚的問題，坦白說我個人都非常懷疑」。此外，徐巧芯表示，自己是還沒有小孩，光是有婚姻這件事情，坦白說她都有點後悔，跟老公沒關係，只是覺得，乾脆大家當男女朋友就好了，「似乎你結婚後，對方的家庭全部好與不好都要我來承擔，心裡是覺得真的非常不公平」。5.完整新聞連結 (或短網址)不可用YAHOO、LINE、MSN等轉載媒體:", "6.備註:--"], "post_comment": [{"comment_author": "RRADA", "comment_date": ["04/16", "17:32"], "comment_content": "沒上色  失敗"}, {"comment_author": "berryc", "comment_date": ["04/16", "17:33"], "comment_content": "從政的代價就是這樣, 不然可以學蔡EE"}, {"comment_author": "benptt", "comment_date": ["04/16", "17:33"], "comment_content": "倒的有點自然"}, {"comment_author": "huiyin220923", "comment_date": ["04/16", "17:34"], "comment_content": "抓到了 藍皮綠骨"}, {"comment_author": "alanqwer", "comment_date": ["04/16", "17:34"], "comment_content": "未看先猜 三立"}, {"comment_author": "mikezip", "comment_date": ["04/16", "17:34"], "comment_content": "綠綠的"}, {"comment_author": "darkbrigher", "comment_date": ["04/16", "17:34"], "comment_content": "帽子戴好"}, {"comment_author": "Saynai", "comment_date": ["04/16", "17:34"], "comment_content": "有點浮誇 XD"}, {"comment_author": "headcase", "comment_date": ["04/16", "17:34"], "comment_content": "真羨慕傅崐萁吶"}, {"comment_author": "Atwo", "comment_date": ["04/16", "17:35"], "comment_content": "其實巧芯這段說的滿好的"}, {"comment_author": "zeebr", "comment_date": ["04/16", "17:35"], "comment_content": "就說老公沒涉入了"}, {"comment_author": "Amara", "comment_date": ["04/16", "17:36"], "comment_content": "三民自齊發"}, {"comment_author": "akway", "comment_date": ["04/16", "17:36"], "comment_content": "老公果然是綠的"}, {"comment_author": "ppp123", "comment_date": ["04/16", "17:37"], "comment_content": "上色都不會"}, {"comment_author": "amigowei", "comment_date": ["04/16", "17:37"], "comment_content": "崐萁：我還有點餓…"}, {"comment_author": "Leo4891", "comment_date": ["04/16", "17:38"], "comment_content": "最後的發言  感覺遲早要離婚了???"}, {"comment_author": "VVizZ", "comment_date": ["04/16", "17:38"], "comment_content": "離婚好，八卦處男們又有機會"}, {"comment_author": "scott0104", "comment_date": ["04/16", "17:38"], "comment_content": "關我什麼事，不要浪費新聞版面好嗎，"}, {"comment_author": "scott0104", "comment_date": ["04/16", "17:38"], "comment_content": "查都查，哭就能解決問題？"}, {"comment_author": "brella", "comment_date": ["04/16", "17:39"], "comment_content": "好噁"}, {"comment_author": "dragonrose", "comment_date": ["04/16", "17:40"], "comment_content": "這不行啦"}, {"comment_author": "wfleowang", "comment_date": ["04/16", "17:40"], "comment_content": "我破防了 女神RRRRRRRR"}, {"comment_author": "dearjohn", "comment_date": ["04/16", "17:40"], "comment_content": "老公在看，關我屁事啊"}, {"comment_author": "scott0104", "comment_date": ["04/16", "17:41"], "comment_content": "與其哭哭啼啼裝無辜，拿證據出來跟對"}, {"comment_author": "scott0104", "comment_date": ["04/16", "17:41"], "comment_content": "方沒關係很難，就不要怪綠營一直爆"}, {"comment_author": "vera0204", "comment_date": ["04/16", "17:41"], "comment_content": "還好沒有不然就很可.................了"}, {"comment_author": "bq99", "comment_date": ["04/16", "17:42"], "comment_content": "哭就哭，倒在懷裏是幹什么"}, {"comment_author": "b777787", "comment_date": ["04/16", "17:44"], "comment_content": "夫目前"}, {"comment_author": "fsuhcikt", "comment_date": ["04/16", "17:44"], "comment_content": "夫との目の前で"}, {"comment_author": "amury", "comment_date": ["04/16", "17:46"], "comment_content": "老公在旁邊更奇怪啊，XDD"}, {"comment_author": "princeguitar", "comment_date": ["04/16", "17:47"], "comment_content": "花蓮二嫂"}, {"comment_author": "sellgd", "comment_date": ["04/16", "17:50"], "comment_content": ""}, {"comment_author": "Amilous", "comment_date": ["04/16", "17:51"], "comment_content": "最後一段還蠻會切割的，不虧他自私個性"}, {"comment_author": "mikiji", "comment_date": ["04/16", "17:53"], "comment_content": "少寫一句 嬌喘一聲"}, {"comment_author": "lone714", "comment_date": ["04/16", "17:55"], "comment_content": "某位有對象啦，只是被保護得很好"}, {"comment_author": "chuchichan", "comment_date": ["04/16", "17:56"], "comment_content": "可悲小丑"}, {"comment_author": "HodorDragon", "comment_date": ["04/16", "18:09"], "comment_content": "綠綠的"}, {"comment_author": "lou", "comment_date": ["04/16", "18:12"], "comment_content": "夫の目の前"}, {"comment_author": "yellowboy", "comment_date": ["04/16", "18:12"], "comment_content": "綠"}, {"comment_author": "b14011030", "comment_date": ["04/16", "18:50"], "comment_content": "既然選擇當政治人物，不承擔這些檢視"}, {"comment_author": "b14011030", "comment_date": ["04/16", "18:50"], "comment_content": "那要承擔什麼？"}, {"comment_author": "changmary", "comment_date": ["04/16", "19:08"], "comment_content": "老公帽子都綠了"}, {"comment_author": "gofun", "comment_date": ["04/16", "19:20"], "comment_content": "在懷裡小聲的說:那根沒用了"}, {"comment_author": "etiennechiu", "comment_date": ["04/16", "19:39"], "comment_content": ""}, {"comment_author": "etiennechiu", "comment_date": ["04/16", "19:40"], "comment_content": ""}, {"comment_author": "schani", "comment_date": ["04/16", "20:06"], "comment_content": "不要在那邊假鬼假怪，用自己當初亂質疑別"}, {"comment_author": "schani", "comment_date": ["04/16", "20:06"], "comment_content": "人連連看方式，好好檢視自己吧。"}, {"comment_author": "piwolf", "comment_date": ["04/16", "20:10"], "comment_content": "能夠胡扯到這種程度真的有夠厲害"}, {"comment_author": "Thaichonburi", "comment_date": ["04/16", "20:20"], "comment_content": "SOD劇本，老婆被幹 老公旁邊看"}, {"comment_author": "bahrainer", "comment_date": ["04/16", "20:29"], "comment_content": "你連連看時有想到對方公平嗎"}, {"comment_author": "Auoer", "comment_date": ["04/16", "20:57"], "comment_content": ""}, {"comment_author": "Auoer", "comment_date": ["04/16", "20:59"], "comment_content": "好好笑"}, {"comment_author": "deepsnows", "comment_date": ["04/16", "21:05"], "comment_content": "在老公眼前 她不知道很噁且只會有反效"}, {"comment_author": "deepsnows", "comment_date": ["04/16", "21:05"], "comment_content": "果嗎"}, {"comment_author": "Thaichonburi", "comment_date": ["04/16", "21:13"], "comment_content": "老婆在面前哭倒包別的老男人，家人"}, {"comment_author": "Thaichonburi", "comment_date": ["04/16", "21:13"], "comment_content": "吃年夜飯被她說是求生意志，被她講"}, {"comment_author": "Thaichonburi", "comment_date": ["04/16", "21:13"], "comment_content": "後悔結婚，她老公真的有夠窩囊的。"}, {"comment_author": "m5092626", "comment_date": ["04/16", "22:18"], "comment_content": "老公眼瞎了娶這種綠茶大餅"}, {"comment_author": "Auoer", "comment_date": ["04/16", "23:04"], "comment_content": ""}, {"comment_author": "vodkalime607", "comment_date": ["04/16", "23:07"], "comment_content": "自己可以瘋狂連連看別人 別人不行?"}, {"comment_author": "hek2", "comment_date": ["04/17", "19:24"], "comment_content": "應該是假結婚吧"}, {"comment_author": "feliauniloo", "comment_date": ["04/17", "19:27"], "comment_content": "啊不用解釋為何倒入另一個男人的懷"}, {"comment_author": "feliauniloo", "comment_date": ["04/17", "19:27"], "comment_content": "中？今天換老公抱女的，可能要吵離婚"}, {"comment_author": "sctiunn", "comment_date": ["04/17", "23:19"], "comment_content": "花蓮王是不是還單身啊？"}, {"comment_author": "andy818102", "comment_date": ["04/18", "23:49"], "comment_content": "嬌喘一聲"}]}
