{"author": "koei5566 (光榮56)", "category": "Gossiping", "title": "[新聞] 感謝相挺 以色列議員：台灣應準備好「為", "date": "Tue Apr 16 09:51:59 2024", "content": ["1.媒體來源:自由時報2.記者署名:〔記者吳哲宇／台北報導〕3.完整新聞標題:感謝相挺 以色列議員：台灣應準備好「為自由而戰」4.完整新聞內文:2024/04/16 06:48首次上稿 04-15 23:07更新時間 04-16 06:48〔記者吳哲宇／台北報導〕以色列國會友台小組主席杜伯斯基（Boaz Toporovsky）上週末率跨黨派國會議員訪問台灣，不巧以色列13日晚間（台灣時間14日清晨）突遭伊朗空襲，訪團昨（15）日上午與蔡英文總統會面後，下午召開記者會譴責伊朗，並感謝台灣第一時間力挺，呼籲雙方應加強合作。提到伊朗攻擊以色列，杜伯斯基憤怒地表示，去年10月7日，被伊朗資助的哈瑪斯殺死了超過1100名無辜的兒童、婦女、老人，這次伊朗又發射超過300枚飛彈，包含彈道飛彈、巡弋飛彈，以色列幾乎攔截所有飛彈拯救人民。杜伯斯基指出，在這次攻擊事件中區分善惡是很容易的，伊朗教導人民，要為了真主而死、要殺死他人；但是以色列教導小孩，要提倡和平，以色列不只面對來自伊朗的攻擊，還有從伊拉克、葉門、黎巴嫩、敘利亞、以及加薩走廊飛來的飛彈。這也不是僅僅針對以色列的攻擊，而是針對所有民主自由國家的攻擊。杜伯斯基特別感謝台灣的支持，包含今日拜會蔡英文總統時，蔡總統傳遞的友善訊息。他說，「在去年10月7日當時，台灣是所有最早慰問我們的國家之一，我們一直記得。昨天，台灣也率先給我們慰問」。他特別希望以色列能增加和台灣合作，為世界帶來和平。他說，兩個小而強大的民主國家，都處於非常惡劣的環境當中。我認為我們應該多加合作，共同努力，為世界帶來和平。在這一點上，我們以色列人有共識。以色列國會議員畢茲穆思（Boaz Bismuth）表示，不管是10月7日或4月14日的攻擊，很多國家都忘了以色列是被侵略，而不是侵略者。在以色列不管你是什麼政黨，面對現在的挑戰，以色列所有政黨都聯合起來，只有一個黨叫做「以色列」。他也表示非常高興加入這次訪問團，因為這是他最早獲得徹底地安慰、完全富有同情心的地方之一。以色列的國會議員們希望從這次伊朗攻擊以色列，大家能看到伊朗對整個自由世界和民主世界的危險性。對於台灣可以從以色列學到什麼？杜伯斯基表示，全世界都應該向以色列學習，因為以色列正位於打擊恐怖主義的前線。杜伯斯基說，「我們不是在開玩笑，我們也不只是說說而已」，「自由世界正受到攻擊，包括來自內部，以及來自外部的敵人」，任何國家或任何地方將自己視為自由世界的一部分，「你就必須準備好，為自由而戰」，並確保自由能夠持續下去。5.完整新聞連結 (或短網址)不可用YAHOO、LINE、MSN等轉載媒體:", "6.備註:謝謝以色列挺台灣 台以友好！----"], "post_comment": [{"comment_author": "yochiya", "comment_date": ["04/16", "09:52"], "comment_content": "綠共又壓對寶了 為什麼我說又"}, {"comment_author": "Dinenger", "comment_date": ["04/16", "09:52"], "comment_content": "假塞啦以色列 爺爺都不幫我們"}, {"comment_author": "peter080808", "comment_date": ["04/16", "09:52"], "comment_content": "神經病 這位怎麼沒在加薩戰場？"}, {"comment_author": "Dinenger", "comment_date": ["04/16", "09:53"], "comment_content": "被公幹才想到我們 給我滾"}, {"comment_author": "flavorBZ", "comment_date": ["04/16", "09:53"], "comment_content": "黨報叫你們準備了"}, {"comment_author": "themas", "comment_date": ["04/16", "09:53"], "comment_content": "翻譯:台灣人準備好死光光了嗎?"}, {"comment_author": "allen0981", "comment_date": ["04/16", "09:53"], "comment_content": "今日以色列，明日台灣，這一刻你我都"}, {"comment_author": "allen0981", "comment_date": ["04/16", "09:53"], "comment_content": "是以色列"}, {"comment_author": "wsdykssj", "comment_date": ["04/16", "09:53"], "comment_content": "說給各位韭菜聽的"}, {"comment_author": "machiusheng", "comment_date": ["04/16", "09:53"], "comment_content": "敗登：輪到你了"}, {"comment_author": "johnhmj", "comment_date": ["04/16", "09:54"], "comment_content": ""}, {"comment_author": "flavorBZ", "comment_date": ["04/16", "09:54"], "comment_content": "土地是你們目田集團的多，你們要派幾個"}, {"comment_author": "flavorBZ", "comment_date": ["04/16", "09:54"], "comment_content": "員工上戰場？"}, {"comment_author": "EfiwymsiAros", "comment_date": ["04/16", "09:54"], "comment_content": "講得好像伊朗不是民選"}, {"comment_author": "niniikoski", "comment_date": ["04/16", "09:54"], "comment_content": "假民主自由之名行吃香喝辣發大財"}, {"comment_author": "sua", "comment_date": ["04/16", "09:55"], "comment_content": "鐵穹 support 一下"}, {"comment_author": "flavorBZ", "comment_date": ["04/16", "09:55"], "comment_content": "起因就是以色列攻擊伊朗，卻不提"}, {"comment_author": "flavorBZ", "comment_date": ["04/16", "09:55"], "comment_content": "以色列教導小孩，要提倡和平。唬爛塞小"}, {"comment_author": "mokumoku", "comment_date": ["04/16", "09:55"], "comment_content": "好了啦 台灣人連以色列在哪都不知道"}, {"comment_author": "jma306", "comment_date": ["04/16", "09:56"], "comment_content": " 幹你娘  你才為自由而戰"}, {"comment_author": "flavorBZ", "comment_date": ["04/16", "09:56"], "comment_content": "以色列拿步槍倡導和平"}, {"comment_author": "deann", "comment_date": ["04/16", "09:56"], "comment_content": "那就不要挺以色列 萬一被阿花拉瓜"}, {"comment_author": "yitniya", "comment_date": ["04/16", "09:56"], "comment_content": "40趴備好為你們爺爺而戰沒有"}, {"comment_author": "ianlin1216", "comment_date": ["04/16", "09:56"], "comment_content": "猶太人進毒氣室啦"}, {"comment_author": "ptychodera", "comment_date": ["04/16", "09:57"], "comment_content": "台灣：說說而已 別認真好嗎"}, {"comment_author": "hylio7754", "comment_date": ["04/16", "09:58"], "comment_content": "先等等"}, {"comment_author": "bbs0840738", "comment_date": ["04/16", "09:58"], "comment_content": "我準備好先逃出國"}, {"comment_author": "machiusheng", "comment_date": ["04/16", "09:58"], "comment_content": "為菜老娘而戰"}, {"comment_author": "jeter17", "comment_date": ["04/16", "09:59"], "comment_content": "推以色列.邪不勝正"}, {"comment_author": "daniel3658", "comment_date": ["04/16", "09:59"], "comment_content": "自由(X) -> 民進黨(O)"}, {"comment_author": "yan4meow", "comment_date": ["04/16", "10:00"], "comment_content": "40%準備好了！"}, {"comment_author": "LoveMakeLove", "comment_date": ["04/16", "10:00"], "comment_content": "謝謝以色列"}, {"comment_author": "peterwu4", "comment_date": ["04/16", "10:00"], "comment_content": "對了，以色列說他們一天就花了三千八百"}, {"comment_author": "peterwu4", "comment_date": ["04/16", "10:00"], "comment_content": "萬鎂去攔截伊朗的飛彈…"}, {"comment_author": "yw1002", "comment_date": ["04/16", "10:01"], "comment_content": "為十億人的自由而戰"}, {"comment_author": "async", "comment_date": ["04/16", "10:03"], "comment_content": "八卦很多人寧願被中共統也不要自由"}, {"comment_author": "littlex2", "comment_date": ["04/16", "10:06"], "comment_content": "以色列喔... 佔著正的一方 但很多人都看"}, {"comment_author": "ballby", "comment_date": ["04/16", "10:06"], "comment_content": "40%整天想打仗 卻又批鬥軍人 可悲"}, {"comment_author": "littlex2", "comment_date": ["04/16", "10:06"], "comment_content": "不下去了好嗎= ="}, {"comment_author": "jma306", "comment_date": ["04/16", "10:06"], "comment_content": " 我討厭綠色網軍"}, {"comment_author": "machiusheng", "comment_date": ["04/16", "10:06"], "comment_content": "40%：60%當炮灰 才有自由"}, {"comment_author": "jma306", "comment_date": ["04/16", "10:07"], "comment_content": " 綠腦打手愛造謠抹黑  抹我不是台灣人  幹"}, {"comment_author": "jma306", "comment_date": ["04/16", "10:08"], "comment_content": " 想帶風向就要愛惜羽毛  而不是當造謠垃圾"}, {"comment_author": "jma306", "comment_date": ["04/16", "10:08"], "comment_content": " 並要把害群之馬揪出來"}, {"comment_author": "jma306", "comment_date": ["04/16", "10:09"], "comment_content": " 否則綠腦打手那麼多  怎麼討論事情"}, {"comment_author": "jma306", "comment_date": ["04/16", "10:10"], "comment_content": " 那麼愛送死就早點宣布台獨 光明正大引戰"}, {"comment_author": "puam4444", "comment_date": ["04/16", "10:11"], "comment_content": "以色列：換你當鬼囉^_^"}, {"comment_author": "jma306", "comment_date": ["04/16", "10:11"], "comment_content": " 還在問卦說八卦版懼戰  八卦版怕死"}, {"comment_author": "tokight", "comment_date": ["04/16", "10:11"], "comment_content": "以色列跟俄國關係不錯了好嗎"}, {"comment_author": "jma306", "comment_date": ["04/16", "10:11"], "comment_content": " DPP高層親人兒女孫子在美國當然不怕戰"}, {"comment_author": "child1991", "comment_date": ["04/16", "10:15"], "comment_content": "以色列：殺光反對的就和平了"}, {"comment_author": "Hsu1025", "comment_date": ["04/16", "10:19"], "comment_content": "挺以色列 隨時被伊斯蘭瘋子阿拉花瓜"}, {"comment_author": "a00049g", "comment_date": ["04/16", "10:28"], "comment_content": "四十趴喜歡每天活在被恐攻的恐懼感中"}, {"comment_author": "aw7square", "comment_date": ["04/16", "10:49"], "comment_content": "智障 兩岸又不是你們這些宗教狂熱份子"}, {"comment_author": "aw7square", "comment_date": ["04/16", "10:49"], "comment_content": "，演演戲而已"}, {"comment_author": "MisterBoar", "comment_date": ["04/16", "11:04"], "comment_content": "先植入男女皆兵全員皆兵的意識好嗎"}, {"comment_author": "PeaceBoy", "comment_date": ["04/16", "19:04"], "comment_content": "挺你媽"}, {"comment_author": "eden08062000", "comment_date": ["04/16", "21:51"], "comment_content": "票投民進黨"}]}
