{"author": "luckyban (班的幸福劇本)", "category": "Gossiping", "title": "[新聞] 賀軍翔現老態撞臉！侯友宜回這句話 網讚", "date": "Tue Apr 16 19:51:38 2024", "content": ["賀軍翔現老態撞臉！侯友宜回這句話 網讚翻：市長比較帥2024/04/16 19:27:00三立新聞 記者程正邦 台北報導台劇《不夠善良的我們》播出後反應熱烈，飾演人夫的賀軍翔，周旋在2大金鐘視后林依晨、許瑋甯之間，沉穩內斂演技令人讚賞，不過他的平頭滄桑造型同樣搶眼，意外撞臉新北市長侯友宜，上萬網友傻眼喊「完蛋，回不去了」。雖然侯友宜給人「鐵漢」印象，平時正經八百，但他也會關注娛樂新聞，今天（16日）下午公務繁忙的他，趁搭車空檔用平板滑到這條新聞後，親自在IG回應。侯友宜寫到，「謝謝劇迷和網友的善良，人家比我帥太多了大家一起支持台劇！」雖然只有短短3句話，卻為賀軍翔現老態的新聞平反，還巧妙用劇名《善良》兩字誇劇迷，獲得網友一致好評。網友紛紛留言，「市長也太可愛」、「侯市長比較帥」、「是不是偷偷跑去演戲」、還有人說「侯市長有智慧，更迷人」，貼文才出1小時已近千人按讚。其實賀軍翔在劇中演出「何瑞之」角色，有別以往帥氣小生的造型，獻出生平首度平頭造型，還經歷8小時漂染後一夕白頭，他敬業表示，因為符合劇本人設形象，心甘情願「被設計」，導演徐譽庭第一次與賀軍翔見面時，也坦白告知「這不是偶像劇、你在裡面不會是帥哥、被我磨戲會很辛苦」。導演希望他揮別過去偶像劇的高富帥形象，演出中年男子遭遇生活考驗的滄桑感，結果拍攝過程中，果真有工作人員誤認他為路人，還有副導演清場時，還喚他「那位先生」，他只得尷尬回「我是賀軍翔」，想不到網友拿他的照片跟侯友宜對比，意外成為話題。", "侯友宜超親民--"], "post_comment": [{"comment_author": "james732", "comment_date": ["04/16", "19:52"], "comment_content": "侯侯選總統"}, {"comment_author": "OPPAISuki", "comment_date": ["04/16", "19:52"], "comment_content": "怎麼都老人在演 台劇沒救了"}, {"comment_author": "justice0616", "comment_date": ["04/16", "19:52"], "comment_content": "三立錯亂嗎"}, {"comment_author": "mutsutakato", "comment_date": ["04/16", "19:52"], "comment_content": "三立又在捧殺"}, {"comment_author": "westinsane", "comment_date": ["04/16", "19:53"], "comment_content": "三立竟然稱讚侯市長，嘻嘻"}, {"comment_author": "xxx5566xxx", "comment_date": ["04/16", "19:54"], "comment_content": "三立反串"}, {"comment_author": "OPPAISuki", "comment_date": ["04/16", "19:54"], "comment_content": "那不是小編回的? 侯會親自回IG?"}, {"comment_author": "EdnlYS", "comment_date": ["04/16", "19:55"], "comment_content": "我怎麼看起來像古阿莫"}, {"comment_author": "PeaceBoy", "comment_date": ["04/16", "19:58"], "comment_content": "無聊"}, {"comment_author": "alex00089", "comment_date": ["04/16", "20:03"], "comment_content": "臥底沒錯亂咩"}, {"comment_author": "daniel0203", "comment_date": ["04/16", "20:05"], "comment_content": "就髮型像而已"}, {"comment_author": "Takhisis", "comment_date": ["04/16", "20:06"], "comment_content": "粉絲看到會生氣 泣這4黑暗兵法～"}, {"comment_author": "adon0313", "comment_date": ["04/16", "20:07"], "comment_content": "高度差那麼多"}, {"comment_author": "law80432", "comment_date": ["04/16", "20:07"], "comment_content": "呵呵 笑死"}, {"comment_author": "CyberGod", "comment_date": ["04/16", "20:18"], "comment_content": "三粒？蛤？"}]}
