{"author": "KouChouChing (20分鐘)", "category": "Gossiping", "title": "[新聞] 私訊嗆女主播「腦殘破麻」 竹市警稱帳號", "date": "Fri Apr 12 11:17:33 2024", "content": ["1.媒體來源:聯合報2.記者署名:張裕珍3.完整新聞標題:私訊嗆女主播「腦殘破麻」 竹市警稱帳號被盜已報案4.完整新聞內文:三立電視台主播馬郁雯日前在立法院採訪時，對民眾黨立委黃國昌直播募款提出質疑，她不滿臉書粉專遭到大批「昌粉」留言謾罵，蒐證後憤而提告21人，並查出其中3人為警職人員。其中，疑似留言嗆馬郁雯「腦殘破麻」為新竹市警察局法制科員警，市警局指出，經查該同仁表示帳號被盜，相信同仁所言，已請他盡速報案釐清案情。據了解，該名被指私訊馬郁雯不堪入目字眼的員警，在新竹市警察局法制科服務，平時表現工作正常，為人也很斯文，警察局不少同仁得知此事，相當意外，私訊留言時間為3月29日並非該員的上班時間。新竹市警察局指出，在獲知疑似有不當留言的狀況後，隨即向該名同仁查證，同仁表示他「帳號被盜」，無法登入該帳號。警察局相信並尊重同仁所言，但為避免帳號再被濫用情事，建議該同仁應盡速報案，也能證明其清白。市警局也說明，由於該名同仁住在台北，已於4月1日向刑事警察局偵查第九大隊報案，交由專責科技偵查犯罪的單位釐清。新竹市警察局也希望能盡速釐清案情，已請自家的刑大科偵隊與刑事警察局保持密切聯繫，適時提供必要的調查協助。新竹市警察局外觀。圖／竹市府提供5.完整新聞連結 (或短網址)不可用YAHOO、LINE、MSN等轉載媒體:", "6.備註:太離譜了，真的太離譜了我們道德的長城，自由的燈塔，民主的防波堤，正義的北極星，公理的馬奇諾防線，智慧的巴特農神殿。人間的極品，對綠色咆哮專武，樹狀圖連連看大師，黃公國昌，為人正派，嫉惡如仇。會怎麼評論關於新竹市警察局法制科許警員聲稱被盜帳號，即將受到動得很厲害國家機機政治迫害的事件『腦殘的破X』這5個字就是新竹市警察局法制科許姓員警的留言，而這5個字也是所有留言之中最難聽的。笑死帳號被盜這種爛理由是一般鄉民在用的沒想到連警察也這樣用…….重點是市警局對於這種理由居然買單上一個高雄的小草昌粉鴿沒第一時間承認就被加告偽造文書這一個新竹市小草昌粉鴿還是法制局的就繼續嘴硬到起訴吧--"], "post_comment": [{"comment_author": "kent", "comment_date": ["04/12", "11:18"], "comment_content": "說帳號被盜就太沒種了"}, {"comment_author": "s820912gmail", "comment_date": ["04/12", "11:18"], "comment_content": "哈哈 小草-1"}, {"comment_author": "KSHLO", "comment_date": ["04/12", "11:18"], "comment_content": "小草都轉昌粉了 可憐那"}, {"comment_author": "Pheromone", "comment_date": ["04/12", "11:18"], "comment_content": "外行問一下 私訊有什麼刑責嗎？ 沒有"}, {"comment_author": "huckebein12", "comment_date": ["04/12", "11:18"], "comment_content": "大咖聲優也會用啊"}, {"comment_author": "Pheromone", "comment_date": ["04/12", "11:18"], "comment_content": "公然侮辱"}, {"comment_author": "JinCheng5566", "comment_date": ["04/12", "11:19"], "comment_content": "小草-21"}, {"comment_author": "zxc2331189", "comment_date": ["04/12", "11:19"], "comment_content": "被盜拉 哪次不是被盜 嘻嘻"}, {"comment_author": "letmesee3085", "comment_date": ["04/12", "11:19"], "comment_content": "嘻嘻"}, {"comment_author": "YLTYY", "comment_date": ["04/12", "11:20"], "comment_content": "笑死"}, {"comment_author": "Tattoo", "comment_date": ["04/12", "11:20"], "comment_content": "私訊罵人是違法什麼法"}, {"comment_author": "lovecyfen", "comment_date": ["04/12", "11:20"], "comment_content": "笑死 片校耶 我不信"}, {"comment_author": "EfiwymsiAros", "comment_date": ["04/12", "11:20"], "comment_content": "年輕人就是年輕人 太衝動了"}, {"comment_author": "ownwei", "comment_date": ["04/12", "11:21"], "comment_content": "完蛋囉 昌粉"}, {"comment_author": "frank111", "comment_date": ["04/12", "11:22"], "comment_content": "警察的帳號被盜，好好笑"}, {"comment_author": "frank111", "comment_date": ["04/12", "11:22"], "comment_content": "該不會該警察的電腦或手機已被監控"}, {"comment_author": "RRADA", "comment_date": ["04/12", "11:22"], "comment_content": "被盜拉 哪次不是被盜?  嘻嘻"}, {"comment_author": "frank111", "comment_date": ["04/12", "11:23"], "comment_content": "這點就可怕，會不會有什麼機密資訊外流"}, {"comment_author": "mm58307533", "comment_date": ["04/12", "11:23"], "comment_content": "私訊沒有公然侮辱之類的阿=="}, {"comment_author": "frank111", "comment_date": ["04/12", "11:24"], "comment_content": "個人漫罵是小事，警方機密資訊外流可是"}, {"comment_author": "kosuke", "comment_date": ["04/12", "11:24"], "comment_content": "小草不意外"}, {"comment_author": "frank111", "comment_date": ["04/12", "11:24"], "comment_content": "大事，竹市警方還不快徹查"}, {"comment_author": "frank111", "comment_date": ["04/12", "11:25"], "comment_content": "警方的帳號被盜，這可不是開玩笑的"}, {"comment_author": "qm21", "comment_date": ["04/12", "11:26"], "comment_content": "用備註政問水桶乎"}, {"comment_author": "fanny0825", "comment_date": ["04/12", "11:26"], "comment_content": "可憐哪！割韭菜"}, {"comment_author": "koromo1991", "comment_date": ["04/12", "11:27"], "comment_content": "抓的到盜賬號的人我就相信"}, {"comment_author": "carrey8", "comment_date": ["04/12", "11:28"], "comment_content": "20年韓粉 24年昌粉"}, {"comment_author": "vowpool", "comment_date": ["04/12", "11:29"], "comment_content": "破不破我不知道"}, {"comment_author": "bravo", "comment_date": ["04/12", "11:39"], "comment_content": "敢做不敢當"}, {"comment_author": "UD305", "comment_date": ["04/12", "11:52"], "comment_content": "小草好兇"}, {"comment_author": "shiriri", "comment_date": ["04/12", "11:56"], "comment_content": "台灣警察素質"}, {"comment_author": "rq654", "comment_date": ["04/12", "11:58"], "comment_content": "如果只有私訊 那可能真的被盜"}, {"comment_author": "xaxa0101", "comment_date": ["04/12", "12:05"], "comment_content": "又又又被盜，嘻嘻，台灣井茶正常發揮"}, {"comment_author": "trashcan0512", "comment_date": ["04/12", "12:11"], "comment_content": "三立被嗆剛好"}, {"comment_author": "zxcv40604", "comment_date": ["04/12", "12:11"], "comment_content": "我不相信有人盜帳號會去私訊罵別人"}, {"comment_author": "Boris945", "comment_date": ["04/12", "12:12"], "comment_content": "私訊根本不會怎樣"}, {"comment_author": "poi963841", "comment_date": ["04/12", "12:14"], "comment_content": "笨草-1 哈哈"}, {"comment_author": "sugigu", "comment_date": ["04/12", "12:25"], "comment_content": "八卦-1"}, {"comment_author": "cosplay314", "comment_date": ["04/12", "12:28"], "comment_content": "腦殘的破腦殘XDDD"}, {"comment_author": "GAP5566", "comment_date": ["04/12", "12:30"], "comment_content": "可憐吶"}, {"comment_author": "Mesa5566", "comment_date": ["04/12", "12:45"], "comment_content": "丟臉"}, {"comment_author": "bradpete", "comment_date": ["04/12", "12:49"], "comment_content": "八卦哭暈"}, {"comment_author": "m9315030", "comment_date": ["04/12", "14:18"], "comment_content": "年輕人最容易被煽動阿"}, {"comment_author": "godblesses", "comment_date": ["04/12", "14:19"], "comment_content": "幹嘛罵三立 這樣會罵不完 太辛苦了"}]}
