{"author": "rsreason (RSR)", "category": "Gossiping", "title": "[新聞] 嘉基電子直肛鏡 小菊花問題一目瞭然 不再難以啟齒", "date": "Wed Apr 17 16:32:51 2024", "content": ["嘉基電子直肛鏡 小菊花問題一目瞭然 不再難以啟齒聯合報／記者李宗祐／嘉義即時報導患者到直腸外科門診就診，絕大多數都是跟肛門疾患有關，然而肛門是一個很私密的位置，大部分患者對於症狀常常難以啟齒。為提升醫病溝通關係，嘉義基督教醫院引進醫療級「電子直肛鏡」，透過即時影像，有助醫師說明病情，讓患者的「菊花」內涵可以撥雲見日，不會再對醫師的說明感到霧煞煞。嘉基大腸直腸外科主任林怡成醫師表示，現行肛門鏡檢查是經醫師肉眼診察後，再向患者解釋檢查結果，因看不到檢查影像，當醫師在描述病灶時，會讓患者產生一知半解的缺點，甚至還會有雞同鴨講的窘境；有鑑於此，嘉基引進醫療等級電子直肛鏡，結合肛門鏡、高解析鏡頭檢查系統於一體，即時將檢查影像儲存傳送至醫師的診療螢幕，可讓患者一邊看著檢查影像，一邊聽醫師的解釋，整個說明不僅一清二楚，還可達到事半功倍之效。醫師林怡成表示，長度約為7cm的直腸肛門鏡是指檢查肛門到下段直腸的內視鏡，為肛門直腸疾病的常規檢查方法之一，適用於肛管、直腸末端的病變如痔瘡、廔管、裂肛、肛門膿瘍等；相較於其他檢查方式，電子直肛鏡檢可於診間立即執行，不需額外準備動作，患者較不會有不適感，患者本身也可以看到自己病灶，有助於醫師和患者討論病情，制定適當的治療計畫。林怡成表示，目前因屁屁問題求診的患者，女多於男，最關心的是如何保有健康的「菊花」；他說，肛門的保養很容易被忽視，現在很多人如廁時習慣滑手機、追劇、手遊的不良習慣，坐在馬桶上的時間過久就會影響血液循環，建議，如廁時間不應太久，平時避免刺激性及辛辣的食物，多吃水果、蔬菜、攝取足夠水分，養成定時排便習慣，避免久站、久坐、久蹲，排便後最好能以溫水清洗或坐浴，保持良好衛生習慣。醫師林怡成表示，電子直肛鏡的檢查透過內視鏡可以在螢幕上看到自己的「菊花」影像。圖／嘉義基督教醫院提供", "--"], "post_comment": [{"comment_author": "TopGun2", "comment_date": ["04/17", "16:33"], "comment_content": "野菊花 野菊花 默默開在山坡下"}, {"comment_author": "freefree0128", "comment_date": ["04/17", "16:33"], "comment_content": "看到應該會更羞恥吧。"}, {"comment_author": "woei8904", "comment_date": ["04/17", "16:34"], "comment_content": "你的肛門比較鬆弛 但"}, {"comment_author": "coffeemilk", "comment_date": ["04/17", "16:35"], "comment_content": "醫師建議大便完要溫水清洗XD 大家記得"}, {"comment_author": "coffeemilk", "comment_date": ["04/17", "16:35"], "comment_content": "用蓮蓬頭啊！"}, {"comment_author": "uohZemllac", "comment_date": ["04/17", "16:35"], "comment_content": "溫馨推"}, {"comment_author": "Forcast", "comment_date": ["04/17", "16:36"], "comment_content": "電子化"}, {"comment_author": "ayakiax", "comment_date": ["04/17", "16:52"], "comment_content": "所以醫生，這是甚麼品種的椰子"}, {"comment_author": "ericer6515", "comment_date": ["04/17", "17:02"], "comment_content": "你的痔瘡彌補了這部分"}]}
