{"author": "asppsa (橘子綠了)", "category": "Gossiping", "title": "[新聞] 法界籲訂定國會調查權專法 「老虎才不", "date": "Fri Apr 12 09:24:27 2024", "content": ["備註請放最後面 違者新聞文章刪除1.媒體來源:", "2.記者署名:謝君臨3.完整新聞標題:", "訂定國會調查權專法 「老虎才不會亂咬人、咬錯人」4.完整新聞內文:針對國會調查權之行使，包括發動門檻、範圍與界線等，", "，就憲法上的各種要求，在專法內做比較細緻的規定；如同法院在開庭時，也有一部完整的訴訟法，明確完整規範體系，", "，對憲法所保障的人民基本權或國家安全造成損害。立法院司法及法制委員會今（11）日舉行「如何落實國會調查／聽證權以有效監督行政機關，並防範機密外洩危害國安」公聽會，邀請專家學者討論。針對國會調查及聽證權，國立中山大學中國與亞太區域研究所教授張顯超於會中提及5個基本重點，包括它是立法權的輔助，並非可以獨立行使的特別權力；", "，須相互尊重彼此權力的行使；建議制定專法規範其範圍和界線，不應與司法權、監察權發生重疊和衝突。張顯超續", "，", "，「", "」且要擴及到立委助理及相關人員的法律責任，這是非常嚴肅的事。此外，對私部門的調查應特別慎重，因為該權力不是司法調查權，最主要目的應以徵詢意見、釐清事實為主，避免觸及憲法所保障的基本人權和自由權的絕對領域。", "，目前草案對於國會調查權的發動條件、範圍不明確，也沒有任何倫理規範，將這樣廣泛的權力賦予立法權，會否造成國家機密外洩、侵害人民權利等，他非常憂心也高度懷疑。若只在立法院職權行使法修個幾條，顯然不足以承擔權責相符、制度設計配套，", "「", "，", "」", "，如同法院開庭有一部完整訴訟法，對於審理對象有一部完整實體法，明確完整規範體系，讓國會有了調查權後，", "，對憲法所保障的人民基本權，或對國家安全造成損害。萬國法律事務所律師陳鵬光指出，國會調查權的行使方式，", "，包括資料提供、文件調閱、傳喚到場說明，侵害、干預的程度不同，越強烈的話，要受到的限制和要件就會越嚴格；", "，就憲法上各種要求，在專法內做", "有關國會調查權的發動，陳鵬光", "，主要是獲得資訊，目的在於準備立法和監督行政；多號大法官解釋也提到，處理議案有2個要件，一是要和立院行使憲法上的職權有重大關聯，另一則是目的、範圍明確的特定議案，才能展開調查；調查程序上強烈建議，相關通知必須記載特定議案目的和範圍，才能判斷立院職權行使是否符合憲法要求。5.完整新聞連結 (或短網址)不可用YAHOO、LINE、MSN等轉載媒體:", "6.備註:", "--"], "post_comment": [{"comment_author": "ianlin1216", "comment_date": ["04/12", "09:24"], "comment_content": "這些學者都是中共同路人"}, {"comment_author": "AustinRivers", "comment_date": ["04/12", "09:25"], "comment_content": "法界亂咬人亂放走人  後來有怎樣嗎"}, {"comment_author": "seiya2000", "comment_date": ["04/12", "09:25"], "comment_content": "這些人有比柯建銘慬嗎"}, {"comment_author": "st210113", "comment_date": ["04/12", "09:26"], "comment_content": "麻柯：你們都毀憲亂政啦"}, {"comment_author": "donation12", "comment_date": ["04/12", "09:29"], "comment_content": "這種提議放在立院變色的現在就有點..."}, {"comment_author": "donation12", "comment_date": ["04/12", "09:30"], "comment_content": "怎麼不在全面執政的時候早說呢....?"}, {"comment_author": "hanklee", "comment_date": ["04/12", "09:31"], "comment_content": "法界? 綠界吧"}, {"comment_author": "maxinehou", "comment_date": ["04/12", "09:40"], "comment_content": "亂咬人?是說美國國會嗎"}, {"comment_author": "cms6384", "comment_date": ["04/12", "09:41"], "comment_content": "因為你不會想到真的有党敢毀憲亂政阿"}, {"comment_author": "cms6384", "comment_date": ["04/12", "09:42"], "comment_content": "民進党執政才發現原來官員會這麼囂張"}, {"comment_author": "ccufcc", "comment_date": ["04/12", "12:21"], "comment_content": "吼吼吼"}, {"comment_author": "ccufcc", "comment_date": ["04/12", "12:55"], "comment_content": ""}]}
