{"author": "RRADA (HIRO)", "category": "Gossiping", "title": "[新聞] 辯「肥水不落外人田」！噁男性侵女友9歲", "date": "Fri Apr 19 10:15:23 2024", "content": ["1.媒體來源:TVBS2.記者署名:記者 潘千詩 報導3.完整新聞標題:辯「肥水不落外人田」！噁男性侵女友9歲女兒　重判18年定讞4.完整新聞內文:桃園市一名鄒姓男子6年前對同居女友", "，同居女友得知後質問鄒男，鄒男竟無恥回稱「", "，肥水不落外人田」等語，一、二審依對兒童乘機性交、強制性交及強制猥褻等罪，重判18年，最高法院駁回上訴，全案定讞。判決指出，2018年4月至6月間，鄒男在家中對女童猥褻、性侵，前後共計5次。後來，女童母親因案收押，女童被安置後向社工吐露受害經過，始向桃園市警婦幼警察隊報案，檢方偵結後起訴鄒男。法院審理時，鄒男辯稱，女童都跟在媽媽身邊，不會有1分鐘留在家裡跟他在一起，他也對女童沒有任何想法。不過，女童指稱，平常媽媽跟鄒男睡床上，自己打地鋪睡地上，有一天晚上，鄒男趁媽媽睡覺時跑來她睡覺的地方", "，當時她很害怕很不舒服，不敢大叫，想把鄒推開，總共3次，只記得最後1次是當年5月底，其他時間忘了。女童表示，鄒也會假裝從她身邊走過去摸她屁股，被摸後有叫鄒不要碰她，接著", "，她就會回稱「我是小孩子，不要這樣跟我講話」，但她講完後，鄒又", "。女童母親作證表示，女兒曾說被鄒男摸屁股，她質問鄒男，鄒卻回稱「反正妹妹以後也是要給別人用，不然現在給我用」、「肥水不落外人田」。法官根據女童驗傷報告，以及", "，或是女童留下紙條上，鄒男寫著", "等極為低俗、不堪入目等字句，認定鄒男對女童毫無憐惜，為滿足一己私慾，嚴重戕害年僅9歲女童的身心發展和人格尊嚴，犯後矢口否認並矯詞脫罪，態度惡劣，重判18年定讞。5.完整新聞連結 (或短網址)不可用YAHOO、LINE、MSN等轉載媒體:", "6.備註:為何要帶未成年女兒跟陌生男人同居?--"], "post_comment": [{"comment_author": "highyes", "comment_date": ["04/19", "10:15"], "comment_content": "台南就是噁心"}, {"comment_author": "syntax123", "comment_date": ["04/19", "10:16"], "comment_content": ""}, {"comment_author": "zxc2331189", "comment_date": ["04/19", "10:16"], "comment_content": "新北不易外"}, {"comment_author": "iam0718", "comment_date": ["04/19", "10:16"], "comment_content": "這才是真的重判"}, {"comment_author": "kent", "comment_date": ["04/19", "10:16"], "comment_content": "18年...."}, {"comment_author": "derrick1220", "comment_date": ["04/19", "10:16"], "comment_content": "2F…"}, {"comment_author": "yggyygy", "comment_date": ["04/19", "10:17"], "comment_content": "邏輯正確"}, {"comment_author": "SUMPO", "comment_date": ["04/19", "10:18"], "comment_content": "6年前黨還沒控制司法喔"}, {"comment_author": "www8787", "comment_date": ["04/19", "10:18"], "comment_content": "打炮18年 殺人沒50年判太輕了"}, {"comment_author": "Carters1109", "comment_date": ["04/19", "10:18"], "comment_content": "統粉會說都輕判"}, {"comment_author": "bingreen", "comment_date": ["04/19", "10:19"], "comment_content": "先切斷gg再說"}, {"comment_author": "nekoares", "comment_date": ["04/19", "10:22"], "comment_content": "這個拿去電死"}, {"comment_author": "Lineage097", "comment_date": ["04/19", "10:23"], "comment_content": "有一個比二次元重了 只有一個？"}, {"comment_author": "midst", "comment_date": ["04/19", "10:23"], "comment_content": "這才是真的重判"}, {"comment_author": "smithjr", "comment_date": ["04/19", "10:23"], "comment_content": "會跟有女兒的單親媽媽 在一起的大概都是"}, {"comment_author": "smithjr", "comment_date": ["04/19", "10:24"], "comment_content": "這種貨色"}, {"comment_author": "mk5520", "comment_date": ["04/19", "10:27"], "comment_content": "又是桃園，桃園出鬼父嗎"}, {"comment_author": "GLUESTICK", "comment_date": ["04/19", "10:32"], "comment_content": "台女真的很喜歡噁男"}, {"comment_author": "overthinkin", "comment_date": ["04/19", "10:37"], "comment_content": "乾去死一死"}, {"comment_author": "RRADA", "comment_date": ["04/19", "10:39"], "comment_content": "【女童母親因案收押】，嗯...這種家庭...."}, {"comment_author": "YOLULIN1985", "comment_date": ["04/19", "10:51"], "comment_content": "111年度侵訴緝字第2號"}, {"comment_author": "cynthiajul", "comment_date": ["04/19", "11:02"], "comment_content": "台男又做出台男行為了"}, {"comment_author": "janems", "comment_date": ["04/19", "11:15"], "comment_content": "鬼父市不意外…"}, {"comment_author": "atbb", "comment_date": ["04/19", "12:08"], "comment_content": "終於有重判的了"}, {"comment_author": "Hsu1025", "comment_date": ["04/19", "12:23"], "comment_content": "台灣印度化"}, {"comment_author": "barry1027gg", "comment_date": ["04/19", "13:12"], "comment_content": "垃圾党:呆丸終於活成硬督的樣子了 未"}, {"comment_author": "barry1027gg", "comment_date": ["04/19", "13:12"], "comment_content": "來開放硬督人就能無縫接軌啦~~"}, {"comment_author": "cloud1030", "comment_date": ["04/19", "13:36"], "comment_content": "比殺人還重 XD"}]}
