{"author": "Mesenne (姆咪姆咪)", "category": "Gossiping", "title": "[新聞] 快訊／台北驚爆「法官墜樓」！士林地院", "date": "Fri Apr 12 08:30:04 2024", "content": ["備註請放最後面 違者新聞文章刪除1.媒體來源:", "Tvbs2.記者署名:", "編輯 陳怡伶 報導3.完整新聞標題:", "快訊／台北驚爆「法官墜樓」！士林地院宿舍　碰一聲巨響亡4.完整新聞內文:", "台北市驚傳墜樓命案！內湖民權東路六段、士林地院法官宿舍今（12）日凌晨發出碰一聲巨響，一名男子臥倒現場，已經無呼吸心跳，送醫不治。怎料，該死者身分經調查，竟是一名法官。李姓法官墜樓後已無呼吸，隨後被送往三總搶救後，不幸於凌晨01時25分宣告身亡。警方初步了解排查，現場並無外力介入跡象，至於詳細死因仍待進一步調查釐清。《TVBS》提醒您：輕生解決不了問題，卻留給家人無比悲痛。請珍惜生命，請再給自己一次機會生命線請撥1995；衛福部諮詢安心專線：珍愛生命，請撥打 1925（24小時）；張老師專線：1985.完整新聞連結 (或短網址)不可用YAHOO、LINE、MSN等轉載媒體:", "6.備註:", "--姆咪姆咪姆咪姆咪姆咪姆咪姆咪姆咪姆咪姆咪姆咪", "--"], "post_comment": [{"comment_author": "syntax123", "comment_date": ["04/12", "08:30"], "comment_content": "怕"}, {"comment_author": "gx8759121", "comment_date": ["04/12", "08:30"], "comment_content": "毛骨悚然"}, {"comment_author": "sunsam", "comment_date": ["04/12", "08:30"], "comment_content": "被自殺嗎"}, {"comment_author": "kevin28", "comment_date": ["04/12", "08:30"], "comment_content": "!!"}, {"comment_author": "OGCOGCOGCOGC", "comment_date": ["04/12", "08:30"], "comment_content": "不必去查"}, {"comment_author": "Himiko9975", "comment_date": ["04/12", "08:30"], "comment_content": "怕"}, {"comment_author": "xbit", "comment_date": ["04/12", "08:30"], "comment_content": "知道的太多..法官都保不住"}, {"comment_author": "hmt17", "comment_date": ["04/12", "08:31"], "comment_content": "法匠-1"}, {"comment_author": "ianlin1216", "comment_date": ["04/12", "08:31"], "comment_content": "蔡英文任內連法官都自殺"}, {"comment_author": "qt359101", "comment_date": ["04/12", "08:31"], "comment_content": "你知道的太多了"}, {"comment_author": "cs09312", "comment_date": ["04/12", "08:31"], "comment_content": "死意堅決"}, {"comment_author": "steelheart3", "comment_date": ["04/12", "08:31"], "comment_content": "壓力很大 水很深吧"}, {"comment_author": "ianlin1216", "comment_date": ["04/12", "08:31"], "comment_content": "衰尾查某無誤"}, {"comment_author": "Dirgo", "comment_date": ["04/12", "08:31"], "comment_content": "恐龍也會憂鬱嗎??"}, {"comment_author": "keroro39", "comment_date": ["04/12", "08:31"], "comment_content": "毛骨悚然 幸好不是台中"}, {"comment_author": "oinmrr", "comment_date": ["04/12", "08:31"], "comment_content": "是不是沒聽政府的話才被自殺?"}, {"comment_author": "whitenoise", "comment_date": ["04/12", "08:31"], "comment_content": "該不會是私房會員吧？？"}, {"comment_author": "Borges", "comment_date": ["04/12", "08:31"], "comment_content": "毛毛ㄉ~~"}, {"comment_author": "s155260", "comment_date": ["04/12", "08:31"], "comment_content": "不必去查"}, {"comment_author": "energy100203", "comment_date": ["04/12", "08:31"], "comment_content": "？？"}, {"comment_author": "DiMammaMia", "comment_date": ["04/12", "08:31"], "comment_content": "如果是恐龍法官 祝他一路好走 可教化"}, {"comment_author": "d1438a", "comment_date": ["04/12", "08:31"], "comment_content": "是不是觸犯黨條"}, {"comment_author": "starwish00", "comment_date": ["04/12", "08:31"], "comment_content": "520前夕黨爭嗎？聽說大法官要換"}, {"comment_author": "sd09090", "comment_date": ["04/12", "08:31"], "comment_content": "一定有原因"}, {"comment_author": "t81511270", "comment_date": ["04/12", "08:32"], "comment_content": "毛骨悚然"}, {"comment_author": "yoyodio", "comment_date": ["04/12", "08:32"], "comment_content": "法匠都@@"}, {"comment_author": "Justinchen", "comment_date": ["04/12", "08:32"], "comment_content": "究竟是工作的壓力 還是道德的淪喪 讓"}, {"comment_author": "nothing188", "comment_date": ["04/12", "08:32"], "comment_content": "被自殺？"}, {"comment_author": "syearth", "comment_date": ["04/12", "08:32"], "comment_content": "笑死 年金改革成功 少一個法官領"}, {"comment_author": "Justinchen", "comment_date": ["04/12", "08:32"], "comment_content": "我們繼續看下去"}, {"comment_author": "LoveMakeLove", "comment_date": ["04/12", "08:32"], "comment_content": "R.I.P"}, {"comment_author": "errorr", "comment_date": ["04/12", "08:32"], "comment_content": "什麼連名字都沒有報"}, {"comment_author": "nothing188", "comment_date": ["04/12", "08:32"], "comment_content": "夕後"}, {"comment_author": "johnhmj", "comment_date": ["04/12", "08:32"], "comment_content": "恐怖喔"}, {"comment_author": "nobbut", "comment_date": ["04/12", "08:32"], "comment_content": "拿錢不辦事？亦或是 動搖國本"}, {"comment_author": "qwerty6z", "comment_date": ["04/12", "08:32"], "comment_content": "司法改革？"}, {"comment_author": "jay57", "comment_date": ["04/12", "08:33"], "comment_content": "不必去查"}, {"comment_author": "ncc5566", "comment_date": ["04/12", "08:33"], "comment_content": "20年來經濟最好 阿 法官??"}, {"comment_author": "zxc17893", "comment_date": ["04/12", "08:33"], "comment_content": "被自殺？毛骨悚然"}, {"comment_author": "gygy2020", "comment_date": ["04/12", "08:33"], "comment_content": "被死亡了"}, {"comment_author": "Ceferino", "comment_date": ["04/12", "08:33"], "comment_content": "不必去查 ^^"}, {"comment_author": "ketrobo", "comment_date": ["04/12", "08:34"], "comment_content": "承辦哪些案子?"}, {"comment_author": "andyboy0428", "comment_date": ["04/12", "08:34"], "comment_content": "恐怖"}, {"comment_author": "chocopoodle", "comment_date": ["04/12", "08:34"], "comment_content": "先說是恐龍法官還是好法官"}, {"comment_author": "start0917", "comment_date": ["04/12", "08:34"], "comment_content": "終身俸沒了"}, {"comment_author": "spring53287", "comment_date": ["04/12", "08:34"], "comment_content": "是不是知道有一個升官的秘密太多"}, {"comment_author": "poqwiuer", "comment_date": ["04/12", "08:34"], "comment_content": "我猜樓太高"}, {"comment_author": "EfiwymsiAros", "comment_date": ["04/12", "08:34"], "comment_content": "毛骨悚然"}, {"comment_author": "deepdish", "comment_date": ["04/12", "08:35"], "comment_content": ""}, {"comment_author": "VVizZ", "comment_date": ["04/12", "08:35"], "comment_content": "這個應該是有良心的"}, {"comment_author": "rommel1990", "comment_date": ["04/12", "08:35"], "comment_content": "連法官都跳..."}, {"comment_author": "js6661212", "comment_date": ["04/12", "08:35"], "comment_content": "劣幣驅逐良幣？"}, {"comment_author": "youare", "comment_date": ["04/12", "08:35"], "comment_content": "法官不是人上人嗎 有需要跳樓唷？找幾個"}, {"comment_author": "rockiey", "comment_date": ["04/12", "08:35"], "comment_content": "看看最近判什麼"}, {"comment_author": "Mayinggo", "comment_date": ["04/12", "08:35"], "comment_content": "壓力這麼大哦"}, {"comment_author": "youare", "comment_date": ["04/12", "08:35"], "comment_content": "案件亂判舒壓一下不會嗎"}, {"comment_author": "OBJmk2", "comment_date": ["04/12", "08:35"], "comment_content": "党不喜歡這則新聞"}, {"comment_author": "alaskaman", "comment_date": ["04/12", "08:35"], "comment_content": "嘻嘻哈哈"}, {"comment_author": "poorenglish", "comment_date": ["04/12", "08:35"], "comment_content": "這該高調"}, {"comment_author": "youare", "comment_date": ["04/12", "08:36"], "comment_content": "只看過法官逼到別人跳樓 沒看過法官自己"}, {"comment_author": "kis28519", "comment_date": ["04/12", "08:36"], "comment_content": "報應"}, {"comment_author": "cutesoda", "comment_date": ["04/12", "08:36"], "comment_content": "壓力太大 一路好走"}, {"comment_author": "youare", "comment_date": ["04/12", "08:36"], "comment_content": "跳的"}, {"comment_author": "sushi11", "comment_date": ["04/12", "08:36"], "comment_content": "打房戰士-法官"}, {"comment_author": "haha7456", "comment_date": ["04/12", "08:37"], "comment_content": "看看有碰哪些案件吧"}, {"comment_author": "turndown4wat", "comment_date": ["04/12", "08:37"], "comment_content": "水很深"}, {"comment_author": "memories66", "comment_date": ["04/12", "08:37"], "comment_content": "冤有頭債有主"}, {"comment_author": "iphyf", "comment_date": ["04/12", "08:37"], "comment_content": "先說一下是不是恐龍"}, {"comment_author": "xaxa0101", "comment_date": ["04/12", "08:38"], "comment_content": "這年頭連法官也墜樓"}, {"comment_author": "Tattoo", "comment_date": ["04/12", "08:38"], "comment_content": "怎麼有點開心"}, {"comment_author": "blessbless", "comment_date": ["04/12", "08:38"], "comment_content": "天罰？"}, {"comment_author": "QmaxQ", "comment_date": ["04/12", "08:38"], "comment_content": "高調"}, {"comment_author": "bbs0840738", "comment_date": ["04/12", "08:38"], "comment_content": "哇靠 第一次看到法官跳樓的"}, {"comment_author": "touchbird", "comment_date": ["04/12", "08:38"], "comment_content": "天降法官"}, {"comment_author": "Dia149", "comment_date": ["04/12", "08:38"], "comment_content": "判生判到被判死"}, {"comment_author": "tpkgo", "comment_date": ["04/12", "08:38"], "comment_content": "業力引爆"}, {"comment_author": "hahakid", "comment_date": ["04/12", "08:39"], "comment_content": "這個政府唯一沒跳票的就是今日香港，明"}, {"comment_author": "ccccccrex", "comment_date": ["04/12", "08:39"], "comment_content": "扛不住壓力...哀"}, {"comment_author": "homestay", "comment_date": ["04/12", "08:39"], "comment_content": "40%覺得樓太高了 排除其他因素"}, {"comment_author": "hahakid", "comment_date": ["04/12", "08:39"], "comment_content": "日台灣了"}, {"comment_author": "KTR5566", "comment_date": ["04/12", "08:39"], "comment_content": "兩萬點還會有人自殺"}, {"comment_author": "dreamerV", "comment_date": ["04/12", "08:39"], "comment_content": "R.I.P 連法官都要跳樓，這個國家有問題"}, {"comment_author": "cowboyz1105", "comment_date": ["04/12", "08:39"], "comment_content": "相信黨"}, {"comment_author": "huabandd", "comment_date": ["04/12", "08:39"], "comment_content": "來，我先看這個是不是所謂恐龍法官，如"}, {"comment_author": "mikeeeee", "comment_date": ["04/12", "08:39"], "comment_content": " "}, {"comment_author": "outspoken123", "comment_date": ["04/12", "08:39"], "comment_content": "RIP"}, {"comment_author": "huabandd", "comment_date": ["04/12", "08:39"], "comment_content": "果是，我要歡呼"}, {"comment_author": "STi2011", "comment_date": ["04/12", "08:40"], "comment_content": "靠北 第一次聽說法官跳樓的"}, {"comment_author": "clydebbman", "comment_date": ["04/12", "08:40"], "comment_content": "被"}, {"comment_author": "iansong", "comment_date": ["04/12", "08:40"], "comment_content": "良心發現了嗎"}, {"comment_author": "hyuchi0202", "comment_date": ["04/12", "08:40"], "comment_content": "被自殺吧"}, {"comment_author": "siloin", "comment_date": ["04/12", "08:40"], "comment_content": "唉 連法官都被逼到跳樓 鬼島無誤"}, {"comment_author": "DWR", "comment_date": ["04/12", "08:40"], "comment_content": "直接定調無外力介入 結案"}, {"comment_author": "sheepxo", "comment_date": ["04/12", "08:40"], "comment_content": "台北太多高樓了"}, {"comment_author": "Sinkirou", "comment_date": ["04/12", "08:41"], "comment_content": "禍害 1"}, {"comment_author": "STi2011", "comment_date": ["04/12", "08:41"], "comment_content": "司法獨立下的法官都出事了"}, {"comment_author": "lasaieshy", "comment_date": ["04/12", "08:41"], "comment_content": "靠北，一個死掉的法官沒名字"}, {"comment_author": "mow1982", "comment_date": ["04/12", "08:41"], "comment_content": "高雄上來的吧"}, {"comment_author": "Unseasoned78", "comment_date": ["04/12", "08:41"], "comment_content": "毛骨悚然"}, {"comment_author": "mar5566", "comment_date": ["04/12", "08:42"], "comment_content": "唄..."}, {"comment_author": "neoa01", "comment_date": ["04/12", "08:42"], "comment_content": "太恐怖了啦 民進黨，整個毛骨悚然"}, {"comment_author": "azeroth", "comment_date": ["04/12", "08:42"], "comment_content": "..................= ="}, {"comment_author": "GeniusTsai", "comment_date": ["04/12", "08:42"], "comment_content": "最近是接什麼案件，壓力這麼大？"}, {"comment_author": "driver0811", "comment_date": ["04/12", "08:42"], "comment_content": "連法官都被"}, {"comment_author": "King5566", "comment_date": ["04/12", "08:42"], "comment_content": "其實法官壓力真的很大"}, {"comment_author": "chou3321", "comment_date": ["04/12", "08:42"], "comment_content": "謝謝ㄘㄨㄚˋ英文 這就是我們要的司法"}, {"comment_author": "SeaForest", "comment_date": ["04/12", "08:42"], "comment_content": "蔣萬安繼續當網紅好了"}, {"comment_author": "chou3321", "comment_date": ["04/12", "08:43"], "comment_content": "改革"}, {"comment_author": "ju851996", "comment_date": ["04/12", "08:43"], "comment_content": "恐龍們一起跳一跳好了"}, {"comment_author": "albert2406", "comment_date": ["04/12", "08:43"], "comment_content": "垃圾鬼島"}, {"comment_author": "ab4daa", "comment_date": ["04/12", "08:43"], "comment_content": "毛骨悚然"}, {"comment_author": "ifeedmydog", "comment_date": ["04/12", "08:43"], "comment_content": "法官知道都是檢察官給的 檢察官不跳？"}, {"comment_author": "tctv2002", "comment_date": ["04/12", "08:43"], "comment_content": "怎麼沒名字 怕人肉搜他最近審理的案件"}, {"comment_author": "binshin", "comment_date": ["04/12", "08:43"], "comment_content": "慘"}, {"comment_author": "ericlin121", "comment_date": ["04/12", "08:43"], "comment_content": "得罪政府？"}, {"comment_author": "Jack2277", "comment_date": ["04/12", "08:43"], "comment_content": "不聽黨的話？"}, {"comment_author": "Amilous", "comment_date": ["04/12", "08:44"], "comment_content": "法官宿舍墜樓的人是法官不是很正常嗎，"}, {"comment_author": "Amilous", "comment_date": ["04/12", "08:44"], "comment_content": "怎會用竟是一名法官"}, {"comment_author": "Waitaha", "comment_date": ["04/12", "08:44"], "comment_content": "法官還有宿舍喔"}, {"comment_author": "Forcast", "comment_date": ["04/12", "08:44"], "comment_content": "連法官都要跳"}, {"comment_author": "Elsinore", "comment_date": ["04/12", "08:44"], "comment_content": "法院蓋太高"}, {"comment_author": "yakifone", "comment_date": ["04/12", "08:44"], "comment_content": "有什麼社會階級現在好的嗎，太慘了"}, {"comment_author": "JOKO58802218", "comment_date": ["04/12", "08:44"], "comment_content": "法官剩...."}, {"comment_author": "Xreay", "comment_date": ["04/12", "08:44"], "comment_content": "法官死一個是一個  死不足惜wwww"}, {"comment_author": "ReiFan", "comment_date": ["04/12", "08:44"], "comment_content": "就知道有人會叫蔣萬安負責"}, {"comment_author": "physicsdk", "comment_date": ["04/12", "08:44"], "comment_content": "矮額"}, {"comment_author": "DOOT", "comment_date": ["04/12", "08:45"], "comment_content": "國蔥的吹哨者?"}, {"comment_author": "limbo3014", "comment_date": ["04/12", "08:45"], "comment_content": "毛骨悚然"}, {"comment_author": "Chilloutt", "comment_date": ["04/12", "08:45"], "comment_content": "水很深"}, {"comment_author": "chuni20309", "comment_date": ["04/12", "08:46"], "comment_content": "不必去查"}, {"comment_author": "pippen2002", "comment_date": ["04/12", "08:46"], "comment_content": "不可能被自殺吧？"}, {"comment_author": "whathefuc", "comment_date": ["04/12", "08:46"], "comment_content": "水很深？"}, {"comment_author": "alfahsu", "comment_date": ["04/12", "08:47"], "comment_content": "了不起 負責"}, {"comment_author": "s66449", "comment_date": ["04/12", "08:47"], "comment_content": "毛骨悚然"}, {"comment_author": "s655131", "comment_date": ["04/12", "08:47"], "comment_content": "墜樓只有可能自殺 不存在被逼迫或是推下"}, {"comment_author": "YOYOBOY", "comment_date": ["04/12", "08:48"], "comment_content": "無外力介入就一定是自殺？"}, {"comment_author": "Purekim", "comment_date": ["04/12", "08:48"], "comment_content": "為啥軍警法官都在自殺=="}, {"comment_author": "s0920151048", "comment_date": ["04/12", "08:48"], "comment_content": "被自殺元年"}, {"comment_author": "patrick123", "comment_date": ["04/12", "08:48"], "comment_content": "法官..？真假？"}, {"comment_author": "ChildX", "comment_date": ["04/12", "08:48"], "comment_content": "台灣司法就是笑話"}, {"comment_author": "believemysky", "comment_date": ["04/12", "08:49"], "comment_content": "劣幣驅逐良幣？"}, {"comment_author": "akira27", "comment_date": ["04/12", "08:49"], "comment_content": "蘇貞昌小編、士林地院法官，細思極恐...."}, {"comment_author": "patrick123", "comment_date": ["04/12", "08:49"], "comment_content": "法官竟然要自殺@@"}, {"comment_author": "syearth", "comment_date": ["04/12", "08:49"], "comment_content": "法官就是住在法官宿舍太爽 難怪一堆恐龍"}, {"comment_author": "Amilous", "comment_date": ["04/12", "08:49"], "comment_content": "三體？"}, {"comment_author": "syearth", "comment_date": ["04/12", "08:49"], "comment_content": "判決"}, {"comment_author": "nightwing", "comment_date": ["04/12", "08:49"], "comment_content": "警察自殺  法官墜樓"}, {"comment_author": "belucky", "comment_date": ["04/12", "08:49"], "comment_content": "台灣司法  不想同情"}, {"comment_author": "iamnotme", "comment_date": ["04/12", "08:50"], "comment_content": "確定是自殺？"}, {"comment_author": "Purekim", "comment_date": ["04/12", "08:50"], "comment_content": "不是元年吧? 記得還有被綁起來自殺的"}, {"comment_author": "attpp", "comment_date": ["04/12", "08:50"], "comment_content": "台灣有幾個法官不是法匠？"}, {"comment_author": "sakurak0", "comment_date": ["04/12", "08:51"], "comment_content": "死好，台灣法官沒幾個好的"}, {"comment_author": "Tomince", "comment_date": ["04/12", "08:51"], "comment_content": "法官自殺 的話超級不單純好嗎..."}, {"comment_author": "kuku42", "comment_date": ["04/12", "08:51"], "comment_content": "高樓太多 不必查"}, {"comment_author": "jimmyliu1217", "comment_date": ["04/12", "08:52"], "comment_content": "法官死一死啦  一堆垃圾亂判的"}, {"comment_author": "chichung", "comment_date": ["04/12", "08:52"], "comment_content": "軍公教跳起來"}, {"comment_author": "MADAOTW", "comment_date": ["04/12", "08:52"], "comment_content": "法官這麼爽也會自殺"}, {"comment_author": "mis1114", "comment_date": ["04/12", "08:52"], "comment_content": "這是天譴吧"}, {"comment_author": "doublelong", "comment_date": ["04/12", "08:52"], "comment_content": "看一下這個法官負責什麼案子啊"}, {"comment_author": "physicsdk", "comment_date": ["04/12", "08:52"], "comment_content": "確定死的是那些亂判的？ 萬一剛好相反"}, {"comment_author": "physicsdk", "comment_date": ["04/12", "08:53"], "comment_content": "呢？"}, {"comment_author": "willie6501", "comment_date": ["04/12", "08:53"], "comment_content": "法官宿舍的法官，用「竟是」怪怪的"}, {"comment_author": "Lowpapa", "comment_date": ["04/12", "08:53"], "comment_content": "被自殺"}, {"comment_author": "au4g3wk4k", "comment_date": ["04/12", "08:53"], "comment_content": "怎麼自殺的這麼多 最近才一個在總統府"}, {"comment_author": "au4g3wk4k", "comment_date": ["04/12", "08:53"], "comment_content": "自殺"}, {"comment_author": "fsih", "comment_date": ["04/12", "08:53"], "comment_content": "連法官也扛不住 毛骨聳然"}, {"comment_author": "Totoro0802", "comment_date": ["04/12", "08:53"], "comment_content": "這個應該是不愛吃水果的...唉"}, {"comment_author": "Purekim", "comment_date": ["04/12", "08:53"], "comment_content": "輕判廢死是黨的方向 不太可能有壓力吧"}, {"comment_author": "tinlovebi", "comment_date": ["04/12", "08:53"], "comment_content": "民進黨好可怕 法官都受不了了"}, {"comment_author": "herro760920", "comment_date": ["04/12", "08:53"], "comment_content": "40幾歲那應該不是高院法官，最該死的"}, {"comment_author": "user048288ef", "comment_date": ["04/12", "08:53"], "comment_content": "神也會自殺？！"}, {"comment_author": "herro760920", "comment_date": ["04/12", "08:54"], "comment_content": "是高院那群，這可能是正義的法官QQ"}, {"comment_author": "gn01693664", "comment_date": ["04/12", "08:54"], "comment_content": "是誰 在敲打我窗"}, {"comment_author": "Doub1eK", "comment_date": ["04/12", "08:55"], "comment_content": "大樓太多了"}, {"comment_author": "a888168tw", "comment_date": ["04/12", "08:55"], "comment_content": "民進黨執政連法官都自殺"}, {"comment_author": "zxc2331189", "comment_date": ["04/12", "08:55"], "comment_content": "不必去查"}, {"comment_author": "Purekim", "comment_date": ["04/12", "08:56"], "comment_content": "高院才是垃圾集散地沒錯 最垃圾的主導路"}, {"comment_author": "fsih", "comment_date": ["04/12", "08:56"], "comment_content": "謝謝政府 連法官都怕"}, {"comment_author": "fir191938", "comment_date": ["04/12", "08:56"], "comment_content": "樓太高了啦"}, {"comment_author": "kenco", "comment_date": ["04/12", "08:56"], "comment_content": "看來是知道綠共太多秘密了"}, {"comment_author": "Purekim", "comment_date": ["04/12", "08:56"], "comment_content": "線的政府"}, {"comment_author": "patrick123", "comment_date": ["04/12", "08:56"], "comment_content": "蛤法官自殺？滿意外的…"}, {"comment_author": "kenshome", "comment_date": ["04/12", "08:57"], "comment_content": "有良心的才會跳"}, {"comment_author": "ltytw", "comment_date": ["04/12", "08:57"], "comment_content": "台灣司法  ㄏ"}, {"comment_author": "ad1339", "comment_date": ["04/12", "08:57"], "comment_content": "484長官要洗牌了，罩不住了QQ"}, {"comment_author": "headcase", "comment_date": ["04/12", "08:58"], "comment_content": "哈哈哈哈哈哈哈哈哈哈哈哈哈哈哈哈哈"}, {"comment_author": "Mtcat", "comment_date": ["04/12", "08:58"], "comment_content": "扯"}, {"comment_author": "achun1212", "comment_date": ["04/12", "08:59"], "comment_content": "死一個算一個"}, {"comment_author": "winiS", "comment_date": ["04/12", "09:00"], "comment_content": "墜樓元年，全民跳跳求生"}, {"comment_author": "dai26", "comment_date": ["04/12", "09:00"], "comment_content": "法官也有今天喔…嗯…"}, {"comment_author": "dai26", "comment_date": ["04/12", "09:00"], "comment_content": "不知道當了幾次817"}, {"comment_author": "fju0911", "comment_date": ["04/12", "09:00"], "comment_content": "被自殺?可能知道的太多了"}, {"comment_author": "qaz12453", "comment_date": ["04/12", "09:00"], "comment_content": "案情不單純"}, {"comment_author": "achun1212", "comment_date": ["04/12", "09:01"], "comment_content": "不是輕判就是駁回，根本怠惰"}, {"comment_author": "Tenging", "comment_date": ["04/12", "09:01"], "comment_content": "死不足惜"}, {"comment_author": "HuangHarper", "comment_date": ["04/12", "09:01"], "comment_content": "恐龍撞地球"}, {"comment_author": "qaz12453", "comment_date": ["04/12", "09:01"], "comment_content": "被弄下去還是自己意識跳?"}, {"comment_author": "lexus0000", "comment_date": ["04/12", "09:01"], "comment_content": "沒良心的才不會自殺"}, {"comment_author": "y7moremore", "comment_date": ["04/12", "09:01"], "comment_content": "司法改革呢"}, {"comment_author": "oyaji5566", "comment_date": ["04/12", "09:01"], "comment_content": "這棟樓仗著自己不是自然人居然為所欲"}, {"comment_author": "oyaji5566", "comment_date": ["04/12", "09:02"], "comment_content": "為還加害於法律人，法律人不會放過你"}, {"comment_author": "oyaji5566", "comment_date": ["04/12", "09:02"], "comment_content": "的"}, {"comment_author": "spoilede0824", "comment_date": ["04/12", "09:02"], "comment_content": "高樓太多了"}, {"comment_author": "asdf70044", "comment_date": ["04/12", "09:02"], "comment_content": "侏儸紀?"}, {"comment_author": "b1izzard2000", "comment_date": ["04/12", "09:02"], "comment_content": "水很深噢"}, {"comment_author": "lipstick", "comment_date": ["04/12", "09:02"], "comment_content": "水很深"}, {"comment_author": "zzzzzzzzzzzy", "comment_date": ["04/12", "09:03"], "comment_content": "侏儸紀，弱肉強食"}, {"comment_author": "Plato12", "comment_date": ["04/12", "09:03"], "comment_content": "原來台灣意見不同 也有像中國墜樓的一天"}, {"comment_author": "QooSnow", "comment_date": ["04/12", "09:04"], "comment_content": "被漬鯊嗎？毛骨悚然。"}, {"comment_author": "huckebein12", "comment_date": ["04/12", "09:04"], "comment_content": "業力引爆了"}, {"comment_author": "pansquarl", "comment_date": ["04/12", "09:04"], "comment_content": "確定是自殺而不是被墜樓嗎"}, {"comment_author": "wate5566", "comment_date": ["04/12", "09:05"], "comment_content": "香港跳樓潮的既視感 怕"}, {"comment_author": "aaron68032", "comment_date": ["04/12", "09:05"], "comment_content": "神都會自殺 這社會怎麼了..."}, {"comment_author": "ideal5566", "comment_date": ["04/12", "09:05"], "comment_content": "鬼島法官終身職那麼爽 一定4被自殺"}, {"comment_author": "hvhiiavjqmp", "comment_date": ["04/12", "09:05"], "comment_content": "讓我想到無間道"}, {"comment_author": "beeboombee", "comment_date": ["04/12", "09:05"], "comment_content": "得罪黨？"}, {"comment_author": "chidori728", "comment_date": ["04/12", "09:06"], "comment_content": "被自殺？查一下經手的案子看看"}, {"comment_author": "Shimotsukin", "comment_date": ["04/12", "09:06"], "comment_content": "知道党太多秘密了"}, {"comment_author": "JT0216", "comment_date": ["04/12", "09:06"], "comment_content": "不必去查"}, {"comment_author": "xchinchinx", "comment_date": ["04/12", "09:06"], "comment_content": "是不是冰山一角"}, {"comment_author": "jaceda", "comment_date": ["04/12", "09:06"], "comment_content": "不肯同流合汙?還是類ee園區出貨"}, {"comment_author": "chiangmh", "comment_date": ["04/12", "09:07"], "comment_content": "綠色恐怖"}, {"comment_author": "jack90352", "comment_date": ["04/12", "09:07"], "comment_content": "毛骨悚然"}, {"comment_author": "yeaho", "comment_date": ["04/12", "09:08"], "comment_content": "一堆人不知道在那邊亂猜原因  弱智"}, {"comment_author": "mxr", "comment_date": ["04/12", "09:08"], "comment_content": "綠共派特務幹的？？？"}, {"comment_author": "brad001", "comment_date": ["04/12", "09:08"], "comment_content": "整個毛骨悚然"}, {"comment_author": "tinuo", "comment_date": ["04/12", "09:09"], "comment_content": "水很深，大家都知道是為什麼"}, {"comment_author": "Phamalpha", "comment_date": ["04/12", "09:09"], "comment_content": "悚然不悚然"}, {"comment_author": "kevinpc", "comment_date": ["04/12", "09:09"], "comment_content": "水很深"}, {"comment_author": "bart102617", "comment_date": ["04/12", "09:10"], "comment_content": "毛骨悚然"}, {"comment_author": "vinca", "comment_date": ["04/12", "09:10"], "comment_content": "最尊貴的人種也出事啦"}, {"comment_author": "doig", "comment_date": ["04/12", "09:10"], "comment_content": "應該是不照綠共司法機器判決，有法官風骨"}, {"comment_author": "eeccms", "comment_date": ["04/12", "09:10"], "comment_content": "本身就有病"}, {"comment_author": "horb", "comment_date": ["04/12", "09:10"], "comment_content": "被..？"}, {"comment_author": "jkhz", "comment_date": ["04/12", "09:10"], "comment_content": "就問你毛~骨~悚~然~不~悚~然"}, {"comment_author": "jwtl", "comment_date": ["04/12", "09:10"], "comment_content": "樓太高"}, {"comment_author": "lunarexia", "comment_date": ["04/12", "09:11"], "comment_content": "活在高雄不是很快樂？"}, {"comment_author": "leeyeah", "comment_date": ["04/12", "09:11"], "comment_content": "毛毛的"}, {"comment_author": "MusicD", "comment_date": ["04/12", "09:11"], "comment_content": "最近在辦什麼案？"}, {"comment_author": "it914003", "comment_date": ["04/12", "09:11"], "comment_content": "知道的太多"}, {"comment_author": "cosplay314", "comment_date": ["04/12", "09:12"], "comment_content": "被自殺？？？"}, {"comment_author": "Gsun", "comment_date": ["04/12", "09:12"], "comment_content": "得罪人吧"}, {"comment_author": "avexgroup", "comment_date": ["04/12", "09:12"], "comment_content": "余鐵雄？"}, {"comment_author": "snowbox", "comment_date": ["04/12", "09:12"], "comment_content": "一定是被施加壓力的"}, {"comment_author": "vo5566", "comment_date": ["04/12", "09:13"], "comment_content": "水很深"}, {"comment_author": "WWIII", "comment_date": ["04/12", "09:13"], "comment_content": "黑金2"}, {"comment_author": "iPolo3", "comment_date": ["04/12", "09:13"], "comment_content": "連法官都只能住宿舍的時代 ㄎㄎ"}, {"comment_author": "tonykingtwo", "comment_date": ["04/12", "09:14"], "comment_content": "紅共綠共一家親"}, {"comment_author": "doig", "comment_date": ["04/12", "09:14"], "comment_content": "辛苦考上法官薪水又多哪會想不開,党逼太兇?"}, {"comment_author": "sten5453", "comment_date": ["04/12", "09:14"], "comment_content": "毛骨悚然"}, {"comment_author": "angels999", "comment_date": ["04/12", "09:14"], "comment_content": "樓太高"}, {"comment_author": "crazydj", "comment_date": ["04/12", "09:15"], "comment_content": "綠共又贏了"}, {"comment_author": "andre9", "comment_date": ["04/12", "09:15"], "comment_content": "好恐怖"}, {"comment_author": "HellFly", "comment_date": ["04/12", "09:15"], "comment_content": "墨西哥，反正党會說高樓太多"}, {"comment_author": "tom0090117", "comment_date": ["04/12", "09:15"], "comment_content": "感覺是不肯同流合污"}, {"comment_author": "actuy", "comment_date": ["04/12", "09:16"], "comment_content": "業力引爆"}, {"comment_author": "PLAYGGGG", "comment_date": ["04/12", "09:16"], "comment_content": "水很深"}, {"comment_author": "bicedb", "comment_date": ["04/12", "09:17"], "comment_content": "畢竟是亞洲墨西哥"}, {"comment_author": "Lukewear", "comment_date": ["04/12", "09:17"], "comment_content": "被自殺......."}, {"comment_author": "Motor", "comment_date": ["04/12", "09:17"], "comment_content": "問就是自殺，不必去查"}, {"comment_author": "deray", "comment_date": ["04/12", "09:17"], "comment_content": "恐龍-1"}, {"comment_author": "keepaflash", "comment_date": ["04/12", "09:18"], "comment_content": "先看看他判了什麼再說"}, {"comment_author": "annasas", "comment_date": ["04/12", "09:18"], "comment_content": "看留言就知道法官在社會的地位...."}, {"comment_author": "Haqua", "comment_date": ["04/12", "09:18"], "comment_content": "完了 知道的太多"}, {"comment_author": "Haqua", "comment_date": ["04/12", "09:18"], "comment_content": "黑道大概正在喝美酒慶祝吧"}, {"comment_author": "goodboy98", "comment_date": ["04/12", "09:18"], "comment_content": "檢察官 還在睡嗎  LP想也知道有陰謀"}, {"comment_author": "kilhi", "comment_date": ["04/12", "09:19"], "comment_content": "怕"}, {"comment_author": "gg86300", "comment_date": ["04/12", "09:19"], "comment_content": "毛骨悚然"}, {"comment_author": "saiboos", "comment_date": ["04/12", "09:19"], "comment_content": "毛骨悚然 黑道治國"}, {"comment_author": "QooSnow", "comment_date": ["04/12", "09:19"], "comment_content": "讓泥不能說的秘密。"}, {"comment_author": "widec", "comment_date": ["04/12", "09:20"], "comment_content": "哇靠 幾歲啊"}, {"comment_author": "Jin63916", "comment_date": ["04/12", "09:20"], "comment_content": "不必去查"}, {"comment_author": "joe199277", "comment_date": ["04/12", "09:20"], "comment_content": "知道的太多 被自殺"}, {"comment_author": "LoveJapan", "comment_date": ["04/12", "09:20"], "comment_content": "被"}, {"comment_author": "junsport", "comment_date": ["04/12", "09:21"], "comment_content": "可能是查到黨的不可告人的秘密"}, {"comment_author": "xo1100", "comment_date": ["04/12", "09:21"], "comment_content": "判到什麼案子了 怕"}, {"comment_author": "jamesli5", "comment_date": ["04/12", "09:21"], "comment_content": "政府 連法官都自殺了"}, {"comment_author": "cms6384", "comment_date": ["04/12", "09:21"], "comment_content": "党執政 什麼怪事都會發生"}, {"comment_author": "s940452s", "comment_date": ["04/12", "09:21"], "comment_content": "惹到__ 了"}, {"comment_author": "nrxadsl", "comment_date": ["04/12", "09:21"], "comment_content": "天啊，終於有一個靠扛不住黨"}, {"comment_author": "kkjjrtlym", "comment_date": ["04/12", "09:22"], "comment_content": "笑死 法律人這次該好好查查惹ㄅ"}, {"comment_author": "waterpork", "comment_date": ["04/12", "09:22"], "comment_content": "暖  喔喔是台北"}, {"comment_author": "QooSnow", "comment_date": ["04/12", "09:23"], "comment_content": "維尼只是讓你去種棉花，哥布林直接讓你.."}, {"comment_author": "justiceyes", "comment_date": ["04/12", "09:23"], "comment_content": "知道太多了嗎？ QQ"}, {"comment_author": "QooSnow", "comment_date": ["04/12", "09:23"], "comment_content": "."}, {"comment_author": "mimimiros", "comment_date": ["04/12", "09:23"], "comment_content": "喔喔喔QQ士院新聞好多 怕"}, {"comment_author": "ntit5566", "comment_date": ["04/12", "09:23"], "comment_content": "少了一隻恐龍…"}, {"comment_author": "cheng31507", "comment_date": ["04/12", "09:25"], "comment_content": "哇靠"}, {"comment_author": "dick929", "comment_date": ["04/12", "09:25"], "comment_content": "每次發生事情都說沒死到法律人，所以輕判"}, {"comment_author": "dick929", "comment_date": ["04/12", "09:25"], "comment_content": "，這次終於死了法官，會重判嗎？"}, {"comment_author": "YLTYY", "comment_date": ["04/12", "09:26"], "comment_content": "哇法官ㄝˉ"}, {"comment_author": "processor", "comment_date": ["04/12", "09:26"], "comment_content": "謝謝你 民進党"}, {"comment_author": "bingreen", "comment_date": ["04/12", "09:27"], "comment_content": "我有個大膽的懷疑！"}, {"comment_author": "nckukath", "comment_date": ["04/12", "09:27"], "comment_content": "怕，不會是黑道推下樓的吧？"}, {"comment_author": "lumi0811", "comment_date": ["04/12", "09:27"], "comment_content": "辦了不該辦的案子？"}, {"comment_author": "jiaching", "comment_date": ["04/12", "09:28"], "comment_content": "不必去查"}, {"comment_author": "op520", "comment_date": ["04/12", "09:28"], "comment_content": "死好，垃圾法律仔"}, {"comment_author": "al0w0l", "comment_date": ["04/12", "09:28"], "comment_content": "怕"}, {"comment_author": "azcooper", "comment_date": ["04/12", "09:28"], "comment_content": "听党话"}, {"comment_author": "athome1", "comment_date": ["04/12", "09:29"], "comment_content": "知道太多.."}, {"comment_author": "latine0404", "comment_date": ["04/12", "09:29"], "comment_content": "毛骨悚然"}, {"comment_author": "karol1314", "comment_date": ["04/12", "09:29"], "comment_content": "辦過什麼案？"}, {"comment_author": "pov", "comment_date": ["04/12", "09:30"], "comment_content": "毛骨悚然"}, {"comment_author": "GGINDOWBOW", "comment_date": ["04/12", "09:30"], "comment_content": "毛骨悚然 悚到不行的然"}, {"comment_author": "manacle", "comment_date": ["04/12", "09:31"], "comment_content": "名字都不敢報，水很深還是樓太高？"}, {"comment_author": "franzos", "comment_date": ["04/12", "09:31"], "comment_content": "肯定是好的法官對吧"}, {"comment_author": "Satire0614", "comment_date": ["04/12", "09:31"], "comment_content": "毛骨悚然"}, {"comment_author": "lorhokok", "comment_date": ["04/12", "09:31"], "comment_content": "被自殺"}, {"comment_author": "kasim15", "comment_date": ["04/12", "09:31"], "comment_content": "哈哈哈哈"}, {"comment_author": "gisasy001", "comment_date": ["04/12", "09:32"], "comment_content": "毛骨悚然"}, {"comment_author": "cytochrome", "comment_date": ["04/12", "09:33"], "comment_content": "有一些法官本來就是垃圾"}, {"comment_author": "artist0918", "comment_date": ["04/12", "09:34"], "comment_content": "被自殺"}, {"comment_author": "kevin31a2", "comment_date": ["04/12", "09:35"], "comment_content": "公親王？沒事惹"}, {"comment_author": "AresPeng", "comment_date": ["04/12", "09:35"], "comment_content": "水極深"}, {"comment_author": "tiger911", "comment_date": ["04/12", "09:35"], "comment_content": "毛骨悚然不悚然"}, {"comment_author": "riker729", "comment_date": ["04/12", "09:35"], "comment_content": "現在連法官都要自殺了？台灣這麼可怕？"}, {"comment_author": "jay0215", "comment_date": ["04/12", "09:36"], "comment_content": "灣灣喜迎的新日常，在路上將會持續發生"}, {"comment_author": "howhowisking", "comment_date": ["04/12", "09:37"], "comment_content": "黑金"}, {"comment_author": "qq955166", "comment_date": ["04/12", "09:37"], "comment_content": "毛骨悚然"}, {"comment_author": "nxuanr", "comment_date": ["04/12", "09:37"], "comment_content": "南無阿彌陀佛"}, {"comment_author": "JMashburn", "comment_date": ["04/12", "09:37"], "comment_content": "不必去查 叫甚麼叫"}, {"comment_author": "raypaul", "comment_date": ["04/12", "09:37"], "comment_content": "是不是不聽檔的話壓力太大？"}, {"comment_author": "koiiro", "comment_date": ["04/12", "09:38"], "comment_content": "被？"}, {"comment_author": "LanPaTeitoku", "comment_date": ["04/12", "09:38"], "comment_content": "有良心的"}, {"comment_author": "banana781109", "comment_date": ["04/12", "09:39"], "comment_content": "毛骨悚然"}, {"comment_author": "sunsand", "comment_date": ["04/12", "09:39"], "comment_content": "原來是法官喔  不值得同情"}, {"comment_author": "ludlum", "comment_date": ["04/12", "09:39"], "comment_content": "不想跟學長們一樣收錢當恐龍，就被處理掉"}, {"comment_author": "et310", "comment_date": ["04/12", "09:39"], "comment_content": "水很深"}, {"comment_author": "ludlum", "comment_date": ["04/12", "09:39"], "comment_content": "了吧"}, {"comment_author": "cqntvo", "comment_date": ["04/12", "09:40"], "comment_content": "毛骨悚然"}, {"comment_author": "bravery1117", "comment_date": ["04/12", "09:40"], "comment_content": "衛福部：樓太高。"}, {"comment_author": "MuskaJL", "comment_date": ["04/12", "09:40"], "comment_content": "加工！？"}, {"comment_author": "advk", "comment_date": ["04/12", "09:41"], "comment_content": "你還相信司法獨立？"}, {"comment_author": "edwinrw", "comment_date": ["04/12", "09:41"], "comment_content": "你覺得恐龍會有壓力嗎"}, {"comment_author": "pigc", "comment_date": ["04/12", "09:42"], "comment_content": "快查一下他有沒有得罪黨"}, {"comment_author": "denchown", "comment_date": ["04/12", "09:43"], "comment_content": "壓力超大?被跳樓?"}, {"comment_author": "dmc80", "comment_date": ["04/12", "09:43"], "comment_content": "懂的都懂"}, {"comment_author": "bightn66796", "comment_date": ["04/12", "09:43"], "comment_content": "劣幣驅逐良幣"}, {"comment_author": "Asce", "comment_date": ["04/12", "09:43"], "comment_content": "讓AI取代法官吧 判型我也會 完全不需要這個"}, {"comment_author": "Asce", "comment_date": ["04/12", "09:43"], "comment_content": "職業"}, {"comment_author": "kevin31a2", "comment_date": ["04/12", "09:44"], "comment_content": "已回報中央，不能公親變事主"}, {"comment_author": "iam0718", "comment_date": ["04/12", "09:44"], "comment_content": "都躲宿舍了 這麼安全還會自殺"}, {"comment_author": "larsnor", "comment_date": ["04/12", "09:45"], "comment_content": "伸張不了正義了嗎？"}, {"comment_author": "zjnovember", "comment_date": ["04/12", "09:45"], "comment_content": "毛毛的"}, {"comment_author": "rock0747", "comment_date": ["04/12", "09:46"], "comment_content": "好吔"}, {"comment_author": "becca945", "comment_date": ["04/12", "09:46"], "comment_content": "被自殺"}, {"comment_author": "jason112333", "comment_date": ["04/12", "09:47"], "comment_content": "毛骨悚然"}, {"comment_author": "ZihYaoLin", "comment_date": ["04/12", "09:47"], "comment_content": "乾 到底..."}, {"comment_author": "notime", "comment_date": ["04/12", "09:47"], "comment_content": "法官也知道跳樓比較快？"}, {"comment_author": "vev", "comment_date": ["04/12", "09:47"], "comment_content": "真的要仔細調查原因，不論自殺還是被自殺"}, {"comment_author": "blue0310", "comment_date": ["04/12", "09:48"], "comment_content": "推文一堆臆測是不是被自殺，政府應該要"}, {"comment_author": "blue0310", "comment_date": ["04/12", "09:48"], "comment_content": "虛心思考為什麼普遍人民會有這樣的質疑"}, {"comment_author": "sanadayasu", "comment_date": ["04/12", "09:48"], "comment_content": "毛悚不然"}, {"comment_author": "didihouse", "comment_date": ["04/12", "09:49"], "comment_content": "被抓到小辮子了？"}, {"comment_author": "eric6616", "comment_date": ["04/12", "09:49"], "comment_content": "綠共執政 自殺保證"}, {"comment_author": "lindangel", "comment_date": ["04/12", "09:49"], "comment_content": "水很深"}, {"comment_author": "lpsobig", "comment_date": ["04/12", "09:50"], "comment_content": "法狗終於死了"}, {"comment_author": "NMBILL", "comment_date": ["04/12", "09:51"], "comment_content": "不必查"}, {"comment_author": "aoc902001", "comment_date": ["04/12", "09:51"], "comment_content": "找一下，自殺的話，說不定有遺書，被自"}, {"comment_author": "aoc902001", "comment_date": ["04/12", "09:51"], "comment_content": "殺的話，就難找原因了。"}, {"comment_author": "nxuanr", "comment_date": ["04/12", "09:52"], "comment_content": "法官耶 怎麼可能自殺？ 月退十幾萬"}, {"comment_author": "feng990719", "comment_date": ["04/12", "09:52"], "comment_content": "怕"}, {"comment_author": "airtsubasa", "comment_date": ["04/12", "09:53"], "comment_content": "最佳利益 讚讚"}, {"comment_author": "ywlocw", "comment_date": ["04/12", "09:54"], "comment_content": "這才叫毛骨悚然"}, {"comment_author": "Derry20732", "comment_date": ["04/12", "09:54"], "comment_content": "毛骨悚然"}, {"comment_author": "don741026", "comment_date": ["04/12", "09:56"], "comment_content": "是不是判的党不開心？"}, {"comment_author": "gin10791", "comment_date": ["04/12", "09:56"], "comment_content": "這幾年司法圈很黑暗"}, {"comment_author": "don741026", "comment_date": ["04/12", "09:57"], "comment_content": "我猜會自殺的法官不是恐龍"}, {"comment_author": "LoserLee", "comment_date": ["04/12", "09:57"], "comment_content": "知道的太多了吧 壓力太大 水很深"}, {"comment_author": "Alcazer", "comment_date": ["04/12", "09:59"], "comment_content": "在這制度工作太認真了 就是自己去死"}, {"comment_author": "kaodio", "comment_date": ["04/12", "10:00"], "comment_content": "受不了做太多違背良心的事嗎QQ"}, {"comment_author": "leonEEman", "comment_date": ["04/12", "10:00"], "comment_content": "墨西哥化了嗎…"}, {"comment_author": "aquaticplant", "comment_date": ["04/12", "10:02"], "comment_content": "自殺也得有個動機"}, {"comment_author": "xk1a4u", "comment_date": ["04/12", "10:02"], "comment_content": "父母白培養了"}, {"comment_author": "secretmen", "comment_date": ["04/12", "10:03"], "comment_content": "好人通常被….."}, {"comment_author": "mokissru", "comment_date": ["04/12", "10:03"], "comment_content": "毛骨悚然"}, {"comment_author": "hihilove", "comment_date": ["04/12", "10:04"], "comment_content": "怕…"}, {"comment_author": "awdslijk", "comment_date": ["04/12", "10:06"], "comment_content": "鬼島檢討法官不檢討立法，壓力太大？"}, {"comment_author": "bengret", "comment_date": ["04/12", "10:08"], "comment_content": "殺人輕判去跳的吧 受不了良心譴責"}, {"comment_author": "fatedate", "comment_date": ["04/12", "10:08"], "comment_content": "警察 檢查官 法官 再來呢？"}, {"comment_author": "Daface", "comment_date": ["04/12", "10:08"], "comment_content": "被自殺吧"}, {"comment_author": "harunatsu", "comment_date": ["04/12", "10:09"], "comment_content": "被自殺嗎？"}, {"comment_author": "les269", "comment_date": ["04/12", "10:10"], "comment_content": "被黨抹掉了"}, {"comment_author": "yumika", "comment_date": ["04/12", "10:12"], "comment_content": "得罪EE了"}, {"comment_author": "hqu", "comment_date": ["04/12", "10:14"], "comment_content": "台北地院  這都民進黨開的  又一個塔綠班"}, {"comment_author": "jimmyhero", "comment_date": ["04/12", "10:14"], "comment_content": "40%檢查一下有沒有黨證"}, {"comment_author": "catvsdog", "comment_date": ["04/12", "10:14"], "comment_content": "辦EE園區的案子 得罪党的金主惹？"}, {"comment_author": "after1", "comment_date": ["04/12", "10:17"], "comment_content": "法官自殺其實不奇怪"}, {"comment_author": "meokay", "comment_date": ["04/12", "10:17"], "comment_content": "XDD"}, {"comment_author": "ezqq123", "comment_date": ["04/12", "10:19"], "comment_content": "惹到黨了"}, {"comment_author": "rin0sin", "comment_date": ["04/12", "10:19"], "comment_content": ""}, {"comment_author": "zero11995", "comment_date": ["04/12", "10:20"], "comment_content": "誰查查他判過什麼 現在負責什麼"}, {"comment_author": "newyorker54", "comment_date": ["04/12", "10:21"], "comment_content": "動到不該動的金主"}, {"comment_author": "a6444long", "comment_date": ["04/12", "10:24"], "comment_content": "毛骨悚然"}, {"comment_author": "icexfox", "comment_date": ["04/12", "10:29"], "comment_content": "應該有遺書表示壓力大無法承受"}, {"comment_author": "emissary", "comment_date": ["04/12", "10:31"], "comment_content": "就說樓太高了，法官宿舍請搬到平房"}, {"comment_author": "drmactt", "comment_date": ["04/12", "10:34"], "comment_content": "我想87%是查無不法"}, {"comment_author": "QooSnow", "comment_date": ["04/12", "10:35"], "comment_content": "水很深。"}, {"comment_author": "orz151426", "comment_date": ["04/12", "10:36"], "comment_content": "詐騙可是台灣新興產業，黨不准你查"}, {"comment_author": "jesiuty", "comment_date": ["04/12", "10:38"], "comment_content": "三洨"}, {"comment_author": "jesiuty", "comment_date": ["04/12", "10:38"], "comment_content": "法官也能有壓力？鬼島真的慘"}, {"comment_author": "s81048112", "comment_date": ["04/12", "10:38"], "comment_content": "看看最後什麼案件"}, {"comment_author": "ImBBCALL", "comment_date": ["04/12", "10:40"], "comment_content": "每個法官都馬上百件案子在跑"}, {"comment_author": "ImBBCALL", "comment_date": ["04/12", "10:41"], "comment_content": "北三院都這個負荷量"}, {"comment_author": "ttn851227", "comment_date": ["04/12", "10:43"], "comment_content": "毛骨悚然"}, {"comment_author": "jesiuty", "comment_date": ["04/12", "10:43"], "comment_content": "重點是辦到詐騙案 亞歷山大好嗎？"}, {"comment_author": "love9", "comment_date": ["04/12", "10:44"], "comment_content": "敢動黨的基石 不要命了"}, {"comment_author": "Cyuhsuan", "comment_date": ["04/12", "10:45"], "comment_content": "毛骨悚然"}, {"comment_author": "bart102617", "comment_date": ["04/12", "10:45"], "comment_content": "毛骨悚然"}, {"comment_author": "DennyXu", "comment_date": ["04/12", "10:47"], "comment_content": "水很深"}, {"comment_author": "QooSnow", "comment_date": ["04/12", "10:48"], "comment_content": "一定要拉出某族群肉粽串。"}, {"comment_author": "euudknrs1", "comment_date": ["04/12", "10:53"], "comment_content": ""}, {"comment_author": "ccabc8917", "comment_date": ["04/12", "10:54"], "comment_content": "水真的很深"}, {"comment_author": "QooSnow", "comment_date": ["04/12", "10:54"], "comment_content": "藍白一定要合作，不然鬼搗沒救。"}, {"comment_author": "QooSnow", "comment_date": ["04/12", "10:57"], "comment_content": "被哥布林永久洗滌心靈了。阿彌陀佛。"}, {"comment_author": "yo199218", "comment_date": ["04/12", "11:00"], "comment_content": "不必去查"}, {"comment_author": "qwert65732", "comment_date": ["04/12", "11:01"], "comment_content": "最近除了性騷 還有什麼可怕的事呢嘻"}, {"comment_author": "qwert65732", "comment_date": ["04/12", "11:01"], "comment_content": "嘻"}, {"comment_author": "jay920314", "comment_date": ["04/12", "11:01"], "comment_content": "毛骨悚然"}, {"comment_author": "littledoges", "comment_date": ["04/12", "11:02"], "comment_content": "不必去查"}, {"comment_author": "polun", "comment_date": ["04/12", "11:04"], "comment_content": "爽久了還是要還的 不必去查"}, {"comment_author": "cedric1982", "comment_date": ["04/12", "11:06"], "comment_content": "白藍雜草又瞎猜法官墜樓的真正原因？"}, {"comment_author": "serendipity", "comment_date": ["04/12", "11:11"], "comment_content": "       肥宅法官悲歌"}, {"comment_author": "QooSnow", "comment_date": ["04/12", "11:16"], "comment_content": "毛骨悚然"}, {"comment_author": "eko112", "comment_date": ["04/12", "11:17"], "comment_content": "毛骨悚然"}, {"comment_author": "fastsheep", "comment_date": ["04/12", "11:20"], "comment_content": "毛骨悚然"}, {"comment_author": "WunoW", "comment_date": ["04/12", "11:21"], "comment_content": "也搞不好是想練習地震逃生 結果.."}, {"comment_author": "QooSnow", "comment_date": ["04/12", "11:21"], "comment_content": "法官錢多權力大，會想不開嗎？這阿嬤都不"}, {"comment_author": "QooSnow", "comment_date": ["04/12", "11:21"], "comment_content": "信。"}, {"comment_author": "WunoW", "comment_date": ["04/12", "11:24"], "comment_content": "李姓法官 司法官學院第52期以第1名之姿畢業"}, {"comment_author": "WunoW", "comment_date": ["04/12", "11:25"], "comment_content": "別家有些 你po的這家是所有版本信息最少的"}, {"comment_author": "QooSnow", "comment_date": ["04/12", "11:25"], "comment_content": "就連科男都不敢用如此大膽的假設。"}, {"comment_author": "WunoW", "comment_date": ["04/12", "11:25"], "comment_content": "      寫"}, {"comment_author": "MyPetTankDie", "comment_date": ["04/12", "11:26"], "comment_content": "怕"}, {"comment_author": "TClover", "comment_date": ["04/12", "11:27"], "comment_content": "LOL"}, {"comment_author": "QooSnow", "comment_date": ["04/12", "11:40"], "comment_content": "國蔥一定要幫忙討個公道。"}, {"comment_author": "QooSnow", "comment_date": ["04/12", "11:48"], "comment_content": "老婆可以聯絡國蔥和藍白，擊鼓鳴冤。"}, {"comment_author": "sunwit", "comment_date": ["04/12", "11:58"], "comment_content": "恐怖"}, {"comment_author": "btman007", "comment_date": ["04/12", "11:58"], "comment_content": "什麼案子?"}, {"comment_author": "skywinner", "comment_date": ["04/12", "11:59"], "comment_content": "大概是辦到什麼案子 壓力太大吧"}, {"comment_author": "fantasylee", "comment_date": ["04/12", "12:00"], "comment_content": "解決提出問題的人"}, {"comment_author": "santaclaus", "comment_date": ["04/12", "12:00"], "comment_content": "連不幹都不行 你看看有多慘"}, {"comment_author": "karlhome", "comment_date": ["04/12", "12:06"], "comment_content": "卸任在即，這法官是不是知道啥了？"}, {"comment_author": "wilhel", "comment_date": ["04/12", "12:14"], "comment_content": "這時候怎麼沒有聽到人民說要司法改革 幫忙"}, {"comment_author": "wilhel", "comment_date": ["04/12", "12:15"], "comment_content": "法官減壓 只會要死刑的時候出來叫囂 賴政"}, {"comment_author": "acergame5", "comment_date": ["04/12", "12:15"], "comment_content": "樓太高了"}, {"comment_author": "wilhel", "comment_date": ["04/12", "12:15"], "comment_content": "府加點油 保護司法人員"}, {"comment_author": "killer113", "comment_date": ["04/12", "12:15"], "comment_content": "宿舍太高了？"}, {"comment_author": "b93510015", "comment_date": ["04/12", "12:21"], "comment_content": "法官也需要自殺？？？這是全世界最爽"}, {"comment_author": "b93510015", "comment_date": ["04/12", "12:21"], "comment_content": "的職業耶，案子拿到想怎麼判就怎麼判"}, {"comment_author": "cedric1982", "comment_date": ["04/12", "12:27"], "comment_content": "雜草趕快抖內法務部長黃國昌出來咆哮"}, {"comment_author": "iverson414", "comment_date": ["04/12", "12:33"], "comment_content": "被幹掉了，擋人財路？"}, {"comment_author": "CindyLara", "comment_date": ["04/12", "12:34"], "comment_content": "被 自殺？"}, {"comment_author": "b54102", "comment_date": ["04/12", "12:35"], "comment_content": "毛骨悚然"}, {"comment_author": "luciffar", "comment_date": ["04/12", "12:35"], "comment_content": "民進黨蒸蚌"}, {"comment_author": "yzhna", "comment_date": ["04/12", "12:51"], "comment_content": "知道太多不該知道的 消息跟著屍體一起進墳"}, {"comment_author": "laechan", "comment_date": ["04/12", "12:56"], "comment_content": ""}, {"comment_author": "yeh0416", "comment_date": ["04/12", "12:57"], "comment_content": "知道的太多了"}, {"comment_author": "lol0421z", "comment_date": ["04/12", "13:33"], "comment_content": "恐龍法官就沒差"}, {"comment_author": "godchildtw", "comment_date": ["04/12", "13:38"], "comment_content": "查一下最近在辦什麼案件？"}, {"comment_author": "bobosheng", "comment_date": ["04/12", "13:40"], "comment_content": "449樓這種想法的人充斥，讓良心法官壓"}, {"comment_author": "bobosheng", "comment_date": ["04/12", "13:40"], "comment_content": "力大又無從宣洩"}, {"comment_author": "DoDoBang", "comment_date": ["04/12", "14:01"], "comment_content": "推文小心"}, {"comment_author": "pixnetnet", "comment_date": ["04/12", "14:18"], "comment_content": "台灣司法人員真的很可悲 命都賠給國家"}, {"comment_author": "pixnetnet", "comment_date": ["04/12", "14:18"], "comment_content": "了 結果得到的是這些垃圾推文"}, {"comment_author": "wilmachiang", "comment_date": ["04/12", "14:28"], "comment_content": "綠共橫行8年 黑道殺人丟下樓都成自"}, {"comment_author": "wilmachiang", "comment_date": ["04/12", "14:28"], "comment_content": "殺脫罪"}, {"comment_author": "other9343", "comment_date": ["04/12", "14:41"], "comment_content": "哇靠 灣灣愈搞愈大了 是不是都不用查"}, {"comment_author": "other9343", "comment_date": ["04/12", "14:41"], "comment_content": "都直接自s結案啊"}, {"comment_author": "arieldie5566", "comment_date": ["04/12", "15:21"], "comment_content": "被迫自殺"}, {"comment_author": "pekka", "comment_date": ["04/12", "17:33"], "comment_content": "這應該是好法官"}, {"comment_author": "z3728", "comment_date": ["04/12", "18:13"], "comment_content": "台灣容不下好人 走不了的還是別生了"}, {"comment_author": "hcshin", "comment_date": ["04/12", "19:19"], "comment_content": "被塔綠班滅口的可能性不小"}, {"comment_author": "loveponpon", "comment_date": ["04/12", "21:11"], "comment_content": "千元律師裡面有這集欸"}, {"comment_author": "tn00210585", "comment_date": ["04/12", "22:02"], "comment_content": "查一下金流吧，是不是拿安家費"}]}
