{"author": "TSLA5566 (青埔撸鐵男孩)", "category": "Gossiping", "title": "[新聞] 買不起！全美僅14州能在年收入240萬元以", "date": "Sun Apr 14 01:59:20 2024", "content": ["備註請放最後面 違者新聞文章刪除1.媒體來源:經濟日報(聯合新聞網)2.記者署名:編譯林奇賢／綜合外電3.完整新聞標題:買不起！全美僅14州能在年收入240萬元以下買到中價位房屋4.完整新聞內文:Bankrate最新分析指出，美國只有14州的居民，可在年收入低於7.5萬美元（新台幣242萬元）的情況下，購買中位數價位的房屋。CNBC報導，這個數字已從四年前的36下滑至14，顯示房價上漲使房屋所有權的天平朝最富有的美國人傾斜。考量到全美半數家庭的中位數所得為74,580美元，這14州是少數幾個中等收入者能負擔得起一般住屋的地方。為了計算美國每一州的擁屋成本，Bankrate假定頭期款是兩成、沒有屋主協會（HOA）的費用或房屋貸款保險、30年期固定房貸利率7.05%，各州每月還款額度是基於Redfin的售價中位數而來。在計算時，也假定必須用來還房貸的支出不超過收入的28%。如此一來，全美可用最低收入來買房的14州依序為：密西西比州：63,043美元俄亥俄州：64,071美元阿肯色州： 64,714美元印第安納州：65,143美元肯塔基州：65,186美元愛荷華州：65,314美元奧克拉荷馬州：65,443美元密西根州：66,343美元密蘇里州：66,986美元路易斯安那州：67,886美元阿拉巴馬州：69,514美元堪薩斯州：72,343美元北達科他州：73,414美元西維吉尼亞州：74,957美元這些地方的房價中位數都在30萬美元以下，遠低於全美的房價中位數402,343美元。雖然這14州可以取得較便宜的物件，但也有代價要納入考量，像是貧窮率較高、高收入工作較少。許多都在美國的郊區，而這種地方的收入通常低於大都會區。相形下，在加州需要年收入197,057美元，才得以購買739,200美元的中位數房屋。至於全美平均買房所需的收入中位數為110,871美元，較2020年的76,191美元高出不少。5.完整新聞連結 (或短網址)不可用YAHOO、LINE、MSN等轉載媒體:", "6.備註:好可怕, 美國貸款利率狂升,房價還是又噴到史上最高,美國這種不朔及既往的貸款利率,居然還有辦法讓房價噴到新高,美國三年前買房利率1點多,現在還是1點多 永久固定利率影響的只有新購戶會付超高利率 嚇死人話說最近六都重劃區房價也噴爛了似乎狂漲程度跟2021差不多 房用搶的四月份實價登錄出來應該會很驚人--"], "post_comment": [{"comment_author": "bill403777", "comment_date": ["04/14", "02:00"], "comment_content": "選對的人"}, {"comment_author": "ti51120", "comment_date": ["04/14", "02:01"], "comment_content": "房蟲覺得開心"}, {"comment_author": "t81511270", "comment_date": ["04/14", "02:01"], "comment_content": "美國真沒競爭力  來台灣買買看阿"}, {"comment_author": "whiteadam", "comment_date": ["04/14", "02:01"], "comment_content": "反觀台灣"}, {"comment_author": "dick929", "comment_date": ["04/14", "02:01"], "comment_content": "反觀"}, {"comment_author": "jayppt", "comment_date": ["04/14", "02:01"], "comment_content": "美國會鎖利 其實屋主幾年前買的利息不升"}, {"comment_author": "a27588679", "comment_date": ["04/14", "02:01"], "comment_content": "台灣幸福多了 月薪三萬多就能買房"}, {"comment_author": "powerggyy", "comment_date": ["04/14", "02:04"], "comment_content": "數據只能呈現我是平均之下"}, {"comment_author": "AMDMARSHAL", "comment_date": ["04/14", "02:05"], "comment_content": "傻喔 不會貸款40年"}, {"comment_author": "allenatptt", "comment_date": ["04/14", "02:08"], "comment_content": "小草：假新聞啦！美國房價超便宜！"}, {"comment_author": "mangle", "comment_date": ["04/14", "02:09"], "comment_content": "最好貸款200年，你還不到1/3"}, {"comment_author": "cmcmisgod", "comment_date": ["04/14", "02:10"], "comment_content": "台灣薪水中位數還買不起中價位房"}, {"comment_author": "cmcmisgod", "comment_date": ["04/14", "02:11"], "comment_content": "看完這新聞 台灣真的超級可憐"}, {"comment_author": "cmcmisgod", "comment_date": ["04/14", "02:12"], "comment_content": ""}, {"comment_author": "asuka0109", "comment_date": ["04/14", "02:15"], "comment_content": "中價位是透天加車位嗎？"}, {"comment_author": "b777787", "comment_date": ["04/14", "02:15"], "comment_content": "我看這邊不是說美國很便宜"}, {"comment_author": "rwr", "comment_date": ["04/14", "02:24"], "comment_content": "笑死美國人整天裝窮安撫小老弟"}, {"comment_author": "howzming", "comment_date": ["04/14", "02:34"], "comment_content": "這種薪資台灣連台南應該也買不起"}, {"comment_author": "leohayashi1", "comment_date": ["04/14", "02:46"], "comment_content": "對美國年輕人痛苦其實不是在買房，"}, {"comment_author": "leohayashi1", "comment_date": ["04/14", "02:46"], "comment_content": "是升息後的租金，據說夏威夷公寓2房"}, {"comment_author": "leohayashi1", "comment_date": ["04/14", "02:46"], "comment_content": "一廳平均一個月都在3400美金以上了"}, {"comment_author": "leohayashi1", "comment_date": ["04/14", "02:46"], "comment_content": "，那裡買房議題沒台灣嚴重"}, {"comment_author": "jsie", "comment_date": ["04/14", "02:58"], "comment_content": "才1200，南部鄉下房價中位數都3000了"}, {"comment_author": "kaky", "comment_date": ["04/14", "02:58"], "comment_content": "台灣中位數4.3萬支出28% 1.3萬 貸款8成如果"}, {"comment_author": "kaky", "comment_date": ["04/14", "02:59"], "comment_content": "貸 20年 400萬的房子買不起要拉到25年"}, {"comment_author": "unik1107unik", "comment_date": ["04/14", "03:09"], "comment_content": "看推文看到哭出來"}, {"comment_author": "RisingTackle", "comment_date": ["04/14", "04:14"], "comment_content": "反觀幸福台灣讓你有機會當40年奴隸"}, {"comment_author": "megaje", "comment_date": ["04/14", "07:07"], "comment_content": "美國人房價所得比不到4就哭買不起了"}, {"comment_author": "megaje", "comment_date": ["04/14", "07:08"], "comment_content": "真是爛草莓 我們有半碼龍40年房貸好幸福"}, {"comment_author": "shawshien", "comment_date": ["04/14", "08:25"], "comment_content": "年收入太少 貸款不會過 想買也無法買"}, {"comment_author": "shawshien", "comment_date": ["04/14", "08:25"], "comment_content": "租房也看收入 年薪太少 申請租房不會過"}, {"comment_author": "steelheart3", "comment_date": ["04/14", "09:51"], "comment_content": "一堆井底蛙說美國買房輕鬆 自己想買"}, {"comment_author": "steelheart3", "comment_date": ["04/14", "09:51"], "comment_content": "台北很困難 結果是美國多數人也只能"}, {"comment_author": "steelheart3", "comment_date": ["04/14", "09:51"], "comment_content": "買在荒郊野嶺"}]}
