{"author": "lili712 (7年級韭菜)", "category": "Gossiping", "title": "[新聞] 國防部：大陸21日發射衛星 路徑將通過我", "date": "Thu Apr 18 15:14:15 2024", "content": ["1.媒體來源:聯合新聞網2.記者署名:程嘉文3.完整新聞標題:國防部：", "4.完整新聞內文:美國國防部長奧斯汀與中國大陸國防部長董軍進行視訊對話後，美國海軍隨即派出一架P-8反潛巡邏機通過台灣海峽。同時間中共解放軍的活動如何？國防部今天（18日）公布過去24小時的共軍動態，從17日上午6時，到18日上午6時，共偵獲共機18架次、其中7架次逾越海峽中線，5架次進入台灣西南空域，另有共艦5艘次持續在台海周邊活動。此外國防部也預告，", "5.完整新聞連結 (或短網址)不可用YAHOO、LINE、MSN等轉載媒體:", "6.備註:注意!!!國家警報準備!!!--"], "post_comment": [{"comment_author": "gn01693664", "comment_date": ["04/18", "15:14"], "comment_content": "所以我說那個警報簡訊呢？"}, {"comment_author": "tchialen", "comment_date": ["04/18", "15:14"], "comment_content": "打下來阿"}, {"comment_author": "huiyin220923", "comment_date": ["04/18", "15:15"], "comment_content": "垃圾中國"}, {"comment_author": "jgfu", "comment_date": ["04/18", "15:15"], "comment_content": "選舉過了啦！這次不會有國家警報簡訊了....."}, {"comment_author": "wilson3435", "comment_date": ["04/18", "15:15"], "comment_content": "有警報嗎"}, {"comment_author": "yangweiisi", "comment_date": ["04/18", "15:15"], "comment_content": "垃圾塔綠班"}, {"comment_author": "yangweiisi", "comment_date": ["04/18", "15:16"], "comment_content": "垃圾側翼垃圾網軍"}, {"comment_author": "crazydj", "comment_date": ["04/18", "15:16"], "comment_content": "還不花幾千萬發簡訊?很多人沒看新聞A"}, {"comment_author": "jil", "comment_date": ["04/18", "15:16"], "comment_content": "上次有夠白癡 都有官方公告了 敵方的資訊沒"}, {"comment_author": "polo5615", "comment_date": ["04/18", "15:17"], "comment_content": "我說警報呢"}, {"comment_author": "jil", "comment_date": ["04/18", "15:17"], "comment_content": "掌握好還發簡訊丟臉"}, {"comment_author": "g4zoco196", "comment_date": ["04/18", "15:17"], "comment_content": "注意！！"}, {"comment_author": "momo3921d", "comment_date": ["04/18", "15:17"], "comment_content": "別騙了，中國人連茶葉蛋都吃不起好嘛"}, {"comment_author": "nextpage", "comment_date": ["04/18", "15:18"], "comment_content": "我就等著看國家級警報還發不發"}, {"comment_author": "czg", "comment_date": ["04/18", "15:18"], "comment_content": "請發警報通知"}, {"comment_author": "oxooao", "comment_date": ["04/18", "15:20"], "comment_content": "打下來啊"}, {"comment_author": "frlair", "comment_date": ["04/18", "15:20"], "comment_content": "選完惹別抬頭就沒事~發簡訊又不小心寫錯怎"}, {"comment_author": "Dia149", "comment_date": ["04/18", "15:20"], "comment_content": "不打下來喔"}, {"comment_author": "frlair", "comment_date": ["04/18", "15:20"], "comment_content": "辦~"}, {"comment_author": "EfiwymsiAros", "comment_date": ["04/18", "15:21"], "comment_content": "媽的智障 地震不報衛星報"}, {"comment_author": "Expend", "comment_date": ["04/18", "15:22"], "comment_content": ""}, {"comment_author": "SkyShih", "comment_date": ["04/18", "15:22"], "comment_content": "怕就打下來，不然不要再那邊危言聳聽"}, {"comment_author": "breacal", "comment_date": ["04/18", "15:23"], "comment_content": "中國又要製造垃圾，周邊國家小心啊~"}, {"comment_author": "xji6xu4yjo41", "comment_date": ["04/18", "15:24"], "comment_content": "喔是喔"}, {"comment_author": "avexgroup", "comment_date": ["04/18", "15:24"], "comment_content": "中國就中國 大什麼路"}, {"comment_author": "Newtype", "comment_date": ["04/18", "15:25"], "comment_content": "哇 衛星好怕怕 最近飛機都不敢報了"}, {"comment_author": "preisner", "comment_date": ["04/18", "15:25"], "comment_content": "距離1800公里,到台灣上空早就上太空了"}, {"comment_author": "Newtype", "comment_date": ["04/18", "15:27"], "comment_content": ""}, {"comment_author": "kamisanma", "comment_date": ["04/18", "15:28"], "comment_content": "記得發警報喔"}, {"comment_author": "Sundance", "comment_date": ["04/18", "15:28"], "comment_content": "一年多前說太空不是領空，總統選舉前又"}, {"comment_author": "Anvec", "comment_date": ["04/18", "15:28"], "comment_content": "所以不用發警報對吧"}, {"comment_author": "Sundance", "comment_date": ["04/18", "15:28"], "comment_content": "發國家警報，台灣社會都要雞雞錯亂了，"}, {"comment_author": "Sundance", "comment_date": ["04/18", "15:28"], "comment_content": "到底能不能射啊^_^"}, {"comment_author": "Anvec", "comment_date": ["04/18", "15:29"], "comment_content": "說要發警報那個可以當部長欸"}, {"comment_author": "beekeeper", "comment_date": ["04/18", "15:32"], "comment_content": "記得發味噌簡訊"}, {"comment_author": "ab4daa", "comment_date": ["04/18", "15:38"], "comment_content": "我等日本消息"}, {"comment_author": "suanruei", "comment_date": ["04/18", "15:39"], "comment_content": "不要跟我說不發簡訊喔"}, {"comment_author": "albertwi", "comment_date": ["04/18", "15:44"], "comment_content": "坐等國家警報…"}, {"comment_author": "soarling", "comment_date": ["04/18", "15:47"], "comment_content": "不發警報了喔 嘻嘻"}, {"comment_author": "ayakiax", "comment_date": ["04/18", "15:49"], "comment_content": "說好的簡訊呢"}, {"comment_author": "tpck", "comment_date": ["04/18", "16:00"], "comment_content": "在大氣層 無害"}, {"comment_author": "rejuvenation", "comment_date": ["04/18", "16:25"], "comment_content": "會有警報嗎"}, {"comment_author": "Aliensoul", "comment_date": ["04/18", "16:35"], "comment_content": "沒有選舉：無害衛星"}, {"comment_author": "kluwer2021", "comment_date": ["04/18", "17:15"], "comment_content": "有種打下來"}, {"comment_author": "garcia", "comment_date": ["04/18", "17:25"], "comment_content": "這次打的終於又是廢鐵了 上街安全帽戴起來"}, {"comment_author": "waloloo", "comment_date": ["04/18", "17:38"], "comment_content": "注意！"}, {"comment_author": "blueman1025", "comment_date": ["04/18", "17:41"], "comment_content": "日後記得跟子孫講這段軼事，台灣2024"}, {"comment_author": "blueman1025", "comment_date": ["04/18", "17:41"], "comment_content": "總統大選時把國家警報拿來當選舉操作"}, {"comment_author": "cogitation", "comment_date": ["04/18", "17:43"], "comment_content": "國家級味噌"}, {"comment_author": "insidelonely", "comment_date": ["04/18", "17:49"], "comment_content": "要發警報了嗎"}, {"comment_author": "kiddnash", "comment_date": ["04/18", "18:00"], "comment_content": "這次會有國家警報嗎??"}, {"comment_author": "xixixxiixxii", "comment_date": ["04/18", "18:37"], "comment_content": "收過路費啊，不繳就打下來"}, {"comment_author": "lunatich", "comment_date": ["04/18", "20:07"], "comment_content": "可以發個警報嗎？我懷疑我手機接收功能"}, {"comment_author": "lunatich", "comment_date": ["04/18", "20:07"], "comment_content": "壞了"}, {"comment_author": "lunatich", "comment_date": ["04/18", "20:08"], "comment_content": "幫測一下"}]}
