{"author": "koei0001 (魯國人)", "category": "Gossiping", "title": "[新聞] 看美國與盟邦保護以色列 烏克蘭自覺淒涼", "date": "Tue Apr 16 21:15:11 2024", "content": ["1.媒體來源:中央社2.記者署名:（譯者：陳亦偉）11304163.完整新聞標題:看美國與盟邦保護以色列 烏克蘭自覺淒涼4.完整新聞內文:（中央社基輔15日綜合外電報導）以色列於伊朗13日報復攻擊時，宣稱在美國和區域內有軍事能力的夥伴幫助下擊落99%的來襲無人機與飛彈，看在獨力承受俄羅斯空襲的烏克蘭人眼裡格外不是滋味。華盛頓郵報指出，烏克蘭兩年多來屢遭俄國飛彈和無人機空襲，俄軍常用的「見證者」（Shahed）自殺無人機也正是伊朗這次攻擊以色列時所用。從3月底到4月以來，烏克蘭發電廠頻頻被炸，損失不輕。反觀13日伊朗從本土及透過伊拉克、敘利亞、葉門的代理人朝以色列發射飛彈與無人機時，區域內已做好準備的美軍戰機、愛國者防空飛彈和驅逐艦都及時攔截，英、法和約旦也都伸出援手與以色列的鐵穹（Iron Dome）防空系統並肩，擊落300枚來襲目標中的99%，避免重大損失。盟國反應的落差如此之大讓烏克蘭看在眼裡。烏克蘭總統澤倫斯基（VolodymyrZelenskyy）於14日晚間的演說表示，光上週俄國就向烏克蘭發射近130架「見證者」無人機、80枚飛彈和700枚滑翔炸彈，烏克蘭只能靠自己的軍隊和日漸耗盡的彈藥苦撐。澤倫斯基說：「全世界都看到，以色列在防禦時並不孤單，空中威脅還有盟友幫忙消除。話說回來，當烏克蘭盼盟友不應對俄國飛彈和無人機視而不見時，也代表需要你們有所作為，而且是大膽行動。」烏克蘭外長庫列巴（Dmytro Kuleba）也向西方喊話：「即使你們不能像幫以色列那樣幫我們，但只要給我們所需的東西，我們自己可以完成剩下的工作。」烏克蘭國內一些人講得更直白。名流小說家扎布日科（Oksana Zabuzhko）在臉書上說，西方對以色列遇到的對手「不會像狗一般謙卑地趴在地上」，以色列甚至還有像約旦這種挺身相助的阿拉伯鄰國。扎布日科寫道：「我們則完全沒有這種（境遇）。」在2022年2月底俄國揮師時，烏克蘭鄰國的白俄羅斯甚至借道供俄軍入侵。還有人說以色列有多國共同幫忙防禦，凸顯烏克蘭何其孤獨。烏克蘭國會議員剛察倫科（Oleksiy Goncharenko）在社媒Telegram寫道：「烏克蘭應從這裡得出結論－我們只能靠自己。」策略分析師兼作家奧倫臣科（Stas Olenchenko）更沮喪，在社媒X上寫道：「當晚烏克蘭人清楚意識到自己在美國眼裡的真正意義：我們不是盟友，從來都不是。我們只是累贅、是他們眼裡地緣政治的出格者，是個不會自己收拾爛攤的麻煩者。無論如何我們都會抵抗到底，但終究讓人心痛。」白宮國家安全會議發言人柯比（John Kirby）今天告訴媒體，總統拜登已表明「美國不會在烏克蘭扮演戰鬥角色」。柯比說：「（兩者之間）是全然不同的衝突、不同的空域，乃至不同的威脅景況。」（譯者：陳亦偉）11304165.完整新聞連結 (或短網址)不可用YAHOO、LINE、MSN等轉載媒體:", "6.備註:還好美國跟盟邦一定會保護台灣--"], "post_comment": [{"comment_author": "YLTYY", "comment_date": ["04/16", "21:15"], "comment_content": "Pua"}, {"comment_author": "a0986188522", "comment_date": ["04/16", "21:15"], "comment_content": "可憐哪 只好派軍武版去支援了"}, {"comment_author": "johnwu", "comment_date": ["04/16", "21:16"], "comment_content": "怎麼不去舔共"}, {"comment_author": "OPPAISuki", "comment_date": ["04/16", "21:16"], "comment_content": "還有台灣阿 台灣挺烏克蘭"}, {"comment_author": "yochiya", "comment_date": ["04/16", "21:16"], "comment_content": "有沒有很像台灣 覺得美國出兵是應該的"}, {"comment_author": "ianlin1216", "comment_date": ["04/16", "21:16"], "comment_content": "那你們還不投降"}, {"comment_author": "zpeople0116", "comment_date": ["04/16", "21:16"], "comment_content": "加摩爾會保護大家的"}, {"comment_author": "welly520", "comment_date": ["04/16", "21:16"], "comment_content": "烏克蘭不是跟中國很要好 幹嘛跟美國哭?"}, {"comment_author": "deez1212", "comment_date": ["04/16", "21:16"], "comment_content": "叫中國幫你啊 不是很會舔"}, {"comment_author": "WowProctor", "comment_date": ["04/16", "21:16"], "comment_content": "軍武版會派兵支援烏克蘭"}, {"comment_author": "Lukewear", "comment_date": ["04/16", "21:16"], "comment_content": "以色列是美國的爸爸 你是???????"}, {"comment_author": "bradyhau106", "comment_date": ["04/16", "21:17"], "comment_content": "突然覺得綠卡夫妻的場景也能套用"}, {"comment_author": "syntax123", "comment_date": ["04/16", "21:17"], "comment_content": "這個穴沒用了"}, {"comment_author": "wilson3435", "comment_date": ["04/16", "21:17"], "comment_content": "該組成第一次黑熊軍了吧，40%西征挺"}, {"comment_author": "wilson3435", "comment_date": ["04/16", "21:17"], "comment_content": "烏克蘭"}, {"comment_author": "LoveMakeLove", "comment_date": ["04/16", "21:18"], "comment_content": "沒給錢和愛國者防空系統"}, {"comment_author": "hkcdc", "comment_date": ["04/16", "21:18"], "comment_content": "某個角度看 是以色列搶了本來會到烏的資源"}, {"comment_author": "peterwu4", "comment_date": ["04/16", "21:18"], "comment_content": "幾次了人家都提醒它們要感恩"}, {"comment_author": "aggressorX", "comment_date": ["04/16", "21:18"], "comment_content": "烏克蘭真的是很好的先例"}, {"comment_author": "qk3380888", "comment_date": ["04/16", "21:19"], "comment_content": "人家可是爸爸"}, {"comment_author": "hkcdc", "comment_date": ["04/16", "21:19"], "comment_content": "因為我猜更多人反對兩邊開"}, {"comment_author": "peterwu4", "comment_date": ["04/16", "21:19"], "comment_content": "而且給的東西從來也不是不用錢的…"}, {"comment_author": "hyperdunk", "comment_date": ["04/16", "21:19"], "comment_content": "台灣40%挺嗚 至少900萬黑熊部隊"}, {"comment_author": "ChangWufei", "comment_date": ["04/16", "21:19"], "comment_content": "這個演員已經沒有利用價值了 哭哭喔"}, {"comment_author": "good90150", "comment_date": ["04/16", "21:20"], "comment_content": "以色列是美國的爸爸，烏克蘭只是被美"}, {"comment_author": "good90150", "comment_date": ["04/16", "21:20"], "comment_content": "國拿去鬥俄國的狗，地位能一樣？"}, {"comment_author": "ra9999", "comment_date": ["04/16", "21:20"], "comment_content": "時空背景不同欸"}, {"comment_author": "lesnaree2", "comment_date": ["04/16", "21:20"], "comment_content": "為了民主（x) 為了錢（o ）"}, {"comment_author": "Informatik", "comment_date": ["04/16", "21:20"], "comment_content": "幫老爹天經地義 你什麼咖"}, {"comment_author": "a28200266", "comment_date": ["04/16", "21:20"], "comment_content": "你什麼咖跟以色列比...."}, {"comment_author": "mikebb", "comment_date": ["04/16", "21:20"], "comment_content": "因為人家在打假球，是要怎麼比"}, {"comment_author": "s6525480", "comment_date": ["04/16", "21:20"], "comment_content": "情緒勒索美國"}, {"comment_author": "Informatik", "comment_date": ["04/16", "21:20"], "comment_content": "烏俄說穿了就家產沒分好兄弟鬩牆"}, {"comment_author": "s6525480", "comment_date": ["04/16", "21:21"], "comment_content": "等著被美國耍吧"}, {"comment_author": "oyaji5566", "comment_date": ["04/16", "21:21"], "comment_content": "可黏哪"}, {"comment_author": "KKftw", "comment_date": ["04/16", "21:21"], "comment_content": "烏烏別喪氣 來PTT看軍武版恢復自信"}, {"comment_author": "hikaru77613", "comment_date": ["04/16", "21:21"], "comment_content": "中國補刀啊，進軍海蔘威"}, {"comment_author": "s6525480", "comment_date": ["04/16", "21:21"], "comment_content": "跪舔就好好舔"}, {"comment_author": "ballby", "comment_date": ["04/16", "21:22"], "comment_content": "小澤不哭，台灣挺你"}, {"comment_author": "beercat", "comment_date": ["04/16", "21:22"], "comment_content": "相不相信兩岸開戰台灣絕對比烏更孤單"}, {"comment_author": "hkcdc", "comment_date": ["04/16", "21:23"], "comment_content": "從歷史看 烏克蘭是美國的...誰？"}, {"comment_author": "ob962", "comment_date": ["04/16", "21:23"], "comment_content": "所以才要聽八卦的投降"}, {"comment_author": "breacal", "comment_date": ["04/16", "21:23"], "comment_content": "美國援助烏700多億美元"}, {"comment_author": "wind125", "comment_date": ["04/16", "21:23"], "comment_content": "烏克蘭點播金包銀"}, {"comment_author": "crocker", "comment_date": ["04/16", "21:23"], "comment_content": "以色列是超敢打 烏克蘭是貪汙到撤換國防"}, {"comment_author": "hkcdc", "comment_date": ["04/16", "21:23"], "comment_content": "美國一直灑錢灑錢 已經很扯了"}, {"comment_author": "crocker", "comment_date": ["04/16", "21:24"], "comment_content": "部長 兩個哪能比"}, {"comment_author": "NaoGaTsu", "comment_date": ["04/16", "21:24"], "comment_content": "光美國一國給的援助就是歐盟的一半左右"}, {"comment_author": "NaoGaTsu", "comment_date": ["04/16", "21:25"], "comment_content": "這都還能不滿意 烏克蘭還不是北約成員國"}, {"comment_author": "NaoGaTsu", "comment_date": ["04/16", "21:25"], "comment_content": "呢… 再加上以色列根本就是美國他爸"}, {"comment_author": "NaoGaTsu", "comment_date": ["04/16", "21:25"], "comment_content": "到底拿什麼跟以色列比 醒醒吧司機"}, {"comment_author": "coffeemilk", "comment_date": ["04/16", "21:26"], "comment_content": "烏克蘭在冷戰時期就是蘇聯的一部分，"}, {"comment_author": "coffeemilk", "comment_date": ["04/16", "21:26"], "comment_content": "冷戰結束後又不像波羅的海三國和東歐"}, {"comment_author": "coffeemilk", "comment_date": ["04/16", "21:26"], "comment_content": "中歐各國一樣立刻遠離俄羅斯擁抱歐洲"}, {"comment_author": "coffeemilk", "comment_date": ["04/16", "21:26"], "comment_content": "美國，這些歷史背景條件和以色列不同"}, {"comment_author": "coffeemilk", "comment_date": ["04/16", "21:26"], "comment_content": "所以目前看起來就...."}, {"comment_author": "finalstar", "comment_date": ["04/16", "21:26"], "comment_content": "全世界都知烏是美的棋子,司機還在作夢"}, {"comment_author": "xpxp123xp", "comment_date": ["04/16", "21:27"], "comment_content": "援烏武器跑到恐怖分子手裡 你烏有想法?"}, {"comment_author": "aa0845", "comment_date": ["04/16", "21:27"], "comment_content": "烏克蘭也可以說99%攔截 不是都用臉攔截XD"}, {"comment_author": "nbalook", "comment_date": ["04/16", "21:27"], "comment_content": "以色列有錢親戚給人家錢啊 你窮朋友只會"}, {"comment_author": "nbalook", "comment_date": ["04/16", "21:27"], "comment_content": "要錢要東西還情勒 誰想幫你？"}, {"comment_author": "s6525480", "comment_date": ["04/16", "21:28"], "comment_content": "應為開打前講好另外兩家打進貢"}, {"comment_author": "s6525480", "comment_date": ["04/16", "21:28"], "comment_content": "鳥專心爆兵 現在1234都按到不會回彈"}, {"comment_author": "s6525480", "comment_date": ["04/16", "21:28"], "comment_content": "木材食物黃金石頭都不乃"}, {"comment_author": "NaoGaTsu", "comment_date": ["04/16", "21:28"], "comment_content": "烏也沒專心爆兵還不聽給錢那方的打法哩"}, {"comment_author": "TheDecision", "comment_date": ["04/16", "21:28"], "comment_content": "開戰前烏克蘭跟美國有好過？"}, {"comment_author": "NaoGaTsu", "comment_date": ["04/16", "21:29"], "comment_content": "司機先處理好徵兵不公和貪腐的問題好不"}, {"comment_author": "machiusheng", "comment_date": ["04/16", "21:29"], "comment_content": "今日烏克蘭 明日"}, {"comment_author": "welcome", "comment_date": ["04/16", "21:29"], "comment_content": "放推啊"}, {"comment_author": "bckkt", "comment_date": ["04/16", "21:30"], "comment_content": "台灣也是一樣的，沒晶片美國哪裡會管台灣"}, {"comment_author": "s6525480", "comment_date": ["04/16", "21:30"], "comment_content": "沒辦法烏克蘭不喜歡讓女村民被殺"}, {"comment_author": "s6525480", "comment_date": ["04/16", "21:30"], "comment_content": "另外兩家又指點怪打法"}, {"comment_author": "antigay44", "comment_date": ["04/16", "21:31"], "comment_content": "叫司機上ptt看軍武板啦"}, {"comment_author": "bobby4755", "comment_date": ["04/16", "21:31"], "comment_content": "美國人老闆的祖國 尊爵不凡"}, {"comment_author": "s6525480", "comment_date": ["04/16", "21:31"], "comment_content": "另外兩家跟對家平常都一起團練的好朋友"}, {"comment_author": "wolve", "comment_date": ["04/16", "21:31"], "comment_content": "沒吧 隔壁的大本營戰報不是這樣說阿"}, {"comment_author": "s6525480", "comment_date": ["04/16", "21:31"], "comment_content": "邊緣鳥一定要上架自己 有什麼法度"}, {"comment_author": "Aliensoul", "comment_date": ["04/16", "21:32"], "comment_content": "中央社造反了？？"}, {"comment_author": "machiusheng", "comment_date": ["04/16", "21:32"], "comment_content": "自古炮灰相輕"}, {"comment_author": "oyaji5566", "comment_date": ["04/16", "21:33"], "comment_content": "其實 澤倫司機也是猶太人"}, {"comment_author": "NotOtaku", "comment_date": ["04/16", "21:33"], "comment_content": "猶太人控制美國政經，烏克蘭人和台灣人"}, {"comment_author": "NotOtaku", "comment_date": ["04/16", "21:33"], "comment_content": "對老美來說根本不重要"}, {"comment_author": "ILoveKMT", "comment_date": ["04/16", "21:33"], "comment_content": "以色列的敵人 不是中俄這種等級的 美國"}, {"comment_author": "oyaji5566", "comment_date": ["04/16", "21:33"], "comment_content": "某種程度上司機也算是美國爸爸"}, {"comment_author": "ILoveKMT", "comment_date": ["04/16", "21:34"], "comment_content": "當然敢"}, {"comment_author": "jimmyliu1217", "comment_date": ["04/16", "21:34"], "comment_content": "狗娘司機  你算老幾?"}, {"comment_author": "magic543", "comment_date": ["04/16", "21:35"], "comment_content": ""}, {"comment_author": "magic543", "comment_date": ["04/16", "21:35"], "comment_content": ""}, {"comment_author": "s6525480", "comment_date": ["04/16", "21:36"], "comment_content": "沒關係啦反正情勢已經變這樣了"}, {"comment_author": "s6525480", "comment_date": ["04/16", "21:36"], "comment_content": "應該要好好的讓烏克蘭繼續打個10年"}, {"comment_author": "s6525480", "comment_date": ["04/16", "21:36"], "comment_content": "打累了 其他玩家在睡個幾年"}, {"comment_author": "s6525480", "comment_date": ["04/16", "21:36"], "comment_content": "剩下的事情如果可以20年後再來煩就好了"}, {"comment_author": "s6525480", "comment_date": ["04/16", "21:37"], "comment_content": "我們台灣只要自己過得平安就好"}, {"comment_author": "Oswyn", "comment_date": ["04/16", "21:37"], "comment_content": "鳥有像以一樣深耕美國政商界嗎 沒有就奠奠"}, {"comment_author": "GenjiEd", "comment_date": ["04/16", "21:38"], "comment_content": "畢竟猶太裔的血脈異常團結"}, {"comment_author": "Leo4891", "comment_date": ["04/16", "21:39"], "comment_content": "以色列就算沒軍援也是屌打周邊國家"}, {"comment_author": "Leo4891", "comment_date": ["04/16", "21:40"], "comment_content": "問題在於  烏克蘭的對手太強"}, {"comment_author": "fishhy", "comment_date": ["04/16", "21:41"], "comment_content": "因為你是前蘇聯共和國，結案！"}, {"comment_author": "yw1002", "comment_date": ["04/16", "21:41"], "comment_content": "拜登政府說過好幾次不支持台獨 但是會維持"}, {"comment_author": "wulaw5566", "comment_date": ["04/16", "21:41"], "comment_content": "斯拉夫蠻人怎麼跟猶太人比"}, {"comment_author": "yw1002", "comment_date": ["04/16", "21:42"], "comment_content": "台海和平 意思就是中國隨時興致來了都可以"}, {"comment_author": "yw1002", "comment_date": ["04/16", "21:42"], "comment_content": "挑釁一下 霸凌一下台灣 只要不直接改變現"}, {"comment_author": "yw1002", "comment_date": ["04/16", "21:43"], "comment_content": "狀 台灣就是讓中國欺負好玩的"}, {"comment_author": "carsly", "comment_date": ["04/16", "21:44"], "comment_content": "敗燈都得聽美國有錢猶太人的話了 你算啥"}, {"comment_author": "earthuncuttv", "comment_date": ["04/16", "21:45"], "comment_content": "為党而戰為党捐軀 戰到最後一兵一卒"}, {"comment_author": "inshadow", "comment_date": ["04/16", "21:46"], "comment_content": "塔綠班表示:今日烏克蘭 明日台灣"}, {"comment_author": "binshin", "comment_date": ["04/16", "21:48"], "comment_content": "錢"}, {"comment_author": "shihshih3", "comment_date": ["04/16", "21:52"], "comment_content": "因為伊朗和俄羅斯是不同等級的對手"}, {"comment_author": "machiusheng", "comment_date": ["04/16", "21:54"], "comment_content": "敗登：司機的任務 是在消耗俄羅斯"}, {"comment_author": "sammy0411", "comment_date": ["04/16", "21:54"], "comment_content": "以色列跟美國什麼關係，差別待遇很正常"}, {"comment_author": "hotfeer", "comment_date": ["04/16", "21:55"], "comment_content": "你打得贏待遇就會不一樣"}, {"comment_author": "ccs95209", "comment_date": ["04/16", "21:57"], "comment_content": "台灣：我們地位比以色列重要：）"}, {"comment_author": "hamnett17th", "comment_date": ["04/16", "21:59"], "comment_content": "今日烏克蘭明日台灣"}, {"comment_author": "hamnett17th", "comment_date": ["04/16", "21:59"], "comment_content": "這句根本嘲諷"}, {"comment_author": "aadsl", "comment_date": ["04/16", "22:00"], "comment_content": "美國只會幫打得贏的國家，打不贏的就放棄了"}, {"comment_author": "zorroptt", "comment_date": ["04/16", "22:00"], "comment_content": "一位是爸爸 一位是乞丐 這能比嗎"}, {"comment_author": "zorroptt", "comment_date": ["04/16", "22:00"], "comment_content": ":"}, {"comment_author": "justiceyes", "comment_date": ["04/16", "22:01"], "comment_content": "變廢墟，歐美還能幫你重蓋賺錢呢"}, {"comment_author": "GoodEnd", "comment_date": ["04/16", "22:02"], "comment_content": "啊不就政府不敢講今日烏克蘭，明日台灣"}, {"comment_author": "stu25936", "comment_date": ["04/16", "22:02"], "comment_content": "QQ"}, {"comment_author": "raku", "comment_date": ["04/16", "22:02"], "comment_content": "猶太人是美國的高級人"}, {"comment_author": "banana781109", "comment_date": ["04/16", "22:02"], "comment_content": "以色列可是美國的爸爸"}, {"comment_author": "leterg", "comment_date": ["04/16", "22:03"], "comment_content": "有什麼好淒涼？打烏東打8年，烏東人更淒涼"}, {"comment_author": "dann255181", "comment_date": ["04/16", "22:03"], "comment_content": "笑死 你什麼咖啊"}, {"comment_author": "hotfeer", "comment_date": ["04/16", "22:04"], "comment_content": "扶持一個親美俄國，民主外送不是夢"}, {"comment_author": "leterg", "comment_date": ["04/16", "22:04"], "comment_content": "你的人民是被自己的政府拿來打？官逼民反"}, {"comment_author": "machiusheng", "comment_date": ["04/16", "22:04"], "comment_content": "40%：免驚 我們有台雞店"}, {"comment_author": "hotfeer", "comment_date": ["04/16", "22:04"], "comment_content": "但你的等級.."}, {"comment_author": "yuanhy63", "comment_date": ["04/16", "22:07"], "comment_content": "今日烏克蘭 明日台灣"}, {"comment_author": "leeyeah", "comment_date": ["04/16", "22:09"], "comment_content": "不是攻入莫斯科活捉普丁了？"}, {"comment_author": "sid3", "comment_date": ["04/16", "22:10"], "comment_content": "俄羅斯跟伊朗不同等級"}, {"comment_author": "drimp", "comment_date": ["04/16", "22:10"], "comment_content": "台灣更淒涼..."}, {"comment_author": "ssccg", "comment_date": ["04/16", "22:10"], "comment_content": "所以烏克蘭要不要檢討一下國際上怎麼做人的"}, {"comment_author": "lynn79422", "comment_date": ["04/16", "22:11"], "comment_content": "一個旗子而已"}, {"comment_author": "andre9", "comment_date": ["04/16", "22:13"], "comment_content": "台灣更慘 相信我"}, {"comment_author": "cocabell", "comment_date": ["04/16", "22:13"], "comment_content": "以色列比烏克蘭強大多了 老美也是會看"}, {"comment_author": "cocabell", "comment_date": ["04/16", "22:13"], "comment_content": "盟友爭不爭氣 有沒有利用價值的好嘛"}, {"comment_author": "dreamdds", "comment_date": ["04/16", "22:13"], "comment_content": "幫多久了"}, {"comment_author": "cocabell", "comment_date": ["04/16", "22:17"], "comment_content": "以地理位置 為了牽制中共 對老美來說鬼"}, {"comment_author": "cocabell", "comment_date": ["04/16", "22:17"], "comment_content": "島當然重要 但要老美捨身出兵還是省省"}, {"comment_author": "cocabell", "comment_date": ["04/16", "22:17"], "comment_content": "吧 天助自助者"}, {"comment_author": "kobe30418", "comment_date": ["04/16", "22:18"], "comment_content": "烏克蘭繼續挺中啊 垃圾"}, {"comment_author": "snakebite", "comment_date": ["04/16", "22:18"], "comment_content": "以色列沒有像司機這樣情勒，而且跟美"}, {"comment_author": "snakebite", "comment_date": ["04/16", "22:19"], "comment_content": "國更鐵"}, {"comment_author": "new8gi", "comment_date": ["04/16", "22:21"], "comment_content": "你烏克蘭什麼身份跟他比"}, {"comment_author": "tonykingtwo", "comment_date": ["04/16", "22:23"], "comment_content": "烏軍投降俄羅斯當西征先鋒吧"}, {"comment_author": "Yamapiqq", "comment_date": ["04/16", "22:23"], "comment_content": "拒絕戰爭，要和平！"}, {"comment_author": "ducati899", "comment_date": ["04/16", "22:24"], "comment_content": "直接放棄美國就涼了"}, {"comment_author": "BWF", "comment_date": ["04/16", "22:25"], "comment_content": "當初真不該繳械"}, {"comment_author": "BWF", "comment_date": ["04/16", "22:27"], "comment_content": "台灣也一樣，老是繳那些保護費，真正需要的"}, {"comment_author": "BWF", "comment_date": ["04/16", "22:27"], "comment_content": "是核子武器"}, {"comment_author": "Flyingheart", "comment_date": ["04/16", "22:29"], "comment_content": "可憐喔 烏克蘭已經沒用了"}, {"comment_author": "missile", "comment_date": ["04/16", "22:29"], "comment_content": "兒子幫老爸打架，意外嗎？"}, {"comment_author": "arceus", "comment_date": ["04/16", "22:29"], "comment_content": "以色列擁核 對手還都是小咖"}, {"comment_author": "arceus", "comment_date": ["04/16", "22:30"], "comment_content": "烏克蘭只是同為白皮膚 順便幫一下而已"}, {"comment_author": "ajemtw", "comment_date": ["04/16", "22:34"], "comment_content": "台灣連聯合國會員都不是，肯定更慘"}, {"comment_author": "carlos159357", "comment_date": ["04/16", "22:37"], "comment_content": "我就說了，要人幫根本是癡人說夢，"}, {"comment_author": "carlos159357", "comment_date": ["04/16", "22:38"], "comment_content": "沒有利益關係誰要幫"}, {"comment_author": "qwe875416", "comment_date": ["04/16", "22:38"], "comment_content": "完蛋好投降幫助俄羅斯打北約"}, {"comment_author": "yayohola", "comment_date": ["04/16", "22:39"], "comment_content": "沒事兒沒事兒 台灣如果"}, {"comment_author": "zerowingtw", "comment_date": ["04/16", "22:41"], "comment_content": "烏不過美國馬前卒"}, {"comment_author": "diiky", "comment_date": ["04/16", "22:47"], "comment_content": "猶太人是這些國家高層，烏克蘭人有嗎？"}, {"comment_author": "Anvec", "comment_date": ["04/16", "22:47"], "comment_content": "以色列是美國的爸爸 烏克蘭是美國利用來戳"}, {"comment_author": "Anvec", "comment_date": ["04/16", "22:47"], "comment_content": "俄羅斯的棋子 烏克蘭如果認清自己的地位"}, {"comment_author": "Anvec", "comment_date": ["04/16", "22:48"], "comment_content": "就應該要在避免引發戰爭的程度內 獲取最大"}, {"comment_author": "Anvec", "comment_date": ["04/16", "22:48"], "comment_content": "的利益 很難懂嗎"}, {"comment_author": "ShockHo222", "comment_date": ["04/16", "22:51"], "comment_content": "人家之前給你多少了"}, {"comment_author": "dick929", "comment_date": ["04/16", "22:51"], "comment_content": "烏克蘭最可憐的是本來最要好的中國，開"}, {"comment_author": "dick929", "comment_date": ["04/16", "22:51"], "comment_content": "戰之後一直不聞不問，甚至幫俄爹不少忙"}, {"comment_author": "dick929", "comment_date": ["04/16", "22:52"], "comment_content": "烏克蘭跟美國本來就不是什麼好交情"}, {"comment_author": "dick929", "comment_date": ["04/16", "22:53"], "comment_content": "美國一開始是看在烏克蘭人還算有骨氣，"}, {"comment_author": "dick929", "comment_date": ["04/16", "22:53"], "comment_content": "而且能給俄羅斯帶來麻煩的份上給點資源"}, {"comment_author": "dick929", "comment_date": ["04/16", "22:54"], "comment_content": "結果烏克蘭現在情勒的對象變成西方各國，"}, {"comment_author": "dick929", "comment_date": ["04/16", "22:54"], "comment_content": "反而對中國的背叛隻字不提XD"}, {"comment_author": "guenhwyvar", "comment_date": ["04/16", "22:56"], "comment_content": "問就是沒有核彈沒有錢"}, {"comment_author": "amare1015", "comment_date": ["04/16", "22:58"], "comment_content": "沒差吧 沒有美國 還有台灣可以保護你們"}, {"comment_author": "amare1015", "comment_date": ["04/16", "22:58"], "comment_content": "烏克蘭別擔心 台灣會派出最精銳的部隊"}, {"comment_author": "amare1015", "comment_date": ["04/16", "22:59"], "comment_content": "能1打35的悍將 陳柏惟 閃尿 阿不是 是"}, {"comment_author": "amare1015", "comment_date": ["04/16", "22:59"], "comment_content": "閃靈悍將 昶佐!!!!!!!!!!!!!!!!!!"}, {"comment_author": "amare1015", "comment_date": ["04/16", "23:00"], "comment_content": "台灣版玄冥神掌的王定宇!!!!!!!!!!!!!!"}, {"comment_author": "amare1015", "comment_date": ["04/16", "23:00"], "comment_content": "隨隨便便派出的台派就是這麼強悍NOOOO"}, {"comment_author": "trader987", "comment_date": ["04/16", "23:00"], "comment_content": "十一萬：這一刻我們都是烏克蘭人"}, {"comment_author": "barrylaw", "comment_date": ["04/16", "23:01"], "comment_content": "可是拜登之前有你上談判桌被你拒絕了欸"}, {"comment_author": "barrylaw", "comment_date": ["04/16", "23:01"], "comment_content": "，更不用說你們貪了多少美援"}, {"comment_author": "barrylaw", "comment_date": ["04/16", "23:03"], "comment_content": "老頭有勸你不要換參謀總長否"}, {"comment_author": "asole", "comment_date": ["04/16", "23:13"], "comment_content": "所以你當初為什麼要賣航母野牛氣墊船給中"}, {"comment_author": "asole", "comment_date": ["04/16", "23:13"], "comment_content": "國？"}, {"comment_author": "Anvec", "comment_date": ["04/16", "23:13"], "comment_content": "什麼叫人家之前給你多少 XD 核彈還人家啊"}, {"comment_author": "Anvec", "comment_date": ["04/16", "23:13"], "comment_content": "每個國家都應該要為自己的利益打算"}, {"comment_author": "obovqq", "comment_date": ["04/16", "23:16"], "comment_content": "終於發現自己有多可悲了吧☺☺☺"}, {"comment_author": "flyinmagic", "comment_date": ["04/16", "23:19"], "comment_content": "援以也只是抽身的藉口 以色列有錢能還"}, {"comment_author": "flyinmagic", "comment_date": ["04/16", "23:19"], "comment_content": "烏克蘭現在是沒軍援要直接破產的"}, {"comment_author": "flyinmagic", "comment_date": ["04/16", "23:20"], "comment_content": "它能還美國什麼 沒有 所以當烏反攻不"}, {"comment_author": "flyinmagic", "comment_date": ["04/16", "23:20"], "comment_content": "了 就沒有實質利益可以給美國了"}, {"comment_author": "qweaaazzz", "comment_date": ["04/16", "23:22"], "comment_content": "烏克蘭也懂情勒"}, {"comment_author": "s0920151048", "comment_date": ["04/16", "23:30"], "comment_content": "代理人要什麼尊嚴 笑死人"}, {"comment_author": "orbehunted", "comment_date": ["04/16", "23:36"], "comment_content": "這真的是該借鑒 別以為真的開戰美國"}, {"comment_author": "orbehunted", "comment_date": ["04/16", "23:37"], "comment_content": "會幫到哪 反而希望用戰爭拖垮中國經"}, {"comment_author": "herikocat", "comment_date": ["04/16", "23:38"], "comment_content": "烏算個屁喔 現在才認清身分嗎"}, {"comment_author": "orbehunted", "comment_date": ["04/16", "23:39"], "comment_content": "濟 盟友不是朋友"}, {"comment_author": "herikocat", "comment_date": ["04/16", "23:39"], "comment_content": "講烏是棋子 還有人會生氣咧"}, {"comment_author": "john65240", "comment_date": ["04/16", "23:44"], "comment_content": "一堆井蛙還在那邊挺以，笑死搞不清楚"}, {"comment_author": "horseface", "comment_date": ["04/16", "23:46"], "comment_content": "以色列是自己買的耶"}, {"comment_author": "eagleofsouth", "comment_date": ["04/16", "23:52"], "comment_content": "以色列是美國的阿爸 你烏克蘭是什麼"}, {"comment_author": "alan0204", "comment_date": ["04/16", "23:53"], "comment_content": "別覺得淒涼 台灣更可悲"}, {"comment_author": "serrier", "comment_date": ["04/17", "00:02"], "comment_content": "獨力承受?拿到錢和軍火還不夠多?"}, {"comment_author": "belion", "comment_date": ["04/17", "00:08"], "comment_content": "烏克蘭以前不是也信美國，自解核武了嗎？"}, {"comment_author": "belion", "comment_date": ["04/17", "00:08"], "comment_content": "還信啊....？"}, {"comment_author": "cado0824", "comment_date": ["04/17", "00:12"], "comment_content": "你們本來是共產黨陣營的欸"}, {"comment_author": "malaman", "comment_date": ["04/17", "00:15"], "comment_content": "烏克蘭自己低能廢核武  悲哀"}, {"comment_author": "dick929", "comment_date": ["04/17", "00:19"], "comment_content": "現在看起來，中國反而像烏克蘭澤倫司機背"}, {"comment_author": "dick929", "comment_date": ["04/17", "00:20"], "comment_content": "後的金主，因為烏俄戰爭最大的收益者是"}, {"comment_author": "dick929", "comment_date": ["04/17", "00:20"], "comment_content": "中國"}, {"comment_author": "dick929", "comment_date": ["04/17", "00:20"], "comment_content": "如果陰謀論者說司機收錢的話，我投中國一"}, {"comment_author": "dick929", "comment_date": ["04/17", "00:21"], "comment_content": "票，這筆投資簡直太划算了"}, {"comment_author": "dick929", "comment_date": ["04/17", "00:22"], "comment_content": "戰爭不僅拖累世界第二強的俄羅斯，也給"}, {"comment_author": "dick929", "comment_date": ["04/17", "00:22"], "comment_content": "西方各國包括美國帶來不少麻煩"}, {"comment_author": "jason613", "comment_date": ["04/17", "00:39"], "comment_content": "被死老美騙 放棄核武的結果"}, {"comment_author": "jerry810113", "comment_date": ["04/17", "00:41"], "comment_content": "老納再不聽話就要下台了"}, {"comment_author": "squarerinoa", "comment_date": ["04/17", "01:08"], "comment_content": "你還有車諾比啊，傻司機"}, {"comment_author": "kai3368", "comment_date": ["04/17", "01:22"], "comment_content": "靠自己個屁啦 拿了歐美多少軍援了"}, {"comment_author": "Kyere88", "comment_date": ["04/17", "02:39"], "comment_content": "是不是沒認清自己就是消耗的祺子？"}, {"comment_author": "xc2v", "comment_date": ["04/17", "03:28"], "comment_content": "幫全歐擋俄西擴...結果..好慘"}, {"comment_author": "Wildsheep", "comment_date": ["04/17", "06:15"], "comment_content": "不是因為沒錢可以污所以難過嗎？"}, {"comment_author": "yuanhy63", "comment_date": ["04/17", "07:18"], "comment_content": "台灣人自詡聰明 真的聰明的話 應該從自"}, {"comment_author": "yuanhy63", "comment_date": ["04/17", "07:18"], "comment_content": "身利益著眼 當別人的棋子沒有好下場"}, {"comment_author": "younggola", "comment_date": ["04/17", "07:43"], "comment_content": "對手科技等級不一樣怎麼比"}, {"comment_author": "A80211ab", "comment_date": ["04/17", "07:43"], "comment_content": "親疏有差"}, {"comment_author": "newlycong", "comment_date": ["04/17", "07:44"], "comment_content": "投降了啊 還打什麼打 早點認清"}, {"comment_author": "gamania5972", "comment_date": ["04/17", "08:06"], "comment_content": "打不過就加入了啊"}, {"comment_author": "visda", "comment_date": ["04/17", "08:11"], "comment_content": "這是中央社欸，我沒看錯？"}, {"comment_author": "Abbee", "comment_date": ["04/17", "08:32"], "comment_content": "誰叫烏克蘭要自廢武裝 被打了才來要武器"}, {"comment_author": "Abbee", "comment_date": ["04/17", "08:32"], "comment_content": "人家以色列每年花多少錢在軍武"}, {"comment_author": "Abbee", "comment_date": ["04/17", "08:33"], "comment_content": "還支持美國經濟"}, {"comment_author": "ashjkn5586", "comment_date": ["04/17", "08:47"], "comment_content": "頭已經洗下去了 就撐到結束吧"}, {"comment_author": "shooter555", "comment_date": ["04/17", "09:36"], "comment_content": "就不是盟友"}, {"comment_author": "mf505", "comment_date": ["04/17", "10:52"], "comment_content": "不是建立邦交，戰爭就是盟友耶"}, {"comment_author": "handsomepig", "comment_date": ["04/17", "10:59"], "comment_content": "...因為猶太人抓住美國政客的懶趴啊"}, {"comment_author": "handsomepig", "comment_date": ["04/17", "10:59"], "comment_content": " 烏克蘭有什麼"}, {"comment_author": "EXTECH", "comment_date": ["04/17", "11:02"], "comment_content": "司機快上軍武版，這裡有你需要的樂觀"}, {"comment_author": "pony78912", "comment_date": ["04/17", "12:44"], "comment_content": "美國是爸爸，以色列是爺爺"}, {"comment_author": "mistral5140", "comment_date": ["04/17", "13:45"], "comment_content": "是美國以前叫烏克蘭自廢武裝的......"}, {"comment_author": "mistral5140", "comment_date": ["04/17", "13:46"], "comment_content": "美國就是太晚認清中俄非善類"}, {"comment_author": "jamesmile", "comment_date": ["04/17", "14:46"], "comment_content": "不要太不滿"}, {"comment_author": "butten986", "comment_date": ["04/17", "17:33"], "comment_content": "樓上，解釋一下太晚認清還不幫是啥心態"}]}
