{"author": "lamigo (lamigo)", "category": "Gossiping", "title": "[新聞] 快新聞／傳獲賴清德邀請將任司法院長？　", "date": "Sat Apr 13 14:46:11 2024", "content": ["1.媒體來源:民視2.記者署名:陳思妤3.完整新聞標題:快新聞／傳獲賴清德邀請將任司法院長？　謝長廷：啼笑皆非4.完整新聞內文:即時中心／陳思妤報導準總賴清德將在5月20日上任，找來前民進黨主席卓榮泰擔任行政院長，又傳出他將邀請駐日代表謝長廷返台擔任司法院長，3人形成鐵三角。對此，謝長廷今（13）日親自回應，傳聞都是虛構的，真的啼笑皆非！他也說，花蓮地震後，他每天接受日本友人慰問和捐款，不適合提及他要離開的事，所以他暫時還會留在現有崗位把善後問題處理完畢。謝長廷表示，這些日有些關於他異動司法院的傳聞，都是虛構的，其實用常識想都知道現在這個時候，高層的哪個人也不可能去談這種問題，不過，媒體力量大，也有不少人信以為真，還有人向他恭喜，期許推動司法改革，真的啼笑皆非！謝長廷指出，其實，最近為了處理花蓮震災的後續捐款事務，忙的不可開交，每天接受日本友人慰問和捐款，不適合提及他要離開的事，反而承諾不少今後的合作和行程，所以他暫時還會留在現有崗位把善後問題處理完畢。謝長廷說，花蓮震災以來，日本政府、日本民間團體及日本國民紛紛表達關切、慰問和支援，這是好現象，非常珍惜，可以當面收受或致謝的，儘量安排面會，沒有辦法的，也詳細登記，以書面鄭重致函道謝。謝長廷表示，代表處並排除萬難，在日本的銀行開設專戶，讓關心的日本人知道台灣的重視和感謝，這是善的循環的一部份，彼此這樣做就成為習慣，變成當然，對以後長期台日關係，以及台灣的安全是有正面效益的。5.完整新聞連結 (或短網址):", "6.備註:", "--我話說完 誰贊成 誰反對--"], "post_comment": [{"comment_author": "kent", "comment_date": ["04/13", "14:46"], "comment_content": " 那就是真的了"}, {"comment_author": "snow3804", "comment_date": ["04/13", "14:47"], "comment_content": "穩了"}, {"comment_author": "engineer1", "comment_date": ["04/13", "14:47"], "comment_content": "那就是真的了"}, {"comment_author": "bicedb", "comment_date": ["04/13", "14:47"], "comment_content": "最強內閣"}, {"comment_author": "AustinRivers", "comment_date": ["04/13", "14:47"], "comment_content": "穩了"}, {"comment_author": "ruthertw", "comment_date": ["04/13", "14:48"], "comment_content": "小夫要回台灣了?"}, {"comment_author": "soarling", "comment_date": ["04/13", "14:48"], "comment_content": "越是嘲諷越穩"}, {"comment_author": "NotUniqueSol", "comment_date": ["04/13", "14:48"], "comment_content": "捨不得爽缺"}, {"comment_author": "chris44099", "comment_date": ["04/13", "14:51"], "comment_content": "党說沒有就是有 演很多次了"}, {"comment_author": "Sanish", "comment_date": ["04/13", "14:51"], "comment_content": "大法官任期不是都還沒到？"}, {"comment_author": "steven005", "comment_date": ["04/13", "14:52"], "comment_content": "可以看到國昌電小夫了嗎"}, {"comment_author": "coffee112", "comment_date": ["04/13", "14:52"], "comment_content": ""}, {"comment_author": "devidevi", "comment_date": ["04/13", "14:53"], "comment_content": "爽缺誰要回國拉"}, {"comment_author": "kevinacc084", "comment_date": ["04/13", "14:53"], "comment_content": "這太好笑了吧"}, {"comment_author": "coffee112", "comment_date": ["04/13", "14:54"], "comment_content": ""}, {"comment_author": "imaray", "comment_date": ["04/13", "14:54"], "comment_content": "傻了才回來"}, {"comment_author": "coffee112", "comment_date": ["04/13", "14:54"], "comment_content": "是那個說台電備載電力太高 是弊案 呼籲"}, {"comment_author": "coffee112", "comment_date": ["04/13", "14:54"], "comment_content": "檢調要去查的謝長廷嗎"}, {"comment_author": "koexe", "comment_date": ["04/13", "14:55"], "comment_content": "小夫流放了這麼久 也該回家鄉了"}, {"comment_author": "coffee112", "comment_date": ["04/13", "14:56"], "comment_content": "一下說馬英九執政 過度建設電力攝氏 過"}, {"comment_author": "coffee112", "comment_date": ["04/13", "14:56"], "comment_content": "度高估未來用電需求 一下又說馬英九留"}, {"comment_author": "coffee112", "comment_date": ["04/13", "14:56"], "comment_content": "的電太少 民進党 你搞得我好亂喔~_~"}, {"comment_author": "gk1329", "comment_date": ["04/13", "14:57"], "comment_content": "他暫時還會留在現有崗位"}, {"comment_author": "gk1329", "comment_date": ["04/13", "14:57"], "comment_content": "關鍵字 暫時 那就是穩惹喇 幹"}, {"comment_author": "L9C4iO", "comment_date": ["04/13", "15:02"], "comment_content": "在日本爽爽的 幹"}, {"comment_author": "angelo98", "comment_date": ["04/13", "15:05"], "comment_content": "好"}, {"comment_author": "jo4", "comment_date": ["04/13", "15:06"], "comment_content": "小夫在日本超爽我看不想回來了 換做我也不回"}, {"comment_author": "jomon817", "comment_date": ["04/13", "15:08"], "comment_content": "穩了"}, {"comment_author": "xabcxabc0123", "comment_date": ["04/13", "15:08"], "comment_content": "開始分利了"}, {"comment_author": "jomon817", "comment_date": ["04/13", "15:08"], "comment_content": "在日本他最大 沒人管得動 傻了才回來"}, {"comment_author": "jolin311145", "comment_date": ["04/13", "15:11"], "comment_content": "同樣的戲碼 陳菊之前就演過了"}, {"comment_author": "andy199113", "comment_date": ["04/13", "15:12"], "comment_content": "害死外交官的垃圾"}, {"comment_author": "cat5672", "comment_date": ["04/13", "15:12"], "comment_content": ""}, {"comment_author": "andy199113", "comment_date": ["04/13", "15:12"], "comment_content": "#idcc #綠共網軍 #外交官之死"}, {"comment_author": "echalotte", "comment_date": ["04/13", "15:13"], "comment_content": "退出？"}, {"comment_author": "imhideji", "comment_date": ["04/13", "15:16"], "comment_content": "老市長做的不錯"}, {"comment_author": "tist", "comment_date": ["04/13", "15:16"], "comment_content": "是大法官啦！"}, {"comment_author": "abobstar", "comment_date": ["04/13", "15:17"], "comment_content": "根據慣例那就是真的了"}, {"comment_author": "maxinehou", "comment_date": ["04/13", "15:18"], "comment_content": "宋七力"}, {"comment_author": "Tanjiro", "comment_date": ["04/13", "15:19"], "comment_content": "小夫的皇民化比李登輝還深怎麼會想回來"}, {"comment_author": "snsdakb48", "comment_date": ["04/13", "15:20"], "comment_content": "你也知道"}, {"comment_author": "hihimen", "comment_date": ["04/13", "15:21"], "comment_content": "現在黨國色彩比國民黨還濃了"}, {"comment_author": "jayzforfun", "comment_date": ["04/13", "15:24"], "comment_content": "在日本當老大爽爽過不好嗎"}, {"comment_author": "ibacc", "comment_date": ["04/13", "15:26"], "comment_content": "通常傳出來的89不離10了"}, {"comment_author": "vicious666", "comment_date": ["04/13", "15:27"], "comment_content": "強顏歡笑"}, {"comment_author": "alex00089", "comment_date": ["04/13", "15:28"], "comment_content": "毛股聳懶"}, {"comment_author": "q123212", "comment_date": ["04/13", "15:44"], "comment_content": "爽缺 回來被幹幹嘛？"}, {"comment_author": "dai26", "comment_date": ["04/13", "15:47"], "comment_content": "見光死了"}, {"comment_author": "Wolverin5566", "comment_date": ["04/13", "15:52"], "comment_content": "不就你們一條龍在造謠嗎"}, {"comment_author": "godchildtw", "comment_date": ["04/13", "16:20"], "comment_content": "在國外沒人管多爽，回來當部長還要被"}, {"comment_author": "godchildtw", "comment_date": ["04/13", "16:20"], "comment_content": "立委們質詢"}, {"comment_author": "riker729", "comment_date": ["04/13", "16:32"], "comment_content": "流放多年終於要出頭天了嗎？"}, {"comment_author": "riker729", "comment_date": ["04/13", "16:34"], "comment_content": "鄉民覺得駐外爽，但對有權力欲的人來說"}, {"comment_author": "lunatich", "comment_date": ["04/13", "16:51"], "comment_content": "七力師傳分身大法"}, {"comment_author": "nomad888", "comment_date": ["04/13", "16:56"], "comment_content": "那衝衝衝要幹麻"}, {"comment_author": "yks125", "comment_date": ["04/13", "19:31"], "comment_content": "長廷兄要是任職，我也覺得啼笑皆非"}, {"comment_author": "rZai", "comment_date": ["04/13", "20:15"], "comment_content": "笑死 民進党沒人材了喔 都是這些人"}, {"comment_author": "sthelse", "comment_date": ["04/13", "22:58"], "comment_content": "啼笑皆非? 是在催賴清德快點公佈"}]}
