{"author": "cutiehoneyzu (McHilo)", "category": "Gossiping", "title": "[新聞] 杜拜救難人員拯救受困於洪水的貓咪", "date": "Thu Apr 18 21:14:27 2024", "content": ["Heartwarming moment cat is rescued from Dubai floods after desperately clinging to door of car submerged by water杜拜大洪水，貓咪爬到車門把手被救難人員拯救每日郵報記者Taryn Pedler and Chris JewersThis is the heartwarming moment a cat was rescued from deep waters following the freak flash flooding and storms that have lashed Dubai over the last two days.這真是暖心時刻，一隻貓深陷於洪水中被救，杜拜已經好幾天遭受豪雨侵襲In footage shared to X, formerly Twitter, a black and white feline can be seen hanging onto a car door handle as flood waters lap around it.在社群軟體X,一隻賓士貓依附在被水淹沒的車門With drenched, flattened fur, the cat is filmed wide-eyed as it looks around at its rescuer - still clinging on to the submerged vehicle.被浸濕的貓，依附在車門，張著大眼不斷期待有人救牠A hero police officer makes his way through the water in a small inflatable boat until he reaches the stranded pet, before leaning over to pull it off the door.一個英勇的警員，駕著小艇，把那隻貓帶離那裡", "-----Sent from JPTT on my iPhone--"], "post_comment": [{"comment_author": "felixden", "comment_date": ["04/18", "21:14"], "comment_content": "貓貓可愛"}, {"comment_author": "saber0408", "comment_date": ["04/18", "21:14"], "comment_content": "某老師的卯咪"}, {"comment_author": "azeroth", "comment_date": ["04/18", "21:15"], "comment_content": "貓貓可愛"}, {"comment_author": "wpd", "comment_date": ["04/18", "21:16"], "comment_content": "笑死  杜拜看來也只是金玉其外"}, {"comment_author": "callhek", "comment_date": ["04/18", "21:17"], "comment_content": "仇貓仔：浪費資源"}, {"comment_author": "jimmy0316", "comment_date": ["04/18", "21:21"], "comment_content": "伊斯蘭國家 貓很神聖吧"}, {"comment_author": "huiyin220923", "comment_date": ["04/18", "21:22"], "comment_content": "下個雨就跟台北一樣淹水"}, {"comment_author": "anjackie45", "comment_date": ["04/18", "21:38"], "comment_content": "貓貓可愛"}, {"comment_author": "yumika", "comment_date": ["04/18", "23:02"], "comment_content": "酸民表示浪費資源"}]}
