{"author": "iolcst (iolcst)", "category": "Gossiping", "title": "[新聞] 銘記威權歷史的傷痛！陳建仁：行政院已", "date": "Thu Apr 18 12:17:01 2024", "content": ["1.媒體來源:三立新聞網2.記者署名:盧素梅／台北報導3.完整新聞標題:銘記威權歷史的傷痛！陳建仁：行政院已核定「519白色恐怖記憶日」4.完整新聞內文:由多名政治受難者及民間團體發起「519白色恐怖記憶日」，行政院長陳建仁今（18）日在行政院會上表示，在蔡英文總統指示下，行政院已在上周核定上周已核定「519白色恐怖記憶日」，並指示文化部等相關單位辦理有關活動。由於新台灣和平基金會、政治受難者關懷協會、政治受難者及家屬、專家學者倡議設立「519白色恐怖記憶日」，總統蔡英文在３月21日接見倡議團體時表示，當我們回顧過去，二二八事件是歷史的傷痕，而從1949年5月19日頒布、隔天零時開始實施的戒嚴，是影響台灣民主發展最為深遠的一段歲月。因此，「519白色恐怖記憶日」的倡議，不只是記憶或緬懷，也是要讓下一代銘記威權統治的這段歷史，也提醒我們要將民主前輩的奮鬥精神，繼續傳承下去。她當時承諾，會請行政部門依照紀念日及節日實施辦法仔細研議，也期待前輩們持續提供寶貴意見。行政院發言人林子倫上午在院會後記者會上轉述，陳建仁表示，在蔡英文指示下，行政院已在上周核定，希望銘記威權歷史的傷痛，讓悲劇不再重演。5.完整新聞連結 (或短網址)不可用YAHOO、LINE、MSN等轉載媒體:", "6.備註:花稅金給這些人發薪水，用來成天製造對立，沒其他正經事可幹?--"], "post_comment": [{"comment_author": "ivorysoap", "comment_date": ["04/18", "12:17"], "comment_content": "有放假嗎如果沒有的話就是放屁"}, {"comment_author": "ivorysoap", "comment_date": ["04/18", "12:18"], "comment_content": "有228還要519到底還要訂多少纪念日？"}, {"comment_author": "nikewang", "comment_date": ["04/18", "12:18"], "comment_content": "沒放假嗎?"}, {"comment_author": "dean1990", "comment_date": ["04/18", "12:18"], "comment_content": "笑死，228還不夠嗎"}, {"comment_author": "zixiang", "comment_date": ["04/18", "12:19"], "comment_content": "嫌228還不夠多 現在多弄一天是怎樣"}, {"comment_author": "matico", "comment_date": ["04/18", "12:19"], "comment_content": "有放假的話補推"}, {"comment_author": "js6661212", "comment_date": ["04/18", "12:19"], "comment_content": "所以能幹嘛 選舉再抬一次棺？"}, {"comment_author": "ReiFan", "comment_date": ["04/18", "12:19"], "comment_content": "聰明  這才是文化部的正確用法"}, {"comment_author": "zixiang", "comment_date": ["04/18", "12:19"], "comment_content": "你完全執政都不解密 你現在是幹三小"}, {"comment_author": "qday", "comment_date": ["04/18", "12:19"], "comment_content": "綠色恐怖紀念日呢"}, {"comment_author": "kkjjrtlym", "comment_date": ["04/18", "12:19"], "comment_content": "笑死 228提款機不夠用惹?????????"}, {"comment_author": "zixiang", "comment_date": ["04/18", "12:19"], "comment_content": "你說這政黨滿腦子不是政治操作是甚麼"}, {"comment_author": "taot917", "comment_date": ["04/18", "12:19"], "comment_content": "綠色恐怖紀念日"}, {"comment_author": "jobli", "comment_date": ["04/18", "12:20"], "comment_content": "228一天 519再一天"}, {"comment_author": "jobli", "comment_date": ["04/18", "12:20"], "comment_content": "果然是要求軍中要退轉型正義的部長"}, {"comment_author": "botnet", "comment_date": ["04/18", "12:21"], "comment_content": "要不要放假 講一聲"}, {"comment_author": "chanel1259", "comment_date": ["04/18", "12:21"], "comment_content": "全年都恐怖啦"}, {"comment_author": "keyneslan", "comment_date": ["04/18", "12:22"], "comment_content": "天天都是傷痛"}, {"comment_author": "jinnij03879", "comment_date": ["04/18", "12:22"], "comment_content": "放假啊 有種放啊"}, {"comment_author": "vvrr", "comment_date": ["04/18", "12:22"], "comment_content": "有放假的話還不錯，沒放就算了"}, {"comment_author": "wasiayang", "comment_date": ["04/18", "12:23"], "comment_content": "綠色恐怖紀念日"}, {"comment_author": "Loudway", "comment_date": ["04/18", "12:24"], "comment_content": "未來可以再加個政黨輪替紀念日"}, {"comment_author": "omoideomoi", "comment_date": ["04/18", "12:24"], "comment_content": "天天都民主紀念日算了"}, {"comment_author": "dw1293", "comment_date": ["04/18", "12:28"], "comment_content": "民主提款機+1"}, {"comment_author": "babuarea", "comment_date": ["04/18", "12:29"], "comment_content": "選票提款紀念日"}, {"comment_author": "chanollili", "comment_date": ["04/18", "12:30"], "comment_content": "3+11滅亡日"}, {"comment_author": "spring53287", "comment_date": ["04/18", "12:31"], "comment_content": "大選投票改成228號才會爽啦"}, {"comment_author": "morris9795", "comment_date": ["04/18", "12:32"], "comment_content": "北七 那是什麼母豬自慰日"}, {"comment_author": "neoa01", "comment_date": ["04/18", "12:32"], "comment_content": "綠色恐怖呢"}, {"comment_author": "widec", "comment_date": ["04/18", "12:32"], "comment_content": "近年最威權的莫過於疫情指揮官陳時中了"}, {"comment_author": "widec", "comment_date": ["04/18", "12:32"], "comment_content": "跨越憲法的存在"}, {"comment_author": "borhom", "comment_date": ["04/18", "12:35"], "comment_content": "3月11日也記念一下3+11好嗎？死的比228多"}, {"comment_author": "borhom", "comment_date": ["04/18", "12:35"], "comment_content": "欸。"}, {"comment_author": "meryl0601", "comment_date": ["04/18", "12:36"], "comment_content": "沒放假的節日跟陳建仁一樣沒用"}, {"comment_author": "orz151426", "comment_date": ["04/18", "12:38"], "comment_content": "又在搞新花樣，上次一個什麼民主紀念日"}, {"comment_author": "orz151426", "comment_date": ["04/18", "12:39"], "comment_content": "邀請一堆民進黨的黨職去演講"}, {"comment_author": "reenoip", "comment_date": ["04/18", "12:39"], "comment_content": ":"}, {"comment_author": "simon9331", "comment_date": ["04/18", "12:44"], "comment_content": "要走人了還拉坨屎，這就是了。"}, {"comment_author": "hoho5410", "comment_date": ["04/18", "12:48"], "comment_content": "綠共成軍紀念日呢"}, {"comment_author": "srx080578", "comment_date": ["04/18", "12:52"], "comment_content": "北七 幹您娘"}, {"comment_author": "zzzzzzzzzzzy", "comment_date": ["04/18", "12:55"], "comment_content": "好哦，順便520訂為綠畜恐怖記憶日"}, {"comment_author": "atari77", "comment_date": ["04/18", "12:55"], "comment_content": "玉井大屠殺死幾萬人不用紀念嗎 日據時代"}, {"comment_author": "atari77", "comment_date": ["04/18", "12:56"], "comment_content": "台灣人的命不值錢是不是"}, {"comment_author": "bloodmickey", "comment_date": ["04/18", "13:34"], "comment_content": "會比馬路上的法會還多嗎"}, {"comment_author": "kamisanma", "comment_date": ["04/18", "13:37"], "comment_content": "低能？"}]}
