{"author": "GOD5566GOD (o'_'o)", "category": "Gossiping", "title": "[新聞] 嘉義4月已19震「不尋常」 專家示警：防範", "date": "Sat Apr 13 10:22:58 2024", "content": ["嘉義4月已19震「不尋常」 專家示警：防範更大地震10:09 2024/04/13 中時新聞網 方翊倩嘉義縣昨天深夜起至今天清晨接連發生8起極淺層地震，當地居民嚇得整夜不敢睡覺，中央氣象署地震中心前主任郭鎧紋表示，嘉義地區4月已發生19起地震，今天次數竟比花蓮還多，很不尋常，推測可能是能量緩和釋放，但也不排除出現較大地震，建議民眾仍要加強防範。嘉義連續8起地震，其中凌晨2點44分規模4.9最大，地震深度僅10.4公里，最大震度嘉義4級，新竹以南及花東地區等14縣市都有感；其他7起地震規模都在3以上，最大震度3到4級。氣象署地震中心表示，地震原因是當地構造造成，預估未來3到5天仍有規模3到4餘震，這起地震和梅山構造無關，民眾不用太擔心。根據《ETtoday新聞雲》報導，郭鎧紋表示，嘉義4月份已發生19起地震，今天次數甚至比花蓮多，「等於是豬羊變色，感覺很不尋常」。他說初步看來，未來地震活動比較可能是能量緩和釋放再慢慢平息，不過這起地震附近過去也發生過強震，因此仍不排除有更大地震。--"], "post_comment": [{"comment_author": "YLTYY", "comment_date": ["04/13", "10:23"], "comment_content": "救命"}, {"comment_author": "t4lin", "comment_date": ["04/13", "10:24"], "comment_content": "嘉義只想到那間有故事的凶宅"}, {"comment_author": "dai26", "comment_date": ["04/13", "10:25"], "comment_content": "不可以毀了好不容易護國神山建立的房價，"}, {"comment_author": "dai26", "comment_date": ["04/13", "10:25"], "comment_content": "請盡快召開祈福儀式"}, {"comment_author": "jackycheny", "comment_date": ["04/13", "10:26"], "comment_content": "怕屁，咱有菸皇護衛軍"}, {"comment_author": "chu", "comment_date": ["04/13", "10:26"], "comment_content": "挖靠 房價又要噴了"}, {"comment_author": "TKjoe619", "comment_date": ["04/13", "10:28"], "comment_content": "有台積電，不怕"}, {"comment_author": "desolate", "comment_date": ["04/13", "10:28"], "comment_content": "可能緩和...也可能大地震  馬的通篇廢話"}, {"comment_author": "distantblc", "comment_date": ["04/13", "10:28"], "comment_content": "RRRR"}, {"comment_author": "mopigou", "comment_date": ["04/13", "10:28"], "comment_content": "怎麼防範?"}, {"comment_author": "orfan", "comment_date": ["04/13", "10:31"], "comment_content": "星座大師 印度神童 現在敢直接講日期嗎?"}, {"comment_author": "whiteflora6", "comment_date": ["04/13", "10:32"], "comment_content": "咱有護國神山"}, {"comment_author": "andy199113", "comment_date": ["04/13", "10:40"], "comment_content": "台積電 不怕"}, {"comment_author": "babbyface", "comment_date": ["04/13", "10:42"], "comment_content": "下面那篇叫民眾不用過分擔心。這篇講得"}, {"comment_author": "babbyface", "comment_date": ["04/13", "10:43"], "comment_content": "不尋常。專家有露臉嗎？"}, {"comment_author": "HellFly", "comment_date": ["04/13", "10:46"], "comment_content": "郭鎧紋以前就是氣象局的啊，他說他以前在"}, {"comment_author": "HellFly", "comment_date": ["04/13", "10:47"], "comment_content": "氣象局都是講的很保守，是現在退休了才能"}, {"comment_author": "HellFly", "comment_date": ["04/13", "10:47"], "comment_content": "說一些自己想法"}, {"comment_author": "HellFly", "comment_date": ["04/13", "10:48"], "comment_content": "事實是真的很不尋常，但也不代表馬上就要"}, {"comment_author": "HellFly", "comment_date": ["04/13", "10:49"], "comment_content": "大地震，所以注意就好，不要過分擔心"}, {"comment_author": "azeroth", "comment_date": ["04/13", "10:49"], "comment_content": "= =幹!"}, {"comment_author": "suhaw", "comment_date": ["04/13", "11:48"], "comment_content": "防什麼？讓房子浮起來嗎？"}]}
