{"author": "TopGun2 (Top Gun 貳)", "category": "Gossiping", "title": "[新聞] 高雄火車站商圈仍沒落。店家吐心聲", "date": "Fri Apr 12 08:22:51 2024", "content": ["表參道計畫提3年 藍綠議員齊質疑：高雄火車站商圈仍沒落！店家吐心聲2024/04/10 20:54記者林昱孜／高雄報導", "高雄火車站整修工程持續超過20年，市府仿日本表參道進行車站周邊活化，但如今附近店家卻滿滿的出租、出售；多位議員對於「高雄表參道計畫」提出質疑，認為已經3年了，卻只看得到計畫，看不到實質內容。對此，經發局長廖泰翔昨在議會答詢表示，火車站空橋、兩棟大樓等硬體陸續建設完成，今年度爭取3000萬元硬體經費，以表參道周遭商圈為主。民進黨市議員何權峰表示，高雄火車站周遭商圈整合以及表參道計畫討論許久，「看似計畫還在，但具體進展與實際內容都沒看到？」；基進黨市議員張博洋指出，周邊透天房價行情3年已翻倍卻有行無市，許多業者擔心車站旅客，轉運後直接出站，人流無法導入商圈，因此承租意願不高，建議建立「高雄品牌」，在明年高雄車站啟用時，將人流、車流、商家通通找回來。「表參道計畫與商圈整合規劃在哪？」，國民黨市議員黃香菽說，沒看到具體內容，每一個商圈都是各自在做，高雄唯一能集合這麼多商圈的地方就是高雄車站周邊，經發局應該加強輔道力道，立刻規劃。對此，經發局長廖泰翔答詢，市府持續針對相關計畫追蹤，經發局也共同協助台鐵招商，今年度已爭取到3000萬硬體規劃經費，以表參道周遭商圈為主。廖泰翔指出，另在整體活動與經費也希望以表參道周遭商圈為主，以去年度舉辦的聖誕生活節三鳳中街彩繪活動為例，都以此為主軸，寧年度會有整合計畫，將商圈串連。多位議員提出質疑，但一名在新堀江開店多年的業者表示，電商興起跟疫情，是這幾年面臨的最大挑戰，但也感受到市府積極振興商圈的努力，「像是之前有一場台日咖哩祭的活動，聽有去擺攤的朋友說，原本的備料瞬間秒殺，還不得不就近緊急調白飯過來，生意有夠好。」，參加活動的民眾，外溢到自己的店面，對業績也有幫助。該名業者表示，萬聖節的遊行活動，是印象中第一次看到這麼多年輕家庭，在五福路上這麼歡樂，自己還特別去進貨小朋友喜歡的氣球、螢光棒跟礦泉水、點心。「小朋友體力比較不好，走一走累了，就會跟爸爸媽媽吵著說要休息，我批的貨就會吸引他們的注意力，你也知道，小朋友吵著要，爸爸媽媽多半就會屈服  」，他也期待市府能推出更多類似著提活動，讓這一帶更繁榮。--暖幸福高雄  向前飛行  高雄表參道輕軌 駁二 演唱會 足已", "----Sent from", "on my Samsung SM-S9180--"], "post_comment": [{"comment_author": "snow3804", "comment_date": ["04/12", "08:23"], "comment_content": "爭取3000萬元硬體經費,又3000萬"}, {"comment_author": "syntax123", "comment_date": ["04/12", "08:23"], "comment_content": "表參道：名譽被害"}, {"comment_author": "syldsk", "comment_date": ["04/12", "08:25"], "comment_content": "啊就沒高鐵站，當然沒人潮"}, {"comment_author": "L1ON", "comment_date": ["04/12", "08:26"], "comment_content": "可憐"}, {"comment_author": "hw1", "comment_date": ["04/12", "08:26"], "comment_content": "暖"}, {"comment_author": "doig", "comment_date": ["04/12", "08:27"], "comment_content": "暖。高雄的好，我們知道"}, {"comment_author": "doig", "comment_date": ["04/12", "08:27"], "comment_content": ""}, {"comment_author": "doig", "comment_date": ["04/12", "08:27"], "comment_content": ""}, {"comment_author": "fedona", "comment_date": ["04/12", "08:28"], "comment_content": "蚊子建設，高雄日常"}, {"comment_author": "VVizZ", "comment_date": ["04/12", "08:28"], "comment_content": "高雄車站真的是難得一見的大路障"}, {"comment_author": "bruce511239", "comment_date": ["04/12", "08:29"], "comment_content": "沒放邁邁銅像 當然沒落"}, {"comment_author": "VVizZ", "comment_date": ["04/12", "08:29"], "comment_content": "明明可以設計成3樓架高平台讓底下車流"}, {"comment_author": "VVizZ", "comment_date": ["04/12", "08:30"], "comment_content": "順一點的"}, {"comment_author": "VVizZ", "comment_date": ["04/12", "08:30"], "comment_content": "就算不架高也可以做直線的地下道讓車過"}, {"comment_author": "VVizZ", "comment_date": ["04/12", "08:30"], "comment_content": "然後客運轉運站設在地下"}, {"comment_author": "paul26277", "comment_date": ["04/12", "08:31"], "comment_content": "火車站前面給台積電設廠就好了啊"}, {"comment_author": "VVizZ", "comment_date": ["04/12", "08:31"], "comment_content": "高雄蓋了很多漂亮的東西 最醜的就是這個新"}, {"comment_author": "VVizZ", "comment_date": ["04/12", "08:31"], "comment_content": "站 不知道當時決策的人是不是頭撞到"}, {"comment_author": "mopigou", "comment_date": ["04/12", "08:31"], "comment_content": "叫台積電去車站設廠就漲拉"}, {"comment_author": "Arjui", "comment_date": ["04/12", "08:32"], "comment_content": "3000萬...沒有長遠性的規劃，這3000萬也是"}, {"comment_author": "MrUncle", "comment_date": ["04/12", "08:33"], "comment_content": "笑死，還想當表參道咧，有種就先好好取締"}, {"comment_author": "MrUncle", "comment_date": ["04/12", "08:33"], "comment_content": "人行道上的違停違駛，還有把騎樓都整平"}, {"comment_author": "MrUncle", "comment_date": ["04/12", "08:33"], "comment_content": "之後再來說吧"}, {"comment_author": "Arjui", "comment_date": ["04/12", "08:33"], "comment_content": "短期活動帶來的人，活動沒了人潮又散了"}, {"comment_author": "abobstar", "comment_date": ["04/12", "08:36"], "comment_content": "那地方沒高鐵就註定悲劇了"}, {"comment_author": "momo3921d", "comment_date": ["04/12", "08:36"], "comment_content": "滿滿的出租也能怪市府，小草好了啦"}, {"comment_author": "kinghtt", "comment_date": ["04/12", "08:39"], "comment_content": "商圈影響二十年，沒有培養客人就沒生意"}, {"comment_author": "kinghtt", "comment_date": ["04/12", "08:39"], "comment_content": "現在又是網購為主，更難培養新客群"}, {"comment_author": "piyobearman", "comment_date": ["04/12", "08:40"], "comment_content": "早就沒救了 騎樓人行道那鳥樣"}, {"comment_author": "hikaru77613", "comment_date": ["04/12", "08:40"], "comment_content": "高鐵沒來就已經注定失敗了…"}, {"comment_author": "AoWsL", "comment_date": ["04/12", "08:40"], "comment_content": "京站旁邊有商辦 公家機關 住戶 轉運站 平日"}, {"comment_author": "AoWsL", "comment_date": ["04/12", "08:40"], "comment_content": "生意支撐，高雄車站旁邊有甚麼？"}, {"comment_author": "pigofwind", "comment_date": ["04/12", "08:42"], "comment_content": "那動線智障到不行，你實際走一次就知道"}, {"comment_author": "pigofwind", "comment_date": ["04/12", "08:42"], "comment_content": "為什麼人這麼少了"}, {"comment_author": "iComeInPeace", "comment_date": ["04/12", "08:42"], "comment_content": "先把人行道的停車位全撤掉再來談"}, {"comment_author": "amALu", "comment_date": ["04/12", "08:43"], "comment_content": "沒規劃客運轉運站 周邊就卡一堆客運"}, {"comment_author": "neoa01", "comment_date": ["04/12", "08:43"], "comment_content": "自己選的啊  光榮高雄"}, {"comment_author": "kikoro482", "comment_date": ["04/12", "08:43"], "comment_content": "最失敗的策略就是高鐵沒到"}, {"comment_author": "fulongb210f", "comment_date": ["04/12", "08:43"], "comment_content": "搞自己的特色啊，什麼表參道"}, {"comment_author": "OK8066889", "comment_date": ["04/12", "08:44"], "comment_content": "高雄車站旁邊有外籍勞工們阿"}, {"comment_author": "zweihander99", "comment_date": ["04/12", "08:44"], "comment_content": "是你自己不努力，難道要換回韓導嗎"}, {"comment_author": "cherrybabe", "comment_date": ["04/12", "08:44"], "comment_content": "高雄聖家堂 THE聖城耶路撒暖"}, {"comment_author": "fulongb210f", "comment_date": ["04/12", "08:44"], "comment_content": "不如開放賭場，結合附近九如路按摩"}, {"comment_author": "JOKO58802218", "comment_date": ["04/12", "08:46"], "comment_content": "商圈轉移啦"}, {"comment_author": "tdkfresher", "comment_date": ["04/12", "08:46"], "comment_content": "去看屏東火車戰也一樣啊"}, {"comment_author": "hotbath", "comment_date": ["04/12", "08:47"], "comment_content": "高雄經濟最好"}, {"comment_author": "yafx4200p", "comment_date": ["04/12", "08:47"], "comment_content": "火車站本來就是到了就走的地方 幹嘛開"}, {"comment_author": "yafx4200p", "comment_date": ["04/12", "08:47"], "comment_content": "發"}, {"comment_author": "tdkfresher", "comment_date": ["04/12", "08:47"], "comment_content": "是現代消費習慣改變都不逛街了"}, {"comment_author": "tcancer", "comment_date": ["04/12", "08:47"], "comment_content": "別亂花錢在剩包頭巾就地坐的租借區上"}, {"comment_author": "s66449", "comment_date": ["04/12", "08:48"], "comment_content": "暖"}, {"comment_author": "AMADA", "comment_date": ["04/12", "08:48"], "comment_content": "人口下滑，沒年輕人，怎麼做都是假的"}, {"comment_author": "tcancer", "comment_date": ["04/12", "08:48"], "comment_content": "高雄本籍人交通重心早轉到左營了"}, {"comment_author": "killer110", "comment_date": ["04/12", "08:49"], "comment_content": "很喜歡學日本的名詞，但不知所云，表參"}, {"comment_author": "killer110", "comment_date": ["04/12", "08:49"], "comment_content": "道是去明治神社的參拜道路，到底跟高雄"}, {"comment_author": "killer110", "comment_date": ["04/12", "08:49"], "comment_content": "有什麼屁關係？是要拜菊神還是邁神"}, {"comment_author": "j65p4m3", "comment_date": ["04/12", "08:51"], "comment_content": "都是小草的錯，沒消費力又住高雄拖累經濟"}, {"comment_author": "ilsr", "comment_date": ["04/12", "08:51"], "comment_content": "週邊可搞散步露天咖啡,但這個店租嘛.."}, {"comment_author": "joe00477", "comment_date": ["04/12", "08:51"], "comment_content": "動線很失敗，去走一次就知道了"}, {"comment_author": "sid3", "comment_date": ["04/12", "08:52"], "comment_content": "看中山路不就知道了"}, {"comment_author": "joe00477", "comment_date": ["04/12", "08:52"], "comment_content": "走到底轉一個ㄇ字形彎路，然後主要高鐵"}, {"comment_author": "joe00477", "comment_date": ["04/12", "08:53"], "comment_content": "排在美麗島站"}, {"comment_author": "bbs0840738", "comment_date": ["04/12", "08:53"], "comment_content": "蓋了20年還沒蓋好 商圈沒落意外嗎？"}, {"comment_author": "bryantiswill", "comment_date": ["04/12", "08:53"], "comment_content": "暖就夠了，商圈能幹什麼吃呢"}, {"comment_author": "winiS", "comment_date": ["04/12", "08:53"], "comment_content": "工業4.0更屌，還在養野狗呢"}, {"comment_author": "sid3", "comment_date": ["04/12", "08:53"], "comment_content": "一個商圈施工20幾年是要怎麼發展  都搬光了"}, {"comment_author": "JIWP", "comment_date": ["04/12", "08:53"], "comment_content": "暖"}, {"comment_author": "r02182828", "comment_date": ["04/12", "08:54"], "comment_content": "把印度人塞過去就好了 台中火車站也是"}, {"comment_author": "r02182828", "comment_date": ["04/12", "08:54"], "comment_content": "變成外勞租借地"}, {"comment_author": "winiS", "comment_date": ["04/12", "08:54"], "comment_content": "外勞都不想待了啦，站前那幾間外勞店都收了"}, {"comment_author": "wiesley1029", "comment_date": ["04/12", "08:54"], "comment_content": "有預算就好 誰管你暖民"}, {"comment_author": "sturmpionier", "comment_date": ["04/12", "08:55"], "comment_content": "黨大手一揮 變成三億"}, {"comment_author": "bbs0840738", "comment_date": ["04/12", "08:56"], "comment_content": "台中新站比較晚開工都早你好幾年完工"}, {"comment_author": "kenco", "comment_date": ["04/12", "08:58"], "comment_content": "綠共年代經濟差 沒辦法"}, {"comment_author": "scum5566", "comment_date": ["04/12", "08:59"], "comment_content": "我說說而已 難道你們當真了??"}, {"comment_author": "scum5566", "comment_date": ["04/12", "08:59"], "comment_content": "股市上兩萬了 哥布林怎麼不去消費?"}, {"comment_author": "FentiC", "comment_date": ["04/12", "09:00"], "comment_content": "一定是捷運跟輕軌蓋不夠多，再追加5000億"}, {"comment_author": "FentiC", "comment_date": ["04/12", "09:00"], "comment_content": "預算，繼續蓋"}, {"comment_author": "f771208", "comment_date": ["04/12", "09:01"], "comment_content": "車站出口都在裡面,過個馬路都超危險"}, {"comment_author": "fju0911", "comment_date": ["04/12", "09:01"], "comment_content": "不管啦，繼續支持党就對了！"}, {"comment_author": "f771208", "comment_date": ["04/12", "09:01"], "comment_content": "說真的,大家逛街或買東西幾乎都望了那邊"}, {"comment_author": "STi2011", "comment_date": ["04/12", "09:02"], "comment_content": "唱衰高雄滾出去"}, {"comment_author": "tinlovebi", "comment_date": ["04/12", "09:04"], "comment_content": "沒救了 不要浪費錢"}, {"comment_author": "kings0904", "comment_date": ["04/12", "09:05"], "comment_content": "認真回 當初把高鐵規劃進高雄車站"}, {"comment_author": "achun1212", "comment_date": ["04/12", "09:05"], "comment_content": "自己選的"}, {"comment_author": "tinlovebi", "comment_date": ["04/12", "09:05"], "comment_content": "沒高鐵共構就輸了一半"}, {"comment_author": "kings0904", "comment_date": ["04/12", "09:05"], "comment_content": "就解決了"}, {"comment_author": "huckebein12", "comment_date": ["04/12", "09:05"], "comment_content": "回歸市場機制，沒落就是缺乏競爭力"}, {"comment_author": "a0913", "comment_date": ["04/12", "09:05"], "comment_content": "高鐵沒進去直接死去 商圈轉移了"}, {"comment_author": "Ron51320", "comment_date": ["04/12", "09:06"], "comment_content": "沒高鐵暖市就為了炒地皮"}, {"comment_author": "winiS", "comment_date": ["04/12", "09:06"], "comment_content": "講得好像左營站旁邊有商圈一樣，沒救了啦"}, {"comment_author": "tinlovebi", "comment_date": ["04/12", "09:07"], "comment_content": "要怪就怪40%撐不起高雄商圈"}, {"comment_author": "Thorvs", "comment_date": ["04/12", "09:08"], "comment_content": "暖就夠滿意了，不懂別亂說"}, {"comment_author": "wate5566", "comment_date": ["04/12", "09:08"], "comment_content": "表參道 京都都被南部人吃豆腐 沒有自己"}, {"comment_author": "wate5566", "comment_date": ["04/12", "09:08"], "comment_content": "的特色只好蹭日本 自卑感太重了吧?"}, {"comment_author": "jaceda", "comment_date": ["04/12", "09:09"], "comment_content": "媽的股市不是都兩萬點?整天哀北靠目"}, {"comment_author": "aa9012", "comment_date": ["04/12", "09:10"], "comment_content": "把演唱會搬到火車站"}, {"comment_author": "BILLBOARDS", "comment_date": ["04/12", "09:10"], "comment_content": "民進黨真糟糕"}, {"comment_author": "mxr", "comment_date": ["04/12", "09:10"], "comment_content": "我們高雄人有演唱會就夠了！"}, {"comment_author": "tinlovebi", "comment_date": ["04/12", "09:10"], "comment_content": "高雄沒落跟小草有什麼關係？ 忘了高雄"}, {"comment_author": "tinlovebi", "comment_date": ["04/12", "09:11"], "comment_content": "是40%大本營嗎？"}, {"comment_author": "AIRWAY1021", "comment_date": ["04/12", "09:11"], "comment_content": "表個頭，是有神社給你拜喔？"}, {"comment_author": "catking015", "comment_date": ["04/12", "09:11"], "comment_content": "反正到時候再哭重北輕南，對不起高雄"}, {"comment_author": "catking015", "comment_date": ["04/12", "09:11"], "comment_content": "人，統籌分配款，又可以大撒幣"}, {"comment_author": "mxr", "comment_date": ["04/12", "09:12"], "comment_content": "40趴的薪水都拿去繳房租惹QQ"}, {"comment_author": "exceedMyself", "comment_date": ["04/12", "09:13"], "comment_content": "北漂仔快回來消費"}, {"comment_author": "belion", "comment_date": ["04/12", "09:13"], "comment_content": "韓導下...喔，不，已換市長，沒事了"}, {"comment_author": "tonykingtwo", "comment_date": ["04/12", "09:14"], "comment_content": "人都在左營吧"}, {"comment_author": "crazydj", "comment_date": ["04/12", "09:15"], "comment_content": "40%說經濟最好 連高雄都救不起來XD"}, {"comment_author": "bicedb", "comment_date": ["04/12", "09:17"], "comment_content": "高雄人比較適合這種生活"}, {"comment_author": "Hiiragi", "comment_date": ["04/12", "09:18"], "comment_content": "商圈有台灣價值就夠了"}, {"comment_author": "ALDNOAH5566", "comment_date": ["04/12", "09:18"], "comment_content": "沒高鐵沒用啦"}, {"comment_author": "leeyeah", "comment_date": ["04/12", "09:18"], "comment_content": "蓋太久了 動線又亂 人潮早就散掉回不去"}, {"comment_author": "plokm1221", "comment_date": ["04/12", "09:19"], "comment_content": "因為不能違停很麻煩啊 是吧"}, {"comment_author": "kilhi", "comment_date": ["04/12", "09:19"], "comment_content": "演唱會辦得不夠多"}, {"comment_author": "timeaftime", "comment_date": ["04/12", "09:19"], "comment_content": ""}, {"comment_author": "timeaftime", "comment_date": ["04/12", "09:19"], "comment_content": "內政部認證："}, {"comment_author": "timeaftime", "comment_date": ["04/12", "09:20"], "comment_content": "雙北 桃園 新竹 台中實居[遠超]戶籍"}, {"comment_author": "timeaftime", "comment_date": ["04/12", "09:20"], "comment_content": "反觀"}, {"comment_author": "timeaftime", "comment_date": ["04/12", "09:20"], "comment_content": "高雄實居[少]戶籍最多"}, {"comment_author": "timeaftime", "comment_date": ["04/12", "09:20"], "comment_content": "人民笑噴"}, {"comment_author": "Jin63916", "comment_date": ["04/12", "09:20"], "comment_content": "暖"}, {"comment_author": "punzz", "comment_date": ["04/12", "09:21"], "comment_content": "先把外勞趕走好嗎"}, {"comment_author": "timeaftime", "comment_date": ["04/12", "09:21"], "comment_content": "高雄式：嘴狂吹 腳狂逃 歹丸NO.1"}, {"comment_author": "timeaftime", "comment_date": ["04/12", "09:21"], "comment_content": "暖爆"}, {"comment_author": "newcsie68", "comment_date": ["04/12", "09:21"], "comment_content": "工程都用20年 附近商圈是能好到哪裡去"}, {"comment_author": "newcsie68", "comment_date": ["04/12", "09:21"], "comment_content": " 大家都去左營了"}, {"comment_author": "asuna0430", "comment_date": ["04/12", "09:21"], "comment_content": "經濟20年來最好 自己不努力怪誰"}, {"comment_author": "dai26", "comment_date": ["04/12", "09:22"], "comment_content": "不愧是三立，高雄人自己爽就好"}, {"comment_author": "kkjjrtlym", "comment_date": ["04/12", "09:23"], "comment_content": "隨便啦 台積雷在多蓋幾座就有人惹^^"}, {"comment_author": "dai26", "comment_date": ["04/12", "09:23"], "comment_content": "事實就是下火車後就轉捷運或是家人接走了"}, {"comment_author": "dai26", "comment_date": ["04/12", "09:23"], "comment_content": "，一堆北漂仔回家鄉，還跟你逛車站商圈？"}, {"comment_author": "dai26", "comment_date": ["04/12", "09:23"], "comment_content": "笑死人"}, {"comment_author": "xxx5566xxx", "comment_date": ["04/12", "09:23"], "comment_content": "這篇沒有臺灣價值"}, {"comment_author": "andye215", "comment_date": ["04/12", "09:23"], "comment_content": "笑死我記得之前沒落是那個可怕的租金吧"}, {"comment_author": "dai26", "comment_date": ["04/12", "09:24"], "comment_content": "GG仔活動範圍也是在左營站，去高雄車站幹"}, {"comment_author": "dai26", "comment_date": ["04/12", "09:24"], "comment_content": "嘛"}, {"comment_author": "justiceyes", "comment_date": ["04/12", "09:24"], "comment_content": "看來都是中央金援不夠，又可以要錢嘍"}, {"comment_author": "ss880702ss", "comment_date": ["04/12", "09:25"], "comment_content": "張伯陽不就吃狗食那個"}, {"comment_author": "dai26", "comment_date": ["04/12", "09:25"], "comment_content": "商圈廢掉之前其實都是賺補習學生的錢，動"}, {"comment_author": "dai26", "comment_date": ["04/12", "09:25"], "comment_content": "漫商品一堆，光南玫瑰每天人來人往，現在"}, {"comment_author": "dai26", "comment_date": ["04/12", "09:26"], "comment_content": "誰在逛車站，一堆補習班都跑啦！"}, {"comment_author": "anachronism", "comment_date": ["04/12", "09:26"], "comment_content": "大財團都去重劃區炒房經營商場"}, {"comment_author": "bacteria2014", "comment_date": ["04/12", "09:27"], "comment_content": "高雄火車站那麼冷清，連外勞都不去"}, {"comment_author": "bacteria2014", "comment_date": ["04/12", "09:28"], "comment_content": "好好的道路被弄成巨大圓環"}, {"comment_author": "k1025hung", "comment_date": ["04/12", "09:29"], "comment_content": ""}, {"comment_author": "qk3380888", "comment_date": ["04/12", "09:29"], "comment_content": "炒完就高割離席了"}, {"comment_author": "dai26", "comment_date": ["04/12", "09:30"], "comment_content": "而且你高雄哪來一堆國外觀光客來撐商圈，"}, {"comment_author": "dai26", "comment_date": ["04/12", "09:30"], "comment_content": "台灣人沒事逛車站商圈？笑死"}, {"comment_author": "radi035", "comment_date": ["04/12", "09:30"], "comment_content": "重點是党的人發大財，管你商圈死透？自"}, {"comment_author": "radi035", "comment_date": ["04/12", "09:30"], "comment_content": "己選擇的"}, {"comment_author": "dai26", "comment_date": ["04/12", "09:31"], "comment_content": "特色是啥？河南河北流鶯一條街？連流鶯都"}, {"comment_author": "dai26", "comment_date": ["04/12", "09:31"], "comment_content": "跑啦！"}, {"comment_author": "GGINDOWBOW", "comment_date": ["04/12", "09:31"], "comment_content": "亂講 台股兩萬 經濟30拈來最好"}, {"comment_author": "prayer513", "comment_date": ["04/12", "09:32"], "comment_content": "高雄表參道www 繼續吹啊哈哈"}, {"comment_author": "dofine", "comment_date": ["04/12", "09:32"], "comment_content": "不會講行政院長下來看一下，就有幾十億"}, {"comment_author": "QooSnow", "comment_date": ["04/12", "09:32"], "comment_content": "暖市又老又窮。"}, {"comment_author": "gibson72", "comment_date": ["04/12", "09:32"], "comment_content": "管他沒落 先炒房啦"}, {"comment_author": "cfesun", "comment_date": ["04/12", "09:33"], "comment_content": "綠粉無視"}, {"comment_author": "rb79", "comment_date": ["04/12", "09:37"], "comment_content": "不是屌打台北台中嗎？說好的回高雄工作呢？"}, {"comment_author": "jay0215", "comment_date": ["04/12", "09:38"], "comment_content": "暖市暖事！"}, {"comment_author": "alex00089", "comment_date": ["04/12", "09:40"], "comment_content": "尻唄現在都百貨公司化了啊"}, {"comment_author": "bbc0217", "comment_date": ["04/12", "09:42"], "comment_content": ""}, {"comment_author": "Haruna1998", "comment_date": ["04/12", "09:42"], "comment_content": "有高鐵我會很常去 幹你每次要搭高鐵"}, {"comment_author": "Haruna1998", "comment_date": ["04/12", "09:42"], "comment_content": "都要跑到左營站= ="}, {"comment_author": "zombleflcon", "comment_date": ["04/12", "09:44"], "comment_content": "聖誕節的表參道 最好沒人氣啦 3天20"}, {"comment_author": "zombleflcon", "comment_date": ["04/12", "09:44"], "comment_content": "萬人"}, {"comment_author": "IsoRoy", "comment_date": ["04/12", "09:44"], "comment_content": "民主聖地暖就夠了"}, {"comment_author": "antineutrino", "comment_date": ["04/12", "09:44"], "comment_content": "幸福城市 不要不信"}, {"comment_author": "rommel1990", "comment_date": ["04/12", "09:45"], "comment_content": "現在鬧區都搬去巨蛋那裡了"}, {"comment_author": "superww", "comment_date": ["04/12", "09:46"], "comment_content": "都在開發北高雄 南高雄被放生很久了"}, {"comment_author": "astrofluket6", "comment_date": ["04/12", "09:47"], "comment_content": "前市長又老又窮"}, {"comment_author": "macair", "comment_date": ["04/12", "09:47"], "comment_content": "高鐵不進高雄車站就是知道命運如此了，將"}, {"comment_author": "macair", "comment_date": ["04/12", "09:47"], "comment_content": "來也只剩外勞一條街了"}, {"comment_author": "niniikoski", "comment_date": ["04/12", "09:47"], "comment_content": "人家這八年經費補助拿好拿滿，確實屌"}, {"comment_author": "dai26", "comment_date": ["04/12", "09:47"], "comment_content": "那個水溝弄得漂漂亮亮又怎樣，當地阿北在"}, {"comment_author": "niniikoski", "comment_date": ["04/12", "09:47"], "comment_content": "打台中桃園雙北"}, {"comment_author": "dai26", "comment_date": ["04/12", "09:48"], "comment_content": "散步，哈"}, {"comment_author": "kimono1022", "comment_date": ["04/12", "09:48"], "comment_content": "高鐵到底為什麼不進啊= ="}, {"comment_author": "zgccgz", "comment_date": ["04/12", "09:49"], "comment_content": "只能靠雄中了~ 幸好雄中不會遷校~"}, {"comment_author": "moocow", "comment_date": ["04/12", "09:49"], "comment_content": "過錯推給國民黨就好了"}, {"comment_author": "kimono1022", "comment_date": ["04/12", "09:50"], "comment_content": "從小蓋到大 真的看不懂有什麼困難"}, {"comment_author": "foreverFF", "comment_date": ["04/12", "09:52"], "comment_content": "新竹火車站表示"}, {"comment_author": "sheep922420", "comment_date": ["04/12", "09:54"], "comment_content": "高雄表參道"}, {"comment_author": "maxim755", "comment_date": ["04/12", "09:58"], "comment_content": "可年南部人 繼續暖阿 呵"}, {"comment_author": "ma081886", "comment_date": ["04/12", "10:01"], "comment_content": "笑死榮耀港都最會辦演唱會的 怎麼會沒"}, {"comment_author": "ma081886", "comment_date": ["04/12", "10:01"], "comment_content": "落"}, {"comment_author": "f771208", "comment_date": ["04/12", "10:01"], "comment_content": "一直提高鐵,臺中火車站也沒高鐵捏"}, {"comment_author": "supertalker", "comment_date": ["04/12", "10:04"], "comment_content": "亂講，那麼多演唱會周周辦，不許你們"}, {"comment_author": "supertalker", "comment_date": ["04/12", "10:04"], "comment_content": "提高雄的壞話"}, {"comment_author": "dogdream", "comment_date": ["04/12", "10:07"], "comment_content": "翻譯：我要更多＄"}, {"comment_author": "gin10791", "comment_date": ["04/12", "10:08"], "comment_content": "3000萬不知道多少跑進別人口袋"}, {"comment_author": "nxuanr", "comment_date": ["04/12", "10:08"], "comment_content": "陳哲男是貪污犯"}, {"comment_author": "rock123520", "comment_date": ["04/12", "10:10"], "comment_content": "==== 高雄人自己選的，怪誰?! ===="}, {"comment_author": "amgn997", "comment_date": ["04/12", "10:10"], "comment_content": "新聞後面硬要加一個未具名業者平凡"}, {"comment_author": "dai26", "comment_date": ["04/12", "10:11"], "comment_content": "沒有做好還不要臉的不敢承認失敗，這就是"}, {"comment_author": "dai26", "comment_date": ["04/12", "10:11"], "comment_content": "党一貫作為"}, {"comment_author": "joeduck", "comment_date": ["04/12", "10:11"], "comment_content": "還沒倒，代表還能經營，勿造謠"}, {"comment_author": "gpbp2266", "comment_date": ["04/12", "10:12"], "comment_content": "亂說 高雄這麼暖一定超多人潮，會嫌一"}, {"comment_author": "gpbp2266", "comment_date": ["04/12", "10:12"], "comment_content": "定是自己不努力"}, {"comment_author": "followmeyo", "comment_date": ["04/12", "10:13"], "comment_content": "蓋太久了"}, {"comment_author": "orange0319", "comment_date": ["04/12", "10:16"], "comment_content": "綠共喊喊口號編預算撈錢，你們就當真"}, {"comment_author": "orange0319", "comment_date": ["04/12", "10:16"], "comment_content": "了？"}, {"comment_author": "clonecd", "comment_date": ["04/12", "10:18"], "comment_content": "這表參道484有點太暖"}, {"comment_author": "superbeast", "comment_date": ["04/12", "10:20"], "comment_content": "被騙超過8年還沒醒悟，自己選的"}, {"comment_author": "ptychodera", "comment_date": ["04/12", "10:20"], "comment_content": "覺青：沒競爭力快倒一倒好嗎"}, {"comment_author": "jackie955093", "comment_date": ["04/12", "10:24"], "comment_content": "逛街？ 你說那個機車停車場嗎？"}, {"comment_author": "jackie955093", "comment_date": ["04/12", "10:24"], "comment_content": "能逛街跟購物請參考人行步行區"}, {"comment_author": "gaussjordan", "comment_date": ["04/12", "10:24"], "comment_content": "一個高雄是要幾個商圈啦 三多商圈"}, {"comment_author": "gaussjordan", "comment_date": ["04/12", "10:24"], "comment_content": "崛江 火車站 巨蛋"}, {"comment_author": "jackie955093", "comment_date": ["04/12", "10:27"], "comment_content": "騎樓的概念：高低不平 機車違停 尿"}, {"comment_author": "jackie955093", "comment_date": ["04/12", "10:27"], "comment_content": "騷味 商家餐車外推 除了遮雨沒啥理"}, {"comment_author": "jackie955093", "comment_date": ["04/12", "10:27"], "comment_content": "由駐足"}, {"comment_author": "bingreen", "comment_date": ["04/12", "10:31"], "comment_content": "不要讓你北部朋友知道，他們會笑"}, {"comment_author": "tinlovebi", "comment_date": ["04/12", "10:32"], "comment_content": "還有高雄捷運站體幾乎不開冷氣 誰想停"}, {"comment_author": "tinlovebi", "comment_date": ["04/12", "10:32"], "comment_content": "留？熱死悶死，只有車廂會涼，大家當然"}, {"comment_author": "tinlovebi", "comment_date": ["04/12", "10:32"], "comment_content": "趕快走啊"}, {"comment_author": "bmwnyy870915", "comment_date": ["04/12", "10:33"], "comment_content": "要補習時才會去高火"}, {"comment_author": "nothing188", "comment_date": ["04/12", "10:38"], "comment_content": "邁家一直蓋蓋蓋，不知道蓋三小"}, {"comment_author": "dm03", "comment_date": ["04/12", "10:39"], "comment_content": "沒換位置根本沒救 建國路太小條能發展個雕"}, {"comment_author": "aa041104", "comment_date": ["04/12", "10:41"], "comment_content": "經過想到要繞這麼一圈，很多人都提前走"}, {"comment_author": "aa041104", "comment_date": ["04/12", "10:41"], "comment_content": "復興路 或者中華路穿過去"}, {"comment_author": "aa041104", "comment_date": ["04/12", "10:42"], "comment_content": "等這麼久的站體沒有高鐵，是等個寂寞嗎"}, {"comment_author": "aa041104", "comment_date": ["04/12", "10:42"], "comment_content": "？"}, {"comment_author": "zxc88585", "comment_date": ["04/12", "10:43"], "comment_content": "幹你開那個死人租金租得掉我懶趴切下來"}, {"comment_author": "zxc88585", "comment_date": ["04/12", "10:43"], "comment_content": "裹粉下炸鍋吃掉"}, {"comment_author": "Plato12", "comment_date": ["04/12", "10:48"], "comment_content": "智障40%喊20年景氣最好 怎麼商圈都倒光了"}, {"comment_author": "zerowingtw", "comment_date": ["04/12", "10:51"], "comment_content": "一個只想辦演唱會的廢物市長~~~~~~~~~"}, {"comment_author": "zerowingtw", "comment_date": ["04/12", "10:51"], "comment_content": "能期待什麼???"}, {"comment_author": "iNicholas", "comment_date": ["04/12", "10:54"], "comment_content": "蓋20年撈不夠 那就再蓋20年啊 哈哈哈哈"}, {"comment_author": "iNicholas", "comment_date": ["04/12", "10:54"], "comment_content": "自己選的政府自己承擔"}, {"comment_author": "ben701230", "comment_date": ["04/12", "10:55"], "comment_content": "不要唱衰民主聖地"}, {"comment_author": "Khon9985", "comment_date": ["04/12", "10:56"], "comment_content": "沒在評估 錢太多在衝政績吧"}, {"comment_author": "bigpan", "comment_date": ["04/12", "10:59"], "comment_content": "南部鄉親怎麼唱衰台灣 中共同路人？"}, {"comment_author": "dai26", "comment_date": ["04/12", "10:59"], "comment_content": "高雄人會吹商圈轉移，這點我們就尊重了"}, {"comment_author": "dai26", "comment_date": ["04/12", "10:59"], "comment_content": "不要起爭議，要不然玻璃又碎滿地了"}, {"comment_author": "blacwhte", "comment_date": ["04/12", "11:00"], "comment_content": "鬼才留在高雄"}, {"comment_author": "blackstyles", "comment_date": ["04/12", "11:00"], "comment_content": "可憐啊"}, {"comment_author": "MatchaMille", "comment_date": ["04/12", "11:02"], "comment_content": "又可以繼續撈錢囉 暖"}, {"comment_author": "Chen7", "comment_date": ["04/12", "11:03"], "comment_content": "不是補習就是買電子產品地方"}, {"comment_author": "meta41110", "comment_date": ["04/12", "11:27"], "comment_content": ""}, {"comment_author": "meta41110", "comment_date": ["04/12", "11:27"], "comment_content": "ﾟдﾟ)凸不住那回去投票的人民很爽阿"}, {"comment_author": "vivianqq30", "comment_date": ["04/12", "11:43"], "comment_content": "只憑我好幾年前的印象來說 那邊本來就"}, {"comment_author": "vivianqq30", "comment_date": ["04/12", "11:43"], "comment_content": "沒落了 還沒經營起來就想著要飛"}, {"comment_author": "b93510015", "comment_date": ["04/12", "11:54"], "comment_content": "自己選的，甘願投歡喜受"}, {"comment_author": "b93510015", "comment_date": ["04/12", "11:54"], "comment_content": "不過話說低端南部要有低端的樣子"}, {"comment_author": "crowcrow", "comment_date": ["04/12", "11:57"], "comment_content": "那裡整個沒救了 市中心早就北移"}, {"comment_author": "shadowdio", "comment_date": ["04/12", "12:03"], "comment_content": "幾十年累積下來的業 怪我囉"}, {"comment_author": "canallchen", "comment_date": ["04/12", "12:09"], "comment_content": "表參道有這麼髒亂？"}, {"comment_author": "ERIC4268", "comment_date": ["04/12", "12:14"], "comment_content": "爭取經費 再空窗個10年不好嗎"}, {"comment_author": "nolie1228", "comment_date": ["04/12", "12:15"], "comment_content": "那邊什麼都沒有不走人要幹嘛？"}, {"comment_author": "azcooper", "comment_date": ["04/12", "12:17"], "comment_content": "暖"}, {"comment_author": "january31", "comment_date": ["04/12", "12:19"], "comment_content": "原來是放爛，大小綠講一下就拿經費"}, {"comment_author": "l92873", "comment_date": ["04/12", "12:20"], "comment_content": "暖"}, {"comment_author": "RisingTackle", "comment_date": ["04/12", "12:27"], "comment_content": "台股2萬點，經濟20年來最好"}, {"comment_author": "Bmtswiiii", "comment_date": ["04/12", "12:30"], "comment_content": "可憐啊高雄嘻嘻 你看看你 塔綠班們的"}, {"comment_author": "Bmtswiiii", "comment_date": ["04/12", "12:30"], "comment_content": "夢想國度 但都死賴在台北不回去"}, {"comment_author": "xo1100", "comment_date": ["04/12", "12:33"], "comment_content": "高火附近有九如路一整排 還是有雞能啊"}, {"comment_author": "jimmy12332", "comment_date": ["04/12", "12:44"], "comment_content": "收到 多蓋幾個公園"}, {"comment_author": "ohlong", "comment_date": ["04/12", "12:47"], "comment_content": "流浪外勞爽歪 本來只能睡地上"}, {"comment_author": "NASH0201", "comment_date": ["04/12", "12:51"], "comment_content": "什麼，居然敢質疑民主聖地"}, {"comment_author": "chichung", "comment_date": ["04/12", "12:51"], "comment_content": "附近髒髒舊舊的  活動最多的是外勞 除"}, {"comment_author": "chichung", "comment_date": ["04/12", "12:51"], "comment_content": "非整個徵收都更"}, {"comment_author": "tiger911", "comment_date": ["04/12", "13:05"], "comment_content": "暖"}, {"comment_author": "huangjyuan", "comment_date": ["04/12", "13:06"], "comment_content": "側翼:高雄基建屌打台北！"}, {"comment_author": "huangjyuan", "comment_date": ["04/12", "13:06"], "comment_content": "然後一個一個擠到台北"}, {"comment_author": "Tidus", "comment_date": ["04/12", "13:10"], "comment_content": "都是韓總害的啦國民黨壞壞"}, {"comment_author": "nikewang", "comment_date": ["04/12", "13:12"], "comment_content": "高雄人就喜歡被陳其邁騙 什麼四年當二年"}, {"comment_author": "nikewang", "comment_date": ["04/12", "13:12"], "comment_content": "拚 笑死 拚到沒人"}, {"comment_author": "kenshome", "comment_date": ["04/12", "13:13"], "comment_content": "在地人已經不知道高雄火車站長怎樣了，"}, {"comment_author": "kenshome", "comment_date": ["04/12", "13:13"], "comment_content": "寧願去左營高鐵附近還比較有人潮"}, {"comment_author": "nikewang", "comment_date": ["04/12", "13:13"], "comment_content": "之前去過新站 出口處滿滿外勞 在那地上"}, {"comment_author": "nikewang", "comment_date": ["04/12", "13:13"], "comment_content": "坐著聊天抽菸 連裡面也是一堆外勞在社交"}, {"comment_author": "nikewang", "comment_date": ["04/12", "13:14"], "comment_content": "而且新車站那什麼垃圾設計 廁所設在有夠"}, {"comment_author": "nikewang", "comment_date": ["04/12", "13:14"], "comment_content": "偏僻的地方 要走很久"}, {"comment_author": "DPP48", "comment_date": ["04/12", "13:16"], "comment_content": "高雄表參道......不能換一個名字嗎"}, {"comment_author": "ES699AP", "comment_date": ["04/12", "13:28"], "comment_content": "台南下一個"}, {"comment_author": "gary82gary", "comment_date": ["04/12", "13:31"], "comment_content": "一個站蓋20年，比大巨蛋還難蓋？"}, {"comment_author": "saluy", "comment_date": ["04/12", "14:02"], "comment_content": "20年，弄完地下化再蓋地上建築，地上建築"}, {"comment_author": "saluy", "comment_date": ["04/12", "14:02"], "comment_content": "又拖太久"}, {"comment_author": "MartinTW", "comment_date": ["04/12", "14:03"], "comment_content": "暖市要有暖道"}, {"comment_author": "www2967", "comment_date": ["04/12", "14:04"], "comment_content": "抗中保台 正義必勝 一群柯韓粉只愛錢親"}, {"comment_author": "www2967", "comment_date": ["04/12", "14:05"], "comment_content": "中賣台 沒有一點台灣價值"}, {"comment_author": "saluy", "comment_date": ["04/12", "14:05"], "comment_content": "新車站就算給你蓋好，但建國路一整排老舊"}, {"comment_author": "saluy", "comment_date": ["04/12", "14:05"], "comment_content": "閩南特色醜透天，沒救。除非那排靠火災型"}, {"comment_author": "saluy", "comment_date": ["04/12", "14:05"], "comment_content": "都更，另外旁邊那棟大樓根本荒廢"}, {"comment_author": "saluy", "comment_date": ["04/12", "14:06"], "comment_content": "應該一起火災型都更"}, {"comment_author": "spadenet", "comment_date": ["04/12", "14:23"], "comment_content": "問就是暖"}, {"comment_author": "wilmachiang", "comment_date": ["04/12", "14:35"], "comment_content": "工程拖越久撈越多 撈飽落跑 出事時"}, {"comment_author": "wilmachiang", "comment_date": ["04/12", "14:35"], "comment_content": "早跑了"}, {"comment_author": "mono1023", "comment_date": ["04/12", "14:38"], "comment_content": "投票前怎麼不想想"}, {"comment_author": "artwu", "comment_date": ["04/12", "14:41"], "comment_content": "可以三鐵共構卻不搞就等著下去啊"}, {"comment_author": "bloodpiece", "comment_date": ["04/12", "14:58"], "comment_content": "三鐵共構又不是喊就有"}, {"comment_author": "wbsinger", "comment_date": ["04/12", "15:26"], "comment_content": "小夫肥菊蓋車站可以蓋20年把商圈搞死"}, {"comment_author": "tinlovebi", "comment_date": ["04/12", "15:32"], "comment_content": "大家都去左營搭車了 誰還去高雄 都快忘"}, {"comment_author": "tinlovebi", "comment_date": ["04/12", "15:32"], "comment_content": "了還有高雄車站了"}, {"comment_author": "drmactt", "comment_date": ["04/12", "16:09"], "comment_content": "表參道計畫..."}, {"comment_author": "overthinkin", "comment_date": ["04/12", "16:19"], "comment_content": "商圈早就轉移了"}, {"comment_author": "UrFather", "comment_date": ["04/12", "16:46"], "comment_content": "高雄人自選"}, {"comment_author": "Ethric", "comment_date": ["04/12", "16:58"], "comment_content": "那啥人行道，只會把人曬成人乾"}, {"comment_author": "BigBananaBoy", "comment_date": ["04/12", "18:11"], "comment_content": "我大你三千萬"}, {"comment_author": "hcshin", "comment_date": ["04/12", "19:20"], "comment_content": "邁家聖地不容褻瀆"}, {"comment_author": "syo0093", "comment_date": ["04/12", "19:46"], "comment_content": "暖"}, {"comment_author": "a951l753vin", "comment_date": ["04/12", "22:54"], "comment_content": "重點：房地產帶起來了"}, {"comment_author": "villagemen", "comment_date": ["04/13", "01:42"], "comment_content": "暖"}, {"comment_author": "abacada", "comment_date": ["04/13", "04:48"], "comment_content": "有行無市不會降價喔？"}, {"comment_author": "kichitai", "comment_date": ["04/13", "10:19"], "comment_content": "都被外勞佔領了吧？"}, {"comment_author": "black214", "comment_date": ["04/13", "17:58"], "comment_content": "直接就地轉型遊民收容所還比較有用"}]}
