{"author": "inglee (~一事無成千古恨~)", "category": "Gossiping", "title": "[新聞] 黃捷轟徐巧芯「勞力士女孩」金流可疑！他挖證據打臉：妳也差", "date": "Fri Apr 19 10:27:12 2024", "content": ["備註請放最後面 違者新聞文章刪除1.媒體來源:TVBS新聞網2.記者署名:莊雅婷3.完整新聞標題:黃捷轟徐巧芯「勞力士女孩」金流可疑！他挖證據打臉：妳也差不多4.完整新聞內文:", "黃捷（左）質疑徐巧芯金流可疑。（圖／翻攝自黃捷、徐巧芯臉書）國民黨立委徐巧芯因大姑夫婦涉詐案遭綠營猛打，被起底身穿10萬元萬LV連衣裙、手戴快30萬勞力士手錶等名牌。民進黨立委黃捷質疑徐巧芯金流可疑。對此，媒體人朱凱翔實際計算後認為無太大問題，反挖出黃捷財產申報數據轟，「不是差不多嗎？啊妳是在叫什麼？」黃捷昨（18）日質疑，徐巧芯對於「出100萬」是代墊或贈與說詞不清，勞力士鑽錶沒申報，夫妻財產卻年增415萬收入，讓她猛酸，6年前的早餐店女孩，搖身變勞力士女孩全身名牌，「錢從哪來？巧芯的金流越來越可疑，請問是否都有依法申報？」對此，朱凱翔在「不演了新聞台」臉書粉專表示，實際計算徐巧芯財產，議員薪水加上丈夫主委薪資，一年超過400萬元，2023年有一筆80萬元選舉補助款入帳。加上徐巧芯是許多政論節目搶著要的來賓，幾乎全年無休，每月上超過60小時通告，相當於每月15至18萬元收入。朱凱翔認為，徐巧芯夫婦沒小孩要養，就是頂客族，「自己吃自己飽，買些好衣服穿，怎麼了？這些都是擺在檯面上的，算不出來的人，不知道是眼睛，還是數學出了問題。」朱凱翔指出，", "讓他怒酸，徐巧芯夫妻一起賺，年增400萬元，", "，「不是差不多嗎？啊妳是在叫什麼？這波真的廢到笑。」5.完整新聞連結 (或短網址)不可用YAHOO、LINE、MSN等轉載媒體:", "6.備註:綠能你不能--"], "post_comment": [{"comment_author": "syntax123", "comment_date": ["04/19", "10:27"], "comment_content": "一個個上來打"}, {"comment_author": "cisyong", "comment_date": ["04/19", "10:27"], "comment_content": "噁心雙人組"}, {"comment_author": "xzcb2008", "comment_date": ["04/19", "10:28"], "comment_content": "巧心最後會力竭"}, {"comment_author": "CMPunk", "comment_date": ["04/19", "10:28"], "comment_content": "北連中胡"}, {"comment_author": "carsly", "comment_date": ["04/19", "10:28"], "comment_content": "綠捷的早餐店女孩是在臭雞排逆"}, {"comment_author": "lesnaree2", "comment_date": ["04/19", "10:29"], "comment_content": "黃捷增加那麼多還好意思說喔"}, {"comment_author": "inderal", "comment_date": ["04/19", "10:29"], "comment_content": "三民自不會管這個，繼續質疑徐有貪污"}, {"comment_author": "airpip", "comment_date": ["04/19", "10:29"], "comment_content": "酒駕出軌朱凱翔現在自稱媒體人?"}, {"comment_author": "StarLeauge", "comment_date": ["04/19", "10:29"], "comment_content": "黃捷去年宣布參選，全選區馬上一堆看"}, {"comment_author": "lesnaree2", "comment_date": ["04/19", "10:29"], "comment_content": "是不是也是綠共送錢阿"}, {"comment_author": "StarLeauge", "comment_date": ["04/19", "10:29"], "comment_content": "板，錢哪來的？才應該說清楚"}, {"comment_author": "chyou2003", "comment_date": ["04/19", "10:29"], "comment_content": "民進黨真的很噁心"}, {"comment_author": "solomonABC", "comment_date": ["04/19", "10:29"], "comment_content": "立委不監督政府 在那監督同僚"}, {"comment_author": "AustinRivers", "comment_date": ["04/19", "10:30"], "comment_content": "綠能"}, {"comment_author": "LenardLee", "comment_date": ["04/19", "10:30"], "comment_content": "監督在野黨真是好立委"}, {"comment_author": "dos32408", "comment_date": ["04/19", "10:30"], "comment_content": "200有比400多嗎？"}, {"comment_author": "IKY201", "comment_date": ["04/19", "10:31"], "comment_content": "台南媽祖才是表率"}, {"comment_author": "kuso2005", "comment_date": ["04/19", "10:31"], "comment_content": "朱凱翔有說錯嗎？"}, {"comment_author": "carsly", "comment_date": ["04/19", "10:31"], "comment_content": "套句綠圾最愛講的 有違法就去告啊"}, {"comment_author": "kaky", "comment_date": ["04/19", "10:31"], "comment_content": "樓上 200*2不就一樣"}, {"comment_author": "AnpingTW", "comment_date": ["04/19", "10:32"], "comment_content": "這種車輪戰真的撐不住"}, {"comment_author": "poolknight", "comment_date": ["04/19", "10:32"], "comment_content": "美鳳美鳳得第一"}, {"comment_author": "kinki999", "comment_date": ["04/19", "10:32"], "comment_content": "綠能"}, {"comment_author": "Forcast", "comment_date": ["04/19", "10:32"], "comment_content": "啦啦隊"}, {"comment_author": "lin821", "comment_date": ["04/19", "10:33"], "comment_content": "綠色巧芯何苦為難藍色巧芯"}, {"comment_author": "spzper", "comment_date": ["04/19", "10:33"], "comment_content": "笑死~怎有臉嘴別人"}, {"comment_author": "isisisdog", "comment_date": ["04/19", "10:34"], "comment_content": "民進黨抄地皮然後開記者會罵停車場"}, {"comment_author": "babuarea", "comment_date": ["04/19", "10:34"], "comment_content": "綠色就是理財有方"}, {"comment_author": "kyhkyh", "comment_date": ["04/19", "10:34"], "comment_content": "迴力鏢又來了"}, {"comment_author": "RRADA", "comment_date": ["04/19", "10:35"], "comment_content": "說真的  有違法就去告啊  人家徐巧心還硬是"}, {"comment_author": "steward68", "comment_date": ["04/19", "10:35"], "comment_content": "好啦辦拳賽了啦"}, {"comment_author": "RRADA", "comment_date": ["04/19", "10:35"], "comment_content": "額外多了給婆婆的100萬"}, {"comment_author": "Oswyn", "comment_date": ["04/19", "10:36"], "comment_content": "雙標 入對党"}, {"comment_author": "darkholy", "comment_date": ["04/19", "10:37"], "comment_content": "黃捷高雄選舉一堆超大看板錢從哪裡來？"}, {"comment_author": "darkholy", "comment_date": ["04/19", "10:37"], "comment_content": "是不是有不明金流在幫助黃捷選舉啊"}, {"comment_author": "RRADA", "comment_date": ["04/19", "10:37"], "comment_content": "嗯...徐巧心選舉時沒看板??"}, {"comment_author": "MichaelRedd", "comment_date": ["04/19", "10:37"], "comment_content": "綠能你不能"}, {"comment_author": "RRADA", "comment_date": ["04/19", "10:37"], "comment_content": "是不是有不明金流在幫助徐巧心選舉啊?"}, {"comment_author": "Mryuan", "comment_date": ["04/19", "10:37"], "comment_content": "選舉存款還可以增加！？"}, {"comment_author": "limitlesscit", "comment_date": ["04/19", "10:37"], "comment_content": "好可怕我很怕多說什麼被告"}, {"comment_author": "hihimen", "comment_date": ["04/19", "10:39"], "comment_content": "黃捷的看板超大超多的好嗎，徐算啥"}, {"comment_author": "colaer", "comment_date": ["04/19", "10:39"], "comment_content": "政客真他媽的好賺"}, {"comment_author": "StellaLore", "comment_date": ["04/19", "10:39"], "comment_content": "關你屁事，又在監督在野黨"}, {"comment_author": "visviva", "comment_date": ["04/19", "10:40"], "comment_content": "黃捷是民進黨用黨的資源下去挺，還是其邁"}, {"comment_author": "Tendo", "comment_date": ["04/19", "10:40"], "comment_content": "不管自己屎擦乾淨了沒,先笑別人就對了"}, {"comment_author": "visviva", "comment_date": ["04/19", "10:40"], "comment_content": "女孩。選舉那時看板廣告超多還有苗博雅，"}, {"comment_author": "visviva", "comment_date": ["04/19", "10:40"], "comment_content": "好香"}, {"comment_author": "kkjjrtlym", "comment_date": ["04/19", "10:40"], "comment_content": "笑死 看起來dqq的席次還是太多惹"}, {"comment_author": "riker729", "comment_date": ["04/19", "10:40"], "comment_content": "綠捷完全不花錢？太強了！"}, {"comment_author": "RRADA", "comment_date": ["04/19", "10:40"], "comment_content": "原來徐巧心選舉看板都又瘦又小，嘻嘻"}, {"comment_author": "gackt770414", "comment_date": ["04/19", "10:40"], "comment_content": "綠色真的很雙標"}, {"comment_author": "colaer", "comment_date": ["04/19", "10:40"], "comment_content": "以前酒駕出軌覺得很可惡，現在看到經濟犯"}, {"comment_author": "ThisisLongID", "comment_date": ["04/19", "10:40"], "comment_content": "綠能"}, {"comment_author": "colaer", "comment_date": ["04/19", "10:40"], "comment_content": "都準備當經濟部長了，其實還好啦"}, {"comment_author": "civic5thsi", "comment_date": ["04/19", "10:41"], "comment_content": "當委員 勞只是玩具好嗎 pp再來嘴"}, {"comment_author": "RRADA", "comment_date": ["04/19", "10:41"], "comment_content": "順便一提王鴻薇選舉看板是整棟樓外牆那種耶"}, {"comment_author": "RRADA", "comment_date": ["04/19", "10:41"], "comment_content": "不知道做一個要多少錢?"}, {"comment_author": "tn907915", "comment_date": ["04/19", "10:41"], "comment_content": "這些綠營側翼真的還不想下車耶"}, {"comment_author": "andyboy0428", "comment_date": ["04/19", "10:41"], "comment_content": "黃捷怎麼不繼續打韓國語？蠻想看的"}, {"comment_author": "yayunting", "comment_date": ["04/19", "10:42"], "comment_content": "立委兼職側翼有個幾百萬的外快怎麼了"}, {"comment_author": "wayne62", "comment_date": ["04/19", "10:43"], "comment_content": "差不多？黃捷有跟徐差不多的名牌嗎？"}, {"comment_author": "fulongb210f", "comment_date": ["04/19", "10:43"], "comment_content": "幾百萬元就抹屎？沒別招？？"}, {"comment_author": "wingthink", "comment_date": ["04/19", "10:45"], "comment_content": "直轄市市議員一年可領五百萬上下 美鳳"}, {"comment_author": "wingthink", "comment_date": ["04/19", "10:45"], "comment_content": "老公做什麼職業有這麼高的薪水可比市議"}, {"comment_author": "wingthink", "comment_date": ["04/19", "10:45"], "comment_content": "員？"}, {"comment_author": "wayne62", "comment_date": ["04/19", "10:45"], "comment_content": "比較想看黃捷的OOTD(outfit of the day)"}, {"comment_author": "weissfuchs", "comment_date": ["04/19", "10:46"], "comment_content": "200萬黃捷。"}, {"comment_author": "mk5520", "comment_date": ["04/19", "10:46"], "comment_content": "噁捷"}, {"comment_author": "ThisisLongID", "comment_date": ["04/19", "10:46"], "comment_content": "股市2萬點賺個200萬很難? 民進黨支"}, {"comment_author": "ThisisLongID", "comment_date": ["04/19", "10:46"], "comment_content": "持者不要忘了整天吹的話好嗎 笑死"}, {"comment_author": "sexygnome", "comment_date": ["04/19", "10:47"], "comment_content": "阿綠這時都不敢說經濟很好了，笑死"}, {"comment_author": "yakiko01", "comment_date": ["04/19", "10:48"], "comment_content": "黃捷有詐騙大姑嗎?這個記者到底有多蠢?"}, {"comment_author": "coffee112", "comment_date": ["04/19", "10:49"], "comment_content": "原來是在 指桑罵槐"}, {"comment_author": "serrier", "comment_date": ["04/19", "10:49"], "comment_content": "聽說黃捷媽媽之前大陸茶葉??不敢講唷"}, {"comment_author": "pipiispipi", "comment_date": ["04/19", "10:50"], "comment_content": "綠捷那頭髮真的他媽的太妹上立院"}, {"comment_author": "jerrylin", "comment_date": ["04/19", "10:52"], "comment_content": "迴力鏢來的真快"}, {"comment_author": "new71050", "comment_date": ["04/19", "10:53"], "comment_content": "綠色爸爸活"}, {"comment_author": "sid3", "comment_date": ["04/19", "10:55"], "comment_content": "黃捷媽媽賣的東西"}, {"comment_author": "wchad", "comment_date": ["04/19", "10:56"], "comment_content": "告了沒？"}, {"comment_author": "serez", "comment_date": ["04/19", "10:57"], "comment_content": "真好，一年可以多200萬"}, {"comment_author": "fulongb210f", "comment_date": ["04/19", "10:57"], "comment_content": "民代戴30萬元手錶，跟立委財產0元，"}, {"comment_author": "fulongb210f", "comment_date": ["04/19", "10:57"], "comment_content": "哪個奇怪"}, {"comment_author": "small91051", "comment_date": ["04/19", "10:58"], "comment_content": "幾百萬是很難賺嗎 騙低端的而已"}, {"comment_author": "xoxo8", "comment_date": ["04/19", "10:59"], "comment_content": "黃捷錢都拿去幫台灣獨立建國，兩者差多了"}, {"comment_author": "mmchen", "comment_date": ["04/19", "10:59"], "comment_content": "死忠就愛白眼"}, {"comment_author": "xoxo8", "comment_date": ["04/19", "11:00"], "comment_content": "反觀巧芯400萬不知能給多少孩子吃營養午餐"}, {"comment_author": "monkeydog119", "comment_date": ["04/19", "11:02"], "comment_content": ""}, {"comment_author": "monkeydog119", "comment_date": ["04/19", "11:03"], "comment_content": ""}, {"comment_author": "Chia2323", "comment_date": ["04/19", "11:04"], "comment_content": "賴清德存款200多萬你就信喔 騙誰啊 至"}, {"comment_author": "Chia2323", "comment_date": ["04/19", "11:04"], "comment_content": "少少2個0吧"}, {"comment_author": "alfven", "comment_date": ["04/19", "11:04"], "comment_content": "苗勃亞+雞排+黃捷 一起戰巧欣，這"}, {"comment_author": "alfven", "comment_date": ["04/19", "11:04"], "comment_content": "陣仗不小"}, {"comment_author": "TOEY", "comment_date": ["04/19", "11:05"], "comment_content": "這場挖糞戰，最後勝利的會是誰呢？"}, {"comment_author": "dra7763", "comment_date": ["04/19", "11:10"], "comment_content": "影射最有用阿 反正不用影射自己"}, {"comment_author": "Gentile", "comment_date": ["04/19", "11:10"], "comment_content": "綠捷會說自己cosplay賺的吧"}, {"comment_author": "andy199113", "comment_date": ["04/19", "11:12"], "comment_content": "朱凱翔也不是什麼好名嘴 爛= ="}, {"comment_author": "winterjoker", "comment_date": ["04/19", "11:13"], "comment_content": "40%才不在乎好嗎"}, {"comment_author": "wayne62", "comment_date": ["04/19", "11:18"], "comment_content": ""}, {"comment_author": "wayne62", "comment_date": ["04/19", "11:18"], "comment_content": "真正差別 應該是有沒有服務處"}, {"comment_author": "wayne62", "comment_date": ["04/19", "11:18"], "comment_content": "沒設服務處 真的省很大"}, {"comment_author": "wayne62", "comment_date": ["04/19", "11:18"], "comment_content": "省下服務處的錢 也許就能多買個包"}, {"comment_author": "dra7763", "comment_date": ["04/19", "11:18"], "comment_content": "檢視財產根本就吃飽太閒 多少民代穿名牌"}, {"comment_author": "ziso", "comment_date": ["04/19", "11:22"], "comment_content": "光薪水兩個人就四百多萬 通告費搞不好也7位"}, {"comment_author": "ziso", "comment_date": ["04/19", "11:22"], "comment_content": "數 這種人買啥奢侈品都不意外 硬要嘴"}, {"comment_author": "pingwawa", "comment_date": ["04/19", "11:24"], "comment_content": "綠能"}, {"comment_author": "nenini", "comment_date": ["04/19", "11:28"], "comment_content": "綠共文革起手式，叫一堆小嘍嘍挑一堆無關"}, {"comment_author": "nenini", "comment_date": ["04/19", "11:29"], "comment_content": "緊要的事來打，40%死忠投這種垃圾，害死台"}, {"comment_author": "nenini", "comment_date": ["04/19", "11:29"], "comment_content": "灣"}, {"comment_author": "jassda", "comment_date": ["04/19", "11:32"], "comment_content": "升官發財請走？"}, {"comment_author": "em4", "comment_date": ["04/19", "11:32"], "comment_content": "女同志適用跟騷法嗎"}, {"comment_author": "stage0317", "comment_date": ["04/19", "11:33"], "comment_content": "黃捷，真的丟臉"}, {"comment_author": "tenlove", "comment_date": ["04/19", "11:38"], "comment_content": "某人不要搞到越來越讓人討厭"}, {"comment_author": "cash1019", "comment_date": ["04/19", "11:39"], "comment_content": "黃真的很噁心"}, {"comment_author": "fcz973", "comment_date": ["04/19", "11:41"], "comment_content": "熟悉的迴力鏢最對味"}, {"comment_author": "wsscivil", "comment_date": ["04/19", "11:42"], "comment_content": "想知道黃捷增加多少"}, {"comment_author": "x8931139", "comment_date": ["04/19", "11:44"], "comment_content": "綠能 你不能"}, {"comment_author": "spt21ccc", "comment_date": ["04/19", "11:48"], "comment_content": "找到浮木了？"}, {"comment_author": "ass812882", "comment_date": ["04/19", "11:48"], "comment_content": "綠能你不能啊，都2024了還不知道？"}, {"comment_author": "DimlyLit", "comment_date": ["04/19", "11:48"], "comment_content": "湧言會 體液交流 ？"}, {"comment_author": "aquaticplant", "comment_date": ["04/19", "11:48"], "comment_content": "比非凡公子還多"}, {"comment_author": "source0209", "comment_date": ["04/19", "11:52"], "comment_content": "黃的錢有待考驗喔！"}, {"comment_author": "xetherz3", "comment_date": ["04/19", "11:53"], "comment_content": "垃圾綠捷 操"}, {"comment_author": "tino0705", "comment_date": ["04/19", "12:00"], "comment_content": "果然綠色就是漲停板的顏色"}, {"comment_author": "darlost", "comment_date": ["04/19", "12:01"], "comment_content": "巧芯擺明是綠營側翼"}, {"comment_author": "warren1113", "comment_date": ["04/19", "12:10"], "comment_content": "急了 900的標準檢討900"}, {"comment_author": "wayne62", "comment_date": ["04/19", "12:12"], "comment_content": "藍能其他人不能吧 不設服務處 還能神擋"}, {"comment_author": "wayne62", "comment_date": ["04/19", "12:12"], "comment_content": "殺神 打敗服務好的費鴻泰,許淑華 真的很"}, {"comment_author": "wayne62", "comment_date": ["04/19", "12:12"], "comment_content": "能幹，錢都花在刀口上(身上)，巧芯巧芯"}, {"comment_author": "wayne62", "comment_date": ["04/19", "12:12"], "comment_content": "得第一"}, {"comment_author": "crush1985", "comment_date": ["04/19", "12:12"], "comment_content": "笑死"}, {"comment_author": "vutuv", "comment_date": ["04/19", "12:17"], "comment_content": "約炮的事過了？"}, {"comment_author": "lwswjs", "comment_date": ["04/19", "12:18"], "comment_content": "龜笑鱉沒尾"}, {"comment_author": "LongHair0315", "comment_date": ["04/19", "12:18"], "comment_content": "爛戲繼續演 這群垃圾"}, {"comment_author": "vutuv", "comment_date": ["04/19", "12:18"], "comment_content": "藍營怎麼這麼喜歡挺亂搞的藍媒？"}, {"comment_author": "vutuv", "comment_date": ["04/19", "12:20"], "comment_content": "藍營性騷沒事照斗內，約炮沒事照跟風"}, {"comment_author": "goopi", "comment_date": ["04/19", "12:22"], "comment_content": "其他色之前，只有綠色才是正確顏色"}, {"comment_author": "vutuv", "comment_date": ["04/19", "12:23"], "comment_content": "藍色是可以亂搞沒事的顏色"}, {"comment_author": "mojono", "comment_date": ["04/19", "12:23"], "comment_content": "這年頭沒党證還敢賺錢啊？"}, {"comment_author": "vutuv", "comment_date": ["04/19", "12:25"], "comment_content": "約炮沒事，反正出來罵綠就可復出"}, {"comment_author": "hyakkiyagyo", "comment_date": ["04/19", "12:25"], "comment_content": "下賤妓女乖乖去幫賴清德吃屌啦"}, {"comment_author": "penny949", "comment_date": ["04/19", "12:25"], "comment_content": "所以打這個議題真的很蠢，我等迴力鏢"}, {"comment_author": "linpu", "comment_date": ["04/19", "12:26"], "comment_content": "黃到底怎麼被選上的，厲害了選民"}, {"comment_author": "Leoncheng", "comment_date": ["04/19", "12:27"], "comment_content": "黃捷打這個 真難看"}, {"comment_author": "youzi1114", "comment_date": ["04/19", "12:28"], "comment_content": "這些立委議員是當人民白癡不知道你們薪"}, {"comment_author": "youzi1114", "comment_date": ["04/19", "12:28"], "comment_content": "水這麼多嗎？還可以開會不用去等你要報"}, {"comment_author": "youzi1114", "comment_date": ["04/19", "12:28"], "comment_content": "告再出現，真的超爽肥缺"}, {"comment_author": "Willdododo", "comment_date": ["04/19", "12:29"], "comment_content": "綠捷喊天哥～～的成果啊"}, {"comment_author": "ab566", "comment_date": ["04/19", "12:33"], "comment_content": "南部低端暖男癡漢會生氣：你們欺負蝗孑"}, {"comment_author": "garcia", "comment_date": ["04/19", "12:36"], "comment_content": "塔綠班女孩確定要打這個？"}, {"comment_author": "bart102617", "comment_date": ["04/19", "12:37"], "comment_content": "才400萬 巧芯股市賺很大不行嗎"}, {"comment_author": "SHINNOIZUMI", "comment_date": ["04/19", "12:37"], "comment_content": "把這議題有夠無聊，搞不好迴力鏢"}, {"comment_author": "miliq", "comment_date": ["04/19", "12:41"], "comment_content": "人家綠捷淘金有術"}, {"comment_author": "Link2022", "comment_date": ["04/19", "12:56"], "comment_content": "利慾熏心 背叛鳳山的垃圾是要告了沒啦"}, {"comment_author": "CindyLara", "comment_date": ["04/19", "13:02"], "comment_content": "一群 塔綠班 智x  如果 徐立委 金流有"}, {"comment_author": "CindyLara", "comment_date": ["04/19", "13:02"], "comment_content": "問題 選舉時 早就被 資進黨 攻擊到死"}, {"comment_author": "CindyLara", "comment_date": ["04/19", "13:02"], "comment_content": "了 而且 證據還會 全部流入 霉體"}, {"comment_author": "CindyLara", "comment_date": ["04/19", "13:06"], "comment_content": "現在 進行 這種 抹黑 #認知作戰  只是"}, {"comment_author": "CindyLara", "comment_date": ["04/19", "13:06"], "comment_content": "想 削弱 徐立委 揭弊 的 火力 跟 公信"}, {"comment_author": "CindyLara", "comment_date": ["04/19", "13:06"], "comment_content": "力"}, {"comment_author": "barry1027gg", "comment_date": ["04/19", "13:10"], "comment_content": "淪家掛無黨籍選鳳山五甲市議員  高票"}, {"comment_author": "barry1027gg", "comment_date": ["04/19", "13:10"], "comment_content": "當選欸 在那邊沒党液幫忙敢信嗎~~"}, {"comment_author": "JASONGOAHEAD", "comment_date": ["04/19", "13:11"], "comment_content": "惹到宵婆 可憐"}, {"comment_author": "iamking05", "comment_date": ["04/19", "13:30"], "comment_content": "黃捷那個財產申報是真的有誇張"}, {"comment_author": "kinik", "comment_date": ["04/19", "13:37"], "comment_content": "換算估計一小時通告費3000欸"}, {"comment_author": "fhscyt", "comment_date": ["04/19", "14:27"], "comment_content": "綠能你不能嘻嘻"}, {"comment_author": "Tidus", "comment_date": ["04/19", "14:45"], "comment_content": "人家有台灣價值啊，苓雅區鄉親的寶貝你敢"}, {"comment_author": "Tidus", "comment_date": ["04/19", "14:45"], "comment_content": "嘴"}, {"comment_author": "zlzooq", "comment_date": ["04/19", "15:01"], "comment_content": "綠捷最不可疑"}, {"comment_author": "chungnokia", "comment_date": ["04/19", "15:11"], "comment_content": "呵，檯面下的金流？"}, {"comment_author": "unitman", "comment_date": ["04/19", "15:33"], "comment_content": "有證據就檢舉"}]}
