{"author": "ihl123456 (雨風評)", "category": "Gossiping", "title": "[新聞] 以色列控「想釀世界大戰」　伊朗反嗆：只", "date": "Mon Apr 15 08:55:30 2024", "content": ["以色列控「想釀世界大戰」　伊朗反嗆：只是行使自衛權ETtoday新聞雲記者張靖榕／綜合外電報導伊朗13日晚間對以色列發布大規模空襲後，聯合國安理會緊急召開會議，會上以色列和伊朗互相指控。以色列直指伊朗想將事件升級成世界大戰；伊朗則表示，該國作為都是在自我防衛。綜合外電報導，以色列駐聯合國大使埃爾丹（Gilad Erdan）在會上表示，必須在伊朗將事態升級到無法挽回的地步、從區域衝突升級到世界大戰之前，阻止伊朗。他控訴伊朗想要成為主宰世界的霸權，而這次的攻擊證明了德黑蘭當局根本不關心伊斯蘭教和穆斯林，接著他拿出平板裝置播放以色列鐵穹防空系統，在阿克薩清真寺上空攔截伊朗飛彈的影片。埃爾丹呼籲聯合國安理會，將這次執行攻擊的伊朗革命衛隊（IRGC）標誌為恐怖組織，「必須即刻採取行動，不是為了以色列，不是為了區域，而是為了全世界。今天就阻止伊朗。」伊朗駐聯合國大使伊拉瓦尼（Amir Saeid Iravani）則表示，伊朗採取行動，「完全是出於行駛《聯合國憲章》第五十一條規定，並得到國際法承認的伊朗固有的自衛權。」他稱這次的行動精準且僅針對軍事目標，以減少平民受到傷害以及衝突升級。伊拉瓦尼表示，伊朗從未尋求助長該地區衝突的蔓延，也無意讓衝突擴大至全區。他補充道，伊朗無意在該地區與美國發生衝突，但若美國對伊朗、該國公民及國防安全發起軍事行動，伊朗將作出相應的回應。", "做賊喊抓賊XD?-----Sent from JPTT on my Samsung SM-S9180.--"], "post_comment": [{"comment_author": "ianlin1216", "comment_date": ["04/15", "08:55"], "comment_content": "我可以扁你，但你不能還手"}, {"comment_author": "railman", "comment_date": ["04/15", "08:56"], "comment_content": "兩邊都不打幹嘛放話佔版面"}, {"comment_author": "ianlin1216", "comment_date": ["04/15", "08:56"], "comment_content": "以能伊不能，跟塔綠班真像"}, {"comment_author": "roywow", "comment_date": ["04/15", "08:56"], "comment_content": "以色列自己選的腐敗主戰派政府"}, {"comment_author": "sheepxo", "comment_date": ["04/15", "08:57"], "comment_content": "以色列才想吧"}, {"comment_author": "gamania5972", "comment_date": ["04/15", "08:57"], "comment_content": "自介?"}, {"comment_author": "hkcdc", "comment_date": ["04/15", "08:58"], "comment_content": "以色列不是正在到處亂殺嗎"}, {"comment_author": "mmx3259", "comment_date": ["04/15", "08:58"], "comment_content": "以色列可不可以 不要這麼不要臉 好嗎"}, {"comment_author": "sunnywing", "comment_date": ["04/15", "08:59"], "comment_content": "只有以色列想打"}, {"comment_author": "nolag", "comment_date": ["04/15", "08:59"], "comment_content": "以色列打人前猜的到對方會還手吧"}, {"comment_author": "okichan", "comment_date": ["04/15", "08:59"], "comment_content": "講吸勃來文的中國人"}, {"comment_author": "aigame", "comment_date": ["04/15", "09:00"], "comment_content": "世界大戰第三賽季怎麼看都是以色列起的頭"}, {"comment_author": "tenka92417", "comment_date": ["04/15", "09:01"], "comment_content": "以色列為什麼要攻擊轟炸伊朗大使館？"}, {"comment_author": "tenka92417", "comment_date": ["04/15", "09:01"], "comment_content": "以色列在這件事上完全沒立場指責伊朗"}, {"comment_author": "serrier", "comment_date": ["04/15", "09:02"], "comment_content": "伊朗行使自衛權?某些攻擊時候裝睡啊"}, {"comment_author": "bear123", "comment_date": ["04/15", "09:02"], "comment_content": "哪來的想法？我打你應該？"}, {"comment_author": "lulumic", "comment_date": ["04/15", "09:18"], "comment_content": "以色列說詞弱爆了,強詞奪理又毫無說服力"}, {"comment_author": "widec", "comment_date": ["04/15", "09:18"], "comment_content": "好啦 打嘴砲就好 不要打大砲"}, {"comment_author": "peterwu4", "comment_date": ["04/15", "09:31"], "comment_content": "美國都狙殺伊朗聖城革命衛隊的指揮官了"}, {"comment_author": "ponkd", "comment_date": ["04/15", "09:45"], "comment_content": "二戰是因為納將搞種族滅絕才引起的 而現在"}, {"comment_author": "ponkd", "comment_date": ["04/15", "09:45"], "comment_content": "在搞種族滅絕的是以色列 還有臉說這種話？"}, {"comment_author": "f721001", "comment_date": ["04/15", "09:53"], "comment_content": "以色列太      恥"}, {"comment_author": "f721001", "comment_date": ["04/15", "09:54"], "comment_content": "全世界都知道 你是屠夫"}, {"comment_author": "f721001", "comment_date": ["04/15", "09:54"], "comment_content": "下地獄吧"}, {"comment_author": "machiusheng", "comment_date": ["04/15", "10:05"], "comment_content": "布丁：都是孬種"}, {"comment_author": "razan", "comment_date": ["04/15", "10:31"], "comment_content": "禁發Ettoday"}, {"comment_author": "ChangWufei", "comment_date": ["04/15", "11:49"], "comment_content": "瘋狗以色列四處亂放火還敢靠北喔"}, {"comment_author": "ipipi304", "comment_date": ["04/16", "01:42"], "comment_content": "伊朗是中國的盟友，八卦版很支持的"}]}
