{"author": "juyhnmki (juyhnmki)", "category": "Gossiping", "title": "[新聞] 快訊／賴清德520國宴落腳台南 盼外賓感", "date": "Sat Apr 13 11:30:46 2024", "content": ["快訊／賴清德520國宴落腳台南 盼外賓感受在地文化", "東森新聞 責任編輯 陳劭鈞520即將上任的準總統賴清德，國宴地點確定舉辦在", "的福爾摩沙遊艇飯店。總統府發言人林聿禪表示，選擇台南原因是因為正副總統當選人與台南的淵源，並且今年適逢「台南400」相關活動，希望讓參與國宴的外賓與友人，", "，展現台灣多元文化的魅力，以及軟實力。", "--"], "post_comment": [{"comment_author": "cutesoda", "comment_date": ["04/13", "11:31"], "comment_content": "選一個沒有飛機的地方 呵呵"}, {"comment_author": "DASHOCK", "comment_date": ["04/13", "11:31"], "comment_content": "小京都 台灣之光"}, {"comment_author": "C13H16ClNO", "comment_date": ["04/13", "11:31"], "comment_content": "...麻煩快遷都好嗎"}, {"comment_author": "YLTYY", "comment_date": ["04/13", "11:31"], "comment_content": "好險都開車"}, {"comment_author": "zzyyxx77", "comment_date": ["04/13", "11:31"], "comment_content": "暖"}, {"comment_author": "med5566", "comment_date": ["04/13", "11:31"], "comment_content": "外賓不會用雙腳走在台南街道上可惜"}, {"comment_author": "DORAQMON", "comment_date": ["04/13", "11:31"], "comment_content": "怎麼不辦在龍穴賴皮寮呢"}, {"comment_author": "Vassili242", "comment_date": ["04/13", "11:32"], "comment_content": "登革熱？"}, {"comment_author": "jokem", "comment_date": ["04/13", "11:32"], "comment_content": "應該在賴皮寮辦桌"}, {"comment_author": "ianlin1216", "comment_date": ["04/13", "11:32"], "comment_content": "乾脆遷都台南好了 把死忠北漂趕回去"}, {"comment_author": "lanslod", "comment_date": ["04/13", "11:32"], "comment_content": "88槍，在地文化"}, {"comment_author": "tmgl", "comment_date": ["04/13", "11:32"], "comment_content": "當天塞爆吧民眾 平常已經塞還得管制"}, {"comment_author": "AllenHuang", "comment_date": ["04/13", "11:32"], "comment_content": "台灣京都"}, {"comment_author": "jasin0425", "comment_date": ["04/13", "11:33"], "comment_content": "台南的交通...危"}, {"comment_author": "joe199277", "comment_date": ["04/13", "11:34"], "comment_content": "蚊子把外賓叮死"}, {"comment_author": "chrisesss", "comment_date": ["04/13", "11:34"], "comment_content": "體驗登革熱好棒"}, {"comment_author": "chrisesss", "comment_date": ["04/13", "11:35"], "comment_content": "應該辦在他最喜歡的美國才對"}, {"comment_author": "simon0909", "comment_date": ["04/13", "11:36"], "comment_content": "無預警停電 登革熱 食物中毒"}, {"comment_author": "scamprandy", "comment_date": ["04/13", "11:36"], "comment_content": "體驗登革熱跟交通亂象"}, {"comment_author": "deltarobot", "comment_date": ["04/13", "11:37"], "comment_content": "民主聖地"}, {"comment_author": "selo", "comment_date": ["04/13", "11:37"], "comment_content": "體驗宮廟亂象的在地文化嗎"}, {"comment_author": "tenka92417", "comment_date": ["04/13", "11:37"], "comment_content": "鎘米地溝油加萊豬豪華國宴"}, {"comment_author": "ebod221", "comment_date": ["04/13", "11:37"], "comment_content": "感受交通違規大解放的文化"}, {"comment_author": "Blue6", "comment_date": ["04/13", "11:38"], "comment_content": "登革熱"}, {"comment_author": "vincent0412", "comment_date": ["04/13", "11:38"], "comment_content": "台南人情味的交通？"}, {"comment_author": "cherrybabe", "comment_date": ["04/13", "11:41"], "comment_content": "有種別交管"}, {"comment_author": "fujimoto", "comment_date": ["04/13", "11:42"], "comment_content": "遷都台南好吧"}, {"comment_author": "Delerium", "comment_date": ["04/13", "11:42"], "comment_content": "爐渣的故鄉 綠蟲的溫床"}, {"comment_author": "DCinchaos", "comment_date": ["04/13", "11:43"], "comment_content": "順便遷都台南好嗎謝謝"}, {"comment_author": "TZUYIC", "comment_date": ["04/13", "11:43"], "comment_content": "外賓防蚊液噴好，怕你們得登革熱！"}, {"comment_author": "JT0624", "comment_date": ["04/13", "11:44"], "comment_content": "副總統賴清德表示，該案是他擔任台南市長"}, {"comment_author": "JT0624", "comment_date": ["04/13", "11:44"], "comment_content": "任內簽約之首宗旅館BOT案"}, {"comment_author": "JT0624", "comment_date": ["04/13", "11:45"], "comment_content": "這個飯店BOT案是賴清德市長任內搞的"}, {"comment_author": "wowcool7", "comment_date": ["04/13", "11:45"], "comment_content": "總督府也一起遷到台南拜託你了"}, {"comment_author": "jimmyliu1217", "comment_date": ["04/13", "11:45"], "comment_content": "走在鋪滿爐渣的道路上"}, {"comment_author": "relax1129", "comment_date": ["04/13", "11:46"], "comment_content": "連醬油都貼牌的都市"}, {"comment_author": "aa9012", "comment_date": ["04/13", "11:46"], "comment_content": "紅球嗎"}, {"comment_author": "CrossroadMEI", "comment_date": ["04/13", "11:47"], "comment_content": "外賓好可憐 以前都在圓山飯店吃大"}, {"comment_author": "CrossroadMEI", "comment_date": ["04/13", "11:47"], "comment_content": "餐 今年變成台南加糖料理"}, {"comment_author": "tendre", "comment_date": ["04/13", "11:47"], "comment_content": "體驗台南登革熱"}, {"comment_author": "yochiya", "comment_date": ["04/13", "11:48"], "comment_content": "讓外賓體驗爐渣米、登革熱"}, {"comment_author": "UOG7", "comment_date": ["04/13", "11:49"], "comment_content": "讓外賓感受一下登革熱 嚐嚐台灣價值的厲害"}, {"comment_author": "scum5566", "comment_date": ["04/13", "11:49"], "comment_content": "有吃爐渣跟表演砰砰砰嗎"}, {"comment_author": "davidonptt", "comment_date": ["04/13", "11:49"], "comment_content": "幹，八掛怨念好深！"}, {"comment_author": "nikewang", "comment_date": ["04/13", "11:50"], "comment_content": "請外賓去台南看落後地方 真丟臉耶"}, {"comment_author": "kevabc1", "comment_date": ["04/13", "11:50"], "comment_content": "一人一包砂糖"}, {"comment_author": "RealGarden", "comment_date": ["04/13", "11:50"], "comment_content": "有登革熱嗎?"}, {"comment_author": "molsmopuim", "comment_date": ["04/13", "11:51"], "comment_content": ""}, {"comment_author": "tpck", "comment_date": ["04/13", "11:52"], "comment_content": "小京都 連空氣都是甜的"}, {"comment_author": "scum5566", "comment_date": ["04/13", "11:52"], "comment_content": "國宴就選在光電案場中間好了，顯示台南"}, {"comment_author": "scum5566", "comment_date": ["04/13", "11:52"], "comment_content": "的威能啊"}, {"comment_author": "tonyhome", "comment_date": ["04/13", "11:52"], "comment_content": "腐城黑幫 賴皮狗官 德不配位"}, {"comment_author": "molsmopuim", "comment_date": ["04/13", "11:53"], "comment_content": ""}, {"comment_author": "DanielHAO", "comment_date": ["04/13", "11:53"], "comment_content": "首都要遷了沒"}, {"comment_author": "ToumaKazusa", "comment_date": ["04/13", "11:54"], "comment_content": "首都是要遷到台南了喔？有夠可悲～"}, {"comment_author": "molsmopuim", "comment_date": ["04/13", "11:55"], "comment_content": ""}, {"comment_author": "alfi2016", "comment_date": ["04/13", "11:56"], "comment_content": "台南有軍機 安平每天軍機飛來 飛去吵死"}, {"comment_author": "alfi2016", "comment_date": ["04/13", "11:56"], "comment_content": "惹"}, {"comment_author": "molsmopuim", "comment_date": ["04/13", "11:57"], "comment_content": ""}, {"comment_author": "sbflight", "comment_date": ["04/13", "11:57"], "comment_content": "建議外賓穿長袖長褲"}, {"comment_author": "tonyhu", "comment_date": ["04/13", "11:59"], "comment_content": "綠色文化？"}, {"comment_author": "nonsu", "comment_date": ["04/13", "12:00"], "comment_content": "歡迎外國友人來台灣京都感受民主跟濃濃人"}, {"comment_author": "nonsu", "comment_date": ["04/13", "12:00"], "comment_content": "情味 賴總統讚啦"}, {"comment_author": "colchi", "comment_date": ["04/13", "12:00"], "comment_content": "全糖珍奶、蝦仁豬心飯"}, {"comment_author": "gtr22101361", "comment_date": ["04/13", "12:01"], "comment_content": "認真講登革熱盛行地不好吧"}, {"comment_author": "artpower", "comment_date": ["04/13", "12:01"], "comment_content": "台灣京都 台南 讚"}, {"comment_author": "jealous0953", "comment_date": ["04/13", "12:02"], "comment_content": "有外賓為了參加國宴在路上被撞死就好"}, {"comment_author": "jealous0953", "comment_date": ["04/13", "12:02"], "comment_content": "笑了"}, {"comment_author": "keineAhnung", "comment_date": ["04/13", "12:03"], "comment_content": "啥爛地方啊XD"}, {"comment_author": "ksxo", "comment_date": ["04/13", "12:03"], "comment_content": "在路上就是在地文化了"}, {"comment_author": "Napoleon313", "comment_date": ["04/13", "12:04"], "comment_content": ""}, {"comment_author": "sion1993", "comment_date": ["04/13", "12:04"], "comment_content": "有種就不要坐車"}, {"comment_author": "uxy82", "comment_date": ["04/13", "12:04"], "comment_content": "在地有什麼文化？違停、不戴安全帽嗎？"}, {"comment_author": "Napoleon313", "comment_date": ["04/13", "12:05"], "comment_content": "圓山飯店去年出包 國宴菜單出現中華"}, {"comment_author": "Solosea", "comment_date": ["04/13", "12:05"], "comment_content": "希望吃到烙賽  看會不會重視一下食安"}, {"comment_author": "Napoleon313", "comment_date": ["04/13", "12:05"], "comment_content": "人民共和國 國家的門面出這種大包"}, {"comment_author": "Napoleon313", "comment_date": ["04/13", "12:05"], "comment_content": "換人辦也好 有競爭有進步"}, {"comment_author": "kairiyu", "comment_date": ["04/13", "12:05"], "comment_content": "感受登革熱的威力"}, {"comment_author": "sdg235", "comment_date": ["04/13", "12:06"], "comment_content": "敢不清場讓外賓感受違停文化嗎？"}, {"comment_author": "dreamdds", "comment_date": ["04/13", "12:06"], "comment_content": "在地文化是車刑嗎？"}, {"comment_author": "scum5566", "comment_date": ["04/13", "12:07"], "comment_content": "67樓，我快笑死XDDDD"}, {"comment_author": "clairehao", "comment_date": ["04/13", "12:08"], "comment_content": "大官不要警察開道 才知道交通多亂"}, {"comment_author": "ericthree", "comment_date": ["04/13", "12:09"], "comment_content": "外賓很高興來到柬埔寨"}, {"comment_author": "myeason", "comment_date": ["04/13", "12:09"], "comment_content": "不然要在台北食物中毒嗎"}, {"comment_author": "isaccrick", "comment_date": ["04/13", "12:10"], "comment_content": "要送外賓蚊帳伴手禮嗎"}, {"comment_author": "walkwithyou", "comment_date": ["04/13", "12:12"], "comment_content": "軍火古都"}, {"comment_author": "eeccms", "comment_date": ["04/13", "12:13"], "comment_content": "希望能讓他們體驗台灣的物理在地"}, {"comment_author": "billybbb", "comment_date": ["04/13", "12:15"], "comment_content": "笑死不敢辦在賴皮寮根本是心虛"}, {"comment_author": "lilinnnnnn", "comment_date": ["04/13", "12:15"], "comment_content": "登革熱治好了沒"}, {"comment_author": "doig", "comment_date": ["04/13", "12:17"], "comment_content": "也沒幾個外賓吧"}, {"comment_author": "billlushana1", "comment_date": ["04/13", "12:17"], "comment_content": "台北有毒有小草能給外賓看？"}, {"comment_author": "siloin", "comment_date": ["04/13", "12:18"], "comment_content": "不用回來了 在同溫層裡待著就好"}, {"comment_author": "questaptt", "comment_date": ["04/13", "12:19"], "comment_content": "再這樣，不遷都但可以研議討論，炒個"}, {"comment_author": "poasdm", "comment_date": ["04/13", "12:19"], "comment_content": ":"}, {"comment_author": "op520", "comment_date": ["04/13", "12:22"], "comment_content": "什麼在地文化，登革熱嗎"}, {"comment_author": "IKY201", "comment_date": ["04/13", "12:22"], "comment_content": "地球中心臺南。"}, {"comment_author": "polestar0505", "comment_date": ["04/13", "12:23"], "comment_content": "登革熱文化 染一下台灣價值"}, {"comment_author": "a00049g", "comment_date": ["04/13", "12:24"], "comment_content": "讓外賓享受南台灣的熱（疫）情"}, {"comment_author": "sheep922420", "comment_date": ["04/13", "12:24"], "comment_content": "一人配一個小芸"}, {"comment_author": "shuuptt", "comment_date": ["04/13", "12:24"], "comment_content": "40%都能贏當然要演起來鞏固"}, {"comment_author": "sturmpionier", "comment_date": ["04/13", "12:25"], "comment_content": "看會不會撞死幾個"}, {"comment_author": "snsdakb48", "comment_date": ["04/13", "12:25"], "comment_content": "記得不要停電就好"}, {"comment_author": "sturmpionier", "comment_date": ["04/13", "12:25"], "comment_content": "登革熱 爐渣米多吃點"}, {"comment_author": "alex9999", "comment_date": ["04/13", "12:26"], "comment_content": "趕快遷都去南部"}, {"comment_author": "DOOT", "comment_date": ["04/13", "12:26"], "comment_content": "怎麼不在賴皮寮辦流水席"}, {"comment_author": "tayuplay", "comment_date": ["04/13", "12:31"], "comment_content": "垃圾加九那種"}, {"comment_author": "ymfx000a", "comment_date": ["04/13", "12:31"], "comment_content": "塞車然後坐在騎樓聞廢氣吃飯這樣？"}, {"comment_author": "spectre", "comment_date": ["04/13", "12:36"], "comment_content": "南蠻"}, {"comment_author": "dyrus", "comment_date": ["04/13", "12:36"], "comment_content": "登革熱文化"}, {"comment_author": "dogdream", "comment_date": ["04/13", "12:37"], "comment_content": "體驗在地塞車蚊子文化"}, {"comment_author": "aunt", "comment_date": ["04/13", "12:37"], "comment_content": "交通 市容 登革熱 國際印象會變更差吧"}, {"comment_author": "leeyeah", "comment_date": ["04/13", "12:38"], "comment_content": "伴手禮登革熱外帶"}, {"comment_author": "ab566", "comment_date": ["04/13", "12:38"], "comment_content": "烘乾 40%綠蛆蔥桶"}, {"comment_author": "ab566", "comment_date": ["04/13", "12:39"], "comment_content": "南部低端帶衰台灣"}, {"comment_author": "tanby", "comment_date": ["04/13", "12:43"], "comment_content": "市長不進議會的文化嗎"}, {"comment_author": "j900414", "comment_date": ["04/13", "12:45"], "comment_content": "嘉義最近很常地震 認真嗎？"}, {"comment_author": "lanlinshieh", "comment_date": ["04/13", "12:45"], "comment_content": "爐渣登革熱"}, {"comment_author": "alex780312", "comment_date": ["04/13", "12:45"], "comment_content": "吃個飯藍白粉也崩潰XD"}, {"comment_author": "vul3vmp4", "comment_date": ["04/13", "12:51"], "comment_content": "假台獨"}, {"comment_author": "CloudVII", "comment_date": ["04/13", "12:53"], "comment_content": "讚喔 鞏固40%"}, {"comment_author": "rubyisred", "comment_date": ["04/13", "12:53"], "comment_content": "先感受登革熱"}, {"comment_author": "eternalmi16", "comment_date": ["04/13", "12:54"], "comment_content": "讓外賓看臭黃瓜市長當多爛"}, {"comment_author": "polo5615", "comment_date": ["04/13", "12:55"], "comment_content": "老家在萬里 還在地 可憐那"}, {"comment_author": "drmactt", "comment_date": ["04/13", "12:55"], "comment_content": "米其0小京都不會丟臉的，交通要安排好不"}, {"comment_author": "drmactt", "comment_date": ["04/13", "12:55"], "comment_content": "要讓外賓受傷就是了"}, {"comment_author": "yamina", "comment_date": ["04/13", "12:56"], "comment_content": "下飛機還要坐很久的車，真累"}, {"comment_author": "lupefan4eva", "comment_date": ["04/13", "12:57"], "comment_content": "台南人表示 觀光客吃的"}, {"comment_author": "huiyin220923", "comment_date": ["04/13", "13:02"], "comment_content": "八又翻"}, {"comment_author": "shadowdio", "comment_date": ["04/13", "13:02"], "comment_content": "記得跟外賓介紹去年台南登革熱幾例"}, {"comment_author": "q22w", "comment_date": ["04/13", "13:04"], "comment_content": "斷電 登革熱 公廟+9？"}, {"comment_author": "syensyens", "comment_date": ["04/13", "13:05"], "comment_content": "讚喔"}, {"comment_author": "atpx4869s", "comment_date": ["04/13", "13:06"], "comment_content": "南方崛起！讚！"}, {"comment_author": "NICK992", "comment_date": ["04/13", "13:07"], "comment_content": "    總部搬到聾穴賴皮寮才對"}, {"comment_author": "charsa", "comment_date": ["04/13", "13:08"], "comment_content": "賴皮寮辦桌不好嗎？"}, {"comment_author": "j33128", "comment_date": ["04/13", "13:08"], "comment_content": "孽緣，落跑市長"}, {"comment_author": "bluezero000", "comment_date": ["04/13", "13:15"], "comment_content": "順便體驗登革熱，在地爐渣美食"}, {"comment_author": "inuwanwan", "comment_date": ["04/13", "13:17"], "comment_content": "嗡嗡的熱情與醫療王國"}, {"comment_author": "tom1234203", "comment_date": ["04/13", "13:18"], "comment_content": "可悲"}, {"comment_author": "herculus6502", "comment_date": ["04/13", "13:18"], "comment_content": "我寧願旁邊吃豆花"}, {"comment_author": "tn907915", "comment_date": ["04/13", "13:20"], "comment_content": "外賓：我怕登革熱"}, {"comment_author": "AIRWAY1021", "comment_date": ["04/13", "13:20"], "comment_content": "如果又得到登革熱馬上獲頒榮譽市民"}, {"comment_author": "c642358", "comment_date": ["04/13", "13:22"], "comment_content": "拜託把賴皮寮也搬回去，好嗎？"}, {"comment_author": "c642358", "comment_date": ["04/13", "13:23"], "comment_content": "死忠登革熱市的最愛"}, {"comment_author": "DRAGON0324", "comment_date": ["04/13", "13:26"], "comment_content": "不會讓外賓有機會走在路上吧？"}, {"comment_author": "lunarexia", "comment_date": ["04/13", "13:27"], "comment_content": "最落後的城市"}, {"comment_author": "paul115", "comment_date": ["04/13", "13:27"], "comment_content": "傻子 國宴嘉賓當然是警車開道 誰跟你體"}, {"comment_author": "paul115", "comment_date": ["04/13", "13:28"], "comment_content": "驗台南風情"}, {"comment_author": "johnny04a", "comment_date": ["04/13", "13:34"], "comment_content": "贊成遷都"}, {"comment_author": "joy20023212", "comment_date": ["04/13", "13:34"], "comment_content": "綠畜就愛這味"}, {"comment_author": "serendipity", "comment_date": ["04/13", "13:43"], "comment_content": "     北藍肥宅開酸"}, {"comment_author": "greg7575", "comment_date": ["04/13", "13:45"], "comment_content": "請尼哥吃糖"}, {"comment_author": "mopackm53637", "comment_date": ["04/13", "13:45"], "comment_content": "外賓到台南，看到台南人民以為到第"}, {"comment_author": "mopackm53637", "comment_date": ["04/13", "13:45"], "comment_content": "三世界吧"}, {"comment_author": "mopackm53637", "comment_date": ["04/13", "13:46"], "comment_content": "自卑轉自大的城市"}, {"comment_author": "a6444long", "comment_date": ["04/13", "13:47"], "comment_content": "吃個爐渣米 糖食 要人跑這麼遠！在台北"}, {"comment_author": "a6444long", "comment_date": ["04/13", "13:47"], "comment_content": "吃不是很好嗎？"}, {"comment_author": "pttjason", "comment_date": ["04/13", "13:50"], "comment_content": "台南路已經夠小夠亂了"}, {"comment_author": "jeff0801", "comment_date": ["04/13", "13:54"], "comment_content": "死忠"}, {"comment_author": "ipipi304", "comment_date": ["04/13", "13:54"], "comment_content": "台南栽培出來的，沒意外會選台南"}, {"comment_author": "Rueishiuan", "comment_date": ["04/13", "13:58"], "comment_content": "登革熱盛產地"}, {"comment_author": "pingwawa", "comment_date": ["04/13", "13:58"], "comment_content": "小心登革熱"}, {"comment_author": "serez", "comment_date": ["04/13", "13:59"], "comment_content": "登革熱->笑死"}, {"comment_author": "jairon", "comment_date": ["04/13", "14:04"], "comment_content": "順便體驗台南交通"}, {"comment_author": "robertchun", "comment_date": ["04/13", "14:05"], "comment_content": "讚"}, {"comment_author": "lokiwash", "comment_date": ["04/13", "14:09"], "comment_content": "台南那種市容只能說丟臉  鄉下又醜"}, {"comment_author": "kilhi", "comment_date": ["04/13", "14:16"], "comment_content": "遷都台南！遷都台南！遷都台南！"}, {"comment_author": "Motor", "comment_date": ["04/13", "14:18"], "comment_content": "可憐的外賓"}, {"comment_author": "griffick", "comment_date": ["04/13", "14:19"], "comment_content": "應該在賴皮寮辦才對啊"}, {"comment_author": "Centauro", "comment_date": ["04/13", "14:19"], "comment_content": "感受第三世界"}, {"comment_author": "peterchou", "comment_date": ["04/13", "14:24"], "comment_content": "吃啥 爐渣米嗎"}, {"comment_author": "Oumnli", "comment_date": ["04/13", "14:25"], "comment_content": "順便體會台灣的交通亂象，很讚"}, {"comment_author": "VVinSaber", "comment_date": ["04/13", "14:29"], "comment_content": "讚啦"}, {"comment_author": "TFBF", "comment_date": ["04/13", "14:34"], "comment_content": "推薦在地行程 散步在台南 然後被撞死"}, {"comment_author": "Arkadas", "comment_date": ["04/13", "14:38"], "comment_content": "登革熱和交通地獄的文化嗎 讚讚讚"}, {"comment_author": "angelo98", "comment_date": ["04/13", "14:39"], "comment_content": "不想管你在那邊吃飯，只要你把國政弄好"}, {"comment_author": "angelo98", "comment_date": ["04/13", "14:39"], "comment_content": "就很萬幸了"}, {"comment_author": "visadanny", "comment_date": ["04/13", "14:51"], "comment_content": "鎘米宴"}, {"comment_author": "DDJwolf", "comment_date": ["04/13", "14:57"], "comment_content": "登革熱喔"}, {"comment_author": "CIDgreen", "comment_date": ["04/13", "15:00"], "comment_content": "讚  希望那天大學長努力一點"}, {"comment_author": "korzen", "comment_date": ["04/13", "15:14"], "comment_content": "體驗走在車道上的台南風情"}, {"comment_author": "Yyyyyy", "comment_date": ["04/13", "15:20"], "comment_content": "糖庫存夠嗎?"}, {"comment_author": "shi21", "comment_date": ["04/13", "15:21"], "comment_content": "體驗車子違停的文化嗎"}, {"comment_author": "paulsama", "comment_date": ["04/13", "15:22"], "comment_content": "台南 你要確定耶"}, {"comment_author": "indium111", "comment_date": ["04/13", "15:26"], "comment_content": "責罵不辦在戴奧辛的台中市？ 看不起我"}, {"comment_author": "indium111", "comment_date": ["04/13", "15:26"], "comment_content": "們黑道市嗎？"}, {"comment_author": "nowlowding", "comment_date": ["04/13", "15:38"], "comment_content": "小心交通"}, {"comment_author": "Guondamflam", "comment_date": ["04/13", "15:45"], "comment_content": "有種遷都臺南。"}, {"comment_author": "AlbertLai", "comment_date": ["04/13", "15:47"], "comment_content": "很好啊 有何不可"}, {"comment_author": "GGwawa", "comment_date": ["04/13", "16:57"], "comment_content": "遷都到台南吧"}, {"comment_author": "mangle", "comment_date": ["04/13", "17:34"], "comment_content": "體驗登革熱"}, {"comment_author": "HarshHo0606", "comment_date": ["04/13", "18:04"], "comment_content": "首先先體驗路上併排停車的美景"}, {"comment_author": "arminvanbuur", "comment_date": ["04/13", "18:11"], "comment_content": "我以為會在賴皮寮擺流水席呢"}, {"comment_author": "nightwing", "comment_date": ["04/13", "18:31"], "comment_content": ""}, {"comment_author": "p9i1n0g0u4", "comment_date": ["04/13", "18:43"], "comment_content": "會不會食物中毒啊？"}, {"comment_author": "ventusboy", "comment_date": ["04/13", "18:46"], "comment_content": "希望社宅不要又騙4年 .."}, {"comment_author": "HsuKathy", "comment_date": ["04/13", "18:48"], "comment_content": "不要叫外賓徒步過馬路哦"}, {"comment_author": "nubixi", "comment_date": ["04/13", "19:19"], "comment_content": "必需的，88槍迎賓"}, {"comment_author": "kl2991", "comment_date": ["04/13", "19:56"], "comment_content": "最好被撞死"}, {"comment_author": "wbsinger", "comment_date": ["04/13", "21:01"], "comment_content": "感受爐渣米、萊豬及蘇丹紅餐"}, {"comment_author": "penny1119", "comment_date": ["04/14", "01:40"], "comment_content": ":"}, {"comment_author": "rsomye", "comment_date": ["04/14", "08:40"], "comment_content": "直接遷都台南比較好，台南人驕傲"}, {"comment_author": "kalde", "comment_date": ["04/14", "09:12"], "comment_content": "先上爐渣米吃吃吧？"}, {"comment_author": "bobokeke", "comment_date": ["04/14", "15:17"], "comment_content": "把登革熱散佈到世界，讓世界看見台南"}, {"comment_author": "athome1", "comment_date": ["04/14", "15:40"], "comment_content": "綠電黑金腐化之都"}]}
