{"author": "Qorqios (☜不要笑☟不要笑☞)", "category": "Gossiping", "title": "[新聞] 國中國小禁早自習考試　督導教學正常化八", "date": "Mon Apr 15 19:20:27 2024", "content": ["1.媒體來源:國語日報2.記者署名:陳芝瑄／臺北報導 (2024/4/15)3.完整新聞標題:", "4.　教育部日前公告《國民小學及國民中學正常教學督導辦法》草案，學校實施學生學習評量，不得於", "、", "、", "或", "時間辦理；國三升學模擬考，也不可在寒暑假結束後第一週舉辦，今年八月起實施。　根據草案內容，國中小辦理學習評量，應在學習節數內第一節至第七節課實施，不得在上午第一節課前的早自習、課間或中午休息、第七節課後的輔導時間辦理；此外，考量學生寒暑假多元自主學習與休憩權益，並降低學習負荷，學校應於國三辦理模擬升學測驗或國中教育會考的準總結性評量，且不得在寒暑假結束後第一週實施。　草案指出，國中小如辦理課後輔導、寒暑假學藝活動及留校自習，課程以複習為主，不能教新進度，並以自由參加為原則；課後輔導應於週一至週五，時間每日不超過下午五點半；寒暑假學藝活動於週一至週五上午辦理。　另外，直轄市、縣（市）主管機關應訂定正常教學視導計畫，依計畫組成視導小組，至其轄區內國民中小學視導，且每學年無預警抽查一定比率校數。5.完整新聞連結 (或短網址)不可用YAHOO、LINE、MSN等轉載媒體:", "--", "--"], "post_comment": [{"comment_author": "Dcwei", "comment_date": ["04/15", "19:21"], "comment_content": "我們國中每天七點半就開始小考"}, {"comment_author": "LSW1990", "comment_date": ["04/15", "19:21"], "comment_content": "老人可以爭取縮短工時"}, {"comment_author": "Winston13840", "comment_date": ["04/15", "19:21"], "comment_content": "早自習拿來考英文臭了嗎"}, {"comment_author": "Aotearoa", "comment_date": ["04/15", "19:22"], "comment_content": "也好啦"}, {"comment_author": "s540421", "comment_date": ["04/15", "19:22"], "comment_content": "聰明的學校一定是美術/體育挪到早自習/"}, {"comment_author": "s540421", "comment_date": ["04/15", "19:22"], "comment_content": "課輔時段"}, {"comment_author": "uohZemllac", "comment_date": ["04/15", "19:22"], "comment_content": "改叫早上自我練習，但還是要打分數"}, {"comment_author": "godblass520", "comment_date": ["04/15", "19:23"], "comment_content": "現在正值公校招生季，這則規定無疑"}, {"comment_author": "godblass520", "comment_date": ["04/15", "19:23"], "comment_content": "更加劇今年私中的競爭"}, {"comment_author": "CharleneTsai", "comment_date": ["04/15", "19:23"], "comment_content": "私中/補習班表示開心"}, {"comment_author": "tttxxx", "comment_date": ["04/15", "19:23"], "comment_content": "以前國中班導連不是他的科目 也拿來考"}, {"comment_author": "tchialen", "comment_date": ["04/15", "19:23"], "comment_content": "梵諦岡"}, {"comment_author": "yoher", "comment_date": ["04/15", "19:24"], "comment_content": "上有政策 下有對策"}, {"comment_author": "qaz223gy", "comment_date": ["04/15", "19:24"], "comment_content": "改個名字 沒問題"}, {"comment_author": "syntax123", "comment_date": ["04/15", "19:27"], "comment_content": "安啦  不打分數就不算考試囉"}, {"comment_author": "nightwing", "comment_date": ["04/15", "19:28"], "comment_content": "台灣的教育制度  一年比一年更不正常"}, {"comment_author": "rony98", "comment_date": ["04/15", "19:29"], "comment_content": "老師：來 這些考卷和習題帶回去做"}, {"comment_author": "odaaaaa", "comment_date": ["04/15", "19:29"], "comment_content": "私中鼓掌歡迎政策通過"}, {"comment_author": "nightwing", "comment_date": ["04/15", "19:29"], "comment_content": "教改亂改  最後家長通通都送到補習班"}, {"comment_author": "odaaaaa", "comment_date": ["04/15", "19:29"], "comment_content": "愛投民進黨的窮人孩子就去公校囉！"}, {"comment_author": "odaaaaa", "comment_date": ["04/15", "19:30"], "comment_content": "壞的變8+9，好的準備被8+9。哈哈"}, {"comment_author": "b2305911", "comment_date": ["04/15", "19:32"], "comment_content": "問就是體育課美勞課考試"}, {"comment_author": "dogdudu", "comment_date": ["04/15", "19:33"], "comment_content": "都不考試就好啦！第一次考試就是期中考"}, {"comment_author": "dogdudu", "comment_date": ["04/15", "19:33"], "comment_content": "期末考，考不好影響升學是你的事就，爽"}, {"comment_author": "dogdudu", "comment_date": ["04/15", "19:33"], "comment_content": "！補習班、私立國中要爆滿了！"}, {"comment_author": "iammark0223", "comment_date": ["04/15", "19:36"], "comment_content": "國小一直都沒在考吧"}, {"comment_author": "duo05182", "comment_date": ["04/15", "19:36"], "comment_content": "最後就是有錢有勢都去唸私中了"}, {"comment_author": "duo05182", "comment_date": ["04/15", "19:37"], "comment_content": "公立剩下一堆窮人或者不想讀書的"}, {"comment_author": "parappa", "comment_date": ["04/15", "19:38"], "comment_content": "低端才唸沒競爭力的公立學校"}, {"comment_author": "a85201207", "comment_date": ["04/15", "19:38"], "comment_content": "好想去讀現在的中小學"}, {"comment_author": "conqueror507", "comment_date": ["04/15", "19:41"], "comment_content": "改成9點上學，4點下課"}, {"comment_author": "duo05182", "comment_date": ["04/15", "19:42"], "comment_content": "幾點下課都沒用 反正就是送安親班"}, {"comment_author": "nightwing", "comment_date": ["04/15", "19:44"], "comment_content": "幾點上課都無所謂  反正都是3C玩到半夜"}, {"comment_author": "ad1339", "comment_date": ["04/15", "19:47"], "comment_content": "好的，補習班要排更多課了~"}, {"comment_author": "koexe", "comment_date": ["04/15", "19:47"], "comment_content": "很好啊 學生比勞工工時還長是一件很可悲的"}, {"comment_author": "koexe", "comment_date": ["04/15", "19:47"], "comment_content": "事"}, {"comment_author": "ad1339", "comment_date": ["04/15", "19:48"], "comment_content": "改成配合上班時間還比較合理一點~"}, {"comment_author": "cattila", "comment_date": ["04/15", "19:55"], "comment_content": "白癡政策,課綱改的亂七八糟,老師連正課"}, {"comment_author": "cattila", "comment_date": ["04/15", "19:56"], "comment_content": "都上不完,最好還有時間考試啦!!!"}, {"comment_author": "bbs0840738", "comment_date": ["04/15", "19:56"], "comment_content": "台灣人最愛的假道學來囉，社會崇尚菁"}, {"comment_author": "bbs0840738", "comment_date": ["04/15", "19:56"], "comment_content": "英和升學主義，卻又要執行快樂學習"}, {"comment_author": "bbs0840738", "comment_date": ["04/15", "19:56"], "comment_content": "我就笑看公校越來越招不到學生"}, {"comment_author": "EXUAN", "comment_date": ["04/15", "19:57"], "comment_content": "那改晚自習考好了"}, {"comment_author": "tenching", "comment_date": ["04/15", "20:16"], "comment_content": "音樂美術都拿來給英數物理化學趕課"}, {"comment_author": "tenching", "comment_date": ["04/15", "20:16"], "comment_content": "有時候體育課還被凹 超智障"}, {"comment_author": "gary82gary", "comment_date": ["04/15", "20:45"], "comment_content": "砍掉一些廢課比較好"}, {"comment_author": "giveme118", "comment_date": ["04/15", "20:49"], "comment_content": "體育課…"}, {"comment_author": "dogdream", "comment_date": ["04/15", "20:58"], "comment_content": "塔綠班愚民政策大成功"}, {"comment_author": "idolater", "comment_date": ["04/15", "21:00"], "comment_content": "推動公校畢業生會考無條件加20分就會平"}, {"comment_author": "idolater", "comment_date": ["04/15", "21:00"], "comment_content": "衡了"}, {"comment_author": "huangboy31", "comment_date": ["04/15", "21:17"], "comment_content": "現在的小孩真的很幸福欸"}, {"comment_author": "missile", "comment_date": ["04/15", "21:19"], "comment_content": "私校沒在鳥教育部，家長最愛送私校"}]}
