{"author": "selisja (未來捕手)", "category": "Gossiping", "title": "[新聞] 不法金流2700萬！徐巧芯大姑涉詐欺、洗", "date": "Sun Apr 14 09:08:37 2024", "content": ["不法金流2700萬！徐巧芯大姑涉詐欺、洗錢 收押禁見自由 記者吳政峰／台北報導刑事局電偵一隊清查165反詐騙專線的通報資料，發現一名林姓男子成立人頭公司，帳戶交由杜姓男子、劉姓女子夫妻檔使用，不法金流高達2700萬餘元，疑涉詐欺、洗錢，3月間報請台北地檢署偵辦，檢察官訊後認3人有勾串、滅證之虞，向台北地院聲押獲准。而經查，劉女的真實身分，竟是國民黨立委徐巧芯的大姑。電偵一隊依打詐「情資研析中心」研析假投資詐欺案件，比對165反詐騙專線資料，追查被害人被騙轉出款項金流，發現有一疑似人頭公司帳戶涉嫌經手詐欺贓款進行洗錢，發交電信偵查大隊第一隊偵辦，並與台北市警局刑事警察大隊偵一隊組成專案小組，報請北檢指揮偵辦。案經追查，檢警發現林姓公司負責人涉嫌擔任人頭及車手，負責開立公司帳戶供杜、劉兩夫妻使用，並受杜嫌指揮協助提款及層轉洗錢，涉案不法金流約2700萬餘元。檢察官認3人涉及詐欺、洗錢，犯罪嫌疑重大，向台北地院聲請搜索票獲准，3月25日指揮警方搜索，並核發拘票拘提林、杜、劉等3名犯嫌到案，訊後認3人有勾串、滅證之虞，向北院聲請羈押禁見獲准，至於不法所得數額、是否有共犯、相關犯罪事實，現由檢察官指揮專案小組擴大偵辦中。劉女真實身分之前傳為徐巧芯的親戚，而今證實確為大姑。徐曾多次高喊反詐騙，未料親戚竟涉詐，綜合媒體報導，她對此切割稱不了解案情，強調成年人要為自己的行為負責，大姑夫妻檔曾騷擾她的朋友，詐騙家人錢財，她已多次嚴正告誡對方，不可能與其有任何合作來往，請勿藉她的名義在外招搖撞騙，並留有對話紀錄佐證，也曾經協助受害的朋友向警方報案。", "--"], "post_comment": [{"comment_author": "asclepias", "comment_date": ["04/14", "09:09"], "comment_content": "有沒有可能知情不報"}, {"comment_author": "apeter83", "comment_date": ["04/14", "09:09"], "comment_content": "八又翻"}, {"comment_author": "hero770624", "comment_date": ["04/14", "09:09"], "comment_content": "政府：是妳自己叫我用力抓的喔"}, {"comment_author": "q34355997", "comment_date": ["04/14", "09:09"], "comment_content": ""}, {"comment_author": "mom213", "comment_date": ["04/14", "09:10"], "comment_content": "八卦女神出事啦"}, {"comment_author": "thaloyo", "comment_date": ["04/14", "09:11"], "comment_content": "連連看大師要出動嗎"}, {"comment_author": "a1202799", "comment_date": ["04/14", "09:11"], "comment_content": "標題殺人，親戚巧芯女神管不著阿Q_Q"}, {"comment_author": "Forcast", "comment_date": ["04/14", "09:11"], "comment_content": "大毒菇?"}, {"comment_author": "s820912gmail", "comment_date": ["04/14", "09:11"], "comment_content": "國民黨 哈哈"}, {"comment_author": "championbad", "comment_date": ["04/14", "09:11"], "comment_content": "黃國昌不敢連這個"}, {"comment_author": "vodkalime607", "comment_date": ["04/14", "09:11"], "comment_content": "照八卦的邏輯-這家人都貪污仔"}, {"comment_author": "neoa01", "comment_date": ["04/14", "09:12"], "comment_content": "太扯了 民進黨執政詐騙掏空台灣"}, {"comment_author": "qber", "comment_date": ["04/14", "09:12"], "comment_content": ""}, {"comment_author": "neoa01", "comment_date": ["04/14", "09:12"], "comment_content": "行政立法司法失能，詐騙天堂 台灣地獄"}, {"comment_author": "StylishTrade", "comment_date": ["04/14", "09:12"], "comment_content": "老公長的像陳致中 哈哈哈哈哈"}, {"comment_author": "ET01", "comment_date": ["04/14", "09:12"], "comment_content": "大姑涉詐.大餅擔任反詐大使.絕配"}, {"comment_author": "doublecroxx", "comment_date": ["04/14", "09:13"], "comment_content": "怎麼他姑姓劉?"}, {"comment_author": "kairi5217", "comment_date": ["04/14", "09:13"], "comment_content": "欸嘿 一門忠烈耶"}, {"comment_author": "ppc", "comment_date": ["04/14", "09:14"], "comment_content": "切割囉"}, {"comment_author": "hank791221", "comment_date": ["04/14", "09:14"], "comment_content": "巧芯跟著八卦版一起翻車？"}, {"comment_author": "hiphopmei", "comment_date": ["04/14", "09:15"], "comment_content": "笑死 數位部就經費沒人追究"}, {"comment_author": "iwei0930", "comment_date": ["04/14", "09:15"], "comment_content": "巧芯就貼統神 朱學恆之流啊"}, {"comment_author": "Obiwan", "comment_date": ["04/14", "09:16"], "comment_content": "大姑：先生的姊姊！所以也是台中市研考會"}, {"comment_author": "Obiwan", "comment_date": ["04/14", "09:16"], "comment_content": "主委的姊姊涉及詐騙洗錢，媽媽市長又消失"}, {"comment_author": "Obiwan", "comment_date": ["04/14", "09:16"], "comment_content": "了"}, {"comment_author": "coolan", "comment_date": ["04/14", "09:16"], "comment_content": "連連看 現在連到誰了呀"}, {"comment_author": "jeffky", "comment_date": ["04/14", "09:16"], "comment_content": "八卦女神那就沒事了。"}, {"comment_author": "sleepyrat", "comment_date": ["04/14", "09:16"], "comment_content": "選市長的條件更完整了"}, {"comment_author": "paulispig", "comment_date": ["04/14", "09:17"], "comment_content": "有幫立法委員辦活動"}, {"comment_author": "kingofturtle", "comment_date": ["04/14", "09:17"], "comment_content": "有人"}, {"comment_author": "fake", "comment_date": ["04/14", "09:17"], "comment_content": "開始連連看"}, {"comment_author": "kingofturtle", "comment_date": ["04/14", "09:17"], "comment_content": "要出來連連看嗎"}, {"comment_author": "kuninaka", "comment_date": ["04/14", "09:17"], "comment_content": "哈哈哈 笑死"}, {"comment_author": "kingearth", "comment_date": ["04/14", "09:18"], "comment_content": "imB主嫌涉詐90億元，民進黨多人合作吃"}, {"comment_author": "wellwest", "comment_date": ["04/14", "09:18"], "comment_content": "八又翻"}, {"comment_author": "darkbrigher", "comment_date": ["04/14", "09:18"], "comment_content": "八卦女神"}, {"comment_author": "kingearth", "comment_date": ["04/14", "09:18"], "comment_content": "香喝辣，主嫌就是跟對雙標民進黨詐騙快"}, {"comment_author": "kingearth", "comment_date": ["04/14", "09:18"], "comment_content": "樂無邊"}, {"comment_author": "KIDbitch", "comment_date": ["04/14", "09:18"], "comment_content": "低能綠腦的imb連到哪裡了？？"}, {"comment_author": "DCSHK", "comment_date": ["04/14", "09:18"], "comment_content": "陳其邁:............."}, {"comment_author": "polestar0505", "comment_date": ["04/14", "09:19"], "comment_content": "藍綠一家親 都是挺詐騙的"}, {"comment_author": "cityport", "comment_date": ["04/14", "09:20"], "comment_content": "為什麼會不同姓?"}, {"comment_author": "fallinlove15", "comment_date": ["04/14", "09:20"], "comment_content": "有詐騙就抓啊 沒什麼問題 那綠腦 i"}, {"comment_author": "fallinlove15", "comment_date": ["04/14", "09:20"], "comment_content": "mb辦到哪了 詐騙集團的車子好用嗎"}, {"comment_author": "hwaien", "comment_date": ["04/14", "09:20"], "comment_content": "看來連老公都沒有血緣關係了"}, {"comment_author": "whitecow", "comment_date": ["04/14", "09:20"], "comment_content": "次元刀拼命切啊"}, {"comment_author": "sss6515366", "comment_date": ["04/14", "09:20"], "comment_content": "不跟統神一樣送暖嗎"}, {"comment_author": "rebecca7528", "comment_date": ["04/14", "09:21"], "comment_content": "先觀望看看，不好說是不是徐被搞"}, {"comment_author": "PSP156", "comment_date": ["04/14", "09:21"], "comment_content": "可以回去講吧"}, {"comment_author": "kingearth", "comment_date": ["04/14", "09:22"], "comment_content": "反觀民進黨本人立委直接跟詐騙首腦直接"}, {"comment_author": "kingearth", "comment_date": ["04/14", "09:22"], "comment_content": "詐騙超過90億，跟著雙標民進黨詐騙就沒"}, {"comment_author": "kingearth", "comment_date": ["04/14", "09:22"], "comment_content": "事囉，有查到的就這麼多沒查到的呵呵"}, {"comment_author": "kobelouli", "comment_date": ["04/14", "09:22"], "comment_content": "這下有趣了"}, {"comment_author": "jumpdog5566", "comment_date": ["04/14", "09:22"], "comment_content": "900：與我無關"}, {"comment_author": "playdoom", "comment_date": ["04/14", "09:22"], "comment_content": "民進黨見獵心喜，報了又報，只是沒屁用"}, {"comment_author": "playdoom", "comment_date": ["04/14", "09:22"], "comment_content": "，再多的煙霧，也遮蓋不了民進黨的無能"}, {"comment_author": "playdoom", "comment_date": ["04/14", "09:22"], "comment_content": "與貪污"}, {"comment_author": "hcwang1126", "comment_date": ["04/14", "09:23"], "comment_content": "偵查不公開… 笑看弄狗互咬"}, {"comment_author": "tomoko17", "comment_date": ["04/14", "09:23"], "comment_content": "台北市前政府108人貪污 國民黨案件更多"}, {"comment_author": "thaloyo", "comment_date": ["04/14", "09:23"], "comment_content": "不准污衊八卦女神"}, {"comment_author": "aaa1124078", "comment_date": ["04/14", "09:24"], "comment_content": "徐美鳳噁芯這時不敢連連看了"}, {"comment_author": "fake", "comment_date": ["04/14", "09:24"], "comment_content": "有些人好像很著急想把話題扯到別的地方去"}, {"comment_author": "fake", "comment_date": ["04/14", "09:24"], "comment_content": "嘻嘻"}, {"comment_author": "soleaching", "comment_date": ["04/14", "09:24"], "comment_content": "建議全部肅清嚴懲"}, {"comment_author": "chinsong", "comment_date": ["04/14", "09:25"], "comment_content": "急了"}, {"comment_author": "dearjohn", "comment_date": ["04/14", "09:25"], "comment_content": "不意外"}, {"comment_author": "mic73528", "comment_date": ["04/14", "09:26"], "comment_content": "連座法勒???誅九族阿"}, {"comment_author": "fioo", "comment_date": ["04/14", "09:26"], "comment_content": "哇"}, {"comment_author": "yarnt", "comment_date": ["04/14", "09:26"], "comment_content": "回去再講啦"}, {"comment_author": "abc5555990", "comment_date": ["04/14", "09:27"], "comment_content": " 換成綠營大姑 小草會是這種姑息態度?"}, {"comment_author": "wfleowang", "comment_date": ["04/14", "09:27"], "comment_content": "心疼巧芯女神"}, {"comment_author": "kingearth", "comment_date": ["04/14", "09:27"], "comment_content": "詐騙全部抓去關啦，可惜民進黨立委合作"}, {"comment_author": "fony1029", "comment_date": ["04/14", "09:27"], "comment_content": "一堆人在那邊黃國昌不敢xxx 你是他肚子"}, {"comment_author": "kingearth", "comment_date": ["04/14", "09:27"], "comment_content": "對象詐騙超過90億，所以到現在？？？"}, {"comment_author": "fony1029", "comment_date": ["04/14", "09:27"], "comment_content": "裡的蛔蟲喔"}, {"comment_author": "porkonrice", "comment_date": ["04/14", "09:28"], "comment_content": "\\美鳳美鳳得第一/"}, {"comment_author": "phenom42", "comment_date": ["04/14", "09:28"], "comment_content": "哈哈哈uccu"}, {"comment_author": "pro33342", "comment_date": ["04/14", "09:29"], "comment_content": "八卦女神"}, {"comment_author": "darkbrigher", "comment_date": ["04/14", "09:31"], "comment_content": "咆嘯昌就變小藍教了 你有看他對藍營"}, {"comment_author": "darkbrigher", "comment_date": ["04/14", "09:31"], "comment_content": "說啥重話嗎 都嘛在舔"}, {"comment_author": "aaa1124078", "comment_date": ["04/14", "09:32"], "comment_content": "徐美鳳：窩不知道，大家請不要連連看"}, {"comment_author": "illya65536", "comment_date": ["04/14", "09:34"], "comment_content": "顏色正確"}, {"comment_author": "huabandd", "comment_date": ["04/14", "09:34"], "comment_content": "徐巧芯要被靠北到死了"}, {"comment_author": "gy206578", "comment_date": ["04/14", "09:35"], "comment_content": "沒有黨證要搞詐騙？？？"}, {"comment_author": "kylie720", "comment_date": ["04/14", "09:35"], "comment_content": "政治獻金查一下有沒有詐騙來的捐款，有"}, {"comment_author": "kylie720", "comment_date": ["04/14", "09:35"], "comment_content": "沒有合照"}, {"comment_author": "shyanpet", "comment_date": ["04/14", "09:36"], "comment_content": "協尋連連看大師"}, {"comment_author": "rb79", "comment_date": ["04/14", "09:36"], "comment_content": "就看她說的是不是事實啊 如果真的本來就已"}, {"comment_author": "rb79", "comment_date": ["04/14", "09:36"], "comment_content": "經是騷擾家族的前科犯 早就切割也不是不可"}, {"comment_author": "rb79", "comment_date": ["04/14", "09:36"], "comment_content": "能 在這邊連連看的 是真有證據了？"}, {"comment_author": "jjbye", "comment_date": ["04/14", "09:37"], "comment_content": ""}, {"comment_author": "cisyong", "comment_date": ["04/14", "09:38"], "comment_content": "反觀高虹安...趴趴走"}, {"comment_author": "macoto4444", "comment_date": ["04/14", "09:38"], "comment_content": "大姑還幫巧芯辦造勢活動耶 根本同一"}, {"comment_author": "macoto4444", "comment_date": ["04/14", "09:38"], "comment_content": "夥"}, {"comment_author": "macoto4444", "comment_date": ["04/14", "09:38"], "comment_content": "還敢切割啊美鳳"}, {"comment_author": "mytropicfish", "comment_date": ["04/14", "09:38"], "comment_content": "國昌老師該出來譴責了 連連看 太過"}, {"comment_author": "shyanpet", "comment_date": ["04/14", "09:38"], "comment_content": "如果是綠營的大姑 你看他會怎麼連啊"}, {"comment_author": "kylie720", "comment_date": ["04/14", "09:39"], "comment_content": "900難道看新聞才知道，依她個性早就該"}, {"comment_author": "kylie720", "comment_date": ["04/14", "09:39"], "comment_content": "疑似就要大聲廣播提醒了。免得有人用名"}, {"comment_author": "jid", "comment_date": ["04/14", "09:39"], "comment_content": "誰會不知道甚麼卻跟親戚嚴正  知不合作跟來"}, {"comment_author": "kylie720", "comment_date": ["04/14", "09:39"], "comment_content": "號騙更多"}, {"comment_author": "hawdaiya", "comment_date": ["04/14", "09:40"], "comment_content": "女統神真噁心"}, {"comment_author": "seou", "comment_date": ["04/14", "09:40"], "comment_content": "違法就抓啊 不像某黨 不必去查+升官發財"}, {"comment_author": "HDanny", "comment_date": ["04/14", "09:40"], "comment_content": "民進黨才適用連連看 藍白一律無罪推定"}, {"comment_author": "xeins", "comment_date": ["04/14", "09:40"], "comment_content": "要跟民進黨幹還這麼大意"}, {"comment_author": "jimmy1688", "comment_date": ["04/14", "09:41"], "comment_content": "幫補血，等下芯網軍就來噓爆你惹"}, {"comment_author": "kairi5217", "comment_date": ["04/14", "09:41"], "comment_content": "這個我知道 這大姑是綠der 正義的大餅"}, {"comment_author": "petshopboys", "comment_date": ["04/14", "09:41"], "comment_content": "哈哈 建議大餅離婚徹底切割詐騙家族"}, {"comment_author": "kairi5217", "comment_date": ["04/14", "09:41"], "comment_content": "今天又切割換取了和平"}, {"comment_author": "lewis97001", "comment_date": ["04/14", "09:41"], "comment_content": "誰批評巧芯女神誰就是塔綠班"}, {"comment_author": "Rainning4545", "comment_date": ["04/14", "09:41"], "comment_content": "如果這咖是民進黨的，雙標板還不洗"}, {"comment_author": "Rainning4545", "comment_date": ["04/14", "09:41"], "comment_content": "個一個月"}, {"comment_author": "wwwwhite", "comment_date": ["04/14", "09:42"], "comment_content": "呼叫連連連連連連連連連連連看大師"}, {"comment_author": "ericeuro", "comment_date": ["04/14", "09:42"], "comment_content": "塔綠班high了。笑死"}, {"comment_author": "gomow", "comment_date": ["04/14", "09:45"], "comment_content": "可以加入民進黨了，恭喜"}, {"comment_author": "herochang", "comment_date": ["04/14", "09:46"], "comment_content": "大姑也要扯？"}, {"comment_author": "divaxxxx", "comment_date": ["04/14", "09:46"], "comment_content": "巧芯出事喇"}, {"comment_author": "Akun", "comment_date": ["04/14", "09:47"], "comment_content": "連連看大師該上場了吧 一定可以連到民進黨"}, {"comment_author": "Akun", "comment_date": ["04/14", "09:47"], "comment_content": "對吧"}, {"comment_author": "tom0407", "comment_date": ["04/14", "09:47"], "comment_content": "照白粉邏輯不是一人貪污詐騙 全家貪污詐"}, {"comment_author": "rea1", "comment_date": ["04/14", "09:47"], "comment_content": "巧芯得第一"}, {"comment_author": "tom0407", "comment_date": ["04/14", "09:47"], "comment_content": "騙？"}, {"comment_author": "q1478584", "comment_date": ["04/14", "09:48"], "comment_content": "出事啦巧芯 還不快點切割 嚴厲譴責啊 嘻"}, {"comment_author": "jsie", "comment_date": ["04/14", "09:48"], "comment_content": "太好賺國民黨也加入詐騙產業鏈惹"}, {"comment_author": "tom0407", "comment_date": ["04/14", "09:48"], "comment_content": "怎麼現在又雙標了呢 柯柯"}, {"comment_author": "q1478584", "comment_date": ["04/14", "09:48"], "comment_content": "嘻"}, {"comment_author": "cheng399", "comment_date": ["04/14", "09:49"], "comment_content": "額 這樣不行喔"}, {"comment_author": "edward198791", "comment_date": ["04/14", "09:49"], "comment_content": "..."}, {"comment_author": "ds361007", "comment_date": ["04/14", "09:50"], "comment_content": "通通吊路燈"}, {"comment_author": "Sashaaaa", "comment_date": ["04/14", "09:50"], "comment_content": "徐巧芯當上立委開始崩壞了"}, {"comment_author": "charmingpink", "comment_date": ["04/14", "09:51"], "comment_content": "連連看"}, {"comment_author": "Chia2323", "comment_date": ["04/14", "09:52"], "comment_content": "你先告訴我打詐辦公室跟數發部有什麼用"}, {"comment_author": "Chia2323", "comment_date": ["04/14", "09:52"], "comment_content": "？越打越多笑死人"}, {"comment_author": "bring777", "comment_date": ["04/14", "09:52"], "comment_content": "巧"}, {"comment_author": "canallchen", "comment_date": ["04/14", "09:53"], "comment_content": "另位共犯是綠營KOL還潑蔣公銅像油漆，"}, {"comment_author": "abc5555990", "comment_date": ["04/14", "09:53"], "comment_content": " 小草不是很愛連連看嗎zz"}, {"comment_author": "canallchen", "comment_date": ["04/14", "09:53"], "comment_content": "略而不提。"}, {"comment_author": "princeguitar", "comment_date": ["04/14", "09:57"], "comment_content": "馬英九這趟回來後 親友金流請查查"}, {"comment_author": "tnpeter", "comment_date": ["04/14", "09:58"], "comment_content": "有這種人格，不EY啦"}, {"comment_author": "sbnj231t", "comment_date": ["04/14", "10:00"], "comment_content": "換成民進黨就偵查不公開"}, {"comment_author": "sariel0322", "comment_date": ["04/14", "10:01"], "comment_content": "連連看"}, {"comment_author": "HodorDragon", "comment_date": ["04/14", "10:01"], "comment_content": "八又翻"}, {"comment_author": "ericer6515", "comment_date": ["04/14", "10:03"], "comment_content": "八又翻"}, {"comment_author": "amury", "comment_date": ["04/14", "10:06"], "comment_content": "八卦女神～～～～～"}, {"comment_author": "yoyodio", "comment_date": ["04/14", "10:06"], "comment_content": "快點抓起來阿這肥婆"}, {"comment_author": "modernpkman", "comment_date": ["04/14", "10:07"], "comment_content": "家門不幸"}, {"comment_author": "stormproof20", "comment_date": ["04/14", "10:08"], "comment_content": "巧心巧心得第一"}, {"comment_author": "repentant02C", "comment_date": ["04/14", "10:09"], "comment_content": "綠蛆吃屎長大的，徐是藍的還白的？"}, {"comment_author": "aquaticplant", "comment_date": ["04/14", "10:09"], "comment_content": "民智時報"}, {"comment_author": "repentant02C", "comment_date": ["04/14", "10:09"], "comment_content": "瞎扯殺小"}, {"comment_author": "takenostand", "comment_date": ["04/14", "10:09"], "comment_content": "民進黨的包就是不關我的事"}, {"comment_author": "takenostand", "comment_date": ["04/14", "10:10"], "comment_content": "其他政黨就是連坐法誅九族"}, {"comment_author": "dogdream", "comment_date": ["04/14", "10:11"], "comment_content": "蛇鼠一窩"}, {"comment_author": "a96316", "comment_date": ["04/14", "10:11"], "comment_content": "八卦女神不意外"}, {"comment_author": "Wolverin5566", "comment_date": ["04/14", "10:12"], "comment_content": "徐巧心竟然變女神了"}, {"comment_author": "Akun", "comment_date": ["04/14", "10:12"], "comment_content": "如果今天是綠營人士的大姑早就洗上熱門 洗一"}, {"comment_author": "Akun", "comment_date": ["04/14", "10:13"], "comment_content": "百篇文章"}, {"comment_author": "attpp", "comment_date": ["04/14", "10:15"], "comment_content": "大姑要在爆"}, {"comment_author": "hinet0002000", "comment_date": ["04/14", "10:15"], "comment_content": "造謠騙選票、流量當選也算是詐欺嗎"}, {"comment_author": "t81511270", "comment_date": ["04/14", "10:15"], "comment_content": "巧芯 躲不掉囉 新聞已經連結在一起"}, {"comment_author": "melody11", "comment_date": ["04/14", "10:16"], "comment_content": "巧芯如果真的有幫助大姑詐騙，民進黨早"}, {"comment_author": "melody11", "comment_date": ["04/14", "10:16"], "comment_content": "就敲鑼打鼓宣傳了，如果只有影射，就是"}, {"comment_author": "melody11", "comment_date": ["04/14", "10:16"], "comment_content": "查不到東西啦！"}, {"comment_author": "huiyin220923", "comment_date": ["04/14", "10:16"], "comment_content": "徐巧芯 不意外"}, {"comment_author": "gusser", "comment_date": ["04/14", "10:17"], "comment_content": "暖男直系親屬老爸還貪污犯耶"}, {"comment_author": "pastmory", "comment_date": ["04/14", "10:17"], "comment_content": "誰叫妳不是民進黨 貪多少都沒關係啦；"}, {"comment_author": "pastmory", "comment_date": ["04/14", "10:17"], "comment_content": "）"}, {"comment_author": "kevinwnnnn", "comment_date": ["04/14", "10:18"], "comment_content": "有錢人家，千萬億萬的騙"}, {"comment_author": "suge", "comment_date": ["04/14", "10:20"], "comment_content": "原來是詐欺家族"}, {"comment_author": "usaku", "comment_date": ["04/14", "10:21"], "comment_content": "連連看黃國昌"}, {"comment_author": "swpig", "comment_date": ["04/14", "10:22"], "comment_content": "自由追殺笑死"}, {"comment_author": "rickcoo", "comment_date": ["04/14", "10:23"], "comment_content": "八卦女神"}, {"comment_author": "richard0617", "comment_date": ["04/14", "10:25"], "comment_content": "自由 ？？？偵查不公開 記者都知道"}, {"comment_author": "foxvera", "comment_date": ["04/14", "10:25"], "comment_content": "抓去關到漏尿！"}, {"comment_author": "g8785", "comment_date": ["04/14", "10:25"], "comment_content": "哈哈 一個樣"}, {"comment_author": "as540", "comment_date": ["04/14", "10:26"], "comment_content": "就討厭這種親戚做錯事就來人格毀滅，人人平"}, {"comment_author": "as540", "comment_date": ["04/14", "10:26"], "comment_content": "等的現代，是有啥官員能像古代控制自己親戚"}, {"comment_author": "as540", "comment_date": ["04/14", "10:26"], "comment_content": "？"}, {"comment_author": "wsx9731", "comment_date": ["04/14", "10:28"], "comment_content": "開始追殺了嗎"}, {"comment_author": "wulouise", "comment_date": ["04/14", "10:29"], "comment_content": "連連看好哦"}, {"comment_author": "labview", "comment_date": ["04/14", "10:30"], "comment_content": "看圖說故事，連連看"}, {"comment_author": "tanby", "comment_date": ["04/14", "10:31"], "comment_content": "原來親戚犯罪 自己要承擔啊 塔綠斑要確定"}, {"comment_author": "tanby", "comment_date": ["04/14", "10:31"], "comment_content": "耶"}, {"comment_author": "lilma", "comment_date": ["04/14", "10:31"], "comment_content": "自由。"}, {"comment_author": "Akun", "comment_date": ["04/14", "10:32"], "comment_content": "連連看不就藍白最會做的事 噓文還真雙標"}, {"comment_author": "gisasy001", "comment_date": ["04/14", "10:32"], "comment_content": "要看徐跟大姑有沒有利益上的往來吧"}, {"comment_author": "wulouise", "comment_date": ["04/14", "10:32"], "comment_content": "喬王兒子啊無罪啦"}, {"comment_author": "Ripper", "comment_date": ["04/14", "10:33"], "comment_content": "有結婚的都知道，哪個女的會想跟大姑小姑"}, {"comment_author": "Ripper", "comment_date": ["04/14", "10:33"], "comment_content": "有什麼密切關係。"}, {"comment_author": "yamhome", "comment_date": ["04/14", "10:33"], "comment_content": "巧芯沒有舉報，真是做了最不好的示範"}, {"comment_author": "akway", "comment_date": ["04/14", "10:34"], "comment_content": "怎麼不連連看？連綠的不是連很爽"}, {"comment_author": "guanaco", "comment_date": ["04/14", "10:35"], "comment_content": "大姑...呵呵，好歹抓個直系血親再來宣傳"}, {"comment_author": "Akun", "comment_date": ["04/14", "10:37"], "comment_content": "徐巧芯還說她早就知情耶 爆出來才切割"}, {"comment_author": "kattte", "comment_date": ["04/14", "10:37"], "comment_content": "塔綠班加油，好嗎？"}, {"comment_author": "rick6304", "comment_date": ["04/14", "10:37"], "comment_content": "直系血親犯罪ex 陳致中 陳其邁 蔡易餘?"}, {"comment_author": "yayayagogo", "comment_date": ["04/14", "10:38"], "comment_content": "詐騙島持續完美進化中  不踩在人命上"}, {"comment_author": "yayayagogo", "comment_date": ["04/14", "10:39"], "comment_content": "根本不是台灣人 oh還要演技高超 繼續"}, {"comment_author": "yayayagogo", "comment_date": ["04/14", "10:39"], "comment_content": "賺取更多黑心錢 讚讚"}, {"comment_author": "hope2801", "comment_date": ["04/14", "10:40"], "comment_content": "她什麼時候是八卦女神了？"}, {"comment_author": "fanntasy", "comment_date": ["04/14", "10:41"], "comment_content": "有不同姓的大姑姑？"}, {"comment_author": "Akun", "comment_date": ["04/14", "10:43"], "comment_content": "這位大姑去年還幫徐巧芯辦造勢耶 是有多不熟"}, {"comment_author": "Akun", "comment_date": ["04/14", "10:44"], "comment_content": "？"}, {"comment_author": "Beckhung", "comment_date": ["04/14", "10:44"], "comment_content": "按照藍白過去的邏輯，一定是黨有關！"}, {"comment_author": "kaede129", "comment_date": ["04/14", "10:44"], "comment_content": "請問幾等親？智缺塔綠班"}, {"comment_author": "treeeasy", "comment_date": ["04/14", "10:44"], "comment_content": "關她屁事，什麼切割，塔綠班黨媒無恥"}, {"comment_author": "larsur", "comment_date": ["04/14", "10:44"], "comment_content": "顏色不對"}, {"comment_author": "HGJman", "comment_date": ["04/14", "10:46"], "comment_content": "我是支持查九族，藍綠白都要查，看你民進"}, {"comment_author": "HGJman", "comment_date": ["04/14", "10:46"], "comment_content": "党敢不敢"}, {"comment_author": "AlenCKH", "comment_date": ["04/14", "10:46"], "comment_content": "新聞出來多久了，八卦還沒爆文！"}, {"comment_author": "AlenCKH", "comment_date": ["04/14", "10:46"], "comment_content": "這要是綠營八卦會爆文洗至少三天"}, {"comment_author": "cyh2210", "comment_date": ["04/14", "10:46"], "comment_content": "變種回力鏢嗎？"}, {"comment_author": "AlenCKH", "comment_date": ["04/14", "10:47"], "comment_content": "國蔥老師的連連看呢？太離譜了！"}, {"comment_author": "iWatch2", "comment_date": ["04/14", "10:47"], "comment_content": "綠營連路人犯罪都要扛了 藍白粉要確定ㄟ"}, {"comment_author": "k33536", "comment_date": ["04/14", "10:48"], "comment_content": "有些躲在立委親戚後面 難怪抓不完"}, {"comment_author": "YHHinNTU", "comment_date": ["04/14", "10:49"], "comment_content": "八卦邏輯：巧芯出事，罵綠營"}, {"comment_author": "jason748", "comment_date": ["04/14", "10:50"], "comment_content": "大姑？不就先生的姐姐哈哈"}, {"comment_author": "f11299723", "comment_date": ["04/14", "10:50"], "comment_content": "2700萬芯"}, {"comment_author": "lisawu60623", "comment_date": ["04/14", "10:53"], "comment_content": "嘻嘻"}, {"comment_author": "egogeorge", "comment_date": ["04/14", "10:54"], "comment_content": "藍黨搞詐騙，質疑綠黨抓不到，哈哈哈"}, {"comment_author": "icedata", "comment_date": ["04/14", "10:55"], "comment_content": "不是一家人 不進一家門"}, {"comment_author": "canceryou", "comment_date": ["04/14", "10:56"], "comment_content": "你大姑犯法你也同罪嗎"}, {"comment_author": "immike", "comment_date": ["04/14", "10:57"], "comment_content": "連連看？"}, {"comment_author": "michall", "comment_date": ["04/14", "10:57"], "comment_content": "這下燒起來，盧媽為了大位，她老公要被開"}, {"comment_author": "michall", "comment_date": ["04/14", "10:58"], "comment_content": "除了"}, {"comment_author": "developer", "comment_date": ["04/14", "11:00"], "comment_content": "黃國昌快來連連看啊！"}, {"comment_author": "amishitter", "comment_date": ["04/14", "11:00"], "comment_content": "顏色正確 沒事兒"}, {"comment_author": "kapah", "comment_date": ["04/14", "11:01"], "comment_content": "以後不用再看大餅五十步笑百步了"}, {"comment_author": "molsmopuim", "comment_date": ["04/14", "11:01"], "comment_content": "大姑可連結 兒子販毒可無視"}, {"comment_author": "AlbertLai", "comment_date": ["04/14", "11:04"], "comment_content": "八又翻"}, {"comment_author": "rattrapante", "comment_date": ["04/14", "11:04"], "comment_content": "  九個明文？"}, {"comment_author": "cool911234", "comment_date": ["04/14", "11:05"], "comment_content": "大家快加入KMT 洗錢 貪污 乾女兒 被抓"}, {"comment_author": "cool911234", "comment_date": ["04/14", "11:06"], "comment_content": "到 都可以怪DPP迫害 八卦腦殘粉 真的"}, {"comment_author": "cool911234", "comment_date": ["04/14", "11:06"], "comment_content": "厲害"}, {"comment_author": "givered", "comment_date": ["04/14", "11:08"], "comment_content": "嘻嘻，我也是受害者之術，略懂略懂"}, {"comment_author": "ChoiceLife", "comment_date": ["04/14", "11:08"], "comment_content": "詐騙王國"}, {"comment_author": "ftvs", "comment_date": ["04/14", "11:08"], "comment_content": "錢有投資在徐的選舉上嗎？"}, {"comment_author": "cj3x04gp6", "comment_date": ["04/14", "11:09"], "comment_content": "台北市民真的很無奈啊 只能投徐"}, {"comment_author": "cj3x04gp6", "comment_date": ["04/14", "11:10"], "comment_content": "我說出台北市民的心聲"}, {"comment_author": "cctu0618", "comment_date": ["04/14", "11:11"], "comment_content": "不是民進黨 八卦版不在意"}, {"comment_author": "PBfire", "comment_date": ["04/14", "11:12"], "comment_content": "大姑也太遠..."}, {"comment_author": "allenwu20100", "comment_date": ["04/14", "11:12"], "comment_content": "八卦女神QQ"}, {"comment_author": "lucifer110", "comment_date": ["04/14", "11:13"], "comment_content": "唐鳳他弟性侵怎不關聯"}, {"comment_author": "v19791119", "comment_date": ["04/14", "11:15"], "comment_content": "丙書金流"}, {"comment_author": "CTTSAI", "comment_date": ["04/14", "11:17"], "comment_content": "詐騙天堂 難怪刑期那麼低 詐騙那麼多 成本"}, {"comment_author": "CTTSAI", "comment_date": ["04/14", "11:17"], "comment_content": "太低一堆人搞詐騙還開公司"}, {"comment_author": "ptt821105", "comment_date": ["04/14", "11:17"], "comment_content": ""}, {"comment_author": "a08155556", "comment_date": ["04/14", "11:17"], "comment_content": "難怪藍白立院過半不修法打詐騙！"}, {"comment_author": "repast", "comment_date": ["04/14", "11:19"], "comment_content": "八卦女神 真的笑死 八又翻"}, {"comment_author": "aaa1124078", "comment_date": ["04/14", "11:22"], "comment_content": "徐美鳳：窩不知道，大家不要連連看"}, {"comment_author": "koudy", "comment_date": ["04/14", "11:22"], "comment_content": "吸金幾千萬還好吧 看看綠能產業"}, {"comment_author": "clkdtm32", "comment_date": ["04/14", "11:23"], "comment_content": "白粉都閉嘴 不洗文章耶 笑死"}, {"comment_author": "DamoS", "comment_date": ["04/14", "11:23"], "comment_content": "照900芯邏輯 她一定知道"}, {"comment_author": "wenn", "comment_date": ["04/14", "11:24"], "comment_content": "哇塞 真不知道這次怎麼抓得到沒通風報信哦 i"}, {"comment_author": "sexdriver", "comment_date": ["04/14", "11:24"], "comment_content": "顏色正確八卦大小藍不會計較吧???"}, {"comment_author": "wenn", "comment_date": ["04/14", "11:24"], "comment_content": "mb呢 ？ 還有陳歐珀呢？哈哈？ 還是大姑呢？"}, {"comment_author": "ab566", "comment_date": ["04/14", "11:24"], "comment_content": "樓上綠蛆又再舔老二"}, {"comment_author": "wenn", "comment_date": ["04/14", "11:24"], "comment_content": " 大姑就要很熟嗎？"}, {"comment_author": "pcizj", "comment_date": ["04/14", "11:25"], "comment_content": "蔥哥連連看，說你有就是有"}, {"comment_author": "gn00573224", "comment_date": ["04/14", "11:25"], "comment_content": "太爛了吧，竟然被抓，要像Imb 一樣跑"}, {"comment_author": "zoe9410", "comment_date": ["04/14", "11:25"], "comment_content": "好喔 有趣了"}, {"comment_author": "gn00573224", "comment_date": ["04/14", "11:25"], "comment_content": "出去啊"}, {"comment_author": "Hua0722", "comment_date": ["04/14", "11:25"], "comment_content": "早該抓了，一堆詐騙快點抓一抓直接殺掉"}, {"comment_author": "Hua0722", "comment_date": ["04/14", "11:25"], "comment_content": "好嗎？操你媽垃圾塔綠班笑你不敢"}, {"comment_author": "Robertxie", "comment_date": ["04/14", "11:26"], "comment_content": "如果是民進黨立委的大姑犯案 雙標芯就"}, {"comment_author": "Robertxie", "comment_date": ["04/14", "11:27"], "comment_content": "會要求徹查對方祖宗18代了"}, {"comment_author": "PenguinLee", "comment_date": ["04/14", "11:27"], "comment_content": "笑死neoa 是機器人哦？ 這是關鍵字觸"}, {"comment_author": "PenguinLee", "comment_date": ["04/14", "11:27"], "comment_content": "發推文嗎笑死"}, {"comment_author": "PenguinLee", "comment_date": ["04/14", "11:28"], "comment_content": "顏色不一樣的話八卦小草就不會這麼理"}, {"comment_author": "PenguinLee", "comment_date": ["04/14", "11:29"], "comment_content": "性了吧哈哈哈"}, {"comment_author": "pencil", "comment_date": ["04/14", "11:29"], "comment_content": "連連看大師呢"}, {"comment_author": "derexky", "comment_date": ["04/14", "11:31"], "comment_content": "難怪有錢能選"}, {"comment_author": "aids893001", "comment_date": ["04/14", "11:31"], "comment_content": "大姑？"}, {"comment_author": "lexjiang", "comment_date": ["04/14", "11:31"], "comment_content": "黃國昌出來連連看啊 怎麼可能會不"}, {"comment_author": "lexjiang", "comment_date": ["04/14", "11:31"], "comment_content": "知情？"}, {"comment_author": "noyesray", "comment_date": ["04/14", "11:33"], "comment_content": "奇怪 那些酸唐鳳弟的帳號去哪了？"}, {"comment_author": "lanlance", "comment_date": ["04/14", "11:35"], "comment_content": "哦哦 噁心"}, {"comment_author": "Dheroblood", "comment_date": ["04/14", "11:36"], "comment_content": "各位說話小芯"}, {"comment_author": "key123987", "comment_date": ["04/14", "11:38"], "comment_content": "八卦雙標仔趕快連連看啊"}, {"comment_author": "meatmm", "comment_date": ["04/14", "11:39"], "comment_content": "是不是對我們邁哥有什麼不滿 搶位大戰又?"}, {"comment_author": "dou0228", "comment_date": ["04/14", "11:43"], "comment_content": "沒事兒"}, {"comment_author": "huwei200035", "comment_date": ["04/14", "11:43"], "comment_content": "現在要誅九族了"}, {"comment_author": "a1119151", "comment_date": ["04/14", "11:43"], "comment_content": "巧心不用負責嗎？太離譜了"}, {"comment_author": "angel0328", "comment_date": ["04/14", "11:45"], "comment_content": "才0.27億也在報"}, {"comment_author": "ucieric", "comment_date": ["04/14", "11:45"], "comment_content": "蔥仔連連看呢？"}, {"comment_author": "Number0", "comment_date": ["04/14", "11:46"], "comment_content": "陳78他爸?"}, {"comment_author": "rickcoo", "comment_date": ["04/14", "11:49"], "comment_content": "大餅脫不了關係吧 (按照大餅的標準)"}, {"comment_author": "tenching", "comment_date": ["04/14", "11:50"], "comment_content": "塔綠班：爽啦八卦翻車 她也跟我們一樣"}, {"comment_author": "cbstgb", "comment_date": ["04/14", "11:50"], "comment_content": "大義滅親就沒事了"}, {"comment_author": "clone29", "comment_date": ["04/14", "11:51"], "comment_content": "直接吊路燈作榜樣"}, {"comment_author": "ming0809", "comment_date": ["04/14", "11:52"], "comment_content": "按照900芯對綠營的標準，自己就是大姑的"}, {"comment_author": "ming0809", "comment_date": ["04/14", "11:52"], "comment_content": "同夥無誤"}, {"comment_author": "gzliu", "comment_date": ["04/14", "11:59"], "comment_content": "笑死 數位部就經費沒人追究 唐鳳弟"}, {"comment_author": "gzliu", "comment_date": ["04/14", "11:59"], "comment_content": "弟表示："}, {"comment_author": "htc10", "comment_date": ["04/14", "12:00"], "comment_content": "垃圾昌敢不敢連連看啊？"}, {"comment_author": "jeffky", "comment_date": ["04/14", "12:00"], "comment_content": "大藍教黨的，傅國昌不會罵的。"}, {"comment_author": "dmezspk", "comment_date": ["04/14", "12:01"], "comment_content": "怎麼可能會不知道"}, {"comment_author": "dmezspk", "comment_date": ["04/14", "12:01"], "comment_content": "連身邊人詐欺犯都不知道那還是別當立委好"}, {"comment_author": "dmezspk", "comment_date": ["04/14", "12:01"], "comment_content": "啦去賣大餅啦醜八怪"}, {"comment_author": "Alaba", "comment_date": ["04/14", "12:01"], "comment_content": "用影射殺傷力最強，徐巧芯難道不用負責嗎"}, {"comment_author": "inf", "comment_date": ["04/14", "12:06"], "comment_content": "兒子販毒老爸貪污的都沒事？"}, {"comment_author": "HowBeChen", "comment_date": ["04/14", "12:06"], "comment_content": "舒服！國昌老師什麼時候出來吼一下"}, {"comment_author": "cicewind", "comment_date": ["04/14", "12:07"], "comment_content": "可以加入民眾黨了"}, {"comment_author": "bart102617", "comment_date": ["04/14", "12:07"], "comment_content": "用頭又大之前的邏輯 900心跑不掉關係"}, {"comment_author": "CY40", "comment_date": ["04/14", "12:10"], "comment_content": "巧芯：好的，讓我們一起繼續監督民進黨~"}, {"comment_author": "Grant055", "comment_date": ["04/14", "12:14"], "comment_content": "巧芯 妳這次躲不開了 綠軍一條龍上車"}, {"comment_author": "pieceofcake", "comment_date": ["04/14", "12:18"], "comment_content": "哇 八卦女神是無辜的"}, {"comment_author": "pieceofcake", "comment_date": ["04/14", "12:20"], "comment_content": "大姑是遠親不熟啦"}, {"comment_author": "BroSin", "comment_date": ["04/14", "12:20"], "comment_content": "姻親怎管？"}, {"comment_author": "chiangmh", "comment_date": ["04/14", "12:20"], "comment_content": "媓：可憐啊沒黨證！嘻嘻"}, {"comment_author": "GimO", "comment_date": ["04/14", "12:21"], "comment_content": "徐巧芯有沒有涉案？ 不查嗎"}, {"comment_author": "Godright", "comment_date": ["04/14", "12:21"], "comment_content": "自由，先測個風向"}, {"comment_author": "pieceofcake", "comment_date": ["04/14", "12:22"], "comment_content": "女神早就知道大姑夫妻有問題，早就"}, {"comment_author": "pieceofcake", "comment_date": ["04/14", "12:22"], "comment_content": "警告過了，不愧是八卦女神"}, {"comment_author": "DRAGON0324", "comment_date": ["04/14", "12:24"], "comment_content": "綠畜又開始帶風向了喔？"}, {"comment_author": "chuchichan", "comment_date": ["04/14", "12:25"], "comment_content": "八卦女神意外嗎"}, {"comment_author": "macoto4444", "comment_date": ["04/14", "12:25"], "comment_content": "大姑有問題 結果還請人家幫忙選舉"}, {"comment_author": "monofather", "comment_date": ["04/14", "12:25"], "comment_content": "她是沒安太歲嗎今年…"}, {"comment_author": "macoto4444", "comment_date": ["04/14", "12:25"], "comment_content": "巧芯也太扯"}, {"comment_author": "euudknrs1", "comment_date": ["04/14", "12:26"], "comment_content": ""}, {"comment_author": "TF00207374", "comment_date": ["04/14", "12:26"], "comment_content": "笑死"}, {"comment_author": "BV033GFT", "comment_date": ["04/14", "12:27"], "comment_content": "連連看啊"}, {"comment_author": "libur", "comment_date": ["04/14", "12:29"], "comment_content": "沒事沒事"}, {"comment_author": "JamesChen", "comment_date": ["04/14", "12:31"], "comment_content": "又不是一等親，這親戚甘他屁事"}, {"comment_author": "steven24205", "comment_date": ["04/14", "12:33"], "comment_content": "民進黨真噁"}, {"comment_author": "LittleBeauty", "comment_date": ["04/14", "12:38"], "comment_content": "騜國娼又啞巴了 快來連連看啊"}, {"comment_author": "LittleBeauty", "comment_date": ["04/14", "12:40"], "comment_content": "國蔥嘴巴含假老二 不敢咆哮啦"}, {"comment_author": "ming0809", "comment_date": ["04/14", "12:40"], "comment_content": "徐900哭倒在花蓮王懷裡，按照她自己的標"}, {"comment_author": "seemoon2000", "comment_date": ["04/14", "12:40"], "comment_content": "其實就是個人行為 跟巧芯無關 但這"}, {"comment_author": "ming0809", "comment_date": ["04/14", "12:40"], "comment_content": "準，是不是在me too花蓮王？"}, {"comment_author": "seemoon2000", "comment_date": ["04/14", "12:40"], "comment_content": "幾年太愛連連看 變這樣也只能認了"}, {"comment_author": "tn00371115", "comment_date": ["04/14", "12:43"], "comment_content": "藍色？幫低調"}, {"comment_author": "TMDkid", "comment_date": ["04/14", "12:45"], "comment_content": "900芯真的演很大"}, {"comment_author": "Akun", "comment_date": ["04/14", "12:46"], "comment_content": "統神的神罰來囉"}, {"comment_author": "aaa1124078", "comment_date": ["04/14", "12:46"], "comment_content": "徐美鳳噁芯不玩連連看了嗎？"}, {"comment_author": "derrick0202", "comment_date": ["04/14", "12:46"], "comment_content": "大姑姓劉？"}, {"comment_author": "Auoer", "comment_date": ["04/14", "12:47"], "comment_content": "噁心女 翻車了吧"}, {"comment_author": "sgheart", "comment_date": ["04/14", "12:47"], "comment_content": "藍白粉會說為什麼民進黨沒有出來面對"}, {"comment_author": "afrazhao", "comment_date": ["04/14", "12:47"], "comment_content": "有破案就值得鼓勵，希望柬埔寨案的水房"}, {"comment_author": "afrazhao", "comment_date": ["04/14", "12:47"], "comment_content": "也可以查出來，做事的基層人員辛苦了"}, {"comment_author": "victorytim", "comment_date": ["04/14", "12:50"], "comment_content": "藍白糞全部躲廁所不敢出聲XD"}, {"comment_author": "Akun", "comment_date": ["04/14", "12:50"], "comment_content": ""}, {"comment_author": "ming0809", "comment_date": ["04/14", "12:53"], "comment_content": "請問藍白粉，上面那張圖是誰me too誰？"}, {"comment_author": "chink5566", "comment_date": ["04/14", "12:53"], "comment_content": "2700而已 微罪不舉"}, {"comment_author": "drmactt", "comment_date": ["04/14", "12:54"], "comment_content": "辦一辦啊又沒差，好像一堆出來透氣了，洗"}, {"comment_author": "drmactt", "comment_date": ["04/14", "12:54"], "comment_content": "地的人和某色比起來好很多欸，有沒有這麼"}, {"comment_author": "drmactt", "comment_date": ["04/14", "12:54"], "comment_content": "自我感覺良好啊"}, {"comment_author": "Auoer", "comment_date": ["04/14", "12:54"], "comment_content": "大餅超噁爛的 超級雙標 問政只是在"}, {"comment_author": "Auoer", "comment_date": ["04/14", "12:55"], "comment_content": "吵架"}, {"comment_author": "leolight", "comment_date": ["04/14", "12:55"], "comment_content": "有機會可以連成八芒星了"}, {"comment_author": "spt21ccc", "comment_date": ["04/14", "12:55"], "comment_content": "自己也愛玩連連看抹黑，自己被連連看就"}, {"comment_author": "spt21ccc", "comment_date": ["04/14", "12:56"], "comment_content": "在那哭，真的噁芯"}, {"comment_author": "macoto4444", "comment_date": ["04/14", "12:57"], "comment_content": "大姑還有幫你選舉耶 結果現在切割"}, {"comment_author": "macoto4444", "comment_date": ["04/14", "12:58"], "comment_content": "還出來哭 有夠噁"}, {"comment_author": "d8731400", "comment_date": ["04/14", "12:59"], "comment_content": "巧芯不玩連連看嗎？"}, {"comment_author": "spt21ccc", "comment_date": ["04/14", "12:59"], "comment_content": "國昌現在支持kmt的反年改，不敢講話"}, {"comment_author": "chaosgod", "comment_date": ["04/14", "13:02"], "comment_content": "詐騙不講她大姑真名，這麼怕？怎麼不看"}, {"comment_author": "chaosgod", "comment_date": ["04/14", "13:02"], "comment_content": "看高雄市長他爸爸呢"}, {"comment_author": "GGGHILL", "comment_date": ["04/14", "13:07"], "comment_content": "怎麼不講其賣老爸？"}, {"comment_author": "ilpqvm", "comment_date": ["04/14", "13:09"], "comment_content": "這家族有問題"}, {"comment_author": "johnny5411", "comment_date": ["04/14", "13:13"], "comment_content": "巧芯巧芯QQ啦"}, {"comment_author": "tksq", "comment_date": ["04/14", "13:17"], "comment_content": "國昌不連連看嗎？還是怕連了會怎樣？"}, {"comment_author": "ck901372", "comment_date": ["04/14", "13:17"], "comment_content": "陳其邁和陳冠廷的爸爸出來支援一下"}, {"comment_author": "tksq", "comment_date": ["04/14", "13:18"], "comment_content": "蔥哥這次又雙標了喲？"}, {"comment_author": "j3699939", "comment_date": ["04/14", "13:18"], "comment_content": "貪污犯的家人"}, {"comment_author": "BlowjobFace", "comment_date": ["04/14", "13:20"], "comment_content": ""}, {"comment_author": "lightbox", "comment_date": ["04/14", "13:23"], "comment_content": "塔綠班 見獵心喜"}, {"comment_author": "window77", "comment_date": ["04/14", "13:23"], "comment_content": "國家機器動起來 一定是政治迫害啦"}, {"comment_author": "shirleyEchi", "comment_date": ["04/14", "13:23"], "comment_content": "詐騙集團家族"}, {"comment_author": "h5t6566556", "comment_date": ["04/14", "13:25"], "comment_content": "八又翻囉 嘻嘻"}, {"comment_author": "nikewang", "comment_date": ["04/14", "13:25"], "comment_content": "新聞說 那個成立公關公司洗錢的林姓男子"}, {"comment_author": "nikewang", "comment_date": ["04/14", "13:26"], "comment_content": "之前還參與過潑蔣公銅像紅漆被捕 上過新"}, {"comment_author": "nikewang", "comment_date": ["04/14", "13:26"], "comment_content": "聞版面"}, {"comment_author": "sheep0121", "comment_date": ["04/14", "13:29"], "comment_content": "藍綠都一樣爛啦"}, {"comment_author": "BlowjobFace", "comment_date": ["04/14", "13:37"], "comment_content": "九百芯自己站在道德最高處啊 原來是"}, {"comment_author": "BlowjobFace", "comment_date": ["04/14", "13:37"], "comment_content": "大姑啊"}, {"comment_author": "BlowjobFace", "comment_date": ["04/14", "13:37"], "comment_content": ""}, {"comment_author": "s609747", "comment_date": ["04/14", "13:43"], "comment_content": "還在那演哭倒在花蓮王懷裏 根本有鬼"}, {"comment_author": "linleon", "comment_date": ["04/14", "13:44"], "comment_content": "來連連看了啦，現在又撲倒花蓮王，是不是"}, {"comment_author": "linleon", "comment_date": ["04/14", "13:44"], "comment_content": "在性騷擾，噁心"}, {"comment_author": "aiam", "comment_date": ["04/14", "13:48"], "comment_content": "塔綠班這個時候又忘記爸爸貪污 跟兒子無關"}, {"comment_author": "aiam", "comment_date": ["04/14", "13:48"], "comment_content": "的暖男市長囉"}, {"comment_author": "ymx3xc", "comment_date": ["04/14", "13:50"], "comment_content": "八又翻"}, {"comment_author": "ymx3xc", "comment_date": ["04/14", "13:51"], "comment_content": "國蔥老師會出來嗎?"}, {"comment_author": "lalamio", "comment_date": ["04/14", "13:54"], "comment_content": "記者竟是民進黨打手"}, {"comment_author": "G8AJ", "comment_date": ["04/14", "13:58"], "comment_content": "反觀陳致中陳其邁 沒事沒事有党在"}, {"comment_author": "ethan119", "comment_date": ["04/14", "13:58"], "comment_content": "大餅芯選舉有沒有用到大姑詐騙的資源啊"}, {"comment_author": "ethan119", "comment_date": ["04/14", "13:58"], "comment_content": "？嘻嘻"}, {"comment_author": "ziso", "comment_date": ["04/14", "13:58"], "comment_content": "要這樣算的話 其邁要不要抓去關?"}, {"comment_author": "darlost", "comment_date": ["04/14", "13:59"], "comment_content": "藍白粉的最愛"}, {"comment_author": "vizjeco", "comment_date": ["04/14", "14:00"], "comment_content": "柯粉女神 可憐啊"}, {"comment_author": "woost", "comment_date": ["04/14", "14:01"], "comment_content": "會挺戀童的人格有問題吧"}, {"comment_author": "bitcch", "comment_date": ["04/14", "14:03"], "comment_content": "一堆黑政仔又出來透氣了"}, {"comment_author": "jaofei", "comment_date": ["04/14", "14:13"], "comment_content": "噁芯，出來玩啊"}, {"comment_author": "os369510", "comment_date": ["04/14", "14:14"], "comment_content": "巧芯掰 坐等大義滅親救名聲"}, {"comment_author": "kkiiccooo", "comment_date": ["04/14", "14:16"], "comment_content": "八卦女神"}, {"comment_author": "edwinfan1974", "comment_date": ["04/14", "14:17"], "comment_content": "大姑犯法，關徐屁事？"}, {"comment_author": "Sougetu", "comment_date": ["04/14", "14:19"], "comment_content": "得罪塔綠班就會被抄家滅族，可怕"}, {"comment_author": "superflyfish", "comment_date": ["04/14", "14:22"], "comment_content": "神罰"}, {"comment_author": "indium111", "comment_date": ["04/14", "14:24"], "comment_content": "詐騙立委好噁芯，請國師出來連連看其"}, {"comment_author": "indium111", "comment_date": ["04/14", "14:24"], "comment_content": "中的連結？"}, {"comment_author": "Badd", "comment_date": ["04/14", "14:39"], "comment_content": "巧芯巧芯得第一"}, {"comment_author": "hengfreecss", "comment_date": ["04/14", "14:41"], "comment_content": "陳其邁：有沒有人要問我，我爸爸貪"}, {"comment_author": "hengfreecss", "comment_date": ["04/14", "14:42"], "comment_content": "污我知不知道"}, {"comment_author": "BaBiQ", "comment_date": ["04/14", "14:53"], "comment_content": "高官沒一個可以相信的"}, {"comment_author": "cactusicecre", "comment_date": ["04/14", "14:53"], "comment_content": "詐騙一家親可憐"}, {"comment_author": "nt880245", "comment_date": ["04/14", "14:57"], "comment_content": "藍白又翻車了"}, {"comment_author": "je891107", "comment_date": ["04/14", "15:00"], "comment_content": "你先連看看啊"}, {"comment_author": "vev", "comment_date": ["04/14", "15:01"], "comment_content": "杜姓男子姑丈的公司，婆婆2千萬資金，妳也有"}, {"comment_author": "vev", "comment_date": ["04/14", "15:01"], "comment_content": "100萬資金  關係部分          切割王？"}, {"comment_author": "cathychg", "comment_date": ["04/14", "15:06"], "comment_content": "中国共產黨 歡迎各位先進"}, {"comment_author": "dlshao", "comment_date": ["04/14", "15:12"], "comment_content": "藍綠都辣雞"}, {"comment_author": "TiggerLin", "comment_date": ["04/14", "15:25"], "comment_content": "一切都是大姑害得的"}, {"comment_author": "HongZhen", "comment_date": ["04/14", "15:44"], "comment_content": "一定是民進黨迫害，得罪黨真可怕"}, {"comment_author": "bbbkzai", "comment_date": ["04/14", "15:45"], "comment_content": "噁心"}, {"comment_author": "mytropicfish", "comment_date": ["04/14", "16:08"], "comment_content": "詐騙集團支持的立委"}, {"comment_author": "encoreg57985", "comment_date": ["04/14", "16:29"], "comment_content": "自由又在亂連"}, {"comment_author": "ocid", "comment_date": ["04/14", "16:31"], "comment_content": "噁芯噁芯噁芯噁芯噁芯噁芯噁芯噁芯噁芯"}, {"comment_author": "lovelyhsfran", "comment_date": ["04/14", "17:45"], "comment_content": "八卦女神欸，那可能出事啦"}, {"comment_author": "lamborghini", "comment_date": ["04/14", "17:49"], "comment_content": "難道想砍數發部預算 是為了大姑？"}, {"comment_author": "lamborghini", "comment_date": ["04/14", "17:49"], "comment_content": "令人毛骨悚然"}, {"comment_author": "supreme123", "comment_date": ["04/14", "18:03"], "comment_content": "八卦藍趴：垃圾民進黨打詐不力，才會"}, {"comment_author": "supreme123", "comment_date": ["04/14", "18:04"], "comment_content": "害到巧芯大姑去詐騙，所以民進黨的錯"}, {"comment_author": "kobe7610", "comment_date": ["04/14", "18:14"], "comment_content": "垃圾民進黨"}, {"comment_author": "time3Q", "comment_date": ["04/14", "18:14"], "comment_content": "DDP立委陳歐珀：喔耶 我下莊了 裝死萬歲"}, {"comment_author": "option6699", "comment_date": ["04/14", "18:17"], "comment_content": "業力引爆"}, {"comment_author": "tiger911", "comment_date": ["04/14", "18:34"], "comment_content": "趕快製作圖卡還原事發經過"}, {"comment_author": "hirorei", "comment_date": ["04/14", "18:58"], "comment_content": "八卦遊行相挺"}, {"comment_author": "koudy", "comment_date": ["04/14", "19:11"], "comment_content": "說藍綠一樣爛的請再加上白"}, {"comment_author": "andy818102", "comment_date": ["04/14", "19:12"], "comment_content": "國聰老師很安靜"}, {"comment_author": "squarerinoa", "comment_date": ["04/14", "19:39"], "comment_content": "沒破億，沒黨證，重判"}, {"comment_author": "e44444", "comment_date": ["04/14", "20:13"], "comment_content": "八卦女神"}, {"comment_author": "OvvO", "comment_date": ["04/14", "21:10"], "comment_content": "八又翻"}, {"comment_author": "vev", "comment_date": ["04/14", "21:13"], "comment_content": "大姑公司幫忙去年造勢！900芯跟大姑感情真好"}, {"comment_author": "vev", "comment_date": ["04/14", "21:13"], "comment_content": "     請問是哭自己的100萬嗎？"}, {"comment_author": "ethan119", "comment_date": ["04/14", "21:55"], "comment_content": "100萬資金耶 支持幹未成年統神還跟詐騙"}, {"comment_author": "ethan119", "comment_date": ["04/14", "21:55"], "comment_content": "集團有關係 就一個字 噁芯"}, {"comment_author": "wang0314", "comment_date": ["04/14", "22:17"], "comment_content": "噁心，次元切割刀來囉"}, {"comment_author": "liont", "comment_date": ["04/14", "23:32"], "comment_content": "八又翻"}, {"comment_author": "jaofei", "comment_date": ["04/15", "00:42"], "comment_content": "噁芯，快出來玩"}, {"comment_author": "biaw", "comment_date": ["04/15", "02:00"], "comment_content": "美鳳 出來打球阿"}, {"comment_author": "albertk1kil", "comment_date": ["04/15", "04:41"], "comment_content": "整篇文完全不提犯人名字，卻頻頻提"}, {"comment_author": "albertk1kil", "comment_date": ["04/15", "04:41"], "comment_content": "沒有犯罪的徐巧芯，我真的被噁心到"}, {"comment_author": "resque45", "comment_date": ["04/15", "08:47"], "comment_content": "藍白仔，有民進黨8500億多嗎？"}, {"comment_author": "abxyz4563", "comment_date": ["04/15", "12:38"], "comment_content": "這次還有什麼藉口"}, {"comment_author": "furuuchitw", "comment_date": ["04/16", "09:13"], "comment_content": "什麼樣的人就有什麼樣的垃圾家人"}]}
