{"author": "NinjaCats (忍者貓貓)", "category": "Gossiping", "title": "[新聞] 史前巨獸現身！ 英國出土25米長巨型魚龍", "date": "Fri Apr 19 06:51:45 2024", "content": ["備註請放最後面 違者新聞文章刪除1.媒體來源:自由時報2.記者署名:編譯陳成良／綜合報導3.完整新聞標題:史前巨獸現身！ 英國出土25米長巨型魚龍化石4.完整新聞內文:英國薩默塞特郡(Somerset)海灘驚現史前巨獸！業餘化石獵人和古生物學家聯手揭開了遠古海洋的秘密。2塊巨大的下顎骨化石，見證了曾經稱霸海洋的巨型魚龍：塞文河巨型魚龍(Ichthyotitan severnensis)。這種史前巨獸大約在2億年前與恐龍一起生活，估計體長為25米，超過了此前已知的任何海洋爬行動物。英國廣播公司(BBC)17日報導，2016年，業餘化石獵人德拉薩爾(Paul de la Salle)在薩默塞特郡海灘上尋寶時，意外發現了1塊巨大的下顎骨化石。「這塊化石長度超過1米，散發著遠古的氣息。」德拉薩爾說，「我意識到這可能是一項重大發現，於是聯繫了古生物學家迪恩·洛馬克斯(Dean Lomax)。」2020年，洛馬克斯和德拉薩爾再次攜手，在距離德拉薩爾發現地點10公里的藍錨灣(Blue Anchor)找到了第2塊類似的下顎骨化石。「這塊化石更加巨大，長度超過2米」，洛馬克斯說。經過專家們的鑑定，這兩塊化石均屬於同一個物種——巨型魚龍(Ichthyosaur)。「根據化石的大小和形態特徵，科學家們將其命名為「塞文河巨型魚龍」(Ichthyotitan severnensis)」，洛馬克斯說。塞文河巨型魚龍生活在2億年前的海洋中，體長可達25米，相當於2輛巴士頭尾相連的長度。洛馬克斯說，「牠是當時海洋中的頂級掠食者，以其巨大的身軀和鋒利的牙齒捕食大型海洋生物。」德拉薩爾的發現，再一次證明了業餘化石愛好者在科學研究中的重要作用。「他對化石的熱情和敏銳的觀察力，為科學家們提供了珍貴的線索。」洛馬克斯說。洛馬克斯表示，業餘化石愛好者經常在專業人員無法到達的地方進行探索，「他們發現的化石往往具有重要的研究價值。」這次的合作，也體現了業餘愛好者與科學家之間的密切合作。目前，巨型魚龍化石樣本已經過科學家們的分析，「將在布里斯托爾博物館和藝術畫廊(Bristol Museum and Art Gallery)展出。」洛馬克斯說。「公眾可以近距離感受這史前巨獸的震撼，探索地球生命演化的奧秘。」塞文河巨型魚龍的發現是古生物學研究中的一個重要突破。此前，科學家們對體長超過20米的魚龍知之甚少。塞文河巨型魚龍化石的發現，不僅填補了古生物學研究的空白，也為我們了解史前海洋生態環境提供了重要依據。相關研究成果，發表在最新一期《自然》(Nature)期刊，塞文河巨型魚龍的估計體長為25米，超過了此前已知的任何海洋爬行動物，包括著名的滄龍(Plesiosaurus)和蛇頸龍(Elasmosaurus)。然而，塞文河巨型魚龍的化石僅包括兩個下顎骨，因此其確切體長仍存在一定程度的不確定性。5.完整新聞連結 (或短網址)", "6.備註:這個阿肥比滄龍還巨耶--"], "post_comment": [{"comment_author": "frommr", "comment_date": ["04/19", "06:53"], "comment_content": "以前炸魚比較大"}, {"comment_author": "Dcwei", "comment_date": ["04/19", "06:58"], "comment_content": "不知道一隻 一個普通家庭能吃多久"}, {"comment_author": "blueskyqoo", "comment_date": ["04/19", "06:58"], "comment_content": "說過了 遇到人類快逃"}, {"comment_author": "maiev", "comment_date": ["04/19", "07:14"], "comment_content": "封印了千年的禍害，即將到來"}, {"comment_author": "maiev", "comment_date": ["04/19", "07:15"], "comment_content": "你的血是他的菜，你的恐懼...他的最愛。"}, {"comment_author": "maiev", "comment_date": ["04/19", "07:15"], "comment_content": "沒有人相信，只有你知道。"}, {"comment_author": "maiev", "comment_date": ["04/19", "07:15"], "comment_content": "熱鬧的園遊會就要變成一盤人肉沙西米"}, {"comment_author": "maiev", "comment_date": ["04/19", "07:15"], "comment_content": "他......不用配哇沙米"}, {"comment_author": "Howard61313", "comment_date": ["04/19", "07:23"], "comment_content": "英國這隻肯定不會咬人"}, {"comment_author": "ayakiax", "comment_date": ["04/19", "07:34"], "comment_content": "業餘的真的重要，比熱忱一點也不輸專業"}, {"comment_author": "Merman19", "comment_date": ["04/19", "07:47"], "comment_content": "為什麼以前的恐龍動不動就幾十個公尺"}, {"comment_author": "qaz12453", "comment_date": ["04/19", "08:10"], "comment_content": "該死的通膨 25萬年前炸魚一直縮水"}, {"comment_author": "kamisanma", "comment_date": ["04/19", "08:13"], "comment_content": "職業的要伸手跟人要錢 業餘的自己就有"}, {"comment_author": "kamisanma", "comment_date": ["04/19", "08:14"], "comment_content": "本錢"}, {"comment_author": "lunkk", "comment_date": ["04/19", "08:14"], "comment_content": "25公尺 太大隻了吧"}, {"comment_author": "rofer", "comment_date": ["04/19", "08:17"], "comment_content": "比8層樓還高"}, {"comment_author": "t2134563", "comment_date": ["04/19", "08:20"], "comment_content": "三疊紀的秀尼魚龍也才15米 肯定通膨了"}, {"comment_author": "keyman616", "comment_date": ["04/19", "09:06"], "comment_content": "也許以前地球的重力比較小?"}, {"comment_author": "windows0310", "comment_date": ["04/19", "09:52"], "comment_content": "樓上你是認真的嗎"}]}
