{"author": "STAV72 (刁民黨黨務主委)", "category": "Gossiping", "title": "[新聞] 毒販把毒品藏在大玩偶裡 警見頭身不一樣", "date": "Sun Apr 14 20:28:24 2024", "content": ["備註請放最後面 違者新聞文章刪除1.媒體來源:聯合新聞網2.記者署名:王思慧3.完整新聞標題:毒販把毒品藏在大玩偶裡 警見頭身不一樣識破4.完整新聞內文:毒販把毒品藏在大玩偶裡 警見頭身不一樣識破2024-04-14 20:22 聯合報／ 記者王思慧／花蓮即時報導花蓮縣警察局刑警大隊獲報，30歲連姓男子持有一批毒品，近日會找買家販賣，依照路口監視器，找到連男將車停在市區路口，警方上前盤查，發現有個玩偶，頭是蠟筆小新，身體是米老鼠，警直覺有異，拆開赫然發現有569公克大麻花，查獲不法所得15萬元，移送花蓮地檢署偵辦。縣警局今天表示，這次震災是由刑警大隊偵三隊，負責輪值天王星大樓拆除蒐證工作，他們也是3日地震後第一批到達天王星大樓的救災警力，24小時配合檢方實施勘驗，不過該做的掃毒工作仍不懈怠。偵三隊臨時獲報，連男持有一批毒品，可能在這2天就販賣脫手，若順利賣出，屆時將無事證可追。好在路口監視系統在強震後仍正常運作，10日專案小組鎖定連嫌車輛停放於花蓮市中正路與中原路路口，旋即埋伏在該車周遭，趁連嫌返回車上時盤查。警方發現，車上有頭是蠟筆小新，身體卻是米老鼠的玩偶，直覺有問題，把玩偶拆開，當場起獲第二級毒品大麻花達569公克；11日溯源會同新北市政府警察局，在板橋拘提上游23歲李嫌，查扣不法所得15萬2000元、手機等證物，全案依涉毒品危害防制條例罪嫌，將連、李二嫌移送花蓮地檢署偵辦。另外，為避免不法分子趁地震災後影響治安，縣警局昨天晚間，針對各住宅損壞災區及易滋事治安要點，執行封鎖性路（臨）檢勤務，並加強災區危樓及封鎖地點周邊治安維護，除防止住戶違反規定闖入危險區域外，更避免宵小趁「震」擾亂治安，執行擴檢期間，花蓮分局查獲1名竊盜通緝犯。花蓮縣警察局長王旭昌指出，法律沒有假期，治安沒有空窗期，0403花蓮地震後動員全局警力投入救災，也絕不容許任何黑道幫派或毒品分子趁災變期間，危害轄區治安。連姓毒販將頭是蠟筆小新，身體是米老鼠的玩偶拼接起來，偷藏569公克大麻花，仍遭警方識破。圖／花蓮縣警局提供花蓮縣警察局刑警大隊獲報，連姓男子持有一批毒品，發現連男車內有個玩偶，拆開赫然發現有569公克大麻花，查獲不法所得15萬元。圖／花蓮縣警局提供連姓男子持有569公克大麻花，遭警方查獲送辦。圖／花蓮縣警局提供花蓮縣警局針對各住宅損壞災區及易滋事治安要點，加強災區危樓及封鎖地點周邊治安維護。圖／花蓮縣警局提供5.完整新聞連結 (或短網址)不可用YAHOO、LINE、MSN等轉載媒體:", "6.備註:所以米奇的頭跟小新的屁股去哪了？--"], "post_comment": [{"comment_author": "spzper", "comment_date": ["04/14", "20:29"], "comment_content": "台灣一堆毒~都快變日常"}, {"comment_author": "ralfeistein", "comment_date": ["04/14", "20:29"], "comment_content": "吸毒吸到連小新跟米老鼠都不會分"}, {"comment_author": "gx8759121", "comment_date": ["04/14", "20:29"], "comment_content": "迪士尼法務部舉報的"}, {"comment_author": "Howard61313", "comment_date": ["04/14", "20:29"], "comment_content": "無毒有偶"}, {"comment_author": "vV070413", "comment_date": ["04/14", "20:29"], "comment_content": "被露屁屁怪獸ㄘ掉了"}, {"comment_author": "gay7788", "comment_date": ["04/14", "20:30"], "comment_content": "笑死，還說吸大麻不會影響智力喔"}, {"comment_author": "azeroth", "comment_date": ["04/14", "20:30"], "comment_content": "XDDDDDDDDDDDDDDDDDDDDDDDDDDDDDDDDDDDDD"}, {"comment_author": "sobiNOva", "comment_date": ["04/14", "20:30"], "comment_content": "笑爛 這肯定是被賣了作業基"}, {"comment_author": "karkkunt", "comment_date": ["04/14", "20:30"], "comment_content": "阿薛？？？"}, {"comment_author": "gem810611", "comment_date": ["04/14", "20:31"], "comment_content": "吸太少還真不會這樣拼"}, {"comment_author": "LBruce", "comment_date": ["04/14", "20:31"], "comment_content": "蠟筆小新的身體絕對被肛了"}, {"comment_author": "keyman2", "comment_date": ["04/14", "20:32"], "comment_content": "蠟筆鼠 米老新"}, {"comment_author": "kevinpc", "comment_date": ["04/14", "20:35"], "comment_content": "蠟筆小鼠 米老新"}, {"comment_author": "tom77588", "comment_date": ["04/14", "20:36"], "comment_content": "正常吧，也有卡娜赫拉跟皮卡丘的合體啊"}, {"comment_author": "maxsho", "comment_date": ["04/14", "20:36"], "comment_content": "拿去拼出另一個玩偶可能早就賣毒賣出去了"}, {"comment_author": "iLeyaSin365", "comment_date": ["04/14", "20:37"], "comment_content": "麻花好吃"}, {"comment_author": "hyuchi0202", "comment_date": ["04/14", "20:40"], "comment_content": "有黨證就可以吸大麻了 看來是沒有"}, {"comment_author": "coffee112", "comment_date": ["04/14", "20:41"], "comment_content": ""}, {"comment_author": "spring719", "comment_date": ["04/14", "20:47"], "comment_content": "圖笑死"}, {"comment_author": "zhiting", "comment_date": ["04/14", "20:56"], "comment_content": "毒蟲吸到頭殼也壞了"}, {"comment_author": "x284yk6cjo5", "comment_date": ["04/14", "21:00"], "comment_content": "笑死  低能兒嗎"}, {"comment_author": "porkonrice", "comment_date": ["04/14", "21:07"], "comment_content": "吸毒吸到腦殘 以為變形怪喔"}, {"comment_author": "chanel1259", "comment_date": ["04/14", "21:12"], "comment_content": "毛怪的身體，麥克華司機的頭"}, {"comment_author": "sazabik", "comment_date": ["04/14", "21:48"], "comment_content": "巴藥的白圾力量不敢快去護駕？"}]}
