{"author": "Rostislav (接線生)", "category": "Gossiping", "title": "[新聞] 爆徐巧芯老公特權免兵役 劉彥澧伸右小腿", "date": "Wed Apr 17 13:31:18 2024", "content": ["備註請放最後面 違者新聞文章刪除1.媒體來源:聯合報", "2.記者署名:記者陳秋雲／台中即時報導", "3.完整新聞標題:爆徐巧芯老公特權免兵役 劉彥澧伸右小腿拿證據要溫朗東道歉", "4.完整新聞內文:2024-04-17 11:29國民黨立委徐巧芯的大姑夫婦涉詐騙案遭羈押禁見，名嘴溫朗東在臉書質疑徐的先生、台中市府研考會主委劉彥澧在父親陪同下體檢，直接獲判免役？劉彥澧今早受訪說，溫朗東在臉書以問句影射，非但沒有提出任何具體證據，更不是事實。他說事實是，兵役體檢是他自行前往，體檢過程完全合法合規，並出示病歷與診斷文件佐證。因右小腿腫瘤免服役，肉眼可見有逾15公分的腫塊。立委徐巧芯的大姑夫婦涉詐騙洗錢案，溫朗東昨晚在臉書反問徐巧芯「妳老公劉彥澧，當年是否在國軍高雄總醫院屏東分院體檢，在妳公公的熱誠陪同下，直接獲判免役？」劉彥澧今受訪說，他免役的原因是右小腿有「肌肉內廣泛性血管瘤」，2009年在「三軍總醫院」被診斷為運動功能障礙，當時的醫師是目前國防部軍醫局局長蔡建松中將，獲《康健》雜誌評選2023年度好醫生。後來兵役體檢複檢時，高雄榮總再度診斷劉彥澧是運動功能障礙，同年屏東縣政府兵役處依兵役法第四條跟第三十三條，判定為免役體位。劉彥澧拉起褲管，出示小腿的血管瘤。劉彥澧說，他上周還因管管瘤問題回診，醫師不建議動手術，擔心影響日後行動。劉彥澧另出示相關病例表。劉彥澧說，溫朗東其臉書上是用發問的形式，並未提出任何具體事證，但已對他的父親及他本人名譽造成莫大傷害，他今天出示相關證據及文件，同時，希望溫對烏龍爆料道歉，呼籲各方謠言到此為止。", "5.完整新聞連結 (或短網址)不可用YAHOO、LINE、MSN等轉載媒體:", "6.備註:已經從徐巧芯的大姑戰到徐巧芯的老公兵役問題怎麼算也還是徐巧芯這邊吃虧說實在的側翼丟一題，徐這邊澄清一題車輪戰，耗也要把你耗死", "--", "--", "不准這樣說我捷！"], "post_comment": [{"comment_author": "kinki999", "comment_date": ["04/17", "13:31"], "comment_content": "好膧"}, {"comment_author": "zxc2331189", "comment_date": ["04/17", "13:31"], "comment_content": "+5腫瘤"}, {"comment_author": "HodorDragon", "comment_date": ["04/17", "13:32"], "comment_content": "哇+5腫瘤啦"}, {"comment_author": "edges", "comment_date": ["04/17", "13:32"], "comment_content": "朗東不知道這次會不會承認翻車"}, {"comment_author": "sesd", "comment_date": ["04/17", "13:33"], "comment_content": " 這波民進黨還是大賺吧 照三餐洗"}, {"comment_author": "sesd", "comment_date": ["04/17", "13:33"], "comment_content": "  讓其他人會怕就好了"}, {"comment_author": "pikochu", "comment_date": ["04/17", "13:33"], "comment_content": "下駟對上駟，綠共划算啊"}, {"comment_author": "championbad", "comment_date": ["04/17", "13:33"], "comment_content": "好爽喔 不用當兵"}, {"comment_author": "neoa01", "comment_date": ["04/17", "13:33"], "comment_content": "對側翼跟他認真就輸了，不用隨之起舞"}, {"comment_author": "kuosambition", "comment_date": ["04/17", "13:33"], "comment_content": "陷入自證陷阱，根本沒必要主動澄清"}, {"comment_author": "omoideomoi", "comment_date": ["04/17", "13:33"], "comment_content": "溫哪次道歉過啦  下次繼續扯"}, {"comment_author": "jackycheny", "comment_date": ["04/17", "13:33"], "comment_content": "綠共出征，笑到往生"}, {"comment_author": "nowitzki0207", "comment_date": ["04/17", "13:34"], "comment_content": "他老婆打這什麼鳥議題，先剪盆栽啦"}, {"comment_author": "Forcast", "comment_date": ["04/17", "13:34"], "comment_content": "管管瘤"}, {"comment_author": "sesd", "comment_date": ["04/17", "13:34"], "comment_content": "  民進黨網路策略還是屌打國民黨這個肉咖"}, {"comment_author": "hwaien", "comment_date": ["04/17", "13:34"], "comment_content": "徐有道歉過嗎哈哈哈"}, {"comment_author": "shiueyang", "comment_date": ["04/17", "13:34"], "comment_content": "綠營這次包出大了我是建議國防部長下台"}, {"comment_author": "edisgood", "comment_date": ["04/17", "13:34"], "comment_content": "完了 腫瘤+9分"}, {"comment_author": "Nuey", "comment_date": ["04/17", "13:34"], "comment_content": "傻了 接下來只要有一題沒自證準備被打死"}, {"comment_author": "johnhmj", "comment_date": ["04/17", "13:34"], "comment_content": "結果兩邊各自出面說明 接下來要吵什麼？"}, {"comment_author": "darkholy", "comment_date": ["04/17", "13:35"], "comment_content": "蜜獾：發動陷阱卡"}, {"comment_author": "j3699939", "comment_date": ["04/17", "13:35"], "comment_content": "＋5腫瘤"}, {"comment_author": "sesd", "comment_date": ["04/17", "13:35"], "comment_content": "三餐洗把徐巧芯鎖住 打給其他人看 策略100分"}, {"comment_author": "DarkKnight", "comment_date": ["04/17", "13:36"], "comment_content": "哇+5"}, {"comment_author": "kuosambition", "comment_date": ["04/17", "13:36"], "comment_content": "上次有個小六子為了自證都剖腹了"}, {"comment_author": "yufat", "comment_date": ["04/17", "13:36"], "comment_content": "有腫瘤就可以免役? 還不用切除代表良性吧"}, {"comment_author": "zxc17893", "comment_date": ["04/17", "13:36"], "comment_content": "＋5腫瘤"}, {"comment_author": "s81048112", "comment_date": ["04/17", "13:36"], "comment_content": "ㄟㄟ怎麼同樣標準900和她老公就沒問題"}, {"comment_author": "sesd", "comment_date": ["04/17", "13:36"], "comment_content": "看還有誰敢上"}, {"comment_author": "DarkKnight", "comment_date": ["04/17", "13:36"], "comment_content": "4>0"}, {"comment_author": "s81048112", "comment_date": ["04/17", "13:37"], "comment_content": "笑死 900可是嘴別人逃兵耶"}, {"comment_author": "supreme123", "comment_date": ["04/17", "13:37"], "comment_content": "有出來說明給推"}, {"comment_author": "ad1339", "comment_date": ["04/17", "13:37"], "comment_content": "溫當兵當到吃草拉屎到底484真的啦？"}, {"comment_author": "kuosambition", "comment_date": ["04/17", "13:38"], "comment_content": "下次說你去逛夜市吃了兩碗飯只付一"}, {"comment_author": "tactics2100", "comment_date": ["04/17", "13:38"], "comment_content": "26樓 切除有可能傷到神經啊 為了當兵"}, {"comment_author": "DarkKnight", "comment_date": ["04/17", "13:38"], "comment_content": "溫他有貼和同梯感情很好的合照"}, {"comment_author": "ytkuang", "comment_date": ["04/17", "13:38"], "comment_content": "不用道歉啦  只要再讓大家看一次吃大便"}, {"comment_author": "tactics2100", "comment_date": ["04/17", "13:38"], "comment_content": "到時變半殘 還不是當不成"}, {"comment_author": "DarkKnight", "comment_date": ["04/17", "13:38"], "comment_content": "自己判斷"}, {"comment_author": "TryToBe", "comment_date": ["04/17", "13:38"], "comment_content": "要溫道歉，那自己老婆沒證據說溫朗東逃兵"}, {"comment_author": "TryToBe", "comment_date": ["04/17", "13:38"], "comment_content": "要不要道歉？啊，雙標家族，老公都聽老婆"}, {"comment_author": "TryToBe", "comment_date": ["04/17", "13:38"], "comment_content": "的，哪敢要老婆道歉"}, {"comment_author": "sheep922420", "comment_date": ["04/17", "13:39"], "comment_content": "港仔掏出錢包,我就沒帶錢"}, {"comment_author": "Urbina", "comment_date": ["04/17", "13:39"], "comment_content": "沒什麼問題啊 但是你老婆先砲人裝精神病逃"}, {"comment_author": "Urbina", "comment_date": ["04/17", "13:39"], "comment_content": "兵要去坐牢耶"}, {"comment_author": "supreme123", "comment_date": ["04/17", "13:39"], "comment_content": "樓上的 你會被打成側翼"}, {"comment_author": "kuosambition", "comment_date": ["04/17", "13:39"], "comment_content": "碗的錢，你難道要剖腹自證?XD"}, {"comment_author": "ashkaze", "comment_date": ["04/17", "13:39"], "comment_content": "哇很真的很腫"}, {"comment_author": "s81048112", "comment_date": ["04/17", "13:39"], "comment_content": "900這幾天一直想轉移焦點 東扯西扯"}, {"comment_author": "JennyID", "comment_date": ["04/17", "13:39"], "comment_content": "巧芯說人逃兵也沒證據出張嘴，巧芯道歉了"}, {"comment_author": "JennyID", "comment_date": ["04/17", "13:39"], "comment_content": "嗎"}, {"comment_author": "supreme123", "comment_date": ["04/17", "13:40"], "comment_content": "凡是質疑我八卦女神 皆側翼無誤"}, {"comment_author": "s81048112", "comment_date": ["04/17", "13:40"], "comment_content": "這個車輪戰可是900一直發動的"}, {"comment_author": "cage820518", "comment_date": ["04/17", "13:40"], "comment_content": "那些側翼真的很該死"}, {"comment_author": "Leoreo", "comment_date": ["04/17", "13:40"], "comment_content": "真正的+5腫瘤 跟閃尿仔比的話給過"}, {"comment_author": "ivorysoap", "comment_date": ["04/17", "13:41"], "comment_content": "看到腫瘤的照片相信大家都閉嘴了"}, {"comment_author": "fallennrise", "comment_date": ["04/17", "13:41"], "comment_content": "還好吧都有免疫的當國防委員了"}, {"comment_author": "NinJa", "comment_date": ["04/17", "13:41"], "comment_content": "可是溫沒有否認欸 @@"}, {"comment_author": "s81048112", "comment_date": ["04/17", "13:41"], "comment_content": "側翼丟一題，徐這邊澄清一題 不敢怪900"}, {"comment_author": "ivorysoap", "comment_date": ["04/17", "13:41"], "comment_content": "畢竟那跟神經病不一樣沒辦法裝"}, {"comment_author": "turbomons", "comment_date": ["04/17", "13:41"], "comment_content": "比較好奇党側翼怎麼拿到兵役資料的"}, {"comment_author": "EZTW0000", "comment_date": ["04/17", "13:41"], "comment_content": "立委降低格調去和小綠嘴爭輸贏笑死"}, {"comment_author": "tactics2100", "comment_date": ["04/17", "13:41"], "comment_content": "徐在她大姑沒出事前 就一直有在大戰"}, {"comment_author": "Dcwei", "comment_date": ["04/17", "13:41"], "comment_content": "黃捷好正"}, {"comment_author": "s81048112", "comment_date": ["04/17", "13:41"], "comment_content": "900都能說有人爆料 別人不行?"}, {"comment_author": "RiverMan1", "comment_date": ["04/17", "13:41"], "comment_content": "朗東出來打球啊，這次換你當球"}, {"comment_author": "tactics2100", "comment_date": ["04/17", "13:41"], "comment_content": "四方啊"}, {"comment_author": "s81048112", "comment_date": ["04/17", "13:42"], "comment_content": "900就是側翼!"}, {"comment_author": "Thorvs", "comment_date": ["04/17", "13:42"], "comment_content": "真的腫"}, {"comment_author": "goldman0204", "comment_date": ["04/17", "13:42"], "comment_content": "又一個不用當兵的噴另一個不當兵的~"}, {"comment_author": "kicca", "comment_date": ["04/17", "13:42"], "comment_content": "該換人拿精神病證明出來了 我要看到血流成"}, {"comment_author": "kicca", "comment_date": ["04/17", "13:42"], "comment_content": "河"}, {"comment_author": "goldman0204", "comment_date": ["04/17", "13:42"], "comment_content": "我怎麼會說\"又\"~原來妳老公沒當兵"}, {"comment_author": "luche", "comment_date": ["04/17", "13:42"], "comment_content": "邁邁的脊椎側彎不知道康復了沒=.="}, {"comment_author": "cymtrex", "comment_date": ["04/17", "13:43"], "comment_content": "八又翻"}, {"comment_author": "devilfruit", "comment_date": ["04/17", "13:43"], "comment_content": "塔綠班側翼又翻車了 巧芯扳回一城"}, {"comment_author": "hwaien", "comment_date": ["04/17", "13:43"], "comment_content": "那請問徐怎麼拿到兵役資料的？"}, {"comment_author": "elzohar", "comment_date": ["04/17", "13:43"], "comment_content": "馬上就要被離婚的傢伙還這麼假鬼假怪喔"}, {"comment_author": "winner0940", "comment_date": ["04/17", "13:43"], "comment_content": "業力引爆，自食其果，怎麽來的就會怎"}, {"comment_author": "winner0940", "comment_date": ["04/17", "13:43"], "comment_content": "麽去，垃圾不分藍綠檳榔，都一樣啦"}, {"comment_author": "jimei2", "comment_date": ["04/17", "13:44"], "comment_content": "哇 真的腫"}, {"comment_author": "garcia", "comment_date": ["04/17", "13:44"], "comment_content": "有台灣價值的閃兵仔>閃兵仔"}, {"comment_author": "ChenYenChou", "comment_date": ["04/17", "13:44"], "comment_content": "髒東西對決"}, {"comment_author": "jvlvw", "comment_date": ["04/17", "13:45"], "comment_content": "離婚吧"}, {"comment_author": "basslife", "comment_date": ["04/17", "13:45"], "comment_content": "這麼腫 合理懷疑巧芯家暴 (X"}, {"comment_author": "charmingpink", "comment_date": ["04/17", "13:45"], "comment_content": "+5腫瘤"}, {"comment_author": "aika5512308", "comment_date": ["04/17", "13:46"], "comment_content": "哪些羨慕不用當兵的是不是也想得腫"}, {"comment_author": "aika5512308", "comment_date": ["04/17", "13:47"], "comment_content": "瘤"}, {"comment_author": "Henrique", "comment_date": ["04/17", "13:47"], "comment_content": "嫖客如果要道歉 取巧芯也要道歉啊 笑死"}, {"comment_author": "linbsing", "comment_date": ["04/17", "13:48"], "comment_content": "從詐騙打到逃兵 邊打邊跑越遠 有默契"}, {"comment_author": "rex0217", "comment_date": ["04/17", "13:48"], "comment_content": "白癡扯兵役，沒當過兵在位不少耶"}, {"comment_author": "johfaikid", "comment_date": ["04/17", "13:49"], "comment_content": "劉彥澧講話聲音好虛 以前打辯論賽不會"}, {"comment_author": "johfaikid", "comment_date": ["04/17", "13:49"], "comment_content": "很吃虧嗎？"}, {"comment_author": "rejuvenation", "comment_date": ["04/17", "13:51"], "comment_content": "現在是要互相扯每個人的內疾就對了"}, {"comment_author": "rejuvenation", "comment_date": ["04/17", "13:51"], "comment_content": " 哈哈 下一步是要說要誰有性病嗎"}, {"comment_author": "abc0922001", "comment_date": ["04/17", "13:51"], "comment_content": "照片看起來很像小腿肚XD不過都有X光了"}, {"comment_author": "HodorDragon", "comment_date": ["04/17", "13:51"], "comment_content": "就是狗咬狗 幹嘛挺其中一隻？"}, {"comment_author": "em4", "comment_date": ["04/17", "13:54"], "comment_content": "懷疑中將造假的意思嗎？"}, {"comment_author": "ben811018", "comment_date": ["04/17", "13:54"], "comment_content": "因為劉剛開完刀"}, {"comment_author": "QooSnow", "comment_date": ["04/17", "13:54"], "comment_content": "哥布林在別人的傷口上撒鹽，噁心嘔吐。"}, {"comment_author": "bire", "comment_date": ["04/17", "13:55"], "comment_content": "太早拿出證據了，應該等溫再扯幾天再拿出來"}, {"comment_author": "etiennechiu", "comment_date": ["04/17", "13:55"], "comment_content": "這話題不是徐先開啟的？"}, {"comment_author": "async", "comment_date": ["04/17", "13:56"], "comment_content": "都有醫生證明可以不用當兵 罵那邊都不對"}, {"comment_author": "gngn5566", "comment_date": ["04/17", "13:56"], "comment_content": "好爽喔不用當兵"}, {"comment_author": "hikari22", "comment_date": ["04/17", "13:56"], "comment_content": "靠北我有幾十顆脂肪瘤為啥我還要當滿兵"}, {"comment_author": "VVizZ", "comment_date": ["04/17", "13:57"], "comment_content": "樓下陰囊粉瘤"}, {"comment_author": "st210113", "comment_date": ["04/17", "13:57"], "comment_content": "側翼慣用手法 先潑屎就對了"}, {"comment_author": "st210113", "comment_date": ["04/17", "13:58"], "comment_content": "先潑你滿身大便，就算你清乾淨了還是臭"}, {"comment_author": "agow", "comment_date": ["04/17", "13:58"], "comment_content": "下一步大概是愛滋了？"}, {"comment_author": "ShockG", "comment_date": ["04/17", "13:59"], "comment_content": "所以哪邊要先道歉？"}, {"comment_author": "terryroc", "comment_date": ["04/17", "13:59"], "comment_content": "老實說這就你老婆害的..."}, {"comment_author": "async", "comment_date": ["04/17", "14:00"], "comment_content": "有人可以激烈打籃球也一樣不用當兵 沒辦法"}, {"comment_author": "async", "comment_date": ["04/17", "14:00"], "comment_content": "規則就是這樣"}, {"comment_author": "Yelich", "comment_date": ["04/17", "14:01"], "comment_content": "黃捷比較正"}, {"comment_author": "bulden", "comment_date": ["04/17", "14:02"], "comment_content": "拿脂肪瘤比血管瘤，你可以去軍醫院驗退丫"}, {"comment_author": "kria5304", "comment_date": ["04/17", "14:02"], "comment_content": "DPP弄人都這樣啊 霰彈槍亂打 不回就當有"}, {"comment_author": "bulden", "comment_date": ["04/17", "14:02"], "comment_content": "就看軍醫院給不給過而己"}, {"comment_author": "kria5304", "comment_date": ["04/17", "14:02"], "comment_content": "回了打他臉 裝死繼續開槍亂打"}, {"comment_author": "EfiwymsiAros", "comment_date": ["04/17", "14:02"], "comment_content": "出來啊沒錢瓢仔"}, {"comment_author": "ashs92223", "comment_date": ["04/17", "14:03"], "comment_content": "好大顆 QQ"}, {"comment_author": "wilhel", "comment_date": ["04/17", "14:03"], "comment_content": "腫起來就免役喔 長知識了"}, {"comment_author": "wwwwhite", "comment_date": ["04/17", "14:04"], "comment_content": "是不是要先檢討你老婆在幹嘛"}, {"comment_author": "j198811", "comment_date": ["04/17", "14:04"], "comment_content": "啊人家躁鬱症也合法合規啊，要不要叫你"}, {"comment_author": "j198811", "comment_date": ["04/17", "14:04"], "comment_content": "老婆道歉？"}, {"comment_author": "JUSTNONE", "comment_date": ["04/17", "14:05"], "comment_content": "人家拿出腫瘤了 該你了欸"}, {"comment_author": "tolajan", "comment_date": ["04/17", "14:05"], "comment_content": " "}, {"comment_author": "tolajan", "comment_date": ["04/17", "14:05"], "comment_content": "死 你先污衊別人 別人不可反擊  滿口謊"}, {"comment_author": "tolajan", "comment_date": ["04/17", "14:05"], "comment_content": "言的8卦女神"}, {"comment_author": "andytaso", "comment_date": ["04/17", "14:05"], "comment_content": "的確是看軍醫給不給過,有關係的話就..."}, {"comment_author": "bulden", "comment_date": ["04/17", "14:06"], "comment_content": "我是看過一堆在軍中有躁鬱症，驗退完就不"}, {"comment_author": "bulden", "comment_date": ["04/17", "14:06"], "comment_content": "看精神科了"}, {"comment_author": "QooSnow", "comment_date": ["04/17", "14:06"], "comment_content": "看哥布林開心的罵人，完全不像有躁鬱症耶"}, {"comment_author": "QooSnow", "comment_date": ["04/17", "14:06"], "comment_content": "！"}, {"comment_author": "andytaso", "comment_date": ["04/17", "14:07"], "comment_content": "我同學骨刺沒很嚴重,但軍醫人太好直接過"}, {"comment_author": "au4g3wk4k", "comment_date": ["04/17", "14:07"], "comment_content": "以前沒躁鬱症 一當兵就躁鬱症 嘻嘻"}, {"comment_author": "async", "comment_date": ["04/17", "14:07"], "comment_content": "學打論文質疑學校 你們可以去質疑醫院"}, {"comment_author": "ad1339", "comment_date": ["04/17", "14:07"], "comment_content": "當兵當到精神病對吧，見多了啦~抗中保台~"}, {"comment_author": "wulaw5566", "comment_date": ["04/17", "14:08"], "comment_content": "被逼到公布健康狀況，好慘。"}, {"comment_author": "a455095s", "comment_date": ["04/17", "14:09"], "comment_content": "這邊拿出腫瘤 換嫖妓沒帶錢的人了"}, {"comment_author": "QooSnow", "comment_date": ["04/17", "14:10"], "comment_content": "哥布林以前沒躁鬱症 一當冰就躁鬱症 嘻嘻"}, {"comment_author": "QooSnow", "comment_date": ["04/17", "14:10"], "comment_content": "+1"}, {"comment_author": "volleywayne", "comment_date": ["04/17", "14:10"], "comment_content": "狗要怎麼道歉？汪汪兩聲嗎？"}, {"comment_author": "tanby", "comment_date": ["04/17", "14:11"], "comment_content": "裝神經病的結果支持民進黨"}, {"comment_author": "aken59420", "comment_date": ["04/17", "14:12"], "comment_content": "民進黨跟溫朗東沒有關係吧，不熟"}, {"comment_author": "maxandy201", "comment_date": ["04/17", "14:12"], "comment_content": "所以嫖妓加價購有沒有付錢"}, {"comment_author": "zoin", "comment_date": ["04/17", "14:13"], "comment_content": "我還以為是排腸肌"}, {"comment_author": "Violataf", "comment_date": ["04/17", "14:14"], "comment_content": "不是 為啥這腫瘤不去處理掉阿"}, {"comment_author": "yamhome", "comment_date": ["04/17", "14:15"], "comment_content": "沒當兵在八卦會被瞧不起"}, {"comment_author": "spa41260", "comment_date": ["04/17", "14:16"], "comment_content": "換溫表演躁鬱症了"}, {"comment_author": "tactics2100", "comment_date": ["04/17", "14:16"], "comment_content": "105樓 好慘 沒護航到溫 反而自爆自己"}, {"comment_author": "tactics2100", "comment_date": ["04/17", "14:16"], "comment_content": "一堆脂肪瘤"}, {"comment_author": "polo5615", "comment_date": ["04/17", "14:17"], "comment_content": "塔綠班 不意外"}, {"comment_author": "tactics2100", "comment_date": ["04/17", "14:17"], "comment_content": "因為會傷到神經啊 為了當兵有很大機"}, {"comment_author": "tactics2100", "comment_date": ["04/17", "14:17"], "comment_content": "率半殘 那還不是當不了兵？"}, {"comment_author": "fju0911", "comment_date": ["04/17", "14:18"], "comment_content": "幹他媽的這很重要嗎？民生議題不管??"}, {"comment_author": "tactics2100", "comment_date": ["04/17", "14:19"], "comment_content": "所以劉官當多大？ 影響到世界和平了"}, {"comment_author": "Murloc", "comment_date": ["04/17", "14:19"], "comment_content": "原本的主題被打到+5腫瘤有點搞笑"}, {"comment_author": "tactics2100", "comment_date": ["04/17", "14:19"], "comment_content": "嗎？"}, {"comment_author": "waitang", "comment_date": ["04/17", "14:19"], "comment_content": "網軍治國、側翼主政"}, {"comment_author": "strlen", "comment_date": ["04/17", "14:19"], "comment_content": "朗東啊 人家真的有腫瘤耶 怎麼辦？"}, {"comment_author": "CrazyKill", "comment_date": ["04/17", "14:19"], "comment_content": "溫先生 感覺是小丑"}, {"comment_author": "wondtty", "comment_date": ["04/17", "14:19"], "comment_content": "血管瘤可以免當兵喔？"}, {"comment_author": "Jeff911", "comment_date": ["04/17", "14:19"], "comment_content": "換溫表演大小便失禁了嗎?先說我不想看"}, {"comment_author": "CrazyKill", "comment_date": ["04/17", "14:20"], "comment_content": "溫朗東跟黃婕 都是側翼"}, {"comment_author": "mokke", "comment_date": ["04/17", "14:21"], "comment_content": "真的有病痛免疫合理阿 可悲的是一堆假病或"}, {"comment_author": "tactics2100", "comment_date": ["04/17", "14:21"], "comment_content": "因為那麼大顆有可能會受傷爆掉然後敗"}, {"comment_author": "mokke", "comment_date": ["04/17", "14:21"], "comment_content": "鑽漏洞甚至假裝精神病的"}, {"comment_author": "tactics2100", "comment_date": ["04/17", "14:21"], "comment_content": "血症啊"}, {"comment_author": "CrazyKill", "comment_date": ["04/17", "14:21"], "comment_content": "50台的主持人跟來賓，也都是側翼"}, {"comment_author": "CrazyKill", "comment_date": ["04/17", "14:22"], "comment_content": "49台，50台，為什麼不討論房價問題"}, {"comment_author": "inshadow", "comment_date": ["04/17", "14:22"], "comment_content": "塔綠班又翻車了 趕快把這傢伙抓回去當兵"}, {"comment_author": "gin10791", "comment_date": ["04/17", "14:24"], "comment_content": "造謠出張嘴 澄清跑斷腿"}, {"comment_author": "westhaown", "comment_date": ["04/17", "14:25"], "comment_content": "高官的相關人士幾個有當兵的？"}, {"comment_author": "a6dddd", "comment_date": ["04/17", "14:27"], "comment_content": "讓我想到徐停車事件 天生一對"}, {"comment_author": "Enti", "comment_date": ["04/17", "14:28"], "comment_content": "咦？不是徐900主動提兵役問題的嗎，講出來"}, {"comment_author": "razan", "comment_date": ["04/17", "14:28"], "comment_content": "吉他先"}, {"comment_author": "Enti", "comment_date": ["04/17", "14:28"], "comment_content": "難道不怕燒到自己？"}, {"comment_author": "louis13", "comment_date": ["04/17", "14:28"], "comment_content": "道歉個屁 你可以質疑別人 別人不能質疑你"}, {"comment_author": "louis13", "comment_date": ["04/17", "14:28"], "comment_content": "？更何況你們還是政府官員跟民意代表 而"}, {"comment_author": "louis13", "comment_date": ["04/17", "14:28"], "comment_content": "溫朗東只是一介平民又沒有公職在身"}, {"comment_author": "tactics2100", "comment_date": ["04/17", "14:29"], "comment_content": "不道歉就開告啊 去跟法官說他是政務"}, {"comment_author": "tactics2100", "comment_date": ["04/17", "14:30"], "comment_content": "官 可以抹黑"}, {"comment_author": "karmakarma", "comment_date": ["04/17", "14:30"], "comment_content": "美鳳不愧是八卦女神"}, {"comment_author": "idxxxx", "comment_date": ["04/17", "14:32"], "comment_content": "40%還在車上啊"}, {"comment_author": "cedric1982", "comment_date": ["04/17", "14:33"], "comment_content": "逃避兵役的人，都沒資格談愛國愛台灣"}, {"comment_author": "after1", "comment_date": ["04/17", "14:34"], "comment_content": "哇，踢到鐵板"}, {"comment_author": "asurdalin", "comment_date": ["04/17", "14:35"], "comment_content": "八卦女神果然不一樣"}, {"comment_author": "larsnor", "comment_date": ["04/17", "14:35"], "comment_content": "抹黑的人沒什麼成本 社會亂象阿"}, {"comment_author": "asd02113", "comment_date": ["04/17", "14:39"], "comment_content": " 到底告了沒？"}, {"comment_author": "eco0701", "comment_date": ["04/17", "14:40"], "comment_content": "朗東啊 你的躁鬱症呢"}, {"comment_author": "ShockG", "comment_date": ["04/17", "14:40"], "comment_content": "溫也有回應了啊，900會道歉嗎？"}, {"comment_author": "landpro", "comment_date": ["04/17", "14:42"], "comment_content": "切割刀準備中"}, {"comment_author": "cagepig", "comment_date": ["04/17", "14:42"], "comment_content": "對方都展示出小腿.溫是否也該表現一下"}, {"comment_author": "cedric1982", "comment_date": ["04/17", "14:45"], "comment_content": "任何男人逃避兵役，都免講一堆瞎理由"}, {"comment_author": "coneflwer", "comment_date": ["04/17", "14:45"], "comment_content": "逃兵役 藍綠都很下賤"}, {"comment_author": "flowersuger", "comment_date": ["04/17", "14:51"], "comment_content": "什麼冥嘴 就是個沒吃藥的精神病患！"}, {"comment_author": "flowersuger", "comment_date": ["04/17", "14:51"], "comment_content": "然後還可能是裝的 嘔嘔"}, {"comment_author": "vev", "comment_date": ["04/17", "14:55"], "comment_content": "請問肌肉內廣泛性血管瘤是什麼樣的疾病？"}, {"comment_author": "jay0215", "comment_date": ["04/17", "14:56"], "comment_content": "至少劉拿出證據了，反觀"}, {"comment_author": "hydra7", "comment_date": ["04/17", "14:57"], "comment_content": "好澀喔，露小腿"}, {"comment_author": "kaku413", "comment_date": ["04/17", "14:57"], "comment_content": "是你老婆先挑起的900先道歉再說"}, {"comment_author": "j0588", "comment_date": ["04/17", "14:58"], "comment_content": "應該立法綠畜一律結紮，免得生出更多小綠畜"}, {"comment_author": "j0588", "comment_date": ["04/17", "14:58"], "comment_content": "禍害台灣"}, {"comment_author": "qoo74119", "comment_date": ["04/17", "14:59"], "comment_content": "沒當過兵的，真的可以閉嘴"}, {"comment_author": "Xliao", "comment_date": ["04/17", "15:01"], "comment_content": "本肥胯下也有30公分腫塊還不是當兵"}, {"comment_author": "polarbearrrr", "comment_date": ["04/17", "15:04"], "comment_content": "一個嫖妓不帶錢的哪會道歉？"}, {"comment_author": "jiyucola", "comment_date": ["04/17", "15:07"], "comment_content": "閃尿的現在還繼續漏尿嗎?"}, {"comment_author": "orz151426", "comment_date": ["04/17", "15:09"], "comment_content": "嫖妓不給錢的我真不知道該說什麼"}, {"comment_author": "DrMatryoshka", "comment_date": ["04/17", "15:10"], "comment_content": "結果最會凹的是徐，跟新竹那個87%像"}, {"comment_author": "DrMatryoshka", "comment_date": ["04/17", "15:10"], "comment_content": "，要抓大秘寶，結果查了一年，自己"}, {"comment_author": "DrMatryoshka", "comment_date": ["04/17", "15:10"], "comment_content": "才是那個大秘寶，呵呵"}, {"comment_author": "santaclaus", "comment_date": ["04/17", "15:10"], "comment_content": "撐過去就可以選台北市長囉"}, {"comment_author": "zeon19841102", "comment_date": ["04/17", "15:12"], "comment_content": "白嫖仔又翻車"}, {"comment_author": "idxxxx", "comment_date": ["04/17", "15:16"], "comment_content": "邁邁表示"}, {"comment_author": "ppon", "comment_date": ["04/17", "15:17"], "comment_content": "民進黨側翼都一個樣 不是妖就是閃兵"}, {"comment_author": "ericeuro", "comment_date": ["04/17", "15:17"], "comment_content": "垃圾綠畜又開始這種抹屎戰"}, {"comment_author": "ppsc", "comment_date": ["04/17", "15:19"], "comment_content": ""}, {"comment_author": "kensin79", "comment_date": ["04/17", "15:20"], "comment_content": "你老婆自己先亂噴人"}, {"comment_author": "chentosi1217", "comment_date": ["04/17", "15:23"], "comment_content": "幹你娘，簽名檔放什麼恐怖圖片啊操"}, {"comment_author": "iansrc", "comment_date": ["04/17", "15:24"], "comment_content": "只是學老婆到處抹吧"}, {"comment_author": "s881702002", "comment_date": ["04/17", "15:30"], "comment_content": "真的腫"}, {"comment_author": "bluemmb", "comment_date": ["04/17", "15:48"], "comment_content": "真的有疾病 vs 裝精神疾病 都幾"}, {"comment_author": "foxvera", "comment_date": ["04/17", "15:49"], "comment_content": "呵呵，港仔出來跪"}, {"comment_author": "YuXun2021", "comment_date": ["04/17", "16:02"], "comment_content": "八卦雙標五毛出動囉"}, {"comment_author": "bart102617", "comment_date": ["04/17", "16:03"], "comment_content": "一堆閃兵仔再互戰 看了很煩"}, {"comment_author": "friand", "comment_date": ["04/17", "16:19"], "comment_content": "相信有精神疾病人說話的也很有問題"}, {"comment_author": "xpage", "comment_date": ["04/17", "16:22"], "comment_content": "結果一堆低能支持逃兵仔，笑死"}, {"comment_author": "maikun", "comment_date": ["04/17", "16:23"], "comment_content": "我以為陳致中"}, {"comment_author": "modernpkman", "comment_date": ["04/17", "16:27"], "comment_content": "好 知道了。"}, {"comment_author": "shadowdio", "comment_date": ["04/17", "16:48"], "comment_content": "想到我以前同學小腿肌肉和我大腿一樣粗"}, {"comment_author": "guanaco", "comment_date": ["04/17", "17:18"], "comment_content": "建議溫朗東比照辦理，現場吃土吃草拉屎"}, {"comment_author": "guanaco", "comment_date": ["04/17", "17:18"], "comment_content": "自清"}, {"comment_author": "runedcross", "comment_date": ["04/17", "17:21"], "comment_content": "小傷小病在那躲兵役 還在比誰較高尚"}, {"comment_author": "megee", "comment_date": ["04/17", "17:30"], "comment_content": "這樣為什麼不用當"}, {"comment_author": "joky2001", "comment_date": ["04/17", "18:05"], "comment_content": "笑死。藍綠一堆。打這個不會回力鏢"}, {"comment_author": "joky2001", "comment_date": ["04/17", "18:05"], "comment_content": "嗎。"}, {"comment_author": "joky2001", "comment_date": ["04/17", "18:07"], "comment_content": "可以修法阿。病好了就補滿役期。不"}, {"comment_author": "joky2001", "comment_date": ["04/17", "18:08"], "comment_content": "然有些免疫完病就好了。"}, {"comment_author": "bluedon", "comment_date": ["04/17", "18:23"], "comment_content": "跟閃尿比起來，有憑有據還行"}, {"comment_author": "yd7148", "comment_date": ["04/17", "18:27"], "comment_content": "那是綠節的圖嗎？"}, {"comment_author": "thatear", "comment_date": ["04/17", "18:27"], "comment_content": "只要是藍色在八卦都可以沒事"}, {"comment_author": "cowbay021", "comment_date": ["04/17", "18:37"], "comment_content": "以牙還牙啊"}, {"comment_author": "attpp", "comment_date": ["04/17", "18:41"], "comment_content": "簽名檔放什麼噁心傷眼東西"}, {"comment_author": "drmactt", "comment_date": ["04/17", "18:50"], "comment_content": "好大包，老柯立院很辛苦，快點拿下這一席"}, {"comment_author": "drmactt", "comment_date": ["04/17", "18:50"], "comment_content": "就輕鬆點了 嘻嘻"}, {"comment_author": "sweetsmoke", "comment_date": ["04/17", "19:08"], "comment_content": "你的簽名檔好噁心嘔嘔嘔嘔"}, {"comment_author": "ccw2013", "comment_date": ["04/17", "19:12"], "comment_content": "側翼道歉繼續嘴，垃圾群體"}, {"comment_author": "vofeed", "comment_date": ["04/17", "19:16"], "comment_content": "白藍共崩潰噴汁"}, {"comment_author": "clark66", "comment_date": ["04/17", "20:15"], "comment_content": "香港仔出來啊，不是很秋"}, {"comment_author": "DaddyIsBack", "comment_date": ["04/17", "20:44"], "comment_content": "有唉"}, {"comment_author": "godchildtw", "comment_date": ["04/17", "21:31"], "comment_content": "塔綠班蟑螂又双叒翻車了"}, {"comment_author": "godchildtw", "comment_date": ["04/17", "21:33"], "comment_content": "用完就丟的衛生紙"}, {"comment_author": "godchildtw", "comment_date": ["04/17", "21:34"], "comment_content": "淫蟲怎麼看精神都很正常"}, {"comment_author": "midoriz", "comment_date": ["04/18", "05:35"], "comment_content": "簽名檔好眼熟的人"}, {"comment_author": "benlee189", "comment_date": ["04/18", "08:12"], "comment_content": "老爸醫生應該有角色"}, {"comment_author": "sleepbear15", "comment_date": ["04/18", "11:08"], "comment_content": "不像某些人免兵役後身體都好轉了"}, {"comment_author": "HowLeeHi", "comment_date": ["04/19", "09:52"], "comment_content": "女人沒資格嘴人家兵役問題"}]}
