{"author": "HANASUCIA (HANASUCIA)", "category": "Gossiping", "title": "[新聞] 台東245匹新警車曝光！ 網友驚：車很兇、", "date": "Sun Apr 14 07:28:21 2024", "content": ["1.媒體來源:聯合2.記者署名:尤聰光3.完整新聞標題:台東245匹新警車曝光！ 網友驚：車很兇、不好惹！4.完整新聞內文:2024-04-13 16:07 聯合報／ 記者尤聰光／台東即時報導繼2018年選購瑞典國寶 Volvo S90 T5巡邏車後，台東縣警察局最新添購警車曝光，捨去國產車，改購百萬進口車輛，9輛全新進口巡邏車不僅安全係數高，最高馬力達245匹。網友說：「台東警車很兇、都不好惹！」縣警局表示，待驗收過，將配發各分局使用。縣警局表示，因部分巡邏車已達使用汰除年限，去年編列預算汰換1部偵防車及8部巡邏車，基於員警值勤安全考量，選購車體結構安全係數高的福斯TIGUAN，這幾天已陸續交車，驗收通過後，會塗上編號分發到4個分局使用，未來陸續還有幾部交車。網路社群近日流傳幾張照片，指出台東縣警察局添購最新百萬警車。警用車輛雖尚未印上編號，但警示燈及黑白相間車色已經到位，車身旁還印有警徽及台東縣警察局字樣，引起熱議。有網友留言指出「這款進口車，不僅板金還OK，最高馬力也有達245匹，當巡邏車已經屌打其他國產警車了」。另有網友說「若是R版，馬力320匹起跳，之前交通隊就有VolvoS90 T5，現在又有Volkswagen，台東警車很兇、都不好惹！不用想挑戰」。據了解，因應南迴公路道路拓寬，為提升公路安全及救援的維護，2018年警局交通隊購置4輛進口的瑞典國寶 Volvo S90 T5車款，負責南迴公路交通勤務及國家正副元首前導車戒護任務，由於當時254匹，0到100只需6秒的性能，又常出沒南迴公路取締違規，被用路人取了一個響亮名稱「南迴殺神」。5.完整新聞連結 (或短網址):", "6.備註:", "--"], "post_comment": [{"comment_author": "xzcb2008", "comment_date": ["04/14", "07:31"], "comment_content": "245還是比我的少啊=.="}, {"comment_author": "SV650", "comment_date": ["04/14", "07:32"], "comment_content": "人沒比車兇也沒用。"}, {"comment_author": "VVizZ", "comment_date": ["04/14", "07:32"], "comment_content": "鈑金夠硬直接撞"}, {"comment_author": "s9623452", "comment_date": ["04/14", "07:33"], "comment_content": "這些大概都官用車啦 基層乖乖開垃圾菌"}, {"comment_author": "ggirls", "comment_date": ["04/14", "07:35"], "comment_content": "volvo？公務車都幾年可以報廢啊"}, {"comment_author": "gopath", "comment_date": ["04/14", "07:37"], "comment_content": "修車修不完"}, {"comment_author": "longyin", "comment_date": ["04/14", "07:38"], "comment_content": "現在隨便一輛稍好的電動車就400馬力以上"}, {"comment_author": "longyin", "comment_date": ["04/14", "07:39"], "comment_content": "0-100km/s的加速時間動輒基本都4s以內"}, {"comment_author": "dimaria11", "comment_date": ["04/14", "07:40"], "comment_content": "人要比車兇才有用啊"}, {"comment_author": "dimaria11", "comment_date": ["04/14", "07:41"], "comment_content": "電動車追人跟監 充電不夠即時"}, {"comment_author": "domago", "comment_date": ["04/14", "07:41"], "comment_content": "要大馬力追車？撞到路人又國賠"}, {"comment_author": "yoyodiy", "comment_date": ["04/14", "07:42"], "comment_content": "一次買245台 有錢就是任性 可是馬才用匹"}, {"comment_author": "playdoom", "comment_date": ["04/14", "07:42"], "comment_content": "上課的經費有著落了？台東有錢？"}, {"comment_author": "domago", "comment_date": ["04/14", "07:42"], "comment_content": "調監視器就好了 浪費稅金"}, {"comment_author": "yoyodiy", "comment_date": ["04/14", "07:42"], "comment_content": "買警車也用匹  第一次看到  真新鮮"}, {"comment_author": "bass17", "comment_date": ["04/14", "07:43"], "comment_content": "至少安全 可以直接撞歹徒車"}, {"comment_author": "KusoJontaro", "comment_date": ["04/14", "07:46"], "comment_content": "台中沒在靠這種黑科技啦"}, {"comment_author": "yauaia", "comment_date": ["04/14", "07:49"], "comment_content": "修 time"}, {"comment_author": "goitaly", "comment_date": ["04/14", "07:50"], "comment_content": "現在都監視器辦案 警車誰在追"}, {"comment_author": "Guoplus", "comment_date": ["04/14", "07:53"], "comment_content": "是九輛 245匹馬力新車吧..."}, {"comment_author": "kinmengon", "comment_date": ["04/14", "07:55"], "comment_content": "volvo 大陸製不是嘛"}, {"comment_author": "F93935", "comment_date": ["04/14", "07:55"], "comment_content": "還不如弄台麻豆三"}, {"comment_author": "alittleghost", "comment_date": ["04/14", "07:56"], "comment_content": "決標價多少錢"}, {"comment_author": "quite", "comment_date": ["04/14", "08:01"], "comment_content": "人一定要比車兇 連撞都不敢有用喔？"}, {"comment_author": "smallGGgirl", "comment_date": ["04/14", "08:04"], "comment_content": "這清庫存吧"}, {"comment_author": "fony1029", "comment_date": ["04/14", "08:05"], "comment_content": "這種都沒人去問採購預算多少，一堆偏鄉"}, {"comment_author": "fony1029", "comment_date": ["04/14", "08:06"], "comment_content": "大白象"}, {"comment_author": "ohrring", "comment_date": ["04/14", "08:06"], "comment_content": "居然買中國車不怕開戰跑去撞總統嗎"}, {"comment_author": "rogerlarger", "comment_date": ["04/14", "08:08"], "comment_content": "意義何在，台東應該都抓酒駕而已"}, {"comment_author": "YangChang", "comment_date": ["04/14", "08:11"], "comment_content": "還好我的多200P"}, {"comment_author": "a888168tw", "comment_date": ["04/14", "08:16"], "comment_content": "照40%綠畜邏輯，應該要批判攻擊為何採"}, {"comment_author": "a888168tw", "comment_date": ["04/14", "08:16"], "comment_content": "購中國吉利沃爾沃大陸車"}, {"comment_author": "wison4451", "comment_date": ["04/14", "08:16"], "comment_content": "是多凶 ？"}, {"comment_author": "kabukiryu", "comment_date": ["04/14", "08:16"], "comment_content": "沒在怕，反正台灣人開車技術粉插，要"}, {"comment_author": "kabukiryu", "comment_date": ["04/14", "08:16"], "comment_content": "馬慢到8可思議，要馬1開快就撞車"}, {"comment_author": "fransiceyho", "comment_date": ["04/14", "08:17"], "comment_content": "台灣國產福特性能一樣 是多凶？"}, {"comment_author": "ab2u04fu4ab", "comment_date": ["04/14", "08:18"], "comment_content": "國慘通路-1"}, {"comment_author": "alimama", "comment_date": ["04/14", "08:19"], "comment_content": "高官用車吧，基層還是洗洗睡吧"}, {"comment_author": "fkfcu", "comment_date": ["04/14", "08:22"], "comment_content": "局長座車底層員警不給開"}, {"comment_author": "EXZUSIC", "comment_date": ["04/14", "08:27"], "comment_content": "不支持國產車？？"}, {"comment_author": "Lukegogo", "comment_date": ["04/14", "08:30"], "comment_content": "不如花錢設置在監視器上"}, {"comment_author": "kayak5566", "comment_date": ["04/14", "08:30"], "comment_content": "當年…現在5秒是要笑死誰"}, {"comment_author": "s12108478", "comment_date": ["04/14", "08:33"], "comment_content": "清明連假跑過一次南迴，體感路邊測速真"}, {"comment_author": "s12108478", "comment_date": ["04/14", "08:34"], "comment_content": "的有變多"}, {"comment_author": "OGTing", "comment_date": ["04/14", "08:35"], "comment_content": "結果還是只能用警棍有屁用"}, {"comment_author": "DKnex", "comment_date": ["04/14", "08:44"], "comment_content": "中國車就中國車 吉利買了十幾年 現在亞洲發"}, {"comment_author": "DKnex", "comment_date": ["04/14", "08:44"], "comment_content": "行都陸制跟馬來西亞製 還在瑞典車？"}, {"comment_author": "kingkinggod", "comment_date": ["04/14", "08:47"], "comment_content": "笑死，沃爾沃是中國車耶。怎麼不買垃"}, {"comment_author": "kingkinggod", "comment_date": ["04/14", "08:47"], "comment_content": "圾菌支持國產一下"}, {"comment_author": "hrs1988815", "comment_date": ["04/14", "08:47"], "comment_content": "然後道路限速三十是什麼小"}, {"comment_author": "icosahedron", "comment_date": ["04/14", "08:47"], "comment_content": "台灣買不到中國製的Volvo，推文一堆"}, {"comment_author": "icosahedron", "comment_date": ["04/14", "08:47"], "comment_content": "不懂裝懂的"}, {"comment_author": "kobe7610", "comment_date": ["04/14", "08:50"], "comment_content": "之前買納智捷當警車才真的好笑"}, {"comment_author": "sallyna123", "comment_date": ["04/14", "08:50"], "comment_content": "為啥買吉利沃爾沃"}, {"comment_author": "IDF5566", "comment_date": ["04/14", "08:55"], "comment_content": "這不是已經是中國車？"}, {"comment_author": "okichan", "comment_date": ["04/14", "08:55"], "comment_content": "這麼厲害 應該可以多抓一些詐騙跟違停吧"}, {"comment_author": "longkiss0618", "comment_date": ["04/14", "08:59"], "comment_content": "5年後報廢"}, {"comment_author": "jk01", "comment_date": ["04/14", "09:02"], "comment_content": "怎沒裕隆，補助都跟假的"}, {"comment_author": "gw00086", "comment_date": ["04/14", "09:04"], "comment_content": "我的豐田都有218了 245還好ㄅ"}, {"comment_author": "Mood10207", "comment_date": ["04/14", "09:08"], "comment_content": "什麼低能標題"}, {"comment_author": "x58420", "comment_date": ["04/14", "09:12"], "comment_content": "維修經費有提升嗎"}, {"comment_author": "Zenta", "comment_date": ["04/14", "09:16"], "comment_content": "維修費很高耶......"}, {"comment_author": "RlexCY37", "comment_date": ["04/14", "09:16"], "comment_content": "車很兇～ 後續沒辦法自費保養"}, {"comment_author": "xeins", "comment_date": ["04/14", "09:19"], "comment_content": "買中國旗下廠牌的車哦？"}, {"comment_author": "shakesper", "comment_date": ["04/14", "09:24"], "comment_content": "有能力保養嗎 北洋艦隊沒錢買砲彈"}, {"comment_author": "walkwithyou", "comment_date": ["04/14", "09:27"], "comment_content": "回扣收了多少? (笑"}, {"comment_author": "vup4154", "comment_date": ["04/14", "09:30"], "comment_content": "敢追車嗎？"}, {"comment_author": "mrgolden", "comment_date": ["04/14", "09:36"], "comment_content": "要用車的時候怎麼不繼續補助裕隆？"}, {"comment_author": "ymcaboy", "comment_date": ["04/14", "09:36"], "comment_content": "隨便都有比這車價便宜、維修便宜、馬力更"}, {"comment_author": "ymcaboy", "comment_date": ["04/14", "09:36"], "comment_content": "大的車可以選購。"}, {"comment_author": "windbomb", "comment_date": ["04/14", "09:37"], "comment_content": "警官公務用車吧"}, {"comment_author": "polestar0505", "comment_date": ["04/14", "09:48"], "comment_content": "有錢修嗎"}, {"comment_author": "rock0747", "comment_date": ["04/14", "09:52"], "comment_content": "還不是要撞牆，有屁用"}, {"comment_author": "dehors", "comment_date": ["04/14", "09:53"], "comment_content": "五年後變錢坑"}, {"comment_author": "Tawara", "comment_date": ["04/14", "09:53"], "comment_content": "不敢抓人也沒用啊"}, {"comment_author": "asole", "comment_date": ["04/14", "09:55"], "comment_content": "瑞典警察車標配也是Volvo S90 和XC60"}, {"comment_author": "k862479k", "comment_date": ["04/14", "10:10"], "comment_content": "敢追敢撞嗎？ 開大牛800p也沒用"}, {"comment_author": "goodboy98", "comment_date": ["04/14", "10:11"], "comment_content": "台東加油站：？"}, {"comment_author": "bon362", "comment_date": ["04/14", "10:12"], "comment_content": "S90這種車通常庫存很多"}, {"comment_author": "AzakaH", "comment_date": ["04/14", "10:17"], "comment_content": "笑死買中國車  MG中國製造台灣組裝就被噴"}, {"comment_author": "AzakaH", "comment_date": ["04/14", "10:17"], "comment_content": "的半死  沃爾沃中國製造瑞典組裝就沒事"}, {"comment_author": "AzakaH", "comment_date": ["04/14", "10:17"], "comment_content": "是因為台灣也是中國嗎"}, {"comment_author": "dcoog7880", "comment_date": ["04/14", "10:23"], "comment_content": "你能證明Volvo的零件都中國製造嗎 不"}, {"comment_author": "dcoog7880", "comment_date": ["04/14", "10:23"], "comment_content": "能就閉嘴比較好"}, {"comment_author": "jackgn", "comment_date": ["04/14", "10:34"], "comment_content": "用地瓜攔截，是嫌命太硬？"}, {"comment_author": "mc2834", "comment_date": ["04/14", "10:34"], "comment_content": "這台妥善率超低的，根本浪費公帑"}, {"comment_author": "sistem", "comment_date": ["04/14", "10:49"], "comment_content": "還好我的306p"}, {"comment_author": "simo520", "comment_date": ["04/14", "10:49"], "comment_content": "終端獲利的都是中國公司"}, {"comment_author": "teiai", "comment_date": ["04/14", "10:49"], "comment_content": "人要比車凶"}, {"comment_author": "chadhappy200", "comment_date": ["04/14", "10:53"], "comment_content": "要追油車隨便一台電動車就可以了..."}, {"comment_author": "kilhi", "comment_date": ["04/14", "11:09"], "comment_content": "怕被撞"}, {"comment_author": "dick929", "comment_date": ["04/14", "11:13"], "comment_content": "這種車又不是真的用來抓犯人的"}, {"comment_author": "dick929", "comment_date": ["04/14", "11:14"], "comment_content": "給高官車隊當前導車，就是門面而已"}, {"comment_author": "dick929", "comment_date": ["04/14", "11:15"], "comment_content": "你以為杜拜的超跑警車會追壞人嗎？"}, {"comment_author": "dovepacket", "comment_date": ["04/14", "11:32"], "comment_content": "預算根本沒編到吧"}, {"comment_author": "tasy4n", "comment_date": ["04/14", "11:37"], "comment_content": "沒納智捷 失敗"}, {"comment_author": "ALDNOAH5566", "comment_date": ["04/14", "11:40"], "comment_content": "東部有幾間能修"}, {"comment_author": "d1438a", "comment_date": ["04/14", "11:42"], "comment_content": "維修費夠用嗎"}, {"comment_author": "eayterrr", "comment_date": ["04/14", "12:24"], "comment_content": "車很兇有屁用 台鴿只會對民眾重拳出擊"}, {"comment_author": "eayterrr", "comment_date": ["04/14", "12:25"], "comment_content": "對罪犯卑躬屈膝 嘖嘖 信不信總有一天"}, {"comment_author": "eayterrr", "comment_date": ["04/14", "12:25"], "comment_content": "台鴿開這車幫黑道開道？"}, {"comment_author": "Sekiro", "comment_date": ["04/14", "12:30"], "comment_content": "一定要這麼中二就是了"}, {"comment_author": "gary82gary", "comment_date": ["04/14", "13:00"], "comment_content": "s90也太高級了"}, {"comment_author": "tommyhlu", "comment_date": ["04/14", "13:37"], "comment_content": "修車才是重點"}, {"comment_author": "a0930192264", "comment_date": ["04/14", "13:40"], "comment_content": "買F150裝鐵保桿最凶"}, {"comment_author": "cgser", "comment_date": ["04/14", "13:50"], "comment_content": "台灣納智捷呢？"}, {"comment_author": "manseeajed", "comment_date": ["04/14", "14:12"], "comment_content": "買VW經費夠以後維修保養嗎?"}, {"comment_author": "cruisertakao", "comment_date": ["04/14", "14:33"], "comment_content": "volvo 是中國品牌"}, {"comment_author": "IRPT001", "comment_date": ["04/14", "14:35"], "comment_content": "數發部:"}, {"comment_author": "zealone", "comment_date": ["04/14", "15:04"], "comment_content": "政府吃喝花納稅人的錢又不痛"}, {"comment_author": "jazzprozac", "comment_date": ["04/14", "16:02"], "comment_content": "反正修車一樣用納稅錢 修好修滿 原廠"}, {"comment_author": "jazzprozac", "comment_date": ["04/14", "16:02"], "comment_content": "笑呵呵"}, {"comment_author": "Surf5566", "comment_date": ["04/14", "17:06"], "comment_content": "爽到死原住民警察"}, {"comment_author": "leterg", "comment_date": ["04/14", "19:04"], "comment_content": "這台輕輕一踩就200多"}, {"comment_author": "RlexCY37", "comment_date": ["04/16", "12:41"], "comment_content": "6年後，回頭看看有沒有錢修車～"}]}
