{"author": "inglee (~一事無成千古恨~)", "category": "Gossiping", "title": "[新聞] 楊寶楨當基隆推廣大使是「自己當廠商投標的」 林宛姿：僅有", "date": "Wed Apr 17 16:25:02 2024", "content": ["備註請放最後面 違者新聞文章刪除1.媒體來源:自由時報2.記者署名:郭顏慧3.完整新聞標題:楊寶楨當基隆推廣大使是「自己當廠商投標的」 林宛姿：僅有她投標4.完整新聞內文:", "民眾黨前發言人楊寶楨（左）16日在基隆市政府現身，5月起擔任「基隆政策推廣大使」。（資料照）2024/04/17 15:11首次上稿：14:15更新時間：15:11郭顏慧／核稿編輯〔即時新聞／綜合報導〕民眾黨前發言人楊寶楨昨（16日）宣布復出，5月起擔任「基隆政策推廣大使」，對此基隆市前市長林右昌胞妹、知名畫家林宛姿在臉書PO文表示，基隆政策推廣大使投標廠商只有楊寶楨，價格為132萬。林宛姿在臉書PO出圖片，圖片中為基隆政策推廣大使的標案，投標廠商只有楊寶楨1人，而得標廠商也只有楊寶楨，決標金額為132萬元，林宛姿在貼文中表示", "林宛姿直言「啊之前，之前鐵柱找安心亞當城市代言人1200萬，只出現一次去年的聖誕晚會，和鐵柱去太平青鳥拍拍照，目前還沒看到代言什麼。小小基隆是需要幾個代言推廣大使？」", "林宛姿PO出標案內容。（圖擷自臉書 本報合成）5.完整新聞連結 (或短網址)不可用YAHOO、LINE、MSN等轉載媒體:", "6.備註:", "--"], "post_comment": [{"comment_author": "STi2011", "comment_date": ["04/17", "16:25"], "comment_content": "北海王他妹"}, {"comment_author": "TexasFlood", "comment_date": ["04/17", "16:26"], "comment_content": "小草悲憤"}, {"comment_author": "losel", "comment_date": ["04/17", "16:26"], "comment_content": "應該要問怎麼沒人去投吧"}, {"comment_author": "mikasamikoto", "comment_date": ["04/17", "16:27"], "comment_content": "突然想到防詐辦公室好像花6000萬找"}, {"comment_author": "mikasamikoto", "comment_date": ["04/17", "16:27"], "comment_content": "網紅宣傳....."}, {"comment_author": "karkkunt", "comment_date": ["04/17", "16:27"], "comment_content": "為什麼別人不投標呀？"}, {"comment_author": "Redfeather", "comment_date": ["04/17", "16:29"], "comment_content": "所以勒 你去投阿? 只會哭喔笑死"}, {"comment_author": "Nevhir", "comment_date": ["04/17", "16:30"], "comment_content": "你也可以投阿 DPP永遠這麼莫名其妙"}, {"comment_author": "kinki999", "comment_date": ["04/17", "16:30"], "comment_content": "應該都會上公告平台好幾天，沒人投怪誰"}, {"comment_author": "andel121", "comment_date": ["04/17", "16:32"], "comment_content": "貞昌女兒就沒差"}, {"comment_author": "Lailungsheng", "comment_date": ["04/17", "16:32"], "comment_content": "圖利廠商天經地義"}, {"comment_author": "biggest1983", "comment_date": ["04/17", "16:33"], "comment_content": "寶寶今天在抖內幕說也有其他人去面"}, {"comment_author": "biggest1983", "comment_date": ["04/17", "16:33"], "comment_content": "談"}, {"comment_author": "lionwiner", "comment_date": ["04/17", "16:36"], "comment_content": "很少人投要看一下資格為何？但找不到"}, {"comment_author": "lionwiner", "comment_date": ["04/17", "16:36"], "comment_content": "招標公告"}, {"comment_author": "biggest1983", "comment_date": ["04/17", "16:37"], "comment_content": "寶寶說這個金額不用公開招標"}, {"comment_author": "kichitai", "comment_date": ["04/17", "16:40"], "comment_content": "寶寶好了啦 快離開白藍棄暗投明"}, {"comment_author": "UOG7", "comment_date": ["04/17", "16:40"], "comment_content": "沒有其它人投標才是你要問的吧"}, {"comment_author": "Lumion", "comment_date": ["04/17", "16:41"], "comment_content": "這種只有一家投標的 不是很難做 就是投標"}, {"comment_author": "Lumion", "comment_date": ["04/17", "16:41"], "comment_content": "時間太短綁標啦"}, {"comment_author": "justice2008", "comment_date": ["04/17", "16:41"], "comment_content": "根本就圖利廠商 淨賺132萬"}, {"comment_author": "justice2008", "comment_date": ["04/17", "16:42"], "comment_content": "反觀小吃店直接16E快篩訂單"}, {"comment_author": "rererere147", "comment_date": ["04/17", "16:43"], "comment_content": "那怎麼沒其他人投標？"}, {"comment_author": "biggest1983", "comment_date": ["04/17", "16:44"], "comment_content": ""}, {"comment_author": "Lumion", "comment_date": ["04/17", "16:45"], "comment_content": ""}, {"comment_author": "biggest1983", "comment_date": ["04/17", "16:45"], "comment_content": "基隆是副市長TMD的，主動去找寶寶"}, {"comment_author": "sheng612", "comment_date": ["04/17", "16:47"], "comment_content": "就約聘僱 限制性招標"}, {"comment_author": "IRPT001", "comment_date": ["04/17", "16:48"], "comment_content": "好賺耶 一人標案？"}, {"comment_author": "Doub1eK", "comment_date": ["04/17", "16:49"], "comment_content": "影射的殺傷力最強"}, {"comment_author": "Lumion", "comment_date": ["04/17", "16:51"], "comment_content": " "}, {"comment_author": "Lumion", "comment_date": ["04/17", "16:51"], "comment_content": "招標公告欸"}, {"comment_author": "scum5566", "comment_date": ["04/17", "16:58"], "comment_content": "不去投標 用影射的，看到楊寶偵拿到案子"}, {"comment_author": "scum5566", "comment_date": ["04/17", "16:58"], "comment_content": "就崩潰哭哭喔"}, {"comment_author": "katori", "comment_date": ["04/17", "17:01"], "comment_content": "限制性招標?"}, {"comment_author": "scum5566", "comment_date": ["04/17", "17:09"], "comment_content": "她在楊寶偵臉書底下崩潰 真的快笑死"}, {"comment_author": "a4egg", "comment_date": ["04/17", "17:10"], "comment_content": "哥哥怎麼沒幫我"}, {"comment_author": "H23324216", "comment_date": ["04/17", "17:11"], "comment_content": "！！！！！！！"}, {"comment_author": "lionwiner", "comment_date": ["04/17", "17:13"], "comment_content": "限制性招標不用公告！"}, {"comment_author": "paulispig", "comment_date": ["04/17", "17:15"], "comment_content": "厲害了國樑"}, {"comment_author": "scum5566", "comment_date": ["04/17", "17:17"], "comment_content": "喔，我看錯了，不是她，是有人截她臉書"}, {"comment_author": "scum5566", "comment_date": ["04/17", "17:17"], "comment_content": "的圖去楊寶偵那邊崩潰"}, {"comment_author": "molsmopuim", "comment_date": ["04/17", "17:27"], "comment_content": "每人投標不就要流標了"}, {"comment_author": "molsmopuim", "comment_date": ["04/17", "17:27"], "comment_content": "（沒人"}, {"comment_author": "Badd", "comment_date": ["04/17", "17:29"], "comment_content": "好正"}, {"comment_author": "Mytsb2421", "comment_date": ["04/17", "17:36"], "comment_content": "基隆形象大好"}, {"comment_author": "ter2788", "comment_date": ["04/17", "17:43"], "comment_content": "一看就是限制性招標阿 要找他當大使"}, {"comment_author": "justiceyes", "comment_date": ["04/17", "17:43"], "comment_content": "人家正妹啊，妳誰"}, {"comment_author": "purplebfly", "comment_date": ["04/17", "17:56"], "comment_content": "微風之後,沒人想要去陪標了.."}, {"comment_author": "ericthree", "comment_date": ["04/17", "18:40"], "comment_content": "寶寶可愛"}, {"comment_author": "KANGTA23", "comment_date": ["04/17", "19:28"], "comment_content": "笑死，誰不請，請這隻歪臉仔"}, {"comment_author": "b93510015", "comment_date": ["04/17", "19:29"], "comment_content": "啊就沒人來啊！"}, {"comment_author": "b93510015", "comment_date": ["04/17", "19:29"], "comment_content": "不爽你也去標標看，說不定就中了咧"}, {"comment_author": "HDanny", "comment_date": ["04/17", "20:09"], "comment_content": "藍白一律無罪推定 沒事沒事"}, {"comment_author": "cms6384", "comment_date": ["04/17", "20:42"], "comment_content": "正妹可以啊 喜歡看正妹"}, {"comment_author": "edidths", "comment_date": ["04/17", "20:50"], "comment_content": "每個月11萬欸，大使不用朝九晚五吧"}, {"comment_author": "edidths", "comment_date": ["04/17", "20:51"], "comment_content": "11萬比議員多很多吧！真好"}, {"comment_author": "alin1028", "comment_date": ["04/17", "22:17"], "comment_content": "笑死，限制性招標原本就是這樣啊，講的"}, {"comment_author": "alin1028", "comment_date": ["04/17", "22:17"], "comment_content": "好像以前基隆肥腸市長沒用過一樣，垃圾"}, {"comment_author": "alin1028", "comment_date": ["04/17", "22:17"], "comment_content": "綠蛆"}, {"comment_author": "b125183435", "comment_date": ["04/18", "00:18"], "comment_content": "這篇八卦不喜歡"}, {"comment_author": "vev", "comment_date": ["04/18", "00:58"], "comment_content": "月薪11萬！！"}, {"comment_author": "aprilsheep", "comment_date": ["04/18", "05:00"], "comment_content": "以前確實沒有這個官名@@就是基隆市發"}, {"comment_author": "aprilsheep", "comment_date": ["04/18", "05:00"], "comment_content": "明的職缺，幫謝作形象的"}, {"comment_author": "timj23", "comment_date": ["04/18", "08:30"], "comment_content": "知道採購法的鄉民要不要幫忙說明一下？"}, {"comment_author": "ms0443001", "comment_date": ["04/18", "10:39"], "comment_content": "國蔥勒 怎沒出來咆哮"}, {"comment_author": "labview", "comment_date": ["04/18", "14:49"], "comment_content": "楊11萬"}, {"comment_author": "tanya0918", "comment_date": ["04/18", "15:01"], "comment_content": "票投公子哥 基隆變苗栗 公帑這樣亂花"}, {"comment_author": "OneCar", "comment_date": ["04/18", "15:33"], "comment_content": "楊11萬"}, {"comment_author": "CoachKuester", "comment_date": ["04/18", "22:01"], "comment_content": "基隆市的蝙蝠可是會產卵的呢！"}]}
