{"author": "STi2011 (りしれ供さ小)", "category": "Gossiping", "title": "[新聞] 台股狂跌！雲豹能源逆勢「直攻漲停」　", "date": "Fri Apr 19 12:25:33 2024", "content": ["TVBS台股", "！雲豹能源逆勢「", "」　股價飆創新高", "編輯 張庭暄 / 責任編輯 編輯組 報導發佈時間：2024/04/19 12:18最後更新時間：2024/04/19 12:18台股今（19日）開低走低，指數一路下跌，盤中", "逾1000點，然而，循環經濟永續發展整合服務商雲豹能源（6869）股價逆勢飆漲，創下", "，完全不受大盤影響！雲豹能源於去年在台灣創新板掛牌，上月滿一週年之際申請改列一般板，於4月17日首家取得台灣證券交易所核准通過函，力拚第二季轉一般板上市，有望成為全台第一家自創新板轉上市企業。雲豹能源今開盤直攻漲停，來到156元，上漲14元，創掛牌來新高價。雲豹能源18日發布新聞稿指出，公司積極強化集團策略發展及多元事業根基，", "合併", "，較去年同期增加37.67%；累計今年前3月營收10.01億元，年增6.71%，主要是承攬", "依進度認列所致。根據國家再生能源憑證中心所發行憑證張數統計，光是2023年度，以及2024年第一季憑證中心所發放太陽光電之綠電憑證數量排名，雲豹能源旗下售電業子公司天能綠電皆在國內眾多售電業者中名列前茅，今年第一季就達近3萬張太陽光電憑證，位居台灣第二大售電業者。雲豹能源表示，天能綠電預計今年底累計綠電轉供簽約量將達到125億度，且集團旗下綠電高達", "轉供民間企業，積極以發電、售電一條龍能源服務發展綠電交易，協助國內各大企業達成RE100目標。儘管台股今日受到美國聯準會放鷹、美債殖利率衝高、以色列與伊朗戰事升溫跡象，以及台積電下修產業展望等因素影響大跌，台股今指數一路下跌，盤中一度狂殺逾1000點。不過，雲豹能源憑藉在循環經濟與綠能領域的亮眼表現，股價仍能逆勢上揚，展現出強勁的成長動能！備註別再錯過了--"], "post_comment": [{"comment_author": "lagi5487", "comment_date": ["04/19", "12:25"], "comment_content": "低調啦幹"}, {"comment_author": "jackycheny", "comment_date": ["04/19", "12:25"], "comment_content": "垃圾民進党發大財，感謝40%智障：）"}, {"comment_author": "R3hab", "comment_date": ["04/19", "12:26"], "comment_content": ""}, {"comment_author": "mopepe5566", "comment_date": ["04/19", "12:26"], "comment_content": "上看二千點，押身家買了"}, {"comment_author": "WolfTeacher", "comment_date": ["04/19", "12:26"], "comment_content": "台電跌倒"}, {"comment_author": "allen0981", "comment_date": ["04/19", "12:26"], "comment_content": "升官發財請走.."}, {"comment_author": "qweerrt123", "comment_date": ["04/19", "12:26"], "comment_content": "雲豹在手！天下我有！"}, {"comment_author": "miliq", "comment_date": ["04/19", "12:27"], "comment_content": "豺狼虎豹 掏空台灣"}, {"comment_author": "kunimitotti", "comment_date": ["04/19", "12:27"], "comment_content": "政府護盤有一套耶"}, {"comment_author": "suckpopo", "comment_date": ["04/19", "12:27"], "comment_content": "禿頭公主爽翻天"}, {"comment_author": "arcysaint", "comment_date": ["04/19", "12:27"], "comment_content": "嘿嘿"}, {"comment_author": "adk147852", "comment_date": ["04/19", "12:27"], "comment_content": "真正的護國神山"}, {"comment_author": "james0146", "comment_date": ["04/19", "12:28"], "comment_content": "新護國神山"}, {"comment_author": "dragon49er", "comment_date": ["04/19", "12:29"], "comment_content": "你各位韭菜不懂得趨吉避凶"}, {"comment_author": "zerofield", "comment_date": ["04/19", "12:29"], "comment_content": "這版說綠共總不會被..."}, {"comment_author": "lesnaree2", "comment_date": ["04/19", "12:29"], "comment_content": "信賴產業"}, {"comment_author": "yayunting", "comment_date": ["04/19", "12:29"], "comment_content": "要發財，跟黨走"}, {"comment_author": "chunpiao", "comment_date": ["04/19", "12:29"], "comment_content": "塔綠班真能A，A好A滿！"}, {"comment_author": "mmx3259", "comment_date": ["04/19", "12:29"], "comment_content": "公開羞辱台灣人民"}, {"comment_author": "jaluson", "comment_date": ["04/19", "12:29"], "comment_content": "趕快請黃捷跟苗博雅評論 她們好像很仇富"}, {"comment_author": "sdf90258", "comment_date": ["04/19", "12:30"], "comment_content": "雲豹跟營建股賺爛了  厲害了 我的党"}, {"comment_author": "blue999", "comment_date": ["04/19", "12:31"], "comment_content": "817爽爆"}, {"comment_author": "funkD", "comment_date": ["04/19", "12:33"], "comment_content": "12 真的好強"}, {"comment_author": "winglight", "comment_date": ["04/19", "12:33"], "comment_content": "各位接下來記得繳稅啊"}, {"comment_author": "zzro", "comment_date": ["04/19", "12:33"], "comment_content": "817的選擇 台灣價值"}, {"comment_author": "LCY1128", "comment_date": ["04/19", "12:33"], "comment_content": "你把CCI 放那了"}, {"comment_author": "ljm87", "comment_date": ["04/19", "12:35"], "comment_content": "再窮不能窮党 藏富於黨"}, {"comment_author": "mmx3259", "comment_date": ["04/19", "12:35"], "comment_content": "高端：我還要"}, {"comment_author": "yymeow", "comment_date": ["04/19", "12:37"], "comment_content": "馬上來融券"}, {"comment_author": "BRANFORD", "comment_date": ["04/19", "12:38"], "comment_content": "党力"}, {"comment_author": "dick929", "comment_date": ["04/19", "12:38"], "comment_content": "雲豹96%綠能供民間企業"}, {"comment_author": "ter2788", "comment_date": ["04/19", "12:39"], "comment_content": "黨說發財"}, {"comment_author": "dick929", "comment_date": ["04/19", "12:39"], "comment_content": "看不懂八卦版一直追殺雲豹的原因？"}, {"comment_author": "cymtrex", "comment_date": ["04/19", "12:39"], "comment_content": "吃好飽"}, {"comment_author": "AoWsL", "comment_date": ["04/19", "12:39"], "comment_content": "高科技骨有比國家門神賺錢嗎？"}, {"comment_author": "kenco", "comment_date": ["04/19", "12:39"], "comment_content": "綠共永續貪腐的標誌"}, {"comment_author": "ilanese", "comment_date": ["04/19", "12:39"], "comment_content": "真．綠能，你不能。"}, {"comment_author": "rumblefish", "comment_date": ["04/19", "12:39"], "comment_content": "小公主：貪財貪財"}, {"comment_author": "SPAEK", "comment_date": ["04/19", "12:40"], "comment_content": "護國雲豹 穩了"}, {"comment_author": "dick929", "comment_date": ["04/19", "12:40"], "comment_content": "民間企業跟雲豹購電，結果八卦仔版7pupu"}, {"comment_author": "rumblefish", "comment_date": ["04/19", "12:41"], "comment_content": "謝謝政府垃圾能源政策"}, {"comment_author": "fsih", "comment_date": ["04/19", "12:42"], "comment_content": "台電倒一倒 彎彎只需要雲豹 謝謝"}, {"comment_author": "eeccms", "comment_date": ["04/19", "12:42"], "comment_content": ""}, {"comment_author": "eeccms", "comment_date": ["04/19", "12:42"], "comment_content": ""}, {"comment_author": "chung1997", "comment_date": ["04/19", "12:43"], "comment_content": "雲豹就是這麼強悍"}, {"comment_author": "REALJOINGO", "comment_date": ["04/19", "12:44"], "comment_content": "RE100真是發財藉口，只是倡議罷了"}, {"comment_author": "sid3", "comment_date": ["04/19", "12:44"], "comment_content": "重啟個屁"}, {"comment_author": "wilson3435", "comment_date": ["04/19", "12:46"], "comment_content": "台灣奇蹟"}, {"comment_author": "ggsize123", "comment_date": ["04/19", "12:46"], "comment_content": "小公主賺翻了"}, {"comment_author": "gooff", "comment_date": ["04/19", "12:47"], "comment_content": "護國雲豹 感謝感謝 !!!"}, {"comment_author": "atari77", "comment_date": ["04/19", "12:47"], "comment_content": "臭頭苗要不要查看看雲豹小公主財產暴增多"}, {"comment_author": "atari77", "comment_date": ["04/19", "12:47"], "comment_content": "少？"}, {"comment_author": "jeery110203", "comment_date": ["04/19", "12:49"], "comment_content": "幹你娘 垃圾 百姓好自為之"}, {"comment_author": "a594020419", "comment_date": ["04/19", "12:50"], "comment_content": "雲豹小公舉表示：可以Cos韭菜農了～"}, {"comment_author": "chulen", "comment_date": ["04/19", "12:51"], "comment_content": "好爽 小公主真的爽翻了 又有錢COSPLAY了"}, {"comment_author": "holisong5566", "comment_date": ["04/19", "12:52"], "comment_content": "護國神豹"}, {"comment_author": "wgs62160000", "comment_date": ["04/19", "12:53"], "comment_content": "1度電12塊怎麼輸"}, {"comment_author": "laugh8562", "comment_date": ["04/19", "12:53"], "comment_content": "真的掏空台灣 準備閃人了"}, {"comment_author": "anita780408", "comment_date": ["04/19", "12:55"], "comment_content": "雲豹還錢"}, {"comment_author": "lemondrink", "comment_date": ["04/19", "12:56"], "comment_content": "40%就愛這種明目張膽在掏空台灣的事情"}, {"comment_author": "littlegreen", "comment_date": ["04/19", "12:58"], "comment_content": "相信黨!"}, {"comment_author": "shitboy", "comment_date": ["04/19", "12:59"], "comment_content": "想紅"}, {"comment_author": "p1227426", "comment_date": ["04/19", "13:03"], "comment_content": "EPS12"}, {"comment_author": "bvckk", "comment_date": ["04/19", "13:04"], "comment_content": "合法掏空國家，打不過就加入"}, {"comment_author": "pp520", "comment_date": ["04/19", "13:05"], "comment_content": "合法搶劫，無罪"}, {"comment_author": "pp520", "comment_date": ["04/19", "13:06"], "comment_content": "賴清德特許產業，台灣跌倒我吃飽"}, {"comment_author": "mmchen", "comment_date": ["04/19", "13:07"], "comment_content": "台電跌倒 綠能吃飽"}, {"comment_author": "linyap", "comment_date": ["04/19", "13:10"], "comment_content": "越來越相信2027…"}, {"comment_author": "aken59420", "comment_date": ["04/19", "13:12"], "comment_content": "當天然氣斷供，台灣缺電，綠能就能坐"}, {"comment_author": "aken59420", "comment_date": ["04/19", "13:12"], "comment_content": "地起價賣給廠商"}, {"comment_author": "aken59420", "comment_date": ["04/19", "13:12"], "comment_content": "股票當然要漲"}, {"comment_author": "Mradult", "comment_date": ["04/19", "13:15"], "comment_content": "有違法就去告，打不過就加入"}, {"comment_author": "darkbishop", "comment_date": ["04/19", "13:16"], "comment_content": "賺翻了賺翻了 民進黨千秋萬世"}, {"comment_author": "godded", "comment_date": ["04/19", "13:27"], "comment_content": "綠能 你不能"}, {"comment_author": "neos042", "comment_date": ["04/19", "13:45"], "comment_content": "太厲害了喔"}, {"comment_author": "fantasylee", "comment_date": ["04/19", "13:47"], "comment_content": "一度12元 太強了"}, {"comment_author": "Pluto17", "comment_date": ["04/19", "13:50"], "comment_content": "一度漲到12元 幹你媽的太強了吧"}, {"comment_author": "HybridSC", "comment_date": ["04/19", "14:00"], "comment_content": "哇"}, {"comment_author": "chenhunk", "comment_date": ["04/19", "15:11"], "comment_content": "護國雲豹，還不買爆"}, {"comment_author": "fir191938", "comment_date": ["04/19", "15:24"], "comment_content": "護國神山還不買爆嗎"}]}
