{"author": "ptt987654321 (大谷躺平)", "category": "Gossiping", "title": "[新聞] 駁麥寮光電黑箱!蘇治芬反擊了 告黃國昌", "date": "Fri Apr 12 12:53:39 2024", "content": ["駁麥寮光電黑箱！蘇治芬反擊了　告黃國昌妨害名譽民視政治中心／楊喻晴、陳威余、簡士峰    台北報導雲林麥寮鄉因為前鄉長當選無效定讞，這周六將進行補選，更是民眾黨主戰場，黃國昌日前發文指控前雲林縣長蘇治芬與參選的前鄉長許忠富聯手，替麥寮光電專區圍事，讓蘇治芬反嗆是惡意選舉抹黑，上午更由綠委陪同，到北檢正式提告妨害名譽。更多新聞： 苗栗市長補選週六登場！　蕭美琴、韓國瑜隔空較勁民進黨立委蔡易餘說：「還去拜託館長跟他直播，想要再找打手繼續抹黑蘇治芬，我跟莊瑞雄、王世堅看不下去。」看不下去民進黨前雲林縣長蘇治芬，被民眾黨立委黃國昌發文，指控與要參選的前鄉長許忠富聯手，替麥寮光電專區「圍事」，3位綠委莊瑞雄、蔡易餘和王世堅，陪同蘇治芬到北檢按鈴提告妨害名譽，但聽到被蘇治芬告，黃國昌卻笑了出來。黃國昌說：「呵呵！其實針對於蘇治芬委員，要提濫訴的事情，我說的都是真的，想要透過濫訴，來移轉問題的焦點，根本沒有辦法真正解決問題。」蘇治芬則怒嗆：「到底蘇治芬的黑金是什麼，那麼我的黑箱又是什麼，那麼我的圍事又是什麼，還有我覺得你應該少用，一些黑道兄弟們在用的形容詞，在麥寮鄉長補選這段期間，這種惡意跟企圖的話，讓我不能忍受。」諷刺黃國昌少用點黑道詞彙，蘇治芬質疑黃國昌，就是在政治操作，因為雲林麥寮鄉前鄉長當選無效定讞，這周六就要進行補選，四腳督局面，更被民眾黨當作主戰場，被黃國昌點名的候選人許忠富也出面澄清。許忠富說：「因為選舉，把不是事實的事情連結在一起，不利耕種區只是說，土地的所有權多一種選擇。」民進黨立委莊瑞雄說：「看到什麼都是弊，如果到嘉東去走一趟，如果到地層下陷區去走一趟，去問問那邊的地主那邊的農民，我看這個答案完全相反。」怒嗆黃國昌只會謾罵，鬥爭、鬥臭，根本搞不清楚地方需求。只想藉政治攻防，影響雲林麥寮補選戰局。", "備註館長被基進党的告理由是館長看黃國昌被丟太陽花的影片時說:如果是我我會以其人之道還其人之身這句讓他心身恐懼我想這個大概也差不多十之八九在法庭討論語詞遊戲--"], "post_comment": [{"comment_author": "DASHOCK", "comment_date": ["04/12", "12:54"], "comment_content": "希望到時候兩人出庭辯論"}, {"comment_author": "Qinsect", "comment_date": ["04/12", "12:54"], "comment_content": "國師下神壇很久了，沒流量"}, {"comment_author": "boboking2", "comment_date": ["04/12", "12:59"], "comment_content": "一個個打爆"}, {"comment_author": "aquaticplant", "comment_date": ["04/12", "13:00"], "comment_content": "公開透明不就得了"}, {"comment_author": "Anvec", "comment_date": ["04/12", "13:05"], "comment_content": "八成又商業機密"}, {"comment_author": "pigking75", "comment_date": ["04/12", "13:05"], "comment_content": "好啊 上法院查明是否真的黑金啊"}, {"comment_author": "waeting", "comment_date": ["04/12", "13:06"], "comment_content": "要認證嘍"}, {"comment_author": "ianlin1216", "comment_date": ["04/12", "13:07"], "comment_content": "準備法院認證"}, {"comment_author": "zzzyyan", "comment_date": ["04/12", "13:07"], "comment_content": "這認證會出事也"}, {"comment_author": "qaz12453", "comment_date": ["04/12", "13:21"], "comment_content": "文件都公開透明 就沒那麼多毛了啦= ="}, {"comment_author": "qaz12453", "comment_date": ["04/12", "13:22"], "comment_content": "白沙屯媽會去縣政府 是不是...= ="}, {"comment_author": "cosplay314", "comment_date": ["04/12", "13:40"], "comment_content": "坐等認證"}, {"comment_author": "Taizu", "comment_date": ["04/12", "13:51"], "comment_content": "應該把黃鬼昌捉去關"}, {"comment_author": "advancedJeff", "comment_date": ["04/12", "14:18"], "comment_content": "等一下被法院認証..."}]}
