{"author": "sakaba (早起的鳥兒)", "category": "Gossiping", "title": "[新聞] 三非洲選手為冠軍伴跑？北京半馬遭質疑", "date": "Mon Apr 15 12:49:25 2024", "content": ["三非洲選手為冠軍伴跑？ 北京半馬遭質疑", "4月14日，北京市舉行的半程馬拉松賽爆出醜聞，馬拉松中國全國紀錄保持者何杰被質疑「被護送」奪冠。（網頁截圖）【大紀元2024年04月15日訊】（記者夏松報導）北京市14日舉行半程馬拉松賽，男子組由", "，但賽事末段出現", "何杰的情況，引發全網質疑。4月14日，2024北京半程馬拉松比賽起點為天安門廣場，終點為奧林匹克公園中心區慶典廣場，賽事設置男、女半程馬拉松項目，共2萬人參賽，冠軍可獲人民幣4萬元獎金。全國紀錄保持者何杰以1小時03分44秒的成績奪得冠軍。但此次馬拉松比賽引來極大爭議，3名非洲選手在比賽中疑似「護送」何杰，不斷向其「招手」。在最後100米衝刺階段，3名非洲選手疑似減速，「放慢手腳」傍在何杰旁邊跑。", "4月14日，半程馬拉松賽在北京舉行，男子組由馬拉松中國全國紀錄保持者何杰奪冠，引發全網質疑。（網路截圖）視頻顯示，其中1名非洲選手給爭冠對手何杰指著終點方向，另1人則直接招手，讓何杰到左側位置，以便更加方便地第一個衝過終點，隨後還伸手攔住非洲隊友，示意讓何杰先跑，「護送」何杰首先過終點的「讓賽」情況明顯。參賽的網友看過部分衝刺視頻後在社交媒體表示，由4人的步頻來看，3名非洲跑手臨尾是明顯留力，完全不想奪冠，而身在其中的何杰不可能感受不到「受讓」。3名被指「保送」何杰衝線的非洲跑手分別來自衣索比亞和肯亞，3人成績均為1小時3分45秒，僅落後何杰1秒，奪得第二、三及四名。", "（視頻截圖）該比賽結果引發全網質疑。中共官媒《環球時報》前主編胡錫進也發博文質疑：「很多人懷疑3名非洲運動員在給何杰『伴跑』，並質疑他們有意讓何杰奪冠，老胡個人認為這一質疑是成立的。北京半馬的主辦單位北京體育局表示，已經收到相關反饋。強烈希望該局開展調查，並給公眾一個嚴肅的解釋。「有品牌是這場半馬賽的贊助方之一，何杰又是該品牌的代言人之一，何杰與3位外籍運動員均穿著該品牌參賽服和跑鞋，這沒問題，但是他們疑似協同創造了一個比賽的結果，而不是全力競爭，人們質疑這有悖體育的應有精神。這件事的影響已經超出了這場半馬賽本身。」愛龍國際文化（北京）有限公司董事長「愛龍卡通余健」跟貼說：", "財經博主「滿倉抄底2024」說：「支持調查，公平競賽至關重要。希望北京體育局能給出明確解釋，維護比賽的公正性和尊重運動員的努力。」責任編輯：房夏焥#", "--╭────────────────╮    1. 偷天換日，篡上神位│     《共產主義的終極目的》     │    2. 神傳語言文字與殘體漢字│", "│    3. 中共對修煉文化的破壞│全書", "│    4. 富而有德 修內而安外│影片", "│    5. 人倫典範與抑正崇邪╰────────────────╯    6. 傳統藝術頌神 邪黨藝術頌魔 ...--"], "post_comment": [{"comment_author": "Roooz", "comment_date": ["04/15", "12:51"], "comment_content": "在中國舉辦的 只能讓給他第一了是嗎"}, {"comment_author": "chanel1259", "comment_date": ["04/15", "12:51"], "comment_content": "給榜一大哥一個尊重"}, {"comment_author": "Roooz", "comment_date": ["04/15", "12:51"], "comment_content": "這樣乾脆為他一個人舉辦不就好了 =="}, {"comment_author": "AustinRivers", "comment_date": ["04/15", "12:52"], "comment_content": "沒規定不能慢跑"}, {"comment_author": "AFROGUNSO", "comment_date": ["04/15", "12:52"], "comment_content": "人家給的就比奪冠獎金多啊"}, {"comment_author": "all035", "comment_date": ["04/15", "12:53"], "comment_content": "有差嗎 外國人拿冠軍要幹嘛"}, {"comment_author": "plbroum88", "comment_date": ["04/15", "12:54"], "comment_content": "好好笑"}, {"comment_author": "kentin", "comment_date": ["04/15", "12:56"], "comment_content": "香啊這是什麼味道"}, {"comment_author": "Dirgo", "comment_date": ["04/15", "12:56"], "comment_content": "錢給到位,播求幹廢,有人不懂嗎??"}, {"comment_author": "rogergon", "comment_date": ["04/15", "12:56"], "comment_content": "要不就是給得太多無法拒絕"}, {"comment_author": "keane9112", "comment_date": ["04/15", "12:56"], "comment_content": "幫忙破風~"}, {"comment_author": "iPadProPlus", "comment_date": ["04/15", "12:58"], "comment_content": "會跑步不會演戲"}, {"comment_author": "piolet", "comment_date": ["04/15", "12:59"], "comment_content": "三個伴跑也沒破全國紀錄啊幹"}, {"comment_author": "clydebbman", "comment_date": ["04/15", "12:59"], "comment_content": "錢到位 誰管你有沒有第一 XDDDDD"}, {"comment_author": "pkd20", "comment_date": ["04/15", "13:07"], "comment_content": "黑人肯定研讀了習思想,知道孔融讓梨"}, {"comment_author": "syntax123", "comment_date": ["04/15", "13:19"], "comment_content": "$$"}, {"comment_author": "vwpassat", "comment_date": ["04/15", "13:27"], "comment_content": "黑人選手：收了錢，就要辦好差事啊！"}, {"comment_author": "ddshu", "comment_date": ["04/15", "13:28"], "comment_content": "錢到位晚上還能陪睡"}, {"comment_author": "STerry1986", "comment_date": ["04/15", "13:47"], "comment_content": "黑人也不敢得罪甲方爸爸呀"}, {"comment_author": "lisyu", "comment_date": ["04/15", "14:09"], "comment_content": "這三個也演的太差，一副我是不想，而不是"}, {"comment_author": "lisyu", "comment_date": ["04/15", "14:09"], "comment_content": "不行的模樣，根本不給面子吧"}, {"comment_author": "TaiwanFight", "comment_date": ["04/15", "14:50"], "comment_content": "不然這些黑人誰跑得過啦"}, {"comment_author": "TaiwanFight", "comment_date": ["04/15", "14:51"], "comment_content": "有沒有想過選手本來就是為了賺錢"}]}
