{"author": "crocus (哪來的)", "category": "Gossiping", "title": "[新聞] 花蓮又5.2地震！氣象署示警「規模4以上還", "date": "Wed Apr 17 21:35:24 2024", "content": ["1.媒體來源:TVBS2.記者署名:編輯 何可妍 報導", "4.完整新聞內文:地牛又翻身！台灣花蓮4月3日發生繼921後，25年來規模7.2級最強震，造成多棟建築物倒塌，災情嚴重，自此次地震後，餘震頻頻，突破900大關，今（17）日傍晚5時17分，又發生規模5.2餘震，對此，氣象署指出，未來2週至1個月內不排除還有規模4或5以上餘震。", "，震央位於花蓮縣政府東南方11.3公里，屬於極淺層地震，各地最大震度花蓮縣4級；南投縣、台中市、彰化縣3級；宜蘭縣、台東縣、嘉義縣、嘉義市、苗栗縣、新竹縣、雲林縣、台南市、高雄市2級；桃園市、南投縣、新北市、新竹市、台北市、屏東縣、澎湖縣1級。中央氣象署表示，", "，規模7以上為花蓮7.2級主震；規模6至7級地震有2起；規模5至6級有33起；規模4至5級有262起；規模3至4級有609起，而", "氣象署說明，此次規模7.2級主震後，", "由於震央附近仍在進行地體構造應力調整，", "，經研判無異常情形，呼籲民眾隨時做好地震防災準備。", "6.備註:還要搖多久啊...(′‧ω‧‵)--", "--"], "post_comment": [{"comment_author": "s820912gmail", "comment_date": ["04/17", "21:36"], "comment_content": "完了"}, {"comment_author": "coon182", "comment_date": ["04/17", "21:39"], "comment_content": "台灣沉沒"}, {"comment_author": "zephyr105", "comment_date": ["04/17", "21:41"], "comment_content": "活耀期"}, {"comment_author": "rwr", "comment_date": ["04/17", "21:42"], "comment_content": "一堆廢話就是自立自強"}, {"comment_author": "jinx5566", "comment_date": ["04/17", "21:44"], "comment_content": "難怪這幾天台股崩盤  原來是在跌這個"}, {"comment_author": "jinx5566", "comment_date": ["04/17", "21:44"], "comment_content": "股市總是能提前預測"}, {"comment_author": "mm5566t", "comment_date": ["04/17", "21:52"], "comment_content": "抗震成功都能加價"}, {"comment_author": "clovergirl", "comment_date": ["04/17", "22:40"], "comment_content": "怎麼不是說正常釋放或是餘震之類的話"}, {"comment_author": "dendrimer", "comment_date": ["04/17", "22:56"], "comment_content": "地震可以預測嗎"}]}
