{"author": "WangW (廢文Wang)", "category": "Gossiping", "title": "[新聞] 有沒有54188的八卦", "date": "Wed Apr 17 00:16:25 2024", "content": ["如題某個南部暖暖的地方一直流傳著一個名言是54188有沒有這方面的八卦啊54188代表示啥意思啊--"], "post_comment": [{"comment_author": "imhideji", "comment_date": ["04/17", "00:17"], "comment_content": "泰國嗎"}, {"comment_author": "Benetnasch", "comment_date": ["04/17", "00:19"], "comment_content": "54088吧= ="}, {"comment_author": "powerggyy", "comment_date": ["04/17", "00:20"], "comment_content": "跑錯棚了喔"}, {"comment_author": "eagleofsouth", "comment_date": ["04/17", "00:26"], "comment_content": "就是幹你娘的委婉說法"}]}
