{"author": "JinCheng5566 (金城五洗髮精)", "category": "Gossiping", "title": "[新聞] 太像了！盧縣一缺席「被投票」 徐巧芯還原現場歸咎應是這原", "date": "Sat Apr 13 23:52:47 2024", "content": ["15:04 2024/04/13 中時新聞網 莊雅婷", "左起為國民黨立委涂權吉、盧縣一、丁學忠。 （合成圖／資料照）立法院昨（12日）召開院會，國民黨甲級動員備戰表決，但出席率不佳，竟然出現3度平手，最後靠院長韓國瑜出手才險勝；更爆出國民黨立委盧縣一「人不在國內」，卻在第一案投票時參與表決，引發「代投」爭議。", "。徐巧芯在節目《新聞大白話》中還原昨日開會狀況，早上黨團大會就知道有些委員沒有來，但不知道哪幾個人，大家在討論甲動沒全到有可能表決會輸給民進黨，當下有來的人都非常認同就算輸了也要表決，如果因為幾人缺席互等，那以後軍令、紀律怎麼辦？除了該罰錢也要讓名字出現在表決記名版上，自己對選民負責。至於盧縣一的情況，徐巧芯認為「比較特殊」，其實他也是新科立委，平時行事作風低調，也有向黨團請假，而到了表決器要打開的第一關卡，就是讓委員按出席鍵，會是由議事人員看到委員在場後幫插入表決卡，但有時候大家走來走去，議事人員只要確認委員有在議場裡面，就會幫忙插表決卡。「盧縣一可能比較低調」徐巧芯說道，「我個人認為盧縣一、丁學忠、涂權吉三個人長得很像」，又有人感冒戴口罩，有幾個人長很像，戴口罩在議場走來走去，議事人員可能誤認盧縣一在場就插卡；那為何又會按出表決器投下反對票？徐猜測，可能也有人誤認盧人在那邊，就幫忙按，結果在第二次投票發現人根本不在，議事人員就把卡抽走，「雖然議事人員確實有疏失，但並不影響表決投票結果」。徐巧芯也提到，當下應該是馬文君委員投票器有問題沒投到，她有舉手表示出問題希望重新表決也得到現場同意，當時副院長江啟臣在第二次表決走進議場、參與投票，此情況下反對48票，扣掉盧縣一其實就是47:47，由院長做決定，就跟第二、三案一樣。", "--我信了--"], "post_comment": [{"comment_author": "twPenn", "comment_date": ["04/13", "23:53"], "comment_content": "講什麼屁話"}, {"comment_author": "kairi5217", "comment_date": ["04/13", "23:53"], "comment_content": "…900妳有極限嗎？"}, {"comment_author": "tgtg", "comment_date": ["04/13", "23:53"], "comment_content": "八卦信了"}, {"comment_author": "heyd", "comment_date": ["04/13", "23:53"], "comment_content": "那以後不能來找替身不就好了？"}, {"comment_author": "raku", "comment_date": ["04/13", "23:54"], "comment_content": "根本違法吧"}, {"comment_author": "TexasFlood", "comment_date": ["04/13", "23:54"], "comment_content": "講這種智障話真的很難想像是立委"}, {"comment_author": "carbooming", "comment_date": ["04/13", "23:55"], "comment_content": "有夠低能"}, {"comment_author": "raku", "comment_date": ["04/13", "23:55"], "comment_content": "立法院一堆陋習,人不在同黨偷幫投票"}, {"comment_author": "usoppp", "comment_date": ["04/13", "23:55"], "comment_content": "八卦女神"}, {"comment_author": "zeebr", "comment_date": ["04/13", "23:56"], "comment_content": "反正松信的百姓信了"}, {"comment_author": "arext", "comment_date": ["04/13", "23:56"], "comment_content": "我看妳還是趕快出走吧..."}, {"comment_author": "treeeasy", "comment_date": ["04/13", "23:57"], "comment_content": "白痴話，立院亂搞"}, {"comment_author": "perlone", "comment_date": ["04/13", "23:58"], "comment_content": "八卦都信了 遠端投票讚啦"}, {"comment_author": "skiro", "comment_date": ["04/13", "23:58"], "comment_content": "喔，所以？"}, {"comment_author": "pomelolawod", "comment_date": ["04/13", "23:58"], "comment_content": "這都是個啥啊"}, {"comment_author": "jaja002", "comment_date": ["04/13", "23:58"], "comment_content": "反正我是信了"}, {"comment_author": "HuntBear", "comment_date": ["04/13", "23:58"], "comment_content": "立委人在中國還能投票 中國投票院?"}, {"comment_author": "pooznn", "comment_date": ["04/13", "23:59"], "comment_content": "那誰去按投票的呢???"}, {"comment_author": "shoupon", "comment_date": ["04/13", "23:59"], "comment_content": "楊志良是先知…？"}, {"comment_author": "darkbrigher", "comment_date": ["04/13", "23:59"], "comment_content": "八卦女神耶 八卦藍白粉最愛的不在籍"}, {"comment_author": "sd09090", "comment_date": ["04/14", "00:01"], "comment_content": "誰啊"}, {"comment_author": "sd09090", "comment_date": ["04/14", "00:02"], "comment_content": "簽到？"}, {"comment_author": "qx5", "comment_date": ["04/14", "00:03"], "comment_content": "一般人如果去投票所幫人投票會出事嗎？"}, {"comment_author": "bigcho", "comment_date": ["04/14", "00:04"], "comment_content": "當我智障？"}, {"comment_author": "ocid", "comment_date": ["04/14", "00:05"], "comment_content": "吃屎啦"}, {"comment_author": "ken1990710", "comment_date": ["04/14", "00:05"], "comment_content": "我信了"}, {"comment_author": "G2000", "comment_date": ["04/14", "00:10"], "comment_content": "到底他這票算不算？"}, {"comment_author": "kentin", "comment_date": ["04/14", "00:12"], "comment_content": "沒事啦八卦版的最愛"}, {"comment_author": "kayak5566", "comment_date": ["04/14", "00:18"], "comment_content": "沒事啦 它們就是可以幫忙按"}, {"comment_author": "tgtg", "comment_date": ["04/14", "00:20"], "comment_content": "不管你信不信 反正我是信了"}, {"comment_author": "rafaj", "comment_date": ["04/14", "00:25"], "comment_content": "違停徐又在雙標了，秀下限啊～"}, {"comment_author": "vev", "comment_date": ["04/14", "00:26"], "comment_content": "嫁禍給議事人員"}, {"comment_author": "AntiEntropy", "comment_date": ["04/14", "00:26"], "comment_content": "吳思瑤也可以代按啊！不是藍綠通病?"}, {"comment_author": "ohiu", "comment_date": ["04/14", "00:27"], "comment_content": "綠共怎麼不說慣例了"}, {"comment_author": "dinotea", "comment_date": ["04/14", "00:37"], "comment_content": "當其他人北七？"}, {"comment_author": "ice0101001", "comment_date": ["04/14", "00:37"], "comment_content": "綠能你不能，綠都名目張膽代按了"}, {"comment_author": "windyroad", "comment_date": ["04/14", "00:42"], "comment_content": "八卦版女神"}, {"comment_author": "ludlum", "comment_date": ["04/14", "00:43"], "comment_content": "還有人在洗認知啊，噁心戰國策"}, {"comment_author": "umin928", "comment_date": ["04/14", "00:45"], "comment_content": "雙標女神 真的笑話"}, {"comment_author": "cocogg", "comment_date": ["04/14", "00:45"], "comment_content": "國會殿堂亂搞三小"}, {"comment_author": "blue010679", "comment_date": ["04/14", "00:47"], "comment_content": "他在硬凹解釋國民黨的不在場投票跟之"}, {"comment_author": "blue010679", "comment_date": ["04/14", "00:47"], "comment_content": "前民進黨的不在場投票有什麼不一樣"}, {"comment_author": "MikeyWill", "comment_date": ["04/14", "00:48"], "comment_content": "她很適合驗哪些人智商偏低"}, {"comment_author": "vito7874598", "comment_date": ["04/14", "00:48"], "comment_content": "徐巧芯你真的很屌"}, {"comment_author": "blue010679", "comment_date": ["04/14", "00:48"], "comment_content": "我是覺得一併清算 把過去8年玩過不在"}, {"comment_author": "blue010679", "comment_date": ["04/14", "00:48"], "comment_content": "場投票確定已知的抓出來 直接把席次扣"}, {"comment_author": "blue010679", "comment_date": ["04/14", "00:48"], "comment_content": "掉"}, {"comment_author": "wwwwhite", "comment_date": ["04/14", "00:52"], "comment_content": "講這個連自己都不相信的話，何必呢？"}, {"comment_author": "pita30", "comment_date": ["04/14", "00:53"], "comment_content": "不虧是八卦女神"}, {"comment_author": "u9005205", "comment_date": ["04/14", "00:58"], "comment_content": "很國民黨式的國會改革…"}, {"comment_author": "u9005205", "comment_date": ["04/14", "00:58"], "comment_content": "很韓導式年改的能撈就撈能混就混…"}, {"comment_author": "wcc0315", "comment_date": ["04/14", "00:59"], "comment_content": "又在鬼扯了 重點是誰去按投票鈕的…."}, {"comment_author": "tgtg", "comment_date": ["04/14", "01:11"], "comment_content": "藍色是認錯人 綠色是做票 大家可以回家了"}, {"comment_author": "petshopboys", "comment_date": ["04/14", "01:12"], "comment_content": "無恥徐真他媽的不要臉 哪選區的拉吉"}, {"comment_author": "mintex", "comment_date": ["04/14", "01:15"], "comment_content": "挺作票就對了"}, {"comment_author": "DoncicInPTT", "comment_date": ["04/14", "01:21"], "comment_content": "巧芯可愛！！"}, {"comment_author": "afabletw", "comment_date": ["04/14", "01:44"], "comment_content": "不要拉低KMT的格調"}, {"comment_author": "cka", "comment_date": ["04/14", "02:27"], "comment_content": "900芯你什麼鬼話都敢講"}, {"comment_author": "x001611", "comment_date": ["04/14", "02:48"], "comment_content": "該黨紀就該黨紀處分吧"}, {"comment_author": "hsnu127348", "comment_date": ["04/14", "03:12"], "comment_content": "巧芯巧芯得第一YA"}, {"comment_author": "gpo", "comment_date": ["04/14", "03:15"], "comment_content": "國民黨不論做什麼在本版都ok的."}, {"comment_author": "killptt", "comment_date": ["04/14", "03:32"], "comment_content": "垃圾"}, {"comment_author": "indium111", "comment_date": ["04/14", "04:07"], "comment_content": "八卦挺噁芯"}, {"comment_author": "q1478584", "comment_date": ["04/14", "05:27"], "comment_content": "眼睛大概是脫窗程度"}, {"comment_author": "cchart", "comment_date": ["04/14", "06:57"], "comment_content": "綠怎不說是慣例，之前綠還不是一樣有代按"}, {"comment_author": "tidalwave00", "comment_date": ["04/14", "07:08"], "comment_content": "國民黨的水準也不過如此"}, {"comment_author": "kosuke", "comment_date": ["04/14", "07:28"], "comment_content": "平常最義憤填膺剛正不阿的洨草都死哪去啦?"}, {"comment_author": "kkman2", "comment_date": ["04/14", "07:45"], "comment_content": "噁心…"}, {"comment_author": "yggyygy", "comment_date": ["04/14", "07:55"], "comment_content": "老害黨 給你執政還不把握"}, {"comment_author": "airswalker", "comment_date": ["04/14", "08:19"], "comment_content": "之前DPP有人代領表決卡???"}, {"comment_author": "CoachKuester", "comment_date": ["04/14", "08:59"], "comment_content": "八卦女神阿"}, {"comment_author": "sangoking", "comment_date": ["04/14", "09:06"], "comment_content": "議事人員：幹  拉我下水喔"}, {"comment_author": "chaunen", "comment_date": ["04/14", "09:21"], "comment_content": "K黨正常發揮 支持者表示喜樂"}, {"comment_author": "whiteheart", "comment_date": ["04/14", "09:37"], "comment_content": "整個發言就是說謊"}, {"comment_author": "HDanny", "comment_date": ["04/14", "09:41"], "comment_content": "長得太像哈哈哈哈哈 小草真好打發"}, {"comment_author": "huiyin220923", "comment_date": ["04/14", "11:20"], "comment_content": "只有八卦仔才信吧"}, {"comment_author": "Auoer", "comment_date": ["04/14", "12:50"], "comment_content": "低能啊"}, {"comment_author": "leo755269", "comment_date": ["04/14", "13:27"], "comment_content": "徐巧芯能比國民黨那些老藍男立委看起"}, {"comment_author": "leo755269", "comment_date": ["04/14", "13:27"], "comment_content": "來還草包也是不容易www"}, {"comment_author": "ppc", "comment_date": ["04/14", "14:30"], "comment_content": "呵 八卦護航護起來"}, {"comment_author": "QQ55555555", "comment_date": ["04/14", "15:10"], "comment_content": "國會殿堂亂搞三小"}, {"comment_author": "cwhgraham", "comment_date": ["04/14", "15:30"], "comment_content": "講這話超噁的，寧願不要講，除非是他"}, {"comment_author": "cwhgraham", "comment_date": ["04/14", "15:30"], "comment_content": "做的"}, {"comment_author": "othen", "comment_date": ["04/14", "17:01"], "comment_content": "八又翻"}, {"comment_author": "lamborghini", "comment_date": ["04/14", "18:08"], "comment_content": "小草信了"}, {"comment_author": "option6699", "comment_date": ["04/14", "18:15"], "comment_content": "八卦女神"}, {"comment_author": "wibemax", "comment_date": ["04/14", "18:23"], "comment_content": "你他x這種話說的出來"}, {"comment_author": "puppycanfly", "comment_date": ["04/14", "20:14"], "comment_content": "徐就算說大便能吃八卦也會信啦"}, {"comment_author": "ice4564", "comment_date": ["04/14", "22:57"], "comment_content": "國昌：時空背景不同之術"}, {"comment_author": "auogs", "comment_date": ["04/15", "23:10"], "comment_content": "好噁心的辯解"}, {"comment_author": "dontdothis", "comment_date": ["04/15", "23:24"], "comment_content": "真的一群渣，台灣人可以繼續忍受這群"}, {"comment_author": "dontdothis", "comment_date": ["04/15", "23:24"], "comment_content": "人踐踏好不容易建立的民主制度嗎？"}]}
