{"author": "RGBB (我是公親不是事主)", "category": "Gossiping", "title": "[新聞] 最滿意誰？6都首長好感度出爐　「第1不是", "date": "Mon Apr 15 13:21:43 2024", "content": ["1.媒體來源:TVBS2.記者署名:陳希潔3.完整新聞標題:最滿意誰？6都首長好感度出爐　「第1不是盧秀燕」", "4.完整新聞內文:距離2026地方選舉還有2年多的時間，新北市長侯友宜、台中市長盧秀燕、台南市長黃偉哲以及高雄市長陳其邁即將屆滿，台北市長蔣萬安與桃園市長張善政力拚連任，各政黨陸續布局人選。台灣議題研究中心透過QuickseeK快析輿情資料庫，觀察六都首長的網路聲量跟好感度，近期的食安議題、凱凱虐童案等，皆左右首長的聲勢，其中蔣萬安和侯友宜受爭議事件影響，負面聲量飆高，陳其邁則是好感度最高的市長。根據QuickseeK快析輿情資料庫，蔣萬安總聲量12.7萬則、好感度0.25；侯友宜總聲量4.3萬則、好感度0.25；張善政總聲量1.3萬則、好感度0.4；盧秀燕總聲量2.3萬則、好感度0.35；黃偉哲總聲量1.8萬則、好感度0.26；陳其邁總聲量1.9萬則好感度0.54。", "六都首長網路正負面聲量與好感度。（圖／翻攝自台灣議題研究中心）QuickseeK創辦人黎榮章分析，六都首長的聲量起伏受全國性和地方性議題影響，蔣萬安處理虐童案被指甩鍋中央，赴行政院表達立場卻遭批評「事主變公親」，假裝置身事外。侯友宜因過去有新北餵藥案、恩恩案等，兒少事件處理紀錄屢屢受到質疑，因此兩人負聲量激增，網路好感度在六都首長墊底；陳其邁好感度0.54，是六都最高。黎榮章進一步提到，台南近來沒有重大社會事件也非全國關注焦點，黃偉哲網路聲量僅略高於雙北。他認為，台南響應美國藝術家發起的「紅球計劃」，從3月底開始安排巨大紅球會在台南各大景點亮相，但相較於高雄黃色小鴨的具象化可愛外型，一個紅色的充氣大球與古蹟合體，想傳達的概念讓不少民眾困惑，加上市民至今仍對市府處置登革熱疫情有怨氣，就算有軟性藝文活動恐怕也不買單。5.完整新聞連結 (或短網址)不可用YAHOO、LINE、MSN等轉載媒體:", "6.備註:", "--全黨挺一人", "國會最大黨國民黨三大法案", "1.恢復", "2.恢復中天", "3.軍公教替代率", "--"], "post_comment": [{"comment_author": "h100733", "comment_date": ["04/15", "13:22"], "comment_content": "這不是八卦最信的公正媒體tvbs嗎"}, {"comment_author": "h100733", "comment_date": ["04/15", "13:22"], "comment_content": "不要在說人家是綠媒囉"}, {"comment_author": "david6119", "comment_date": ["04/15", "13:22"], "comment_content": "可見人民根本沒在看政問，只看政論節"}, {"comment_author": "david6119", "comment_date": ["04/15", "13:22"], "comment_content": "目"}, {"comment_author": "tmgl", "comment_date": ["04/15", "13:22"], "comment_content": "沒有柯文哲墊背我可不信"}, {"comment_author": "Fezico", "comment_date": ["04/15", "13:22"], "comment_content": "屎忠的就是不一樣，懷疑？"}, {"comment_author": "EEzionT", "comment_date": ["04/15", "13:23"], "comment_content": "台南沒有大案件（X) 台南是死忠（o)"}, {"comment_author": "franchy", "comment_date": ["04/15", "13:23"], "comment_content": "40%團結力量很驚人 第一不意外"}, {"comment_author": "STi2011", "comment_date": ["04/15", "13:23"], "comment_content": "高雄真的暖"}, {"comment_author": "tctv2002", "comment_date": ["04/15", "13:23"], "comment_content": "大部分人民只看表面很正常  黃色小鴨 演"}, {"comment_author": "tctv2002", "comment_date": ["04/15", "13:23"], "comment_content": "唱會"}, {"comment_author": "badbadook", "comment_date": ["04/15", "13:23"], "comment_content": ""}, {"comment_author": "Nevhir", "comment_date": ["04/15", "13:23"], "comment_content": "以前捧盧侯 會把DPP的放234 現在也是時候"}, {"comment_author": "CMPunk", "comment_date": ["04/15", "13:24"], "comment_content": "其實我有記憶以來台北市長的滿意度幾乎都"}, {"comment_author": "CMPunk", "comment_date": ["04/15", "13:24"], "comment_content": "是倒數 不管哪個黨派"}, {"comment_author": "acekirisame", "comment_date": ["04/15", "13:24"], "comment_content": "TVBS是藍媒居然是捧綠, 所以是?"}, {"comment_author": "Nevhir", "comment_date": ["04/15", "13:24"], "comment_content": "把盧侯蔣拉下來了"}, {"comment_author": "h100733", "comment_date": ["04/15", "13:24"], "comment_content": "並沒有哦,阿扁當時滿意度第一哦"}, {"comment_author": "h100733", "comment_date": ["04/15", "13:24"], "comment_content": "阿扁當台北市市長時,還有馬英九當台北市"}, {"comment_author": "h100733", "comment_date": ["04/15", "13:24"], "comment_content": "長時滿意度也很高"}, {"comment_author": "MADAOTW", "comment_date": ["04/15", "13:25"], "comment_content": "怎麼沒柯文哲？？公親給我滾"}, {"comment_author": "grosjeanyang", "comment_date": ["04/15", "13:25"], "comment_content": "柯文哲怎麼沒上榜，被刷掉了嗎"}, {"comment_author": "tom77588", "comment_date": ["04/15", "13:25"], "comment_content": "聖地邁家，死忠超多"}, {"comment_author": "MeeToo", "comment_date": ["04/15", "13:26"], "comment_content": "第一不是台南就是高雄"}, {"comment_author": "dyc2008", "comment_date": ["04/15", "13:26"], "comment_content": "柯P給我出來道歉"}, {"comment_author": "yochiya", "comment_date": ["04/15", "13:27"], "comment_content": "想必綠共北部一定全壘打吧 笑死"}, {"comment_author": "yochiya", "comment_date": ["04/15", "13:27"], "comment_content": "一屍五命 歡迎小智再戰2026"}, {"comment_author": "sellgd", "comment_date": ["04/15", "13:29"], "comment_content": "tvbs報導的綠媒民調吧"}, {"comment_author": "sellgd", "comment_date": ["04/15", "13:29"], "comment_content": "以前林志堅民調多高 還不是假的"}, {"comment_author": "sellgd", "comment_date": ["04/15", "13:29"], "comment_content": "現在只有40%會相信"}, {"comment_author": "ezqq123", "comment_date": ["04/15", "13:30"], "comment_content": "南部低端死忠人口"}, {"comment_author": "QooSnow", "comment_date": ["04/15", "13:30"], "comment_content": "綠莓明掉，暖市不是有蘇丹紅風暴嗎？"}, {"comment_author": "ImBBCALL", "comment_date": ["04/15", "13:31"], "comment_content": "笑死 網路聲量"}, {"comment_author": "PtT0615s", "comment_date": ["04/15", "13:32"], "comment_content": "新北最費這點完全有說服力"}, {"comment_author": "ILoveOppai", "comment_date": ["04/15", "13:33"], "comment_content": "雙北墊底 想必綠來選市長都隨便贏幾"}, {"comment_author": "ILoveOppai", "comment_date": ["04/15", "13:33"], "comment_content": "十萬票 對吧"}, {"comment_author": "superjim", "comment_date": ["04/15", "13:33"], "comment_content": "這種民調早就沒公信力了吧"}, {"comment_author": "amury", "comment_date": ["04/15", "13:34"], "comment_content": "好笑的就是這樣，雙北市藍營墊底，但隨便"}, {"comment_author": "amury", "comment_date": ["04/15", "13:34"], "comment_content": "推都還是會上"}, {"comment_author": "TISH12311", "comment_date": ["04/15", "13:35"], "comment_content": "要餵飼料啦"}, {"comment_author": "henry3214", "comment_date": ["04/15", "13:37"], "comment_content": "暖"}, {"comment_author": "sean477", "comment_date": ["04/15", "13:38"], "comment_content": "蔣這麼負面 下次還是會上啊"}, {"comment_author": "knus789369", "comment_date": ["04/15", "13:38"], "comment_content": "高雄真暖"}, {"comment_author": "soarling", "comment_date": ["04/15", "13:39"], "comment_content": "陳總統好"}, {"comment_author": "asgardgogo", "comment_date": ["04/15", "13:40"], "comment_content": "柯又是你你最爛"}, {"comment_author": "lilinnnnnn", "comment_date": ["04/15", "13:42"], "comment_content": "滾"}, {"comment_author": "kissa0924307", "comment_date": ["04/15", "13:42"], "comment_content": "哈哈 綠又贏 只有投票那天輸而已"}, {"comment_author": "scott123321", "comment_date": ["04/15", "13:43"], "comment_content": "這麼喜歡高雄台南，但過去住啊！房"}, {"comment_author": "scott123321", "comment_date": ["04/15", "13:43"], "comment_content": "價又便宜"}, {"comment_author": "hidewin200", "comment_date": ["04/15", "13:45"], "comment_content": "沒看新加坡都在笑台灣人民調 根本左"}, {"comment_author": "hidewin200", "comment_date": ["04/15", "13:45"], "comment_content": "右選情"}, {"comment_author": "b777300", "comment_date": ["04/15", "13:45"], "comment_content": "又準備棒殺了"}, {"comment_author": "IKY201", "comment_date": ["04/15", "13:46"], "comment_content": "2028非邁不投。"}, {"comment_author": "DellSale999", "comment_date": ["04/15", "13:48"], "comment_content": "暖 祖邁"}, {"comment_author": "SPAEK", "comment_date": ["04/15", "13:50"], "comment_content": "現在好感度要信了吧 都翻車幾次了"}, {"comment_author": "fony1029", "comment_date": ["04/15", "13:50"], "comment_content": "暖市又不在意，他們只要演唱會"}, {"comment_author": "grosjeanyang", "comment_date": ["04/15", "13:53"], "comment_content": "2028非柯不投"}, {"comment_author": "rq654", "comment_date": ["04/15", "13:53"], "comment_content": "這是聲量 不是民調"}, {"comment_author": "Jiajun0724", "comment_date": ["04/15", "13:54"], "comment_content": "不用想也知道是高雄南部 北七地區"}, {"comment_author": "doig", "comment_date": ["04/15", "13:54"], "comment_content": "正面也是蔣、盧最高阿，綠色那條"}, {"comment_author": "doig", "comment_date": ["04/15", "13:55"], "comment_content": ""}, {"comment_author": "hearry", "comment_date": ["04/15", "13:56"], "comment_content": "暖啦 哪次不暖"}, {"comment_author": "richsogood", "comment_date": ["04/15", "13:59"], "comment_content": "把把都陳其邁的勝利"}, {"comment_author": "beeboombee", "comment_date": ["04/15", "14:01"], "comment_content": "台南無重大社會事件！？"}, {"comment_author": "hosen", "comment_date": ["04/15", "14:01"], "comment_content": "負面不就民進黨，民眾黨再洗"}, {"comment_author": "adifdtd", "comment_date": ["04/15", "14:02"], "comment_content": "笑死黃偉哲當成這樣"}, {"comment_author": "adifdtd", "comment_date": ["04/15", "14:02"], "comment_content": "廢到炸"}, {"comment_author": "monkeydog119", "comment_date": ["04/15", "14:09"], "comment_content": "賴導只能當4年了，陳其邁能力臉蛋父"}, {"comment_author": "monkeydog119", "comment_date": ["04/15", "14:09"], "comment_content": "都比賴高很多"}, {"comment_author": "monkeydog119", "comment_date": ["04/15", "14:10"], "comment_content": "連當什麼兵都贏賴"}, {"comment_author": "truthmanman", "comment_date": ["04/15", "14:13"], "comment_content": "T台果然是深綠的媒體"}, {"comment_author": "nowitzki0207", "comment_date": ["04/15", "14:24"], "comment_content": "侯侯開來無心工作了，輸到崩潰"}, {"comment_author": "machiusheng", "comment_date": ["04/15", "14:25"], "comment_content": "五星級 小智 已經被笑到脫肛"}, {"comment_author": "vasia", "comment_date": ["04/15", "14:31"], "comment_content": "那個草包第一名，想必是廢文"}, {"comment_author": "ausome", "comment_date": ["04/15", "14:35"], "comment_content": "邁就是暖"}, {"comment_author": "ericyi", "comment_date": ["04/15", "14:41"], "comment_content": "邁邁聲量不到安安的1/10 這樣準嗎??www"}, {"comment_author": "activ", "comment_date": ["04/15", "14:42"], "comment_content": "1450抹紅大成功"}, {"comment_author": "RLH", "comment_date": ["04/15", "14:43"], "comment_content": "盧秀燕很受愛戴嗎"}, {"comment_author": "source0209", "comment_date": ["04/15", "14:49"], "comment_content": "當年還支持民進黨時，這咖真的投不下"}, {"comment_author": "source0209", "comment_date": ["04/15", "14:49"], "comment_content": "去。"}, {"comment_author": "veryGY", "comment_date": ["04/15", "15:04"], "comment_content": "這麼快 邁邁要出來選總統了嗎"}, {"comment_author": "a12838910", "comment_date": ["04/15", "15:10"], "comment_content": "水啦"}, {"comment_author": "kilhi", "comment_date": ["04/15", "15:12"], "comment_content": "暖算好感度的話 的確是陳其邁最高"}, {"comment_author": "kilhi", "comment_date": ["04/15", "15:13"], "comment_content": "圖表的綠色條怎麼蔣最高"}, {"comment_author": "jackycheny", "comment_date": ["04/15", "15:27"], "comment_content": "嘻嘻，不愧是邁導暖男真的好暖"}, {"comment_author": "ziso", "comment_date": ["04/15", "15:33"], "comment_content": "雙北確實爛 不過南部???登革熱 食安?"}, {"comment_author": "ziso", "comment_date": ["04/15", "15:34"], "comment_content": "台南沒重大事件???登革熱??????"}, {"comment_author": "hhbbookao", "comment_date": ["04/15", "15:47"], "comment_content": "滯台香港大師:心情大好 選對城市開公司"}, {"comment_author": "cc001225", "comment_date": ["04/15", "15:48"], "comment_content": "看過新北市的人要假裝自己住什麼特區 難"}, {"comment_author": "cc001225", "comment_date": ["04/15", "15:48"], "comment_content": "怪呀wwww"}, {"comment_author": "sten5453", "comment_date": ["04/15", "15:53"], "comment_content": "笑了"}, {"comment_author": "kiopl", "comment_date": ["04/15", "16:11"], "comment_content": "柯p沒墊底？這野雞報導吧"}, {"comment_author": "indium111", "comment_date": ["04/15", "16:15"], "comment_content": "雙北噁爛兄弟墊底不意外"}, {"comment_author": "zx610176", "comment_date": ["04/15", "16:40"], "comment_content": "笑笑就好 民調不可信"}, {"comment_author": "Demia", "comment_date": ["04/15", "17:25"], "comment_content": "這不是燒炭民調做的不準啦"}, {"comment_author": "ffdqfe", "comment_date": ["04/15", "17:32"], "comment_content": "暖"}, {"comment_author": "qaz12453", "comment_date": ["04/15", "18:10"], "comment_content": "倒著看"}, {"comment_author": "westhaown", "comment_date": ["04/15", "18:17"], "comment_content": "暖市智商果然呈現反比 放心了嘻嘻"}, {"comment_author": "aken59420", "comment_date": ["04/15", "18:35"], "comment_content": "以前陳菊跟賴清德好感度更高呢"}, {"comment_author": "billlushana1", "comment_date": ["04/15", "18:38"], "comment_content": "柯批沒第一，小草大喊不準"}, {"comment_author": "your0207", "comment_date": ["04/15", "18:58"], "comment_content": "聲量真的是無聊的東西，就派一堆人針對"}, {"comment_author": "your0207", "comment_date": ["04/15", "18:58"], "comment_content": "特定人物發稱讚/批評文章就好了"}, {"comment_author": "leterg", "comment_date": ["04/15", "19:16"], "comment_content": "未看直接猜陳其邁，陳菊氣爆後飆超高"}, {"comment_author": "dream74917", "comment_date": ["04/16", "00:14"], "comment_content": "莫忘世上多腦殘"}]}
