{"author": "Beziehung (Beziehung)", "category": "Gossiping", "title": "[新聞] 遭苗博雅上課後首同台！統神認了「妻吵", "date": "Mon Apr 15 09:36:38 2024", "content": ["備註請放最後面 違者新聞文章刪除1.媒體來源:Nownews2.記者署名:張嘉哲3.完整新聞標題:遭苗博雅上課後首同台！統神認了「妻吵過離婚」　失言慘賠300萬4.完整新聞內文:知名實況主「統神」張嘉航日前因為談論藝人黃子佼不雅片事件「沒那麼嚴重」，結果其言論造成社會撻伐，更是有多家廠商直接宣佈終止合作關係，事後也被台北市議員苗博雅「狠狠上課」一番，統神也認錯道歉。然後今（15）日統神也與苗博雅在知名主持人周玉蔻的節目上同台，坦言自己損失了大約兩三百萬，且最近有點失眠，妻子003更是有吵過要離婚。實況主統神與台北市議員苗博雅在直播交鋒後，今（15）日首度同台，一早接受資深媒體人周玉蔻的廣播節目《新聞放鞭炮》，周玉蔻提問：「這幾天還好嗎？」統神則回應：「我真的不知道為什麼，睡覺翻來覆去，睡4、5小時就起來，我以前都是睡10幾個小時」統神也強調：「但這件事跟苗博雅沒有關係」。周玉蔻也接著詢問妻子003的狀況，統神則說：「她不太好，其實他的壓力比我還大，可能是因為人格特質的關係，我自己比較樂天」統神說：「003也是有罵我『怎麼會講出那種話』，但她並沒有去罵苗博雅」周玉蔻則說：「003是你的事業夥伴，就算罵你也是因為愛你，應該沒有要跟你離婚吧？」統神則坦言：「有吵過，但因為我自己捅大簍子，所以我怪不了誰，003覺得我被斷章取義，但我在實況時講那些話用詞跟語氣都不精確，所以我也道歉了」。周玉蔻也詢問截至目前為止受到多少影響，統神回應：「目前一共有12個廠商宣布停止合作，但其實有很多都是沒有代言的，只是我有玩那個遊戲，初估損失是200萬至300萬」，周玉蔻則說：「但外界幫你算大概是損失400萬至500萬」統神則澄清：「沒有啦！沒有那麼好賺」。周玉蔻也說：「你今天也是要跟廣大的觀眾道歉，等等你一定要鞠躬一百次」統神本人也是非常的有禮貌直言：「好！好！好！」而目前訪談都是非常理性和平的進行中。5.完整新聞連結 (或短網址)不可用YAHOO、LINE、MSN等轉載媒體:", "6.備註:蛤？叫他他道歉一百次的點是哪個？他要一百次那假如邀請跟未成年發生關係又偷拍的或者是跟小三生小孩的，跟助理上摩鐵婚外情的上節目，這些又要道歉幾次？-----Sent from MeowPtt on my iPhone--"], "post_comment": [{"comment_author": "s820912gmail", "comment_date": ["04/15", "09:36"], "comment_content": "可憐的人 活該"}, {"comment_author": "johnhmj", "comment_date": ["04/15", "09:37"], "comment_content": "都是為了錢"}, {"comment_author": "gremon131", "comment_date": ["04/15", "09:37"], "comment_content": "豬豬寶貝"}, {"comment_author": "koromo1991", "comment_date": ["04/15", "09:38"], "comment_content": "一天睡10幾個小時 真爽"}, {"comment_author": "ymcg", "comment_date": ["04/15", "09:38"], "comment_content": "變成哥哥了"}, {"comment_author": "justice2008", "comment_date": ["04/15", "09:38"], "comment_content": "懂得跪下去舔綠 還不錯"}, {"comment_author": "zxc2331189", "comment_date": ["04/15", "09:38"], "comment_content": "愛老婆 嘴巴上說要跟003簽離婚 結果縮"}, {"comment_author": "bbs0840738", "comment_date": ["04/15", "09:38"], "comment_content": "才300萬就怕了喔"}, {"comment_author": "ramirez", "comment_date": ["04/15", "09:39"], "comment_content": "只要好好跟党道歉認錯就沒事啦!!!!!!"}, {"comment_author": "justice2008", "comment_date": ["04/15", "09:39"], "comment_content": "提早舔的話 顏色對了 根本不會炎上=="}, {"comment_author": "Dcwei", "comment_date": ["04/15", "09:39"], "comment_content": "聽說他有的是錢"}, {"comment_author": "ramirez", "comment_date": ["04/15", "09:39"], "comment_content": "党是很寬容大量的!!!!!!!"}, {"comment_author": "syntax123", "comment_date": ["04/15", "09:39"], "comment_content": "乖一點才賺得到錢"}, {"comment_author": "meicon5566", "comment_date": ["04/15", "09:39"], "comment_content": "果然還是因為003才道歉"}, {"comment_author": "justice2008", "comment_date": ["04/15", "09:39"], "comment_content": "懂的話下次別去幫KMT=="}, {"comment_author": "donation12", "comment_date": ["04/15", "09:39"], "comment_content": "心直口快不經反思就很容易失言"}, {"comment_author": "ytkuang", "comment_date": ["04/15", "09:39"], "comment_content": "沒有那個實力就別嘴賤  統神變痛神"}, {"comment_author": "ramirez", "comment_date": ["04/15", "09:40"], "comment_content": "下次不要再幫藍白仔了好嗎 學一次教訓"}, {"comment_author": "justice2008", "comment_date": ["04/15", "09:40"], "comment_content": "建議盡快辦黨證"}, {"comment_author": "Pumpitup", "comment_date": ["04/15", "09:40"], "comment_content": "一天睡10幾個小時 是過太爽吧"}, {"comment_author": "donation12", "comment_date": ["04/15", "09:40"], "comment_content": "這個議題不論是誰只要稍懂都能電統神"}, {"comment_author": "Dinenger", "comment_date": ["04/15", "09:40"], "comment_content": "為了老婆 為了錢 不就是你哥哥嗎？"}, {"comment_author": "darkbrigher", "comment_date": ["04/15", "09:41"], "comment_content": "不就他想蹭 不然他跟黃子交很熟?"}, {"comment_author": "karta018", "comment_date": ["04/15", "09:41"], "comment_content": "偷偷做沒關係，公開說出來加上顏色不對"}, {"comment_author": "Dinenger", "comment_date": ["04/15", "09:41"], "comment_content": "統神你怎麼跟你哥一樣了"}, {"comment_author": "karta018", "comment_date": ["04/15", "09:41"], "comment_content": "你就知道了"}, {"comment_author": "z2wen", "comment_date": ["04/15", "09:41"], "comment_content": "統神至少還會道歉，有些詐騙犯甚至不覺得"}, {"comment_author": "linfon00", "comment_date": ["04/15", "09:41"], "comment_content": "早就賺夠一輩子的錢 三百萬只是沒賺到"}, {"comment_author": "z2wen", "comment_date": ["04/15", "09:41"], "comment_content": "有錯"}, {"comment_author": "linfon00", "comment_date": ["04/15", "09:41"], "comment_content": "不是賠"}, {"comment_author": "rq654", "comment_date": ["04/15", "09:42"], "comment_content": "睡10幾個小時..這也太能睡了 我要3天不睡才"}, {"comment_author": "rq654", "comment_date": ["04/15", "09:42"], "comment_content": "有可能接下來1天睡超過10小時"}, {"comment_author": "justice2008", "comment_date": ["04/15", "09:42"], "comment_content": "沒有人會嫌錢少啦=="}, {"comment_author": "Carters1109", "comment_date": ["04/15", "09:42"], "comment_content": "一天睡十幾個小時 難怪智商會這樣"}, {"comment_author": "d06", "comment_date": ["04/15", "09:42"], "comment_content": "003才是真的衰"}, {"comment_author": "justice2008", "comment_date": ["04/15", "09:42"], "comment_content": "損失300萬 和跪舔綠不損失300萬"}, {"comment_author": "justice2008", "comment_date": ["04/15", "09:43"], "comment_content": "正常人會選哪個???"}, {"comment_author": "justice2008", "comment_date": ["04/15", "09:43"], "comment_content": "腦子是很好的東西 希望大家動腦以後"}, {"comment_author": "undeadmask", "comment_date": ["04/15", "09:43"], "comment_content": "好了啦崢哥寇姐博雅姐 何必呢"}, {"comment_author": "justice2008", "comment_date": ["04/15", "09:43"], "comment_content": "再做決定"}, {"comment_author": "lovebbqjim", "comment_date": ["04/15", "09:44"], "comment_content": "統神會被招安、開舔嗎？豬豬寶貝QQ"}, {"comment_author": "ariesd", "comment_date": ["04/15", "09:46"], "comment_content": "人家就在找台階下了，一堆人還要他戰到底"}, {"comment_author": "tmgl", "comment_date": ["04/15", "09:47"], "comment_content": "沒003他早就爆了吧"}, {"comment_author": "a09374567", "comment_date": ["04/15", "09:48"], "comment_content": "統神已死 現在的是綠共的犬"}, {"comment_author": "ziso", "comment_date": ["04/15", "09:48"], "comment_content": "他老婆不是常講這句話嗎  就兩個鬥嘴而已"}, {"comment_author": "sheep922420", "comment_date": ["04/15", "09:49"], "comment_content": "統粉哭哭"}, {"comment_author": "imgoodboys", "comment_date": ["04/15", "09:49"], "comment_content": "跪了"}, {"comment_author": "Mrchungken", "comment_date": ["04/15", "09:51"], "comment_content": "跪了 跟民進黨戰到底的氣勢沒了"}, {"comment_author": "mk5520", "comment_date": ["04/15", "09:51"], "comment_content": "早就要加入，怎麼不一開始就加入呢"}, {"comment_author": "KadourZiani", "comment_date": ["04/15", "09:55"], "comment_content": "笑死當天還嗆要幹死党誰誰誰"}, {"comment_author": "Redfeather", "comment_date": ["04/15", "09:55"], "comment_content": "看到綠粉開始捧統肥真他媽笑死"}, {"comment_author": "michidoko", "comment_date": ["04/15", "09:55"], "comment_content": "桂"}, {"comment_author": "wl843907", "comment_date": ["04/15", "09:56"], "comment_content": "無聊，為錢低頭不是很正常嗎，隨便板上"}, {"comment_author": "wl843907", "comment_date": ["04/15", "09:56"], "comment_content": "抓一個給300萬，99%跪下來叫民進黨爸爸"}, {"comment_author": "jerrylin", "comment_date": ["04/15", "09:56"], "comment_content": "完全如我預料"}, {"comment_author": "yggyygy", "comment_date": ["04/15", "09:56"], "comment_content": "加入黨"}, {"comment_author": "gx9900824", "comment_date": ["04/15", "09:56"], "comment_content": "接受党的招降 懂嗎？"}, {"comment_author": "oo2751394", "comment_date": ["04/15", "09:56"], "comment_content": "老實說這節目跟寇姐是在幫他欸"}, {"comment_author": "howzming", "comment_date": ["04/15", "09:56"], "comment_content": "錢最大，其他不算什麼。"}, {"comment_author": "ericliung", "comment_date": ["04/15", "09:57"], "comment_content": "乖"}, {"comment_author": "ChikanDesu", "comment_date": ["04/15", "09:57"], "comment_content": "人家生三個還振興電競產業 你阿苗除了"}, {"comment_author": "ChikanDesu", "comment_date": ["04/15", "09:57"], "comment_content": "鬥爭一些沒屁用的議題對社會是有什麼"}, {"comment_author": "Tsucomi69", "comment_date": ["04/15", "09:57"], "comment_content": "不合作而已怎麼賠錢?"}, {"comment_author": "ChikanDesu", "comment_date": ["04/15", "09:58"], "comment_content": "貢獻 笑死"}, {"comment_author": "IamCyuan", "comment_date": ["04/15", "09:58"], "comment_content": "說錯話道歉一百次，幹小三的升官發財"}, {"comment_author": "rZai", "comment_date": ["04/15", "09:58"], "comment_content": "乖乖接受党的鞭子與胡蘿蔔"}, {"comment_author": "icou", "comment_date": ["04/15", "09:58"], "comment_content": "因為錢的婚姻 你搞掉代言當然和你分 以為愛"}, {"comment_author": "ZhouGongJin", "comment_date": ["04/15", "09:58"], "comment_content": "那年總統說：任何人不再需要為認同而"}, {"comment_author": "icou", "comment_date": ["04/15", "09:58"], "comment_content": "你喔？"}, {"comment_author": "ZhouGongJin", "comment_date": ["04/15", "09:58"], "comment_content": "道歉。但下一句沒說的是：塔綠班不認"}, {"comment_author": "pchion2002", "comment_date": ["04/15", "09:58"], "comment_content": "TOYZ的..."}, {"comment_author": "ZhouGongJin", "comment_date": ["04/15", "09:58"], "comment_content": "同的言論就出征到讓你道歉。嘻嘻"}, {"comment_author": "a3221715", "comment_date": ["04/15", "10:00"], "comment_content": "被馴化的豬 那個什麼都敢講的賴皮豬回"}, {"comment_author": "a3221715", "comment_date": ["04/15", "10:00"], "comment_content": "不去了"}, {"comment_author": "asurdalin", "comment_date": ["04/15", "10:00"], "comment_content": "邏輯有夠怪003不需要罵阿苗吧?"}, {"comment_author": "asurdalin", "comment_date": ["04/15", "10:00"], "comment_content": "不就只有你這嘴秋賴皮豬的問題"}, {"comment_author": "daniel0203", "comment_date": ["04/15", "10:01"], "comment_content": "為了老婆小孩道歉 還可以"}, {"comment_author": "Dcwei", "comment_date": ["04/15", "10:03"], "comment_content": "不是 你要洗白跑去跟扣扣姐搞在一起^_^"}, {"comment_author": "bruce511239", "comment_date": ["04/15", "10:03"], "comment_content": "離阿 一定有17歲正妹想跟神交配"}, {"comment_author": "a22222a4210", "comment_date": ["04/15", "10:03"], "comment_content": "統神沒了 以前瞧不起國棟特哥椅子哥"}, {"comment_author": "laechan", "comment_date": ["04/15", "10:03"], "comment_content": "公式都差不多，裝可憐，博同情"}, {"comment_author": "ARTORIA", "comment_date": ["04/15", "10:03"], "comment_content": "這個臭嘴早就該受點懲罰了 已經爽很多年"}, {"comment_author": "laechan", "comment_date": ["04/15", "10:03"], "comment_content": "然後過一陣子就沒人記得這事又活跳跳了"}, {"comment_author": "ARTORIA", "comment_date": ["04/15", "10:03"], "comment_content": "也賺飽了 運氣已經很好了"}, {"comment_author": "a22222a4210", "comment_date": ["04/15", "10:03"], "comment_content": "現在變成摳摳姐苗議員 不勝唏噓"}, {"comment_author": "iamgaylan", "comment_date": ["04/15", "10:05"], "comment_content": "有了家庭 神也變凡人ㄌ…"}, {"comment_author": "WenliYang", "comment_date": ["04/15", "10:06"], "comment_content": "桶弟確認"}, {"comment_author": "sp036378", "comment_date": ["04/15", "10:09"], "comment_content": "童粉跟雜草不是說贏麻了？"}, {"comment_author": "scum5566", "comment_date": ["04/15", "10:13"], "comment_content": "被砍工商就軟了 笑死"}, {"comment_author": "ms883050", "comment_date": ["04/15", "10:14"], "comment_content": "小心神罰"}, {"comment_author": "fridliou", "comment_date": ["04/15", "10:14"], "comment_content": "我是真的可以體諒統神 但這操真的蠢爆"}, {"comment_author": "fridliou", "comment_date": ["04/15", "10:15"], "comment_content": " 統粉仇綠 你去舔？"}, {"comment_author": "flydogzzz", "comment_date": ["04/15", "10:15"], "comment_content": "就說會彎腰了，根本還是因為錢，還不繼"}, {"comment_author": "flydogzzz", "comment_date": ["04/15", "10:15"], "comment_content": "續抵制"}, {"comment_author": "fridliou", "comment_date": ["04/15", "10:15"], "comment_content": "搞清楚自己受眾好嗎"}, {"comment_author": "fridliou", "comment_date": ["04/15", "10:15"], "comment_content": "公關操作真慘"}, {"comment_author": "xdgguest", "comment_date": ["04/15", "10:16"], "comment_content": "綠粉都原諒他了"}, {"comment_author": "sheep0121", "comment_date": ["04/15", "10:17"], "comment_content": "這種話題也要蹭，還沒腦蹭，不罵你罵"}, {"comment_author": "fridliou", "comment_date": ["04/15", "10:17"], "comment_content": "道歉止血夠了沒必要舔 還是一個最討厭"}, {"comment_author": "fridliou", "comment_date": ["04/15", "10:17"], "comment_content": "的coco"}, {"comment_author": "sheep0121", "comment_date": ["04/15", "10:17"], "comment_content": "誰，真以為跳出遊戲圈以後，大家都能慣"}, {"comment_author": "poz93", "comment_date": ["04/15", "10:17"], "comment_content": "他現在說有錢他就上節目 可憐阿"}, {"comment_author": "sheep0121", "comment_date": ["04/15", "10:17"], "comment_content": "著你無腦發言喔"}, {"comment_author": "poz93", "comment_date": ["04/15", "10:18"], "comment_content": "變成有錢就行的人"}, {"comment_author": "angelology", "comment_date": ["04/15", "10:18"], "comment_content": "死好"}, {"comment_author": "hn022", "comment_date": ["04/15", "10:19"], "comment_content": "錢的力量"}, {"comment_author": "RlexCY37", "comment_date": ["04/15", "10:20"], "comment_content": "003 重要 vs 300 萬 ？"}, {"comment_author": "salvador1988", "comment_date": ["04/15", "10:21"], "comment_content": "人家就被900害慘 給個台階下好嗎"}, {"comment_author": "a12124477", "comment_date": ["04/15", "10:21"], "comment_content": "有錢就可以的人"}, {"comment_author": "okpeko", "comment_date": ["04/15", "10:24"], "comment_content": "為什麼不趁這次離一離"}, {"comment_author": "rex7125", "comment_date": ["04/15", "10:24"], "comment_content": "你就跪吧"}, {"comment_author": "achiow", "comment_date": ["04/15", "10:26"], "comment_content": "要收編成黨犬了..吠二聲來聽聽"}, {"comment_author": "Murloc", "comment_date": ["04/15", "10:26"], "comment_content": "睡十幾個小時三小@@"}, {"comment_author": "attackJ", "comment_date": ["04/15", "10:29"], "comment_content": "統神真的"}, {"comment_author": "attackJ", "comment_date": ["04/15", "10:29"], "comment_content": "過太爽"}, {"comment_author": "hahadb", "comment_date": ["04/15", "10:30"], "comment_content": "為003才出來道歉的 真男人統神"}, {"comment_author": "steamedbun", "comment_date": ["04/15", "10:30"], "comment_content": "做做效果啦"}, {"comment_author": "nenini", "comment_date": ["04/15", "10:42"], "comment_content": "道歉就好了去幫綠營抬轎幹嘛"}, {"comment_author": "franzos", "comment_date": ["04/15", "10:50"], "comment_content": "都是各取所需的亂源"}, {"comment_author": "orz151426", "comment_date": ["04/15", "10:50"], "comment_content": "膝蓋軟了"}, {"comment_author": "cheng399", "comment_date": ["04/15", "10:51"], "comment_content": "沒事  換我更舔    不怪"}, {"comment_author": "wewe10wewe", "comment_date": ["04/15", "10:54"], "comment_content": "俗辣"}, {"comment_author": "GABA", "comment_date": ["04/15", "10:54"], "comment_content": "當著老婆面說想○未成年 老婆沒暴走才奇怪"}, {"comment_author": "AirO0264400", "comment_date": ["04/15", "11:08"], "comment_content": "神也跪了 大家自己注意一點哈"}, {"comment_author": "ALDNOAH5566", "comment_date": ["04/15", "11:12"], "comment_content": "離婚晨晨跟媽媽才能繼續接工作"}, {"comment_author": "sunluna", "comment_date": ["04/15", "11:18"], "comment_content": "你各位還以為自己有言論自由嗎?"}, {"comment_author": "drwei", "comment_date": ["04/15", "11:19"], "comment_content": "說好躲衣櫥卻又跑出來鬧的 要道歉幾次"}, {"comment_author": "sunluna", "comment_date": ["04/15", "11:21"], "comment_content": "歡迎來到 不能批評黨的世界"}, {"comment_author": "huabandd", "comment_date": ["04/15", "11:24"], "comment_content": "三百萬沒了哭哭"}, {"comment_author": "Apollo196907", "comment_date": ["04/15", "11:25"], "comment_content": "新造的豬"}, {"comment_author": "FirePopcorn", "comment_date": ["04/15", "11:26"], "comment_content": "003也很多工商，看來應該也斷不少"}, {"comment_author": "secretmen", "comment_date": ["04/15", "11:34"], "comment_content": "開舔綠汁，党立刻讓全世界原諒你"}, {"comment_author": "fishcircle", "comment_date": ["04/15", "11:42"], "comment_content": "怕003怕300這三個數字"}, {"comment_author": "barry1027gg", "comment_date": ["04/15", "11:45"], "comment_content": "為了老婆而道歉 很可以"}, {"comment_author": "northwater", "comment_date": ["04/15", "11:50"], "comment_content": "就被民進黨的出征還靠他們救"}, {"comment_author": "piece1", "comment_date": ["04/15", "11:50"], "comment_content": "到底他的粉絲是那些人??"}, {"comment_author": "LeonKuo", "comment_date": ["04/15", "11:53"], "comment_content": "網紅說穿了就是靠群眾喜歡才能賺錢 真的"}, {"comment_author": "LeonKuo", "comment_date": ["04/15", "11:53"], "comment_content": "以為自己像平常粉絲留言講得那麼屌嗎"}, {"comment_author": "sheep0121", "comment_date": ["04/15", "11:55"], "comment_content": "又扯言論自由……言論自由不表示你可以"}, {"comment_author": "sheep0121", "comment_date": ["04/15", "11:55"], "comment_content": "支持犯罪行為好嘛"}, {"comment_author": "spirit761127", "comment_date": ["04/15", "12:07"], "comment_content": "被摸頭了 趕快歸順黨吧"}, {"comment_author": "llol", "comment_date": ["04/15", "12:18"], "comment_content": "看到新台幣...還不跪下"}, {"comment_author": "Taiwanwolf", "comment_date": ["04/15", "12:26"], "comment_content": ""}, {"comment_author": "fox39724", "comment_date": ["04/15", "12:27"], "comment_content": "綠的是棒子加胡蘿蔔，但藍白只是拿他當"}, {"comment_author": "fox39724", "comment_date": ["04/15", "12:27"], "comment_content": "槍使，根本不想幫他找台階，這要怎麼怪"}, {"comment_author": "fox39724", "comment_date": ["04/15", "12:27"], "comment_content": "統肥選邊"}, {"comment_author": "tayan", "comment_date": ["04/15", "12:31"], "comment_content": "一堆要推統神去當神風特攻隊的 笑死"}, {"comment_author": "losmith", "comment_date": ["04/15", "12:51"], "comment_content": "覺得現在是黨釋出善意 想吸收統神加入XD"}, {"comment_author": "losmith", "comment_date": ["04/15", "12:51"], "comment_content": "升官發財就靠這次了 別拒絕啊統神"}, {"comment_author": "dinotea", "comment_date": ["04/15", "12:55"], "comment_content": "為了003，為了300道歉"}, {"comment_author": "rsomye", "comment_date": ["04/15", "13:03"], "comment_content": "看來以後只剩市井小民能批綠臉黨"}, {"comment_author": "pett", "comment_date": ["04/15", "14:05"], "comment_content": "003是綠的啊"}, {"comment_author": "GIE13", "comment_date": ["04/15", "14:17"], "comment_content": "跪了"}, {"comment_author": "jagger", "comment_date": ["04/15", "14:37"], "comment_content": "跳槽DPP空戰教官"}, {"comment_author": "puppycanfly", "comment_date": ["04/15", "14:40"], "comment_content": "人家統神都想下車了結果八卦小草硬是"}, {"comment_author": "puppycanfly", "comment_date": ["04/15", "14:40"], "comment_content": "拖住對方不給下車，太可怕了吧"}, {"comment_author": "mogumoo", "comment_date": ["04/15", "15:20"], "comment_content": "真的好好賺 難怪會道歉"}, {"comment_author": "loveandy58", "comment_date": ["04/15", "15:30"], "comment_content": "謝謝"}, {"comment_author": "Godhas56", "comment_date": ["04/15", "20:35"], "comment_content": "阿這波又賺多少惹"}, {"comment_author": "a58805082", "comment_date": ["04/15", "22:25"], "comment_content": "統神不是很想離嗎 剛剛好不是嗎"}, {"comment_author": "kenzzsjuntt", "comment_date": ["04/16", "10:12"], "comment_content": "弒神者：阿苗"}, {"comment_author": "DamoS", "comment_date": ["04/17", "06:44"], "comment_content": "小草900芯快抖內救統神"}]}
