{"author": "SEVENxELEVEN (原田都愛♥)", "category": "Gossiping", "title": "[新聞] 許效舜84歲父過世！昔曾當5屆基隆市議員", "date": "Tue Apr 16 18:08:48 2024", "content": ["備註請放最後面 違者新聞文章刪除1.媒體來源:", "TVBS2.記者署名:", "記者 黃盈容 報導3.完整新聞標題:", "許效舜84歲父過世！昔曾當5屆基隆市議員　悲痛道別：再會啦帥氣老爸4.完整新聞內文:", "記者 黃盈容 報導發佈時間：2024/04/16 17:09最後更新時間：2024/04/16 17:09", "許效舜（左）爸爸許義隆過世。（圖／翻攝自許效舜臉書）演藝圈資深男星許效舜，昨（15）日才發文哀悼《瘋神無雙》夥伴山豬，今則面臨痛失父親的噩耗，他在臉書發文透露父親過世，並說：「再會啦，我的帥氣老爸許義隆。」", "許效舜（左）PO出與爸爸許義隆合照。（圖／翻攝自許效舜臉書）許效舜PO出和爸爸的合照，向爸爸道別，「別忘了，祢曾經是雷霆足球隊長、議會的歌王、當年田徑萬米的冠軍、泳池的健將、合氣道的高手，暖暖最強的優喜（父親的日本名Yoshi）感恩祢」，他不禁感慨「人生且行且珍惜」，認為一切都是最好的安排。許效舜爸爸許義隆，今病逝於家中，享壽84歲，他過去曾當過5屆基隆市議員，許效舜因受到爸爸影響，2020年時曾宣布要參選基隆市長，但隔年就宣布放棄參選。5.完整新聞連結 (或短網址)不可用YAHOO、LINE、MSN等轉載媒體:", "6.備註:", "--"], "post_comment": [{"comment_author": "s820912gmail", "comment_date": ["04/16", "18:09"], "comment_content": "Rip"}, {"comment_author": "fack3170", "comment_date": ["04/16", "18:10"], "comment_content": "RIP"}, {"comment_author": "huiyin220923", "comment_date": ["04/16", "18:10"], "comment_content": "國民黨的？ 那不祝福"}, {"comment_author": "ralfeistein", "comment_date": ["04/16", "18:11"], "comment_content": "R.I.P."}, {"comment_author": "derrick1220", "comment_date": ["04/16", "18:11"], "comment_content": "2024到底怎麼了啦幹"}, {"comment_author": "VVizZ", "comment_date": ["04/16", "18:11"], "comment_content": "本來說要選市長還啥的又不敢選"}, {"comment_author": "nbaliveX", "comment_date": ["04/16", "18:11"], "comment_content": "許笑舜代表作精神病瘋子士官長"}, {"comment_author": "livingbear", "comment_date": ["04/16", "18:12"], "comment_content": "許財利的好兄弟"}, {"comment_author": "acs81046", "comment_date": ["04/16", "18:14"], "comment_content": "2024你他媽"}, {"comment_author": "nk309240", "comment_date": ["04/16", "20:31"], "comment_content": "人家西點軍校，你西點麵包"}, {"comment_author": "ruffryders", "comment_date": ["04/19", "07:59"], "comment_content": "我以為… 嚇死"}]}
