{"author": "b33 (壁虎可愛)", "category": "Gossiping", "title": "[新聞] 超市「結帳陷阱」店員也中招 一票苦主虧", "date": "Tue Apr 16 17:13:41 2024", "content": ["媒體來源:中時新聞網記者署名:方翊倩完整新聞標題:超市「結帳陷阱」店員也中招 一票苦主虧了近300元09:46 2024/04/13", "一名網友上超市買2個茶碗蒸竟要338元，原來是商品上有2個條碼，其中1個是「整盤」的價格。（網友授權提供）一名網友日前去全聯買東西，其中買了2個茶碗蒸，事後查看消費明細，發現被刷成「盤裝」的價錢，2個竟要338元，原來包裝上共有2個條碼，在頂部封膜上的條碼是一整盤的價錢，側邊條碼才是單個的價錢，原PO說店員也不知道商品上有2個條碼，提醒民眾結帳一定要睜大眼睛。貼文釣出不少苦主，都是買1、2個茶碗蒸卻被刷了整盤的價錢，單個茶碗蒸只要35元、2個70元，刷成2盤就變338元，直接虧了268元。原PO在臉書「全聯消費經驗老實說」社團發文表示，日前去全聯買東西，其中包括2個茶碗蒸，事後查看電子消費明細，驚見2個茶碗蒸竟要338元，原來是包裝上有2個條碼，在頂部封膜上的條碼是「一盤」的價錢，側邊條碼才是「一個」的價錢。幸好原PO平時買完東西有對帳的習慣，當下發現立刻向店員反映，店員則說不知道商品上有2個條碼，趕緊退費給他。", "原PO查看消費明細，發現茶碗蒸被刷到「整盤」的價格。（網友授權提供）貼文曝光釣出不少苦主，有網友前幾天也去買茶碗蒸，結果被刷到整盤價錢，還好當時有發現；另一名網友看了原PO的貼文也趕緊查消費明細，結果買一個茶碗蒸同樣被刷了一盤的條碼。其他網友建議，買完東西最好對一下價錢再離開，「之前買一罐奶粉，回家才看明細被刷成3罐，因為那天買太多東西，一沒注意就虧大了。」全聯表示，整組優惠條碼是因應檔期促銷而設定，於4月11日（週四）起已停用，此狀況應是店員結帳時誤刷整組優惠條碼，建議消費者若遇此情形，可於購物後7天內，憑原交易完整發票，到原門市辦理差價退款。完整新聞連結 (或短網址)不可用YAHOO、LINE、MSN等轉載媒體:", "--", "蒙上你的眼–兔兔挑戰--"], "post_comment": [{"comment_author": "xhl12000", "comment_date": ["04/16", "17:14"], "comment_content": "詐騙島 哈哈哈哈"}, {"comment_author": "lpbrother", "comment_date": ["04/16", "17:15"], "comment_content": "這太扯囉，雙重條碼？"}, {"comment_author": "kiddcat", "comment_date": ["04/16", "17:15"], "comment_content": "全聯日常,被搞過3次,現在會核對交易明細"}, {"comment_author": "tctv2002", "comment_date": ["04/16", "17:15"], "comment_content": "這在國外 公司早被罰錢了"}, {"comment_author": "Timberlake", "comment_date": ["04/16", "17:15"], "comment_content": "哈哈哈哈 7天內喔 超過的全聯爽賺"}, {"comment_author": "headcase", "comment_date": ["04/16", "17:16"], "comment_content": "有跟上政府的詐騙政策 果然是台灣企業"}, {"comment_author": "reppoc", "comment_date": ["04/16", "17:16"], "comment_content": "消保官還不工作？"}, {"comment_author": "hikaru77613", "comment_date": ["04/16", "17:19"], "comment_content": "本來就不信全聯的結帳…少刷不會有"}, {"comment_author": "hikaru77613", "comment_date": ["04/16", "17:19"], "comment_content": "..多刷可常聽見.."}, {"comment_author": "fuhu66", "comment_date": ["04/16", "17:19"], "comment_content": "我不信"}, {"comment_author": "lpbrother", "comment_date": ["04/16", "17:21"], "comment_content": "這個問題很嚴重了吧？"}, {"comment_author": "SydLrio", "comment_date": ["04/16", "17:22"], "comment_content": "全聯就民進黨的"}, {"comment_author": "bloodyway", "comment_date": ["04/16", "17:22"], "comment_content": "偷錢過7天沒被發現就沒事了喔？"}, {"comment_author": "zckater", "comment_date": ["04/16", "17:22"], "comment_content": "全聯結帳阿姨不要在人多的時候狂宣傳會員"}, {"comment_author": "zckater", "comment_date": ["04/16", "17:22"], "comment_content": "好嗎? 跟智障一樣欸"}, {"comment_author": "kiddcat", "comment_date": ["04/16", "17:24"], "comment_content": "優惠價的產品更要注意.因為有可能變原價"}, {"comment_author": "SHENG2014", "comment_date": ["04/16", "17:25"], "comment_content": "居然還限定7天內才能退"}, {"comment_author": "ncc5566", "comment_date": ["04/16", "17:26"], "comment_content": "這有人買喔"}, {"comment_author": "achuck11", "comment_date": ["04/16", "17:28"], "comment_content": "七天內才能退款笑死"}, {"comment_author": "berryc", "comment_date": ["04/16", "17:30"], "comment_content": "商業秘密"}, {"comment_author": "berryc", "comment_date": ["04/16", "17:32"], "comment_content": "7天真的扯..意思就是消費者有義務在7天內"}, {"comment_author": "berryc", "comment_date": ["04/16", "17:32"], "comment_content": "偵錯回報的意思."}, {"comment_author": "jil", "comment_date": ["04/16", "17:36"], "comment_content": "爭鮮股份有公司  整盤的價格怎麼會印在單品上"}, {"comment_author": "romber", "comment_date": ["04/16", "17:43"], "comment_content": "…這包裝根本故意的吧？不愧是詐騙之島"}, {"comment_author": "attpp", "comment_date": ["04/16", "17:49"], "comment_content": "垃圾公司不意外布蘭妮是想怎樣"}, {"comment_author": "scott0104", "comment_date": ["04/16", "17:54"], "comment_content": "就詐騙啊"}, {"comment_author": "ZhouGongJin", "comment_date": ["04/16", "18:01"], "comment_content": "這跟詐欺沒兩樣吧，商品怎麼能有別的"}, {"comment_author": "ZhouGongJin", "comment_date": ["04/16", "18:01"], "comment_content": "條碼"}, {"comment_author": "t4lin", "comment_date": ["04/16", "18:02"], "comment_content": "這包裝誰設計的，這是最低等級的錯誤…"}, {"comment_author": "goldhan", "comment_date": ["04/16", "18:04"], "comment_content": "茶碗蒸只進貨五碗 卻賣了五盤，你有頭緒"}, {"comment_author": "goldhan", "comment_date": ["04/16", "18:04"], "comment_content": "嗎"}, {"comment_author": "gn01622545", "comment_date": ["04/16", "18:06"], "comment_content": "真的盤子價"}, {"comment_author": "chocoball", "comment_date": ["04/16", "18:06"], "comment_content": "一房多賣的概念 賺爛"}, {"comment_author": "vinca", "comment_date": ["04/16", "18:18"], "comment_content": "詐欺告得成嗎"}, {"comment_author": "specman", "comment_date": ["04/16", "18:19"], "comment_content": "這種系統自動可掃描判斷退錢 還要消費者"}, {"comment_author": "specman", "comment_date": ["04/16", "18:19"], "comment_content": "自己檢查？"}, {"comment_author": "ziso", "comment_date": ["04/16", "18:24"], "comment_content": "一個商品兩個條碼?詐騙島?"}, {"comment_author": "takamiku", "comment_date": ["04/16", "18:28"], "comment_content": "看來真的財富自由 連買什麼都不看價錢"}, {"comment_author": "takamiku", "comment_date": ["04/16", "18:31"], "comment_content": "這廠商包裝出包 然後全聯採購也沒發覺錯"}, {"comment_author": "takamiku", "comment_date": ["04/16", "18:31"], "comment_content": "誤"}, {"comment_author": "sunshine25", "comment_date": ["04/16", "18:32"], "comment_content": "全聯不會主動給明細要記得要"}, {"comment_author": "ayeae", "comment_date": ["04/16", "18:52"], "comment_content": "在國外都自助結帳 只有台灣敢這樣亂搞"}, {"comment_author": "sixteen", "comment_date": ["04/16", "19:05"], "comment_content": "這沒有刑事責任嗎？還要消費者自己七天"}, {"comment_author": "sixteen", "comment_date": ["04/16", "19:05"], "comment_content": "內自己申請退款？那我開一家店做一堆這"}, {"comment_author": "sixteen", "comment_date": ["04/16", "19:07"], "comment_content": "種商品來賣，顧客沒發現就爽賺，這樣合"}, {"comment_author": "sixteen", "comment_date": ["04/16", "19:07"], "comment_content": "理？？"}, {"comment_author": "js850604", "comment_date": ["04/16", "20:30"], "comment_content": "貨物管理系統沒發現多出商品嗎"}, {"comment_author": "godchildtw", "comment_date": ["04/16", "20:45"], "comment_content": "我買東西的過程就一直用手機計算機結"}, {"comment_author": "godchildtw", "comment_date": ["04/16", "20:45"], "comment_content": "帳"}, {"comment_author": "redumbrella", "comment_date": ["04/16", "20:53"], "comment_content": "扯"}, {"comment_author": "gradient20", "comment_date": ["04/16", "21:13"], "comment_content": "啥"}, {"comment_author": "minijin", "comment_date": ["04/16", "21:47"], "comment_content": "7天只是官方說法，基本上明顯全聯疏失的"}, {"comment_author": "minijin", "comment_date": ["04/16", "21:47"], "comment_content": "當月去退都沒問題，跨月才有退錢問題"}]}
