{"author": "rickysu303 (Ricky)", "category": "Gossiping", "title": "[新聞] 全身麻醉意識仍清醒？男子「病態性肥胖", "date": "Fri Apr 12 09:58:02 2024", "content": ["全身麻醉意識仍清醒？男子「病態性肥胖」麻醉陷夢境　誤認醫師偷罵他民視 2024/04/11 12:43:33生活中心／林靜芬報導正常情況下，接受全身麻醉的病人是處於昏迷狀態的，無法意識到周圍發生的事情，包括醫師的對話。全身麻醉會抑制大腦的活動，使病人處於無意識狀態，確保手術過程中的安全和舒適。敏盛綜合醫院微創手術中心執行長陳榮堅分享，很多年前，有一位20多歲患有「病態性肥胖」的病患，找他做減重手術。早上開完刀，中午就送回病房，晚上查房時，發現他很不開心，原來他聽到了醫師們的對話。陳醫師看他悶悶不樂，先問他有沒有哪裡會痛或是不舒服，他都說沒有。詢問了一番後，才道出：「枉費我這麼信任你們醫療團隊，竟然在開刀的過程調侃我胖，雖然有麻醉不會痛，但我整個過程都是清醒的。」這讓陳醫師傻眼，心想怎麼可能，但病人卻是可以明確說出、手術房裡有誰，竟然也都正確。接著繼續說：「你們還說我胃很大很難切，還有腸子很難接等等。」但講到這邊，陳醫師就知道，他根本講錯了！因為他開的是「胃束帶手術」，手術過程中只有把他的胃綁起來而已，沒有切腸子、也沒有切胃。病人一聽完醫師解釋後，驚訝道：「怎麼可能！？我整個手術過程都是清醒的，到現在還記憶猶新呢！」後來陳醫師和麻醉科醫師討論，認為可能是病態性肥胖的病人脂肪比較厚，因為脂肪組織比較多，所以麻藥代謝和一般人不一樣。而有些麻醉會比較容易誘導「夢境產生」， 所以病人在手術過程不會痛，但在意識上會自覺是清醒的，而且容易把清醒的片段與睡著時的夢境拼湊起來。不過還好他有講出錯誤的部分，手術中根本沒發生的事，醫師們才能好好地和他說明，避免誤會產生。陳醫師也強調，現在隨著醫學發展，麻醉領域的進步，已經少有類似的問題發生。", "--"], "post_comment": [{"comment_author": "s820912gmail", "comment_date": ["04/12", "09:58"], "comment_content": "五樓死胖子"}, {"comment_author": "qt359101", "comment_date": ["04/12", "09:58"], "comment_content": "欸欸 所以醫生有沒有調侃沒講阿"}, {"comment_author": "vowpool", "comment_date": ["04/12", "09:59"], "comment_content": "一定是太胖 劑量算錯"}, {"comment_author": "FannWong", "comment_date": ["04/12", "09:59"], "comment_content": "好了拉醫生敢講不敢承認阿"}, {"comment_author": "hkcdc", "comment_date": ["04/12", "10:00"], "comment_content": "沒五樓胖"}, {"comment_author": "OnlyWTM", "comment_date": ["04/12", "10:00"], "comment_content": "肥宅不意外"}, {"comment_author": "brianuser", "comment_date": ["04/12", "10:00"], "comment_content": "應該是真的有講吧，又不是機器人不會聊"}, {"comment_author": "Gandalf", "comment_date": ["04/12", "10:00"], "comment_content": "五樓肥仔"}, {"comment_author": "doveplus", "comment_date": ["04/12", "10:00"], "comment_content": "果然開刀還是要錄影才能保身"}, {"comment_author": "dbjdx", "comment_date": ["04/12", "10:01"], "comment_content": "不可以在背後說別人的壞話 所以我"}, {"comment_author": "dbjdx", "comment_date": ["04/12", "10:01"], "comment_content": "們要在他面前說"}, {"comment_author": "SydLrio", "comment_date": ["04/12", "10:02"], "comment_content": "死肥豬應該直接安樂死"}, {"comment_author": "kairi5217", "comment_date": ["04/12", "10:02"], "comment_content": "病態式肥胖 辣勢什麼？"}, {"comment_author": "sj4", "comment_date": ["04/12", "10:02"], "comment_content": "現在不是有麻醉深度監測貼片可以用？"}, {"comment_author": "em4", "comment_date": ["04/12", "10:02"], "comment_content": "打死不認"}, {"comment_author": "weakerman", "comment_date": ["04/12", "10:03"], "comment_content": "就死胖子搞的麻醉劑亮很難抓啊"}, {"comment_author": "lucybelle", "comment_date": ["04/12", "10:03"], "comment_content": "算是喝醉酒"}, {"comment_author": "doveplus", "comment_date": ["04/12", "10:04"], "comment_content": "胃大難切腸子難接 這種算嘲笑?"}, {"comment_author": "wilson3435", "comment_date": ["04/12", "10:04"], "comment_content": "好了啦，你信醫生沒調侃胖嗎"}, {"comment_author": "Sunerk", "comment_date": ["04/12", "10:04"], "comment_content": "在跟老婆通姦"}, {"comment_author": "devilfruit", "comment_date": ["04/12", "10:04"], "comment_content": "肥宅：嗆我嗆夠了沒有"}, {"comment_author": "JT0216", "comment_date": ["04/12", "10:04"], "comment_content": "五樓誠實"}, {"comment_author": "doveplus", "comment_date": ["04/12", "10:04"], "comment_content": "也不是罵吧 有時候 開刀團隊 主刀邊開邊"}, {"comment_author": "wilson3435", "comment_date": ["04/12", "10:04"], "comment_content": "沒跟同事聊過天喔"}, {"comment_author": "doveplus", "comment_date": ["04/12", "10:04"], "comment_content": "跟副手解說的 一堆"}, {"comment_author": "bowenhp1234", "comment_date": ["04/12", "10:05"], "comment_content": "真的講這個其實也沒什麼吧"}, {"comment_author": "simonislice", "comment_date": ["04/12", "10:05"], "comment_content": "阿就真的胖到麻醉難麻刀也難開阿"}, {"comment_author": "doveplus", "comment_date": ["04/12", "10:05"], "comment_content": "不就是機會教育而已"}, {"comment_author": "bowenhp1234", "comment_date": ["04/12", "10:05"], "comment_content": "就照事實說不好處理而已"}, {"comment_author": "darkbrigher", "comment_date": ["04/12", "10:05"], "comment_content": "玻璃心哦 笑死"}, {"comment_author": "doveplus", "comment_date": ["04/12", "10:06"], "comment_content": "胖到自卑去開刀的果然都玻璃心"}, {"comment_author": "deeeplove", "comment_date": ["04/12", "10:06"], "comment_content": "舒眠麻醉"}, {"comment_author": "ohya111326", "comment_date": ["04/12", "10:07"], "comment_content": "太胖XDD"}, {"comment_author": "mopigou", "comment_date": ["04/12", "10:07"], "comment_content": "胖子還怕人說胖"}, {"comment_author": "jimmy1688", "comment_date": ["04/12", "10:07"], "comment_content": "醫生只是陳述事實，哪有調侃？"}, {"comment_author": "huabandd", "comment_date": ["04/12", "10:08"], "comment_content": "開刀房要裝開刀記錄器"}, {"comment_author": "doveplus", "comment_date": ["04/12", "10:08"], "comment_content": "教學醫院開刀把你當動物觀察的更多"}, {"comment_author": "doveplus", "comment_date": ["04/12", "10:09"], "comment_content": "那開完不就直接跳樓自殺?"}, {"comment_author": "ralfeistein", "comment_date": ["04/12", "10:09"], "comment_content": "肚子有多大 心眼就有多小"}, {"comment_author": "wryyyyyyyy", "comment_date": ["04/12", "10:09"], "comment_content": "玻璃心胖子"}, {"comment_author": "pdz", "comment_date": ["04/12", "10:11"], "comment_content": "幻想阿肥"}, {"comment_author": "elzohar", "comment_date": ["04/12", "10:14"], "comment_content": "連夢都會夢到被嗆  看來真的很胖還在意"}, {"comment_author": "bravery1117", "comment_date": ["04/12", "10:14"], "comment_content": "一定有講"}, {"comment_author": "doluir", "comment_date": ["04/12", "10:15"], "comment_content": "胖子叫人不能說他胖？"}, {"comment_author": "rommel1990", "comment_date": ["04/12", "10:16"], "comment_content": "肥宅悲歌"}, {"comment_author": "doluir", "comment_date": ["04/12", "10:16"], "comment_content": "有講也不會怎樣 啊就真的胖啊 胖子連麻醉"}, {"comment_author": "doluir", "comment_date": ["04/12", "10:16"], "comment_content": " 打血管 開刀都比別人困難 不能講喔"}, {"comment_author": "uranuss", "comment_date": ["04/12", "10:18"], "comment_content": "真的胖啊"}, {"comment_author": "adad48362", "comment_date": ["04/12", "10:20"], "comment_content": "有夠自卑笑死"}, {"comment_author": "elzohar", "comment_date": ["04/12", "10:20"], "comment_content": "陳述事實也有事 不然去告咩"}, {"comment_author": "OGCOGCOGCOGC", "comment_date": ["04/12", "10:21"], "comment_content": "可憐的胖子"}, {"comment_author": "sooler", "comment_date": ["04/12", "10:21"], "comment_content": "幻想被罵"}, {"comment_author": "Qua3small", "comment_date": ["04/12", "10:22"], "comment_content": "陶侃胖? 那不是事實陳述嗎 且還說錯"}, {"comment_author": "Qua3small", "comment_date": ["04/12", "10:22"], "comment_content": "胖沒關係 但自卑而仇他人就很討厭"}, {"comment_author": "ultraccs", "comment_date": ["04/12", "10:23"], "comment_content": "開刀講些話 減少一點壓力跟緊張感 也是"}, {"comment_author": "ultraccs", "comment_date": ["04/12", "10:23"], "comment_content": "無可厚非"}, {"comment_author": "aries5420", "comment_date": ["04/12", "10:25"], "comment_content": "全面啟動 新劇本get"}, {"comment_author": "ComeThrough", "comment_date": ["04/12", "10:25"], "comment_content": "胖子還怕被說胖？"}, {"comment_author": "cy652285", "comment_date": ["04/12", "10:26"], "comment_content": "我那次是聊飲料跟出國 而且有痛覺"}, {"comment_author": "fish3932000", "comment_date": ["04/12", "10:29"], "comment_content": "我覺得有"}, {"comment_author": "facebcck", "comment_date": ["04/12", "10:30"], "comment_content": "胖還怕人調侃喔"}, {"comment_author": "ismugi", "comment_date": ["04/12", "10:39"], "comment_content": "太油了很難麻"}, {"comment_author": "angels999", "comment_date": ["04/12", "10:51"], "comment_content": "嚇人"}, {"comment_author": "Faicha", "comment_date": ["04/12", "10:56"], "comment_content": "肯定真的有講啊不然緊張屁XD"}, {"comment_author": "iamnotme", "comment_date": ["04/12", "10:57"], "comment_content": "醫生：還好呼攏得過去 媽的死胖子"}, {"comment_author": "chysh", "comment_date": ["04/12", "10:57"], "comment_content": "死胖子還怕人家笑"}, {"comment_author": "way7344", "comment_date": ["04/12", "10:57"], "comment_content": "胖子不能說？"}, {"comment_author": "ck890381", "comment_date": ["04/12", "11:01"], "comment_content": "這什麼爛故事"}, {"comment_author": "jerrylin", "comment_date": ["04/12", "11:02"], "comment_content": "就太胖了  麻醉劑量只有到淺層睡眠"}, {"comment_author": "jerrylin", "comment_date": ["04/12", "11:02"], "comment_content": "所以半夢半醒"}, {"comment_author": "vi000246", "comment_date": ["04/12", "11:02"], "comment_content": "結論是病人被唬了"}, {"comment_author": "blackstyles", "comment_date": ["04/12", "11:04"], "comment_content": "調手術錄影啊 笑死"}, {"comment_author": "jerrylin", "comment_date": ["04/12", "11:05"], "comment_content": "調錄影有你也不能怎樣啊"}, {"comment_author": "Chen7", "comment_date": ["04/12", "11:05"], "comment_content": "還在睡"}, {"comment_author": "DarkIllusion", "comment_date": ["04/12", "11:14"], "comment_content": "肥宅脂肪厚就真的很難切"}, {"comment_author": "Alphaz", "comment_date": ["04/12", "11:19"], "comment_content": "這標題是被狗幹時想的嗎 誤導"}, {"comment_author": "woajw", "comment_date": ["04/12", "11:35"], "comment_content": "死胖子還愛幻想"}, {"comment_author": "vvrr", "comment_date": ["04/12", "11:36"], "comment_content": "可是他講對了開刀房裡的人……"}, {"comment_author": "EXUAN", "comment_date": ["04/12", "11:51"], "comment_content": "可以明確指出！所以是有說喔"}, {"comment_author": "Eliad", "comment_date": ["04/12", "11:53"], "comment_content": "最好是啦，這根本不是手術清醒的高危險族群"}, {"comment_author": "WunoW", "comment_date": ["04/12", "11:59"], "comment_content": "在做夢啦 眼睛都沒打開你是看到誰"}, {"comment_author": "ElrosHsun", "comment_date": ["04/12", "12:06"], "comment_content": "死肥宅大部分都很機掰還有被害妄想症"}, {"comment_author": "linyi520", "comment_date": ["04/12", "12:56"], "comment_content": "又不是開刀時罵他死胖子，醫師陳述事實"}, {"comment_author": "linyi520", "comment_date": ["04/12", "12:56"], "comment_content": "也在那玻璃心，不想被嘲笑就不要吃那麼"}, {"comment_author": "linyi520", "comment_date": ["04/12", "12:56"], "comment_content": "胖阿，頗呵"}, {"comment_author": "movi", "comment_date": ["04/12", "13:11"], "comment_content": "這新聞算時事？"}, {"comment_author": "Demia", "comment_date": ["04/12", "13:30"], "comment_content": "這是不是在臭？"}, {"comment_author": "tonyian", "comment_date": ["04/12", "13:44"], "comment_content": "手術都會有錄影的"}, {"comment_author": "xxx5566xxx", "comment_date": ["04/12", "14:12"], "comment_content": "這醫生有民進党證吧，說話方式一樣"}, {"comment_author": "system303179", "comment_date": ["04/12", "15:06"], "comment_content": "都還說的出來有誰了應該真的吧"}, {"comment_author": "GGbigbigin", "comment_date": ["04/12", "15:42"], "comment_content": "一樓能不能別加個死字"}]}
