{"author": "darkbrigher (暗行者)", "category": "Gossiping", "title": "[新聞] 合作統神遭抵制！糕餅店急切割　「捐家扶", "date": "Sun Apr 14 14:50:11 2024", "content": ["備註請放最後面 違者新聞文章刪除1.媒體來源:", "TVBS2.記者署名:", "編輯 黃潔文 / 責任編輯 編輯組 報導3.完整新聞標題:", "合作統神遭抵制！糕餅店急切割　「捐家扶5萬」業績翻3倍4.完整新聞內文:", "知名實況主「統神」張嘉航日前因評論黃子佼事件失言，引發各界撻伐，更遭12家廠商接連切割。其中，彰化糕餅業者「關於餅乾實驗室&碩論巴斯克」也受到波及，遭網友罵翻、抵制。為了表達歉意，業者不僅在臉書上道歉並下架統神貼文，更宣布將4月10日至12日三天的每日門市收益，全數捐款給家扶基金會彰化家扶中心，成功將危機化為轉機，獲得網友贊聲。「關於餅乾實驗室&碩論巴斯克」在臉書聲明中指出，老闆是個單純愛打電動、喜歡做甜點的素人，平時沒有太多時間關注社會大小事，先前與亞洲統神合作，本意也是來自於從國中看統神長大。雖然本就知道多少會有爭議，但這波爭議延燒，業者也向消費者道歉，強調「支持正確的事，不支持錯誤的評論」，因此決定捐出三天的收益，以示負責。彰化家扶中心公關林滿麗表示，「關於餅乾實驗室&碩論巴斯克」是由幾名年輕人共同創業，這次不幸捲入統神失言風波，他們難免受挫。13日前往致贈感謝狀時，老闆還一度提及原本擔心生意會受到影響，沒想到獲得消費者力挺，這三天業績竟翻了3倍，整個門市滿是準備出貨的餅乾，及前去購買的消費者。林滿麗指出，店家說到做到，三天門市所得共計新台幣4萬6000多元，但決定補足到5萬元整數，全數捐給家扶中心。實際上，店家先前就曾捐贈60盒巴斯克蛋糕，分享給家扶中心的孩子們，是很有愛心的店家。家扶中心也再次感謝他們的支持！5.完整新聞連結 (或短網址)不可用YAHOO、LINE、MSN等轉載媒體:", "6.備註:", "--"], "post_comment": [{"comment_author": "Qinsect", "comment_date": ["04/14", "14:50"], "comment_content": "Kmt 正在開會怎麼洗白"}, {"comment_author": "jarrodqq896", "comment_date": ["04/14", "14:50"], "comment_content": "出征店家幹嘛 低能兒"}, {"comment_author": "s820912gmail", "comment_date": ["04/14", "14:51"], "comment_content": "統粉氣噗噗"}, {"comment_author": "erisiss0", "comment_date": ["04/14", "14:51"], "comment_content": "就是低能兒啊，不然勒"}, {"comment_author": "darkMood", "comment_date": ["04/14", "14:51"], "comment_content": "民粹鬼島台灣。"}, {"comment_author": "a0986188522", "comment_date": ["04/14", "14:51"], "comment_content": "藍白粉哭暈"}, {"comment_author": "bill403777", "comment_date": ["04/14", "14:51"], "comment_content": "被一條龍害慘"}, {"comment_author": "erisiss0", "comment_date": ["04/14", "14:52"], "comment_content": "還可以出征八卦呢"}, {"comment_author": "johnhmj", "comment_date": ["04/14", "14:52"], "comment_content": "靠商業合作的名人要隨時注意形象問題"}, {"comment_author": "koromo1991", "comment_date": ["04/14", "14:52"], "comment_content": "以為沒出聲就沒事了啊 側翼名單上一"}, {"comment_author": "koromo1991", "comment_date": ["04/14", "14:52"], "comment_content": "個個沒表態都別想跑"}, {"comment_author": "Dcwei", "comment_date": ["04/14", "14:52"], "comment_content": "誰叫你們合作一隻不知輕重的豬"}, {"comment_author": "a51062004", "comment_date": ["04/14", "14:53"], "comment_content": "側翼還在清算中"}, {"comment_author": "johnhmj", "comment_date": ["04/14", "14:54"], "comment_content": "但 當名人說出實話就表示不在乎商業合作"}, {"comment_author": "neos042", "comment_date": ["04/14", "14:54"], "comment_content": "塔綠出征，寸草不生"}, {"comment_author": "jam145632", "comment_date": ["04/14", "14:55"], "comment_content": "3天翻3倍4萬6？原本是多慘"}, {"comment_author": "vodkalime607", "comment_date": ["04/14", "14:56"], "comment_content": "藍白不要害到店家啦"}, {"comment_author": "zurxgulx", "comment_date": ["04/14", "14:56"], "comment_content": "不喜歡統神 但這延伸超像對面小粉紅批鬥"}, {"comment_author": "tctv2002", "comment_date": ["04/14", "14:57"], "comment_content": "跟中國小粉紅有什麼兩樣"}, {"comment_author": "au4g3wk4k", "comment_date": ["04/14", "14:59"], "comment_content": "原本一天營業額5000 這真的夠開銷？"}, {"comment_author": "lokiodin", "comment_date": ["04/14", "14:59"], "comment_content": "喚一個出軌幹小模的台北建東就有比較好"}, {"comment_author": "lokiodin", "comment_date": ["04/14", "15:00"], "comment_content": "？"}, {"comment_author": "jimlexus", "comment_date": ["04/14", "15:01"], "comment_content": "當然要切割啊，說些不爭氣的話還需要同"}, {"comment_author": "jimlexus", "comment_date": ["04/14", "15:01"], "comment_content": "情"}, {"comment_author": "lesnaree2", "comment_date": ["04/14", "15:01"], "comment_content": "誰那麼無聊去出征店家"}, {"comment_author": "asd02113", "comment_date": ["04/14", "15:02"], "comment_content": "前十大傑出青年 都要復出了"}, {"comment_author": "lovelva00", "comment_date": ["04/14", "15:02"], "comment_content": "為什麼要把這件事分顏色啊，我家老人"}, {"comment_author": "lovelva00", "comment_date": ["04/14", "15:02"], "comment_content": "藍的，也覺得他很噁"}, {"comment_author": "felixr0123", "comment_date": ["04/14", "15:06"], "comment_content": "故意說成政治受虐兒阿"}, {"comment_author": "morichi", "comment_date": ["04/14", "15:06"], "comment_content": "如果是捐兒福我就要噓爛 好險是家扶"}, {"comment_author": "heat0204", "comment_date": ["04/14", "15:10"], "comment_content": "這原本應該是統粉吧？"}, {"comment_author": "paulispig", "comment_date": ["04/14", "15:14"], "comment_content": "神罰失敗"}, {"comment_author": "berryc", "comment_date": ["04/14", "15:15"], "comment_content": "藍的想藉統神來打執政黨、翻車了XD  尤其"}, {"comment_author": "berryc", "comment_date": ["04/14", "15:15"], "comment_content": "那個徐900超慘"}, {"comment_author": "vvv888", "comment_date": ["04/14", "15:16"], "comment_content": "高雄罷韓餐廳「釣客食堂」4/10熄燈！未來"}, {"comment_author": "moon128", "comment_date": ["04/14", "15:16"], "comment_content": "就想帶成都是政治迫害阿 不反視說了什麼"}, {"comment_author": "vvv888", "comment_date": ["04/14", "15:16"], "comment_content": "動向曝光"}, {"comment_author": "orz151426", "comment_date": ["04/14", "15:16"], "comment_content": "綠圾就是兇殘"}, {"comment_author": "yuta02", "comment_date": ["04/14", "15:18"], "comment_content": "小草也無能為力：）"}, {"comment_author": "Paulei", "comment_date": ["04/14", "15:28"], "comment_content": "事實就是小咖廠商才急切割大廠誰鳥你"}, {"comment_author": "yamhome", "comment_date": ["04/14", "15:31"], "comment_content": "盧秀燕：自作孽，不可活"}, {"comment_author": "whitenoise", "comment_date": ["04/14", "15:31"], "comment_content": "讚，真的要慎選合作對象"}, {"comment_author": "kikujiro", "comment_date": ["04/14", "15:31"], "comment_content": "雨天收傘五星好評"}, {"comment_author": "kaodio", "comment_date": ["04/14", "15:37"], "comment_content": "綠營側翼+1"}, {"comment_author": "wwwqoo", "comment_date": ["04/14", "15:40"], "comment_content": "不說 行為根本對岸小粉紅出征"}, {"comment_author": "Eunha9903", "comment_date": ["04/14", "15:40"], "comment_content": "結果新的合作關係之前出軌外遇過"}, {"comment_author": "KEYSOLIDER", "comment_date": ["04/14", "15:53"], "comment_content": "沒關係 還有八卦"}, {"comment_author": "bboring", "comment_date": ["04/14", "15:56"], "comment_content": "統神自己檢討吧 雖然很倒楣 但平常是"}, {"comment_author": "bboring", "comment_date": ["04/14", "15:57"], "comment_content": "嘴邱了點 這次過界囉"}, {"comment_author": "bboring", "comment_date": ["04/14", "15:57"], "comment_content": "謹言慎行 如果想沾惹政治的話"}, {"comment_author": "derekjj", "comment_date": ["04/14", "16:01"], "comment_content": "前有帝霸出征 後有側翼追殺 老鐵666"}, {"comment_author": "grosjeanyang", "comment_date": ["04/14", "16:09"], "comment_content": "統神被八卦當寶，真的蠻好笑的"}, {"comment_author": "bart9425", "comment_date": ["04/14", "16:50"], "comment_content": "這種咖小蹭成這樣"}, {"comment_author": "david12763", "comment_date": ["04/14", "17:29"], "comment_content": "除了那個免洗手遊其他都是被出征阿 笑"}, {"comment_author": "david12763", "comment_date": ["04/14", "17:30"], "comment_content": "死"}, {"comment_author": "lmc66", "comment_date": ["04/14", "18:04"], "comment_content": "笑死 切割完業績反而更好 八卦仔又翻車"}, {"comment_author": "asters", "comment_date": ["04/14", "18:36"], "comment_content": "台灣人真的有夠低能 哈哈"}, {"comment_author": "enemyli", "comment_date": ["04/14", "20:15"], "comment_content": "40%就是網路文革最會啊 要不然你以為預"}, {"comment_author": "enemyli", "comment_date": ["04/14", "20:15"], "comment_content": "算都撥到哪了 笑死"}]}
