{"author": "william8403 (威威威廉)", "category": "Gossiping", "title": "[新聞] 黃珊珊：黃曙光為潛艦國造很忙很累 大家", "date": "Wed Apr 17 11:40:36 2024", "content": ["黃珊珊：黃曙光為潛艦國造很忙很累 大家不用再猜了聯合報／ 記者林銘翰潛艦國造專案召集人黃曙光請辭，黃曙光的妹妹、民眾黨立委黃珊珊今天說，國家利益大於個人利益，更應該高於政黨利益，潛艦國造在大選前引起非常多爭議與口水，黃曙光為了國家利益隱忍不發，這是頂天立地的軍人本色，這8年來也確實很忙很累，她對黃曙光請辭一點都不意外，也請大家不用再猜了。黃曙光昨天晚間透過聲明表示，基於國家安全的思考，希望不要再有政治爭議，傷害國防戰力的提升，或者是有不負責任的言論自由，分化傷害人民的感情，因此決定辭去工作。請辭是個人身心俱疲，完全與他人無關，更無關任何政治因素，未來將會以民間人士，協助台船與海軍造艦各項諮詢參考。黃珊珊今天在臉書發文說，兩周前因為媽媽肺炎住院，自己跟二哥到醫院探視，黃曙光告訴她即將在5月離開現職，辭去國安會諮詢委員與潛艦小組召集人的職務，因為政府即將交接本應總辭，而且潛艦國造制度已經建立，原型艦也按照計畫進行當中。黃珊珊坦言，其實自己一點也不意外，因為這8年以來，黃曙光真的很忙很累，常常到處飛往國外，身體也出了些狀況，「這次看到他比過年時更瘦更黑，身為家人，我當然支持他好好休息！」黃珊珊表示，黃曙光為了潛艦國造，扛下這艱鉅的任務，軍人一生最重要的任務，就是要保家衛國，「我高中時他赴荷蘭幾年接潛艇回來，接下來幾十年我看到他不眠不休、幾乎沒有個人私生活、沒有交際應酬，全心全意為國效力的軍人本色！」黃珊珊也說，潛艦國造在大選期間，引起非常多爭議與口水，黃曙光的心情可想而知，但是他為了國家利益隱忍不發，現在終於可以自由、為自己而活，也可以說該說的話了。黃珊珊強調，軍備與國防是台灣安身立命的護城河，每個人在國家利益之前很渺小，不應該為了個人利益、政黨利益犧牲國家利益，中華民國是主權獨立的國家，「不管你有何種意識形態與政黨立場，對於國家利益，每一個台灣人的立場都應該是一致對外。」", "--"], "post_comment": [{"comment_author": "BLINKPTT", "comment_date": ["04/17", "11:41"], "comment_content": "藍綠都恨黃珊珊一家奉獻國家"}, {"comment_author": "RisingTackle", "comment_date": ["04/17", "11:41"], "comment_content": "大家辛苦了，最好是不要再查下去了"}, {"comment_author": "jma306", "comment_date": ["04/17", "11:41"], "comment_content": " 是喔"}, {"comment_author": "RisingTackle", "comment_date": ["04/17", "11:42"], "comment_content": "不然讓阿伯敗選佈的局就白費了"}, {"comment_author": "machiusheng", "comment_date": ["04/17", "11:42"], "comment_content": "假老二：不要再問了"}, {"comment_author": "ianlin1216", "comment_date": ["04/17", "11:42"], "comment_content": "鐵棺材"}, {"comment_author": "leoeeeaaa", "comment_date": ["04/17", "11:42"], "comment_content": "小英女孩也辛苦了"}, {"comment_author": "koromo1991", "comment_date": ["04/17", "11:42"], "comment_content": "很忙 但忙著幹嘛就不好說了"}, {"comment_author": "scott0104", "comment_date": ["04/17", "11:42"], "comment_content": "為啥妹妹要替哥哥發言"}, {"comment_author": "ianlin1216", "comment_date": ["04/17", "11:42"], "comment_content": "量產比原型貴，世界哪跟的上鬼島"}, {"comment_author": "HodorDragon", "comment_date": ["04/17", "11:43"], "comment_content": "做假民調的人 說話誰會信"}, {"comment_author": "Alpha99", "comment_date": ["04/17", "11:43"], "comment_content": " 應該繼續做下去啊 現在跑反而對名"}, {"comment_author": "Alpha99", "comment_date": ["04/17", "11:43"], "comment_content": "聲不好吧"}, {"comment_author": "RisingTackle", "comment_date": ["04/17", "11:43"], "comment_content": "樓上說就不對了，是2度拿出假民調"}, {"comment_author": "jma306", "comment_date": ["04/17", "11:43"], "comment_content": " "}, {"comment_author": "dinosaur888", "comment_date": ["04/17", "11:43"], "comment_content": "是不能質疑是嗎"}, {"comment_author": "kkjjrtlym", "comment_date": ["04/17", "11:44"], "comment_content": "對對對 預算追加這摸多 確實很累"}, {"comment_author": "Dinenger", "comment_date": ["04/17", "11:45"], "comment_content": "好了啦 我們都懂 哥哥很棒 齁"}, {"comment_author": "RRADA", "comment_date": ["04/17", "11:45"], "comment_content": "假老二"}, {"comment_author": "doig", "comment_date": ["04/17", "11:45"], "comment_content": "33舔綠舔這麼用力，結果賴完全不給官，可憐"}, {"comment_author": "betkuz", "comment_date": ["04/17", "11:45"], "comment_content": "1樓別偷換概念啦，搞曙光哥的人不就那幾"}, {"comment_author": "betkuz", "comment_date": ["04/17", "11:45"], "comment_content": "位，還是不分區名單，讚讚"}, {"comment_author": "RisingTackle", "comment_date": ["04/17", "11:45"], "comment_content": "藍白當選 真相就要大白很不方便"}, {"comment_author": "amare1015", "comment_date": ["04/17", "11:45"], "comment_content": "快笑屬 超累的齁 心疼哥哥 XDDDDDDDDDD"}, {"comment_author": "Dinenger", "comment_date": ["04/17", "11:46"], "comment_content": "哥哥是國家之光 妹妹也是政黨老二"}, {"comment_author": "amare1015", "comment_date": ["04/17", "11:46"], "comment_content": "妹妹最愛歐尼醬惹 XDDDDDDDDDDDDDDDDD"}, {"comment_author": "Dinenger", "comment_date": ["04/17", "11:46"], "comment_content": "光耀門楣 一門宗烈 光宗耀祖 讚讚！"}, {"comment_author": "doig", "comment_date": ["04/17", "11:46"], "comment_content": "33破壞藍白合，幫綠這麼多，賴神太無情"}, {"comment_author": "hkcdc", "comment_date": ["04/17", "11:46"], "comment_content": "33畢竟還是挺綠的"}, {"comment_author": "Dinenger", "comment_date": ["04/17", "11:47"], "comment_content": "請綠斑不要挑撥離間 曙光是為了國家！"}, {"comment_author": "doig", "comment_date": ["04/17", "11:47"], "comment_content": "就賴公佈一堆內閣官員都沒黃曙光吧，之前還"}, {"comment_author": "doig", "comment_date": ["04/17", "11:47"], "comment_content": "傳可能是國防部長"}, {"comment_author": "yuta02", "comment_date": ["04/17", "11:47"], "comment_content": "妹妹也辛苦了☺"}, {"comment_author": "tanby", "comment_date": ["04/17", "11:48"], "comment_content": "民進黨連軍人都要鬥"}, {"comment_author": "King5566", "comment_date": ["04/17", "11:48"], "comment_content": "民進黨臥底好了啦"}, {"comment_author": "amare1015", "comment_date": ["04/17", "11:49"], "comment_content": "黃曙光是小英愛將 白粉最好給點尊重"}, {"comment_author": "whitefox", "comment_date": ["04/17", "11:49"], "comment_content": "反電磁波專家應該派去台電才對"}, {"comment_author": "jimmykuo123", "comment_date": ["04/17", "11:49"], "comment_content": "絆腳石踢走 換ㄌㄨㄚˋ的人馬主持XDD"}, {"comment_author": "TKjoe619", "comment_date": ["04/17", "11:49"], "comment_content": "拿假民調送藍白一起下去，果然是綠的"}, {"comment_author": "jimmykuo123", "comment_date": ["04/17", "11:50"], "comment_content": "潛艦又可以發大財ㄌ"}, {"comment_author": "MikeyWill", "comment_date": ["04/17", "11:50"], "comment_content": "假民調 誰要相信黃珊珊"}, {"comment_author": "kimi7812", "comment_date": ["04/17", "11:52"], "comment_content": "民進黨派來的臥底閉嘴"}, {"comment_author": "darkMood", "comment_date": ["04/17", "11:52"], "comment_content": "造這些沒用的垃圾東西，不用蝦忙啦"}, {"comment_author": "shauima", "comment_date": ["04/17", "11:52"], "comment_content": "橡皮圖章要換名字了"}, {"comment_author": "scum5566", "comment_date": ["04/17", "11:52"], "comment_content": "首台潛艦太貴有弊案，但量產更貴卻沒人"}, {"comment_author": "scum5566", "comment_date": ["04/17", "11:52"], "comment_content": "在靠妖"}, {"comment_author": "zvx911", "comment_date": ["04/17", "11:53"], "comment_content": "我當兵的時候碰過幾次黃曙光，是個好長官"}, {"comment_author": "KANGTA23", "comment_date": ["04/17", "11:54"], "comment_content": "最會用假老二自*的辣個查某出手了？！"}, {"comment_author": "ivorysoap", "comment_date": ["04/17", "11:57"], "comment_content": "你是他的妹妹講的話沒有可信度"}, {"comment_author": "jumpdog5566", "comment_date": ["04/17", "11:58"], "comment_content": "小英女孩又在護航了......國蔥還是沒"}, {"comment_author": "hkcdc", "comment_date": ["04/17", "11:59"], "comment_content": "還有人不知道 其實賴贏 對她最好嗎"}, {"comment_author": "machiusheng", "comment_date": ["04/17", "12:01"], "comment_content": "67辣妹還是喜歡用真老二"}, {"comment_author": "sheep922420", "comment_date": ["04/17", "12:06"], "comment_content": "要進國會被電  敢快閃人"}, {"comment_author": "reason825", "comment_date": ["04/17", "12:07"], "comment_content": "民眾黨攻擊潛艦的有比較少？"}, {"comment_author": "ultraccs", "comment_date": ["04/17", "12:07"], "comment_content": "這東西 換人做可能就是整個構想要大洗"}, {"comment_author": "ultraccs", "comment_date": ["04/17", "12:07"], "comment_content": "牌 要更多錢跟時間了"}, {"comment_author": "greenbelt", "comment_date": ["04/17", "12:14"], "comment_content": "謊33好了啦"}, {"comment_author": "QooSnow", "comment_date": ["04/17", "12:14"], "comment_content": "哥布林派來的臥底閉嘴"}, {"comment_author": "pgcgo", "comment_date": ["04/17", "12:17"], "comment_content": "確實 畢竟這邊的收割失敗 從總統大選氣到"}, {"comment_author": "pgcgo", "comment_date": ["04/17", "12:17"], "comment_content": "現在 統神的頻道誰檢舉的很清楚了吧"}, {"comment_author": "bboring", "comment_date": ["04/17", "12:19"], "comment_content": "柯被33害慘 整個拖入水裡"}, {"comment_author": "ramirez", "comment_date": ["04/17", "12:23"], "comment_content": "塔綠班臥底"}, {"comment_author": "lemon81824", "comment_date": ["04/17", "12:24"], "comment_content": "綠共快點查，就不要查到最後是自己人"}, {"comment_author": "andy79323", "comment_date": ["04/17", "12:25"], "comment_content": "33本來就是藍皮綠骨"}, {"comment_author": "magiteemo", "comment_date": ["04/17", "12:26"], "comment_content": "誰叫你們要查我哥哥 護主有功"}, {"comment_author": "tn907915", "comment_date": ["04/17", "12:27"], "comment_content": "變色龍講的話反著看就對了"}, {"comment_author": "bodielu", "comment_date": ["04/17", "12:27"], "comment_content": "33立下大功勞"}, {"comment_author": "MikeyWill", "comment_date": ["04/17", "12:36"], "comment_content": "假民調 謊姍姍"}, {"comment_author": "s540421", "comment_date": ["04/17", "12:46"], "comment_content": "上面超整齊耶"}, {"comment_author": "memories66", "comment_date": ["04/17", "12:48"], "comment_content": "好多塔綠班喔"}, {"comment_author": "goldmouse", "comment_date": ["04/17", "12:51"], "comment_content": "33被一堆人當出氣筒"}, {"comment_author": "JUSTNONE", "comment_date": ["04/17", "12:55"], "comment_content": "有點腦的都知道快跑"}, {"comment_author": "s81048112", "comment_date": ["04/17", "13:09"], "comment_content": "藍白粉：......."}, {"comment_author": "jma306", "comment_date": ["04/17", "13:51"], "comment_content": "  在野黨委員  幫執政官員親屬護航"}, {"comment_author": "jma306", "comment_date": ["04/17", "13:51"], "comment_content": " 搞啥身分轉換??"}, {"comment_author": "jma306", "comment_date": ["04/17", "13:52"], "comment_content": "民意代表要知道自己身分 代表人民監督政府"}, {"comment_author": "jma306", "comment_date": ["04/17", "13:53"], "comment_content": " 公務重要還是親情重要"}, {"comment_author": "jma306", "comment_date": ["04/17", "13:53"], "comment_content": " 公私要分明"}, {"comment_author": "jma306", "comment_date": ["04/17", "13:57"], "comment_content": "況且潛艇的成敗  如果只有一台 問題有限"}, {"comment_author": "jma306", "comment_date": ["04/17", "13:57"], "comment_content": " 民進黨想一次做很多台  一起發包"}, {"comment_author": "jma306", "comment_date": ["04/17", "13:58"], "comment_content": " 若是失敗就是幾千億的超大坑"}, {"comment_author": "jma306", "comment_date": ["04/17", "13:58"], "comment_content": " 成敗責任就很大  不是臨時逃跑就可擺脫"}, {"comment_author": "jma306", "comment_date": ["04/17", "13:59"], "comment_content": " 用婦人之仁親情喊話 搞以私害公"}, {"comment_author": "jma306", "comment_date": ["04/17", "13:59"], "comment_content": " 就是不要臉"}, {"comment_author": "jma306", "comment_date": ["04/17", "14:00"], "comment_content": " 該被監督的  該有的責任  不能踢皮球"}, {"comment_author": "jma306", "comment_date": ["04/17", "14:01"], "comment_content": " 若是親情重要  可以退黨  請人遞補委員"}, {"comment_author": "ms0443001", "comment_date": ["04/17", "17:33"], "comment_content": "小綠黃 不意外"}, {"comment_author": "OLDBOY", "comment_date": ["04/17", "17:52"], "comment_content": "如果真高於個人和家庭利益，民眾黨立委不"}, {"comment_author": "OLDBOY", "comment_date": ["04/17", "17:52"], "comment_content": "應該將這種話"}]}
