{"author": "andy2011 (andy2011)", "category": "Gossiping", "title": "[新聞] 國小5年級隨堂考！「台灣5條河」難倒全網", "date": "Thu Apr 18 17:53:17 2024", "content": ["國小5年級隨堂考！「台灣5條河」難倒全網　一票愣住：真的很難編輯 王芊歷 報導 2024/04/18 11:03TVBS新聞", "「台灣5條河」一常識題難倒全網。（示意圖／shutterstock達志影像）一說到著名台灣河流，相信大部分人能夠脫口而出的，不是淡水河就是基隆河；一名網友近日表示，有一題國小的隨堂考，竟要求寫下5條台灣「名稱有河」的河流，不禁讓網友陷入疑惑，直言太難。一名網友昨（17）日上午透過臉書社團「匿名3公社」發文，提到就讀國小五年級的孩子，日前在課堂上進行的「生活常識類」隨堂測驗，題目為「寫出5條台灣『名稱有河』的河流」。因題目實在太難，網友接著指出，老師竟不給使用手機查資料的機會，「這會不會太嚴苛了呀？還好是不記分」。儘管這只是一道國小生的生活常識題，貼文一出仍難倒許多網友，「其實真的滿難的！台灣溪比河多太多」、「真的有難到」。不過，也有網友認為，務必了解和認識自己住的土地，不應該過度依賴科技，「手機是給方便不是隨便」。至於正確解答，根據電子期刊《川流不息的台灣溪河生態》資料顯示，台灣河流和溪均發源於中央山脈，並直流到太平洋，大大小小一共400多條，其中較廣為人知的河流則包括淡水河、基隆河、冬山河、宜蘭河、田寮河、三峽河、牛攔河與愛河等。--"], "post_comment": [{"comment_author": "rtoday", "comment_date": ["04/18", "17:54"], "comment_content": "北七，叫出題的背出台灣有幾個潭啊，幹"}, {"comment_author": "Deltak", "comment_date": ["04/18", "17:54"], "comment_content": "河好像有點難，溪比較容易"}, {"comment_author": "RainCityBoy", "comment_date": ["04/18", "17:55"], "comment_content": "淡水河 基隆河 田寮河 愛河"}, {"comment_author": "orz151426", "comment_date": ["04/18", "17:55"], "comment_content": "牛腩河，好像很好吃"}, {"comment_author": "TZUYIC", "comment_date": ["04/18", "17:55"], "comment_content": "這有什麼重要的，台灣就只會考這種東西= ="}, {"comment_author": "RainCityBoy", "comment_date": ["04/18", "17:55"], "comment_content": "我沒辦法，只能寫出四條"}, {"comment_author": "aszxcvn", "comment_date": ["04/18", "17:55"], "comment_content": "好難"}, {"comment_author": "Benetnasch", "comment_date": ["04/18", "17:55"], "comment_content": "我家門前有條河"}, {"comment_author": "railman", "comment_date": ["04/18", "17:55"], "comment_content": "中央山脈很長的"}, {"comment_author": "botnet", "comment_date": ["04/18", "17:55"], "comment_content": "溪比較容易吧"}, {"comment_author": "scott032", "comment_date": ["04/18", "17:56"], "comment_content": "尼羅河 亞馬遜河 密西西比河 長江"}, {"comment_author": "buike", "comment_date": ["04/18", "17:56"], "comment_content": "美麗（ㄌㄧˊ）什麼（ㄇㄛ˙）葡萄（ㄊㄠ"}, {"comment_author": "buike", "comment_date": ["04/18", "17:56"], "comment_content": "˙）教育部沒事找事擾民優先，最恥辱的部"}, {"comment_author": "botnet", "comment_date": ["04/18", "17:56"], "comment_content": "題目是台灣啦  樓上當掉"}, {"comment_author": "victoryman", "comment_date": ["04/18", "17:57"], "comment_content": "愛河 基隆河  不行了"}, {"comment_author": "jim543000", "comment_date": ["04/18", "17:57"], "comment_content": "很難嗎？"}, {"comment_author": "IRPT001", "comment_date": ["04/18", "17:57"], "comment_content": "會win"}, {"comment_author": "Iversonshao", "comment_date": ["04/18", "17:58"], "comment_content": "中和 永和 不適合"}, {"comment_author": "botnet", "comment_date": ["04/18", "17:58"], "comment_content": "淡水河 基隆河 宜蘭河 冬山河 愛河"}, {"comment_author": "magic833133", "comment_date": ["04/18", "17:58"], "comment_content": "蔣山河"}, {"comment_author": "Forcast", "comment_date": ["04/18", "17:58"], "comment_content": "沒幾條還要寫五條"}, {"comment_author": "uohZemllac", "comment_date": ["04/18", "17:58"], "comment_content": "中部是不是沒幾條以河為名的啊？我都"}, {"comment_author": "s9234032", "comment_date": ["04/18", "17:58"], "comment_content": "基隆 淡水  剩下不會ㄌ"}, {"comment_author": "uohZemllac", "comment_date": ["04/18", "17:58"], "comment_content": "想不到"}, {"comment_author": "memory1024", "comment_date": ["04/18", "17:59"], "comment_content": "淡水東山基隆愛河，我也只能想4條"}, {"comment_author": "Cha23Cha", "comment_date": ["04/18", "17:59"], "comment_content": "本土教育超失敗 笑死"}, {"comment_author": "EEzionT", "comment_date": ["04/18", "17:59"], "comment_content": "都出河是不是看不起南部人 除了愛河其他"}, {"comment_author": "EEzionT", "comment_date": ["04/18", "17:59"], "comment_content": "都是溪"}, {"comment_author": "NotUniqueSol", "comment_date": ["04/18", "18:00"], "comment_content": "謝金河 炒牛河"}, {"comment_author": "EEzionT", "comment_date": ["04/18", "18:00"], "comment_content": "溪隨便講也十條"}, {"comment_author": "botnet", "comment_date": ["04/18", "18:00"], "comment_content": "靠北 根本沒幾條河"}, {"comment_author": "vancepeng", "comment_date": ["04/18", "18:00"], "comment_content": "畢竟台灣沒啥好吹得=="}, {"comment_author": "piolet", "comment_date": ["04/18", "18:00"], "comment_content": "小學生知道自己故鄉的就不錯了"}, {"comment_author": "botnet", "comment_date": ["04/18", "18:00"], "comment_content": "白河 算嗎？"}, {"comment_author": "ErosAmour", "comment_date": ["04/18", "18:01"], "comment_content": "整天靠夭背中國大陸什麼山、什麼江河"}, {"comment_author": "ErosAmour", "comment_date": ["04/18", "18:01"], "comment_content": "、什麼鐵路都是沒碌用。結果教改20多"}, {"comment_author": "newsyho", "comment_date": ["04/18", "18:01"], "comment_content": "這不是超級簡單嗎？記者水準還是國民教"}, {"comment_author": "ErosAmour", "comment_date": ["04/18", "18:01"], "comment_content": "年了連台灣島有什麼地理環境還不知道"}, {"comment_author": "newsyho", "comment_date": ["04/18", "18:01"], "comment_content": "育失敗？"}, {"comment_author": "ErosAmour", "comment_date": ["04/18", "18:01"], "comment_content": "，果然愚民教育很成功。"}, {"comment_author": "Benetnasch", "comment_date": ["04/18", "18:01"], "comment_content": "我只知道超負河，2ㄏ2河"}, {"comment_author": "widec", "comment_date": ["04/18", "18:01"], "comment_content": "頗河"}, {"comment_author": "jim543000", "comment_date": ["04/18", "18:02"], "comment_content": "基隆河淡水河冬山河三峽河愛河 高中地"}, {"comment_author": "scott032", "comment_date": ["04/18", "18:02"], "comment_content": "地理平常用不到 只有考試需要"}, {"comment_author": "jim543000", "comment_date": ["04/18", "18:02"], "comment_content": "理沒怎麼讀的我都知道 現在學生到底"}, {"comment_author": "ErosAmour", "comment_date": ["04/18", "18:02"], "comment_content": "笑看底下說查chatgpt就好，背這個能賺"}, {"comment_author": "ErosAmour", "comment_date": ["04/18", "18:02"], "comment_content": "多少錢？"}, {"comment_author": "scott032", "comment_date": ["04/18", "18:02"], "comment_content": "背台灣中國美國是一樣沒用的"}, {"comment_author": "sooler", "comment_date": ["04/18", "18:02"], "comment_content": "ㄜ河"}, {"comment_author": "ralfeistein", "comment_date": ["04/18", "18:03"], "comment_content": "基隆河 淡水河 田寮河 冬山河 愛河"}, {"comment_author": "scott032", "comment_date": ["04/18", "18:03"], "comment_content": "背自己城市的路還比較有用"}, {"comment_author": "s81048112", "comment_date": ["04/18", "18:03"], "comment_content": "真的蠻難的..."}, {"comment_author": "louis82828", "comment_date": ["04/18", "18:03"], "comment_content": "基隆河 淡水河 宜蘭河 冬山河 第一時"}, {"comment_author": "louis82828", "comment_date": ["04/18", "18:04"], "comment_content": "間只想到這四個"}, {"comment_author": "arceus", "comment_date": ["04/18", "18:04"], "comment_content": "除了淡水河 其他根本都不重要也沒價值"}, {"comment_author": "tobbiam", "comment_date": ["04/18", "18:04"], "comment_content": "改成溪不好嗎 大甲溪 濁水溪 大肚溪 大安"}, {"comment_author": "tobbiam", "comment_date": ["04/18", "18:04"], "comment_content": "溪 新店溪"}, {"comment_author": "ssccg", "comment_date": ["04/18", "18:04"], "comment_content": "所以知道這個有什麼用? 老師自以為常識"}, {"comment_author": "FarkU", "comment_date": ["04/18", "18:05"], "comment_content": "牛欄河、田寮河，聽都沒聽過。"}, {"comment_author": "siloin", "comment_date": ["04/18", "18:05"], "comment_content": "國小社會真的已經瘋了 再怎麼瑣碎無聊的題"}, {"comment_author": "siloin", "comment_date": ["04/18", "18:05"], "comment_content": "目都出"}, {"comment_author": "andy79323", "comment_date": ["04/18", "18:05"], "comment_content": "以前國中基本題 教綱再亂改啊"}, {"comment_author": "ssccg", "comment_date": ["04/18", "18:05"], "comment_content": "現在哪個名稱是河還有實際價值嗎?"}, {"comment_author": "siloin", "comment_date": ["04/18", "18:06"], "comment_content": "不是老師要出 是社會課本就這鳥樣"}, {"comment_author": "ralfeistein", "comment_date": ["04/18", "18:06"], "comment_content": "田寮河就基隆港邊很臭的那條河流"}, {"comment_author": "ssccg", "comment_date": ["04/18", "18:06"], "comment_content": "知道自家用水是哪邊來的還比較有點用"}, {"comment_author": "coon182", "comment_date": ["04/18", "18:06"], "comment_content": "某樓三峽河小不拉機的地方河誰會知道啦"}, {"comment_author": "piolet", "comment_date": ["04/18", "18:07"], "comment_content": "牛欄河是新竹關西景點"}, {"comment_author": "liaon98", "comment_date": ["04/18", "18:07"], "comment_content": "河真的有點難欸 連我整天在google map雲"}, {"comment_author": "liaon98", "comment_date": ["04/18", "18:07"], "comment_content": "旅行的 一時間要想五條也不太行"}, {"comment_author": "dogdream", "comment_date": ["04/18", "18:07"], "comment_content": "我家巷口河"}, {"comment_author": "siloin", "comment_date": ["04/18", "18:07"], "comment_content": "小孩社會考了83分回來，我一看題目我還覺"}, {"comment_author": "siloin", "comment_date": ["04/18", "18:07"], "comment_content": "得他考很好了"}, {"comment_author": "ralfeistein", "comment_date": ["04/18", "18:07"], "comment_content": "三峽河原來是清水祖師廟前面那一條"}, {"comment_author": "mo0615", "comment_date": ["04/18", "18:07"], "comment_content": "果然是記者在小學裡找新聞"}, {"comment_author": "winterjoker", "comment_date": ["04/18", "18:08"], "comment_content": ""}, {"comment_author": "liaon98", "comment_date": ["04/18", "18:08"], "comment_content": "溪的話，十條我都背得出來，以前學校也有"}, {"comment_author": "mo0615", "comment_date": ["04/18", "18:08"], "comment_content": "一堆莫名其妙的考題當新聞"}, {"comment_author": "liaon98", "comment_date": ["04/18", "18:08"], "comment_content": "作業要填台灣的溪"}, {"comment_author": "Benetnasch", "comment_date": ["04/18", "18:08"], "comment_content": "重點是著名，基隆淡水我沒意見，濁水"}, {"comment_author": "Benetnasch", "comment_date": ["04/18", "18:08"], "comment_content": "溪高屏溪 為什麼只能限定在河？"}, {"comment_author": "g4zoco196", "comment_date": ["04/18", "18:08"], "comment_content": "溪很多 河有點難"}, {"comment_author": "wdouglas", "comment_date": ["04/18", "18:09"], "comment_content": "愛河算嗎"}, {"comment_author": "idolater", "comment_date": ["04/18", "18:09"], "comment_content": "是沒很重要，比長江黃河重要一點點"}, {"comment_author": "DREE", "comment_date": ["04/18", "18:10"], "comment_content": "以前考中國鐵路才難勒~~而且完全沒用~~"}, {"comment_author": "kamisanma", "comment_date": ["04/18", "18:10"], "comment_content": "都不出門當然很難"}, {"comment_author": "duo05182", "comment_date": ["04/18", "18:11"], "comment_content": "社會課本根本沒教這個吧"}, {"comment_author": "Benetnasch", "comment_date": ["04/18", "18:11"], "comment_content": "台灣地理的水文一定提到過"}, {"comment_author": "duo05182", "comment_date": ["04/18", "18:12"], "comment_content": "沒有 這應該單純只是趣味競賽而已"}, {"comment_author": "jim543000", "comment_date": ["04/18", "18:13"], "comment_content": "我桃園人 三峽不算什麼小不拉基的地方"}, {"comment_author": "jim543000", "comment_date": ["04/18", "18:13"], "comment_content": "吧？"}, {"comment_author": "duo05182", "comment_date": ["04/18", "18:14"], "comment_content": "要用手機才查的到 代表不是課本內容"}, {"comment_author": "new71050", "comment_date": ["04/18", "18:14"], "comment_content": "考四個堅持吧"}, {"comment_author": "duo05182", "comment_date": ["04/18", "18:14"], "comment_content": "不記分 代表只是好玩而已"}, {"comment_author": "duo05182", "comment_date": ["04/18", "18:15"], "comment_content": "所以這根本就是一個莫名其妙的新聞"}, {"comment_author": "your0207", "comment_date": ["04/18", "18:15"], "comment_content": "淡水基隆田寮旭川冬山"}, {"comment_author": "duo05182", "comment_date": ["04/18", "18:16"], "comment_content": "把老師上課補充的東西講成好像老師刁難"}, {"comment_author": "qaz12453", "comment_date": ["04/18", "18:17"], "comment_content": "乾脆出個現任總統老家有啥好了"}, {"comment_author": "your0207", "comment_date": ["04/18", "18:17"], "comment_content": "南榮河上班都會跨過，不過不有名就是"}, {"comment_author": "Leika", "comment_date": ["04/18", "18:17"], "comment_content": "有黨證的都未必能答對吧"}, {"comment_author": "your0207", "comment_date": ["04/18", "18:20"], "comment_content": "溪有枯水期當然不能叫河"}, {"comment_author": "NotOtaku", "comment_date": ["04/18", "18:20"], "comment_content": "無聊的題目，台灣原本就是溪河不分，濁"}, {"comment_author": "keita2277", "comment_date": ["04/18", "18:20"], "comment_content": "牛欄河有點難，我還比較知道下淡水溪"}, {"comment_author": "NotOtaku", "comment_date": ["04/18", "18:20"], "comment_content": "水大甲這麼大卻叫做溪，山峽冬山這麼小"}, {"comment_author": "NotOtaku", "comment_date": ["04/18", "18:20"], "comment_content": "卻叫做河"}, {"comment_author": "duo05182", "comment_date": ["04/18", "18:23"], "comment_content": "不要跟著記者起舞 這明明就不是考試"}, {"comment_author": "vltw5v", "comment_date": ["04/18", "18:23"], "comment_content": "靠腰 哪裡難？一堆人是多不關心自己住的地"}, {"comment_author": "vltw5v", "comment_date": ["04/18", "18:23"], "comment_content": "方"}, {"comment_author": "benben994", "comment_date": ["04/18", "18:24"], "comment_content": "乾炒牛河"}, {"comment_author": "duo05182", "comment_date": ["04/18", "18:24"], "comment_content": "都說不記分了 還在測驗個什麼東西"}, {"comment_author": "f544544f", "comment_date": ["04/18", "18:26"], "comment_content": "台南運河算嗎"}, {"comment_author": "keith780902", "comment_date": ["04/18", "18:29"], "comment_content": "淡水 宜蘭 冬山 基隆 只知道四個"}, {"comment_author": "grandwar", "comment_date": ["04/18", "18:31"], "comment_content": "文盲才覺得難吧，記者都文盲可憐喔"}, {"comment_author": "popm", "comment_date": ["04/18", "18:31"], "comment_content": "出這種題不就很厲害"}, {"comment_author": "cogitation", "comment_date": ["04/18", "18:32"], "comment_content": "老師我選C"}, {"comment_author": "Valevale", "comment_date": ["04/18", "18:32"], "comment_content": "還好吧就隨堂小測驗而已，測驗學生小範"}, {"comment_author": "Valevale", "comment_date": ["04/18", "18:32"], "comment_content": "圍知識的吸收程度所以會比較多這種瑣碎"}, {"comment_author": "Valevale", "comment_date": ["04/18", "18:32"], "comment_content": "問題啊"}, {"comment_author": "a840901", "comment_date": ["04/18", "18:33"], "comment_content": "大肚溪 濁水溪 高屏溪 淡水河 花蓮溪"}, {"comment_author": "grandwar", "comment_date": ["04/18", "18:33"], "comment_content": "啊就國小隨堂考是要多難？要是你娘何姓"}, {"comment_author": "grandwar", "comment_date": ["04/18", "18:33"], "comment_content": "，幹你娘是不是又要發一篇？"}, {"comment_author": "duo05182", "comment_date": ["04/18", "18:34"], "comment_content": "就不是測驗 不要再被騙了 不記分"}, {"comment_author": "duo05182", "comment_date": ["04/18", "18:34"], "comment_content": "不記分 不記分 不記分 不記分 不記分"}, {"comment_author": "linlett", "comment_date": ["04/18", "18:35"], "comment_content": "只知道四條 我好遜"}, {"comment_author": "amgn997", "comment_date": ["04/18", "18:37"], "comment_content": "醫院裡面有幾個停車位？"}, {"comment_author": "c642358", "comment_date": ["04/18", "18:37"], "comment_content": "暖浮屍漂漂河"}, {"comment_author": "kevin880214", "comment_date": ["04/18", "18:38"], "comment_content": "當下只想到淡水河和基隆河q"}, {"comment_author": "jerrylin", "comment_date": ["04/18", "18:38"], "comment_content": "答不出來又不會怎樣  隨堂測驗而已"}, {"comment_author": "JefferyChiu", "comment_date": ["04/18", "18:40"], "comment_content": "底格里斯河 幼發拉底河"}, {"comment_author": "HsiangMing", "comment_date": ["04/18", "18:42"], "comment_content": "台灣人認識台灣"}, {"comment_author": "weworld1984", "comment_date": ["04/18", "18:46"], "comment_content": "河有點難，河跟溪一起比較容易"}, {"comment_author": "coolrgin", "comment_date": ["04/18", "18:48"], "comment_content": "怎不考國父幾個老婆"}, {"comment_author": "meatmm", "comment_date": ["04/18", "18:50"], "comment_content": "認識有什麼河有什麼意義?以後投河方便嗎?"}, {"comment_author": "jasonshieh", "comment_date": ["04/18", "18:55"], "comment_content": "比較少反而比較好記啊，河最簡單的定"}, {"comment_author": "jasonshieh", "comment_date": ["04/18", "18:55"], "comment_content": "義就是可以行船，台灣的河就那幾條而"}, {"comment_author": "jasonshieh", "comment_date": ["04/18", "18:55"], "comment_content": "已"}, {"comment_author": "icloud8", "comment_date": ["04/18", "18:58"], "comment_content": "能問ai的東西 背三小 垃圾老師"}, {"comment_author": "leterg", "comment_date": ["04/18", "19:00"], "comment_content": "考溪河比較好寫，台灣喜歡用溪"}, {"comment_author": "AaronWang", "comment_date": ["04/18", "19:00"], "comment_content": "背這些有什麼屁用"}, {"comment_author": "leterg", "comment_date": ["04/18", "19:00"], "comment_content": "秀姑巒溪荖濃溪也都有船啊"}, {"comment_author": "love0819n", "comment_date": ["04/18", "19:01"], "comment_content": "背這些有什麼用浪費生命"}, {"comment_author": "garlin0127", "comment_date": ["04/18", "19:01"], "comment_content": "淡水河 基隆河 冬山河 愛河 極限了"}, {"comment_author": "jamessytba", "comment_date": ["04/18", "19:02"], "comment_content": "果然是隨堂考層級 有夠無聊的題目"}, {"comment_author": "Trika", "comment_date": ["04/18", "19:02"], "comment_content": "淡水河、基隆河、蘭陽溪、濁水溪高屏溪，"}, {"comment_author": "Trika", "comment_date": ["04/18", "19:02"], "comment_content": "這樣能算對嗎？"}, {"comment_author": "Trika", "comment_date": ["04/18", "19:04"], "comment_content": "大甲溪、秀姑巒溪偶爾也會在新聞上看到"}, {"comment_author": "Giornon", "comment_date": ["04/18", "19:06"], "comment_content": "冬山河基隆河淡水河愛河白河"}, {"comment_author": "nwkasim", "comment_date": ["04/18", "19:06"], "comment_content": "公司面試：請問台灣5條河是什麼？"}, {"comment_author": "iNicholas", "comment_date": ["04/18", "19:07"], "comment_content": "表示教改失敗"}, {"comment_author": "zeppelin510", "comment_date": ["04/18", "19:08"], "comment_content": "就只是把過去死背的方法放在台灣地理"}, {"comment_author": "zeppelin510", "comment_date": ["04/18", "19:08"], "comment_content": " 沒招"}, {"comment_author": "kaet", "comment_date": ["04/18", "19:10"], "comment_content": "溪很簡單 河太難了"}, {"comment_author": "a123zyx", "comment_date": ["04/18", "19:10"], "comment_content": "出題難又沒關係….網友承認自己國小不能"}, {"comment_author": "a123zyx", "comment_date": ["04/18", "19:10"], "comment_content": "考滿分很難？"}, {"comment_author": "xieren", "comment_date": ["04/18", "19:15"], "comment_content": "謝金河"}, {"comment_author": "babykings", "comment_date": ["04/18", "19:18"], "comment_content": "郭嘉門前有小河"}, {"comment_author": "mario2000", "comment_date": ["04/18", "19:19"], "comment_content": "考這要幹嘛.."}, {"comment_author": "loveapple33", "comment_date": ["04/18", "19:20"], "comment_content": "會這個愛河浮屍能就少一點嗎？"}, {"comment_author": "KYL0067", "comment_date": ["04/18", "19:20"], "comment_content": "阿公店溪"}, {"comment_author": "Automatic620", "comment_date": ["04/18", "19:21"], "comment_content": "呵呵"}, {"comment_author": "CTUST", "comment_date": ["04/18", "19:22"], "comment_content": "史地無腦科，谷歌或AI就行"}, {"comment_author": "frog20605", "comment_date": ["04/18", "19:22"], "comment_content": "話說為什麼濁水高屏大甲都是溪…淡水"}, {"comment_author": "frog20605", "comment_date": ["04/18", "19:23"], "comment_content": "基隆應該都比較小吧"}, {"comment_author": "purplebfly", "comment_date": ["04/18", "19:24"], "comment_content": "河沒有枯水期,溪流有"}, {"comment_author": "samhou6", "comment_date": ["04/18", "19:32"], "comment_content": "基隆河 淡水河 愛河"}, {"comment_author": "FirePopcorn", "comment_date": ["04/18", "19:33"], "comment_content": "溪溪"}, {"comment_author": "juncat", "comment_date": ["04/18", "19:36"], "comment_content": "老實說 去學自家跟學校周圍交通還比較有意"}, {"comment_author": "jay0215", "comment_date": ["04/18", "19:39"], "comment_content": "學這個又沒用"}, {"comment_author": "zeyoshi", "comment_date": ["04/18", "19:41"], "comment_content": "我家門前有小河"}, {"comment_author": "fantacliff", "comment_date": ["04/18", "19:44"], "comment_content": "一個懶趴小雞掰島 五條河也寫不出來，"}, {"comment_author": "fantacliff", "comment_date": ["04/18", "19:44"], "comment_content": "連自己家都不認得在那邊靠邀，可憐垃"}, {"comment_author": "fantacliff", "comment_date": ["04/18", "19:44"], "comment_content": "圾下賤政府統治下的低等賤民，給人家"}, {"comment_author": "fantacliff", "comment_date": ["04/18", "19:44"], "comment_content": "收回去好了啦 可撥"}, {"comment_author": "hotfeer", "comment_date": ["04/18", "19:47"], "comment_content": "為啥不考溪流南北排序考這種幹嘛XD"}, {"comment_author": "flydogzzz", "comment_date": ["04/18", "19:48"], "comment_content": "台灣有幾個坑"}, {"comment_author": "WuhanWinnie", "comment_date": ["04/18", "19:48"], "comment_content": "基隆河 淡水河 愛河 黃河 淮河  還"}, {"comment_author": "WuhanWinnie", "comment_date": ["04/18", "19:48"], "comment_content": "行"}, {"comment_author": "vokey", "comment_date": ["04/18", "19:52"], "comment_content": "台南運河"}, {"comment_author": "bbs0840738", "comment_date": ["04/18", "19:53"], "comment_content": "這種題目好沒意義 不就死背題而已"}, {"comment_author": "sheep79119", "comment_date": ["04/18", "19:55"], "comment_content": "蔣山河www"}, {"comment_author": "azcooper", "comment_date": ["04/18", "19:57"], "comment_content": "淡水河 基隆河 三峽河"}, {"comment_author": "azcooper", "comment_date": ["04/18", "19:58"], "comment_content": "黃河"}, {"comment_author": "nakaru", "comment_date": ["04/18", "19:58"], "comment_content": "頭前、中港、後龍、西湖、南勢、大甲、大"}, {"comment_author": "nakaru", "comment_date": ["04/18", "19:58"], "comment_content": "安、烏溪、濁水、八掌…"}, {"comment_author": "nakaru", "comment_date": ["04/18", "19:59"], "comment_content": "去你的一條河也沒有"}, {"comment_author": "nakaru", "comment_date": ["04/18", "20:00"], "comment_content": "炒牛河啦"}, {"comment_author": "azcooper", "comment_date": ["04/18", "20:01"], "comment_content": "塔里木河"}, {"comment_author": "snowangelic", "comment_date": ["04/18", "20:01"], "comment_content": "不是高屏溪嗎"}, {"comment_author": "SkySwimmer", "comment_date": ["04/18", "20:04"], "comment_content": "淡水河 基隆河 愛河    沒了"}, {"comment_author": "gin10791", "comment_date": ["04/18", "20:07"], "comment_content": "有手機工具不給用 比黑猩猩還蠢"}, {"comment_author": "gin10791", "comment_date": ["04/18", "20:08"], "comment_content": "果然是文組"}, {"comment_author": "garcia", "comment_date": ["04/18", "20:09"], "comment_content": "印度河 阿姆河 哈魯特河 法拉河 哈里河"}, {"comment_author": "whalefirst", "comment_date": ["04/18", "20:12"], "comment_content": "很好啊 以前老是背中國地理水文"}, {"comment_author": "digodi", "comment_date": ["04/18", "20:13"], "comment_content": "不背中國地理，台灣地理有比較強嗎"}, {"comment_author": "biofarlos", "comment_date": ["04/18", "20:15"], "comment_content": "謝金河"}, {"comment_author": "marke18", "comment_date": ["04/18", "20:20"], "comment_content": "河好難喔 想到的都是溪 “河”都在北部"}, {"comment_author": "dora314", "comment_date": ["04/18", "20:20"], "comment_content": "台南運河"}, {"comment_author": "marke18", "comment_date": ["04/18", "20:20"], "comment_content": "呢"}, {"comment_author": "questioner", "comment_date": ["04/18", "20:20"], "comment_content": "不是，這有什麼意義嗎？ 河跟溪有差？"}, {"comment_author": "marke18", "comment_date": ["04/18", "20:20"], "comment_content": "除了愛河"}, {"comment_author": "s6525480", "comment_date": ["04/18", "20:22"], "comment_content": "大安河 濁水河 高屏河"}, {"comment_author": "Derp", "comment_date": ["04/18", "20:23"], "comment_content": "太簡單了吧… 不愛台灣的人才答不出來"}, {"comment_author": "azeroth", "comment_date": ["04/18", "20:25"], "comment_content": "= =這有什麼難..."}, {"comment_author": "kilhi", "comment_date": ["04/18", "20:26"], "comment_content": "沒有水的河叫什麼"}, {"comment_author": "kilhi", "comment_date": ["04/18", "20:26"], "comment_content": "推謝金河"}, {"comment_author": "marke18", "comment_date": ["04/18", "20:29"], "comment_content": "白河是地名耶 XDDD"}, {"comment_author": "jhkujhku", "comment_date": ["04/18", "20:31"], "comment_content": "南方一般是叫江溪 河是北方再叫的 河原"}, {"comment_author": "jhkujhku", "comment_date": ["04/18", "20:31"], "comment_content": "意專指黃河"}, {"comment_author": "chain174", "comment_date": ["04/18", "20:41"], "comment_content": "第一，基隆跟淡水是同一條河"}, {"comment_author": "chain174", "comment_date": ["04/18", "20:41"], "comment_content": "第二，如果按照中國人的定義，只有淡水"}, {"comment_author": "bbagon", "comment_date": ["04/18", "20:42"], "comment_content": "愛河人挖的水溝也算？？"}, {"comment_author": "chain174", "comment_date": ["04/18", "20:42"], "comment_content": "河可以稱江河，所以背起來很有台灣價值"}, {"comment_author": "bizer", "comment_date": ["04/18", "20:51"], "comment_content": "我只記得基隆河"}, {"comment_author": "kakukangen", "comment_date": ["04/18", "20:52"], "comment_content": "曾文溪、濁水溪 溪還比較講得出來"}, {"comment_author": "reaturn", "comment_date": ["04/18", "20:58"], "comment_content": "什麼雞巴題目太簡單了吧"}, {"comment_author": "reaturn", "comment_date": ["04/18", "20:58"], "comment_content": "重看了一下，國小；恩 那就有難度了"}, {"comment_author": "q09701023", "comment_date": ["04/18", "21:07"], "comment_content": "但我覺得 要多個溪比較好一點"}, {"comment_author": "isawaghost", "comment_date": ["04/18", "21:09"], "comment_content": "水河底我在淡"}, {"comment_author": "amos30627", "comment_date": ["04/18", "21:14"], "comment_content": "河跟溪不一樣 沒想過為啥淡水河不叫淡"}, {"comment_author": "amos30627", "comment_date": ["04/18", "21:14"], "comment_content": "水溪嗎"}, {"comment_author": "kiopl", "comment_date": ["04/18", "21:14"], "comment_content": "不估狗我只能四條河..."}, {"comment_author": "RisingTackle", "comment_date": ["04/18", "21:23"], "comment_content": "臺灣最長的河川──濁水溪"}, {"comment_author": "RisingTackle", "comment_date": ["04/18", "21:23"], "comment_content": "愛河才12公里，講出來要搞笑的喔？"}, {"comment_author": "JoeGibsonJr", "comment_date": ["04/18", "21:25"], "comment_content": "愛河 基隆河 淡水河 冬山河 宜蘭河"}, {"comment_author": "JoeGibsonJr", "comment_date": ["04/18", "21:25"], "comment_content": "是有多難？"}, {"comment_author": "kkkshiny", "comment_date": ["04/18", "21:26"], "comment_content": ":"}, {"comment_author": "chungkai", "comment_date": ["04/18", "21:28"], "comment_content": "比賽有幾個人管第四名以後是誰?    無聊"}, {"comment_author": "ken1990710", "comment_date": ["04/18", "21:29"], "comment_content": "一堆沒讀書的連這都不知道"}, {"comment_author": "ken1990710", "comment_date": ["04/18", "21:29"], "comment_content": "小學生都不如"}, {"comment_author": "www8787", "comment_date": ["04/18", "21:33"], "comment_content": "沒常駐水源沒資格叫河R 台灣當然沒幾條河"}, {"comment_author": "medama", "comment_date": ["04/18", "21:34"], "comment_content": "台南運河"}, {"comment_author": "zChika", "comment_date": ["04/18", "21:34"], "comment_content": "某樓唬爛不打草稿 麗(ㄌㄧˊ)只用在地名"}, {"comment_author": "thera216", "comment_date": ["04/18", "21:35"], "comment_content": "背河的名字要幹嘛？要知道的是河流對人"}, {"comment_author": "thera216", "comment_date": ["04/18", "21:35"], "comment_content": "文地理的影響吧？"}, {"comment_author": "ODFans", "comment_date": ["04/18", "21:40"], "comment_content": "不google我也只能淡水河基隆河冬山河愛河"}, {"comment_author": "mich66032003", "comment_date": ["04/18", "21:43"], "comment_content": "乾炒牛"}, {"comment_author": "axi", "comment_date": ["04/18", "21:46"], "comment_content": "田寮河 基隆河 淡水河 冬山河 愛河"}, {"comment_author": "mayokonami", "comment_date": ["04/18", "21:47"], "comment_content": "淡水河 基隆河 冬山河 頂多講出這三"}, {"comment_author": "trenteric", "comment_date": ["04/18", "21:47"], "comment_content": "饒河 乾炒牛河 河河河河"}, {"comment_author": "chanollili", "comment_date": ["04/18", "21:49"], "comment_content": "毫無格局的教育"}, {"comment_author": "a7173661736", "comment_date": ["04/18", "21:51"], "comment_content": "溪我該不好還湊得出來 和是三小"}, {"comment_author": "beginomega", "comment_date": ["04/18", "21:53"], "comment_content": "基隆河，大漢溪，淡水河，濁水溪，大"}, {"comment_author": "beginomega", "comment_date": ["04/18", "21:53"], "comment_content": "豹溪。"}, {"comment_author": "peter5422000", "comment_date": ["04/18", "21:59"], "comment_content": "不是啊，如果上課有教寫不出來就是"}, {"comment_author": "peter5422000", "comment_date": ["04/18", "22:00"], "comment_content": "沒讀書而已吧"}, {"comment_author": "fcz973", "comment_date": ["04/18", "22:03"], "comment_content": "台灣教育邏輯考試就是從秦嶺太行山湘贛鐵"}, {"comment_author": "fcz973", "comment_date": ["04/18", "22:03"], "comment_content": "路到台灣有什麼河毫無營養"}, {"comment_author": "ytrewq0101", "comment_date": ["04/18", "22:07"], "comment_content": "一般來說，河流量穩定，溪流量不穩，"}, {"comment_author": "ytrewq0101", "comment_date": ["04/18", "22:07"], "comment_content": "所以先往北部想。不夠再補常見的小河"}, {"comment_author": "ytrewq0101", "comment_date": ["04/18", "22:07"], "comment_content": "流和例外，如愛河。"}, {"comment_author": "watermom5566", "comment_date": ["04/18", "22:10"], "comment_content": "仔細數，發現比較有名的都是溪"}, {"comment_author": "qjlutai", "comment_date": ["04/18", "22:12"], "comment_content": "乾炒牛河"}, {"comment_author": "qjlutai", "comment_date": ["04/18", "22:13"], "comment_content": "謝金河"}, {"comment_author": "denny0810", "comment_date": ["04/18", "22:30"], "comment_content": "不是還有台南運河嗎？"}, {"comment_author": "timke", "comment_date": ["04/18", "22:34"], "comment_content": "我常經過的就有三條了 宜蘭冬山二龍"}, {"comment_author": "chenjasen", "comment_date": ["04/18", "22:40"], "comment_content": "智障考題"}, {"comment_author": "esp0122", "comment_date": ["04/18", "22:53"], "comment_content": "學這個幹嘛 北七 who care ？"}, {"comment_author": "pro33342", "comment_date": ["04/18", "23:02"], "comment_content": "應該要背長江黃河珠江才對 民進黨去中"}, {"comment_author": "pro33342", "comment_date": ["04/18", "23:02"], "comment_content": "國化才會這樣"}, {"comment_author": "chunfo", "comment_date": ["04/18", "23:04"], "comment_content": "背這種拉基幹嘛"}, {"comment_author": "yaes111", "comment_date": ["04/18", "23:12"], "comment_content": "乾炒牛河"}, {"comment_author": "hooniya", "comment_date": ["04/18", "23:12"], "comment_content": "河跟溪的差別到底是什麼"}, {"comment_author": "SapiensChang", "comment_date": ["04/18", "23:15"], "comment_content": "這很簡單吧 基隆河淡水河 田寮河 愛"}, {"comment_author": "SapiensChang", "comment_date": ["04/18", "23:15"], "comment_content": "河 冬山河 旭川河 宜蘭河"}, {"comment_author": "loveandy58", "comment_date": ["04/18", "23:17"], "comment_content": "尼羅河"}, {"comment_author": "yangnana", "comment_date": ["04/18", "23:19"], "comment_content": "上有天河、銀河。下有冥河、忘川河。就"}, {"comment_author": "yangnana", "comment_date": ["04/18", "23:19"], "comment_content": "四個了。"}, {"comment_author": "orange0319", "comment_date": ["04/18", "23:31"], "comment_content": "淡頭安甲濁曾高卑秀花，結束"}, {"comment_author": "b00668880", "comment_date": ["04/18", "23:46"], "comment_content": "安平運河會給分嗎？"}, {"comment_author": "lovecatbaby", "comment_date": ["04/18", "23:46"], "comment_content": "愛河 淡水河 田寮河 冬山河 基隆河"}, {"comment_author": "ex990000", "comment_date": ["04/19", "00:04"], "comment_content": "河一堆 要說只有五條就完全是人為定義"}, {"comment_author": "ex990000", "comment_date": ["04/19", "00:04"], "comment_content": "這種爛題目有什麼意義？"}, {"comment_author": "g3sg1", "comment_date": ["04/19", "00:11"], "comment_content": "這幾條嚴格分類都很難算河吧"}, {"comment_author": "chysh", "comment_date": ["04/19", "00:13"], "comment_content": "所以能幹嘛？"}, {"comment_author": "CJhang", "comment_date": ["04/19", "00:16"], "comment_content": "基隆河 淡水河 愛河 冬山河"}, {"comment_author": "brolli", "comment_date": ["04/19", "01:06"], "comment_content": "考什麼是有實際價值的？講什麼廢話？"}, {"comment_author": "cloudpart2", "comment_date": ["04/19", "01:37"], "comment_content": "盒河"}, {"comment_author": "ch1ckenfoot", "comment_date": ["04/19", "02:03"], "comment_content": "淡水河 基隆河 冬山河 愛河"}, {"comment_author": "mnnraku", "comment_date": ["04/19", "02:04"], "comment_content": "我記得我國小時也有考過 座標鄉下 根本不"}, {"comment_author": "mnnraku", "comment_date": ["04/19", "02:04"], "comment_content": "覺得難"}, {"comment_author": "mntonmylife", "comment_date": ["04/19", "02:16"], "comment_content": "台灣有河?又髒又臭我以為都是排水溝"}, {"comment_author": "godchildtw", "comment_date": ["04/19", "02:30"], "comment_content": "淡水河 大安溪 大甲溪 濁水溪 曾文溪"}, {"comment_author": "godchildtw", "comment_date": ["04/19", "02:30"], "comment_content": "高屏溪 秀姑巒溪"}, {"comment_author": "luckymore", "comment_date": ["04/19", "06:41"], "comment_content": "這算輕鬆問答吧 上新聞是三小"}, {"comment_author": "herculex", "comment_date": ["04/19", "06:49"], "comment_content": "隨堂考這麼認真幹嘛，還寫新聞"}, {"comment_author": "Wenerrix", "comment_date": ["04/19", "07:10"], "comment_content": "謝金河"}, {"comment_author": "xxxvitamin", "comment_date": ["04/19", "07:16"], "comment_content": "我只知道五條悟"}, {"comment_author": "chifeng", "comment_date": ["04/19", "07:19"], "comment_content": "紫毅從胯下掏出一柄巨劍 揮向阿彬"}, {"comment_author": "p1227426", "comment_date": ["04/19", "07:24"], "comment_content": "浮屍最多的河 我大概知道"}, {"comment_author": "swjlsc", "comment_date": ["04/19", "07:26"], "comment_content": "河是人”可”直接度過 江是人要用”工”具"}, {"comment_author": "swjlsc", "comment_date": ["04/19", "07:26"], "comment_content": "渡河 古稱河指黃河 江是長江 秦嶺淮河是0"}, {"comment_author": "swjlsc", "comment_date": ["04/19", "07:26"], "comment_content": "度等溫線 以北會結冰 以南不會 藉此分別"}, {"comment_author": "swordmr20", "comment_date": ["04/19", "07:36"], "comment_content": "洪瑞河"}, {"comment_author": "triphop", "comment_date": ["04/19", "07:52"], "comment_content": "謝金河"}, {"comment_author": "aasd", "comment_date": ["04/19", "07:53"], "comment_content": "台灣五毒蛇"}, {"comment_author": "questionboy", "comment_date": ["04/19", "08:19"], "comment_content": "可以問蔡英文這題 看她知不知道 有沒"}, {"comment_author": "questionboy", "comment_date": ["04/19", "08:19"], "comment_content": "有台灣價值"}, {"comment_author": "miel", "comment_date": ["04/19", "09:23"], "comment_content": "只想得到四條"}, {"comment_author": "brkx", "comment_date": ["04/19", "10:06"], "comment_content": "然後前陣子還有爆文在哭說台灣不教中國史地"}, {"comment_author": "brkx", "comment_date": ["04/19", "10:06"], "comment_content": "，自己爸媽走了都不見得哭這麼大力了，低能"}, {"comment_author": "brkx", "comment_date": ["04/19", "10:06"], "comment_content": "兒清醒點，台灣史地都讀不好還要讀外國的？"}, {"comment_author": "iamyauyau", "comment_date": ["04/19", "11:06"], "comment_content": "廢物才寫不出5個"}]}
