{"author": "keel90135 (尼可)", "category": "Gossiping", "title": "[新聞] 英美幫以色列擋彈「厚此薄彼」！烏克蘭", "date": "Thu Apr 18 00:23:36 2024", "content": ["1.媒體來源:TVBS2.記者署名:記者 許岱軒 報導3.完整新聞標題:英美幫以色列擋彈「厚此薄彼」！烏克蘭自嘆如棄子4.完整新聞內文:伊朗攻擊以色列，美英法都出手幫忙攔截飛彈，這看在烏克蘭眼裡，很不是滋味。因為他們天天被俄軍空襲，飛彈西方沒有幫忙，自己的防空飛彈也快用完。烏克蘭總統澤倫斯基就質疑，以色列不是北約國家，各國出手幫忙防衛，但是給烏克蘭的武器卻很吝嗇。轟的一聲爆炸巨響，遠方火光沖天，民眾嚇得躲在牆角。周三早上烏克蘭北部城市「切爾尼戈夫」遭到俄軍空襲，一棟8層樓公寓被毀，造成13死18傷的慘劇。切爾尼戈夫州長Viacheslav Chaus：「切爾尼戈夫悲慘早晨，俄軍3枚飛彈擊中市中心。」烏克蘭水深火熱，反觀上個周末，伊朗空襲以色列本土，因為有美英法等盟友相助，攔截率99%損害輕微。對照週四俄軍飛彈、無人機空襲烏克蘭，烏軍靠自己攔截不到70%，這讓總統澤倫斯基心裡超不平衡，他接受美國PBS專訪大吐苦水。烏克蘭總統澤倫斯基：「以色列是北約成員嗎？答案很清楚。以色列不是北約成員。但是北約盟友、北約國家們，卻聯手防衛以色列。」澤倫斯基不懂，以色列又不是北約國家，為何西方國家願意防衛，卻連給烏克蘭武器都吝嗇。CNN主播：「澤倫斯基說得有理嗎？」政治分析師David Sanger：「很有道理啊，以色列又不是北約成員。答案就是，俄羅斯終究是核武國家，擔心俄對西方或北約動用核武。」專家要澤倫斯基認清國際現實。但烏克蘭哪能嚥下去，烏克蘭策略分析師「奧倫臣科」PO文寫道，伊朗襲擊當晚，看清楚自己在美國眼裡，從來就不是盟友，烏克蘭只是累贅，是不會自己收拾爛攤的麻煩者。字句充滿心寒和心痛。烏克蘭外交部長庫列巴：「敦促所有夥伴放膽(援助烏克蘭)。即便你們無法像保護以色列那樣，保護烏克蘭。給我們需要的武器，剩下就是我們的事。」烏克蘭外長話也很酸，而澤倫斯基把握機會對西方「良心喊話」，快給武器。烏克蘭總統澤倫斯基：「現代戰鬥機與防空系統的能力，在這次中東(伊朗襲以)，大家都看得很清楚。」美國拜登政府不是不給，只是追加預算案還卡在眾議院。眾院議長強生打算把援助烏克蘭、以色列、台灣分拆成不同的法案，拚本週五分開表決。美眾院議長強生(共和黨)：「恐怖分子、暴君、糟糕領袖環伺全球，像普欽與習近平、還有伊朗。他們都在看美國能否捍衛盟友。」強生自己面臨黨內逼宮，因為共和黨鬧內鬨，有人拒絕幫烏克蘭。美參議員范斯(共和黨)：「要聚焦核心問題，對美國來說，以色列遠比烏克蘭重要。」願意的人卻外加一堆但書。美參議員盧比歐(共和黨)：「其他人未必，但我個人會幫烏克蘭。但我也希望處理南方邊境(移民問題)。」美國前總統川普：「我們想把援烏方式改為貸款，而非無償贈與，已經送了數十億美元援助了。」華府政壇忙著算計角力，烏克蘭還在前線苦戰，烏克蘭東部距離巴赫姆特只有8公里的「查西夫雅爾」，俄軍兵臨城下，俄軍沿著南北兩條公路，不斷加大攻勢，如今已經打到「查西夫雅爾」西部郊外。烏軍總司令瑟爾斯基研判，俄軍打算在5月9日前攻下這座小鎮。烏克蘭總統澤倫斯基：「現在局勢如此，前線戰況必然艱辛，特別是在頓內次克方面，戰況越來越嚴峻。」面臨淪陷危機的，還有東北部的第二大城哈爾科夫，近來幾乎每一波俄軍空襲，哈爾科夫能源設施都有分，這座火力發電廠兩年來，遭遇六次飛彈襲擊。哈爾科夫電力公司執行副董事Ihor Orlovskyi：「我們花了一整年修復發電廠，重新併網運轉後才一周，再次毀於俄軍空襲。」供電吃緊，哈爾科夫開始限電，大家只好搬出發電機應急。哈爾科夫商家：「幸好有發電機應急，只能盡力維持正常營運。」只是都兩年了，咬牙苦撐能撐多久。軍事分析師Oleksandr Kovalenko：「目前來說，俄軍沒有足夠的兵力與裝備，無法整個吃下哈爾科夫，所以先(空襲)散播恐慌情緒。」專家認為就算俄軍現在無力吃下整個哈爾科夫，但厭戰情緒日積月累，恐怕拖垮烏克蘭的抵抗意志。5.完整新聞連結 (或短網址)不可用YAHOO、LINE、MSN等轉載媒體:", "6.備註:人家以色列是爸爸你烏克蘭是什麼?--"], "post_comment": [{"comment_author": "OPPAISuki", "comment_date": ["04/18", "00:25"], "comment_content": "韓國瑜先知 要當塞子不要當棋子"}, {"comment_author": "vwpassat", "comment_date": ["04/18", "00:25"], "comment_content": "RX-79（G），敖德薩反攻作戰！"}, {"comment_author": "z22771187", "comment_date": ["04/18", "00:25"], "comment_content": "所以要當塞子"}, {"comment_author": "junibookye", "comment_date": ["04/18", "00:25"], "comment_content": "伊朗比俄羅斯可怕，古老中國是這樣嗎"}, {"comment_author": "hotlatte", "comment_date": ["04/18", "00:26"], "comment_content": "智障 第一天從政嗎 白癡烏克蘭人民"}, {"comment_author": "Healine", "comment_date": ["04/18", "00:26"], "comment_content": "本來就沒義務幫你了 情勒三小"}, {"comment_author": "junibookye", "comment_date": ["04/18", "00:26"], "comment_content": "波斯 俄羅斯國，漢人，清朝如何評比"}, {"comment_author": "sunluna", "comment_date": ["04/18", "00:27"], "comment_content": "司機現在才發現嗎?"}, {"comment_author": "junibookye", "comment_date": ["04/18", "00:28"], "comment_content": "司機應該問中國吧"}, {"comment_author": "lkrichard", "comment_date": ["04/18", "00:28"], "comment_content": "如果烏克蘭輸了 以後是北約士兵自己打"}, {"comment_author": "soarling", "comment_date": ["04/18", "00:28"], "comment_content": "仁至義盡了好嗎"}, {"comment_author": "junibookye", "comment_date": ["04/18", "00:28"], "comment_content": "波斯VS 俄羅斯，中國支援誰"}, {"comment_author": "junibookye", "comment_date": ["04/18", "00:29"], "comment_content": "清朝都不是漢人了"}, {"comment_author": "jma306", "comment_date": ["04/18", "00:29"], "comment_content": "後知後覺"}, {"comment_author": "junibookye", "comment_date": ["04/18", "00:30"], "comment_content": "伊朗那個量，有贏過哈瑪斯嗎"}, {"comment_author": "jma306", "comment_date": ["04/18", "00:31"], "comment_content": "  別裝傻  澤連斯基也是猶太人"}, {"comment_author": "heyd", "comment_date": ["04/18", "00:31"], "comment_content": "自己的防空飛彈也是別人送的啊"}, {"comment_author": "Nevhir", "comment_date": ["04/18", "00:31"], "comment_content": "你怎會拿自己跟以色列比?你斯拉夫欸 = ="}, {"comment_author": "junibookye", "comment_date": ["04/18", "00:32"], "comment_content": "烏克蘭買美債救自由好了"}, {"comment_author": "junibookye", "comment_date": ["04/18", "00:33"], "comment_content": "農業烏克蘭不香嗎"}, {"comment_author": "NaoGaTsu", "comment_date": ["04/18", "00:34"], "comment_content": "都給多少了 講這種話真的不厚道"}, {"comment_author": "eko112", "comment_date": ["04/18", "00:36"], "comment_content": "這情勒仔 難怪越來越多人不想幫 XD"}, {"comment_author": "kevin05233", "comment_date": ["04/18", "00:38"], "comment_content": "你們有烏積電嗎？沒有嘛！！"}, {"comment_author": "kevin05233", "comment_date": ["04/18", "00:39"], "comment_content": "然後敢不敢說貪官貪了多少外援？"}, {"comment_author": "darkMood", "comment_date": ["04/18", "00:42"], "comment_content": "烏俄戰爭就是黑洞，投錢沒有意義了。"}, {"comment_author": "slimfat0202", "comment_date": ["04/18", "00:45"], "comment_content": "懶覺比雞腿，美國政商多少猶太鉅子，"}, {"comment_author": "slimfat0202", "comment_date": ["04/18", "00:45"], "comment_content": "你烏克蘭投入西方陣營才多久，有武器"}, {"comment_author": "slimfat0202", "comment_date": ["04/18", "00:45"], "comment_content": "打仗就不錯，是在牙齒痛？"}, {"comment_author": "AMDMARSHAL", "comment_date": ["04/18", "01:28"], "comment_content": "好了啦 自己選的"}, {"comment_author": "AMDMARSHAL", "comment_date": ["04/18", "01:29"], "comment_content": "跟俄羅斯同文同種還幻想美國會全力"}, {"comment_author": "AMDMARSHAL", "comment_date": ["04/18", "01:29"], "comment_content": "支援你喔 XDDDD"}, {"comment_author": "cklovework", "comment_date": ["04/18", "01:46"], "comment_content": "因為烏克蘭是斯拉夫人.."}, {"comment_author": "LMgogo", "comment_date": ["04/18", "06:47"], "comment_content": "韓國渝："}, {"comment_author": "Anvec", "comment_date": ["04/18", "07:09"], "comment_content": "不就早知道了"}, {"comment_author": "johnko64665", "comment_date": ["04/18", "07:27"], "comment_content": "烏克蘭又不敢譴責中國經濟援助俄羅"}, {"comment_author": "johnko64665", "comment_date": ["04/18", "07:28"], "comment_content": "斯"}, {"comment_author": "Howard61313", "comment_date": ["04/18", "07:43"], "comment_content": "30F司機反而跟猶太人同種吧，只差在"}, {"comment_author": "Howard61313", "comment_date": ["04/18", "07:43"], "comment_content": "不同文"}, {"comment_author": "ssisters", "comment_date": ["04/18", "08:12"], "comment_content": "為什麼一堆推文扯中國？ 中國有叫烏克"}, {"comment_author": "ssisters", "comment_date": ["04/18", "08:12"], "comment_content": "蘭加入北約嗎？"}, {"comment_author": "ssisters", "comment_date": ["04/18", "08:14"], "comment_content": "台灣到現在還在偷買俄羅斯天然氣 算不"}, {"comment_author": "ssisters", "comment_date": ["04/18", "08:14"], "comment_content": "算援俄？"}, {"comment_author": "jma306", "comment_date": ["04/18", "08:17"], "comment_content": " 澤連斯基沒想停戰和談"}, {"comment_author": "jma306", "comment_date": ["04/18", "08:17"], "comment_content": " 因為他開的條件  不是依據現實條件"}, {"comment_author": "jma306", "comment_date": ["04/18", "08:18"], "comment_content": " 搞得好像俄軍失敗的停戰條件"}, {"comment_author": "jma306", "comment_date": ["04/18", "08:18"], "comment_content": " 現實是烏克蘭比較慘"}, {"comment_author": "jma306", "comment_date": ["04/18", "08:19"], "comment_content": " 若不想停戰  共匪就完全沒著力點"}, {"comment_author": "jma306", "comment_date": ["04/18", "08:19"], "comment_content": " 只能看戲"}, {"comment_author": "jma306", "comment_date": ["04/18", "08:21"], "comment_content": " 烏克蘭也曾制裁中國某些公司"}, {"comment_author": "jma306", "comment_date": ["04/18", "08:22"], "comment_content": " 白癡烏克蘭  真惹毛共匪  大疆沒得買"}, {"comment_author": "jma306", "comment_date": ["04/18", "08:22"], "comment_content": " 就更吃屎了"}, {"comment_author": "ssccg", "comment_date": ["04/18", "14:11"], "comment_content": "北約盟友? 是猶太人兒子國"}]}
