{"author": "thelittleone (風真いろは大好き♡♥)", "category": "Gossiping", "title": "[新聞] 9組「大咖韓團」降落高雄開唱 上千粉絲", "date": "Fri Apr 12 22:42:18 2024", "content": ["9組「大咖韓團」降落高雄開唱 上千粉絲擠爆小港機場追星中時 翁紫曦KPOP高雄拼盤演唱會《GOLDEN WAVE in TAIWAN》即將在13日傍晚開演，邀來一共9組超強卡司，包含SEVENTEEN小分隊BSS（夫碩順）。12日提前抵台為演出做準備，超過破千人在小港機場等候。高雄小港機場12日整日被粉絲擠爆，一大早就有粉絲駐地等候，因其中幾個團體都是首次公開來台演出，例如ZEROBASEONE（ZB1）、&TEAM，皆是粉絲引頸期盼，千呼萬喚才等到的，團體成員也都在落地後揮手與粉絲打招呼。由韓國電視台JTBC旗下娛樂公司Studio JAMM舉辦的海外KPOP演唱會《GOLDEN WAVE》，睽違多年再迎接多組韓國當紅偶像同台盛況，參與組合演出者包含BSS、（G）I-DLE、ENHYPEN、STAYC、NMIXX，BOYNEXTDOOR、&TEAM、ZEROBASEONE，還有男歌手JD1，主持人則由演出韓劇《學校2021》、《警察課程》的演員秋英宇擔任。", "一次九組耶高雄也太幸福了吧--", "--"], "post_comment": [{"comment_author": "q1qaz2", "comment_date": ["04/12", "22:43"], "comment_content": "高雄起飛 柯韓粉崩潰"}, {"comment_author": "haha7456", "comment_date": ["04/12", "22:43"], "comment_content": "觀光城市就好好發展吧"}, {"comment_author": "milk250", "comment_date": ["04/12", "22:43"], "comment_content": "每日一問北漂仔什麼時候回去定居"}, {"comment_author": "addisonwu", "comment_date": ["04/12", "22:44"], "comment_content": "台北一個宇多田屌打全部"}, {"comment_author": "justice0616", "comment_date": ["04/12", "22:45"], "comment_content": "南部畜生：高雄好幸福"}, {"comment_author": "qaz12453", "comment_date": ["04/12", "22:45"], "comment_content": "超幸福der 北部人別羨慕"}, {"comment_author": "KagamiRaito", "comment_date": ["04/12", "22:46"], "comment_content": "誰啊 有比56有名嗎?"}, {"comment_author": "matico", "comment_date": ["04/12", "22:49"], "comment_content": "怎麼沒有baby monster"}, {"comment_author": "miliq", "comment_date": ["04/12", "22:49"], "comment_content": "G邁整天濫用行政資源開超低價場拜託來唱"}, {"comment_author": "OPPAISuki", "comment_date": ["04/12", "22:49"], "comment_content": "韓流好強 好羨慕 反觀台灣只剩啥?"}, {"comment_author": "mnxzq", "comment_date": ["04/12", "22:51"], "comment_content": "這麼多大咖 一定有收到場館費了吧"}, {"comment_author": "mos47", "comment_date": ["04/12", "23:01"], "comment_content": "演唱會之都"}, {"comment_author": "a606155123", "comment_date": ["04/12", "23:02"], "comment_content": "嘻嘻 暖男大撒幣 真的暖"}, {"comment_author": "Wolverin5566", "comment_date": ["04/12", "23:03"], "comment_content": "沒我婆iroha"}, {"comment_author": "doig", "comment_date": ["04/12", "23:05"], "comment_content": "暖，有演唱會看，被開錯刀、停電也甘之如飴"}, {"comment_author": "angelo98", "comment_date": ["04/12", "23:27"], "comment_content": "台灣no暖市"}, {"comment_author": "albert0526", "comment_date": ["04/12", "23:52"], "comment_content": "台灣還有偶像團體嗎？"}, {"comment_author": "a79102112", "comment_date": ["04/13", "00:03"], "comment_content": "一堆韓國垃圾加起來也不夠0.3個宇多田"}, {"comment_author": "a79102112", "comment_date": ["04/13", "00:03"], "comment_content": "打 嘻嘻"}, {"comment_author": "t95912", "comment_date": ["04/13", "00:24"], "comment_content": "現在還有年輕人知道宇多田？"}, {"comment_author": "madduxH", "comment_date": ["04/13", "05:50"], "comment_content": "宇多田光？就first love 好聽，其餘還好"}, {"comment_author": "madduxH", "comment_date": ["04/13", "05:50"], "comment_content": "....改天邁邁不講武德起來，把smap 重新"}, {"comment_author": "madduxH", "comment_date": ["04/13", "05:50"], "comment_content": "組合起來叫來開演唱會讓5,6,7年代的人爽"}, {"comment_author": "madduxH", "comment_date": ["04/13", "05:50"], "comment_content": "爆"}, {"comment_author": "cry102836", "comment_date": ["04/13", "11:44"], "comment_content": "中央支持隨便花"}, {"comment_author": "AllenHuang", "comment_date": ["04/13", "11:45"], "comment_content": "高雄起飛"}]}
