{"author": "JinCheng5566 (金城五洗髮精)", "category": "Gossiping", "title": "[新聞] 失控淚崩是演的？徐巧芯：生理期來情緒激動", "date": "Mon Apr 15 22:06:16 2024", "content": ["15:45 2024/04/15 中時 張薷", "國民黨立委徐巧芯。（本報資料照片）", "崩潰爆哭遭綠酸「演很大」　徐巧芯曝「落淚原因」國民黨立委徐巧芯的大姑和其丈夫，日前被查獲涉嫌洗錢詐騙案遭收押禁見，徐巧芯被指涉嫌知情包庇，昨天則哭倒在國民黨立法院黨團總召傅崐萁身上。對此，徐巧芯強調，整件事情莫名其妙，到底關她什麼事。她的立場就是大義滅親，如果親人真有犯法，就是該抓、該關。徐巧芯表示，她今天心情蠻好的，想來想去到底關她什麼事，難怪現在台灣結婚率低，什麼時候連大姑及大姑的先生在外面做的事情，演變成媳婦要負責，整件事情莫名其妙。她對於詐騙案的要求，一向是從嚴處理，絕不寬貸姑息，她的態度非常清楚。", "這件事要徐巧芯與徐巧芯的先生負責，能接受嗎？昨天覺得有點委屈，覺得關自己什麼事，造成親生母親誤會，相當無奈，現在許多人想為此對她做政治攻擊，歡迎繼續，但不要傷害無關公司。徐巧芯說，林于倫是民進黨員，捐款給民進黨立委吳沛憶，她大姑的先生是陳柏惟的極端支持者，大姑除支持她，每次大選支持的對象都是總統蔡英文、總統當選人賴清德，按照民進黨立委黃捷的說法，因為得到詐騙犯的支持就要下台，請問蔡總統、賴清德、吳沛憶要不要下台。徐巧芯認為，要把不相關的關係連在一起，最起碼要有一個底線，含沙射影也要有邏輯。如果連最基本的邏輯都沒有，就會變成迴力鏢，這件事情本來是要打她，結果打到的是民進黨自己人。徐巧芯強調，「我看起來像是白癡嗎，這幾個人都綠成那樣，我去跟他們從事詐騙，是嫌自己死的不夠早嗎，他們可能還很怕被我舉報吧」，如果早知道林于倫等人涉案，一定比檢察官還早去舉報，消滅幾個塔綠班何樂不為，她會大義滅親，該關就關。", "，是因為造成家人的誤解，是真性情，哭也不是第一次了，有好好檢討，", "，牽扯兩邊的家庭，自己哭點低也不是第一次，下次遇到事情，還是會哭，會繼續做自己。", "--難怪會哭倒在國民黨病毒懷裡0.0--"], "post_comment": [{"comment_author": "kent", "comment_date": ["04/15", "22:06"], "comment_content": "人妻激動到撲到別的男人懷裡"}, {"comment_author": "Leo4891", "comment_date": ["04/15", "22:06"], "comment_content": "原來哭哭是因為經痛啦"}, {"comment_author": "darkbrigher", "comment_date": ["04/15", "22:07"], "comment_content": "生理期來會撲到病毒懷裡"}, {"comment_author": "TMDkid", "comment_date": ["04/15", "22:07"], "comment_content": "芯公13萬 有什麼好哭的"}, {"comment_author": "Monchestnut", "comment_date": ["04/15", "22:08"], "comment_content": "松信的選擇 讚"}, {"comment_author": "ah937609", "comment_date": ["04/15", "22:08"], "comment_content": "羨慕 傅"}, {"comment_author": "Su22", "comment_date": ["04/15", "22:08"], "comment_content": "MC"}, {"comment_author": "angelo98", "comment_date": ["04/15", "22:08"], "comment_content": "哦"}, {"comment_author": "Ithilloth", "comment_date": ["04/15", "22:09"], "comment_content": "她老公在旁邊耶"}, {"comment_author": "hitomi47", "comment_date": ["04/15", "22:10"], "comment_content": "浮氣"}, {"comment_author": "kurtsgm", "comment_date": ["04/15", "22:10"], "comment_content": "支持者比姊夫來的親 學到了"}, {"comment_author": "snowrain", "comment_date": ["04/15", "22:13"], "comment_content": "你都能抹黑攻擊她了 她不能哭嗎？笑死耶"}, {"comment_author": "badbadook", "comment_date": ["04/15", "22:19"], "comment_content": "哭哭"}, {"comment_author": "kevin31a2", "comment_date": ["04/15", "22:22"], "comment_content": "這貨怎麼還在？"}, {"comment_author": "sausalito", "comment_date": ["04/15", "22:33"], "comment_content": "八卦女神"}, {"comment_author": "supreme123", "comment_date": ["04/15", "22:36"], "comment_content": "藍趴繼續扯54088、陳致中來救援"}, {"comment_author": "hhnhhnhhn", "comment_date": ["04/15", "22:45"], "comment_content": "傅是緩解生理期的病毒嗎！"}, {"comment_author": "s81048112", "comment_date": ["04/15", "22:54"], "comment_content": "這就是藍白粉護航的咖XD"}, {"comment_author": "salvador1988", "comment_date": ["04/15", "22:57"], "comment_content": "旁邊的老公才該激動吧…"}, {"comment_author": "scott0104", "comment_date": ["04/15", "23:13"], "comment_content": "18樓怎麼那麼關注大臉立委啊！你根本9"}, {"comment_author": "scott0104", "comment_date": ["04/15", "23:13"], "comment_content": "00芯粉吧"}, {"comment_author": "jho", "comment_date": ["04/15", "23:17"], "comment_content": "大姑洗錢 大姨媽又來"}, {"comment_author": "tksq", "comment_date": ["04/15", "23:44"], "comment_content": "老公真可憐，去別人懷裡，哈哈哈"}, {"comment_author": "kgb581", "comment_date": ["04/16", "00:06"], "comment_content": "生理期 卵子也是挺綠的"}, {"comment_author": "wchwc", "comment_date": ["04/16", "00:18"], "comment_content": "？"}, {"comment_author": "wjes30325", "comment_date": ["04/16", "00:25"], "comment_content": "碧血洗銀槍"}, {"comment_author": "ipipi304", "comment_date": ["04/16", "02:02"], "comment_content": "八卦女神美鳳姐"}, {"comment_author": "sellgd", "comment_date": ["04/16", "04:33"], "comment_content": ""}, {"comment_author": "reigon1126", "comment_date": ["04/16", "10:25"], "comment_content": "這個哭值得一個小金人嗎"}, {"comment_author": "vizjeco", "comment_date": ["04/16", "11:27"], "comment_content": "八卦女神 徐美鳳"}]}
