{"author": "ashin0709 ()", "category": "Gossiping", "title": "[新聞] 五月天捐3台救護車給高雄 陳其邁感謝:希", "date": "Mon Apr 15 02:22:39 2024", "content": ["五月天捐3台救護車給高雄 陳其邁感謝:希望再回高雄〔記者葛祐豪／高雄報導〕天團五月天3月底在高雄世運主場館連辦5場巡迴演唱會，吸引超過20幾萬粉絲，高雄市長陳其邁今晚透過臉書，感謝低調行善的五月天捐贈3台救護車給高雄，希望他們再回高雄！陳其邁表示，五月天演唱會雖然結束，但帶來的正能量還在延續，有五月天的陪伴，都是最好的一天。陳其邁說，今年3月底在高雄世運主場館舉辦的五月天「5525回到那一天」巡迴演唱會，精彩演出令人難忘；五月天熱心公益，不僅用歌聲撫慰人心，還化為實際行動，慷慨捐出3台救護車給高雄，價值約1650萬。「我們都愛五月天，歡迎也希望五月天一定要再回高雄！」陳其邁代替歌迷喊出大家的心聲，也感謝五月天的愛心。其實五月天經常低調行善，2018年8月捐贈5輛復康巴士給桃園市政府；2020年1月透過「相信音樂」，捐贈10輛福斯7人座車款給新北市政府；2014年8月1日高雄氣爆，亦捐出1500萬給高雄市社會救助金專戶。高雄市文化局日前透露，今年下半年世運主場館還有演唱會，消息一出，「五迷」紛紛期盼是五月天的跨年演唱會。", "-----Sent from JPTT on my iPhone--"], "post_comment": [{"comment_author": "Dinenger", "comment_date": ["04/15", "02:23"], "comment_content": "畢竟割了那麼多次演唱會韭菜"}, {"comment_author": "Carters1109", "comment_date": ["04/15", "02:24"], "comment_content": "送助聽器會不會比較適合？"}, {"comment_author": "GSHARP", "comment_date": ["04/15", "02:24"], "comment_content": "感謝五迷"}, {"comment_author": "kmuntu", "comment_date": ["04/15", "02:26"], "comment_content": "五月天讚讚！我錢花得很值得"}, {"comment_author": "timtingting", "comment_date": ["04/15", "02:30"], "comment_content": "公益推"}, {"comment_author": "greenwood", "comment_date": ["04/15", "02:31"], "comment_content": "覺青五毛天已經到喉嚨了 又吞回去"}, {"comment_author": "gary60419", "comment_date": ["04/15", "02:34"], "comment_content": "破音王"}, {"comment_author": "buyala", "comment_date": ["04/15", "02:35"], "comment_content": "捐救生圈比較有用吧（？"}, {"comment_author": "Mesa5566", "comment_date": ["04/15", "02:48"], "comment_content": "救護車好像不少人排隊捐"}, {"comment_author": "kuso2005", "comment_date": ["04/15", "08:06"], "comment_content": "捐救護車非常實用啊 推"}, {"comment_author": "llh117", "comment_date": ["04/15", "08:49"], "comment_content": "捐救護車要排隊的,五月天應該是插隊-可恥"}, {"comment_author": "q1qaz2", "comment_date": ["04/15", "09:53"], "comment_content": "柯韓粉崩潰"}, {"comment_author": "ffaatt", "comment_date": ["04/15", "12:12"], "comment_content": "捐手扶梯比較實在"}, {"comment_author": "inderal", "comment_date": ["04/15", "19:31"], "comment_content": "拜登總統說：我連給陳其邁提鞋資格都沒"}, {"comment_author": "azure", "comment_date": ["04/15", "22:06"], "comment_content": "沒叫五月天捐錢修動物園算客氣了"}]}
