{"author": "martin110287 (廢文權威)", "category": "Gossiping", "title": "[新聞] 錄取率16.91%！台鐵徵4類職缺756人上", "date": "Fri Apr 12 19:04:24 2024", "content": ["聯合報／ 記者周湘芸／台北即時報導3.完整新聞標題:", "錄取率16.91%！台鐵徵4類職缺756人上榜 起薪3.3萬元起4.完整新聞內文:", "規台鐵公司2024年從業人員甄試正取、備取名單於今天下午2時於甄試網站（", "13.twrecruit.com.tw/ ）及台鐵公司官網同步公告，此次甄試各類科正取人數756人、備取722人，起薪3萬3000元至4萬2000元，平均錄取率依筆試到考人數計算約16.91%。台鐵公司表示，此次甄試各類科正取人數756人、備取722人，助理管理師、助理工程師共計15個類科，正取53名，備取59人；事務員、技術員共計9個類科，正取35名，備取57人；助理事務員、助理站務員、助理技術員共計12個類科，正取386名，備取297人；服務員共計11個類科，正取282名，備取309人。台鐵公司說，此次甄試錄取助理管理師、助理工程師月薪（起薪）約4萬2000元；事務員、技術員月薪（起薪）約3萬9000元；助理事務員、助理站務員、助理技術員月薪（起薪）約3萬6000元；服務員月薪（起薪）約3萬3000元。台鐵公司表示，正取錄取人員分別於4月30日及5月20日分2梯次辦理報到，報到地點及程序由台鐵公司以掛號信件通知。未依規定時間報到者，即喪失錄取資格，由備取人員替補。因依法服兵役或天災、事變等不可抗力事由，無法依通知時間、地點報到者，應檢具足資證明文件逕向各分發單位申請延後報到。5.完整新聞連結 (或短網址)不可用YAHOO、LINE、MSN等轉載媒體:", "6.備註:", "請?", "最廢的國營企業？--"], "post_comment": [{"comment_author": "cs09312", "comment_date": ["04/12", "19:04"], "comment_content": "3萬還要搶 笑死人"}, {"comment_author": "hiphopmei", "comment_date": ["04/12", "19:04"], "comment_content": "3.3萬 笑死"}, {"comment_author": "JAvLEMcGeE", "comment_date": ["04/12", "19:04"], "comment_content": "已經公司化了"}, {"comment_author": "takechance", "comment_date": ["04/12", "19:05"], "comment_content": ""}, {"comment_author": "he00504616", "comment_date": ["04/12", "19:05"], "comment_content": "底薪4萬一年16個月 就有人去了"}, {"comment_author": "ghgn", "comment_date": ["04/12", "19:05"], "comment_content": "3.3萬幹嘛不去搖飲料=="}, {"comment_author": "cbj1992a", "comment_date": ["04/12", "19:05"], "comment_content": "好慘，比超商打工的猴子還少"}, {"comment_author": "XDDXDD", "comment_date": ["04/12", "19:05"], "comment_content": "不是民營化惹嗎? 聽說福利條件更爛惹QQ"}, {"comment_author": "jil", "comment_date": ["04/12", "19:05"], "comment_content": "已經不是公職了 去旁邊吧"}, {"comment_author": "Alphaz", "comment_date": ["04/12", "19:06"], "comment_content": "3.3萬能幹嘛？！？難怪一堆做詐騙"}, {"comment_author": "jil", "comment_date": ["04/12", "19:06"], "comment_content": "根本找不到去的理由"}, {"comment_author": "XDDXDD", "comment_date": ["04/12", "19:06"], "comment_content": "加班輪班輪到死嗎? 3.3餵狗嗎~XD"}, {"comment_author": "ianlin1216", "comment_date": ["04/12", "19:07"], "comment_content": "3.3萬叫賴清德自己下來做啦"}, {"comment_author": "sean477", "comment_date": ["04/12", "19:07"], "comment_content": "外送都不止了吧"}, {"comment_author": "tonyxfg", "comment_date": ["04/12", "19:07"], "comment_content": "是公司化不是民營化，不過福利的確更爛了"}, {"comment_author": "tonyxfg", "comment_date": ["04/12", "19:07"], "comment_content": "，而且公司化後新進人員基本沒什麼調薪"}, {"comment_author": "Hoshan", "comment_date": ["04/12", "19:07"], "comment_content": "做功德"}, {"comment_author": "tonyxfg", "comment_date": ["04/12", "19:07"], "comment_content": "空間，薪水沒調多少就到頂了"}, {"comment_author": "polestar0505", "comment_date": ["04/12", "19:10"], "comment_content": "做功德"}, {"comment_author": "St3480", "comment_date": ["04/12", "19:11"], "comment_content": "有史以來經濟最好 3.3萬薪水要搶破頭"}, {"comment_author": "railman", "comment_date": ["04/12", "19:12"], "comment_content": "人家是為了理想"}, {"comment_author": "mokumi", "comment_date": ["04/12", "19:18"], "comment_content": "適合年輕人吧 暫時找不到工作頂一下 待一"}, {"comment_author": "mokumi", "comment_date": ["04/12", "19:19"], "comment_content": "下就跑 履歷上寫台鐵公司應該還是比搖飲"}, {"comment_author": "mokumi", "comment_date": ["04/12", "19:19"], "comment_content": "料看起來漂亮一點（應該？）"}, {"comment_author": "SamuelLuo", "comment_date": ["04/12", "19:22"], "comment_content": "好慘的薪水，乾脆去超商比較賺"}, {"comment_author": "SamuelLuo", "comment_date": ["04/12", "19:23"], "comment_content": "或者隨便上網找打工，手腳健全都能賺"}, {"comment_author": "SamuelLuo", "comment_date": ["04/12", "19:24"], "comment_content": "台鐵公司服務員不一定比超商員工好"}, {"comment_author": "zeroBB", "comment_date": ["04/12", "19:30"], "comment_content": "打工放不太上履歷吧。"}, {"comment_author": "Ron51320", "comment_date": ["04/12", "19:34"], "comment_content": "台鐵那麼常出事，徵低薪進去背鍋嗎？"}, {"comment_author": "fufufugogogo", "comment_date": ["04/12", "19:37"], "comment_content": "除了鐵道迷 都是去過水的"}, {"comment_author": "badname", "comment_date": ["04/12", "19:40"], "comment_content": "之後退休的出來開公司，開始包下維護工程"}, {"comment_author": "badname", "comment_date": ["04/12", "19:40"], "comment_content": "，賺！"}, {"comment_author": "Karrigan777", "comment_date": ["04/12", "20:33"], "comment_content": "不如做詐騙"}, {"comment_author": "ashlikewing", "comment_date": ["04/12", "20:35"], "comment_content": "3.3？？？？"}, {"comment_author": "KKB", "comment_date": ["04/12", "21:14"], "comment_content": "3.3萬還要放棄各種節日 跟一直輪班 有夠慘"}, {"comment_author": "dovepacket", "comment_date": ["04/12", "21:14"], "comment_content": "16%  隨便考都上"}, {"comment_author": "honlan", "comment_date": ["04/12", "21:25"], "comment_content": "3.3萬….準備餓死"}, {"comment_author": "bigpan", "comment_date": ["04/14", "18:06"], "comment_content": "這種薪水還要考 又要人做功德輪班"}, {"comment_author": "aocboy", "comment_date": ["04/16", "12:24"], "comment_content": "這756人的智商…."}]}
