{"author": "t74159630 (黑貓宅急便)", "category": "Gossiping", "title": "[新聞] 淡水山區泡棉工廠火警　毒災隊已前往！", "date": "Thu Apr 18 23:08:36 2024", "content": ["淡水山區泡棉工廠火警　毒災隊已前往！淡水、三芝地區「請緊閉門窗」22:432024/04/18中時新聞網 黃仲瑜新北市淡水區小中寮山區的一間泡棉工廠，今天晚間10時許，3樓高的鐵皮建物，3樓發生火警，消防隊接獲報案立即派遣多個分隊前往，而轄區淡水分隊在遠處就發現明顯火光，就立即呼叫支援，目前已派遣多個分隊前往救援中。據了解，這間位於淡水山區的泡棉工廠，工廠內有很多化學藥劑，現場火勢蔓延的很快，新北市環保局毒災隊獲報，也立即出動多人前往，工廠內部很多化學原料，有可能會要爆炸的可能性，消防隊也不敢輕忽，至於內部有無人員受傷受困，還有待確認中。消防隊提請淡水、三芝地區民眾如果有聞到火警燃燒的味道，請立即關閉門窗，以免吸入有毒物質，請民眾多加注意。", "備註難怪我家附近一堆消防車--Sent from my iPhone 13", "PiTT", "--", "--"], "post_comment": [{"comment_author": "s81048112", "comment_date": ["04/18", "23:11"], "comment_content": "泡棉  好像會很快燒開..."}, {"comment_author": "powerggyy", "comment_date": ["04/18", "23:12"], "comment_content": "消防人員又有的忙了 辛苦了"}, {"comment_author": "SiRoRen", "comment_date": ["04/18", "23:13"], "comment_content": "外面超多消防車經過"}, {"comment_author": "EminemK", "comment_date": ["04/18", "23:14"], "comment_content": "一直聽到消防車經過的聲音 +1"}, {"comment_author": "AustinRivers", "comment_date": ["04/18", "23:16"], "comment_content": "新北怎麼了"}, {"comment_author": "yesonline", "comment_date": ["04/18", "23:21"], "comment_content": "靖嘉實業有限公司"}, {"comment_author": "GiantChicken", "comment_date": ["04/18", "23:22"], "comment_content": "泡棉 這種的燒起來超難處理"}, {"comment_author": "Armour13", "comment_date": ["04/18", "23:30"], "comment_content": "超多救護車"}, {"comment_author": "Armour13", "comment_date": ["04/18", "23:30"], "comment_content": "消防車才對"}, {"comment_author": "a55770", "comment_date": ["04/18", "23:35"], "comment_content": "超多，ㄧ直警笛聲，需要支援"}, {"comment_author": "Kottbullar", "comment_date": ["04/19", "00:20"], "comment_content": "可憐新北"}]}
