{"author": "LoveMakeLove (台灣加油!)", "category": "Gossiping", "title": "[新聞]田馥甄公開撕「客家人小氣」標籤 讚金曲歌", "date": "Sun Apr 14 12:56:08 2024", "content": ["1.媒體來源:自由時報2.記者署名:陳慧玲3.完整新聞標題:田馥甄公開撕「客家人小氣」標籤 讚金曲歌王「如此大方」4.完整新聞內文:2024/04/13 22:13", "田馥甄壓軸獻唱，希望台灣歷經大地震之後能有多一些幸運。（客委會提供）〔記者陳慧玲／台北報導〕", "今（13）晚在台北流行音樂中心「H3 RIZZ UP」演唱會上壓軸獻唱，感性說：「愛唱歌的我，唱著唱著竟然有機會唱上客家舞台，身為純正客家人，我是", "，但我有點慚愧，沒有發行或唱過真正的客家歌。」今晚她特別練唱客家歌曲，也說要幫客家人撕掉刻版標籤。今晚田馥甄一登台就獻唱《Love》，另外還唱《花花世界》，她在台上拉裙子轉圈，引起粉絲尖叫，她笑說 ：「那就多轉幾圈。」田馥甄先用客語自我介紹並問候大家，接著再用中文談話，提到這次主辦單位客委會希望傳達客家文化，傳達愛和尊重，因此她第一首歌就唱《LOVE》，並說：「這次演唱重點除了愛別人也要時時愛自己，希望每個人像花一樣綻放。」另外田馥甄也演唱金曲歌后唱彭佳慧為《茶金》唱的客語插曲《詩的第一行》，在台上特別感謝金曲歌王羅文裕，談到：「這次唱這首歌需要重新編曲，需要授權，羅文裕老師很大方的同意，還說不用授權費，知道我要唱客語歌，樂見其成很挺我，真的很暖心。」田馥甄也分享，羅文裕親自錄語音，「一字一句教我唱得精準，我第一次唱（客語歌）很緊張，也很暖心。」身為客家人，田馥甄說：「早期很多人對客家人有刻版印象，說勤儉持家，其實是覺得比較小氣，但我要", "，像羅文裕老師是如此大方，還有", "而已。」最後在演唱《小幸運》之前，田馥甄提到前陣子大家都歷經了大地震搖晃，期盼說：「希望我們有多一些幸運！」5.完整新聞連結 (或短網址)不可用YAHOO、LINE、MSN等轉載媒體:", "6.備註:新竹新豐客家細妹田馥甄按靚 承蒙您按仔細!", "台灣客家人分佈圖--"], "post_comment": [{"comment_author": "YLTYY", "comment_date": ["04/14", "12:56"], "comment_content": "自自"}, {"comment_author": "s820912gmail", "comment_date": ["04/14", "12:56"], "comment_content": "好的 客家人"}, {"comment_author": "OPPAISuki", "comment_date": ["04/14", "12:57"], "comment_content": "蔡英文也是客家妹"}, {"comment_author": "adon0313", "comment_date": ["04/14", "12:58"], "comment_content": "持家很好 不要省水洗澡好嗎"}, {"comment_author": "calvin00300", "comment_date": ["04/14", "13:01"], "comment_content": "客家人只對一種人小氣，就是你不配。"}, {"comment_author": "jimmyliu1217", "comment_date": ["04/14", "13:01"], "comment_content": "母豬蔡英文是客家人的叛徒  亂花錢"}, {"comment_author": "deann", "comment_date": ["04/14", "13:02"], "comment_content": "所以大方在哪裡?"}, {"comment_author": "Napoleon313", "comment_date": ["04/14", "13:03"], "comment_content": ""}, {"comment_author": "whitenoise", "comment_date": ["04/14", "13:05"], "comment_content": "……客家人說自己不客，嗯"}, {"comment_author": "suhaw", "comment_date": ["04/14", "13:14"], "comment_content": "蔡英文很節省的 他花的都是人民的納稅錢"}, {"comment_author": "cj3x04gp6", "comment_date": ["04/14", "13:15"], "comment_content": "沒辦法去大陸了"}, {"comment_author": "aitela", "comment_date": ["04/14", "13:15"], "comment_content": "就閩南仔自己愛計較，所以要污名化別人"}, {"comment_author": "chen360", "comment_date": ["04/14", "13:28"], "comment_content": "我遇到通常說別人小氣的才是最愛計較的人"}, {"comment_author": "chen360", "comment_date": ["04/14", "13:28"], "comment_content": "……"}, {"comment_author": "ling621", "comment_date": ["04/14", "13:41"], "comment_content": ""}, {"comment_author": "ling621", "comment_date": ["04/14", "13:41"], "comment_content": "就滯台閩南仔洗腦自己人攻擊客家族群的理"}, {"comment_author": "ling621", "comment_date": ["04/14", "13:41"], "comment_content": "由阿 閩南沙文黨執政這幾年特別囂張"}, {"comment_author": "ling621", "comment_date": ["04/14", "13:42"], "comment_content": ""}, {"comment_author": "ling621", "comment_date": ["04/14", "13:42"], "comment_content": "只有滯台閩南仔相信蔡是客家族群"}, {"comment_author": "theskyofblue", "comment_date": ["04/14", "13:44"], "comment_content": "好喔"}, {"comment_author": "chunfo", "comment_date": ["04/14", "13:57"], "comment_content": "其實是南部人整天想佔人便宜 不給佔就說"}, {"comment_author": "chunfo", "comment_date": ["04/14", "13:57"], "comment_content": "人小氣"}, {"comment_author": "grant79823", "comment_date": ["04/14", "14:48"], "comment_content": "？？？"}]}
