{"author": "aderli (.)", "category": "Gossiping", "title": "[新聞] 泰國非法工作外國人增加 政府將嚴格執法", "date": "Thu Apr 18 23:25:56 2024", "content": ["1.媒體來源:看見泰國 Vision Thai2.記者署名:陳韋如3.完整新聞標題:泰國非法工作外國人增加 政府將嚴格執法4.完整新聞內文:【看見泰國 Vision Thai】泰國政府加強打擊外國人犯罪，隨觀光復甦，越來越多外國人前往泰國旅遊，部分不肖人士以遊客身分從事非法活動，泰國第8省警察廳首長素拉蓬(Surapong Thanomjit)表示，政府已指示泰警和內政單位採取嚴格措施，尤以普吉島為首要目標，普吉島警方現已成立特別小組打擊外國人在泰國非法工作。外國人在泰國經營企業或尋找工作必須要遵守《外國商業法》與《外國人工作法》，根據泰國普吉島旅遊局資料，2023年有超過1100萬遊客造訪普吉島，創造3800億泰銖收益，預計今年將成長5%到10%，估計收益可破4000億泰銖。4月12日到16日泰國潑水節期間外國觀光客暴增，引發當局對於不肖分子以遊客名目進行非法工作或非法行為的擔憂。議員塔納功(Thanakorn Wangboonkongchana)表示，先前有接獲普吉島民眾檢舉，稱有外國人搶走泰國保留名額工作，部分外國人亦試圖透過聘用泰國人作為企業人頭，規避泰國對於外國人公司持有股份的法規，呼籲泰國人不應被外國人誘導擔任人頭持股，此舉將助長更多外國人在泰進行非法業務。5.完整新聞連結 (或短網址)不可用YAHOO、LINE、MSN等轉載媒體:", "/6.備註:無--"], "post_comment": [{"comment_author": "ZhouGongJin", "comment_date": ["04/18", "23:28"], "comment_content": "這才是正常政府的行為哪像某黨直接擺"}, {"comment_author": "ZhouGongJin", "comment_date": ["04/18", "23:28"], "comment_content": "爛不管然後還要再引進更多黑數，超猛"}, {"comment_author": "erickruklin", "comment_date": ["04/18", "23:39"], "comment_content": "1樓出社會沒？ 泰國政府也說過要嚴"}, {"comment_author": "erickruklin", "comment_date": ["04/18", "23:39"], "comment_content": "打成人產業跟兒童色情耶"}, {"comment_author": "KGSox", "comment_date": ["04/18", "23:47"], "comment_content": "人家泰皇駕崩時真的有禁一年啊..."}, {"comment_author": "KGSox", "comment_date": ["04/18", "23:47"], "comment_content": "我們484也要來一個...?"}, {"comment_author": "advancedJeff", "comment_date": ["04/18", "23:52"], "comment_content": "這才是負責的政府 反觀台灣..."}, {"comment_author": "sobiNOva", "comment_date": ["04/19", "02:51"], "comment_content": "台灣連說都不說了 因為黨自己要玩"}, {"comment_author": "logoaj", "comment_date": ["04/19", "04:44"], "comment_content": "嚴打？塞錢就沒事"}, {"comment_author": "logoaj", "comment_date": ["04/19", "04:45"], "comment_content": "一堆中國人跑去泰國，做只能泰國人做的工"}, {"comment_author": "logoaj", "comment_date": ["04/19", "04:45"], "comment_content": "作"}]}
