{"author": "JioJoin (幸福進行曲)", "category": "Gossiping", "title": "[新聞] 大姑夫妻去年曾捲洗錢案　徐巧芯：昨天", "date": "Tue Apr 16 21:49:13 2024", "content": ["1.媒體來源: 三立2.記者署名:馬郁雯、郭思妏3.完整新聞標題:大姑夫妻去年曾捲洗錢案　徐巧芯：昨天才知4.完整新聞內文：徐巧芯大姑夫妻捲入詐騙案，如今被媒體揭露去年他們就被檢警盯上，遭以洗錢案偵辦，因為證據不足不起訴直到今年3月25號被裁定聲押禁見，政治評論員溫朗東質疑，長達一年多的時間徐巧芯都聲稱不知情，但明明去年11月還委託大姑辦社群之夜，今年初甚至一起吃團圓飯，徐巧芯則強調跟大姑夫妻交情沒那麼深厚。徐巧芯大姑夫妻檔涉嫌詐騙被收押，而這對夫妻檔先前就曾被指控洗錢，只是沒被起訴。國民黨立委徐巧芯：「昨天好像媒體揭露才知道，他們夫妻就是如果被檢調調查不起訴的話，那個不起訴處分書是不會寄到他弟弟的家裡，他們被羈押禁見的時候，我們也是媒體告訴我我才知道，我們之間的聯繫也不是沒那麼頻繁，交情也不是那麼的深厚。」一再強調雙方交集不多，然而還原時間序，2023年初有被害人報案指控徐巧芯大姑夫妻檔涉及詐騙，金錢流入姊夫杜秉澄的公司帳戶，夫妻被移送，因證據不足獲得不起訴處分。但之後又有被害人報案，指稱錢流入林于倫的東霖公關公司，直到今年的3月25日檢方將三人聲押禁見。徐巧芯聲稱，去年10月後知道杜秉澄在外欠錢就沒有聯絡，但11月仍然把社群之夜委託大姑舉辦，今年過年也和大姑見面，政治評論員溫朗東質疑，徐巧芯怎麼可能至今才知情。政治評論員溫朗東：「爆料小天后這時候突然變成什麼都不知情，她確實有處理過這個利息的事，她自己講的，她在去年初就知道這件事情爆出來會嚴重影響她在4月她跟費鴻泰的初選，導致後續詐欺犯罪，才會更進一步的延燒到今天，徐巧芯在過程當中最不敢講的是，她什麼時間點去處理利息，杜秉澄（何時）欠錢不還，她選擇的是袖手旁觀。」國民黨立委徐巧芯：「當時我也知道他們有欠錢不還的情況，難不成我團圓飯就不吃了嗎？如果每年見面的次數就是個3、5次，偶爾看到臉書上面那就按了1、2個讚這叫很熟？這個叫經常聯絡嗎？」徐巧芯再三強調與親戚不熟，但也被質疑沒那麼單純。民進黨立委黃捷：「選舉的時候大姑其實都聲援她、支持她，她對於家人的態度，竟然是出事了她就不幫忙，無情無義的態度，我認為她是非常失格的政治人物。」徐巧芯用力和親戚切割，但從互動來看，顯然不像她形容的「如此疏離」。5.完整新聞連結 ：", "6.備註: 大難臨頭，可割可棄--"], "post_comment": [{"comment_author": "twdvdr", "comment_date": ["04/16", "21:51"], "comment_content": "看報紙才知道對吧 馬狗門人得馬狗真傳"}, {"comment_author": "robin101246", "comment_date": ["04/16", "21:51"], "comment_content": "我也是看報紙才知道"}, {"comment_author": "selisja", "comment_date": ["04/16", "21:54"], "comment_content": "完全不熟"}, {"comment_author": "sellgd", "comment_date": ["04/16", "21:55"], "comment_content": ""}, {"comment_author": "pippen456", "comment_date": ["04/16", "21:55"], "comment_content": "台灣詐騙橫行的具體寫照"}, {"comment_author": "rs6000", "comment_date": ["04/16", "21:58"], "comment_content": "乾脆說跟老公也不熟"}, {"comment_author": "hawk30", "comment_date": ["04/16", "21:58"], "comment_content": "等等林跟你溫認識更久還裝死"}, {"comment_author": "lgw2001", "comment_date": ["04/16", "22:00"], "comment_content": "看了報紙才知道"}, {"comment_author": "wayne62", "comment_date": ["04/16", "22:00"], "comment_content": "從徐想封溫朗東的口來推測，溫應該說對"}, {"comment_author": "wayne62", "comment_date": ["04/16", "22:00"], "comment_content": "徐什麼了"}, {"comment_author": "kyo3tree", "comment_date": ["04/16", "22:02"], "comment_content": "看報紙才知道他有個大姑？"}, {"comment_author": "HCYPMGO", "comment_date": ["04/16", "22:02"], "comment_content": "下一篇 民視 下下篇 自由"}, {"comment_author": "bbinbbin", "comment_date": ["04/16", "22:06"], "comment_content": "避重就輕"}, {"comment_author": "dj720c", "comment_date": ["04/16", "22:08"], "comment_content": "什麼大姑，是結婚後認識的劉小姐"}, {"comment_author": "dj720c", "comment_date": ["04/16", "22:09"], "comment_content": "不要隨便跟我們巧心套交情好嗎"}, {"comment_author": "wayne62", "comment_date": ["04/16", "22:09"], "comment_content": "上次金句是：大姑結婚後認識杜先生"}, {"comment_author": "wayne62", "comment_date": ["04/16", "22:09"], "comment_content": "結果  杜先生就是大姑的老公"}, {"comment_author": "s81048112", "comment_date": ["04/16", "22:12"], "comment_content": "繼續騙XDDDDDDD"}, {"comment_author": "Auoer", "comment_date": ["04/16", "22:26"], "comment_content": ""}, {"comment_author": "Auoer", "comment_date": ["04/16", "22:27"], "comment_content": "老公也只是個看戲的路人XD"}, {"comment_author": "purplebfly", "comment_date": ["04/16", "22:30"], "comment_content": "畢竟都是結婚後才認識的不熟朋友啊"}, {"comment_author": "purplebfly", "comment_date": ["04/16", "22:31"], "comment_content": "她是不是慌了,才會這樣口不擇言又天天"}, {"comment_author": "purplebfly", "comment_date": ["04/16", "22:31"], "comment_content": "找人攻擊來防衛自己"}, {"comment_author": "rafaj", "comment_date": ["04/16", "23:03"], "comment_content": "違停徐跟馬英九有87%像喔"}, {"comment_author": "erickruklin", "comment_date": ["04/17", "00:43"], "comment_content": "水準低到可怕的立委 狗黨真的沒人了?"}, {"comment_author": "changmary", "comment_date": ["04/17", "06:33"], "comment_content": "當民代訊息還真慢 我比你早一天"}, {"comment_author": "Thaichonburi", "comment_date": ["04/17", "07:19"], "comment_content": "劉彥澧：本來劇本不是出法院抱我嗎"}, {"comment_author": "Thaichonburi", "comment_date": ["04/17", "07:19"], "comment_content": "？怎麼抱病毒"}, {"comment_author": "Thaichonburi", "comment_date": ["04/17", "07:35"], "comment_content": "寶林案公布前 大餅前兩天就知道 自"}]}
