{"author": "Qunnine (qunnine)", "category": "Gossiping", "title": "[新聞] 「創意私房」主機在美 主嫌陸男藏身香港", "date": "Fri Apr 12 08:01:22 2024", "content": ["「創意私房」主機在美 主嫌陸男藏身香港04:102024/04/11中國時報 林郁平、李文正、陳薏云／台北報導　藝人黃子佼被查獲從色情論壇「創意私房」購買持有未成年性影像，引發各界撻伐，士林地檢署偵辦皇池溫泉會館偷拍案，發現創意私房內也有被害人遭偷拍影片，決定另案主動簽分偵辦，10日指揮刑事局偵查第九大隊偵辦，警方將針對不法進行網路分析，並調閱涉案人員資料比對追查中。　警方調查，創意私房的主機架設在美國，幕後主嫌是一名綽號「老馬」的大陸籍男子。「老馬」2012年在美國註冊網域、架設創意私房，專門販售偷拍性交、成年男子對未成年女子性交或猥褻等影片，據傳共有20萬多部影像，會員將近5000人，累積瀏覽37萬餘人次，初估不法獲利約新台幣3000萬元。　檢警在2021年曾查獲創意私房在台的多名代理商、管理員，其中包括林姓國小老師、前屏東縣員警等涉案人，相關涉案人遭判刑2到6年不等，其中還有1名被告因偷拍與未成年少女性交易過程遭重判17年，但「老馬」卻一直逍遙法外，據傳目前藏身在香港，要將他緝獲恐不容易，論壇仍持續經營至今。　士檢去年偵辦創意私房將少女個資外洩，讓男會員威脅、恫嚇而拍攝獲取性影像，查獲20多歲周姓男子在2019年利用少女拍攝指定姿勢的性影像，隔2年又傳訊恫嚇要散布影片給同學，藉以獲取更多性影像，少女終難忍折磨向警方報案。士林地院依以詐術違反本人意願之方法使少年自行拍攝性影像2罪，判處應執行有期徒刑8年6月，目前仍在高院審理中。　檢警以往在偵辦詐騙、賭博、色情等不法網站時，都會向法院聲請網域扣押裁定，或用屏蔽的方式阻止民眾繼續連上網站，不過，歹徒通常會改網址重新上架，讓警方抓不勝抓。　國民黨立委葛如鈞10日秀出創意私房的金流，從2021年11月起直到現在，業者收入超過89萬美元，換算將近新台幣3000萬元，甚至到9日都還有人繼續消費。葛表示，創意私房業者持續將數位貨幣轉換成現實世界流通貨幣，並呼籲政府盡速凍結業者的電子錢包。", "--"], "post_comment": [{"comment_author": "gx8759121", "comment_date": ["04/12", "08:03"], "comment_content": "等到政府動作錢早轉完了，笑死"}, {"comment_author": "kiergh", "comment_date": ["04/12", "08:03"], "comment_content": "凍結電子錢包zzz 警匪片看太多嗎"}, {"comment_author": "locdan", "comment_date": ["04/12", "08:04"], "comment_content": "笑死 加密貨幣是要怎麼凍結？"}, {"comment_author": "syldsk", "comment_date": ["04/12", "08:04"], "comment_content": "不重要，先管二次元跟思想犯"}, {"comment_author": "johnhmj", "comment_date": ["04/12", "08:04"], "comment_content": "主機在美國就通報FBI啊  就可以查封了啊"}, {"comment_author": "Warheart", "comment_date": ["04/12", "08:04"], "comment_content": "蛤？他有傻到用台灣金流嗎"}, {"comment_author": "blessbless", "comment_date": ["04/12", "08:04"], "comment_content": "fbi:?"}, {"comment_author": "johnhmj", "comment_date": ["04/12", "08:05"], "comment_content": "啊不是台美友好嗎？司法互助咧？"}, {"comment_author": "piggybill", "comment_date": ["04/12", "08:05"], "comment_content": "把動手偷拍的都抓起來啊 從重量刑 這"}, {"comment_author": "locdan", "comment_date": ["04/12", "08:05"], "comment_content": "這案子就頂多到這樣了啦，後面台灣"}, {"comment_author": "piggybill", "comment_date": ["04/12", "08:05"], "comment_content": "也辦不到嗎 政府有夠爛"}, {"comment_author": "locdan", "comment_date": ["04/12", "08:05"], "comment_content": "警察又查不下去，還能怎樣"}, {"comment_author": "plokmi", "comment_date": ["04/12", "08:05"], "comment_content": "可以跟國台辦檢舉嗎 既然他都在香港了"}, {"comment_author": "locdan", "comment_date": ["04/12", "08:07"], "comment_content": "主嫌就算在香港，公開自己身份，也"}, {"comment_author": "KGarnett05", "comment_date": ["04/12", "08:07"], "comment_content": "整個設計很清楚，主嫌不是台灣的但市"}, {"comment_author": "locdan", "comment_date": ["04/12", "08:07"], "comment_content": "不會被送來台灣阿，跟之前殺女友的"}, {"comment_author": "breacal", "comment_date": ["04/12", "08:07"], "comment_content": "八卦是小燈泡媽先告發，八卦男神雞昌只會"}, {"comment_author": "locdan", "comment_date": ["04/12", "08:07"], "comment_content": "一樣"}, {"comment_author": "breacal", "comment_date": ["04/12", "08:07"], "comment_content": "咆哮"}, {"comment_author": "cy652285", "comment_date": ["04/12", "08:07"], "comment_content": "數位部是三小用的"}, {"comment_author": "KGarnett05", "comment_date": ["04/12", "08:07"], "comment_content": "場面向台灣，主機又在第三地，收會員"}, {"comment_author": "KGarnett05", "comment_date": ["04/12", "08:08"], "comment_content": "又要真實身分認證，外流就曝光你，一"}, {"comment_author": "KGarnett05", "comment_date": ["04/12", "08:09"], "comment_content": "但跨國問題就變複雜，但本來就不可能"}, {"comment_author": "KGarnett05", "comment_date": ["04/12", "08:09"], "comment_content": "有笨蛋本人在這主機也在本地"}, {"comment_author": "GABA", "comment_date": ["04/12", "08:12"], "comment_content": "台美關係史上最好 但是查個性犯罪論壇主機"}, {"comment_author": "GABA", "comment_date": ["04/12", "08:12"], "comment_content": "嗯嗯再聯絡"}, {"comment_author": "oinmrr", "comment_date": ["04/12", "08:14"], "comment_content": "我只是比較好奇會員有沒有政府官員"}, {"comment_author": "ringil", "comment_date": ["04/12", "08:15"], "comment_content": "找FBI說有未成年影像 主機商就直接封了吧"}, {"comment_author": "tingstart", "comment_date": ["04/12", "08:15"], "comment_content": "檢警開始多管閒事了呢"}, {"comment_author": "redbeanbread", "comment_date": ["04/12", "08:18"], "comment_content": "美國很好抓吧"}, {"comment_author": "meatmm", "comment_date": ["04/12", "08:21"], "comment_content": "不是與美關係最好的時候?這案件還涉及未成"}, {"comment_author": "deeeplove", "comment_date": ["04/12", "08:22"], "comment_content": "才賺3000萬也在賺"}, {"comment_author": "meatmm", "comment_date": ["04/12", "08:22"], "comment_content": "年怎麼可能說不動美國幫忙?外交/內政部在?"}, {"comment_author": "ganjuro", "comment_date": ["04/12", "08:48"], "comment_content": "人在香港，跟中國說啊"}, {"comment_author": "chieftaincy", "comment_date": ["04/12", "09:02"], "comment_content": "之前在日本搞盜攝的也是中國人 逃亡"}, {"comment_author": "chieftaincy", "comment_date": ["04/12", "09:03"], "comment_content": "了"}, {"comment_author": "chieftaincy", "comment_date": ["04/12", "09:04"], "comment_content": "中國就是強盜窩"}, {"comment_author": "mytoychiu", "comment_date": ["04/12", "09:16"], "comment_content": "有戀童的網站 主機怎麼敢藏美國？"}, {"comment_author": "iPolo3", "comment_date": ["04/12", "09:17"], "comment_content": "FBI怎麼不會被出征？"}, {"comment_author": "iPolo3", "comment_date": ["04/12", "09:18"], "comment_content": "所以有未成年是媒體假新聞嗎？當fbi吃素"}, {"comment_author": "Sinkirou", "comment_date": ["04/12", "09:48"], "comment_content": "呵呵"}, {"comment_author": "c98406023", "comment_date": ["04/12", "09:48"], "comment_content": "叫FBI沒有用，他把網站暫時關閉"}, {"comment_author": "yeangigi", "comment_date": ["04/12", "13:44"], "comment_content": "上傳一部換臉成習的，三日內被抓"}]}
