{"author": "DoncicInPTT (東七七)", "category": "Gossiping", "title": "[新聞] 盧縣一「不在場投票」原因曝！徐巧芯：", "date": "Mon Apr 15 12:40:24 2024", "content": ["1.媒體來源:今日新聞2.記者署名:何哲欣3.完整新聞標題:盧縣一「不在場投票」原因曝！徐巧芯：這幾人太像　議事人員誤認4.完整新聞內文:立法院昨上演表決大戰，不過不在場的原民藍委盧縣一，卻被爆有人代為投票，民進黨團要求立法院長韓國瑜徹查。", "說，", "。不過", "說，雖然表決過程有瑕疵，但對結果卻沒有影響，即使少了這票，藍綠還是47比47平手，最後還是會由立法院長韓國瑜投下關鍵票，跟國民黨一致立場，反對民進黨的提案。他說，", "議事人員很辛苦不應該責怪他們。丁學忠是雲林縣虎尾鎮長轉任立委，這次立委選舉打敗資深綠委蘇治芬，堪稱是最大黑馬。涂權吉原本是桃園市議員，這次立委選舉險勝前綠委黃世杰，進軍國會。至於盧縣一，曾任衛生福利部屏東醫院主治醫師，這次立委選舉獲國民黨徵召參選山地原住民選區，選舉結果以黑馬之姿擠下尋求連任的的原民藍委孔文吉，成為新科立委。5.完整新聞連結 (或短網址)不可用YAHOO、LINE、MSN等轉載媒體:", "6.備註:原來如此！！原來是因為他們太像！", "謝謝徐巧芯！--"], "post_comment": [{"comment_author": "kent", "comment_date": ["04/15", "12:40"], "comment_content": "虎爛"}, {"comment_author": "killptt", "comment_date": ["04/15", "12:40"], "comment_content": "超級好笑"}, {"comment_author": "angel6502", "comment_date": ["04/15", "12:41"], "comment_content": "長很像？？？"}, {"comment_author": "protect6090", "comment_date": ["04/15", "12:41"], "comment_content": "這女人還有空去擔心別人喔?笑死人XDD"}, {"comment_author": "seabox", "comment_date": ["04/15", "12:41"], "comment_content": "反正主流民意會信就好"}, {"comment_author": "nowitzki0207", "comment_date": ["04/15", "12:42"], "comment_content": "小草肯定信的啊"}, {"comment_author": "lgw2001", "comment_date": ["04/15", "12:42"], "comment_content": "哪裏像？"}, {"comment_author": "cimlab", "comment_date": ["04/15", "12:43"], "comment_content": "正義道德大旗拿去倉庫了膩"}, {"comment_author": "estupid", "comment_date": ["04/15", "12:43"], "comment_content": "我信了"}, {"comment_author": "championbad", "comment_date": ["04/15", "12:44"], "comment_content": "想在哪？說謊不打草稿"}, {"comment_author": "westinsane", "comment_date": ["04/15", "12:44"], "comment_content": "那八手觀音瑤是像誰？"}, {"comment_author": "kosuke", "comment_date": ["04/15", "12:44"], "comment_content": "不愧是八卦女神  洨草肯定是深信不疑"}, {"comment_author": "tws80531", "comment_date": ["04/15", "12:44"], "comment_content": "前幾天亂罵的低薪2%被狠狠打臉XDD"}, {"comment_author": "stlinman", "comment_date": ["04/15", "12:44"], "comment_content": " 國會投票這麼嚴肅事，一定要查清楚。"}, {"comment_author": "stlinman", "comment_date": ["04/15", "12:45"], "comment_content": "國會投票能冒領、冒用的話是憲政危機啊!"}, {"comment_author": "KickAcer", "comment_date": ["04/15", "12:46"], "comment_content": "笑死 亂領票投票輕描淡寫"}, {"comment_author": "wkuochen", "comment_date": ["04/15", "12:48"], "comment_content": "蠻像的啊，來個防機器人九宮格吧~~"}, {"comment_author": "cdmlin", "comment_date": ["04/15", "12:48"], "comment_content": "就算長得再怎麼像也不會冒出簽到"}, {"comment_author": "sin31429", "comment_date": ["04/15", "12:49"], "comment_content": "超像"}, {"comment_author": "ausome", "comment_date": ["04/15", "12:53"], "comment_content": "你信？"}, {"comment_author": "salvador1988", "comment_date": ["04/15", "12:54"], "comment_content": "就像鄉民也會把統神的臉認成巧芯嗎"}, {"comment_author": "Lwane1l1l", "comment_date": ["04/15", "12:55"], "comment_content": "藍畜造的孽 綠畜怪小草信不信"}, {"comment_author": "sina1", "comment_date": ["04/15", "12:59"], "comment_content": "都有2個眼睛1個鼻子1個嘴巴，超像"}, {"comment_author": "netboy789", "comment_date": ["04/15", "12:59"], "comment_content": "拿錯又幫忙投票，罪會比較輕嗎？"}, {"comment_author": "silverwu", "comment_date": ["04/15", "13:05"], "comment_content": "洪幹"}, {"comment_author": "ABQ66", "comment_date": ["04/15", "13:13"], "comment_content": " "}, {"comment_author": "winglight", "comment_date": ["04/15", "13:14"], "comment_content": "看來投票鈕該設個指紋之類的生物認證才"}, {"comment_author": "winglight", "comment_date": ["04/15", "13:14"], "comment_content": "對"}, {"comment_author": "damen0808", "comment_date": ["04/15", "13:16"], "comment_content": "說得好像代按都沒問題的一樣"}, {"comment_author": "ABQ66", "comment_date": ["04/15", "13:21"], "comment_content": "小藍昌這時候就安靜了"}, {"comment_author": "DREE", "comment_date": ["04/15", "13:35"], "comment_content": "這時越變解越...快公佈監視器看誰按的啊~~"}, {"comment_author": "popowing", "comment_date": ["04/15", "13:46"], "comment_content": "幫忙投票也太瞎了"}, {"comment_author": "d8731400", "comment_date": ["04/15", "13:52"], "comment_content": "這時候八卦突然很安靜"}, {"comment_author": "othen", "comment_date": ["04/15", "13:57"], "comment_content": "有時候我也會把她跟大餅認錯"}, {"comment_author": "alex780312", "comment_date": ["04/15", "15:53"], "comment_content": "黃國昌都可以打臉自己了，巧芯還好"}, {"comment_author": "RRADA", "comment_date": ["04/15", "16:05"], "comment_content": "幫翻譯：就是不在場 + 非本人按"}, {"comment_author": "selvester", "comment_date": ["04/15", "21:20"], "comment_content": "誤認也有行政罰則吧"}]}
