{"author": "pm2001 (做個盾牌眼球兵吧)", "category": "Gossiping", "title": "[新聞] 王鴻薇：崇越在中國12地設廠 郭智輝是「", "date": "Wed Apr 17 10:32:57 2024", "content": ["備註請放最後面 違者新聞文章刪除1.媒體來源:聯合", "2.記者署名:唐筱恬", "3.完整新聞標題:王鴻薇：崇越在中國12地設廠 郭智輝是「紅色資本家」", "4.完整新聞內文:崇越科技董事長郭智輝將出任新任經濟部長，但被國民黨立委王鴻薇踢爆，郭智輝曾違反證券交易法等遭起訴。王鴻薇今天再開記者會質疑，崇越科技中國大陸服務據點遍佈上海、北京等12大城市，民進黨可以接受「紅色資本家」擔任內閣嗎？國民黨立委黃健豪更提出資料指，郭智輝個人與家族捐給民進黨將近100萬政治獻金，難道是花錢買官嗎？國民黨立委王鴻薇、黃健豪今天召開「賴清德親中？揭發郭智輝紅色資本家入主經濟部！」記者會。王鴻薇拿出資料質疑，崇越科技中國大陸服務據點，遍佈上海、北京、成都、深圳、武漢等12大城市，旗下5間子公司也都在中國。過去民進黨動輒就扣人家紅帽子指人家是「紅色資本家」，例如民進黨發言人去年大選期間曾酸「其實中國才是鴻海不可分割的一部分？」「郭台銘是北京在地球上最大的人質」，王定宇也攻擊過「中國會給郭台銘中共乖寶寶貼紙」，為何賴清德現在卻放心將經濟部長職位交給郭智輝呢？王鴻薇指出，郭智輝人事消息一出來後在網路上引發大批棒球迷討論，因為郭智輝在2014年稱要認養球場進軍職棒，到了2015年又說若2017年有第五隊，他願意認養第六隊，還要加入日本獨立聯盟，結果到了2017年時，崇越又認為加盟職棒門檻5.8億太高，且味全龍重返中華職棒有了第五隊，郭智輝就在2022年表態不進職棒。郭智輝如此反反覆覆，結果最後不進入職棒，會讓大家質疑未來經濟部長是否就是「畫大餅」、「開空頭支票」呢？黃健豪則提出資料指出，郭智輝個人及家族總共捐給民進黨相關人士等100萬元政治獻金，這是不是花錢買官的行為呢？新任經濟部長曾捐過大筆金額給民進黨，請問賴清德用人標準是什麼？賴清德為何會選曾捐錢給民進黨的人為內閣，請賴清德要跟全民交代清楚。另外，黃健豪也質疑，從資料顯示郭智輝就是「紅色資本家、紅色供應鏈」，請問賴清德為何找過去被民進黨視為洪水猛獸的企業主來擔任經濟部長，不會擔心經濟政策被中國綁架嗎？還是這個「郭董」（指郭智輝）有捐錢給民進黨，就沒有關係呢？準行政院發言人陳世凱昨日回應，崇越公司旗下「蘇州崇越」僅為承包廢水處理工程業務，而違法證交法一事是因崇越公司2007年發生商務糾紛所致。王鴻薇批評，陳世凱發的聲明與崇越公司發出的聲明一模一樣，新政府難道沒有任何調查能力嗎？對外宣稱創新內閣，但這些資料在網路上google都查得到，呼籲民進黨自己好好查清楚。", "5.完整新聞連結 (或短網址)不可用YAHOO、LINE、MSN等轉載媒體:", "6.備註:依照側翼邏輯這根本中共同路人吧", "--", "／", "╲﹋", "﹌／", "╭U╮", "→", "~", "─", "﹨○∕", "＜ F ＞在", "↗", "╲", "╭", "╮", "╰O╯", "╱", "──╮", "╴", "╰───", "─", "○", "○﹏↙", "by P.M        --"], "post_comment": [{"comment_author": "yamhome", "comment_date": ["04/17", "10:34"], "comment_content": "親中好還是台獨好?"}, {"comment_author": "WANGCHIEN", "comment_date": ["04/17", "10:35"], "comment_content": "眼紅人家有官可以當 呵呵"}, {"comment_author": "tau123", "comment_date": ["04/17", "10:35"], "comment_content": "綠能，你不能。"}, {"comment_author": "hihimen", "comment_date": ["04/17", "10:36"], "comment_content": "中共發大財的人到台灣當部長，很合理"}, {"comment_author": "chbio", "comment_date": ["04/17", "10:36"], "comment_content": "不要雙標啦"}, {"comment_author": "WANGCHIEN", "comment_date": ["04/17", "10:37"], "comment_content": "人家對台灣半導體發展有多少貢獻，你又"}, {"comment_author": "WANGCHIEN", "comment_date": ["04/17", "10:37"], "comment_content": "對台灣政治有什麼貢獻？"}, {"comment_author": "Aqqqa", "comment_date": ["04/17", "10:40"], "comment_content": "如果是國民黨找這樣背景的,側翼早出征到爆"}, {"comment_author": "jokem", "comment_date": ["04/17", "10:41"], "comment_content": "中共同路人"}, {"comment_author": "jacket664", "comment_date": ["04/17", "10:41"], "comment_content": "民進黨跟黑道一樣，案底越大條，官越大"}, {"comment_author": "shauima", "comment_date": ["04/17", "10:42"], "comment_content": "賣台這種事就是綠的可以、藍的不行～"}, {"comment_author": "shauima", "comment_date": ["04/17", "10:42"], "comment_content": "這很主觀的"}, {"comment_author": "ubang", "comment_date": ["04/17", "10:44"], "comment_content": "波特！"}, {"comment_author": "squeakywheel", "comment_date": ["04/17", "10:45"], "comment_content": "40％表示支持與讚賞"}, {"comment_author": "twhuang28", "comment_date": ["04/17", "10:45"], "comment_content": "抱歉喔，冥盡洞可以賣台，其他人不行"}, {"comment_author": "hans0913", "comment_date": ["04/17", "10:47"], "comment_content": "黑料這麼多，提早透露讓他接部長根本是"}, {"comment_author": "hans0913", "comment_date": ["04/17", "10:47"], "comment_content": "派系鬥爭要搞掉他吧。"}, {"comment_author": "Jeff911", "comment_date": ["04/17", "10:48"], "comment_content": "郭台銘：a 那個標準可以參考我啊"}, {"comment_author": "sheepxo", "comment_date": ["04/17", "10:50"], "comment_content": "看來崇越在大陸據點要收掉了 恭喜"}, {"comment_author": "peterwu4", "comment_date": ["04/17", "10:50"], "comment_content": "中共：國民黨，你！？"}, {"comment_author": "carsly", "comment_date": ["04/17", "10:51"], "comment_content": "綠共紅共一家親"}, {"comment_author": "coffee112", "comment_date": ["04/17", "10:55"], "comment_content": "笑死"}, {"comment_author": "todd7788", "comment_date": ["04/17", "10:57"], "comment_content": "表示無腦抗中的側翼都可以去吃屎了"}, {"comment_author": "todd7788", "comment_date": ["04/17", "10:57"], "comment_content": "台派已死 發財當道"}, {"comment_author": "cagepig", "comment_date": ["04/17", "11:01"], "comment_content": "綠共罵郭台銘的文章.改名子重貼就好"}, {"comment_author": "cagepig", "comment_date": ["04/17", "11:02"], "comment_content": "迴力鏢來的好快~~~"}, {"comment_author": "scum5566", "comment_date": ["04/17", "11:04"], "comment_content": "40%自己舔共邊罵藍白舔共 嘔嘔嘔嘔嘔"}, {"comment_author": "pieceioriX", "comment_date": ["04/17", "11:05"], "comment_content": "親中賣台人選 北京深表贊同"}, {"comment_author": "bill03027", "comment_date": ["04/17", "11:06"], "comment_content": "兩岸一家親 勿嘴"}, {"comment_author": "m13m13m", "comment_date": ["04/17", "11:11"], "comment_content": "反共是工作  親共才是生活 懂嘛？"}, {"comment_author": "kyotw1978", "comment_date": ["04/17", "11:17"], "comment_content": "國共不兩立而已，綠共一家親"}, {"comment_author": "ugliness", "comment_date": ["04/17", "11:17"], "comment_content": "有台灣價值的郭董真香"}, {"comment_author": "ugliness", "comment_date": ["04/17", "11:18"], "comment_content": "另一位不聽話買BNT的郭董往死裡打"}, {"comment_author": "cliff9350814", "comment_date": ["04/17", "11:19"], "comment_content": "可悲側翼綠粉會無視"}, {"comment_author": "pov", "comment_date": ["04/17", "11:23"], "comment_content": "紅頂商人"}, {"comment_author": "FireAce1986", "comment_date": ["04/17", "11:25"], "comment_content": "40%：他是站著賺！舔共仔是跪著不一"}, {"comment_author": "FireAce1986", "comment_date": ["04/17", "11:25"], "comment_content": "樣！！"}, {"comment_author": "chichung", "comment_date": ["04/17", "11:26"], "comment_content": "話說捐錢應該讓噓噓東當交通部長"}, {"comment_author": "IFeelSoAlive", "comment_date": ["04/17", "11:27"], "comment_content": "瓜張"}, {"comment_author": "sunnyyoung", "comment_date": ["04/17", "11:36"], "comment_content": "紅綠一家親"}, {"comment_author": "designer", "comment_date": ["04/17", "11:40"], "comment_content": "郭台銘選總統怎不嘴，弱智政客"}, {"comment_author": "julia3361", "comment_date": ["04/17", "11:49"], "comment_content": ":"}, {"comment_author": "kamen766", "comment_date": ["04/17", "12:09"], "comment_content": "護航的言論"}, {"comment_author": "kaku6", "comment_date": ["04/17", "12:09"], "comment_content": "哈 只有党能親中啦 40趴就愛中國"}, {"comment_author": "erichang", "comment_date": ["04/17", "12:13"], "comment_content": "中國滲透台灣？"}, {"comment_author": "slashlin", "comment_date": ["04/17", "12:16"], "comment_content": "藍白粉崩潰中  賴神選對人了"}, {"comment_author": "jagger", "comment_date": ["04/17", "12:16"], "comment_content": "好了啦  綠能你不能"}, {"comment_author": "Thorvs", "comment_date": ["04/17", "12:17"], "comment_content": "郭台銘：欸，不是，妳不要開地圖炮"}, {"comment_author": "qaz12453", "comment_date": ["04/17", "12:24"], "comment_content": "綠能 你不能"}, {"comment_author": "clone29", "comment_date": ["04/17", "12:29"], "comment_content": "郭董有當官？何況捐疫苗"}, {"comment_author": "billionaire", "comment_date": ["04/17", "12:43"], "comment_content": "國民黨應該要挺吧"}, {"comment_author": "ken50104", "comment_date": ["04/17", "12:47"], "comment_content": "真中共同路人 不過塔綠斑會無視"}, {"comment_author": "freefree0128", "comment_date": ["04/17", "12:52"], "comment_content": "中國鵬：怎麼會這樣？"}, {"comment_author": "freefree0128", "comment_date": ["04/17", "12:53"], "comment_content": "中共同路人的經濟部長？錢也互通."}, {"comment_author": "freefree0128", "comment_date": ["04/17", "12:53"], "comment_content": "."}, {"comment_author": "xshaddockx", "comment_date": ["04/17", "12:55"], "comment_content": "換經濟部長"}, {"comment_author": "asurdalin", "comment_date": ["04/17", "13:05"], "comment_content": "你對你家900芯事件怎看?"}, {"comment_author": "yufat", "comment_date": ["04/17", "13:15"], "comment_content": "背景是支那同路人+經濟犯的新部長 狂"}, {"comment_author": "jackycheny", "comment_date": ["04/17", "13:24"], "comment_content": "還好吧，綠圾詐騙党就紅共欽點的接班"}, {"comment_author": "jackycheny", "comment_date": ["04/17", "13:24"], "comment_content": "中國台灣沒有矮化，天0親中舔共嘻嘻"}, {"comment_author": "civic5thsi", "comment_date": ["04/17", "13:24"], "comment_content": "搶當台積發言人的經濟部長誰當都一樣"}, {"comment_author": "jackycheny", "comment_date": ["04/17", "13:25"], "comment_content": "中國鵬紅錢撈爽爽，ECFA不敢斷你說呢"}, {"comment_author": "skywhoking", "comment_date": ["04/17", "14:00"], "comment_content": "黨說可以就可以 你嘴啥"}, {"comment_author": "colorclover", "comment_date": ["04/17", "14:04"], "comment_content": "王鴻薇是不是上過匪台政論節目"}, {"comment_author": "wulaw5566", "comment_date": ["04/17", "14:10"], "comment_content": "兩岸一家親"}, {"comment_author": "ketrobo", "comment_date": ["04/17", "14:32"], "comment_content": "綠共賣台"}, {"comment_author": "ausome", "comment_date": ["04/17", "15:00"], "comment_content": "承認中國台灣都可當立委了，這個也還好吧"}, {"comment_author": "GABA", "comment_date": ["04/17", "15:02"], "comment_content": "人家有受洗 已經是新的資本家"}, {"comment_author": "bigpan", "comment_date": ["04/17", "15:16"], "comment_content": "舔共賣台當經長 党終於不演了"}, {"comment_author": "konane", "comment_date": ["04/17", "16:34"], "comment_content": "人家敢冒關廠風險當部長，不就剛好證明是"}, {"comment_author": "konane", "comment_date": ["04/17", "16:34"], "comment_content": "真心愛台灣"}, {"comment_author": "hohoman", "comment_date": ["04/17", "17:26"], "comment_content": "複製塔綠班攻擊郭台銘的理由，但塔綠班"}, {"comment_author": "hohoman", "comment_date": ["04/17", "17:26"], "comment_content": "以不要臉見長，攻擊無效。"}, {"comment_author": "gpctv", "comment_date": ["04/17", "23:05"], "comment_content": "大家可以去看他管理公司的方式"}]}
