{"author": "tsengcc ()", "category": "Gossiping", "title": "[新聞] 甲級動員4綠委未到 民進黨團擬不罰柯建銘", "date": "Sun Apr 14 16:37:12 2024", "content": ["甲級動員4綠委未到　民進黨團擬不罰柯建銘、懲處陳亭妃、王定宇nownews陳佩君立法院會昨上演年金改革復議案表決大戰，藍綠均發出甲級動員，綠委柯建銘、陳培瑜、王定宇、陳亭妃卻未到場，引發外界關注。對此，民進黨立法院黨團今（13）日表示，會嚴格執行黨團規定、沒有模糊地帶，王定宇、陳亭妃將送黨團紀律委員會審議，一切照制度走。我是廣告 請繼續往下閱讀立法院院會昨為了「軍公教年金停砍復議案」上演表決大戰，藍綠都發出甲級動員令，不過國民黨有六名立委未到場、民進黨有四位未出席，引發外界關注。對此，民進黨立委沈伯洋表示，除了柯建銘、陳培瑜是陪同行政院長陳建仁地方行程得請假外，王定宇是因為服務處主任父親告別式，必須趕回去協助處理後事；陳亭妃則是身體不適，也貼出打點滴照片，這些原因都能理解，但規定就是擺在那邊，會做出相對應措施，「能諒解發生這些事，但規定就規定」。黨團副幹事長林楚茵則說，黨團規定，一次缺席罰1萬，一天最多罰3萬，這些罰則會在紀律委員會開會後做出公布，黨團會依照規定處理。對於相關懲處，民進黨團事後指出，民進黨有四位立委未到場表決，民進黨團將盡速召集紀律委員會，依黨團動員作業要點之規範，針對每一個案進行審議與事實認定，待紀律委員會審議後，才能確認裁罰結果，「故有媒體報導，民進黨團已決定將對部分立委開罰、部分不罰等云云，皆與事實不符」。5.完整新聞連結 (或短網址)不可用YAHOO、LINE、MSN等轉載媒體:", "6.備註:", "--"], "post_comment": [{"comment_author": "sd09090", "comment_date": ["04/14", "16:37"], "comment_content": "罰"}, {"comment_author": "thegreatlcx", "comment_date": ["04/14", "16:38"], "comment_content": "垃圾立委"}, {"comment_author": "Benetnasch", "comment_date": ["04/14", "16:38"], "comment_content": "有人沒到不用罰？甲級動員就這？"}, {"comment_author": "snane", "comment_date": ["04/14", "16:38"], "comment_content": "呵呵"}, {"comment_author": "chengmei", "comment_date": ["04/14", "16:38"], "comment_content": "dpp被看沒有了"}, {"comment_author": "c24253994", "comment_date": ["04/14", "16:38"], "comment_content": "甲級動員就這？"}, {"comment_author": "koj", "comment_date": ["04/14", "16:38"], "comment_content": "新一代不沾鍋--柯建銘"}, {"comment_author": "ypoloii", "comment_date": ["04/14", "16:39"], "comment_content": "一個月房租沒了"}, {"comment_author": "OPPAISuki", "comment_date": ["04/14", "16:39"], "comment_content": "不敢罰總召喔?"}, {"comment_author": "inshadow", "comment_date": ["04/14", "16:39"], "comment_content": "喬柯誰敢罰阿 沒用的51席"}, {"comment_author": "light20735", "comment_date": ["04/14", "16:39"], "comment_content": "兒子呼麻也沒事不愧是地下皇帝"}, {"comment_author": "nh60211as", "comment_date": ["04/14", "16:39"], "comment_content": "跟兒子毒品一樣看人"}, {"comment_author": "sm905202", "comment_date": ["04/14", "16:39"], "comment_content": "柯不用罰？一個小立委去陪院長幹什麼"}, {"comment_author": "vin850411", "comment_date": ["04/14", "16:39"], "comment_content": "當然不敢罰總召啊 呵"}, {"comment_author": "riripon", "comment_date": ["04/14", "16:40"], "comment_content": "可憐  不敢動苛爸"}, {"comment_author": "hexokinase", "comment_date": ["04/14", "16:40"], "comment_content": "自己說規定 結果有人不罰"}, {"comment_author": "nextpage", "comment_date": ["04/14", "16:40"], "comment_content": "過家家般的甲級動員"}, {"comment_author": "welly520", "comment_date": ["04/14", "16:40"], "comment_content": "都是民眾黨的錯 他們為什麼不投票"}, {"comment_author": "eeccms", "comment_date": ["04/14", "16:40"], "comment_content": ""}, {"comment_author": "jma306", "comment_date": ["04/14", "16:40"], "comment_content": " 特級動員"}, {"comment_author": "q123212", "comment_date": ["04/14", "16:40"], "comment_content": "甲動不是最高級啦！上面還有甲鬥"}, {"comment_author": "WolfTeacher", "comment_date": ["04/14", "16:40"], "comment_content": "雙標党不意外"}, {"comment_author": "tmgl", "comment_date": ["04/14", "16:40"], "comment_content": "大黨鞭誰敢動"}, {"comment_author": "whiteflora6", "comment_date": ["04/14", "16:41"], "comment_content": "干我屁事"}, {"comment_author": "s155260", "comment_date": ["04/14", "16:42"], "comment_content": "地下總統怎麼罰"}, {"comment_author": "shadowdio", "comment_date": ["04/14", "16:42"], "comment_content": "黨團塑膠嗎"}, {"comment_author": "karkkunt", "comment_date": ["04/14", "16:42"], "comment_content": "笑死 立委不上班，跑去跟行政官員走行程"}, {"comment_author": "saiulbb", "comment_date": ["04/14", "16:42"], "comment_content": "哈哈哈哈哈哈哈哈哈哈哈哈哈哈哈哈哈哈"}, {"comment_author": "kevinfolks", "comment_date": ["04/14", "16:42"], "comment_content": "BI的51席"}, {"comment_author": "rul4ji3gp6", "comment_date": ["04/14", "16:42"], "comment_content": "他到底有什麼本事 能在黨內當皇帝耍"}, {"comment_author": "devidevi", "comment_date": ["04/14", "16:42"], "comment_content": "笑死"}, {"comment_author": "rul4ji3gp6", "comment_date": ["04/14", "16:42"], "comment_content": "流氓 呼風喚雨也沒人敢動"}, {"comment_author": "michidoko", "comment_date": ["04/14", "16:43"], "comment_content": "皇帝"}, {"comment_author": "wuklean", "comment_date": ["04/14", "16:43"], "comment_content": "王立委還是吞下去吧 柯總召還是比較大"}, {"comment_author": "jiaching", "comment_date": ["04/14", "16:43"], "comment_content": "地下總統不是說假的"}, {"comment_author": "devidevi", "comment_date": ["04/14", "16:43"], "comment_content": "陪同行政院長就可以甲動不用到??"}, {"comment_author": "DORAQMON", "comment_date": ["04/14", "16:43"], "comment_content": "笑死，黨內也在雙標"}, {"comment_author": "astrayzip", "comment_date": ["04/14", "16:43"], "comment_content": "告別式跟生病要罰 走行程免罰"}, {"comment_author": "playplayer20", "comment_date": ["04/14", "16:43"], "comment_content": "讓黨支持者無法如願行改革，就這？"}, {"comment_author": "astrayzip", "comment_date": ["04/14", "16:43"], "comment_content": "最好走行程需要立委"}, {"comment_author": "riker729", "comment_date": ["04/14", "16:43"], "comment_content": "行政院長去巡地方 為啥要喬王陪? 不合理"}, {"comment_author": "tigotigo", "comment_date": ["04/14", "16:44"], "comment_content": "只有柯建銘不用罰嗎 柯建銘真爽"}, {"comment_author": "jonyu888", "comment_date": ["04/14", "16:44"], "comment_content": "偽甲級"}, {"comment_author": "snsdakb48", "comment_date": ["04/14", "16:44"], "comment_content": "沒用的51席"}, {"comment_author": "tigotigo", "comment_date": ["04/14", "16:44"], "comment_content": "應該讓柯建銘當黨主席才對"}, {"comment_author": "ptt987654321", "comment_date": ["04/14", "16:44"], "comment_content": "他到底是多厲害啊"}, {"comment_author": "fir191938", "comment_date": ["04/14", "16:44"], "comment_content": "dpp關我屁事"}, {"comment_author": "Chia2323", "comment_date": ["04/14", "16:44"], "comment_content": "笑死 喬王果然沒人敢動"}, {"comment_author": "e9ez1", "comment_date": ["04/14", "16:45"], "comment_content": "喬王不能動www"}, {"comment_author": "DRAGON0324", "comment_date": ["04/14", "16:45"], "comment_content": "怕"}, {"comment_author": "ldstar", "comment_date": ["04/14", "16:45"], "comment_content": "柯麻是地下總統 垂屌聽政  DPP沒人敢惹他"}, {"comment_author": "tony22725385", "comment_date": ["04/14", "16:45"], "comment_content": "柯建銘本來就是地下總統不是==?"}, {"comment_author": "omanorboyo", "comment_date": ["04/14", "16:45"], "comment_content": "能先當50席看了 1席是皇帝愛來不來"}, {"comment_author": "armedlove", "comment_date": ["04/14", "16:45"], "comment_content": "垃圾麻柯不用罰 笑死"}, {"comment_author": "misthide", "comment_date": ["04/14", "16:45"], "comment_content": "柯麻就是黨紀 不受黨紀約束"}, {"comment_author": "lain2002", "comment_date": ["04/14", "16:45"], "comment_content": "凌駕黨意的真男人"}, {"comment_author": "KillQB", "comment_date": ["04/14", "16:46"], "comment_content": "UCCU"}, {"comment_author": "LBJnot1to7", "comment_date": ["04/14", "16:46"], "comment_content": "情勒黨"}, {"comment_author": "fp737", "comment_date": ["04/14", "16:46"], "comment_content": "姓柯對嗎?"}, {"comment_author": "Evoque", "comment_date": ["04/14", "16:46"], "comment_content": "先檢討民眾黨啦幹"}, {"comment_author": "albert0526", "comment_date": ["04/14", "16:46"], "comment_content": "柯姓不罰"}, {"comment_author": "KH8019", "comment_date": ["04/14", "16:46"], "comment_content": "不敢動柯總召喔？"}, {"comment_author": "Oxhorn", "comment_date": ["04/14", "16:47"], "comment_content": "意外嗎XDDDDD"}, {"comment_author": "deangod99", "comment_date": ["04/14", "16:47"], "comment_content": "生病沒到比較合理 其他該罰吧 不然你就"}, {"comment_author": "deangod99", "comment_date": ["04/14", "16:47"], "comment_content": "別甲動啊  是甲動還假動?"}, {"comment_author": "now99", "comment_date": ["04/14", "16:47"], "comment_content": "沒差吧，某黨規定不就參考用的"}, {"comment_author": "qk3380888", "comment_date": ["04/14", "16:47"], "comment_content": "呼麻都無罪了 缺席算什麼"}, {"comment_author": "garcia", "comment_date": ["04/14", "16:48"], "comment_content": "滿嘴抗中保台 有的賣支貨、有的閃兵 笑死"}, {"comment_author": "black205", "comment_date": ["04/14", "16:48"], "comment_content": "真爽廢物菸狼粉死挺柯不意外啊"}, {"comment_author": "aadsl", "comment_date": ["04/14", "16:48"], "comment_content": "雙標党"}, {"comment_author": "ayeae", "comment_date": ["04/14", "16:48"], "comment_content": "党自己規定也能雙標 厲害我的党"}, {"comment_author": "Baihao0501", "comment_date": ["04/14", "16:48"], "comment_content": "沒用的51席"}, {"comment_author": "EvoLancer", "comment_date": ["04/14", "16:49"], "comment_content": "笑死"}, {"comment_author": "believefate", "comment_date": ["04/14", "16:49"], "comment_content": "40%死忠的繼續檢討別黨"}, {"comment_author": "Marty", "comment_date": ["04/14", "16:49"], "comment_content": "吊點滴要罰 跑行程不用 笑死"}, {"comment_author": "js6661212", "comment_date": ["04/14", "16:49"], "comment_content": "太監總管不能碰"}, {"comment_author": "ad1339", "comment_date": ["04/14", "16:49"], "comment_content": "笑死，規定遇到老屁股就轉彎了，形同虛設~"}, {"comment_author": "edisgood", "comment_date": ["04/14", "16:50"], "comment_content": "甲級動員？ 就這？"}, {"comment_author": "linyi520", "comment_date": ["04/14", "16:50"], "comment_content": "果然不敢罰喬王"}, {"comment_author": "xhung", "comment_date": ["04/14", "16:50"], "comment_content": "喬麻柯真有力......"}, {"comment_author": "alex5566", "comment_date": ["04/14", "16:50"], "comment_content": "不忍柯責"}, {"comment_author": "ad1339", "comment_date": ["04/14", "16:51"], "comment_content": "他們不缺、黨庫也不缺這點小錢啦~"}, {"comment_author": "liquidbox", "comment_date": ["04/14", "16:51"], "comment_content": "雙標"}, {"comment_author": "rock123520", "comment_date": ["04/14", "16:52"], "comment_content": "==== 只許州官放火，不許百姓點燈 ==="}, {"comment_author": "bire", "comment_date": ["04/14", "16:52"], "comment_content": "服務處主任父親告別式是一定要王定宇到場喔"}, {"comment_author": "bire", "comment_date": ["04/14", "16:52"], "comment_content": "？"}, {"comment_author": "alexjeter", "comment_date": ["04/14", "16:52"], "comment_content": "哈哈哈"}, {"comment_author": "Bifrost", "comment_date": ["04/14", "16:53"], "comment_content": "重罰一萬"}, {"comment_author": "mcucte", "comment_date": ["04/14", "16:53"], "comment_content": "假動"}, {"comment_author": "b0204888100", "comment_date": ["04/14", "16:53"], "comment_content": "讓我們先檢討民眾黨"}, {"comment_author": "virgins", "comment_date": ["04/14", "16:53"], "comment_content": "蛤？原來陪同院長比人過世還大"}, {"comment_author": "bheegrl", "comment_date": ["04/14", "16:53"], "comment_content": "綠能綠不能，你的綠不夠綠啊"}, {"comment_author": "asuna0430", "comment_date": ["04/14", "16:54"], "comment_content": "党團甲動被當塑膠"}, {"comment_author": "giggleboy", "comment_date": ["04/14", "16:54"], "comment_content": "這也能雙標 看我們台南媽祖婆沒有484"}, {"comment_author": "virgins", "comment_date": ["04/14", "16:54"], "comment_content": "膝蓋想也知道不敢罰柯"}, {"comment_author": "newlly", "comment_date": ["04/14", "16:54"], "comment_content": "這個好笑 好歡樂"}, {"comment_author": "bhshin", "comment_date": ["04/14", "16:55"], "comment_content": "民進黨讓這些垃圾佔著位置票就越來越少"}, {"comment_author": "YumingHuang", "comment_date": ["04/14", "16:56"], "comment_content": "呵呵"}, {"comment_author": "soarling", "comment_date": ["04/14", "16:57"], "comment_content": "笑死人了這個黨"}, {"comment_author": "semantics", "comment_date": ["04/14", "16:57"], "comment_content": "姓氏對 收毒郵包都不起訴 沒開會算啥"}, {"comment_author": "kenclyde", "comment_date": ["04/14", "16:57"], "comment_content": "老柯陪同去新竹幹嘛，又不是區委，請現"}, {"comment_author": "kenclyde", "comment_date": ["04/14", "16:57"], "comment_content": "任區委陪同院長就好了啊"}, {"comment_author": "Jack2277", "comment_date": ["04/14", "16:58"], "comment_content": "笑爛"}, {"comment_author": "xcatcat", "comment_date": ["04/14", "16:58"], "comment_content": "運毒都能喬到沒事了 開會這小事吧"}, {"comment_author": "kimos", "comment_date": ["04/14", "16:59"], "comment_content": "笑死..這叫甲級?"}, {"comment_author": "chichung", "comment_date": ["04/14", "16:59"], "comment_content": "不敢罰喬柯所以大家都沒事"}, {"comment_author": "kimos", "comment_date": ["04/14", "16:59"], "comment_content": "陳建仁沒人陪不會上廁所尿尿是不是?"}, {"comment_author": "garcia", "comment_date": ["04/14", "17:00"], "comment_content": "一萬塊超過八千哥一個月房租耶 太狠了吧"}, {"comment_author": "nagilaman", "comment_date": ["04/14", "17:00"], "comment_content": "說個笑話  甲級動..噗..哈哈哈"}, {"comment_author": "canallchen", "comment_date": ["04/14", "17:01"], "comment_content": "黑熊也怕喬王？笑死"}, {"comment_author": "sbflight", "comment_date": ["04/14", "17:01"], "comment_content": "關說司法"}, {"comment_author": "a840901", "comment_date": ["04/14", "17:02"], "comment_content": "王定宇一個月的房租沒了，超狠"}, {"comment_author": "pideo", "comment_date": ["04/14", "17:02"], "comment_content": "塔綠班不意外啦，黨政也是有高低之分"}, {"comment_author": "playoffmogi", "comment_date": ["04/14", "17:03"], "comment_content": "比柯建銘爛的就是民進黨團"}, {"comment_author": "newti", "comment_date": ["04/14", "17:04"], "comment_content": "是不敢動柯吧"}, {"comment_author": "sid3", "comment_date": ["04/14", "17:04"], "comment_content": "哭德喬王這也能喬  假級動員喔"}, {"comment_author": "linbasohigh", "comment_date": ["04/14", "17:05"], "comment_content": ""}, {"comment_author": "lwswjs", "comment_date": ["04/14", "17:05"], "comment_content": "自己人沒到齊 怪人家不投票"}, {"comment_author": "steamedbun", "comment_date": ["04/14", "17:06"], "comment_content": "原來是假動難怪不用到齊"}, {"comment_author": "catvsdog", "comment_date": ["04/14", "17:06"], "comment_content": "大麻柯 立院土皇帝不是叫假的 誰敢罰？"}, {"comment_author": "catvsdog", "comment_date": ["04/14", "17:06"], "comment_content": " 嘻嘻"}, {"comment_author": "bboring", "comment_date": ["04/14", "17:07"], "comment_content": "笑死，很會嘛，剛好都台南市長潛在人選"}, {"comment_author": "Leoreo", "comment_date": ["04/14", "17:07"], "comment_content": "柯總召竟是藍小弟"}, {"comment_author": "auxiliary11", "comment_date": ["04/14", "17:07"], "comment_content": "笑死 說好的全黨打高端呢"}, {"comment_author": "winiS", "comment_date": ["04/14", "17:07"], "comment_content": "沒有模糊地帶，柯建銘就是皇帝"}, {"comment_author": "catvsdog", "comment_date": ["04/14", "17:08"], "comment_content": "簽到詐領出席費的那幾個 檢調不用查嗎"}, {"comment_author": "catvsdog", "comment_date": ["04/14", "17:08"], "comment_content": "？"}, {"comment_author": "e8151848", "comment_date": ["04/14", "17:09"], "comment_content": "？"}, {"comment_author": "romeie06", "comment_date": ["04/14", "17:09"], "comment_content": "笑死"}, {"comment_author": "ucherey", "comment_date": ["04/14", "17:10"], "comment_content": "大麻柯連黨都不敢動耶，地下黨主席吧"}, {"comment_author": "ymfx000a", "comment_date": ["04/14", "17:10"], "comment_content": "皇帝果然沒人敢動 這就是民進黨的民主"}, {"comment_author": "gamania5972", "comment_date": ["04/14", "17:10"], "comment_content": "笑死,哈哈哈哈哈哈哈哈,地下皇帝"}, {"comment_author": "ohrring", "comment_date": ["04/14", "17:10"], "comment_content": "柯步伐"}, {"comment_author": "kingearth", "comment_date": ["04/14", "17:11"], "comment_content": "抱歉，都是民眾黨的錯，先檢討柯文哲"}, {"comment_author": "ohrring", "comment_date": ["04/14", "17:11"], "comment_content": "柯才是我國真總統啊有人還不知道嗎"}, {"comment_author": "vwwv", "comment_date": ["04/14", "17:11"], "comment_content": "笑死"}, {"comment_author": "rtoday", "comment_date": ["04/14", "17:11"], "comment_content": "沒有順便穿甲級制服"}, {"comment_author": "mopigou", "comment_date": ["04/14", "17:11"], "comment_content": "笑死,雙標不演"}, {"comment_author": "buddyricky", "comment_date": ["04/14", "17:12"], "comment_content": "笑死 果然有特權"}, {"comment_author": "ohrring", "comment_date": ["04/14", "17:12"], "comment_content": "檯面上的總統是流水的總統"}, {"comment_author": "t95912", "comment_date": ["04/14", "17:12"], "comment_content": "看來陪大仁哥比較重要"}, {"comment_author": "frankfipgd", "comment_date": ["04/14", "17:12"], "comment_content": "笑死…雙標垃圾黨連自己人都搞…"}, {"comment_author": "frankfipgd", "comment_date": ["04/14", "17:13"], "comment_content": "果然畜生黨越高官越垃圾"}, {"comment_author": "neoa01", "comment_date": ["04/14", "17:13"], "comment_content": "不是停權的話就是打假球，愧對台灣選民"}, {"comment_author": "a840901", "comment_date": ["04/14", "17:14"], "comment_content": "這時候黨內那些覺青又要開始裝睡了"}, {"comment_author": "hkcdc", "comment_date": ["04/14", "17:14"], "comment_content": "甲動啊甲動"}, {"comment_author": "jimmyliu1217", "comment_date": ["04/14", "17:15"], "comment_content": "操俗辣  幹你娘廢物垃圾党"}, {"comment_author": "wady12407249", "comment_date": ["04/14", "17:15"], "comment_content": "老柯果然是dpp的心頭肉"}, {"comment_author": "themas", "comment_date": ["04/14", "17:15"], "comment_content": "不爽退黨啊 嘻嘻"}, {"comment_author": "TSMCfabXX", "comment_date": ["04/14", "17:15"], "comment_content": "不愧是大麻柯"}, {"comment_author": "p2p8ppp", "comment_date": ["04/14", "17:15"], "comment_content": "柯建銘>黃國昌"}, {"comment_author": "A15", "comment_date": ["04/14", "17:15"], "comment_content": "兒子吸毒司法都管不著了 党紀算什麼"}, {"comment_author": "Tsucomi69", "comment_date": ["04/14", "17:15"], "comment_content": "綠共党喊甲動自己沒到都是民眾黨的錯"}, {"comment_author": "SYSQP", "comment_date": ["04/14", "17:16"], "comment_content": "手邊握有裸照之類的才能這麼秋條吧"}, {"comment_author": "LiangNight", "comment_date": ["04/14", "17:16"], "comment_content": "早說了 地下柯布林王"}, {"comment_author": "Rootless", "comment_date": ["04/14", "17:16"], "comment_content": "甲甲"}, {"comment_author": "ueu966", "comment_date": ["04/14", "17:17"], "comment_content": "黨內也雙標"}, {"comment_author": "tasy4n", "comment_date": ["04/14", "17:17"], "comment_content": ""}, {"comment_author": "yangweiisi", "comment_date": ["04/14", "17:17"], "comment_content": "要捧Lie導愛將選台南市長也不用這麼"}, {"comment_author": "hikaru77613", "comment_date": ["04/14", "17:17"], "comment_content": "人家大佬餒…你罰的起嗎？呵呵呵"}, {"comment_author": "yangweiisi", "comment_date": ["04/14", "17:17"], "comment_content": "明顯吧"}, {"comment_author": "cms6384", "comment_date": ["04/14", "17:17"], "comment_content": "缺席罰一萬 沒簽名造三餐哭鬧"}, {"comment_author": "wake7078", "comment_date": ["04/14", "17:18"], "comment_content": "這才是真正的民進黨  雙標日常"}, {"comment_author": "ter2788", "comment_date": ["04/14", "17:18"], "comment_content": "才三萬 小錢"}, {"comment_author": "oder35", "comment_date": ["04/14", "17:18"], "comment_content": "呵"}, {"comment_author": "cwhgraham", "comment_date": ["04/14", "17:19"], "comment_content": "感覺其他人沒到理由比柯充分耶"}, {"comment_author": "steven1607", "comment_date": ["04/14", "17:19"], "comment_content": "雙標党不意外，要罰就一律平等，哪"}, {"comment_author": "wake7078", "comment_date": ["04/14", "17:19"], "comment_content": "可以請假的甲動"}, {"comment_author": "steven1607", "comment_date": ["04/14", "17:19"], "comment_content": "有掛病號罰、跑行程不罰"}, {"comment_author": "seanlin10421", "comment_date": ["04/14", "17:19"], "comment_content": "就說柯總招揪大尾ㄟ"}, {"comment_author": "hellodoggie", "comment_date": ["04/14", "17:20"], "comment_content": "對自己人也雙標喔"}, {"comment_author": "simo520", "comment_date": ["04/14", "17:22"], "comment_content": "雙標黨"}, {"comment_author": "kendavid001", "comment_date": ["04/14", "17:22"], "comment_content": "笑死"}, {"comment_author": "gtr22101361", "comment_date": ["04/14", "17:22"], "comment_content": "難怪要簽名 這個錢重要"}, {"comment_author": "cms6384", "comment_date": ["04/14", "17:23"], "comment_content": "沒來有人不罰有人罰不就是有模糊地帶嗎"}, {"comment_author": "sion1993", "comment_date": ["04/14", "17:23"], "comment_content": "柯總召有缺這個錢？ 笑死"}, {"comment_author": "cms6384", "comment_date": ["04/14", "17:24"], "comment_content": "發新聞稿都隨便抄一下就發阿 當大家綠腦?"}, {"comment_author": "lsslz", "comment_date": ["04/14", "17:24"], "comment_content": "沒用的51席 投票都不會"}, {"comment_author": "garcia", "comment_date": ["04/14", "17:25"], "comment_content": "痛失質詢權哭好幾天 然後改書面質詢這樣"}, {"comment_author": "aa52189", "comment_date": ["04/14", "17:26"], "comment_content": "繼續檢討沒用的八席"}, {"comment_author": "jezz9740", "comment_date": ["04/14", "17:26"], "comment_content": "規定就是笑話"}, {"comment_author": "kiddnash", "comment_date": ["04/14", "17:26"], "comment_content": "果然喬王沒事"}, {"comment_author": "tiawiare", "comment_date": ["04/14", "17:26"], "comment_content": "可悲，人治還是？"}, {"comment_author": "GGwawa", "comment_date": ["04/14", "17:26"], "comment_content": "小立委還敢有意見啊"}, {"comment_author": "santaclaus", "comment_date": ["04/14", "17:27"], "comment_content": "柯建銘繼續累積仇恨值 兩年後還你"}, {"comment_author": "Sanish", "comment_date": ["04/14", "17:29"], "comment_content": "蛤？"}, {"comment_author": "s0920151048", "comment_date": ["04/14", "17:32"], "comment_content": "怎麼感動自己的主子？"}, {"comment_author": "tsay0100", "comment_date": ["04/14", "17:33"], "comment_content": "綠能你不能"}, {"comment_author": "joe821122", "comment_date": ["04/14", "17:33"], "comment_content": "類甲級"}, {"comment_author": "omolando", "comment_date": ["04/14", "17:35"], "comment_content": ""}, {"comment_author": "feijai", "comment_date": ["04/14", "17:37"], "comment_content": "不愧是地下皇帝 連處罰做個秀都不用"}, {"comment_author": "griffick", "comment_date": ["04/14", "17:37"], "comment_content": "沒用的民進黨團+沒用的47席"}, {"comment_author": "daJas", "comment_date": ["04/14", "17:38"], "comment_content": "二樓正解"}, {"comment_author": "miha80425", "comment_date": ["04/14", "17:39"], "comment_content": "麻公公聖上寵信 你敢參他？"}, {"comment_author": "ASUSboy", "comment_date": ["04/14", "17:39"], "comment_content": "笑死，什麼辦家家等級的黨"}, {"comment_author": "gk1329", "comment_date": ["04/14", "17:40"], "comment_content": "笑死 柯屁總召沒來"}, {"comment_author": "purin3333", "comment_date": ["04/14", "17:41"], "comment_content": "太上皇有誰敢罰?"}, {"comment_author": "a122771723", "comment_date": ["04/14", "17:42"], "comment_content": "要這樣雙標喔 掛點滴不能要人死是不是"}, {"comment_author": "bomnker", "comment_date": ["04/14", "17:42"], "comment_content": "笑死 沒用的51席"}, {"comment_author": "HAHAHUNG", "comment_date": ["04/14", "17:42"], "comment_content": "呵"}, {"comment_author": "AirO0264400", "comment_date": ["04/14", "17:45"], "comment_content": "党證還有高級會員版的耶"}, {"comment_author": "aikensh", "comment_date": ["04/14", "17:46"], "comment_content": "笑死 廢物"}, {"comment_author": "mersma", "comment_date": ["04/14", "17:47"], "comment_content": "處理服務處主任父親的告別式…跟你什麼關"}, {"comment_author": "mersma", "comment_date": ["04/14", "17:47"], "comment_content": "係？"}, {"comment_author": "crazywar", "comment_date": ["04/14", "17:47"], "comment_content": "哈哈哈哈哈哈哈哈哈哈哈哈哈哈哈哈哈哈"}, {"comment_author": "Doub1eK", "comment_date": ["04/14", "17:47"], "comment_content": "真薪水小偷"}, {"comment_author": "kis28519", "comment_date": ["04/14", "17:48"], "comment_content": "兒子運毒剪掉拼命幫忙脫罪，還不清楚?!"}, {"comment_author": "Simonono", "comment_date": ["04/14", "17:48"], "comment_content": "柯能你不能"}, {"comment_author": "phenomenal", "comment_date": ["04/14", "17:49"], "comment_content": "黨證還有分級？"}, {"comment_author": "sincos5566", "comment_date": ["04/14", "17:50"], "comment_content": "抽大麻都無罪，不投票應該發獎金"}, {"comment_author": "sesame307", "comment_date": ["04/14", "17:50"], "comment_content": "麻柯真的特權王欸"}, {"comment_author": "max60209", "comment_date": ["04/14", "17:50"], "comment_content": "這個黨連甲級都相當可笑"}, {"comment_author": "luciffar", "comment_date": ["04/14", "17:51"], "comment_content": "都是王牌知名人物"}, {"comment_author": "Curapikt", "comment_date": ["04/14", "17:51"], "comment_content": "甲級動員比研究所書報還不如真的笑死ww"}, {"comment_author": "Curapikt", "comment_date": ["04/14", "17:51"], "comment_content": "w我老闆說除非你出車禍不然身體不舒服"}, {"comment_author": "Curapikt", "comment_date": ["04/14", "17:51"], "comment_content": "肚子痛什麼的都不是理由"}, {"comment_author": "sesame307", "comment_date": ["04/14", "17:51"], "comment_content": "陳亭妃明明就去蹭鹿耳門 什麼點滴"}, {"comment_author": "fit8590", "comment_date": ["04/14", "17:51"], "comment_content": "早知會轉彎"}, {"comment_author": "qazedcrfv", "comment_date": ["04/14", "17:52"], "comment_content": ""}, {"comment_author": "mihono", "comment_date": ["04/14", "17:53"], "comment_content": "雙標到自己人也不放過，嘻嘻"}, {"comment_author": "fhscyt", "comment_date": ["04/14", "17:55"], "comment_content": "就這樣？民進黨就是個笑話"}, {"comment_author": "TAIWANTOMATO", "comment_date": ["04/14", "17:55"], "comment_content": "黨都管成這樣怎麼治理國家"}, {"comment_author": "embeth0925", "comment_date": ["04/14", "17:57"], "comment_content": "柯建銘可以免罰？！"}, {"comment_author": "amx", "comment_date": ["04/14", "17:57"], "comment_content": "大麻都分級了何況甲動"}, {"comment_author": "sunday0913", "comment_date": ["04/14", "17:57"], "comment_content": "票還是太多,現在還可以網內互打,真"}, {"comment_author": "sunday0913", "comment_date": ["04/14", "17:57"], "comment_content": "秋"}, {"comment_author": "obovqq", "comment_date": ["04/14", "17:57"], "comment_content": "結果有人不罰 還規定勒 放屁吧☺"}, {"comment_author": "lmc66", "comment_date": ["04/14", "17:57"], "comment_content": "“柯建銘、陳培瑜是陪同行政院長陳建仁地"}, {"comment_author": "lmc66", "comment_date": ["04/14", "17:57"], "comment_content": "方行程得請假” 內文不都有寫原因"}, {"comment_author": "dogdream", "comment_date": ["04/14", "17:57"], "comment_content": "笑死甲級動員 要不要改成甲上上動員"}, {"comment_author": "g204094", "comment_date": ["04/14", "17:58"], "comment_content": "陳王應該可以罵麻的罰柯了吧"}, {"comment_author": "t6105chieh", "comment_date": ["04/14", "17:58"], "comment_content": "看這樣我就放心了"}, {"comment_author": "davis5566", "comment_date": ["04/14", "17:59"], "comment_content": "幫派的幫規也是可以雙標的"}, {"comment_author": "ohimvickey", "comment_date": ["04/14", "17:59"], "comment_content": "在怎麼爛也會上 何必好"}, {"comment_author": "obovqq", "comment_date": ["04/14", "17:59"], "comment_content": "陳院長沒立委陪是不能自理膩 陪個洨☺"}, {"comment_author": "kimfor", "comment_date": ["04/14", "17:59"], "comment_content": "因為不能罰柯，陳培瑜也不能罰，笑死我了"}, {"comment_author": "ab566", "comment_date": ["04/14", "18:00"], "comment_content": "柯麻麻、台南女兒西瓜王繼承人、王8000"}, {"comment_author": "cian0923", "comment_date": ["04/14", "18:00"], "comment_content": "柯柯~"}, {"comment_author": "Jerry469", "comment_date": ["04/14", "18:00"], "comment_content": "媽的繳稅養這些冗員"}, {"comment_author": "Jerry469", "comment_date": ["04/14", "18:00"], "comment_content": "想到就不爽"}, {"comment_author": "drmactt", "comment_date": ["04/14", "18:01"], "comment_content": "假級動員"}, {"comment_author": "miliq", "comment_date": ["04/14", "18:04"], "comment_content": "甲動都不鳥了 平常更不用提了"}, {"comment_author": "drmactt", "comment_date": ["04/14", "18:04"], "comment_content": "puma看來是不懂某人的在黨內的地位"}, {"comment_author": "megaje", "comment_date": ["04/14", "18:05"], "comment_content": "王八千的級數不夠在党裡就是個打手"}, {"comment_author": "QQ112233", "comment_date": ["04/14", "18:05"], "comment_content": "毒王"}, {"comment_author": "George728", "comment_date": ["04/14", "18:05"], "comment_content": "廢物啊XD"}, {"comment_author": "ROCArmy623", "comment_date": ["04/14", "18:06"], "comment_content": "\"沒有模糊地帶\" 然後擬不罰柯建銘"}, {"comment_author": "ROCArmy623", "comment_date": ["04/14", "18:06"], "comment_content": "？？？"}, {"comment_author": "sheep79119", "comment_date": ["04/14", "18:07"], "comment_content": "甲級動員還可以請假\"陪\" 出巡www"}, {"comment_author": "sotbc", "comment_date": ["04/14", "18:07"], "comment_content": "一堆理由伯"}, {"comment_author": "fzrpower", "comment_date": ["04/14", "18:07"], "comment_content": "立委不在立法院，請假跑去當陪臣 ?"}, {"comment_author": "ROCArmy623", "comment_date": ["04/14", "18:07"], "comment_content": "麻的罰柯，笑死哈哈哈哈哈哈"}, {"comment_author": "ClownT", "comment_date": ["04/14", "18:09"], "comment_content": "地下大總統"}, {"comment_author": "c8111136", "comment_date": ["04/14", "18:09"], "comment_content": "為啥不罰笑死ㄛ，怕你不敢"}, {"comment_author": "q22w", "comment_date": ["04/14", "18:10"], "comment_content": "不敢罰柯總召喔 笑死"}, {"comment_author": "bluezero000", "comment_date": ["04/14", "18:10"], "comment_content": "兒子毒品案都沒事了，這個小事怎麼"}, {"comment_author": "bluezero000", "comment_date": ["04/14", "18:10"], "comment_content": "會罰"}, {"comment_author": "sunwit", "comment_date": ["04/14", "18:12"], "comment_content": "養一堆米蟲"}, {"comment_author": "skuderic", "comment_date": ["04/14", "18:12"], "comment_content": "笑死人 真可笑的甲動 雙標仔 從上到下一"}, {"comment_author": "asters", "comment_date": ["04/14", "18:12"], "comment_content": "柯是大大 沒人敢嘴"}, {"comment_author": "skuderic", "comment_date": ["04/14", "18:12"], "comment_content": "個樣"}, {"comment_author": "Thorvs", "comment_date": ["04/14", "18:13"], "comment_content": "聖騎士需要你陪？改革是走對的路卻不到？"}, {"comment_author": "saedn", "comment_date": ["04/14", "18:14"], "comment_content": "法院就是個玩具"}, {"comment_author": "dddc", "comment_date": ["04/14", "18:14"], "comment_content": "笑死人 柯是誰怎麼這麼猛"}, {"comment_author": "new71050", "comment_date": ["04/14", "18:14"], "comment_content": "笑死雙標黨"}, {"comment_author": "weekend88123", "comment_date": ["04/14", "18:15"], "comment_content": "一群米蟲巨嬰哥布林黨立委"}, {"comment_author": "xangro", "comment_date": ["04/14", "18:15"], "comment_content": "沒用的51席"}, {"comment_author": "fkfcu", "comment_date": ["04/14", "18:17"], "comment_content": "甲雞動圓"}, {"comment_author": "aq1", "comment_date": ["04/14", "18:17"], "comment_content": "總召沒到反而不罰，這甚麼制度？笑破人內褲"}, {"comment_author": "azcooper", "comment_date": ["04/14", "18:18"], "comment_content": "听党话跟党走"}, {"comment_author": "johnhahaha", "comment_date": ["04/14", "18:20"], "comment_content": "吸麻叫父  民進黨連動都不趕動他"}, {"comment_author": "minlochen", "comment_date": ["04/14", "18:20"], "comment_content": "陳建仁是三歲小孩一定要老柯陪？"}, {"comment_author": "MaxGDAM", "comment_date": ["04/14", "18:23"], "comment_content": "垃圾柯這樣都沒事"}, {"comment_author": "pilileon", "comment_date": ["04/14", "18:23"], "comment_content": "不意外啦"}, {"comment_author": "pansquarl", "comment_date": ["04/14", "18:26"], "comment_content": "阿不是甲級動員嗎，沒到應該一視同仁"}, {"comment_author": "pansquarl", "comment_date": ["04/14", "18:27"], "comment_content": "啊"}, {"comment_author": "Amanz", "comment_date": ["04/14", "18:27"], "comment_content": "被這蠢黨笑死"}, {"comment_author": "tinlovebi", "comment_date": ["04/14", "18:27"], "comment_content": "民進黨不敢罰喬王就是雙標 爛死了"}, {"comment_author": "xaxa0101", "comment_date": ["04/14", "18:28"], "comment_content": "柯能你不能"}, {"comment_author": "noname912301", "comment_date": ["04/14", "18:29"], "comment_content": "wwww"}, {"comment_author": "balanokia", "comment_date": ["04/14", "18:29"], "comment_content": "沒有模糊地帶  可是可以雙標  笑死"}, {"comment_author": "frankfipgd", "comment_date": ["04/14", "18:30"], "comment_content": "畢竟某畜牲甚至無恥到不答辯只在那邊"}, {"comment_author": "frankfipgd", "comment_date": ["04/14", "18:30"], "comment_content": "故意激戰神。這種敢藐視議會的畜牲是"}, {"comment_author": "frankfipgd", "comment_date": ["04/14", "18:30"], "comment_content": "畜牲黨好用的畜牲棋子"}, {"comment_author": "CIDgreen", "comment_date": ["04/14", "18:30"], "comment_content": " 笑死  趴數認證"}, {"comment_author": "Alaba", "comment_date": ["04/14", "18:32"], "comment_content": "柯建銘可是台灣承擔者，民進黨的下水道"}, {"comment_author": "a09162277", "comment_date": ["04/14", "18:34"], "comment_content": "垃圾大麻果然厲害"}, {"comment_author": "a606332003", "comment_date": ["04/14", "18:34"], "comment_content": "準時上班需要甲級動員？"}, {"comment_author": "encoreg57985", "comment_date": ["04/14", "18:34"], "comment_content": "抓到了 這四位暗助反年改"}, {"comment_author": "ilikepurple", "comment_date": ["04/14", "18:35"], "comment_content": "民進黨爛不是沒原因，可憐"}, {"comment_author": "datro", "comment_date": ["04/14", "18:36"], "comment_content": "罰民眾黨沒簽到啊！"}, {"comment_author": "kalde", "comment_date": ["04/14", "18:37"], "comment_content": "問題比較大的是王，簽到領錢還烙跑"}, {"comment_author": "powerworld21", "comment_date": ["04/14", "18:37"], "comment_content": "是不是翹班跑去新竹抽菸 為什麼不罰"}, {"comment_author": "katanakiller", "comment_date": ["04/14", "18:37"], "comment_content": "不敢動總召"}, {"comment_author": "powerworld21", "comment_date": ["04/14", "18:37"], "comment_content": "？"}, {"comment_author": "just5566", "comment_date": ["04/14", "18:37"], "comment_content": "要嘛賴皮都不罰 不然就全都罰 才2萬塊"}, {"comment_author": "just5566", "comment_date": ["04/14", "18:38"], "comment_content": "雙標黨真不是叫假的"}, {"comment_author": "ymca8", "comment_date": ["04/14", "18:42"], "comment_content": "陳建仁看個工程還要兩個立委陪，不就故意在"}, {"comment_author": "ymca8", "comment_date": ["04/14", "18:42"], "comment_content": "搞自己人"}, {"comment_author": "bbac", "comment_date": ["04/14", "18:43"], "comment_content": "乾脆叫假級動員好了"}, {"comment_author": "HDanny", "comment_date": ["04/14", "18:43"], "comment_content": "反觀白黨不簽到不投票都沒事 理性科學務實"}, {"comment_author": "ray56292", "comment_date": ["04/14", "18:44"], "comment_content": "表決沒過怪不了別人"}, {"comment_author": "thepstar", "comment_date": ["04/14", "18:44"], "comment_content": "民進黨地下皇帝"}, {"comment_author": "leeyeah", "comment_date": ["04/14", "18:45"], "comment_content": "超越法律的男人 黨紀又算三小"}, {"comment_author": "BarryDale", "comment_date": ["04/14", "18:45"], "comment_content": "笑死，甲動但可以請假陪行政院長跑地"}, {"comment_author": "jonaswang01", "comment_date": ["04/14", "18:45"], "comment_content": "可憐阿啥標準"}, {"comment_author": "BarryDale", "comment_date": ["04/14", "18:45"], "comment_content": "方"}, {"comment_author": "BarryDale", "comment_date": ["04/14", "18:46"], "comment_content": "笑你不敢動柯建銘，沒路用的党"}, {"comment_author": "Alpha99", "comment_date": ["04/14", "18:46"], "comment_content": "誰敢打麻藥柯 就是跟党作對"}, {"comment_author": "small91051", "comment_date": ["04/14", "18:46"], "comment_content": "打點滴XDD"}, {"comment_author": "Alpha99", "comment_date": ["04/14", "18:47"], "comment_content": "是喬麻柯"}, {"comment_author": "milk830122", "comment_date": ["04/14", "18:50"], "comment_content": "不愧是地下黨主席"}, {"comment_author": "megalink", "comment_date": ["04/14", "18:50"], "comment_content": "缺席就缺席一堆理由什麼都雙標垃圾爛黨"}, {"comment_author": "DasonoMaso", "comment_date": ["04/14", "18:50"], "comment_content": "笑死"}, {"comment_author": "orz151426", "comment_date": ["04/14", "18:51"], "comment_content": "51席選輸直接崩潰囉，總召放棄立法院了"}, {"comment_author": "kinmengon", "comment_date": ["04/14", "18:55"], "comment_content": "看吧！碰到麻柯馬上轉彎 雙標"}, {"comment_author": "littlelinsyu", "comment_date": ["04/14", "18:56"], "comment_content": "誰叫你們不姓柯"}, {"comment_author": "kinmengon", "comment_date": ["04/14", "18:57"], "comment_content": "跟以前藍色白海豚有什麼兩樣。綠的學"}, {"comment_author": "kinmengon", "comment_date": ["04/14", "18:57"], "comment_content": "車輪黨學對岸紅的一些爛操作跟習慣 沉"}, {"comment_author": "kinmengon", "comment_date": ["04/14", "18:58"], "comment_content": "淪到快爛到根了"}, {"comment_author": "haw561676", "comment_date": ["04/14", "18:58"], "comment_content": "麻兒爸好屌喔"}, {"comment_author": "cheng399", "comment_date": ["04/14", "18:58"], "comment_content": "當然不罰阿  哪次罰了"}, {"comment_author": "cocogg", "comment_date": ["04/14", "19:00"], "comment_content": "自家人看不下去！ 年改復議案綠委陳亭妃"}, {"comment_author": "jtyang888", "comment_date": ["04/14", "19:00"], "comment_content": "呼麻都無罪了"}, {"comment_author": "cocogg", "comment_date": ["04/14", "19:00"], "comment_content": "台南扶轎棄投"}, {"comment_author": "cocogg", "comment_date": ["04/14", "19:00"], "comment_content": "扶神明扶到身體不適"}, {"comment_author": "sunnyyoung", "comment_date": ["04/14", "19:02"], "comment_content": "垃圾黨"}, {"comment_author": "ETTom", "comment_date": ["04/14", "19:02"], "comment_content": "地方行程陪同這條件都可以喔 這甲動也太弱"}, {"comment_author": "qwert65732", "comment_date": ["04/14", "19:02"], "comment_content": "喬王是土皇帝沒聽過嗎"}, {"comment_author": "Shadouie", "comment_date": ["04/14", "19:03"], "comment_content": "居然還想罰老大 還想不想混啊！"}, {"comment_author": "elia0325", "comment_date": ["04/14", "19:04"], "comment_content": "幹嘛罰？不是一視同仁？那就都不要罰啊"}, {"comment_author": "inf", "comment_date": ["04/14", "19:04"], "comment_content": "王八被看沒有"}, {"comment_author": "bolue", "comment_date": ["04/14", "19:06"], "comment_content": "特權是不是 薪水小偷是不是 (楚茵說的)"}, {"comment_author": "NSYSUEE", "comment_date": ["04/14", "19:06"], "comment_content": "沒用的51席，真的是讓人看沒有"}, {"comment_author": "sarspieya521", "comment_date": ["04/14", "19:08"], "comment_content": "地下主席，誰敢動他？"}, {"comment_author": "kattte", "comment_date": ["04/14", "19:12"], "comment_content": "比國民黨還噁心的民進党，請繼續喔"}, {"comment_author": "VischDonahue", "comment_date": ["04/14", "19:16"], "comment_content": "原來是總召啊 www"}, {"comment_author": "lebronlp097", "comment_date": ["04/14", "19:16"], "comment_content": "陪行政官員走行程缺席還是立委嗎？"}, {"comment_author": "wirecut", "comment_date": ["04/14", "19:18"], "comment_content": "？？？？？？？？？？？"}, {"comment_author": "Dean997", "comment_date": ["04/14", "19:18"], "comment_content": "演演戲而已啦"}, {"comment_author": "tonyhsie", "comment_date": ["04/14", "19:21"], "comment_content": "陳庭妃就扶轎而已 其實跟柯建銘沒什麼差"}, {"comment_author": "tonyhsie", "comment_date": ["04/14", "19:22"], "comment_content": "立委自己的職責不幹 去陪行政院長幹嘛?"}, {"comment_author": "tonyhsie", "comment_date": ["04/14", "19:22"], "comment_content": "這樣不罰也蠻好笑的 王定宇還比較有理"}, {"comment_author": "tonyhsie", "comment_date": ["04/14", "19:23"], "comment_content": "還是說 DPP覺得服務處主任父喪 比不上"}, {"comment_author": "tonyhsie", "comment_date": ["04/14", "19:23"], "comment_content": "行政院長下凡出巡? 搞笑"}, {"comment_author": "akihitogin", "comment_date": ["04/14", "19:23"], "comment_content": "不意外"}, {"comment_author": "rizalpiggy", "comment_date": ["04/14", "19:25"], "comment_content": "特權王 黨內都可以雙標 不愧是党"}, {"comment_author": "zlzooq", "comment_date": ["04/14", "19:27"], "comment_content": "柯大總召的假急動員笑死人"}, {"comment_author": "aken59420", "comment_date": ["04/14", "19:27"], "comment_content": "不敢罰柯建銘吧"}, {"comment_author": "BroSin", "comment_date": ["04/14", "19:29"], "comment_content": "做做樣子你就信了？"}, {"comment_author": "x80378", "comment_date": ["04/14", "19:33"], "comment_content": "做秀"}, {"comment_author": "gogoapolo", "comment_date": ["04/14", "19:39"], "comment_content": "這就是綠圾"}, {"comment_author": "gomany437", "comment_date": ["04/14", "19:40"], "comment_content": "假動"}, {"comment_author": "vicdecx", "comment_date": ["04/14", "19:40"], "comment_content": "剛好有某人 其他人賺到了 茂喜啊"}, {"comment_author": "yumika", "comment_date": ["04/14", "19:45"], "comment_content": "看吧 整天想放假的立委"}, {"comment_author": "vingfing", "comment_date": ["04/14", "19:46"], "comment_content": "党經營詐騙已經深耕多年"}, {"comment_author": "birdskingla", "comment_date": ["04/14", "19:49"], "comment_content": "關鍵在別人那"}, {"comment_author": "sincos5566", "comment_date": ["04/14", "19:49"], "comment_content": "罰王定宇是看不起顏若芳？"}, {"comment_author": "lime1207", "comment_date": ["04/14", "19:52"], "comment_content": "連黨都拿柯總召沒辦法了"}, {"comment_author": "scum5566", "comment_date": ["04/14", "19:52"], "comment_content": "民進黨的甲動不包括黨內帝王柯麻仔 笑死"}, {"comment_author": "scum5566", "comment_date": ["04/14", "19:52"], "comment_content": "  這很民進黨 OK的"}, {"comment_author": "scum5566", "comment_date": ["04/14", "19:54"], "comment_content": "好了，讓我們繼續檢討民眾黨不投票"}, {"comment_author": "slygun", "comment_date": ["04/14", "20:01"], "comment_content": "必須 呵呵"}, {"comment_author": "sid3", "comment_date": ["04/14", "20:02"], "comment_content": "綠共黨內也能雙標 只罰台南立委"}, {"comment_author": "sid3", "comment_date": ["04/14", "20:02"], "comment_content": "喬王反年改不行嗎"}, {"comment_author": "shi21", "comment_date": ["04/14", "20:04"], "comment_content": "笑死了  不敢罰"}, {"comment_author": "ERIC4268", "comment_date": ["04/14", "20:06"], "comment_content": "欺善怕惡"}, {"comment_author": "karta328", "comment_date": ["04/14", "20:06"], "comment_content": "要扶林俊憲了"}, {"comment_author": "douxid", "comment_date": ["04/14", "20:08"], "comment_content": "下汐下井"}, {"comment_author": "MSmax", "comment_date": ["04/14", "20:10"], "comment_content": "甲動柯總自己喊的 結果請假跑去陪行政院長"}, {"comment_author": "MSmax", "comment_date": ["04/14", "20:11"], "comment_content": "跑行程?"}, {"comment_author": "stu25936", "comment_date": ["04/14", "20:11"], "comment_content": "真的笑死"}, {"comment_author": "binshin", "comment_date": ["04/14", "20:11"], "comment_content": "罰三小～你那根蔥"}, {"comment_author": "harry0702000", "comment_date": ["04/14", "20:12"], "comment_content": "會怕吼，敢得罪我們麻柯"}, {"comment_author": "serrier", "comment_date": ["04/14", "20:13"], "comment_content": "柯立委都趕在立法院的院長背後抽菸"}, {"comment_author": "lucifiel1618", "comment_date": ["04/14", "20:13"], "comment_content": "打點滴都不行，太嚴格惹八"}, {"comment_author": "serrier", "comment_date": ["04/14", "20:13"], "comment_content": "前幾任立法院長是不是魁儡連抽菸都管不了"}, {"comment_author": "nrxadsl", "comment_date": ["04/14", "20:14"], "comment_content": "嘻嘻"}, {"comment_author": "Drink43", "comment_date": ["04/14", "20:17"], "comment_content": "笑死 不敢動柯"}, {"comment_author": "tsairay", "comment_date": ["04/14", "20:18"], "comment_content": "陳建仁再一個月就下台是需要跑什地方行程"}, {"comment_author": "tsairay", "comment_date": ["04/14", "20:18"], "comment_content": "應該是要做甚麼檯面下的事情吧"}, {"comment_author": "lineage1126", "comment_date": ["04/14", "20:18"], "comment_content": "真的遇到戰爭，這些人開著直播逃走"}, {"comment_author": "lineage1126", "comment_date": ["04/14", "20:18"], "comment_content": "都沒事吧？官吶"}, {"comment_author": "Davidlomanyu", "comment_date": ["04/14", "20:21"], "comment_content": "轉彎囉 你各位抓緊一點啊"}, {"comment_author": "lime1207", "comment_date": ["04/14", "20:23"], "comment_content": "dpp的紀律委員會真是笑話  根本沒紀律"}, {"comment_author": "stvc", "comment_date": ["04/14", "20:24"], "comment_content": "沒用的51席寄生台灣"}, {"comment_author": "GiantChicken", "comment_date": ["04/14", "20:25"], "comment_content": "這個好笑 台海戰爭這些傢伙肯定跑"}, {"comment_author": "sexygnome", "comment_date": ["04/14", "20:26"], "comment_content": "這就是南部經驗"}, {"comment_author": "BREAKFAST204", "comment_date": ["04/14", "20:31"], "comment_content": "果然柯總召凌駕於黨紀之上"}, {"comment_author": "kanpfer", "comment_date": ["04/14", "20:32"], "comment_content": "做做樣子，跟伊朗一樣"}, {"comment_author": "qmaper", "comment_date": ["04/14", "20:35"], "comment_content": "喬王就是喬王~連懲處都能喬掉"}, {"comment_author": "letanngo", "comment_date": ["04/14", "20:36"], "comment_content": "夠廢 哈哈"}, {"comment_author": "newcsie68", "comment_date": ["04/14", "20:41"], "comment_content": "連自己人都能雙標 不愧是綠"}, {"comment_author": "ru04hj4", "comment_date": ["04/14", "20:43"], "comment_content": "笑死了啦 以後是不是要特級動員"}, {"comment_author": "ru04hj4", "comment_date": ["04/14", "20:44"], "comment_content": "廢物民進黨 標準他可以你不行"}, {"comment_author": "kenwillians", "comment_date": ["04/14", "20:46"], "comment_content": "真的屌 台灣政治真的沒人拿他皮條"}, {"comment_author": "lienjj", "comment_date": ["04/14", "20:50"], "comment_content": "綠X們 燒起來"}, {"comment_author": "albertk1kil", "comment_date": ["04/14", "20:52"], "comment_content": "雙標黨一直不讓人失望"}, {"comment_author": "projectb", "comment_date": ["04/14", "20:54"], "comment_content": "覺青開始混亂"}, {"comment_author": "JSLee914", "comment_date": ["04/14", "20:56"], "comment_content": "可憐"}, {"comment_author": "hahaxd78", "comment_date": ["04/14", "21:03"], "comment_content": "雙標"}, {"comment_author": "qoo101", "comment_date": ["04/14", "21:05"], "comment_content": "柯總召好大的官威"}, {"comment_author": "ziso", "comment_date": ["04/14", "21:18"], "comment_content": "柯的事由比陳亭妃還廢 這樣不罰???"}, {"comment_author": "ziso", "comment_date": ["04/14", "21:18"], "comment_content": "地方形成 柯建民又不是地方民代 乾他闢室"}, {"comment_author": "zka", "comment_date": ["04/14", "21:22"], "comment_content": "是不敢罰 垃圾政黨政治"}, {"comment_author": "huabandd", "comment_date": ["04/14", "21:25"], "comment_content": "笑死，民進黨果然垃圾"}, {"comment_author": "huabandd", "comment_date": ["04/14", "21:25"], "comment_content": "地方行程比告別式大，真他媽低能"}, {"comment_author": "pipipa", "comment_date": ["04/14", "21:30"], "comment_content": "笑死"}, {"comment_author": "fcz973", "comment_date": ["04/14", "21:35"], "comment_content": "沒投反對的就是暗助國民黨，就是這麼簡單"}, {"comment_author": "bahano", "comment_date": ["04/14", "21:38"], "comment_content": "哈 果然雙標黨"}, {"comment_author": "a90610", "comment_date": ["04/14", "21:39"], "comment_content": "果然是地下皇帝柯總召"}, {"comment_author": "dtggmike", "comment_date": ["04/14", "21:41"], "comment_content": "笑死 假動"}, {"comment_author": "ccw2013", "comment_date": ["04/14", "21:42"], "comment_content": "所以民進黨故意給過嚕，一群垃圾"}, {"comment_author": "sindy520", "comment_date": ["04/14", "21:51"], "comment_content": "罰個一萬根本不痛不癢，但不敢罰總召"}, {"comment_author": "ALDNOAH5566", "comment_date": ["04/14", "22:08"], "comment_content": "不用罰難怪不想來"}, {"comment_author": "hylio7754", "comment_date": ["04/14", "22:10"], "comment_content": "特權中的特權"}, {"comment_author": "charsa", "comment_date": ["04/14", "22:11"], "comment_content": "雙標"}, {"comment_author": "rgnuj122", "comment_date": ["04/14", "22:24"], "comment_content": "怎麼可能罰總召？呵呵"}, {"comment_author": "Tomince", "comment_date": ["04/14", "22:31"], "comment_content": "甲動不到 呵呵 那還有意義嗎"}, {"comment_author": "soy5566", "comment_date": ["04/14", "22:37"], "comment_content": "甲上"}, {"comment_author": "ggttoo", "comment_date": ["04/14", "22:40"], "comment_content": "果然我就說誰敢罰柯麻兒XDD，還真的不敢"}, {"comment_author": "shiaoyan", "comment_date": ["04/14", "22:49"], "comment_content": "麻柯果然厲害"}, {"comment_author": "adifdtd", "comment_date": ["04/14", "22:52"], "comment_content": "挖靠  誰敢動柯建銘阿  XD"}, {"comment_author": "dreamphoenix", "comment_date": ["04/14", "23:14"], "comment_content": "笑死"}, {"comment_author": "godchildtw", "comment_date": ["04/14", "23:27"], "comment_content": "地下總統"}, {"comment_author": "sheepxo", "comment_date": ["04/14", "23:27"], "comment_content": "果然不敢動柯"}, {"comment_author": "Wildsheep", "comment_date": ["04/14", "23:37"], "comment_content": "喬王真的是土皇帝欸"}, {"comment_author": "eastgone", "comment_date": ["04/14", "23:58"], "comment_content": "哈哈哈民進黨哈哈哈"}, {"comment_author": "kevin8290", "comment_date": ["04/14", "23:58"], "comment_content": "規定就是規定，然後柯大麻不罰？科科"}, {"comment_author": "windangellin", "comment_date": ["04/15", "00:18"], "comment_content": "哈哈哈"}, {"comment_author": "i92219", "comment_date": ["04/15", "00:22"], "comment_content": "之前質詢遲到還在那邊哭爸哭媽，現在被黨"}, {"comment_author": "i92219", "comment_date": ["04/15", "00:23"], "comment_content": "罰錢再哭看看啊"}, {"comment_author": "houkihoshi", "comment_date": ["04/15", "00:30"], "comment_content": "規定是規定，但還是會轉彎"}, {"comment_author": "andytank", "comment_date": ["04/15", "00:36"], "comment_content": "民進黨對柯的態度很塔綠班不意外"}, {"comment_author": "cloudpart2", "comment_date": ["04/15", "01:09"], "comment_content": "DPP分裂前奏"}, {"comment_author": "LelockTT", "comment_date": ["04/15", "01:17"], "comment_content": "你的甲不是我的甲"}, {"comment_author": "idofly", "comment_date": ["04/15", "01:24"], "comment_content": "不分區陪視察地方行程？"}, {"comment_author": "forAver", "comment_date": ["04/15", "02:28"], "comment_content": "甲級動員無效 建議下次改甲甲級動員"}, {"comment_author": "imkp", "comment_date": ["04/15", "04:49"], "comment_content": "先推給沒用的8席 呵呵"}, {"comment_author": "casper200695", "comment_date": ["04/15", "06:38"], "comment_content": "兒販毒都沒事了，這算啥"}, {"comment_author": "observer0117", "comment_date": ["04/15", "07:08"], "comment_content": "黨內自己也雙標"}, {"comment_author": "Alaba", "comment_date": ["04/15", "07:41"], "comment_content": "反觀民眾黨不投票，變相支持國民黨"}, {"comment_author": "rakuinn", "comment_date": ["04/15", "07:52"], "comment_content": "綠圾能你不能，懂得就懂  嘻嘻"}, {"comment_author": "dofine", "comment_date": ["04/15", "08:26"], "comment_content": "果然夠力的就不一樣"}, {"comment_author": "mhnl", "comment_date": ["04/15", "08:28"], "comment_content": "哈哈"}, {"comment_author": "WL855470", "comment_date": ["04/15", "08:46"], "comment_content": "沒用的51，55555"}, {"comment_author": "hackfox", "comment_date": ["04/15", "09:00"], "comment_content": "老柯果然動不得，科科"}, {"comment_author": "cmshow", "comment_date": ["04/15", "09:53"], "comment_content": "柯麻皇"}, {"comment_author": "Goog1e", "comment_date": ["04/15", "10:30"], "comment_content": "依照小粉綠邏輯 這些人應該是反年改吧"}, {"comment_author": "sleepbear15", "comment_date": ["04/15", "11:57"], "comment_content": "聽起來很對岸，不愧是綠共"}, {"comment_author": "msin", "comment_date": ["04/15", "13:16"], "comment_content": "刊不上大夫，蟑螂"}, {"comment_author": "QQ55555555", "comment_date": ["04/15", "17:34"], "comment_content": " 笑死 立委不上班，跑去跟行政官員走"}, {"comment_author": "KAWABONGGA", "comment_date": ["04/15", "17:37"], "comment_content": "這畜生黨還有人投得下去，不可思議"}, {"comment_author": "yzhna", "comment_date": ["04/15", "19:01"], "comment_content": "小丑團體 51位 笑死"}]}
