{"author": "lightwish (穹願)", "category": "Gossiping", "title": "[新聞] 中共一季度GDP增速造假 又被抓包", "date": "Thu Apr 18 23:49:51 2024", "content": ["1.媒體來源:新唐人2.記者署名:周歸航3.完整新聞標題:中共一季度GDP增速造假 又被抓包4.完整新聞內文:", "中國經濟持續惡化，中共當局束手無策。圖為2020年2月9日，中國北京的一個購物區的資料圖。（Kevin Frayer/Getty Images）【新唐人北京時間2024年04月17日訊】中共宣布今年第一季度「靚麗」的GDP增速，但股市不買帳，應聲暴跌。此前中共GDP數據就被抓包造假，這次網民翻出去年數據，再次指控當局玩數字游戲。4月16日，中共國家統計局發布數據稱，今年一季度國內生產總值（GDP）「同比增長5.3%」。黨媒自誇，這個增速「優於外界預期」，「代表中國經濟今年開局良好」云云。不過，16日當天，中國股市再次暴跌。根據萬得資訊，16日兩市超過5000家公司下跌，1200多家公司跌幅超過10%，超過700檔股票收盤跌停。上證指數跌到3007點，險些再次失守3000點。中華經濟研究院助研究員王國臣對新唐人表示，「5.3％是不太可能的」，中共官宣的GDP不可信，中國大陸股民也不相信官方的統計數據，所以表現出來的是異常的悲觀。網民翻查去年GDP數據發現，中共當局再次撒謊。中共國家統計局去年4月公布，2023年一季度國內生產總值為284,997億元（人民幣，下同）。其中，第一產業增加值11,575億元，第二產業增加值107,947億元，第三產業增加值165,475億元。今年當局公布，2024年一季度國內生產總值為296,299億元，按不變價格計算，同比增長5.3%。其中第一產業增加值11,538億元，同比增長3.3%；第二產業增加值109,846億元，增長6%；第三產業增加值174,915億元，增長5%。但網友根據前後兩年的GDP金額計算發現，今年第一季度GDP同比增速還不到4.0%。其它三個產業的增速也與官宣的數字不同。其中第一產業增加值甚至低於去年，官方卻宣稱「同比增長3.3%」。第三產業增加值比去年增長5.7%，但官方卻稱只「增長5%」。獨立時評人蔡慎坤在推特分享了網友製作的數據對比圖，嘲諷中共統計局「完全不管常識了」。", "蔡慎坤推特。（網頁截圖）還有網友提到，第一季度4.0%的GDP增速是直接用當年的GDP金額計算的結果，如果用官方宣稱的「按不變價格計算」，算出的GDP增速會更低。按照中共國家統計局官網給出的解釋，所謂「按不變價格計算」，是將前後兩年的GDP金額各自除以當年的價格指數（CPI），得出所謂的「不變價GDP」，然後再計算增速。因為通貨膨脹，近一年來官方公布的價格指數一直在增加當中，因此今年一季度的價格指數大於去年一季度的價格指數，如果「按不變價格計算」，今年第一季度的GDP增速還要低於4.0%。中共統計局2020年至2024年使用的「不變價」是以2020年價格為基準，所以當前公布的價格指數也是以2020年為基準。因此有網友嘲諷，當局宣稱今年一季度GDP「同比增長5.3%」，看來唯一的解釋是「當局又核減了去年一季度的GDP總額」。不久前，中共公布全國和各省份2023年的GDP增速，外界也發現與用前後兩年的GDP金額計算出的結果不符。其中，河南省2023年GDP總額遠遠低於2022年，當局卻宣稱2023年GDP「同比增長4.1%」，一度引發國際輿論關注。【先前報導：公然改降為升？河南GDP被嘲造假玩數字游戲】隨後中共官方給出解釋，聲稱經過「進一步核查」，「實事求是」地調降了2022年GDP總額。當時輿論嘲諷，中共開始明目張膽地「玩數字游戲」，北京當局公布的經濟數據已經徹底失去參考價值。（記者周歸航綜合報導/責任編輯：林清）5.完整新聞連結 (或短網址)不可用YAHOO、LINE、MSN等轉載媒體:", "6.備註:--「我是一名醫生，我用了30年時間，在研究如何幫助他人擺脫疾病的痛苦。  我再也沒有想到，我會用十年時間來調查、研究 醫生是怎麼去殺人的……」", "--"], "post_comment": [{"comment_author": "tom77588", "comment_date": ["04/18", "23:58"], "comment_content": "大妓院"}, {"comment_author": "meta41110", "comment_date": ["04/19", "00:06"], "comment_content": "凸( ﾟдﾟ)凸新唐兒"}, {"comment_author": "leterg", "comment_date": ["04/19", "03:38"], "comment_content": "還好吧！我們也不差"}, {"comment_author": "pomar222", "comment_date": ["04/19", "12:59"], "comment_content": "台胞皇城內一片祥和"}]}
