{"author": "Qunnine (qunnine)", "category": "Gossiping", "title": "[新聞] 「創意私房」金流揭露 2年多逾3000筆交", "date": "Sun Apr 14 00:08:24 2024", "content": ["「創意私房」金流揭露 2年多逾3000筆交易、收款近3000萬2024/4/12 21:31（4/12 21:54 更新）（中央社記者江明晏台北12日電）加密貨幣交易所XREX發布一份金流分析報告，揭露台版N號房「創意私房」4個錢包的區塊鏈上金流，從2021年底至2024年4月，「入金」到創意私房的交易筆數逾3200次，4個錢包共收款89.4萬泰達幣（USDT），換算約新台幣2880萬元。網路論壇「創意私房」聚集大量非法偷拍、兒少性犯罪影像，藝人黃子佼遭爆料也是高級會員，持有至少7部未成年性影像，引發軒然大波。加密貨幣交易所XREX共同創辦人暨集團執行長黃耀文今天在臉書上發文表示，XREX發表一份金流分析報告，揭露台版N號房「創意私房」4個錢包的區塊鏈上金流，以MistTrack、Arkham、BitQuery和 OKLink等區塊鏈分析與幣流可視化工具，追查「創意私房」金流的上下游關係，試圖尋找在真實世界中，消費的「會員」及從中獲得利益的「背後集團」。他表示，過去很多人都認為，只要金流進入到加密貨幣就是一個斷點；但其實可以從技術上解決這個問題，甚至在傳統調查網域遇到阻礙時，轉往區塊鏈上追查，可以告訴我們更多蛛絲馬跡，讓不法分子現蹤。報告中分析，創意私房4個用來收款的加密貨幣錢包，從2021年底至2024年4月，「入金」到創意私房的交易筆數（可能是會員），合計逾3200次，4個錢包加總共收款89.4萬泰達幣（USDT），換算約新台幣2880萬元。根據報告指出，最新一次資金轉移發生在4月10日晚間11時19分，由OKX交易所轉入第4個收款錢包，意味此錢包仍被頻繁使用、處於活躍狀態。報告指出，以「入金」的交易筆數和收款的錢包數量而言，「創意私房」的4個錢包之間可能會有所重疊；再細看可能的實際受者，有10個「託管型錢包」從「創意私房」收到超過1萬泰達幣，這10個錢包也頻繁地收到這4個錢包移轉的資金。黃耀文進一步說，這份27頁報告的完整版本已提供給執法單位，內容包含以下重要資訊，包含使用的區塊鏈分析工具、分析證據的邏輯與流程、可能實際掌握「創意私房」款項控制的錢包、可能的「上游」會員錢包、可能的「下游」實際受益者、可追查「創意私房」相關錢包整理。XREX在2018年創立，營運與研發中心設於台北，團隊成員包括網路安全、金融科技、法遵和加密貨幣領域的全球專家。（編輯：張良知）1130412", "--"], "post_comment": [{"comment_author": "mikasamikoto", "comment_date": ["04/14", "00:10"], "comment_content": "台男不意外"}, {"comment_author": "monnom", "comment_date": ["04/14", "00:10"], "comment_content": "台灣N號房"}, {"comment_author": "brianuser", "comment_date": ["04/14", "00:13"], "comment_content": "生意好差"}, {"comment_author": "gbcboy2002", "comment_date": ["04/14", "00:16"], "comment_content": "賺那麼慢不如去做詐騙"}, {"comment_author": "g4zoco196", "comment_date": ["04/14", "00:18"], "comment_content": "真少 不如種大麻 市值隨便破億"}, {"comment_author": "keroro39", "comment_date": ["04/14", "00:18"], "comment_content": "我覺得一定很多使用者 但他們一個也不會"}, {"comment_author": "keroro39", "comment_date": ["04/14", "00:18"], "comment_content": "說"}, {"comment_author": "kayak5566", "comment_date": ["04/14", "00:22"], "comment_content": "阿不就好棒棒"}, {"comment_author": "kayak5566", "comment_date": ["04/14", "00:23"], "comment_content": "可以幫國稅局抓虛幣獲利ㄇ"}, {"comment_author": "rq654", "comment_date": ["04/14", "00:25"], "comment_content": "好 哪時候才把這些會員抓出來"}, {"comment_author": "johnny3", "comment_date": ["04/14", "00:27"], "comment_content": "好少"}, {"comment_author": "asdzxc1662", "comment_date": ["04/14", "00:29"], "comment_content": "詐騙還賺比較多"}, {"comment_author": "ilsr", "comment_date": ["04/14", "00:31"], "comment_content": "這...去詐騙早不知賺幾個E了"}, {"comment_author": "twmadrid", "comment_date": ["04/14", "00:37"], "comment_content": "真無聊 幹嘛抓這種 與其抓這種不如抓"}, {"comment_author": "twmadrid", "comment_date": ["04/14", "00:38"], "comment_content": "台灣國內暴力案件的+9"}, {"comment_author": "mokumoku", "comment_date": ["04/14", "00:44"], "comment_content": "隨便一各有台灣價值官員撈的都比這多"}, {"comment_author": "cymtrex", "comment_date": ["04/14", "00:46"], "comment_content": "查下去動搖党本"}, {"comment_author": "birdy590", "comment_date": ["04/14", "00:52"], "comment_content": "交給執法單位有啥用 國外不認為有犯罪"}, {"comment_author": "Athchen", "comment_date": ["04/14", "00:52"], "comment_content": "陳明文的十個包裹而已"}, {"comment_author": "deity1266", "comment_date": ["04/14", "01:16"], "comment_content": "所以有要抓嗎..."}, {"comment_author": "rakuinn", "comment_date": ["04/14", "01:35"], "comment_content": "一堆垃圾無賴"}, {"comment_author": "wei9898", "comment_date": ["04/14", "02:33"], "comment_content": "就怕抓到黨自己人"}, {"comment_author": "superman0837", "comment_date": ["04/14", "02:36"], "comment_content": "這個的會員 可以判什麼？"}, {"comment_author": "IPena", "comment_date": ["04/14", "06:14"], "comment_content": "你查的到這個 不去查幾個億的詐騙? 共犯?"}, {"comment_author": "gn01693664", "comment_date": ["04/14", "06:14"], "comment_content": "所以金流是抓得到的欸 詐騙集團笑你"}, {"comment_author": "suckpopo", "comment_date": ["04/14", "06:38"], "comment_content": "不如幫大小姐超買香菸，賺得多又可以升"}, {"comment_author": "suckpopo", "comment_date": ["04/14", "06:38"], "comment_content": "官"}, {"comment_author": "Haerin520", "comment_date": ["04/14", "07:47"], "comment_content": "有要抓嗎 抓得到嗎"}, {"comment_author": "lusifa2007", "comment_date": ["04/14", "08:33"], "comment_content": "然後這些錢包的所有者是誰 你知道嗎"}, {"comment_author": "lusifa2007", "comment_date": ["04/14", "08:33"], "comment_content": "？"}, {"comment_author": "jccccc568796", "comment_date": ["04/14", "10:56"], "comment_content": "笑死 哪來的野雞記者 都用虛擬幣收"}, {"comment_author": "jccccc568796", "comment_date": ["04/14", "10:56"], "comment_content": "貨款了  哪可能白痴到用交易所錢包"}, {"comment_author": "jccccc568796", "comment_date": ["04/14", "10:57"], "comment_content": "阿…"}, {"comment_author": "evermpeg2", "comment_date": ["04/14", "11:26"], "comment_content": "抓不抓都不是重點啦，現在就是要把黃塑"}, {"comment_author": "evermpeg2", "comment_date": ["04/14", "11:26"], "comment_content": "造一個十惡不赦形象，還有週邊新聞有話"}, {"comment_author": "evermpeg2", "comment_date": ["04/14", "11:26"], "comment_content": "題性，這樣剛好可以掩蓋最重要的新聞"}, {"comment_author": "yelan1047", "comment_date": ["04/14", "15:07"], "comment_content": "抓到金流不去抓人有屁用？就跟黃國昌"}, {"comment_author": "yelan1047", "comment_date": ["04/14", "15:07"], "comment_content": "每天嗆聲 那群綠共還是沒事一樣"}, {"comment_author": "iPolo3", "comment_date": ["04/16", "19:38"], "comment_content": "連金流都抓不到買的人喔 笑死 有想過怎麼"}, {"comment_author": "iPolo3", "comment_date": ["04/16", "19:38"], "comment_content": "抓免費仔ㄇ"}]}
