{"author": "ThisisLongID (長哀滴)", "category": "Gossiping", "title": "[新聞] 「為母則強」護身障兒…美85歲老婦雙手被", "date": "Sat Apr 13 14:30:19 2024", "content": ["「為母則強」護身障兒…美85歲老婦雙手被銬 仍開槍擊斃入侵歹徒udn莊瑞萌一名住在愛達荷州85歲的老婦人3月時家中遭歹徒闖入，為了保護自己與身心障礙的兒子，她開槍擊斃歹徒，", "詹尼安表示，她決定使用致命手段保護自己與身心障礙的兒子是因為「機不可失」，否則對方會殺了她。賓厄姆郡(Bingham County)檢察官喬利(Ryan Jolley)說，「本案的正當防衛和合法殺人分析十分清楚」，他認為詹尼安並無過失。與兒子住在鄉下的詹尼安向警方表示，今年3月13日約凌晨2點，她被一名身穿軍裝、臉戴黑色頭套的陌生人吵醒，對方還拿槍與手電筒指著她。事後警方研判", "詹尼安說，嫌犯將她帶到客廳，", "，並大聲問她「貴重的東西藏在家中何處」，還拿手槍對準她的頭，於是這名老婦人只好說，樓下有兩個保險箱但裡頭並無太多貴重物品。等到嫌犯下樓放她一個人時，", "此時康登回來後大發怒氣表示說，詹尼安並未告知兒子也在屋裡，並再度威脅要殺了她，詹尼安當下拿出藏在沙發的手槍並朝康登開槍，康登則用手中的手槍回擊，造成", "警方報告指出，", "事後喬利引用愛達荷州的「堅守陣地法則」(stand your ground law)，認為詹尼安為了保護自己而使用任何做法有其正當性。", "血條超厚的阿嬤贏了--", "補充阿嬤用的是.357麥格農手槍 2槍斃了綁匪狠角色", "04/14 16:26", "04/14 16:26"], "post_comment": [{"comment_author": "doubleperson", "comment_date": ["04/13", "14:31"], "comment_content": "不要講反觀喔"}, {"comment_author": "whitenoise", "comment_date": ["04/13", "14:31"], "comment_content": "帥啊！對人渣不用客氣"}, {"comment_author": "devidevi", "comment_date": ["04/13", "14:31"], "comment_content": "雙方互相開槍"}, {"comment_author": "tmgl", "comment_date": ["04/13", "14:32"], "comment_content": "好偉大的媽媽"}, {"comment_author": "choobii", "comment_date": ["04/13", "14:32"], "comment_content": "嫌犯也太廢 還被85歲的幹掉"}, {"comment_author": "whitenoise", "comment_date": ["04/13", "14:32"], "comment_content": "台灣對人渣都超好"}, {"comment_author": "leo921080931", "comment_date": ["04/13", "14:32"], "comment_content": "10小時..."}, {"comment_author": "jack8587", "comment_date": ["04/13", "14:32"], "comment_content": "這兒子10小時都在衝三小？"}, {"comment_author": "tony15899", "comment_date": ["04/13", "14:32"], "comment_content": "歹徒白人 那沒事了"}, {"comment_author": "darkbrigher", "comment_date": ["04/13", "14:32"], "comment_content": "中槍10小時沒死 這是不是退役的超英?"}, {"comment_author": "xzcb2008", "comment_date": ["04/13", "14:32"], "comment_content": "連恩尼遜輸了"}, {"comment_author": "YLTYY", "comment_date": ["04/13", "14:32"], "comment_content": "(づ′・ω・）づ支持槍械自由化"}, {"comment_author": "YLTYY", "comment_date": ["04/13", "14:33"], "comment_content": "85歲阿嬤 沒槍做得到嗎？⊂(・ω・⊂)"}, {"comment_author": "YLTYY", "comment_date": ["04/13", "14:33"], "comment_content": "給予人民保護自己的權利"}, {"comment_author": "clv", "comment_date": ["04/13", "14:34"], "comment_content": "在台灣  會被判過失殺人 還要賠入侵者"}, {"comment_author": "snow3804", "comment_date": ["04/13", "14:34"], "comment_content": "這兒子10小時都在睡逆"}, {"comment_author": "fp737", "comment_date": ["04/13", "14:34"], "comment_content": "連恩尼遜的姊姊嗎"}, {"comment_author": "koala7124", "comment_date": ["04/13", "14:34"], "comment_content": "85歲開槍還能握的住！？"}, {"comment_author": "alex00089", "comment_date": ["04/13", "14:35"], "comment_content": "嫌犯叫保險套？"}, {"comment_author": "ghostl40809", "comment_date": ["04/13", "14:35"], "comment_content": "中四槍 10小時候報案 然後活下來!!??"}, {"comment_author": "rony98", "comment_date": ["04/13", "14:35"], "comment_content": "兒子就身心障礙啊 不用酸他10小時在幹嘛吧"}, {"comment_author": "ghostl40809", "comment_date": ["04/13", "14:35"], "comment_content": "阿嬤好強啊"}, {"comment_author": "qDaniel", "comment_date": ["04/13", "14:35"], "comment_content": "兒子是身障人士..鄉民不要腦衝…"}, {"comment_author": "xiemh420", "comment_date": ["04/13", "14:36"], "comment_content": "85歲身上多處中槍10小時後還存活"}, {"comment_author": "xiemh420", "comment_date": ["04/13", "14:36"], "comment_content": "太神啦這阿罵"}, {"comment_author": "vwpassat", "comment_date": ["04/13", "14:36"], "comment_content": ".22LR Bullet 後座力沒那麼大！"}, {"comment_author": "levs", "comment_date": ["04/13", "14:36"], "comment_content": "美國治安好差"}, {"comment_author": "vwpassat", "comment_date": ["04/13", "14:37"], "comment_content": "或是 9x19mm！"}, {"comment_author": "qoo60606", "comment_date": ["04/13", "14:37"], "comment_content": "太勇了吧 中槍還被銬住4小時存活"}, {"comment_author": "rainylife", "comment_date": ["04/13", "14:37"], "comment_content": "胸部中彈撐10個小時? 電影是真的"}, {"comment_author": "buyala", "comment_date": ["04/13", "14:38"], "comment_content": "阿罵扛了四槍欸"}, {"comment_author": "SaChiA5566", "comment_date": ["04/13", "14:38"], "comment_content": "溫馨"}, {"comment_author": "cocojohn111", "comment_date": ["04/13", "14:38"], "comment_content": "85歲被打十幾槍 還能撐10個小時等那"}, {"comment_author": "ls4860", "comment_date": ["04/13", "14:38"], "comment_content": "中四槍的是歹徒好嗎..."}, {"comment_author": "s48625", "comment_date": ["04/13", "14:38"], "comment_content": "在台灣等著被關到死"}, {"comment_author": "cocojohn111", "comment_date": ["04/13", "14:38"], "comment_content": "個弱智打電話救 命不夠硬真的不要生"}, {"comment_author": "cocojohn111", "comment_date": ["04/13", "14:38"], "comment_content": "弱智"}, {"comment_author": "pansquarl", "comment_date": ["04/13", "14:38"], "comment_content": "四個部位中槍還能撐10幾個小時等救援"}, {"comment_author": "bestteam", "comment_date": ["04/13", "14:38"], "comment_content": "好猛"}, {"comment_author": "pansquarl", "comment_date": ["04/13", "14:39"], "comment_content": "，這阿嬤太強"}, {"comment_author": "opm", "comment_date": ["04/13", "14:39"], "comment_content": "這故事告訴我們補槍的重要性"}, {"comment_author": "orze04", "comment_date": ["04/13", "14:39"], "comment_content": "胸腹中槍拖10小時…"}, {"comment_author": "suyusian", "comment_date": ["04/13", "14:39"], "comment_content": " 85歲胸腹中彈撐10小時沒死，血條超厚"}, {"comment_author": "orze04", "comment_date": ["04/13", "14:39"], "comment_content": "命超硬"}, {"comment_author": "pansquarl", "comment_date": ["04/13", "14:39"], "comment_content": "兒子身心障礙，能平安拿手機上來算是"}, {"comment_author": "opm", "comment_date": ["04/13", "14:39"], "comment_content": "跟上了手銬也可以殺人"}, {"comment_author": "pansquarl", "comment_date": ["04/13", "14:39"], "comment_content": "保佑了好嗎"}, {"comment_author": "coffee112", "comment_date": ["04/13", "14:40"], "comment_content": "qq"}, {"comment_author": "BikiniBottom", "comment_date": ["04/13", "14:40"], "comment_content": "美劇演的都是真的！"}, {"comment_author": "cocojohn111", "comment_date": ["04/13", "14:41"], "comment_content": "血都沒流乾也很神 水在那邊滴10個小"}, {"comment_author": "cocojohn111", "comment_date": ["04/13", "14:41"], "comment_content": "時也該滴光了"}, {"comment_author": "MKAngelheart", "comment_date": ["04/13", "14:41"], "comment_content": "這阿嬤太厲害了吧…."}, {"comment_author": "orze04", "comment_date": ["04/13", "14:41"], "comment_content": "阿嬤如果不反擊，兩個人都會被殺"}, {"comment_author": "e1q3z9c7", "comment_date": ["04/13", "14:41"], "comment_content": "在台灣老人家就準備被法官惡整了"}, {"comment_author": "kamelol", "comment_date": ["04/13", "14:41"], "comment_content": "為母則強，強大的意志力"}, {"comment_author": "s81048112", "comment_date": ["04/13", "14:42"], "comment_content": "....靠10小時 超硬"}, {"comment_author": "whface", "comment_date": ["04/13", "14:42"], "comment_content": "反觀鬼島法官會說要先示警才能開槍且不能"}, {"comment_author": "r02182828", "comment_date": ["04/13", "14:43"], "comment_content": "問身心障礙兒子在衝三小的是在衝三小?"}, {"comment_author": "whface", "comment_date": ["04/13", "14:43"], "comment_content": "擊中重要部位 接著歹徒家屬會對被害者求償"}, {"comment_author": "s81048112", "comment_date": ["04/13", "14:44"], "comment_content": "應該是有先休克後醒來"}, {"comment_author": "sirius65482", "comment_date": ["04/13", "14:44"], "comment_content": "不能奪槍嗎"}, {"comment_author": "exhausty", "comment_date": ["04/13", "14:45"], "comment_content": "還好是在美國 有公正一點的法官"}, {"comment_author": "swera", "comment_date": ["04/13", "14:45"], "comment_content": "台灣法官:搶匪未開槍先開槍 蓄意殺人成立"}, {"comment_author": "nosheep", "comment_date": ["04/13", "14:45"], "comment_content": "太神了"}, {"comment_author": "ian41360", "comment_date": ["04/13", "14:45"], "comment_content": "這在台灣，屋主不關個20年說不過去"}, {"comment_author": "swera", "comment_date": ["04/13", "14:46"], "comment_content": "有期徒刑25年 須賠償搶匪家屬200萬"}, {"comment_author": "zxc17893", "comment_date": ["04/13", "14:46"], "comment_content": "阿嬤手胸腹腳中槍還沒死太強了吧"}, {"comment_author": "jaceda", "comment_date": ["04/13", "14:46"], "comment_content": "鬼島法官就慘了,你要先被打死才能開槍 (?"}, {"comment_author": "Risedo", "comment_date": ["04/13", "14:46"], "comment_content": "真民主國家"}, {"comment_author": "Risedo", "comment_date": ["04/13", "14:47"], "comment_content": "台灣會先檢討被害者"}, {"comment_author": "clkdtm32", "comment_date": ["04/13", "14:47"], "comment_content": "可以拍電影了"}, {"comment_author": "engineer1", "comment_date": ["04/13", "14:48"], "comment_content": "地表最強老媽"}, {"comment_author": "loliconrd", "comment_date": ["04/13", "14:48"], "comment_content": "判這案子的法官就不會累  台灣的笑死"}, {"comment_author": "desolate", "comment_date": ["04/13", "14:50"], "comment_content": "這太扯了  中槍還能挺那麼久"}, {"comment_author": "RLH", "comment_date": ["04/13", "14:51"], "comment_content": "這沒什麼爭議吧 強闖民宅本身就可以死了"}, {"comment_author": "thirtyto", "comment_date": ["04/13", "14:51"], "comment_content": "銬在椅子  還能開槍  殺了歹徒?????"}, {"comment_author": "Arkzeon", "comment_date": ["04/13", "14:51"], "comment_content": "阿婆中寺羌，RRRRR、兒子啊、一定要､傳"}, {"comment_author": "aw7square", "comment_date": ["04/13", "14:51"], "comment_content": "左輪 超屌"}, {"comment_author": "Arkzeon", "comment_date": ["04/13", "14:51"], "comment_content": "承我、RRRRR"}, {"comment_author": "thirtyto", "comment_date": ["04/13", "14:52"], "comment_content": "還中了四槍  沒死"}, {"comment_author": "GonVolcano", "comment_date": ["04/13", "14:52"], "comment_content": "法官：歹徒可教化你卻擊斃"}, {"comment_author": "zainc", "comment_date": ["04/13", "14:53"], "comment_content": "豪不猶豫開槍，看遍世態的85老婦狠腳色~"}, {"comment_author": "miforward", "comment_date": ["04/13", "14:54"], "comment_content": "在台灣，婦人重判，還要賠償嫌犯"}, {"comment_author": "a0986188522", "comment_date": ["04/13", "14:54"], "comment_content": "這在台灣婦人準備進去蹲"}, {"comment_author": "machiusheng", "comment_date": ["04/13", "14:55"], "comment_content": "40%：落後國家 歹徒有悔意"}, {"comment_author": "newyorker54", "comment_date": ["04/13", "14:59"], "comment_content": "台灣的罪犯安全網還是讚"}, {"comment_author": "YuXun2021", "comment_date": ["04/13", "14:59"], "comment_content": "溫馨"}, {"comment_author": "derekhsu", "comment_date": ["04/13", "15:00"], "comment_content": "這是左輪槍平常就是上彈狀態喔"}, {"comment_author": "qoojo2002", "comment_date": ["04/13", "15:01"], "comment_content": "沒失血嗎"}, {"comment_author": "metam", "comment_date": ["04/13", "15:02"], "comment_content": "我啊罵都比你強"}, {"comment_author": "afu4869", "comment_date": ["04/13", "15:02"], "comment_content": "哇 這老太太戰力也太猛了吧 這樣沒死?"}, {"comment_author": "NCUking", "comment_date": ["04/13", "15:02"], "comment_content": "反觀鬼島"}, {"comment_author": "armedlove", "comment_date": ["04/13", "15:03"], "comment_content": "身中這麼多發可以撐10小時 厲害"}, {"comment_author": "MyPetTankDie", "comment_date": ["04/13", "15:04"], "comment_content": "踢牙的老奶奶"}, {"comment_author": "MyPetTankDie", "comment_date": ["04/13", "15:07"], "comment_content": "左輪平常艙室放著子彈倒是沒什麼問"}, {"comment_author": "MyPetTankDie", "comment_date": ["04/13", "15:07"], "comment_content": "題，至少問題比彈夾的少，不過要說"}, {"comment_author": "MyPetTankDie", "comment_date": ["04/13", "15:07"], "comment_content": "別買到品質垃圾的彈夾一般正版槍那"}, {"comment_author": "MyPetTankDie", "comment_date": ["04/13", "15:07"], "comment_content": "樣放著也沒什麼大問題就是，甚至新"}, {"comment_author": "MyPetTankDie", "comment_date": ["04/13", "15:07"], "comment_content": "一點的上膛都不用就能強制擊發，不"}, {"comment_author": "MyPetTankDie", "comment_date": ["04/13", "15:08"], "comment_content": "建議而已，但考慮到用途是緊急應對"}, {"comment_author": "MyPetTankDie", "comment_date": ["04/13", "15:08"], "comment_content": "也只能那樣放吧"}, {"comment_author": "obovqq", "comment_date": ["04/13", "15:09"], "comment_content": "阿罵血厚耶☺"}, {"comment_author": "linnx", "comment_date": ["04/13", "15:10"], "comment_content": "有槍有人權。  左輪平時不上滿子彈是來亂的"}, {"comment_author": "linnx", "comment_date": ["04/13", "15:10"], "comment_content": "嗎？"}, {"comment_author": "blueskyqoo", "comment_date": ["04/13", "15:11"], "comment_content": "不是阿 人人都有槍 也在搶"}, {"comment_author": "hhbbookao", "comment_date": ["04/13", "15:11"], "comment_content": "想起台灣 壓制小偷造成死亡的新聞"}, {"comment_author": "siyabear", "comment_date": ["04/13", "15:12"], "comment_content": "台灣恐龍，妳可以奪棒啊，蓄意殺人重判2"}, {"comment_author": "siyabear", "comment_date": ["04/13", "15:12"], "comment_content": "0年"}, {"comment_author": "shi21", "comment_date": ["04/13", "15:13"], "comment_content": "85歲中槍10小時還能活著會不會太強了點?"}, {"comment_author": "yu7777", "comment_date": ["04/13", "15:13"], "comment_content": "這可以赦免嗎 正當保衛吧"}, {"comment_author": "ThisisLongID", "comment_date": ["04/13", "15:14"], "comment_content": "美國不是台灣 檢察官說無過失"}, {"comment_author": "Arkzeon", "comment_date": ["04/13", "15:15"], "comment_content": "英高世界穿越來的老人吧。平常是無害的"}, {"comment_author": "Arkzeon", "comment_date": ["04/13", "15:15"], "comment_content": "NPC，特殊條件後就秀出史詩bgm跟超長血"}, {"comment_author": "Arkzeon", "comment_date": ["04/13", "15:15"], "comment_content": "條"}, {"comment_author": "Victory2", "comment_date": ["04/13", "15:16"], "comment_content": "太厲害了，這絕對有正當性啊！"}, {"comment_author": "k798976869", "comment_date": ["04/13", "15:17"], "comment_content": "好強"}, {"comment_author": "rommel1990", "comment_date": ["04/13", "15:17"], "comment_content": "我靠，阿罵有槍啊"}, {"comment_author": "PLAYGGGG", "comment_date": ["04/13", "15:17"], "comment_content": "比阿館多吃一羌"}, {"comment_author": "Innofance", "comment_date": ["04/13", "15:18"], "comment_content": "劫匪拿9mm的，中好幾發沒死真的命大"}, {"comment_author": "Nerv", "comment_date": ["04/13", "15:19"], "comment_content": "中四槍還活下來，這阿嬤是坦啊"}, {"comment_author": "Victory2", "comment_date": ["04/13", "15:19"], "comment_content": ".357麥格農？！這是城市獵人等級呀"}, {"comment_author": "P00832129", "comment_date": ["04/13", "15:21"], "comment_content": "想到台灣護妻那位 可憐R"}, {"comment_author": "bobby4755", "comment_date": ["04/13", "15:22"], "comment_content": "85歲中槍10小時才送醫 超猛"}, {"comment_author": "gusser", "comment_date": ["04/13", "15:23"], "comment_content": "台灣法官不會判這種 跟智障一樣"}, {"comment_author": "gusser", "comment_date": ["04/13", "15:24"], "comment_content": "還壓力太大自殺 廢物"}, {"comment_author": "gy206578", "comment_date": ["04/13", "15:24"], "comment_content": "在台灣會被檢調仔聲押禁見幾個月"}, {"comment_author": "s9234032", "comment_date": ["04/13", "15:27"], "comment_content": "阿嬤真強= ="}, {"comment_author": "s9234032", "comment_date": ["04/13", "15:27"], "comment_content": "能養身心障礙兒子到中年的 心智都堅韌"}, {"comment_author": "op520", "comment_date": ["04/13", "15:28"], "comment_content": "這在台灣智障法官絕對判有罪"}, {"comment_author": "sheep79119", "comment_date": ["04/13", "15:29"], "comment_content": "阿嬤好猛"}, {"comment_author": "tyifgee", "comment_date": ["04/13", "15:30"], "comment_content": "這阿嬤超猛…"}, {"comment_author": "s81048112", "comment_date": ["04/13", "15:34"], "comment_content": ".357麥格農手槍 @@"}, {"comment_author": "cado0824", "comment_date": ["04/13", "15:36"], "comment_content": "上面先告訴我台灣哪個民眾拿槍出來出來"}, {"comment_author": "harryzx0", "comment_date": ["04/13", "15:36"], "comment_content": "阿嬤好猛"}, {"comment_author": "sunnyyoung", "comment_date": ["04/13", "15:40"], "comment_content": "靠 這阿嬤是美國隊長嗎"}, {"comment_author": "drmactt", "comment_date": ["04/13", "15:43"], "comment_content": "美國米斯達 神坦阿罵"}, {"comment_author": "selvester", "comment_date": ["04/13", "15:48"], "comment_content": ".357 這只需一槍內臟即可帶走"}, {"comment_author": "porkonrice", "comment_date": ["04/13", "15:48"], "comment_content": "在台灣老婦會被判刑"}, {"comment_author": "chengmei", "comment_date": ["04/13", "15:48"], "comment_content": "還好不是在台灣 不然就是防衛過當"}, {"comment_author": "DA3921999", "comment_date": ["04/13", "15:53"], "comment_content": "超級坦，有坦有輸出"}, {"comment_author": "neo74214", "comment_date": ["04/13", "15:53"], "comment_content": "godlike!"}, {"comment_author": "cc117706", "comment_date": ["04/13", "15:53"], "comment_content": "這阿嬤超神..."}, {"comment_author": "Ycosmos", "comment_date": ["04/13", "15:55"], "comment_content": "腹部 胸部都中槍還撐10小時"}, {"comment_author": "jads210244", "comment_date": ["04/13", "15:55"], "comment_content": "85歲中槍還能撐10小時"}, {"comment_author": "vincent0965", "comment_date": ["04/13", "15:56"], "comment_content": "東亞某垃圾鬼島的法官：你可以教化他"}, {"comment_author": "vincent0965", "comment_date": ["04/13", "15:56"], "comment_content": "啊！"}, {"comment_author": "ivanos", "comment_date": ["04/13", "15:56"], "comment_content": "就像砂卡礑被活埋時抱著護住兒子的游家媽"}, {"comment_author": "ivanos", "comment_date": ["04/13", "15:56"], "comment_content": "媽"}, {"comment_author": "dd1115dd1115", "comment_date": ["04/13", "15:57"], "comment_content": "特務？"}, {"comment_author": "nutrino", "comment_date": ["04/13", "15:59"], "comment_content": "堅強給推 還好不是鬼島法官審判"}, {"comment_author": "fallen01", "comment_date": ["04/13", "16:00"], "comment_content": "如果阿嬤拿.357不意外    一發就夠了"}, {"comment_author": "fdkevin", "comment_date": ["04/13", "16:00"], "comment_content": "超級阿嬤"}, {"comment_author": "DM1984", "comment_date": ["04/13", "16:01"], "comment_content": "十分鐘我都撐不了吧 太強"}, {"comment_author": "Yidra", "comment_date": ["04/13", "16:02"], "comment_content": "中數槍還稱了10小時才送醫 阿嬤超神"}, {"comment_author": "JackTheRippe", "comment_date": ["04/13", "16:04"], "comment_content": "反觀鬼島頂大畢法律仔只會嚷嚷很嚴"}, {"comment_author": "JackTheRippe", "comment_date": ["04/13", "16:04"], "comment_content": "重很嚴重都很嚴重"}, {"comment_author": "xsamurai", "comment_date": ["04/13", "16:08"], "comment_content": "台灣法律只會保護入侵者，慘"}, {"comment_author": "zzzzzzzzzzzy", "comment_date": ["04/13", "16:09"], "comment_content": "可能剛好都沒打到動脈"}, {"comment_author": "hallow", "comment_date": ["04/13", "16:09"], "comment_content": "這阿嬤是惡靈古堡的boss嗎？"}, {"comment_author": "steamedbun", "comment_date": ["04/13", "16:09"], "comment_content": "\"身心障礙的兒子\"  一堆不看內文的"}, {"comment_author": "hallow", "comment_date": ["04/13", "16:09"], "comment_content": "這血條不科學啊"}, {"comment_author": "arm370x", "comment_date": ["04/13", "16:14"], "comment_content": "主要是美國阿罵手也蠻穩好猛喔平常有重訓"}, {"comment_author": "arm370x", "comment_date": ["04/13", "16:14"], "comment_content": "嗎"}, {"comment_author": "arm370x", "comment_date": ["04/13", "16:16"], "comment_content": "357一發殺傷力差不多一般9mm的1.5倍"}, {"comment_author": "kodo555", "comment_date": ["04/13", "16:16"], "comment_content": "美國阿嬤！"}, {"comment_author": "trashcan0512", "comment_date": ["04/13", "16:23"], "comment_content": "在台灣腦殘法官會叫阿嬤壓制歹徒"}, {"comment_author": "glasseater", "comment_date": ["04/13", "16:25"], "comment_content": "85歲中3槍放10小時沒死…這什麼鬼…"}, {"comment_author": "misthide", "comment_date": ["04/13", "16:26"], "comment_content": "85歲 被銬住 還有辦法殺死歹徒..."}, {"comment_author": "ex990000", "comment_date": ["04/13", "16:26"], "comment_content": "反觀台灣丈夫保護孕妻勒死小偷被判刑"}, {"comment_author": "new71050", "comment_date": ["04/13", "16:29"], "comment_content": "替身使者吧"}, {"comment_author": "smalltalker", "comment_date": ["04/13", "16:29"], "comment_content": "反觀"}, {"comment_author": "janice01", "comment_date": ["04/13", "16:30"], "comment_content": "某島：歹徒沒犯意，你卻先開槍？"}, {"comment_author": "TobyH4cker", "comment_date": ["04/13", "16:32"], "comment_content": "超強 台灣的話會被罪犯家屬告死"}, {"comment_author": "daye2012", "comment_date": ["04/13", "16:35"], "comment_content": "台灣法檢會用互毆起訴阿嬤"}, {"comment_author": "after1", "comment_date": ["04/13", "16:35"], "comment_content": "起碼中了四槍，還能撐10小時，這太猛了吧"}, {"comment_author": "o0kk0ogreen", "comment_date": ["04/13", "16:38"], "comment_content": "太猛了吧"}, {"comment_author": "zzzttt22", "comment_date": ["04/13", "16:41"], "comment_content": "天啊阿嬤好神勇好厲害好偉大!!!"}, {"comment_author": "e46m3s15", "comment_date": ["04/13", "16:53"], "comment_content": "這阿罵體型是比司吉嗎，中槍還能撐10H"}, {"comment_author": "nothing188", "comment_date": ["04/13", "16:53"], "comment_content": "反觀台灣，檢方濫訴正當防衛過當,法官"}, {"comment_author": "nothing188", "comment_date": ["04/13", "16:53"], "comment_content": "也照判"}, {"comment_author": "peterzheng", "comment_date": ["04/13", "16:54"], "comment_content": "正當防衛無過失，反觀...."}, {"comment_author": "saiboos", "comment_date": ["04/13", "16:54"], "comment_content": "手不會抖嗎"}, {"comment_author": "Enfys", "comment_date": ["04/13", "16:55"], "comment_content": "阿嬤好強"}, {"comment_author": "AirO0264400", "comment_date": ["04/13", "16:56"], "comment_content": "超級美國阿婆"}, {"comment_author": "adiemusxyz", "comment_date": ["04/13", "16:57"], "comment_content": "台灣法官會說開槍逾越必要程度 重判"}, {"comment_author": "adiemusxyz", "comment_date": ["04/13", "16:57"], "comment_content": "阿媽10年"}, {"comment_author": "abasqoo", "comment_date": ["04/13", "16:58"], "comment_content": "真丟臉 被反殺"}, {"comment_author": "denpa5566", "comment_date": ["04/13", "17:00"], "comment_content": "超強阿嬤，可以拍電影了"}, {"comment_author": "neil25", "comment_date": ["04/13", "17:01"], "comment_content": "最強老爸要改拍成最強阿嬤"}, {"comment_author": "jay920314", "comment_date": ["04/13", "17:02"], "comment_content": "超屌阿罵"}, {"comment_author": "emissary", "comment_date": ["04/13", "17:06"], "comment_content": "在犯罪天堂鬼島就會因為殺了犯人被關"}, {"comment_author": "js52666", "comment_date": ["04/13", "17:07"], "comment_content": "台灣法官：你就讓他搶嘛 殺人幹什麼"}, {"comment_author": "a122771723", "comment_date": ["04/13", "17:11"], "comment_content": "啊婆好強 血條很厚但他怎麼開槍的"}, {"comment_author": "sotbc", "comment_date": ["04/13", "17:11"], "comment_content": "老坦了"}, {"comment_author": "peiring", "comment_date": ["04/13", "17:14"], "comment_content": "85歲真強"}, {"comment_author": "abian", "comment_date": ["04/13", "17:15"], "comment_content": "強"}, {"comment_author": "jerrylin", "comment_date": ["04/13", "17:25"], "comment_content": "不要惹歐巴桑"}, {"comment_author": "dswing", "comment_date": ["04/13", "17:33"], "comment_content": "85歲神嬤"}, {"comment_author": "ayuhb", "comment_date": ["04/13", "17:45"], "comment_content": "10小時！？"}, {"comment_author": "neetcat", "comment_date": ["04/13", "17:52"], "comment_content": "10小時"}, {"comment_author": "GyroZep", "comment_date": ["04/13", "17:58"], "comment_content": "美國人真這麼猛"}, {"comment_author": "hearthstone0", "comment_date": ["04/13", "18:00"], "comment_content": "反觀 被害人還要賠錢"}, {"comment_author": "Electroche", "comment_date": ["04/13", "18:02"], "comment_content": "阿婆:老娘年輕時每月都在流血 10小時"}, {"comment_author": "Electroche", "comment_date": ["04/13", "18:03"], "comment_content": "算甚麼"}, {"comment_author": "studylance", "comment_date": ["04/13", "18:06"], "comment_content": "這阿嬤應該要做人體研究，比GIJoe強"}, {"comment_author": "im31519", "comment_date": ["04/13", "18:14"], "comment_content": "台灣司法：你可以開槍打非致命部位啊 居"}, {"comment_author": "im31519", "comment_date": ["04/13", "18:14"], "comment_content": "然槍槍致命 真是太過分了 重判十年 並賠"}, {"comment_author": "im31519", "comment_date": ["04/13", "18:14"], "comment_content": "償嫌犯家屬！！！"}, {"comment_author": "im31519", "comment_date": ["04/13", "18:15"], "comment_content": "台灣司法真的垃圾"}, {"comment_author": "HAHAHUNG", "comment_date": ["04/13", "18:16"], "comment_content": "阿嬤血條是戰士等級的嗎"}, {"comment_author": "dnek", "comment_date": ["04/13", "18:18"], "comment_content": "反觀鬼島會檢討阿嬤開了幾槍、打中哪裡，幻"}, {"comment_author": "dnek", "comment_date": ["04/13", "18:18"], "comment_content": "想平行時空最優解然後判有部分過失最後還是"}, {"comment_author": "dnek", "comment_date": ["04/13", "18:18"], "comment_content": "要賠"}, {"comment_author": "AB7R", "comment_date": ["04/13", "18:21"], "comment_content": "冷靜的阿嬤 超強"}, {"comment_author": "stlinman", "comment_date": ["04/13", "18:22"], "comment_content": "腹部、腳、手臂與胸部都中槍，上銬還能"}, {"comment_author": "stlinman", "comment_date": ["04/13", "18:22"], "comment_content": "撐10小時。太強了!"}, {"comment_author": "spoilede0824", "comment_date": ["04/13", "18:24"], "comment_content": "好帥"}, {"comment_author": "rizalpiggy", "comment_date": ["04/13", "18:26"], "comment_content": "超強阿嬤"}, {"comment_author": "l1234568790", "comment_date": ["04/13", "18:26"], "comment_content": "反觀"}, {"comment_author": "iverson414", "comment_date": ["04/13", "18:32"], "comment_content": "反觀在鬼島關30年"}, {"comment_author": "lolicon", "comment_date": ["04/13", "18:37"], "comment_content": "槍神上身"}, {"comment_author": "vaper", "comment_date": ["04/13", "18:39"], "comment_content": "都已經手被綁槍指頭…已經可以請求壽險了"}, {"comment_author": "vaper", "comment_date": ["04/13", "18:40"], "comment_content": "在台灣可能法官還在跟庭長討論要不要罰輕"}, {"comment_author": "vaper", "comment_date": ["04/13", "18:40"], "comment_content": "一點，再緩刑"}, {"comment_author": "PTTMAXQQ", "comment_date": ["04/13", "18:42"], "comment_content": "偉大的母親，這是正確的。"}, {"comment_author": "SCLPAL", "comment_date": ["04/13", "18:43"], "comment_content": "被打中還這樣!?"}, {"comment_author": "shooooooboom", "comment_date": ["04/13", "18:46"], "comment_content": "超坦"}, {"comment_author": "xpage", "comment_date": ["04/13", "18:48"], "comment_content": "反觀鬼島直接力挺罪犯檢討被害者"}, {"comment_author": "ms0552764", "comment_date": ["04/13", "18:50"], "comment_content": "阿嬤偷開鎖血"}, {"comment_author": "ringil", "comment_date": ["04/13", "18:54"], "comment_content": "帥翻"}, {"comment_author": "xxxzxcvb", "comment_date": ["04/13", "18:58"], "comment_content": "血條也太厚"}, {"comment_author": "pipiayin", "comment_date": ["04/13", "18:59"], "comment_content": "阿罵讚 這就是為何美國要有合法擁槍權"}, {"comment_author": "caryamdtom", "comment_date": ["04/13", "19:02"], "comment_content": "兒子身障，而且有被歹徒發現，不知道"}, {"comment_author": "caryamdtom", "comment_date": ["04/13", "19:02"], "comment_content": "有沒有被怎樣，10小時怪不了他"}, {"comment_author": "nubixi", "comment_date": ["04/13", "19:14"], "comment_content": "只能說歹徒不長眼"}, {"comment_author": "nubixi", "comment_date": ["04/13", "19:15"], "comment_content": "Amarok"}, {"comment_author": "xLilyx", "comment_date": ["04/13", "19:25"], "comment_content": "偉大的85歲媽媽，幸好法官判無罪。但10小"}, {"comment_author": "xLilyx", "comment_date": ["04/13", "19:25"], "comment_content": "時也太久了吧"}, {"comment_author": "xLilyx", "comment_date": ["04/13", "19:29"], "comment_content": "看了好難過喔，希望85歲媽媽好好的"}, {"comment_author": "fox875566", "comment_date": ["04/13", "19:36"], "comment_content": "就身心障礙10小時很正常巴"}, {"comment_author": "LMakoto", "comment_date": ["04/13", "19:45"], "comment_content": "我阿嬤都比你健康"}, {"comment_author": "fastsheep", "comment_date": ["04/13", "19:54"], "comment_content": "為母則強 respect"}, {"comment_author": "annishot", "comment_date": ["04/13", "19:59"], "comment_content": "老母親超強，希望早日康復，醫藥費能負"}, {"comment_author": "annishot", "comment_date": ["04/13", "20:00"], "comment_content": "擔"}, {"comment_author": "letxinter", "comment_date": ["04/13", "20:00"], "comment_content": "台灣司法會力挺加害者"}, {"comment_author": "Addidas", "comment_date": ["04/13", "20:15"], "comment_content": "85歲身重四五槍撐10餘小時"}, {"comment_author": "abxyz4563", "comment_date": ["04/13", "20:17"], "comment_content": "在台灣就是屋主被打死，加害者2年假釋"}, {"comment_author": "riahserf", "comment_date": ["04/13", "20:34"], "comment_content": "看推文真的一堆閱讀能力很差的人"}, {"comment_author": "semantics", "comment_date": ["04/13", "21:24"], "comment_content": "還好阿嬤沒生在台灣 會被恐龍法官教訓"}, {"comment_author": "bumerang", "comment_date": ["04/13", "21:25"], "comment_content": "感覺很像魂系大boss 老太太型態只是第一"}, {"comment_author": "bumerang", "comment_date": ["04/13", "21:25"], "comment_content": "階段"}, {"comment_author": "pickchu9617", "comment_date": ["04/13", "21:25"], "comment_content": "太豪洨了啦"}, {"comment_author": "joanrey", "comment_date": ["04/13", "21:32"], "comment_content": "太猛了!!!!"}, {"comment_author": "dragon6", "comment_date": ["04/13", "21:32"], "comment_content": "HP也太高了！"}, {"comment_author": "kilhi", "comment_date": ["04/13", "21:53"], "comment_content": "美國生存戰"}, {"comment_author": "eternia0920", "comment_date": ["04/13", "21:55"], "comment_content": "85歲 身中4槍 10小時後才獲救 這太猛"}, {"comment_author": "cbstgb", "comment_date": ["04/13", "22:14"], "comment_content": "真厲害"}, {"comment_author": "yzvr", "comment_date": ["04/13", "22:41"], "comment_content": "這在台灣就是過失殺人，一般是抓去關+賠錢，"}, {"comment_author": "yzvr", "comment_date": ["04/13", "22:41"], "comment_content": "但85歲在台灣某種程度已經有無敵星星護體就"}, {"comment_author": "yzvr", "comment_date": ["04/13", "22:41"], "comment_content": "是了"}, {"comment_author": "wanters", "comment_date": ["04/13", "22:54"], "comment_content": "年齡太高的獄方會拒收 實質上等於沒事不"}, {"comment_author": "wanters", "comment_date": ["04/13", "22:54"], "comment_content": "過紀錄上是判刑"}, {"comment_author": "Brucetk", "comment_date": ["04/13", "23:46"], "comment_content": "擁槍派再度獲得支持，川普穩了"}, {"comment_author": "encoreg57985", "comment_date": ["04/13", "23:48"], "comment_content": "可惜凶手不是黑人 不然BLM又要示威"}, {"comment_author": "ILOVEluee", "comment_date": ["04/14", "00:03"], "comment_content": "正義明理的法官  反觀"}, {"comment_author": "shooding", "comment_date": ["04/14", "00:47"], "comment_content": "連恩尼遜的姑姑"}, {"comment_author": "qwop101036", "comment_date": ["04/14", "01:38"], "comment_content": "這時候八卦的正義觀殺人又不用償命了"}, {"comment_author": "qwop101036", "comment_date": ["04/14", "01:39"], "comment_content": "差滴滴"}, {"comment_author": "OGCkid", "comment_date": ["04/14", "02:06"], "comment_content": "美國阿嬤"}, {"comment_author": "adminc", "comment_date": ["04/14", "02:07"], "comment_content": "台灣殺小偷判刑，讚！先進台灣"}, {"comment_author": "WunoW", "comment_date": ["04/14", "02:28"], "comment_content": "太誇張了 85歲的大血牛"}, {"comment_author": "a27588679", "comment_date": ["04/14", "02:58"], "comment_content": "我阿嬤都比你厲害"}, {"comment_author": "kitty2000", "comment_date": ["04/14", "04:08"], "comment_content": "台灣雙方先各打50大板再來談細節"}, {"comment_author": "Zechen89", "comment_date": ["04/14", "04:56"], "comment_content": "水"}, {"comment_author": "asidy", "comment_date": ["04/14", "13:19"], "comment_content": "中4槍撐10小時送醫沒事....這"}, {"comment_author": "qqclu123", "comment_date": ["04/14", "16:16"], "comment_content": "反觀鬼島法官"}, {"comment_author": "Refauth", "comment_date": ["04/14", "22:10"], "comment_content": "等一下，阿罵拿.357麥格農手槍！？這..."}, {"comment_author": "s8800892000", "comment_date": ["04/14", "23:36"], "comment_content": "阿嬤超強 10小時還能撐著"}, {"comment_author": "xhung", "comment_date": ["04/15", "00:16"], "comment_content": "台灣優先保護罪犯人權  重判防衛過當"}, {"comment_author": "chulen", "comment_date": ["04/15", "14:24"], "comment_content": "85歲 中4槍還可以稱10小時...有夠猛的阿罵"}]}
