{"author": "Lsamia (samia)", "category": "Gossiping", "title": "[新聞] 超預期！中國第1季經濟成長率5.3％", "date": "Tue Apr 16 13:35:52 2024", "content": ["1.媒體來源:自由時報2.記者署名:高佳菁／核稿編輯3.完整新聞標題:超預期！中國第1季經濟成長率5.3％4.完整新聞內文:〔財經頻道／綜合報導〕中國第1季經濟成長率亮眼，中國國家統計局週二公佈的數據顯示，第1季經濟成長率5.3%，高於市場預期4.6%。外電報導，中國第1季國內生產毛額5.3%，不僅高於去年第4季5.2%，更大大的超越路透社調查的經濟學家預期的4.6%。從季比來看，中國第1季GDP成長1.6%，而路透社調查預期為1.4%，修正後的第4季成長為1.2%。至於3月工業產出年增4.5%，低於預期的6%；零售額較去年同期成長3.1%，低於預期的4.6%。中國2024年經濟成長率目標定為5%，上週，摩根士丹利將中國2024年實際GDP預測從先前的4.2%上調至4.8%。5.完整新聞連結 (或短網址)不可用YAHOO、LINE、MSN等轉載媒體:", "6.備註:--"], "post_comment": [{"comment_author": "ccococo", "comment_date": ["04/16", "13:36"], "comment_content": "塔綠班崩潰"}, {"comment_author": "dj720c", "comment_date": ["04/16", "13:36"], "comment_content": "要多少數字空格自己填上去"}, {"comment_author": "ErosAmour", "comment_date": ["04/16", "13:36"], "comment_content": "but at what cost?"}, {"comment_author": "stormNEW", "comment_date": ["04/16", "13:37"], "comment_content": "他們自己都不信了"}, {"comment_author": "e1q3z9c7", "comment_date": ["04/16", "13:38"], "comment_content": "反正我是信了"}, {"comment_author": "wr", "comment_date": ["04/16", "13:38"], "comment_content": "中國贏了 贏兩次"}, {"comment_author": "etbbs", "comment_date": ["04/16", "13:39"], "comment_content": "跟疫情S人數一樣的參考價值"}, {"comment_author": "puam4444", "comment_date": ["04/16", "13:39"], "comment_content": "要噴囉，但股市3000點"}, {"comment_author": "kinki5566", "comment_date": ["04/16", "13:40"], "comment_content": "豬油造反？"}, {"comment_author": "Kt51000", "comment_date": ["04/16", "13:41"], "comment_content": "說個笑話，中國統計XD"}, {"comment_author": "tn907915", "comment_date": ["04/16", "13:42"], "comment_content": "自由報的那應該是真的了"}, {"comment_author": "lynn79422", "comment_date": ["04/16", "13:42"], "comment_content": "人均gdp 快要1.5萬了吧"}, {"comment_author": "neoa01", "comment_date": ["04/16", "13:42"], "comment_content": "跟民進黨的cpi 一樣可信"}, {"comment_author": "eternalecho", "comment_date": ["04/16", "13:43"], "comment_content": "克強哥說過都是假的 要看發電量"}, {"comment_author": "galleon2000", "comment_date": ["04/16", "13:45"], "comment_content": "又是神秘數字5.3"}, {"comment_author": "ccufcc", "comment_date": ["04/16", "13:48"], "comment_content": "超英趕美六十年"}, {"comment_author": "whiteadam", "comment_date": ["04/16", "13:48"], "comment_content": "反觀"}, {"comment_author": "machiusheng", "comment_date": ["04/16", "13:57"], "comment_content": "覺青：假的 支那要崩潰了"}, {"comment_author": "yamhome", "comment_date": ["04/16", "14:08"], "comment_content": "只要說中國經濟好，粉紅的工作就沒有白費"}, {"comment_author": "tenka92417", "comment_date": ["04/16", "14:17"], "comment_content": "假的，亞銀說阿共是世界經濟的火車頭"}, {"comment_author": "tenka92417", "comment_date": ["04/16", "14:17"], "comment_content": "也是假的"}, {"comment_author": "tenka92417", "comment_date": ["04/16", "14:18"], "comment_content": "新加坡海峽指數只有3133,新加坡經濟"}, {"comment_author": "tenka92417", "comment_date": ["04/16", "14:18"], "comment_content": "快崩潰了"}, {"comment_author": "lain2002", "comment_date": ["04/16", "14:39"], "comment_content": "反觀"}]}
