{"author": "epiphyte (晴)", "category": "Gossiping", "title": "[新聞] 大麻查獲量6年來暴增11倍 白領、具海外經", "date": "Wed Apr 17 16:59:26 2024", "content": ["1.媒體來源:聯合新聞網2.記者署名:聯合報／ 記者李奕昕／台北即時報導3.完整新聞標題:大麻查獲量6年來暴增11倍 白領、具海外經驗者施用黑數多4.完整新聞內文:", "，檢警分析暗藏大量施用黑數。行政院長陳建仁今赴刑事局了解查緝狀況，表示", "，反毒機關務必持續努力，偵破發掘。高檢署統計查獲大麻重量，2018至2021年度，各查獲92、202、246、240公斤，前年暴增至1559公斤，去年則有1169公斤；各地檢署偵結大麻案施用人數，2018至前年度，各有429、627、563、458、639人，去年802人較多。檢警分析，大麻查獲重量與施用人數不成比例，研判有為數眾多施用黑數，主因是具", "。高檢針對大麻查緝策略及策進作為，", "。為發掘施用黑數，高檢統籌專案，本月12至14日執行查獲328人，其中施用295人，並破獲植栽場4座；游姓男子等3人涉嫌在桃園市楊梅區租透天厝種大麻，刑事局偵三大隊本月2日查獲，查扣70株及大麻成品、栽種工具。行政院長陳建仁今上午至刑事局主持「查緝大麻毒品暨發掘施用黑數」記者會，他說，行政院2017年推出新世代反毒策略行動綱領，4年經費1百億元，以人為中心追緝毒品源頭，以量為目標；2021年提出新世代反毒策略行動綱領第2期，4年經費150億元，減少毒品供應、需求及危害，溯源、追人及斷金流。他說，反毒一向是施政重點，未來推動新世代反毒策略行動綱領第3期，著重科技、海上及國際查緝，嚴防邊境走私，強化查緝青少年及校園藥頭；對於戒毒，著重戒癮資源及醫療輔導，", "。", "行政院長陳建仁（右二）今赴刑事局主持「查緝大麻毒品暨發掘施用黑數」記者會，表示大麻施用黑數多，反毒機關務必持續努力，偵破發掘。記者李奕昕／攝影", "游姓男子等3人涉嫌在桃園市楊梅區租透天厝種大麻，刑事局偵三大隊本月2日查獲，查扣70株及大麻成品、栽種工具。記者李奕昕／攝影", "行政院長陳建仁（右三）今赴刑事局主持「查緝大麻毒品暨發掘施用黑數」記者會，表示大麻施用黑數多，反毒機關務必持續努力，偵破發掘。記者李奕昕／攝影", "游姓男子等3人涉嫌在桃園市楊梅區租透天厝種大麻，刑事局偵三大隊本月2日查獲，查扣70株及大麻成品、栽種工具。記者李奕昕／攝影", "游姓男子等3人涉嫌在桃園市楊梅區租透天厝種大麻，刑事局偵三大隊本月2日查獲，查扣70株及大麻成品、栽種工具。記者李奕昕／攝影", "游姓男子等3人涉嫌在桃園市楊梅區租透天厝種大麻，刑事局偵三大隊本月2日查獲，查扣70株及大麻成品、栽種工具。記者李奕昕／攝影5.完整新聞連結 (或短網址)不可用YAHOO、LINE、MSN等轉載媒體:", "6.備註:然後還有團體要在420辦大麻遊行ㄏㄏ--"], "post_comment": [{"comment_author": "OPPAISuki", "comment_date": ["04/17", "17:00"], "comment_content": "要不要合法化算了?"}, {"comment_author": "waynewayne56", "comment_date": ["04/17", "17:00"], "comment_content": "走對的路"}, {"comment_author": "mikasamikoto", "comment_date": ["04/17", "17:00"], "comment_content": "柯麻子表示欣慰"}, {"comment_author": "syo0093", "comment_date": ["04/17", "17:00"], "comment_content": "抽大麻有違憲嗎"}, {"comment_author": "hylio7754", "comment_date": ["04/17", "17:01"], "comment_content": "菸仔都7414好嗎"}, {"comment_author": "OreoMan09", "comment_date": ["04/17", "17:01"], "comment_content": "如果去國外吸  在台灣被驗到  要被罰"}, {"comment_author": "OreoMan09", "comment_date": ["04/17", "17:01"], "comment_content": "嗎"}, {"comment_author": "dovepacket", "comment_date": ["04/17", "17:02"], "comment_content": "怎麼不去柯麻家取經"}, {"comment_author": "bbc0217", "comment_date": ["04/17", "17:03"], "comment_content": "柯兒表示："}, {"comment_author": "kingearth", "comment_date": ["04/17", "17:03"], "comment_content": "上樑不正下樑歪，麻柯、椅子、九面過得"}, {"comment_author": "kingearth", "comment_date": ["04/17", "17:03"], "comment_content": "好好的就知道了"}, {"comment_author": "wanters", "comment_date": ["04/17", "17:03"], "comment_content": "要證明是在外國吸的吧比方說剛進入境區就"}, {"comment_author": "e1q3z9c7", "comment_date": ["04/17", "17:03"], "comment_content": "浪費司法資源查一堆人畜無害的"}, {"comment_author": "EfiwymsiAros", "comment_date": ["04/17", "17:04"], "comment_content": "Ker Ma Er"}, {"comment_author": "karkkunt", "comment_date": ["04/17", "17:04"], "comment_content": "放任毒販不意外"}, {"comment_author": "wanters", "comment_date": ["04/17", "17:04"], "comment_content": "驗出來那就可以說是外國吸的"}, {"comment_author": "lesnaree2", "comment_date": ["04/17", "17:05"], "comment_content": "小英政績"}, {"comment_author": "kingearth", "comment_date": ["04/17", "17:05"], "comment_content": "該抓的吸毒、詐騙永遠心中最軟的一塊，"}, {"comment_author": "kingearth", "comment_date": ["04/17", "17:05"], "comment_content": "對思想犯罪動用國家力量追殺到變成舔狗"}, {"comment_author": "QQ5566", "comment_date": ["04/17", "17:05"], "comment_content": "領民進黨黨證無罪"}, {"comment_author": "kingearth", "comment_date": ["04/17", "17:05"], "comment_content": "有夠噁心"}, {"comment_author": "frogqoo", "comment_date": ["04/17", "17:05"], "comment_content": "只敢拿大麻開刀衝業績，四號、冰毒這些"}, {"comment_author": "frogqoo", "comment_date": ["04/17", "17:05"], "comment_content": "東西就安全了"}, {"comment_author": "A80211ab", "comment_date": ["04/17", "17:05"], "comment_content": "不是黨鼓勵的嗎"}, {"comment_author": "brianoj0817", "comment_date": ["04/17", "17:06"], "comment_content": "走對的路 吸對的毒"}, {"comment_author": "s10130804", "comment_date": ["04/17", "17:06"], "comment_content": "反正不起訴爬坡"}, {"comment_author": "flyinmagic", "comment_date": ["04/17", "17:06"], "comment_content": "好了啦政府就是想走大麻除罪化還裝"}, {"comment_author": "s10130804", "comment_date": ["04/17", "17:06"], "comment_content": "怕屁"}, {"comment_author": "barry1027gg", "comment_date": ["04/17", "17:06"], "comment_content": "看看椅子還這麼開心開嘲諷  吸毒被抓"}, {"comment_author": "brian040818", "comment_date": ["04/17", "17:07"], "comment_content": "已經墨西哥化"}, {"comment_author": "barry1027gg", "comment_date": ["04/17", "17:07"], "comment_content": "好像也沒差"}, {"comment_author": "jacket664", "comment_date": ["04/17", "17:08"], "comment_content": "荷蘭、德國、加拿大都已經開放，大麻對"}, {"comment_author": "jackycheny", "comment_date": ["04/17", "17:08"], "comment_content": "大麻柯笑而不語，謝謝40%搞爛呆彎"}, {"comment_author": "jacket664", "comment_date": ["04/17", "17:08"], "comment_content": "於這些吸食者來說，是完全沒有心理上的"}, {"comment_author": "jacket664", "comment_date": ["04/17", "17:08"], "comment_content": "道德障礙"}, {"comment_author": "GGGHILL", "comment_date": ["04/17", "17:08"], "comment_content": "可能有麻兒事件後，很多人以為運麻無罪吧"}, {"comment_author": "kingearth", "comment_date": ["04/17", "17:09"], "comment_content": "八卦版吸毒仔快去自首不要在犯法了"}, {"comment_author": "STerry1986", "comment_date": ["04/17", "17:09"], "comment_content": "網紅吸食都不起訴了 怕屁"}, {"comment_author": "s155260", "comment_date": ["04/17", "17:10"], "comment_content": "柯麻兒笑了"}, {"comment_author": "GTOyoko5566", "comment_date": ["04/17", "17:11"], "comment_content": "麻椅粉都覺得呼麻很帥氣呢"}, {"comment_author": "neoa01", "comment_date": ["04/17", "17:11"], "comment_content": "不意外啊，大麻是什麼顏色"}, {"comment_author": "neoa01", "comment_date": ["04/17", "17:11"], "comment_content": ""}, {"comment_author": "crazydj", "comment_date": ["04/17", "17:11"], "comment_content": "毒柯兒都笑了 你爸爸誰啦 敢學我~\"~"}, {"comment_author": "xeins", "comment_date": ["04/17", "17:11"], "comment_content": "在海外用你還能怎樣？"}, {"comment_author": "scores", "comment_date": ["04/17", "17:12"], "comment_content": "賣大麻的可以這麼久都不用關"}, {"comment_author": "geminitea", "comment_date": ["04/17", "17:12"], "comment_content": "檢察官查大麻是嫌案件不夠多是不是"}, {"comment_author": "geminitea", "comment_date": ["04/17", "17:12"], "comment_content": "？"}, {"comment_author": "andy50814", "comment_date": ["04/17", "17:13"], "comment_content": "柯兒:?"}, {"comment_author": "zwe1428", "comment_date": ["04/17", "17:14"], "comment_content": "看吸麻和販麻的都能在網路上嘻嘻哈哈當然"}, {"comment_author": "zwe1428", "comment_date": ["04/17", "17:14"], "comment_content": "吸的人越來越多啊"}, {"comment_author": "ymfx000a", "comment_date": ["04/17", "17:15"], "comment_content": "蔡清祥這個廢物到底要不要做事啊"}, {"comment_author": "garcia", "comment_date": ["04/17", "17:15"], "comment_content": "經濟好才吸得起吧"}, {"comment_author": "polo5615", "comment_date": ["04/17", "17:16"], "comment_content": "找哪位姓 柯的 他開的頭"}, {"comment_author": "AWPER", "comment_date": ["04/17", "17:16"], "comment_content": "民進黨總召柯麻表示不喜歡"}, {"comment_author": "g4zoco196", "comment_date": ["04/17", "17:17"], "comment_content": "快點合法喇"}, {"comment_author": "ericer6515", "comment_date": ["04/17", "17:17"], "comment_content": "這算不算國人壓力日增的證據"}, {"comment_author": "ericlin121", "comment_date": ["04/17", "17:18"], "comment_content": "麻兒"}, {"comment_author": "ab4daa", "comment_date": ["04/17", "17:18"], "comment_content": "爸爸不是柯建銘 有罪"}, {"comment_author": "meryl0601", "comment_date": ["04/17", "17:19"], "comment_content": "柯姓男子不可能用本名寄送毒品"}, {"comment_author": "gash9890", "comment_date": ["04/17", "17:19"], "comment_content": "只會抓這個 可憐"}, {"comment_author": "diding", "comment_date": ["04/17", "17:19"], "comment_content": "麻兒都沒事了 很嚴重？"}, {"comment_author": "whiteadam", "comment_date": ["04/17", "17:20"], "comment_content": "所以合法化 ？"}, {"comment_author": "felix0302", "comment_date": ["04/17", "17:20"], "comment_content": "黑數？柯麻兒笑而不語"}, {"comment_author": "kinki999", "comment_date": ["04/17", "17:21"], "comment_content": "習慣之後改吸芬太尼"}, {"comment_author": "wilson3435", "comment_date": ["04/17", "17:21"], "comment_content": "毒品大增"}, {"comment_author": "saiboos", "comment_date": ["04/17", "17:21"], "comment_content": "直接合法就不用查了"}, {"comment_author": "CIDgreen", "comment_date": ["04/17", "17:22"], "comment_content": "柯布林總招教大家的啊"}, {"comment_author": "mountain821", "comment_date": ["04/17", "17:22"], "comment_content": "ker ker ma"}, {"comment_author": "coollfd", "comment_date": ["04/17", "17:24"], "comment_content": "民進黨柯賤民兒子有被罰到？"}, {"comment_author": "donkey543", "comment_date": ["04/17", "17:25"], "comment_content": "有40趴柯麻當然吸起來阿 謝謝德政"}, {"comment_author": "leeyeah", "comment_date": ["04/17", "17:25"], "comment_content": "麻柯兒：嘻嘻"}, {"comment_author": "q123212", "comment_date": ["04/17", "17:26"], "comment_content": "柯麻兒示範的 韭菜瘋學"}, {"comment_author": "taya87136", "comment_date": ["04/17", "17:28"], "comment_content": "有種就正視問題 看要不要朝合法化前進"}, {"comment_author": "fallinlove15", "comment_date": ["04/17", "17:28"], "comment_content": "麻柯：很嚴重嗎"}, {"comment_author": "garcia", "comment_date": ["04/17", "17:28"], "comment_content": "經濟好到走私香菸、啤酒也創歷年同期新高"}, {"comment_author": "p6011150111", "comment_date": ["04/17", "17:29"], "comment_content": "問柯建銘啊 專業的欸"}, {"comment_author": "whathefuc", "comment_date": ["04/17", "17:29"], "comment_content": "柯兒的有算嗎？"}, {"comment_author": "Irenicus", "comment_date": ["04/17", "17:29"], "comment_content": "合法化就好了"}, {"comment_author": "Irenicus", "comment_date": ["04/17", "17:29"], "comment_content": "沒事找事做以凸顯自己有在做事 科"}, {"comment_author": "Lowpapa", "comment_date": ["04/17", "17:30"], "comment_content": "民進黨"}, {"comment_author": "cactus44", "comment_date": ["04/17", "17:31"], "comment_content": "毒品天堂"}, {"comment_author": "ausome", "comment_date": ["04/17", "17:31"], "comment_content": "柯："}, {"comment_author": "somanyee", "comment_date": ["04/17", "17:33"], "comment_content": "有關係的沒關係"}, {"comment_author": "tony88037", "comment_date": ["04/17", "17:34"], "comment_content": "海外如果是合法國家使用關中華民國屁事"}, {"comment_author": "tony88037", "comment_date": ["04/17", "17:34"], "comment_content": "啊"}, {"comment_author": "Amanz", "comment_date": ["04/17", "17:36"], "comment_content": "我綠覺得不夠多啦，巡視一下"}, {"comment_author": "kicca", "comment_date": ["04/17", "17:38"], "comment_content": "販賣或吸食大麻有很嚴重嗎 感覺沒有啊"}, {"comment_author": "questionboy", "comment_date": ["04/17", "17:39"], "comment_content": "認柯建銘當爸爸極可以抽啦"}, {"comment_author": "ter2788", "comment_date": ["04/17", "17:40"], "comment_content": "柯兒都演示一次了"}, {"comment_author": "k798976869", "comment_date": ["04/17", "17:42"], "comment_content": "柯麻兒不起訴"}, {"comment_author": "smb1013", "comment_date": ["04/17", "17:42"], "comment_content": "跟農地工廠一樣合法化啊"}, {"comment_author": "k798976869", "comment_date": ["04/17", "17:42"], "comment_content": "其他人運毒罪移送判刑"}, {"comment_author": "mamamia0419", "comment_date": ["04/17", "17:46"], "comment_content": "麻柯"}, {"comment_author": "Logic1800273", "comment_date": ["04/17", "17:51"], "comment_content": "哈哈 大的都不抓"}, {"comment_author": "eeccms", "comment_date": ["04/17", "17:52"], "comment_content": "酒精尼古丁表示"}, {"comment_author": "aken59420", "comment_date": ["04/17", "17:52"], "comment_content": "這要問柯建銘，他專業"}, {"comment_author": "WWIII", "comment_date": ["04/17", "17:53"], "comment_content": "問柯總召 謝謝"}, {"comment_author": "Thorvs", "comment_date": ["04/17", "17:54"], "comment_content": "選對的人，走對的路"}, {"comment_author": "rock0747", "comment_date": ["04/17", "17:57"], "comment_content": "你姓柯嗎？你爸是誰？"}, {"comment_author": "noname912301", "comment_date": ["04/17", "18:05"], "comment_content": "還能直接郵寄呢"}, {"comment_author": "grandwar", "comment_date": ["04/17", "18:06"], "comment_content": "157高學歷愛吸的意思"}, {"comment_author": "jasonpop", "comment_date": ["04/17", "18:08"], "comment_content": "微罪啊"}, {"comment_author": "zx610176", "comment_date": ["04/17", "18:08"], "comment_content": "麻得法柯+1"}, {"comment_author": "OCDisorder", "comment_date": ["04/17", "18:10"], "comment_content": "姓游喔，被抓不意外"}, {"comment_author": "candysagaboy", "comment_date": ["04/17", "18:13"], "comment_content": "問民進黨柯建銘的的兒子啊"}, {"comment_author": "Rootless", "comment_date": ["04/17", "18:14"], "comment_content": "柯建銘甚感安慰"}, {"comment_author": "herculus6502", "comment_date": ["04/17", "18:14"], "comment_content": "哈門"}, {"comment_author": "erichang", "comment_date": ["04/17", "18:18"], "comment_content": "去問民進黨總召該怎麼辦XD"}, {"comment_author": "Arsenalhenry", "comment_date": ["04/17", "18:19"], "comment_content": "白痴鬼島"}, {"comment_author": "chill247", "comment_date": ["04/17", "18:23"], "comment_content": "不如花這個時間去抓偷電的"}, {"comment_author": "DorisBaby", "comment_date": ["04/17", "18:24"], "comment_content": "要不要修法重懲？ 好 重罰三萬"}, {"comment_author": "XDdong", "comment_date": ["04/17", "18:24"], "comment_content": "黃賭毒發大財"}, {"comment_author": "andy199113", "comment_date": ["04/17", "18:24"], "comment_content": "比如YouTuber Joeman TOYZ 吸毒網紅"}, {"comment_author": "xxp680", "comment_date": ["04/17", "18:25"], "comment_content": "藥頭柯麻兒"}, {"comment_author": "forAver", "comment_date": ["04/17", "18:25"], "comment_content": "法不責眾"}, {"comment_author": "fallennrise", "comment_date": ["04/17", "18:25"], "comment_content": "要問問麻柯"}, {"comment_author": "s75830", "comment_date": ["04/17", "18:27"], "comment_content": "大麻科"}, {"comment_author": "plbroum88", "comment_date": ["04/17", "18:28"], "comment_content": "謝謝蔡英文守護台灣的毒品產業"}, {"comment_author": "koexe", "comment_date": ["04/17", "18:28"], "comment_content": "Weeeeed"}, {"comment_author": "woc34", "comment_date": ["04/17", "18:29"], "comment_content": "就一堆智障覺得抽大麻很潮，大麻在荷蘭是"}, {"comment_author": "woc34", "comment_date": ["04/17", "18:29"], "comment_content": "除罪化，因為光抓其他毒品就忙不過來了，"}, {"comment_author": "woc34", "comment_date": ["04/17", "18:29"], "comment_content": "只能開放，不過洨妹相信這些覺得來荷蘭抽"}, {"comment_author": "woc34", "comment_date": ["04/17", "18:30"], "comment_content": "的蠢貨一定不知道即便店家合法，大麻貨源"}, {"comment_author": "woc34", "comment_date": ["04/17", "18:30"], "comment_content": "也有很大機會其實非法，一定比蘇丹紅還毒"}, {"comment_author": "woc34", "comment_date": ["04/17", "18:30"], "comment_content": "ㄏㄏ"}, {"comment_author": "hyuchi0202", "comment_date": ["04/17", "18:35"], "comment_content": "有黨證的不能抓當然黑數多啊"}, {"comment_author": "bobocatcat", "comment_date": ["04/17", "18:36"], "comment_content": "柯麻兒抓到都沒事了"}, {"comment_author": "ziso", "comment_date": ["04/17", "18:36"], "comment_content": "問一下大麻柯他兒子阿"}, {"comment_author": "kkevinhess1t", "comment_date": ["04/17", "18:38"], "comment_content": "微罪不舉"}, {"comment_author": "homie407", "comment_date": ["04/17", "18:41"], "comment_content": "抽麻的都和平。身上不會有槍枝。鴿子最"}, {"comment_author": "homie407", "comment_date": ["04/17", "18:41"], "comment_content": "安全"}, {"comment_author": "ciafbi007", "comment_date": ["04/17", "18:50"], "comment_content": "黑數是說那個木可…?"}, {"comment_author": "storier", "comment_date": ["04/17", "18:51"], "comment_content": "黨說大麻運毒合法啊"}, {"comment_author": "albert0526", "comment_date": ["04/17", "18:51"], "comment_content": "問柯麻兒啊"}, {"comment_author": "g3sg1", "comment_date": ["04/17", "18:52"], "comment_content": "老爸是總召就可以無罪歐"}, {"comment_author": "feijai", "comment_date": ["04/17", "18:55"], "comment_content": "要是老爸是立院總召..."}, {"comment_author": "froheprinz", "comment_date": ["04/17", "18:56"], "comment_content": "我有朋友之前一到週末就呼伴一起吸，"}, {"comment_author": "froheprinz", "comment_date": ["04/17", "18:56"], "comment_content": "他們都是美國來的，現在已經回去了"}, {"comment_author": "stvc", "comment_date": ["04/17", "18:59"], "comment_content": "大麻柯出來講話啊 幹你娘狗畜生民進党"}, {"comment_author": "wei5730", "comment_date": ["04/17", "19:10"], "comment_content": "40%的應許之地"}, {"comment_author": "ppsc", "comment_date": ["04/17", "19:20"], "comment_content": ""}, {"comment_author": "clm6688", "comment_date": ["04/17", "19:24"], "comment_content": "都民國幾年了還在大麻全都是毒品=="}, {"comment_author": "winnie55", "comment_date": ["04/17", "19:29"], "comment_content": "直接合法化了啦 讓警力去抓詐騙不好嗎"}, {"comment_author": "Nerv", "comment_date": ["04/17", "19:36"], "comment_content": "召喚扣哥"}, {"comment_author": "hifuyo", "comment_date": ["04/17", "19:43"], "comment_content": "塔綠班總召都在抽了，問題不大"}, {"comment_author": "clone29", "comment_date": ["04/17", "19:53"], "comment_content": "有柯总教你怎么除罪"}, {"comment_author": "mynewid", "comment_date": ["04/17", "20:25"], "comment_content": "因為大麻在國際上算很好的東西ㄚ"}, {"comment_author": "linlun0807", "comment_date": ["04/17", "20:30"], "comment_content": "上梁不正…"}, {"comment_author": "what1026", "comment_date": ["04/17", "20:32"], "comment_content": "做做樣子很會 垃圾官"}, {"comment_author": "MDoReMi", "comment_date": ["04/17", "20:33"], "comment_content": "因為國外開放 暴增很正常吧"}, {"comment_author": "leondemon", "comment_date": ["04/17", "20:51"], "comment_content": "除罪化、合法化不就沒事了"}, {"comment_author": "qqqqwe15", "comment_date": ["04/17", "21:06"], "comment_content": "黃、賭、毒一應俱全"}, {"comment_author": "NTD22000", "comment_date": ["04/17", "21:06"], "comment_content": "還在禁大麻的落後國家"}, {"comment_author": "qqqqwe15", "comment_date": ["04/17", "21:06"], "comment_content": "可以推動合法化成立工會了"}, {"comment_author": "dreamdds", "comment_date": ["04/17", "21:19"], "comment_content": "香噴噴"}, {"comment_author": "dtggmike", "comment_date": ["04/17", "21:29"], "comment_content": "塔綠班：台灣價值行為大勝利"}, {"comment_author": "markkao456", "comment_date": ["04/17", "21:37"], "comment_content": "嗎的政府禁菸我就支持禁大麻"}, {"comment_author": "ERIC4268", "comment_date": ["04/17", "22:26"], "comment_content": "就是抓不到？"}, {"comment_author": "quan81721", "comment_date": ["04/17", "22:27"], "comment_content": "乾脆合法化啦 這樣還有油水可以撈"}, {"comment_author": "Wenerrix", "comment_date": ["04/17", "22:41"], "comment_content": "轉移焦點"}, {"comment_author": "modernpkman", "comment_date": ["04/17", "22:49"], "comment_content": "智障又有柯了"}, {"comment_author": "wowowsakura", "comment_date": ["04/17", "23:26"], "comment_content": "問麻柯"}, {"comment_author": "Plato12", "comment_date": ["04/18", "00:21"], "comment_content": "大麻柯專屬   綠色執政 吸毒保證"}, {"comment_author": "Tossdog", "comment_date": ["04/18", "02:36"], "comment_content": "塔綠班：吸大麻運大麻有罪？"}, {"comment_author": "fastevil", "comment_date": ["04/18", "02:53"], "comment_content": "繼續抓，繼續輕放，繼續交保，繼續...."}, {"comment_author": "aoisama", "comment_date": ["04/18", "03:34"], "comment_content": "矽谷工程師吸菸比例低於5%，但是抽大麻"}, {"comment_author": "aoisama", "comment_date": ["04/18", "03:34"], "comment_content": "比例高達三成"}, {"comment_author": "angelwithzer", "comment_date": ["04/18", "03:47"], "comment_content": "先姓柯才能持有大麻"}, {"comment_author": "ericleft", "comment_date": ["04/18", "08:28"], "comment_content": "謝謝總召"}, {"comment_author": "tobetwob", "comment_date": ["04/18", "09:58"], "comment_content": ""}, {"comment_author": "OLDBOY", "comment_date": ["04/18", "10:51"], "comment_content": "找柯來幫忙一下，看看是不是就地合法一下"}, {"comment_author": "Mood10207", "comment_date": ["04/18", "11:05"], "comment_content": "給柯賤民來一包"}, {"comment_author": "x81236900", "comment_date": ["04/18", "13:23"], "comment_content": "煩死了 就地合法化啊 但嚴格禁止其他"}, {"comment_author": "x81236900", "comment_date": ["04/18", "13:23"], "comment_content": "毒品千萬別學俄勒岡 不要挑戰人的底線"}, {"comment_author": "ruffryders", "comment_date": ["04/18", "13:29"], "comment_content": "4/20歡迎大家來立法院參加遊行"}, {"comment_author": "XiaoKo484", "comment_date": ["04/18", "14:45"], "comment_content": "柯麻子"}, {"comment_author": "hodj", "comment_date": ["04/19", "03:15"], "comment_content": "問柯sea food"}]}
