{"author": "kuso2005 (一時想不到)", "category": "Gossiping", "title": "[問卦] 盧廣仲參加北京草莓音樂節？", "date": "Tue Apr 16 08:24:19 2024", "content": ["我記得之前不是有新聞說網友討論哪些藝人不舔共，裡面有詹雅雯、盧廣仲、陳昇、江蕙還有一代女神鄧麗君，可是下個月要舉辦的草莓音樂節除了眾多台灣歌手參與外，還有盧廣仲耶！依塔綠班的邏輯，仲哥也跪了嗎？", "北京5/3草莓音樂節參加名單", "--", "你問他啊 噓我幹嘛", "我也這麼覺得", "所以用中國台灣身分參加也是可以的吧", "所以現在標準降到用中國台灣參加也不算舔囉？", "我又不反對 不都塔綠班在靠北嗎"], "post_comment": [{"comment_author": "xzcb2008", "comment_date": ["04/16", "08:24"], "comment_content": "他參加這個幹嘛"}, {"comment_author": "Golbeza", "comment_date": ["04/16", "08:25"], "comment_content": "殘體中文真的好醜=="}, {"comment_author": "ohrring", "comment_date": ["04/16", "08:25"], "comment_content": "該抵制了吧"}, {"comment_author": "noway", "comment_date": ["04/16", "08:25"], "comment_content": "開始嘍 出征起來！"}, {"comment_author": "cs09312", "comment_date": ["04/16", "08:25"], "comment_content": "你們又不出錢支持"}, {"comment_author": "chang17a", "comment_date": ["04/16", "08:25"], "comment_content": "BYD賣車給美國歐洲台灣也是跪啊"}, {"comment_author": "andy199113", "comment_date": ["04/16", "08:25"], "comment_content": "中國台北歌手  驕傲!!!"}, {"comment_author": "mm4669075", "comment_date": ["04/16", "08:25"], "comment_content": "他之前就參加過了不是嗎，老實說有沒有"}, {"comment_author": "tchialen", "comment_date": ["04/16", "08:25"], "comment_content": "鄧麗君都舔了"}, {"comment_author": "mm4669075", "comment_date": ["04/16", "08:26"], "comment_content": "去中國唱歌是一回事，在微薄上貼中國一"}, {"comment_author": "mm4669075", "comment_date": ["04/16", "08:26"], "comment_content": "點都不能少是一回事"}, {"comment_author": "andy199113", "comment_date": ["04/16", "08:26"], "comment_content": "人民幣真香 對岸也有歌迷 賺錢沒事兒"}, {"comment_author": "ClownT", "comment_date": ["04/16", "08:26"], "comment_content": "側翼熱身中"}, {"comment_author": "andy199113", "comment_date": ["04/16", "08:27"], "comment_content": "八三夭 陈绮贞 林宥嘉 卢广仲 5/3好爽"}, {"comment_author": "uku", "comment_date": ["04/16", "08:27"], "comment_content": "人還是需要活在現實中"}, {"comment_author": "machiusheng", "comment_date": ["04/16", "08:27"], "comment_content": "黨說沒事"}, {"comment_author": "good90150", "comment_date": ["04/16", "08:27"], "comment_content": "阿不然覺青側翼養他？"}, {"comment_author": "Forcast", "comment_date": ["04/16", "08:29"], "comment_content": "不然怎麼插秧"}, {"comment_author": "mm4669075", "comment_date": ["04/16", "08:29"], "comment_content": "可以啊 為什麼不行，台灣人本來就沒有"}, {"comment_author": "mm4669075", "comment_date": ["04/16", "08:29"], "comment_content": "對去那邊賺錢太苛責啊，只是無法接受藝"}, {"comment_author": "mm4669075", "comment_date": ["04/16", "08:29"], "comment_content": "人親口說出來"}, {"comment_author": "ohrring", "comment_date": ["04/16", "08:29"], "comment_content": "請問進去拿的文件是不是中國台灣"}, {"comment_author": "YCTING", "comment_date": ["04/16", "08:30"], "comment_content": "舔跟賺要分清楚啊 賺對岸錢不舔反而要鼓勵"}, {"comment_author": "andy199113", "comment_date": ["04/16", "08:31"], "comment_content": "比較驚訝的是 對岸票價跟台灣一樣貴欸"}, {"comment_author": "andy199113", "comment_date": ["04/16", "08:32"], "comment_content": "單日468/668/768 雙日896 三日1314RMB"}, {"comment_author": "ohrring", "comment_date": ["04/16", "08:33"], "comment_content": "都用中國台灣跪舔身份進去了還不是舔喔"}, {"comment_author": "kenco", "comment_date": ["04/16", "08:33"], "comment_content": "綠共年代台灣不舔共的藝人只是沒資格被邀請"}, {"comment_author": "ohrring", "comment_date": ["04/16", "08:33"], "comment_content": "標準越來越寬了欸你們的底線跟習近平學"}, {"comment_author": "ohrring", "comment_date": ["04/16", "08:33"], "comment_content": "的嗎"}, {"comment_author": "andy199113", "comment_date": ["04/16", "08:33"], "comment_content": "政治歸政治音樂歸音樂 當然小粉綠除外"}, {"comment_author": "EeePC901", "comment_date": ["04/16", "08:34"], "comment_content": "有好多好多草莓在這裡"}, {"comment_author": "c98406023", "comment_date": ["04/16", "08:37"], "comment_content": "BYD在日本發售中"}, {"comment_author": "hek2", "comment_date": ["04/16", "08:37"], "comment_content": "426沒人才了 真可憐"}, {"comment_author": "z80520xx", "comment_date": ["04/16", "08:39"], "comment_content": "賣台啊"}, {"comment_author": "lain2002", "comment_date": ["04/16", "08:40"], "comment_content": "本斥但多"}, {"comment_author": "doig", "comment_date": ["04/16", "08:42"], "comment_content": "大陸蠻有錢的，請超多人，林宥嘉陳綺貞也去"}, {"comment_author": "doig", "comment_date": ["04/16", "08:42"], "comment_content": ""}, {"comment_author": "Hooz", "comment_date": ["04/16", "08:44"], "comment_content": "文化西傳是好事 不然科目三轟炸還不夠慘嗎"}, {"comment_author": "killfox123", "comment_date": ["04/16", "08:47"], "comment_content": "拿台胞證默認一個中國之下過去對方賺"}, {"comment_author": "killfox123", "comment_date": ["04/16", "08:47"], "comment_content": "錢？"}, {"comment_author": "machiusheng", "comment_date": ["04/16", "08:50"], "comment_content": "40—%：抗中保台 需要錢"}, {"comment_author": "mnxzq", "comment_date": ["04/16", "08:52"], "comment_content": "不然你養？"}, {"comment_author": "windmk2", "comment_date": ["04/16", "08:58"], "comment_content": "挣钱嘛，生意，不寒碜。"}, {"comment_author": "WO0820", "comment_date": ["04/16", "09:01"], "comment_content": "不說是廣還以為是廠  馬的簡體好煩"}, {"comment_author": "s2015", "comment_date": ["04/16", "09:10"], "comment_content": "那髮型在中國流行不起來吧！"}, {"comment_author": "daniel229", "comment_date": ["04/16", "09:13"], "comment_content": "塔绿班就是嘴上夸口，口袋空空"}, {"comment_author": "chang17a", "comment_date": ["04/16", "09:14"], "comment_content": "就說美歐對中國各種惡搞 BYD也是跪啦"}, {"comment_author": "chang17a", "comment_date": ["04/16", "09:15"], "comment_content": "和BYD比 盧賺那屁大的錢你好意思說他跪"}, {"comment_author": "chang17a", "comment_date": ["04/16", "09:16"], "comment_content": "只有中國人會把買進口商品叫人家來跪我"}, {"comment_author": "chang17a", "comment_date": ["04/16", "09:17"], "comment_content": "賣東西到外國又是別人跪我"}, {"comment_author": "chang17a", "comment_date": ["04/16", "09:18"], "comment_content": "自己膝蓋不好先看醫生好嗎 有病"}, {"comment_author": "fidelity77", "comment_date": ["04/16", "09:21"], "comment_content": "有黨證是賺 沒有就是舔"}, {"comment_author": "madaco", "comment_date": ["04/16", "09:27"], "comment_content": "現在是文革嗎？連參加音樂祭也不行了？"}, {"comment_author": "tanby", "comment_date": ["04/16", "09:35"], "comment_content": "太陽花一堆變小綠 我是盧一定超幹"}, {"comment_author": "photonic", "comment_date": ["04/16", "09:42"], "comment_content": "有誰能抵抗金錢 只有更有錢的人"}, {"comment_author": "cmcmisgod", "comment_date": ["04/16", "09:48"], "comment_content": "之前香港春浪一推樂團有去啊"}, {"comment_author": "cmcmisgod", "comment_date": ["04/16", "09:48"], "comment_content": "這個月的事"}, {"comment_author": "cmcmisgod", "comment_date": ["04/16", "09:49"], "comment_content": "大家都不聽部長的話"}, {"comment_author": "cmcmisgod", "comment_date": ["04/16", "09:49"], "comment_content": "部長說現在去中國很危險不是？"}, {"comment_author": "chang7741", "comment_date": ["04/16", "09:50"], "comment_content": "怎麼了嗎？？"}, {"comment_author": "tn907915", "comment_date": ["04/16", "09:56"], "comment_content": "我就問拿台胞證入境還是代表主權的護照"}, {"comment_author": "tn907915", "comment_date": ["04/16", "09:56"], "comment_content": "入境？"}, {"comment_author": "d86506", "comment_date": ["04/16", "10:15"], "comment_content": "早就想去了，還不是因為被說挺太陽花。反"}, {"comment_author": "d86506", "comment_date": ["04/16", "10:15"], "comment_content": "正太陽花也沒用了。"}, {"comment_author": "takamiku", "comment_date": ["04/16", "11:06"], "comment_content": "殘體字寫成這樣一時間還愣住這什麼鬼"}]}
