{"author": "ppp123 (3p哥)", "category": "Gossiping", "title": "[問卦] 年輕人要轉念 才生的出小孩？", "date": "Tue Apr 16 09:20:14 2024", "content": ["不孝有三 無後為大現在少子化的原因就是年輕人生不出來 其實只要轉念一下 把負面能量轉成正面能量 一切就能變好了 也就能生的出小孩 積極正向樂觀有上進心 家裡小孩子多才熱鬧年輕人要轉念 才生的出小孩？--"], "post_comment": [{"comment_author": "yugi2567", "comment_date": ["04/16", "09:20"], "comment_content": "投入一堆八九的後代你想清楚"}, {"comment_author": "kimura0701", "comment_date": ["04/16", "09:20"], "comment_content": "整天靠背 你是生幾個"}, {"comment_author": "axzs1111", "comment_date": ["04/16", "09:20"], "comment_content": "把睪丸轉一下  直接用肛門當陰道變台女"}, {"comment_author": "hyakkiyagyo", "comment_date": ["04/16", "09:20"], "comment_content": "不用轉 看到未成年就中出就會生了"}, {"comment_author": "onion10021", "comment_date": ["04/16", "09:21"], "comment_content": "第一句話 就是標準的情緒勒索"}, {"comment_author": "donation12", "comment_date": ["04/16", "09:21"], "comment_content": "價值觀常被檢討是少子化的原因之一"}, {"comment_author": "trains", "comment_date": ["04/16", "09:21"], "comment_content": "找前面精誠中學那篇"}, {"comment_author": "gay7788", "comment_date": ["04/16", "09:21"], "comment_content": "阿公阿嬤不爭氣還想抱孫子哦"}, {"comment_author": "donation12", "comment_date": ["04/16", "09:22"], "comment_content": "但是是什麼原因導致這種價值觀發生"}, {"comment_author": "donation12", "comment_date": ["04/16", "09:22"], "comment_content": "還是要回到現實環境討論"}, {"comment_author": "jasonpig", "comment_date": ["04/16", "09:22"], "comment_content": "傻瓜才生"}, {"comment_author": "donation12", "comment_date": ["04/16", "09:22"], "comment_content": "所以研究方法就是以10年為一個單位"}, {"comment_author": "jasonpig", "comment_date": ["04/16", "09:23"], "comment_content": "有本事就付錢，兩千萬一胎"}, {"comment_author": "donation12", "comment_date": ["04/16", "09:23"], "comment_content": "追溯50年來出生率/死亡率的價值演變"}, {"comment_author": "andre9", "comment_date": ["04/16", "09:23"], "comment_content": "未看先噓"}, {"comment_author": "donation12", "comment_date": ["04/16", "09:23"], "comment_content": "配合經濟環境及質性研究意見做對比"}, {"comment_author": "cchh179", "comment_date": ["04/16", "09:24"], "comment_content": "少子化是生物的自然現象 不需強迫"}, {"comment_author": "donation12", "comment_date": ["04/16", "09:24"], "comment_content": "窮且醫療條件不好的世代生的多"}, {"comment_author": "donation12", "comment_date": ["04/16", "09:24"], "comment_content": "窮但醫療條件好的世代生的少"}, {"comment_author": "donation12", "comment_date": ["04/16", "09:25"], "comment_content": "剩下影響生育因素的原因還有哪些"}, {"comment_author": "gx8759121", "comment_date": ["04/16", "09:25"], "comment_content": "廢文哥每天都在不孝有三無後為大，他真"}, {"comment_author": "gx8759121", "comment_date": ["04/16", "09:25"], "comment_content": "的，我哭死"}, {"comment_author": "zaqimon", "comment_date": ["04/16", "09:25"], "comment_content": "我爸媽馬上去死 我馬上充滿正能量"}, {"comment_author": "donation12", "comment_date": ["04/16", "09:25"], "comment_content": "是不是保險套、中止妊娠技術演進"}, {"comment_author": "zaqimon", "comment_date": ["04/16", "09:25"], "comment_content": "只可惜我爸媽今天還沒死"}, {"comment_author": "donation12", "comment_date": ["04/16", "09:26"], "comment_content": "女權思想抬頭，經濟對生育不利等"}, {"comment_author": "donation12", "comment_date": ["04/16", "09:27"], "comment_content": "這裡面哪些政府可以處理、哪些不行"}, {"comment_author": "zaqimon", "comment_date": ["04/16", "09:27"], "comment_content": "政府沒屁用 政府又不能讓我爸媽馬上去死"}, {"comment_author": "donation12", "comment_date": ["04/16", "09:27"], "comment_content": "要區分清楚，鼓勵生育的環境條件如何"}, {"comment_author": "donation12", "comment_date": ["04/16", "09:28"], "comment_content": "未來國民義務教育的品質如何"}, {"comment_author": "donation12", "comment_date": ["04/16", "09:28"], "comment_content": "改善環境加上政策性的補助一定能提高"}, {"comment_author": "LoveMakeLove", "comment_date": ["04/16", "09:28"], "comment_content": "年輕人要轉念 去上戰場當炮灰早死"}, {"comment_author": "LoveMakeLove", "comment_date": ["04/16", "09:29"], "comment_content": "早超生"}, {"comment_author": "donation12", "comment_date": ["04/16", "09:29"], "comment_content": "生育意願，還要提昇未來國民基本素養"}, {"comment_author": "donation12", "comment_date": ["04/16", "09:29"], "comment_content": "避免教育出希望父母趕快去死的孩子"}, {"comment_author": "donation12", "comment_date": ["04/16", "09:30"], "comment_content": "或是不願意上戰場保家衛國的孩子"}, {"comment_author": "donation12", "comment_date": ["04/16", "09:30"], "comment_content": "既想要享受本國國民福利又不願盡義務"}, {"comment_author": "donation12", "comment_date": ["04/16", "09:30"], "comment_content": "都是需要顧及的部份，不是只有鼓勵生"}, {"comment_author": "zaqimon", "comment_date": ["04/16", "09:31"], "comment_content": "我爸媽馬上去死我就不會希望他們趕快去死"}, {"comment_author": "zaqimon", "comment_date": ["04/16", "09:32"], "comment_content": "所以問題出在我爸媽還沒死 不是我的問題"}, {"comment_author": "zaqimon", "comment_date": ["04/16", "09:32"], "comment_content": "我爸媽死了 我就可以掃墓緬懷他們 好感動"}, {"comment_author": "zaqimon", "comment_date": ["04/16", "09:33"], "comment_content": "樹欲靜而風不止 子欲養而親不待 ..."}, {"comment_author": "zaqimon", "comment_date": ["04/16", "09:34"], "comment_content": "老人沒利用價值本來就該死 活著幹麼呢"}, {"comment_author": "iamandre", "comment_date": ["04/16", "09:35"], "comment_content": "上面他馬的說什嚜瘋話 你父母沒養過你"}, {"comment_author": "iamandre", "comment_date": ["04/16", "09:35"], "comment_content": "沒供你吃住"}, {"comment_author": "zaqimon", "comment_date": ["04/16", "09:38"], "comment_content": "所以呢？"}, {"comment_author": "zaqimon", "comment_date": ["04/16", "09:38"], "comment_content": "父母不爽可以不要生不要養啊"}, {"comment_author": "zaqimon", "comment_date": ["04/16", "09:39"], "comment_content": "小孩沒有義務要養父母吧"}, {"comment_author": "zaqimon", "comment_date": ["04/16", "09:40"], "comment_content": "小孩有自己的人生要過不是嗎"}, {"comment_author": "zaqimon", "comment_date": ["04/16", "09:43"], "comment_content": "小孩要移民美國要拿綠卡要養老婆小孩"}, {"comment_author": "zaqimon", "comment_date": ["04/16", "09:44"], "comment_content": "麻煩父母不要扯後腿好嗎"}, {"comment_author": "kevin31a2", "comment_date": ["04/16", "10:03"], "comment_content": "整天抱怨的人生不出來的"}, {"comment_author": "drmanchuria", "comment_date": ["04/16", "14:39"], "comment_content": "人家隔壁版i88一篇文多紅，你個3p哥"}, {"comment_author": "drmanchuria", "comment_date": ["04/16", "14:39"], "comment_content": "整天在這邊緣木求魚等配種，不上進"}, {"comment_author": "drmanchuria", "comment_date": ["04/16", "14:39"], "comment_content": " 悲哀"}]}
