{"author": "E6300 (＊靈界偵探＊)", "category": "Gossiping", "title": "[問卦] 肛交應該才是最理想的吧", "date": "Wed Apr 17 12:41:47 2024", "content": ["乳提每個人身上總是有洞有些洞會被拿來玩各種玩法其中一個洞叫做肛門，應該是把玩率最高的洞而且玩這個洞不分性別都可受惠男的不用戴套女的不怕懷孕玩肛門根本Z大於B吧？有沒有擅長玩肛門的人是最有智慧的族群有沒有掛？----Sent from", "on my iPhone 11 Pro--"], "post_comment": [{"comment_author": "james732", "comment_date": ["04/17", "12:42"], "comment_content": "二樓很懂"}, {"comment_author": "s95087162", "comment_date": ["04/17", "12:42"], "comment_content": "五樓肛門插三根"}, {"comment_author": "dan5120", "comment_date": ["04/17", "12:42"], "comment_content": "蓋"}, {"comment_author": "xuein", "comment_date": ["04/17", "12:42"], "comment_content": "你是不是迫不及待，想要獻身嘗試一番？"}, {"comment_author": "felixden", "comment_date": ["04/17", "12:45"], "comment_content": "5樓很懂 嘻嘻"}, {"comment_author": "chuchichan", "comment_date": ["04/17", "12:45"], "comment_content": "朱雪璋："}, {"comment_author": "kl123", "comment_date": ["04/17", "12:46"], "comment_content": "每次都是你，你是不是專門搶5樓"}, {"comment_author": "b93510015", "comment_date": ["04/17", "12:49"], "comment_content": "女的超讚的，正妹的都是香的"}, {"comment_author": "BIGETC", "comment_date": ["04/17", "12:50"], "comment_content": "228公園放牌子freefuck試試"}, {"comment_author": "angelology", "comment_date": ["04/17", "12:53"], "comment_content": "你去試試記得回版上發心得文"}, {"comment_author": "link4517", "comment_date": ["04/17", "12:59"], "comment_content": "這樣說是沒錯。但同樣可能感染傳染病"}, {"comment_author": "miyazakisun2", "comment_date": ["04/17", "13:21"], "comment_content": "不戴套就得愛滋ㄚ"}, {"comment_author": "www115ui8", "comment_date": ["04/17", "14:41"], "comment_content": ""}]}
