{"author": "kobebrian (bryant)", "category": "Gossiping", "title": "[問卦] 台灣房價高是華人的錯吧？", "date": "Mon Apr 15 10:16:04 2024", "content": ["先上兩張圖", "可以看到 人均1.2萬美元以上的城市房價所得比名列前茅的 清一色都是中港澳台的大都市 尤其是中國 韓國也算半個華人社會 房價所得比也是很驚人相對地 日本、歐美地區的房價普遍低很多這樣看下來 根本就是華人天生愛炒房買房吧？歐美國家的政府根本不用刻意去打房 他們的房價也不會像東亞地區這麼誇張 反之東亞國家的政府 怎麼打房都打不到點 甚至打房就會讓經濟衰退 動輒得咎 華人愛炒房這個病應該是無藥可救了吧？--Sent from nPTT on my iPhone 8 Plus--"], "post_comment": [{"comment_author": "ZakkWylde", "comment_date": ["04/15", "10:17"], "comment_content": "阿不就某流亡政府跟難民來台灣造成人口"}, {"comment_author": "ZakkWylde", "comment_date": ["04/15", "10:17"], "comment_content": "托過度"}, {"comment_author": "jpnldvh", "comment_date": ["04/15", "10:17"], "comment_content": "4 會一直在靠北就是想入場"}, {"comment_author": "jpnldvh", "comment_date": ["04/15", "10:17"], "comment_content": "大家都把買房當人生目標 會降才怪"}, {"comment_author": "kuosambition", "comment_date": ["04/15", "10:18"], "comment_content": "台灣特色就是大家整天抱怨房價貴，"}, {"comment_author": "fallinlove15", "comment_date": ["04/15", "10:19"], "comment_content": "以前美國 日本 也會 但後來不會 答"}, {"comment_author": "fallinlove15", "comment_date": ["04/15", "10:19"], "comment_content": "案是在制度"}, {"comment_author": "kuosambition", "comment_date": ["04/15", "10:19"], "comment_content": "但是每次一問怎麼投資理財，每個都"}, {"comment_author": "donation12", "comment_date": ["04/15", "10:20"], "comment_content": "制度啦，去看一下歐洲怎麼應對炒房"}, {"comment_author": "kevin31a2", "comment_date": ["04/15", "10:20"], "comment_content": "台灣人很有錢"}, {"comment_author": "donation12", "comment_date": ["04/15", "10:20"], "comment_content": "炒地的行為，稅制怎麼規劃"}, {"comment_author": "chu", "comment_date": ["04/15", "10:20"], "comment_content": "經濟20年最好 房價當然地球最高"}, {"comment_author": "donation12", "comment_date": ["04/15", "10:20"], "comment_content": "照抄過來臺灣房價真的直接崩跌給你看"}, {"comment_author": "kuosambition", "comment_date": ["04/15", "10:20"], "comment_content": "說炒房，打不過就加入，既是受害者"}, {"comment_author": "powerggyy", "comment_date": ["04/15", "10:21"], "comment_content": "十幾年來沒跌過 算穩定投資標的了吧"}, {"comment_author": "kuosambition", "comment_date": ["04/15", "10:21"], "comment_content": "同時又兼任兇手XD"}, {"comment_author": "RachelMcAdam", "comment_date": ["04/15", "10:21"], "comment_content": "歐洲對於房地產規劃根本沒很特別= ="}, {"comment_author": "donation12", "comment_date": ["04/15", "10:21"], "comment_content": "中國人熱錢更多湧向全世界各地炒房"}, {"comment_author": "donation12", "comment_date": ["04/15", "10:22"], "comment_content": "人家直接禁止外資買房，準備徵炒房稅"}, {"comment_author": "RachelMcAdam", "comment_date": ["04/15", "10:22"], "comment_content": "你要不要說明一下哪一個方案來台灣"}, {"comment_author": "kevin31a2", "comment_date": ["04/15", "10:22"], "comment_content": "買不起是你家的事，怎麼不怪自己"}, {"comment_author": "RachelMcAdam", "comment_date": ["04/15", "10:22"], "comment_content": "，台灣會崩盤"}, {"comment_author": "donation12", "comment_date": ["04/15", "10:23"], "comment_content": "德國有經濟犯罪法，炒房算是犯罪"}, {"comment_author": "donation12", "comment_date": ["04/15", "10:24"], "comment_content": "法國房地產增值稅34.5%"}, {"comment_author": "RachelMcAdam", "comment_date": ["04/15", "10:24"], "comment_content": "他那個倍率搬來台灣，建商也不夠成"}, {"comment_author": "RachelMcAdam", "comment_date": ["04/15", "10:25"], "comment_content": "犯罪"}, {"comment_author": "donation12", "comment_date": ["04/15", "10:25"], "comment_content": "法國空屋被人家佔領兩天就有使用權"}, {"comment_author": "RachelMcAdam", "comment_date": ["04/15", "10:25"], "comment_content": "台灣難道沒增值稅？"}, {"comment_author": "donation12", "comment_date": ["04/15", "10:25"], "comment_content": "在臺灣推行一下試試看"}, {"comment_author": "RachelMcAdam", "comment_date": ["04/15", "10:26"], "comment_content": "資產配置思維不同，用稅賦根本不可"}, {"comment_author": "RachelMcAdam", "comment_date": ["04/15", "10:26"], "comment_content": "處理房價問題"}, {"comment_author": "donation12", "comment_date": ["04/15", "10:27"], "comment_content": "臺灣增值稅有減徵條例阿"}, {"comment_author": "donation12", "comment_date": ["04/15", "10:27"], "comment_content": "確實不是單一思維就可以解決這些問題"}, {"comment_author": "donation12", "comment_date": ["04/15", "10:27"], "comment_content": "但是一步一步來，把每個環節做出改革"}, {"comment_author": "donation12", "comment_date": ["04/15", "10:28"], "comment_content": "稅賦是繞不過去必然要處理的一塊核心"}, {"comment_author": "kevin31a2", "comment_date": ["04/15", "10:28"], "comment_content": "有成交就有價，去叫有錢人綁手不買啊"}, {"comment_author": "lithiumer", "comment_date": ["04/15", "10:33"], "comment_content": "4"}, {"comment_author": "Brioni", "comment_date": ["04/15", "10:35"], "comment_content": "所以支持減少人口"}, {"comment_author": "samuelass", "comment_date": ["04/15", "10:35"], "comment_content": "人口密度問題啊 再來就是地形"}, {"comment_author": "samuelass", "comment_date": ["04/15", "10:36"], "comment_content": "台灣如果全平原會好很多"}, {"comment_author": "Mimmature", "comment_date": ["04/15", "10:37"], "comment_content": "有土斯有財的可悲思想害的"}, {"comment_author": "Mimmature", "comment_date": ["04/15", "10:37"], "comment_content": "再加上恐懼心理行銷 你越怕漲越快"}, {"comment_author": "jack529", "comment_date": ["04/15", "10:45"], "comment_content": "華人就愛炒房 最喜歡投機"}, {"comment_author": "kobebrian", "comment_date": ["04/15", "10:59"], "comment_content": "講地形就多了啦 歐洲幾個山地多的國家"}, {"comment_author": "kobebrian", "comment_date": ["04/15", "11:00"], "comment_content": "也沒有高房價 北義、瑞士有高房價？"}, {"comment_author": "jack529", "comment_date": ["04/15", "11:03"], "comment_content": "歐美如果不防的話會有華人跑去炒，例如澳"}, {"comment_author": "jack529", "comment_date": ["04/15", "11:03"], "comment_content": "洲XDDD"}, {"comment_author": "jack529", "comment_date": ["04/15", "11:03"], "comment_content": "還有紐西蘭"}, {"comment_author": "riker729", "comment_date": ["04/15", "11:04"], "comment_content": "根本原因：人口太多"}, {"comment_author": "samm3320", "comment_date": ["04/15", "11:13"], "comment_content": "佔領兩天就有使用權啊，黑道超爽啊"}, {"comment_author": "vapour1001", "comment_date": ["04/15", "11:47"], "comment_content": "新竹9.1  ？？"}, {"comment_author": "blackstyles", "comment_date": ["04/15", "11:49"], "comment_content": "政府帶頭炒要怎麼降 笑死"}, {"comment_author": "kobebrian", "comment_date": ["04/15", "12:04"], "comment_content": "竹科工程師薪水高啊"}, {"comment_author": "kobebrian", "comment_date": ["04/15", "12:05"], "comment_content": "說政府帶頭的我想你還是閉嘴吧 先懺悔"}, {"comment_author": "kobebrian", "comment_date": ["04/15", "12:05"], "comment_content": "身為華人的投機心理 好好檢討自己"}]}
