{"author": "ffdqfe (苦惱)", "category": "Gossiping", "title": "[問卦] 真有人裝過敏要別人幫剝蝦？", "date": "Sat Apr 13 02:32:33 2024", "content": ["本魯剛剛刷到一個無聊der短影片女朋友裝作對蝦子過敏不吃男朋友於是貼心的把蝦子剝好於是女友就吃了本魯看完毛骨悚然從小真的對蝦蟹過敏雖然不嚴重但是吃進去只會覺得噁心根本嚐不到什麼味道吃太多會暈眩無力一次公司聚餐有一道大蝦本魯不吃請旁邊同事男幫忙吃掉同事男微微一笑就把蝦子剝好放回本魯盤子本魯覺得奇怪又不好駁了人家好意一隻也頂多噁心個幾分鐘只好吃了同事該不會以爲本魯在凹幫剝蝦吧？--", "中年男der嘻嘻", "這個我也沒去檢查過我應該是沒有什麼地方腫起或起疹子小時候我爸媽也覺得我挑食逼我吃了一盤剛撈起來的活蝦後來我躺了一天連站都站不起來然後就再也不碰了", "窩也不知道"], "post_comment": [{"comment_author": "Dinenger", "comment_date": ["04/13", "02:33"], "comment_content": "過敏不是不能吃嗎 跟剝什麼關係=="}, {"comment_author": "dan5120", "comment_date": ["04/13", "02:33"], "comment_content": "所以你南ㄉ還女ㄉ"}, {"comment_author": "kaodio", "comment_date": ["04/13", "02:33"], "comment_content": "不用裝啊 不剝就是分手"}, {"comment_author": "justice2008", "comment_date": ["04/13", "02:33"], "comment_content": "過敏不能吃吧? 跟蝦殼無關"}, {"comment_author": "ncc5566", "comment_date": ["04/13", "02:34"], "comment_content": "左轉甲板"}, {"comment_author": "htc314", "comment_date": ["04/13", "02:35"], "comment_content": "想吃男同事的手汗吧 嘔"}, {"comment_author": "a240daniel", "comment_date": ["04/13", "02:36"], "comment_content": "有些人甲殼類過敏是會讓喉嚨腫起來可"}, {"comment_author": "a240daniel", "comment_date": ["04/13", "02:36"], "comment_content": "能窒息"}, {"comment_author": "a240daniel", "comment_date": ["04/13", "02:36"], "comment_content": "吃到會想吐這個不算過敏 算挑食吧"}, {"comment_author": "cocoline", "comment_date": ["04/13", "02:36"], "comment_content": "男友可能是要女友過敏身亡吧"}, {"comment_author": "Carters1109", "comment_date": ["04/13", "02:36"], "comment_content": "我都裝過敏不戴套"}, {"comment_author": "a27588679", "comment_date": ["04/13", "02:37"], "comment_content": "三小 過敏關剝蝦屁事？"}, {"comment_author": "dan5120", "comment_date": ["04/13", "02:37"], "comment_content": "嘔嘔 男上加男的蝦子"}, {"comment_author": "a240daniel", "comment_date": ["04/13", "02:40"], "comment_content": "好ㄅ 那真的先不要吃QQ"}, {"comment_author": "sa511394", "comment_date": ["04/13", "02:42"], "comment_content": "我過敏會發癢欸"}, {"comment_author": "mithuang", "comment_date": ["04/13", "02:45"], "comment_content": "對蝦殼過敏，但對蝦子不過敏啊！"}, {"comment_author": "kenzot", "comment_date": ["04/13", "02:54"], "comment_content": "本人就是對甲殼過敏，對蝦沒有"}, {"comment_author": "zzzttt22", "comment_date": ["04/13", "02:59"], "comment_content": "咦我蝦蟹過敏剝殼吃也是尋麻疹呀"}, {"comment_author": "blktree", "comment_date": ["04/13", "03:30"], "comment_content": "我也是過敏喉嚨不舒服，但是我女友餵也是"}, {"comment_author": "blktree", "comment_date": ["04/13", "03:30"], "comment_content": "會吃一兩隻意思一下"}, {"comment_author": "photoless", "comment_date": ["04/13", "03:48"], "comment_content": "我學長對蝦殼過敏，蝦子都他老婆剝的"}, {"comment_author": "photoless", "comment_date": ["04/13", "03:48"], "comment_content": "，有夠爽的男人"}, {"comment_author": "photoless", "comment_date": ["04/13", "03:49"], "comment_content": "樓上都是含金湯匙的男人"}, {"comment_author": "mazinkisa", "comment_date": ["04/13", "04:14"], "comment_content": "過敏就不能碰不能吃啊！"}, {"comment_author": "sellgd", "comment_date": ["04/13", "04:46"], "comment_content": "對不舔男過敏 不剝蝦 要AA的男友不交"}]}
