{"author": "tatty5566 ( )", "category": "Gossiping", "title": "[問卦] 人入中年的特徵是什麼", "date": "Mon Apr 15 11:50:03 2024", "content": ["各位老漢安安聽說人入中年以後有一些顯著的特徵像是尿尿滴得到處都是開著電視睡著對人生感到絕望八卦老漢們人入中年最顯著的特徵是什麼卦？--"], "post_comment": [{"comment_author": "onion10021", "comment_date": ["04/15", "11:50"], "comment_content": "老人味"}, {"comment_author": "felixden", "comment_date": ["04/15", "11:51"], "comment_content": "很常幻想"}, {"comment_author": "s10130804", "comment_date": ["04/15", "11:51"], "comment_content": "老二硬不起來"}, {"comment_author": "koromo1991", "comment_date": ["04/15", "11:51"], "comment_content": "你是不會看這邊有什麼特徵喔"}, {"comment_author": "scores", "comment_date": ["04/15", "11:51"], "comment_content": "健忘"}, {"comment_author": "zero7217", "comment_date": ["04/15", "11:52"], "comment_content": "幻想台灣戰爭美國跟日本爸爸會幫忙"}, {"comment_author": "scores", "comment_date": ["04/15", "11:52"], "comment_content": "一天一次 變成一周一次"}, {"comment_author": "oibmk", "comment_date": ["04/15", "11:52"], "comment_content": "仇恨社會 錯的都是政府社會 自己都沒問題"}, {"comment_author": "buke", "comment_date": ["04/15", "11:53"], "comment_content": "看板上不就知道了"}, {"comment_author": "t127147157", "comment_date": ["04/15", "11:53"], "comment_content": "肛"}, {"comment_author": "smallGGgirl", "comment_date": ["04/15", "11:53"], "comment_content": "早晚都要打手槍"}, {"comment_author": "belucky", "comment_date": ["04/15", "11:54"], "comment_content": "很愛嘴"}, {"comment_author": "rsreason", "comment_date": ["04/15", "11:54"], "comment_content": "中字有兩個口 剩一張嘴"}, {"comment_author": "wheat1130", "comment_date": ["04/15", "11:55"], "comment_content": "高血壓，"}, {"comment_author": "PtT0615s", "comment_date": ["04/15", "11:56"], "comment_content": "幻想被統一後日子過的一樣房價繼續噴"}, {"comment_author": "PtT0615s", "comment_date": ["04/15", "11:57"], "comment_content": "無聊就可以上來罵一下政府這樣"}, {"comment_author": "allenatptt", "comment_date": ["04/15", "11:59"], "comment_content": "陽痿"}, {"comment_author": "j32072", "comment_date": ["04/15", "12:04"], "comment_content": "存款會破7位數"}, {"comment_author": "Dia149", "comment_date": ["04/15", "12:04"], "comment_content": "半夜要尿"}, {"comment_author": "wjonz0102", "comment_date": ["04/15", "12:05"], "comment_content": "易怒吧 我覺得"}, {"comment_author": "leonhsu", "comment_date": ["04/15", "12:08"], "comment_content": "就發現3 P時有點力不從心了"}, {"comment_author": "ch333", "comment_date": ["04/15", "12:09"], "comment_content": "無能狂怒 想當初"}, {"comment_author": "Mei5566", "comment_date": ["04/15", "12:10"], "comment_content": "窮的想死"}, {"comment_author": "bio5chris", "comment_date": ["04/15", "12:18"], "comment_content": "倦怠任何事"}, {"comment_author": "FLy60169", "comment_date": ["04/15", "12:19"], "comment_content": "不能夜唱"}, {"comment_author": "sunday0913", "comment_date": ["04/15", "12:20"], "comment_content": "cd時間逐漸拉長"}, {"comment_author": "AirFuckKing", "comment_date": ["04/15", "12:24"], "comment_content": "早上不再一柱擎天"}, {"comment_author": "poisonB", "comment_date": ["04/15", "12:36"], "comment_content": "尿尿會滴"}, {"comment_author": "machiusheng", "comment_date": ["04/15", "12:37"], "comment_content": "不舉"}, {"comment_author": "reaturn", "comment_date": ["04/15", "12:38"], "comment_content": "從一晚70次變一晚七次"}, {"comment_author": "Meowcc", "comment_date": ["04/15", "12:48"], "comment_content": "對人生感到絕望不用中年也可以有"}, {"comment_author": "steward68", "comment_date": ["04/15", "12:49"], "comment_content": "上班把我年輕時掛嘴邊"}, {"comment_author": "ggyaining", "comment_date": ["04/15", "12:56"], "comment_content": "嗆年輕人不買房子 看不起台灣人"}, {"comment_author": "fallennrise", "comment_date": ["04/15", "13:35"], "comment_content": "臉皮超厚吧看看大媽跟阿北"}, {"comment_author": "cukesdubie", "comment_date": ["04/15", "21:23"], "comment_content": "打哈欠"}]}
