{"author": "seacore07 (海角7號)", "category": "Gossiping", "title": "[問卦] 會想去日本賞哪位櫻花妹？", "date": "Wed Apr 17 19:27:44 2024", "content": ["米拿桑 空幫哇最近正是日本的櫻花季，很多人跑去日本賞櫻花朋友說日本的櫻花妹也很讚下面幾位連名字都有櫻花的正港櫻花妹 大家會比較想看哪位櫻花？1號川崎桜  神奈川縣人 21歲", "2號遠藤櫻 愛知縣人 22歲", "3號小櫻花宮脇咲良 鹿兒島人 26歲", "4號末永桜花 愛知縣人 22歲", "--"], "post_comment": [{"comment_author": "koromo1991", "comment_date": ["04/17", "19:28"], "comment_content": "兔田佩可拉"}, {"comment_author": "k385476916", "comment_date": ["04/17", "19:28"], "comment_content": "翼舞"}, {"comment_author": "koromo1991", "comment_date": ["04/17", "19:28"], "comment_content": "櫻巫女"}, {"comment_author": "woulin", "comment_date": ["04/17", "19:29"], "comment_content": "櫻空桃"}, {"comment_author": "DiMammaMia", "comment_date": ["04/17", "19:30"], "comment_content": "3號整到連媽媽都不認得了"}, {"comment_author": "archon", "comment_date": ["04/17", "19:31"], "comment_content": "愛知縣地靈人傑，光日本國花就開出兩朵"}, {"comment_author": "StBeer", "comment_date": ["04/17", "19:33"], "comment_content": "有番號嗎？"}, {"comment_author": "allenatptt", "comment_date": ["04/17", "19:34"], "comment_content": "明里紬"}, {"comment_author": "Insania", "comment_date": ["04/17", "19:38"], "comment_content": "1號跟4號讚啦嘻嘻"}, {"comment_author": "derrick1220", "comment_date": ["04/17", "19:40"], "comment_content": "早乙女唐鳳"}, {"comment_author": "Qinsect", "comment_date": ["04/17", "19:41"], "comment_content": "本處男全都要"}, {"comment_author": "e6707122000", "comment_date": ["04/17", "19:42"], "comment_content": "2號是麵包超人"}, {"comment_author": "as222as222a", "comment_date": ["04/17", "19:54"], "comment_content": "1"}, {"comment_author": "opeminbod001", "comment_date": ["04/17", "22:03"], "comment_content": "1"}]}
