{"author": "Joannashinn (Joannashinn)", "category": "Gossiping", "title": "[問卦] 清水休息站晚上是在辦車展嗎？", "date": "Sat Apr 13 23:25:48 2024", "content": ["剛剛經過清水休息站，發現一大群人車聚在停車場，然後一堆車一直繞休息站，好像在找廁所很急的樣子一直狂催油門，還有遠方兩車鴿子，台中的夜晚都這麼朝氣勃勃的嗎？--"], "post_comment": [{"comment_author": "court", "comment_date": ["04/13", "23:26"], "comment_content": "XD"}, {"comment_author": "badbadook", "comment_date": ["04/13", "23:27"], "comment_content": "花生"}, {"comment_author": "HGT7473", "comment_date": ["04/13", "23:27"], "comment_content": "今天大甲媽祖在清水，各地陣頭+9大集合"}, {"comment_author": "luciffar", "comment_date": ["04/13", "23:27"], "comment_content": "大甲媽今天駐駕清水 明天大甲嘉年華會"}, {"comment_author": "court", "comment_date": ["04/13", "23:27"], "comment_content": "以前在那有遇過壞人 如果是半夜還是別去才"}, {"comment_author": "luciffar", "comment_date": ["04/13", "23:28"], "comment_content": "早上八點就會全城總動員鬧到半夜12點"}, {"comment_author": "zzro", "comment_date": ["04/13", "23:29"], "comment_content": "不然要像高雄那樣死氣沉沉?"}, {"comment_author": "KGSox", "comment_date": ["04/13", "23:29"], "comment_content": "低端聚集地"}, {"comment_author": "eternalmi16", "comment_date": ["04/13", "23:31"], "comment_content": "怎樣的壞人"}, {"comment_author": "court", "comment_date": ["04/13", "23:34"], "comment_content": "直覺 你會覺得不是一般人"}, {"comment_author": "court", "comment_date": ["04/13", "23:36"], "comment_content": "老大中的老大"}, {"comment_author": "court", "comment_date": ["04/13", "23:36"], "comment_content": "開得車輛也挺特殊的"}, {"comment_author": "kay00503", "comment_date": ["04/13", "23:59"], "comment_content": "Sgt吧"}, {"comment_author": "volleywayne", "comment_date": ["04/14", "00:20"], "comment_content": "之前也看過納智捷車聚，一群智障在"}, {"comment_author": "volleywayne", "comment_date": ["04/14", "00:20"], "comment_content": "自慰取暖"}]}
