{"author": "Marle (馬雷)", "category": "Gossiping", "title": "[問卦] 創意私房 虛擬幣抓不到嗎？", "date": "Wed Apr 17 00:00:51 2024", "content": ["創意私房是靠虛擬幣來運作那虛擬幣有沒有可能追查到？如果不行的話，虛擬幣是不是被汙名化惹科技應該拿來為人創造福祉　而不是拿來犯罪唄啊中國不是很厲害連這個都不會抓喔？如果政府納管的話就好了這樣也可以讓一些賺黑心錢的沒得賺錢有迷有八卦？〓〓⊙o⊙〓〓--", "--"], "post_comment": [{"comment_author": "qaz630210", "comment_date": ["04/17", "00:01"], "comment_content": "交易所實名認證"}, {"comment_author": "nextpage", "comment_date": ["04/17", "00:02"], "comment_content": "虛擬幣可以過水混幣的"}, {"comment_author": "james732", "comment_date": ["04/17", "00:02"], "comment_content": "報導者最近有一篇好像有整理金流給檢調"}, {"comment_author": "DarkerDuck", "comment_date": ["04/17", "00:03"], "comment_content": "現在加密貨幣要追查早就很簡單"}, {"comment_author": "renna038766", "comment_date": ["04/17", "00:03"], "comment_content": "電腦天才 AI大臣唐鳳發力就抓得到"}, {"comment_author": "DarkerDuck", "comment_date": ["04/17", "00:03"], "comment_content": "XMR都還被交易所踢掉"}, {"comment_author": "james732", "comment_date": ["04/17", "00:04"], "comment_content": ""}, {"comment_author": "renna038766", "comment_date": ["04/17", "00:04"], "comment_content": "什麼老狗 老貓 老馬 都在唐鳳掌握之"}, {"comment_author": "renna038766", "comment_date": ["04/17", "00:04"], "comment_content": "中"}, {"comment_author": "milkool", "comment_date": ["04/17", "00:04"], "comment_content": "虛擬幣金流是公開的（而且這也是技術核"}, {"comment_author": "DarkerDuck", "comment_date": ["04/17", "00:05"], "comment_content": ""}, {"comment_author": "milkool", "comment_date": ["04/17", "00:05"], "comment_content": "心）但是查到金流沒有用 你無法查到持有"}, {"comment_author": "milkool", "comment_date": ["04/17", "00:05"], "comment_content": "者的身份"}, {"comment_author": "freddy50301", "comment_date": ["04/17", "00:09"], "comment_content": "有抓到啊 看scp"}, {"comment_author": "iPolo3", "comment_date": ["04/17", "00:12"], "comment_content": "抓得到但抓了沒用"}, {"comment_author": "z1231002", "comment_date": ["04/17", "00:16"], "comment_content": "小英變臉分分鐘就抓到法辦 其他的等十年"}, {"comment_author": "z1231002", "comment_date": ["04/17", "00:16"], "comment_content": "吧"}, {"comment_author": "hbkhhhdx2006", "comment_date": ["04/17", "00:24"], "comment_content": "重點是虛擬幣只是交易手段，有金流"}, {"comment_author": "hbkhhhdx2006", "comment_date": ["04/17", "00:24"], "comment_content": "並不能代表什麼，只是可能可以鎖定"}, {"comment_author": "hbkhhhdx2006", "comment_date": ["04/17", "00:24"], "comment_content": "目標而已"}]}
