{"author": "shinewonder (格羅索 靈魂附體 )", "category": "Gossiping", "title": "[問卦] 有老美在伊朗敢動嗎？", "date": "Fri Apr 12 19:53:27 2024", "content": ["之前以巴戰爭 伊朗只在旁邊喊燒一副要打起來的樣子最後還是不敢動這次 老美一定先派人協調好不然就叫中國大哥出來跟伊朗講有老美在伊朗敢動嗎？--"], "post_comment": [{"comment_author": "jma306", "comment_date": ["04/12", "19:53"], "comment_content": " 伊朗有事  波斯灣就封鎖了"}, {"comment_author": "jma306", "comment_date": ["04/12", "19:54"], "comment_content": " 然後就石油危機"}, {"comment_author": "jma306", "comment_date": ["04/12", "19:54"], "comment_content": " 所以美國不能跟伊朗打持久戰"}, {"comment_author": "jma306", "comment_date": ["04/12", "19:54"], "comment_content": " 一拖下去  全世界都慘"}, {"comment_author": "whitenoise", "comment_date": ["04/12", "19:54"], "comment_content": "Why not"}, {"comment_author": "q34355997", "comment_date": ["04/12", "19:54"], "comment_content": ""}, {"comment_author": "dferww55", "comment_date": ["04/12", "19:55"], "comment_content": "台灣會不會有危險啊？老美已經有兩處要"}, {"comment_author": "dferww55", "comment_date": ["04/12", "19:55"], "comment_content": "支援了"}, {"comment_author": "LoveMakeLove", "comment_date": ["04/12", "19:55"], "comment_content": "敢！"}, {"comment_author": "cat5672", "comment_date": ["04/12", "19:56"], "comment_content": ""}, {"comment_author": "kuosos520", "comment_date": ["04/12", "19:58"], "comment_content": "台灣不會有事，日本在旁邊"}, {"comment_author": "wintxa", "comment_date": ["04/12", "19:58"], "comment_content": "政教合一的國家 沒什麼不敢的= ="}, {"comment_author": "kuosos520", "comment_date": ["04/12", "19:58"], "comment_content": "這次是要看美國還有沒有掌握全球的"}, {"comment_author": "wintxa", "comment_date": ["04/12", "19:58"], "comment_content": "就依據宗教規律去執行 所以怎麼會怕..."}, {"comment_author": "kuosos520", "comment_date": ["04/12", "19:58"], "comment_content": "力量"}, {"comment_author": "kuosos520", "comment_date": ["04/12", "19:58"], "comment_content": "誰輸誰贏不重要"}, {"comment_author": "mopepe5566", "comment_date": ["04/12", "19:58"], "comment_content": "日本小懶叫國家，怕祖國怕的要死"}, {"comment_author": "qaz31415", "comment_date": ["04/12", "20:00"], "comment_content": "地下組頭不開盤嗎？"}, {"comment_author": "chpen", "comment_date": ["04/12", "20:04"], "comment_content": ""}, {"comment_author": "jack529", "comment_date": ["04/12", "20:51"], "comment_content": "2027還有三年"}]}
