{"author": "j32072 (心地善良的o'_'o)", "category": "Gossiping", "title": "[問卦] 仔細想想夏天比冬天更讓人喜歡吧", "date": "Mon Apr 15 14:26:53 2024", "content": ["小魯高雄49處辣最近進入夏老虎階段各地開始熱了起來不管是走在路上或騎車的也不管是獨自一人或者身邊有伴那個衣服都越來越短肉露的越來越多眼睛大吃哈根達濕而且還是隨你挖那種相較之下冬天雖然可以節省一些電費但那些妹子的肉體曲線只會給另一半看不像夏天不管是年輕人妻或年輕妹子都大喇喇毫不遮掩的展現自己這權利不再是男友專利而是變成一種共享福利這樣的話夏天比起冬天更讓人喜歡吧大家也這麼覺得嗎有沒有八卦？？？--"], "post_comment": [{"comment_author": "typekid", "comment_date": ["04/15", "14:30"], "comment_content": "我都喜歡 冬天好正"}]}
