{"author": "winzip390 (伊恩)", "category": "Gossiping", "title": "[問卦] 如何ㄧ眼就認出客家人？？？", "date": "Sun Apr 14 13:14:07 2024", "content": ["客家人現在好像很難ㄧ眼就認出來了？！以前班上的客家人說話還會有ㄧ種口音，現在還有辦法ㄧ眼就認出客家人嗎？有沒有八卦？--"], "post_comment": [{"comment_author": "BlueBird5566", "comment_date": ["04/14", "13:14"], "comment_content": "看身分證"}, {"comment_author": "Skydier", "comment_date": ["04/14", "13:15"], "comment_content": "頭髮剪100"}, {"comment_author": "OPPAISuki", "comment_date": ["04/14", "13:15"], "comment_content": "年輕的 認不出來了"}, {"comment_author": "BlueBird5566", "comment_date": ["04/14", "13:15"], "comment_content": "客家人都自己剪頭髮 誰跟你剪100=="}, {"comment_author": "fan8512", "comment_date": ["04/14", "13:15"], "comment_content": "喊免費試吃第一個衝出來那個"}, {"comment_author": "AxlRose", "comment_date": ["04/14", "13:15"], "comment_content": "細妹按牆"}, {"comment_author": "SidMax", "comment_date": ["04/14", "13:15"], "comment_content": "太難了 40趴比較好認"}, {"comment_author": "yy222499", "comment_date": ["04/14", "13:16"], "comment_content": "去哦尿"}, {"comment_author": "motan", "comment_date": ["04/14", "13:17"], "comment_content": "長得好看五官深邃又不像原住民的"}, {"comment_author": "aitela", "comment_date": ["04/14", "13:17"], "comment_content": "就閩南仔自己愛計較，所以要污名化別人"}, {"comment_author": "chinaeatshit", "comment_date": ["04/14", "13:19"], "comment_content": "客家人比較少台灣狗椅"}, {"comment_author": "LoveMakeLove", "comment_date": ["04/14", "13:19"], "comment_content": "長得很錐 像錐子"}, {"comment_author": "angmoobi", "comment_date": ["04/14", "13:19"], "comment_content": "9樓有什麼根據嗎？"}, {"comment_author": "LoveMakeLove", "comment_date": ["04/14", "13:20"], "comment_content": "出生地和姓氏最好辨認"}, {"comment_author": "LoveMakeLove", "comment_date": ["04/14", "13:20"], "comment_content": "出生桃竹苗 六堆美濃 姓邱、廖、徐"}, {"comment_author": "LoveMakeLove", "comment_date": ["04/14", "13:21"], "comment_content": "、葉、羅、鍾、彭、詹、胡、范、姜"}, {"comment_author": "LoveMakeLove", "comment_date": ["04/14", "13:21"], "comment_content": "、古、田、池。八成就是客家人"}, {"comment_author": "karma584", "comment_date": ["04/14", "13:21"], "comment_content": "油會唸成ㄧㄨˊ"}, {"comment_author": "lipstick", "comment_date": ["04/14", "13:21"], "comment_content": "很喜歡下雨天唱歌"}, {"comment_author": "LoveMakeLove", "comment_date": ["04/14", "13:22"], "comment_content": "還有講出 吊壓妹 他們驚訝聽得懂"}, {"comment_author": "LoveMakeLove", "comment_date": ["04/14", "13:23"], "comment_content": "長相很難勉強 就田馥甄那型"}, {"comment_author": "derrick1220", "comment_date": ["04/14", "13:24"], "comment_content": "脖子硬"}, {"comment_author": "dick929", "comment_date": ["04/14", "13:26"], "comment_content": "為了省錢，普遍都很瘦"}, {"comment_author": "chen360", "comment_date": ["04/14", "13:26"], "comment_content": "劉姓張姓吧客家比例高"}, {"comment_author": "chen360", "comment_date": ["04/14", "13:27"], "comment_content": "李姓賴姓也是傳統客家大姓"}, {"comment_author": "Posaune", "comment_date": ["04/14", "13:37"], "comment_content": "要求跟你平分一塊錢"}, {"comment_author": "ling621", "comment_date": ["04/14", "13:38"], "comment_content": ""}, {"comment_author": "ling621", "comment_date": ["04/14", "13:38"], "comment_content": "沒有犯罪氣息的可能是"}, {"comment_author": "ling621", "comment_date": ["04/14", "13:39"], "comment_content": "8+9 檳榔嘴 薄唇 蓮霧鼻 典型滯台閩南仔"}, {"comment_author": "wn7158", "comment_date": ["04/14", "13:42"], "comment_content": "會講錐子的到客家人"}, {"comment_author": "wn7158", "comment_date": ["04/14", "13:42"], "comment_content": "都客家人"}, {"comment_author": "vul3vmp4", "comment_date": ["04/14", "13:55"], "comment_content": "姓劉也是"}, {"comment_author": "iLeyaSin365", "comment_date": ["04/14", "14:03"], "comment_content": "頭髮剪100好笑"}, {"comment_author": "Kamelie", "comment_date": ["04/14", "14:32"], "comment_content": "眼距比較大"}, {"comment_author": "melike671", "comment_date": ["04/14", "15:01"], "comment_content": "故意掉一塊錢在地上看誰會撿"}, {"comment_author": "arabeske", "comment_date": ["04/14", "15:01"], "comment_content": "閩南人自己劣跡斑斑，哪有臉講客家人？"}, {"comment_author": "SPOT2525", "comment_date": ["04/14", "15:18"], "comment_content": "欸！這個問題要討論好幾天哩！"}, {"comment_author": "FLy60169", "comment_date": ["04/14", "15:43"], "comment_content": "很小氣"}, {"comment_author": "cukesdubie", "comment_date": ["04/14", "15:59"], "comment_content": "舔布丁蓋"}, {"comment_author": "cocogg", "comment_date": ["04/14", "19:09"], "comment_content": "跟他講客家話，回你客家話的就是"}, {"comment_author": "i1210", "comment_date": ["04/14", "19:52"], "comment_content": "ㄐㄧㄤˊ"}, {"comment_author": "i1210", "comment_date": ["04/14", "19:53"], "comment_content": "四誒悶"}, {"comment_author": "i1210", "comment_date": ["04/14", "19:54"], "comment_content": "雄女住美濃的的確四個都姓劉，住潮州的姓"}, {"comment_author": "i1210", "comment_date": ["04/14", "19:54"], "comment_content": "戴和賴"}, {"comment_author": "i1210", "comment_date": ["04/14", "19:54"], "comment_content": "書買非常多。打扮的化妝品很少買"}, {"comment_author": "JQK2", "comment_date": ["04/15", "22:59"], "comment_content": "鼻子較塌"}]}
