{"author": "kimura0701 (一天要喝3千cc的水)", "category": "Gossiping", "title": "[問卦] 現實中身邊還有人在關心啥虐童嗎", "date": "Fri Apr 19 15:04:39 2024", "content": ["我看這邊還是有人很努力地在關心虐童不過 說真的 現實中已經沒啥人在關心了吧連小朋友要過個斑馬線 很多車都不願意停了怎麼會去關心那種不知道怎麼來的小孩被虐待的事有卦嗎？--", "曹家軍群組ㄇ"], "post_comment": [{"comment_author": "PADvsToS", "comment_date": ["04/19", "15:07"], "comment_content": "關八卦單身魯蛇男什麼事"}, {"comment_author": "winglight", "comment_date": ["04/19", "15:07"], "comment_content": "反正會輕判,制度也不會改"}, {"comment_author": "palindromes", "comment_date": ["04/19", "15:08"], "comment_content": "你一定沒有媽媽群組"}, {"comment_author": "palindromes", "comment_date": ["04/19", "15:08"], "comment_content": "好好八卦看世界就好"}, {"comment_author": "horse2819", "comment_date": ["04/19", "15:09"], "comment_content": "今天都住公園了 先擔心自己qq"}, {"comment_author": "allen0981", "comment_date": ["04/19", "15:09"], "comment_content": "政府也沒在管 只管誰洩密台電之類的"}]}
