{"author": "comp2468 (ilikemiku)", "category": "Gossiping", "title": "[問卦] 台灣對還不出錢的人為何特別寬容?", "date": "Fri Apr 19 09:36:22 2024", "content": ["如題。台灣明明就有強制勞動，為何很多欠錢的人，不能讓他強制勞動到把錢還完為止呢?讓他們躺完當沒事不是很奇怪嗎?民法不能一起適用強制勞動嗎?有沒有八卦?對了，法律或行政細則變成詐騙幫兇，代表應該修正了吧?還有台灣什麼時候要出類似人民電子信箱之類的東西法院有信同步發到這個電子信箱，然後只允許公家機關與民眾的收發信或訂閱內容聽起來很棒啊，為啥沒人用?有沒有八卦?--", "--", "難道借錢錯惹嗎?為啥要欺負好心人呢?更何況這情況不只借錢阿還有賠錢的時候", "我知道阿疑問是為何強制勞動不寫進民法", "這就大家被法律調教的結果QQ"], "post_comment": [{"comment_author": "wchfh544", "comment_date": ["04/19", "09:37"], "comment_content": "水原怎麼辦？"}, {"comment_author": "alex00089", "comment_date": ["04/19", "09:37"], "comment_content": "法官表示"}, {"comment_author": "johnhmj", "comment_date": ["04/19", "09:38"], "comment_content": "為什麼借錢方甘願借錢咧？ 也是想不透啦"}, {"comment_author": "duriel3313", "comment_date": ["04/19", "09:44"], "comment_content": "欠錢是民事;強制勞動是刑事. 就這樣.."}, {"comment_author": "johnhmj", "comment_date": ["04/19", "09:45"], "comment_content": "借錢都是借出就回不來了   這是基本常識"}, {"comment_author": "samnpc", "comment_date": ["04/19", "10:25"], "comment_content": "你可以不要借"}, {"comment_author": "comp2468", "comment_date": ["04/19", "11:44"], "comment_content": "像某八仙中及，就可以強制勞動到還清啊"}, {"comment_author": "alex00089", "comment_date": ["04/19", "12:24"], "comment_content": "什麼！？是常識！？"}]}
