{"author": "xxxxpollo (四叉雞)", "category": "Gossiping", "title": "[問卦] 當兵打手槍射鄰兵真的能驗退嗎", "date": "Wed Apr 17 16:06:14 2024", "content": ["如題以前聽過的傳聞當兵第一天直接尻在鄰兵臉上然後就能驗退認真問乾五顆寧有沒有這方面欸八卦----Sent from", "on my iPhone 13 mini--"], "post_comment": [{"comment_author": "playla", "comment_date": ["04/17", "16:06"], "comment_content": "五樓肛輔導長驗退"}, {"comment_author": "TAIPEI2010", "comment_date": ["04/17", "16:06"], "comment_content": "裸奔+吃屎 可能機會還大一點"}, {"comment_author": "stanly3092", "comment_date": ["04/17", "16:06"], "comment_content": "可以，不過要打在班長上"}, {"comment_author": "Anyotw", "comment_date": ["04/17", "16:07"], "comment_content": "結果鄰兵也射回來"}, {"comment_author": "blackyw", "comment_date": ["04/17", "16:08"], "comment_content": "半夜幫鄰兵吹屌的都無法驗退了"}, {"comment_author": "andy78714", "comment_date": ["04/17", "16:08"], "comment_content": "去連集合場/長官辦公室拉屎"}, {"comment_author": "Howard61313", "comment_date": ["04/17", "16:09"], "comment_content": "結果鄰兵更瘋"}, {"comment_author": "karkkunt", "comment_date": ["04/17", "16:09"], "comment_content": "應該可以，他心靈受創也可以，功德一件"}, {"comment_author": "louis13", "comment_date": ["04/17", "16:10"], "comment_content": "在以前的話 在被驗退之前應該會先被痛扁"}, {"comment_author": "louis13", "comment_date": ["04/17", "16:10"], "comment_content": "一頓 然後老兵會每天輪流玩死你 而且也不"}, {"comment_author": "louis13", "comment_date": ["04/17", "16:10"], "comment_content": "見得能驗退"}, {"comment_author": "EfiwymsiAros", "comment_date": ["04/17", "16:10"], "comment_content": "現在只會被當臭甲不稀罕了"}, {"comment_author": "kenryu", "comment_date": ["04/17", "16:11"], "comment_content": "你去肛連長就可以"}, {"comment_author": "furjai", "comment_date": ["04/17", "16:13"], "comment_content": "不能 沒幫長官打到手脫臼都不能退"}, {"comment_author": "kevin1996", "comment_date": ["04/17", "16:15"], "comment_content": "可以"}, {"comment_author": "dusty20695", "comment_date": ["04/17", "16:22"], "comment_content": "可以，朋友同梯因為這樣退了兩個"}, {"comment_author": "dusty20695", "comment_date": ["04/17", "16:22"], "comment_content": "射手驗退、中彈者心靈受創也驗退"}, {"comment_author": "wheat1130", "comment_date": ["04/17", "16:23"], "comment_content": "射旅長"}, {"comment_author": "asgardgogo", "comment_date": ["04/17", "16:25"], "comment_content": "射在肛門裡也可以"}, {"comment_author": "common5566", "comment_date": ["04/17", "16:31"], "comment_content": "這些招式確定不留著拿來對付共匪?"}, {"comment_author": "patentshit", "comment_date": ["04/17", "17:16"], "comment_content": "會不會驗退不知道，送軍醫院急診住院"}, {"comment_author": "patentshit", "comment_date": ["04/17", "17:16"], "comment_content": "的機會很高"}, {"comment_author": "Informatik", "comment_date": ["04/17", "18:20"], "comment_content": "拿快篩棒捅鄰兵p炎"}, {"comment_author": "taurus512", "comment_date": ["04/17", "18:43"], "comment_content": "你裝瘋 鄰兵搞不好真的瘋 直接殺死你"}, {"comment_author": "chris287", "comment_date": ["04/17", "19:16"], "comment_content": "驗退傷退不好說"}]}
