{"author": "james7923 (詹姆士Q)", "category": "Gossiping", "title": "[問卦] 小孩哭鬧最長可以鬧多久？", "date": "Sun Apr 14 13:48:37 2024", "content": ["搭長途大眾運輸或餐廳吃飯最怕就是小孩哭鬧不停以前去日本，就遇過小孩在飛機上全程都在哭鬧而且是高頻率尖叫的那種戴耳機都擋不住的哭飛機從台灣到日本，好歹也4-5個小時耶比起賭藍，我更是佩服小孩的精力旺盛可以哭那麼久都不累甚至我在dcard上好像還看到過有人坐歐洲線的飛機，小孩全程哭鬧沒停過的...小孩怎麼那麼能哭鬧，可以哭好幾小時都不停有人知道小孩最長可以鬧多久嗎？這是不是可以當作一種紀錄來創造了？--"], "post_comment": [{"comment_author": "s820912gmail", "comment_date": ["04/14", "13:49"], "comment_content": "沒家教的家庭太多了"}, {"comment_author": "shimo", "comment_date": ["04/14", "13:50"], "comment_content": "嬰兒用腹式發聲可以哭很久"}, {"comment_author": "theeht", "comment_date": ["04/14", "13:50"], "comment_content": "會哭到蝦估"}, {"comment_author": "vwpassat", "comment_date": ["04/14", "13:52"], "comment_content": "72hr"}, {"comment_author": "zangetsu9006", "comment_date": ["04/14", "14:00"], "comment_content": "你生一個就知道了……"}, {"comment_author": "GetMoney", "comment_date": ["04/14", "14:13"], "comment_content": "所以沒看到戰爭都要先殺小孩膩"}, {"comment_author": "andrew5106", "comment_date": ["04/14", "14:22"], "comment_content": "勒昏先== 超吵"}]}
