{"author": "eric2016 (大內嬉皮零靈性)", "category": "Gossiping", "title": "[問卦] 有無台灣也有兒少自助餐的八卦？", "date": "Fri Apr 12 20:57:49 2024", "content": ["這幾天因為黃子佼、統神的連番事件，忽然全台灣的政治圈、演藝圈、網紅圈，什麼拐瓜劣棗都忽然關心起兒少性剝削立法了。結果平時這些人的言行輕佻也不少，而且現在台灣未成年相較二十年前更早熟、勤於化妝打扮，普遍已會經營網路社群搔首弄姿，尤其星二代更堂而皇之在電視前示眾。又都以充滿未兒少性剝削風險的韓團流行文化為教條，大家都想當明星藝人、網紅小模，賺顏值優勢的輕鬆皮肉錢，反觀以前政府新聞媒體根本不可能鼓勵學生這種風氣。所以台灣現在既是如此的社會，是否也象徵了兒少也有自助餐？--", "還有四叉貓", "母哥布林真噁"], "post_comment": [{"comment_author": "SaintSeven", "comment_date": ["04/12", "20:59"], "comment_content": "主張想抽插未成年男童屁眼的甲甲表示:"}, {"comment_author": "Wolverin5566", "comment_date": ["04/12", "20:59"], "comment_content": "其實最根本就是女權自助餐ㄅ"}, {"comment_author": "Wolverin5566", "comment_date": ["04/12", "21:00"], "comment_content": "更何況咪兔盛行"}, {"comment_author": "christopherl", "comment_date": ["04/12", "21:00"], "comment_content": ""}, {"comment_author": "au4g3wk4k", "comment_date": ["04/12", "21:00"], "comment_content": "至少有40%支持炎P反統神"}, {"comment_author": "christopherl", "comment_date": ["04/12", "21:01"], "comment_content": ""}, {"comment_author": "k239832121", "comment_date": ["04/12", "21:04"], "comment_content": "一群搞不清楚17歲合不合法的在抓豬豬"}, {"comment_author": "k239832121", "comment_date": ["04/12", "21:04"], "comment_content": "寶貝用字不精確"}, {"comment_author": "k239832121", "comment_date": ["04/12", "21:04"], "comment_content": "法律人出來玩文字遊戲收穫支持"}, {"comment_author": "zangetsu9006", "comment_date": ["04/12", "21:17"], "comment_content": "少子化辦公室大成功"}]}
