{"author": "PS5pro (索尼高階機台)", "category": "Gossiping", "title": "[問卦] 澳洲短尾矮袋鼠是在開心什麼？", "date": "Sun Apr 14 14:08:56 2024", "content": ["澳洲短尾矮袋鼠蠻可愛的但聽說碰了就會被罰錢除非他來主動碰你是個看起來很開心的動物有人知道他在開心什麼嗎--"], "post_comment": [{"comment_author": "derrick1220", "comment_date": ["04/14", "14:11"], "comment_content": "濱臨絕種"}, {"comment_author": "iampcuser", "comment_date": ["04/14", "14:13"], "comment_content": "不是聽說 是真的碰了要罰錢"}, {"comment_author": "darkholy", "comment_date": ["04/14", "14:15"], "comment_content": "尷尬不失禮貌的微笑"}, {"comment_author": "kamelol", "comment_date": ["04/14", "14:16"], "comment_content": "好可愛"}, {"comment_author": "noah23", "comment_date": ["04/14", "14:49"], "comment_content": "明明就可摸 騙我不在西澳喔？"}, {"comment_author": "mmm5455", "comment_date": ["04/14", "23:22"], "comment_content": "他們只是天生嘴角上揚，都快被幹到絕種了"}, {"comment_author": "mmm5455", "comment_date": ["04/14", "23:22"], "comment_content": "一點都不開心"}]}
