{"author": "c24253994 (♡愛死你)", "category": "Gossiping", "title": "[問卦] 他們說我們是沒用的年輕人怎辦？", "date": "Mon Apr 15 16:41:24 2024", "content": ["肥肥我好難過中午被主管叫去靠背整天空泛沒有作為短視只看到眼前近利只喜歡小確幸自私不管他人也放棄改變你會不會和我一樣被生活覆蓋希望看見期盼卻不曾看不到未來委屈時只敢角落murmur有沒有被說沒用年輕人怎麼辦的瓜？", "--", "--"], "post_comment": [{"comment_author": "duke791110", "comment_date": ["04/15", "16:41"], "comment_content": "大旱"}, {"comment_author": "OPPAISuki", "comment_date": ["04/15", "16:41"], "comment_content": "實話 還真的沒用"}, {"comment_author": "koromo1991", "comment_date": ["04/15", "16:42"], "comment_content": "五樓的雞雞也沒有用"}, {"comment_author": "edward198791", "comment_date": ["04/15", "16:42"], "comment_content": "對 怎樣"}, {"comment_author": "wilson3435", "comment_date": ["04/15", "16:42"], "comment_content": "太早"}, {"comment_author": "ACHANEW", "comment_date": ["04/15", "16:43"], "comment_content": "犬早"}, {"comment_author": "k385476916", "comment_date": ["04/15", "16:43"], "comment_content": "有差ㄇ"}, {"comment_author": "AgentSkye56", "comment_date": ["04/15", "16:44"], "comment_content": "說得沒錯啊"}, {"comment_author": "shift5810", "comment_date": ["04/15", "16:49"], "comment_content": "我就爛"}, {"comment_author": "johnson2726", "comment_date": ["04/15", "16:53"], "comment_content": "跟他說你台積電有50張  看誰比較沒用"}, {"comment_author": "AirO0264400", "comment_date": ["04/15", "18:12"], "comment_content": "對撲起"}]}
