{"author": "ForTheHorde (為了部落！)", "category": "Gossiping", "title": "[問卦] 漲價還給我停電?", "date": "Tue Apr 16 16:52:22 2024", "content": ["如題價錢上漲 不是應該給我更滿意的服務或是充足的貨物嗎?結果你多收我錢 還不給我東西?有垃圾ㄉ...店家的卦嗎==--"], "post_comment": [{"comment_author": "hck13kimo", "comment_date": ["04/16", "16:53"], "comment_content": "真的停電再來叫好嗎"}, {"comment_author": "piggybill", "comment_date": ["04/16", "16:53"], "comment_content": "早就說了 以價制量是假議題"}, {"comment_author": "EMSOK", "comment_date": ["04/16", "16:53"], "comment_content": "價格調漲限制用量 尊爵享受"}, {"comment_author": "Pheromone", "comment_date": ["04/16", "16:54"], "comment_content": "用電就鋼需啊 沒核電等著夏天一起死"}, {"comment_author": "Alieno", "comment_date": ["04/16", "16:54"], "comment_content": "買不到再加價賣你 學會了嗎"}, {"comment_author": "Mograine", "comment_date": ["04/16", "16:54"], "comment_content": "桃園八德前天晚上就一堆社區停電了"}, {"comment_author": "A80211ab", "comment_date": ["04/16", "16:55"], "comment_content": "你是財團嗎  不是救滾"}, {"comment_author": "jinnij03879", "comment_date": ["04/16", "16:55"], "comment_content": "說停電的300"}, {"comment_author": "a77942002", "comment_date": ["04/16", "16:55"], "comment_content": "就出不夠啊~三倍價跟店家買不就好了~"}, {"comment_author": "kuosambition", "comment_date": ["04/16", "16:55"], "comment_content": "外食也是漲價還縮水，台灣特有玩法"}, {"comment_author": "cms6384", "comment_date": ["04/16", "16:56"], "comment_content": "40%說這是民主價值"}, {"comment_author": "joe00477", "comment_date": ["04/16", "16:56"], "comment_content": "台電專門扯後腿讓民進黨被背黑鍋，年終"}, {"comment_author": "joe00477", "comment_date": ["04/16", "16:56"], "comment_content": "該砍了吧"}, {"comment_author": "LIUACH", "comment_date": ["04/16", "16:58"], "comment_content": "你家有停嗎 沒有是再叫什麼"}, {"comment_author": "PtT0615s", "comment_date": ["04/16", "17:01"], "comment_content": "漲價是不要虧 又不是提升服務品質"}, {"comment_author": "Tsin", "comment_date": ["04/16", "17:02"], "comment_content": "人家就選上了，有什麼辦法"}, {"comment_author": "jagger", "comment_date": ["04/16", "17:04"], "comment_content": "所以現在有停電嗎？等停電再上來靠腰啦"}, {"comment_author": "jagger", "comment_date": ["04/16", "17:05"], "comment_content": "相信党"}, {"comment_author": "NaoGaTsu", "comment_date": ["04/16", "17:15"], "comment_content": "不要太不滿 40%的理想國度"}, {"comment_author": "dorisfuck", "comment_date": ["04/16", "17:18"], "comment_content": "我是人，我很熱"}, {"comment_author": "EXUAN", "comment_date": ["04/16", "17:31"], "comment_content": "那就是漲太少囉？"}, {"comment_author": "rc001968", "comment_date": ["04/16", "17:48"], "comment_content": "台積電工程師領太多好嗎？ 應該要科缺"}, {"comment_author": "rc001968", "comment_date": ["04/16", "17:48"], "comment_content": "電護國稅，就是盈餘分配不均油水太多才"}, {"comment_author": "rc001968", "comment_date": ["04/16", "17:48"], "comment_content": "會炒房漲電缺水"}, {"comment_author": "AIRWAY1021", "comment_date": ["04/16", "18:35"], "comment_content": "人家台電主動幫你省電救救北極熊"}, {"comment_author": "llgod", "comment_date": ["04/16", "18:50"], "comment_content": "漲到一度20元就不會缺電了"}]}
