{"author": "thesonofevil (四非亞心)", "category": "Gossiping", "title": "[問卦] 10元鋁箔包飲料的霸主是哪個?", "date": "Mon Apr 15 13:07:35 2024", "content": ["如題窮到買不起手搖杯的本肥宅平常想喝飲料就是去便利商店或販賣買個10元鋁箔包飲料喝喝發現這麼多年了麥香系列還是永遠在架上而且很多販賣機 麥香系列 只有紅茶有兩格 奶跟綠都一格484表示麥香紅茶賣相最好?好奇 10元鋁箔包飲料的霸主是哪個呢?--"], "post_comment": [{"comment_author": "sirins", "comment_date": ["04/15", "13:09"], "comment_content": "現在也沒幾款可選了"}, {"comment_author": "windo", "comment_date": ["04/15", "13:16"], "comment_content": "是麥香紅茶沒錯，但個人喜歡生活泡沫系列"}, {"comment_author": "rootpresent", "comment_date": ["04/15", "13:18"], "comment_content": "超級養樂多"}, {"comment_author": "lifesg", "comment_date": ["04/15", "13:21"], "comment_content": "麥香紅"}, {"comment_author": "a92011", "comment_date": ["04/15", "13:28"], "comment_content": "麥香"}, {"comment_author": "popowing", "comment_date": ["04/15", "13:33"], "comment_content": "麥香紅茶"}, {"comment_author": "zhang750115", "comment_date": ["04/15", "13:38"], "comment_content": "麥香紅"}, {"comment_author": "jay0215", "comment_date": ["04/15", "13:41"], "comment_content": "咖啡廣場"}, {"comment_author": "GBO5", "comment_date": ["04/15", "13:45"], "comment_content": "珍珠奶茶"}, {"comment_author": "hy1221", "comment_date": ["04/15", "14:02"], "comment_content": "現在哪有10元"}]}
