{"author": "WeiU (台大IU)", "category": "Gossiping", "title": "[問卦] 我這樣算仇富嗎？", "date": "Wed Apr 17 15:56:51 2024", "content": ["欸欸肥宅小妹我台大IU小妹我的學生全部家裡都是有錢人一學期學費至少幾十萬沒在在乎的幾乎都是升高中或升大學就送到國外小妹我好羨慕又嫉妒為什麼他們可以有那麼多資源小妹我想出國留學卻好像一輩子沒辦法心裡好不平衡這種不平衡好像會影響心理兔兔叫我放鬆一點然後努力一點他們是富n代小妹我可以當富一代這樣兔兔她就可以當富二代兔兔很溫柔有卦嗎？？？-----Sent from JPTT on my iPhone--我是　－　微，Ｕ文專發　－　微，優文--"], "post_comment": [{"comment_author": "gay7788", "comment_date": ["04/17", "15:57"], "comment_content": "肛ㄊ阿"}, {"comment_author": "jimmy0316", "comment_date": ["04/17", "15:57"], "comment_content": "粉絲首噓"}, {"comment_author": "k385476916", "comment_date": ["04/17", "15:57"], "comment_content": "叔叔 兔兔算好吃"}, {"comment_author": "azeroth", "comment_date": ["04/17", "15:57"], "comment_content": "IU下午好"}, {"comment_author": "ashilol", "comment_date": ["04/17", "15:57"], "comment_content": "兔兔死了沒"}, {"comment_author": "azeroth", "comment_date": ["04/17", "15:58"], "comment_content": "IU英文好的話可以找個男生一起去美國"}, {"comment_author": "beeboombee", "comment_date": ["04/17", "15:58"], "comment_content": ":"}, {"comment_author": "chen360", "comment_date": ["04/17", "15:59"], "comment_content": "出來革命呀"}, {"comment_author": "chen360", "comment_date": ["04/17", "15:59"], "comment_content": "全部打掉重來"}, {"comment_author": "scores", "comment_date": ["04/17", "16:00"], "comment_content": "泡自己學生啊"}, {"comment_author": "simon301", "comment_date": ["04/17", "16:01"], "comment_content": "你就去看一些連書都不能讀的平衡一下"}, {"comment_author": "mk5520", "comment_date": ["04/17", "16:04"], "comment_content": "叔叔好"}, {"comment_author": "s10130804", "comment_date": ["04/17", "16:05"], "comment_content": "跟他結婚你就財務自由了"}, {"comment_author": "zeroBB", "comment_date": ["04/17", "16:05"], "comment_content": "就不要接觸就好了，去改當條碼師外送仔，"}, {"comment_author": "zeroBB", "comment_date": ["04/17", "16:05"], "comment_content": "同事都比你還慘。"}, {"comment_author": "zeroBB", "comment_date": ["04/17", "16:08"], "comment_content": "然後記得不夠有錢別生小孩階級複製，害死"}, {"comment_author": "zeroBB", "comment_date": ["04/17", "16:08"], "comment_content": "小孩也搞死自己就好。"}, {"comment_author": "pupuputtt", "comment_date": ["04/17", "16:13"], "comment_content": "粉絲是尼最大的財富 尼沒發現尼早已財"}, {"comment_author": "pupuputtt", "comment_date": ["04/17", "16:13"], "comment_content": "富自由惹嗎^^"}, {"comment_author": "dennistao", "comment_date": ["04/17", "16:20"], "comment_content": "阿北我要吃三杯兔"}, {"comment_author": "Nevhir", "comment_date": ["04/17", "17:35"], "comment_content": "兔兔好吃陣線全是腹餓die"}]}
