{"author": "ilovecat5566 (....)", "category": "Gossiping", "title": "[問卦] 台灣跟烏克蘭，美國爸爸應該更重視台灣", "date": "Thu Apr 18 12:17:35 2024", "content": ["最近美國爸爸對烏克蘭射後不理幫烏克蘭QQ但台灣應該不會這樣吧畢竟台灣有護國神山全世界都要依賴我們的晶片！台灣跟烏克蘭美國爸爸應該更重視台灣吧有沒有卦？0.0-----Sent from JPTT on my iPhone--"], "post_comment": [{"comment_author": "maiev", "comment_date": ["04/18", "12:18"], "comment_content": "自求多福"}, {"comment_author": "hyakkiyagyo", "comment_date": ["04/18", "12:18"], "comment_content": "沒那麼在乎啦 自慰可以 但別想太多"}, {"comment_author": "engineer1", "comment_date": ["04/18", "12:18"], "comment_content": "問就是同屬一中"}, {"comment_author": "hyakkiyagyo", "comment_date": ["04/18", "12:19"], "comment_content": "Knowhow要打包走也不過分分鐘的事"}, {"comment_author": "tonyxfg", "comment_date": ["04/18", "12:20"], "comment_content": "即使護國神山很重要，現在美國也在移山"}, {"comment_author": "tonyxfg", "comment_date": ["04/18", "12:20"], "comment_content": "啦，等山移完看台灣拿什麼護國"}, {"comment_author": "keyneslan", "comment_date": ["04/18", "12:20"], "comment_content": "派美軍保護台灣人"}, {"comment_author": "albert2942", "comment_date": ["04/18", "12:23"], "comment_content": "一開戰美國會先毀台積及其他半導體設"}, {"comment_author": "albert2942", "comment_date": ["04/18", "12:23"], "comment_content": "施吧，避免重要設施落入大陸手上"}, {"comment_author": "jiapon", "comment_date": ["04/18", "12:25"], "comment_content": "其實毀那些也沒用 重要的是人"}, {"comment_author": "albert2942", "comment_date": ["04/18", "12:26"], "comment_content": "美國只做對自己有利的事，別夢想它會"}, {"comment_author": "albert2942", "comment_date": ["04/18", "12:26"], "comment_content": "努力幫忙，最好台灣把大陸拖垮，這樣"}, {"comment_author": "albert2942", "comment_date": ["04/18", "12:26"], "comment_content": "美國就是全世界最大的帝國了"}, {"comment_author": "tenka92417", "comment_date": ["04/18", "12:28"], "comment_content": "當事人永遠都認為自己是對方最需要的"}, {"comment_author": "tenka92417", "comment_date": ["04/18", "12:28"], "comment_content": "人"}, {"comment_author": "tenka92417", "comment_date": ["04/18", "12:29"], "comment_content": "憑台灣這種後勤保養能力，能拖垮阿共"}, {"comment_author": "tenka92417", "comment_date": ["04/18", "12:29"], "comment_content": "的話那老美乾脆自己下來打就好了"}, {"comment_author": "espresso1", "comment_date": ["04/18", "12:53"], "comment_content": "中國五毛高潮"}, {"comment_author": "PSptt", "comment_date": ["04/18", "12:57"], "comment_content": "台灣跟烏克蘭都是狗"}, {"comment_author": "Justinchen", "comment_date": ["04/18", "17:15"], "comment_content": "川普：台灣是建地"}, {"comment_author": "Justinchen", "comment_date": ["04/18", "17:15"], "comment_content": "鉛筆"}]}
