{"author": "Wardyal (本季霸權　蔚藍檔案)", "category": "Gossiping", "title": "[問卦] 一餐多四元可以多加甚麼東西？", "date": "Sat Apr 13 09:52:27 2024", "content": ["剛剛看電視 提到說營養午餐補助15億", "看起來很多 但是平分給所有人只有4元阿 我比較好奇的是多四元一般的人感覺的出來嗎多4元是會多什麼有辦法多半顆蛋之類的嗎--"], "post_comment": [{"comment_author": "kt040", "comment_date": ["04/13", "09:53"], "comment_content": "1餐多4元 然後少半顆蛋還差不多吧XDDDD"}, {"comment_author": "genius86", "comment_date": ["04/13", "09:53"], "comment_content": "蘇丹紅"}, {"comment_author": "snsdakb48", "comment_date": ["04/13", "09:53"], "comment_content": "台灣價值"}, {"comment_author": "marktak", "comment_date": ["04/13", "09:53"], "comment_content": "半個水餃阿"}, {"comment_author": "bonfferoni", "comment_date": ["04/13", "09:53"], "comment_content": "多2/5杯米"}, {"comment_author": "j55888819", "comment_date": ["04/13", "09:53"], "comment_content": "加更多的糖"}, {"comment_author": "ianlin1216", "comment_date": ["04/13", "09:53"], "comment_content": "飯可以多吃半碗"}, {"comment_author": "ps20012001", "comment_date": ["04/13", "09:53"], "comment_content": "大宗採購會有點差"}, {"comment_author": "nutrino", "comment_date": ["04/13", "09:53"], "comment_content": "4原是補貼物價上漲吧 根本不會多什麼"}, {"comment_author": "jackycheny", "comment_date": ["04/13", "09:54"], "comment_content": "呆彎價值阿，你不懂啦，嘻嘻"}, {"comment_author": "saiboos", "comment_date": ["04/13", "09:55"], "comment_content": "連蛋都吃不起"}, {"comment_author": "airva", "comment_date": ["04/13", "09:55"], "comment_content": "學生多的學校 校長可以換跑車了"}, {"comment_author": "tetsu327", "comment_date": ["04/13", "09:56"], "comment_content": "5克蘇丹紅吧"}, {"comment_author": "ppav0v0v", "comment_date": ["04/13", "09:56"], "comment_content": "房價漲了一倍 午餐只多4元"}, {"comment_author": "chu", "comment_date": ["04/13", "09:56"], "comment_content": "雞蛋一斤快50 可以加半顆蛋"}, {"comment_author": "ruthertw", "comment_date": ["04/13", "09:57"], "comment_content": "一匙沙拉油"}, {"comment_author": "iterator", "comment_date": ["04/13", "09:58"], "comment_content": "現在好像是四十多元,幾乎漲了 9%"}, {"comment_author": "scum5566", "comment_date": ["04/13", "09:59"], "comment_content": "買最頂的瘦肉精剛好"}, {"comment_author": "ivla8432", "comment_date": ["04/13", "10:00"], "comment_content": "加底"}, {"comment_author": "rex7788", "comment_date": ["04/13", "10:00"], "comment_content": "對應物價上漲可能還縮水"}, {"comment_author": "yzelly", "comment_date": ["04/13", "10:01"], "comment_content": "多4元 東西沒縮水就要偷笑了"}, {"comment_author": "monarch0301", "comment_date": ["04/13", "10:01"], "comment_content": "一湯匙三色豆"}, {"comment_author": "dinosaur888", "comment_date": ["04/13", "10:03"], "comment_content": "原本小碗裝菜變成塑膠盤裝菜"}, {"comment_author": "t4lin", "comment_date": ["04/13", "10:03"], "comment_content": "之前看偏鄉深山的小學一餐只有29塊的預算…"}, {"comment_author": "t4lin", "comment_date": ["04/13", "10:03"], "comment_content": "校長還一直掏腰包甚至自己開車到處求廠商"}, {"comment_author": "kichitai", "comment_date": ["04/13", "10:06"], "comment_content": "沒做過軍中採購你就不知道差了多少"}, {"comment_author": "F430", "comment_date": ["04/13", "10:07"], "comment_content": "媽的4塊要吃啥洨"}, {"comment_author": "ketrobo", "comment_date": ["04/13", "10:08"], "comment_content": "幾尾魩仔魚"}, {"comment_author": "badruid", "comment_date": ["04/13", "10:08"], "comment_content": "+4元只是保持不變吧！不加大概快沒廠商"}, {"comment_author": "badruid", "comment_date": ["04/13", "10:08"], "comment_content": "了"}, {"comment_author": "freeman3310", "comment_date": ["04/13", "10:10"], "comment_content": "要廚工阿姨幫你唸咒語都不夠"}, {"comment_author": "feijai", "comment_date": ["04/13", "10:11"], "comment_content": "4元應該是通膨的部分"}, {"comment_author": "Ycosmos", "comment_date": ["04/13", "10:13"], "comment_content": "多個塑膠袋讓你打包"}, {"comment_author": "CKRO", "comment_date": ["04/13", "10:19"], "comment_content": "半個滷蛋"}, {"comment_author": "aeug2005", "comment_date": ["04/13", "10:21"], "comment_content": "一匙三色豆"}, {"comment_author": "hicjgogogo", "comment_date": ["04/13", "10:24"], "comment_content": "集資購買微波爐"}, {"comment_author": "kiopl", "comment_date": ["04/13", "10:28"], "comment_content": "一人4元 一千人4萬 4萬繳個房貸還可以吧"}, {"comment_author": "ra88872", "comment_date": ["04/13", "10:28"], "comment_content": "大宗採買每人4元差很多，你有當兵就會知"}, {"comment_author": "ra88872", "comment_date": ["04/13", "10:28"], "comment_content": "道了，其實當兵伙食副餐費也不高，但能把"}, {"comment_author": "ra88872", "comment_date": ["04/13", "10:28"], "comment_content": "你餵成豬，一點問題都沒有。"}, {"comment_author": "dai26", "comment_date": ["04/13", "10:39"], "comment_content": "每餐可以多一斤蘇丹紅的料理"}, {"comment_author": "azytjr", "comment_date": ["04/13", "10:43"], "comment_content": "多一個口袋餅乾吧"}, {"comment_author": "amgn997", "comment_date": ["04/13", "10:46"], "comment_content": "薯條一根"}, {"comment_author": "hgukygui", "comment_date": ["04/13", "10:49"], "comment_content": "廠商跟校長可以多車車還是房子啊"}, {"comment_author": "carkyoing", "comment_date": ["04/13", "11:06"], "comment_content": "兩隻菜蟲"}, {"comment_author": "wmtsung", "comment_date": ["04/13", "11:18"], "comment_content": "多幾匙化工調味料"}, {"comment_author": "wmtsung", "comment_date": ["04/13", "11:19"], "comment_content": "多給的錢當然是大家分"}, {"comment_author": "aj064534", "comment_date": ["04/13", "11:32"], "comment_content": "看的到吃不到"}, {"comment_author": "organ63521", "comment_date": ["04/13", "11:43"], "comment_content": "加價賣你不加量"}, {"comment_author": "yumika", "comment_date": ["04/13", "11:43"], "comment_content": "校長賺飽飽"}, {"comment_author": "koexe", "comment_date": ["04/13", "11:49"], "comment_content": "真的別平均比較好"}, {"comment_author": "koexe", "comment_date": ["04/13", "11:50"], "comment_content": "報出來給人笑"}, {"comment_author": "holybless", "comment_date": ["04/13", "11:52"], "comment_content": "豬哥亮牽亡歌 素珠二十加魯蛋"}, {"comment_author": "F93935", "comment_date": ["04/13", "11:54"], "comment_content": "一顆水果"}, {"comment_author": "dreamdds", "comment_date": ["04/13", "12:18"], "comment_content": "一顆水餃"}, {"comment_author": "cgser", "comment_date": ["04/13", "12:27"], "comment_content": "一顆葡萄乾"}, {"comment_author": "newyorker54", "comment_date": ["04/13", "12:31"], "comment_content": "醬油"}, {"comment_author": "snobbish", "comment_date": ["04/13", "13:08"], "comment_content": "聖地吸空氣就好"}, {"comment_author": "borhom", "comment_date": ["04/13", "13:10"], "comment_content": "小學校廠商願意幫忙送菜真的是佛心來的，"}, {"comment_author": "borhom", "comment_date": ["04/13", "13:10"], "comment_content": "因為根本賺不了錢。一餐多四元對學生多的"}, {"comment_author": "borhom", "comment_date": ["04/13", "13:10"], "comment_content": "大校幫助超大。但對小校幾乎等於零。"}, {"comment_author": "mikasakai", "comment_date": ["04/13", "13:20"], "comment_content": "可以多一些化工原料"}, {"comment_author": "excercang", "comment_date": ["04/13", "22:33"], "comment_content": "4元很多了，一次煮個100+份"}, {"comment_author": "excercang", "comment_date": ["04/13", "22:33"], "comment_content": "多這4元，可以弄出不少東西，你拿自煮"}, {"comment_author": "excercang", "comment_date": ["04/13", "22:34"], "comment_content": "單人這種才是沒得比"}, {"comment_author": "WunoW", "comment_date": ["04/14", "01:53"], "comment_content": "智商及格的人不會用平均去看結果"}, {"comment_author": "Taiwanwolf", "comment_date": ["04/14", "02:13"], "comment_content": "半碗飯"}]}
