{"author": "astrayzip ()", "category": "Gossiping", "title": "[問卦] 為什麼我們要大力發展科技業還會缺電", "date": "Wed Apr 17 08:48:58 2024", "content": ["只要不是智障都知道科技業高耗電台灣又只要不是智障都知道科技業是我們產業重心那為啥台灣會智障到科技業廠房十年前就預告會越來越多用電數據也十年前就看的出來只增不減又有了整整十年的時間防範卻十年後越來越容易缺電台灣怎麼了為啥這麼智障--"], "post_comment": [{"comment_author": "cutesoda", "comment_date": ["04/17", "08:50"], "comment_content": "你應該問 為什麼綠電只有10%會能源不穩"}, {"comment_author": "cutesoda", "comment_date": ["04/17", "08:50"], "comment_content": "今天又不是30% 僅僅10%而已"}, {"comment_author": "ddg1802", "comment_date": ["04/17", "08:51"], "comment_content": "變電站更新被抗爭數十年、發電廠新建或"}, {"comment_author": "ddg1802", "comment_date": ["04/17", "08:51"], "comment_content": "改建被抗爭、三接四接被抗爭還公投拖時"}, {"comment_author": "ddg1802", "comment_date": ["04/17", "08:52"], "comment_content": "間，試問是誰的問題？"}, {"comment_author": "NaOH268", "comment_date": ["04/17", "08:53"], "comment_content": "核4早就蓋好怎不用"}, {"comment_author": "sevenfeet", "comment_date": ["04/17", "08:53"], "comment_content": "反深澳! 反三接! 反綠能! 反核廢!"}, {"comment_author": "ironfox", "comment_date": ["04/17", "08:54"], "comment_content": "在台灣,同樣邏輯矛盾的情況,還有明明是島"}, {"comment_author": "ironfox", "comment_date": ["04/17", "08:54"], "comment_content": "國陸軍比重遠大於空軍+海軍。"}, {"comment_author": "coffee112", "comment_date": ["04/17", "08:57"], "comment_content": "因為十年前 民進党罵國民黨 過度高估"}, {"comment_author": "coffee112", "comment_date": ["04/17", "08:58"], "comment_content": "未來用電需求 民進党跟支持者可能都對"}, {"comment_author": "coffee112", "comment_date": ["04/17", "08:58"], "comment_content": "台灣未來沒啥期待吧 所以才會認為不會"}, {"comment_author": "coffee112", "comment_date": ["04/17", "08:58"], "comment_content": "缺電 不會成長 蓋電力設施叫做弊案XD"}, {"comment_author": "coffee112", "comment_date": ["04/17", "08:59"], "comment_content": "啊 是罵馬英九 過度建設電力設施 呵呵"}, {"comment_author": "DhampirColin", "comment_date": ["04/17", "08:59"], "comment_content": "被一群目光短X的政黨騙8+N年..."}, {"comment_author": "xylinum", "comment_date": ["04/17", "09:02"], "comment_content": "停建核四，關核電廠，然後拼命擴建台積電"}, {"comment_author": "xylinum", "comment_date": ["04/17", "09:02"], "comment_content": "，拼命燒煤！這是什麼智障才會下的決策？"}, {"comment_author": "coffee112", "comment_date": ["04/17", "09:02"], "comment_content": "台灣電力建設建造 是為了日後未來的十"}, {"comment_author": "coffee112", "comment_date": ["04/17", "09:03"], "comment_content": "年二十年 結果台灣有義和團 造謠抹黑"}, {"comment_author": "coffee112", "comment_date": ["04/17", "09:03"], "comment_content": "然後史上最高817 真的有夠溫馨"}, {"comment_author": "RisingTackle", "comment_date": ["04/17", "09:05"], "comment_content": "因為我只做到2024"}, {"comment_author": "coffee112", "comment_date": ["04/17", "09:05"], "comment_content": "缺電部長:我們沒預料到台灣發展那麼快"}, {"comment_author": "coffee112", "comment_date": ["04/17", "09:06"], "comment_content": "缺電不漲:我們沒預料到台商回台擴廠"}, {"comment_author": "coffee112", "comment_date": ["04/17", "09:06"], "comment_content": "缺電補漲:我們沒預料到用電量會大增"}, {"comment_author": "cat5672", "comment_date": ["04/17", "09:07"], "comment_content": ""}, {"comment_author": "coffee112", "comment_date": ["04/17", "09:07"], "comment_content": "這些台詞可都是之前新聞上面看到的呢"}, {"comment_author": "coffee112", "comment_date": ["04/17", "09:10"], "comment_content": ""}, {"comment_author": "gameboy666", "comment_date": ["04/17", "09:26"], "comment_content": "模擬城市一直關核電廠看看啊"}, {"comment_author": "fufufugogogo", "comment_date": ["04/17", "09:27"], "comment_content": "不然你要投國民黨"}, {"comment_author": "sunnyyoung", "comment_date": ["04/17", "09:30"], "comment_content": "綠腦就智障 不然你要怎樣"}, {"comment_author": "ko363630", "comment_date": ["04/17", "09:41"], "comment_content": "我等者看能源不穩跳定,造成科技業損失"}, {"comment_author": "k798976869", "comment_date": ["04/17", "09:43"], "comment_content": "台積電擴廠用太多電會當然缺電"}, {"comment_author": "orange0319", "comment_date": ["04/17", "09:50"], "comment_content": "就那群為反而反的人都是民進黨在背後"}, {"comment_author": "wei5730", "comment_date": ["04/17", "09:50"], "comment_content": "問40% 這裡是他們的應許之地"}, {"comment_author": "orange0319", "comment_date": ["04/17", "09:50"], "comment_content": "組織策動的啊，沒看到太陽花嗎？"}, {"comment_author": "kinyizi", "comment_date": ["04/17", "10:33"], "comment_content": "有個偉大政府 口號前面加個ai，還會把藏"}, {"comment_author": "kinyizi", "comment_date": ["04/17", "10:33"], "comment_content": "電挖出來"}, {"comment_author": "child1991", "comment_date": ["04/17", "12:30"], "comment_content": "綠電10%代表其他發電機組要填補那沒屁"}, {"comment_author": "child1991", "comment_date": ["04/17", "12:30"], "comment_content": "用的綠電啊 還僅僅10%？"}, {"comment_author": "child1991", "comment_date": ["04/17", "12:31"], "comment_content": "民進黨政府與其低能支持者還想擴大哪"}, {"comment_author": "child1991", "comment_date": ["04/17", "12:31"], "comment_content": "沒屁用的10%呢"}]}
