{"author": "jackymars5 ((                ))", "category": "Gossiping", "title": "[問卦] 認真問  我有機會交到女朋友嗎", "date": "Sun Apr 14 12:22:35 2024", "content": ["專門發廢文  廢片講真的  我會彈鋼琴也沒有屁用啊乙武洋匡  就臉帥屌虐一堆好手好腳的我是輸在哪裡？我以前算可以了  竹南趙又廷欸謝謝八卦版--"], "post_comment": [{"comment_author": "kent", "comment_date": ["04/14", "12:22"], "comment_content": "又是你"}, {"comment_author": "GTOyoko5566", "comment_date": ["04/14", "12:23"], "comment_content": "這個人欠你錢嗎"}, {"comment_author": "domago", "comment_date": ["04/14", "12:23"], "comment_content": "男友"}, {"comment_author": "maiev", "comment_date": ["04/14", "12:23"], "comment_content": "阿文看起來像外勞 你要整理一下 看起來髒"}, {"comment_author": "gem810611", "comment_date": ["04/14", "12:23"], "comment_content": "阿文好了啦"}, {"comment_author": "jerrys0580", "comment_date": ["04/14", "12:23"], "comment_content": "到底欠你多少"}, {"comment_author": "sd09090", "comment_date": ["04/14", "12:24"], "comment_content": "哎"}, {"comment_author": "headcase", "comment_date": ["04/14", "12:24"], "comment_content": "阿文留鬍子比較帥"}, {"comment_author": "rhu", "comment_date": ["04/14", "12:24"], "comment_content": "mm 試試吧"}, {"comment_author": "KusoJontaro", "comment_date": ["04/14", "12:24"], "comment_content": "你到底多討厭他，還是你暗戀他啊？"}, {"comment_author": "gx8759121", "comment_date": ["04/14", "12:25"], "comment_content": "沒，本人，只是有些問題"}, {"comment_author": "jacket664", "comment_date": ["04/14", "12:25"], "comment_content": "他欠你多少"}, {"comment_author": "tanted", "comment_date": ["04/14", "12:27"], "comment_content": "找外勞 他們會認為你是同鄉 有親切感"}, {"comment_author": "rererere147", "comment_date": ["04/14", "12:28"], "comment_content": "去賺錢"}, {"comment_author": "derrick1220", "comment_date": ["04/14", "12:31"], "comment_content": "228"}, {"comment_author": "zangetsu9006", "comment_date": ["04/14", "12:33"], "comment_content": "你不是說有阿姨要介紹對象給你？"}, {"comment_author": "engineer1", "comment_date": ["04/14", "12:33"], "comment_content": "有 很多男朋友站內你了"}, {"comment_author": "alex00089", "comment_date": ["04/14", "14:13"], "comment_content": "不挑的話沒問題"}, {"comment_author": "alex00089", "comment_date": ["04/14", "14:14"], "comment_content": "隨便找個想定下來的能接受一起生活就"}, {"comment_author": "alex00089", "comment_date": ["04/14", "14:14"], "comment_content": "有了啊"}, {"comment_author": "starbucks16", "comment_date": ["04/14", "14:17"], "comment_content": "阿文"}, {"comment_author": "gogin", "comment_date": ["04/14", "14:22"], "comment_content": "有機會的話 早就有女友了"}, {"comment_author": "hirobumi", "comment_date": ["04/14", "21:50"], "comment_content": "很帥惹啦，少發八卦廢文就有女友了"}]}
