{"author": "arnold3 (憂鬱型男阿雲)", "category": "Gossiping", "title": "[問卦] nvidia跟intel那麼強 為何amd還殺得出來?", "date": "Wed Apr 17 09:49:41 2024", "content": ["我看nvidia很厲害 一張卡賣你好幾萬 比一台電腦還貴 照樣有人買 可見有多厲害至於intel就不用說 啥都能做還能做到世界第一 還有一堆天才工程師跟外星科技反觀amd本來不就一間小公司 怎麼後來還能跟這兩家打得有來有回 是怎麼做到的?感覺不管是技術還是資金應該都沒有這兩家強才對?----"], "post_comment": [{"comment_author": "pippen2002", "comment_date": ["04/17", "09:50"], "comment_content": "intel <<<<<< AMD!"}, {"comment_author": "kutkin", "comment_date": ["04/17", "09:50"], "comment_content": "Amd先nvidia發家的"}, {"comment_author": "staristic", "comment_date": ["04/17", "09:50"], "comment_content": "產品定位就不一樣啊"}, {"comment_author": "kutkin", "comment_date": ["04/17", "09:50"], "comment_content": "nvdia是併了 Ati"}, {"comment_author": "estupid", "comment_date": ["04/17", "09:51"], "comment_content": "不是amd併ati嗎"}, {"comment_author": "HodorDragon", "comment_date": ["04/17", "09:51"], "comment_content": "obov：重返農藥"}, {"comment_author": "kutkin", "comment_date": ["04/17", "09:52"], "comment_content": "對 amd併ati"}, {"comment_author": "rocky1975", "comment_date": ["04/17", "09:54"], "comment_content": "誰跟你說AMD是一家小公司?"}, {"comment_author": "bruce511239", "comment_date": ["04/17", "09:55"], "comment_content": "10nm反壓牙膏廠"}, {"comment_author": "eric13141230", "comment_date": ["04/17", "09:57"], "comment_content": "Intel現在等於狗大便"}, {"comment_author": "hoos891405", "comment_date": ["04/17", "09:59"], "comment_content": "Intel只有桌電 筆電CPU強而已"}, {"comment_author": "hoos891405", "comment_date": ["04/17", "09:59"], "comment_content": "Intel內顯晶片跟屎一樣"}, {"comment_author": "UrFather", "comment_date": ["04/17", "09:59"], "comment_content": "現在核顯超強不買顯卡了"}, {"comment_author": "UrFather", "comment_date": ["04/17", "10:00"], "comment_content": "☺"}, {"comment_author": "vios10009", "comment_date": ["04/17", "10:02"], "comment_content": "AMD有台積電可以抱"}, {"comment_author": "vios10009", "comment_date": ["04/17", "10:02"], "comment_content": "intel不削用台積結果還在10nm++++"}, {"comment_author": "jay0215", "comment_date": ["04/17", "10:07"], "comment_content": "AMD也不弱啊！"}, {"comment_author": "adios881", "comment_date": ["04/17", "10:17"], "comment_content": "因為反特斯拉法AMD不知道被保護多少次"}, {"comment_author": "adios881", "comment_date": ["04/17", "10:18"], "comment_content": "不然200X AMD就被Intel消失了"}, {"comment_author": "adios881", "comment_date": ["04/17", "10:20"], "comment_content": "ATI 和 Nvidia 保護 ATI才能活到被併購"}, {"comment_author": "ayuhb", "comment_date": ["04/17", "10:20"], "comment_content": "X86就兩家能打，不然你看威盛在幹嘛"}, {"comment_author": "pure9502", "comment_date": ["04/17", "10:28"], "comment_content": "因為有一群死忠支持者吧  電蝦版一堆這"}, {"comment_author": "pure9502", "comment_date": ["04/17", "10:28"], "comment_content": "種弱智"}, {"comment_author": "tanby", "comment_date": ["04/17", "10:30"], "comment_content": "兩個領域的第二名 也不弱吧"}, {"comment_author": "orange0319", "comment_date": ["04/17", "10:48"], "comment_content": "因為避免壟斷法，只好扶植個第二名"}, {"comment_author": "vzdce", "comment_date": ["04/17", "10:49"], "comment_content": "youtube 搜索 “小lin 說”，最近有一集在"}, {"comment_author": "vzdce", "comment_date": ["04/17", "10:49"], "comment_content": "講AMD."}, {"comment_author": "a3221715", "comment_date": ["04/17", "11:06"], "comment_content": "奇蹟世代 470那一代 之前都又熱問題一"}, {"comment_author": "a3221715", "comment_date": ["04/17", "11:07"], "comment_content": "堆 後面CPU換代也起飛"}, {"comment_author": "scott1man", "comment_date": ["04/17", "12:03"], "comment_content": "amd cpu gpu都有，遊戲主機幾乎是他們"}, {"comment_author": "scott1man", "comment_date": ["04/17", "12:03"], "comment_content": "的天下。兩部分分開買和一起買那個價"}, {"comment_author": "scott1man", "comment_date": ["04/17", "12:03"], "comment_content": "差，想想也知道他競爭力在哪。而且amd"}, {"comment_author": "scott1man", "comment_date": ["04/17", "12:04"], "comment_content": " cpu和intel還算有來有回。"}, {"comment_author": "hth9494", "comment_date": ["04/17", "12:43"], "comment_content": "你就知道蘇媽多神"}, {"comment_author": "godchildtw", "comment_date": ["04/17", "20:11"], "comment_content": "intel擠牙膏"}]}
