{"author": "ppp123 (3p哥)", "category": "Gossiping", "title": "[問卦] 統神也不怎麼樣 憑什麼罵Toyz?", "date": "Fri Apr 12 08:19:18 2024", "content": ["統神還真有臉在頒獎典禮上面大罵頒獎人Tozy 結果自己也半斤八兩比Tozy還脫序 會影響到青少年健康發展 比Toyz更可惡 Tozy至少沒做過傷害別人的事情 統神言論卻傷害了黃子佼的被害者統神也不怎麼樣 憑什麼罵Toyz?--"], "post_comment": [{"comment_author": "deepdish", "comment_date": ["04/12", "08:19"], "comment_content": "沒空陪你們吵架啦 自己去跟他們講.jpg"}, {"comment_author": "t81511270", "comment_date": ["04/12", "08:19"], "comment_content": "然後椅粉 跟  統粉 開始亂戰"}, {"comment_author": "albert2406", "comment_date": ["04/12", "08:20"], "comment_content": "販毒的咖還有人挺喔"}, {"comment_author": "bill403777", "comment_date": ["04/12", "08:20"], "comment_content": "販毒狗滾開"}, {"comment_author": "deepdish", "comment_date": ["04/12", "08:20"], "comment_content": ""}, {"comment_author": "koromo1991", "comment_date": ["04/12", "08:20"], "comment_content": "反串得真爛"}, {"comment_author": "touchbird", "comment_date": ["04/12", "08:21"], "comment_content": "椅子販毒還沒傷害 你在講什麼鬼"}, {"comment_author": "A80211ab", "comment_date": ["04/12", "08:21"], "comment_content": "一個是停留在想  一個是已經販毒"}, {"comment_author": "GTOyoko5566", "comment_date": ["04/12", "08:21"], "comment_content": "？？你確定嘴砲>販毒？"}, {"comment_author": "atgo1207", "comment_date": ["04/12", "08:22"], "comment_content": "販毒不叫傷害 這什麼椅粉邏輯"}, {"comment_author": "plice", "comment_date": ["04/12", "08:22"], "comment_content": "一個吸毒犯 一個思想犯 綠共執政下當然是"}, {"comment_author": "onion10021", "comment_date": ["04/12", "08:22"], "comment_content": "煉銅術師以及飯毒狗"}, {"comment_author": "plice", "comment_date": ["04/12", "08:22"], "comment_content": "思想才是犯罪"}, {"comment_author": "onion10021", "comment_date": ["04/12", "08:22"], "comment_content": ""}, {"comment_author": "fukdog073", "comment_date": ["04/12", "08:22"], "comment_content": "一個有犯罪"}, {"comment_author": "gx8759121", "comment_date": ["04/12", "08:24"], "comment_content": "祝你生小孩向TOYZ看齊，嘻嘻"}, {"comment_author": "SINW", "comment_date": ["04/12", "08:24"], "comment_content": "他有犯法嗎"}, {"comment_author": "fidelity77", "comment_date": ["04/12", "08:30"], "comment_content": "一個沒犯過罪的嘴砲仔而已 比毒販還脫"}, {"comment_author": "fidelity77", "comment_date": ["04/12", "08:30"], "comment_content": "序 認真？"}, {"comment_author": "awer7777", "comment_date": ["04/12", "08:34"], "comment_content": "你確定嘴砲+跳針>販毒+詐賭？"}, {"comment_author": "ShaNe1993", "comment_date": ["04/12", "08:37"], "comment_content": "毒販不嚴重？毛骨悚然"}, {"comment_author": "keroro39", "comment_date": ["04/12", "08:38"], "comment_content": "= = 言論比販毒可怕"}, {"comment_author": "nyybronx", "comment_date": ["04/12", "09:43"], "comment_content": "販毒沒傷害過人??"}, {"comment_author": "OPPAISuki", "comment_date": ["04/12", "10:04"], "comment_content": "統神有犯法喔?"}, {"comment_author": "vin850411", "comment_date": ["04/12", "11:20"], "comment_content": "沒傷害人？你怎麼不去跟被詐賭的丁特說"}, {"comment_author": "monok", "comment_date": ["04/12", "12:07"], "comment_content": "狗咬狗"}, {"comment_author": "Hunghung727", "comment_date": ["04/12", "13:00"], "comment_content": "社會成本"}]}
