{"author": "leo921080931 (小飽)", "category": "Gossiping", "title": "[問卦] 垃圾魚沒水還可以活一個月！？", "date": "Sat Apr 13 08:20:21 2024", "content": ["剛剛三立報新聞一群農人在田裡發現一堆垃圾魚把牠丟在柏油路新聞說垃圾魚沒水還可以活月餘垃圾魚這麼猛是不是該算兩棲類了--", "剛剛新聞報的欸"], "post_comment": [{"comment_author": "cuteSquirrel", "comment_date": ["04/13", "08:20"], "comment_content": "恐怖 機器魚"}, {"comment_author": "NinjaCats", "comment_date": ["04/13", "08:23"], "comment_content": "我看你是沒被長腳的鯊魚撞過"}, {"comment_author": "fsuhcikt", "comment_date": ["04/13", "08:23"], "comment_content": "假的 過度神話的農場文又不查證"}, {"comment_author": "NinjaCats", "comment_date": ["04/13", "08:23"], "comment_content": ""}, {"comment_author": "dan5120", "comment_date": ["04/13", "08:23"], "comment_content": "果然是三立新聞 很棒"}, {"comment_author": "hh800315", "comment_date": ["04/13", "08:36"], "comment_content": "魚在水裡哭 ～ 我握著你的手說魚在水裡"}, {"comment_author": "hh800315", "comment_date": ["04/13", "08:36"], "comment_content": "哭～"}]}
