{"author": "cosmite (焼き団子)", "category": "Gossiping", "title": "[問卦] 景安站周圍很吵 是錯覺嗎", "date": "Thu Apr 18 11:27:27 2024", "content": ["去捷運景安站辦事 出站後的馬路有高架橋緊鄰白天時間 平日 真的有夠吵的不知道是不是平面汽機車的噪音向上傳達到高架橋再反射回來？或是高架橋的吵雜？要跟旁人講話都要加大音量 感覺環境好吵住這附近的住戶會不會很煩躁啊…景安站周圍很吵 是錯覺嗎卦--"], "post_comment": [{"comment_author": "youtrue", "comment_date": ["04/18", "11:28"], "comment_content": "哪裡從來沒安靜過"}, {"comment_author": "mij", "comment_date": ["04/18", "11:28"], "comment_content": "晚上還有飆車的 嘻嘻"}, {"comment_author": "serene469", "comment_date": ["04/18", "11:32"], "comment_content": "布魯克林區不意外"}, {"comment_author": "chubby31190", "comment_date": ["04/18", "11:34"], "comment_content": "台64+環狀線 要怎麼安靜？"}, {"comment_author": "Ximcra", "comment_date": ["04/18", "11:36"], "comment_content": "低端南勢角 意外嗎"}, {"comment_author": "g4zoco196", "comment_date": ["04/18", "11:59"], "comment_content": "真的吵"}, {"comment_author": "patentshit", "comment_date": ["04/18", "12:29"], "comment_content": "64沿線都很吵"}, {"comment_author": "a1252352", "comment_date": ["04/18", "14:00"], "comment_content": "真的爛"}]}
