{"author": "renna038766 (微積分好難過)", "category": "Gossiping", "title": "[問卦] 國動評論統神哭哭事件！！", "date": "Fri Apr 12 14:05:02 2024", "content": ["統神親哥哥 最熟悉的陌生人評論了統神哭哭事件！！", "國動說他哭哭代表受到了很大的委屈有沒有八卦？！-----Sent from JPTT on my iPhone--"], "post_comment": [{"comment_author": "em4", "comment_date": ["04/12", "14:05"], "comment_content": "兄弟沒補刀"}, {"comment_author": "mom213", "comment_date": ["04/12", "14:06"], "comment_content": "爽在心裡"}, {"comment_author": "a3221715", "comment_date": ["04/12", "14:06"], "comment_content": "愛弟弟 統神這次之後就跟他和解吧"}, {"comment_author": "ZakkWylde", "comment_date": ["04/12", "14:06"], "comment_content": "這誰啦 統神是獨生子"}, {"comment_author": "Pheromone", "comment_date": ["04/12", "14:06"], "comment_content": "蹭一波流量 謝謝弟弟"}, {"comment_author": "TTLKING", "comment_date": ["04/12", "14:06"], "comment_content": "一個想哥哥 一個愛弟弟"}, {"comment_author": "abcd575", "comment_date": ["04/12", "14:06"], "comment_content": "普攸碼失言也是他出來救的"}, {"comment_author": "venvendoggy", "comment_date": ["04/12", "14:06"], "comment_content": "兄弟情溢於言表  感人"}, {"comment_author": "higameboy", "comment_date": ["04/12", "14:06"], "comment_content": "最愛的歐都都"}, {"comment_author": "bill403777", "comment_date": ["04/12", "14:07"], "comment_content": "這個要寫在Excel裡面嗎"}, {"comment_author": "z2wen", "comment_date": ["04/12", "14:07"], "comment_content": "委屈Wwww"}, {"comment_author": "ryoma9527", "comment_date": ["04/12", "14:07"], "comment_content": "代言丟光光 哭啊"}, {"comment_author": "Laucus", "comment_date": ["04/12", "14:07"], "comment_content": "愛弟弟"}, {"comment_author": "MK47", "comment_date": ["04/12", "14:07"], "comment_content": "這是多久以前的片啊？"}, {"comment_author": "minirr", "comment_date": ["04/12", "14:08"], "comment_content": "委屈三小"}, {"comment_author": "gunlinuu", "comment_date": ["04/12", "14:08"], "comment_content": "愛弟弟"}, {"comment_author": "avexgroup", "comment_date": ["04/12", "14:08"], "comment_content": "畢竟是手足"}, {"comment_author": "qk3380888", "comment_date": ["04/12", "14:08"], "comment_content": "愛弟弟"}, {"comment_author": "violegrace", "comment_date": ["04/12", "14:08"], "comment_content": "陌生人"}, {"comment_author": "qaz630210", "comment_date": ["04/12", "14:08"], "comment_content": "看起來陌生人心情蠻爽的欸"}, {"comment_author": "hyperdunk", "comment_date": ["04/12", "14:08"], "comment_content": "果然還是要靠哥哥"}, {"comment_author": "blairkimi", "comment_date": ["04/12", "14:09"], "comment_content": "藏不住的笑容"}, {"comment_author": "acekirisame", "comment_date": ["04/12", "14:09"], "comment_content": "分開的兄弟該合而為一了"}, {"comment_author": "benny614017", "comment_date": ["04/12", "14:09"], "comment_content": "舊片重發，很好喔繼續挖"}, {"comment_author": "dda", "comment_date": ["04/12", "14:09"], "comment_content": "要和解了嗎"}, {"comment_author": "toolittle", "comment_date": ["04/12", "14:09"], "comment_content": "還是一家人"}, {"comment_author": "ILoveOppai", "comment_date": ["04/12", "14:10"], "comment_content": "2021年8月9日"}, {"comment_author": "lyt5566", "comment_date": ["04/12", "14:11"], "comment_content": "很久以前了 當時確實愛弟弟"}, {"comment_author": "LoveMakeLove", "comment_date": ["04/12", "14:12"], "comment_content": "時空背景不同"}, {"comment_author": "noah23", "comment_date": ["04/12", "14:12"], "comment_content": "知道弟弟的難處 手足情深"}, {"comment_author": "touchbird", "comment_date": ["04/12", "14:12"], "comment_content": "國棟竟然沒有出來救弟弟"}, {"comment_author": "luche", "comment_date": ["04/12", "14:12"], "comment_content": "講話還算得體吧 這哥哥ok吧"}, {"comment_author": "zxcvbnmnbvcx", "comment_date": ["04/12", "14:13"], "comment_content": "舊影片…."}, {"comment_author": "hw1", "comment_date": ["04/12", "14:13"], "comment_content": "畢竟是兄弟"}, {"comment_author": "qwe78971", "comment_date": ["04/12", "14:13"], "comment_content": "好了啦 沒流量要來蹭 噁心"}, {"comment_author": "or2cqem", "comment_date": ["04/12", "14:15"], "comment_content": "最懂你的還是哥哥……"}, {"comment_author": "yggyygy", "comment_date": ["04/12", "14:15"], "comment_content": "愛弟弟"}, {"comment_author": "ojm76522", "comment_date": ["04/12", "14:16"], "comment_content": "基因不會騙人 嘴硬就是這兄弟共通點 只"}, {"comment_author": "bpq302302", "comment_date": ["04/12", "14:16"], "comment_content": "愛弟弟"}, {"comment_author": "ojm76522", "comment_date": ["04/12", "14:16"], "comment_content": "是這次弟弟凹不過來倒了"}, {"comment_author": "ZIQQ001", "comment_date": ["04/12", "14:16"], "comment_content": "兄弟情深 感人"}, {"comment_author": "mk5520", "comment_date": ["04/12", "14:16"], "comment_content": "弟弟會氣死"}, {"comment_author": "Wardyal", "comment_date": ["04/12", "14:17"], "comment_content": "2021"}, {"comment_author": "fukdog073", "comment_date": ["04/12", "14:19"], "comment_content": "想弟弟了"}, {"comment_author": "spring53287", "comment_date": ["04/12", "14:20"], "comment_content": "愛弟弟"}, {"comment_author": "spring53287", "comment_date": ["04/12", "14:21"], "comment_content": "該一起拍吃到飽了，我想看阿糖掛網"}, {"comment_author": "CLinna", "comment_date": ["04/12", "14:23"], "comment_content": "兄弟患難見真情QQ"}, {"comment_author": "Justinchen", "comment_date": ["04/12", "14:25"], "comment_content": "好了啦！ 普優馬陌生人"}, {"comment_author": "GinHan", "comment_date": ["04/12", "14:26"], "comment_content": "愛弟弟"}, {"comment_author": "GinHan", "comment_date": ["04/12", "14:26"], "comment_content": "幹2021"}, {"comment_author": "key123987", "comment_date": ["04/12", "14:27"], "comment_content": "鴿子封包逆"}, {"comment_author": "victoryman", "comment_date": ["04/12", "14:29"], "comment_content": "這2021年的影片"}, {"comment_author": "binco", "comment_date": ["04/12", "14:30"], "comment_content": "笑死。風水輪流轉啊"}, {"comment_author": "CMPunk", "comment_date": ["04/12", "14:30"], "comment_content": "幾百年前的片推文還有人上當"}, {"comment_author": "boboking2", "comment_date": ["04/12", "14:33"], "comment_content": "豬叫聲"}, {"comment_author": "WENroger", "comment_date": ["04/12", "14:36"], "comment_content": "好想有哥哥的肩膀靠點點點"}, {"comment_author": "artwu", "comment_date": ["04/12", "14:37"], "comment_content": "故意貼這個這個跟中國抖音上一堆跳接的垃圾"}, {"comment_author": "artwu", "comment_date": ["04/12", "14:37"], "comment_content": "影片有什麼不同？？"}, {"comment_author": "kkoejeo", "comment_date": ["04/12", "14:46"], "comment_content": "感謝提醒"}, {"comment_author": "rich780501", "comment_date": ["04/12", "14:46"], "comment_content": "愛弟弟"}, {"comment_author": "furjai", "comment_date": ["04/12", "14:52"], "comment_content": "貼貼捏"}, {"comment_author": "DarkPST", "comment_date": ["04/12", "14:55"], "comment_content": "2021"}, {"comment_author": "koreasuck", "comment_date": ["04/12", "14:58"], "comment_content": "媽的根本不是這次的事件"}, {"comment_author": "ezqq123", "comment_date": ["04/12", "15:04"], "comment_content": "愛弟弟"}, {"comment_author": "strongrain", "comment_date": ["04/12", "15:07"], "comment_content": "幹騙我 這天刀事件 聊天室還是圖奇"}, {"comment_author": "kobebryant08", "comment_date": ["04/12", "15:08"], "comment_content": "假新聞"}, {"comment_author": "n784512963", "comment_date": ["04/12", "15:08"], "comment_content": "大和解"}, {"comment_author": "iPolo3", "comment_date": ["04/12", "15:10"], "comment_content": "假新聞ㄛ"}, {"comment_author": "HayamaAkito", "comment_date": ["04/12", "15:12"], "comment_content": "欸 還在騙啊"}, {"comment_author": "keirto", "comment_date": ["04/12", "15:25"], "comment_content": "疼在口中 爽在心中"}, {"comment_author": "raku", "comment_date": ["04/12", "15:26"], "comment_content": "兄弟愛"}, {"comment_author": "runslow", "comment_date": ["04/12", "15:40"], "comment_content": ":"}, {"comment_author": "Page122", "comment_date": ["04/12", "15:41"], "comment_content": "這也要騙 好了啦"}, {"comment_author": "s940452s", "comment_date": ["04/12", "16:05"], "comment_content": "愛弟弟  什麼時候一起開台雙排一下"}, {"comment_author": "LBruce", "comment_date": ["04/12", "16:09"], "comment_content": "弟弟破防了"}, {"comment_author": "dream0131", "comment_date": ["04/12", "16:32"], "comment_content": "背刺王"}, {"comment_author": "loser23", "comment_date": ["04/12", "16:37"], "comment_content": "這篇只給那種不會查證的人看的"}, {"comment_author": "rogerlarger", "comment_date": ["04/12", "16:40"], "comment_content": "愚蠢的歐豆豆"}, {"comment_author": "s8900117", "comment_date": ["04/12", "17:08"], "comment_content": "愛弟弟"}, {"comment_author": "blessbless", "comment_date": ["04/13", "01:23"], "comment_content": "愚蠢的歐豆豆"}, {"comment_author": "pchion2002", "comment_date": ["04/13", "02:01"], "comment_content": "我會笑死"}]}
