{"author": "xzcb2008 (可愛老娘變態貓貓=.=)", "category": "Gossiping", "title": "[問卦] 〓.〓 嘴唇旁邊搓一搓聞一聞好臭歐？！", "date": "Sun Apr 14 11:11:06 2024", "content": ["我阿肥啦嘴巴嘴唇旁邊搓一搓〓.〓剛剛聞一下他媽的臭〓.〓給我一個貓貓覺得臭的表情好嗎有沒有人嘴巴旁邊搓一搓也是很臭的八卦嗎？--"], "post_comment": [{"comment_author": "bill403777", "comment_date": ["04/14", "11:11"], "comment_content": "阿肥的符號也很臭 小雞雞=="}, {"comment_author": "hiphopmei", "comment_date": ["04/14", "11:11"], "comment_content": "你真噁心=="}, {"comment_author": "King5566", "comment_date": ["04/14", "11:12"], "comment_content": "五樓嘴角都是洨味"}, {"comment_author": "HayamaAkito", "comment_date": ["04/14", "11:15"], "comment_content": "嘔嘔嘔"}, {"comment_author": "xzcb2008", "comment_date": ["04/14", "11:17"], "comment_content": "你們自己搓搓看 一樓二樓奈米屌小雞雞"}, {"comment_author": "xzcb2008", "comment_date": ["04/14", "11:18"], "comment_content": "安幹幹安幹感幹幹幹"}, {"comment_author": "xzcb2008", "comment_date": ["04/14", "11:18"], "comment_content": "☑=.= ☒== ☒= ="}, {"comment_author": "dan5120", "comment_date": ["04/14", "11:18"], "comment_content": "符號錯誤 請自重=.,-"}, {"comment_author": "gust1", "comment_date": ["04/14", "11:28"], "comment_content": "口完要記得漱口擦嘴巴，因為那是剛插過肛"}, {"comment_author": "gust1", "comment_date": ["04/14", "11:28"], "comment_content": "門的東西，這些亂七八糟的核廢料乾掉留在"}, {"comment_author": "gust1", "comment_date": ["04/14", "11:29"], "comment_content": "你嘴巴旁邊，沒被毒死已經算祖先保祐"}, {"comment_author": "highyes", "comment_date": ["04/14", "11:31"], "comment_content": "是你臭  嘔嘔嘔嘔嘔嘔嘔嘔 = =！"}]}
