{"author": "cj3x04gp6 (宜蘭人就是理性 才投阿妙)", "category": "Gossiping", "title": "[問卦] 林憶蓮復出好多天?", "date": "Fri Apr 19 14:54:29 2024", "content": ["林憶蓮好像4月初還是3月底 復出 感覺好像沒啥水溫耶?不過我看到有某音樂節 名單他當壓軸 消失好幾年 復出還在試水溫  還是輾壓大部分的人", "--"], "post_comment": [{"comment_author": "akakbest", "comment_date": ["04/19", "14:55"], "comment_content": "眼睛小到看不見"}, {"comment_author": "Lenyog", "comment_date": ["04/19", "14:55"], "comment_content": "往事不要再提 股票已多風雨"}, {"comment_author": "protect6090", "comment_date": ["04/19", "14:55"], "comment_content": "她的檔次根本不是現在的咖小能比的"}, {"comment_author": "RRADA", "comment_date": ["04/19", "14:55"], "comment_content": "lana del rey 也在coachella復出啊"}, {"comment_author": "koromo1991", "comment_date": ["04/19", "14:56"], "comment_content": "任時光匆匆流去 我只在乎你～"}, {"comment_author": "pploj", "comment_date": ["04/19", "14:58"], "comment_content": "女人獨有的天真"}, {"comment_author": "RRADA", "comment_date": ["04/19", "15:02"], "comment_content": "誰讓你心動 誰讓你心痛 誰會讓你偶爾想要擁"}, {"comment_author": "lin900117", "comment_date": ["04/19", "15:03"], "comment_content": "唱現場很強"}, {"comment_author": "doig", "comment_date": ["04/19", "15:16"], "comment_content": "幫你查了你最關心的五月天，微信裡面的小程"}, {"comment_author": "doig", "comment_date": ["04/19", "15:16"], "comment_content": "序可以自己加人今天比對。我把4個最近都有"}, {"comment_author": "doig", "comment_date": ["04/19", "15:16"], "comment_content": "開演唱會的加進來:王心凌、蔡依林、五月天"}, {"comment_author": "doig", "comment_date": ["04/19", "15:16"], "comment_content": "、林憶蓮"}, {"comment_author": "doig", "comment_date": ["04/19", "15:17"], "comment_content": ""}, {"comment_author": "doig", "comment_date": ["04/19", "15:24"], "comment_content": "幫原Po加查了一個張靚穎，5人比對"}, {"comment_author": "doig", "comment_date": ["04/19", "15:25"], "comment_content": ""}]}
