{"author": "rickysu303 (Ricky)", "category": "Gossiping", "title": "[問卦] 肥宅如何避免愛愛頂得太深", "date": "Fri Apr 12 09:46:58 2024", "content": ["愛愛的時候如果頂得太深可能會造成女生不舒服那麼肥宅該如何避免這種狀況發生呢--"], "post_comment": [{"comment_author": "nekoares", "comment_date": ["04/12", "09:47"], "comment_content": "繼續做自己"}, {"comment_author": "brianuser", "comment_date": ["04/12", "09:47"], "comment_content": "最好，連懶覺都找不到了"}, {"comment_author": "deepdish", "comment_date": ["04/12", "09:47"], "comment_content": "夢裡啥都有 快去睡回鍋覺zzzzzzzz"}, {"comment_author": "C13H16ClNO", "comment_date": ["04/12", "09:48"], "comment_content": "只會頂到自己的屌毛"}, {"comment_author": "kino056", "comment_date": ["04/12", "09:48"], "comment_content": "增肥 讓肚皮包住"}, {"comment_author": "vowpool", "comment_date": ["04/12", "09:49"], "comment_content": "不要插倒底就好啊 這很簡單的解決法"}, {"comment_author": "sata1025", "comment_date": ["04/12", "09:51"], "comment_content": "買深一點的飛機杯就不會頂到了啊y"}]}
