{"author": "goddamnhuge (超!!級!!!!大!!!!!!!)", "category": "Gossiping", "title": "[問卦] 我好像發現財富自由的密碼了!!", "date": "Tue Apr 16 13:21:00 2024", "content": ["就是阿 每天都在上班時間偷偷看盤的我剛剛發現好像每一次台股大跌 只要到了下午一點最後收盤前的半小時 台積電好像都會有一隻看不見的手偷偷的一直拉 一直拉 一直拉所以以後只要台股大跌 就是下午一點前歐印滿倉無腦幹進去2330就可以輕輕鬆鬆財富自由了 對吧?--"], "post_comment": [{"comment_author": "ncc5566", "comment_date": ["04/16", "13:21"], "comment_content": "對阿 正在偷偷拉G"}, {"comment_author": "johnhmj", "comment_date": ["04/16", "13:21"], "comment_content": "歐印啦"}, {"comment_author": "slluu2", "comment_date": ["04/16", "13:21"], "comment_content": "收皮啦"}, {"comment_author": "kuosos520", "comment_date": ["04/16", "13:21"], "comment_content": "很多人下午茶錢都這樣來的"}, {"comment_author": "kevin05233", "comment_date": ["04/16", "13:21"], "comment_content": "相信政府 相信党"}, {"comment_author": "gx8759121", "comment_date": ["04/16", "13:21"], "comment_content": "穩了，歐印"}, {"comment_author": "ianlin1216", "comment_date": ["04/16", "13:21"], "comment_content": "被你發現了，國安糖漿準備滅口，快逃"}, {"comment_author": "whiteadam", "comment_date": ["04/16", "13:21"], "comment_content": "all in"}, {"comment_author": "Tenging", "comment_date": ["04/16", "13:22"], "comment_content": "聰明"}, {"comment_author": "em4", "comment_date": ["04/16", "13:22"], "comment_content": "上面不是一篇國家隊"}, {"comment_author": "s10130804", "comment_date": ["04/16", "13:22"], "comment_content": "有政府好安心^_^"}, {"comment_author": "sunday0913", "comment_date": ["04/16", "13:22"], "comment_content": "低調"}, {"comment_author": "Lowpapa", "comment_date": ["04/16", "13:22"], "comment_content": "鴿子封包   早就用這招賺好幾間房了"}, {"comment_author": "henry3214", "comment_date": ["04/16", "13:23"], "comment_content": "低買高賣 賺錢94這麼簡單"}, {"comment_author": "felixr0123", "comment_date": ["04/16", "13:24"], "comment_content": "發現糖漿國安機密 要出事了"}, {"comment_author": "lipstick", "comment_date": ["04/16", "13:26"], "comment_content": "海棠操盤法"}, {"comment_author": "RuleAllWorld", "comment_date": ["04/16", "13:26"], "comment_content": "不拿國安的錢買，自己的怎出貨"}, {"comment_author": "qxpbyd", "comment_date": ["04/16", "13:30"], "comment_content": "小孩都會"}, {"comment_author": "jimtung", "comment_date": ["04/16", "13:32"], "comment_content": "等你看得懂，其他人也跟風，那就不一樣了"}, {"comment_author": "ab4daa", "comment_date": ["04/16", "13:34"], "comment_content": "歐印"}, {"comment_author": "psykl", "comment_date": ["04/16", "13:35"], "comment_content": "哪裡可見 全世界 代工大廠 的股價？"}, {"comment_author": "lingarden", "comment_date": ["04/16", "13:42"], "comment_content": "不要講出來"}, {"comment_author": "hcwang1126", "comment_date": ["04/16", "13:42"], "comment_content": "拉基等一點"}, {"comment_author": "sheng319", "comment_date": ["04/16", "13:45"], "comment_content": "低調"}, {"comment_author": "qwe159236", "comment_date": ["04/16", "13:51"], "comment_content": "趕快來比特幣帶你飛"}, {"comment_author": "fufugirl", "comment_date": ["04/16", "14:10"], "comment_content": "你一講 明天直接給你放推"}, {"comment_author": "ter2788", "comment_date": ["04/16", "15:01"], "comment_content": "可是隔天"}]}
