{"author": "horseorange ()", "category": "Gossiping", "title": "[問卦] 黃金漲到2400了 你有什麼頭緒嗎?", "date": "Fri Apr 12 09:31:02 2024", "content": ["剛剛突然收到通知黃金價格已經直逼2400了現在是什麼原因金價大漲啊?怎麼大家都在狂買黃金?--"], "post_comment": [{"comment_author": "kent", "comment_date": ["04/12", "09:31"], "comment_content": "還好早就囤了兩噸"}, {"comment_author": "em4", "comment_date": ["04/12", "09:31"], "comment_content": "世界大戰"}, {"comment_author": "mopepe5566", "comment_date": ["04/12", "09:31"], "comment_content": "之前祖國大媽在掃，就說會漲了"}, {"comment_author": "C13H16ClNO", "comment_date": ["04/12", "09:32"], "comment_content": "直腸已囤好囤滿"}, {"comment_author": "mopepe5566", "comment_date": ["04/12", "09:32"], "comment_content": "我自己也買不少"}, {"comment_author": "mopepe5566", "comment_date": ["04/12", "09:32"], "comment_content": "等台灣戰爭時，跑路能用"}, {"comment_author": "Loyeatta", "comment_date": ["04/12", "09:33"], "comment_content": "準備開戰了…"}, {"comment_author": "StylishTrade", "comment_date": ["04/12", "09:33"], "comment_content": "中國印度狂買吧QQ"}, {"comment_author": "StylishTrade", "comment_date": ["04/12", "09:34"], "comment_content": "美國沒收俄國美金 大家都怕了"}, {"comment_author": "WowProctor", "comment_date": ["04/12", "09:34"], "comment_content": "上次開戰 美元黃金原油齊漲"}, {"comment_author": "xbit", "comment_date": ["04/12", "09:34"], "comment_content": "我窮只能屯瓶蓋.."}, {"comment_author": "alex00089", "comment_date": ["04/12", "09:34"], "comment_content": "問就是黃金正二"}, {"comment_author": "goodapple807", "comment_date": ["04/12", "09:34"], "comment_content": "伊朗生氣了"}, {"comment_author": "dai26", "comment_date": ["04/12", "09:35"], "comment_content": "還好我都逐漸進倉，謝謝"}, {"comment_author": "DREE", "comment_date": ["04/12", "09:36"], "comment_content": "其實戰爭早開打了~~戰略物資都再漲"}, {"comment_author": "jma306", "comment_date": ["04/12", "09:37"], "comment_content": "  伊朗那邊  事情有點嚴重"}, {"comment_author": "WowProctor", "comment_date": ["04/12", "09:38"], "comment_content": "2000突破站穩後就一路飆到現在"}, {"comment_author": "jma306", "comment_date": ["04/12", "09:38"], "comment_content": " 伊朗牙起來  波斯灣大戰 油價就飛上天"}, {"comment_author": "jma306", "comment_date": ["04/12", "09:38"], "comment_content": " 所以美國很緊張"}, {"comment_author": "jma306", "comment_date": ["04/12", "09:39"], "comment_content": " 恐嚇伊朗不能報復"}, {"comment_author": "neoa01", "comment_date": ["04/12", "09:39"], "comment_content": "美國怕了"}, {"comment_author": "WowProctor", "comment_date": ["04/12", "09:39"], "comment_content": "伊朗搞事後就怕中共北韓跟上"}, {"comment_author": "jma306", "comment_date": ["04/12", "09:40"], "comment_content": " 只要石油大漲  通膨就更嚴重"}, {"comment_author": "jma306", "comment_date": ["04/12", "09:40"], "comment_content": " 美國會哭"}, {"comment_author": "jma306", "comment_date": ["04/12", "09:41"], "comment_content": "  現在全世界就看伊朗要怎報復 還是吞下"}, {"comment_author": "jma306", "comment_date": ["04/12", "09:41"], "comment_content": "波斯灣戰爭起來  不是開玩笑的"}, {"comment_author": "jma306", "comment_date": ["04/12", "09:42"], "comment_content": " 很多油都出不去"}, {"comment_author": "jma306", "comment_date": ["04/12", "09:42"], "comment_content": " 但是這也是內坦雅胡挖的坑  攻擊大使館"}, {"comment_author": "jma306", "comment_date": ["04/12", "09:43"], "comment_content": " 要拉美國下水一起戰爭"}, {"comment_author": "Aerci", "comment_date": ["04/12", "09:44"], "comment_content": "中國韭菜狂買"}, {"comment_author": "Dia149", "comment_date": ["04/12", "09:44"], "comment_content": "準備開戰錢的逃命潮"}, {"comment_author": "Dia149", "comment_date": ["04/12", "09:44"], "comment_content": "不然馬幹嘛跑去中國先卡位"}, {"comment_author": "dave070715", "comment_date": ["04/12", "09:45"], "comment_content": "笑死，平常一直笑軍武版結果八卦一大"}, {"comment_author": "dave070715", "comment_date": ["04/12", "09:45"], "comment_content": "堆鍵盤國際關係專家XDD"}, {"comment_author": "wvotyyj5", "comment_date": ["04/12", "09:48"], "comment_content": "天然氣繼續噴啊，"}, {"comment_author": "gk1329", "comment_date": ["04/12", "09:56"], "comment_content": ""}, {"comment_author": "gk1329", "comment_date": ["04/12", "09:56"], "comment_content": "財富自由"}, {"comment_author": "piece1", "comment_date": ["04/12", "14:31"], "comment_content": "真覺得恐怖!美金漲黃金漲真的不自在..."}, {"comment_author": "BARCLAYS", "comment_date": ["04/13", "10:12"], "comment_content": "還會再漲而且不少 中國 美債 戰爭都是因"}]}
