{"author": "a520 (520)", "category": "Gossiping", "title": "[問卦] 我剛剛拿了同事穿不下的潮牌算違法嗎？？", "date": "Thu Apr 18 19:30:42 2024", "content": ["他穿不下的二手衣什麼日本潮牌美國潮牌因為他最近切胃瘦很快說胖胖的朋友只有我我就只能接手了....只是剛剛看到新聞拿別人二手衣竟然“違法”我嚇到躲在廁所哭暈笑死怎麼會這樣啊.....有沒有穿二手衣變成收受不法衣服？？不知道有沒有這方面智障的八卦？？科科-----Sent from JPTT on my Samsung SM-S9160.--"], "post_comment": [{"comment_author": "StylishTrade", "comment_date": ["04/18", "19:31"], "comment_content": "你又不是公務員QQ"}, {"comment_author": "ahobo", "comment_date": ["04/18", "19:31"], "comment_content": "五樓專收甲甲的原味二手內褲"}, {"comment_author": "dogbekober", "comment_date": ["04/18", "19:31"], "comment_content": "真的很很急誒"}, {"comment_author": "purplebfly", "comment_date": ["04/18", "19:31"], "comment_content": "沒違法,因為你不是公務員,不用申報財"}, {"comment_author": "purplebfly", "comment_date": ["04/18", "19:32"], "comment_content": "產,但公務員債權/勞力士手錶/精品這些"}, {"comment_author": "doublecroxx", "comment_date": ["04/18", "19:32"], "comment_content": "你是甲甲嗎"}, {"comment_author": "purplebfly", "comment_date": ["04/18", "19:32"], "comment_content": "就必須要申報了.."}, {"comment_author": "StylishTrade", "comment_date": ["04/18", "19:33"], "comment_content": "如果是公務員收二手骨董花瓶看看QQ"}, {"comment_author": "GFlower", "comment_date": ["04/18", "19:33"], "comment_content": "拿同事二手內褲回家穿再來貼文好嗎"}, {"comment_author": "VVizZ", "comment_date": ["04/18", "19:33"], "comment_content": "算"}, {"comment_author": "rogergon", "comment_date": ["04/18", "19:35"], "comment_content": "恐"}, {"comment_author": "lesnaree2", "comment_date": ["04/18", "19:40"], "comment_content": "先辦黨證 就沒事了"}, {"comment_author": "tengerinedog", "comment_date": ["04/18", "19:54"], "comment_content": "你拿蘿蔔鳳梨送政治人物也違法嗎"}]}
