{"author": "lunli924 (餛飩)", "category": "Gossiping", "title": "[問卦] 統神丟那麼多代言 八卦板要怎麼賠他", "date": "Mon Apr 15 12:33:10 2024", "content": ["老實說統神會走到今天早上在鏡頭前彎腰道歉的地步八卦板要承擔很大一部分要不是八卦鄉民一直吹捧  第一天辯論完還一堆爆文說他贏了害他上錯車  以為風向在他那邊  也不至於走到今天這地步統神丟了一堆代言  再加後續效應少說也損失了上千萬  八卦板該怎麼賠給他  有八卦嗎--"], "post_comment": [{"comment_author": "james732", "comment_date": ["04/15", "12:33"], "comment_content": "二樓露出肛門道歉"}, {"comment_author": "fony1029", "comment_date": ["04/15", "12:34"], "comment_content": ""}, {"comment_author": "ls4860", "comment_date": ["04/15", "12:34"], "comment_content": "他賺錢的時候有分你膩？"}, {"comment_author": "mm4669075", "comment_date": ["04/15", "12:34"], "comment_content": "這故事怎麼那麼像袁世凱稱帝"}, {"comment_author": "fony1029", "comment_date": ["04/15", "12:34"], "comment_content": "冤有頭 債有主 去找牙醫討抖內啊 嘻嘻"}, {"comment_author": "shenguan", "comment_date": ["04/15", "12:34"], "comment_content": "五樓幫口"}, {"comment_author": "jeter17", "comment_date": ["04/15", "12:34"], "comment_content": "看看館長也知道自己是韭菜而已"}, {"comment_author": "Carters1109", "comment_date": ["04/15", "12:34"], "comment_content": "關我屁事"}, {"comment_author": "tmgl", "comment_date": ["04/15", "12:34"], "comment_content": "叫力量人出來賺比較快"}, {"comment_author": "lince2357", "comment_date": ["04/15", "12:35"], "comment_content": "粉絲會捐錢，不怕"}, {"comment_author": "CloserJ", "comment_date": ["04/15", "12:35"], "comment_content": "那小草要怎麼賠柯P???"}, {"comment_author": "Cll7do9k", "comment_date": ["04/15", "12:35"], "comment_content": "以後黨的案子接不完了 誰在乎那些工商"}, {"comment_author": "qk3380888", "comment_date": ["04/15", "12:35"], "comment_content": "我抖30歐付寶了"}, {"comment_author": "kyo0123", "comment_date": ["04/15", "12:36"], "comment_content": "煉銅詭婦不用擔心啦"}, {"comment_author": "btpeter", "comment_date": ["04/15", "12:36"], "comment_content": "死好 一堆鄉民酸民造神運動不意外 …."}, {"comment_author": "a85201207", "comment_date": ["04/15", "12:37"], "comment_content": "很多人一生賺不到5000萬，會死個屁"}, {"comment_author": "sp036378", "comment_date": ["04/15", "12:38"], "comment_content": "雜草會斗內"}, {"comment_author": "pippen2002", "comment_date": ["04/15", "12:38"], "comment_content": "咪看看山豬剛過世.統神怕不怕？"}, {"comment_author": "daniel0203", "comment_date": ["04/15", "12:38"], "comment_content": "跟館長學一下怎麼當老闆"}, {"comment_author": "daniel0203", "comment_date": ["04/15", "12:39"], "comment_content": "就不會case少300萬"}, {"comment_author": "rumblefish", "comment_date": ["04/15", "12:40"], "comment_content": "不是你們小粉綠要賠嗎？一直出征廠商"}, {"comment_author": "westinsane", "comment_date": ["04/15", "12:40"], "comment_content": "講得好像免洗手遊以為自己多重要XD"}, {"comment_author": "peiring", "comment_date": ["04/15", "12:42"], "comment_content": "八卦本來就是反指標，他怎麼可能不知道"}, {"comment_author": "async", "comment_date": ["04/15", "12:43"], "comment_content": "八卦就愛造神"}, {"comment_author": "KickAcer", "comment_date": ["04/15", "12:47"], "comment_content": "八卦垃圾言論太多了"}, {"comment_author": "lesnaree2", "comment_date": ["04/15", "12:54"], "comment_content": "他賺錢也沒分我啊 憑甚麼要我負責"}, {"comment_author": "franzos", "comment_date": ["04/15", "12:58"], "comment_content": "這種人能撈到半個億 已經很瞎扯了"}]}
