{"author": "moshenisshit (嘻嘻)", "category": "Gossiping", "title": "[問卦] 女生1000歲也能叫「女孩兒」嗎？", "date": "Sun Apr 14 11:43:40 2024", "content": ["以前有聽過60歲女孩兒、70歲女孩兒，最近創紀錄看到一個1000歲也自稱女孩兒，這樣說不定60、70歲女孩兒算正常了，女生幾歲以上才不能自稱「女孩兒」啊？", "--"], "post_comment": [{"comment_author": "snow3804", "comment_date": ["04/14", "11:43"], "comment_content": "67女孩兒"}, {"comment_author": "frommr", "comment_date": ["04/14", "11:44"], "comment_content": "女神孩兒"}, {"comment_author": "butmyass", "comment_date": ["04/14", "11:44"], "comment_content": "我告訴你 滿12歲開始就不能叫女孩了"}, {"comment_author": "kent", "comment_date": ["04/14", "11:45"], "comment_content": "呼叫GURA老公"}, {"comment_author": "KOSHON", "comment_date": ["04/14", "11:45"], "comment_content": "人家真的是童顏女孩兒啊"}, {"comment_author": "tmgl", "comment_date": ["04/14", "11:46"], "comment_content": "福利蓮"}, {"comment_author": "agem", "comment_date": ["04/14", "11:46"], "comment_content": "芙莉蓮可以喔！"}, {"comment_author": "DMPBBOY", "comment_date": ["04/14", "11:47"], "comment_content": "芙好騷好硬"}, {"comment_author": "ylkuo", "comment_date": ["04/14", "11:49"], "comment_content": "看長相"}, {"comment_author": "bumerang", "comment_date": ["04/14", "11:51"], "comment_content": "千年妖精馬那臭 嘔嘔嘔嘔嘔嘔"}, {"comment_author": "ppav0v0v", "comment_date": ["04/14", "11:53"], "comment_content": "會win哦"}, {"comment_author": "whitefox", "comment_date": ["04/14", "11:54"], "comment_content": "女大三千位列仙班"}, {"comment_author": "iLeyaSin365", "comment_date": ["04/14", "11:56"], "comment_content": "也許可以吧 看生命週期呀"}, {"comment_author": "Forcast", "comment_date": ["04/14", "11:57"], "comment_content": "千歲千千歲"}, {"comment_author": "lau6m2002", "comment_date": ["04/14", "12:12"], "comment_content": "看臉就屌打67歲女孩兒"}, {"comment_author": "cauliflower", "comment_date": ["04/14", "12:13"], "comment_content": "蓓兒丹娣：戀愛中的女孩，永遠都是少"}, {"comment_author": "cauliflower", "comment_date": ["04/14", "12:13"], "comment_content": "女"}, {"comment_author": "christopherl", "comment_date": ["04/14", "12:34"], "comment_content": "67歲是蘿莉，1000歲是女孩兒"}, {"comment_author": "proletariat", "comment_date": ["04/14", "12:37"], "comment_content": "小青:人家也是"}]}
