{"author": "kidujef (anaivano)", "category": "Gossiping", "title": "[問卦] 誰說新加坡很貴的？？？？？", "date": "Thu Apr 18 13:25:00 2024", "content": ["欸欸欸我來旅遊。百貨公司價格根本跟台北差不多啊…星巴克價格也幾乎一樣裡面大品牌的折扣比台灣大方超多澳洲知名平價服飾帽子折扣一頂70台幣….--"], "post_comment": [{"comment_author": "su4vu6", "comment_date": ["04/18", "13:25"], "comment_content": "超貴=="}, {"comment_author": "ahb0711", "comment_date": ["04/18", "13:25"], "comment_content": "有些東西便宜不代表全部都便宜阿"}, {"comment_author": "ahb0711", "comment_date": ["04/18", "13:26"], "comment_content": "吃吃喝喝住宿交通什麼的~都便宜嗎?"}, {"comment_author": "slimak", "comment_date": ["04/18", "13:26"], "comment_content": "住久一點你就知"}, {"comment_author": "snow3804", "comment_date": ["04/18", "13:26"], "comment_content": "以管窺天"}, {"comment_author": "slimak", "comment_date": ["04/18", "13:26"], "comment_content": "美國牛排牛奶也很便宜啊"}, {"comment_author": "glacialfire", "comment_date": ["04/18", "13:27"], "comment_content": "稅 運費"}, {"comment_author": "pttbeer", "comment_date": ["04/18", "13:29"], "comment_content": "澳洲品牌是啥"}, {"comment_author": "abyssa1", "comment_date": ["04/18", "13:31"], "comment_content": "新加坡養一堆未來低薪奴工啊"}, {"comment_author": "chanel1259", "comment_date": ["04/18", "13:36"], "comment_content": "我去7-11買600cc可樂要一百台幣"}, {"comment_author": "iphone55566", "comment_date": ["04/18", "13:37"], "comment_content": "食材衣服電影同價 車房租電油房價貴"}, {"comment_author": "iphone55566", "comment_date": ["04/18", "13:38"], "comment_content": "餐廳也有貴一點"}, {"comment_author": "mark720910", "comment_date": ["04/18", "13:38"], "comment_content": "新加坡有人在去7-11的???"}, {"comment_author": "mark720910", "comment_date": ["04/18", "13:39"], "comment_content": "7-11數量比超市數量還少"}, {"comment_author": "mark720910", "comment_date": ["04/18", "13:39"], "comment_content": "故意買貴的誰不會"}, {"comment_author": "iphone55566", "comment_date": ["04/18", "13:41"], "comment_content": "那我家巷口2公升42元 也要拿來講嗎"}, {"comment_author": "mark720910", "comment_date": ["04/18", "13:45"], "comment_content": "比我家巷口 那就會一樣便宜＝＝"}, {"comment_author": "bhirava2014", "comment_date": ["04/18", "13:45"], "comment_content": "八卦肥宅去新加坡連機車都騎不起"}, {"comment_author": "mark720910", "comment_date": ["04/18", "13:45"], "comment_content": "誰不是去我家巷口買的"}, {"comment_author": "mark720910", "comment_date": ["04/18", "13:45"], "comment_content": "房價也便宜 1000萬 30坪"}, {"comment_author": "mark720910", "comment_date": ["04/18", "13:46"], "comment_content": "台灣最便宜的可樂 跟新加坡最便的可樂"}, {"comment_author": "mark720910", "comment_date": ["04/18", "13:46"], "comment_content": "是一樣便宜的"}, {"comment_author": "mark720910", "comment_date": ["04/18", "13:46"], "comment_content": "新加坡最貴的可樂 比台灣最貴的可樂"}, {"comment_author": "mark720910", "comment_date": ["04/18", "13:46"], "comment_content": "新加坡比較貴"}, {"comment_author": "mark720910", "comment_date": ["04/18", "13:47"], "comment_content": "所以拿最貴的出來 毫無意義"}, {"comment_author": "mark720910", "comment_date": ["04/18", "13:47"], "comment_content": "因為大家都是去「我家巷口」購買"}, {"comment_author": "mark720910", "comment_date": ["04/18", "13:48"], "comment_content": "台灣薪水只有新加坡的3分之１ 笑死"}, {"comment_author": "mark720910", "comment_date": ["04/18", "13:49"], "comment_content": "物價沒有低到新加坡的三折 就算貴了"}, {"comment_author": "iphone55566", "comment_date": ["04/18", "13:50"], "comment_content": "1000萬30坪 報太低了吧 查一下"}, {"comment_author": "mark720910", "comment_date": ["04/18", "13:53"], "comment_content": "???"}, {"comment_author": "mark720910", "comment_date": ["04/18", "13:53"], "comment_content": ""}, {"comment_author": "mark720910", "comment_date": ["04/18", "13:54"], "comment_content": "你有查嗎 還是你不會查"}, {"comment_author": "mark720910", "comment_date": ["04/18", "13:54"], "comment_content": "你查得到我上面那種表嗎?"}, {"comment_author": "tmgl", "comment_date": ["04/18", "13:59"], "comment_content": "水果超便宜"}, {"comment_author": "iwei0930", "comment_date": ["04/18", "14:01"], "comment_content": "所以新加坡-4可樂 要跟台灣遊樂園可樂比"}, {"comment_author": "iwei0930", "comment_date": ["04/18", "14:01"], "comment_content": "笑死人 -4什麼時候變最貴的消費地了"}, {"comment_author": "mark720910", "comment_date": ["04/18", "14:03"], "comment_content": "全聯可樂 比 NTUC可樂 就好了"}, {"comment_author": "mark720910", "comment_date": ["04/18", "14:04"], "comment_content": "超市比超市 台灣可樂就是沒比較便宜"}, {"comment_author": "mark720910", "comment_date": ["04/18", "14:04"], "comment_content": "然後我都不想放大絕 「考慮收入倍數」"}, {"comment_author": "mark720910", "comment_date": ["04/18", "14:05"], "comment_content": "我一但放大絕「物價皆要考慮收入倍數"}, {"comment_author": "mark720910", "comment_date": ["04/18", "14:05"], "comment_content": "差距」 幾乎每個人都啞口無言 XDDDD"}, {"comment_author": "mark720910", "comment_date": ["04/18", "14:06"], "comment_content": "然後你都知道別人還有這個大絕沒放..."}, {"comment_author": "mark720910", "comment_date": ["04/18", "14:06"], "comment_content": "還可以在這邊跟我爭10% 20% 30%的差距"}, {"comment_author": "mark720910", "comment_date": ["04/18", "14:07"], "comment_content": "新加坡人買300元的東西"}, {"comment_author": "mark720910", "comment_date": ["04/18", "14:08"], "comment_content": "跟台灣人買100元的東西 是同等負擔力"}, {"comment_author": "mark720910", "comment_date": ["04/18", "14:11"], "comment_content": "「同價」 背後的意思就是 台灣比新加"}, {"comment_author": "mark720910", "comment_date": ["04/18", "14:11"], "comment_content": "坡貴三倍 你還真以為標價一樣就是同價"}, {"comment_author": "dyc2008", "comment_date": ["04/18", "14:13"], "comment_content": "啤酒超貴"}, {"comment_author": "innuendo3324", "comment_date": ["04/18", "14:19"], "comment_content": "貴死了，哪裡便宜"}, {"comment_author": "mark720910", "comment_date": ["04/18", "14:52"], "comment_content": "台灣人去新加坡旅遊景點 說物價貴XDDD"}, {"comment_author": "mark720910", "comment_date": ["04/18", "14:52"], "comment_content": "那你怎麼不來我家巷口逛逛 看看多便宜"}, {"comment_author": "mark720910", "comment_date": ["04/18", "14:53"], "comment_content": "怎不來 蔡厝港 榜鵝 義順"}, {"comment_author": "mark720910", "comment_date": ["04/18", "14:53"], "comment_content": "跑去什麼金沙酒店 魚尾獅噴水"}, {"comment_author": "mark720910", "comment_date": ["04/18", "14:53"], "comment_content": "那裡有民宅嗎"}, {"comment_author": "sars7125889", "comment_date": ["04/18", "15:13"], "comment_content": "樓上是第一天來這是不是 跟槓精一起"}, {"comment_author": "sars7125889", "comment_date": ["04/18", "15:13"], "comment_content": "抬槓你也蠻好笑的"}]}
