{"author": "ayasesayuki (綾瀨紗雪)", "category": "Gossiping", "title": "[問卦] 台股漲940漲不起來 台股跌940跟著跌", "date": "Fri Apr 19 11:06:00 2024", "content": ["現在一張都快賠八百了要領多久的股利才能賺回來啊？當初電視報個那個怒吼大媽應該慶幸自己沒買到吧有沒有八卦？--"], "post_comment": [{"comment_author": "EXIONG", "comment_date": ["04/19", "11:06"], "comment_content": "別急 12點還沒到 正片還沒上映"}, {"comment_author": "BirdofHermes", "comment_date": ["04/19", "11:07"], "comment_content": "買800台GG的是否都看不起買940"}, {"comment_author": "ef8637562", "comment_date": ["04/19", "11:08"], "comment_content": "大盤先跌940 哈哈"}, {"comment_author": "deann", "comment_date": ["04/19", "11:08"], "comment_content": "800是在叫三小"}, {"comment_author": "gogorice", "comment_date": ["04/19", "11:09"], "comment_content": "yes快接近目標價8塊了加油"}, {"comment_author": "minaj", "comment_date": ["04/19", "11:10"], "comment_content": "高股息捏你敢質疑"}, {"comment_author": "a8521abcd", "comment_date": ["04/19", "11:10"], "comment_content": "他跟大盤沒啥關聯吧，又沒台積電"}, {"comment_author": "brain9453", "comment_date": ["04/19", "11:11"], "comment_content": "才幾趴 叫什麼叫"}, {"comment_author": "meatbear", "comment_date": ["04/19", "11:12"], "comment_content": "8%股息 8年就打平了"}, {"comment_author": "MADAOTW", "comment_date": ["04/19", "11:28"], "comment_content": "5元 all in"}, {"comment_author": "sonicXD", "comment_date": ["04/19", "11:46"], "comment_content": "87時幫你買一張"}]}
