{"author": "royroy666 (老鼠)", "category": "Gossiping", "title": "[問卦] 統神現在算是迴力鏢打到自己？", "date": "Fri Apr 12 08:51:11 2024", "content": ["椅子當初嘴臭被打 覆盤為自己抱不平統神力挺還嗆嘴臭活該挺超哥忍無可忍打人才是佔社會多數人現在換自己嘴巴管不住 樹倒猢猻散一堆本來就看不爽的紛紛過來踩一腳講這種話現在算活該嗎o'_'o?--"], "post_comment": [{"comment_author": "s820912gmail", "comment_date": ["04/12", "08:51"], "comment_content": "活該啦 頻道都關了"}, {"comment_author": "hbl420ii", "comment_date": ["04/12", "08:52"], "comment_content": "有人問過一樣的了"}, {"comment_author": "keroro39", "comment_date": ["04/12", "08:52"], "comment_content": "不能相比吧 我覺得至少椅子沒有被扭曲言"}, {"comment_author": "keroro39", "comment_date": ["04/12", "08:52"], "comment_content": "論"}, {"comment_author": "sd09090", "comment_date": ["04/12", "08:52"], "comment_content": "先看示弱效果，等待下一波大反擊"}, {"comment_author": "senma", "comment_date": ["04/12", "08:52"], "comment_content": "問就是得罪党，統神的發言明明很誠實代表"}, {"comment_author": "nowitzki0207", "comment_date": ["04/12", "08:53"], "comment_content": "他就靠極端言論吸引到一群呵呵"}, {"comment_author": "senma", "comment_date": ["04/12", "08:53"], "comment_content": "鄉民心聲"}, {"comment_author": "heavenlyken", "comment_date": ["04/12", "08:54"], "comment_content": "成也蕭何"}, {"comment_author": "kkes50717", "comment_date": ["04/12", "08:54"], "comment_content": "誰跟他一樣"}, {"comment_author": "senma", "comment_date": ["04/12", "08:55"], "comment_content": "前幾天我看八成鄉民跟她想法一樣"}, {"comment_author": "King5566", "comment_date": ["04/12", "08:55"], "comment_content": "他比毒販慘吧 毒販人設沒崩 豬豬直接崩"}, {"comment_author": "King5566", "comment_date": ["04/12", "08:55"], "comment_content": "潰"}, {"comment_author": "darkbrigher", "comment_date": ["04/12", "08:55"], "comment_content": "統神言論哪裡被扭曲 笑死"}, {"comment_author": "lats", "comment_date": ["04/12", "08:56"], "comment_content": "挺超哥好像都是40%，為何這回不挺統神？"}, {"comment_author": "darkbrigher", "comment_date": ["04/12", "08:56"], "comment_content": "正常人會這樣講話嗎"}, {"comment_author": "logitech2004", "comment_date": ["04/12", "08:59"], "comment_content": "是阿，嘴秋不是嗎"}, {"comment_author": "nooneva", "comment_date": ["04/12", "09:01"], "comment_content": "挺超哥是40％是從什麼資料得出的結論？"}, {"comment_author": "Carters1109", "comment_date": ["04/12", "09:02"], "comment_content": "因為那個89捐錢給雲豹公主"}, {"comment_author": "sp036378", "comment_date": ["04/12", "09:03"], "comment_content": "夕鶴 馬的"}, {"comment_author": "darkbrigher", "comment_date": ["04/12", "09:03"], "comment_content": "八卦仔是忘了統神挺柯又挺藍哦 還在"}, {"comment_author": "darkbrigher", "comment_date": ["04/12", "09:03"], "comment_content": "洗"}, {"comment_author": "e1q3z9c7", "comment_date": ["04/12", "09:31"], "comment_content": "誰說沒有因果報應的"}]}
