{"author": "IJuBan (我就笨)", "category": "Gossiping", "title": "[問卦] 真的有辦法五個內(含)說個笑話嗎?", "date": "Tue Apr 16 22:44:16 2024", "content": ["我朋友說明天要跟我比講笑話規則很簡單，就五個字以內，五個字也算能逗人笑就贏了這也太難了吧，五個字講一個笑話欸真的有辦法五個字內(含)講一個笑話嗎?--我每天都要喊一聲幹 來保養我的喉嚨--"], "post_comment": [{"comment_author": "FannWong", "comment_date": ["04/16", "22:45"], "comment_content": "講一個笑話"}, {"comment_author": "cc02040326", "comment_date": ["04/16", "22:45"], "comment_content": "你"}, {"comment_author": "Gallardo", "comment_date": ["04/16", "22:45"], "comment_content": "台灣不缺電"}, {"comment_author": "ianlin1216", "comment_date": ["04/16", "22:45"], "comment_content": "民進黨愛台"}, {"comment_author": "Js1233", "comment_date": ["04/16", "22:45"], "comment_content": "柯師父"}, {"comment_author": "Falcona", "comment_date": ["04/16", "22:45"], "comment_content": "不用講話 指一指自己就好"}, {"comment_author": "Himiko9975", "comment_date": ["04/16", "22:45"], "comment_content": "5F是甲甲"}, {"comment_author": "Himiko9975", "comment_date": ["04/16", "22:46"], "comment_content": "原來是7F"}, {"comment_author": "jinnij03879", "comment_date": ["04/16", "22:46"], "comment_content": "用愛愛發電"}, {"comment_author": "sogyal", "comment_date": ["04/16", "22:47"], "comment_content": "完全執政"}, {"comment_author": "HodorDragon", "comment_date": ["04/16", "22:48"], "comment_content": "633"}, {"comment_author": "darkMood", "comment_date": ["04/16", "22:50"], "comment_content": "垃圾民進黨"}, {"comment_author": "sephen", "comment_date": ["04/16", "22:51"], "comment_content": "40趴總統"}, {"comment_author": "heavensun", "comment_date": ["04/16", "22:53"], "comment_content": "七步成詩  5字說笑"}, {"comment_author": "dcshoecousa", "comment_date": ["04/16", "22:57"], "comment_content": "我有30公分"}, {"comment_author": "allenatptt", "comment_date": ["04/16", "22:58"], "comment_content": "兩岸一家親"}, {"comment_author": "window77", "comment_date": ["04/16", "23:04"], "comment_content": "八卦板"}, {"comment_author": "eagleofsouth", "comment_date": ["04/16", "23:06"], "comment_content": "蔡不漲電價"}, {"comment_author": "AirLee", "comment_date": ["04/17", "00:19"], "comment_content": "相信習主席"}]}
