{"author": "winzip390 (伊恩)", "category": "Gossiping", "title": "[問卦] 一包鹹酥雞，你第一口都吃什麼？？？", "date": "Thu Apr 18 19:56:29 2024", "content": ["如果你買了一大包鹹酥雞，通常你第一口都會吃什麼東西？？？甜不辣？地瓜？還是雞皮？有沒有鹹酥雞第一口的八卦？？？--"], "post_comment": [{"comment_author": "koromo1991", "comment_date": ["04/18", "19:56"], "comment_content": "蒜頭"}, {"comment_author": "b9513227", "comment_date": ["04/18", "19:56"], "comment_content": "最油的"}, {"comment_author": "kent", "comment_date": ["04/18", "19:56"], "comment_content": "銀絲捲"}, {"comment_author": "kairi5217", "comment_date": ["04/18", "19:57"], "comment_content": "當然是鹹酥雞啊 喂～"}, {"comment_author": "Nevhir", "comment_date": ["04/18", "19:57"], "comment_content": "我都先吃魷魚                 我只買魷魚"}, {"comment_author": "daicloud", "comment_date": ["04/18", "19:58"], "comment_content": "蔥，蒜，洋蔥"}, {"comment_author": "moy5566", "comment_date": ["04/18", "19:58"], "comment_content": "高讚塔吧"}, {"comment_author": "JustRoy", "comment_date": ["04/18", "19:59"], "comment_content": "鹽酥雞跟梅粉地瓜薯條"}, {"comment_author": "NCKUEECS", "comment_date": ["04/18", "19:59"], "comment_content": "米血"}, {"comment_author": "actuy", "comment_date": ["04/18", "20:00"], "comment_content": "甜不辣 這是基本功"}, {"comment_author": "fp737", "comment_date": ["04/18", "20:00"], "comment_content": "一包鹽酥雞  當然吃鹽酥雞阿"}, {"comment_author": "bigcho", "comment_date": ["04/18", "20:00"], "comment_content": "竹籤"}, {"comment_author": "burberry923", "comment_date": ["04/18", "20:02"], "comment_content": "樓下都拿什麼塞肛門"}, {"comment_author": "sustto", "comment_date": ["04/18", "20:02"], "comment_content": "鹹酥雞"}, {"comment_author": "r04220", "comment_date": ["04/18", "20:03"], "comment_content": "甜不辣啊 炸不好整包丟了"}, {"comment_author": "kichyo", "comment_date": ["04/18", "20:03"], "comment_content": "9層塔"}, {"comment_author": "sustto", "comment_date": ["04/18", "20:03"], "comment_content": "吃膩惹換吃大蒜九層塔洋蔥"}, {"comment_author": "degneva", "comment_date": ["04/18", "20:04"], "comment_content": "女老闆"}, {"comment_author": "zzzprince", "comment_date": ["04/18", "20:06"], "comment_content": "鹽酥雞"}, {"comment_author": "aggressorX", "comment_date": ["04/18", "20:06"], "comment_content": "先吃九層塔 又香又鹹又油 爽"}, {"comment_author": "leotompp", "comment_date": ["04/18", "20:08"], "comment_content": "甜不辣 沒酥酥的 就是爛店 不會大火烤"}, {"comment_author": "ruthertw", "comment_date": ["04/18", "20:09"], "comment_content": "包裝袋"}, {"comment_author": "syntax123", "comment_date": ["04/18", "20:09"], "comment_content": "米血"}, {"comment_author": "jim543000", "comment_date": ["04/18", "20:14"], "comment_content": "九層塔"}, {"comment_author": "just30lover", "comment_date": ["04/18", "20:18"], "comment_content": "甜不辣  好不好吃很重要"}, {"comment_author": "DDhow", "comment_date": ["04/18", "20:21"], "comment_content": "魷魚"}, {"comment_author": "jiying", "comment_date": ["04/18", "20:21"], "comment_content": "米血"}, {"comment_author": "zere", "comment_date": ["04/18", "20:23"], "comment_content": "甜不辣  其他可以慢慢吃"}, {"comment_author": "marke18", "comment_date": ["04/18", "20:25"], "comment_content": "鹽酥雞"}, {"comment_author": "monar", "comment_date": ["04/18", "20:27"], "comment_content": "芋籤糕"}, {"comment_author": "SHANGOYANYI", "comment_date": ["04/18", "20:28"], "comment_content": "九層塔"}, {"comment_author": "angelo98", "comment_date": ["04/18", "20:29"], "comment_content": "竹籤"}, {"comment_author": "RealGeforce", "comment_date": ["04/18", "20:31"], "comment_content": "雞屁股"}, {"comment_author": "superterry", "comment_date": ["04/18", "20:31"], "comment_content": "豆干"}, {"comment_author": "greenblue", "comment_date": ["04/18", "20:40"], "comment_content": "九層塔"}, {"comment_author": "starwish00", "comment_date": ["04/18", "20:45"], "comment_content": "甜不辣"}, {"comment_author": "JG8861", "comment_date": ["04/18", "20:46"], "comment_content": "蒜頭"}, {"comment_author": "a28200266", "comment_date": ["04/18", "20:50"], "comment_content": "大蒜"}, {"comment_author": "chaunen", "comment_date": ["04/18", "20:52"], "comment_content": "九層塔"}, {"comment_author": "kiopl", "comment_date": ["04/18", "20:56"], "comment_content": "先嚐一口竹籤 有漂白水味才對味"}, {"comment_author": "GinHan", "comment_date": ["04/18", "20:59"], "comment_content": "豆包"}, {"comment_author": "weltschmerz", "comment_date": ["04/18", "20:59"], "comment_content": "九層塔"}, {"comment_author": "ampeial", "comment_date": ["04/18", "21:01"], "comment_content": "撕開紙袋舔爆沾黏在上面的胡椒鹽"}, {"comment_author": "villagemen", "comment_date": ["04/18", "21:06"], "comment_content": "紙袋"}, {"comment_author": "Informatik", "comment_date": ["04/18", "21:16"], "comment_content": "鹹酥雞+蒜頭"}, {"comment_author": "herculus6502", "comment_date": ["04/18", "21:16"], "comment_content": "九層塔"}, {"comment_author": "Evoque", "comment_date": ["04/18", "21:18"], "comment_content": "九層塔、甜不辣、米血，剩下的沒差"}, {"comment_author": "awoorog", "comment_date": ["04/18", "21:21"], "comment_content": "米血"}, {"comment_author": "didi22lic", "comment_date": ["04/18", "21:23"], "comment_content": "甜不辣"}, {"comment_author": "Rionsuckme", "comment_date": ["04/18", "21:36"], "comment_content": "蒜頭"}, {"comment_author": "guphelen", "comment_date": ["04/18", "21:36"], "comment_content": "百頁豆腐"}, {"comment_author": "fujimoto", "comment_date": ["04/18", "21:40"], "comment_content": "油紙袋"}, {"comment_author": "keita2277", "comment_date": ["04/18", "21:41"], "comment_content": "蔬菜類"}, {"comment_author": "ravelson", "comment_date": ["04/18", "21:41"], "comment_content": "米血"}, {"comment_author": "YunHung46", "comment_date": ["04/18", "21:42"], "comment_content": "白飯"}, {"comment_author": "willie6501", "comment_date": ["04/18", "21:45"], "comment_content": "竹籤"}, {"comment_author": "koshiroh2000", "comment_date": ["04/18", "21:48"], "comment_content": "四季豆吧"}, {"comment_author": "OPkid", "comment_date": ["04/18", "21:50"], "comment_content": "蒜頭"}, {"comment_author": "xsexyx", "comment_date": ["04/18", "21:50"], "comment_content": "甜不辣 因爲甜不辣冷掉很噁"}, {"comment_author": "antibody27", "comment_date": ["04/18", "22:09"], "comment_content": "啤酒"}, {"comment_author": "poorenglish", "comment_date": ["04/18", "22:19"], "comment_content": "九層塔"}, {"comment_author": "fun791128", "comment_date": ["04/18", "22:40"], "comment_content": "甜不辣阿 炸不好整包一定都難吃"}, {"comment_author": "wsde", "comment_date": ["04/18", "22:44"], "comment_content": "甜不辣，冷了一下就變硬"}, {"comment_author": "shi21", "comment_date": ["04/18", "23:13"], "comment_content": "甜不辣"}, {"comment_author": "dontaskme", "comment_date": ["04/19", "00:01"], "comment_content": "甜不辣"}, {"comment_author": "qaz12453", "comment_date": ["04/19", "00:17"], "comment_content": "吃鹽酥雞阿不然"}, {"comment_author": "scbrother", "comment_date": ["04/19", "05:09"], "comment_content": "米血 豆干"}, {"comment_author": "diablohinet", "comment_date": ["04/19", "05:17"], "comment_content": "地瓜條 甜不辣"}, {"comment_author": "devicer", "comment_date": ["04/19", "07:45"], "comment_content": "甜不辣測功夫"}, {"comment_author": "kiwicici", "comment_date": ["04/19", "08:44"], "comment_content": "甜不辣....."}, {"comment_author": "iamyauyau", "comment_date": ["04/19", "10:53"], "comment_content": "黑輪片和甜不辣最輕，會在最上面"}, {"comment_author": "Godright", "comment_date": ["04/19", "13:38"], "comment_content": "甜不辣 米血 百頁"}, {"comment_author": "DearR", "comment_date": ["04/19", "14:11"], "comment_content": "三角骨，沒三角骨的鹹酥雞攤我可是不去的"}]}
