{"author": "gto123654 (柚子)", "category": "Gossiping", "title": "[問卦] 出水桶後第一件事要做什麼?", "date": "Fri Apr 12 09:31:49 2024", "content": ["潛藏了三個月之久，無法在八卦版上針(狂)砭(打)時(嘴)事(砲)真的是悶死人了，請推薦一下該做什麼事情來好好慶出剛出桶的我呢?再次進水桶的做法就別建議了，謝謝--"], "post_comment": [{"comment_author": "kent", "comment_date": ["04/12", "09:32"], "comment_content": "發錢"}, {"comment_author": "Himiko9975", "comment_date": ["04/12", "09:32"], "comment_content": "給我50p"}, {"comment_author": "lulu1305174", "comment_date": ["04/12", "09:32"], "comment_content": "發錢"}, {"comment_author": "t127147157", "comment_date": ["04/12", "09:32"], "comment_content": "肛"}, {"comment_author": "preisner", "comment_date": ["04/12", "09:32"], "comment_content": "問就是發錢"}, {"comment_author": "sd09090", "comment_date": ["04/12", "09:32"], "comment_content": "當桶繩"}, {"comment_author": "k385476916", "comment_date": ["04/12", "09:32"], "comment_content": "滾回去"}, {"comment_author": "C13H16ClNO", "comment_date": ["04/12", "09:33"], "comment_content": "問就是發廢文"}, {"comment_author": "chadmu", "comment_date": ["04/12", "09:34"], "comment_content": "現在準備出桶的大概都是在選舉那幾天亂的"}, {"comment_author": "okichan", "comment_date": ["04/12", "09:35"], "comment_content": "發錢啊"}, {"comment_author": "processor", "comment_date": ["04/12", "09:39"], "comment_content": "錢啦"}, {"comment_author": "gto123654", "comment_date": ["04/12", "09:45"], "comment_content": "以上有推有發"}, {"comment_author": "Loyeatta", "comment_date": ["04/12", "09:48"], "comment_content": "為下一次進桶做好心理準備 面對它 接受"}, {"comment_author": "Loyeatta", "comment_date": ["04/12", "09:48"], "comment_content": "它 進去它"}]}
