{"author": "revolution3 (阿輝)", "category": "Gossiping", "title": "[問卦] 雷洛的老婆是怎麼把兒子帶大的？", "date": "Tue Apr 16 15:32:30 2024", "content": ["幾十年的電影了應該稍微防雷就好吧？阿霞跟雷洛確定無緣後，跟兒子離開香港，在異國唐人街打工養大孩子。兒子很爭氣回港加入廉政公署，還發誓要抓自己老爸進監獄，重點是還跟郭富城一樣帥，簡直谷底翻身的楷模。阿霞看起來沒受過高等教育，語言能力說不定很落漆，是怎樣邊工作邊培養兒子的？還是母愛可以克服一切？有沒有卦？--"], "post_comment": [{"comment_author": "DDR4", "comment_date": ["04/16", "15:33"], "comment_content": "不要問"}, {"comment_author": "purplebfly", "comment_date": ["04/16", "15:33"], "comment_content": "外勞肯做其實錢不會比本勞少啊"}, {"comment_author": "purplebfly", "comment_date": ["04/16", "15:33"], "comment_content": "尤其做那些本勞不想做的勞力工作"}, {"comment_author": "lantc", "comment_date": ["04/16", "15:33"], "comment_content": "身體"}, {"comment_author": "design0606", "comment_date": ["04/16", "15:34"], "comment_content": "你自己都說\"唐人街\"了"}, {"comment_author": "arlaw", "comment_date": ["04/16", "15:34"], "comment_content": "靠郭富城賺錢啊"}, {"comment_author": "dbjdx", "comment_date": ["04/16", "15:34"], "comment_content": "洗碗打雜"}, {"comment_author": "daniel3551", "comment_date": ["04/16", "15:34"], "comment_content": "豬油仔說了，一個女人在澳洲替人洗衣"}, {"comment_author": "losel", "comment_date": ["04/16", "15:35"], "comment_content": "賣小虎咖啡"}, {"comment_author": "darkbrigher", "comment_date": ["04/16", "15:35"], "comment_content": "唐人街"}, {"comment_author": "vwpassat", "comment_date": ["04/16", "15:36"], "comment_content": "賣洛神花茶！"}, {"comment_author": "Tenging", "comment_date": ["04/16", "15:37"], "comment_content": "勞務"}, {"comment_author": "Tenging", "comment_date": ["04/16", "15:38"], "comment_content": "潮汕人白天洗碗晚上擺攤"}, {"comment_author": "revolution3", "comment_date": ["04/16", "15:39"], "comment_content": "的確吃苦耐勞，現在科技這麼發達我"}, {"comment_author": "revolution3", "comment_date": ["04/16", "15:39"], "comment_content": "還是做不到自己出國工作"}, {"comment_author": "willism", "comment_date": ["04/16", "15:41"], "comment_content": "開飯店啊"}, {"comment_author": "Tenging", "comment_date": ["04/16", "15:50"], "comment_content": "阿霞飯店"}, {"comment_author": "Lailungsheng", "comment_date": ["04/16", "16:13"], "comment_content": "哩洗勒工三小，邱淑貞的孩子別說一"}, {"comment_author": "Lailungsheng", "comment_date": ["04/16", "16:13"], "comment_content": "個，十個我都養"}]}
