{"author": "ZengMaktub (YOYOMAK)", "category": "Gossiping", "title": "[問卦] 全聯高麗菜一顆合理價格多少？", "date": "Wed Apr 17 19:39:46 2024", "content": ["大家安安事情是這樣的最近幾個月自己煮 開始注意菜價發現全聯高麗菜的價格在35-55元波動這個範圍以外的還沒看過但也就區區幾個月而已所以全聯高麗菜的合理價格是多少有八卦？----Sent from", "--"], "post_comment": [{"comment_author": "rwr", "comment_date": ["04/17", "19:40"], "comment_content": "200"}, {"comment_author": "jackycheny", "comment_date": ["04/17", "19:40"], "comment_content": "樓下屁眼塞幾根愛滋屌"}, {"comment_author": "coon182", "comment_date": ["04/17", "19:40"], "comment_content": "樓下肛門賣一次多少錢？"}, {"comment_author": "vin850411", "comment_date": ["04/17", "19:40"], "comment_content": "上次買48 再下一次去買變55了QQ"}, {"comment_author": "lagi5487", "comment_date": ["04/17", "19:40"], "comment_content": "免費"}, {"comment_author": "wcpsgb", "comment_date": ["04/17", "19:41"], "comment_content": "之前貴的時候 我記得有到一百上下"}, {"comment_author": "r7544007", "comment_date": ["04/17", "19:41"], "comment_content": "38"}, {"comment_author": "neilisme", "comment_date": ["04/17", "19:41"], "comment_content": "50內都算合理吧 至少是整理過的"}, {"comment_author": "starwish00", "comment_date": ["04/17", "19:41"], "comment_content": "之前量產有10元購"}, {"comment_author": "ncc5566", "comment_date": ["04/17", "19:42"], "comment_content": "買菜去傳統市場好嗎 全聯你自己比價"}, {"comment_author": "fp737", "comment_date": ["04/17", "19:42"], "comment_content": "再2個月再看看"}, {"comment_author": "pitalvlu", "comment_date": ["04/17", "19:42"], "comment_content": "買過全聯高麗菜煮不爛 X"}, {"comment_author": "CarrieWhite", "comment_date": ["04/17", "19:42"], "comment_content": "都看季節"}, {"comment_author": "justice2008", "comment_date": ["04/17", "19:42"], "comment_content": "全聯的是最便宜的 我絕對不買=="}, {"comment_author": "justice2008", "comment_date": ["04/17", "19:42"], "comment_content": "高麗菜我只吃高山的 貴一點沒關係"}, {"comment_author": "bboywhite", "comment_date": ["04/17", "19:43"], "comment_content": "早上剛好有買買55算便宜"}, {"comment_author": "klgfan", "comment_date": ["04/17", "19:45"], "comment_content": "要看重量跟品質 問了三小"}, {"comment_author": "kenydar", "comment_date": ["04/17", "19:48"], "comment_content": "買到進口的可能會吃不慣"}, {"comment_author": "eett811025", "comment_date": ["04/17", "19:55"], "comment_content": "你家附近沒菜市場？ 去逛一下再去全聯"}, {"comment_author": "eett811025", "comment_date": ["04/17", "19:55"], "comment_content": "你就知道全聯多盤了"}, {"comment_author": "yamhome", "comment_date": ["04/17", "19:57"], "comment_content": "48，可以買"}, {"comment_author": "zeonic", "comment_date": ["04/17", "19:59"], "comment_content": "35~38"}, {"comment_author": "asdf70044", "comment_date": ["04/17", "19:59"], "comment_content": "從不買全聯ㄉ高麗菜"}, {"comment_author": "sushi11", "comment_date": ["04/17", "21:02"], "comment_content": "30塊以下才考慮"}, {"comment_author": "jolynn403", "comment_date": ["04/17", "22:45"], "comment_content": "有買過30元上下的"}]}
