{"author": "MasterHsieh (解鐵棒)", "category": "Gossiping", "title": "[問卦] 如果是帥哥說想幹高中生會出事嗎？", "date": "Fri Apr 12 12:21:53 2024", "content": ["統神可說是肥宅界的代表身邊妹子來來去去，卻一生只督一人直播時提到也想幹未成年高中生的言論被臭到身敗名裂、瀕臨社會死亡各大社群群起圍攻，連各路好友也不敢淌渾水如果是帥哥今天是個帥哥像美國隊長、甜茶這種有報導說從高中開始就情史豐富", "如果被扒出曾經真的幹過未成年高中生會不會被Treads的文青聽團仔臭幹到不行如果是帥哥說想幹高中生會出事嗎？--"], "post_comment": [{"comment_author": "felixden", "comment_date": ["04/12", "12:22"], "comment_content": "我都是直接被學姊學妹硬上捏=="}, {"comment_author": "felixden", "comment_date": ["04/12", "12:22"], "comment_content": "很少主動說"}, {"comment_author": "cuteSquirrel", "comment_date": ["04/12", "12:22"], "comment_content": "gura老公又來了"}, {"comment_author": "koromo1991", "comment_date": ["04/12", "12:23"], "comment_content": "有一個做了看起來沒什麼事"}, {"comment_author": "hinet5566", "comment_date": ["04/12", "12:23"], "comment_content": "如果罵過民進黨 我不敢保證"}, {"comment_author": "ilove640", "comment_date": ["04/12", "12:25"], "comment_content": "帥哥社交經歷都很豐富 很社會化 不會自"}, {"comment_author": "ilove640", "comment_date": ["04/12", "12:25"], "comment_content": "討苦吃= ="}, {"comment_author": "Healine", "comment_date": ["04/12", "12:25"], "comment_content": "會變成好羨慕"}, {"comment_author": "adiemusxyz", "comment_date": ["04/12", "12:26"], "comment_content": "這種人根本不用說出口好嗎？ 可憐只"}, {"comment_author": "adiemusxyz", "comment_date": ["04/12", "12:26"], "comment_content": "能自己幻想情境"}, {"comment_author": "adiemusxyz", "comment_date": ["04/12", "12:27"], "comment_content": "而且有社會經驗的人也知道有些話不能"}, {"comment_author": "adiemusxyz", "comment_date": ["04/12", "12:27"], "comment_content": "說 但八卦眾沒辦法理解"}, {"comment_author": "idxxxx", "comment_date": ["04/12", "12:27"], "comment_content": "有一個告白從來沒失敗過 有一個只是去尾"}, {"comment_author": "idxxxx", "comment_date": ["04/12", "12:28"], "comment_content": "牙"}, {"comment_author": "Waitaha", "comment_date": ["04/12", "12:29"], "comment_content": "女孩兒會自己翹起蜜臀"}, {"comment_author": "henry3214", "comment_date": ["04/12", "12:29"], "comment_content": "綠能你不能 有關係就沒關係"}, {"comment_author": "tw518", "comment_date": ["04/12", "12:30"], "comment_content": "大概會是一票女的跟甲說好羨慕 後悔自己為"}, {"comment_author": "tw518", "comment_date": ["04/12", "12:30"], "comment_content": "什麼已經是成年人了"}, {"comment_author": "sm22447873", "comment_date": ["04/12", "12:40"], "comment_content": "吳亦凡"}, {"comment_author": "wcre", "comment_date": ["04/12", "12:41"], "comment_content": "不會吧，女孩們看到就懷孕了"}, {"comment_author": "kxloft", "comment_date": ["04/12", "13:10"], "comment_content": "不能罵黨啦，美國隊長罵黨一樣被鞭到死，"}, {"comment_author": "kxloft", "comment_date": ["04/12", "13:10"], "comment_content": "勿忘失智拜登"}, {"comment_author": "bl0418", "comment_date": ["04/12", "13:35"], "comment_content": "在歐美國家 這種應該是未成年前就轉大人"}, {"comment_author": "bl0418", "comment_date": ["04/12", "13:35"], "comment_content": "很多次了"}, {"comment_author": "m9315030", "comment_date": ["04/12", "14:35"], "comment_content": "你是不是都沒被女森追過?"}, {"comment_author": "daniel0203", "comment_date": ["04/15", "20:32"], "comment_content": "帥哥哪有這問題"}]}
