{"author": "e1447e (e1447e)", "category": "Gossiping", "title": "[問卦] 有什麼以前很普遍 後來消聲匿跡的東西", "date": "Tue Apr 16 13:31:57 2024", "content": ["現在人手一機各種電子產品隨處可見但是在多年前也是有一些東西當紅一時或是使用率極高現在卻消聲匿跡比如電子雞比如逼逼扣比如福利社養鬥魚的彩色石頭還有哪些東西是以前很普遍後來消聲匿跡的嗎有沒有卦？-----Sent from JPTT on my iPhone--"], "post_comment": [{"comment_author": "k385476916", "comment_date": ["04/16", "13:32"], "comment_content": "MP3"}, {"comment_author": "C13H16ClNO", "comment_date": ["04/16", "13:32"], "comment_content": "第四台解碼棒"}, {"comment_author": "bill403777", "comment_date": ["04/16", "13:32"], "comment_content": "處女"}, {"comment_author": "gem810611", "comment_date": ["04/16", "13:32"], "comment_content": "女友"}, {"comment_author": "xwindy88", "comment_date": ["04/16", "13:32"], "comment_content": "渥克麵"}, {"comment_author": "ivorysoap", "comment_date": ["04/16", "13:32"], "comment_content": "樓下的肛門塞了什麼"}, {"comment_author": "gx8759121", "comment_date": ["04/16", "13:32"], "comment_content": "遊戲掌機"}, {"comment_author": "tmgl", "comment_date": ["04/16", "13:33"], "comment_content": "映像管電視"}, {"comment_author": "westinsane", "comment_date": ["04/16", "13:33"], "comment_content": "鬥片算嗎？小時候超愛玩"}, {"comment_author": "victorly", "comment_date": ["04/16", "13:33"], "comment_content": "正妹"}, {"comment_author": "derrick1220", "comment_date": ["04/16", "13:35"], "comment_content": "ㄤㄚ飄"}, {"comment_author": "samvii", "comment_date": ["04/16", "13:36"], "comment_content": "現在高中生不知道什麼叫翻譯機了"}, {"comment_author": "tengerinedog", "comment_date": ["04/16", "13:36"], "comment_content": "手機天線吊飾來電會閃"}, {"comment_author": "lpbrother", "comment_date": ["04/16", "13:37"], "comment_content": "數位相機？"}, {"comment_author": "lpbrother", "comment_date": ["04/16", "13:37"], "comment_content": "Nokia 3310"}, {"comment_author": "KAWABONGGA", "comment_date": ["04/16", "13:37"], "comment_content": "好女人，現在只有台女"}, {"comment_author": "nekoares", "comment_date": ["04/16", "13:38"], "comment_content": "加薪"}, {"comment_author": "nicemood", "comment_date": ["04/16", "13:39"], "comment_content": "光碟片 和 錄放機"}, {"comment_author": "jupei5566", "comment_date": ["04/16", "13:39"], "comment_content": "單眼"}, {"comment_author": "ProE", "comment_date": ["04/16", "13:42"], "comment_content": "蛋塔"}, {"comment_author": "yijanmou", "comment_date": ["04/16", "13:44"], "comment_content": "快可立"}, {"comment_author": "colawei", "comment_date": ["04/16", "13:48"], "comment_content": "出租VCD/DVD/錄影帶的店"}, {"comment_author": "tw77769", "comment_date": ["04/16", "13:49"], "comment_content": "男人的威嚴"}, {"comment_author": "tw77769", "comment_date": ["04/16", "13:49"], "comment_content": "現在只剩舔狗跟女權自助餐"}, {"comment_author": "colawei", "comment_date": ["04/16", "13:54"], "comment_content": "以前書店及漫畫出租很多 現在收到沒幾間"}, {"comment_author": "LightWorker", "comment_date": ["04/16", "17:46"], "comment_content": "禮義廉恥"}]}
