{"author": "QmaxQ (米漿混豆漿)", "category": "Gossiping", "title": "[問卦] 中華電信電銷到底多愛話術", "date": "Fri Apr 12 10:34:58 2024", "content": ["已經不只一次被中華電信的電銷話術幾年前打來說約快到問我要不要綁MOD續約然後說有多優惠多優惠，最後就被洗一個綁兩年但掛掉電話去查，發現根本還有半年才到我記得MOD這種東西就是在家生灰塵，每個月多繳一百雖然不多但也是浪費昨天又接到中華電信電銷剛好我最近有研究我的約是到七月多才滿因為之前想轉約也看了中華電信不綁MOD光世代的價格", "結果電銷跟我說，我約快到期了，要不要幫我換MOD優惠的方案現在有多送ooxxooxxooxx，然後500M是1299/月我就跟他說可是我不想要MOD，之後也想解約MOD了純網路就好電銷說，純網路也是要1199啊!才多一百你不要這些ooxx的內容嗎很划算喔我:明明500M就是1099/月電銷:1099是300M的啦我:我昨天才看你們官網明明是1099電銷沉默兩秒鐘後好的那這次先不幫您辦理續約，謝謝再見如果我是沒做功課的老人，或者不要說老人，普通人也會被騙1.明明還有三個月才到期，為何要說約快到期要續約?2.價格可以這樣唬爛?不知道有沒有人也對中華電信的電銷反感--", "問題是會影響到企業形象啊中華電信不管一下嗎?", "沒研究的話真的會被牽著鼻子走", "他們權力怎麼這麼大啊難道這些都不需要消費者親自錄音答應嗎", "MOD的裝機率根本就是靠騙來的一堆人包含我有在研究的都有被騙到不小心續約過，除非當下馬上上網查價格不然很容易被牽著鼻子走", "好險這次我剛研究好價格不然又要被騙綁那個垃圾MOD兩年!", "好慘還可以踢皮球喔", "來點顯示寫中華電信會以為是要施工通知之類的我還是會接", "有玩遊戲需求還是只敢用中華", "對啊根本講難聽就是誘導欺騙", "呵呵呵"], "post_comment": [{"comment_author": "Anyotw", "comment_date": ["04/12", "10:35"], "comment_content": "那都外包二度就業零底薪的"}, {"comment_author": "achun1212", "comment_date": ["04/12", "10:36"], "comment_content": "我爸就這樣，什麼都好好好最後月租超高"}, {"comment_author": "SPAEK", "comment_date": ["04/12", "10:36"], "comment_content": "記得不要說再考慮 他可能幫你自動續+改約"}, {"comment_author": "SPAEK", "comment_date": ["04/12", "10:36"], "comment_content": "我媽為這件事情 氣到三不五時拿出來講"}, {"comment_author": "SPAEK", "comment_date": ["04/12", "10:37"], "comment_content": "而且中華一堆都外包 所以你臨櫃會互踢球"}, {"comment_author": "tchialen", "comment_date": ["04/12", "10:37"], "comment_content": "EPS還需您的貢獻"}, {"comment_author": "SPAEK", "comment_date": ["04/12", "10:37"], "comment_content": "我媽臨櫃也這樣問 但反正臨櫃的都說他不知"}, {"comment_author": "widec", "comment_date": ["04/12", "10:38"], "comment_content": "我直接拒接電話"}, {"comment_author": "gx8759121", "comment_date": ["04/12", "10:39"], "comment_content": "中華就獨大啊，不然你有得選?嘻嘻"}, {"comment_author": "SPAEK", "comment_date": ["04/12", "10:39"], "comment_content": "最後是解掉了 但已經付的 實在沒那精力討"}, {"comment_author": "distellable", "comment_date": ["04/12", "10:40"], "comment_content": "真的很煩 前陣子也接到 明明還有半年"}, {"comment_author": "distellable", "comment_date": ["04/12", "10:41"], "comment_content": "他都用隱瞞資訊的方式誘你續約"}, {"comment_author": "distellable", "comment_date": ["04/12", "10:42"], "comment_content": "遊走在詐騙邊緣"}, {"comment_author": "ayasesayuki", "comment_date": ["04/12", "10:42"], "comment_content": "業務必備的"}, {"comment_author": "mozaiwen", "comment_date": ["04/12", "10:44"], "comment_content": "連中華都用詐騙方式來騙簽約。"}, {"comment_author": "ers545", "comment_date": ["04/12", "10:49"], "comment_content": "常常推銷光纖升級，結果給你偷偷掛MOD上"}, {"comment_author": "ers545", "comment_date": ["04/12", "10:49"], "comment_content": "去"}, {"comment_author": "Anyotw", "comment_date": ["04/12", "10:51"], "comment_content": "沒底薪為了吃飯錢是沒有下限的。而且同一"}, {"comment_author": "Anyotw", "comment_date": ["04/12", "10:51"], "comment_content": "批人所有電信的案子都接。大家都一樣爛就"}, {"comment_author": "Anyotw", "comment_date": ["04/12", "10:51"], "comment_content": "沒人在乎了"}, {"comment_author": "inshadow", "comment_date": ["04/12", "10:51"], "comment_content": "電銷就是要用騙的才會有業績阿 不騙誰"}, {"comment_author": "inshadow", "comment_date": ["04/12", "10:51"], "comment_content": "要辦MOD"}, {"comment_author": "ayasesayuki", "comment_date": ["04/12", "10:53"], "comment_content": "但種花這些都是有底薪的就是了"}, {"comment_author": "spring53287", "comment_date": ["04/12", "10:56"], "comment_content": "100M就夠用每半年就來推300M，煩死"}, {"comment_author": "spring53287", "comment_date": ["04/12", "10:56"], "comment_content": "了"}, {"comment_author": "ThisisLongID", "comment_date": ["04/12", "10:59"], "comment_content": "串流起來後mod沒什麼競爭優勢了"}, {"comment_author": "feijai", "comment_date": ["04/12", "11:00"], "comment_content": "用騙的好賺啊 就算抓到也沒啥懲罰"}, {"comment_author": "kkoejeo", "comment_date": ["04/12", "11:10"], "comment_content": "真的要多看自己繳了什麼 一堆沒用到的東"}, {"comment_author": "kkoejeo", "comment_date": ["04/12", "11:10"], "comment_content": "西擺著收錢"}, {"comment_author": "c98406023", "comment_date": ["04/12", "11:19"], "comment_content": "這年頭電銷反而最貴"}, {"comment_author": "a35715987", "comment_date": ["04/12", "11:25"], "comment_content": "我客訴過 本公司那邊還有人打來說會調"}, {"comment_author": "a35715987", "comment_date": ["04/12", "11:25"], "comment_content": "查錄音之後再回報 後來根本沒有"}, {"comment_author": "senma", "comment_date": ["04/12", "11:34"], "comment_content": "哪有獨大，台哥遠傳都不小好嗎"}, {"comment_author": "jameshcm", "comment_date": ["04/12", "11:48"], "comment_content": "要直接提出訴訟，他們才會真的去調錄音"}, {"comment_author": "jameshcm", "comment_date": ["04/12", "11:48"], "comment_content": "不然都只會敷衍你而已"}, {"comment_author": "jameshcm", "comment_date": ["04/12", "11:48"], "comment_content": "要來施工要求前一天聯絡，永遠都當天"}, {"comment_author": "jameshcm", "comment_date": ["04/12", "11:49"], "comment_content": "有的還到你家樓下才打電話問在不在家"}, {"comment_author": "jameshcm", "comment_date": ["04/12", "11:49"], "comment_content": "十幾年來都一直是這樣擺爛，都沒改過"}, {"comment_author": "CHB1980", "comment_date": ["04/12", "12:14"], "comment_content": "這種打電話的薪水可能連基本工資都沒有"}, {"comment_author": "CHB1980", "comment_date": ["04/12", "12:14"], "comment_content": "..."}, {"comment_author": "bluesky0330", "comment_date": ["04/12", "12:20"], "comment_content": "上次接到直接嗆他可以說重點嗎然後"}, {"comment_author": "bluesky0330", "comment_date": ["04/12", "12:20"], "comment_content": "他還沒說完我就掛電話了"}, {"comment_author": "atbb", "comment_date": ["04/12", "12:36"], "comment_content": "mod 不錯看呀"}, {"comment_author": "idlewolf", "comment_date": ["04/12", "13:12"], "comment_content": "現在的電話推銷根本假優惠了 上網看一樣"}, {"comment_author": "idlewolf", "comment_date": ["04/12", "13:13"], "comment_content": "唬唬沒時間或不會主動查閱資料的人而已"}, {"comment_author": "tonyian", "comment_date": ["04/12", "13:25"], "comment_content": "中華要管啥，這就是中華要他們做的啊，"}, {"comment_author": "tonyian", "comment_date": ["04/12", "13:25"], "comment_content": "不然客服會想要這樣說？"}, {"comment_author": "Halk", "comment_date": ["04/12", "13:45"], "comment_content": "電銷都有錄音，如果有疑慮，可以透過客服查"}, {"comment_author": "Halk", "comment_date": ["04/12", "13:45"], "comment_content": "詢與電銷人員對話的錄音檔，確認是否同意及"}, {"comment_author": "Halk", "comment_date": ["04/12", "13:46"], "comment_content": "了解合約內容"}, {"comment_author": "godchildtw", "comment_date": ["04/12", "14:00"], "comment_content": "一堆要我升300M的，我都說「不需要」"}, {"comment_author": "godchildtw", "comment_date": ["04/12", "14:00"], "comment_content": "，然後電話不掛放在旁邊讓他自言自語"}, {"comment_author": "godchildtw", "comment_date": ["04/12", "14:01"], "comment_content": "，等他說夠了自己掛電話，我就設黑名"}, {"comment_author": "godchildtw", "comment_date": ["04/12", "14:01"], "comment_content": "單。"}, {"comment_author": "KYRIEBOY", "comment_date": ["04/12", "19:02"], "comment_content": "電銷來的進到續約步驟會有錄音啊 有疑"}, {"comment_author": "KYRIEBOY", "comment_date": ["04/12", "19:02"], "comment_content": "問先打123跟中華客服確認"}, {"comment_author": "budaixi", "comment_date": ["04/13", "01:33"], "comment_content": "我就被搞過"}]}
