{"author": "sea130281 (胃哥)", "category": "Gossiping", "title": "[問卦] 如果統神今天是孤家寡人一個，會低頭？", "date": "Thu Apr 18 11:37:33 2024", "content": ["統神道歉，那個曾經的不死鳥，天不怕地不怕，居然也低頭了想想也是，三個孩子，一個老婆，眼睛一睜開就要吃飯脾氣再硬也抵不住生活的毒打，但如果今天統神是像當初一樣孤家寡人一個？無牽無掛，那他有可能低頭嗎？--Sent from nPTT on my iPhone 14--"], "post_comment": [{"comment_author": "hugr85", "comment_date": ["04/18", "11:38"], "comment_content": "會 客家航不意外"}, {"comment_author": "hiphopmei", "comment_date": ["04/18", "11:38"], "comment_content": "有夠廢 =="}, {"comment_author": "PtT0615s", "comment_date": ["04/18", "11:38"], "comment_content": "無牽無掛他就不會是現在的統神了"}, {"comment_author": "showdoggy", "comment_date": ["04/18", "11:38"], "comment_content": "可能已經驅車前往苗議員家裡了"}, {"comment_author": "PtT0615s", "comment_date": ["04/18", "11:38"], "comment_content": "可能繼續在牛排店上班"}, {"comment_author": "Dcwei", "comment_date": ["04/18", "11:39"], "comment_content": "你真以為他是為了家人嗎 那只是掩飾自己軟"}, {"comment_author": "Dcwei", "comment_date": ["04/18", "11:39"], "comment_content": "弱的藉口 這種咖真叫出來他敢幹嘛"}, {"comment_author": "www8787", "comment_date": ["04/18", "11:39"], "comment_content": "會 誰會嫌錢太多不想繼續賺=="}, {"comment_author": "Dcwei", "comment_date": ["04/18", "11:39"], "comment_content": "館長沒家人嗎 人家還有更多員工跟健身房要"}, {"comment_author": "Dcwei", "comment_date": ["04/18", "11:39"], "comment_content": "燒 也沒看他低頭"}, {"comment_author": "bradyhau106", "comment_date": ["04/18", "11:41"], "comment_content": "會 要不是保人設搞不好當天就道歉了"}, {"comment_author": "k44754", "comment_date": ["04/18", "11:41"], "comment_content": ""}, {"comment_author": "Dcwei", "comment_date": ["04/18", "11:41"], "comment_content": "他如果是一般人就算了 誰遇到這個都會怕"}, {"comment_author": "Dcwei", "comment_date": ["04/18", "11:41"], "comment_content": "可是他以前一天到晚嘴東嘴西 一副天不怕地"}, {"comment_author": "Dcwei", "comment_date": ["04/18", "11:42"], "comment_content": "不怕的樣子 真遇到壞人稍作點手段就跪了"}, {"comment_author": "Dcwei", "comment_date": ["04/18", "11:42"], "comment_content": "這不是俗辣什麼才是俗辣"}, {"comment_author": "andye215", "comment_date": ["04/18", "11:44"], "comment_content": "我倒覺得不會 他這次從父母老婆親朋好"}, {"comment_author": "andye215", "comment_date": ["04/18", "11:44"], "comment_content": "友那邊也有很多壓力過來 如果只有自己他"}, {"comment_author": "andye215", "comment_date": ["04/18", "11:44"], "comment_content": "本身客家賺的錢自己真的完全夠花 一定"}, {"comment_author": "andye215", "comment_date": ["04/18", "11:44"], "comment_content": "瘋狗到底"}, {"comment_author": "oozz00456", "comment_date": ["04/18", "11:46"], "comment_content": "不跪是要怎樣 現在工商沒了 直播也沒了"}, {"comment_author": "oozz00456", "comment_date": ["04/18", "11:51"], "comment_content": "館長之前健身房被稽查還不是哭了"}, {"comment_author": "mingzeng", "comment_date": ["04/18", "11:51"], "comment_content": "真沒他事 不要亂發言就好 真是1好加3好"}, {"comment_author": "heat0204", "comment_date": ["04/18", "12:28"], "comment_content": "以阿航以往的尺度 他真的沒說什麼"}, {"comment_author": "heat0204", "comment_date": ["04/18", "12:28"], "comment_content": "他會覺得莫名其妙少起來 也是正常"}, {"comment_author": "heat0204", "comment_date": ["04/18", "12:30"], "comment_content": "就差在 他嘴塔綠 卻對防備塔綠毫無概念"}, {"comment_author": "heat0204", "comment_date": ["04/18", "12:33"], "comment_content": "就像台灣藝人去中國 卻對統獨議題毫無"}, {"comment_author": "heat0204", "comment_date": ["04/18", "12:33"], "comment_content": "準備一樣 明明有一堆前車之鑒 可能散漫"}, {"comment_author": "heat0204", "comment_date": ["04/18", "12:33"], "comment_content": "天真就是台灣人的天性"}, {"comment_author": "kashnes", "comment_date": ["04/18", "13:49"], "comment_content": "說統神軟的看看人家路上遇到一群8+9還是"}, {"comment_author": "kashnes", "comment_date": ["04/18", "13:50"], "comment_content": "敢出來嗆，問問自己有沒有統神的瘋再嘴吧"}, {"comment_author": "goldenwave", "comment_date": ["04/18", "16:07"], "comment_content": "錢是一定夠花 重點無所事事 會不會離"}, {"comment_author": "goldenwave", "comment_date": ["04/18", "16:08"], "comment_content": "婚 孩子會不會跑掉 錢分一分後剩下的"}, {"comment_author": "goldenwave", "comment_date": ["04/18", "16:08"], "comment_content": "錢夠養病嗎？"}, {"comment_author": "ecchi", "comment_date": ["04/19", "13:17"], "comment_content": "不死鳥是死後隔一段時間會重生，不是殺不"}, {"comment_author": "ecchi", "comment_date": ["04/19", "13:17"], "comment_content": "死。我相信統神還能再次重生"}]}
