{"author": "whiteadam (blue eyes blue)", "category": "Gossiping", "title": "[問卦] 今天桃園停電 誰該負責?", "date": "Wed Apr 17 00:52:47 2024", "content": ["各位水水安安各位帥帥安安各位肥宅安安大家好唷小妹想要問問大家一個問題問問看唷今天桃園停電 誰該負責?[新聞]不只青埔3762戶！桃園下午共計「近萬戶停電」 台電揭主因[新聞]桃園突停電3762戶受影響 居民熱翻炸鍋：7、8月怎麼開冷氣1.小松鼠2.其他小動物3.未知有木有更多相關的八卦呢嘻嘻--"], "post_comment": [{"comment_author": "powerggyy", "comment_date": ["04/17", "00:54"], "comment_content": "是不是因為桃園的太陽能面積太少？"}, {"comment_author": "ted01234567", "comment_date": ["04/17", "00:55"], "comment_content": "龍潭人"}, {"comment_author": "Doub1eK", "comment_date": ["04/17", "00:56"], "comment_content": "問就是柯文哲"}, {"comment_author": "gx8759121", "comment_date": ["04/17", "00:57"], "comment_content": "中共同路鼠"}, {"comment_author": "ko363630", "comment_date": ["04/17", "00:57"], "comment_content": ""}, {"comment_author": "JG8861", "comment_date": ["04/17", "01:38"], "comment_content": ""}, {"comment_author": "vulu04u04", "comment_date": ["04/17", "05:13"], "comment_content": "馬英九柯文哲不用負責嗎？"}, {"comment_author": "circus763", "comment_date": ["04/17", "06:52"], "comment_content": "中央負責"}, {"comment_author": "polo5615", "comment_date": ["04/17", "07:47"], "comment_content": "4台積電"}]}
