{"author": "how6410 (苗栗小五郎)", "category": "Gossiping", "title": "[問卦] 這波麥當勞復刻你各位感覺如何？", "date": "Sun Apr 14 14:26:31 2024", "content": ["就是講現在麥當勞的活動啦復刻三種品項價格不管的話阿肥重溫30年前照燒豬肉感覺還可以有朋友說板烤很鳥阿肥沒吃就不清楚八卦美食專家一堆對這次麥當勞三個項目打幾分？--", "焦糖奶茶的樣子"], "post_comment": [{"comment_author": "wangyc", "comment_date": ["04/14", "14:27"], "comment_content": "還沒吃 有人要請我吃嗎"}, {"comment_author": "k385476916", "comment_date": ["04/14", "14:27"], "comment_content": "版考0分 7414"}, {"comment_author": "kent", "comment_date": ["04/14", "14:27"], "comment_content": "奶昔要不要回來"}, {"comment_author": "milk830122", "comment_date": ["04/14", "14:27"], "comment_content": "都是拿別國還在賣的配方吧"}, {"comment_author": "abc4", "comment_date": ["04/14", "14:27"], "comment_content": "五樓被侵台解放軍撕破內褲用賴打燒屁眼"}, {"comment_author": "cs005337", "comment_date": ["04/14", "14:28"], "comment_content": "沒有米漢堡給奶昔，失敗中的失敗"}, {"comment_author": "chocopoodle", "comment_date": ["04/14", "14:28"], "comment_content": "沒有巧克力聖代"}, {"comment_author": "Chia2323", "comment_date": ["04/14", "14:29"], "comment_content": "我也覺得豬肉比雞肉好吃，還有這個東西"}, {"comment_author": "Chia2323", "comment_date": ["04/14", "14:29"], "comment_content": "不能特製我就不喜歡那麼多醬"}, {"comment_author": "mig", "comment_date": ["04/14", "14:29"], "comment_content": "沒有奶昔復刻ㄍ屁"}, {"comment_author": "ryanlin0411", "comment_date": ["04/14", "14:29"], "comment_content": "還我奶昔"}, {"comment_author": "holyseraph", "comment_date": ["04/14", "14:32"], "comment_content": "不是只有兩種? 板烤雞腿和照燒豬肉??"}, {"comment_author": "OPPAISuki", "comment_date": ["04/14", "14:32"], "comment_content": "有特價 我才吃"}, {"comment_author": "twfi75", "comment_date": ["04/14", "14:32"], "comment_content": "照燒醬好吃"}, {"comment_author": "holyseraph", "comment_date": ["04/14", "14:32"], "comment_content": "第三種是什麼??"}, {"comment_author": "sss870192", "comment_date": ["04/14", "14:48"], "comment_content": "焦糖奶賣到缺貨 ㄇㄉ =="}, {"comment_author": "Marzzze", "comment_date": ["04/14", "15:32"], "comment_content": "焦糖奶 這禮拜喝兩次 今天又喝 哪裡缺"}]}
