{"author": "LinDerek ()", "category": "Gossiping", "title": "[問卦] 不想花錢聽五月天正常嗎？", "date": "Thu Apr 18 12:59:02 2024", "content": ["yoyo man!As title身邊大部分朋友都聽過五月天演唱會有些甚至每年朝聖唯獨我一次都沒聽過也完全不會想花錢聽要說不喜歡好像也沒有單純就是聽到五月天的歌有一種莫名的膩感如果有人送我票我可能也會轉送這樣正常嗎？有迷有卦！？-------"], "post_comment": [{"comment_author": "Roooz", "comment_date": ["04/18", "12:59"], "comment_content": "中年老漢團"}, {"comment_author": "felixden", "comment_date": ["04/18", "12:59"], "comment_content": "五月我老婆"}, {"comment_author": "ginopun10477", "comment_date": ["04/18", "12:59"], "comment_content": "二十年前的會想去 現在的pass"}, {"comment_author": "rindesu", "comment_date": ["04/18", "12:59"], "comment_content": "五月天喔，給我錢我才會去聽"}, {"comment_author": "ncc5566", "comment_date": ["04/18", "12:59"], "comment_content": "我會轉賣 撈一筆"}, {"comment_author": "scores", "comment_date": ["04/18", "13:00"], "comment_content": "我想買張學友演唱會"}, {"comment_author": "scores", "comment_date": ["04/18", "13:00"], "comment_content": "我想聽王菲 不過她好像喉嚨老了 沒機會了"}, {"comment_author": "daicloud", "comment_date": ["04/18", "13:00"], "comment_content": "打開線上聽就好"}, {"comment_author": "whitenoise", "comment_date": ["04/18", "13:00"], "comment_content": "韭菜終於開竅了"}, {"comment_author": "noah23", "comment_date": ["04/18", "13:01"], "comment_content": "高雄低端人口很愛"}, {"comment_author": "deeeplove", "comment_date": ["04/18", "13:01"], "comment_content": "正常 趕快隱退"}, {"comment_author": "winston06", "comment_date": ["04/18", "13:02"], "comment_content": "南部人的信仰跟丹丹一樣"}, {"comment_author": "lesnaree2", "comment_date": ["04/18", "13:02"], "comment_content": "每個人喜歡的音樂 樂團不一樣 有什麼"}, {"comment_author": "lesnaree2", "comment_date": ["04/18", "13:02"], "comment_content": "好嘴的"}, {"comment_author": "PSptt", "comment_date": ["04/18", "13:03"], "comment_content": "年輕時有聽過就夠 幹嘛要聽中年大叔"}, {"comment_author": "michaelwu", "comment_date": ["04/18", "13:03"], "comment_content": "不想聽就不要聽啊= =還要上來求認同？"}, {"comment_author": "k5648550577", "comment_date": ["04/18", "13:03"], "comment_content": "我寧願加錢去聽古典樂"}, {"comment_author": "PSptt", "comment_date": ["04/18", "13:03"], "comment_content": "以前看劇 看偶像 平均年紀大蓋20幾歲 馬德"}, {"comment_author": "PSptt", "comment_date": ["04/18", "13:03"], "comment_content": "現在一堆老人是怎樣"}, {"comment_author": "PSptt", "comment_date": ["04/18", "13:04"], "comment_content": "老而不休逆"}, {"comment_author": "Hoshan", "comment_date": ["04/18", "13:04"], "comment_content": "正常"}, {"comment_author": "cocojohn111", "comment_date": ["04/18", "13:04"], "comment_content": "只聽音源不香嗎 如果你是用中國的ap"}, {"comment_author": "cocojohn111", "comment_date": ["04/18", "13:04"], "comment_content": "p還可以調成演唱會模式 這種錢拿來"}, {"comment_author": "cocojohn111", "comment_date": ["04/18", "13:04"], "comment_content": "買耳機最爽了"}, {"comment_author": "whitenoise", "comment_date": ["04/18", "13:06"], "comment_content": "你的時間比他們唱歌寶貴，別浪費人生"}, {"comment_author": "whitenoise", "comment_date": ["04/18", "13:06"], "comment_content": "了"}, {"comment_author": "bboywhite", "comment_date": ["04/18", "13:06"], "comment_content": "用foxy下載不就好了"}, {"comment_author": "PSptt", "comment_date": ["04/18", "13:07"], "comment_content": "20幾歲拉拉隊妹妹香很多"}, {"comment_author": "laihom0808", "comment_date": ["04/18", "13:07"], "comment_content": "現場跟CD一樣還不聽"}, {"comment_author": "carotyao", "comment_date": ["04/18", "13:07"], "comment_content": "中老年人錢應該花在桑拿"}, {"comment_author": "stee1263", "comment_date": ["04/18", "13:09"], "comment_content": "不是特別粉就不用去看阿"}, {"comment_author": "j32072", "comment_date": ["04/18", "13:14"], "comment_content": "不正常"}, {"comment_author": "henry1326", "comment_date": ["04/18", "13:14"], "comment_content": "現在都賣情懷的"}, {"comment_author": "kiddcat", "comment_date": ["04/18", "13:14"], "comment_content": "反正票一樣售完 沒差你一人"}, {"comment_author": "jarrodqq896", "comment_date": ["04/18", "13:51"], "comment_content": "每年都唱一樣的歌"}, {"comment_author": "Wilsly", "comment_date": ["04/18", "14:42"], "comment_content": "你才是正常"}, {"comment_author": "abby99", "comment_date": ["04/18", "14:56"], "comment_content": "正常 送我票我都不想去"}, {"comment_author": "rejuvenation", "comment_date": ["04/18", "16:37"], "comment_content": "聽過國外樂團 才真正知道正常樂團"}, {"comment_author": "rejuvenation", "comment_date": ["04/18", "16:37"], "comment_content": "的水準在那裡 所以你很正常"}, {"comment_author": "cynthiajul", "comment_date": ["04/18", "21:54"], "comment_content": "正常，聽過一次不會想再聽。"}, {"comment_author": "godchildtw", "comment_date": ["04/19", "02:19"], "comment_content": "沒一首歌喜歡，送我CD都不會聽"}]}
