{"author": "tigotigo5566 (鐵劍5566)", "category": "Gossiping", "title": "[問卦] 今年台灣預計升息幾碼？", "date": "Tue Apr 16 20:54:15 2024", "content": ["台電漲價，央行緊急宣布升息半碼，為了護盤，政府緊急宣布補貼新青安房貸利息半碼。而且也不排除六月有升息的可能。央行也說降息的機率不大，也就是房貸利息應該下不去了。結果老美Fed前任大官說老美應該會繼續升息，台美利差將越來越大。然後伊朗去動以色列，以色列又醞釀報復。這兩天的股價根本跌成屎了，直接打回原形。將來要是以色列反擊，演變成中東大戰，油價一定會上漲，到時候通膨會影響全世界，包括台灣。台灣不跟著升息，台幣就會越來越壁紙化，越來越慘。怎麼看現在這個劇本就是大幅升息的劇本，感覺央行這次再不升息也不行了。今年央行大概會升息幾碼？房蟲會去上吊嗎？有沒有八卦？嘻嘻--拎北  鐵劍五五六六，乃天命之所歸，特從天降，拯救凡人。拎北以元始天尊之尊，下凡普渡眾生。凡我信眾，務須三步一跪，九步一拜，向拎北宣誓效忠。欽此，快叩謝拎北！--", "知道政府為什麼要搞公務員的年改嗎可能是因為政府很有錢吧嘻嘻", "原來政府的錢是無限的啊", "你的銀行存款利息不會增加？"], "post_comment": [{"comment_author": "R3hab", "comment_date": ["04/16", "20:54"], "comment_content": ""}, {"comment_author": "R3hab", "comment_date": ["04/16", "20:55"], "comment_content": ""}, {"comment_author": "hikaru77613", "comment_date": ["04/16", "20:55"], "comment_content": "斑馬"}, {"comment_author": "hyperdunk", "comment_date": ["04/16", "20:55"], "comment_content": "0 準備房貸補助"}, {"comment_author": "heyd", "comment_date": ["04/16", "20:55"], "comment_content": "反正也是頂多半碼"}, {"comment_author": "asdzxc001", "comment_date": ["04/16", "20:56"], "comment_content": "新青安：笑你羊升10次，內正不補貼10"}, {"comment_author": "asdzxc001", "comment_date": ["04/16", "20:56"], "comment_content": "次"}, {"comment_author": "Rosmarin", "comment_date": ["04/16", "20:56"], "comment_content": "臺灣利率那麼低，升個20碼都不過分啦"}, {"comment_author": "MrSherlock", "comment_date": ["04/16", "20:56"], "comment_content": "反正升多少，新青安就補多少，沒差（"}, {"comment_author": "allenatptt", "comment_date": ["04/16", "21:07"], "comment_content": "0，升息只是爽到銀行，一堆智障也在"}, {"comment_author": "allenatptt", "comment_date": ["04/16", "21:08"], "comment_content": "那邊支持"}, {"comment_author": "callhek", "comment_date": ["04/16", "21:14"], "comment_content": "樓下雞雞幾碼"}, {"comment_author": "mingchaoliu", "comment_date": ["04/16", "21:23"], "comment_content": "13A彭總裁留下來的好政策：降息+貶"}, {"comment_author": "mingchaoliu", "comment_date": ["04/16", "21:23"], "comment_content": "值，誰敢挑戰？"}, {"comment_author": "ffxx", "comment_date": ["04/16", "21:28"], "comment_content": "台灣利率超低 升半碼根本無感"}]}
