{"author": "Paravion (ElonMusk)", "category": "Gossiping", "title": "[問卦] 高帥有錢幽默紳士腹肌男都怎麼找女伴的", "date": "Tue Apr 16 00:16:36 2024", "content": ["生物條件：高+帥+腹肌物質條件：有錢+事業順利社會條件：幽默+紳士以上條件都湊齊應該很好約女生吧這些人類高優質男性具體都是怎麼找妹子的是走在路上/走進咖啡廳/走進酒吧/走進夜店會有女生自己貼上來嗎是Tinder上只要開口一定約得出來嗎是會有朋友牽線定期送上門嗎還是在路上主動搭訕成功率百分之百版上乘五們知道嗎 有沒有八卦--", "--"], "post_comment": [{"comment_author": "u6vmp1756", "comment_date": ["06/08", "02:38"], "comment_content": "二樓gg 5cm"}, {"comment_author": "camus5817", "comment_date": ["06/08", "02:39"], "comment_content": "一樓沒ㄐㄐ"}, {"comment_author": "Waitaha", "comment_date": ["06/08", "02:40"], "comment_content": "三樓只有1顆卵蛋"}, {"comment_author": "ray90910", "comment_date": ["06/08", "02:40"], "comment_content": "五樓剁雞雞"}, {"comment_author": "abc811009", "comment_date": ["06/08", "02:40"], "comment_content": "四樓gay"}, {"comment_author": "Cervelo1995", "comment_date": ["06/08", "02:41"], "comment_content": "六樓超帥"}, {"comment_author": "whiteadam", "comment_date": ["04/16", "00:17"], "comment_content": "不用找 女人自動貼"}, {"comment_author": "AgentSkye56", "comment_date": ["04/16", "00:17"], "comment_content": "下班直接在中山問要不要來我家"}, {"comment_author": "lifesg", "comment_date": ["04/16", "00:18"], "comment_content": "工作上認識不就好了嗎? 這樣還比較容易認"}, {"comment_author": "King5566", "comment_date": ["04/16", "00:18"], "comment_content": "樓下在哪吸吮到完美肉棒"}, {"comment_author": "lifesg", "comment_date": ["04/16", "00:18"], "comment_content": "識跟自己背景差不多的人"}, {"comment_author": "c24253994", "comment_date": ["04/16", "00:18"], "comment_content": "不用找 她們自己會來發情"}, {"comment_author": "nknu20", "comment_date": ["04/16", "00:21"], "comment_content": "圖書館"}, {"comment_author": "pornstar", "comment_date": ["04/16", "03:22"], "comment_content": "3F工作上認識的同溫層很無聊, 還不如交"}, {"comment_author": "pornstar", "comment_date": ["04/16", "03:22"], "comment_content": "友軟體能認識不同階級職業的"}, {"comment_author": "pornstar", "comment_date": ["04/16", "03:23"], "comment_content": "而且scale也差, 工作上一週頂多認識一"}, {"comment_author": "pornstar", "comment_date": ["04/16", "03:24"], "comment_content": "個單身異性, 交友軟體每天都上百個新的"}]}
