{"author": "owo0204 (大大大優惠)", "category": "Gossiping", "title": "[問卦] 為啥大眾喜歡實名網站大於匿名網站？", "date": "Tue Apr 16 00:22:15 2024", "content": ["如題舉凡 fb ig 這些都是跟現實個人資料有高度連結的為啥大眾喜歡這種實名社群但早期網路都是匿名網站但這種卻好像越來越小眾大家都喜歡在網路暴露真實身份的嗎？正常不是應該匿名網站比較受歡迎嗎--"], "post_comment": [{"comment_author": "ME13", "comment_date": ["04/16", "00:22"], "comment_content": "無名小站"}, {"comment_author": "asukawife", "comment_date": ["04/16", "00:22"], "comment_content": "臉書超多假帳號的好不=="}, {"comment_author": "sunsam", "comment_date": ["04/16", "00:22"], "comment_content": "約炮透明"}, {"comment_author": "TaiwanFight", "comment_date": ["04/16", "00:23"], "comment_content": "看有沒有朋友阿=="}, {"comment_author": "a27588679", "comment_date": ["04/16", "00:23"], "comment_content": "ig一堆盜人照片的假帳號"}, {"comment_author": "akila08539", "comment_date": ["04/16", "00:23"], "comment_content": "匿名網站才有載點阿 傻子"}, {"comment_author": "wsdykssj", "comment_date": ["04/16", "00:27"], "comment_content": "不然你推薦能取代FB社團功能的站"}, {"comment_author": "chigo520", "comment_date": ["04/16", "00:31"], "comment_content": "吃屎=≠"}, {"comment_author": "darkbrigher", "comment_date": ["04/16", "00:38"], "comment_content": "FB不是說現在都老人在用嗎"}, {"comment_author": "horseface", "comment_date": ["04/16", "01:31"], "comment_content": "因為匿名一堆射後不理，無法討論啊"}]}
