{"author": "ncc5566 (政大宅男)", "category": "Gossiping", "title": "[問卦] 北部人為什麼要被天罰??", "date": "Thu Apr 18 07:46:54 2024", "content": ["北部人幹了什麼壞事??在百貨公司吃飯吃到出人命某些地方停電出門上班要被大雨淋我這南部天氣好到要開冷氣北部人到底做了什麼壞事 嘻嘻--"], "post_comment": [{"comment_author": "mopepe5566", "comment_date": ["04/18", "07:47"], "comment_content": "南部會停電又缺水"}, {"comment_author": "t4lin", "comment_date": ["04/18", "07:47"], "comment_content": "然後還被取笑不下在水庫"}, {"comment_author": "sturmpionier", "comment_date": ["04/18", "07:48"], "comment_content": "誰叫你要投"}, {"comment_author": "machiusheng", "comment_date": ["04/18", "07:48"], "comment_content": "40%：得罪了黨 還想逃"}, {"comment_author": "ghiting76914", "comment_date": ["04/18", "07:49"], "comment_content": "不會搬家？"}, {"comment_author": "dyc2008", "comment_date": ["04/18", "07:49"], "comment_content": "誰叫你要投蔣萬安"}, {"comment_author": "blairkimi", "comment_date": ["04/18", "07:49"], "comment_content": "不投黨的天罰"}, {"comment_author": "Paulsic", "comment_date": ["04/18", "07:49"], "comment_content": "翡翠水庫滿水到底誰被天罰"}, {"comment_author": "Paulsic", "comment_date": ["04/18", "07:49"], "comment_content": "週末去洗車"}, {"comment_author": "meowchen", "comment_date": ["04/18", "07:49"], "comment_content": "人太多了"}, {"comment_author": "yukihira", "comment_date": ["04/18", "07:50"], "comment_content": "雨變小 差不多快停了"}, {"comment_author": "blueskymaple", "comment_date": ["04/18", "07:50"], "comment_content": "我覺得蠻難笑的"}, {"comment_author": "ArgusX", "comment_date": ["04/18", "07:50"], "comment_content": "你以為北部的水不用運到南部?"}, {"comment_author": "huckebein12", "comment_date": ["04/18", "07:50"], "comment_content": "開車沒差吧，騎山豬才怕下雨"}, {"comment_author": "sdamel", "comment_date": ["04/18", "07:51"], "comment_content": "南水北送"}, {"comment_author": "v66leo", "comment_date": ["04/18", "07:51"], "comment_content": "南部幸福的空氣，當然吸好吸滿"}, {"comment_author": "hiphopmei", "comment_date": ["04/18", "07:51"], "comment_content": "讓柯文哲當過市長ㄅ"}, {"comment_author": "tmgl", "comment_date": ["04/18", "07:51"], "comment_content": "裝兩罐寄給南部朋友備用"}, {"comment_author": "kilhi", "comment_date": ["04/18", "07:53"], "comment_content": "南部停電缺水出車禍叫日常"}, {"comment_author": "Paulsic", "comment_date": ["04/18", "07:55"], "comment_content": "北水南送何時到高雄gg"}, {"comment_author": "lucifiel1618", "comment_date": ["04/18", "07:55"], "comment_content": "因為要讓北部的朋友不要太羨慕"}, {"comment_author": "sigma9988", "comment_date": ["04/18", "07:56"], "comment_content": "南部 暖"}, {"comment_author": "master32", "comment_date": ["04/18", "07:56"], "comment_content": "那你就乖乖待在南部吧，沒人跟你搶"}, {"comment_author": "Dia149", "comment_date": ["04/18", "07:57"], "comment_content": "40次散會動議天罰了"}, {"comment_author": "Amara", "comment_date": ["04/18", "07:58"], "comment_content": "好處是 北部不缺水"}, {"comment_author": "Waitaha", "comment_date": ["04/18", "07:58"], "comment_content": "社畜國"}, {"comment_author": "PekoKiara", "comment_date": ["04/18", "07:59"], "comment_content": "南部降壓限水的經驗這麼快就忘了嗎?"}, {"comment_author": "rockiey", "comment_date": ["04/18", "07:59"], "comment_content": "北部沒有限過水，南部人行嗎？"}, {"comment_author": "dean1990", "comment_date": ["04/18", "07:59"], "comment_content": "南部熱死連門都不想出好ㄇ"}, {"comment_author": "Lailungsheng", "comment_date": ["04/18", "08:02"], "comment_content": "統神哭哭"}, {"comment_author": "Elsinore", "comment_date": ["04/18", "08:03"], "comment_content": "自己選的"}, {"comment_author": "mic73528", "comment_date": ["04/18", "08:03"], "comment_content": "假老二吃太多的報應"}, {"comment_author": "WoaVoa", "comment_date": ["04/18", "08:04"], "comment_content": "因為南部的都會是心甘情願，不算罰"}, {"comment_author": "Carters1109", "comment_date": ["04/18", "08:05"], "comment_content": "很羨慕南部假日天氣好去加水站排隊"}, {"comment_author": "lemon81824", "comment_date": ["04/18", "08:07"], "comment_content": "誰叫你不是40%"}, {"comment_author": "Paulsic", "comment_date": ["04/18", "08:09"], "comment_content": "缺水缺電連吃飯都會有問題"}, {"comment_author": "Paulsic", "comment_date": ["04/18", "08:10"], "comment_content": "去超商買水結果停電"}, {"comment_author": "x941u4vu86", "comment_date": ["04/18", "08:10"], "comment_content": "因為你們選出徐美鳳這種咖，被天懲剛"}, {"comment_author": "x941u4vu86", "comment_date": ["04/18", "08:10"], "comment_content": "好"}, {"comment_author": "drugwitch", "comment_date": ["04/18", "08:11"], "comment_content": "恭喜台北人選蔣公子"}, {"comment_author": "magic980403", "comment_date": ["04/18", "08:11"], "comment_content": "嘻嘻如果缺水不要喝北部的水喔"}, {"comment_author": "tuanlin", "comment_date": ["04/18", "08:11"], "comment_content": "北部現在也開冷氣啊"}, {"comment_author": "aw7square", "comment_date": ["04/18", "08:12"], "comment_content": "問就是統神神罰"}, {"comment_author": "kenco", "comment_date": ["04/18", "08:12"], "comment_content": "總統府、綠共總部都在北部阿"}, {"comment_author": "jaceda", "comment_date": ["04/18", "08:16"], "comment_content": "南部除了天氣還有什麼可以講的.."}, {"comment_author": "yi1989", "comment_date": ["04/18", "08:16"], "comment_content": "還不是南部人害的"}, {"comment_author": "s609747", "comment_date": ["04/18", "08:18"], "comment_content": "亂投票被天罰了"}, {"comment_author": "ginobili62", "comment_date": ["04/18", "08:19"], "comment_content": "大餅臉迷的最愛"}, {"comment_author": "kamisanma", "comment_date": ["04/18", "08:19"], "comment_content": "沒選爛鐘 排擠洨智"}, {"comment_author": "planA", "comment_date": ["04/18", "08:23"], "comment_content": "懲罰台北人太包容一面嫌棄台北一面死要北漂"}, {"comment_author": "planA", "comment_date": ["04/18", "08:23"], "comment_content": "的南部仔吧～"}, {"comment_author": "akway", "comment_date": ["04/18", "08:24"], "comment_content": "自己選的市長"}, {"comment_author": "jwph", "comment_date": ["04/18", "08:24"], "comment_content": "總比缺水好吧"}, {"comment_author": "j851083", "comment_date": ["04/18", "08:27"], "comment_content": "南部去年不是在靠腰缺水？北七什麼？"}, {"comment_author": "hongo", "comment_date": ["04/18", "08:28"], "comment_content": "下雨比較好吧 熱到靠北 是在幹"}, {"comment_author": "janems", "comment_date": ["04/18", "08:28"], "comment_content": "選出草包的天罰吧"}, {"comment_author": "Paulsic", "comment_date": ["04/18", "08:28"], "comment_content": "夏天熱到沒人敢去才是天罰"}, {"comment_author": "jim99952", "comment_date": ["04/18", "08:29"], "comment_content": "冬天時就算了，現在已經要到了南部仇恨"}, {"comment_author": "jim99952", "comment_date": ["04/18", "08:29"], "comment_content": "北部不缺水的季節還在吹天氣好？"}, {"comment_author": "hoodr", "comment_date": ["04/18", "08:30"], "comment_content": "40%就該死"}, {"comment_author": "Pluto17", "comment_date": ["04/18", "08:31"], "comment_content": "南部喔？ 等再來每天35度以上還要被限水"}, {"comment_author": "Pluto17", "comment_date": ["04/18", "08:31"], "comment_content": "你就知道什麼叫做天罰了"}, {"comment_author": "Pluto17", "comment_date": ["04/18", "08:32"], "comment_content": "啊 可能還有小動物惡作劇搞到跳電沒冷氣"}, {"comment_author": "Pluto17", "comment_date": ["04/18", "08:32"], "comment_content": "喔"}, {"comment_author": "baek6415", "comment_date": ["04/18", "08:35"], "comment_content": "南部有登革熱好像也沒多好欸"}, {"comment_author": "sushi11", "comment_date": ["04/18", "08:35"], "comment_content": "缺水就別該"}, {"comment_author": "waterpork", "comment_date": ["04/18", "08:37"], "comment_content": "八卦版北部人值得這些待遇"}, {"comment_author": "your0207", "comment_date": ["04/18", "08:38"], "comment_content": "我沒有啊，我在家"}, {"comment_author": "yuiscarlet", "comment_date": ["04/18", "08:41"], "comment_content": "南部出事會被蓋牌啊"}, {"comment_author": "allenz78", "comment_date": ["04/18", "08:42"], "comment_content": "因為感謝某板唱衰台灣缺水 反指標下暴雨"}, {"comment_author": "kakalin", "comment_date": ["04/18", "08:42"], "comment_content": "有衰尾雜某"}, {"comment_author": "mikeneko", "comment_date": ["04/18", "08:42"], "comment_content": "演唱會都在台北辦 你們這些既得利益者"}, {"comment_author": "jay0215", "comment_date": ["04/18", "08:58"], "comment_content": "哪有都在台北？高雄明明也有，又在說謊了"}, {"comment_author": "mimchu", "comment_date": ["04/18", "08:58"], "comment_content": "What's haha point"}, {"comment_author": "resque45", "comment_date": ["04/18", "09:00"], "comment_content": "一看就北部人反串"}, {"comment_author": "ThreekRoger", "comment_date": ["04/18", "09:01"], "comment_content": "笑死，台北出事就一直說南部是怎樣"}, {"comment_author": "cheng399", "comment_date": ["04/18", "09:04"], "comment_content": "北部反黨多"}, {"comment_author": "seigtmh", "comment_date": ["04/18", "09:07"], "comment_content": "最近有停水的好像只有中部地區耶…"}, {"comment_author": "bluu", "comment_date": ["04/18", "09:11"], "comment_content": "天公疼憨人南部人白癡白癡的"}, {"comment_author": "phitenbieler", "comment_date": ["04/18", "09:14"], "comment_content": "反串廢文 八卦仔日常"}, {"comment_author": "HAHAHUNG", "comment_date": ["04/18", "09:16"], "comment_content": "南部多發一點太陽能上來 感謝啦"}, {"comment_author": "AoWsL", "comment_date": ["04/18", "09:17"], "comment_content": "八卦版反指標 八柚蕃"}, {"comment_author": "alanzeratul", "comment_date": ["04/18", "09:25"], "comment_content": "整天戰南北不就活該"}, {"comment_author": "danieltu", "comment_date": ["04/18", "09:26"], "comment_content": "顏色"}, {"comment_author": "dd1115dd1115", "comment_date": ["04/18", "09:29"], "comment_content": "高雄天氣真好嘻嘻"}, {"comment_author": "nevan15240", "comment_date": ["04/18", "09:29"], "comment_content": "南部熱的要死蚊子又多 by臺南人"}, {"comment_author": "happylinadog", "comment_date": ["04/18", "09:35"], "comment_content": "因為柯得票率最低所以老天懲罰"}, {"comment_author": "capnlizard66", "comment_date": ["04/18", "09:41"], "comment_content": "南電北送 老天爺都看不下去"}, {"comment_author": "pacino", "comment_date": ["04/18", "10:10"], "comment_content": "幹了南部人啊！"}, {"comment_author": "zinor", "comment_date": ["04/18", "10:19"], "comment_content": "全台灣陪台北坐牢 不該罰嗎"}, {"comment_author": "s81048112", "comment_date": ["04/18", "10:32"], "comment_content": "這幾天 八卦才在那邊罵缺水XDDDDDDDDDD"}, {"comment_author": "keita2277", "comment_date": ["04/18", "10:46"], "comment_content": "不像我們高雄跟屏東搶水對吧嘻嘻"}, {"comment_author": "FREEMANfju", "comment_date": ["04/18", "10:55"], "comment_content": "讓你的北部朋友羨慕.JPG"}, {"comment_author": "kahn298", "comment_date": ["04/18", "10:56"], "comment_content": "北部人真的垃圾 整天只會靠北靠母"}, {"comment_author": "BILLBOARDS", "comment_date": ["04/18", "10:57"], "comment_content": "因為它們發現越停才會越死忠的秘密"}, {"comment_author": "keichi", "comment_date": ["04/18", "11:01"], "comment_content": "沒下雨也能吹，台北人長見識了"}, {"comment_author": "sansiaman", "comment_date": ["04/18", "11:43"], "comment_content": "你忘記了南部前幾年大缺水"}, {"comment_author": "jamison33", "comment_date": ["04/18", "11:47"], "comment_content": "因為台北仔整天叫別人滾出去"}, {"comment_author": "icemon", "comment_date": ["04/18", "12:13"], "comment_content": "雨是天賞啦，一天就保未來四個月不會缺水"}, {"comment_author": "balance90316", "comment_date": ["04/18", "13:28"], "comment_content": "台北人選出苗博雅簡舒培當議員 的確"}, {"comment_author": "balance90316", "comment_date": ["04/18", "13:28"], "comment_content": "是該被天罰"}, {"comment_author": "akpaz", "comment_date": ["04/18", "13:43"], "comment_content": "一堆北部仔崩潰"}, {"comment_author": "lipstick", "comment_date": ["04/18", "16:48"], "comment_content": "確實 南部就該大晴天"}, {"comment_author": "re920113", "comment_date": ["04/18", "19:15"], "comment_content": "台北人就是爛命一條"}]}
