{"author": "Fortran (Fortran)", "category": "Gossiping", "title": "[問卦] 中國偷偷軍援俄羅斯的可能性大嗎", "date": "Sun Apr 14 01:06:35 2024", "content": ["如題本肥好奇戰爭要花很多錢的俄羅斯GDP不太可能可以讓他打這麼久的仗本肥想來想去，有可能是中國在背後軍援俄羅斯的嗎？有卦？--"], "post_comment": [{"comment_author": "james732", "comment_date": ["04/14", "01:07"], "comment_content": "俄羅斯不需要ㄅ人家冷戰累積多少軍火"}, {"comment_author": "vwpassat", "comment_date": ["04/14", "01:07"], "comment_content": "跟羅斯不歸還海參崴的可能性一樣大！"}, {"comment_author": "darkbrigher", "comment_date": ["04/14", "01:07"], "comment_content": "早就有支援了 現在才知道?"}, {"comment_author": "ncc5566", "comment_date": ["04/14", "01:07"], "comment_content": "中國不用\"偷偷\""}, {"comment_author": "rwr", "comment_date": ["04/14", "01:07"], "comment_content": "不大 連運個迷彩服美國也知道在喊制裁"}, {"comment_author": "kairi5217", "comment_date": ["04/14", "01:08"], "comment_content": "布丁拔拔都直接叫包子儲年卡金援吃貨"}, {"comment_author": "kairi5217", "comment_date": ["04/14", "01:08"], "comment_content": "了 新來的？"}, {"comment_author": "julia66", "comment_date": ["04/14", "01:10"], "comment_content": "一直都是"}, {"comment_author": "jayppt", "comment_date": ["04/14", "01:11"], "comment_content": "早就做了 其實開戰前俄國就缺錢了 當時"}, {"comment_author": "jayppt", "comment_date": ["04/14", "01:11"], "comment_content": "中國早就用高額買俄國油的合約給錢"}, {"comment_author": "jayppt", "comment_date": ["04/14", "01:12"], "comment_content": "不但提早給錢 還用比當時市價高很多的價格"}, {"comment_author": "VOLK11", "comment_date": ["04/14", "01:12"], "comment_content": "中國沒有直接援助軍火，但不能說商業上沒"}, {"comment_author": "darkbrigher", "comment_date": ["04/14", "01:12"], "comment_content": "去年新聞 北韓支援俄國百萬彈藥"}, {"comment_author": "VOLK11", "comment_date": ["04/14", "01:12"], "comment_content": "有幫忙但應該是走貿易路線"}, {"comment_author": "jayppt", "comment_date": ["04/14", "01:12"], "comment_content": "給錢 基本就是不定義成金援的金援"}, {"comment_author": "jayppt", "comment_date": ["04/14", "01:12"], "comment_content": "避開國際目光 我先給你錢 你油以後再送"}, {"comment_author": "darkbrigher", "comment_date": ["04/14", "01:12"], "comment_content": "中國支援俄國一堆晶片 還被俄爹嘲諷"}, {"comment_author": "jakcycoco", "comment_date": ["04/14", "01:12"], "comment_content": "中國那叫正大光明援助吧 有偷偷嗎?"}, {"comment_author": "VOLK11", "comment_date": ["04/14", "01:13"], "comment_content": "做生意是不違反國際法的阿，而且世界各國"}, {"comment_author": "darkbrigher", "comment_date": ["04/14", "01:13"], "comment_content": "故障率太高"}, {"comment_author": "VOLK11", "comment_date": ["04/14", "01:13"], "comment_content": "都有貿易阿"}, {"comment_author": "kairi5217", "comment_date": ["04/14", "01:13"], "comment_content": "是的 被戲謔為 包子大禮包"}, {"comment_author": "VOLK11", "comment_date": ["04/14", "01:13"], "comment_content": "中國只要肯買俄國的東東就好了啊，而且俄"}, {"comment_author": "VOLK11", "comment_date": ["04/14", "01:14"], "comment_content": "國天然氣那些本來就有需求"}, {"comment_author": "jayppt", "comment_date": ["04/14", "01:14"], "comment_content": "有一個是 普丁也是要面子的 不止是躲西方"}, {"comment_author": "jayppt", "comment_date": ["04/14", "01:14"], "comment_content": "也是給普丁台階下 所以用貿易當藉口做援助"}, {"comment_author": "VOLK11", "comment_date": ["04/14", "01:14"], "comment_content": "其實中國和烏克蘭的關係也不錯啊，所以此"}, {"comment_author": "VOLK11", "comment_date": ["04/14", "01:14"], "comment_content": "事中國一直裝中立，李姓中立選民"}, {"comment_author": "wulaw5566", "comment_date": ["04/14", "01:20"], "comment_content": "中國軍援俄羅斯那戰場早就找到中製武"}, {"comment_author": "wulaw5566", "comment_date": ["04/14", "01:20"], "comment_content": "器了，俄羅斯是輕工業不行，爆軍武產"}, {"comment_author": "wahaha711233", "comment_date": ["04/14", "01:20"], "comment_content": "米國能給 別人不能給啊？"}, {"comment_author": "wulaw5566", "comment_date": ["04/14", "01:20"], "comment_content": "能對俄羅斯來說很簡單。"}, {"comment_author": "as50229", "comment_date": ["04/14", "01:21"], "comment_content": "如果我們對俄羅斯宣戰 那中共會站在哪一"}, {"comment_author": "as50229", "comment_date": ["04/14", "01:21"], "comment_content": "邊"}, {"comment_author": "darkbrigher", "comment_date": ["04/14", "01:21"], "comment_content": "大疆無人機阿"}, {"comment_author": "darkbrigher", "comment_date": ["04/14", "01:21"], "comment_content": "不過烏克蘭也在用"}, {"comment_author": "allofme", "comment_date": ["04/14", "01:32"], "comment_content": "如果有的話，美國早就照三餐宣傳了"}, {"comment_author": "allofme", "comment_date": ["04/14", "01:34"], "comment_content": "說金援的人要不要順便說一下印度…"}, {"comment_author": "leohayashi1", "comment_date": ["04/14", "02:36"], "comment_content": "同意某樓，俄羅斯爆軍武很簡單 他也"}, {"comment_author": "leohayashi1", "comment_date": ["04/14", "02:36"], "comment_content": "不用先進晶片，他有很多武器都還在"}, {"comment_author": "leohayashi1", "comment_date": ["04/14", "02:36"], "comment_content": "用二代半半導體，但是對付別國夠用"}, {"comment_author": "leohayashi1", "comment_date": ["04/14", "02:36"], "comment_content": "了，他的核彈就是體積大 破壞力強，"}, {"comment_author": "leohayashi1", "comment_date": ["04/14", "02:36"], "comment_content": "不跟你搞戰術核武（體積小）那套。"}, {"comment_author": "darkbrigher", "comment_date": ["04/14", "02:42"], "comment_content": "彭博：多數俄國戰爭晶片由美歐企業製"}, {"comment_author": "darkbrigher", "comment_date": ["04/14", "02:42"], "comment_content": "造"}, {"comment_author": "DREE", "comment_date": ["04/14", "02:44"], "comment_content": "開戰前普丁不是到北京會面~~沒中國不會打"}, {"comment_author": "suanruei", "comment_date": ["04/14", "02:48"], "comment_content": "俄羅斯缺的是民生用品不是軍用物資，所"}, {"comment_author": "suanruei", "comment_date": ["04/14", "02:48"], "comment_content": "以中國產品填補歐美的缺之後就可以破解"}, {"comment_author": "suanruei", "comment_date": ["04/14", "02:48"], "comment_content": "制裁"}, {"comment_author": "allenatptt", "comment_date": ["04/14", "03:32"], "comment_content": "早就有了，沒有中國的金援，俄羅斯人"}, {"comment_author": "allenatptt", "comment_date": ["04/14", "03:32"], "comment_content": "現在大概得吃雪充飢"}, {"comment_author": "asiaking5566", "comment_date": ["04/14", "03:39"], "comment_content": "那是互惠"}, {"comment_author": "TakeokaMiho", "comment_date": ["04/14", "04:35"], "comment_content": "100%啊 都知道的"}, {"comment_author": "billionaire", "comment_date": ["04/14", "06:40"], "comment_content": ""}, {"comment_author": "fhill12", "comment_date": ["04/14", "07:28"], "comment_content": "為什麼要偷偷？"}, {"comment_author": "ter2788", "comment_date": ["04/14", "07:55"], "comment_content": "北韓不是已經在援助了嗎？"}, {"comment_author": "ter2788", "comment_date": ["04/14", "07:56"], "comment_content": "而且中國一直賣東西給俄羅斯阿"}, {"comment_author": "Yahweh", "comment_date": ["04/14", "08:15"], "comment_content": "党不是說中國崩潰中國紙老虎中國手刻哪有"}, {"comment_author": "Yahweh", "comment_date": ["04/14", "08:16"], "comment_content": "能力？"}, {"comment_author": "ra88872", "comment_date": ["04/14", "08:33"], "comment_content": "偷偷？沒必要吧，美國都光明正大買俄國石"}, {"comment_author": "ra88872", "comment_date": ["04/14", "08:33"], "comment_content": "油了，誰資敵還不好說。"}, {"comment_author": "ultraccs", "comment_date": ["04/14", "08:34"], "comment_content": "早就不是新聞了 大家都知道 不能說的秘"}, {"comment_author": "ultraccs", "comment_date": ["04/14", "08:34"], "comment_content": "密"}, {"comment_author": "Jeff1989", "comment_date": ["04/14", "08:45"], "comment_content": "維尼送蜂蜜"}, {"comment_author": "shortty", "comment_date": ["04/14", "08:59"], "comment_content": "為什麼要偷偷"}, {"comment_author": "MedEngineer", "comment_date": ["04/14", "09:17"], "comment_content": "不是金援，就是正常的貿易和夥伴，"}, {"comment_author": "MedEngineer", "comment_date": ["04/14", "09:17"], "comment_content": "俄羅斯的能源中國也的確需要，頂多"}, {"comment_author": "MedEngineer", "comment_date": ["04/14", "09:17"], "comment_content": "說中國沒有加入西方國家的制裁行列"}, {"comment_author": "MedEngineer", "comment_date": ["04/14", "09:18"], "comment_content": "（印度也沒有)"}, {"comment_author": "DMM", "comment_date": ["04/14", "10:20"], "comment_content": "美國可以光明正大軍援烏克蘭"}, {"comment_author": "DMM", "comment_date": ["04/14", "10:20"], "comment_content": "不准中國私下軍援俄羅斯"}, {"comment_author": "azc3144", "comment_date": ["04/14", "10:51"], "comment_content": "中國只需要貿易時偷偷給些軍用零件就行"}, {"comment_author": "Leika", "comment_date": ["04/14", "11:39"], "comment_content": "經援就夠了 俄軍不需要中國垃圾武器"}]}
