{"author": "rizzo123 (阿烙)", "category": "Gossiping", "title": "[問卦] 修塔爾克旅行中要如何解決性欲問題？", "date": "Mon Apr 15 13:43:45 2024", "content": ["大家都年輕過，國高中時期每天不尻一槍都難，修塔爾克也才高中年紀，莫名其妙跟兩個大美女旅行一年多了，他都如何解決性欲問題？如果一行人都男的，當作當兵忍一忍就過。偏偏旅伴都美女，吃住睡都一起，如何忍得住？有沒有卦？", "--"], "post_comment": [{"comment_author": "engineer1", "comment_date": ["04/15", "13:44"], "comment_content": "五樓都在男人身上嬌喘"}, {"comment_author": "engineer1", "comment_date": ["04/15", "13:44"], "comment_content": "蓋"}, {"comment_author": "ncc5566", "comment_date": ["04/15", "13:44"], "comment_content": "樓下都怎麼解決男友的性欲?"}, {"comment_author": "z842657913", "comment_date": ["04/15", "13:44"], "comment_content": "費倫會尻尻魔法啊"}, {"comment_author": "bill403777", "comment_date": ["04/15", "13:45"], "comment_content": "該做的都做了 忍個屁=="}, {"comment_author": "douge", "comment_date": ["04/15", "13:45"], "comment_content": "SSSS級 -洗衣服魔法"}, {"comment_author": "whiteblack19", "comment_date": ["04/15", "13:46"], "comment_content": "每晚武僧都會順移+隱蔽過來把修塔"}, {"comment_author": "ihateants", "comment_date": ["04/15", "13:46"], "comment_content": "費倫的食慾食量八成早就懷孕了"}, {"comment_author": "whiteblack19", "comment_date": ["04/15", "13:46"], "comment_content": "爾克操到乒乒乓乓無法自拔成為只能"}, {"comment_author": "kuosambition", "comment_date": ["04/15", "13:46"], "comment_content": "阿罵有消除性慾的魔法阿，不然以前"}, {"comment_author": "whiteblack19", "comment_date": ["04/15", "13:46"], "comment_content": "靠男人肉棒高潮的男人"}, {"comment_author": "whiteblack19", "comment_date": ["04/15", "13:46"], "comment_content": "這樣不就解決了"}, {"comment_author": "kuosambition", "comment_date": ["04/15", "13:47"], "comment_content": "早就被勇者小隊給...."}, {"comment_author": "tonyian", "comment_date": ["04/15", "13:47"], "comment_content": "不是路上都有武僧，功夫老人幫忙？"}, {"comment_author": "belucky", "comment_date": ["04/15", "13:47"], "comment_content": "費倫很會榨番茄汁"}, {"comment_author": "KevinLow", "comment_date": ["04/15", "13:48"], "comment_content": "左轉臭板"}, {"comment_author": "b9021008", "comment_date": ["04/15", "13:48"], "comment_content": "肛"}, {"comment_author": "anthaeilleo", "comment_date": ["04/15", "13:48"], "comment_content": "上次不爽是才用變大雞雞的魔法讓肥"}, {"comment_author": "anthaeilleo", "comment_date": ["04/15", "13:48"], "comment_content": "倫爽到不行"}, {"comment_author": "wappie3524", "comment_date": ["04/15", "13:49"], "comment_content": "費倫已經大到只能看到一半的天空了"}, {"comment_author": "cidcheng", "comment_date": ["04/15", "13:49"], "comment_content": "老人：我已經沒什麼好教你的了"}, {"comment_author": "syntax123", "comment_date": ["04/15", "13:52"], "comment_content": "晚上偷喝果汁就是暗號ㄚ"}, {"comment_author": "hosen", "comment_date": ["04/15", "13:56"], "comment_content": "兩個年輕人早就X了，動畫沒畫而已"}, {"comment_author": "Takhisis", "comment_date": ["04/15", "13:56"], "comment_content": "斧頭的柄不是很長嗎？"}, {"comment_author": "stratege", "comment_date": ["04/15", "13:57"], "comment_content": "抓住鳥的魔法"}, {"comment_author": "dafeichai", "comment_date": ["04/15", "14:32"], "comment_content": "肥倫性慾更高 都強制上修塔爾克"}, {"comment_author": "ginchen5566", "comment_date": ["04/15", "15:24"], "comment_content": ""}]}
