{"author": "tobetwob (WHO FCTC 菸草減害專家)", "category": "Gossiping", "title": "[問卦] 菸品健康福利捐漲200喊卡 2017年", "date": "Fri Apr 19 14:33:52 2024", "content": ["今天板上有在討論菸漲價200元的事情,其實這件事情早在2017年衛福部國健署自己就已經退了，如今7年過去，2024年的今天冷菜重炒，真是夠了,有卦嗎?免稅菸課健康捐 國健署喊卡200元不漲了04:102017/05/17 中國時報 倪浩倫", "國健署原預告修正《菸害防制法》，機A場免稅菸擬課徵每條200元的健康捐，但國健署昨政策轉彎，不課免稅菸健康捐了。圖為在桃園機場免稅店裡，旅客挑選菸品。上圖為國健署今年1月公告的修正草案總說明。（陳麒全攝、劉宗龍翻攝）", "國健署原預告修正《菸害防制法》，機A場免稅菸擬課徵每條200元的健康捐，但國健署昨政策轉彎，不課免稅菸健康捐了。圖為在桃園機場免稅店裡，旅客挑選菸品。上圖為國健署今年1月公告的修正草案總說明。（陳麒全攝、劉宗龍翻攝）國健署1月4日預告修正《菸害防制法》，然後到了昨天，政策大大轉了一彎。國健署菸害防制組表示，經過60天的預告期、蒐集各界許多意見，以及本周一和內政部、警政署、法務部、關務署、財政部等單位進行跨部會討論後，現階段修法版本，除了將電子煙納管之外，每條免稅菸的200元健康捐調漲、室內吸菸室廢除等項均「不做了」。衛福部長照、健保、罕見疾病又缺錢，又要把菸民當提款機了嗎? 請問有卦嗎?--", "WHO FCTC 菸草減害專家 王郁揚Danny(Yu-Yang) Wang", "台灣禁菸聯盟 ABC#TAIWAN、無煙台灣基金會FSFT、台灣菸草減害協會TTHRA。台灣威卜 菸草減害網路媒體 VAPE TAIWAN", "--"], "post_comment": [{"comment_author": "syntax123", "comment_date": ["04/19", "14:34"], "comment_content": "卡踏掐~~~~卡踏"}, {"comment_author": "gx8759121", "comment_date": ["04/19", "14:35"], "comment_content": "時空背景不同之術"}, {"comment_author": "hsnu103437", "comment_date": ["04/19", "14:37"], "comment_content": "沒錢抽甚麼菸，就是當你提款機不爽不"}, {"comment_author": "hsnu103437", "comment_date": ["04/19", "14:37"], "comment_content": "要抽"}, {"comment_author": "MintTW", "comment_date": ["04/19", "14:39"], "comment_content": "糖也要課稅"}, {"comment_author": "MintTW", "comment_date": ["04/19", "14:39"], "comment_content": "影響健康"}]}
