{"author": "andy199113 (誒嘿嘿嘿)", "category": "Gossiping", "title": "[問卦] 為什麼對岸中共只發居民身分證 不是國民?", "date": "Thu Apr 18 22:28:56 2024", "content": ["對岸什麼都號稱基建狂魔，遙遙領先為什麼只發「中華人民共和國居民身分證」「港澳居民居住證、台灣居民居住證」就是不學學我們中華民國發放國民身分證?居民≠國民 對吧?難道是中共連自己都不承認自己是合法政權嗎?發個「國民身分證」是有多困難?這就跟解放軍不是國軍一樣奇怪，大陸人都不覺得奇怪嗎?--"], "post_comment": [{"comment_author": "b0d", "comment_date": ["04/18", "22:30"], "comment_content": "江東64屯"}, {"comment_author": "brianuser", "comment_date": ["04/18", "22:30"], "comment_content": "因為疊字不美吧。國國民身分證好難聽。"}, {"comment_author": "b0d", "comment_date": ["04/18", "22:30"], "comment_content": "其實居民的想法比較務實，就像地上權一樣"}, {"comment_author": "Owen93", "comment_date": ["04/18", "22:31"], "comment_content": "因為包容 台灣省同胞也可以領"}, {"comment_author": "b0d", "comment_date": ["04/18", "22:31"], "comment_content": "宜家家居新店店"}, {"comment_author": "panny2010", "comment_date": ["04/18", "22:31"], "comment_content": "黨大於國，國在我黨項下"}, {"comment_author": "shauima", "comment_date": ["04/18", "22:32"], "comment_content": "因為身份證是一個巧立名目偷稅金的項目"}, {"comment_author": "shauima", "comment_date": ["04/18", "22:32"], "comment_content": "健保卡上面多寫幾個字就可以當身分證了"}, {"comment_author": "shauima", "comment_date": ["04/18", "22:33"], "comment_content": "台灣老人被騙到失智，不得已才要用雙證"}, {"comment_author": "shauima", "comment_date": ["04/18", "22:33"], "comment_content": "件來擋詐騙"}, {"comment_author": "losel", "comment_date": ["04/18", "22:33"], "comment_content": "先有身分證才有健保卡, 身分證連著戶政系統"}, {"comment_author": "losel", "comment_date": ["04/18", "22:34"], "comment_content": "健保卡是健保資料庫"}, {"comment_author": "shauima", "comment_date": ["04/18", "22:34"], "comment_content": "是有這種時空背景，但總該與時俱進吧"}, {"comment_author": "js850604", "comment_date": ["04/18", "22:38"], "comment_content": "原來先出的才是偷稅金的那邊啊"}, {"comment_author": "coollfd", "comment_date": ["04/18", "22:42"], "comment_content": "因為一邊一國"}, {"comment_author": "kotorichan", "comment_date": ["04/18", "22:59"], "comment_content": "外國身分證才能在華能當貴族"}]}
