{"author": "NinjaCats (忍者貓貓)", "category": "Gossiping", "title": "[問卦] 男森被撞到蛋蛋到底有多痛？", "date": "Sun Apr 14 12:28:23 2024", "content": ["是這樣的啦阿肥今天跟朋友去運動結果一起去健身房的兩個朋友打鬧其中一個去撞到蛋蛋 整個直接pass掉我們接下來的所有活動 還說有想要不要去掛急診阿肥覺得滿迷惑的 看起來不就是不小心去磕到嗎 哪有這麼瓜張 不過畢竟阿肥沒得體驗也不確定到底有多痛 只好來請教一下萬能的八卦板男生撞到蛋蛋到底有多痛 吃Eve有用ㄇ有沒有相關八卦--"], "post_comment": [{"comment_author": "ncc5566", "comment_date": ["04/14", "12:28"], "comment_content": "五樓天天用蛋蛋撞肛門"}, {"comment_author": "louis10452", "comment_date": ["04/14", "12:29"], "comment_content": "蓋"}, {"comment_author": "dlam002", "comment_date": ["04/14", "12:30"], "comment_content": ""}, {"comment_author": "engineer1", "comment_date": ["04/14", "12:30"], "comment_content": "蓋"}]}
