{"author": "DavidJam (緣起 緣滅 無永恆)", "category": "Gossiping", "title": "[問卦] 現在結婚是不是很不划算的一件事？", "date": "Mon Apr 15 14:14:49 2024", "content": ["大家好現在很多包養網一些有錢人都只交女友不結婚因為結婚不僅要分出財產的一半而且薪水還要上繳所以很多精打細算的有錢人寧願上包養網或交女友就是不結婚有錢人之所以有錢是不是因為都很懂時代的趨勢知道該怎麼做才能包賺我們是不是該跟有錢人學習啊？有沒有卦？--生命是一場單程旅行，只有珍惜現在，才能獲得幸福。--"], "post_comment": [{"comment_author": "preisner", "comment_date": ["04/15", "14:15"], "comment_content": "所以五樓都只在228找肛友"}, {"comment_author": "YLTYY", "comment_date": ["04/15", "14:15"], "comment_content": "大家都想爽"}, {"comment_author": "dakkk", "comment_date": ["04/15", "14:15"], "comment_content": "你就沒錢呀"}, {"comment_author": "kaitai", "comment_date": ["04/15", "14:16"], "comment_content": "有錢人還是要結才符合社會標準 包養檯面下"}, {"comment_author": "rb731024", "comment_date": ["04/15", "14:16"], "comment_content": "有錢的結婚不方便換貨，沒錢的結婚換不"}, {"comment_author": "rb731024", "comment_date": ["04/15", "14:16"], "comment_content": "了貨"}, {"comment_author": "sagarain", "comment_date": ["04/15", "14:18"], "comment_content": "為什麼結婚要交財產 婚後擺爛就好了啊"}, {"comment_author": "kevincio", "comment_date": ["04/15", "14:18"], "comment_content": "別自慰了 現實是一堆魯男求偶焦慮 可憐"}, {"comment_author": "Taiwanwolf", "comment_date": ["04/15", "14:19"], "comment_content": "自己買新車開跟租N人開過的車感覺不"}, {"comment_author": "simonfz", "comment_date": ["04/15", "14:20"], "comment_content": "婚前簽財產各自擁有就好啦0.0？"}, {"comment_author": "DanGong5566", "comment_date": ["04/15", "14:22"], "comment_content": "講的很像有人會跟你結婚一樣"}, {"comment_author": "q123212", "comment_date": ["04/15", "14:22"], "comment_content": "你就算看看嘛！沒過得更好幹嘛結婚？"}, {"comment_author": "OceanRainnn", "comment_date": ["04/15", "14:27"], "comment_content": "包養可以爽又不用負責任 幹嘛結婚?"}, {"comment_author": "PtT0615s", "comment_date": ["04/15", "14:32"], "comment_content": "把錢都給女生管，做愛就不用給錢了 這樣"}, {"comment_author": "PtT0615s", "comment_date": ["04/15", "14:32"], "comment_content": "很多男生就自動無腦翻譯成 做愛不用＄"}, {"comment_author": "PtT0615s", "comment_date": ["04/15", "14:33"], "comment_content": "自己快樂就行了好嗎別影響別人　笑死"}]}
