{"author": "Eclivan ((吐血中...【LoRinA】)", "category": "Gossiping", "title": "[問卦] 有無Korean 不用【ＳOＮＹ】手機？", "date": "Sat Apr 13 09:22:36 2024", "content": ["在下是被誤會一整晚、歸罷肚火Ｔａｉｗａｎｅｓｅ在台灣島、用【", "手機很正常、小魯從", "跑遍", "--"], "post_comment": [{"comment_author": "deepdish", "comment_date": ["04/13", "09:23"], "comment_content": "去跟他們講阿 跟我們講幹嘛.jpg"}, {"comment_author": "horseorange", "comment_date": ["04/13", "09:24"], "comment_content": "市佔低成那樣正常人都沒在用好嗎"}, {"comment_author": "ruthertw", "comment_date": ["04/13", "09:24"], "comment_content": "IP不正確"}, {"comment_author": "CHEAT1069", "comment_date": ["04/13", "09:24"], "comment_content": "不用給我錢 先去矯正你的語言能力"}, {"comment_author": "ltytw", "comment_date": ["04/13", "09:25"], "comment_content": "打錯了 是 S0NY"}, {"comment_author": "coffee112", "comment_date": ["04/13", "09:25"], "comment_content": "?? sony 後來好像不做手機了 輸慘了"}, {"comment_author": "ltytw", "comment_date": ["04/13", "09:26"], "comment_content": "Ｘｐｅｒｉａ （X） Xp3ria (O)"}, {"comment_author": "david3809", "comment_date": ["04/13", "09:26"], "comment_content": "【Japanese】也都不用啊"}, {"comment_author": "coffee112", "comment_date": ["04/13", "09:26"], "comment_content": "看兩個朋友用過 感覺不差 可能cp不高?"}, {"comment_author": "invidia", "comment_date": ["04/13", "09:26"], "comment_content": "夾雜中英日台語 你是新加坡人ㄇ"}, {"comment_author": "coffee112", "comment_date": ["04/13", "09:27"], "comment_content": "另個阿姨也用sony 手機也算撐很多年"}, {"comment_author": "snsdakb48", "comment_date": ["04/13", "09:27"], "comment_content": "講人話"}, {"comment_author": "OGC1000times", "comment_date": ["04/13", "09:28"], "comment_content": "sony手機廢到笑，os爛到不行，時間"}, {"comment_author": "OGC1000times", "comment_date": ["04/13", "09:28"], "comment_content": "到了螢幕就會壞，電視畫質也被韓國"}, {"comment_author": "zephyr105", "comment_date": ["04/13", "09:28"], "comment_content": "這兩國就世仇"}, {"comment_author": "OGC1000times", "comment_date": ["04/13", "09:28"], "comment_content": "屌打"}, {"comment_author": "BerlinerBlau", "comment_date": ["04/13", "09:29"], "comment_content": "磚塊機就真的爛啊"}, {"comment_author": "colan8", "comment_date": ["04/13", "09:34"], "comment_content": "因為韓國人腦子很正常 sony手機早就沒救了"}, {"comment_author": "colan8", "comment_date": ["04/13", "09:35"], "comment_content": "SONY手機從來沒打算改善散熱 用膝蓋做手機"}, {"comment_author": "Chia2323", "comment_date": ["04/13", "09:39"], "comment_content": "還好吧 韓國政府鼓勵韓國人愛用國貨所以"}, {"comment_author": "Chia2323", "comment_date": ["04/13", "09:39"], "comment_content": "都會減稅 是台灣太奇葩拉屎菌那種爛車可"}, {"comment_author": "Chia2323", "comment_date": ["04/13", "09:39"], "comment_content": "以保護50年"}, {"comment_author": "TexasFlood", "comment_date": ["04/13", "09:39"], "comment_content": "講什麼洨話"}, {"comment_author": "tetsu327", "comment_date": ["04/13", "09:47"], "comment_content": "在公啥小 阿鬼講中文好嗎"}, {"comment_author": "Forcast", "comment_date": ["04/13", "09:50"], "comment_content": "會準時壞掉"}, {"comment_author": "e1q3z9c7", "comment_date": ["04/13", "09:54"], "comment_content": "sony timer"}, {"comment_author": "alex00089", "comment_date": ["04/13", "09:59"], "comment_content": "因為糞自己玩屎自己"}, {"comment_author": "noreg0393933", "comment_date": ["04/13", "10:01"], "comment_content": "哪有人在用Sony手機"}, {"comment_author": "selvester", "comment_date": ["04/13", "11:21"], "comment_content": "Z2進水 Z3過熱 沒想要再買了"}, {"comment_author": "selvester", "comment_date": ["04/13", "11:23"], "comment_content": "因為貼合膠問題 omni設計本身就是較差"}]}
