{"author": "Axwell (Axwell)", "category": "Gossiping", "title": "[問卦] 跑步只跑了2公里就休息 有很爛嗎", "date": "Mon Apr 15 16:21:07 2024", "content": ["如題幾個月下來第一次跑步跑了2公里就覺得快死了氣喘吁吁痛暈腦脹我看其他人動輒就是5公里10公里只跑2公里就覺得累爆是不是很爛？--"], "post_comment": [{"comment_author": "fony1029", "comment_date": ["04/15", "16:21"], "comment_content": "很厲害了 這邊沒有100公尺就累的不算肥"}, {"comment_author": "fony1029", "comment_date": ["04/15", "16:21"], "comment_content": "宅"}, {"comment_author": "hkcdc", "comment_date": ["04/15", "16:21"], "comment_content": "我跑200就休息"}, {"comment_author": "rayisgreat", "comment_date": ["04/15", "16:22"], "comment_content": "肥宅窩跑200公尺就不行惹"}, {"comment_author": "amphiprion", "comment_date": ["04/15", "16:22"], "comment_content": "超強 我走10公尺要喘10分鐘"}, {"comment_author": "james732", "comment_date": ["04/15", "16:22"], "comment_content": "超棒的好嗎"}, {"comment_author": "hkcdc", "comment_date": ["04/15", "16:22"], "comment_content": "你已經贏過8成"}, {"comment_author": "ncc5566", "comment_date": ["04/15", "16:22"], "comment_content": "你能跑2公里 在這板稱神了"}, {"comment_author": "keepeyes", "comment_date": ["04/15", "16:22"], "comment_content": "重點是跑多久"}, {"comment_author": "albertfeng", "comment_date": ["04/15", "16:22"], "comment_content": "跑太快，跑慢一點就可以撐很久"}, {"comment_author": "tenen", "comment_date": ["04/15", "16:22"], "comment_content": "老了，多大歲數"}, {"comment_author": "facts", "comment_date": ["04/15", "16:22"], "comment_content": "多跑就會拉長距離 正常的"}, {"comment_author": "henry3214", "comment_date": ["04/15", "16:22"], "comment_content": "我不到1公里就放棄了"}, {"comment_author": "violegrace", "comment_date": ["04/15", "16:22"], "comment_content": "確實爛"}, {"comment_author": "YCTING", "comment_date": ["04/15", "16:22"], "comment_content": "第一次就跑兩公里 本版PR99了"}, {"comment_author": "steward68", "comment_date": ["04/15", "16:23"], "comment_content": "你至少贏我，肥宅我不跑步的"}, {"comment_author": "ianlin1216", "comment_date": ["04/15", "16:23"], "comment_content": "很厲害了"}, {"comment_author": "tomlee1130", "comment_date": ["04/15", "16:23"], "comment_content": "不錯了啦"}, {"comment_author": "vava5566", "comment_date": ["04/15", "16:23"], "comment_content": "我大概一百公尺就得休息了。除非超慢跑"}, {"comment_author": "mig", "comment_date": ["04/15", "16:23"], "comment_content": "還真的滿爛的"}, {"comment_author": "yyyy654123yy", "comment_date": ["04/15", "16:23"], "comment_content": "兩公里我都當熱身 給你參考"}, {"comment_author": "kodansha", "comment_date": ["04/15", "16:23"], "comment_content": "跑超過30秒就不行了"}, {"comment_author": "sleeeve", "comment_date": ["04/15", "16:23"], "comment_content": "我半馬97分鐘，參考一下"}, {"comment_author": "PtT0615s", "comment_date": ["04/15", "16:24"], "comment_content": "用走的八，先走十公里開始"}, {"comment_author": "ASUSboy", "comment_date": ["04/15", "16:24"], "comment_content": "2k熱身都不夠"}, {"comment_author": "bairn", "comment_date": ["04/15", "16:24"], "comment_content": "有跑就好"}, {"comment_author": "ohrring", "comment_date": ["04/15", "16:24"], "comment_content": "太強了吧 這邊爬一層樓梯都喘成狗"}, {"comment_author": "sleeeve", "comment_date": ["04/15", "16:24"], "comment_content": "10公里39分56秒"}, {"comment_author": "tedium", "comment_date": ["04/15", "16:24"], "comment_content": "你是在當兵跑不到2000嗎? 那真的廢"}, {"comment_author": "dahlia7357", "comment_date": ["04/15", "16:24"], "comment_content": "會去跑步的人，就不爛"}, {"comment_author": "Aidrux", "comment_date": ["04/15", "16:24"], "comment_content": "很讚了"}, {"comment_author": "jasin0425", "comment_date": ["04/15", "16:24"], "comment_content": "你早上有來杯黑咖灰嗎？"}, {"comment_author": "keepeyes", "comment_date": ["04/15", "16:24"], "comment_content": "搞不好人家跑6分鐘"}, {"comment_author": "hans0913", "comment_date": ["04/15", "16:25"], "comment_content": "等你進步到5公里10公里，就會覺得，真的"}, {"comment_author": "glenmarlboro", "comment_date": ["04/15", "16:25"], "comment_content": "樓下說他當兵跑三千只要五分鐘"}, {"comment_author": "hans0913", "comment_date": ["04/15", "16:25"], "comment_content": "滿爛的。"}, {"comment_author": "machiusheng", "comment_date": ["04/15", "16:26"], "comment_content": "在八卦 已經 PR99了"}, {"comment_author": "billpk11", "comment_date": ["04/15", "16:26"], "comment_content": "太強!!我跑100公尺要休息五分鐘 供參"}, {"comment_author": "SHENG2014", "comment_date": ["04/15", "16:26"], "comment_content": "有跑步就很強了"}, {"comment_author": "zero7217", "comment_date": ["04/15", "16:26"], "comment_content": "沒喔，我跑完2公里只比你好一點"}, {"comment_author": "chhu94", "comment_date": ["04/15", "16:26"], "comment_content": "有跑就不錯了，但是真的蠻爛的"}, {"comment_author": "allenatptt", "comment_date": ["04/15", "16:27"], "comment_content": "去看醫生，身體有問題"}, {"comment_author": "uranuss", "comment_date": ["04/15", "16:27"], "comment_content": "我50就開始喘了，供參"}, {"comment_author": "duelaylomo", "comment_date": ["04/15", "16:27"], "comment_content": "你這樣要我跑不到100公尺的情何以堪"}, {"comment_author": "TaiwanFight", "comment_date": ["04/15", "16:27"], "comment_content": "那表示平常體力不錯啊"}, {"comment_author": "bluem0ary", "comment_date": ["04/15", "16:27"], "comment_content": "太強了吧  現在叫我短跑100我可能都會"}, {"comment_author": "shellback", "comment_date": ["04/15", "16:27"], "comment_content": "光想要跑就已經贏8成的人了"}, {"comment_author": "bluem0ary", "comment_date": ["04/15", "16:28"], "comment_content": "暴斃呢"}, {"comment_author": "efkfkp", "comment_date": ["04/15", "16:28"], "comment_content": "新手練習可以5公里快走.400公尺間歇跑（長"}, {"comment_author": "xhung", "comment_date": ["04/15", "16:28"], "comment_content": "讚喔"}, {"comment_author": "efkfkp", "comment_date": ["04/15", "16:28"], "comment_content": "跑速度400m休息兩分鐘交替5組）.1500m跑步"}, {"comment_author": "efkfkp", "comment_date": ["04/15", "16:28"], "comment_content": ".休息日，四天一組練習，就能有效提升長跑"}, {"comment_author": "efkfkp", "comment_date": ["04/15", "16:28"], "comment_content": "距離。"}, {"comment_author": "TopGun2", "comment_date": ["04/15", "16:28"], "comment_content": ""}, {"comment_author": "TopGun2", "comment_date": ["04/15", "16:29"], "comment_content": "大勝本版00%肥宅"}, {"comment_author": "TaiwanFight", "comment_date": ["04/15", "16:29"], "comment_content": "我跑步都用衝刺的  頂多跑1.5公里"}, {"comment_author": "chu", "comment_date": ["04/15", "16:29"], "comment_content": "2km熱身，之後跑十趟100m衝刺跑"}, {"comment_author": "TaiwanFight", "comment_date": ["04/15", "16:29"], "comment_content": "體力好沒啥用  就維持而已懶得練"}, {"comment_author": "shadowdio", "comment_date": ["04/15", "16:29"], "comment_content": "夠了 再多就是傷身"}, {"comment_author": "hyuchi0202", "comment_date": ["04/15", "16:30"], "comment_content": "慢跑的話2公里差不多開始流汗"}, {"comment_author": "xjapan329", "comment_date": ["04/15", "16:30"], "comment_content": "1>0，有跑已經海放本肥了"}, {"comment_author": "no25", "comment_date": ["04/15", "16:30"], "comment_content": "看心跳吧"}, {"comment_author": "kjes924308", "comment_date": ["04/15", "16:30"], "comment_content": "不會，兩公里超遠"}, {"comment_author": "ilovecim", "comment_date": ["04/15", "16:31"], "comment_content": "很棒，我就是這樣開始直到全馬的"}, {"comment_author": "retrud", "comment_date": ["04/15", "16:31"], "comment_content": "直接講秒數 以百米衝刺400米就掛了"}, {"comment_author": "hunteryoyoyo", "comment_date": ["04/15", "16:32"], "comment_content": "兩公里很猛啦，要記得呼吸"}, {"comment_author": "nekoares", "comment_date": ["04/15", "16:33"], "comment_content": "當下的能力不重要，重點是持續練習進步"}, {"comment_author": "gabriel", "comment_date": ["04/15", "16:33"], "comment_content": "要很棒至少每天兩公里 祝你健康"}, {"comment_author": "applejone", "comment_date": ["04/15", "16:33"], "comment_content": "我跑10公尺就超喘了"}, {"comment_author": "fox875566", "comment_date": ["04/15", "16:33"], "comment_content": "我100公尺就不行"}, {"comment_author": "Axwell", "comment_date": ["04/15", "16:34"], "comment_content": "剛又跑了500公尺 不行了=="}, {"comment_author": "yu7777", "comment_date": ["04/15", "16:34"], "comment_content": "我走到床上就喘了"}, {"comment_author": "sunnyyoung", "comment_date": ["04/15", "16:35"], "comment_content": "2公尺就喘了"}, {"comment_author": "czg", "comment_date": ["04/15", "16:35"], "comment_content": "炫耀~~~"}, {"comment_author": "princeguitar", "comment_date": ["04/15", "16:35"], "comment_content": "跑兩公里 再走路 快走 時間加起來"}, {"comment_author": "princeguitar", "comment_date": ["04/15", "16:36"], "comment_content": "四十五分鐘 一週持續三天一樣 可以"}, {"comment_author": "kaodio", "comment_date": ["04/15", "16:36"], "comment_content": "休息是為了走更長遠的路"}, {"comment_author": "MysterySW", "comment_date": ["04/15", "16:36"], "comment_content": "我剛走電扶梯喘得要死"}, {"comment_author": "princeguitar", "comment_date": ["04/15", "16:36"], "comment_content": "兩周調整加強一次 然後記得要舒緩"}, {"comment_author": "Tenging", "comment_date": ["04/15", "16:37"], "comment_content": "老了"}, {"comment_author": "TaiwanFight", "comment_date": ["04/15", "16:37"], "comment_content": "電扶梯那種當然會累  那是往高處移動"}, {"comment_author": "riker729", "comment_date": ["04/15", "16:38"], "comment_content": "退伍多年後第一次跑，只跑500m就喘"}, {"comment_author": "poorenglish", "comment_date": ["04/15", "16:38"], "comment_content": "看幾分速吧"}, {"comment_author": "riker729", "comment_date": ["04/15", "16:39"], "comment_content": "上次參加10km路跑，1小時15分"}, {"comment_author": "andboypig", "comment_date": ["04/15", "16:39"], "comment_content": "這算高標了"}, {"comment_author": "maltum", "comment_date": ["04/15", "16:39"], "comment_content": "您有跑步，您贏了"}, {"comment_author": "Xhocer", "comment_date": ["04/15", "16:39"], "comment_content": "你全速衝2公里一定喘啊"}, {"comment_author": "FLy60169", "comment_date": ["04/15", "16:39"], "comment_content": "有跑就好"}, {"comment_author": "aggressorX", "comment_date": ["04/15", "16:39"], "comment_content": "那麼久沒跑 你有想過心臟的感受？"}, {"comment_author": "paul1951", "comment_date": ["04/15", "16:39"], "comment_content": "繼續下去就會進步啊"}, {"comment_author": "AoWsL", "comment_date": ["04/15", "16:39"], "comment_content": "超強的 我電滑已經騎了三千公里，體重加了5"}, {"comment_author": "aggressorX", "comment_date": ["04/15", "16:39"], "comment_content": "給人家一點適應空間"}, {"comment_author": "AoWsL", "comment_date": ["04/15", "16:40"], "comment_content": "公斤  你真的很有毅力"}, {"comment_author": "www115ui8", "comment_date": ["04/15", "16:40"], "comment_content": "沒必要過於勉強 身體能負荷最重要"}, {"comment_author": "renna038766", "comment_date": ["04/15", "16:41"], "comment_content": "只是很久沒跑而已"}, {"comment_author": "voyhanxu", "comment_date": ["04/15", "16:41"], "comment_content": "好強! 肥宅我跑2百公尺就快要往生了"}, {"comment_author": "NLstyle", "comment_date": ["04/15", "16:42"], "comment_content": "老實說很爛沒錯 但要開始才會變強 未來會"}, {"comment_author": "NLstyle", "comment_date": ["04/15", "16:42"], "comment_content": "越跑越好"}, {"comment_author": "idxxxx", "comment_date": ["04/15", "16:42"], "comment_content": "身體胖胖爛爛的"}, {"comment_author": "ef8637562", "comment_date": ["04/15", "16:42"], "comment_content": "很爛..."}, {"comment_author": "banana781109", "comment_date": ["04/15", "16:43"], "comment_content": "重點是跑多久跑多快"}, {"comment_author": "yokomata", "comment_date": ["04/15", "16:43"], "comment_content": "你超棒好嗎，我熱身完就直接走回家了"}, {"comment_author": "pita30", "comment_date": ["04/15", "16:43"], "comment_content": "可強了，我去路口都要騎車"}, {"comment_author": "milkBK", "comment_date": ["04/15", "16:44"], "comment_content": "正常啦"}, {"comment_author": "higameboy", "comment_date": ["04/15", "16:44"], "comment_content": ""}, {"comment_author": "azeroth", "comment_date": ["04/15", "16:44"], "comment_content": "還好 我只能跑1公里"}, {"comment_author": "iamoldtwo", "comment_date": ["04/15", "16:46"], "comment_content": "日本女生1500平均8m10s,臺灣男連日本"}, {"comment_author": "iamoldtwo", "comment_date": ["04/15", "16:46"], "comment_content": "女生都跑輸真的積非成事把錯誤的體能"}, {"comment_author": "iamoldtwo", "comment_date": ["04/15", "16:46"], "comment_content": "當常態"}, {"comment_author": "PCC2003", "comment_date": ["04/15", "16:46"], "comment_content": "好強喔，我50公尺就要休息"}, {"comment_author": "id41030", "comment_date": ["04/15", "16:47"], "comment_content": "很爛"}, {"comment_author": "jjelm", "comment_date": ["04/15", "16:47"], "comment_content": "我大學的時候一次跑六公里不用休息 現在跑"}, {"comment_author": "jjelm", "comment_date": ["04/15", "16:47"], "comment_content": "不到1.5就不行了"}, {"comment_author": "ppo7741", "comment_date": ["04/15", "16:50"], "comment_content": "我跑50公尺 剩下的叫計程車"}, {"comment_author": "im31519", "comment_date": ["04/15", "16:51"], "comment_content": "不要這麼想 你2公里累積起來那成效也是"}, {"comment_author": "im31519", "comment_date": ["04/15", "16:51"], "comment_content": "很可觀的 一場馬拉松也只是42個1公里而已"}, {"comment_author": "im31519", "comment_date": ["04/15", "16:51"], "comment_content": "啊 持續努力 你也可以慢慢成長到5k 10k"}, {"comment_author": "linja", "comment_date": ["04/15", "16:51"], "comment_content": "我可以連跑10km，但上次跑不知道多久前了.."}, {"comment_author": "im31519", "comment_date": ["04/15", "16:51"], "comment_content": "的"}, {"comment_author": "NCTUFAIWEN", "comment_date": ["04/15", "16:51"], "comment_content": "很強== 我跑操場一圈就直接昏倒"}, {"comment_author": "NCTUFAIWEN", "comment_date": ["04/15", "16:52"], "comment_content": "而且是小學操場"}, {"comment_author": "Insania", "comment_date": ["04/15", "16:52"], "comment_content": "不錯惹窩穿好運動鞋就開始喘直接脫掉回"}, {"comment_author": "Insania", "comment_date": ["04/15", "16:52"], "comment_content": "房休息嘻嘻"}, {"comment_author": "jacky40383", "comment_date": ["04/15", "16:52"], "comment_content": "BMI超過24的話 可以了"}, {"comment_author": "Lmkcat", "comment_date": ["04/15", "16:53"], "comment_content": "這種天氣很厲害了 每次增加一點很快就5k"}, {"comment_author": "denny811012", "comment_date": ["04/15", "16:53"], "comment_content": "天氣有差 現在很熱"}, {"comment_author": "suckpopo", "comment_date": ["04/15", "16:53"], "comment_content": "你會不會得到肺動脈高壓？"}, {"comment_author": "john2355", "comment_date": ["04/15", "16:53"], "comment_content": "你動了就贏了 多得是腦內開跑"}, {"comment_author": "TaiwanFight", "comment_date": ["04/15", "16:54"], "comment_content": "腦內開跑也很有用吧"}, {"comment_author": "ahinetn123", "comment_date": ["04/15", "16:55"], "comment_content": "跑50就很喘了內=="}, {"comment_author": "cafeiouiou", "comment_date": ["04/15", "16:56"], "comment_content": "我跑一圈400公尺就休息了"}, {"comment_author": "OhtaniHR", "comment_date": ["04/15", "16:56"], "comment_content": "認真說，想辦法找到自己可以長跑的步頻"}, {"comment_author": "OhtaniHR", "comment_date": ["04/15", "16:56"], "comment_content": "速度，用我不習慣的節奏我也跑不到兩公"}, {"comment_author": "andytaso", "comment_date": ["04/15", "16:56"], "comment_content": "我300公尺就想死了,2000M根本強了"}, {"comment_author": "OhtaniHR", "comment_date": ["04/15", "16:56"], "comment_content": "里，但節奏調好基本上我十公里也不用停"}, {"comment_author": "haveastar", "comment_date": ["04/15", "16:56"], "comment_content": ""}, {"comment_author": "McKing", "comment_date": ["04/15", "16:57"], "comment_content": "能跑兩公里很猛了"}, {"comment_author": "denny811012", "comment_date": ["04/15", "16:57"], "comment_content": "痾 樓上*n 全馬的累度等於4個半馬"}, {"comment_author": "denny811012", "comment_date": ["04/15", "16:57"], "comment_content": " 更不是42個一公里"}, {"comment_author": "TyrantTex", "comment_date": ["04/15", "16:58"], "comment_content": "可以啦 慢慢進步 加油"}, {"comment_author": "andytaso", "comment_date": ["04/15", "16:58"], "comment_content": "不過我後來大概慢慢練到10km沒停慢慢跑"}, {"comment_author": "LoliCar", "comment_date": ["04/15", "16:58"], "comment_content": "贏過板上九成阿肥了"}, {"comment_author": "andytaso", "comment_date": ["04/15", "16:58"], "comment_content": "一開始跑300m而已就好想停下來了"}, {"comment_author": "goodboy98", "comment_date": ["04/15", "16:59"], "comment_content": "沒關係 你看中國半馬還要給錢放水"}, {"comment_author": "k47100014", "comment_date": ["04/15", "16:59"], "comment_content": "幾個月沒跑正常啊，硬撐小心暴斃"}, {"comment_author": "Warheart", "comment_date": ["04/15", "17:00"], "comment_content": "看你怎麼跑的啊 HIIT兩公里跟老人慢跑"}, {"comment_author": "peter861248", "comment_date": ["04/15", "17:00"], "comment_content": "我100公尺……跑了5.62秒…………就"}, {"comment_author": "Warheart", "comment_date": ["04/15", "17:00"], "comment_content": "兩公里是兩回事"}, {"comment_author": "peter861248", "comment_date": ["04/15", "17:00"], "comment_content": "不跑了"}, {"comment_author": "st950127st", "comment_date": ["04/15", "17:01"], "comment_content": "很厲害了 我20步就倒了"}, {"comment_author": "marcher3", "comment_date": ["04/15", "17:02"], "comment_content": "跑步是自己的運動"}, {"comment_author": "stu25936", "comment_date": ["04/15", "17:03"], "comment_content": "看你跑多快啊"}, {"comment_author": "cgser", "comment_date": ["04/15", "17:03"], "comment_content": "我走200公尺就休息了"}, {"comment_author": "jeremylouee", "comment_date": ["04/15", "17:04"], "comment_content": "跑太遠， 廢宅之恥"}, {"comment_author": "s81048112", "comment_date": ["04/15", "17:05"], "comment_content": "不會"}, {"comment_author": "Shaqui11e", "comment_date": ["04/15", "17:05"], "comment_content": "還能跑兩公里很猛了"}, {"comment_author": "mars10135", "comment_date": ["04/15", "17:05"], "comment_content": "強 我200就用走的"}, {"comment_author": "racheel", "comment_date": ["04/15", "17:05"], "comment_content": "不爛，持之以恆才是最難的"}, {"comment_author": "oldman7788", "comment_date": ["04/15", "17:06"], "comment_content": ""}, {"comment_author": "ccucwc", "comment_date": ["04/15", "17:07"], "comment_content": "2公里超過動漫展需要的距離很多了"}, {"comment_author": "kkoejeo", "comment_date": ["04/15", "17:07"], "comment_content": "多的是連跑都不跑的人"}, {"comment_author": "snobbish", "comment_date": ["04/15", "17:08"], "comment_content": "2公里是什麼概念？"}, {"comment_author": "dennisN", "comment_date": ["04/15", "17:09"], "comment_content": "慢慢來好嗎"}, {"comment_author": "dennisN", "comment_date": ["04/15", "17:09"], "comment_content": "跟自己比不要跟別人比"}, {"comment_author": "dennisN", "comment_date": ["04/15", "17:09"], "comment_content": "新聞一堆跑死的真的不要勉強"}, {"comment_author": "vowpool", "comment_date": ["04/15", "17:11"], "comment_content": "跑步真的很無聊 如果不是要練體能我才不"}, {"comment_author": "vowpool", "comment_date": ["04/15", "17:11"], "comment_content": "想跑"}, {"comment_author": "chow365", "comment_date": ["04/15", "17:12"], "comment_content": "我自己是1km=7分比較不會喘，大概都跑3-"}, {"comment_author": "chow365", "comment_date": ["04/15", "17:12"], "comment_content": "4k而已"}, {"comment_author": "athome1", "comment_date": ["04/15", "17:13"], "comment_content": "不會!!累了就走 有體力再跑!!"}, {"comment_author": "cheng31507", "comment_date": ["04/15", "17:14"], "comment_content": "慢慢來 跑步本來就這樣"}, {"comment_author": "dddc", "comment_date": ["04/15", "17:15"], "comment_content": "循序漸進"}, {"comment_author": "sding", "comment_date": ["04/15", "17:16"], "comment_content": "正常，才第一次，要慢慢適應"}, {"comment_author": "Demia", "comment_date": ["04/15", "17:16"], "comment_content": "久沒跑合理啊，慢慢推進"}, {"comment_author": "nega883100", "comment_date": ["04/15", "17:16"], "comment_content": "強過80%的人"}, {"comment_author": "maturemanAA", "comment_date": ["04/15", "17:19"], "comment_content": "Me 200米就救命了"}, {"comment_author": "Karrigan777", "comment_date": ["04/15", "17:19"], "comment_content": "先說你跑多快"}, {"comment_author": "fred0755", "comment_date": ["04/15", "17:19"], "comment_content": "持續跑個五天就可以拉長了"}, {"comment_author": "q22w", "comment_date": ["04/15", "17:20"], "comment_content": "堅持下去"}, {"comment_author": "xxx5566xxx", "comment_date": ["04/15", "17:20"], "comment_content": "我上去就不行了兩公里超強"}, {"comment_author": "julian816", "comment_date": ["04/15", "17:20"], "comment_content": "慢慢來就好，我是跑步機前面放一台平板"}, {"comment_author": "julian816", "comment_date": ["04/15", "17:21"], "comment_content": "看影片 每天半小時5公里（6分速）"}, {"comment_author": "zlik6230", "comment_date": ["04/15", "17:22"], "comment_content": "強！"}, {"comment_author": "rick917", "comment_date": ["04/15", "17:22"], "comment_content": "真的要慢慢來 依照自己的步調練習就好"}, {"comment_author": "ming70017", "comment_date": ["04/15", "17:23"], "comment_content": "我跑2米就在喘"}, {"comment_author": "benson861119", "comment_date": ["04/15", "17:23"], "comment_content": "贏過八卦90%了"}, {"comment_author": "ZIQQ001", "comment_date": ["04/15", "17:24"], "comment_content": "很爛"}, {"comment_author": "neweb", "comment_date": ["04/15", "17:24"], "comment_content": "你就爛"}, {"comment_author": "ispy03532003", "comment_date": ["04/15", "17:25"], "comment_content": "有跑起來最重要。目標是設給自己的"}, {"comment_author": "ispy03532003", "comment_date": ["04/15", "17:25"], "comment_content": "，不是給別人檢視的"}, {"comment_author": "nintricia", "comment_date": ["04/15", "17:25"], "comment_content": "你超強，我從家裡搭電梯到1樓就有點喘"}, {"comment_author": "nintricia", "comment_date": ["04/15", "17:25"], "comment_content": "了"}, {"comment_author": "nalthax", "comment_date": ["04/15", "17:25"], "comment_content": "第一次很了不起了，可以參考一下超慢跑"}, {"comment_author": "jzh12150", "comment_date": ["04/15", "17:26"], "comment_content": "很棒！ 慢慢增加 運動不是一時的 加油！"}, {"comment_author": "kilhi", "comment_date": ["04/15", "17:26"], "comment_content": "我跑100"}, {"comment_author": "a55665203031", "comment_date": ["04/15", "17:26"], "comment_content": "我走幾步就在喘了"}, {"comment_author": "Rex1009", "comment_date": ["04/15", "17:27"], "comment_content": "在本版pr99"}, {"comment_author": "aaron68032", "comment_date": ["04/15", "17:27"], "comment_content": "時間勒？如果1分鍾跑完就很猛阿"}, {"comment_author": "abian", "comment_date": ["04/15", "17:28"], "comment_content": "加油"}, {"comment_author": "anchorman13", "comment_date": ["04/15", "17:28"], "comment_content": "現在我跑1公里就累了..."}, {"comment_author": "darvipon", "comment_date": ["04/15", "17:29"], "comment_content": "你肯去跑已經贏過30%的人了"}, {"comment_author": "AioTakumi", "comment_date": ["04/15", "17:29"], "comment_content": "超厲害 我600公尺差點死掉"}, {"comment_author": "kis28519", "comment_date": ["04/15", "17:30"], "comment_content": "跑幾分速?"}, {"comment_author": "f890303", "comment_date": ["04/15", "17:30"], "comment_content": "認真回 會喘是你呼吸方式錯了"}, {"comment_author": "gototheptt", "comment_date": ["04/15", "17:30"], "comment_content": "很危險"}, {"comment_author": "hitmd", "comment_date": ["04/15", "17:32"], "comment_content": "20公尺 我今天運動夠了"}, {"comment_author": "macoti", "comment_date": ["04/15", "17:33"], "comment_content": "我用走的就累了"}, {"comment_author": "GGFACE", "comment_date": ["04/15", "17:33"], "comment_content": "蠻屌的 能跑兩公里"}, {"comment_author": "k47100014", "comment_date": ["04/15", "17:35"], "comment_content": "跟紅血球攜氧量比較有關係，太久沒運"}, {"comment_author": "k47100014", "comment_date": ["04/15", "17:35"], "comment_content": "動本來這些機能就會下降"}, {"comment_author": "leocolin123", "comment_date": ["04/15", "17:37"], "comment_content": "很厲害"}, {"comment_author": "issac10383", "comment_date": ["04/15", "17:37"], "comment_content": "兩公里可以上月球了 很棒"}, {"comment_author": "geniusw", "comment_date": ["04/15", "17:38"], "comment_content": "我跑200m就不行了:)"}, {"comment_author": "your0207", "comment_date": ["04/15", "17:38"], "comment_content": "有跑就好了"}, {"comment_author": "Neferupito", "comment_date": ["04/15", "17:39"], "comment_content": "我跑100公尺就倒在地上吐了"}, {"comment_author": "atlaswhz", "comment_date": ["04/15", "17:41"], "comment_content": "我也只能4分速跑2公里就頭暈了"}, {"comment_author": "a0930192264", "comment_date": ["04/15", "17:41"], "comment_content": "慢慢來 剛開始都這樣 跑久就不會了"}, {"comment_author": "elfindor", "comment_date": ["04/15", "17:41"], "comment_content": "有跑比沒跑好"}, {"comment_author": "urban01", "comment_date": ["04/15", "17:41"], "comment_content": "你每週五天跑2公里 贏過一周跑8公里"}, {"comment_author": "dragon001", "comment_date": ["04/15", "17:43"], "comment_content": "有動總比沒動好"}, {"comment_author": "Barquinho", "comment_date": ["04/15", "17:43"], "comment_content": "根本天生神力"}, {"comment_author": "superfrank21", "comment_date": ["04/15", "17:43"], "comment_content": "有去運動就很厲害了"}, {"comment_author": "bio5chris", "comment_date": ["04/15", "17:44"], "comment_content": "慢慢跑就好"}, {"comment_author": "wailman", "comment_date": ["04/15", "17:44"], "comment_content": "兩公里對我來說很難"}, {"comment_author": "dreamyello", "comment_date": ["04/15", "17:44"], "comment_content": "肥宅去健身房用器材跑比較不傷身體"}, {"comment_author": "qwaszxcde", "comment_date": ["04/15", "17:45"], "comment_content": "快立遺囑"}, {"comment_author": "dreamyello", "comment_date": ["04/15", "17:45"], "comment_content": "太肥用滑步機 減少膝蓋傷害"}, {"comment_author": "xxxyangxxx", "comment_date": ["04/15", "17:46"], "comment_content": "二大於零"}, {"comment_author": "bdbpzcatqpq1", "comment_date": ["04/15", "17:47"], "comment_content": "全力跑2km才休息，你可以參賽了"}, {"comment_author": "secretmen", "comment_date": ["04/15", "17:48"], "comment_content": "用100公尺10秒的速度跑2k才休息,推"}, {"comment_author": "au4g3wk4k", "comment_date": ["04/15", "17:49"], "comment_content": "認真回 第一個月控制30分以下 讓氣力"}, {"comment_author": "au4g3wk4k", "comment_date": ["04/15", "17:49"], "comment_content": "先回復 一下回到原本的水準無益還有害"}, {"comment_author": "IS0987", "comment_date": ["04/15", "17:50"], "comment_content": "蠻爛的= ="}, {"comment_author": "au4g3wk4k", "comment_date": ["04/15", "17:50"], "comment_content": "*每周3-4天30分鐘"}, {"comment_author": "cockali", "comment_date": ["04/15", "17:51"], "comment_content": "久沒運動很厲害了，不要受傷才是真的。"}, {"comment_author": "freedom77", "comment_date": ["04/15", "17:53"], "comment_content": "看你跑多快啊"}, {"comment_author": "rgo", "comment_date": ["04/15", "17:54"], "comment_content": "爛就叫你們這些渣渣不要逃避兵役了當兵沒跑過"}, {"comment_author": "rgo", "comment_date": ["04/15", "17:54"], "comment_content": "3000嗎？"}, {"comment_author": "j198811", "comment_date": ["04/15", "17:54"], "comment_content": "你先這樣跑一個月再說"}, {"comment_author": "clovergirl", "comment_date": ["04/15", "17:55"], "comment_content": "很好了 我連400公尺都覺得累"}, {"comment_author": "Wenerrix", "comment_date": ["04/15", "17:57"], "comment_content": "沒休息跑2K很屌了"}, {"comment_author": "rumblefish", "comment_date": ["04/15", "17:58"], "comment_content": "八卦pr99"}, {"comment_author": "jewish123", "comment_date": ["04/15", "18:00"], "comment_content": "我跑100m就喘爆惹"}, {"comment_author": "zxcvbnmnbvcx", "comment_date": ["04/15", "18:02"], "comment_content": "我以前可以跑15k 現在只能跑200公尺"}, {"comment_author": "neilisme", "comment_date": ["04/15", "18:02"], "comment_content": "練間歇還OK吧 5分鐘2KM 然後散步5分鐘"}, {"comment_author": "jack41402", "comment_date": ["04/15", "18:02"], "comment_content": "呼吸不夠順暢吧，也可能是肺活量不夠"}, {"comment_author": "druu", "comment_date": ["04/15", "18:09"], "comment_content": "看你的速度啊"}, {"comment_author": "se2422", "comment_date": ["04/15", "18:09"], "comment_content": "不會啊 現在2公里之後就3公里欸"}, {"comment_author": "WowProctor", "comment_date": ["04/15", "18:09"], "comment_content": "樓下每天10公里"}, {"comment_author": "adad48362", "comment_date": ["04/15", "18:10"], "comment_content": "跑步跑不動的通通推薦去游泳 超燃脂又"}, {"comment_author": "adad48362", "comment_date": ["04/15", "18:10"], "comment_content": "對膝蓋友善"}, {"comment_author": "grandwar", "comment_date": ["04/15", "18:13"], "comment_content": "在跑步上算入門而已"}, {"comment_author": "chean1020", "comment_date": ["04/15", "18:13"], "comment_content": "哥不錯了，這很可能就是你入門跑步的開"}, {"comment_author": "chean1020", "comment_date": ["04/15", "18:13"], "comment_content": "始，有空來Road_running版學習長跑，長"}, {"comment_author": "chean1020", "comment_date": ["04/15", "18:13"], "comment_content": "跑真的很有趣"}, {"comment_author": "grandwar", "comment_date": ["04/15", "18:14"], "comment_content": "跑步重點在配速和心跳率，講距離就是剛"}, {"comment_author": "grandwar", "comment_date": ["04/15", "18:14"], "comment_content": "入門"}, {"comment_author": "yeh0416", "comment_date": ["04/15", "18:15"], "comment_content": "有跑就贏自己了"}, {"comment_author": "as1100", "comment_date": ["04/15", "18:15"], "comment_content": "我跑不到一圈就開始走了"}, {"comment_author": "Acce0912", "comment_date": ["04/15", "18:15"], "comment_content": "等你跑一百次還會累再說"}, {"comment_author": "yeap193", "comment_date": ["04/15", "18:16"], "comment_content": "PR有85%了 你看一堆人100公尺還不是騎機"}, {"comment_author": "chean1020", "comment_date": ["04/15", "18:18"], "comment_content": ""}, {"comment_author": "chean1020", "comment_date": ["04/15", "18:19"], "comment_content": "我去年四月也是掙扎用八分配超狗幹慢速"}, {"comment_author": "chean1020", "comment_date": ["04/15", "18:19"], "comment_content": "度跑完10k，而且還因此痠痛五天才有辦"}, {"comment_author": "chean1020", "comment_date": ["04/15", "18:19"], "comment_content": "法重新練跑"}, {"comment_author": "chean1020", "comment_date": ["04/15", "18:19"], "comment_content": ""}, {"comment_author": "iamxup6", "comment_date": ["04/15", "18:19"], "comment_content": "pr 99"}, {"comment_author": "chean1020", "comment_date": ["04/15", "18:19"], "comment_content": "現在可以無壓力月均250k跑量，目前10k"}, {"comment_author": "chean1020", "comment_date": ["04/15", "18:19"], "comment_content": "PB 51:43(還是在練節奏跑過程自然跑出"}, {"comment_author": "chean1020", "comment_date": ["04/15", "18:19"], "comment_content": "來的，目標一直放在全馬，今年沒自測過"}, {"comment_author": "chean1020", "comment_date": ["04/15", "18:19"], "comment_content": "10k），去年年底台北馬個人成績421，有"}, {"comment_author": "chean1020", "comment_date": ["04/15", "18:19"], "comment_content": "發文可以自己去看我練習紀錄，長跑真的"}, {"comment_author": "chean1020", "comment_date": ["04/15", "18:19"], "comment_content": "很有趣"}, {"comment_author": "Kevinboy", "comment_date": ["04/15", "18:22"], "comment_content": "你是練武奇才"}, {"comment_author": "chean1020", "comment_date": ["04/15", "18:27"], "comment_content": "回顧我剛練跑的方式蠻沒效率，我覺得新"}, {"comment_author": "chean1020", "comment_date": ["04/15", "18:27"], "comment_content": "手就一日練一日休息方式就好，然後練跑"}, {"comment_author": "chean1020", "comment_date": ["04/15", "18:27"], "comment_content": "時間從輕鬆跑30分上下開始，可以從跑走"}, {"comment_author": "chean1020", "comment_date": ["04/15", "18:27"], "comment_content": "結合訓練，其實跑太快（超過80%以上心"}, {"comment_author": "chean1020", "comment_date": ["04/15", "18:27"], "comment_content": "率）對心肺有氧能力鍛鍊效率很差，可以"}, {"comment_author": "chean1020", "comment_date": ["04/15", "18:27"], "comment_content": "看丹尼爾跑步方程式這本書，有提到大約"}, {"comment_author": "chean1020", "comment_date": ["04/15", "18:28"], "comment_content": "儲備心率72%左右就已經達到對心肺功能"}, {"comment_author": "chean1020", "comment_date": ["04/15", "18:28"], "comment_content": "訓練最大效率了，你再往上只會導致自己"}, {"comment_author": "chean1020", "comment_date": ["04/15", "18:28"], "comment_content": "跑不久，跑不久就會造成心肺功能訓練不"}, {"comment_author": "chean1020", "comment_date": ["04/15", "18:28"], "comment_content": "足，那反而是訓練效率很差的方法"}, {"comment_author": "chean1020", "comment_date": ["04/15", "18:28"], "comment_content": "長跑最重要就是：Keep your EASY day e"}, {"comment_author": "chean1020", "comment_date": ["04/15", "18:28"], "comment_content": "asy and your HARD day hard"}, {"comment_author": "jamie3468", "comment_date": ["04/15", "18:28"], "comment_content": "慢慢進步 加油"}, {"comment_author": "chean1020", "comment_date": ["04/15", "18:28"], "comment_content": "新手更要學如何不要跑太快讓，我開始快"}, {"comment_author": "chean1020", "comment_date": ["04/15", "18:28"], "comment_content": "速進步時正好是拿到心率錶真正學會何謂"}, {"comment_author": "chean1020", "comment_date": ["04/15", "18:28"], "comment_content": "輕鬆跑，要有80%訓練量都要在輕鬆跑（E"}, {"comment_author": "chean1020", "comment_date": ["04/15", "18:29"], "comment_content": " pace）區間，有氧才是長跑一切基礎"}, {"comment_author": "ISNAKEI", "comment_date": ["04/15", "18:33"], "comment_content": "休息幾天再繼續"}, {"comment_author": "dreamyello", "comment_date": ["04/15", "18:37"], "comment_content": "我吃麥當勞都會喘 你好棒"}, {"comment_author": "t88002", "comment_date": ["04/15", "18:38"], "comment_content": "太強了 不到一公里就想休息了"}, {"comment_author": "yfroad", "comment_date": ["04/15", "18:39"], "comment_content": "很強啊"}, {"comment_author": "drmactt", "comment_date": ["04/15", "18:44"], "comment_content": "久沒運動就不要勉強"}, {"comment_author": "dl4ulxo", "comment_date": ["04/15", "18:46"], "comment_content": "這我 刪掉喔"}, {"comment_author": "EXUAN", "comment_date": ["04/15", "18:50"], "comment_content": "很棒了，我光呼吸就在喘"}, {"comment_author": "sharuru20717", "comment_date": ["04/15", "18:50"], "comment_content": "很強了 那麼久沒跑還能持續2km很不"}, {"comment_author": "sharuru20717", "comment_date": ["04/15", "18:50"], "comment_content": "錯了"}, {"comment_author": "hyy9685", "comment_date": ["04/15", "18:52"], "comment_content": "加油，祝福你能連續一個月，一定越來越好"}, {"comment_author": "kyrie217", "comment_date": ["04/15", "18:52"], "comment_content": "開始2K很強了，跑一休一慢慢適應"}, {"comment_author": "wen12305", "comment_date": ["04/15", "18:53"], "comment_content": "Pr99，超強"}, {"comment_author": "kobe080629", "comment_date": ["04/15", "18:54"], "comment_content": "開始跑就贏一堆找藉口不運動的人了"}, {"comment_author": "bigbeat", "comment_date": ["04/15", "18:54"], "comment_content": "要配合自己的狀態"}, {"comment_author": "koad", "comment_date": ["04/15", "18:56"], "comment_content": "應該是看持續跑的時間，跟跑的距離無關。"}, {"comment_author": "kevin5603", "comment_date": ["04/15", "18:56"], "comment_content": "每個人身體能力不同，速度建議用可以邊"}, {"comment_author": "kevin5603", "comment_date": ["04/15", "18:56"], "comment_content": "跑邊說話的速率，慢慢練會進步的"}, {"comment_author": "js0431", "comment_date": ["04/15", "18:58"], "comment_content": "好強喔"}, {"comment_author": "rairobin", "comment_date": ["04/15", "19:00"], "comment_content": "醫生說有動比沒動好，你這樣很棒了！不"}, {"comment_author": "rairobin", "comment_date": ["04/15", "19:00"], "comment_content": "用太勉強，繼續加油～"}, {"comment_author": "HinaGikuYanG", "comment_date": ["04/15", "19:02"], "comment_content": "這板多數肥宅下床走去廁所就喘了"}, {"comment_author": "Anvec", "comment_date": ["04/15", "19:06"], "comment_content": "很棒啊"}, {"comment_author": "Anvec", "comment_date": ["04/15", "19:06"], "comment_content": "重點在持之以恆"}, {"comment_author": "Anvec", "comment_date": ["04/15", "19:07"], "comment_content": "硬拼個自己不能跑的5k 然後受傷休息一個禮"}, {"comment_author": "Anvec", "comment_date": ["04/15", "19:07"], "comment_content": "拜 沒比較好"}, {"comment_author": "min496", "comment_date": ["04/15", "19:07"], "comment_content": "不錯 總比一些人沒去跑 在這唬爛好"}, {"comment_author": "Anvec", "comment_date": ["04/15", "19:08"], "comment_content": "輕鬆跑 開心跑 勤跑 三不五十跑"}, {"comment_author": "Modan", "comment_date": ["04/15", "19:10"], "comment_content": "萬丈高樓平地起，你已經勝過很多都不動的人"}, {"comment_author": "Modan", "comment_date": ["04/15", "19:10"], "comment_content": "了"}, {"comment_author": "paxetin", "comment_date": ["04/15", "19:10"], "comment_content": "看跑的速度"}, {"comment_author": "iam168888888", "comment_date": ["04/15", "19:10"], "comment_content": "屌"}, {"comment_author": "sswy", "comment_date": ["04/15", "19:14"], "comment_content": "蠻爛的"}, {"comment_author": "windcloud27", "comment_date": ["04/15", "19:18"], "comment_content": "我站起來就喘了"}, {"comment_author": "chonepin", "comment_date": ["04/15", "19:18"], "comment_content": "買小米手環偵測心率，跑心律維持15"}, {"comment_author": "chonepin", "comment_date": ["04/15", "19:18"], "comment_content": "0上下的速度，跑的比快走的阿嬤慢"}, {"comment_author": "chonepin", "comment_date": ["04/15", "19:18"], "comment_content": "沒關係，跟自己比，有進步就好"}, {"comment_author": "planetstar", "comment_date": ["04/15", "19:19"], "comment_content": "慢慢來，有起頭總是好"}, {"comment_author": "selvester", "comment_date": ["04/15", "19:21"], "comment_content": "看BMI 35以上算超強"}, {"comment_author": "cloudyoyo", "comment_date": ["04/15", "19:21"], "comment_content": "跑步跟不用跟別人比 有動勝過沒動"}, {"comment_author": "Hgsmile", "comment_date": ["04/15", "19:27"], "comment_content": "你可以跑2公里？我走到3樓就會喘了"}, {"comment_author": "love462077", "comment_date": ["04/15", "19:29"], "comment_content": "慢慢來啊，是想一次就跑到掛歐"}, {"comment_author": "x80378", "comment_date": ["04/15", "19:30"], "comment_content": "超強..."}, {"comment_author": "takamiku", "comment_date": ["04/15", "19:38"], "comment_content": "5圈400米操場 很強了"}, {"comment_author": "arains", "comment_date": ["04/15", "19:39"], "comment_content": "超強的 我一開始跑70公尺就要死了"}, {"comment_author": "e761031", "comment_date": ["04/15", "19:42"], "comment_content": "肯動就贏一票人啦"}, {"comment_author": "rc56321987", "comment_date": ["04/15", "19:50"], "comment_content": "2公里都在衝刺就神了"}, {"comment_author": "imsmalling95", "comment_date": ["04/15", "19:52"], "comment_content": "不爛，你就算走2km 贏一堆人"}, {"comment_author": "xoox123", "comment_date": ["04/15", "19:56"], "comment_content": "跟我一樣1Km跑其他用走的"}, {"comment_author": "wind7065", "comment_date": ["04/15", "19:57"], "comment_content": "太累了吧 該吃薯條補充體力了"}, {"comment_author": "ketrobo", "comment_date": ["04/15", "20:04"], "comment_content": "很棒了…我先前是起跑後不到60秒就喘不"}, {"comment_author": "ketrobo", "comment_date": ["04/15", "20:04"], "comment_content": "上氣停下來,然後接下來的一週,呼吸的時"}, {"comment_author": "ketrobo", "comment_date": ["04/15", "20:04"], "comment_content": "候胸腹的肌肉全部酸痛"}, {"comment_author": "qqqqwe15", "comment_date": ["04/15", "20:04"], "comment_content": "正常"}, {"comment_author": "kaet", "comment_date": ["04/15", "20:05"], "comment_content": "蠻爛的吧 八卦怎麼這麼客氣 @@a"}, {"comment_author": "O10lOl01O", "comment_date": ["04/15", "20:06"], "comment_content": "如果是4分速就很厲害"}, {"comment_author": "ian55662001", "comment_date": ["04/15", "20:07"], "comment_content": "不會，慢慢累積就好了，記得多喝水"}, {"comment_author": "EdwardsCJP", "comment_date": ["04/15", "20:17"], "comment_content": "好的開始！加油！"}, {"comment_author": "hsleo", "comment_date": ["04/15", "20:22"], "comment_content": "看跑幾分速"}, {"comment_author": "serendipity", "comment_date": ["04/15", "20:22"], "comment_content": "    比肥宅好"}, {"comment_author": "S780122", "comment_date": ["04/15", "20:28"], "comment_content": "慢慢練吧了你可以的"}, {"comment_author": "JamesChan51", "comment_date": ["04/15", "20:51"], "comment_content": "剛開始跑很正常，以後常跑就會進步了"}, {"comment_author": "jccy", "comment_date": ["04/15", "21:00"], "comment_content": "能持續就行了"}, {"comment_author": "AB7R", "comment_date": ["04/15", "21:02"], "comment_content": "跑不動+1"}, {"comment_author": "mei4455", "comment_date": ["04/15", "21:04"], "comment_content": "你有在跑，很棒了"}, {"comment_author": "KingX5566", "comment_date": ["04/15", "21:13"], "comment_content": "怎麼留言那麼正向 天啊我走錯版了嗎"}, {"comment_author": "i1210", "comment_date": ["04/15", "21:21"], "comment_content": "不滿6000要怎麼打仗"}, {"comment_author": "cabounce", "comment_date": ["04/15", "21:26"], "comment_content": "還可以吧"}, {"comment_author": "vapour1001", "comment_date": ["04/15", "21:27"], "comment_content": "比我厲害了，我跑過10場全馬20場半馬"}, {"comment_author": "vapour1001", "comment_date": ["04/15", "21:27"], "comment_content": "，但是半年沒運動，一口氣跑不完2公里"}, {"comment_author": "kisshowa", "comment_date": ["04/15", "21:36"], "comment_content": "100公尺跑10秒…就不跑了"}, {"comment_author": "yang122", "comment_date": ["04/15", "21:40"], "comment_content": "2公里很厲害了"}, {"comment_author": "cgser", "comment_date": ["04/15", "21:42"], "comment_content": "我看你跑我就喘了"}, {"comment_author": "spiriturl", "comment_date": ["04/15", "21:53"], "comment_content": "不要勉強 慢慢增加就好"}, {"comment_author": "hqu", "comment_date": ["04/15", "22:02"], "comment_content": "看幾分速啊  4分速的話  很強吧"}, {"comment_author": "azure", "comment_date": ["04/15", "22:20"], "comment_content": "正常  久沒跑要找回狀態都需要時間"}, {"comment_author": "sh29011", "comment_date": ["04/15", "22:41"], "comment_content": "我走樓梯超過一層就高山症，給你參考"}, {"comment_author": "fantasy2600", "comment_date": ["04/15", "22:45"], "comment_content": "太多了啦 我斑馬線跑步就喘了"}, {"comment_author": "akak5504", "comment_date": ["04/15", "23:18"], "comment_content": "我跑750公尺就要休息了"}, {"comment_author": "testes", "comment_date": ["04/15", "23:19"], "comment_content": "是"}, {"comment_author": "dcdrkim", "comment_date": ["04/15", "23:30"], "comment_content": "我20公尺就不行了 怎樣"}, {"comment_author": "ryan1106", "comment_date": ["04/15", "23:32"], "comment_content": "加油"}, {"comment_author": "theservant", "comment_date": ["04/15", "23:33"], "comment_content": "加油"}, {"comment_author": "permanent27", "comment_date": ["04/16", "00:32"], "comment_content": "我走20m都喘"}, {"comment_author": "liberating", "comment_date": ["04/16", "02:05"], "comment_content": "我也有跑 雖然跑很慢 但慢慢跑可以跑"}, {"comment_author": "liberating", "comment_date": ["04/16", "02:05"], "comment_content": "很遠 一起加油"}, {"comment_author": "jackyuki1", "comment_date": ["04/16", "09:06"], "comment_content": "比我厲害了"}, {"comment_author": "EXTECH", "comment_date": ["04/16", "09:55"], "comment_content": "明明就很棒，加油持之以恆"}, {"comment_author": "shinan666", "comment_date": ["04/16", "11:03"], "comment_content": "本版都只有20公分 超強的"}, {"comment_author": "horb", "comment_date": ["04/16", "13:56"], "comment_content": "贏一半以上的人了"}, {"comment_author": "ZAXUS", "comment_date": ["04/17", "10:20"], "comment_content": "你贏了"}]}
