{"author": "nbarepeat (nbarepeat)", "category": "Gossiping", "title": "[問卦] 吳彥祖跟陳冠希", "date": "Wed Apr 17 12:33:55 2024", "content": ["吳彥祖跟陳冠希年輕時真的帥但是感覺是不同類型的吳彥祖是健身帥氣冠希哥是有點壞壞的帥雖然冠希哥造福廣大的男性但是兩個年輕時一比誰比較帥？-----Sent from JPTT on my iPhone--", "這兩個都比余帥吧"], "post_comment": [{"comment_author": "Winston13840", "comment_date": ["04/17", "12:34"], "comment_content": "阿祖 收手吧"}, {"comment_author": "tmgl", "comment_date": ["04/17", "12:34"], "comment_content": "余文樂"}, {"comment_author": "KSHLO", "comment_date": ["04/17", "12:34"], "comment_content": "文山陳冠希報到"}, {"comment_author": "highyes", "comment_date": ["04/17", "12:34"], "comment_content": "慣吸哥  謝謝你 = =！"}, {"comment_author": "notea", "comment_date": ["04/17", "12:36"], "comment_content": "顏值絕對吳彥祖啦  阿祖收手吧外面都是警察"}, {"comment_author": "ntnuwei", "comment_date": ["04/17", "12:37"], "comment_content": "劉德華最帥"}, {"comment_author": "notea", "comment_date": ["04/17", "12:38"], "comment_content": "論保養程度 謝霆鋒屌打"}, {"comment_author": "Anderson2023", "comment_date": ["04/17", "12:39"], "comment_content": "黎明"}, {"comment_author": "shy2260", "comment_date": ["04/17", "12:40"], "comment_content": "玩遊戲我是高手中的高手"}, {"comment_author": "JG8861", "comment_date": ["04/17", "12:40"], "comment_content": "一個混血，一個歪嘴。"}, {"comment_author": "hidezimmer", "comment_date": ["04/17", "12:44"], "comment_content": "我愛黎明我愛黎明"}, {"comment_author": "motoe680i", "comment_date": ["04/17", "12:44"], "comment_content": "吳彥祖+1，從不覺得陳冠希很帥"}, {"comment_author": "james0146", "comment_date": ["04/17", "13:31"], "comment_content": "吳彥祖很有男人味，冠C就像8+9"}, {"comment_author": "innuendo3324", "comment_date": ["04/17", "13:36"], "comment_content": "吳是長相跟氣質都好，大贏"}, {"comment_author": "okgogogo", "comment_date": ["04/17", "13:42"], "comment_content": "當然是阿祖的瘋癲，但都老了"}, {"comment_author": "chunpiao", "comment_date": ["04/17", "14:50"], "comment_content": "冠C就另一個宗瑞吧！"}, {"comment_author": "blueskyqoo", "comment_date": ["04/17", "16:37"], "comment_content": "冠希基因都要用搶的"}]}
