{"author": "oasisone (beel)", "category": "Gossiping", "title": "[問卦] 匯一元給詐騙", "date": "Thu Apr 18 20:06:08 2024", "content": ["新聞都在叫匯一塊錢給詐騙的人頭帳戶就可以凍結那個帳戶 讓他們少騙一個人我看我老媽的臉書一堆免洗帳戶炫富男加好友隨便一加就是老套的美國軍醫在葉門被抓給我帳戶要匯錢救他到底匯一元進去對社會有沒有幫助會不會要跑警局開庭很麻煩啊--"], "post_comment": [{"comment_author": "milk7054", "comment_date": ["04/18", "20:07"], "comment_content": "想太多，兩千萬人匯一元，就收山了"}, {"comment_author": "ronny1020", "comment_date": ["04/18", "20:09"], "comment_content": "重點是匯完打165凍結對方帳戶"}, {"comment_author": "rapnose", "comment_date": ["04/18", "20:14"], "comment_content": "重點是匯完要打165，沒錯。"}, {"comment_author": "sding", "comment_date": ["04/18", "20:15"], "comment_content": "當作是做功德，認真回"}, {"comment_author": "rapnose", "comment_date": ["04/18", "20:15"], "comment_content": "你有去警局報案的話，警察會問你要不要"}, {"comment_author": "milk7054", "comment_date": ["04/18", "20:15"], "comment_content": "165鴿子會罵人"}, {"comment_author": "rapnose", "comment_date": ["04/18", "20:16"], "comment_content": "提告(告那些把雙證件借詐騙集團辦帳戶的"}, {"comment_author": "rapnose", "comment_date": ["04/18", "20:16"], "comment_content": "人)。"}, {"comment_author": "samnpc", "comment_date": ["04/18", "20:17"], "comment_content": "要做筆錄，你有好幾個小時有空的話就可以"}, {"comment_author": "qaz12453", "comment_date": ["04/18", "20:17"], "comment_content": "全世界每個人騙一元就發了的概念"}, {"comment_author": "rapnose", "comment_date": ["04/18", "20:17"], "comment_content": "你不告的話，應該就不用擔心跑法庭。"}, {"comment_author": "rapnose", "comment_date": ["04/18", "20:17"], "comment_content": "但至少打了165，就多凍結一個詐騙帳戶。"}, {"comment_author": "HTML5", "comment_date": ["04/19", "02:07"], "comment_content": "會不會被匯一元回來康特"}]}
