{"author": "ashinly1021 (リしれ供さ小 )", "category": "Gossiping", "title": "[問卦] 都很香要怎麼選？", "date": "Fri Apr 12 20:04:07 2024", "content": ["如題啦小弟對於釣魚釣蝦略有興趣追蹤不少相關頻道香香想舔的妹子也很多國外的我選好很久了 唯一選擇(Park Hee-jung)", "日本也很多 不過都 ... soso台灣的該選誰比較香！？林真亦", "采臻", "沐雨柔", "--", "林真亦最小 其他都很大", "我選她們就好"], "post_comment": [{"comment_author": "ashilol", "comment_date": ["04/12", "20:04"], "comment_content": "全都kg"}, {"comment_author": "Winston13840", "comment_date": ["04/12", "20:09"], "comment_content": "選奶大的拉"}, {"comment_author": "louis5265", "comment_date": ["04/12", "20:10"], "comment_content": "人家又不會選你"}]}
