{"author": "parttime (隱r)", "category": "Gossiping", "title": "[問卦] 為什麼現在都沒有大型抗議？", "date": "Tue Apr 16 19:59:41 2024", "content": ["是不是因為治理的很好所以頂多只有小抗議都沒有以前那種大型抗議了大家安居樂業，物價平穩水電降價，房子人人都買得起所以就沒有像以前的大型抗議了？--", "有人敲門了，我去開一下門"], "post_comment": [{"comment_author": "fony1029", "comment_date": ["04/16", "20:00"], "comment_content": "會在活動之前吵白飯之亂啊"}, {"comment_author": "OPPAISuki", "comment_date": ["04/16", "20:00"], "comment_content": "會抗議的在執政 當側翼護航了"}, {"comment_author": "fony1029", "comment_date": ["04/16", "20:00"], "comment_content": "你看716幹嘛要拉一個不痛不癢的白飯之亂"}, {"comment_author": "OPPAISuki", "comment_date": ["04/16", "20:00"], "comment_content": "一直洗婚姻版 是要掩蓋什麼?"}, {"comment_author": "fony1029", "comment_date": ["04/16", "20:00"], "comment_content": "要幹嘛"}, {"comment_author": "zxc2587965", "comment_date": ["04/16", "20:00"], "comment_content": "中共也沒有啊"}, {"comment_author": "karkkunt", "comment_date": ["04/16", "20:00"], "comment_content": "天下太平，百姓安居樂業，抗議什麼？"}, {"comment_author": "OCDisorder", "comment_date": ["04/16", "20:01"], "comment_content": "黨有號召嗎？"}, {"comment_author": "poz93", "comment_date": ["04/16", "20:01"], "comment_content": "你問那60%的人啊"}, {"comment_author": "QQBB", "comment_date": ["04/16", "20:01"], "comment_content": "因為最有能力發起抗議的在執政"}, {"comment_author": "xaioblue", "comment_date": ["04/16", "20:01"], "comment_content": "登出"}, {"comment_author": "LoveMakeLove", "comment_date": ["04/16", "20:02"], "comment_content": "老百姓安居樂業不用上街"}, {"comment_author": "keigowei", "comment_date": ["04/16", "20:02"], "comment_content": "你可以出來號召主辦看看呀幹嘛等別人"}, {"comment_author": "omfg5487", "comment_date": ["04/16", "20:03"], "comment_content": "滿意度50% 人民不在乎沒電"}, {"comment_author": "xxx5566xxx", "comment_date": ["04/16", "20:03"], "comment_content": "綠能你不能，刀片拒馬擺多久沒看到？"}, {"comment_author": "gxlin", "comment_date": ["04/16", "20:03"], "comment_content": "狗民黨立委大多是建商 不敢對綠共吠"}, {"comment_author": "shadowdio", "comment_date": ["04/16", "20:03"], "comment_content": "餵藥案:"}, {"comment_author": "opmikoto", "comment_date": ["04/16", "20:04"], "comment_content": "每天上班經過基隆路看到橋下閒置的拒馬"}, {"comment_author": "opmikoto", "comment_date": ["04/16", "20:04"], "comment_content": "也想到 好像很久沒看到它們出動了"}, {"comment_author": "saiboos", "comment_date": ["04/16", "20:06"], "comment_content": "要抗議什麼你說R"}, {"comment_author": "fony1029", "comment_date": ["04/16", "20:06"], "comment_content": "抗議電價上漲啊 升息啊"}, {"comment_author": "s10130804", "comment_date": ["04/16", "20:06"], "comment_content": "抗議本質是奪權"}, {"comment_author": "bigcho", "comment_date": ["04/16", "20:06"], "comment_content": "帶頭的最好想清楚"}, {"comment_author": "s10130804", "comment_date": ["04/16", "20:06"], "comment_content": "已經奪到啦"}, {"comment_author": "fony1029", "comment_date": ["04/16", "20:07"], "comment_content": "我敢說辦反升息大遊行一定一堆有房的會"}, {"comment_author": "fony1029", "comment_date": ["04/16", "20:07"], "comment_content": "出來 四年1%了"}, {"comment_author": "lmu0837", "comment_date": ["04/16", "20:08"], "comment_content": "誰敢號召準備拆自家違建吧"}, {"comment_author": "yu7038", "comment_date": ["04/16", "20:08"], "comment_content": "經濟20年最好要抗議什麼"}, {"comment_author": "dick929", "comment_date": ["04/16", "20:13"], "comment_content": ""}, {"comment_author": "dick929", "comment_date": ["04/16", "20:13"], "comment_content": "天氣太熱，人都躲在家裡吹冷氣"}, {"comment_author": "iLeyaSin365", "comment_date": ["04/16", "20:15"], "comment_content": "會被抓吧"}, {"comment_author": "yzelly", "comment_date": ["04/16", "20:23"], "comment_content": "肉搜、各檢查機關放大鏡檢視，誰受的了"}, {"comment_author": "ketrobo", "comment_date": ["04/16", "20:27"], "comment_content": "媒體會一直洗大量的新聞"}, {"comment_author": "CostDown", "comment_date": ["04/16", "20:38"], "comment_content": ""}, {"comment_author": "allenatptt", "comment_date": ["04/16", "20:41"], "comment_content": "716?????????!"}]}
