{"author": "CPer (CPer)", "category": "Gossiping", "title": "[問卦] 甲甲484愛找未成年肛?", "date": "Fri Apr 12 18:47:54 2024", "content": ["我看到網路有爆出幾個甲甲網紅的過往算黑歷史嗎我不曉得 因為現在也是很黑就是曾經網約過未成年肛肛 有的還約13-16歲的這已經不但說還做可是怎麼就沒人出征 抵制結果到現在還很有話語權?--"], "post_comment": [{"comment_author": "lagi5487", "comment_date": ["04/12", "18:48"], "comment_content": "蓋"}, {"comment_author": "kent", "comment_date": ["04/12", "18:48"], "comment_content": "蓋"}, {"comment_author": "buike", "comment_date": ["04/12", "18:48"], "comment_content": "所以未成年千萬別去健身房"}, {"comment_author": "jma306", "comment_date": ["04/12", "18:48"], "comment_content": " 還要拍攝影片"}, {"comment_author": "felixden", "comment_date": ["04/12", "18:50"], "comment_content": "5樓比較喜歡多毛熊"}, {"comment_author": "Mei5566", "comment_date": ["04/12", "18:50"], "comment_content": "無罪沒差"}, {"comment_author": "mysterydream", "comment_date": ["04/12", "18:50"], "comment_content": "甲甲buff:"}, {"comment_author": "thegreatlcx", "comment_date": ["04/12", "18:52"], "comment_content": "五樓真的很噁心"}]}
