{"author": "bbbb25487 (黃昏の恋人)", "category": "Gossiping", "title": "[問卦] 真有人戶頭少了1億多還能無動於衷嗎？", "date": "Fri Apr 12 14:24:44 2024", "content": ["話說我們平常普通人基本上都很難賺到一億通常戶頭只要少了幾千塊馬上就會有警覺看是被盜還是發生什麼事情那真有人戶頭少了1億多還能無動於衷嗎？-----Sent from JPTT on my Google Pixel 7 Pro.--"], "post_comment": [{"comment_author": "monkeyboy627", "comment_date": ["04/12", "14:25"], "comment_content": "你都說普通人很少能賺那麼多了..."}, {"comment_author": "monkeyboy627", "comment_date": ["04/12", "14:25"], "comment_content": "少個幾千塊當然肉痛啊"}, {"comment_author": "nekoares", "comment_date": ["04/12", "14:25"], "comment_content": "表示他沒空看帳戶多少錢"}, {"comment_author": "scores", "comment_date": ["04/12", "14:26"], "comment_content": "經紀人我相信 翻譯權力這麼大我真的不信"}, {"comment_author": "GJP6", "comment_date": ["04/12", "14:30"], "comment_content": "如果本來就一直有投資置產等流動會習慣"}, {"comment_author": "sellgd", "comment_date": ["04/12", "14:31"], "comment_content": "錢多到1億只是零頭 銀行偷你的小錢很常見"}, {"comment_author": "sellgd", "comment_date": ["04/12", "14:31"], "comment_content": "尤其在利息計算時"}, {"comment_author": "whitenoise", "comment_date": ["04/12", "14:36"], "comment_content": "大谷一下神壇會牽動太多資本"}, {"comment_author": "Ensidia", "comment_date": ["04/12", "14:38"], "comment_content": "水原的優先地位是大於經濟人的"}, {"comment_author": "Ensidia", "comment_date": ["04/12", "14:38"], "comment_content": "大谷是透過水原跟經紀人往來"}, {"comment_author": "Ensidia", "comment_date": ["04/12", "14:38"], "comment_content": "棒球板那邊已經貼出很詳細的證據了"}, {"comment_author": "slygun", "comment_date": ["04/12", "15:42"], "comment_content": "有差啊 不然怎麼會打不夠好一陣子"}]}
