{"author": "EfiwymsiAros (認真發廢文)", "category": "Gossiping", "title": "[問卦] 法官死因確定是案件太多嗎？", "date": "Mon Apr 15 15:42:09 2024", "content": ["打給後 各位過勞肥宅早安如題，上週有葛法官輕生，年輕有為卻英年早逝，令人不勝唏噓不過這週開始就有很多新聞或相關人士開始檢討蛇摸案件太多害得法官過勞輕生原來已經確定死因是過勞輕生了嗎？已經排除其他可能性惹？UmiU法官死因已經確定是過勞的八卦惹？o'_'o--"], "post_comment": [{"comment_author": "s820912gmail", "comment_date": ["04/15", "15:42"], "comment_content": "公務員抗壓性不足"}, {"comment_author": "acs81046", "comment_date": ["04/15", "15:44"], "comment_content": "領多少薪做多少事"}, {"comment_author": "blackdragon", "comment_date": ["04/15", "15:54"], "comment_content": "會信的是信仰太純嗎"}, {"comment_author": "vwpassat", "comment_date": ["04/15", "16:00"], "comment_content": "過得太順遂，稍有挫折就自裁！才是真相"}, {"comment_author": "simon9331", "comment_date": ["04/15", "16:01"], "comment_content": "撕法改革輕判縱放，鼓勵犯罪，案子增"}, {"comment_author": "simon9331", "comment_date": ["04/15", "16:02"], "comment_content": "加太多，審到要自殺，不就是自作孽不"}, {"comment_author": "simon9331", "comment_date": ["04/15", "16:02"], "comment_content": "可活的現世報嗎？"}, {"comment_author": "machiusheng", "comment_date": ["04/15", "16:04"], "comment_content": "再吸5分鐘"}, {"comment_author": "vowpool", "comment_date": ["04/15", "16:09"], "comment_content": "沒人敢提他抽到審判詐騙集團首腦的案件"}, {"comment_author": "wanliers", "comment_date": ["04/15", "16:16"], "comment_content": "能讓法官怕的 不難猜吧"}, {"comment_author": "abzyner", "comment_date": ["04/15", "18:08"], "comment_content": "抽到炸團首腦案件，跟竹南地政所之前的"}, {"comment_author": "abzyner", "comment_date": ["04/15", "18:08"], "comment_content": "賴XX跳海案件超像"}, {"comment_author": "KITAN", "comment_date": ["04/15", "18:15"], "comment_content": "一堆垃圾判決，多死幾個更好"}]}
