{"author": "GLUESTICK (GS)", "category": "Gossiping", "title": "[問卦] 17 34 68歲 都擠?", "date": "Fri Apr 12 13:24:12 2024", "content": ["17歲34歲68歲台灣人都以妹稱呼差別在跟17歲做可能觸法34歲跟68歲妹只要雙方合意可以隨興點請問八卦板眾 17 34 68 三個年齡 都擠?--"], "post_comment": [{"comment_author": "diefishfish", "comment_date": ["04/12", "13:24"], "comment_content": "67歲辣台妹"}, {"comment_author": "Roooz", "comment_date": ["04/12", "13:24"], "comment_content": "20"}, {"comment_author": "zxc17893", "comment_date": ["04/12", "13:24"], "comment_content": "可憐啊"}, {"comment_author": "brianuser", "comment_date": ["04/12", "13:25"], "comment_content": "做成肉丸"}, {"comment_author": "bill403777", "comment_date": ["04/12", "13:25"], "comment_content": "17歲合意不會怎樣"}, {"comment_author": "ahb0711", "comment_date": ["04/12", "13:25"], "comment_content": "為什麼跳過51歲? 我選17，謝謝"}, {"comment_author": "a3221715", "comment_date": ["04/12", "13:25"], "comment_content": "IU都30了"}, {"comment_author": "gem810611", "comment_date": ["04/12", "13:26"], "comment_content": "全部都過期的"}, {"comment_author": "lats", "comment_date": ["04/12", "13:28"], "comment_content": "選68的，有機會可以拚遺產"}, {"comment_author": "GivemeApen", "comment_date": ["04/12", "13:31"], "comment_content": "台女均壽83 拚三小遺產"}, {"comment_author": "gunlinuu", "comment_date": ["04/12", "13:33"], "comment_content": "不合意都馬觸法"}, {"comment_author": "snow3804", "comment_date": ["04/12", "13:35"], "comment_content": "67"}, {"comment_author": "antigidu", "comment_date": ["04/12", "13:42"], "comment_content": "我知道有個意淫67的 被關到死"}, {"comment_author": "winterjoker", "comment_date": ["04/12", "14:19"], "comment_content": "有沒有別的選擇啊？"}]}
