{"author": "abcd5566 (塔綠班都垃圾)", "category": "Gossiping", "title": "[問卦] 為什麼有人可以看的下統神直播", "date": "Sun Apr 14 11:30:25 2024", "content": ["10年前看統神直播就覺得很無聊了但聊天室就一堆人一直刷感覺很幼稚看莊園大師跳舞跟神罰都比這隻有趣是不是成熟的正常人都不是市場的範疇到底都是什麼人在看 為什麼看得下去有沒有卦--"], "post_comment": [{"comment_author": "sd09090", "comment_date": ["04/14", "11:30"], "comment_content": "很多人看"}, {"comment_author": "jeff860109", "comment_date": ["04/14", "11:32"], "comment_content": "又不是所有人都跟你一樣高尚 人類的至"}, {"comment_author": "jeff860109", "comment_date": ["04/14", "11:32"], "comment_content": "寶=="}, {"comment_author": "FZ5566", "comment_date": ["04/14", "11:36"], "comment_content": "還不是一堆人看二次元在瘋，還喊婆的"}, {"comment_author": "edison901", "comment_date": ["04/14", "11:39"], "comment_content": "都有40%了"}, {"comment_author": "another99", "comment_date": ["04/14", "11:39"], "comment_content": "你爸會像統神一樣陪小孩玩嗎？"}, {"comment_author": "dlam002", "comment_date": ["04/14", "11:40"], "comment_content": "肥宅控吧"}, {"comment_author": "athome1", "comment_date": ["04/14", "11:40"], "comment_content": "統神就是專門以偏激對立的言論 躁鬱症似"}, {"comment_author": "athome1", "comment_date": ["04/14", "11:40"], "comment_content": "大吼大叫來吸引人"}, {"comment_author": "noway", "comment_date": ["04/14", "11:45"], "comment_content": "統神的受眾多的是下班後邊喝啤酒邊看他被聊"}, {"comment_author": "noway", "comment_date": ["04/14", "11:45"], "comment_content": "天室嘴到邏輯錯亂胡言亂語尋樂子的上班族好"}, {"comment_author": "noway", "comment_date": ["04/14", "11:46"], "comment_content": "嗎 上班溫良恭儉一整天下班看瘋狗耍寶不疏"}, {"comment_author": "noway", "comment_date": ["04/14", "11:46"], "comment_content": "壓嗎"}, {"comment_author": "concerned054", "comment_date": ["04/14", "11:51"], "comment_content": "就跟一堆腦殘還在看三立護航乾妹一"}, {"comment_author": "concerned054", "comment_date": ["04/14", "11:51"], "comment_content": "樣啊"}, {"comment_author": "gg553", "comment_date": ["04/14", "11:56"], "comment_content": "我是比較好奇會抖內他的是哪種人啦"}, {"comment_author": "y124421473", "comment_date": ["04/14", "12:47"], "comment_content": "綠的會看"}]}
