{"author": "songgood (ilovegoodgame)", "category": "Gossiping", "title": "[問卦]YT我勸你不要趕竟殺絕 小心神罰", "date": "Wed Apr 17 09:33:19 2024", "content": ["圖奇有一個ＢＡＮ人條款就是你被ＢＡＮ了之後不能出現在圖奇的影片裡面出現的話相應的人就會被ＢＡＮ掉如今ＹＴ ＢＡＮ掉統神了我勸ＹＴ最好不要趕竟殺絕如果其他ＹＴ節目邀請統神請不要亂封殺喔不然會有天罰看看ＴＯＹＺ就知道有沒有掛--", "春秋蟬啟動--"], "post_comment": [{"comment_author": "ianlin1216", "comment_date": ["04/17", "09:33"], "comment_content": "盡啦幹"}, {"comment_author": "STAV72", "comment_date": ["04/17", "09:34"], "comment_content": "等等梅山斷層直接炸開，台股再殺兩千點，"}, {"comment_author": "EfiwymsiAros", "comment_date": ["04/17", "09:35"], "comment_content": "不是不報 時候未到"}, {"comment_author": "STAV72", "comment_date": ["04/17", "09:35"], "comment_content": "曾文水庫出現位移。"}, {"comment_author": "C13H16ClNO", "comment_date": ["04/17", "09:35"], "comment_content": "有種去告 說不定贏了三代不愁吃穿"}, {"comment_author": "milk830122", "comment_date": ["04/17", "09:35"], "comment_content": "沒跟上時代 現在歐美平台也越來越像中"}, {"comment_author": "milk830122", "comment_date": ["04/17", "09:35"], "comment_content": "國 自己的言論還不改早晚被各大平台封"}, {"comment_author": "milk830122", "comment_date": ["04/17", "09:36"], "comment_content": "殺"}, {"comment_author": "milk830122", "comment_date": ["04/17", "09:36"], "comment_content": "社會教他做人"}, {"comment_author": "puretruthson", "comment_date": ["04/17", "09:46"], "comment_content": "跟中國比喔"}, {"comment_author": "sunday0913", "comment_date": ["04/17", "10:33"], "comment_content": "YT出bug了,神罰來得好快XD"}]}
