{"author": "gaiaesque (一起來聽techno八 o'_'o)", "category": "Gossiping", "title": "[問卦] 馬尾妹 o'_';o", "date": "Sat Apr 13 19:36:21 2024", "content": ["肥宅大啊晚安R o'_';o偶盆有船賴給偶說剛在北車看到一個馬尾妹豪胸豪可愛歐 >///<問一下八卦肥宅尼綿跟一個大奶女森乳果已經開始在喝酒惹接下來要幹什麼好呢簽聯絡簿嗎八卦? o'_';o", "--", "--"], "post_comment": [{"comment_author": "bill403777", "comment_date": ["04/13", "19:36"], "comment_content": "番號咧"}, {"comment_author": "Silent", "comment_date": ["04/13", "19:36"], "comment_content": "Code?"}, {"comment_author": "bonfferoni", "comment_date": ["04/13", "19:36"], "comment_content": "how da o"}, {"comment_author": "derrick1220", "comment_date": ["04/13", "19:36"], "comment_content": "Too old"}, {"comment_author": "razan", "comment_date": ["04/13", "19:38"], "comment_content": "300MIUM-1086 逢月ひまり"}, {"comment_author": "p2p8ppp", "comment_date": ["04/13", "19:38"], "comment_content": "番號啦幹"}, {"comment_author": "GGbigbigin", "comment_date": ["04/13", "19:38"], "comment_content": "你不是大俠吃香蕉"}, {"comment_author": "ruthertw", "comment_date": ["04/13", "19:38"], "comment_content": "好貨阿！！！"}, {"comment_author": "SaintSeven", "comment_date": ["04/13", "19:39"], "comment_content": ""}, {"comment_author": "BLACKLIONS", "comment_date": ["04/13", "19:39"], "comment_content": "好色喔"}, {"comment_author": "Ganimaa", "comment_date": ["04/13", "19:41"], "comment_content": "9樓毛骨悚然"}, {"comment_author": "jma306", "comment_date": ["04/13", "19:42"], "comment_content": " 毛骨悚然"}, {"comment_author": "Forcast", "comment_date": ["04/13", "19:44"], "comment_content": "好漢波"}, {"comment_author": "ppav0v0v", "comment_date": ["04/13", "19:47"], "comment_content": "毛骨悚然"}, {"comment_author": "SEVENxELEVEN", "comment_date": ["04/13", "19:48"], "comment_content": ""}, {"comment_author": "lesnaree2", "comment_date": ["04/13", "20:38"], "comment_content": "gif圖哪裡找的 好讚"}, {"comment_author": "BBWAS", "comment_date": ["04/14", "14:08"], "comment_content": "動圖最後一張有fu"}]}
