{"author": "jazz801030 (jazz801030)", "category": "Gossiping", "title": "[問卦] 要離職主管不放人怎麼辦？", "date": "Thu Apr 18 14:49:58 2024", "content": ["機掰勒小魯弟 新店狂暴外送員有一個穩交的女友最近要從某科技廠離職操跟主管說要離職要討論交接事宜操結果主管問為啥離職操他回 想出去看看操他叫我女友下班就可以出去看看了然後指責我女友應該要多多認識男生…幹你娘我是這樣希望在我們這個foober pandit 戰隊衝動之前事情可以好好解決現在我女友很崩潰不知道該怎麼辦不給離職有沒有好的建議給她？QQP.S. :據說該部門今年走太多人了如果再走人主管考績直接GG然後那個主管一臉就是平常會叫外送員送到樓上的雞巴人操叫我們foober panditer怎麼忍？--", "外送員書念的少你願意點進來我已經很謝謝了"], "post_comment": [{"comment_author": "BMotu", "comment_date": ["04/18", "14:50"], "comment_content": "肛"}, {"comment_author": "bill403777", "comment_date": ["04/18", "14:50"], "comment_content": "要怎麼不放人? 不給你出公司?"}, {"comment_author": "tyantmf", "comment_date": ["04/18", "14:50"], "comment_content": "勞基法了解一下"}, {"comment_author": "fly770918fly", "comment_date": ["04/18", "14:50"], "comment_content": "宮杉曉"}, {"comment_author": "preisner", "comment_date": ["04/18", "14:51"], "comment_content": "你能證明你依勞基法時間前就提出離職"}, {"comment_author": "z842657913", "comment_date": ["04/18", "14:51"], "comment_content": "肛"}, {"comment_author": "eolnikon", "comment_date": ["04/18", "14:51"], "comment_content": "按勞基法走，不用理他"}, {"comment_author": "preisner", "comment_date": ["04/18", "14:51"], "comment_content": "時間到就可以走人"}, {"comment_author": "gebaho", "comment_date": ["04/18", "14:52"], "comment_content": "你要人，誰欄的住"}, {"comment_author": "yoyodiy", "comment_date": ["04/18", "14:52"], "comment_content": "拿離職單甩他臉上  不放人?"}, {"comment_author": "ishadow", "comment_date": ["04/18", "14:52"], "comment_content": "那勞基法出來啊。不給走就去勞工局申訴"}, {"comment_author": "koromo1991", "comment_date": ["04/18", "14:52"], "comment_content": "這部我知道 你送外送到主管家會發現主"}, {"comment_author": "koromo1991", "comment_date": ["04/18", "14:52"], "comment_content": "管裸上身開一小縫取餐 然後你隱約聽"}, {"comment_author": "koromo1991", "comment_date": ["04/18", "14:52"], "comment_content": "到女友聲音"}, {"comment_author": "gaym19", "comment_date": ["04/18", "14:53"], "comment_content": "離職預告留存然後管他去死"}, {"comment_author": "preisner", "comment_date": ["04/18", "14:53"], "comment_content": "離職預告要同時跟主管及HR講,不要只呆呆"}, {"comment_author": "preisner", "comment_date": ["04/18", "14:54"], "comment_content": "跟主管講而已"}, {"comment_author": "leolarrel", "comment_date": ["04/18", "14:54"], "comment_content": "抱歉我無法適應你的斷句模式"}, {"comment_author": "sjr500", "comment_date": ["04/18", "14:56"], "comment_content": "沒有不給離的啦"}, {"comment_author": "dan5120", "comment_date": ["04/18", "14:57"], "comment_content": "提前預告即可 主事在人事那邊 主管去死"}, {"comment_author": "twelvethflor", "comment_date": ["04/18", "14:57"], "comment_content": "笑死人，跟你女友去跟主管說說：跟"}, {"comment_author": "twelvethflor", "comment_date": ["04/18", "14:57"], "comment_content": "你講是告知，不是要你同意。"}, {"comment_author": "twelvethflor", "comment_date": ["04/18", "14:58"], "comment_content": "最好發信出來告知給主管跟主管的老"}, {"comment_author": "polarbearrrr", "comment_date": ["04/18", "14:58"], "comment_content": "離職有和主管提就能走 未預告頂多"}, {"comment_author": "twelvethflor", "comment_date": ["04/18", "14:58"], "comment_content": "闆，時間到就走人，他不派人交接是"}, {"comment_author": "polarbearrrr", "comment_date": ["04/18", "14:58"], "comment_content": "公司可告營損但難成立 因為勞基法"}, {"comment_author": "twelvethflor", "comment_date": ["04/18", "14:58"], "comment_content": "他的問題。"}, {"comment_author": "polarbearrrr", "comment_date": ["04/18", "14:58"], "comment_content": "沒定員工罰則"}, {"comment_author": "g4zoco196", "comment_date": ["04/18", "14:59"], "comment_content": "每天報警限制自由"}, {"comment_author": "lu19900217", "comment_date": ["04/18", "14:59"], "comment_content": "當下宣告離職後一個月就能直接走了，"}, {"comment_author": "g4zoco196", "comment_date": ["04/18", "14:59"], "comment_content": "有說就到時不要出現 沒給錢就提告"}, {"comment_author": "lu19900217", "comment_date": ["04/18", "15:00"], "comment_content": "管他有沒有交接，沒有不能離職的啦"}, {"comment_author": "sss870192", "comment_date": ["04/18", "15:00"], "comment_content": "入職是公司說的算，而離職是勞工說的"}, {"comment_author": "sss870192", "comment_date": ["04/18", "15:00"], "comment_content": "算 沒有同不同意這件事 口頭提出時在"}, {"comment_author": "sss870192", "comment_date": ["04/18", "15:00"], "comment_content": "法規上就已經生效了"}, {"comment_author": "gust0985", "comment_date": ["04/18", "15:03"], "comment_content": "照法規走啊，不過一般企業都有簽合約，"}, {"comment_author": "gust0985", "comment_date": ["04/18", "15:03"], "comment_content": "也不是說想走就走"}, {"comment_author": "preisner", "comment_date": ["04/18", "15:12"], "comment_content": "合約與法律抵觸就無效"}, {"comment_author": "johnson2726", "comment_date": ["04/18", "15:15"], "comment_content": "上市公司都不敢不放人  是哪間垃圾"}, {"comment_author": "glacialfire", "comment_date": ["04/18", "15:16"], "comment_content": "留下宣告紀錄存證 email line都可"}, {"comment_author": "rada118", "comment_date": ["04/18", "15:17"], "comment_content": "肛"}, {"comment_author": "glacialfire", "comment_date": ["04/18", "15:17"], "comment_content": "去找人資跑離職流程 30天後離開"}, {"comment_author": "glacialfire", "comment_date": ["04/18", "15:17"], "comment_content": "主管沒找人交接那是他的問題"}, {"comment_author": "kkoejeo", "comment_date": ["04/18", "15:20"], "comment_content": "都要離開了 還想這麼多幹嘛"}, {"comment_author": "andy78714", "comment_date": ["04/18", "15:21"], "comment_content": "直接發離職信 離職申請書出來 信件時"}, {"comment_author": "andy78714", "comment_date": ["04/18", "15:21"], "comment_content": "間就是起始日啊"}, {"comment_author": "kululualex", "comment_date": ["04/18", "15:22"], "comment_content": "離職是告知，不是徵求同意，沒有不讓"}, {"comment_author": "kululualex", "comment_date": ["04/18", "15:22"], "comment_content": "離職這種事。"}, {"comment_author": "andy78714", "comment_date": ["04/18", "15:22"], "comment_content": "寄給人資 時間到就可以閃了 不用管他同"}, {"comment_author": "andy78714", "comment_date": ["04/18", "15:22"], "comment_content": "不同意"}, {"comment_author": "AgentSkye56", "comment_date": ["04/18", "15:23"], "comment_content": "送出離職信 就可以不用來了啊"}, {"comment_author": "danorken", "comment_date": ["04/18", "15:25"], "comment_content": "請洽人資 ok?"}, {"comment_author": "k44754", "comment_date": ["04/18", "15:25"], "comment_content": "勞基法最大，怕啥"}, {"comment_author": "k44754", "comment_date": ["04/18", "15:25"], "comment_content": "記得綠音錄音，"}, {"comment_author": "czg", "comment_date": ["04/18", "15:26"], "comment_content": "留下可查證宣告離職紀錄,不用理主管"}, {"comment_author": "zeroofgod", "comment_date": ["04/18", "15:26"], "comment_content": "一定是高雄人"}, {"comment_author": "samm3320", "comment_date": ["04/18", "15:31"], "comment_content": "不給離職是要她強制勞動？當強制罪是空"}, {"comment_author": "samm3320", "comment_date": ["04/18", "15:31"], "comment_content": "氣嗎"}, {"comment_author": "wwl0909", "comment_date": ["04/18", "15:35"], "comment_content": "壓時間啊 時間到直接滾"}, {"comment_author": "broian", "comment_date": ["04/18", "15:37"], "comment_content": "就讓主管GG啊 不給離職就告"}, {"comment_author": "isu0911", "comment_date": ["04/18", "17:06"], "comment_content": "要走主管哪攔得住"}, {"comment_author": "cateyes", "comment_date": ["04/18", "17:20"], "comment_content": "你只是告知不需要允許!!"}]}
