{"author": "hugh509 ((0_ 0))", "category": "Gossiping", "title": "[問卦] 不夠善良的我們 = 老台女之歌?", "date": "Wed Apr 17 19:32:18 2024", "content": ["新台劇-不夠善良的我們女主角是兩個老台女一個結婚生子，一個單身無子然後...兩個都覺得生活不如意過得很不爽笑死，完美刻劃台女--「我看不到」「欸 我真的看不到」「                 」「我還是什麼都看不到啊...」「我看不到我看不到我看不到!」--", "賀軍翔額頭好扁..帥度大減"], "post_comment": [{"comment_author": "kingmusk", "comment_date": ["04/17", "19:33"], "comment_content": "許瑋甯 賀軍翔演技進度很多"}, {"comment_author": "kingmusk", "comment_date": ["04/17", "19:33"], "comment_content": "*進步"}, {"comment_author": "Jesse890", "comment_date": ["04/17", "19:35"], "comment_content": "靠北笑死"}, {"comment_author": "cue", "comment_date": ["04/17", "19:35"], "comment_content": "像侯友宜"}, {"comment_author": "starwish00", "comment_date": ["04/17", "19:39"], "comment_content": "台女現狀"}, {"comment_author": "words2012", "comment_date": ["04/17", "19:42"], "comment_content": "結婚生子是哪個"}]}
