{"author": "ak47good (陳鳥仁)", "category": "Gossiping", "title": "[問卦] 才跌3% 在那叫甚麼？", "date": "Fri Apr 19 12:37:26 2024", "content": ["股板哀鴻遍野的時候就有聽說是股神的網友說才跌3% 在那大驚小怪跌3%，就像100塊少3塊一樣不痛不癢搞不懂這幫菜雞在那叫甚麼大家 怎麼看？？？？？？？-----Sent from JPTT on my Asus ASUS_I01WD.--"], "post_comment": [{"comment_author": "WolfTeacher", "comment_date": ["04/19", "12:37"], "comment_content": ""}, {"comment_author": "koj", "comment_date": ["04/19", "12:39"], "comment_content": "我知道你還有房子"}, {"comment_author": "maple0425", "comment_date": ["04/19", "12:41"], "comment_content": "韭菜軍團萬八萬九進場啊 奔潰"}]}
