{"author": "ICCompiler (IC_Compiler)", "category": "Gossiping", "title": "[問卦] 為什麼摩斯雞塊在日本那麼好吃", "date": "Thu Apr 18 12:52:52 2024", "content": ["如題去了日本一趟吃到摩斯雞塊哇靠超級多汁 咬下去還不粉直接把麥當勞雞塊壓在地底下扁怎麼台灣的摩斯雞塊那麼難吃日本人是在歧視台灣人嗎憑什麼日本人可以吃到美味雞塊台灣人只能吃噴--"], "post_comment": [{"comment_author": "felixden", "comment_date": ["04/18", "12:53"], "comment_content": "樓下覺得懶叫為什麼好吃"}, {"comment_author": "Roooz", "comment_date": ["04/18", "12:53"], "comment_content": "媽的 我覺得雞塊都跟屎一樣=="}, {"comment_author": "Roooz", "comment_date": ["04/18", "12:53"], "comment_content": "一樓這麼喜歡吃懶叫ㄛ"}, {"comment_author": "FZ5566", "comment_date": ["04/18", "12:53"], "comment_content": "想釣中年老漢玩五樓樓下幼稚老爛梗?"}, {"comment_author": "terryFr", "comment_date": ["04/18", "12:54"], "comment_content": "明明就台灣比較好吃"}, {"comment_author": "stormNEW", "comment_date": ["04/18", "12:56"], "comment_content": "別騙日本雞塊"}, {"comment_author": "duelaylomo", "comment_date": ["04/18", "13:16"], "comment_content": "祖國的空氣加持"}, {"comment_author": "leohayashi1", "comment_date": ["04/18", "13:18"], "comment_content": "我沒吃過日本摩斯，不過歐美的雞塊"}, {"comment_author": "leohayashi1", "comment_date": ["04/18", "13:18"], "comment_content": "把台灣按在地下摩擦沒錯，含肉量比"}, {"comment_author": "leohayashi1", "comment_date": ["04/18", "13:18"], "comment_content": "台灣高太多但也不便宜"}, {"comment_author": "CIDgreen", "comment_date": ["04/18", "13:43"], "comment_content": "原料問題"}, {"comment_author": "EXTECH", "comment_date": ["04/18", "16:21"], "comment_content": "腦補加成"}]}
