{"author": "thelittleone (風真いろは大好き♡♥)", "category": "Gossiping", "title": "[問卦] 世界被西班牙葡萄牙分贓了？", "date": "Sun Apr 14 00:09:53 2024", "content": ["女口是頁剛剛領主跟一個外國領航員說話要對方把他知道的世界畫出來他竟然說地球是圓的像水果然後說西班牙跟葡萄牙分贓了世界說西方屬於西班牙東方屬於葡萄牙的太荒謬了有沒有八卦？？--", "--"], "post_comment": [{"comment_author": "dch44dyw", "comment_date": ["04/14", "00:10"], "comment_content": "英國表示：小朋友才分贓，我全都要"}, {"comment_author": "T8", "comment_date": ["04/14", "00:10"], "comment_content": "荷蘭呢？"}, {"comment_author": "junibookye", "comment_date": ["04/14", "00:11"], "comment_content": "梅西VS西螺，西台灣西羅香"}, {"comment_author": "junibookye", "comment_date": ["04/14", "00:11"], "comment_content": "難怪水原輸死"}, {"comment_author": "dan5120", "comment_date": ["04/14", "00:11"], "comment_content": "藤夫人我的"}, {"comment_author": "EXZUSIC", "comment_date": ["04/14", "00:19"], "comment_content": "幕府將軍"}, {"comment_author": "Leeheaven", "comment_date": ["04/14", "00:58"], "comment_content": "戲好拖 跑龍套都可以跟德川家康演一齣"}, {"comment_author": "Leeheaven", "comment_date": ["04/14", "00:59"], "comment_content": "連老鴇都可以直接跟家康見面談條件"}, {"comment_author": "mysmalllamb", "comment_date": ["04/14", "03:29"], "comment_content": "教皇子午線"}]}
