{"author": "mark751019 (☆比哈士奇帥一點☆)", "category": "Gossiping", "title": "[問卦] 如何阻止爸爸再買正妹的保險了?", "date": "Sun Apr 14 21:55:26 2024", "content": ["我的爸爸本來從不買保險，但最近有空姐退役的40正妹來推銷。他買了一堆，醫療險、還有很多不知名的，還買了外幣。我媽媽很生氣，一直狂罵我爸爸是肖豬哥(台語)。如何阻止爸爸再買正妹的保險了?--"], "post_comment": [{"comment_author": "sooon219", "comment_date": ["04/14", "21:56"], "comment_content": "換你跟妹子買"}, {"comment_author": "qber", "comment_date": ["04/14", "21:56"], "comment_content": "幹她"}, {"comment_author": "gw00086", "comment_date": ["04/14", "21:56"], "comment_content": "以後可能是你後媽"}, {"comment_author": "dbjdx", "comment_date": ["04/14", "21:56"], "comment_content": "先問老爸有沒有吃到"}, {"comment_author": "firemothra", "comment_date": ["04/14", "21:56"], "comment_content": "送你爸去一趟日本高級泡泡浴。他看到4"}, {"comment_author": "firemothra", "comment_date": ["04/14", "21:56"], "comment_content": "0歲空姐就無感了"}, {"comment_author": "b9513227", "comment_date": ["04/14", "21:57"], "comment_content": "你爸搞不好有吃到阿"}, {"comment_author": "firemothra", "comment_date": ["04/14", "21:57"], "comment_content": "一次不夠。可以讓他玩到扁掉再回來"}, {"comment_author": "nextpage", "comment_date": ["04/14", "21:58"], "comment_content": "雀食,搞不好你爸有爽到"}, {"comment_author": "abc12812", "comment_date": ["04/14", "21:58"], "comment_content": "帶爸爸到飛田新地"}, {"comment_author": "avigale", "comment_date": ["04/14", "21:59"], "comment_content": "5萬9千9"}, {"comment_author": "simon0529", "comment_date": ["04/14", "21:59"], "comment_content": "下猛藥啊，日本泡泡浴東北洗腳"}, {"comment_author": "tsukasa107", "comment_date": ["04/14", "21:59"], "comment_content": "你也去買幾份 當你爸表弟"}, {"comment_author": "yanni999", "comment_date": ["04/14", "21:59"], "comment_content": "醫療險是為你好不然他生病沒錢你倒霉"}, {"comment_author": "simon0529", "comment_date": ["04/14", "21:59"], "comment_content": "能吃到暈船應該技術不錯"}, {"comment_author": "vaiking0120", "comment_date": ["04/14", "22:00"], "comment_content": "已經幹過了吧"}, {"comment_author": "livehouse", "comment_date": ["04/14", "22:00"], "comment_content": "請你爸爸幹死她"}, {"comment_author": "KANGTA23", "comment_date": ["04/14", "22:01"], "comment_content": "等爸爸幫媽媽買壽險意外險的時候再來怕"}, {"comment_author": "Messi100", "comment_date": ["04/14", "22:02"], "comment_content": "你說最近想要多一個妹妹"}, {"comment_author": "Forcast", "comment_date": ["04/14", "22:02"], "comment_content": "四十路"}, {"comment_author": "KANGTA23", "comment_date": ["04/14", "22:02"], "comment_content": "也可以加入幫製造意外但小心下個被滅口"}, {"comment_author": "ted01234567", "comment_date": ["04/14", "22:03"], "comment_content": "讓她變媳婦啊"}, {"comment_author": "adon0313", "comment_date": ["04/14", "22:03"], "comment_content": "恭喜要有弟弟妹妹了"}, {"comment_author": "maxman77", "comment_date": ["04/14", "22:03"], "comment_content": "要買也找個嫩一點的"}, {"comment_author": "oread168", "comment_date": ["04/14", "22:05"], "comment_content": "美金飾買高保障的話 叫他多買一點受益人"}, {"comment_author": "oread168", "comment_date": ["04/14", "22:06"], "comment_content": "寫你"}, {"comment_author": "Balhae", "comment_date": ["04/14", "22:06"], "comment_content": "2樓最暴力但有效"}, {"comment_author": "rLks02", "comment_date": ["04/14", "22:09"], "comment_content": "又不是你的錢"}, {"comment_author": "fcuspy", "comment_date": ["04/14", "22:10"], "comment_content": "幹膩就沒事了"}, {"comment_author": "alan0260", "comment_date": ["04/14", "22:10"], "comment_content": "花這些錢有吃到嗎？直接帶出國吃一次吧"}, {"comment_author": "kinmengon", "comment_date": ["04/14", "22:12"], "comment_content": "先把gg剁起來 冰冷凍庫"}, {"comment_author": "blackyw", "comment_date": ["04/14", "22:20"], "comment_content": "閹了他"}, {"comment_author": "Rainbow5566", "comment_date": ["04/14", "22:23"], "comment_content": "又不是你的錢"}, {"comment_author": "clovergirl", "comment_date": ["04/14", "23:27"], "comment_content": "跟你媽說"}, {"comment_author": "soheadsome", "comment_date": ["04/15", "20:51"], "comment_content": "勸你別多管閒事"}]}
