{"author": "RW2010 (Guidance)", "category": "Gossiping", "title": "[問卦] 時間暫停這個超能力是不是很廢", "date": "Wed Apr 17 14:40:32 2024", "content": ["今天無聊看漫威電影發呆突然發現時間暫停這個超能力超廢的只要建立在不造成其他人受害的前提下這個能力根本沒用處耶肥宅我想了半天還是無法想出這個能力有什麼很棒的對社會有用的功能..有人能想到什麼好的功用嗎暫停五分鐘 CD 2分鐘--", "五分鐘...", "瞬間移動.. 超強腕力..", "所以拿到這個能力都只能幹壞事 想當超級英雄怎辦??", "沒有噢 如果有瞬間移動 可以做外送賺錢或者送人去別的地方", "那要有辦法預知哪裡有行人快被撞死......", "不行吧 你要出國 不搭飛機怎麼飛? 你搭飛機也會被暫停不然就是你要自己開飛機...", "其實上面有些論點讓我想到 時間暫停其實有點像是閃電俠高速移動的概念所以基本上動什麼東西 其實都是需要借助實際上的動力 沒辦法有開車或者駕駛的概念如果時間暫停是可以常駐 那的確用處很高 可惜我看到的版本是只有五分鐘 = =", "我沒有說過救人啊 我是說好像沒啥用處 是你自己紮個稻草人一直罵 我也看不懂你在兇啥", "我自己也是覺得很浪費啦 不過也就只是剛好出現在腦袋中沒有真的深思熟慮", "其實所謂的受害就只是 不能把能力拿去做非法的事情或者把能力帶入到戰鬥的事件 因為暫停時間在戰鬥是非常有用的XD但平常應該不會有人讓你需要戰鬥", "其實你不要限制也可以啦 你可以說說如果不加限制 這個能力可以做什麼特別的事情", "這個突破盲腸XD 其實我很多癥結點也是在於這個能力的缺點在於無法對現實做出很明顯的改變 其實就真的只是在看奇異博士的時候突然想到而已.."], "post_comment": [{"comment_author": "chadmu", "comment_date": ["04/17", "14:41"], "comment_content": "時間暫停下能解除時間暫停嗎？"}, {"comment_author": "lankawi", "comment_date": ["04/17", "14:42"], "comment_content": "可以色色"}, {"comment_author": "XDDXDD", "comment_date": ["04/17", "14:42"], "comment_content": "SOD劇本需求 不然怎麼演 時間暫停器"}, {"comment_author": "ilove640", "comment_date": ["04/17", "14:42"], "comment_content": "你可以拿來打遊戲 凹一些細節或無傷 開"}, {"comment_author": "ilove640", "comment_date": ["04/17", "14:42"], "comment_content": "實況當網紅賺錢 而且你的雜談可以想超級"}, {"comment_author": "rommel1990", "comment_date": ["04/17", "14:42"], "comment_content": "Dio："}, {"comment_author": "ilove640", "comment_date": ["04/17", "14:43"], "comment_content": "久才回覆 大家會以為你口才超好"}, {"comment_author": "dakkk", "comment_date": ["04/17", "14:43"], "comment_content": "誰的能力？"}, {"comment_author": "NinjaCats", "comment_date": ["04/17", "14:43"], "comment_content": "怎麼會沒用 有些救災是分秒必爭"}, {"comment_author": "iamoldtwo", "comment_date": ["04/17", "14:43"], "comment_content": "可以一堆運動項目世界冠軍好嗎？"}, {"comment_author": "XDDXDD", "comment_date": ["04/17", "14:44"], "comment_content": "把時間暫停能力 應用在世界上 根本是王者"}, {"comment_author": "DiMammaMia", "comment_date": ["04/17", "14:44"], "comment_content": "能暫停多久啊…."}, {"comment_author": "ChinaGy", "comment_date": ["04/17", "14:45"], "comment_content": "但自古以來，動漫可以控制時間的都是魔王"}, {"comment_author": "Doub1eK", "comment_date": ["04/17", "14:45"], "comment_content": "承太郎表示"}, {"comment_author": "Forcast", "comment_date": ["04/17", "14:45"], "comment_content": "只暫停時間嗎"}, {"comment_author": "a135b79", "comment_date": ["04/17", "14:46"], "comment_content": "看你怎麼用 用不好等於在瞎忙"}, {"comment_author": "nekoares", "comment_date": ["04/17", "14:46"], "comment_content": "反過來你覺得什麼能力對社會有用?"}, {"comment_author": "GKKR", "comment_date": ["04/17", "14:46"], "comment_content": "開玩笑，可以讓哆啦A夢解決99%狀況的神器"}, {"comment_author": "Arkzeon", "comment_date": ["04/17", "14:47"], "comment_content": "你玩梭哈+時間暫停。對手是高進都得輸。"}, {"comment_author": "Ebergies", "comment_date": ["04/17", "14:47"], "comment_content": "樓上，他有說不造成別人受害的情況"}, {"comment_author": "XDDXDD", "comment_date": ["04/17", "14:47"], "comment_content": "把時間暫停惹 你去超商百貨 拿東西要多少"}, {"comment_author": "Ebergies", "comment_date": ["04/17", "14:48"], "comment_content": "實際上可能瞬間移動或者無限能源之類的"}, {"comment_author": "XDDXDD", "comment_date": ["04/17", "14:48"], "comment_content": "有多少 所有你眼前看到的東西 隨便你拿"}, {"comment_author": "Ebergies", "comment_date": ["04/17", "14:48"], "comment_content": "最好用吧"}, {"comment_author": "holybless", "comment_date": ["04/17", "14:48"], "comment_content": "我認識金髮老外用這能力搬法國佬好幾次"}, {"comment_author": "XDDXDD", "comment_date": ["04/17", "14:49"], "comment_content": "去巴肥餐廳隨便你吃到飽"}, {"comment_author": "XDDXDD", "comment_date": ["04/17", "14:49"], "comment_content": "重點是一毛錢都不用付"}, {"comment_author": "aggressorX", "comment_date": ["04/17", "14:49"], "comment_content": "隨便想都一堆 想像力太弱"}, {"comment_author": "mnb1234", "comment_date": ["04/17", "14:50"], "comment_content": "這能力的壞處就是死得比別人早"}, {"comment_author": "XDDXDD", "comment_date": ["04/17", "14:50"], "comment_content": "跟別人打架時 可以1對1000人以上都沒差"}, {"comment_author": "mnb1234", "comment_date": ["04/17", "14:50"], "comment_content": "雖然自己不會感受差異"}, {"comment_author": "dean1990", "comment_date": ["04/17", "14:50"], "comment_content": "Za warudo"}, {"comment_author": "Dcwei", "comment_date": ["04/17", "14:50"], "comment_content": "你知道這世上最強的就是時間嗎"}, {"comment_author": "blue1204", "comment_date": ["04/17", "14:51"], "comment_content": "壽命會比別人短"}, {"comment_author": "XDDXDD", "comment_date": ["04/17", "14:51"], "comment_content": "1000個人看你每個人擊倒要花多久 時間隨你"}, {"comment_author": "jayemshow", "comment_date": ["04/17", "14:51"], "comment_content": "超好用吧 Dio 暫停才幾秒都快無敵了"}, {"comment_author": "XDDXDD", "comment_date": ["04/17", "14:51"], "comment_content": "你擁有不需要花錢的能力 吃喝住都免費"}, {"comment_author": "nekoares", "comment_date": ["04/17", "14:51"], "comment_content": "基本上有看到危機都不會死"}, {"comment_author": "skytakezou", "comment_date": ["04/17", "14:52"], "comment_content": "承太郎："}, {"comment_author": "XDDXDD", "comment_date": ["04/17", "14:52"], "comment_content": "甚至烙跑也能跑第一 沒人知道你人在哪裡"}, {"comment_author": "Ebergies", "comment_date": ["04/17", "14:52"], "comment_content": "Dio 無敵是因為他還是吸血鬼啊"}, {"comment_author": "XDDXDD", "comment_date": ["04/17", "14:53"], "comment_content": "想住五星級飯店 就住五星級飯店 由你決定"}, {"comment_author": "jinnij03879", "comment_date": ["04/17", "14:53"], "comment_content": "要配壓路機"}, {"comment_author": "rabbitcheaty", "comment_date": ["04/17", "14:53"], "comment_content": "我認識一個法律系的暫停去搬壓路機"}, {"comment_author": "XDDXDD", "comment_date": ["04/17", "14:53"], "comment_content": "住到膩時 還可以換下一間五星級飯店"}, {"comment_author": "what1026", "comment_date": ["04/17", "14:55"], "comment_content": "很強啊"}, {"comment_author": "Ebergies", "comment_date": ["04/17", "14:56"], "comment_content": "大概只有前面說的救災比較有用吧"}, {"comment_author": "s13541298", "comment_date": ["04/17", "15:01"], "comment_content": "超強好嗎 隨便想都很好用"}, {"comment_author": "stu25936", "comment_date": ["04/17", "15:01"], "comment_content": "時間暫停是幾乎是無敵的吧"}, {"comment_author": "FertilizerN", "comment_date": ["04/17", "15:01"], "comment_content": "Za warudo"}, {"comment_author": "IAMQT", "comment_date": ["04/17", "15:01"], "comment_content": "時間暫停 直接查資料 考試或是累積實力 基"}, {"comment_author": "IAMQT", "comment_date": ["04/17", "15:02"], "comment_content": "本上都無敵"}, {"comment_author": "okd0512", "comment_date": ["04/17", "15:02"], "comment_content": "暫停時間時把壓路機放敵人上方"}, {"comment_author": "fishfish1314", "comment_date": ["04/17", "15:02"], "comment_content": "要配壓路機"}, {"comment_author": "adgbw8728", "comment_date": ["04/17", "15:02"], "comment_content": "時間暫停拿來睡覺"}, {"comment_author": "winterjoker", "comment_date": ["04/17", "15:02"], "comment_content": "有個金髮老外會用時停幫人黏蜘蛛絲"}, {"comment_author": "mimei50510", "comment_date": ["04/17", "15:03"], "comment_content": "時間暫停拿來補眠 超級有用的吧"}, {"comment_author": "world210", "comment_date": ["04/17", "15:04"], "comment_content": "標準再強的能力給笨蛋用還是沒用"}, {"comment_author": "eric61446", "comment_date": ["04/17", "15:05"], "comment_content": "要配瞬間移動 不然很不方便"}, {"comment_author": "cat5672", "comment_date": ["04/17", "15:05"], "comment_content": "扎挖魯多"}, {"comment_author": "lucifiel1618", "comment_date": ["04/17", "15:06"], "comment_content": "不造成其他人受害的情況下，給你什"}, {"comment_author": "lucifiel1618", "comment_date": ["04/17", "15:06"], "comment_content": "麼能力都是沒屁用，跟時間暫停有什"}, {"comment_author": "cymtrex", "comment_date": ["04/17", "15:06"], "comment_content": "有個金髮男叫人快點開車，卻用時間暫停自"}, {"comment_author": "lucifiel1618", "comment_date": ["04/17", "15:06"], "comment_content": "麼關係"}, {"comment_author": "cymtrex", "comment_date": ["04/17", "15:06"], "comment_content": "己搬運，很不方便"}, {"comment_author": "touchbird", "comment_date": ["04/17", "15:07"], "comment_content": "雜挖魯多"}, {"comment_author": "kkl522608", "comment_date": ["04/17", "15:07"], "comment_content": "快用你無敵的白金之星想想辦法啊"}, {"comment_author": "chenu", "comment_date": ["04/17", "15:08"], "comment_content": "先說有沒有CD"}, {"comment_author": "touchbird", "comment_date": ["04/17", "15:08"], "comment_content": "你可以開著不要關"}, {"comment_author": "touchbird", "comment_date": ["04/17", "15:09"], "comment_content": "開著睡覺一下就窒息死了"}, {"comment_author": "selvester", "comment_date": ["04/17", "15:10"], "comment_content": "其他人受害，可見你是社會累贅"}, {"comment_author": "hugh7073", "comment_date": ["04/17", "15:12"], "comment_content": "時停要搭配不老不死一起服用"}, {"comment_author": "HodorDragon", "comment_date": ["04/17", "15:14"], "comment_content": "搬人下樓梯"}, {"comment_author": "sturmpionier", "comment_date": ["04/17", "15:15"], "comment_content": "賭場輪盤 賺到拿去捐不會"}, {"comment_author": "xixixxiixxii", "comment_date": ["04/17", "15:17"], "comment_content": "直播永動機然後收一波訂金發大財，"}, {"comment_author": "xixixxiixxii", "comment_date": ["04/17", "15:17"], "comment_content": "其實是暫停時間偷偷維持"}, {"comment_author": "MADAOTW", "comment_date": ["04/17", "15:20"], "comment_content": "作弊？"}, {"comment_author": "blueskyqoo", "comment_date": ["04/17", "15:21"], "comment_content": "好爽 可以搭配瞬間移動 變成人人標配"}, {"comment_author": "zzz71084482", "comment_date": ["04/17", "15:27"], "comment_content": "要看暫停時間你會不會老"}, {"comment_author": "Tsucomi69", "comment_date": ["04/17", "15:27"], "comment_content": "幫助老弱婦孺過馬路很有用啊"}, {"comment_author": "AirO0264400", "comment_date": ["04/17", "15:28"], "comment_content": "強到爆炸時間系的沒一個弱者 wryyyy"}, {"comment_author": "AirO0264400", "comment_date": ["04/17", "15:28"], "comment_content": "yy"}, {"comment_author": "fire124", "comment_date": ["04/17", "15:28"], "comment_content": "可以讓別人上不了樓啊"}, {"comment_author": "chrono0417", "comment_date": ["04/17", "15:32"], "comment_content": "可以拯救過馬路快被撞死的行人啊，每"}, {"comment_author": "chrono0417", "comment_date": ["04/17", "15:32"], "comment_content": "年救上千人不夠多？？"}, {"comment_author": "lucifiel1618", "comment_date": ["04/17", "15:34"], "comment_content": "那都是損及別人利益的不公平競爭好"}, {"comment_author": "lucifiel1618", "comment_date": ["04/17", "15:34"], "comment_content": "嗎"}, {"comment_author": "lucifiel1618", "comment_date": ["04/17", "15:35"], "comment_content": "你真要這麼說那你也能用時間暫停外"}, {"comment_author": "lucifiel1618", "comment_date": ["04/17", "15:35"], "comment_content": "送啊，時間暫停本來就瞬間移動的"}, {"comment_author": "lucifiel1618", "comment_date": ["04/17", "15:35"], "comment_content": "上位互換，所有瞬間移動做得到的時"}, {"comment_author": "lucifiel1618", "comment_date": ["04/17", "15:36"], "comment_content": "間暫停都能做得到好嗎"}, {"comment_author": "lf21560", "comment_date": ["04/17", "15:38"], "comment_content": "可以拿去考試超好用好嗎"}, {"comment_author": "OhtaniHR", "comment_date": ["04/17", "15:43"], "comment_content": "你想象力太弱了"}, {"comment_author": "horse2819", "comment_date": ["04/17", "15:45"], "comment_content": "我幫你問問dio"}, {"comment_author": "xsion", "comment_date": ["04/17", "15:47"], "comment_content": "理論上暫停時你移動過的地方再開始後會核爆"}, {"comment_author": "horse2819", "comment_date": ["04/17", "15:48"], "comment_content": "瞬移跟時停怎麼會一樣 想多了吧 看看di"}, {"comment_author": "horse2819", "comment_date": ["04/17", "15:48"], "comment_content": "o 最長時停也只能瞬移個壓路機來"}, {"comment_author": "lucifiel1618", "comment_date": ["04/17", "15:49"], "comment_content": "你都不覺得自己假設前後矛盾嗎，飛"}, {"comment_author": "lucifiel1618", "comment_date": ["04/17", "15:49"], "comment_content": "機會暫停你和你救的人不會暫停？這"}, {"comment_author": "lucifiel1618", "comment_date": ["04/17", "15:49"], "comment_content": "什麼邏輯"}, {"comment_author": "s900527", "comment_date": ["04/17", "15:50"], "comment_content": "時間暫停理論連呼吸都沒辦法呼吸"}, {"comment_author": "lucifiel1618", "comment_date": ["04/17", "15:50"], "comment_content": "那是你有最長時停的限制啊，我如果"}, {"comment_author": "lucifiel1618", "comment_date": ["04/17", "15:50"], "comment_content": "限制你瞬移的距離還不是同一個道理"}, {"comment_author": "lucifiel1618", "comment_date": ["04/17", "15:50"], "comment_content": "，你們講話用腦行不行啊"}, {"comment_author": "magamanzero", "comment_date": ["04/17", "16:01"], "comment_content": "SOD阿"}, {"comment_author": "PatlaborGao2", "comment_date": ["04/17", "16:01"], "comment_content": "電影院看到一半想拉屎時 你就知道"}, {"comment_author": "PatlaborGao2", "comment_date": ["04/17", "16:01"], "comment_content": "了"}, {"comment_author": "XDXDXD8022", "comment_date": ["04/17", "16:02"], "comment_content": "瞬移跑外送已嚴重影響同業生計"}, {"comment_author": "ccucwc", "comment_date": ["04/17", "16:03"], "comment_content": "精神時光屋啊 準備大考很有用"}, {"comment_author": "blueskyqoo", "comment_date": ["04/17", "16:03"], "comment_content": "有順移的人 最好會跑外送"}, {"comment_author": "lucifiel1618", "comment_date": ["04/17", "16:04"], "comment_content": "你自己說要當超級英雄的，怎樣失憶"}, {"comment_author": "lucifiel1618", "comment_date": ["04/17", "16:04"], "comment_content": "嗎"}, {"comment_author": "Knott", "comment_date": ["04/17", "16:04"], "comment_content": "可以進房子裡救貓或雞"}, {"comment_author": "XDXDXD8022", "comment_date": ["04/17", "16:04"], "comment_content": "瞬移跑外送是他說的@@"}, {"comment_author": "HAHAHUNG", "comment_date": ["04/17", "16:05"], "comment_content": "趕捷運或公車很好用啊 都不會搭不上"}, {"comment_author": "visda", "comment_date": ["04/17", "16:06"], "comment_content": "拿來賭錢很好用啊"}, {"comment_author": "visda", "comment_date": ["04/17", "16:07"], "comment_content": "再不濟搶銀行也行"}, {"comment_author": "rLks02", "comment_date": ["04/17", "16:12"], "comment_content": "香爆！"}, {"comment_author": "Hannibal0816", "comment_date": ["04/17", "16:12"], "comment_content": "洗內 卡丘引"}, {"comment_author": "srwhite", "comment_date": ["04/17", "16:13"], "comment_content": "時間暫停對別人來講就是瞬間移動啊講啥"}, {"comment_author": "LonyIce", "comment_date": ["04/17", "16:15"], "comment_content": "時間暫停理論上應該是不能呼吸、看不到"}, {"comment_author": "LonyIce", "comment_date": ["04/17", "16:15"], "comment_content": "東西、甚至連移動都不能移動，也動不了"}, {"comment_author": "LonyIce", "comment_date": ["04/17", "16:15"], "comment_content": "任何其他東西。所以應該要先討論你的時"}, {"comment_author": "LonyIce", "comment_date": ["04/17", "16:15"], "comment_content": "間暫停能影響的範疇到哪裡"}, {"comment_author": "rko2468xx", "comment_date": ["04/17", "16:16"], "comment_content": "馬的根本超爽好嗎"}, {"comment_author": "amALu", "comment_date": ["04/17", "16:16"], "comment_content": "去看時停勇者"}, {"comment_author": "Baumgartner", "comment_date": ["04/17", "16:17"], "comment_content": "缺點是別人可以活比較久"}, {"comment_author": "Baumgartner", "comment_date": ["04/17", "16:18"], "comment_content": "你每次都耗掉自己5分鐘壽命"}, {"comment_author": "SourireMask", "comment_date": ["04/17", "16:18"], "comment_content": "只能一種能力的話順移>>>>>>時停吧"}, {"comment_author": "SourireMask", "comment_date": ["04/17", "16:19"], "comment_content": "承太郎強是因為時停時有白金之星用阿"}, {"comment_author": "VOLK11", "comment_date": ["04/17", "16:21"], "comment_content": "不是時間暫停是（認知）時間暫停"}, {"comment_author": "asdf6630", "comment_date": ["04/17", "16:23"], "comment_content": "你的前提超怪的，受害與否是要誰來判斷"}, {"comment_author": "asdf6630", "comment_date": ["04/17", "16:23"], "comment_content": "？"}, {"comment_author": "VOLK11", "comment_date": ["04/17", "16:23"], "comment_content": "個人感知時間是存在也是不存在的東東，雖"}, {"comment_author": "VOLK11", "comment_date": ["04/17", "16:24"], "comment_content": "然個人還沒有完全悟透個人感知的道理"}, {"comment_author": "asdf6630", "comment_date": ["04/17", "16:25"], "comment_content": "比如你在時間停止的時候持續呼吸製造二"}, {"comment_author": "asdf6630", "comment_date": ["04/17", "16:25"], "comment_content": "氧化碳，因此加劇了全球暖化的步調，這"}, {"comment_author": "asdf6630", "comment_date": ["04/17", "16:25"], "comment_content": "樣算不算讓別人受害？"}, {"comment_author": "VOLK11", "comment_date": ["04/17", "16:26"], "comment_content": "但是我覺得其實這個感知技術算是催眠自我"}, {"comment_author": "VOLK11", "comment_date": ["04/17", "16:26"], "comment_content": "時間暫停"}, {"comment_author": "VOLK11", "comment_date": ["04/17", "16:28"], "comment_content": "其實重點並不是時間，而是認知，就算今天"}, {"comment_author": "VOLK11", "comment_date": ["04/17", "16:28"], "comment_content": "是其人人生的最後一天，你回看一生，你想"}, {"comment_author": "VOLK11", "comment_date": ["04/17", "16:28"], "comment_content": "相信什麼或是心得"}, {"comment_author": "timke", "comment_date": ["04/17", "16:29"], "comment_content": "除"}, {"comment_author": "VOLK11", "comment_date": ["04/17", "16:29"], "comment_content": "其實每個人應該都有過二小時像過一天的感"}, {"comment_author": "VOLK11", "comment_date": ["04/17", "16:30"], "comment_content": "覺，可能是遇到不想做事情的時候，那也是"}, {"comment_author": "VOLK11", "comment_date": ["04/17", "16:30"], "comment_content": "感受上的時間暫停"}, {"comment_author": "Morrison1", "comment_date": ["04/17", "16:36"], "comment_content": "可以加入基紐特戰隊"}, {"comment_author": "VOLK11", "comment_date": ["04/17", "16:36"], "comment_content": ""}, {"comment_author": "VOLK11", "comment_date": ["04/17", "16:38"], "comment_content": "個人有去看這部片，因為對導演要打破線性"}, {"comment_author": "VOLK11", "comment_date": ["04/17", "16:38"], "comment_content": "時空的預設好奇，這是部文青,沉思,冷調，"}, {"comment_author": "VOLK11", "comment_date": ["04/17", "16:38"], "comment_content": "惆悵的電影"}, {"comment_author": "VOLK11", "comment_date": ["04/17", "16:40"], "comment_content": "就是裡面的主角在被打破的線性時空就是一"}, {"comment_author": "VOLK11", "comment_date": ["04/17", "16:40"], "comment_content": "個隨機非線性時空，過去.現在.未來是亂了"}, {"comment_author": "VOLK11", "comment_date": ["04/17", "16:40"], "comment_content": "套，所以他們在過去就知道未來會發生什麼"}, {"comment_author": "VOLK11", "comment_date": ["04/17", "16:40"], "comment_content": "事，在未來也知道過去的問題，在現在也沒"}, {"comment_author": "VOLK11", "comment_date": ["04/17", "16:40"], "comment_content": "辦法好好的過生活心神不寧，因為被過去和"}, {"comment_author": "VOLK11", "comment_date": ["04/17", "16:41"], "comment_content": "未來干擾"}, {"comment_author": "VOLK11", "comment_date": ["04/17", "16:43"], "comment_content": "所以其實我們這個線性時空真的是比較有趣"}, {"comment_author": "VOLK11", "comment_date": ["04/17", "16:43"], "comment_content": "和未知性，重點未知才會有趣，才會想努力"}, {"comment_author": "VOLK11", "comment_date": ["04/17", "16:43"], "comment_content": "看看，才會有很多的夢想就算完成不了還是"}, {"comment_author": "VOLK11", "comment_date": ["04/17", "16:44"], "comment_content": "會想去做，沒有預設立場，已知不一定比較"}, {"comment_author": "VOLK11", "comment_date": ["04/17", "16:44"], "comment_content": "好反而被制約，"}, {"comment_author": "VOLK11", "comment_date": ["04/17", "16:44"], "comment_content": "明天不一定是今天的延續，或許是明天的創"}, {"comment_author": "VOLK11", "comment_date": ["04/17", "16:44"], "comment_content": "意"}, {"comment_author": "VOLK11", "comment_date": ["04/17", "16:46"], "comment_content": "今天一個人提早知道就是追不上這個女生，"}, {"comment_author": "VOLK11", "comment_date": ["04/17", "16:46"], "comment_content": "或是追到也會分手，他在現在的當下就會很"}, {"comment_author": "VOLK11", "comment_date": ["04/17", "16:46"], "comment_content": "惆悵，它沒有辦法專心感受當下追求的快樂"}, {"comment_author": "VOLK11", "comment_date": ["04/17", "16:46"], "comment_content": "和對方的互動"}, {"comment_author": "VOLK11", "comment_date": ["04/17", "16:47"], "comment_content": "無法全然活在當下就是遺失了時間0.0"}, {"comment_author": "pono", "comment_date": ["04/17", "16:48"], "comment_content": "時間暫停拿來補眠…永遠不用花時間睡覺"}, {"comment_author": "pono", "comment_date": ["04/17", "16:49"], "comment_content": "社畜夢寐以求的能力"}, {"comment_author": "yonex123", "comment_date": ["04/17", "16:51"], "comment_content": "莫忘基紐特戰隊"}, {"comment_author": "CTUST", "comment_date": ["04/17", "16:53"], "comment_content": "自我加速老化的魔法"}, {"comment_author": "cchh179", "comment_date": ["04/17", "16:54"], "comment_content": "時間暫停超棒！ 可以看很多書"}, {"comment_author": "VOLK11", "comment_date": ["04/17", "16:55"], "comment_content": "所以片裡面那個遺失時間局，就很有寓意"}, {"comment_author": "iockmit", "comment_date": ["04/17", "16:55"], "comment_content": "我覺得消除記憶這個技能比較好用"}, {"comment_author": "cms6384", "comment_date": ["04/17", "16:58"], "comment_content": "我看你是不懂喔"}, {"comment_author": "aganhog", "comment_date": ["04/17", "17:10"], "comment_content": "你時停限制5分鐘，阿瞬移要不要限制50公"}, {"comment_author": "aganhog", "comment_date": ["04/17", "17:10"], "comment_content": "分"}, {"comment_author": "flydeer", "comment_date": ["04/17", "17:25"], "comment_content": "在批踢踢留言吵架的時候可以連續推"}, {"comment_author": "flydeer", "comment_date": ["04/17", "17:25"], "comment_content": "文不被打斷"}, {"comment_author": "justiceyes", "comment_date": ["04/17", "17:27"], "comment_content": "SOD都有教學呀，我看你是不懂喔！"}, {"comment_author": "doctor75", "comment_date": ["04/17", "17:37"], "comment_content": "用來上班發呆。我剛剛暫停五分鐘發呆都"}, {"comment_author": "doctor75", "comment_date": ["04/17", "17:37"], "comment_content": "沒人發現。"}, {"comment_author": "doctor75", "comment_date": ["04/17", "17:39"], "comment_content": "或是可以多賴床三十分鐘。"}, {"comment_author": "tingvictor", "comment_date": ["04/17", "17:43"], "comment_content": "太多了...做實驗也可以時間暫停"}, {"comment_author": "p9i1n0g0u4", "comment_date": ["04/17", "17:50"], "comment_content": "說時停等於瞬移的要不要再想想"}, {"comment_author": "p9i1n0g0u4", "comment_date": ["04/17", "17:50"], "comment_content": "把你關進鐵牢你是可以瞬移出來沒錯"}, {"comment_author": "p9i1n0g0u4", "comment_date": ["04/17", "17:50"], "comment_content": "時停你要怎麼出來？"}, {"comment_author": "edwardtp", "comment_date": ["04/17", "17:50"], "comment_content": "SOD，5分鐘夠用了"}, {"comment_author": "RW2010", "comment_date": ["04/17", "18:03"], "comment_content": "其實看到後來 我發現這個能力其實主要嘉惠"}, {"comment_author": "RW2010", "comment_date": ["04/17", "18:03"], "comment_content": "的都是使用者本人 比方說有永久的時間做"}, {"comment_author": "RW2010", "comment_date": ["04/17", "18:05"], "comment_content": "事情 很好奇之前推文有人說時停勇者的事情"}, {"comment_author": "RW2010", "comment_date": ["04/17", "18:05"], "comment_content": "可以給個書名嗎?"}, {"comment_author": "CoronaMemory", "comment_date": ["04/17", "18:12"], "comment_content": "顧小孩很方便耶...，可以暫停然後"}, {"comment_author": "CoronaMemory", "comment_date": ["04/17", "18:12"], "comment_content": "開車去任何地方，不用忍受屁孩在車"}, {"comment_author": "CoronaMemory", "comment_date": ["04/17", "18:13"], "comment_content": "上嚕小小哭鬧"}, {"comment_author": "CoronaMemory", "comment_date": ["04/17", "18:14"], "comment_content": "煮菜打掃都可以暫停讓小孩安靜，等"}, {"comment_author": "CoronaMemory", "comment_date": ["04/17", "18:14"], "comment_content": "事情作息再來處理小屁孩"}, {"comment_author": "catvsdog", "comment_date": ["04/17", "18:27"], "comment_content": "很強吧 龍珠超裡 暫停0.5秒都可以幹爆"}, {"comment_author": "catvsdog", "comment_date": ["04/17", "18:27"], "comment_content": "超賽藍了"}, {"comment_author": "a205090a", "comment_date": ["04/17", "18:30"], "comment_content": "運動競技你能暫停一秒都能直接突破紀錄"}, {"comment_author": "a205090a", "comment_date": ["04/17", "18:35"], "comment_content": "而且時停在移動方面本來就是瞬移"}, {"comment_author": "a205090a", "comment_date": ["04/17", "18:35"], "comment_content": "你要點到點 那比較像物質傳送吧"}, {"comment_author": "vvrr", "comment_date": ["04/17", "18:41"], "comment_content": "要看有哪些東西會跟著動 說打遊戲拼無傷的"}, {"comment_author": "vvrr", "comment_date": ["04/17", "18:42"], "comment_content": "要先確定能力發動的時候主機還會繼續運作？"}, {"comment_author": "vvrr", "comment_date": ["04/17", "18:45"], "comment_content": "現在一堆監視器，瞬移跑外送馬上被抓去研究"}, {"comment_author": "vvrr", "comment_date": ["04/17", "18:49"], "comment_content": "如果時停能切成每百分之一秒發動一次，一次"}, {"comment_author": "vvrr", "comment_date": ["04/17", "18:49"], "comment_content": "發動持續百分之一秒，間隔也是百分之一秒"}, {"comment_author": "vvrr", "comment_date": ["04/17", "18:50"], "comment_content": "這樣別人只會覺得你動作是兩倍快"}, {"comment_author": "carlos159357", "comment_date": ["04/17", "18:51"], "comment_content": "別傻了，我們以科學的角度來說，你"}, {"comment_author": "carlos159357", "comment_date": ["04/17", "18:51"], "comment_content": "有辦法暫停時間，也就是說你可以某"}, {"comment_author": "carlos159357", "comment_date": ["04/17", "18:51"], "comment_content": "種程度上控制時間，而時間就是一種"}, {"comment_author": "carlos159357", "comment_date": ["04/17", "18:51"], "comment_content": "維度概念，也就是你是能掌握維度力"}, {"comment_author": "carlos159357", "comment_date": ["04/17", "18:51"], "comment_content": "量的人，你的意念能導出的能量或是"}, {"comment_author": "carlos159357", "comment_date": ["04/17", "18:52"], "comment_content": "任何未知概念的力量，遠遠超出這個3"}, {"comment_author": "carlos159357", "comment_date": ["04/17", "18:52"], "comment_content": "維世界，那就表示你是這個世界的神"}, {"comment_author": "carlos159357", "comment_date": ["04/17", "18:52"], "comment_content": "，還是已經知道這個世界運行真理的"}, {"comment_author": "vvrr", "comment_date": ["04/17", "18:52"], "comment_content": "如果是\"身體接觸到的東西時間會繼續流動\""}, {"comment_author": "carlos159357", "comment_date": ["04/17", "18:52"], "comment_content": "神，你已經可以毀天滅地了，什麼人"}, {"comment_author": "carlos159357", "comment_date": ["04/17", "18:52"], "comment_content": "類還是財富於你如糞土了"}, {"comment_author": "vvrr", "comment_date": ["04/17", "18:53"], "comment_content": "那SOD就辦不到了。得戴手套戴保險套"}, {"comment_author": "LoveJapan", "comment_date": ["04/17", "18:58"], "comment_content": "這能力除非你能指定暫停誰 不然也沒辦"}, {"comment_author": "LoveJapan", "comment_date": ["04/17", "18:58"], "comment_content": "法當輔助=="}, {"comment_author": "denny811012", "comment_date": ["04/17", "19:14"], "comment_content": "我超想要"}, {"comment_author": "MRlightQ", "comment_date": ["04/17", "19:15"], "comment_content": "這樣就不用加班了"}, {"comment_author": "shiauji", "comment_date": ["04/17", "19:20"], "comment_content": "你知道白金之心是公認最強的替身嗎"}, {"comment_author": "Ahsoy", "comment_date": ["04/17", "19:26"], "comment_content": "你會老的比別人快如果常用的話"}, {"comment_author": "SkyIsMyLimit", "comment_date": ["04/17", "19:29"], "comment_content": "廢問 SOD都沒看過 你沒童年？"}, {"comment_author": "plmokniop", "comment_date": ["04/17", "19:33"], "comment_content": "現實世界有鈔能力的人都馬在傷害別人"}, {"comment_author": "plmokniop", "comment_date": ["04/17", "19:33"], "comment_content": "，你有真正的超能力還這麼善良真可貴"}, {"comment_author": "Iperfection", "comment_date": ["04/17", "20:04"], "comment_content": "想休息就休息 沒人管 不好嗎？"}, {"comment_author": "black307xp", "comment_date": ["04/17", "20:10"], "comment_content": "傻了"}, {"comment_author": "liyahui", "comment_date": ["04/17", "20:14"], "comment_content": "考試都是openbook"}, {"comment_author": "QT1020", "comment_date": ["04/17", "21:23"], "comment_content": "變魔術啊，保證沒破綻"}, {"comment_author": "mirror487", "comment_date": ["04/17", "21:34"], "comment_content": "單純時間暫停就是一個無法當超級英雄的"}, {"comment_author": "mirror487", "comment_date": ["04/17", "21:34"], "comment_content": "能力，救完人也沒人相信是你救的"}, {"comment_author": "mirror487", "comment_date": ["04/17", "21:35"], "comment_content": "不過有超能力在現實別讓人知道才是最好"}, {"comment_author": "mirror487", "comment_date": ["04/17", "21:35"], "comment_content": "的"}, {"comment_author": "Yisai", "comment_date": ["04/17", "22:19"], "comment_content": "Dio:"}, {"comment_author": "ayrtonvitas", "comment_date": ["04/17", "22:35"], "comment_content": "時間暫停在其他人眼中等同瞬移 你可"}, {"comment_author": "ayrtonvitas", "comment_date": ["04/17", "22:35"], "comment_content": "以再搞笑一點沒關係"}, {"comment_author": "Justine1937", "comment_date": ["04/17", "22:48"], "comment_content": "供三小 去旅遊暫停所有遊客就包場啦"}, {"comment_author": "chris9527", "comment_date": ["04/17", "22:50"], "comment_content": "要看範圍跟持續性還有停止的性質吧"}, {"comment_author": "yoyodio", "comment_date": ["04/18", "07:26"], "comment_content": "能力不廢，是漫威廢，看看荒木的DIO"}, {"comment_author": "im31519", "comment_date": ["04/18", "07:31"], "comment_content": "sdde"}, {"comment_author": "happyblack", "comment_date": ["04/18", "13:13"], "comment_content": "那是你設限在不傷人的條件。如果是對"}, {"comment_author": "happyblack", "comment_date": ["04/18", "13:13"], "comment_content": "付歹徒呢"}]}
