{"author": "jasonmcsh (jasonmcsh)", "category": "Gossiping", "title": "[問卦] 為何這次花蓮0403地震土城、中和震度特別", "date": "Sat Apr 13 11:32:48 2024", "content": ["先上圖", "為何這次花蓮0403地震土城、中和震度特別強?如上圖，本次花蓮0403地震雙北桃園唯有4區震度偏高達到5強，分別是雙溪、中和、土城、中壢。考慮常有專家學者指出造成盆地效應的軟弱地層可能會放大震度，惟本次地震各區震度(上圖)卻是偏盆地邊緣的地方較大，而真正山區(如新店、復興等)卻又較小。本魯原本考慮在\"據說\"岩盤堅硬的地方置產，地震前考慮包含青埔(中壢)、中和、永和、信義等地的大樓，本次地震在上述震度較強的區域造成不少紅、黃單，更不要說群組、社團裡面一些地下室梁柱龜裂卻火速補起來的建案，往後看屋更不可能看到這些內、外傷。另外軟弱地層比起堅硬岩盤反而可以抵銷震度?綜上，考慮不要買到內傷或是因報未報的建案，是不是該改看盆地區了??有沒有八卦?-----Sent from JPTT on my iPhone--", "中央氣象署地震測報中心的公開圖資"], "post_comment": [{"comment_author": "wintxa", "comment_date": ["04/13", "11:36"], "comment_content": "新買的遠離地震就是了"}, {"comment_author": "ddg1802", "comment_date": ["04/13", "11:36"], "comment_content": "擁核仔不是說改在岩盤上很安全？"}, {"comment_author": "bye2007", "comment_date": ["04/13", "11:37"], "comment_content": "我們看起來像地球科學家嗎？"}, {"comment_author": "pyrolith", "comment_date": ["04/13", "11:37"], "comment_content": "波從重繩進入輕繩 波會放大"}, {"comment_author": "tchialen", "comment_date": ["04/13", "11:37"], "comment_content": "不用考慮土壤液化"}, {"comment_author": "wintxa", "comment_date": ["04/13", "11:37"], "comment_content": "因為核電廠建築物強度夠強"}, {"comment_author": "king84519", "comment_date": ["04/13", "11:40"], "comment_content": "土壤液化區吧"}, {"comment_author": "annie06045", "comment_date": ["04/13", "11:56"], "comment_content": "這張震度從哪裡找到的?"}, {"comment_author": "postit", "comment_date": ["04/13", "12:10"], "comment_content": "哪來的圖"}]}
