{"author": "ichunhsu1979 (樂高)", "category": "Gossiping", "title": "[問卦] 麥當勞換糖醋醬？", "date": "Tue Apr 16 20:22:37 2024", "content": ["今天吃到的麥當勞糖醋醬，看了一下產地是馬來西亞，吃起來偏酸，很不喜歡，記得以前是美國產的，吃起來蠻習慣了，為什麼要換，有沒有掛？--"], "post_comment": [{"comment_author": "willieliu", "comment_date": ["04/16", "20:23"], "comment_content": "我只知道焦糖奶茶回歸了"}, {"comment_author": "keane9112", "comment_date": ["04/16", "20:25"], "comment_content": "焦糖奶茶味道還是跟以前有差只比之前好"}, {"comment_author": "jack3651", "comment_date": ["04/16", "20:28"], "comment_content": "高鈉食物"}, {"comment_author": "noleese", "comment_date": ["04/16", "20:29"], "comment_content": "沒差啦 反正雞塊難吃也用不到糖醋醬"}, {"comment_author": "Waitaha", "comment_date": ["04/16", "20:29"], "comment_content": "雞塊變難吃了"}, {"comment_author": "chrisjay", "comment_date": ["04/16", "20:32"], "comment_content": "雞塊狗都不吃"}, {"comment_author": "Takhisis", "comment_date": ["04/16", "20:36"], "comment_content": "不知道 不想點雞塊"}, {"comment_author": "g4zoco196", "comment_date": ["04/16", "20:38"], "comment_content": "難吃 醬也救不回來"}, {"comment_author": "alex00089", "comment_date": ["04/16", "20:49"], "comment_content": "不倒翁的嗎？"}, {"comment_author": "beeboombee", "comment_date": ["04/16", "20:51"], "comment_content": "早就給拒絕了"}, {"comment_author": "yao03911", "comment_date": ["04/16", "21:45"], "comment_content": "我都拿泰式"}]}
