{"author": "twmadrid (chrissy我老婆)", "category": "Gossiping", "title": "[問卦]  為何軍人很容易跟16歲以下女生做愛", "date": "Sat Apr 13 17:34:30 2024", "content": ["之前就看過一個案例是憲兵玩極速領域認識一個國小6年級女生吧幹下去被父母發現 那個憲兵吃官司甚至很多案例是都幹未滿16歲女生就在想你都成年人了有個東西叫做GOOGLE你認識到15 14歲女生沒話講但怎麼跟她們發生性愛關係明明滿16就可以合法幹 不要過夜 不要金錢援助+侵害生命安全怎太急了 幹下去還是說我不是當事人我無法能體會這種被色誘感受?--"], "post_comment": [{"comment_author": "alex00089", "comment_date": ["04/13", "17:34"], "comment_content": "因為大都是89"}, {"comment_author": "AustinRivers", "comment_date": ["04/13", "17:35"], "comment_content": "阿兵哥身材好體力好 敢衝"}, {"comment_author": "alex00089", "comment_date": ["04/13", "17:35"], "comment_content": "思想卡在國中"}, {"comment_author": "WIGGINS22", "comment_date": ["04/13", "17:35"], "comment_content": "志願役大多素質很低沒腦子"}, {"comment_author": "alex00089", "comment_date": ["04/13", "17:35"], "comment_content": "就去讀軍校社會脫節~誤"}, {"comment_author": "purplebfly", "comment_date": ["04/13", "17:36"], "comment_content": "因為在社會觀念中,去當兵的都是沒能力"}, {"comment_author": "Wii9453", "comment_date": ["04/13", "17:36"], "comment_content": "因爲他16歲的也幹了沒上報"}, {"comment_author": "mikasamikoto", "comment_date": ["04/13", "17:36"], "comment_content": "看起來很健康又有89味"}, {"comment_author": "purplebfly", "comment_date": ["04/13", "17:36"], "comment_content": "在社會中謀生的,除了空軍飛行員外,自"}, {"comment_author": "Wii9453", "comment_date": ["04/13", "17:36"], "comment_content": "上報的都未滿16"}, {"comment_author": "GLUESTICK", "comment_date": ["04/13", "17:36"], "comment_content": "志願役智商低不管後果"}, {"comment_author": "purplebfly", "comment_date": ["04/13", "17:36"], "comment_content": "然也只能找再弱勢一點的人交往"}, {"comment_author": "dayend", "comment_date": ["04/13", "17:36"], "comment_content": "你的舉例只有一個 很多在哪裡？"}, {"comment_author": "kent", "comment_date": ["04/13", "17:37"], "comment_content": "原住民"}, {"comment_author": "qaz31415", "comment_date": ["04/13", "17:37"], "comment_content": "因為拐瓜劣棗都去當替代役了。"}, {"comment_author": "Lailungsheng", "comment_date": ["04/13", "17:37"], "comment_content": "幹，我就沒有..."}, {"comment_author": "Behind4", "comment_date": ["04/13", "17:38"], "comment_content": "因為軍人愛台灣 投軍保台"}, {"comment_author": "ao5566", "comment_date": ["04/13", "17:38"], "comment_content": "放假就是跟宮廟回部落 小妹妹看到大哥哥穿"}, {"comment_author": "ao5566", "comment_date": ["04/13", "17:39"], "comment_content": "軍服回家都直接貼上去啊 很正常的"}, {"comment_author": "gg8n8nd34ss", "comment_date": ["04/13", "17:40"], "comment_content": "職軍一堆上班時間也在玩手遊的 很容"}, {"comment_author": "gg8n8nd34ss", "comment_date": ["04/13", "17:40"], "comment_content": "易認識學生"}, {"comment_author": "derrick1220", "comment_date": ["04/13", "17:40"], "comment_content": "精實"}, {"comment_author": "q123212", "comment_date": ["04/13", "17:43"], "comment_content": "軍人一堆8+9，16歲最愛"}, {"comment_author": "machiusheng", "comment_date": ["04/13", "17:46"], "comment_content": "為什麼覺青只想幹67路阿嬤"}, {"comment_author": "gino0717", "comment_date": ["04/13", "17:47"], "comment_content": "我該去當軍人了"}, {"comment_author": "gopath", "comment_date": ["04/13", "17:53"], "comment_content": "出社會的女生，傻了才交軍人"}, {"comment_author": "squelch", "comment_date": ["04/13", "18:09"], "comment_content": "16歲也是未成年 只是能合法幹 現在"}, {"comment_author": "squelch", "comment_date": ["04/13", "18:09"], "comment_content": "問題是未成年應不應該給幹或去幹"}, {"comment_author": "squelch", "comment_date": ["04/13", "18:09"], "comment_content": "而不是合不合法的問題 這就是道德"}, {"comment_author": "squelch", "comment_date": ["04/13", "18:09"], "comment_content": "魔人在吵的地方"}, {"comment_author": "cynthiajul", "comment_date": ["04/13", "18:26"], "comment_content": "出社會的女生知道軍人是什麼程度，學"}, {"comment_author": "cynthiajul", "comment_date": ["04/13", "18:26"], "comment_content": "生妹還不懂好拐。"}, {"comment_author": "chinsong", "comment_date": ["04/13", "18:28"], "comment_content": "很急"}, {"comment_author": "cynthiajul", "comment_date": ["04/13", "18:31"], "comment_content": "鄉下一些智識程度較低的家庭也是以為"}, {"comment_author": "cynthiajul", "comment_date": ["04/13", "18:31"], "comment_content": "志願役很了不起很厲害的。"}, {"comment_author": "kiaia", "comment_date": ["04/13", "19:00"], "comment_content": "男生當兵女生當護士 這是村莊長輩們的第一"}, {"comment_author": "kiaia", "comment_date": ["04/13", "19:00"], "comment_content": "志願"}, {"comment_author": "qaz12453", "comment_date": ["04/13", "19:09"], "comment_content": "狀 制服 軍中蔣幹化應用 收入穩優"}, {"comment_author": "qaz12453", "comment_date": ["04/13", "19:10"], "comment_content": "光制服控 就比普通人多贏10到20分"}, {"comment_author": "littlelinsyu", "comment_date": ["04/13", "20:00"], "comment_content": "+9難道有腦袋思考嗎？"}, {"comment_author": "lifegoeson", "comment_date": ["04/13", "20:05"], "comment_content": "年齡是成年，但心智剛好中二，所以.."}, {"comment_author": "demitri", "comment_date": ["04/14", "03:37"], "comment_content": "當兵當到中二腦"}]}
