{"author": "PS5pro (索尼高階機台)", "category": "Gossiping", "title": "[問卦] 夜鷹都躲在哪裡？", "date": "Wed Apr 17 22:41:36 2024", "content": ["要睡了 結果夜鷹一直叫想說人道一點把夜鷹趕走就好但完全不知道夜鷹躲在哪裡有沒有這類的八卦--"], "post_comment": [{"comment_author": "Oeagrus", "comment_date": ["04/17", "22:42"], "comment_content": "樓下都在哪裡被肛屁眼"}, {"comment_author": "mikasamikoto", "comment_date": ["04/17", "22:42"], "comment_content": "樓下都在哪裡被猴痘甲肛？"}, {"comment_author": "iinstan", "comment_date": ["04/17", "22:42"], "comment_content": "衣櫥有尋過了嗎"}, {"comment_author": "bobocatcat", "comment_date": ["04/17", "22:43"], "comment_content": "躲在五樓褲襠裡"}, {"comment_author": "yuherngshi", "comment_date": ["04/17", "22:43"], "comment_content": "引擎蓋找一下"}, {"comment_author": "coolan", "comment_date": ["04/17", "22:43"], "comment_content": "應該在車底不應該在車裡"}, {"comment_author": "arch20161219", "comment_date": ["04/17", "22:43"], "comment_content": "夜晚遊走於人類空間與未知世界發出"}, {"comment_author": "arch20161219", "comment_date": ["04/17", "22:44"], "comment_content": "的聲音"}, {"comment_author": "dai3345678", "comment_date": ["04/17", "22:44"], "comment_content": ""}, {"comment_author": "dai3345678", "comment_date": ["04/17", "22:44"], "comment_content": "還生了蛋"}, {"comment_author": "theeht", "comment_date": ["04/17", "22:45"], "comment_content": "次元狹縫裡"}, {"comment_author": "dangercat5", "comment_date": ["04/17", "22:45"], "comment_content": "上面照片是鳥跟蛋嗎 酷欸可以養嗎"}, {"comment_author": "qwert810", "comment_date": ["04/17", "22:45"], "comment_content": "問看看夜鷹部隊"}, {"comment_author": "Karter", "comment_date": ["04/17", "22:46"], "comment_content": "趕走是三小 吵別人?"}, {"comment_author": "riker729", "comment_date": ["04/17", "22:48"], "comment_content": "樓頂 但你不可能清查所有建築樓頂"}, {"comment_author": "gx9900824", "comment_date": ["04/17", "22:48"], "comment_content": "阿克西斯上"}, {"comment_author": "riker729", "comment_date": ["04/17", "22:48"], "comment_content": "很多人平常也不去樓頂 所以消滅不了夜鷹"}, {"comment_author": "Benetnasch", "comment_date": ["04/17", "22:49"], "comment_content": "向左走向右走"}, {"comment_author": "fman", "comment_date": ["04/17", "22:49"], "comment_content": "通常是頂樓，但你也進不去所以也趕不走"}, {"comment_author": "hyuchi0202", "comment_date": ["04/17", "22:50"], "comment_content": "停電的時候台電會說在電線築巢"}, {"comment_author": "riker729", "comment_date": ["04/17", "22:51"], "comment_content": "會在電塔築巢的是喜鵲啦!"}, {"comment_author": "TolerTSAI", "comment_date": ["04/17", "22:52"], "comment_content": "頂樓 還直接產蛋在地板"}, {"comment_author": "NBC427", "comment_date": ["04/17", "22:54"], "comment_content": "沒叫才要怕 搞不好有天災先溜了"}, {"comment_author": "Arodz", "comment_date": ["04/17", "22:54"], "comment_content": "夜鷹不知道啦 但我知道台鋼的魔鷹很猛☺"}, {"comment_author": "gn01693664", "comment_date": ["04/17", "22:54"], "comment_content": "阿克西斯"}, {"comment_author": "HodorDragon", "comment_date": ["04/17", "22:56"], "comment_content": "夏亞"}, {"comment_author": "yayaya4567", "comment_date": ["04/17", "22:57"], "comment_content": "我都聽夜鷹叫聲助眠欸 趕走是三小啦？"}, {"comment_author": "asd510724", "comment_date": ["04/17", "22:58"], "comment_content": "我很人道，可以把夜鶯趕到你家嗎？"}, {"comment_author": "yuta02", "comment_date": ["04/17", "23:02"], "comment_content": "小草都躲在八卦板☺"}, {"comment_author": "tw77769", "comment_date": ["04/17", "23:03"], "comment_content": "其實很小隻"}, {"comment_author": "dreamdds", "comment_date": ["04/17", "23:05"], "comment_content": "頂樓 其實叫聲蠻規律的"}, {"comment_author": "chinnez", "comment_date": ["04/17", "23:08"], "comment_content": "問就是雙扇門後面"}, {"comment_author": "samuel880831", "comment_date": ["04/17", "23:10"], "comment_content": "夜鷺"}, {"comment_author": "samuel880831", "comment_date": ["04/17", "23:11"], "comment_content": "更吵"}, {"comment_author": "aries1985", "comment_date": ["04/17", "23:14"], "comment_content": "我覺得很可愛耶"}, {"comment_author": "kay00503", "comment_date": ["04/17", "23:15"], "comment_content": "屋頂吧"}, {"comment_author": "s32214", "comment_date": ["04/17", "23:27"], "comment_content": "屁眼找過嗎"}, {"comment_author": "GLUESTICK", "comment_date": ["04/17", "23:34"], "comment_content": "放沖天炮 反正抓不到"}, {"comment_author": "iosian", "comment_date": ["04/18", "00:07"], "comment_content": "台積八廠"}, {"comment_author": "j900414", "comment_date": ["04/18", "00:23"], "comment_content": "褲襠裡"}, {"comment_author": "jimshyanlee", "comment_date": ["04/18", "00:47"], "comment_content": "家裡多放一點海牛幫你驅趕"}, {"comment_author": "pupuputtt", "comment_date": ["04/18", "00:53"], "comment_content": "窩也覺得很可愛 純情的處男鳥鳥 也不"}, {"comment_author": "pupuputtt", "comment_date": ["04/18", "00:53"], "comment_content": "會到處亂拉屎"}, {"comment_author": "pttsux", "comment_date": ["04/18", "06:23"], "comment_content": "屋頂吧  可是很難找"}, {"comment_author": "chichung", "comment_date": ["04/18", "08:52"], "comment_content": "保護色也太強"}, {"comment_author": "mfa40", "comment_date": ["04/18", "10:50"], "comment_content": "9樓照片裡的也太可愛"}]}
