{"author": "nbarepeat (nbarepeat)", "category": "Gossiping", "title": "[問卦] 5寶家庭", "date": "Sat Apr 13 16:29:45 2024", "content": ["在車板看到有人生5寶感覺他們的家不是像很有錢的樣子也不是8+9這時代能夠生5寶真的很難得吧像這種家庭政府是不是應該特別表揚多一些補助寧願我的納稅錢給他們也不要給一些人出國去？-----Sent from JPTT on my iPhone--"], "post_comment": [{"comment_author": "Owen93", "comment_date": ["04/13", "16:30"], "comment_content": "吳寶春"}, {"comment_author": "Owen93", "comment_date": ["04/13", "16:30"], "comment_content": "一樓幽默"}, {"comment_author": "a94037501", "comment_date": ["04/13", "16:31"], "comment_content": "生兩個人口替代就好吧"}, {"comment_author": "heavensun", "comment_date": ["04/13", "16:31"], "comment_content": "五等分"}, {"comment_author": "ericthree", "comment_date": ["04/13", "16:32"], "comment_content": "金字塔沒底層都要倒了 還在生=="}, {"comment_author": "oringe96", "comment_date": ["04/13", "16:41"], "comment_content": "出一個將才就夠了，其他孩子高中畢業就"}, {"comment_author": "oringe96", "comment_date": ["04/13", "16:41"], "comment_content": "負責賺錢供養這個有機會的，大自然很多"}, {"comment_author": "oringe96", "comment_date": ["04/13", "16:42"], "comment_content": "物種都用這方式在延續基因"}, {"comment_author": "xkso", "comment_date": ["04/13", "17:04"], "comment_content": "給尊重。"}]}
