{"author": "vi000246 (Vi)", "category": "Gossiping", "title": "[問卦] 等等要幫台電壓力測試嗎", "date": "Mon Apr 15 20:43:41 2024", "content": ["聽說台電剛剛差點跳電好險有救回來可以開冷氣壓壓驚了大家要一起開16度幫忙壓力測試嗎有沒有八卦?--"], "post_comment": [{"comment_author": "k385476916", "comment_date": ["04/15", "20:44"], "comment_content": "早就開了"}, {"comment_author": "Anderson2023", "comment_date": ["04/15", "20:45"], "comment_content": "從沒關過"}, {"comment_author": "wubai1119", "comment_date": ["04/15", "20:45"], "comment_content": "麻煩測到中秋"}, {"comment_author": "kevin1221", "comment_date": ["04/15", "20:47"], "comment_content": "14900K頻率拉滿"}, {"comment_author": "danieloo", "comment_date": ["04/15", "20:48"], "comment_content": "慢了 九點一堆人就關機睡覺了 你冷氣開"}, {"comment_author": "danieloo", "comment_date": ["04/15", "20:48"], "comment_content": "大點 開到 ６度 好ㄇ"}, {"comment_author": "johnson2726", "comment_date": ["04/15", "21:18"], "comment_content": "下午就開始測試了 趕快上線"}]}
