{"author": "Qpera (烏拉博士)", "category": "Gossiping", "title": "[問卦] 40歲了還收到以前同學的喜帖問卷怎麼辦？", "date": "Sun Apr 14 13:31:22 2024", "content": ["我朋友啦不是我，都快四十歲勒還收到以前大學同學的喜帖問卷。畢業都十幾年沒怎麼跟同學聯絡了，居然還有人忽然就發問卷調查過來填。怎麼辦，要假裝沒看到嗎？有沒有八卦？-----Sent from JPTT on my HTC U11.--"], "post_comment": [{"comment_author": "gx8759121", "comment_date": ["04/14", "13:32"], "comment_content": "不熟就丟垃圾桶了還需要問?"}, {"comment_author": "t127147157", "comment_date": ["04/14", "13:32"], "comment_content": "肛"}, {"comment_author": "derrick1220", "comment_date": ["04/14", "13:32"], "comment_content": "我也收過 很瞎"}, {"comment_author": "lhs019", "comment_date": ["04/14", "13:32"], "comment_content": "你朋友是不是就是你自己？"}, {"comment_author": "theeht", "comment_date": ["04/14", "13:32"], "comment_content": "40歲了還不知道沒人在乎?"}, {"comment_author": "fujimoto", "comment_date": ["04/14", "13:32"], "comment_content": "裝沒看到"}, {"comment_author": "lipstick", "comment_date": ["04/14", "13:33"], "comment_content": "只有結婚會找你而已"}, {"comment_author": "a0000000001f", "comment_date": ["04/14", "13:34"], "comment_content": "日子過太閒又不缺錢就去，婚宴過後"}, {"comment_author": "a0000000001f", "comment_date": ["04/14", "13:35"], "comment_content": "一如既往毫無波瀾可言囉！"}, {"comment_author": "piece1", "comment_date": ["04/14", "13:36"], "comment_content": "這歲數發帖是二婚嗎？"}, {"comment_author": "onomedu", "comment_date": ["04/14", "13:38"], "comment_content": "你結婚有發給他嗎？他有包紅包嗎？如果"}, {"comment_author": "onomedu", "comment_date": ["04/14", "13:38"], "comment_content": "有，就一定要還的，不要裝無辜。"}, {"comment_author": "randy68429", "comment_date": ["04/14", "13:45"], "comment_content": "40歲了這種問題還問別人？"}, {"comment_author": "EXUAN", "comment_date": ["04/14", "13:52"], "comment_content": "湊人數"}, {"comment_author": "g1254501", "comment_date": ["04/14", "13:56"], "comment_content": "你484看起來很盤？"}, {"comment_author": "ymx3xc", "comment_date": ["04/14", "14:02"], "comment_content": "日子過得優閒可以去看看啦~"}, {"comment_author": "ymx3xc", "comment_date": ["04/14", "14:02"], "comment_content": "這個年紀除非有持續保持聯絡，不然就是去"}, {"comment_author": "mono1023", "comment_date": ["04/14", "14:02"], "comment_content": "就是不熟才用問卷阿 我連問都沒問"}, {"comment_author": "ymx3xc", "comment_date": ["04/14", "14:03"], "comment_content": "湊咖的"}, {"comment_author": "qmaper", "comment_date": ["04/14", "14:08"], "comment_content": "當初有炸人家就要還~沒有又沒交情就別鳥"}, {"comment_author": "lou", "comment_date": ["04/14", "14:19"], "comment_content": "你是混的不好，還是人緣太差，連個紅包都包"}, {"comment_author": "lou", "comment_date": ["04/14", "14:20"], "comment_content": "不出去？對了，你未婚喔…"}, {"comment_author": "GABA", "comment_date": ["04/14", "14:36"], "comment_content": "用google問卷但沒來打招呼的一律無視 有夠"}, {"comment_author": "GABA", "comment_date": ["04/14", "14:36"], "comment_content": "沒禮貌"}, {"comment_author": "Qpera", "comment_date": ["04/14", "14:38"], "comment_content": "真的是！"}, {"comment_author": "GABA", "comment_date": ["04/14", "14:38"], "comment_content": "\"不熟才用問卷 只有結婚才想到你\" 那去不去"}, {"comment_author": "GABA", "comment_date": ["04/14", "14:38"], "comment_content": "包不包不是很容易決定了嗎！"}, {"comment_author": "SPOT2525", "comment_date": ["04/14", "15:16"], "comment_content": "卷券..嘻嘻"}, {"comment_author": "jsie", "comment_date": ["04/14", "16:02"], "comment_content": "只有結婚會找你而已"}, {"comment_author": "clovergirl", "comment_date": ["04/14", "16:23"], "comment_content": "不熟就忽略囉"}]}
