{"author": "a0802459 (王月可可)", "category": "Gossiping", "title": "[問卦] 超哥：你不尊重我 我就把你從四樓丟下去", "date": "Tue Apr 16 08:03:09 2024", "content": ["感覺過了幾個月回來超哥一點進步都沒有開口閉口還是覺得毒椅仔的錯之前看過直播覺沒到那麼誇張惡意感覺超哥怨念超深好像被打的才是他一樣並且表示不可能直播跟毒麻椅同台因為他是一個雜修而且兩人水準不同他都講好話另一個只會批評、壞話、尖酸刻薄雖然我不喜歡香港詐賭 販毒仔但超哥感覺也蠻讓人欣賞不來只會一味甩錯給別人--"], "post_comment": [{"comment_author": "a27588679", "comment_date": ["04/16", "08:03"], "comment_content": "半斤八兩"}, {"comment_author": "Dinenger", "comment_date": ["04/16", "08:04"], "comment_content": "我們華人"}, {"comment_author": "yeng1217", "comment_date": ["04/16", "08:04"], "comment_content": "看來覺得風頭過了ww"}, {"comment_author": "LincolnBoy", "comment_date": ["04/16", "08:04"], "comment_content": "推我們超哥 永遠支持超哥"}, {"comment_author": "milk7054", "comment_date": ["04/16", "08:04"], "comment_content": "公然恐嚇，鴿子又裝睡"}, {"comment_author": "LincolnBoy", "comment_date": ["04/16", "08:04"], "comment_content": "我們華人之光"}, {"comment_author": "doro0202", "comment_date": ["04/16", "08:04"], "comment_content": "吸毒+9 vs 暴力+9"}, {"comment_author": "t20031210", "comment_date": ["04/16", "08:04"], "comment_content": "哥倆好，偽君子跟真小人，不是冤家不"}, {"comment_author": "t20031210", "comment_date": ["04/16", "08:04"], "comment_content": "聚頭"}, {"comment_author": "Forcast", "comment_date": ["04/16", "08:05"], "comment_content": "問削波塊那位"}, {"comment_author": "s01714", "comment_date": ["04/16", "08:05"], "comment_content": "就南部仔普遍水準啊，你期待他們能"}, {"comment_author": "bibyy", "comment_date": ["04/16", "08:05"], "comment_content": "哈哈 一樣垃圾"}, {"comment_author": "s01714", "comment_date": ["04/16", "08:05"], "comment_content": "開竅嗎"}, {"comment_author": "a31324285", "comment_date": ["04/16", "08:05"], "comment_content": "華性難移"}, {"comment_author": "a51062004", "comment_date": ["04/16", "08:06"], "comment_content": "人家後面有人 別怕"}, {"comment_author": "dsfrf", "comment_date": ["04/16", "08:06"], "comment_content": "你他媽8+9打人就乖乖進監獄掰屁眼辣，哪來"}, {"comment_author": "coffee112", "comment_date": ["04/16", "08:06"], "comment_content": "超哥說什麼都對 律師也是這麼認為"}, {"comment_author": "dsfrf", "comment_date": ["04/16", "08:06"], "comment_content": "那摸多屁話。"}, {"comment_author": "afgfg", "comment_date": ["04/16", "08:06"], "comment_content": "這訪問可以當呈堂證供嗎？"}, {"comment_author": "bibyy", "comment_date": ["04/16", "08:06"], "comment_content": "他也很愛講人家啦"}, {"comment_author": "MOAI", "comment_date": ["04/16", "08:06"], "comment_content": "八卦是你還在關心這個人喔?"}, {"comment_author": "afgfg", "comment_date": ["04/16", "08:07"], "comment_content": "某律師認證的高分道歉 哈哈哈哈"}, {"comment_author": "gaym19", "comment_date": ["04/16", "08:07"], "comment_content": "toyz律師又有素材可以給法官了"}, {"comment_author": "sm905202", "comment_date": ["04/16", "08:07"], "comment_content": "法律怎麼了...恐嚇欸 不用處理的嗎"}, {"comment_author": "coffee112", "comment_date": ["04/16", "08:08"], "comment_content": ""}, {"comment_author": "globin", "comment_date": ["04/16", "08:08"], "comment_content": "傻子都愛花時間看這種，很奇怪嗎"}, {"comment_author": "class21535", "comment_date": ["04/16", "08:08"], "comment_content": "統神嘴泡比他打人還嚴重XD"}, {"comment_author": "m2468310", "comment_date": ["04/16", "08:08"], "comment_content": "糟糕"}, {"comment_author": "MrUncle", "comment_date": ["04/16", "08:08"], "comment_content": "YT上那麼多沒用的垃圾片能看，偏要看這"}, {"comment_author": "MrUncle", "comment_date": ["04/16", "08:08"], "comment_content": "個？"}, {"comment_author": "yoyodio", "comment_date": ["04/16", "08:08"], "comment_content": "一個假廢人設仔"}, {"comment_author": "coffee112", "comment_date": ["04/16", "08:09"], "comment_content": ""}, {"comment_author": "yeng1217", "comment_date": ["04/16", "08:09"], "comment_content": "恐嚇？人家巴庫很大欸 恐嚇又怎樣"}, {"comment_author": "Haqua", "comment_date": ["04/16", "08:09"], "comment_content": "只會像狗一樣吠 什麼時候打拳上啦"}, {"comment_author": "llgod", "comment_date": ["04/16", "08:09"], "comment_content": "難怪一堆人被跳樓"}, {"comment_author": "chinhan1216", "comment_date": ["04/16", "08:09"], "comment_content": "狗咬狗"}, {"comment_author": "DDG1000", "comment_date": ["04/16", "08:10"], "comment_content": "膨脹過頭"}, {"comment_author": "tv5566", "comment_date": ["04/16", "08:10"], "comment_content": "連買春錢都要欠的人"}, {"comment_author": "Tsyu", "comment_date": ["04/16", "08:10"], "comment_content": "躲完風頭回來發現風向不在最近這一邊不知道"}, {"comment_author": "Tsyu", "comment_date": ["04/16", "08:10"], "comment_content": "會有什麼感想"}, {"comment_author": "scum5566", "comment_date": ["04/16", "08:10"], "comment_content": "八卦是你還在看他的片"}, {"comment_author": "retrud", "comment_date": ["04/16", "08:11"], "comment_content": "台灣的包容性還真大 巨嬰還有市場"}, {"comment_author": "moneygg", "comment_date": ["04/16", "08:11"], "comment_content": "8+9而已"}, {"comment_author": "moy5566", "comment_date": ["04/16", "08:11"], "comment_content": "讚啦 我們華人就是這麼帥"}, {"comment_author": "s66449", "comment_date": ["04/16", "08:11"], "comment_content": "兩個都差不多"}, {"comment_author": "s155260", "comment_date": ["04/16", "08:12"], "comment_content": "家裡有錢就是爽"}, {"comment_author": "Neo0215", "comment_date": ["04/16", "08:12"], "comment_content": "到底誰在看這種人"}, {"comment_author": "cchh179", "comment_date": ["04/16", "08:12"], "comment_content": "那為什麼還要跟椅子當同事？如果沒有椅"}, {"comment_author": "cchh179", "comment_date": ["04/16", "08:12"], "comment_content": "子這件事 浪會去邀請超哥嗎？"}, {"comment_author": "nekogogogo2", "comment_date": ["04/16", "08:12"], "comment_content": "台灣果然是犯罪島"}, {"comment_author": "cchh179", "comment_date": ["04/16", "08:12"], "comment_content": "說穿了就是為了錢嘛"}, {"comment_author": "yuki2474", "comment_date": ["04/16", "08:13"], "comment_content": "好口年"}, {"comment_author": "slimfat0202", "comment_date": ["04/16", "08:14"], "comment_content": "垃圾網紅又要靠極端言論來博取流量，"}, {"comment_author": "slimfat0202", "comment_date": ["04/16", "08:14"], "comment_content": "最好方式就是無視，沒有流量就無法兌"}, {"comment_author": "slimfat0202", "comment_date": ["04/16", "08:14"], "comment_content": "現成金錢，望週之"}, {"comment_author": "hn013579", "comment_date": ["04/16", "08:14"], "comment_content": "爽 台灣就是要多一點超哥 才會進步"}, {"comment_author": "MAXcafe", "comment_date": ["04/16", "08:15"], "comment_content": "年初全國在震怒未成年89殺人，現在成年8"}, {"comment_author": "pyroblast", "comment_date": ["04/16", "08:15"], "comment_content": "這傢伙還沒死喔"}, {"comment_author": "rommel1990", "comment_date": ["04/16", "08:15"], "comment_content": "古惑仔"}, {"comment_author": "MAXcafe", "comment_date": ["04/16", "08:15"], "comment_content": "9又一堆人追捧，奇葩國家"}, {"comment_author": "bruce511239", "comment_date": ["04/16", "08:15"], "comment_content": "中肯 超派"}, {"comment_author": "zweihander99", "comment_date": ["04/16", "08:16"], "comment_content": "這咖就8+9還有人支持，笑死"}, {"comment_author": "Forcast", "comment_date": ["04/16", "08:17"], "comment_content": "去越南買嗎"}, {"comment_author": "sm3bp078", "comment_date": ["04/16", "08:17"], "comment_content": "那你不就殺很多人了  好了啦超哥"}, {"comment_author": "druu", "comment_date": ["04/16", "08:17"], "comment_content": "半斤八兩"}, {"comment_author": "pdz", "comment_date": ["04/16", "08:20"], "comment_content": "一個販毒不知何時才會遣返 一個打人交保了事"}, {"comment_author": "pdz", "comment_date": ["04/16", "08:20"], "comment_content": "台灣司法就是這麼讚"}, {"comment_author": "aaaa8866", "comment_date": ["04/16", "08:20"], "comment_content": "人家綠屍認證沒問題的欸"}, {"comment_author": "Ronwill955", "comment_date": ["04/16", "08:21"], "comment_content": "雜碎說雜碎是雜碎"}, {"comment_author": "machiusheng", "comment_date": ["04/16", "08:22"], "comment_content": "40%：繼續檢討想幹17歲"}, {"comment_author": "kevin31a2", "comment_date": ["04/16", "08:23"], "comment_content": "該報警了吧"}, {"comment_author": "huabandd", "comment_date": ["04/16", "08:23"], "comment_content": "這貨就是笑話，用他的人生來演繹什麼叫"}, {"comment_author": "losmith", "comment_date": ["04/16", "08:23"], "comment_content": "後臺夠硬，還沒判決就敢這樣公開嗆聲喔?"}, {"comment_author": "huabandd", "comment_date": ["04/16", "08:23"], "comment_content": "做最低級的笑話"}, {"comment_author": "iamandre", "comment_date": ["04/16", "08:23"], "comment_content": "討論這些人要幹啥"}, {"comment_author": "heureuxseed", "comment_date": ["04/16", "08:23"], "comment_content": "我最喜歡東西從高空落下來那種感覺"}, {"comment_author": "ohrring", "comment_date": ["04/16", "08:23"], "comment_content": "哈哈酸民再嗆也是現在，遲早都要花大錢進"}, {"comment_author": "ohrring", "comment_date": ["04/16", "08:23"], "comment_content": "他們家的長照集團，到時候嘴臭被查到就"}, {"comment_author": "ohrring", "comment_date": ["04/16", "08:23"], "comment_content": "不止超派鐵拳了哈哈"}, {"comment_author": "q09701023", "comment_date": ["04/16", "08:26"], "comment_content": "真心覺得恐怖"}, {"comment_author": "MikeyWill", "comment_date": ["04/16", "08:26"], "comment_content": "這種人沒被關 台灣是怎麼了"}, {"comment_author": "hoho5410", "comment_date": ["04/16", "08:27"], "comment_content": "跟椅子上擂台啊，講一堆"}, {"comment_author": "belucky", "comment_date": ["04/16", "08:27"], "comment_content": "這種人還有人支持阿 笑死  超粉出來洗地"}, {"comment_author": "belucky", "comment_date": ["04/16", "08:27"], "comment_content": "嘍"}, {"comment_author": "TomChu", "comment_date": ["04/16", "08:27"], "comment_content": "八卦是你還在看他"}, {"comment_author": "ccufcc", "comment_date": ["04/16", "08:29"], "comment_content": "一開始就不會看垃圾"}, {"comment_author": "gsinin", "comment_date": ["04/16", "08:29"], "comment_content": "8+9就是狗改不了吃屎"}, {"comment_author": "TOCIBS", "comment_date": ["04/16", "08:29"], "comment_content": "真的是低能兒"}, {"comment_author": "poz93", "comment_date": ["04/16", "08:30"], "comment_content": "統神變統人後 原本那些喜歡人講真話的統粉"}, {"comment_author": "poz93", "comment_date": ["04/16", "08:30"], "comment_content": "要轉去當超粉了"}, {"comment_author": "b95202075", "comment_date": ["04/16", "08:30"], "comment_content": "華人代表：忍無可忍 無需再忍"}, {"comment_author": "b95202075", "comment_date": ["04/16", "08:30"], "comment_content": "難怪街頭89這麼多…."}, {"comment_author": "qxrvymo", "comment_date": ["04/16", "08:33"], "comment_content": "有錢就不需要認錯"}, {"comment_author": "DPP48", "comment_date": ["04/16", "08:33"], "comment_content": "台灣至少表面上還是個法治社會，大家都還"}, {"comment_author": "DPP48", "comment_date": ["04/16", "08:34"], "comment_content": "會演一下不要傷了皇城內的和氣，像這種粗"}, {"comment_author": "DPP48", "comment_date": ["04/16", "08:34"], "comment_content": "暴言論是不會被接受的"}, {"comment_author": "deity1266", "comment_date": ["04/16", "08:35"], "comment_content": "誰想吃超派鐵拳"}, {"comment_author": "a740125", "comment_date": ["04/16", "08:35"], "comment_content": "塔綠斑相煎何太急"}, {"comment_author": "xaxa0101", "comment_date": ["04/16", "08:35"], "comment_content": "八掛是你還在看超鴿"}, {"comment_author": "a740125", "comment_date": ["04/16", "08:36"], "comment_content": "民進黨要幫洗聲量啊 應該會先當立委"}, {"comment_author": "ashkaze", "comment_date": ["04/16", "08:37"], "comment_content": "避完風頭又出來恐嚇 可以這很8+9"}, {"comment_author": "Chen7", "comment_date": ["04/16", "08:37"], "comment_content": "黑道垃圾真是沒有在藏的"}, {"comment_author": "tbere2002", "comment_date": ["04/16", "08:38"], "comment_content": "綠色的就這樣啊"}, {"comment_author": "ledmstony", "comment_date": ["04/16", "08:38"], "comment_content": "可憐巨嬰"}, {"comment_author": "dowbane", "comment_date": ["04/16", "08:40"], "comment_content": "還有人叫這種人x哥才好笑，這種人憑什麼"}, {"comment_author": "dowbane", "comment_date": ["04/16", "08:40"], "comment_content": "嘻嘻"}, {"comment_author": "goingtoofar", "comment_date": ["04/16", "08:40"], "comment_content": "台灣人最愛 89風"}, {"comment_author": "bleach5438", "comment_date": ["04/16", "08:41"], "comment_content": "律師最愛的咖"}, {"comment_author": "wirecut", "comment_date": ["04/16", "08:41"], "comment_content": "超派"}, {"comment_author": "zzzzzzzzzzzy", "comment_date": ["04/16", "08:41"], "comment_content": "這種人不用跟他廢話，永遠說不得"}, {"comment_author": "leo125160909", "comment_date": ["04/16", "08:42"], "comment_content": "台灣人最愛看這種"}, {"comment_author": "kahn298", "comment_date": ["04/16", "08:43"], "comment_content": "打人是不對的 但是打對人 垃圾毒蟲趕快"}, {"comment_author": "kahn298", "comment_date": ["04/16", "08:43"], "comment_content": "去關啦"}, {"comment_author": "retrud", "comment_date": ["04/16", "08:44"], "comment_content": "超派鐵拳 中二支持中二 8+9的偶像勿嘴"}, {"comment_author": "soulboy330", "comment_date": ["04/16", "08:44"], "comment_content": "八加九水準"}, {"comment_author": "thg156yu789", "comment_date": ["04/16", "08:45"], "comment_content": "律師最愛這種有錢又常惹事的人"}, {"comment_author": "ericthree", "comment_date": ["04/16", "08:45"], "comment_content": "丟了叫我"}, {"comment_author": "lain2002", "comment_date": ["04/16", "08:46"], "comment_content": "法律怎麼了,有比黨大嗎？"}, {"comment_author": "ASUSboy", "comment_date": ["04/16", "08:47"], "comment_content": "笑死看起來也沒多能打，誰丟誰還不知道呢"}, {"comment_author": "andre9", "comment_date": ["04/16", "08:48"], "comment_content": "事實阿 扁他剛好"}, {"comment_author": "ginobili62", "comment_date": ["04/16", "08:48"], "comment_content": "你以為你是劉德華喔，你這個醜男"}, {"comment_author": "FANONE", "comment_date": ["04/16", "08:49"], "comment_content": "沒進去關？"}, {"comment_author": "wryyyyyyyy", "comment_date": ["04/16", "08:49"], "comment_content": "89加油 最好打死人關進去"}, {"comment_author": "kiergh", "comment_date": ["04/16", "08:50"], "comment_content": "丟丟看啊"}, {"comment_author": "tinlovebi", "comment_date": ["04/16", "08:50"], "comment_content": "感覺滿嘴髒話 哪有好話"}, {"comment_author": "way7344", "comment_date": ["04/16", "08:51"], "comment_content": "營真綠師的標準～～"}, {"comment_author": "monster104", "comment_date": ["04/16", "08:54"], "comment_content": "販毒不用關 大人大概也不用吧"}, {"comment_author": "daJas", "comment_date": ["04/16", "08:54"], "comment_content": "悲哀"}, {"comment_author": "alu2904", "comment_date": ["04/16", "08:54"], "comment_content": "我們華人都跟我一樣智障"}, {"comment_author": "JonnyJostar", "comment_date": ["04/16", "08:55"], "comment_content": "讚 這就是台灣人愛的。超哥做自己讚"}, {"comment_author": "justiceyes", "comment_date": ["04/16", "08:56"], "comment_content": "等看以後，呵呵"}, {"comment_author": "clone29", "comment_date": ["04/16", "08:57"], "comment_content": "講的出來別作不到"}, {"comment_author": "QooSnow", "comment_date": ["04/16", "08:58"], "comment_content": "這比桶神的言論嚴重超多，但是党不想出征"}, {"comment_author": "QooSnow", "comment_date": ["04/16", "08:59"], "comment_content": "，就燒不起來。"}, {"comment_author": "dd1115dd1115", "comment_date": ["04/16", "08:59"], "comment_content": "可憐"}, {"comment_author": "cogitation", "comment_date": ["04/16", "09:00"], "comment_content": "一個有冠軍頭銜 一個有好爸爸"}, {"comment_author": "GOD5566", "comment_date": ["04/16", "09:01"], "comment_content": "在外面混那麼久口條只有這樣 慘慘"}, {"comment_author": "sheepxo", "comment_date": ["04/16", "09:01"], "comment_content": "殺人意圖"}, {"comment_author": "f130025897", "comment_date": ["04/16", "09:05"], "comment_content": "半斤八兩又自我感覺良好的爛咖"}, {"comment_author": "kiss78832", "comment_date": ["04/16", "09:05"], "comment_content": "同溫層到底多厚…可能讓他有這種自信"}, {"comment_author": "Wolverin5566", "comment_date": ["04/16", "09:06"], "comment_content": "某律師怎沒被出征 嘻嘻 側翼不是最"}, {"comment_author": "Wolverin5566", "comment_date": ["04/16", "09:06"], "comment_content": "正義了嗎 嘻嘻 還是出征的又變柯糞"}, {"comment_author": "Wolverin5566", "comment_date": ["04/16", "09:06"], "comment_content": "了"}, {"comment_author": "t8756321", "comment_date": ["04/16", "09:06"], "comment_content": "半斤八兩"}, {"comment_author": "westhaown", "comment_date": ["04/16", "09:07"], "comment_content": "販毒垃圾 靠爸巨嬰也是個垃圾"}, {"comment_author": "leo255112", "comment_date": ["04/16", "09:08"], "comment_content": "講的是好話，卻幹打人的勾當"}, {"comment_author": "JiaSaiLa", "comment_date": ["04/16", "09:08"], "comment_content": "可悲8+9 家族之恥ㄏ"}, {"comment_author": "hsiang1049", "comment_date": ["04/16", "09:10"], "comment_content": "可悲"}, {"comment_author": "westhaown", "comment_date": ["04/16", "09:10"], "comment_content": "警政後代、姻親都這種等級的 不意外"}, {"comment_author": "mozaiwen", "comment_date": ["04/16", "09:10"], "comment_content": "我們滑人最愛面子了，不給面子94欠揍。"}, {"comment_author": "PCC2003", "comment_date": ["04/16", "09:11"], "comment_content": "依然是個8+9"}, {"comment_author": "Guoplus", "comment_date": ["04/16", "09:11"], "comment_content": "暴發戶氣味消都消不掉 可憐"}, {"comment_author": "R3hab", "comment_date": ["04/16", "09:11"], "comment_content": "你分局長岳母支持你打人嗎 可悲"}, {"comment_author": "J0SOCUTE", "comment_date": ["04/16", "09:12"], "comment_content": "支持這咖的素質普遍也ㄏ"}, {"comment_author": "yumika", "comment_date": ["04/16", "09:12"], "comment_content": "塔綠班最愛"}, {"comment_author": "Shimotsukin", "comment_date": ["04/16", "09:15"], "comment_content": "他還在喔？"}, {"comment_author": "Cactusman", "comment_date": ["04/16", "09:15"], "comment_content": "我們華人"}, {"comment_author": "sp036378", "comment_date": ["04/16", "09:15"], "comment_content": "小草男神"}, {"comment_author": "libraghost", "comment_date": ["04/16", "09:16"], "comment_content": "超派啦，說實話比統神強多了"}, {"comment_author": "lookptt", "comment_date": ["04/16", "09:16"], "comment_content": "黑白通吃"}, {"comment_author": "haha1234", "comment_date": ["04/16", "09:16"], "comment_content": "自我介紹?"}, {"comment_author": "youmehe", "comment_date": ["04/16", "09:18"], "comment_content": "因為有效阿，不然你問問椅子還敢不敢去^^"}, {"comment_author": "phenom42", "comment_date": ["04/16", "09:18"], "comment_content": "公然恐嚇耶 厲害了"}, {"comment_author": "rosydark", "comment_date": ["04/16", "09:24"], "comment_content": "狗咬狗"}, {"comment_author": "fidelity77", "comment_date": ["04/16", "09:24"], "comment_content": "問題是40%覺得統神失言比超哥打人還嚴"}, {"comment_author": "fidelity77", "comment_date": ["04/16", "09:24"], "comment_content": "重"}, {"comment_author": "jack90352", "comment_date": ["04/16", "09:26"], "comment_content": "有錢89在那蹭流量，跟麻椅一個屌樣"}, {"comment_author": "may60524", "comment_date": ["04/16", "09:27"], "comment_content": "你們華人"}, {"comment_author": "haniah", "comment_date": ["04/16", "09:30"], "comment_content": "垃圾無誤"}, {"comment_author": "n790321", "comment_date": ["04/16", "09:30"], "comment_content": "有夠白癡"}, {"comment_author": "ChikanDesu", "comment_date": ["04/16", "09:30"], "comment_content": "怎麼很像Breaking bad 的Tuco"}, {"comment_author": "qaz556644", "comment_date": ["04/16", "09:31"], "comment_content": "想看他把麻椅丟下去 然後兩個一起下去"}, {"comment_author": "qaz556644", "comment_date": ["04/16", "09:31"], "comment_content": " 期待"}, {"comment_author": "vowpool", "comment_date": ["04/16", "09:31"], "comment_content": "低能仔自己從四樓跳下去才對吧"}, {"comment_author": "hauwie", "comment_date": ["04/16", "09:32"], "comment_content": "他講話真的超low XD 就算戴幾百萬的錶 開"}, {"comment_author": "hauwie", "comment_date": ["04/16", "09:32"], "comment_content": "超跑 都藏不住那個+9氣質 LOW到不行"}, {"comment_author": "GGstud", "comment_date": ["04/16", "09:34"], "comment_content": "真心不懂他的家庭怎麼能夠養出這種素質的"}, {"comment_author": "EXUAN", "comment_date": ["04/16", "09:34"], "comment_content": "同理他不尊重別人，別人也可以把他往下丟"}, {"comment_author": "EXUAN", "comment_date": ["04/16", "09:35"], "comment_content": "他不會雙標吧"}, {"comment_author": "GGstud", "comment_date": ["04/16", "09:35"], "comment_content": "人，他家不是都高知識分子嗎"}, {"comment_author": "KayRoe", "comment_date": ["04/16", "09:35"], "comment_content": "理他幹嘛 他就沒教育 拿爸爸錢來裝B的自卑"}, {"comment_author": "KayRoe", "comment_date": ["04/16", "09:35"], "comment_content": "仔"}, {"comment_author": "EXUAN", "comment_date": ["04/16", "09:36"], "comment_content": "如果是這樣，他不知道被別人丟了幾百次"}, {"comment_author": "EXUAN", "comment_date": ["04/16", "09:37"], "comment_content": "不過大家人很好，超派～"}, {"comment_author": "hauwie", "comment_date": ["04/16", "09:37"], "comment_content": "花重金包裝自己 結果還是藏不住+9味"}, {"comment_author": "ab566", "comment_date": ["04/16", "09:37"], "comment_content": "怎麼不抓去關蛤"}, {"comment_author": "annela", "comment_date": ["04/16", "09:37"], "comment_content": "不懂為什麼他妹跟他同一個家庭長大還可以"}, {"comment_author": "annela", "comment_date": ["04/16", "09:37"], "comment_content": "差這麼多 要養成一樣不太可能 但這也太誇"}, {"comment_author": "annela", "comment_date": ["04/16", "09:38"], "comment_content": "張了吧 超派"}, {"comment_author": "kattte", "comment_date": ["04/16", "09:39"], "comment_content": "同類相輕"}, {"comment_author": "yutzuhsiang", "comment_date": ["04/16", "09:39"], "comment_content": "這種水準難怪得不到尊重 笑死人的89"}, {"comment_author": "cmcmcmcm2", "comment_date": ["04/16", "09:41"], "comment_content": "超哥更糟啊xDD 直接傷害別人有啥好說"}, {"comment_author": "cmcmcmcm2", "comment_date": ["04/16", "09:41"], "comment_content": "的www 好像自己很真誠一樣"}, {"comment_author": "qkla", "comment_date": ["04/16", "09:42"], "comment_content": "超派"}, {"comment_author": "clare", "comment_date": ["04/16", "09:42"], "comment_content": "不就靠爸老+9？"}, {"comment_author": "jay920314", "comment_date": ["04/16", "09:43"], "comment_content": "意外嗎"}, {"comment_author": "histing", "comment_date": ["04/16", "09:44"], "comment_content": "我都愛聽好話 你講實話就丟下去"}, {"comment_author": "kazake", "comment_date": ["04/16", "09:44"], "comment_content": "唯一支持25年塑膠日料經驗"}, {"comment_author": "jk01", "comment_date": ["04/16", "09:45"], "comment_content": "台灣是公認犯罪天堂"}, {"comment_author": "gghost1002", "comment_date": ["04/16", "09:46"], "comment_content": "到底什麼人會看這種YT"}, {"comment_author": "henry200323", "comment_date": ["04/16", "09:48"], "comment_content": "只有低端才會看這個人吧"}, {"comment_author": "cmcmisgod", "comment_date": ["04/16", "09:50"], "comment_content": "販毒狗等你丟了 周處除三害"}, {"comment_author": "a949949", "comment_date": ["04/16", "09:50"], "comment_content": "給噓 從重量刑"}, {"comment_author": "z0", "comment_date": ["04/16", "09:51"], "comment_content": "麻蟲跟+9 鄉民都不要的垃圾"}, {"comment_author": "f11299723", "comment_date": ["04/16", "09:51"], "comment_content": "可悲仔一個"}, {"comment_author": "tank9", "comment_date": ["04/16", "09:51"], "comment_content": "還是一樣低水準"}, {"comment_author": "niniikoski", "comment_date": ["04/16", "09:51"], "comment_content": "多數民意也都支持超哥的做法"}, {"comment_author": "bnebne789", "comment_date": ["04/16", "09:55"], "comment_content": "講好話 出好拳"}, {"comment_author": "jimmytaipei", "comment_date": ["04/16", "09:57"], "comment_content": "沒看過富二代這麼沒水準的"}, {"comment_author": "a888168tw", "comment_date": ["04/16", "09:58"], "comment_content": "連買春錢都要欠的人"}, {"comment_author": "lucdiane", "comment_date": ["04/16", "09:58"], "comment_content": "囂張到不行的8+9"}, {"comment_author": "TommyHil", "comment_date": ["04/16", "10:00"], "comment_content": "蠻悲哀的人"}, {"comment_author": "sasado", "comment_date": ["04/16", "10:03"], "comment_content": "老流氓"}, {"comment_author": "ashkaze", "comment_date": ["04/16", "10:05"], "comment_content": "兄妹落差大猜是重男輕女的關係吧，不受"}, {"comment_author": "ashkaze", "comment_date": ["04/16", "10:05"], "comment_content": "寵的那個會早早就做好自食其力的準備"}, {"comment_author": "defreestijl", "comment_date": ["04/16", "10:05"], "comment_content": "毒粉自己主子都沒坐牢了還好意思談法"}, {"comment_author": "ymlin0331", "comment_date": ["04/16", "10:06"], "comment_content": "超哥這樣講可以嗎？"}, {"comment_author": "ashkaze", "comment_date": ["04/16", "10:06"], "comment_content": "寵壞的不孝子狀況這太常見了"}, {"comment_author": "godhand", "comment_date": ["04/16", "10:09"], "comment_content": "講話還是這麼low 根本台灣生番"}, {"comment_author": "hoij79627", "comment_date": ["04/16", "10:09"], "comment_content": "毛骨悚然"}, {"comment_author": "ivla8432", "comment_date": ["04/16", "10:09"], "comment_content": "阿超腦子不清楚"}, {"comment_author": "PlayStation6", "comment_date": ["04/16", "10:10"], "comment_content": "鄉民不是都來看戲的嗎"}, {"comment_author": "PlayStation6", "comment_date": ["04/16", "10:10"], "comment_content": "誰在意兩個小丑誰對誰錯"}, {"comment_author": "Zechen89", "comment_date": ["04/16", "10:12"], "comment_content": "89名言"}, {"comment_author": "Murloc", "comment_date": ["04/16", "10:14"], "comment_content": "不是還在審理期間嗎？給法官提供毫無悔意"}, {"comment_author": "Murloc", "comment_date": ["04/16", "10:14"], "comment_content": "的證據是在幹嘛，笑死"}, {"comment_author": "jaeomes", "comment_date": ["04/16", "10:14"], "comment_content": "下一個大概換他被神罰吧"}, {"comment_author": "ppifer", "comment_date": ["04/16", "10:14"], "comment_content": "還有人在看喔..."}, {"comment_author": "xj4m3", "comment_date": ["04/16", "10:15"], "comment_content": "40%最支持的嘴秋就該打阿嘻嘻"}, {"comment_author": "Faicha", "comment_date": ["04/16", "10:15"], "comment_content": "都是+9需要分這麼細嗎？"}, {"comment_author": "KingChaly", "comment_date": ["04/16", "10:16"], "comment_content": "思想上的低端仔"}, {"comment_author": "Page122", "comment_date": ["04/16", "10:18"], "comment_content": "阿航最挺的有錢89 帥帥帥"}, {"comment_author": "Page122", "comment_date": ["04/16", "10:18"], "comment_content": "有錢說甚麼都可以 忍無忍忍"}, {"comment_author": "MDAISUKE18", "comment_date": ["04/16", "10:19"], "comment_content": "？所以是覺得動手的比動嘴的高尚就是"}, {"comment_author": "MDAISUKE18", "comment_date": ["04/16", "10:19"], "comment_content": "了"}, {"comment_author": "keith3a3a", "comment_date": ["04/16", "10:21"], "comment_content": "到底又扯台灣人是怎樣，關所有人屁事"}, {"comment_author": "DBSS", "comment_date": ["04/16", "10:22"], "comment_content": "東西難吃又不衛生 被說出來就是不尊重?"}, {"comment_author": "Totoro0802", "comment_date": ["04/16", "10:22"], "comment_content": "兩隻瘋狗"}, {"comment_author": "dx4368", "comment_date": ["04/16", "10:22"], "comment_content": "覺得風頭過了齁"}, {"comment_author": "LBJKOBE5566", "comment_date": ["04/16", "10:24"], "comment_content": "丟了在叫我"}, {"comment_author": "jeff0801", "comment_date": ["04/16", "10:24"], "comment_content": "低能8+9"}, {"comment_author": "PenguinLee", "comment_date": ["04/16", "10:28"], "comment_content": "超可悲"}, {"comment_author": "nothing188", "comment_date": ["04/16", "10:28"], "comment_content": "噁心的東西充斥在網路上"}, {"comment_author": "wste", "comment_date": ["04/16", "10:29"], "comment_content": "就一個家裡有錢的垃圾而已，超哥…超你老母"}, {"comment_author": "wste", "comment_date": ["04/16", "10:29"], "comment_content": "啦"}, {"comment_author": "c24253994", "comment_date": ["04/16", "10:31"], "comment_content": "到底是什麼東西呀？"}, {"comment_author": "druu", "comment_date": ["04/16", "10:32"], "comment_content": "8+9文體"}, {"comment_author": "mrp5186", "comment_date": ["04/16", "10:33"], "comment_content": "台灣黑道治國 垃圾黑道也變網紅 大"}, {"comment_author": "mrp5186", "comment_date": ["04/16", "10:33"], "comment_content": "家還一直推一直看 真是個莫名其妙"}, {"comment_author": "mrp5186", "comment_date": ["04/16", "10:33"], "comment_content": "的社會"}, {"comment_author": "timwu15", "comment_date": ["04/16", "10:33"], "comment_content": "有背景說話就是大聲啦"}, {"comment_author": "zoin", "comment_date": ["04/16", "10:34"], "comment_content": "我請客 不接受就算了還嘴臭 給你洗臉"}, {"comment_author": "ziso", "comment_date": ["04/16", "10:35"], "comment_content": "這種算不算無悔意? 辦案辦到哪了?"}, {"comment_author": "an1235", "comment_date": ["04/16", "10:35"], "comment_content": "不可能同台 但是自己跑來同平台 離開椅子"}, {"comment_author": "blackrx", "comment_date": ["04/16", "10:35"], "comment_content": "拜託說到做到"}, {"comment_author": "an1235", "comment_date": ["04/16", "10:35"], "comment_content": "就沒東西可以說了 只能表演刷爸爸的卡"}, {"comment_author": "THcp", "comment_date": ["04/16", "10:35"], "comment_content": "兩邊都一樣爛 只是一邊比較有背景"}, {"comment_author": "zoin", "comment_date": ["04/16", "10:35"], "comment_content": "反正兩邊都不是什麼好東西 還在立人設"}, {"comment_author": "ziso", "comment_date": ["04/16", "10:36"], "comment_content": "當初麻椅去吃飯也沒找他阿 自己跑去蹭 又在"}, {"comment_author": "ziso", "comment_date": ["04/16", "10:36"], "comment_content": "惱羞"}, {"comment_author": "keroro39", "comment_date": ["04/16", "10:36"], "comment_content": "我一樣認為不該痛毆毒販 就像輿論不該痛"}, {"comment_author": "keroro39", "comment_date": ["04/16", "10:36"], "comment_content": "毆統神一樣 你不認同 你可以做的事太多"}, {"comment_author": "keroro39", "comment_date": ["04/16", "10:36"], "comment_content": "太多"}, {"comment_author": "phix", "comment_date": ["04/16", "10:36"], "comment_content": "啊不就靠家勢 不然是能丟誰"}, {"comment_author": "kille898983", "comment_date": ["04/16", "10:37"], "comment_content": "都是+9啦 笑死"}, {"comment_author": "orz151426", "comment_date": ["04/16", "10:37"], "comment_content": "笑死，還在氣"}, {"comment_author": "keroro39", "comment_date": ["04/16", "10:37"], "comment_content": "喔對了椅子 說不定超哥也是做做效果嘛"}, {"comment_author": "tonsie", "comment_date": ["04/16", "10:39"], "comment_content": "給垃圾流量幹麻"}, {"comment_author": "et00211", "comment_date": ["04/16", "10:39"], "comment_content": "這咖真的沒救了"}, {"comment_author": "goodzoro", "comment_date": ["04/16", "10:41"], "comment_content": "這恐嚇了吧"}, {"comment_author": "wang0314", "comment_date": ["04/16", "10:43"], "comment_content": "恐嚇罪，超派～"}, {"comment_author": "lpsobig", "comment_date": ["04/16", "10:44"], "comment_content": "死89"}, {"comment_author": "gg86300", "comment_date": ["04/16", "10:46"], "comment_content": "依然垃圾"}, {"comment_author": "cacozxz", "comment_date": ["04/16", "10:47"], "comment_content": "好啦 廢話一堆 當初怎麼不直接把人"}, {"comment_author": "cacozxz", "comment_date": ["04/16", "10:47"], "comment_content": "打死"}, {"comment_author": "AterPin", "comment_date": ["04/16", "10:48"], "comment_content": "到底什麼時候要把吸毒販毒仔驅逐出境"}, {"comment_author": "hyakkiyagyo", "comment_date": ["04/16", "10:49"], "comment_content": "潛逃被閹割的雜種 笑你不敢丟我啦"}, {"comment_author": "Hsu1025", "comment_date": ["04/16", "10:49"], "comment_content": "只是投胎投得好沒有任何專長的咖整天想"}, {"comment_author": "Hsu1025", "comment_date": ["04/16", "10:49"], "comment_content": "跟人講大道理"}, {"comment_author": "vans24", "comment_date": ["04/16", "10:51"], "comment_content": "人家動口你動手，而且是圍毆，確實沒可比"}, {"comment_author": "vans24", "comment_date": ["04/16", "10:52"], "comment_content": "性 嘻嘻"}, {"comment_author": "jay0215", "comment_date": ["04/16", "10:52"], "comment_content": "不演了"}, {"comment_author": "MaBumblerQQ", "comment_date": ["04/16", "10:53"], "comment_content": "他爸有把信用卡還他了嗎"}, {"comment_author": "ludlum", "comment_date": ["04/16", "10:53"], "comment_content": "我們華人"}, {"comment_author": "jay60202", "comment_date": ["04/16", "10:54"], "comment_content": ""}, {"comment_author": "fcz973", "comment_date": ["04/16", "10:54"], "comment_content": "沒有X未成年，觀感良好"}, {"comment_author": "rambo2728", "comment_date": ["04/16", "10:56"], "comment_content": "兩個都差不多"}, {"comment_author": "EEzionT", "comment_date": ["04/16", "10:58"], "comment_content": "台灣人就這樣啊 愛聽智障虛假話"}, {"comment_author": "L9C4iO", "comment_date": ["04/16", "10:58"], "comment_content": "這咖小遲早會被關"}, {"comment_author": "cheng399", "comment_date": ["04/16", "11:01"], "comment_content": "沒說黨壞話  沒事  給過"}, {"comment_author": "aladdin1212", "comment_date": ["04/16", "11:02"], "comment_content": "就是半斤八兩的最好示範"}, {"comment_author": "Ben54743", "comment_date": ["04/16", "11:04"], "comment_content": "這咖小有個詐騙綠師挺 真他媽社會亂源"}, {"comment_author": "toolittle", "comment_date": ["04/16", "11:04"], "comment_content": "超椅之戰繼續"}, {"comment_author": "Xliao", "comment_date": ["04/16", "11:04"], "comment_content": "支持你 快點丟"}, {"comment_author": "ccw2013", "comment_date": ["04/16", "11:06"], "comment_content": "四十趴都這樣，夠在地有義氣"}, {"comment_author": "qscNERO", "comment_date": ["04/16", "11:07"], "comment_content": "長不大"}, {"comment_author": "sekokawana", "comment_date": ["04/16", "11:09"], "comment_content": "40%標準代言人"}, {"comment_author": "cloudwindy", "comment_date": ["04/16", "11:11"], "comment_content": "40%的偶像啊，暴力+炫富+媒體版面"}, {"comment_author": "wate5566", "comment_date": ["04/16", "11:11"], "comment_content": "畢竟背後巴庫夠大"}, {"comment_author": "takamiku", "comment_date": ["04/16", "11:11"], "comment_content": "蛤 上面先罵完 然後下面說自己都說好話"}, {"comment_author": "linlpc", "comment_date": ["04/16", "11:11"], "comment_content": "不過就是個低能89"}, {"comment_author": "hank000040", "comment_date": ["04/16", "11:12"], "comment_content": "欣賞8+9 你搞錯什麼？"}, {"comment_author": "saiboos", "comment_date": ["04/16", "11:14"], "comment_content": "超派"}, {"comment_author": "azeroth", "comment_date": ["04/16", "11:15"], "comment_content": "40%ㄅ意外"}, {"comment_author": "babu5566", "comment_date": ["04/16", "11:16"], "comment_content": "可悲的是現在台灣社會充斥著這樣的有錢"}, {"comment_author": "babu5566", "comment_date": ["04/16", "11:16"], "comment_content": "89，覺得有錢就能擺平一切，有錢就為所"}, {"comment_author": "babu5566", "comment_date": ["04/16", "11:16"], "comment_content": "欲為"}, {"comment_author": "zed9104", "comment_date": ["04/16", "11:17"], "comment_content": "台灣是加害者的天堂 超哥沒錯"}, {"comment_author": "Taiwanwolf", "comment_date": ["04/16", "11:18"], "comment_content": "期待椅子再去挑戰超哥"}, {"comment_author": "vaiking0120", "comment_date": ["04/16", "11:19"], "comment_content": "完全不知悔改的廢物"}, {"comment_author": "vaiking0120", "comment_date": ["04/16", "11:19"], "comment_content": "下次是不是要直接對著鏡頭 拿刀捅人"}, {"comment_author": "vaiking0120", "comment_date": ["04/16", "11:19"], "comment_content": "了"}, {"comment_author": "hate9989", "comment_date": ["04/16", "11:20"], "comment_content": "沒扯到政治都沒關係"}, {"comment_author": "vaiking0120", "comment_date": ["04/16", "11:20"], "comment_content": "不如你意 惹毛你 就可以動手打人 這"}, {"comment_author": "vaiking0120", "comment_date": ["04/16", "11:20"], "comment_content": "是原始社會還是法治社會？"}, {"comment_author": "vaiking0120", "comment_date": ["04/16", "11:21"], "comment_content": "這種歪七扭八的觀念 還有人瞎挺"}, {"comment_author": "Sashaaaa", "comment_date": ["04/16", "11:23"], "comment_content": "八卦最愛"}, {"comment_author": "CozyLife", "comment_date": ["04/16", "11:28"], "comment_content": "有膽你就丟啊 嘴幹超仔"}, {"comment_author": "hjweuxka", "comment_date": ["04/16", "11:28"], "comment_content": "89你期待什麼 台灣人就愛這一味"}, {"comment_author": "kaichun", "comment_date": ["04/16", "11:29"], "comment_content": "都是拉基 狗咬狗 有種別嘴炮真的丟他下樓"}, {"comment_author": "TCKenough", "comment_date": ["04/16", "11:30"], "comment_content": "哪天會不會就殺人了？"}, {"comment_author": "ken031584", "comment_date": ["04/16", "11:33"], "comment_content": "想問大家..他從以前講話就這麼沒邏輯"}, {"comment_author": "ken031584", "comment_date": ["04/16", "11:33"], "comment_content": "嗎？"}, {"comment_author": "jerrylin", "comment_date": ["04/16", "11:36"], "comment_content": "沒救了一輩子屁孩"}, {"comment_author": "wewe10wewe", "comment_date": ["04/16", "11:36"], "comment_content": "89就是89"}, {"comment_author": "OPPAISuki", "comment_date": ["04/16", "11:37"], "comment_content": "這恐嚇了吧??"}, {"comment_author": "myrna0301", "comment_date": ["04/16", "11:39"], "comment_content": "就是有一堆智障在挺這種"}, {"comment_author": "orzorza3r", "comment_date": ["04/16", "11:40"], "comment_content": "這兩個半斤八兩啦 不用比"}, {"comment_author": "city1230", "comment_date": ["04/16", "11:40"], "comment_content": "恐怖份子"}, {"comment_author": "fanatic2000", "comment_date": ["04/16", "11:41"], "comment_content": "流行的+9文化啊"}, {"comment_author": "acergame5", "comment_date": ["04/16", "11:44"], "comment_content": "還好麻椅是在一樓被打"}, {"comment_author": "Ben54743", "comment_date": ["04/16", "11:45"], "comment_content": "動不動就拿台灣出來救援 這咖代表全台灣"}, {"comment_author": "Ben54743", "comment_date": ["04/16", "11:45"], "comment_content": "人嗎？ 真的很DPP"}, {"comment_author": "PCC2003", "comment_date": ["04/16", "11:48"], "comment_content": "就學黨的啊，整天把台灣掛在嘴邊，自以為"}, {"comment_author": "PCC2003", "comment_date": ["04/16", "11:49"], "comment_content": "可以代表所有台灣人"}, {"comment_author": "tb411150", "comment_date": ["04/16", "11:50"], "comment_content": "超派欸"}, {"comment_author": "stu4627", "comment_date": ["04/16", "11:50"], "comment_content": "有錢真好 把人打破頭 根本好解決"}, {"comment_author": "FATDUDU", "comment_date": ["04/16", "11:51"], "comment_content": "恐嚇"}, {"comment_author": "HappyKH", "comment_date": ["04/16", "11:58"], "comment_content": "這看了覺得有點丟臉"}, {"comment_author": "ben881231", "comment_date": ["04/16", "12:00"], "comment_content": "笑死  風口浪尖躲起來  現在風頭過了又"}, {"comment_author": "ben881231", "comment_date": ["04/16", "12:00"], "comment_content": "冒出來刷存在   可悲"}, {"comment_author": "a08155556", "comment_date": ["04/16", "12:03"], "comment_content": "藍白忙著修別的法！沒空啦！！"}, {"comment_author": "yzvr", "comment_date": ["04/16", "12:03"], "comment_content": "自稱講話好聽但覺得不爽就會丼手丼腳還會把"}, {"comment_author": "yzvr", "comment_date": ["04/16", "12:03"], "comment_content": "人丟下樓，一般台灣人根本不想跟這種恐怖89"}, {"comment_author": "yzvr", "comment_date": ["04/16", "12:04"], "comment_content": "有往來"}, {"comment_author": "rock610808", "comment_date": ["04/16", "12:08"], "comment_content": "屁孩有錢就是這樣呀"}, {"comment_author": "linchaoyang", "comment_date": ["04/16", "12:09"], "comment_content": "要從四樓丟下去，怕.jpg"}, {"comment_author": "hackfox", "comment_date": ["04/16", "12:09"], "comment_content": "超派"}, {"comment_author": "buster37", "comment_date": ["04/16", "12:12"], "comment_content": "素質就這麼高了"}, {"comment_author": "nike30376", "comment_date": ["04/16", "12:12"], "comment_content": "很好 台灣都是檢討嘴賤的 真的動手"}, {"comment_author": "nike30376", "comment_date": ["04/16", "12:12"], "comment_content": "沒人在意"}, {"comment_author": "E103A6", "comment_date": ["04/16", "12:13"], "comment_content": "贏在會投胎~"}, {"comment_author": "lymwchia", "comment_date": ["04/16", "12:14"], "comment_content": "廢話不要說 什麼時候跟椅子上擂台比一場"}, {"comment_author": "winnie28", "comment_date": ["04/16", "12:14"], "comment_content": "好了啦 椅子哥特哥"}, {"comment_author": "bluelikeme", "comment_date": ["04/16", "12:14"], "comment_content": "智障8+9的“不尊重”跟阿嬤覺得你餓是"}, {"comment_author": "bluelikeme", "comment_date": ["04/16", "12:14"], "comment_content": "一樣的道理，就是不講理"}, {"comment_author": "edwardscraft", "comment_date": ["04/16", "12:16"], "comment_content": "會這樣不奇怪 妹妹妹夫太優秀了"}, {"comment_author": "bluelikeme", "comment_date": ["04/16", "12:18"], "comment_content": "有人覺得難吃，這智障8+9有尊重過他人"}, {"comment_author": "bluelikeme", "comment_date": ["04/16", "12:18"], "comment_content": "的喜好嗎，還尊重勒www"}, {"comment_author": "leeroy277", "comment_date": ["04/16", "12:19"], "comment_content": "什麼時後可以學學對岸這些亂源消失"}, {"comment_author": "guolong", "comment_date": ["04/16", "12:21"], "comment_content": "說起來也可悲，麻椅這種毒販垃圾只剩這"}, {"comment_author": "guolong", "comment_date": ["04/16", "12:21"], "comment_content": "種8+9能制"}, {"comment_author": "LOUISGRAY", "comment_date": ["04/16", "12:21"], "comment_content": "可悲的富二代"}, {"comment_author": "pital", "comment_date": ["04/16", "12:24"], "comment_content": "誰"}, {"comment_author": "Leoncheng", "comment_date": ["04/16", "12:24"], "comment_content": "只剩張嘴 丟下去 被告死剛好"}, {"comment_author": "xpage", "comment_date": ["04/16", "12:26"], "comment_content": "這種咖還有人挺真的有夠悲哀"}, {"comment_author": "Edaw", "comment_date": ["04/16", "12:31"], "comment_content": "真的是犯罪島"}, {"comment_author": "cactusicecre", "comment_date": ["04/16", "12:32"], "comment_content": "台灣之光 毆打中國販毒狗"}, {"comment_author": "garytony1", "comment_date": ["04/16", "12:33"], "comment_content": "沒事，狗打狗，我們看的樂呵就好"}, {"comment_author": "m0712", "comment_date": ["04/16", "12:34"], "comment_content": "打人不對，沒打錯人"}, {"comment_author": "peterchou", "comment_date": ["04/16", "12:35"], "comment_content": "你自己先下去吧"}, {"comment_author": "abxyz4563", "comment_date": ["04/16", "12:38"], "comment_content": "說個笑話，超哥會好好講話"}, {"comment_author": "monday0315", "comment_date": ["04/16", "12:39"], "comment_content": "台灣人的最愛"}, {"comment_author": "ZBeta", "comment_date": ["04/16", "12:43"], "comment_content": "他比毒椅還拉"}, {"comment_author": "rtoday", "comment_date": ["04/16", "12:51"], "comment_content": "敢作敢當 了不起！負責！"}, {"comment_author": "jimmy0618", "comment_date": ["04/16", "12:55"], "comment_content": "就富二代死流氓"}, {"comment_author": "WINNERPUMA", "comment_date": ["04/16", "12:56"], "comment_content": "阿佼在找他女兒了"}, {"comment_author": "Achillies", "comment_date": ["04/16", "12:59"], "comment_content": "不說名字還以為是黑社會老大"}, {"comment_author": "FATDUDU", "comment_date": ["04/16", "12:59"], "comment_content": "有種就丟啦  嘴砲超"}, {"comment_author": "aaaa8247", "comment_date": ["04/16", "13:07"], "comment_content": "這是在公然恐嚇嗎？"}, {"comment_author": "Solosea", "comment_date": ["04/16", "13:16"], "comment_content": "重點是有不少人挺他  他覺得自己有底氣"}, {"comment_author": "tallolz", "comment_date": ["04/16", "13:17"], "comment_content": "他的道歉很有誠意了啊 律師說的"}, {"comment_author": "MatchaMille", "comment_date": ["04/16", "13:22"], "comment_content": "台灣犯罪天堂 有錢就可以當街打人"}, {"comment_author": "Godright", "comment_date": ["04/16", "13:22"], "comment_content": "支持超哥打死毒販自己也進去蹲"}, {"comment_author": "zjnovember", "comment_date": ["04/16", "13:25"], "comment_content": "罪犯好爽喔"}, {"comment_author": "threelittle", "comment_date": ["04/16", "13:33"], "comment_content": "這人真狠，連自己都騙！"}, {"comment_author": "foxy0703", "comment_date": ["04/16", "13:49"], "comment_content": "他誰啦 一堆作奸犯科的89白癡也能當網紅"}, {"comment_author": "dennis197", "comment_date": ["04/16", "13:53"], "comment_content": "巨嬰出來打球喔"}, {"comment_author": "aoecc", "comment_date": ["04/16", "13:56"], "comment_content": "南部閩南仔模板"}, {"comment_author": "j0987", "comment_date": ["04/16", "14:16"], "comment_content": "邏輯堪憂、雙標要求別人的屁話89"}, {"comment_author": "IFeelSoAlive", "comment_date": ["04/16", "14:24"], "comment_content": "台灣底層最愛☺"}, {"comment_author": "fastevil", "comment_date": ["04/16", "14:29"], "comment_content": "不小心說出來原來掉下樓的大多是...."}, {"comment_author": "michael14", "comment_date": ["04/16", "14:32"], "comment_content": "帶種來場拳賽，笑超哥不敢"}, {"comment_author": "morie", "comment_date": ["04/16", "14:34"], "comment_content": "在座的各位都是…"}, {"comment_author": "Aquarius126", "comment_date": ["04/16", "14:44"], "comment_content": "標準的：我最討厭歧視跟黑人"}, {"comment_author": "m810415", "comment_date": ["04/16", "14:45"], "comment_content": "+9會說讚"}, {"comment_author": "AIRWAY1021", "comment_date": ["04/16", "15:08"], "comment_content": "底層+9莫名的自信"}, {"comment_author": "PaoWann", "comment_date": ["04/16", "15:21"], "comment_content": "可悲 漿糊腦袋還是不知道問題出在哪"}, {"comment_author": "daye2012", "comment_date": ["04/16", "16:26"], "comment_content": "有錢養不出品味和腦袋"}, {"comment_author": "Tomberd", "comment_date": ["04/16", "17:09"], "comment_content": "這種+9就別指望他會有長進了"}, {"comment_author": "t0042380", "comment_date": ["04/16", "17:12"], "comment_content": "華人社會講究的就是ry"}, {"comment_author": "punpunpig", "comment_date": ["04/16", "17:34"], "comment_content": "水準真的很高"}, {"comment_author": "jaydenkoo", "comment_date": ["04/16", "17:41"], "comment_content": "不要講華不華人"}, {"comment_author": "AIRWAY1021", "comment_date": ["04/16", "18:00"], "comment_content": "還有通常要別人尊重他的，通常自己都"}, {"comment_author": "AIRWAY1021", "comment_date": ["04/16", "18:00"], "comment_content": "是最不尊重人的那種"}, {"comment_author": "westhaown", "comment_date": ["04/16", "18:38"], "comment_content": "靠爸垃圾89巨嬰要硬到底別龜縮喔"}, {"comment_author": "fafanini583", "comment_date": ["04/16", "18:48"], "comment_content": "89超"}, {"comment_author": "GHowPan", "comment_date": ["04/16", "20:36"], "comment_content": "低端89的最愛"}, {"comment_author": "dawnnn317", "comment_date": ["04/16", "20:56"], "comment_content": "+9能講人話就不錯了 奢望什麼"}, {"comment_author": "Badd", "comment_date": ["04/16", "22:05"], "comment_content": "87 啊 不是，是89"}, {"comment_author": "BabySatan", "comment_date": ["04/16", "22:19"], "comment_content": "就不要兩個打一架後被丟下四樓的是自己"}, {"comment_author": "WiserWilly", "comment_date": ["04/16", "22:22"], "comment_content": "toyz跟劈腿破麻一樣死不認錯"}, {"comment_author": "dtggmike", "comment_date": ["04/16", "22:48"], "comment_content": "塔綠班：台灣價值大勝利"}, {"comment_author": "enemyli", "comment_date": ["04/16", "23:06"], "comment_content": "所以在台北市圍毆人完全不會犯法 台灣垃"}, {"comment_author": "enemyli", "comment_date": ["04/16", "23:07"], "comment_content": "圾法匠領兩萬八都嫌太高"}, {"comment_author": "atimchou", "comment_date": ["04/17", "00:29"], "comment_content": "所以他公共場合毆打椅子，沒刑責喔？"}, {"comment_author": "chance204", "comment_date": ["04/17", "00:39"], "comment_content": "公共場合恐嚇無罪爽"}, {"comment_author": "andytank", "comment_date": ["04/17", "11:42"], "comment_content": "統神清流"}]}
