{"author": "SeaForest (~海森林~)", "category": "Gossiping", "title": "[問卦] 為啥台灣老人超仇視冷氣?", "date": "Mon Apr 15 09:02:03 2024", "content": ["欸欸大家肥肥發現台灣老人超級仇視吹冷氣欸覺得吹冷氣好像犯了什麼大錯一樣明明台灣就屬於亞熱帶地區的國家 跟泰國比就涼一點點而已但是在台灣講到省錢第一個一定是先關冷氣不是去換一台更省電效率更好的冷氣或是改善空氣通路、建材裝潢隔熱想要省錢先關冷氣就對了==包括肥肥的公務員朋友 最近主管也說要節能減碳所以冷氣再提早一小時關反正下午3點太陽沒那麼大了 3點關跟4點關沒差多少要加班的還會教你拿毛巾擦澡 配電風扇吹就很涼了不用冷氣肥肥就想 明明冷氣吹24小時也沒多少錢省那5塊10塊然後讓自己熱得半死是在想什麼還會跟你靠北心靜自然涼、冷氣吹太多對身體不好但是吹店家的免費冷氣就不會對身體不好更好笑的是有些老人會沾沾自喜說早上去路易莎 或是其他咖啡廳點一杯咖啡60元坐整天 看書啊追劇啊很涼很省錢結果變頻冷氣吹24小時才30多元==像這個4/4睡醒在客廳吹冷氣", "早上11點吹到0點 13個小時才3度真的不懂為啥台灣老人超仇視冷氣欸覺得吹冷氣就是十惡不赦一樣有沒有相關的八卦?--", "--", "ㄥ雞 6.3KW", "27好冷28會有點熱"], "post_comment": [{"comment_author": "kairi5217", "comment_date": ["03/16", "16:57"], "comment_content": ":你有女友嗎?蛤?"}, {"comment_author": "kingrichman", "comment_date": ["03/16", "16:58"], "comment_content": "科科，因為出社會後看的是$"}, {"comment_author": "adsl7749", "comment_date": ["03/16", "17:00"], "comment_content": ":五樓就是因為太宅交不女朋友 整天看動漫上PTT度過人生"}, {"comment_author": "vincent120", "comment_date": ["03/16", "17:01"], "comment_content": ":就射惹"}, {"comment_author": "adsl7749", "comment_date": ["03/16", "17:01"], "comment_content": ":幫蓋好嗎"}, {"comment_author": "darknight127", "comment_date": ["03/16", "17:03"], "comment_content": ":你很想當簽名檔齁"}, {"comment_author": "s10130804", "comment_date": ["04/15", "09:03"], "comment_content": "老人覺得吹冷氣會感冒會早死"}, {"comment_author": "EFERO", "comment_date": ["04/15", "09:04"], "comment_content": "你冷氣好省電 哪牌的？多大kw？"}, {"comment_author": "xzcb2008", "comment_date": ["04/15", "09:04"], "comment_content": "☑=.= ☒== ☒= ="}, {"comment_author": "guanquan", "comment_date": ["04/15", "09:04"], "comment_content": "就跟清朝人仇視鐵路一樣能講道理嗎？"}, {"comment_author": "poqwiuer", "comment_date": ["04/15", "09:05"], "comment_content": "老人會說吹冷氣對環境不好"}, {"comment_author": "greg7575", "comment_date": ["04/15", "09:05"], "comment_content": "你也會仇視小紅書啊，沒比較高尚"}, {"comment_author": "widec", "comment_date": ["04/15", "09:06"], "comment_content": "就跟我老爸 不要關機吹一個月也只要六七百"}, {"comment_author": "widec", "comment_date": ["04/15", "09:07"], "comment_content": "         講"}, {"comment_author": "widec", "comment_date": ["04/15", "09:07"], "comment_content": "叫他把十幾年超耗電定頻換變頻 他死不要"}, {"comment_author": "widec", "comment_date": ["04/15", "09:08"], "comment_content": "而且老人怕冷只吹28度根本更省"}, {"comment_author": "rogerlarger", "comment_date": ["04/15", "09:08"], "comment_content": "他們仇視所有冷的東西吧 碰到這些怕"}, {"comment_author": "rogerlarger", "comment_date": ["04/15", "09:08"], "comment_content": "自己也會冷掉"}, {"comment_author": "yoyoegg", "comment_date": ["04/15", "09:12"], "comment_content": "受不了溫度開超高老人 熱死開屁開"}, {"comment_author": "gulugulupp", "comment_date": ["04/15", "09:19"], "comment_content": "跟喝冰開水一樣阿"}, {"comment_author": "MeeToo", "comment_date": ["04/15", "09:20"], "comment_content": "因為冷氣越大功率越差 營業用的功率超差"}, {"comment_author": "ginwine", "comment_date": ["04/15", "23:36"], "comment_content": "因為古早沒得吹 老了又吹不習慣 嘻嘻"}]}
