{"author": "snakei14702 (阿中是我們的神)", "category": "Gossiping", "title": "[問卦] 水源有想大谷會娶他嗎？", "date": "Thu Apr 18 20:30:36 2024", "content": ["雖然這夠甲不過水源兄幹走大谷這麼多錢馬的早有一天會東窗事發吧？我想到的唯一辦法就是水源如果哪天嫁給大谷484又可以繼續花繼續爽了難怪那天水源臉這麼臭--"], "post_comment": [{"comment_author": "coolrgin", "comment_date": ["04/18", "20:31"], "comment_content": "有啊"}, {"comment_author": "thegreatlcx", "comment_date": ["04/18", "20:32"], "comment_content": "都被你發現了"}, {"comment_author": "ladygaga168", "comment_date": ["04/18", "20:40"], "comment_content": "五億高中生qq"}, {"comment_author": "ladygaga168", "comment_date": ["04/18", "20:42"], "comment_content": "高中生大谷的五億，台中的五億高中"}, {"comment_author": "ladygaga168", "comment_date": ["04/18", "20:42"], "comment_content": "生"}, {"comment_author": "kichyo", "comment_date": ["04/19", "00:28"], "comment_content": "娶不到水原只好娶一個跟水原一樣高壯的醜"}, {"comment_author": "kichyo", "comment_date": ["04/19", "00:28"], "comment_content": "女"}]}
