{"author": "Superxixai (Lux sit)", "category": "Gossiping", "title": "[問卦] 芙莉蓮為什麼對寶箱怪沒有抵抗力", "date": "Wed Apr 17 06:04:21 2024", "content": ["阿肥好奇，千年妖精，芙莉蓮。實戰經驗豐富，為什麼看到寶箱，就算高機率是寶箱怪，還是要去被寶箱怪夾一下。有沒有相關的八卦？--"], "post_comment": [{"comment_author": "s999132", "comment_date": ["04/17", "06:05"], "comment_content": "M"}, {"comment_author": "a0986188522", "comment_date": ["04/17", "06:05"], "comment_content": "五樓對愛滋猛甲的屌也沒有抵抗力"}, {"comment_author": "Ayreon", "comment_date": ["04/17", "06:05"], "comment_content": "故意秀屁股"}, {"comment_author": "JohnLackey", "comment_date": ["04/17", "06:06"], "comment_content": "五樓也對67歲女博士沒有抵抗力"}, {"comment_author": "OoHBKoO", "comment_date": ["04/17", "06:10"], "comment_content": "左轉宅板"}, {"comment_author": "anly888", "comment_date": ["04/17", "06:13"], "comment_content": "賣萌人設"}, {"comment_author": "anly888", "comment_date": ["04/17", "06:13"], "comment_content": "沒為什麼，就是要這樣，標誌行為"}, {"comment_author": "knives", "comment_date": ["04/17", "06:16"], "comment_content": "惡搞"}, {"comment_author": "vistas", "comment_date": ["04/17", "06:18"], "comment_content": "就像貓遇到紙箱 愛鑽進去一樣"}, {"comment_author": "lpmybig", "comment_date": ["04/17", "06:19"], "comment_content": "在勾引ㄈㄓ啊"}, {"comment_author": "Trukasa0108", "comment_date": ["04/17", "06:21"], "comment_content": "有錢就可以的人"}, {"comment_author": "squelch", "comment_date": ["04/17", "06:21"], "comment_content": "為什麼登山人士死也要登山? 一樣的道理"}, {"comment_author": "sggs", "comment_date": ["04/17", "06:25"], "comment_content": "有1%機會有大寶，開寶箱的樂趣"}, {"comment_author": "juncat", "comment_date": ["04/17", "06:26"], "comment_content": "寶箱怪探測魔法99%不會錯 但低於1%的都一"}, {"comment_author": "juncat", "comment_date": ["04/17", "06:26"], "comment_content": "堆人抽了 被吞又不會怎樣 會拼1%看看有沒"}, {"comment_author": "juncat", "comment_date": ["04/17", "06:26"], "comment_content": "有別的東西很正常吧 對他來說就類似勇者走"}, {"comment_author": "juncat", "comment_date": ["04/17", "06:26"], "comment_content": "迷宮要把岔路走完那樣 只是多花點時間罷了"}, {"comment_author": "tmgl", "comment_date": ["04/17", "06:27"], "comment_content": "跟綱手一樣強到剩下賭博弱點 不然就太主角了"}, {"comment_author": "syntax123", "comment_date": ["04/17", "06:32"], "comment_content": "方便後入"}, {"comment_author": "turnpoint", "comment_date": ["04/17", "06:34"], "comment_content": "就故意製造萌點而已，其實根本和芙莉"}, {"comment_author": "turnpoint", "comment_date": ["04/17", "06:34"], "comment_content": "蓮的人設不搭"}, {"comment_author": "Ericz7000", "comment_date": ["04/17", "06:36"], "comment_content": "想被欣梅爾後入啊"}, {"comment_author": "simon9331", "comment_date": ["04/17", "06:37"], "comment_content": "飛蛾撲火，那是本能。"}, {"comment_author": "Yohachan", "comment_date": ["04/17", "06:37"], "comment_content": "你各位1%的手遊還還不是一直抽"}, {"comment_author": "benptt", "comment_date": ["04/17", "06:43"], "comment_content": "想要電頭毛"}, {"comment_author": "compass1005", "comment_date": ["04/17", "07:14"], "comment_content": "享受過程"}, {"comment_author": "t127147157", "comment_date": ["04/17", "07:15"], "comment_content": "肛"}, {"comment_author": "bluesee", "comment_date": ["04/17", "07:18"], "comment_content": "買樂透的概念"}, {"comment_author": "fir191938", "comment_date": ["04/17", "07:22"], "comment_content": "反正她實力也強大到死不了 就開個寶"}, {"comment_author": "Testudines", "comment_date": ["04/17", "07:23"], "comment_content": "fgo 0.3%一樣爽抽啊"}, {"comment_author": "CJ2048", "comment_date": ["04/17", "07:27"], "comment_content": "對她來講是抽一個 奇摩子"}, {"comment_author": "aedonkey", "comment_date": ["04/17", "07:28"], "comment_content": "都跟你說1%用爆炸造型換而已，幹嘛不拼"}, {"comment_author": "akway", "comment_date": ["04/17", "07:28"], "comment_content": "看看賭博手遊一直稱霸 一直賭一直爽"}, {"comment_author": "fransice7", "comment_date": ["04/17", "07:32"], "comment_content": "左轉臭板"}, {"comment_author": "Niubert", "comment_date": ["04/17", "07:33"], "comment_content": "很適合老漢推車"}, {"comment_author": "hensel", "comment_date": ["04/17", "07:38"], "comment_content": "命太長要找點事做"}, {"comment_author": "Forcast", "comment_date": ["04/17", "07:38"], "comment_content": "福利箱"}, {"comment_author": "rx1342", "comment_date": ["04/17", "07:42"], "comment_content": "手遊有哪個超過1%的"}, {"comment_author": "heat0204", "comment_date": ["04/17", "07:48"], "comment_content": "賭性堅強"}, {"comment_author": "ko910493", "comment_date": ["04/17", "07:49"], "comment_content": "1% SSR耶，哪個遊戲有這麼高機率"}, {"comment_author": "lain2002", "comment_date": ["04/17", "07:54"], "comment_content": "抽卡只有0.3%機率還不是一堆人搶著課"}, {"comment_author": "lance2136", "comment_date": ["04/17", "08:12"], "comment_content": "天敵"}, {"comment_author": "TomChu", "comment_date": ["04/17", "08:14"], "comment_content": "不是說1%的機率也要賭賭看嗎 認真看"}, {"comment_author": "whoisanky", "comment_date": ["04/17", "08:26"], "comment_content": "寶箱怪對她來說也沒危險性，賭1%也是"}, {"comment_author": "whoisanky", "comment_date": ["04/17", "08:26"], "comment_content": "個樂子，要是真的抽中那1%肯定神物"}, {"comment_author": "windowdoor", "comment_date": ["04/17", "08:46"], "comment_content": "1%開出大獎 又不會死  為什麼不開？"}, {"comment_author": "peterisme17", "comment_date": ["04/17", "08:47"], "comment_content": "免費的樂透你買不買"}, {"comment_author": "eeccms", "comment_date": ["04/17", "09:15"], "comment_content": "色誘"}, {"comment_author": "narcimeow", "comment_date": ["04/17", "09:26"], "comment_content": "後面有交代啊是不是沒認真看？"}, {"comment_author": "a1252352", "comment_date": ["04/17", "09:32"], "comment_content": "買威力彩的心理"}, {"comment_author": "appleblood", "comment_date": ["04/17", "09:32"], "comment_content": "下一把就會抽到saber了"}, {"comment_author": "susaku", "comment_date": ["04/17", "09:41"], "comment_content": "反正開錯也能自己出來  穩賺"}, {"comment_author": "HanzJunction", "comment_date": ["04/17", "09:42"], "comment_content": "口挖以唷 苦拉以唷"}, {"comment_author": "wei5730", "comment_date": ["04/17", "10:00"], "comment_content": "想被舔"}, {"comment_author": "terry1043", "comment_date": ["04/17", "11:52"], "comment_content": "賭鬼一生賭"}, {"comment_author": "summer68101", "comment_date": ["04/17", "12:24"], "comment_content": "被含很舒服"}, {"comment_author": "super10000", "comment_date": ["04/17", "12:59"], "comment_content": "爽啊"}]}
