{"author": "lichuer (Z揪兒)", "category": "Gossiping", "title": "[問卦] 有人發現民生問題每年都在重複發生嗎?", "date": "Fri Apr 19 08:27:58 2024", "content": ["缺水也不是今年才發生去年還在挖井前年也水情吃緊2021年南部還遇到百年大旱有人發現這些問題每年都在重複發生嗎?有沒有八卦--"], "post_comment": [{"comment_author": "horseorange", "comment_date": ["04/19", "08:28"], "comment_content": "就在賭每年即時雨也會重複啊"}, {"comment_author": "ianlin1216", "comment_date": ["04/19", "08:30"], "comment_content": "賭博治國就問你怕不怕"}, {"comment_author": "cs09312", "comment_date": ["04/19", "08:30"], "comment_content": "啊你們就選不贏啊"}, {"comment_author": "yangweiisi", "comment_date": ["04/19", "08:30"], "comment_content": "塔綠班表示：有錢撈就好，干我P事"}, {"comment_author": "yuta02", "comment_date": ["04/19", "08:30"], "comment_content": "小草覺得柯文哲當大總統這些問題就沒了☺"}, {"comment_author": "bluepahahaha", "comment_date": ["04/19", "08:32"], "comment_content": "八年後變大問題的都不算前朝的問題"}, {"comment_author": "dyc2008", "comment_date": ["04/19", "08:33"], "comment_content": "阿不然你們要投民眾黨嗎"}, {"comment_author": "kino056", "comment_date": ["04/19", "08:35"], "comment_content": "2024後不關我事"}, {"comment_author": "pc1234", "comment_date": ["04/19", "08:47"], "comment_content": "因為民眾都短期記憶啊"}, {"comment_author": "maple0425", "comment_date": ["04/19", "08:55"], "comment_content": "每年都百年大旱"}]}
