{"author": "patentable (專利保險人)", "category": "Gossiping", "title": "[問卦] 世界第一難學的語言？", "date": "Wed Apr 17 12:33:13 2024", "content": ["語言是很重要的工具！每種語言都有其特別之處！至於哪種語言最難？這答案，見仁見智！最多人說難的，似乎是阿拉伯文，文字書寫跟發音、文法...幾乎輾壓其他語言！也很多人說中文難，但我覺得除了文字書寫外，文法超簡單呀(沒有時態變化)--"], "post_comment": [{"comment_author": "k385476916", "comment_date": ["04/17", "12:33"], "comment_content": "中文"}, {"comment_author": "jazzcai", "comment_date": ["04/17", "12:33"], "comment_content": "爬說語"}, {"comment_author": "frommr", "comment_date": ["04/17", "12:33"], "comment_content": "滑齒龍語"}, {"comment_author": "s820912gmail", "comment_date": ["04/17", "12:33"], "comment_content": "北京話"}, {"comment_author": "RisingTackle", "comment_date": ["04/17", "12:34"], "comment_content": "閩南語吧，連文字都沒有"}, {"comment_author": "RealWill", "comment_date": ["04/17", "12:34"], "comment_content": "沒有時態變化簡單 但對某些人反而難"}, {"comment_author": "RealWill", "comment_date": ["04/17", "12:35"], "comment_content": "中文的時態有點類似用前後文暗示"}, {"comment_author": "lpbrother", "comment_date": ["04/17", "12:35"], "comment_content": "沒有時態變化都要加上時間副詞，很不方"}, {"comment_author": "lpbrother", "comment_date": ["04/17", "12:35"], "comment_content": "便？"}, {"comment_author": "RealWill", "comment_date": ["04/17", "12:36"], "comment_content": "對其他語言使用者反倒不易理解"}, {"comment_author": "lpbrother", "comment_date": ["04/17", "12:37"], "comment_content": "道可道，非常道 所以中文最難"}, {"comment_author": "sellgd", "comment_date": ["04/17", "12:38"], "comment_content": "中文難得是書寫 比時態更費時間學"}, {"comment_author": "nicholassys", "comment_date": ["04/17", "12:43"], "comment_content": "中文個屁 中文語法隨便 發音平淡，"}, {"comment_author": "nicholassys", "comment_date": ["04/17", "12:43"], "comment_content": "是個人就會聽說"}, {"comment_author": "physicsdk", "comment_date": ["04/17", "12:45"], "comment_content": "繁體中文很難啊 不是拼音文字 一開始"}, {"comment_author": "physicsdk", "comment_date": ["04/17", "12:45"], "comment_content": "根本沒得參考連唸都不會唸 文法是簡單"}, {"comment_author": "physicsdk", "comment_date": ["04/17", "12:45"], "comment_content": "但講真的歐美國家對自己語言的文法有"}, {"comment_author": "physicsdk", "comment_date": ["04/17", "12:45"], "comment_content": "很重視嗎？ 其實還好"}, {"comment_author": "tonist9808", "comment_date": ["04/17", "12:50"], "comment_content": "文法越少越難學，代表沒有通則"}, {"comment_author": "sellgd", "comment_date": ["04/17", "12:53"], "comment_content": "北京話 上海話系列的確發音平淡"}, {"comment_author": "sellgd", "comment_date": ["04/17", "12:54"], "comment_content": "南方閩粵客是有韻腳 也算複雜的"}, {"comment_author": "sellgd", "comment_date": ["04/17", "12:56"], "comment_content": "也就是兩個母音之間有2個子音需要快速轉換"}, {"comment_author": "sellgd", "comment_date": ["04/17", "12:56"], "comment_content": "發音位置"}, {"comment_author": "sellgd", "comment_date": ["04/17", "12:57"], "comment_content": "如閩南語 失眠 sit-bîn"}, {"comment_author": "wrvuxci", "comment_date": ["04/17", "12:58"], "comment_content": "Klingon"}, {"comment_author": "sellgd", "comment_date": ["04/17", "12:58"], "comment_content": "對非閩南語母詞者 t 就常常唸不夠順或漏發"}, {"comment_author": "armpaul", "comment_date": ["04/17", "13:11"], "comment_content": "跟失智人溝通"}, {"comment_author": "pmove", "comment_date": ["04/17", "15:14"], "comment_content": "火星文"}]}
