{"author": "ttucse ((((>(￣▽￣)<))))", "category": "Gossiping", "title": "[問卦] 大家會去買即將推出的六十元便當嗎？", "date": "Fri Apr 12 18:49:21 2024", "content": ["之前就有全聯的六十元便當了好像雞排還蠻厚的可是我沒吃過因為我家這裡的全聯沒賣所以不知道好不好吃現在七十一還有全家便利店都要推出六十元便當了大家會去買即將推出的六十元便當嗎？--"], "post_comment": [{"comment_author": "kent", "comment_date": ["04/12", "18:49"], "comment_content": "因該很難搶到"}, {"comment_author": "snow3804", "comment_date": ["04/12", "18:49"], "comment_content": "會阿"}, {"comment_author": "deepdish", "comment_date": ["04/12", "18:49"], "comment_content": "你先買阿 奇怪欸你 是不是再葉配啊？zzz"}, {"comment_author": "fup6456", "comment_date": ["04/12", "18:50"], "comment_content": "當然是先看菜色=="}, {"comment_author": "zwxyzxxx", "comment_date": ["04/12", "18:50"], "comment_content": "不會,鬼島超商的便當都有一股怪味"}, {"comment_author": "pooznn", "comment_date": ["04/12", "18:50"], "comment_content": "全聯60元的 我只買到過一次"}, {"comment_author": "OPPAISuki", "comment_date": ["04/12", "18:50"], "comment_content": "微波的 能好吃到哪? 雞排都軟軟的"}, {"comment_author": "C13H16ClNO", "comment_date": ["04/12", "18:50"], "comment_content": "進貨時間抓不準你就只能喝西北風"}, {"comment_author": "u9596g12", "comment_date": ["04/12", "18:51"], "comment_content": "乞丐時光大軍會跟你搶 別急"}, {"comment_author": "Leo4891", "comment_date": ["04/12", "18:51"], "comment_content": "新聞說只有在學區附近的小7才有鋪貨"}, {"comment_author": "Chia2323", "comment_date": ["04/12", "18:51"], "comment_content": "幹 你會特地去醫院還是學校附近嗎至少"}, {"comment_author": "Chia2323", "comment_date": ["04/12", "18:51"], "comment_content": "我不會"}, {"comment_author": "KIDDLEE", "comment_date": ["04/12", "18:51"], "comment_content": "有多少我收多少 屯起來 再拿去賣70賺價差"}, {"comment_author": "cs09312", "comment_date": ["04/12", "18:51"], "comment_content": "這麼便宜你敢吃？"}, {"comment_author": "Leo4891", "comment_date": ["04/12", "18:52"], "comment_content": "60元份量應該吃不飽"}, {"comment_author": "xuein", "comment_date": ["04/12", "18:54"], "comment_content": "我會，而且全家跟711菜色不同！"}, {"comment_author": "cosplay314", "comment_date": ["04/12", "18:54"], "comment_content": " "}, {"comment_author": "cosplay314", "comment_date": ["04/12", "18:54"], "comment_content": "我今天的便當也60"}, {"comment_author": "qaz31415", "comment_date": ["04/12", "18:59"], "comment_content": "搶飯吃，可憐。"}, {"comment_author": "SaintSeven", "comment_date": ["04/12", "19:04"], "comment_content": "蔡習賴哭粉整天嘴大陸消費降級，結果w"}, {"comment_author": "zack4718", "comment_date": ["04/12", "19:05"], "comment_content": "我會吃 我就窮"}, {"comment_author": "felixr0123", "comment_date": ["04/12", "19:05"], "comment_content": "60塊可以買 直接買雞胸肉就不少錢了"}, {"comment_author": "felixr0123", "comment_date": ["04/12", "19:05"], "comment_content": "要味道不錯的話可能會賣很好"}, {"comment_author": "ringil", "comment_date": ["04/12", "19:24"], "comment_content": "先吃看看"}, {"comment_author": "gogorice", "comment_date": ["04/12", "19:25"], "comment_content": "買福隆便當"}]}
