{"author": "a5687920 (苦大師)", "category": "Gossiping", "title": "[問卦] 馬斯克被偷1600萬美金會知道嗎", "date": "Fri Apr 12 15:40:11 2024", "content": ["大谷被偷了1600萬美金 完全不知情說因為他很有錢  他腦中只有棒球 你不在意金錢那如果是全球首富馬斯克被偷1600萬美金 他本人會察覺嗎--"], "post_comment": [{"comment_author": "Forcast", "comment_date": ["04/12", "15:40"], "comment_content": "股票嗎"}, {"comment_author": "azrael1011", "comment_date": ["04/12", "15:41"], "comment_content": "他的AI管家會直接啟動自動駕駛撞過去"}, {"comment_author": "rex7125", "comment_date": ["04/12", "15:41"], "comment_content": "關你屁事"}, {"comment_author": "derrick1220", "comment_date": ["04/12", "15:41"], "comment_content": "藍山ㄟ"}, {"comment_author": "azrael1011", "comment_date": ["04/12", "15:41"], "comment_content": "1600萬 可以買很多條人命了"}, {"comment_author": "wafiea708", "comment_date": ["04/12", "15:42"], "comment_content": "如果有錢人把錢放在保險箱裡 偷拿一點"}, {"comment_author": "dracula83183", "comment_date": ["04/12", "15:42"], "comment_content": "你掉一根頭髮會知道嗎"}, {"comment_author": "wafiea708", "comment_date": ["04/12", "15:42"], "comment_content": "還真有可能沒察覺 電影都有教"}, {"comment_author": "huan0", "comment_date": ["04/12", "15:43"], "comment_content": "你偷錢阿嬤知道錢不見但裝作不知道"}, {"comment_author": "huan0", "comment_date": ["04/12", "15:43"], "comment_content": "，乖孫比較重要"}, {"comment_author": "windbomb", "comment_date": ["04/12", "15:45"], "comment_content": "1600萬鎂對N億鎂身價的人當然沒感覺"}, {"comment_author": "windbomb", "comment_date": ["04/12", "15:46"], "comment_content": "我覺得大谷是裝不知道吧，因為生活上太"}, {"comment_author": "windbomb", "comment_date": ["04/12", "15:47"], "comment_content": "依賴翻譯了"}, {"comment_author": "darkbrigher", "comment_date": ["04/12", "15:47"], "comment_content": "馬斯克那麼摳 肯定會發現"}, {"comment_author": "dahlia7357", "comment_date": ["04/12", "15:49"], "comment_content": "會"}, {"comment_author": "dahlia7357", "comment_date": ["04/12", "15:49"], "comment_content": "搞金融的跟打棒球的還是有差"}, {"comment_author": "dahlia7357", "comment_date": ["04/12", "15:49"], "comment_content": "他的帳戶哪可能給別人動手腳"}, {"comment_author": "CortexA9", "comment_date": ["04/12", "15:51"], "comment_content": "馬克思會知道阿 他是支持無產階級解放者"}, {"comment_author": "aju0921", "comment_date": ["04/12", "15:51"], "comment_content": "...........他股票一天震盪就幾億了"}, {"comment_author": "jasin0425", "comment_date": ["04/12", "15:51"], "comment_content": "衛生紙被偷抽一張都半夜打給你要你還"}, {"comment_author": "holan40", "comment_date": ["04/12", "15:53"], "comment_content": "因為這是長期偷"}, {"comment_author": "jinx5566", "comment_date": ["04/12", "15:53"], "comment_content": "被偷一千萬應該不會知道，但火箭少一顆"}, {"comment_author": "jinx5566", "comment_date": ["04/12", "15:53"], "comment_content": "鉚釘、少一克燃料，他絕對會知道"}, {"comment_author": "FatFatQQ", "comment_date": ["04/12", "15:54"], "comment_content": "這麼假的故事也有人信喔 很純到谷粉"}, {"comment_author": "mbblgg007", "comment_date": ["04/12", "15:56"], "comment_content": "要發現錢被偷 他必須先知道他有多少錢"}, {"comment_author": "laiobart", "comment_date": ["04/12", "16:06"], "comment_content": "他的股票不只賠１６００"}, {"comment_author": "kangbow", "comment_date": ["04/12", "16:45"], "comment_content": "看起來還是很多人覺得美國檢察官是豬"}, {"comment_author": "pureworld", "comment_date": ["04/12", "18:04"], "comment_content": "跟馬斯克比財富，大谷是乞丐"}]}
