{"author": "melissalewis (龍使弗利茲)", "category": "Gossiping", "title": "[問卦] 中東之爭真的會搬出核彈嗎", "date": "Sun Apr 14 09:12:58 2024", "content": ["看到伊朗真的對以色列開戰了，然後以色列放話說要對伊朗採取史無前例的大規模行動，感覺區域國家的戰爭真的無法避免了，想問一下，中東真的會搬出核彈嗎？會變成核子試射區域嗎？-----Sent from JPTT on my iPhone--"], "post_comment": [{"comment_author": "hyperdunk", "comment_date": ["04/14", "09:14"], "comment_content": "趕快射 想見證歷史"}, {"comment_author": "fuxyou", "comment_date": ["04/14", "09:15"], "comment_content": "看看伊朗聲明那種鳥樣 你覺得呢？"}, {"comment_author": "sunnyyoung", "comment_date": ["04/14", "09:15"], "comment_content": "那邊最適合丟了"}, {"comment_author": "Hsiencheng", "comment_date": ["04/14", "09:16"], "comment_content": ""}, {"comment_author": "payneblue", "comment_date": ["04/14", "09:29"], "comment_content": "不會  都在隔壁而已 你覺有可能嗎?"}, {"comment_author": "payneblue", "comment_date": ["04/14", "09:29"], "comment_content": "腦袋是個好東西  用一下好嗎"}, {"comment_author": "yoyodio", "comment_date": ["04/14", "09:45"], "comment_content": "最好互丟核彈，以色列這麼小2顆就死光惹"}, {"comment_author": "yoyodio", "comment_date": ["04/14", "09:46"], "comment_content": "伊朗能挨10幾顆吧"}]}
