{"author": "huiyin220923 (嘻嘻~yo)", "category": "Gossiping", "title": "[問卦] 八卦越挺，統神是不是越慘？", "date": "Fri Apr 12 14:01:56 2024", "content": ["如題想x未成年的言論已經碰觸社會底線從八卦仔口中的糞遊到德國emma床墊紛紛跳車但是八卦看來還是有統神錯在哪、惹到黨之類言論甚至還有[問卦］誰不想幹未成年？完全不知檢討還硬拗硬挺八卦越挺，統神是不是越慘？有沒有八卦？--"], "post_comment": [{"comment_author": "a3221715", "comment_date": ["04/12", "14:02"], "comment_content": "問就是八又翻"}, {"comment_author": "kenkenken31", "comment_date": ["04/12", "14:02"], "comment_content": "PTT八卦還以為自己名聲不臭喔XD"}, {"comment_author": "tgtg", "comment_date": ["04/12", "14:02"], "comment_content": "可悲八卦版"}, {"comment_author": "GivemeApen", "comment_date": ["04/12", "14:02"], "comment_content": "白癡取消文化"}, {"comment_author": "OPPAISuki", "comment_date": ["04/12", "14:02"], "comment_content": "再不挺 就沒人敢發聲了 言論自由已死"}, {"comment_author": "alexroc", "comment_date": ["04/12", "14:02"], "comment_content": "4"}, {"comment_author": "OPPAISuki", "comment_date": ["04/12", "14:03"], "comment_content": "下次就換八卦 被關 沒人幫八卦說話"}, {"comment_author": "zxc1028", "comment_date": ["04/12", "14:03"], "comment_content": "還行吧 PTT又不是今天才臭"}, {"comment_author": "keane9112", "comment_date": ["04/12", "14:03"], "comment_content": "越挺這事就燒越久統神就越多言論被扒出"}, {"comment_author": "highyes", "comment_date": ["04/12", "14:03"], "comment_content": "挺個懶叫  八卦就反指標啊 = =！"}, {"comment_author": "Benetnasch", "comment_date": ["04/12", "14:03"], "comment_content": "反指標不意外，但是終究會有神罰的"}, {"comment_author": "yzelly", "comment_date": ["04/12", "14:03"], "comment_content": "上次選完就該知道八卦是平行世界好嗎"}, {"comment_author": "a3221715", "comment_date": ["04/12", "14:03"], "comment_content": "統神不是也說鄉民魯蛇"}, {"comment_author": "ZakkWylde", "comment_date": ["04/12", "14:03"], "comment_content": "神會一一降下神罰"}, {"comment_author": "mij", "comment_date": ["04/12", "14:03"], "comment_content": "我沒挺過啊"}, {"comment_author": "abcd575", "comment_date": ["04/12", "14:04"], "comment_content": "死忠的也很挺 40%還是上了啊"}, {"comment_author": "railman", "comment_date": ["04/12", "14:04"], "comment_content": "八卦只要有神字輩都挺"}, {"comment_author": "mk5520", "comment_date": ["04/12", "14:05"], "comment_content": "勿忘剴剴"}, {"comment_author": "keane9112", "comment_date": ["04/12", "14:05"], "comment_content": "就繼續挺 讓統神在風頭上被扒過去言論"}, {"comment_author": "carrey8", "comment_date": ["04/12", "14:05"], "comment_content": "這兒統粉老巢 這兒都不挺 就沒地方挺了"}, {"comment_author": "juiceweb", "comment_date": ["04/12", "14:05"], "comment_content": "八卦挺的也只敢匿名挺 誰敢現真身？"}, {"comment_author": "higameboy", "comment_date": ["04/12", "14:05"], "comment_content": "賠錢而已 廠商沒了也是沒錢而已"}, {"comment_author": "a111111", "comment_date": ["04/12", "14:05"], "comment_content": "少假了！就問你有沒有看過郭冠英?"}, {"comment_author": "keane9112", "comment_date": ["04/12", "14:05"], "comment_content": "越扒只會越多失言被人檢視"}, {"comment_author": "SSglamr", "comment_date": ["04/12", "14:06"], "comment_content": "八又翻"}, {"comment_author": "ayasesayuki", "comment_date": ["04/12", "14:07"], "comment_content": ""}, {"comment_author": "ayasesayuki", "comment_date": ["04/12", "14:07"], "comment_content": "什麼底線？這位有事嗎？"}, {"comment_author": "oozz00456", "comment_date": ["04/12", "14:07"], "comment_content": "檢察官也認為黃子佼沒那麼嚴重啊"}, {"comment_author": "VOLK11", "comment_date": ["04/12", "14:07"], "comment_content": "個人不挺他的言論，但挺他被這樣對待，塔"}, {"comment_author": "oozz00456", "comment_date": ["04/12", "14:07"], "comment_content": "還是綠委說的"}, {"comment_author": "VOLK11", "comment_date": ["04/12", "14:07"], "comment_content": "綠班網軍跑去跑去和廠商失壓害他丟代言"}, {"comment_author": "HJC6666", "comment_date": ["04/12", "14:07"], "comment_content": "馬的 光這次八卦快洗到1000篇了= ="}, {"comment_author": "VOLK11", "comment_date": ["04/12", "14:08"], "comment_content": "被這樣不當對待是不對的，更正"}, {"comment_author": "keroro39", "comment_date": ["04/12", "14:08"], "comment_content": "難怪這次不是4x開砲 因為bump和丁特都是"}, {"comment_author": "keroro39", "comment_date": ["04/12", "14:08"], "comment_content": "他在質疑的 突然變發言人規格"}, {"comment_author": "VOLK11", "comment_date": ["04/12", "14:09"], "comment_content": "就像文革時期，如果有紅（綠）衛兵在一個"}, {"comment_author": "VOLK11", "comment_date": ["04/12", "14:09"], "comment_content": "人背後插旗還踹他兩腳，整得不死不活，是"}, {"comment_author": "carrey8", "comment_date": ["04/12", "14:09"], "comment_content": "挖4X貓讚 最近還上政論節目 快吐了"}, {"comment_author": "VOLK11", "comment_date": ["04/12", "14:09"], "comment_content": "一個有點良知的人看到這種處境都會看不下"}, {"comment_author": "VOLK11", "comment_date": ["04/12", "14:09"], "comment_content": "去"}, {"comment_author": "ryoma9527", "comment_date": ["04/12", "14:09"], "comment_content": "身上那麼多代言還亂講話 被廠商切割很"}, {"comment_author": "ryoma9527", "comment_date": ["04/12", "14:09"], "comment_content": "合理吧"}, {"comment_author": "keane9112", "comment_date": ["04/12", "14:10"], "comment_content": "這波藍綠媒體都在鞭他藍白也沒人幫說話"}, {"comment_author": "dennis1026", "comment_date": ["04/12", "14:10"], "comment_content": "在八卦發文要自我審查，檢討統神就會"}, {"comment_author": "dennis1026", "comment_date": ["04/12", "14:10"], "comment_content": "遭到藍白紅網軍圍剿"}, {"comment_author": "spiral0857", "comment_date": ["04/12", "14:10"], "comment_content": "估計還有一些是批皮黑，就是要統神萬"}, {"comment_author": "keane9112", "comment_date": ["04/12", "14:10"], "comment_content": "一直說綠的在攻擊他 怎藍白沒人幫他說"}, {"comment_author": "spiral0857", "comment_date": ["04/12", "14:11"], "comment_content": "劫不復（呵呵"}, {"comment_author": "tgtg", "comment_date": ["04/12", "14:13"], "comment_content": "事實是現實社會沒人挺 中天、中時也沒 還再"}, {"comment_author": "tgtg", "comment_date": ["04/12", "14:13"], "comment_content": "推給DPP 真是是非不分了"}, {"comment_author": "jkhz", "comment_date": ["04/12", "14:15"], "comment_content": "大家都喜歡血流成河，希望統家人別被波及~"}, {"comment_author": "minoru04", "comment_date": ["04/12", "14:16"], "comment_content": "不是有100%-40%=60%的人挺嗎"}, {"comment_author": "omfg5487", "comment_date": ["04/12", "14:16"], "comment_content": "八卦又翻車"}, {"comment_author": "minoru04", "comment_date": ["04/12", "14:16"], "comment_content": "怎麼感覺現實連6%都沒有"}, {"comment_author": "yuta02", "comment_date": ["04/12", "14:18"], "comment_content": "小草支持的都會倒楣：）"}, {"comment_author": "cynthiajul", "comment_date": ["04/12", "14:18"], "comment_content": "八卦台男挺的都會翻車，哈哈。"}, {"comment_author": "rock720429", "comment_date": ["04/12", "14:18"], "comment_content": "==== 有人真的幹了，沒事啊！ ===="}, {"comment_author": "Dhack5321", "comment_date": ["04/12", "14:19"], "comment_content": "就是得罪党 不然嘴砲而已會洗成這樣"}, {"comment_author": "woo5566", "comment_date": ["04/12", "14:20"], "comment_content": "戰國策又不乎統神，拿來打DDP，往死裡弄"}, {"comment_author": "kixer2005", "comment_date": ["04/12", "14:26"], "comment_content": "沒有一個正常人會挺戀童 八卦都不正常"}, {"comment_author": "key123987", "comment_date": ["04/12", "14:28"], "comment_content": "八卦藍白仔只是想要一個婊民進黨的藉"}, {"comment_author": "key123987", "comment_date": ["04/12", "14:28"], "comment_content": "口 哪管阿糖的死活=="}, {"comment_author": "HAHAHUNG", "comment_date": ["04/12", "14:29"], "comment_content": "就藍白粉想把統神當槍使戳民進黨"}, {"comment_author": "HAHAHUNG", "comment_date": ["04/12", "14:29"], "comment_content": "統神也不是笨蛋 先消失才不會被陷害"}, {"comment_author": "s7598261", "comment_date": ["04/12", "14:40"], "comment_content": "壓倒統神的不就小草…整天洗文問哪裡錯"}, {"comment_author": "janems", "comment_date": ["04/12", "14:40"], "comment_content": "自信一點 把八卦換成小草"}, {"comment_author": "s7598261", "comment_date": ["04/12", "14:40"], "comment_content": "跟當初柯p一樣…低端太多自爆"}, {"comment_author": "s7598261", "comment_date": ["04/12", "14:41"], "comment_content": "偏偏這小草還以為自己不是韭菜"}, {"comment_author": "liont", "comment_date": ["04/12", "14:45"], "comment_content": "4"}, {"comment_author": "kingearth", "comment_date": ["04/12", "14:51"], "comment_content": "應該大部分的人是討厭民進黨，民進黨雙"}, {"comment_author": "kingearth", "comment_date": ["04/12", "14:51"], "comment_content": "標導致仇恨值太高，民進黨殺得了一個不"}, {"comment_author": "kingearth", "comment_date": ["04/12", "14:52"], "comment_content": "聽話的網紅，只會讓自己陷入更深的仇恨"}, {"comment_author": "kingearth", "comment_date": ["04/12", "14:53"], "comment_content": "大部分的鄉民根本沒在看什麼電競，統神"}, {"comment_author": "kingearth", "comment_date": ["04/12", "14:53"], "comment_content": "只是個站在民進黨反向的網紅"}, {"comment_author": "blueman1025", "comment_date": ["04/12", "14:57"], "comment_content": "八卦哪有挺統，是DPP仇恨值高導致的"}, {"comment_author": "blueman1025", "comment_date": ["04/12", "14:58"], "comment_content": "死忠綠以為統神是八卦害的？幼稚死了"}, {"comment_author": "hermionex", "comment_date": ["04/12", "15:07"], "comment_content": "沒事 小草全部推給黨就對了"}, {"comment_author": "kingearth", "comment_date": ["04/12", "15:10"], "comment_content": "就是黨啊，民進黨自己人嫖妓、上酒店喝"}, {"comment_author": "kingearth", "comment_date": ["04/12", "15:10"], "comment_content": "花酒、偷情、性侵、性騷案件那麼多，哪"}, {"comment_author": "kingearth", "comment_date": ["04/12", "15:10"], "comment_content": "一次是從部長到網軍媒體追殺到底"}, {"comment_author": "cummom", "comment_date": ["04/12", "15:14"], "comment_content": "真身挺也只會被側翼肉搜、霸凌 這就是黨"}, {"comment_author": "cummom", "comment_date": ["04/12", "15:15"], "comment_content": "的言論自由"}, {"comment_author": "alanbread", "comment_date": ["04/12", "15:32"], "comment_content": "噁心，快退休吧"}, {"comment_author": "tetsu327", "comment_date": ["04/12", "15:35"], "comment_content": "八卦啥時挺了 不是也在追打他"}, {"comment_author": "twofm", "comment_date": ["04/12", "15:37"], "comment_content": "有的人就是只能在網路亂發言而已"}, {"comment_author": "twofm", "comment_date": ["04/12", "15:37"], "comment_content": "反正嘴砲的人又沒接工商"}, {"comment_author": "DEVIN929", "comment_date": ["04/12", "15:39"], "comment_content": "現實遇到的人也說他就硬蹭流量翻車活該"}, {"comment_author": "DEVIN929", "comment_date": ["04/12", "15:40"], "comment_content": "朋友圈沒看到有人挺他的"}, {"comment_author": "twofm", "comment_date": ["04/12", "15:40"], "comment_content": "八卦有人硬扯政黨也不是一兩天的事"}, {"comment_author": "MikeyWill", "comment_date": ["04/12", "16:05"], "comment_content": "八卦低能就想政治操作啊 跟統神一樣"}, {"comment_author": "MikeyWill", "comment_date": ["04/12", "16:06"], "comment_content": "把自己往死裡打"}, {"comment_author": "paulleeMO", "comment_date": ["04/12", "16:06"], "comment_content": "那個V什麼的草包滑坡跟瞎類比技能點太"}, {"comment_author": "paulleeMO", "comment_date": ["04/12", "16:06"], "comment_content": "高"}, {"comment_author": "cary90844", "comment_date": ["04/12", "16:13"], "comment_content": "得罪黨了"}, {"comment_author": "hectorwei", "comment_date": ["04/12", "16:34"], "comment_content": "要是八卦言論是主流，藍白早就執政了"}, {"comment_author": "nineuniverse", "comment_date": ["04/12", "18:42"], "comment_content": "你要確定八卦沒有那4500位呢"}, {"comment_author": "slayer6603", "comment_date": ["04/12", "19:42"], "comment_content": "有八卦女神力挺，不怕"}]}
