{"author": "h456785 (christ dd)", "category": "Gossiping", "title": "[問卦] 會考警察的人都是什麼樣的人呀？", "date": "Tue Apr 16 14:46:21 2024", "content": ["台灣的警察好像每個月都要自殺一個才正常台灣警察是不是受到什麼詛咒了呀？怎麼會這麼容易就自殺了？一個月死一個真的太可怕了啦！！話說聽朋友說警察一個月薪水大概6萬塊錢若每天多加班4小時可以到7萬以現在鄉民的薪水來說根本不屑現在想當警察的人都是什麼樣的人嗎？--"], "post_comment": [{"comment_author": "s820912gmail", "comment_date": ["04/16", "14:46"], "comment_content": "社底"}, {"comment_author": "engineer1", "comment_date": ["04/16", "14:47"], "comment_content": "問就是幹你屁事"}, {"comment_author": "lagi5487", "comment_date": ["04/16", "14:47"], "comment_content": "要當警察的人"}, {"comment_author": "hyakkiyagyo", "comment_date": ["04/16", "14:47"], "comment_content": "基本上都低端跟廢物居多"}, {"comment_author": "WIGGINS22", "comment_date": ["04/16", "14:47"], "comment_content": "沒家底的人"}, {"comment_author": "Forcast", "comment_date": ["04/16", "14:50"], "comment_content": "考得到的人"}, {"comment_author": "karkkunt", "comment_date": ["04/16", "14:51"], "comment_content": "特考的話，就是大學選錯科系的人= ="}, {"comment_author": "ziso", "comment_date": ["04/16", "14:51"], "comment_content": "六萬起跳 但這薪水是含加給的"}, {"comment_author": "neiltyh", "comment_date": ["04/16", "14:55"], "comment_content": "台灣薪資中位數才多少警察算高了"}, {"comment_author": "TiggerLin", "comment_date": ["04/16", "15:03"], "comment_content": "警專通常都是不愛念書被逼的"}, {"comment_author": "peregrinee", "comment_date": ["04/16", "15:03"], "comment_content": "窮人或是沒有生活目標者，二選一"}, {"comment_author": "TiggerLin", "comment_date": ["04/16", "15:06"], "comment_content": "特考通常是出社會後 尋個穩定 為了$$$"}, {"comment_author": "gust0985", "comment_date": ["04/16", "15:11"], "comment_content": "警察是最危險工作之一，月薪跟他風險比"}, {"comment_author": "gust0985", "comment_date": ["04/16", "15:11"], "comment_content": "還是太低…"}, {"comment_author": "gust0985", "comment_date": ["04/16", "15:11"], "comment_content": "消防員也是薪資太低.."}, {"comment_author": "twmadrid", "comment_date": ["04/16", "15:37"], "comment_content": "我有一個韓國朋友是特招進去  他身份是"}, {"comment_author": "twmadrid", "comment_date": ["04/16", "15:37"], "comment_content": "韓國最大財團公子 他辦案都砸錢在辦案"}]}
