{"author": "aa780929 (aboutYZ)", "category": "Gossiping", "title": "[問卦] 有沒有《連連看》的八卦", "date": "Wed Apr 17 14:47:45 2024", "content": ["我記得以前就有一個網頁遊戲，連連看不用下載，規則簡單配上令人簡單易懂的神奇寶貝可以讓長輩動動腦消耗時間但現在好像都沒再看到了可能是受到東方最強法務的靈壓影響有沒有連連看的八卦?--"], "post_comment": [{"comment_author": "au4g3wk4k", "comment_date": ["04/17", "14:52"], "comment_content": "五樓愛玩肛肛看"}, {"comment_author": "sunwill34243", "comment_date": ["04/17", "15:19"], "comment_content": "APP還有"}]}
