{"author": "botnet (反甲連-宣傳長)", "category": "Gossiping", "title": "[問卦] 撲殺戀童仔，誰反對？", "date": "Fri Apr 12 18:44:45 2024", "content": ["女口是頁台灣這個社會對未成年極度不友善要嘛被撞死  被毒死要嘛被虐死 被同學拿刀插死現在還有一群戀童仔潛伏於社會中更有人想要廢除保護兒少的法令", "讓這些兒童 未成年青少年暴露於不安全的成長環境我說  立法撲殺戀童仔誰反對！？--"], "post_comment": [{"comment_author": "ggyy744", "comment_date": ["04/12", "18:45"], "comment_content": "殺殺殺殺"}, {"comment_author": "smallroad", "comment_date": ["04/12", "18:45"], "comment_content": "民進黨：好險不是小三"}, {"comment_author": "bill403777", "comment_date": ["04/12", "18:45"], "comment_content": "性騷擾也直接撲殺"}, {"comment_author": "au4g3wk4k", "comment_date": ["04/12", "18:45"], "comment_content": "炎P：看我幹嘛"}, {"comment_author": "felixden", "comment_date": ["04/12", "18:46"], "comment_content": "蘿莉控超噁"}, {"comment_author": "cutesoda", "comment_date": ["04/12", "18:47"], "comment_content": "人都有人權 不能殺 但是要接受「治療」"}, {"comment_author": "jma306", "comment_date": ["04/12", "18:47"], "comment_content": " 唐弟"}, {"comment_author": "TOEY", "comment_date": ["04/12", "18:48"], "comment_content": "你殺完發現身旁都沒人了（笑）"}, {"comment_author": "drinkmuffin", "comment_date": ["04/12", "18:48"], "comment_content": "同性戀一起殺好不好"}, {"comment_author": "pooznn", "comment_date": ["04/12", "18:48"], "comment_content": "有人不知道兒童是指12歲以下的嗎?!"}, {"comment_author": "snow3804", "comment_date": ["04/12", "18:49"], "comment_content": "糖弟不能殺"}, {"comment_author": "lwt501cx", "comment_date": ["04/12", "18:50"], "comment_content": "讚 支持唯一死刑"}, {"comment_author": "jim543000", "comment_date": ["04/12", "18:51"], "comment_content": "可能要先撲殺炎亞綸跟4x了"}, {"comment_author": "JOHNJJ", "comment_date": ["04/12", "19:02"], "comment_content": "小草吧，看上面一堆挺煉銅神的"}, {"comment_author": "OCDisorder", "comment_date": ["04/12", "20:00"], "comment_content": "殺人都沒事了，戀童怎判死？"}, {"comment_author": "artpower", "comment_date": ["04/12", "20:29"], "comment_content": "拒絕侵害兒少 拒絕暴力 拒絕打打殺殺"}, {"comment_author": "BMWi3", "comment_date": ["04/12", "22:00"], "comment_content": "噁甲反對"}, {"comment_author": "girl55665566", "comment_date": ["04/12", "23:24"], "comment_content": "@.＠"}]}
