{"author": "v40316 (v40316)", "category": "Gossiping", "title": "[問卦] 包租代管誰買單？", "date": "Sun Apr 14 21:22:00 2024", "content": ["我朋友最近買房了老公寓家庭式20坪現在當包租公參加包租代管簽一個月租兩萬結果我一問才知道不管有沒有找到人租都一定會拿到兩萬真的假的？有沒有房東絕對不會斷頭的煉金術？-----Sent from JPTT on my iPhone--", "市價八折根本假的", "一陣子大概多久啊？", "一次簽三年還六年欸", "我覺得稅金藏更多", "沒欸空屋已經開始領了"], "post_comment": [{"comment_author": "jerrylin", "comment_date": ["04/14", "21:22"], "comment_content": "但是物業會先抽你一兩個月的租金"}, {"comment_author": "b0d", "comment_date": ["04/14", "21:22"], "comment_content": "市場租金可能更高"}, {"comment_author": "jerrylin", "comment_date": ["04/14", "21:23"], "comment_content": "而且這都是有期限的"}, {"comment_author": "jerrylin", "comment_date": ["04/14", "21:23"], "comment_content": "如果一陣子都沒租出去"}, {"comment_author": "jerrylin", "comment_date": ["04/14", "21:23"], "comment_content": "下次簽約就會要求你調降租金了"}, {"comment_author": "R3hab", "comment_date": ["04/14", "21:23"], "comment_content": ""}, {"comment_author": "jerrylin", "comment_date": ["04/14", "21:23"], "comment_content": "這套日本幾十年前就玩爛了好嗎"}, {"comment_author": "jerrylin", "comment_date": ["04/14", "21:24"], "comment_content": "房東賺不賺不知道  物業公司才是穩賺"}, {"comment_author": "R3hab", "comment_date": ["04/14", "21:25"], "comment_content": ""}, {"comment_author": "dracula83183", "comment_date": ["04/14", "21:26"], "comment_content": "合約看清楚吧。很多魔鬼藏在裡面。"}, {"comment_author": "qaz12453", "comment_date": ["04/14", "21:30"], "comment_content": "市場價 就看怎麼定義阿= ="}, {"comment_author": "qaz12453", "comment_date": ["04/14", "21:31"], "comment_content": "加價上去打折後是兩萬 www"}, {"comment_author": "qaz12453", "comment_date": ["04/14", "21:32"], "comment_content": "穩拿大概公司當二房東 包租三年吧"}, {"comment_author": "boffet", "comment_date": ["04/14", "21:52"], "comment_content": "要從租出去那個月開始算，有些低收入原住"}, {"comment_author": "boffet", "comment_date": ["04/14", "21:52"], "comment_content": "民，都有補助，差不多補助2成"}, {"comment_author": "Forcast", "comment_date": ["04/14", "22:19"], "comment_content": "抽佣金"}, {"comment_author": "raku", "comment_date": ["04/15", "07:50"], "comment_content": "包租代管本來就是買斷式 代租代管才是有租"}, {"comment_author": "raku", "comment_date": ["04/15", "07:50"], "comment_content": "出去才收得到錢"}]}
