{"author": "NinjaCats (忍者貓貓)", "category": "Gossiping", "title": "[問卦] 雙北平日停電四天會發生什麼事情？", "date": "Thu Apr 18 00:45:47 2024", "content": ["假設不遠的未來台灣電力崩潰各縣市輪流供電供ㄧ停ㄧ太浪費成本因為很多科技廠與人力都會難發揮效率因此一次停電四天雙北平日停電四天會發生什麼事情？間接達成週休四日？有沒有相關八卦？--"], "post_comment": [{"comment_author": "ivorysoap", "comment_date": ["04/18", "00:46"], "comment_content": "下一篇五天"}, {"comment_author": "arch20161219", "comment_date": ["04/18", "00:48"], "comment_content": "系列文=="}, {"comment_author": "s6525480", "comment_date": ["04/18", "00:48"], "comment_content": "瘋狂做愛"}, {"comment_author": "SAMON5566", "comment_date": ["04/18", "00:55"], "comment_content": "賊頭侯導就每天開記者會炮打中央啊"}, {"comment_author": "gowet", "comment_date": ["04/18", "00:58"], "comment_content": "一般來說，可能會公投會包圍台積電三座廠，"}, {"comment_author": "gowet", "comment_date": ["04/18", "00:58"], "comment_content": "停掉就有電可以用了"}, {"comment_author": "chou3321", "comment_date": ["04/18", "01:16"], "comment_content": "就可以放四天假 超爽= ="}, {"comment_author": "mike365404", "comment_date": ["04/18", "01:56"], "comment_content": "叫台塑可以停的廠停下來沒有用到的再"}, {"comment_author": "mike365404", "comment_date": ["04/18", "01:56"], "comment_content": "賣給台電"}, {"comment_author": "jinnij03879", "comment_date": ["04/18", "02:01"], "comment_content": "可以啊，股市直接不開盤"}, {"comment_author": "fddk", "comment_date": ["04/18", "02:24"], "comment_content": "是不是只有我停電查24日但通知單貼20日?"}, {"comment_author": "kinghtt", "comment_date": ["04/18", "02:29"], "comment_content": "上次電網崩潰限電才幾年前的事..."}]}
