{"author": "underwood (安德伍德)", "category": "Gossiping", "title": "[問卦] 禮拜五快結束了 怎麼伊朗還沒開打", "date": "Fri Apr 12 23:28:49 2024", "content": ["說禮拜五伊朗要打以色列禮拜五都快結束了伊朗怎麼還沒放煙火難道美國情報失靈了嗎--"], "post_comment": [{"comment_author": "a3221715", "comment_date": ["04/12", "23:31"], "comment_content": "還有5個小時"}, {"comment_author": "ct13579", "comment_date": ["04/12", "23:31"], "comment_content": "被爆雷了啊"}, {"comment_author": "LoveMakeLove", "comment_date": ["04/12", "23:32"], "comment_content": "有時差"}, {"comment_author": "flux", "comment_date": ["04/12", "23:32"], "comment_content": "放心吧，會比華航改名還快"}, {"comment_author": "pcury", "comment_date": ["04/12", "23:33"], "comment_content": "都美國警告了伊朗會笨到現在動手？"}, {"comment_author": "kamitengo", "comment_date": ["04/12", "23:34"], "comment_content": "慘了 假消息，臥底被識破。"}, {"comment_author": "heavensun", "comment_date": ["04/12", "23:35"], "comment_content": "下禮拜五  還沒到阿"}, {"comment_author": "dynamo", "comment_date": ["04/12", "23:38"], "comment_content": "現在以色列所有反飛彈裝置都待命了"}, {"comment_author": "gn00152097", "comment_date": ["04/12", "23:39"], "comment_content": "美國八成是故意講出來這樣的"}, {"comment_author": "dynamo", "comment_date": ["04/12", "23:39"], "comment_content": "你挑這個時候射飛彈成功率有多少？"}, {"comment_author": "dynamo", "comment_date": ["04/12", "23:39"], "comment_content": "伊朗除了射飛彈還有哪招？  陸軍推過去？"}, {"comment_author": "gn00152097", "comment_date": ["04/12", "23:40"], "comment_content": "講出來了伊朗還準打不是白痴嗎"}, {"comment_author": "jesiuty", "comment_date": ["04/12", "23:40"], "comment_content": "本來想偷打都被破梗了 對手又是技安 你覺"}, {"comment_author": "jesiuty", "comment_date": ["04/12", "23:40"], "comment_content": "得你是大雄會打嗎？ 不像俄羅斯技安打大"}, {"comment_author": "jesiuty", "comment_date": ["04/12", "23:41"], "comment_content": "雄 被破梗照打"}, {"comment_author": "LMgogo", "comment_date": ["04/12", "23:43"], "comment_content": "上次美國講 普丁照打欸"}, {"comment_author": "jesiuty", "comment_date": ["04/12", "23:44"], "comment_content": "技安打大雄 破梗有差嗎？"}, {"comment_author": "pontifical", "comment_date": ["04/12", "23:51"], "comment_content": "不是說了問就是下禮拜五"}, {"comment_author": "hn84679402", "comment_date": ["04/12", "23:54"], "comment_content": "上次是胖虎打大雄 這次反過來了"}, {"comment_author": "AMD640", "comment_date": ["04/13", "00:03"], "comment_content": ""}, {"comment_author": "jili1000", "comment_date": ["04/13", "00:39"], "comment_content": "有臥底 終止絞以"}]}
