{"author": "chan324 (北極熊)", "category": "Gossiping", "title": "[問卦] 那些人最喜歡吃到飽阿", "date": "Wed Apr 17 20:39:09 2024", "content": ["趁大家都在啦~~~我記得吃到飽流行於 我高中時期那時候 趣味一下 150吃到飽應該不少人搭上這個風潮~~那請問哪些人 最愛吃到飽阿??有大大可以分享類似經驗嗎?--當我用功過度身心俱疲的時候是他幫我治療~當我得了思鄉病的時候是他扮演母親的角色~當我身上缺錢的時候~他不知從哪裡弄來巨款 偷偷接濟我~--"], "post_comment": [{"comment_author": "Roooz", "comment_date": ["04/17", "20:39"], "comment_content": "媽的 吃到飽很看價位跟品質 爛的跟屎一樣"}, {"comment_author": "s142857", "comment_date": ["04/17", "20:39"], "comment_content": ""}, {"comment_author": "k385476916", "comment_date": ["04/17", "20:39"], "comment_content": "我"}, {"comment_author": "bboywhite", "comment_date": ["04/17", "20:39"], "comment_content": "樓下等下要跟誰捉i？"}, {"comment_author": "Roooz", "comment_date": ["04/17", "20:39"], "comment_content": "我還是比較喜歡套餐類的 剛好飽品質又好=="}, {"comment_author": "ninnyshadow", "comment_date": ["04/17", "20:40"], "comment_content": "窮人"}, {"comment_author": "a82380", "comment_date": ["04/17", "20:40"], "comment_content": "閒閒沒事錢太多坐滿2小時的人"}, {"comment_author": "mymicos", "comment_date": ["04/17", "20:40"], "comment_content": "年輕人"}, {"comment_author": "NaouZ", "comment_date": ["04/17", "20:40"], "comment_content": "越南暗黑團吃到飽"}, {"comment_author": "qqqqwe15", "comment_date": ["04/17", "20:43"], "comment_content": "吃到飽超級黑…"}, {"comment_author": "powerggyy", "comment_date": ["04/17", "20:43"], "comment_content": "現在多少人電信費不是吃到飽方案的"}, {"comment_author": "kairi5217", "comment_date": ["04/17", "20:43"], "comment_content": "汝 身為台灣人 … 我還真的看不懂命題"}, {"comment_author": "kairi5217", "comment_date": ["04/17", "20:43"], "comment_content": "想瞭解什麼 類似什麼體驗？台灣人超愛"}, {"comment_author": "kairi5217", "comment_date": ["04/17", "20:44"], "comment_content": "吃到飽的啊"}, {"comment_author": "minoru04", "comment_date": ["04/17", "20:50"], "comment_content": "地球人"}, {"comment_author": "fateat", "comment_date": ["04/17", "20:54"], "comment_content": "吃粗飽 心理滿足呀"}]}
