{"author": "AisinGioro (愛新覺羅。溥聰)", "category": "Gossiping", "title": "[問卦] 素食蚵仔煎賣到90？", "date": "Fri Apr 12 11:54:12 2024", "content": ["只有粉 就連蛋也不是真的蛋這樣要賣90葷的都很坑了素食更坑一堆粉要賣90----Sent from", "on my iPhone 13 Pro--"], "post_comment": [{"comment_author": "preisner", "comment_date": ["04/12", "11:55"], "comment_content": "素食本來就比較貴啊"}, {"comment_author": "s820912gmail", "comment_date": ["04/12", "11:55"], "comment_content": "盤子"}, {"comment_author": "preisner", "comment_date": ["04/12", "11:55"], "comment_content": "第一天在台灣吃素食哦????"}, {"comment_author": "gx8759121", "comment_date": ["04/12", "11:55"], "comment_content": "正常啊，你看那個健康餐盒"}, {"comment_author": "ninnyshadow", "comment_date": ["04/12", "11:55"], "comment_content": "蚵仔煎有蛋是要怎麼純素啊?"}, {"comment_author": "tchialen", "comment_date": ["04/12", "11:56"], "comment_content": "有錢吃素 沒錢吃菜"}, {"comment_author": "s6525480", "comment_date": ["04/12", "11:58"], "comment_content": "不然你要ㄘ那個肖天犬酸？"}, {"comment_author": "ppp123", "comment_date": ["04/12", "11:58"], "comment_content": "一顆蛋+麵粉賣你90元"}, {"comment_author": "jameshcm", "comment_date": ["04/12", "11:59"], "comment_content": "寧願吃阿公阿婆蛋餅"}, {"comment_author": "max60209", "comment_date": ["04/12", "11:59"], "comment_content": "套一個外國形容詞:科技與狠活"}, {"comment_author": "qpeter", "comment_date": ["04/12", "12:00"], "comment_content": "素食加倍賣 你現在才知道嗎..."}, {"comment_author": "monok", "comment_date": ["04/12", "12:01"], "comment_content": "為何不叫香菇煎？"}, {"comment_author": "showdoggy", "comment_date": ["04/12", "12:01"], "comment_content": "90算便宜 我還看過130的"}, {"comment_author": "monok", "comment_date": ["04/12", "12:02"], "comment_content": "嘴吃素食意淫葷食，比較高尚？"}, {"comment_author": "kino056", "comment_date": ["04/12", "12:03"], "comment_content": "不會吃蚵仔麵線 一碗才20"}, {"comment_author": "pnsboy", "comment_date": ["04/12", "12:07"], "comment_content": "素食一堆科技化工有資格貴三小"}, {"comment_author": "adon0313", "comment_date": ["04/12", "12:09"], "comment_content": "現在賣便宜沒人買"}, {"comment_author": "Ilat", "comment_date": ["04/12", "12:19"], "comment_content": "只要冠上素食的東西 不是+30就是翻倍賣"}, {"comment_author": "Forcast", "comment_date": ["04/12", "12:49"], "comment_content": "沒毒吧"}]}
