{"author": "IchiKori176 (我愛櫃姐 櫃姐愛我)", "category": "Gossiping", "title": "[問卦] 女生戒菸是不是比男生困難", "date": "Thu Apr 18 20:38:34 2024", "content": ["以前我大姨丈工作時一天三包菸後來健檢時出現大問題壯士斷腕戒菸但女生好像就比較少聽到戒成末代皇后婉容也是吸鴉片吸到掛點哈菸主播張宇生了小孩還是被拍到室內偷抽電子菸台灣第一美女林襄也是哈菸族照理說女生抽菸會影響經期不是更應該要戒掉嗎?女生抽菸是不是比男生更難戒掉阿--張無忌仔細瞧殷天正時見他雖然年老卻精神矍鑠，雙目燦然生光，張無忌從他目中陡然見到幾分慈和溫柔的神色，他不知道殷天正此時目光忽露親善之意，也正是想到自己已死去的女兒 女婿。--"], "post_comment": [{"comment_author": "kent", "comment_date": ["04/18", "20:39"], "comment_content": "改抽懶叫"}, {"comment_author": "k385476916", "comment_date": ["04/18", "20:39"], "comment_content": "沒有這回事"}, {"comment_author": "bill403777", "comment_date": ["04/18", "20:49"], "comment_content": "問菸鬼蛇王"}]}
