{"author": "jp6vu04boy (客家肥肥)", "category": "Gossiping", "title": "[問卦] 台灣的道路驗收是不是隨便到很誇張？", "date": "Fri Apr 19 09:21:00 2024", "content": ["三不五時就看到待轉區位置有爭議停止線設計不良亂用雙白線雙黃線這種就算了更扯的是那種斑馬線走到一半消失斑馬線走到一半邊牆壁車格中間插一根電線桿或變電箱車格雞巴小人行道被電線桿或樹擋住幹這真的超白癡有眼睛的生物都看得出來這根本亂做工程單位亂做就算了驗收還能過更奇葩他媽的相關單位到底幹啥小吃的？--", "你媽斑馬線走到一半是牆壁怎麼通行", "那幹嘛畫線？"], "post_comment": [{"comment_author": "PSptt", "comment_date": ["04/19", "09:22"], "comment_content": "固樁用的是要多嚴啦"}, {"comment_author": "roywow", "comment_date": ["04/19", "09:22"], "comment_content": "人行道被電箱卡住 超級好笑"}, {"comment_author": "smallGGgirl", "comment_date": ["04/19", "09:23"], "comment_content": "能通行就好 不要要求太多"}, {"comment_author": "smallGGgirl", "comment_date": ["04/19", "09:28"], "comment_content": "轉彎不會 連白海豚都不如？"}, {"comment_author": "q748918", "comment_date": ["04/19", "11:11"], "comment_content": "這樣你才會減速阿"}]}
