{"author": "shipping5566 (小姐小姐別生氣)", "category": "Gossiping", "title": "[問卦] 統神怎麼了", "date": "Mon Apr 15 13:03:54 2024", "content": ["這樣啦林杯好奇 今天嘉航遲到上節目一進場 馬上跟扣扣阿姨道歉又跟阿苗講話客氣 絲毫沒火藥味到底是嘉航怕扣扣阿姨弄他還說嘉航怕老婆003這節目明顯是003押統神上節目的--"], "post_comment": [{"comment_author": "MrXD", "comment_date": ["04/15", "13:04"], "comment_content": "好有禮貌啊"}, {"comment_author": "chentosi1217", "comment_date": ["04/15", "13:04"], "comment_content": "要起飛了，你看不懂？"}, {"comment_author": "boy1031", "comment_date": ["04/15", "13:04"], "comment_content": "不爽直接離，家產分一分，嘻嘻"}, {"comment_author": "gaym19", "comment_date": ["04/15", "13:04"], "comment_content": "統人"}, {"comment_author": "IJuBan", "comment_date": ["04/15", "13:04"], "comment_content": "再囂張下去就鱟錢了"}, {"comment_author": "tmgl", "comment_date": ["04/15", "13:04"], "comment_content": "今天正式入黨"}, {"comment_author": "jameshcm", "comment_date": ["04/15", "13:04"], "comment_content": "可能被換腦了"}, {"comment_author": "bill403777", "comment_date": ["04/15", "13:04"], "comment_content": "左一個叩叩姊又一個博雅姊 斯文禮貌"}, {"comment_author": "morichi", "comment_date": ["04/15", "13:05"], "comment_content": "學哥哥"}, {"comment_author": "woifeiwen", "comment_date": ["04/15", "13:05"], "comment_content": "在下一盤很大的棋"}, {"comment_author": "lesnaree2", "comment_date": ["04/15", "13:05"], "comment_content": "洗滌人生"}, {"comment_author": "keroro39", "comment_date": ["04/15", "13:05"], "comment_content": "他自己要去的吧 軍師大概是3Q 說真的 就"}, {"comment_author": "keroro39", "comment_date": ["04/15", "13:06"], "comment_content": "這樣下莊 最好和哥哥上演大和解 我不覺"}, {"comment_author": "keroro39", "comment_date": ["04/15", "13:06"], "comment_content": "得有問題啊 可能我不是很鐵的統粉吧 統"}, {"comment_author": "keroro39", "comment_date": ["04/15", "13:06"], "comment_content": "神本來就很多錯誤 我覺得最有問題的就是"}, {"comment_author": "keroro39", "comment_date": ["04/15", "13:06"], "comment_content": "和哥哥想法不同就開啟頂上戰爭"}, {"comment_author": "tmgl", "comment_date": ["04/15", "13:06"], "comment_content": "特哥椅子哥vs 周姊苗姊 統又贏"}, {"comment_author": "hkcdc", "comment_date": ["04/15", "13:06"], "comment_content": "周姊招降"}, {"comment_author": "Dirgo", "comment_date": ["04/15", "13:06"], "comment_content": "統神很懂誰在搞他啊,生意人,該軟就軟."}, {"comment_author": "asspig", "comment_date": ["04/15", "13:06"], "comment_content": "入黨了以後橫著走"}, {"comment_author": "keroro39", "comment_date": ["04/15", "13:07"], "comment_content": "當你說出巧芯姐三個字的時候 其實就回不"}, {"comment_author": "keroro39", "comment_date": ["04/15", "13:07"], "comment_content": "去啦 高來高去 為了錢什麼都可以 然後？"}, {"comment_author": "caity", "comment_date": ["04/15", "13:08"], "comment_content": "招安,在來要幫綠講好話了吧"}, {"comment_author": "paul10404", "comment_date": ["04/15", "13:08"], "comment_content": "入黨要先拜碼頭啊，前輩會提拔"}, {"comment_author": "WowProctor", "comment_date": ["04/15", "13:08"], "comment_content": "綠共側翼喜迎統神 +1大將"}, {"comment_author": "tasiki2002", "comment_date": ["04/15", "13:08"], "comment_content": "台灣獨神"}, {"comment_author": "caity", "comment_date": ["04/15", "13:09"], "comment_content": "像那個9萬和X捷"}, {"comment_author": "coffee112", "comment_date": ["04/15", "13:09"], "comment_content": ""}, {"comment_author": "caity", "comment_date": ["04/15", "13:09"], "comment_content": "不要批評黨,跟黨發大財"}, {"comment_author": "ffreakk", "comment_date": ["04/15", "13:11"], "comment_content": "改天支持民進黨也不意外了"}, {"comment_author": "sm3bp078", "comment_date": ["04/15", "13:11"], "comment_content": "可以去跟哥哥和好拍片了"}, {"comment_author": "winglight", "comment_date": ["04/15", "13:11"], "comment_content": "管理式民主"}, {"comment_author": "Arbay1011", "comment_date": ["04/15", "13:11"], "comment_content": "談到哥哥還是會哽咽"}, {"comment_author": "tv5566", "comment_date": ["04/15", "13:11"], "comment_content": "跪舔豬 我看不起啦"}, {"comment_author": "Yidra", "comment_date": ["04/15", "13:12"], "comment_content": "學哥哥 特哥椅子哥 苗姊寇寇姊"}, {"comment_author": "jayppt", "comment_date": ["04/15", "13:13"], "comment_content": "黨要你跪 你敢站嗎"}, {"comment_author": "playplayer20", "comment_date": ["04/15", "13:13"], "comment_content": "不能太久沒開台，畢竟沒自己的商品"}, {"comment_author": "a25785885", "comment_date": ["04/15", "13:13"], "comment_content": "賴皮豬變乖乖桶 聽黨話跟黨走"}, {"comment_author": "vindiesl2000", "comment_date": ["04/15", "13:13"], "comment_content": "變桶鬼了，哈哈"}, {"comment_author": "andytaso", "comment_date": ["04/15", "13:14"], "comment_content": "我個人覺得,就是為了挽救他的婚姻"}, {"comment_author": "IAMQT", "comment_date": ["04/15", "13:14"], "comment_content": "叫苗姐適當嗎？"}, {"comment_author": "k4598760", "comment_date": ["04/15", "13:14"], "comment_content": "下屆桃園議員候選人"}, {"comment_author": "icou", "comment_date": ["04/15", "13:15"], "comment_content": "$$$$$$$$$$$$"}, {"comment_author": "marco79811", "comment_date": ["04/15", "13:17"], "comment_content": "新三步 請客 斬 收下當狗"}, {"comment_author": "lwt501cx", "comment_date": ["04/15", "13:17"], "comment_content": "早知道顏色對了就沒事 確實該輸誠一下"}, {"comment_author": "inshadow", "comment_date": ["04/15", "13:18"], "comment_content": "嗆八卦沒事 嗆黨會被教訓 要懂得輕重"}, {"comment_author": "WeiMinChen", "comment_date": ["04/15", "13:18"], "comment_content": "入黨表忠 撤換低戰力發言人 支持吳下"}, {"comment_author": "WeiMinChen", "comment_date": ["04/15", "13:18"], "comment_content": "統上"}, {"comment_author": "skygray2", "comment_date": ["04/15", "13:22"], "comment_content": "現在跪著掙錢"}, {"comment_author": "sina1", "comment_date": ["04/15", "13:25"], "comment_content": "跟直播的人完全不一樣，是替身還是奪舍？"}, {"comment_author": "scum5566", "comment_date": ["04/15", "13:27"], "comment_content": "被資本主義的鐵拳打到乖乖的"}, {"comment_author": "jiaching", "comment_date": ["04/15", "13:27"], "comment_content": "是不是要加入黨了?"}, {"comment_author": "TISH12311", "comment_date": ["04/15", "13:36"], "comment_content": "入黨洗清罪孽O"}, {"comment_author": "s6525480", "comment_date": ["04/15", "13:36"], "comment_content": "寄生獸很聰明"}, {"comment_author": "jil", "comment_date": ["04/15", "13:37"], "comment_content": "懂得自綠了"}, {"comment_author": "TaiLao", "comment_date": ["04/15", "13:38"], "comment_content": "一堆八卦肥宅還看不懂嗎？党要收編的步驟"}, {"comment_author": "TaiLao", "comment_date": ["04/15", "13:38"], "comment_content": "。"}, {"comment_author": "Kaids", "comment_date": ["04/15", "13:42"], "comment_content": "統神這種靠嘴砲討生活的人識時務最重要。"}, {"comment_author": "alex00089", "comment_date": ["04/15", "13:43"], "comment_content": "儀式大典...禮成...奏樂~"}, {"comment_author": "lolpklol0975", "comment_date": ["04/15", "13:43"], "comment_content": ""}, {"comment_author": "athome1", "comment_date": ["04/15", "13:47"], "comment_content": "知道党的厲害了吧!!嘴再秋啊!!"}, {"comment_author": "JQK2", "comment_date": ["04/15", "13:56"], "comment_content": "人設崩塌了"}, {"comment_author": "ziso", "comment_date": ["04/15", "15:30"], "comment_content": "哥哥:特哥椅子哥   弟弟:扣姊 博雅姊"}, {"comment_author": "douCai", "comment_date": ["04/15", "19:51"], "comment_content": "s了"}]}
