{"author": "Lineage097 (狐狸壽司)", "category": "Gossiping", "title": "[問卦] 如果有黨的人或是當官的是創意私坊的會員", "date": "Sat Apr 13 12:02:52 2024", "content": ["假設有高官或是黨的人或是他們的兒子或是女兒有創意私坊的會員她他們會怎樣？看新聞說有好幾千個會員說不定有可能又有當官的也會在裡面吧？-----Sent from JPTT on my Sony XQ-DC72.--", "可能是共產黨之類的其他又不能說"], "post_comment": [{"comment_author": "chadmu", "comment_date": ["04/13", "12:03"], "comment_content": "你在問哪個黨"}, {"comment_author": "au4g3wk4k", "comment_date": ["04/13", "12:03"], "comment_content": "比照柯麻兒處理阿=="}, {"comment_author": "neoa01", "comment_date": ["04/13", "12:03"], "comment_content": "建議全部清查"}, {"comment_author": "FZ5566", "comment_date": ["04/13", "12:03"], "comment_content": "狡哥分身多，旁敲側擊找同黨"}, {"comment_author": "pika60720", "comment_date": ["04/13", "12:03"], "comment_content": "沒人在乎這些真正的性犯罪者，繼續燒"}, {"comment_author": "Nemophila", "comment_date": ["04/13", "12:03"], "comment_content": "那個時候就是阿航回力鏢啦 但我覺得不"}, {"comment_author": "pika60720", "comment_date": ["04/13", "12:04"], "comment_content": "失言肥宅"}, {"comment_author": "kinve1014", "comment_date": ["04/13", "12:04"], "comment_content": "我覺得你會被檢舉進桶"}, {"comment_author": "fuya101", "comment_date": ["04/13", "12:04"], "comment_content": "個人私領域不宜干涉，我們繼續撻伐統"}, {"comment_author": "Nemophila", "comment_date": ["04/13", "12:04"], "comment_content": "要去寄望這種事情發生啦"}, {"comment_author": "devidevi", "comment_date": ["04/13", "12:04"], "comment_content": "個人私領域"}, {"comment_author": "devidevi", "comment_date": ["04/13", "12:05"], "comment_content": "不影響公眾事務"}, {"comment_author": "tmgl", "comment_date": ["04/13", "12:05"], "comment_content": "婦女部會關機"}, {"comment_author": "cream115", "comment_date": ["04/13", "12:06"], "comment_content": "會繼續報統神"}, {"comment_author": "ayeae", "comment_date": ["04/13", "12:07"], "comment_content": "統神就是拿來擋這個 你居然還提這個！"}, {"comment_author": "pachingoman", "comment_date": ["04/13", "12:14"], "comment_content": "會被抓起來判罰，不然你覺得會怎樣"}, {"comment_author": "scum5566", "comment_date": ["04/13", "12:15"], "comment_content": "下面一排藍勾勾帳號 加油 給我刷起來"}, {"comment_author": "TT913913", "comment_date": ["04/13", "12:19"], "comment_content": "顏色對就沒關係，不對自己看著辦"}, {"comment_author": "Lineage097", "comment_date": ["04/13", "12:20"], "comment_content": "重罰是指緩刑嗎 還是緩起訴？"}, {"comment_author": "dayend", "comment_date": ["04/13", "12:21"], "comment_content": "恩亨^^"}, {"comment_author": "jokc7839", "comment_date": ["04/13", "13:26"], "comment_content": "你想像統神一樣被燒嗎 給我閉嘴"}, {"comment_author": "dreamdds", "comment_date": ["04/13", "13:40"], "comment_content": "一定有"}, {"comment_author": "repudiate", "comment_date": ["04/13", "14:11"], "comment_content": "有會員有什麼罪嗎？又不是直接持有的"}, {"comment_author": "repudiate", "comment_date": ["04/13", "14:11"], "comment_content": "證據"}, {"comment_author": "xj4m3", "comment_date": ["04/14", "00:47"], "comment_content": "當然是加油打氣阿"}]}
