{"author": "felixden (Gura的老公)", "category": "Gossiping", "title": "[問卦] 女友說常跟我鬥嘴是我們感情好的證明==", "date": "Wed Apr 17 12:06:01 2024", "content": ["喵哈囉~~~~~~~~~~~~~~~~~~~~我是八卦優文王啦！欸欸肛肛啦！我的141cm 小隻馬/鯊魚女友跟我說啦！我們倆雖然常常鬥嘴但都沒有大吵過代表我們感情很好？？哇靠！！！！真的假的啊==雖然我是很愛女友沒錯但不知道常鬥嘴代表感情好捏......各位覺得？另外麻煩30+以上的大齡處男不要回答自己滾謝謝分享可愛的空寶", "真的超級可愛的！！！嘻嘻嘻--", "幹！！！亂噓很好玩？？？？", "女友啦", "我變瘦了", "哪有", "午安", "==", "天天都在幹", "可憐 嘻嘻", "你怎麼知道我還有妹妹？真內行 嘻嘻", "k38那叫亂嗆", "你不但亂噓 還嗆我大摳", "幹 你他媽還叫？？", "那你可以幫我推嗎", "我女友是你女友的學妹捏", "你先開頭的==", "媽的你還叫？？？", "我沒買平板", "你先幫我推"], "post_comment": [{"comment_author": "alpacaHong", "comment_date": ["04/17", "12:06"], "comment_content": "頭噓"}, {"comment_author": "k385476916", "comment_date": ["04/17", "12:06"], "comment_content": "你哪來的女王"}, {"comment_author": "iPolo3", "comment_date": ["04/17", "12:06"], "comment_content": "你很胖的證明"}, {"comment_author": "k385476916", "comment_date": ["04/17", "12:06"], "comment_content": "你還嗆732"}, {"comment_author": "james732", "comment_date": ["04/17", "12:06"], "comment_content": "老公午安我愛你♥"}, {"comment_author": "Submicromete", "comment_date": ["04/17", "12:06"], "comment_content": "不忍 噓"}, {"comment_author": "tmgl", "comment_date": ["04/17", "12:06"], "comment_content": "幹她"}, {"comment_author": "k385476916", "comment_date": ["04/17", "12:07"], "comment_content": "幹 我就打錯字了"}, {"comment_author": "highyes", "comment_date": ["04/17", "12:07"], "comment_content": "你他媽的沒有女友 也他媽的沒有妹妹 = ="}, {"comment_author": "koromo1991", "comment_date": ["04/17", "12:08"], "comment_content": "k38也常跟你鬥嘴"}, {"comment_author": "iPolo3", "comment_date": ["04/17", "12:08"], "comment_content": "五樓你老婆"}, {"comment_author": "k385476916", "comment_date": ["04/17", "12:09"], "comment_content": "屁啦 我哪有嗆你"}, {"comment_author": "hiphopmei", "comment_date": ["04/17", "12:09"], "comment_content": "說啥啊大摳仔=="}, {"comment_author": "k385476916", "comment_date": ["04/17", "12:09"], "comment_content": "亂講 我很關心你欸"}, {"comment_author": "koromo1991", "comment_date": ["04/17", "12:09"], "comment_content": "還是其實你沒有幻想 你女友是k38"}, {"comment_author": "k385476916", "comment_date": ["04/17", "12:10"], "comment_content": "那是樓上說的 不是我"}, {"comment_author": "dan5120", "comment_date": ["04/17", "12:10"], "comment_content": "小胖 大摳"}, {"comment_author": "Winston13840", "comment_date": ["04/17", "12:10"], "comment_content": ":"}, {"comment_author": "Winston13840", "comment_date": ["04/17", "12:10"], "comment_content": "你為什麼要罵平板拉 不爽就砸了阿"}, {"comment_author": "k385476916", "comment_date": ["04/17", "12:10"], "comment_content": "1991 別亂說"}, {"comment_author": "k385476916", "comment_date": ["04/17", "12:12"], "comment_content": "姪女幫你推"}, {"comment_author": "oxooao", "comment_date": ["04/17", "12:12"], "comment_content": "五樓是真愛了吧"}, {"comment_author": "felixden", "comment_date": ["04/17", "12:12"], "comment_content": "姪女在幼稚園啦=="}, {"comment_author": "koromo1991", "comment_date": ["04/17", "12:12"], "comment_content": "我只是合理推斷符合常常鬥嘴的人"}, {"comment_author": "koromo1991", "comment_date": ["04/17", "12:13"], "comment_content": "所以老闆比較能接受小胖還是大摳"}, {"comment_author": "a3221715", "comment_date": ["04/17", "12:13"], "comment_content": "莎莎都跟我SM"}, {"comment_author": "a3221715", "comment_date": ["04/17", "12:13"], "comment_content": "鯊鯊"}, {"comment_author": "felixden", "comment_date": ["04/17", "12:14"], "comment_content": "我選Gura"}, {"comment_author": "felixden", "comment_date": ["04/17", "12:14"], "comment_content": "樓上處男醒醒"}, {"comment_author": "k385476916", "comment_date": ["04/17", "12:15"], "comment_content": "不然叫你胖子好了"}, {"comment_author": "azumanga", "comment_date": ["04/17", "12:15"], "comment_content": "對著螢幕跟女友，自言自語的對話？"}, {"comment_author": "kcclasaki", "comment_date": ["04/17", "12:15"], "comment_content": "叫小胖比較親切"}, {"comment_author": "kof200096", "comment_date": ["04/17", "12:16"], "comment_content": "鬥劍"}, {"comment_author": "kcclasaki", "comment_date": ["04/17", "12:16"], "comment_content": "k38午安"}, {"comment_author": "shirokase", "comment_date": ["04/17", "12:16"], "comment_content": "EN阿公跟你唇槍舌戰(物理)"}, {"comment_author": "k385476916", "comment_date": ["04/17", "12:17"], "comment_content": "Kcc午安"}, {"comment_author": "felixden", "comment_date": ["04/17", "12:17"], "comment_content": "EN阿公過氣了"}, {"comment_author": "GenjiEd", "comment_date": ["04/17", "12:17"], "comment_content": "ok 八卦廢文王"}, {"comment_author": "felixden", "comment_date": ["04/17", "12:17"], "comment_content": "幹 可以叫我鯊鯊男友啊"}, {"comment_author": "diabolica", "comment_date": ["04/17", "12:18"], "comment_content": "比百鬼還懶"}, {"comment_author": "yuta02", "comment_date": ["04/17", "12:18"], "comment_content": ""}, {"comment_author": "felixden", "comment_date": ["04/17", "12:18"], "comment_content": "幹幹幹幹幹幹禁止嗆百鬼鯊鯊"}, {"comment_author": "felixden", "comment_date": ["04/17", "12:19"], "comment_content": "不要截圖=="}, {"comment_author": "furjai", "comment_date": ["04/17", "12:22"], "comment_content": "欠肛"}, {"comment_author": "mi99911", "comment_date": ["04/17", "12:46"], "comment_content": "看哀低就可以噓了"}, {"comment_author": "C741214520", "comment_date": ["04/17", "15:43"], "comment_content": "沒忍忍"}, {"comment_author": "drmactt", "comment_date": ["04/17", "18:30"], "comment_content": "你女友很棒"}, {"comment_author": "drmactt", "comment_date": ["04/17", "18:30"], "comment_content": ""}]}
