{"author": "maki810711 (癡情玫瑰花)", "category": "Gossiping", "title": "[問卦] 為何這兩人推行改革為何下場不同", "date": "Thu Apr 18 07:20:54 2024", "content": ["中華華夏以來千古一帝稱號的人寥寥可數偏偏有兩位少年英才一位是漢武帝劉徹 另一位是唐太宗李世民他們都是對內進行改革把所有資源統籌在中央才敢與外侮進行大決戰同樣做 削減封王 精簡官吏 集中皇權李世民推起來毫無壓力 連羅藝叛亂 輕而易舉被平叛反觀劉徹面 要費好一大功夫才能進行為什麼 有卦不？--"], "post_comment": [{"comment_author": "milk7054", "comment_date": ["04/18", "07:22"], "comment_content": "漢朝開國一堆8+9地方豪強，改革阻力大"}, {"comment_author": "milk7054", "comment_date": ["04/18", "07:22"], "comment_content": "李世民拉攏關龍集團"}, {"comment_author": "IBIZA", "comment_date": ["04/18", "07:39"], "comment_content": "八卦版很有趣的一點就是，即使內文講錯，推"}, {"comment_author": "IBIZA", "comment_date": ["04/18", "07:40"], "comment_content": "文跟回文都能根據錯誤的內容唬爛下去"}, {"comment_author": "IBIZA", "comment_date": ["04/18", "07:44"], "comment_content": "漢武帝跟唐太宗面臨的國內勢力不同，唐朝異"}, {"comment_author": "IBIZA", "comment_date": ["04/18", "07:44"], "comment_content": "姓王很少，宗室最強的幾個在玄武門之變就被"}, {"comment_author": "IBIZA", "comment_date": ["04/18", "07:44"], "comment_content": "李世民幹掉了"}, {"comment_author": "IBIZA", "comment_date": ["04/18", "07:46"], "comment_content": "所以李世民其實沒有面對什麼封王問題，他面"}, {"comment_author": "IBIZA", "comment_date": ["04/18", "07:46"], "comment_content": "臨的國內勢力是世族，不過這一點，他雖然想"}, {"comment_author": "IBIZA", "comment_date": ["04/18", "07:46"], "comment_content": "打擊世族，但終其一生也沒解決"}, {"comment_author": "Dreamlgw", "comment_date": ["04/18", "07:48"], "comment_content": "唐一開局就砍人 誰敢阿~"}, {"comment_author": "IBIZA", "comment_date": ["04/18", "07:49"], "comment_content": "至於漢武帝，漢朝一系列打擊藩鎮的政策，從"}, {"comment_author": "IBIZA", "comment_date": ["04/18", "07:49"], "comment_content": "他阿祖就開始做了，他爺爺他爸爸，到他手上"}, {"comment_author": "IBIZA", "comment_date": ["04/18", "07:49"], "comment_content": "，藩鎮已經沒什麼勢力，漢武帝推行推恩令非"}, {"comment_author": "IBIZA", "comment_date": ["04/18", "07:49"], "comment_content": "常成功，何來的不順利之說？"}, {"comment_author": "IBIZA", "comment_date": ["04/18", "07:53"], "comment_content": "漢朝的藩鎮勢力在七國之亂後已經被他爸爸打"}, {"comment_author": "IBIZA", "comment_date": ["04/18", "07:53"], "comment_content": "擊的差不多，推恩令根本水到渠成，酌金奪侯"}, {"comment_author": "IBIZA", "comment_date": ["04/18", "07:53"], "comment_content": "也沒什麼藩鎮敢反抗"}, {"comment_author": "IBIZA", "comment_date": ["04/18", "07:55"], "comment_content": "唐朝的世族問題，是透過安史跟黃巢才解決的"}, {"comment_author": "deann", "comment_date": ["04/18", "08:00"], "comment_content": "七國之亂 不是他老爸打的嗎 跟劉徹沒關係吧"}, {"comment_author": "deann", "comment_date": ["04/18", "08:01"], "comment_content": "李世民更沒有打壓什麼蕃王 直接殺兄弟了..."}, {"comment_author": "deann", "comment_date": ["04/18", "08:02"], "comment_content": "你真的懂歷史嗎??"}]}
