{"author": "kevin19528 (kk19528)", "category": "Gossiping", "title": "[問卦] 買晚餐老闆便宜我十元是啥意思", "date": "Wed Apr 17 18:19:41 2024", "content": ["今天聽朋友推薦去買附近一家素食便當不管白飯五穀飯都可以選五樣菜五穀飯大的85想說加顆蛋$15剛好湊一百結果老闆跟我說90就好是因為老闆賣素食的比較佛心嗎不然一百就一百跟我少收十元是啥意思回來問朋友他就沒被少收而且我第一次去也第一次走到那區塊有沒有老闆自動打九折的卦", "--"], "post_comment": [{"comment_author": "k385476916", "comment_date": ["04/17", "18:20"], "comment_content": "ㄆㄨㄣ還這麼貴"}, {"comment_author": "hiphopmei", "comment_date": ["04/17", "18:20"], "comment_content": "你一臉窮樣ㄅ？"}, {"comment_author": "vowpool", "comment_date": ["04/17", "18:20"], "comment_content": "擔心你只吃這樣會吃不飽"}, {"comment_author": "RisingTackle", "comment_date": ["04/17", "18:20"], "comment_content": "老板也想日行一善啊"}, {"comment_author": "mrcat", "comment_date": ["04/17", "18:20"], "comment_content": "蛋剛掉地上？"}, {"comment_author": "taiwan08", "comment_date": ["04/17", "18:20"], "comment_content": "看你一臉窮樣"}, {"comment_author": "ianlin1216", "comment_date": ["04/17", "18:21"], "comment_content": "掉地上"}, {"comment_author": "Nevhir", "comment_date": ["04/17", "18:21"], "comment_content": "人帥真好 我買鬍鬚張三百多他都不打折的"}, {"comment_author": "koromo1991", "comment_date": ["04/17", "18:21"], "comment_content": "直接娶了吧"}, {"comment_author": "em4", "comment_date": ["04/17", "18:22"], "comment_content": "話術"}, {"comment_author": "hkcdc", "comment_date": ["04/17", "18:27"], "comment_content": "這老闆可以 請原地結婚"}, {"comment_author": "court", "comment_date": ["04/17", "18:28"], "comment_content": "可能長得像弟弟？"}, {"comment_author": "kiopl", "comment_date": ["04/17", "18:35"], "comment_content": "吃到底部會有老闆娘電話 記得要打 不然下"}, {"comment_author": "kiopl", "comment_date": ["04/17", "18:35"], "comment_content": "次沒折扣了"}, {"comment_author": "wcpsgb", "comment_date": ["04/17", "21:43"], "comment_content": "以前我瘦的時候買滷味 老闆娘也會多送"}, {"comment_author": "wcpsgb", "comment_date": ["04/17", "21:43"], "comment_content": "絕對不是因為快打烊"}]}
