{"author": "cattielin ()", "category": "Gossiping", "title": "[問卦] 台北車站愈來愈臭了", "date": "Sun Apr 14 18:28:40 2024", "content": ["台北車站愈來愈臭了剛在公車站搭公車真的很恐佈夏天可能會更臭遊民還愈來愈多不管怎說都是國家門面還是以後改成北門當門面？西門 北車 龍山寺外國觀光客必去景點一堆遊民 有些還會騷擾路人真的是真的沒有任何辦法來治這些人嗎？--"], "post_comment": [{"comment_author": "a27588679", "comment_date": ["04/14", "18:29"], "comment_content": "超臭"}, {"comment_author": "amphiprion", "comment_date": ["04/14", "18:29"], "comment_content": "抱歉 我剛剛去台北車站坐火車"}, {"comment_author": "bengowa", "comment_date": ["04/14", "18:29"], "comment_content": "桃機都在搞笑中 火車站算啥"}, {"comment_author": "momumomumo", "comment_date": ["04/14", "18:29"], "comment_content": "讓北車獨立吧"}, {"comment_author": "z32510z", "comment_date": ["04/14", "18:29"], "comment_content": "天氣變熱 肥宅的汗臭味吧"}, {"comment_author": "kid1a2b3c4d", "comment_date": ["04/14", "18:29"], "comment_content": "都我害的抱歉"}, {"comment_author": "r7544007", "comment_date": ["04/14", "18:30"], "comment_content": "肥宅太多？"}, {"comment_author": "b9513227", "comment_date": ["04/14", "18:30"], "comment_content": "越南更臭 回來之後覺得台灣還好"}, {"comment_author": "darkbrigher", "comment_date": ["04/14", "18:31"], "comment_content": "咳P准許的阿"}, {"comment_author": "tonyxfg", "comment_date": ["04/14", "18:31"], "comment_content": "只要想整頓，立委立刻來找麻煩阻止，所以"}, {"comment_author": "tonyxfg", "comment_date": ["04/14", "18:32"], "comment_content": "問題根源在政府啊"}, {"comment_author": "zzro", "comment_date": ["04/14", "18:32"], "comment_content": "自信點 去掉車站"}, {"comment_author": "Alphaz", "comment_date": ["04/14", "18:33"], "comment_content": "北車跟中壢車站一樣 都變租界區了"}, {"comment_author": "Ilat", "comment_date": ["04/14", "18:34"], "comment_content": "遊民只會越來越多"}, {"comment_author": "MysterySW", "comment_date": ["04/14", "18:34"], "comment_content": "歐美的車站也都是臭的"}, {"comment_author": "fenway18", "comment_date": ["04/14", "18:34"], "comment_content": "你們只是想把遊民從A趕到B而已"}, {"comment_author": "b9513227", "comment_date": ["04/14", "18:34"], "comment_content": "這輩子去過最臭的地方是上野公園側門"}, {"comment_author": "fenway18", "comment_date": ["04/14", "18:34"], "comment_content": "根本沒想 解決這個問題"}, {"comment_author": "b9513227", "comment_date": ["04/14", "18:34"], "comment_content": "兩個乞丐睡路邊 整條路都是屎尿味"}, {"comment_author": "LOVEMOE", "comment_date": ["04/14", "18:38"], "comment_content": "沖水都一堆人有話說了 怎麼解決"}, {"comment_author": "ME13", "comment_date": ["04/14", "18:39"], "comment_content": "新加坡也蠻有味道的"}, {"comment_author": "tonyxfg", "comment_date": ["04/14", "18:40"], "comment_content": "解決?遊民自己都不想救自己了，其他人又"}, {"comment_author": "tonyxfg", "comment_date": ["04/14", "18:40"], "comment_content": "怎麼幫?政府可是有開收容所的，還會幫忙"}, {"comment_author": "tonyxfg", "comment_date": ["04/14", "18:41"], "comment_content": "介紹工作，結果他們寧願睡外面喝酒抽菸，"}, {"comment_author": "tonyxfg", "comment_date": ["04/14", "18:41"], "comment_content": "也不願意做穩定工作。這種人只驅逐已經很"}, {"comment_author": "tonyxfg", "comment_date": ["04/14", "18:41"], "comment_content": "客氣了"}, {"comment_author": "Leibniz5566", "comment_date": ["04/14", "18:58"], "comment_content": "超香好嗎"}, {"comment_author": "KJC1004", "comment_date": ["04/14", "19:13"], "comment_content": "第三世界就該有第三世界的樣子"}, {"comment_author": "junshinw", "comment_date": ["04/14", "19:17"], "comment_content": "盡量不要走上去"}, {"comment_author": "collet", "comment_date": ["04/14", "19:35"], "comment_content": "讓萬安叫小薇每天去沖水就不臭了"}, {"comment_author": "WenliYang", "comment_date": ["04/14", "20:38"], "comment_content": "真的臭死啦"}]}
