{"author": "joy830 (joy)", "category": "Gossiping", "title": "[問卦] 為什麼會刺青", "date": "Mon Apr 15 09:10:12 2024", "content": ["我韓粉刺青一般男生比較多會被當作不良份子，黑道像我朋友都沒刺青的，沒的問我想問，當初為什麼會去刺青-----Sent from JPTT on my Vivo V2246.--"], "post_comment": [{"comment_author": "xzcb2008", "comment_date": ["04/15", "09:10"], "comment_content": "=.= 高興啊"}, {"comment_author": "felixden", "comment_date": ["04/15", "09:11"], "comment_content": "我叫女友去刺淫紋她不要=="}, {"comment_author": "xzcb2008", "comment_date": ["04/15", "09:11"], "comment_content": "2樓符號好醜☑=.= ☒== ☒= ="}, {"comment_author": "felixden", "comment_date": ["04/15", "09:11"], "comment_content": "1樓符號最醜=="}, {"comment_author": "dan5120", "comment_date": ["04/15", "09:26"], "comment_content": "1樓胖子"}, {"comment_author": "dream0131", "comment_date": ["04/15", "09:30"], "comment_content": "心理學分析：因為怕被欺負，所以才會"}, {"comment_author": "dream0131", "comment_date": ["04/15", "09:30"], "comment_content": "去刺青，本質上就是心理比較懦弱的一"}, {"comment_author": "dream0131", "comment_date": ["04/15", "09:30"], "comment_content": "群人"}, {"comment_author": "Xhocer", "comment_date": ["04/15", "16:38"], "comment_content": "刺青大部分都是垃圾8+9"}]}
