{"author": "gyGirl (妹)", "category": "Gossiping", "title": "[問卦] 有辦法用手摸肚子摸出腹痛、大便位置嗎？", "date": "Thu Apr 18 22:08:39 2024", "content": ["肚子痛的時候很多長輩都會問是肚臍上方、下方、左方、右方來分辨是哪個臟器疼痛有人得癌症時甚至會告訴醫生說我肚子這邊摸起來好像裡面硬硬的懷疑是肝癌結果驗出來真的是肝癌聽說有人便祕時可以用手摸肚子就能摸出大便藏在哪個位置、軟硬程度、量聽說是在肚臍左下方有的人還能摸出一整條大便是真的嗎？--"], "post_comment": [{"comment_author": "ncc5566", "comment_date": ["04/18", "22:09"], "comment_content": "五樓專門摸肛門裡面的大便"}, {"comment_author": "lagi5487", "comment_date": ["04/18", "22:10"], "comment_content": "輕輕鬆鬆蓋"}, {"comment_author": "james732", "comment_date": ["04/18", "22:10"], "comment_content": "五樓欠肛就會肛門痛"}, {"comment_author": "yzelly", "comment_date": ["04/18", "22:18"], "comment_content": "常摸才感覺的出差異"}]}
