{"author": "kenbo (我愛蘇智傑)", "category": "Gossiping", "title": "[問卦] 一堆同事進辦公室半小時就要去抽菸？", "date": "Fri Apr 19 09:39:35 2024", "content": ["如題啦公司九點上班大部分人都會到11點左右再稍微小休息不過我剛剛去茶水間倒水的時候發現一堆人座位都空的問櫃台才知道都出去抽菸了想問一下禮拜五是什麼特別的日子嗎？不然怎麼大家都進來一下就要抽煙了？--"], "post_comment": [{"comment_author": "k385476916", "comment_date": ["04/19", "09:40"], "comment_content": "頂樓有開ㄇ"}, {"comment_author": "fallinlove15", "comment_date": ["04/19", "09:41"], "comment_content": "庫存蒸發了快一百了"}, {"comment_author": "fallinlove15", "comment_date": ["04/19", "09:43"], "comment_content": "塔綠班不是很愛吹經濟最好嗎 實際"}, {"comment_author": "fallinlove15", "comment_date": ["04/19", "09:43"], "comment_content": "上股市還不是跟台積走"}, {"comment_author": "l2l", "comment_date": ["04/19", "09:43"], "comment_content": "一個月白幹的感覺不值得抽一根嗎"}, {"comment_author": "k4653", "comment_date": ["04/19", "09:48"], "comment_content": "傻傻的，去抽菸的時間才是從公司賺"}, {"comment_author": "k4653", "comment_date": ["04/19", "09:48"], "comment_content": "到錢"}, {"comment_author": "b9513227", "comment_date": ["04/19", "09:55"], "comment_content": "慘一點的半年薪沒了"}, {"comment_author": "UrFather", "comment_date": ["04/19", "10:08"], "comment_content": "壓壓驚☺"}]}
