{"author": "giorno78 (天晴)", "category": "Gossiping", "title": "[問卦] 諾曼地登陸戰 像國軍這樣防 是否就贏定了", "date": "Wed Apr 17 13:51:29 2024", "content": ["為了固守家園 決戰國境之外國軍特別展示 當中共犯台登陸時的防禦工事以彰顯我國領土不可侵犯之決心如果諾曼地登陸戰時 也是這樣防守的話  是不是就贏定了?有沒有八卦?--", "這部嗎?"], "post_comment": [{"comment_author": "derrick1220", "comment_date": ["04/17", "13:54"], "comment_content": "諾曼地德軍只有23個師 而同盟國聯軍"}, {"comment_author": "derrick1220", "comment_date": ["04/17", "13:54"], "comment_content": "人數近百萬"}, {"comment_author": "hikaru77613", "comment_date": ["04/17", "13:55"], "comment_content": "灘岸佈滿人員殺傷雷就好啦，跑灘頭"}, {"comment_author": "Howard61313", "comment_date": ["04/17", "13:55"], "comment_content": "在法國北海岸公路可以抓到吃早餐的敵"}, {"comment_author": "hikaru77613", "comment_date": ["04/17", "13:55"], "comment_content": "做什麼？"}, {"comment_author": "babuarea", "comment_date": ["04/17", "13:55"], "comment_content": "這種掩體平A就贏了"}, {"comment_author": "EXZUSIC", "comment_date": ["04/17", "13:55"], "comment_content": "嚇阻於灘頭阿，一堆白癡在沙灘上跑看你"}, {"comment_author": "Howard61313", "comment_date": ["04/17", "13:55"], "comment_content": "軍將領嗎"}, {"comment_author": "EXZUSIC", "comment_date": ["04/17", "13:55"], "comment_content": "怕不怕"}, {"comment_author": "Howard61313", "comment_date": ["04/17", "13:55"], "comment_content": "或是校官"}, {"comment_author": "cc02040326", "comment_date": ["04/17", "13:58"], "comment_content": "D day德軍這樣守才不會死那麼多人"}, {"comment_author": "king32111", "comment_date": ["04/17", "14:00"], "comment_content": "記得盟軍第一週進攻人數高達200萬人"}, {"comment_author": "machiusheng", "comment_date": ["04/17", "14:10"], "comment_content": "盟軍的海陸空 至少超過百萬人"}, {"comment_author": "tenka92417", "comment_date": ["04/17", "14:17"], "comment_content": "現在是2024年，不是1944年"}, {"comment_author": "SShirakawa", "comment_date": ["04/17", "14:20"], "comment_content": "海空飽和攻擊全部變炮灰"}, {"comment_author": "miforward", "comment_date": ["04/17", "14:36"], "comment_content": "贏麻了，我是說搶灘的那方"}]}
