{"author": "eric13940 (SM-S980U1)", "category": "Gossiping", "title": "[問卦]  大 系列", "date": "Fri Apr 19 11:32:29 2024", "content": ["經過深思熟慮，決定發起 大 系列希望大家共襄盛舉", "----Sent from", "on my Samsung SM-S928U1--"], "post_comment": [{"comment_author": "REALJOINGO", "comment_date": ["04/19", "11:32"], "comment_content": "與八卦無關  謝謝"}, {"comment_author": "GinMartini", "comment_date": ["04/19", "11:32"], "comment_content": "本斥"}, {"comment_author": "syntax123", "comment_date": ["04/19", "11:33"], "comment_content": ""}, {"comment_author": "vowpool", "comment_date": ["04/19", "11:34"], "comment_content": "157也是大啊"}, {"comment_author": "brother001", "comment_date": ["04/19", "11:35"], "comment_content": "大"}, {"comment_author": "NX9999", "comment_date": ["04/19", "11:36"], "comment_content": "可以可以"}, {"comment_author": "wwey2000j", "comment_date": ["04/19", "11:39"], "comment_content": "很可以喔"}, {"comment_author": "KillQB", "comment_date": ["04/19", "11:40"], "comment_content": "大什麼大？"}, {"comment_author": "grandzxcv", "comment_date": ["04/19", "11:43"], "comment_content": "大大大優惠"}, {"comment_author": "miforward", "comment_date": ["04/19", "11:49"], "comment_content": "大"}, {"comment_author": "bingreen", "comment_date": ["04/19", "12:05"], "comment_content": "大阿阿阿"}, {"comment_author": "eric13940", "comment_date": ["04/19", "14:09"], "comment_content": "一天只能三張圖，我是要怎麼繼續大系"}, {"comment_author": "eric13940", "comment_date": ["04/19", "14:09"], "comment_content": "列啦"}]}
