{"author": "peter211183 ()", "category": "Gossiping", "title": "[問卦] 比神還強的是不是黨?", "date": "Wed Apr 17 14:24:32 2024", "content": ["如題，常常聽到在講三大宗教。其中基督教跟伊斯蘭教非常世仇，不過感覺這些宗教的神是不是能力也有限阿?最近才察覺有個黨說甚麼就是甚麼，只要違背黨的意思就是被清算。敢亂講話就是被教訓，哪管你是什麼耶穌、阿拉還是什麼神~~這種無視神的黨是不是真的超越神了阿?沒錯!我就是在說\"中國共產黨\"--"], "post_comment": [{"comment_author": "OPPAISuki", "comment_date": ["04/17", "14:25"], "comment_content": "共產黨是無神啊 文革把神都砸毀了"}, {"comment_author": "Sarvmill", "comment_date": ["04/17", "14:26"], "comment_content": "共產黨就是因為無神論所以要自己造神"}, {"comment_author": "kyosukeakiba", "comment_date": ["04/17", "14:27"], "comment_content": "神上面是界王啦！"}, {"comment_author": "leohayashi1", "comment_date": ["04/17", "14:28"], "comment_content": "他們世仇的原因是耶穌的話語不能代"}, {"comment_author": "leohayashi1", "comment_date": ["04/17", "14:28"], "comment_content": "表上帝，上帝之前不允許的，到耶穌"}, {"comment_author": "leohayashi1", "comment_date": ["04/17", "14:28"], "comment_content": "這就展現寬容，比如能吃豬肉，女子"}, {"comment_author": "leohayashi1", "comment_date": ["04/17", "14:28"], "comment_content": "不用包緊緊等等，耶穌在新約都有解"}, {"comment_author": "leohayashi1", "comment_date": ["04/17", "14:28"], "comment_content": "釋，但猶太教與伊斯蘭教都不認。"}, {"comment_author": "volleywayne", "comment_date": ["04/17", "14:28"], "comment_content": "英文簡稱DPP"}, {"comment_author": "sppo55", "comment_date": ["04/17", "14:29"], "comment_content": "台灣民主進步黨"}, {"comment_author": "alex780312", "comment_date": ["04/17", "14:30"], "comment_content": "歐郎都知道馬拉松要遵守三帶一路的政"}, {"comment_author": "alex780312", "comment_date": ["04/17", "14:30"], "comment_content": "策"}, {"comment_author": "leohayashi1", "comment_date": ["04/17", "14:31"], "comment_content": "另外共產黨包含蘇共雖然都倡導無神"}, {"comment_author": "leohayashi1", "comment_date": ["04/17", "14:31"], "comment_content": "論，但只有對一宗教寬容，那就是伊"}, {"comment_author": "leohayashi1", "comment_date": ["04/17", "14:31"], "comment_content": "斯蘭教，不讓他們信教會跟你拼命，"}, {"comment_author": "leohayashi1", "comment_date": ["04/17", "14:31"], "comment_content": "蘇共跟中共都是這麼統治的。"}, {"comment_author": "XDDXDD", "comment_date": ["04/17", "14:33"], "comment_content": "綠共早就超越中共惹QQ"}, {"comment_author": "leohayashi1", "comment_date": ["04/17", "14:34"], "comment_content": "蘇聯解體後 東正教徒直接大幅上升，"}, {"comment_author": "leohayashi1", "comment_date": ["04/17", "14:34"], "comment_content": "連普丁都自稱是東正教徒，信宗教是"}, {"comment_author": "leohayashi1", "comment_date": ["04/17", "14:34"], "comment_content": "人性，小粉紅再怎麼無神論一旦中國"}, {"comment_author": "leohayashi1", "comment_date": ["04/17", "14:34"], "comment_content": "人出國移民，很容易上教會 拜宮廟，"}, {"comment_author": "leohayashi1", "comment_date": ["04/17", "14:34"], "comment_content": "這是人性"}, {"comment_author": "newhander", "comment_date": ["04/17", "14:51"], "comment_content": "愛韓藍教洗腦堪稱神爆，可以洗腦小草"}, {"comment_author": "newhander", "comment_date": ["04/17", "14:52"], "comment_content": "把台灣和共產黨相比，但凡有一點智商"}, {"comment_author": "newhander", "comment_date": ["04/17", "14:52"], "comment_content": "的人都不會認同。"}, {"comment_author": "Leoreo", "comment_date": ["04/17", "14:57"], "comment_content": "共產党確實比神強 什麼顏色的不好說"}]}
