{"author": "a82380 (:))", "category": "Gossiping", "title": "[問卦] 丹丹漢堡還能撐到什麼時候不漲？", "date": "Fri Apr 12 22:32:53 2024", "content": ["剛剛路過丹丹啦 順路叫了一份餐107！？還不環保的買了垃圾堆袋110有找裡面還有四塊雞+漢堡+飲料跟便當價錢差不多了，還比早午餐便宜還能撐到什麼時候 今年要漲價了嗎--"], "post_comment": [{"comment_author": "tchialen", "comment_date": ["04/12", "22:33"], "comment_content": "3/8才漲過價 多久沒吃惹"}, {"comment_author": "a27588679", "comment_date": ["04/12", "22:34"], "comment_content": "不是漲過了嗎？"}, {"comment_author": "basicnet", "comment_date": ["04/12", "22:43"], "comment_content": "假粉"}]}
