{"author": "danny006637 (NeneNene)", "category": "Gossiping", "title": "[問卦] 桌電3萬預算可以玩楓之谷嗎？", "date": "Tue Apr 16 15:40:56 2024", "content": ["安安 下午好肥肥窩在遊戲內有很多網公希望楓之谷特效能全開但肥肥窩比較窮預算只有30k484只能忍痛刪楓之谷了有木有卦？--"], "post_comment": [{"comment_author": "gackt770414", "comment_date": ["04/16", "15:41"], "comment_content": "輕鬆吧..我猜25K就可以玩了"}, {"comment_author": "adios881", "comment_date": ["04/16", "15:41"], "comment_content": "勉強能連PTT而已"}, {"comment_author": "Himiko9975", "comment_date": ["04/16", "15:41"], "comment_content": "我看起來像是有電腦"}, {"comment_author": "justice2008", "comment_date": ["04/16", "15:41"], "comment_content": "不能吧? 忍痛刪掉吧=="}, {"comment_author": "berryc", "comment_date": ["04/16", "15:42"], "comment_content": "3萬是什麼乞丐機"}, {"comment_author": "justice2008", "comment_date": ["04/16", "15:42"], "comment_content": "3萬只夠買張顯示卡"}, {"comment_author": "adk147852", "comment_date": ["04/16", "15:42"], "comment_content": "捏一下阿"}, {"comment_author": "anger312143", "comment_date": ["04/16", "15:42"], "comment_content": "1萬文書機筆電就能玩了"}, {"comment_author": "tmgl", "comment_date": ["04/16", "15:42"], "comment_content": "主機三萬還是含螢幕"}, {"comment_author": "a85201207", "comment_date": ["04/16", "15:43"], "comment_content": "買輪迴都不夠了"}, {"comment_author": "wl843907", "comment_date": ["04/16", "15:44"], "comment_content": "玩YT都勉勉強強"}, {"comment_author": "HEINOUS", "comment_date": ["04/16", "15:47"], "comment_content": "不能 請先課金買包包買加倍"}, {"comment_author": "franchy", "comment_date": ["04/16", "15:49"], "comment_content": "20年前的3萬都可以了"}, {"comment_author": "jaceda", "comment_date": ["04/16", "15:59"], "comment_content": "沒4090玩個屁,連上網都慢"}, {"comment_author": "tok892xt7", "comment_date": ["04/16", "16:00"], "comment_content": "可以 但你還要花4萬買輪迴"}, {"comment_author": "family2909", "comment_date": ["04/16", "16:01"], "comment_content": "捏一下上六萬吧"}, {"comment_author": "tarngwon", "comment_date": ["04/16", "16:08"], "comment_content": "這種等級開機都有問題了！還想玩？"}, {"comment_author": "felixr0123", "comment_date": ["04/16", "16:45"], "comment_content": "可以吧 裝個AMD8700 有apu的就好了"}]}
