{"author": "ansfan (piggymama)", "category": "Gossiping", "title": "[問卦] YT圈、電競圈有人出來譴責抵制統神嗎？", "date": "Fri Apr 12 11:42:06 2024", "content": ["如題統神身為三個小孩的爸爸竟然口無遮攔講一堆社會大眾無法認同的言論一開始還在凹最後還是乖乖道歉統粉還死忠追隨蠻好笑的除了Toyz出來抵制還有其他圈內人士出來say no 嗎有沒有卦--"], "post_comment": [{"comment_author": "welly520", "comment_date": ["04/12", "11:42"], "comment_content": "老朋友貝刺莓XDDD"}, {"comment_author": "renna038766", "comment_date": ["04/12", "11:42"], "comment_content": "很多啊 貝利梅 丁特 基隆冬"}, {"comment_author": "Orianna", "comment_date": ["04/12", "11:43"], "comment_content": "他做了什麼錯事 要讓 賣毒toyz 叫女生墮"}, {"comment_author": "Orianna", "comment_date": ["04/12", "11:43"], "comment_content": "胎特哥等人抵制嗎"}, {"comment_author": "renna038766", "comment_date": ["04/12", "11:43"], "comment_content": "超多啦 每個吧 館長 呱吉"}, {"comment_author": "key123987", "comment_date": ["04/12", "11:43"], "comment_content": "墮特啊"}, {"comment_author": "Orianna", "comment_date": ["04/12", "11:43"], "comment_content": "還是那些人互相工商吹捧彼此 比較ok"}, {"comment_author": "Orianna", "comment_date": ["04/12", "11:44"], "comment_content": "特哥 椅子哥 呵呵呵"}, {"comment_author": "signm", "comment_date": ["04/12", "11:44"], "comment_content": "你現在是不是覺得不嚴重"}, {"comment_author": "hayate232", "comment_date": ["04/12", "11:47"], "comment_content": "討厭他的人一堆 有差那些?"}, {"comment_author": "antiSOC", "comment_date": ["04/12", "11:48"], "comment_content": "囂張慣了 看到新台幣飄走乖乖道歉 呵呵"}, {"comment_author": "xinbou763", "comment_date": ["04/12", "11:48"], "comment_content": "阿不是神罰喊的很爽 造謠別人開掛的時"}, {"comment_author": "xinbou763", "comment_date": ["04/12", "11:48"], "comment_content": "候就惦惦 現在被吐個口水就不忍拉？"}, {"comment_author": "xboxandone", "comment_date": ["04/12", "11:50"], "comment_content": "笑死 忽略他十年前就被實況圈抵制了嗎"}, {"comment_author": "ebeta", "comment_date": ["04/12", "11:50"], "comment_content": "YT圈電競圈，不就都同一類人才會形成圈！都"}, {"comment_author": "ebeta", "comment_date": ["04/12", "11:50"], "comment_content": "是想幹未成年的集合圈，當然沒人出來反啊！"}, {"comment_author": "Orianna", "comment_date": ["04/12", "11:55"], "comment_content": "為何yt是想幹未成年集合體 因為台灣男生"}, {"comment_author": "Orianna", "comment_date": ["04/12", "11:55"], "comment_content": "普遍喜歡女高生啊"}, {"comment_author": "G8PIG", "comment_date": ["04/12", "12:01"], "comment_content": ""}, {"comment_author": "wcre", "comment_date": ["04/12", "12:51"], "comment_content": "沒啊，椅子和他純粹互臭蹭流量啊"}, {"comment_author": "scorpio223", "comment_date": ["04/12", "12:53"], "comment_content": "你會說竟然口無遮攔表示你根本沒看過"}, {"comment_author": "scorpio223", "comment_date": ["04/12", "12:53"], "comment_content": "他直播"}]}
