{"author": "Dinenger (低能兒)", "category": "Gossiping", "title": "[問卦] 003露出UU道歉可以接受嗎？", "date": "Sat Apr 13 01:22:10 2024", "content": ["統神有錯我們都知道但禍不及家人003是多好的女孩兒大家都知道雖然晨晨…但他只是個孩子啊沒有必要趕盡殺絕吧如果003露出UU道歉大家可以收手嗎？--", "先打對字好嗎==什麼下線 直銷喔"], "post_comment": [{"comment_author": "whiteadam", "comment_date": ["04/13", "01:22"], "comment_content": "樓下當0號可以接受嗎"}, {"comment_author": "nikewang", "comment_date": ["04/13", "01:22"], "comment_content": "離婚就接受"}, {"comment_author": "Winston13840", "comment_date": ["04/13", "01:23"], "comment_content": "OMGDS 點點點"}, {"comment_author": "DOOHDLIHC", "comment_date": ["04/13", "01:23"], "comment_content": "003這麼垂喔"}, {"comment_author": "dan5120", "comment_date": ["04/13", "01:23"], "comment_content": "可以"}, {"comment_author": "monarch0301", "comment_date": ["04/13", "01:24"], "comment_content": "為什麼她要道歉"}, {"comment_author": "kent00216", "comment_date": ["04/13", "01:25"], "comment_content": "是統神該跟003說謝謝還有道歉 等約等於"}, {"comment_author": "kent00216", "comment_date": ["04/13", "01:25"], "comment_content": "欸"}, {"comment_author": "Jerry469", "comment_date": ["04/13", "01:25"], "comment_content": "你媽知道你在這秀下線嗎？"}, {"comment_author": "wmud", "comment_date": ["04/13", "01:25"], "comment_content": "操你媽不就是你這種人在趕盡殺絕嗎？有沒有"}, {"comment_author": "wmud", "comment_date": ["04/13", "01:25"], "comment_content": "品啊"}, {"comment_author": "flymyfinger", "comment_date": ["04/13", "01:26"], "comment_content": "你先表演用肛門搾甘蔗再說"}, {"comment_author": "dzwei", "comment_date": ["04/13", "01:28"], "comment_content": "桶神的UU比003還大 你要確定欸"}, {"comment_author": "blessbless", "comment_date": ["04/13", "01:30"], "comment_content": "uuuuuuuuu"}, {"comment_author": "kia20639", "comment_date": ["04/13", "01:31"], "comment_content": "翁哩翁哩uuu"}, {"comment_author": "now99", "comment_date": ["04/13", "01:35"], "comment_content": "這篇文 等版主處理"}, {"comment_author": "robin101246", "comment_date": ["04/13", "01:39"], "comment_content": "去死"}, {"comment_author": "lovetina", "comment_date": ["04/13", "01:41"], "comment_content": "拜託~~~不要~~~~~~~~~~~~~~~~"}, {"comment_author": "egogeorge", "comment_date": ["04/13", "01:55"], "comment_content": "UU是沙小"}, {"comment_author": "kaodio", "comment_date": ["04/13", "02:14"], "comment_content": "統神的比較大吧 但我都不想看…"}, {"comment_author": "keroro39", "comment_date": ["04/13", "06:20"], "comment_content": "我需要陌生人的"}, {"comment_author": "PowerGeMOS", "comment_date": ["04/13", "10:47"], "comment_content": "這篇廢，你先直播肛門搾甘蔗"}, {"comment_author": "PowerGeMOS", "comment_date": ["04/13", "10:47"], "comment_content": ""}]}
