{"author": "F430 ()", "category": "Gossiping", "title": "[問卦] 韓國啦啦隊誰最頂?", "date": "Wed Apr 17 23:20:25 2024", "content": ["各位朋友大家好看了這段2018年樂天辣年糕趴的影片", "當時有請到韓國啦啦隊來表演當中那位褐色長髮動作很厲害的女孩叫做朴騏良看了他的表演 我真的覺得他才是韓國最厲害的啦啦隊女神各位覺得韓國最頂的啦啦隊是誰?另外想請問影片中站在朴騏良左邊 黑長髮 皮膚白皙 動作一樣很厲害的女孩", "有沒有人知道他是誰 謝謝--"], "post_comment": [{"comment_author": "u9914014", "comment_date": ["04/17", "23:21"], "comment_content": "李雅英"}, {"comment_author": "s9209122222", "comment_date": ["04/17", "23:22"], "comment_content": "李多慧呀"}, {"comment_author": "popopal", "comment_date": ["04/17", "23:24"], "comment_content": "最後站前面那個 雖然不是最好看"}, {"comment_author": "noah23", "comment_date": ["04/17", "23:27"], "comment_content": "以前喜歡斗山熊的徐賢淑 後來覺得他面癱"}, {"comment_author": "noah23", "comment_date": ["04/17", "23:27"], "comment_content": "還是李多慧比較讚"}, {"comment_author": "balabababa88", "comment_date": ["04/17", "23:31"], "comment_content": "多慧舞台魅力海放"}, {"comment_author": "coffee112", "comment_date": ["04/17", "23:39"], "comment_content": "李雅英"}, {"comment_author": "mikechang829", "comment_date": ["04/17", "23:40"], "comment_content": "全民老婆多慧啊"}, {"comment_author": "CCY0927", "comment_date": ["04/17", "23:48"], "comment_content": "Cho Yoon-Kyung"}, {"comment_author": "CCY0927", "comment_date": ["04/17", "23:48"], "comment_content": ""}, {"comment_author": "james80351", "comment_date": ["04/17", "23:51"], "comment_content": "李雅英"}, {"comment_author": "loloman", "comment_date": ["04/18", "08:37"], "comment_content": "JUDY"}]}
