{"author": "lycs0908 (岳岳)", "category": "Gossiping", "title": "[問卦] 被未成年誣陷我喜歡她該怎麼辦", "date": "Tue Apr 16 18:28:40 2024", "content": ["班上有個國中女生因為她很愛跟旁邊的講話玩耍不聽課本魯常常制止她她就說我是不是暗戀她所以針對她目前只有這樣講而已但我很怕謠言會被她刻意弄大到時候要怎麼解釋都沒辦法了遇到這種事該怎麼辦？我不想被當戀童癖--"], "post_comment": [{"comment_author": "koromo1991", "comment_date": ["04/16", "18:29"], "comment_content": "這首就勇氣"}, {"comment_author": "gx8759121", "comment_date": ["04/16", "18:29"], "comment_content": "醒，你還在夢遊逆"}, {"comment_author": "syntax123", "comment_date": ["04/16", "18:29"], "comment_content": "有人敲門快去應門"}, {"comment_author": "gay7788", "comment_date": ["04/16", "18:29"], "comment_content": "肛"}, {"comment_author": "BD1983", "comment_date": ["04/16", "18:30"], "comment_content": "不要睡了"}, {"comment_author": "qaz31415", "comment_date": ["04/16", "18:30"], "comment_content": "先發制人出櫃。"}, {"comment_author": "tmgl", "comment_date": ["04/16", "18:31"], "comment_content": "自首還有希望"}, {"comment_author": "supervisorz", "comment_date": ["04/16", "18:33"], "comment_content": "喜歡又不犯法"}, {"comment_author": "Billowing", "comment_date": ["04/16", "18:38"], "comment_content": "找統神幫你啊"}, {"comment_author": "a1252352", "comment_date": ["04/16", "18:50"], "comment_content": "手機下滿人妻片保平安"}, {"comment_author": "Tenging", "comment_date": ["04/16", "18:53"], "comment_content": ""}, {"comment_author": "galium", "comment_date": ["04/16", "19:21"], "comment_content": "先存檔"}]}
