{"author": "qdullqidiot (Assistant)", "category": "Gossiping", "title": "[問卦] 有沒有韓妹也喜歡CCR", "date": "Sat Apr 13 20:46:43 2024", "content": ["強者我朋友 說前些日子啊下班沒事幹想說那就學個新語言上網找了韓文家教每週來上課找了一個還滿正的韓妹她剛好大學來台唸書一開始咖啡廳上課都正常偶爾有肢體接觸而已後來也順勢約了看電影吃飯最後莫名其妙的到了旅館現在連我們哥們吃飯他都帶韓妹一起赴約從教韓文教到了床上 有夠下流羨慕有沒有韓妹也喜歡CCR的八卦--", "的確 在異地要打砲真的太容易擦槍走火"], "post_comment": [{"comment_author": "Forcast", "comment_date": ["04/13", "20:47"], "comment_content": "沒圖"}, {"comment_author": "laugh8562", "comment_date": ["04/13", "20:48"], "comment_content": "你朋友很帥"}, {"comment_author": "laugh8562", "comment_date": ["04/13", "20:49"], "comment_content": "加上外國人在異地空虛寂寞覺得冷也是很"}, {"comment_author": "laugh8562", "comment_date": ["04/13", "20:49"], "comment_content": "正常的 我大學就吃過學校的港生"}]}
