{"author": "john11894324 (不要叫我大蘋果)", "category": "Gossiping", "title": "[問卦] 為什麼去祖國玩的不比日本？", "date": "Tue Apr 16 14:44:08 2024", "content": ["自從疫情解封以後搭飛機旅遊的人越來越多日本是台灣人最愛去的地方為什麼台灣人愛去日本而不是去祖國呢？祖國有壯闊的自然景觀歷史悠景的古蹟有沒有八卦？--"], "post_comment": [{"comment_author": "bairn", "comment_date": ["04/16", "14:44"], "comment_content": "東非太遠啦"}, {"comment_author": "jW72", "comment_date": ["04/16", "14:46"], "comment_content": "荷蘭?"}, {"comment_author": "lise1017", "comment_date": ["04/16", "14:46"], "comment_content": "祖國護照不給通阿 還要多花錢辦專屬證"}, {"comment_author": "lise1017", "comment_date": ["04/16", "14:47"], "comment_content": "護照可去的地方都還沒玩完 等有空再去"}, {"comment_author": "lise1017", "comment_date": ["04/16", "14:47"], "comment_content": "護照不通的地方"}, {"comment_author": "LaBoLa", "comment_date": ["04/16", "14:48"], "comment_content": "非洲機票不便宜耶   我還是去日本好惹"}, {"comment_author": "OPPAISuki", "comment_date": ["04/16", "14:49"], "comment_content": "台灣人膚淺阿不愛歷史風景 只愛流行"}, {"comment_author": "OPPAISuki", "comment_date": ["04/16", "14:50"], "comment_content": "中國沒有流行的東西 能吸引年輕人"}, {"comment_author": "OPPAISuki", "comment_date": ["04/16", "14:50"], "comment_content": "老人才喜歡中國 歷史文化古蹟食物"}, {"comment_author": "vvrr", "comment_date": ["04/16", "14:51"], "comment_content": "古蹟不是都一堆人嗎？"}, {"comment_author": "iamandre", "comment_date": ["04/16", "14:51"], "comment_content": "這五年我都跑祖國"}, {"comment_author": "iamandre", "comment_date": ["04/16", "14:51"], "comment_content": "他那城牆 古鎮真是太棒了"}, {"comment_author": "nicholassys", "comment_date": ["04/16", "14:51"], "comment_content": "因為日本是台灣的祖國呀"}, {"comment_author": "vvrr", "comment_date": ["04/16", "14:51"], "comment_content": "風景那些看人家拍的照片就好 食物比較吸引我"}, {"comment_author": "iamandre", "comment_date": ["04/16", "14:51"], "comment_content": "你會覺得好在那是共產黨維護的"}, {"comment_author": "iamandre", "comment_date": ["04/16", "14:52"], "comment_content": "給台灣政府管理長城的話 我笑了"}, {"comment_author": "vvrr", "comment_date": ["04/16", "14:53"], "comment_content": "語言文化相差不多，沒有出國感。"}, {"comment_author": "targa123", "comment_date": ["04/16", "14:54"], "comment_content": "中共就沒統治過我們,除了roc外jp是祖國"}, {"comment_author": "targa123", "comment_date": ["04/16", "14:55"], "comment_content": "所以大家除了待國內外就是去jp哪裡沒去"}, {"comment_author": "suge", "comment_date": ["04/16", "15:01"], "comment_content": "真的不好玩，除非是玩. 嘿嘿嘿"}, {"comment_author": "vV070413", "comment_date": ["04/16", "15:30"], "comment_content": "我二月才去祖國澳門呀"}, {"comment_author": "Dheroblood", "comment_date": ["04/16", "15:57"], "comment_content": "祖國就是日本阿 你要不要看看你在問什"}, {"comment_author": "Dheroblood", "comment_date": ["04/16", "15:58"], "comment_content": "麼？"}]}
