{"author": "staxsrm (薏仁茶)", "category": "Gossiping", "title": "[問卦] 小賭怡情的下一句要接什麼賭徒才會怕?", "date": "Sat Apr 13 19:20:01 2024", "content": ["一堆人都是從小賭到大一點點不夠high慢慢往上又想翻盤時常常一口氣賭大的甚至借錢賭博之類的什麼都賠上去了有沒有小賭怡情下一句要加註什麼警語的八卦--"], "post_comment": [{"comment_author": "kent", "comment_date": ["04/13", "19:20"], "comment_content": "大賭興家"}, {"comment_author": "bill403777", "comment_date": ["04/13", "19:20"], "comment_content": "大賭一平"}, {"comment_author": "soy5566", "comment_date": ["04/13", "19:20"], "comment_content": "大賭綠你老木"}, {"comment_author": "welly520", "comment_date": ["04/13", "19:20"], "comment_content": "大賭翔平"}, {"comment_author": "eric19990726", "comment_date": ["04/13", "19:21"], "comment_content": "大賭郭台銘"}, {"comment_author": "xu370127", "comment_date": ["04/13", "19:21"], "comment_content": "大賭達人"}, {"comment_author": "KillQB", "comment_date": ["04/13", "19:21"], "comment_content": "大大賭賭賭～"}, {"comment_author": "y800122155", "comment_date": ["04/13", "19:21"], "comment_content": "大賭翔平"}, {"comment_author": "Silent", "comment_date": ["04/13", "19:22"], "comment_content": "水源一瓶"}, {"comment_author": "razan", "comment_date": ["04/13", "19:22"], "comment_content": "大賭移民"}, {"comment_author": "AmigoSin", "comment_date": ["04/13", "19:23"], "comment_content": "大賭翔平XDD"}, {"comment_author": "whitecow", "comment_date": ["04/13", "19:23"], "comment_content": "賭你老母"}, {"comment_author": "a7788783", "comment_date": ["04/13", "19:26"], "comment_content": "大賭可以興家富國"}, {"comment_author": "belucky", "comment_date": ["04/13", "19:27"], "comment_content": "大賭一平   有夠會賭"}, {"comment_author": "VVizZ", "comment_date": ["04/13", "19:28"], "comment_content": "大賭翔平"}, {"comment_author": "pttkicoma", "comment_date": ["04/13", "19:28"], "comment_content": "大賭翔平"}, {"comment_author": "go80329", "comment_date": ["04/13", "19:30"], "comment_content": "大賭祥平 有笑"}, {"comment_author": "JC910", "comment_date": ["04/13", "19:31"], "comment_content": "大賭翔平"}, {"comment_author": "tksq", "comment_date": ["04/13", "19:32"], "comment_content": "大賭移家"}, {"comment_author": "LouisLEE", "comment_date": ["04/13", "19:32"], "comment_content": "大賭一貧"}, {"comment_author": "egogeorge", "comment_date": ["04/13", "19:34"], "comment_content": "小賭怡情養性，大賭成家立業"}, {"comment_author": "gg553", "comment_date": ["04/13", "19:40"], "comment_content": "大賭傷身"}, {"comment_author": "coolrgin", "comment_date": ["04/13", "19:41"], "comment_content": "大賭牛逼"}, {"comment_author": "ericthree", "comment_date": ["04/13", "19:45"], "comment_content": "大賭別戀"}, {"comment_author": "metam", "comment_date": ["04/13", "19:45"], "comment_content": "大賭祥平"}, {"comment_author": "timidwei", "comment_date": ["04/13", "19:48"], "comment_content": "大賭祥評"}, {"comment_author": "stussy170", "comment_date": ["04/13", "19:50"], "comment_content": "大賭治國平天下：）"}, {"comment_author": "F93935", "comment_date": ["04/13", "20:11"], "comment_content": "大賭養家庭"}, {"comment_author": "Louis5213", "comment_date": ["04/13", "20:19"], "comment_content": "大賭成家立業"}, {"comment_author": "hsuanYue", "comment_date": ["04/13", "20:25"], "comment_content": "大賭翔平"}, {"comment_author": "FLy60169", "comment_date": ["04/13", "20:25"], "comment_content": "大賭翔平"}, {"comment_author": "gtr22101361", "comment_date": ["04/13", "20:33"], "comment_content": "怎麼不去棒球版喊口號"}, {"comment_author": "s5894143", "comment_date": ["04/13", "20:43"], "comment_content": "大賭一平啊"}, {"comment_author": "t02858393619", "comment_date": ["04/13", "20:52"], "comment_content": "小賭怡情，大賭剛宗耀祖"}, {"comment_author": "machiusheng", "comment_date": ["04/13", "21:00"], "comment_content": "大肛怡性"}, {"comment_author": "cat77133", "comment_date": ["04/13", "21:06"], "comment_content": "大賭翔平小賭ㄧ平"}, {"comment_author": "cukesdubie", "comment_date": ["04/13", "21:10"], "comment_content": "大賭翔平"}, {"comment_author": "allenatptt", "comment_date": ["04/13", "21:27"], "comment_content": "大賭翻身"}, {"comment_author": "earnformoney", "comment_date": ["04/13", "22:07"], "comment_content": "大賭翔平"}, {"comment_author": "Haerin520", "comment_date": ["04/14", "04:19"], "comment_content": "大賭移民"}]}
