{"author": "Tosca ( )", "category": "Gossiping", "title": "[問卦] 日本人為什麼吃拉麵還要配飯?!", "date": "Mon Apr 15 20:35:09 2024", "content": ["阿伯我最近看NHK做的介紹京都拉麵的節目結果居然日本人吃重口味的拉麵還要配飯~~~修但幾類 拉麵配飯這不是澱粉加澱粉?!這樣真的ok嗎?據說日本人吃餃子也是配飯奇怪日本人怎麼這麼愛吃飯牛肉漢堡也配飯拉麵也配飯中華餃子也配飯吃甚麼都要配飯日本人到底多愛吃飯?有卦嗎?!--", "拉麵也是主食阿", "太鹹也可以配沙拉阿=.=", "羨慕QQ"], "post_comment": [{"comment_author": "cuteSquirrel", "comment_date": ["04/15", "20:35"], "comment_content": "米飯主食"}, {"comment_author": "TopGun2", "comment_date": ["04/15", "20:35"], "comment_content": "5F 吃飯也配洨啊"}, {"comment_author": "kent", "comment_date": ["04/15", "20:35"], "comment_content": "一蘭的飯好貴 好像50多元"}, {"comment_author": "sj113654", "comment_date": ["04/15", "20:35"], "comment_content": "拉麵配飯超爽好不好"}, {"comment_author": "butmyass", "comment_date": ["04/15", "20:36"], "comment_content": "台灣餛飩麵："}, {"comment_author": "OPPAISuki", "comment_date": ["04/15", "20:36"], "comment_content": "還要配餃子"}, {"comment_author": "EMSOK", "comment_date": ["04/15", "20:36"], "comment_content": "日本人就愛澱粉配澱粉"}, {"comment_author": "ceramicfa", "comment_date": ["04/15", "20:36"], "comment_content": "人家這樣吃活得比較久"}, {"comment_author": "duelaylomo", "comment_date": ["04/15", "20:36"], "comment_content": "瞎雞巴鹹！"}, {"comment_author": "seebeach", "comment_date": ["04/15", "20:36"], "comment_content": "舒服啊"}, {"comment_author": "em4", "comment_date": ["04/15", "20:36"], "comment_content": "鹹到靠北"}, {"comment_author": "syntax123", "comment_date": ["04/15", "20:36"], "comment_content": "日本米飯好吃ㄚ"}, {"comment_author": "aju0921", "comment_date": ["04/15", "20:37"], "comment_content": "飯加鹹湯真的很爽 不能一次泡飯 一口一口"}, {"comment_author": "udb", "comment_date": ["04/15", "20:37"], "comment_content": "為什麼這樣吃還不會胖"}, {"comment_author": "manlike", "comment_date": ["04/15", "20:37"], "comment_content": "為什麼日本人沒有洗腎？"}, {"comment_author": "fp737", "comment_date": ["04/15", "20:37"], "comment_content": "滿漢大餐+白飯    讚啦"}, {"comment_author": "zeroiori", "comment_date": ["04/15", "20:37"], "comment_content": "混搭風拉 台灣也有炒麵炒米粉混搭的啊"}, {"comment_author": "baobeising", "comment_date": ["04/15", "20:37"], "comment_content": "所以日本人骨質疏鬆啊"}, {"comment_author": "fp737", "comment_date": ["04/15", "20:38"], "comment_content": "給韓國人一碗滿漢大餐  備2碗白飯"}, {"comment_author": "wcpsgb", "comment_date": ["04/15", "20:38"], "comment_content": "拉麵+一晚叉燒飯超爽 台灣價格跟盤子一樣"}, {"comment_author": "aggressorX", "comment_date": ["04/15", "20:38"], "comment_content": "日本人超愛澱粉啊"}, {"comment_author": "FallenWYN", "comment_date": ["04/15", "20:38"], "comment_content": "牛肉麵配水餃不也很普遍，大驚小怪"}, {"comment_author": "choobii", "comment_date": ["04/15", "20:39"], "comment_content": ""}, {"comment_author": "b9513227", "comment_date": ["04/15", "20:39"], "comment_content": "因為那湯鹹到哭阿"}, {"comment_author": "aggressorX", "comment_date": ["04/15", "20:39"], "comment_content": "不知道日本糖尿病的人數多不多"}, {"comment_author": "kairi5217", "comment_date": ["04/15", "20:39"], "comment_content": "有些人就是要吃飯才會有飽足感"}, {"comment_author": "b9513227", "comment_date": ["04/15", "20:39"], "comment_content": "我光吃麵都覺得喉嚨不舒服了"}, {"comment_author": "choobii", "comment_date": ["04/15", "20:39"], "comment_content": ""}, {"comment_author": "NaoGaTsu", "comment_date": ["04/15", "20:39"], "comment_content": "日本人就愛碳水配碳水啊"}, {"comment_author": "littlelinsyu", "comment_date": ["04/15", "20:39"], "comment_content": "因為真的很配"}, {"comment_author": "choobii", "comment_date": ["04/15", "20:39"], "comment_content": ""}, {"comment_author": "aggressorX", "comment_date": ["04/15", "20:39"], "comment_content": "吃鍋剩下的湯也要煮成稀飯吃 根本沒"}, {"comment_author": "aggressorX", "comment_date": ["04/15", "20:40"], "comment_content": "多好吃"}, {"comment_author": "choobii", "comment_date": ["04/15", "20:40"], "comment_content": ""}, {"comment_author": "mark720910", "comment_date": ["04/15", "20:40"], "comment_content": "鳥國家 誰在意啊 你是不是沒錢去瑞士"}, {"comment_author": "coffee112", "comment_date": ["04/15", "20:42"], "comment_content": "去吃拉麵 也滿想叫白飯配湯 但太飽了"}, {"comment_author": "info1994", "comment_date": ["04/15", "20:43"], "comment_content": "日本人很猛 上次看他們二郎系那麼大量"}, {"comment_author": "info1994", "comment_date": ["04/15", "20:43"], "comment_content": "都能吃光光"}, {"comment_author": "stu25936", "comment_date": ["04/15", "20:43"], "comment_content": "湯泡飯 超爽"}, {"comment_author": "info1994", "comment_date": ["04/15", "20:43"], "comment_content": "而且還一堆女生吃的比我多"}, {"comment_author": "breakhart", "comment_date": ["04/15", "20:44"], "comment_content": "餃子"}, {"comment_author": "sunwill34243", "comment_date": ["04/15", "20:47"], "comment_content": "炒飯配白飯更難理解 不乾脆炒大碗點"}, {"comment_author": "abel0201", "comment_date": ["04/15", "20:53"], "comment_content": "因為那種重鹹的拉麵湯 日本仔沒在"}, {"comment_author": "abel0201", "comment_date": ["04/15", "20:53"], "comment_content": "直接喝的，要點"}, {"comment_author": "abel0201", "comment_date": ["04/15", "20:53"], "comment_content": "飯來配稀釋鹹味"}, {"comment_author": "caity", "comment_date": ["04/15", "20:58"], "comment_content": "但是他們胖子好像不多"}, {"comment_author": "realbull", "comment_date": ["04/15", "21:06"], "comment_content": "燒餅夾油條？ 玉米蛋餅？ 韭菜盒子？ 地"}, {"comment_author": "realbull", "comment_date": ["04/15", "21:06"], "comment_content": "瓜稀飯？ 芋頭米粉？"}, {"comment_author": "JackeyChen", "comment_date": ["04/15", "21:08"], "comment_content": "所以糖尿也多"}, {"comment_author": "TDKnight", "comment_date": ["04/15", "22:10"], "comment_content": "拉麵炒飯煎餃啤酒 澱粉高潮 超爽的"}, {"comment_author": "holyhelm", "comment_date": ["04/15", "22:20"], "comment_content": "加飯比加麵方便八 不然我也理解不能"}, {"comment_author": "sustto", "comment_date": ["04/15", "22:22"], "comment_content": "拉麵湯泡飯還不錯 就爌肉飯吃完再點陽春"}, {"comment_author": "sustto", "comment_date": ["04/15", "22:22"], "comment_content": "麵當湯喝 爽"}, {"comment_author": "andy79323", "comment_date": ["04/15", "22:31"], "comment_content": "超多的肉和大碗的飯才是日本人的最愛"}, {"comment_author": "angelo98", "comment_date": ["04/15", "22:46"], "comment_content": "誇張"}, {"comment_author": "huabandd", "comment_date": ["04/16", "00:14"], "comment_content": "拉麵湯很鹹，配飯其實蠻剛好的"}, {"comment_author": "tttkkk", "comment_date": ["04/16", "00:58"], "comment_content": "照樣長壽"}, {"comment_author": "YHTNIMK", "comment_date": ["04/16", "10:52"], "comment_content": "菜逼八，這樣配超好吃"}, {"comment_author": "vvrr", "comment_date": ["04/16", "12:00"], "comment_content": "因為對米飯的熱愛。拉麵、煎餃是配菜"}, {"comment_author": "vvrr", "comment_date": ["04/16", "12:01"], "comment_content": "沙威瑪在日本還衍生出了 沙威瑪丼 ...."}]}
