{"author": "rikey0214 (0.0)", "category": "Gossiping", "title": "[問卦] 統神幹嘛一定要接受洗滌？", "date": "Wed Apr 17 11:14:12 2024", "content": ["yt、圖奇沒了隨便找個平台播就好了現在還在看台的本來就死忠的根本不會受新聞影響換平台還是會追去看沒有代言就少賺一點不是早就財富自由當下換平台是有話題的重新開台就算換平台感覺剛換前幾天也是萬人大台想想世仇toyz，學學看能不能從遊戲台轉型怎麼看都不該為了幾個臭錢膝蓋軟成這樣啊？太讓人是失望了吧--"], "post_comment": [{"comment_author": "a5687920", "comment_date": ["04/17", "11:14"], "comment_content": "他出門都會洗澡"}, {"comment_author": "Lailungsheng", "comment_date": ["04/17", "11:15"], "comment_content": "不能受洗喔，哥布林教會歡淫你"}, {"comment_author": "hiphopmei", "comment_date": ["04/17", "11:15"], "comment_content": "看了真可憐=="}, {"comment_author": "a3221715", "comment_date": ["04/17", "11:16"], "comment_content": "辛酸打工畫面流出 以後就當通告咖了"}, {"comment_author": "g11349", "comment_date": ["04/17", "11:16"], "comment_content": "黨已經開示了！淨化社會&洗滌人心"}, {"comment_author": "a3221715", "comment_date": ["04/17", "11:16"], "comment_content": "還想跟黨鬥啊 真的被粉絲慣壞了"}, {"comment_author": "higameboy", "comment_date": ["04/17", "11:18"], "comment_content": "現在統:我是罪人我危害人間 我辜負蒼生"}, {"comment_author": "Hooz", "comment_date": ["04/17", "11:20"], "comment_content": "他自願的啊 又沒人逼他"}, {"comment_author": "funmilk", "comment_date": ["04/17", "11:22"], "comment_content": "真的軟"}, {"comment_author": "cocojohn111", "comment_date": ["04/17", "11:22"], "comment_content": "除非他從此不踏入社會不然他跟妻兒"}, {"comment_author": "cocojohn111", "comment_date": ["04/17", "11:22"], "comment_content": "永遠會被打上標籤尤其小孩會被笑他"}, {"comment_author": "cocojohn111", "comment_date": ["04/17", "11:22"], "comment_content": "爸爸想幹未成年"}, {"comment_author": "blessbless", "comment_date": ["04/17", "11:24"], "comment_content": "就廢物啊"}, {"comment_author": "longdi427", "comment_date": ["04/17", "11:39"], "comment_content": "變新造統神"}, {"comment_author": "payneblue", "comment_date": ["04/17", "11:44"], "comment_content": "本來就巨嬰吧"}, {"comment_author": "Thorvs", "comment_date": ["04/17", "11:53"], "comment_content": "本來就該被洗滌，才能像某P復出開見面會"}, {"comment_author": "fox39724", "comment_date": ["04/17", "12:24"], "comment_content": "他現在不蹲低一點，在哪個平台玩遊戲，"}, {"comment_author": "fox39724", "comment_date": ["04/17", "12:24"], "comment_content": "平台跟遊戲都會被噴爆"}]}
