{"author": "blackking (卡布其諾)", "category": "Gossiping", "title": "[問卦] 大家覺得國軍伙食和國小營養午餐哪個讓人", "date": "Thu Apr 18 11:23:19 2024", "content": ["以前國中小學時吃學校營養午餐都覺得很難吃，怎麼能把食物煮成這樣入伍後發現國軍伙食有些單位煮的也不輸營養午餐，今天如果讓你有機會再吃一次回味大家會選哪個？-----Sent from JPTT on my iPhone--"], "post_comment": [{"comment_author": "showdoggy", "comment_date": ["04/18", "11:26"], "comment_content": "屁啦 我小時候營養午餐很好吃啊"}, {"comment_author": "k385476916", "comment_date": ["04/18", "11:26"], "comment_content": "當然國軍"}, {"comment_author": "horsetail", "comment_date": ["04/18", "11:26"], "comment_content": "過太爽"}, {"comment_author": "KVSU", "comment_date": ["04/18", "11:28"], "comment_content": "學校營養午餐比國軍好吃"}, {"comment_author": "amos30627", "comment_date": ["04/18", "11:30"], "comment_content": "國軍看單位 新訓是比營養午餐還爛 好吃"}, {"comment_author": "amos30627", "comment_date": ["04/18", "11:30"], "comment_content": "的就很好吃"}, {"comment_author": "insidelonely", "comment_date": ["04/18", "11:30"], "comment_content": "學校營養午餐肯定贏啊，軍隊哪管你"}, {"comment_author": "amos30627", "comment_date": ["04/18", "11:31"], "comment_content": "基本上人越多就越難吃"}, {"comment_author": "czg", "comment_date": ["04/18", "11:41"], "comment_content": "選國軍啊,因為不能只有我吃到過"}, {"comment_author": "g4zoco196", "comment_date": ["04/18", "11:59"], "comment_content": "小學營養午餐好好吃 還有珍奶 炸雞"}, {"comment_author": "idealman", "comment_date": ["04/18", "12:36"], "comment_content": "選國軍，伙食不好換個單位吃常常更好吃"}]}
