{"author": "taipei5566 (臺北56)", "category": "Gossiping", "title": "[問卦] 替代役當督戰隊可以嗎?", "date": "Sun Apr 14 00:52:46 2024", "content": ["替代役被後備役嫌得要死嫌不會拿槍 也不用上戰場但現在看烏克蘭有督戰隊的出現那讓替代役拿槍上戰場就是當督戰這樣後備役就沒話說了有八卦嗎?--"], "post_comment": [{"comment_author": "gino0717", "comment_date": ["04/14", "00:53"], "comment_content": "黑熊才能當督戰隊"}, {"comment_author": "vwpassat", "comment_date": ["04/14", "00:54"], "comment_content": "替代役只夠格當補充兵！"}, {"comment_author": "blairkimi", "comment_date": ["04/14", "00:54"], "comment_content": "黑熊先預訂喔"}, {"comment_author": "kamitengo", "comment_date": ["04/14", "00:55"], "comment_content": "研發替代役才可以"}, {"comment_author": "Nevhir", "comment_date": ["04/14", "00:57"], "comment_content": "替代役只能綁自殺炸彈 督戰隊要由黨衛隊來"}, {"comment_author": "aa10252233", "comment_date": ["04/14", "00:59"], "comment_content": "替代役被督戰隊"}, {"comment_author": "rwr", "comment_date": ["04/14", "01:05"], "comment_content": "反正我專殺督戰隊 想當督戰的給我小心點"}, {"comment_author": "mangle", "comment_date": ["04/14", "01:08"], "comment_content": "黑熊部隊"}, {"comment_author": "aa0845", "comment_date": ["04/14", "01:24"], "comment_content": "替代役就是填線寶寶的最佳選擇"}]}
