{"author": "inse (阿糖)", "category": "Gossiping", "title": "[問卦] 天王星大樓什麼時候拆完啊？", "date": "Fri Apr 12 19:03:43 2024", "content": ["天王星大樓什麼時候拆完啊？效率差在那邊？ 怪手上去不好拆嗎？受災戶什麼時候可以蓋新房子？之前說很危險怕隨時會倒,不讓受災戶進去拿東西結果拆到現在他自己也沒倒啊？有沒有八卦？ 就很玄！--"], "post_comment": [{"comment_author": "k385476916", "comment_date": ["04/12", "19:04"], "comment_content": "好像還要幾天"}, {"comment_author": "SEVENxELEVEN", "comment_date": ["04/12", "19:04"], "comment_content": "樓下跟甲甲約什麼時間去228"}, {"comment_author": "hkcdc", "comment_date": ["04/12", "19:04"], "comment_content": "我只關心雞"}, {"comment_author": "gx8759121", "comment_date": ["04/12", "19:04"], "comment_content": "鍵盤拆房"}, {"comment_author": "poqwiuer", "comment_date": ["04/12", "19:05"], "comment_content": "貓貓雞雞救完沒？沒救完拆個屁，嘻嘻"}, {"comment_author": "YiZheS", "comment_date": ["04/12", "19:08"], "comment_content": "現在動物團體說的算！"}, {"comment_author": "b9513227", "comment_date": ["04/12", "19:12"], "comment_content": "有一群低能兒在鬧啊"}, {"comment_author": "poru", "comment_date": ["04/12", "19:13"], "comment_content": "裡面還有老鼠蟑螂蜘蛛螞蟻待救援!!!!!"}, {"comment_author": "poru", "comment_date": ["04/12", "19:13"], "comment_content": "乾脆政府直接徵收變成花蓮地震館算了!"}, {"comment_author": "tanby", "comment_date": ["04/12", "19:17"], "comment_content": "小強也要救完"}, {"comment_author": "zi62007", "comment_date": ["04/12", "19:36"], "comment_content": "關你什麼事？"}, {"comment_author": "lucybelle", "comment_date": ["04/12", "19:40"], "comment_content": "兩周內"}, {"comment_author": "xm4z73", "comment_date": ["04/12", "19:41"], "comment_content": "預計兩週"}, {"comment_author": "s0450336", "comment_date": ["04/12", "19:46"], "comment_content": "問那些貓瘋"}, {"comment_author": "luck9987", "comment_date": ["04/12", "20:01"], "comment_content": "建商豬委很急"}]}
