{"author": "fah13472 (ㄙ程)", "category": "Gossiping", "title": "[問卦] 這個拖吊費用是有在坑嗎？", "date": "Sat Apr 13 12:37:59 2024", "content": ["打給賀，是這樣子的前陣子車子跟摩托車發生擦撞摩托車龍頭鎖死緊急找了拖吊的幫忙把摩托車拖到附近不遠（不到1公里）的車行當下打電話叫拖吊的時候是說1400$後來人來了也沒說啥拖到車行下好車之後才說收5300$跟他殺價說太貴了才說不然收4300$錢是給了啦只是不知道行情請問這個價格合理的嗎？第一次叫拖吊沒經驗…..", "--"], "post_comment": [{"comment_author": "w77499", "comment_date": ["04/13", "12:38"], "comment_content": "4"}, {"comment_author": "Niubert", "comment_date": ["04/13", "12:38"], "comment_content": "為什麼不直接叫車行載"}, {"comment_author": "Dinenger", "comment_date": ["04/13", "12:39"], "comment_content": "他算法不是寫在上面了…"}, {"comment_author": "ahw12000", "comment_date": ["04/13", "12:39"], "comment_content": "揍他一頓 拿車鑰匙插他屁眼 制裁!"}, {"comment_author": "Dinenger", "comment_date": ["04/13", "12:39"], "comment_content": "所以他跑了幾公里 他沒寫 你也沒講"}, {"comment_author": "Dorae5566", "comment_date": ["04/13", "12:40"], "comment_content": "我車子從高速公路開下來去做筆錄2小時"}, {"comment_author": "Dorae5566", "comment_date": ["04/13", "12:40"], "comment_content": "又拖去修車廠，20公里才3300"}, {"comment_author": "yoyodiy", "comment_date": ["04/13", "12:42"], "comment_content": "錢幾個禮拜老婆車壞 叫車廠來拖 拖吊車"}, {"comment_author": "siopp", "comment_date": ["04/13", "12:42"], "comment_content": "汽車都沒這麼貴"}, {"comment_author": "yoyodiy", "comment_date": ["04/13", "12:42"], "comment_content": "拖4KM 1000元"}, {"comment_author": "milkyway168", "comment_date": ["04/13", "12:42"], "comment_content": "找個你有給他修的車行給他拖就好了"}, {"comment_author": "rLks02", "comment_date": ["04/13", "12:44"], "comment_content": "星期六 你也只有認了"}, {"comment_author": "eetug", "comment_date": ["04/13", "12:45"], "comment_content": "機車保險有的有送道路救援，有的機車行也有"}, {"comment_author": "eetug", "comment_date": ["04/13", "12:46"], "comment_content": "拖車，在那修的話就不用錢"}, {"comment_author": "DiMammaMia", "comment_date": ["04/13", "12:49"], "comment_content": "機車托運到高雄都沒那麼貴"}, {"comment_author": "fah13472", "comment_date": ["04/13", "12:55"], "comment_content": "我是原po，看了一下距離不到1公里...請"}, {"comment_author": "fah13472", "comment_date": ["04/13", "12:56"], "comment_content": "問這種要怎麼事前講價格阿？"}, {"comment_author": "stevenyu82", "comment_date": ["04/13", "12:58"], "comment_content": "直接叫車行載就好"}, {"comment_author": "fah13472", "comment_date": ["04/13", "13:00"], "comment_content": "摩托車不是我的車，我是汽車啦，沒有車"}, {"comment_author": "fah13472", "comment_date": ["04/13", "13:00"], "comment_content": "禍經驗還好心幫對方找拖吊，現在保險不"}, {"comment_author": "stevenyu82", "comment_date": ["04/13", "13:01"], "comment_content": "遇過兩次車行都沒收錢，在車行也是簡"}, {"comment_author": "fah13472", "comment_date": ["04/13", "13:01"], "comment_content": "給付這條，我們是認了啦只是在想整個過"}, {"comment_author": "stevenyu82", "comment_date": ["04/13", "13:01"], "comment_content": "單修，應該沒被宰"}, {"comment_author": "fah13472", "comment_date": ["04/13", "13:01"], "comment_content": "程是不是有什麼不對勁的地方"}, {"comment_author": "laugh8562", "comment_date": ["04/13", "13:03"], "comment_content": "大盤子"}, {"comment_author": "laugh8562", "comment_date": ["04/13", "13:04"], "comment_content": "前陣子車在高速公路顧路 全拖才1千4"}, {"comment_author": "laugh8562", "comment_date": ["04/13", "13:05"], "comment_content": "也大約超出2、3公里"}, {"comment_author": "Doub1eK", "comment_date": ["04/13", "13:05"], "comment_content": "我都給車行載 也在那邊修"}, {"comment_author": "laugh8562", "comment_date": ["04/13", "13:05"], "comment_content": "你機車要拖5千3 怎麼不叫他去搶銀行？"}, {"comment_author": "F93935", "comment_date": ["04/13", "13:12"], "comment_content": "拖吊蟑螂 一定是網路找的"}, {"comment_author": "F93935", "comment_date": ["04/13", "13:12"], "comment_content": "自己去租台貨車來載都沒那麼貴"}, {"comment_author": "DRAGON0324", "comment_date": ["04/13", "13:22"], "comment_content": "我記得有些強制險還第三人責任險有送"}, {"comment_author": "DRAGON0324", "comment_date": ["04/13", "13:22"], "comment_content": "道路救援一次"}, {"comment_author": "rex333214", "comment_date": ["04/13", "13:23"], "comment_content": "之前機車發不動，基隆路到板橋，大概1"}, {"comment_author": "rex333214", "comment_date": ["04/13", "13:23"], "comment_content": "0公里吧，認識的車行幫我叫貨車去載，"}, {"comment_author": "rex333214", "comment_date": ["04/13", "13:23"], "comment_content": "只收600"}, {"comment_author": "UKULULU", "comment_date": ["04/13", "13:29"], "comment_content": "車禍幫對方叫拖吊？對方同意嗎？誰要付這"}, {"comment_author": "UKULULU", "comment_date": ["04/13", "13:29"], "comment_content": "條錢？當場和解了嗎？肇責怎算？"}, {"comment_author": "shcjosh", "comment_date": ["04/13", "13:32"], "comment_content": "之前在中和顧路，找認識的車廠直接用貨車"}, {"comment_author": "UKULULU", "comment_date": ["04/13", "13:32"], "comment_content": "不管誰責重 應該電話給車主 讓他叫才對"}, {"comment_author": "shcjosh", "comment_date": ["04/13", "13:32"], "comment_content": "載到板橋，只收維修費，沒收拖吊的錢。"}, {"comment_author": "UKULULU", "comment_date": ["04/13", "13:32"], "comment_content": "要請錢再找你 不然你就只有自己吞了"}, {"comment_author": "qazzaq3977", "comment_date": ["04/13", "13:38"], "comment_content": "特殊處理費給人隨便喊的"}, {"comment_author": "whathefuc", "comment_date": ["04/13", "13:47"], "comment_content": "汽車差不多"}, {"comment_author": "fah13472", "comment_date": ["04/13", "13:52"], "comment_content": "對方屁股拍拍說腳破皮想回家，車子就丟"}, {"comment_author": "fah13472", "comment_date": ["04/13", "13:53"], "comment_content": "給我們，後來跟他說那拖到機車行他同意"}, {"comment_author": "fah13472", "comment_date": ["04/13", "13:53"], "comment_content": "，但我們沒有和解是走保險"}, {"comment_author": "fah13472", "comment_date": ["04/13", "13:53"], "comment_content": "但當下真的沒經驗不知道怎麼做，以為保"}, {"comment_author": "kiopl", "comment_date": ["04/13", "13:53"], "comment_content": "機車也要特殊處理費是三小 你的機車是金翼"}, {"comment_author": "fah13472", "comment_date": ["04/13", "13:53"], "comment_content": "險是後來才要聯絡的"}, {"comment_author": "kiopl", "comment_date": ["04/13", "13:53"], "comment_content": "嗎"}, {"comment_author": "fah13472", "comment_date": ["04/13", "13:54"], "comment_content": "謝謝大家，花錢買教訓了"}, {"comment_author": "sansiaman", "comment_date": ["04/13", "14:06"], "comment_content": "距離呢？沒有距離大家評論個屁"}, {"comment_author": "rane", "comment_date": ["04/13", "14:15"], "comment_content": "距離可以無視，因為它這張是貴在特殊處理費("}, {"comment_author": "rane", "comment_date": ["04/13", "14:15"], "comment_content": "機車輪胎卡死、無煞車)2000-3000元，蠻坑人"}, {"comment_author": "AIRWAY1021", "comment_date": ["04/13", "14:16"], "comment_content": "特殊處理費是三小"}, {"comment_author": "fah13472", "comment_date": ["04/13", "14:50"], "comment_content": "上面有回覆喔距離不到1公里……"}, {"comment_author": "FANONE", "comment_date": ["04/13", "21:53"], "comment_content": "所以是你撞到機車嗎？"}, {"comment_author": "fah13472", "comment_date": ["04/13", "23:16"], "comment_content": "不算是吧，我正常開要左轉，他騎車看旁"}, {"comment_author": "fah13472", "comment_date": ["04/13", "23:16"], "comment_content": "邊沒看到我直接加速撞上來，但法律是有"}, {"comment_author": "fah13472", "comment_date": ["04/13", "23:16"], "comment_content": "受傷的最大吧"}, {"comment_author": "rane", "comment_date": ["04/14", "12:14"], "comment_content": "避重就輕，他直行、你轉彎，你叫正常開，他"}, {"comment_author": "rane", "comment_date": ["04/14", "12:14"], "comment_content": "算沒看到，呵呵"}, {"comment_author": "fah13472", "comment_date": ["04/14", "13:09"], "comment_content": "我沒說我沒錯阿我應該是全責，所以當下"}, {"comment_author": "fah13472", "comment_date": ["04/14", "13:09"], "comment_content": "也都有道歉也幫他買藥甚至幫他處理車子"}, {"comment_author": "fah13472", "comment_date": ["04/14", "13:11"], "comment_content": "但他的確是也沒在看加速直直撞上來，我"}, {"comment_author": "fah13472", "comment_date": ["04/14", "13:11"], "comment_content": "要閃都來不及，只是想問拖吊的問題，沒"}, {"comment_author": "fah13472", "comment_date": ["04/14", "13:11"], "comment_content": "有要問肇責"}]}
