{"author": "kingmusk (馬爹利)", "category": "Gossiping", "title": "[問卦] 都2024了 怎麼還會有美國夢？", "date": "Tue Apr 16 00:46:34 2024", "content": ["乳蹄婚姻板現在即時熱度第七了啦你們都跑去看熱鬧了喔==？話說 我以為美國夢10幾年前就過時了沒想到還是很多人有美國夢==是不是應該鼓勵覺青去美國追夢而不是去澳洲當台勞？關卡難度不同 這樣才有鑑別度吧？有卦？--", "就是讓他們去了 可以醒啊==我還以為我臭得很明顯欸"], "post_comment": [{"comment_author": "dayuer", "comment_date": ["04/16", "00:47"], "comment_content": "年薪15萬鎂的美國夢，不如留在台灣玩股票"}, {"comment_author": "dave070715", "comment_date": ["04/16", "00:47"], "comment_content": "你去問問中國走線過去的人啊"}, {"comment_author": "dayuer", "comment_date": ["04/16", "00:48"], "comment_content": "，壓力小又爽，時間又多XD"}, {"comment_author": "devilfruit", "comment_date": ["04/16", "00:49"], "comment_content": "對 美國早就不行了 現在流行中國夢了"}, {"comment_author": "OPPAISuki", "comment_date": ["04/16", "01:05"], "comment_content": "去美國要飯 洗盤子 送外賣喔?"}, {"comment_author": "coffee112", "comment_date": ["04/16", "01:05"], "comment_content": "你沒看一堆台積電也為了美國夢 qq"}, {"comment_author": "LincolnBoy", "comment_date": ["04/16", "01:23"], "comment_content": "現在流行澳洲夢"}, {"comment_author": "jackycheny", "comment_date": ["04/16", "01:27"], "comment_content": "覺青去米國沒工簽要打黑工給黑人*？"}, {"comment_author": "jackycheny", "comment_date": ["04/16", "01:27"], "comment_content": "醒醒好嗎= ="}, {"comment_author": "bboring", "comment_date": ["04/16", "01:50"], "comment_content": "澳洲不錯 華人較多 感覺壓力比較小"}, {"comment_author": "davidoslo", "comment_date": ["04/16", "03:23"], "comment_content": "台灣魯魯只有開戰前才有美國夢"}]}
