{"author": "huabandd (我是阿肥巴你頭)", "category": "Gossiping", "title": "[問卦] 欸！椅子是不是贏麻了？", "date": "Sat Apr 13 01:18:39 2024", "content": ["接連兩天開直播在臭統神看他笑成這樣大概真的爽翻了根本這次事件中最大贏家有沒有椅子真的贏麻了的八卦？--"], "post_comment": [{"comment_author": "HDSM", "comment_date": ["04/13", "01:18"], "comment_content": "4"}, {"comment_author": "a3221715", "comment_date": ["04/13", "01:19"], "comment_content": "麻了 還能去浪live領錢"}, {"comment_author": "whiteadam", "comment_date": ["04/13", "01:19"], "comment_content": "樓下吸過ㄌ屌嗎"}, {"comment_author": "sd09090", "comment_date": ["04/13", "01:19"], "comment_content": "進去後，統神去會客就可以酸他"}, {"comment_author": "LDY97", "comment_date": ["04/13", "01:20"], "comment_content": "沒有喔"}, {"comment_author": "OPPAISuki", "comment_date": ["04/13", "01:20"], "comment_content": "他為什麼都不用進去關?"}, {"comment_author": "ma4wanderer", "comment_date": ["04/13", "01:20"], "comment_content": "吸麻有"}, {"comment_author": "Doub1eK", "comment_date": ["04/13", "01:21"], "comment_content": "臭完之後 還是要被抓去關 贏在哪"}, {"comment_author": "nikewang", "comment_date": ["04/13", "01:21"], "comment_content": "就囂張港仔"}, {"comment_author": "Peter5566", "comment_date": ["04/13", "01:30"], "comment_content": "可憐仔還在看這販毒詐賭廢物"}, {"comment_author": "secretfly", "comment_date": ["04/13", "01:30"], "comment_content": "哪有"}, {"comment_author": "kaodio", "comment_date": ["04/13", "01:34"], "comment_content": "肥宅坦蛋蛋 小人長機機"}, {"comment_author": "supervisorz", "comment_date": ["04/13", "01:35"], "comment_content": "跟頒獎典禮一模一樣阿"}, {"comment_author": "supervisorz", "comment_date": ["04/13", "01:35"], "comment_content": "被統神扯政治後燒爛"}, {"comment_author": "supervisorz", "comment_date": ["04/13", "01:35"], "comment_content": "整件事就是肥豬自焚"}, {"comment_author": "minoru04", "comment_date": ["04/13", "01:42"], "comment_content": "很多臭鮑魚喜歡他"}, {"comment_author": "jeabc2546", "comment_date": ["04/13", "01:42"], "comment_content": "他也只能趁現在在外面笑而已"}, {"comment_author": "Dinenger", "comment_date": ["04/13", "01:47"], "comment_content": "看他那個笑 真的發自內心的爽"}, {"comment_author": "runaticsora", "comment_date": ["04/13", "03:40"], "comment_content": "2024還沒要關嗎"}]}
