{"author": "felixr0123 (felixr0123)", "category": "Gossiping", "title": "[問卦] 大家吃過幸福餐盒了嗎？", "date": "Wed Apr 17 20:47:10 2024", "content": ["大家好我是幸福特派員在這個萬物都漲的年代買到實惠的商品特別是餐盒這種剛需總是特別的觸動心中確幸成為了能努力撐下去的一種力量不知道大家享用過幸福餐盒了嗎", "真的算實惠滿難搶到的而且也不是每件門市都有只要查詢“幸福食材網”就可以找到自己家附近販售的門市但最後仍然希望大家有機會可以自炊練手藝同時也不用擔心外食會有混奇怪的東西-----Sent from JPTT on my OPPO CPH2067.--", "推文有 上幸福食材網查 撲的點真的不多", "高手 這麼幸福太可惡了", "那就...看看之後會不會擴點吧 除了全聯還可以查7-11和全家", "幸福"], "post_comment": [{"comment_author": "E6300", "comment_date": ["04/17", "20:48"], "comment_content": "只在網路上看過"}, {"comment_author": "OPPAISuki", "comment_date": ["04/17", "20:48"], "comment_content": "哪裡有賣? 我沒看到"}, {"comment_author": "syntax123", "comment_date": ["04/17", "20:48"], "comment_content": "沒有友善食光我可是不吃的喔"}, {"comment_author": "mimiLin5566", "comment_date": ["04/17", "20:48"], "comment_content": "從來沒出現過"}, {"comment_author": "brella", "comment_date": ["04/17", "20:48"], "comment_content": "吃好幾天了"}, {"comment_author": "Roooz", "comment_date": ["04/17", "20:48"], "comment_content": "這什麼洨"}, {"comment_author": "QQWWWQQ", "comment_date": ["04/17", "20:49"], "comment_content": "國民便當漲到吃不起才再來出一個幸福便"}, {"comment_author": "QQWWWQQ", "comment_date": ["04/17", "20:49"], "comment_content": "當"}, {"comment_author": "fony1029", "comment_date": ["04/17", "20:51"], "comment_content": "20年來經濟最好 2萬點 還有人吃嗎"}, {"comment_author": "justice2008", "comment_date": ["04/17", "20:54"], "comment_content": "我家這邊都沒有啊=="}, {"comment_author": "chu", "comment_date": ["04/17", "20:59"], "comment_content": "今天4點多看全聯60賣光光 說好的經濟20年最好"}, {"comment_author": "jyue", "comment_date": ["04/17", "21:01"], "comment_content": "今天有看到 但沒買"}, {"comment_author": "YasmanyTomas", "comment_date": ["04/17", "21:12"], "comment_content": "連續吃3天了 學校都有不用搶"}, {"comment_author": "Xerchieh", "comment_date": ["04/18", "12:16"], "comment_content": ""}, {"comment_author": "Xerchieh", "comment_date": ["04/18", "12:16"], "comment_content": "，彰化大村店這兩天12點經過都還有"}, {"comment_author": "Xerchieh", "comment_date": ["04/18", "12:16"], "comment_content": "剩，店長說她訂最大上限，雞肉15,"}, {"comment_author": "Xerchieh", "comment_date": ["04/18", "12:16"], "comment_content": "魚排5個"}]}
