{"author": "pupudice (光頭葛格不能亡)", "category": "Gossiping", "title": "[問卦] 要怎麼幫助航航", "date": "Sat Apr 13 09:55:42 2024", "content": ["眾所皆知 統神愛家 愛老婆 愛父母 愛胞兄 愛寵物 愛小孩上有二老 下有三小 這種男人是壞人 說給鬼都不信要不是有蕉哥 還有某些來蹭的x客 阿行也不會被釣魚 落得如此田地行行好 不要再攻擊 追殺暖暖豬了難道大家想看到 阿亢 家破人亡 ? ?該怎麼幫助統神 才能讓祂重現以往雄風 ? ? ? 有沒有掛 ? ?--"], "post_comment": [{"comment_author": "royroy666", "comment_date": ["04/13", "09:56"], "comment_content": "不用幫 活該"}, {"comment_author": "ianlin1216", "comment_date": ["04/13", "09:56"], "comment_content": "抖內"}, {"comment_author": "s10130804", "comment_date": ["04/13", "09:56"], "comment_content": "幫他減肥為了他健康好"}, {"comment_author": "hua0316", "comment_date": ["04/13", "09:56"], "comment_content": "等他直播抖內100萬看看？"}, {"comment_author": "Wolverin5566", "comment_date": ["04/13", "09:58"], "comment_content": "購入張嘉航007414"}, {"comment_author": "deepdish", "comment_date": ["04/13", "09:59"], "comment_content": "哩五探級謀？zzzzzzzzzz"}, {"comment_author": "lk90410", "comment_date": ["04/13", "10:02"], "comment_content": "尊重包容友善理解"}, {"comment_author": "tetsu327", "comment_date": ["04/13", "10:02"], "comment_content": "你房子有比他多嗎"}, {"comment_author": "sd09090", "comment_date": ["04/13", "10:04"], "comment_content": "他什麼都有，退休金也有了"}, {"comment_author": "sd09090", "comment_date": ["04/13", "10:04"], "comment_content": "要幫他擔心什麼"}, {"comment_author": "sd09090", "comment_date": ["04/13", "10:06"], "comment_content": "情緒不好就開個直播，也餓不了"}, {"comment_author": "deepdish", "comment_date": ["04/13", "10:06"], "comment_content": ""}, {"comment_author": "yugi2567", "comment_date": ["04/13", "10:07"], "comment_content": "有事請燒香"}, {"comment_author": "gem810611", "comment_date": ["04/13", "10:16"], "comment_content": "一個月抖個一百萬差不多了吧"}, {"comment_author": "yggyygy", "comment_date": ["04/13", "10:55"], "comment_content": "求哥哥原諒他"}, {"comment_author": "egogeorge", "comment_date": ["04/13", "10:58"], "comment_content": "找未成年龍妹給他圓夢"}]}
