{"author": "ayasesayuki (綾瀨紗雪)", "category": "Gossiping", "title": "[問卦] 統神忘記上BUFF就失言是不是失誤", "date": "Fri Apr 12 07:11:32 2024", "content": ["對啊想幹未成年不先上BUFF就說出來太衝動了吧只要說一下支持彩虹六色宣言的訴求幹未成年爽", "側翼還敢出征下去嗎？有沒有八卦？--"], "post_comment": [{"comment_author": "syntax123", "comment_date": ["04/12", "07:12"], "comment_content": "皇氣護體"}, {"comment_author": "loki94y", "comment_date": ["04/12", "07:16"], "comment_content": "幹好噁心  有沒有廠商找那些人代言?"}, {"comment_author": "mysterydream", "comment_date": ["04/12", "07:16"], "comment_content": "甲甲有龍氣護體"}, {"comment_author": "au4g3wk4k", "comment_date": ["04/12", "07:19"], "comment_content": "這些40%甲甲不就想幹未成年到上街遊行"}, {"comment_author": "pachingoman", "comment_date": ["04/12", "07:27"], "comment_content": ""}, {"comment_author": "pachingoman", "comment_date": ["04/12", "07:27"], "comment_content": "柯神失言這麼多次藍白草還是含淚投"}, {"comment_author": "pachingoman", "comment_date": ["04/12", "07:27"], "comment_content": "下去啊"}, {"comment_author": "thepowers", "comment_date": ["04/12", "07:32"], "comment_content": "到2028幹民進黨阿 跟死忠粉一起幹 爽"}]}
