{"author": "arnold3 (憂鬱型男阿雲)", "category": "Gossiping", "title": "[問卦] 有沒有好用的aa充電電池1.5v 不要eneloop", "date": "Wed Apr 17 13:18:55 2024", "content": ["雖然eneloop很多人推薦 因為可以充電 但是我看微軟的說明不推薦用因為充電電池只有1.2v 而不是1.5v 然後我去看有1.5v的是鋰電池但是有人說那種鋰電池 都沒有過度放電保護 很容易壞掉衝不了所以說市面上到底有沒有好用的aa電池 可以充電那種 不要1.2v的?----", "我要裝日本製的時鐘的要很準確 電壓低會變慢"], "post_comment": [{"comment_author": "luciffar", "comment_date": ["04/17", "13:21"], "comment_content": "鋰電其實不耐用又危險 我的鎳氫電池幾"}, {"comment_author": "luciffar", "comment_date": ["04/17", "13:21"], "comment_content": "乎不會壞掉"}, {"comment_author": "andy199113", "comment_date": ["04/17", "13:22"], "comment_content": "乾電池 便宜 反正回收也不會不環保"}, {"comment_author": "andy199113", "comment_date": ["04/17", "13:23"], "comment_content": "充電沒意義 不如放個18650"}, {"comment_author": "cdmlin", "comment_date": ["04/17", "13:23"], "comment_content": "什麼東西不能用1.2v?"}, {"comment_author": "luciffar", "comment_date": ["04/17", "13:23"], "comment_content": "1.2v我用很久了也沒搞壞過任何電器"}, {"comment_author": "jameshcm", "comment_date": ["04/17", "13:25"], "comment_content": "那就是電路設計有問題,不該隨著電壓變慢"}, {"comment_author": "cdmlin", "comment_date": ["04/17", "13:25"], "comment_content": "為何電壓低會變慢?"}, {"comment_author": "cdmlin", "comment_date": ["04/17", "13:25"], "comment_content": "頂多只是較快被誤判斷電"}, {"comment_author": "arnold3", "comment_date": ["04/17", "13:27"], "comment_content": "你跟我說有問題沒用阿 我又不會改電路"}, {"comment_author": "arnold3", "comment_date": ["04/17", "13:27"], "comment_content": "人家設計要1.5v 如果要我改我不如買新的"}, {"comment_author": "cdmlin", "comment_date": ["04/17", "13:27"], "comment_content": "crystal震盪快慢跟電壓無關"}, {"comment_author": "Ron51320", "comment_date": ["04/17", "13:30"], "comment_content": ""}, {"comment_author": "andy199113", "comment_date": ["04/17", "13:30"], "comment_content": "時鐘就買乾電池就好 為啥要充電= ="}, {"comment_author": "andy199113", "comment_date": ["04/17", "13:31"], "comment_content": "日本電池品牌:三菱 東芝 松下 富士通"}, {"comment_author": "DOOT", "comment_date": ["04/17", "13:34"], "comment_content": "鹼性電池:....?"}, {"comment_author": "glen246", "comment_date": ["04/17", "13:36"], "comment_content": "上面提到幾個日本品牌都還有日本製的電"}, {"comment_author": "glen246", "comment_date": ["04/17", "13:36"], "comment_content": "池，有些台灣有進口鹼性的，日製乾電池在"}, {"comment_author": "glen246", "comment_date": ["04/17", "13:36"], "comment_content": "台灣比較罕見"}, {"comment_author": "glen246", "comment_date": ["04/17", "13:37"], "comment_content": "應該說碳鋅電池才對"}, {"comment_author": "andy199113", "comment_date": ["04/17", "13:38"], "comment_content": "還有索尼跟maxell 不過SONY不好買"}, {"comment_author": "andy199113", "comment_date": ["04/17", "13:38"], "comment_content": "一般離出廠日期越新 大概都在1.6V很棒"}, {"comment_author": "glen246", "comment_date": ["04/17", "13:38"], "comment_content": "早期翻頁鐘吃室電50Hz/60Hz這種非石英才"}, {"comment_author": "glen246", "comment_date": ["04/17", "13:39"], "comment_content": "有快慢問題"}, {"comment_author": "glen246", "comment_date": ["04/17", "13:42"], "comment_content": "maxell 3號4號台灣都改進口中國貨了"}, {"comment_author": "glen246", "comment_date": ["04/17", "13:42"], "comment_content": "只剩日本當地才有日本製"}, {"comment_author": "js850604", "comment_date": ["04/17", "14:10"], "comment_content": "直接買變壓模組吧，最快"}, {"comment_author": "tomzakeru", "comment_date": ["04/17", "14:23"], "comment_content": "時鐘如果沒有什麼特殊功能一般電池就"}, {"comment_author": "tomzakeru", "comment_date": ["04/17", "14:23"], "comment_content": "好了吧，很久才要換一次"}, {"comment_author": "chungkai", "comment_date": ["04/17", "14:31"], "comment_content": "鎳氫哪有不會壞?    規格寫可以充1千次"}, {"comment_author": "chungkai", "comment_date": ["04/17", "14:32"], "comment_content": "結果都大約不到100次就掛了"}, {"comment_author": "tengerinedog", "comment_date": ["04/17", "14:53"], "comment_content": "aaaaaaaaaa"}]}
