{"author": "zxc7 (OuO)", "category": "Gossiping", "title": "[問卦] 統神是不是可以開始上政論當名嘴了", "date": "Wed Apr 17 10:44:05 2024", "content": ["大家豪 阿航豪悲報 阿航的YT被移除 也聽說以後不能用YT營利賺錢了那麼剛被馴服的 豬豬寶貝 拉風男人 知錯能改 高中綽號是總司令的統神老天關了一扇門 就會少一扇門 還是會多一扇窗呢4X貓 都可當某黨的空軍發言人了 我們阿航 論條件也不輸吧以後 53 54台 有機會看到 阿航 舌戰群儒的精采跳針 神邏輯表演嗎??加油新台幣! 還是阿航面對面 還是 阿梅戰情室! 有機會看到 母子同台當眾互嘴電視台可能還要過一陣子 這半年剛好先閉關沉潛 內斂自我 深研國內外局勢 口語訓練而且電視台是收視考量為主 阿航扛得起 因為電視政論本來就固定一群中老年人會看阿航加入 肯定吸引不少年輕人 收視只會增 不可能減 兩邊雙贏請阿航到時跟 資深媒體人 大眼瞪小眼 以前嘴過他的現在一起當夥伴這畫面太美不敢看 什麼 瑞德哥 皓哥以後就不只 喵姊CO姊芯姊宇哥堅哥勝哥爭哥啦 又多了 瑞德哥 皓哥網路也很多政論節目有機會吧??有卦咪--"], "post_comment": [{"comment_author": "bill403777", "comment_date": ["04/17", "10:44"], "comment_content": "有錢就可以的人 不用替他擔心"}, {"comment_author": "Dinenger", "comment_date": ["04/17", "10:45"], "comment_content": "有錢就可以的人 隨便 變色龍我也不意外"}, {"comment_author": "morichi", "comment_date": ["04/17", "10:45"], "comment_content": "張家只剩阿該拉風了"}, {"comment_author": "b9513227", "comment_date": ["04/17", "10:45"], "comment_content": "可以 黨很缺這種年輕流量的"}, {"comment_author": "sheepxo", "comment_date": ["04/17", "10:45"], "comment_content": "剩這條路囉 不然去抬湯鍋打工？"}, {"comment_author": "pussbootss", "comment_date": ["04/17", "10:46"], "comment_content": "難道這波轉身也是錦囊嗎？"}, {"comment_author": "yoyodiy", "comment_date": ["04/17", "10:47"], "comment_content": "講話臭零呆 還想當名嘴？ 先去上正音班啦"}, {"comment_author": "jimlexus", "comment_date": ["04/17", "10:47"], "comment_content": "綠共是無神論者的～"}, {"comment_author": "NinJa", "comment_date": ["04/17", "10:47"], "comment_content": "應該比YT好賺吧 只是要出門"}, {"comment_author": "kingearth", "comment_date": ["04/17", "10:47"], "comment_content": "丟掉不聽話的爛牙醫，拉一波跪舔的狗，"}, {"comment_author": "kingearth", "comment_date": ["04/17", "10:47"], "comment_content": "大家一起努力賺錢，雙贏！"}, {"comment_author": "aqsss", "comment_date": ["04/17", "10:47"], "comment_content": "青年代表 網路代表 前支持者"}, {"comment_author": "sd09090", "comment_date": ["04/17", "10:48"], "comment_content": "華麗轉身？"}, {"comment_author": "Alieno", "comment_date": ["04/17", "10:48"], "comment_content": "有機會"}, {"comment_author": "antiSOC", "comment_date": ["04/17", "10:48"], "comment_content": "有笑有推"}, {"comment_author": "king2in9la", "comment_date": ["04/17", "10:48"], "comment_content": "是 大的小的一起"}, {"comment_author": "jagger", "comment_date": ["04/17", "10:49"], "comment_content": "他不跳針發瘋的時候確實可以當名嘴"}, {"comment_author": "lee7922412", "comment_date": ["04/17", "10:49"], "comment_content": "統粉一堆國高中生，黨很缺這些年齡層"}, {"comment_author": "young41", "comment_date": ["04/17", "10:50"], "comment_content": "被黨改造得很成功，決定開節目：新造的人"}, {"comment_author": "jagger", "comment_date": ["04/17", "10:50"], "comment_content": "他的TA剛好又是党最缺的國高中生族群"}, {"comment_author": "vowpool", "comment_date": ["04/17", "10:50"], "comment_content": "只能當名嘴了"}, {"comment_author": "vowpool", "comment_date": ["04/17", "10:51"], "comment_content": "不然YT沒有他生存空間了"}, {"comment_author": "lee7922412", "comment_date": ["04/17", "10:51"], "comment_content": "收編這些年輕族群，綠營再8年沒問題"}, {"comment_author": "ljm87", "comment_date": ["04/17", "10:51"], "comment_content": "此舉為人民回歸党 尊從党起到示範作用"}, {"comment_author": "coeXist", "comment_date": ["04/17", "10:51"], "comment_content": "還可以走四叉貓路線啊 也是很得黨的喜愛"}, {"comment_author": "felixr0123", "comment_date": ["04/17", "10:51"], "comment_content": "他兩夫妻確實是在圖這條路 然而一堆人"}, {"comment_author": "felixr0123", "comment_date": ["04/17", "10:51"], "comment_content": "競爭"}, {"comment_author": "jagger", "comment_date": ["04/17", "10:51"], "comment_content": "以後看他在政論節目上對那群老人跳針  應"}, {"comment_author": "jagger", "comment_date": ["04/17", "10:51"], "comment_content": "該很有趣"}, {"comment_author": "wild2012", "comment_date": ["04/17", "10:52"], "comment_content": "要先加入黨"}, {"comment_author": "survivalteru", "comment_date": ["04/17", "10:53"], "comment_content": "實況沒惹有什麼能上的都得上惹吧"}, {"comment_author": "jerrylin", "comment_date": ["04/17", "10:54"], "comment_content": "上政論節目更多人檢視  會死更慘"}, {"comment_author": "Jeff911", "comment_date": ["04/17", "10:56"], "comment_content": "可以開電台節目啊 打半夜的市場 夜豬DJ"}, {"comment_author": "max60209", "comment_date": ["04/17", "10:58"], "comment_content": "就朱學恒第二"}, {"comment_author": "chigo520", "comment_date": ["04/17", "10:59"], "comment_content": "早就上過了"}, {"comment_author": "s9812508", "comment_date": ["04/17", "11:06"], "comment_content": "阿航從政一定嚇嚇叫"}, {"comment_author": "birdskingla", "comment_date": ["04/17", "11:07"], "comment_content": "神罰會遲到但是一定會到"}, {"comment_author": "xfaw4d35t", "comment_date": ["04/17", "11:10"], "comment_content": "沒有靈魂 只剩一張帥臉 可憐吶"}, {"comment_author": "misthide", "comment_date": ["04/17", "11:16"], "comment_content": "僧多粥少 統神這個趴數慢慢排隊吧"}, {"comment_author": "slimfat0202", "comment_date": ["04/17", "11:19"], "comment_content": "名嘴一小時三千，阿航隨便一晚也有八"}, {"comment_author": "slimfat0202", "comment_date": ["04/17", "11:19"], "comment_content": "萬十萬抖內起跳，是在說什麼…沒油管"}, {"comment_author": "slimfat0202", "comment_date": ["04/17", "11:19"], "comment_content": "也有其他平台…是在…"}, {"comment_author": "Mesa5566", "comment_date": ["04/17", "11:21"], "comment_content": "很難吧 一堆字不能罵"}, {"comment_author": "IFeelSoAlive", "comment_date": ["04/17", "11:24"], "comment_content": "他要當真的不輸，有靠山後那個跳針"}, {"comment_author": "IFeelSoAlive", "comment_date": ["04/17", "11:24"], "comment_content": "跳起來誰跟他辯都會腦中風"}, {"comment_author": "TainanOHTANI", "comment_date": ["04/17", "11:26"], "comment_content": "那個牙醫可以狠狠的甩到旁邊去"}, {"comment_author": "bewritten", "comment_date": ["04/17", "12:17"], "comment_content": "方向正確了"}, {"comment_author": "t95912", "comment_date": ["04/17", "12:45"], "comment_content": "跟著黨走 有一堆通告可以上 恭喜"}, {"comment_author": "atzer2002", "comment_date": ["04/17", "12:55"], "comment_content": "被廢死大師感化後 痛定思痛 洗心革面"}, {"comment_author": "goldmouse", "comment_date": ["04/17", "12:57"], "comment_content": "可以跟義川跟正皓一起駡柯跟國昌了"}, {"comment_author": "DeStory", "comment_date": ["04/17", "13:04"], "comment_content": "狗"}, {"comment_author": "s81048112", "comment_date": ["04/17", "13:12"], "comment_content": "可以啊 反正都已經被打成塔綠斑了"}, {"comment_author": "Kelvinchen", "comment_date": ["04/17", "13:52"], "comment_content": "你聽我說…你聽我說…一直跳針"}, {"comment_author": "m9315030", "comment_date": ["04/17", "14:02"], "comment_content": "居然敢跟塔綠斑道歉,害八卦丟臉,死定了8"}, {"comment_author": "m9315030", "comment_date": ["04/17", "14:03"], "comment_content": "以後八卦照三餐洗死你"}, {"comment_author": "a09374567", "comment_date": ["04/17", "21:53"], "comment_content": "已經變葉元之了 專上綠營節目給人尻洗"}]}
