{"author": "KAWABONGGA (硬梆梆)", "category": "Gossiping", "title": "[問卦] 欸欸欸拜託告訴我懶人包好不好", "date": "Tue Apr 16 09:53:53 2024", "content": ["欸欸欸乳頭啦～一打開八卦版就聽說婚姻版有好戲看可是看推文又說跟小說一樣長怎麼辦～根本沒時間看啊跪求懶人包好不好--"], "post_comment": [{"comment_author": "CMPunk", "comment_date": ["04/16", "09:54"], "comment_content": "貧賤夫妻百事哀"}, {"comment_author": "CMPunk", "comment_date": ["04/16", "09:54"], "comment_content": "一句話總結"}, {"comment_author": "s95087162", "comment_date": ["04/16", "09:54"], "comment_content": "蓋"}, {"comment_author": "vowpool", "comment_date": ["04/16", "09:54"], "comment_content": "就只有一篇文章 不用找"}, {"comment_author": "koromo1991", "comment_date": ["04/16", "09:54"], "comment_content": "懶人包"}, {"comment_author": "ncc5566", "comment_date": ["04/16", "09:54"], "comment_content": "看夫妻發的就好"}, {"comment_author": "Dinenger", "comment_date": ["04/16", "09:54"], "comment_content": "台男問女孩兒要不要一起去美國"}, {"comment_author": "maple0603", "comment_date": ["04/16", "09:55"], "comment_content": "浪費時間 看抱怨生活不會比較好"}, {"comment_author": "chocopoodle", "comment_date": ["04/16", "09:55"], "comment_content": "太長"}, {"comment_author": "Dinenger", "comment_date": ["04/16", "09:55"], "comment_content": "女孩兒說好窩 然後台男拼死拼活拿到了"}, {"comment_author": "Dinenger", "comment_date": ["04/16", "09:55"], "comment_content": "結果女孩兒不學英文 台男生氣 大概這樣"}, {"comment_author": "ianlin1216", "comment_date": ["04/16", "09:55"], "comment_content": "懶人包就是不要結婚"}, {"comment_author": "Dinenger", "comment_date": ["04/16", "09:56"], "comment_content": "台男認為 你答應就是要跟我一起打拼"}, {"comment_author": "ncc5566", "comment_date": ["04/16", "09:56"], "comment_content": "懶人包就是 愛惜生命 遠離嬯"}, {"comment_author": "Dinenger", "comment_date": ["04/16", "09:56"], "comment_content": "殊不知台女以為跟在台灣一樣就好"}, {"comment_author": "Dinenger", "comment_date": ["04/16", "09:56"], "comment_content": "躺著老公會把薪水給窩 還有台男待業中"}, {"comment_author": "leophior", "comment_date": ["04/16", "09:56"], "comment_content": "股版比媳婦版刺激多了"}, {"comment_author": "buke", "comment_date": ["04/16", "09:56"], "comment_content": "單身最棒 結案"}, {"comment_author": "Dinenger", "comment_date": ["04/16", "09:57"], "comment_content": "人家美國太太 都嘛在享受的 哪有打拼的"}, {"comment_author": "Dinenger", "comment_date": ["04/16", "09:57"], "comment_content": "只能說 這是雙方價值觀認知差異"}, {"comment_author": "jacket664", "comment_date": ["04/16", "10:06"], "comment_content": "問就是離"}, {"comment_author": "arnold3", "comment_date": ["04/16", "10:14"], "comment_content": "不就男的沒錢而已"}, {"comment_author": "SinPerson", "comment_date": ["04/16", "10:37"], "comment_content": "麥塊玩家與森友會玩家的爭執"}, {"comment_author": "vowpool", "comment_date": ["04/16", "10:38"], "comment_content": "樓上形容很貼切"}, {"comment_author": "z900215ro", "comment_date": ["04/16", "10:39"], "comment_content": "台男悲歌 一跌倒就是妻離子散 可憐吶"}, {"comment_author": "SinPerson", "comment_date": ["04/16", "10:41"], "comment_content": "那形容是拾人牙慧，原文出自婚姻版的回"}, {"comment_author": "SinPerson", "comment_date": ["04/16", "10:41"], "comment_content": "文"}, {"comment_author": "chenweichih", "comment_date": ["04/16", "10:46"], "comment_content": "兩篇文章而已還要懶人包 你真的夠懶"}]}
