{"author": "dinolau (sun)", "category": "Gossiping", "title": "[問卦] 餐廳沒收訂金是否需開發票", "date": "Sat Apr 13 06:03:46 2024", "content": ["前往餐廳前訂位5人，實到4人，餐廳規定之訂位規則如下- 如未能於用餐日的兩天 以前（不含用餐當日 ） 完成人數異動而現場有減少用餐 人數，減少的人數即為 no show，本店有權收取 no show 每人【1000 元】之食材保留費.當日消費之總金額為6千多元，店家表示no show收取之1000元無法折抵費用，請問no show收取這1000元是否當場需要開立發票？--"], "post_comment": [{"comment_author": "htc314", "comment_date": ["04/13", "06:06"], "comment_content": "有收就要開發票"}, {"comment_author": "MrSherlock", "comment_date": ["04/13", "06:07"], "comment_content": "一人1500，訂金就要收1000喔？"}, {"comment_author": "gx8759121", "comment_date": ["04/13", "06:07"], "comment_content": "google就有的東西"}, {"comment_author": "jonestem", "comment_date": ["04/13", "06:08"], "comment_content": "有收入就要開，沒開就檢舉吧"}, {"comment_author": "a27588679", "comment_date": ["04/13", "06:15"], "comment_content": "要啊"}, {"comment_author": "dinolau", "comment_date": ["04/13", "06:17"], "comment_content": "謝謝各位回答"}, {"comment_author": "Zzen", "comment_date": ["04/13", "06:17"], "comment_content": "要"}]}
