{"author": "ansfan (piggymama)", "category": "Gossiping", "title": "[問卦] 統神連道歉還嬉皮笑臉的？", "date": "Mon Apr 15 20:23:39 2024", "content": ["看了新聞影片統神早上出來道歉嬉皮笑臉 搖頭晃腦看不出來有什麼悔意還不是為了錢才出來道歉這種公眾人物還有粉絲會認同他的言論細思極恐啊有沒有卦--"], "post_comment": [{"comment_author": "aa9012", "comment_date": ["04/15", "20:24"], "comment_content": "道歉了還想怎樣"}, {"comment_author": "jinx5566", "comment_date": ["04/15", "20:24"], "comment_content": "電動圈出來的你是要期待什麼啦"}, {"comment_author": "hyperdunk", "comment_date": ["04/15", "20:25"], "comment_content": "你誰啊你 管好你自己 哩五嘆吉某"}, {"comment_author": "brianuser", "comment_date": ["04/15", "20:25"], "comment_content": "本來就為了錢不然嘻嘻如果廠商加碼代言"}, {"comment_author": "brianuser", "comment_date": ["04/15", "20:25"], "comment_content": "他一定還能講些更勁爆的言論"}, {"comment_author": "brella", "comment_date": ["04/15", "20:25"], "comment_content": "沒有羞恥心大概就是這樣"}, {"comment_author": "milk7054", "comment_date": ["04/15", "20:27"], "comment_content": "被民進黨同化"}, {"comment_author": "pipiispipi", "comment_date": ["04/15", "20:27"], "comment_content": "跟民進黨一樣"}, {"comment_author": "mikasamikoto", "comment_date": ["04/15", "20:29"], "comment_content": "講的他好像強姦女生一樣"}, {"comment_author": "jerrylin", "comment_date": ["04/15", "20:31"], "comment_content": "他實際上沒有要道歉啊"}, {"comment_author": "ATTW", "comment_date": ["04/15", "20:34"], "comment_content": "嚴重影響生活 讓你看得出來不得不配合道歉"}, {"comment_author": "shiaohan1128", "comment_date": ["04/15", "20:59"], "comment_content": "算了啦！他那麼肥，不知道哪天會不"}, {"comment_author": "shiaohan1128", "comment_date": ["04/15", "21:00"], "comment_content": "會忽然就走了"}, {"comment_author": "globeMIX", "comment_date": ["04/15", "21:20"], "comment_content": "八卦會挺就好"}]}
