{"author": "peacemetta (一期一會)", "category": "Gossiping", "title": "[問卦] 假設世界大戰要存什麼股最好？", "date": "Sun Apr 14 08:21:26 2024", "content": ["雖然機會很低而且希望世界和平最好但如果有個萬一出現世界大戰要存什麼股最好最有增值空間？目前看起來中華電信應該是最穩定的標的？上下起伏都不會太大？還是如果連中華電都不行的話是不是放定存更安全？--"], "post_comment": [{"comment_author": "q34355997", "comment_date": ["04/14", "08:22"], "comment_content": "買槍不要買股 有武力才有保障"}, {"comment_author": "diabolica", "comment_date": ["04/14", "08:22"], "comment_content": "銀河系股"}, {"comment_author": "DevilEnvy", "comment_date": ["04/14", "08:22"], "comment_content": "黃金啦"}, {"comment_author": "pal1231", "comment_date": ["04/14", "08:22"], "comment_content": "先撿瓶蓋"}, {"comment_author": "victorly", "comment_date": ["04/14", "08:22"], "comment_content": "綠能"}, {"comment_author": "spectator1", "comment_date": ["04/14", "08:23"], "comment_content": "可樂"}, {"comment_author": "ianlin1216", "comment_date": ["04/14", "08:23"], "comment_content": "當然是最頂的雲豹"}, {"comment_author": "scum5566", "comment_date": ["04/14", "08:24"], "comment_content": "高端 雲豹 有台灣價值的啦 還要我教"}, {"comment_author": "OGC168", "comment_date": ["04/14", "08:24"], "comment_content": "阿姐鼓"}, {"comment_author": "jokem", "comment_date": ["04/14", "08:24"], "comment_content": "雲豹"}, {"comment_author": "sactor", "comment_date": ["04/14", "08:25"], "comment_content": "物資 貴金屬了，還在存股"}, {"comment_author": "chu", "comment_date": ["04/14", "08:25"], "comment_content": "現金 空手看戲，期待之後撿鑽石"}, {"comment_author": "andy79323", "comment_date": ["04/14", "08:26"], "comment_content": "黃金"}, {"comment_author": "ilove640", "comment_date": ["04/14", "08:28"], "comment_content": "還什麼股 拿錢換金條啦"}, {"comment_author": "start0917", "comment_date": ["04/14", "08:29"], "comment_content": "買房子啊 某版理論"}, {"comment_author": "redsgm", "comment_date": ["04/14", "08:30"], "comment_content": "存到我的帳戶最好捏"}, {"comment_author": "coffee112", "comment_date": ["04/14", "08:30"], "comment_content": "一個長輩說都買美債 孫子會感謝他的"}, {"comment_author": "MJdavid", "comment_date": ["04/14", "08:41"], "comment_content": "先保住你的屁股"}, {"comment_author": "DenTsou", "comment_date": ["04/14", "08:41"], "comment_content": "絕對是黃金"}, {"comment_author": "silentdriver", "comment_date": ["04/14", "09:00"], "comment_content": "人民幣"}, {"comment_author": "MrSherlock", "comment_date": ["04/14", "09:01"], "comment_content": "黃金現在買也來不及了，超貴"}, {"comment_author": "jim272272", "comment_date": ["04/14", "09:15"], "comment_content": "GG啊骨版唯一選擇"}, {"comment_author": "fhill12", "comment_date": ["04/14", "09:17"], "comment_content": "黃金"}]}
