{"author": "gn01982667 (冬瓜茶)", "category": "Gossiping", "title": "[問卦] 房子車子爸媽都幫你準備好了是什麼感覺", "date": "Sat Apr 13 11:56:19 2024", "content": ["是這樣的我的一個同學 前一陣子結婚最近搬出去住了  我們去他家串門子是一間看起來很新的透天門口還停一台轎車透露說 這都是他爸幫他準備的無貸款  都繳清了突然想到學生時他說 學校旁邊房子一排都他阿嬤的 出租給學生那時還沒想什麼現在想想學會投資 真的不如會投胎--"], "post_comment": [{"comment_author": "k385476916", "comment_date": ["04/13", "11:56"], "comment_content": "投胎沒投錯的感覺"}, {"comment_author": "bandongo", "comment_date": ["04/13", "11:57"], "comment_content": "首抽金卡"}, {"comment_author": "Aniki5566", "comment_date": ["04/13", "11:57"], "comment_content": "我不知道…."}, {"comment_author": "kairi5217", "comment_date": ["04/13", "11:57"], "comment_content": "是啊 我有位同學就是高雄陳家的 真的"}, {"comment_author": "kairi5217", "comment_date": ["04/13", "11:57"], "comment_content": "好羨慕他"}, {"comment_author": "mopepe5566", "comment_date": ["04/13", "11:58"], "comment_content": "無感，我全拒絕，靠自己"}, {"comment_author": "heavensun", "comment_date": ["04/13", "11:58"], "comment_content": "豪門  妻子也幫你準備好惹"}, {"comment_author": "lipstick", "comment_date": ["04/13", "12:00"], "comment_content": "全拒絕 像被暴雷一樣 完全沒體驗"}, {"comment_author": "gem810611", "comment_date": ["04/13", "12:00"], "comment_content": "等我首抽刷到再來分享"}, {"comment_author": "tmgl", "comment_date": ["04/13", "12:01"], "comment_content": "房子沒問題 車子怕老人款"}, {"comment_author": "neilisme", "comment_date": ["04/13", "12:02"], "comment_content": "沒啥感覺 自己賺得更多 沒有有其實沒差"}, {"comment_author": "R3hab", "comment_date": ["04/13", "12:03"], "comment_content": ""}, {"comment_author": "brian060587", "comment_date": ["04/13", "12:03"], "comment_content": "還好吧 很多人都是不是嗎"}, {"comment_author": "taot917", "comment_date": ["04/13", "12:04"], "comment_content": "很多利用父母給的資源賺錢，還以為白手起"}, {"comment_author": "R3hab", "comment_date": ["04/13", "12:04"], "comment_content": ""}, {"comment_author": "chocopoodle", "comment_date": ["04/13", "12:05"], "comment_content": "輕鬆一點的感覺"}, {"comment_author": "degneva", "comment_date": ["04/13", "12:05"], "comment_content": "人生online 簡單模式"}, {"comment_author": "chocopoodle", "comment_date": ["04/13", "12:05"], "comment_content": "我老公現在就躺平 班也不上"}, {"comment_author": "TKjoe619", "comment_date": ["04/13", "12:06"], "comment_content": "你人生的起點就是你同學的終點的感覺"}, {"comment_author": "chocopoodle", "comment_date": ["04/13", "12:07"], "comment_content": "沒有房車貸我的薪水就夠養家"}, {"comment_author": "j900414", "comment_date": ["04/13", "12:10"], "comment_content": "以現在房價來說只有爽而已"}, {"comment_author": "rLks02", "comment_date": ["04/13", "12:11"], "comment_content": "你如果之前都看不出來你朋友的背景 那也是"}, {"comment_author": "rLks02", "comment_date": ["04/13", "12:11"], "comment_content": "他爸媽教的好"}, {"comment_author": "keyboking", "comment_date": ["04/13", "12:14"], "comment_content": "被情勒一輩子的感覺"}, {"comment_author": "wolve", "comment_date": ["04/13", "12:14"], "comment_content": "羨慕 真的羨慕"}, {"comment_author": "SALEENS7LM", "comment_date": ["04/13", "12:15"], "comment_content": "怎麼沒把72個超正大奶JC都準備好"}, {"comment_author": "t4lin", "comment_date": ["04/13", "12:16"], "comment_content": "出生即領人生大禮包"}, {"comment_author": "MichaelRedd", "comment_date": ["04/13", "12:50"], "comment_content": "出生在終點線的爽感"}, {"comment_author": "gopath", "comment_date": ["04/13", "13:17"], "comment_content": "財富自由的感覺"}, {"comment_author": "ssabjm", "comment_date": ["04/13", "13:28"], "comment_content": "上班真的就只是打發時間而已"}, {"comment_author": "david83126", "comment_date": ["04/13", "14:32"], "comment_content": "每天起床都晨勃沒煩惱"}, {"comment_author": "sivachow", "comment_date": ["04/13", "15:51"], "comment_content": "人生勝利組？"}, {"comment_author": "cchua", "comment_date": ["04/13", "20:49"], "comment_content": "家裡不缺錢的其實一大堆 都這樣過的呀 生"}, {"comment_author": "cchua", "comment_date": ["04/13", "20:49"], "comment_content": "三個沒煩惱"}]}
