{"author": "Jimmy030489 (原來暱稱在這邊改= =)", "category": "Gossiping", "title": "[問卦] 台北按摩要去哪按摩  0.0？", "date": "Sun Apr 14 16:35:18 2024", "content": ["小妹剛在看穴界風雲覺得肩胛骨跟、肩膀長久以來僵硬酸痛想說可以給按看看小妹只知道北車地下街有幾家盲人按摩那邊推薦ㄇ？還是有其他地方更好 0.0？--"], "post_comment": [{"comment_author": "Roooz", "comment_date": ["04/14", "16:35"], "comment_content": "我家"}, {"comment_author": "DiMammaMia", "comment_date": ["04/14", "16:35"], "comment_content": "樓下都去哪裡找男友"}, {"comment_author": "c24253994", "comment_date": ["04/14", "16:36"], "comment_content": "五樓情慾按摩大師"}, {"comment_author": "thegreatlcx", "comment_date": ["04/14", "16:37"], "comment_content": "蓋"}, {"comment_author": "LinuxTsai", "comment_date": ["04/14", "16:38"], "comment_content": "五樓幫猛男情慾按摩"}, {"comment_author": "key555102", "comment_date": ["04/14", "16:38"], "comment_content": "林森北"}, {"comment_author": "www115ui8", "comment_date": ["04/14", "16:39"], "comment_content": "228公園專人服務"}, {"comment_author": "laugh8562", "comment_date": ["04/14", "16:40"], "comment_content": "去林森北按一按順便噴射"}, {"comment_author": "maxman77", "comment_date": ["04/14", "16:42"], "comment_content": "當然去最貴服務最好的 絕頂升天"}, {"comment_author": "Oeagrus", "comment_date": ["04/14", "16:52"], "comment_content": "五樓金胎哥"}, {"comment_author": "butmyass", "comment_date": ["04/14", "16:57"], "comment_content": "中山國小捷運附近有個4.5K 1H的按得很好"}, {"comment_author": "wate5566", "comment_date": ["04/14", "17:10"], "comment_content": "五木阿"}, {"comment_author": "Paravion", "comment_date": ["04/14", "17:26"], "comment_content": "正規的好像也在林森北那一帶"}, {"comment_author": "i1210", "comment_date": ["04/14", "18:59"], "comment_content": "按摩椅一萬多"}]}
