{"author": "jrxcombine (浪人中.....)", "category": "Gossiping", "title": "[問卦] 有沒有查時刻表很困難的八卦？", "date": "Sun Apr 14 13:39:14 2024", "content": ["假日來二水拍個花旗木，結果一直有人來問火車什麼時候來，都拿智慧型手機了google一下會很難嘛？用手按會累也有語音輸入不是？有沒有查個時刻表好像會動搖國本的八卦？--"], "post_comment": [{"comment_author": "YLTYY", "comment_date": ["04/14", "13:41"], "comment_content": "老人：我不會 你幫我"}, {"comment_author": "snow3804", "comment_date": ["04/14", "13:41"], "comment_content": "你怎麼不查好告訴人家"}, {"comment_author": "nutrino", "comment_date": ["04/14", "13:41"], "comment_content": "如果是小站的話 有些快車是真的沒辦法查"}, {"comment_author": "a91153456", "comment_date": ["04/14", "13:42"], "comment_content": "你都有時間發文了 就幫人家一下會怎樣"}, {"comment_author": "nutrino", "comment_date": ["04/14", "13:42"], "comment_content": "只能查附近的大站 然後推估經過的時間"}, {"comment_author": "SidMax", "comment_date": ["04/14", "13:42"], "comment_content": "查過了 我就問問 確認一下"}, {"comment_author": "winglight", "comment_date": ["04/14", "14:11"], "comment_content": "人家可能機器人過不了驗證碼那邊"}, {"comment_author": "doro0202", "comment_date": ["04/14", "15:11"], "comment_content": "也不用查啊，不是都有看板會寫"}]}
