{"author": "Bastille (巴士底)", "category": "Gossiping", "title": "[問卦] 一輩子不吹冷氣但可以跟最心愛女生在一起", "date": "Thu Apr 18 23:31:37 2024", "content": ["欸欸欸欸現在天氣熱成這樣不開冷氣根本活不下去想說如果哪天北極熊之神為了種族延續跟你交易 如果你這輩子不吹冷氣就算去有冷氣的地方也不會感覺涼就讓最喜歡的女生跟你在一起一輩子你願意交換條件嗎 求解--"], "post_comment": [{"comment_author": "chadmu", "comment_date": ["04/18", "23:31"], "comment_content": "好 我搬去跟北極熊一起住"}, {"comment_author": "DiMammaMia", "comment_date": ["04/18", "23:32"], "comment_content": "這樣女生會忍不住吧"}, {"comment_author": "jerrys0580", "comment_date": ["04/18", "23:32"], "comment_content": "最喜歡你的女生會說你臭 男生不會"}, {"comment_author": "wujet09100", "comment_date": ["04/18", "23:32"], "comment_content": "我沒開冷氣啊 我會跟北極熊說我要跟北"}, {"comment_author": "xzcb2008", "comment_date": ["04/18", "23:32"], "comment_content": "五樓可以=.="}, {"comment_author": "wujet09100", "comment_date": ["04/18", "23:32"], "comment_content": "七雄在一起"}, {"comment_author": "shauima", "comment_date": ["04/18", "23:32"], "comment_content": "女生會選擇冷氣，然後你沒的選"}, {"comment_author": "JoaoWang", "comment_date": ["04/18", "23:33"], "comment_content": "沒冷氣也沒女友怎解"}, {"comment_author": "kabukiada", "comment_date": ["04/18", "23:33"], "comment_content": "不要，我愛冷氣"}, {"comment_author": "s75830", "comment_date": ["04/18", "23:33"], "comment_content": "不忍噓，通常這樣問的都是沒交過女朋友"}, {"comment_author": "scores", "comment_date": ["04/18", "23:34"], "comment_content": "可以啊 有電扇"}, {"comment_author": "mutsutakato", "comment_date": ["04/18", "23:34"], "comment_content": "才付出這麼一點代價就想跟最愛的女"}, {"comment_author": "mutsutakato", "comment_date": ["04/18", "23:34"], "comment_content": "生在一起喔？"}, {"comment_author": "scores", "comment_date": ["04/18", "23:35"], "comment_content": "跟最愛女孩子大汗淋漓的做愛 超爽"}, {"comment_author": "mutsutakato", "comment_date": ["04/18", "23:37"], "comment_content": "如果你的方式是每天到工地搬100包水"}, {"comment_author": "mutsutakato", "comment_date": ["04/18", "23:37"], "comment_content": "泥然後可以跟最心愛的女生在一起這"}, {"comment_author": "mutsutakato", "comment_date": ["04/18", "23:37"], "comment_content": "種誓言我還覺得你有點誠意，一輩子"}, {"comment_author": "mutsutakato", "comment_date": ["04/18", "23:37"], "comment_content": "不吹冷氣算三小啦"}, {"comment_author": "mutsutakato", "comment_date": ["04/18", "23:38"], "comment_content": "而且水泥要40公斤以上喔，別想蒙混"}, {"comment_author": "mutsutakato", "comment_date": ["04/18", "23:38"], "comment_content": "過關"}, {"comment_author": "JiangDong", "comment_date": ["04/18", "23:40"], "comment_content": "真實人生根本不存在所謂最心愛的女生，"}, {"comment_author": "JiangDong", "comment_date": ["04/18", "23:40"], "comment_content": "還可以一輩子都不會膩的，我是不相信這"}, {"comment_author": "JiangDong", "comment_date": ["04/18", "23:40"], "comment_content": "年代還有這回事"}, {"comment_author": "nonatazaka", "comment_date": ["04/19", "00:32"], "comment_content": "吹電扇不就好了"}, {"comment_author": "Kaderia", "comment_date": ["04/19", "07:32"], "comment_content": "北極熊之神自己都自身難保了，拜託"}, {"comment_author": "Kaderia", "comment_date": ["04/19", "07:33"], "comment_content": "一百包水泥比一輩子不吹冷氣容易多了"}]}
