{"author": "mikasamikoto ()", "category": "Gossiping", "title": "[問卦]為什麼遊牧民族那麼猛", "date": "Fri Apr 19 00:19:37 2024", "content": ["如題，以前古代被中國幹爆的匈奴人跟突厥人跑到中東以後把中東人當菜雞虐，匈奴還打到歐洲去了，突厥人還把波斯帝國當狗打，突厥人還直接把一堆中東人同化洗腦了，蒙古帝國也直接把中東西亞的人都殺光，古代俄羅斯也被打爆中國古代人口那麼多也是常常被遊牧民族殺爆有沒有古代遊牧民族為啥那麼強的八卦？--"], "post_comment": [{"comment_author": "arnold3", "comment_date": ["04/19", "00:20"], "comment_content": "不猛的很快就死了"}, {"comment_author": "OPPAISuki", "comment_date": ["04/19", "00:20"], "comment_content": "野蠻無腦 所以現在很爛"}, {"comment_author": "railman", "comment_date": ["04/19", "00:20"], "comment_content": "騎兵強"}, {"comment_author": "OPPAISuki", "comment_date": ["04/19", "00:21"], "comment_content": "因為北方資源少 太冷沒食物 只能靠搶的"}, {"comment_author": "b0d", "comment_date": ["04/19", "00:21"], "comment_content": "如果有來生，我願當獸人。"}, {"comment_author": "alen0303", "comment_date": ["04/19", "00:21"], "comment_content": "他們自己就超多部落在互鬥內卷"}, {"comment_author": "alen0303", "comment_date": ["04/19", "00:22"], "comment_content": "煉蠱煉出來後都超強"}, {"comment_author": "vwpassat", "comment_date": ["04/19", "00:22"], "comment_content": "機動力只是其中一部分，主要還是生活環"}, {"comment_author": "vwpassat", "comment_date": ["04/19", "00:23"], "comment_content": "境條件無限趨近於作戰環境條件！"}, {"comment_author": "xeins", "comment_date": ["04/19", "00:23"], "comment_content": "分工細膩且階級分明社會很容易內鬥 資源分"}, {"comment_author": "xeins", "comment_date": ["04/19", "00:23"], "comment_content": "配不均然後就突然輸給分工不明顯既是牧民又"}, {"comment_author": "xeins", "comment_date": ["04/19", "00:23"], "comment_content": "是騎兵且階級扁平的蠻族"}, {"comment_author": "sky568127", "comment_date": ["04/19", "00:24"], "comment_content": "平常生活就跟打仗差不多"}, {"comment_author": "xeins", "comment_date": ["04/19", "00:25"], "comment_content": "羅馬皇帝很多時候連禁軍都搞不定 何況哥德"}, {"comment_author": "xeins", "comment_date": ["04/19", "00:25"], "comment_content": "跟匈人"}, {"comment_author": "rwr", "comment_date": ["04/19", "00:32"], "comment_content": "剛好遇到遊戲版本加成"}, {"comment_author": "Ericz7000", "comment_date": ["04/19", "00:37"], "comment_content": "重點是不太需要後勤補給 敵人殺了之後"}, {"comment_author": "Ericz7000", "comment_date": ["04/19", "00:37"], "comment_content": "直接吃"}, {"comment_author": "TaiwanUp", "comment_date": ["04/19", "00:42"], "comment_content": "和氣候有關 匈人是避寒 蒙古是大豐收"}, {"comment_author": "MedEngineer", "comment_date": ["04/19", "01:46"], "comment_content": "北方民族從小孩開始就在訓練騎馬打"}, {"comment_author": "MedEngineer", "comment_date": ["04/19", "01:46"], "comment_content": "仗，長大後當然人人都是戰士，這是"}, {"comment_author": "MedEngineer", "comment_date": ["04/19", "01:47"], "comment_content": "南方經濟繁榮的民族做不到的"}, {"comment_author": "Hsu1025", "comment_date": ["04/19", "11:21"], "comment_content": "環境惡劣 不強活不下來 安居樂業的農業"}, {"comment_author": "Hsu1025", "comment_date": ["04/19", "11:21"], "comment_content": "國家當然打不過"}]}
