{"author": "kingfsg7326 (認 同 請 按 2 )", "category": "Gossiping", "title": "[問卦] 跟郭董合作的賴佩霞放棄美國籍？", "date": "Tue Apr 16 15:53:47 2024", "content": ["如題上一次跟郭董合作選舉的那個女的賴佩霞為了選舉放棄美國籍，還屌打綠卡結果連選都沒選直接退選這種操作直接浪費婚姻板台男搶破頭當美國人的機會是不是有點可憐？--", "婚姻板那個男的背景不會輸這女的吧"], "post_comment": [{"comment_author": "kent", "comment_date": ["04/16", "15:54"], "comment_content": "可以重新申請回復"}, {"comment_author": "StylishTrade", "comment_date": ["04/16", "15:54"], "comment_content": "他女兒有美國籍 哪有差"}, {"comment_author": "ppp123", "comment_date": ["04/16", "15:54"], "comment_content": "有錢人的政治遊戲 不用你擔心"}, {"comment_author": "blueskyqoo", "comment_date": ["04/16", "15:54"], "comment_content": "跟爸爸合作 賺爛"}, {"comment_author": "VVizZ", "comment_date": ["04/16", "15:54"], "comment_content": "美國籍有錢好說"}, {"comment_author": "cagepig", "comment_date": ["04/16", "15:55"], "comment_content": "她老公的背景.要再申請一次也不是太困難"}, {"comment_author": "kent", "comment_date": ["04/16", "15:55"], "comment_content": "親人有美國籍 她就可以申請綠卡"}, {"comment_author": "Violataf", "comment_date": ["04/16", "15:55"], "comment_content": "放棄美國籍vs搭上郭董這個人脈"}, {"comment_author": "hkcdc", "comment_date": ["04/16", "15:55"], "comment_content": "他家人在美國 沒差"}, {"comment_author": "VVizZ", "comment_date": ["04/16", "15:55"], "comment_content": "她高興拿觀光簽出入美國也無所謂"}, {"comment_author": "VVizZ", "comment_date": ["04/16", "15:56"], "comment_content": "打仗了再飛去辦綠卡"}, {"comment_author": "StylishTrade", "comment_date": ["04/16", "15:56"], "comment_content": "鍋懂兒子在美國有豪宅QQ"}, {"comment_author": "kent", "comment_date": ["04/16", "15:56"], "comment_content": "比較想知道蔡依珊申請放棄加拿大國籍結果"}, {"comment_author": "linchw", "comment_date": ["04/16", "15:56"], "comment_content": "這就是有錢人跟社畜的區別"}, {"comment_author": "StylishTrade", "comment_date": ["04/16", "15:56"], "comment_content": "你覺得他兒子有沒有身分呢XD"}, {"comment_author": "kevinken123", "comment_date": ["04/16", "15:56"], "comment_content": "沒差啊XDDDD 根本沒啥損失"}, {"comment_author": "linchw", "comment_date": ["04/16", "15:56"], "comment_content": "你追求一生的時候東西只是人家的起點"}, {"comment_author": "yiemu", "comment_date": ["04/16", "15:58"], "comment_content": "演戲而已看看就好"}, {"comment_author": "RRADA", "comment_date": ["04/16", "15:58"], "comment_content": "就算沒恢復用依親的也可以過去"}, {"comment_author": "LenardLee", "comment_date": ["04/16", "15:59"], "comment_content": "做人情給郭董賺更多"}, {"comment_author": "ringil", "comment_date": ["04/16", "15:59"], "comment_content": "可以搭上郭董的關係 什麼綠卡根本不重要"}, {"comment_author": "asdfqwer63", "comment_date": ["04/16", "16:07"], "comment_content": "綠卡在辦就有"}, {"comment_author": "kurapica1028", "comment_date": ["04/16", "16:08"], "comment_content": "宅宅替有錢人擔心是三小？"}, {"comment_author": "SkyShih", "comment_date": ["04/16", "16:10"], "comment_content": "這種女權嬯基本上都是自助餐，不可能放棄"}, {"comment_author": "SkyShih", "comment_date": ["04/16", "16:11"], "comment_content": "只變相放棄"}]}
