{"author": "alin0608 (阿林)", "category": "Gossiping", "title": "[問卦] 彰化爌肉飯是否過譽？", "date": "Thu Apr 18 15:04:24 2024", "content": ["乳題啦！最近去彰化吃了幾間很有名的在地爌肉飯，為啥吃起來感覺都很普通啊0.0反而是彰化炸肉圓是真的很神耶有迷有彰化爌肉飯很普的八卦？--Sent from nPTT on my iPhone 14 Pro Max--喔是喔真的假的5555555555--"], "post_comment": [{"comment_author": "AustinRivers", "comment_date": ["04/18", "15:05"], "comment_content": "肉圓很頂"}, {"comment_author": "twelvethflor", "comment_date": ["04/18", "15:05"], "comment_content": "嗯，你高興就好"}, {"comment_author": "abc9bitedi", "comment_date": ["04/18", "15:05"], "comment_content": "難吃到靠北"}, {"comment_author": "yoyodiy", "comment_date": ["04/18", "15:05"], "comment_content": "彰化有名的肉丸在斗六吧"}, {"comment_author": "Dcwei", "comment_date": ["04/18", "15:05"], "comment_content": "炸肉圓很棒"}, {"comment_author": "andylove0729", "comment_date": ["04/18", "15:05"], "comment_content": "確實過譽"}, {"comment_author": "luciffar", "comment_date": ["04/18", "15:05"], "comment_content": "北斗肉圓真的棒"}, {"comment_author": "ericthree", "comment_date": ["04/18", "15:06"], "comment_content": "彰化肉圓吧 麻糬也還不錯"}, {"comment_author": "js52666", "comment_date": ["04/18", "15:06"], "comment_content": "妹子比較讚"}, {"comment_author": "loveeve", "comment_date": ["04/18", "15:08"], "comment_content": "炸肉圓+龍骨隨湯 享受的小吃"}, {"comment_author": "johnson2726", "comment_date": ["04/18", "15:09"], "comment_content": "很多間二代接手味道就變了啦"}, {"comment_author": "loel1223", "comment_date": ["04/18", "15:10"], "comment_content": "彰化的店一開始很好吃，紅了遊客一多就"}, {"comment_author": "loel1223", "comment_date": ["04/18", "15:10"], "comment_content": "開始走味，每間都一樣"}, {"comment_author": "substitute", "comment_date": ["04/18", "15:15"], "comment_content": "都很好吃啊，阿三肉圓也讚讚"}, {"comment_author": "KuoJuiHsiao", "comment_date": ["04/18", "15:15"], "comment_content": "老實說，每一間真的沒有到好吃程度"}, {"comment_author": "KuoJuiHsiao", "comment_date": ["04/18", "15:15"], "comment_content": "。太浮誇了。"}, {"comment_author": "supahotfire", "comment_date": ["04/18", "15:18"], "comment_content": "真的過譽，臺中的才好吃"}, {"comment_author": "vilovej", "comment_date": ["04/18", "15:19"], "comment_content": "身為彰化人，真的覺得好吃的都不是網紅"}, {"comment_author": "vilovej", "comment_date": ["04/18", "15:19"], "comment_content": "介紹的那幾間XD"}, {"comment_author": "chanel1259", "comment_date": ["04/18", "15:24"], "comment_content": "台中第二市場，好吃到會死"}, {"comment_author": "op520", "comment_date": ["04/18", "15:24"], "comment_content": "難吃，別來"}, {"comment_author": "makimakimaki", "comment_date": ["04/18", "15:27"], "comment_content": "有一家王建民簽名的 要吃平日早上第"}, {"comment_author": "makimakimaki", "comment_date": ["04/18", "15:27"], "comment_content": "一鍋才好吃 後面出來的都不太行"}, {"comment_author": "Benetnasch", "comment_date": ["04/18", "15:30"], "comment_content": "好吃的都是宵夜場"}, {"comment_author": "VoV", "comment_date": ["04/18", "15:31"], "comment_content": "我覺得南投肉圓比較好吃"}, {"comment_author": "trysoloQ", "comment_date": ["04/18", "15:51"], "comment_content": "看彰化人排的那間控肉才准"}, {"comment_author": "majongson", "comment_date": ["04/18", "15:51"], "comment_content": "第二市場別鬧了，差彰化的十萬八千里"}, {"comment_author": "lineage20823", "comment_date": ["04/18", "15:52"], "comment_content": "彰化最愛的控肉飯晚上九點半才開"}, {"comment_author": "ccccccccccc", "comment_date": ["04/18", "15:53"], "comment_content": "但我覺得肉圓比較普"}, {"comment_author": "new71050", "comment_date": ["04/18", "16:01"], "comment_content": "彰化控肉飯一日遊"}, {"comment_author": "palapalanhu", "comment_date": ["04/18", "16:04"], "comment_content": "肉圓不好吃"}, {"comment_author": "huckebein12", "comment_date": ["04/18", "16:09"], "comment_content": "台灣只有連鎖店才能人多不走味啦"}, {"comment_author": "changmada", "comment_date": ["04/18", "16:14"], "comment_content": "的確 因為爌肉再好吃 天花板就在那邊"}, {"comment_author": "changmada", "comment_date": ["04/18", "16:15"], "comment_content": "對了我住彰化19年 幾乎都吃遍了"}, {"comment_author": "changmada", "comment_date": ["04/18", "16:16"], "comment_content": "炸肉圓算是有特色 有幾家外地沒有的味"}, {"comment_author": "changmada", "comment_date": ["04/18", "16:16"], "comment_content": "道"}, {"comment_author": "changmada", "comment_date": ["04/18", "16:18"], "comment_content": "玉華珍甜麻糬 還有不二家新口味蛋黃酥"}, {"comment_author": "changmada", "comment_date": ["04/18", "16:18"], "comment_content": ":"}, {"comment_author": "changmada", "comment_date": ["04/18", "16:18"], "comment_content": "永樂街肉包明 這幾個比爌肉更有價值"}, {"comment_author": "changmada", "comment_date": ["04/18", "16:19"], "comment_content": "彰女附近有家泰式料理餐廳比瓦城更好"}, {"comment_author": "changmada", "comment_date": ["04/18", "16:19"], "comment_content": "吃"}, {"comment_author": "goodboy98", "comment_date": ["04/18", "16:37"], "comment_content": "不要去縣政府"}, {"comment_author": "kbgarnett", "comment_date": ["04/18", "16:41"], "comment_content": "夜市控肉飯歇業了"}, {"comment_author": "ayazard", "comment_date": ["04/18", "16:55"], "comment_content": "跟牛肉湯一樣"}, {"comment_author": "sucker", "comment_date": ["04/18", "20:07"], "comment_content": "太甜"}, {"comment_author": "joanrey", "comment_date": ["04/18", "22:27"], "comment_content": "斗六在雲林吧"}]}
