{"author": "aaa1124078 (Bang Bang)", "category": "Gossiping", "title": "[問卦] 倒在對方懷裡哭要幫忙她檢舉性騷嗎？", "date": "Sun Apr 14 16:15:40 2024", "content": ["如標題如果看到一個結過婚的女孩子倒在一個已婚男子的懷裡哭哭男子還給她秀秀要幫忙她檢舉男生對她性騷擾嗎？有沒有會這樣檢舉會成功的八卦？--"], "post_comment": [{"comment_author": "hek2", "comment_date": ["04/14", "16:16"], "comment_content": "雙標餅哭哭"}, {"comment_author": "tmgl", "comment_date": ["04/14", "16:16"], "comment_content": "性騷可以代位檢舉嗎"}, {"comment_author": "Warnerting", "comment_date": ["04/14", "16:17"], "comment_content": "搞政治迫害她的黨才一堆性騷擾的"}, {"comment_author": "signm", "comment_date": ["04/14", "16:18"], "comment_content": "與病毒共存"}, {"comment_author": "ivanos", "comment_date": ["04/14", "16:18"], "comment_content": "除非人妻趁機偷摸蛋蛋"}, {"comment_author": "qber", "comment_date": ["04/14", "16:19"], "comment_content": ""}, {"comment_author": "kyosukeakiba", "comment_date": ["04/14", "16:19"], "comment_content": "想哭就到我懷裡哭～"}, {"comment_author": "Dcwei", "comment_date": ["04/14", "16:21"], "comment_content": "奶應該有靠到"}, {"comment_author": "kent00216", "comment_date": ["04/14", "16:25"], "comment_content": "後面偷笑"}, {"comment_author": "sai0613", "comment_date": ["04/14", "16:37"], "comment_content": "傅才是被騷擾的那個吧"}, {"comment_author": "cukesdubie", "comment_date": ["04/14", "17:01"], "comment_content": "應該會成功，我說男生"}, {"comment_author": "othen", "comment_date": ["04/14", "17:22"], "comment_content": "高清影片外流"}]}
