{"author": "huabandd (我是阿肥巴你頭)", "category": "Gossiping", "title": "[問卦] 欸！婚姻板是不是沒戲唱了？", "date": "Tue Apr 16 13:17:40 2024", "content": ["板主出來禁止回系列文了有個勇者真的超好笑，硬硬要回", "判決也出來了，六十天水桶", "也太可惜了吧？難得這麼高人氣也不知道再來是什麼時候爸媽都要變爺奶了，未來可能都夯金孫板還以為會看到大事件，就這樣結束了婚姻版人氣就到此結束了嗎？--", "我知道啊，我被桶過啊XD", "八卦好久沒有系列文了吧？", "還是太年輕了啊哈哈哈", "不能這麼說，也可能以前的比較閒", "沒有叫你認真看，重點在於血流成河我一篇文都沒有看", "有人建議轉男女板，要是轉過去我會笑死到處開戰血流成河", "好久沒有這樣的大事件了就這樣沒了有夠可惜", "哇靠你超猛欸，我以為10年是最高還是你是兩個10年，第一個熬過了"], "post_comment": [{"comment_author": "MrBing", "comment_date": ["04/16", "13:18"], "comment_content": "失業中年什麼沒有 美國時間最多"}, {"comment_author": "ptt987654321", "comment_date": ["04/16", "13:18"], "comment_content": "無聊 每次有趴體 不知道在禁什麼"}, {"comment_author": "nacy204327", "comment_date": ["04/16", "13:18"], "comment_content": "才60天 小朋友哦 沒看過桶十年的"}, {"comment_author": "ymib", "comment_date": ["04/16", "13:18"], "comment_content": "來八卦繼續吵，這裡可是男人主場"}, {"comment_author": "tmgl", "comment_date": ["04/16", "13:19"], "comment_content": "不能嘴女人的版 無聊"}, {"comment_author": "abyssa1", "comment_date": ["04/16", "13:19"], "comment_content": "媳婦版過幾年可能要變婆婆版了"}, {"comment_author": "nacy204327", "comment_date": ["04/16", "13:19"], "comment_content": "靠北登入次數我才是小朋友"}, {"comment_author": "OomaybeoO", "comment_date": ["04/16", "13:19"], "comment_content": "PTT也快到頭了 以前滑廢文滑不完 現在"}, {"comment_author": "Lailungsheng", "comment_date": ["04/16", "13:20"], "comment_content": "有辱斯文XD"}, {"comment_author": "OomaybeoO", "comment_date": ["04/16", "13:20"], "comment_content": "花沒多少時間就滑到昨天的廢文去了"}, {"comment_author": "AllenHuang", "comment_date": ["04/16", "13:20"], "comment_content": "來八卦板繼續吵"}, {"comment_author": "ptt987654321", "comment_date": ["04/16", "13:21"], "comment_content": "婚姻點由板主主觀判定 笑死了"}, {"comment_author": "xwindy88", "comment_date": ["04/16", "13:21"], "comment_content": "美國失業是不是有救助金可以領？"}, {"comment_author": "skullno2", "comment_date": ["04/16", "13:21"], "comment_content": "看來是男的吵贏"}, {"comment_author": "b54102", "comment_date": ["04/16", "13:22"], "comment_content": "現在版主素質比較差 以前的都超抗壓"}, {"comment_author": "KSHLO", "comment_date": ["04/16", "13:22"], "comment_content": "家務事上公開版吵 很明顯缺乏溝通..."}, {"comment_author": "s12108478", "comment_date": ["04/16", "13:23"], "comment_content": "沒綠卡也有救濟金嗎？不是只能領物資？"}, {"comment_author": "iphone55566", "comment_date": ["04/16", "13:23"], "comment_content": "不知道事主再發其他事件 有沒有用"}, {"comment_author": "KSHLO", "comment_date": ["04/16", "13:23"], "comment_content": "那個版看久真的負面又同溫層厚"}, {"comment_author": "nikewang", "comment_date": ["04/16", "13:23"], "comment_content": "母豬板"}, {"comment_author": "max60209", "comment_date": ["04/16", "13:23"], "comment_content": "他有你沒有的那個美國時間喔"}, {"comment_author": "oops66", "comment_date": ["04/16", "13:23"], "comment_content": "好可惜 沒爆米花吃了 快點繼續啊!!"}, {"comment_author": "Kelvinchen", "comment_date": ["04/16", "13:24"], "comment_content": "下次開大趴體可能變婆婆版時候"}, {"comment_author": "elzohar", "comment_date": ["04/16", "13:24"], "comment_content": "沒跟這波  所以又是雜草四處大小便了嗎"}, {"comment_author": "CMPunk", "comment_date": ["04/16", "13:25"], "comment_content": "叫男方過來八卦戰啊 窩在婚姻版幹嘛"}, {"comment_author": "yumika", "comment_date": ["04/16", "13:25"], "comment_content": "人家失業但是家裡有錢阿"}, {"comment_author": "CPULE", "comment_date": ["04/16", "13:25"], "comment_content": "看個幾篇就沒興趣了 女的公主病 男的情緒"}, {"comment_author": "CPULE", "comment_date": ["04/16", "13:25"], "comment_content": "管控不佳"}, {"comment_author": "KSHLO", "comment_date": ["04/16", "13:25"], "comment_content": "懶人包:男的綠卡夢 也算很拚了"}, {"comment_author": "KSHLO", "comment_date": ["04/16", "13:26"], "comment_content": "女的覺得自己適應不良 被看輕(?)"}, {"comment_author": "KSHLO", "comment_date": ["04/16", "13:26"], "comment_content": "剩下就是老梗吵架勸離不勸和 版主自由心證"}, {"comment_author": "KSHLO", "comment_date": ["04/16", "13:26"], "comment_content": "不過男的也有情緒問題 大概壓力太大"}, {"comment_author": "Mandara", "comment_date": ["04/16", "13:27"], "comment_content": "吵輸禁回  XD   笑死"}, {"comment_author": "SSglamr", "comment_date": ["04/16", "13:28"], "comment_content": "有機會前二名說 股板崩潰完下午人氣就低"}, {"comment_author": "Violataf", "comment_date": ["04/16", "13:30"], "comment_content": "超級屌 一整頁都是同一篇文"}, {"comment_author": "Violataf", "comment_date": ["04/16", "13:30"], "comment_content": ""}, {"comment_author": "yesyesyesyes", "comment_date": ["04/16", "13:31"], "comment_content": "媳婦版真的不意外"}, {"comment_author": "k591", "comment_date": ["04/16", "13:32"], "comment_content": "噢 我在爪版被捅20年"}, {"comment_author": "wwl0909", "comment_date": ["04/16", "13:32"], "comment_content": "印象中婚姻板超過一個熱度都會禁止回文"}, {"comment_author": "undeadmask", "comment_date": ["04/16", "13:33"], "comment_content": "失業有時間上網筆戰 還不如上街打野"}, {"comment_author": "undeadmask", "comment_date": ["04/16", "13:33"], "comment_content": "多要點飯"}, {"comment_author": "KSHLO", "comment_date": ["04/16", "13:35"], "comment_content": "禁止回文就鴕鳥阿 也怕記者亂抄"}, {"comment_author": "shellback", "comment_date": ["04/16", "13:36"], "comment_content": "PTT一些版都有這奇怪規矩 討論太熱烈"}, {"comment_author": "tcypost", "comment_date": ["04/16", "13:36"], "comment_content": "婚姻版真的很好看，很不可思議！"}, {"comment_author": "turndown4wat", "comment_date": ["04/16", "13:36"], "comment_content": "有辱斯文什麼意思?"}, {"comment_author": "shellback", "comment_date": ["04/16", "13:36"], "comment_content": "要停止討論"}, {"comment_author": "EfiwymsiAros", "comment_date": ["04/16", "13:36"], "comment_content": "版主出來灑地啦"}, {"comment_author": "tcypost", "comment_date": ["04/16", "13:37"], "comment_content": "看完文章常會覺得這兩人幹嘛結婚啊？"}, {"comment_author": "takamiku", "comment_date": ["04/16", "13:38"], "comment_content": "才60喔 我在棒球版都180 棒球季才半"}, {"comment_author": "bigpan", "comment_date": ["04/16", "13:38"], "comment_content": "回鬼島當奴 離一離吧 哈哈哈"}, {"comment_author": "takamiku", "comment_date": ["04/16", "13:38"], "comment_content": "年 我搞的像球員進傷兵名單一年不能出賽"}, {"comment_author": "yiersan", "comment_date": ["04/16", "13:38"], "comment_content": "這些版主真的亂搞"}, {"comment_author": "Alphaplus", "comment_date": ["04/16", "13:40"], "comment_content": "版主也不想想婚姻板不討論婚姻要去哪裡"}, {"comment_author": "xup654z", "comment_date": ["04/16", "13:40"], "comment_content": "笑死,棒球版嘴個政治不正確就被桶3年"}, {"comment_author": "Alphaplus", "comment_date": ["04/16", "13:40"], "comment_content": "討論，Dcard嗎? 身在曹營心在漢?"}, {"comment_author": "keirto", "comment_date": ["04/16", "13:40"], "comment_content": "美國時間真的多"}, {"comment_author": "xup654z", "comment_date": ["04/16", "13:41"], "comment_content": "武肺, 軍武, 高雄, 棒球這幾個一言堂,沒"}, {"comment_author": "xup654z", "comment_date": ["04/16", "13:41"], "comment_content": "去過?"}, {"comment_author": "turndown4wat", "comment_date": ["04/16", "13:42"], "comment_content": "轉來八卦板討論有搞頭嗎"}, {"comment_author": "idlewolf", "comment_date": ["04/16", "13:42"], "comment_content": "問就是離婚 沒錢離剛好 有錢更要離"}, {"comment_author": "aqsss", "comment_date": ["04/16", "13:47"], "comment_content": "太自由"}, {"comment_author": "dcqip", "comment_date": ["04/16", "13:56"], "comment_content": "有辱斯文XD 我笑死 哈哈哈哈哈"}, {"comment_author": "rq654", "comment_date": ["04/16", "14:02"], "comment_content": "那個板的規定就是這樣 同系列太多篇就禁了"}, {"comment_author": "SolomonTab", "comment_date": ["04/16", "14:04"], "comment_content": "有辱斯文XD"}, {"comment_author": "kairx772", "comment_date": ["04/16", "14:08"], "comment_content": "ptt真的走向死亡了 社群時代還嫌流量高"}, {"comment_author": "a85201207", "comment_date": ["04/16", "14:15"], "comment_content": "有辱斯文是什麼意思 我沒唸書也想笑阿"}, {"comment_author": "f051372", "comment_date": ["04/16", "14:20"], "comment_content": "60天又沒差 一堆單身狗平常又不看婚板"}, {"comment_author": "cheng399", "comment_date": ["04/16", "14:52"], "comment_content": "ptt 廢很久了"}, {"comment_author": "twofm", "comment_date": ["04/16", "14:55"], "comment_content": "有懶人包嗎"}, {"comment_author": "john668", "comment_date": ["04/16", "15:09"], "comment_content": "不知道在禁啥 貞的難得有人氣"}, {"comment_author": "nrxadsl", "comment_date": ["04/16", "16:10"], "comment_content": "他那發文真的匪夷所思"}, {"comment_author": "zzd", "comment_date": ["04/16", "18:52"], "comment_content": "我被桶過期限是陳金鋒上大聯盟 真不知道版主"}, {"comment_author": "zzd", "comment_date": ["04/16", "18:52"], "comment_content": "是在酸我還是酸陳金鋒"}, {"comment_author": "YuErYie", "comment_date": ["04/16", "19:22"], "comment_content": "有辱斯文是雙關哽"}, {"comment_author": "cukesdubie", "comment_date": ["04/16", "21:36"], "comment_content": "版主就雞掰啊，換掉啦"}, {"comment_author": "cashko", "comment_date": ["04/17", "02:30"], "comment_content": "太好笑"}]}
