{"author": "BrandonRoy7 (優文製造機)", "category": "Gossiping", "title": "[問卦] 當初計算台灣未來不缺電的專家是誰", "date": "Tue Apr 16 18:13:32 2024", "content": ["聽說在多年前有專家經過精密的計算台灣在用電需求增加的前提之下未來也不會遇到缺電的問題請問這些專家是哪些人啊？有卦嗎？-----Sent from JPTT on my iPhone--"], "post_comment": [{"comment_author": "Alphaz", "comment_date": ["04/16", "18:13"], "comment_content": "11位專家"}, {"comment_author": "dcggj2394", "comment_date": ["04/16", "18:15"], "comment_content": "菜母豬待退了"}, {"comment_author": "hiphopmei", "comment_date": ["04/16", "18:15"], "comment_content": "找個豬圈選11頭就差不多是了"}, {"comment_author": "beast1969", "comment_date": ["04/16", "18:15"], "comment_content": "說藏電的還要高升當大官了"}, {"comment_author": "crazydj", "comment_date": ["04/16", "18:16"], "comment_content": "鄭麗君說台電高估未來用電需求"}, {"comment_author": "crazydj", "comment_date": ["04/16", "18:16"], "comment_content": "這種人還好意思回來當副院長 丟臉死了"}, {"comment_author": "kinmengon", "comment_date": ["04/16", "18:17"], "comment_content": "該拖去槍斃了"}, {"comment_author": "Alpha99", "comment_date": ["04/16", "18:17"], "comment_content": "2024 不關我事 大小姐說了喔"}, {"comment_author": "milk250", "comment_date": ["04/16", "18:18"], "comment_content": "杜紫軍十年前預估會開始缺電  看看人家學"}, {"comment_author": "milk250", "comment_date": ["04/16", "18:18"], "comment_content": "經歷  看看現在那些廢物  台灣現在像個喝"}, {"comment_author": "milk250", "comment_date": ["04/16", "18:18"], "comment_content": "符水治病的國家"}]}
