{"author": "ianlin1216 (伊恩可可)", "category": "Gossiping", "title": "[問卦] 以後歷史博物館會怎麼紀錄台灣滅亡", "date": "Fri Apr 19 08:15:01 2024", "content": ["餓死抬頭歷史已經證明每個國家都有走到盡頭的時候有的是被侵略、有的是疾病也有可能是天災或是人禍要是以後台灣也變成歷史博物館裡面的一個名詞那介紹的看板上會怎麼介紹台灣的滅國始末乾五八卦--"], "post_comment": [{"comment_author": "hiphopmei", "comment_date": ["04/19", "08:15"], "comment_content": "母豬滅國"}, {"comment_author": "gundam0613", "comment_date": ["04/19", "08:15"], "comment_content": "歷史博物館不會紀錄這個"}, {"comment_author": "Tencc", "comment_date": ["04/19", "08:16"], "comment_content": "只會把錯怪在少子化吧"}, {"comment_author": "LoveMakeLove", "comment_date": ["04/19", "08:18"], "comment_content": "就政治內耗 貪污腐敗 民不聊生 被"}, {"comment_author": "LoveMakeLove", "comment_date": ["04/19", "08:18"], "comment_content": "中國侵略滅亡 每個朝代末期都是複"}, {"comment_author": "LoveMakeLove", "comment_date": ["04/19", "08:18"], "comment_content": "製貼上。"}, {"comment_author": "newking761", "comment_date": ["04/19", "08:18"], "comment_content": "古有黃禍，台有綠禍"}, {"comment_author": "G8PIG", "comment_date": ["04/19", "08:19"], "comment_content": "塔綠班滅國"}, {"comment_author": "LoveMakeLove", "comment_date": ["04/19", "08:19"], "comment_content": "被中國侵略滅亡會被改成台灣被解放"}, {"comment_author": "davidoslo", "comment_date": ["04/19", "08:19"], "comment_content": "選一個武則天下達實行的能源政策"}, {"comment_author": "LoveMakeLove", "comment_date": ["04/19", "08:19"], "comment_content": "後中國統一"}, {"comment_author": "q123212", "comment_date": ["04/19", "08:21"], "comment_content": "缺水缺電缺腦"}, {"comment_author": "wr", "comment_date": ["04/19", "08:22"], "comment_content": "你知道台灣民主國的第一任總統是誰嗎"}, {"comment_author": "minaj", "comment_date": ["04/19", "08:25"], "comment_content": "認知作戰"}, {"comment_author": "winiS", "comment_date": ["04/19", "08:25"], "comment_content": "共諜慢慢的入黨、入腦、入心。完全沒人懷"}, {"comment_author": "lewischung", "comment_date": ["04/19", "08:25"], "comment_content": "換個名字跟身分證而已，百年來都這樣"}, {"comment_author": "winiS", "comment_date": ["04/19", "08:25"], "comment_content": "疑他們來拆台的"}, {"comment_author": "lewischung", "comment_date": ["04/19", "08:25"], "comment_content": "，懂得站對順應趨勢，沒資源別去搞意"}, {"comment_author": "lewischung", "comment_date": ["04/19", "08:25"], "comment_content": "識型態，長期來看多半被人當棋子用"}, {"comment_author": "winiS", "comment_date": ["04/19", "08:26"], "comment_content": "偶而有一兩個靠近真相的，就發動批鬥把他"}, {"comment_author": "winiS", "comment_date": ["04/19", "08:26"], "comment_content": "鬥倒"}, {"comment_author": "BRANFORD", "comment_date": ["04/19", "08:26"], "comment_content": "2016起"}, {"comment_author": "mikechang829", "comment_date": ["04/19", "08:27"], "comment_content": "南京總統府已經有了"}, {"comment_author": "kaube", "comment_date": ["04/19", "08:28"], "comment_content": "弱智小草開門迎敵"}, {"comment_author": "wr", "comment_date": ["04/19", "08:28"], "comment_content": "對吼 想知道中華民國怎麼滅亡 去看中國教科書"}, {"comment_author": "Alphaz", "comment_date": ["04/19", "08:32"], "comment_content": "人民買不起房 投誠中共 要死一起死"}, {"comment_author": "carkyoing", "comment_date": ["04/19", "08:38"], "comment_content": "沒國在乎台灣的歷史"}, {"comment_author": "lain2002", "comment_date": ["04/19", "08:44"], "comment_content": "德不配位"}, {"comment_author": "wei5730", "comment_date": ["04/19", "08:49"], "comment_content": "40%滅國 嘻嘻"}, {"comment_author": "MrJB", "comment_date": ["04/19", "12:03"], "comment_content": "呆丸郎呆笨蠢低智商貪生怕死自私滅國"}, {"comment_author": "MrJB", "comment_date": ["04/19", "12:03"], "comment_content": "集所有負面特質為一身的人民當然自我滅亡了"}]}
