{"author": "school5566 (千年大嫌者)", "category": "Gossiping", "title": "[問卦] 在台灣當有錢人還是在美國當窮人？", "date": "Tue Apr 16 12:08:36 2024", "content": ["剛好我昨天看到李天豪講的板橋林家發跡史，想說已經這麼有錢了，幹嘛還想留在台灣，當時人家說中國最貪的官都在福建，福建最貪的官都在台灣，幹嘛不拿錢去北京買地移居就好，今天看婚姻版夫妻在台灣可以過的美滋滋，結果移民美國，過的很貧困，我在想到底在窮地區過有錢人好，還是去發達的地方當窮人好，有無八卦啊--", "如果是這樣幹麻命題，當然要有個取捨來比啊"], "post_comment": [{"comment_author": "kairi5217", "comment_date": ["04/16", "12:09"], "comment_content": "寧為雞首 沒聽過？"}, {"comment_author": "KGarnett05", "comment_date": ["04/16", "12:09"], "comment_content": "在哪都選有錢人"}, {"comment_author": "KGarnett05", "comment_date": ["04/16", "12:10"], "comment_content": "但移去美國那根本不能叫有錢人啊，有"}, {"comment_author": "KGarnett05", "comment_date": ["04/16", "12:10"], "comment_content": "錢人定義是放哪都算有錢那種"}, {"comment_author": "KGarnett05", "comment_date": ["04/16", "12:11"], "comment_content": "*移民去美國就貧困"}, {"comment_author": "andye04", "comment_date": ["04/16", "12:11"], "comment_content": "懷疑哪天拜登大赦天下 丁胖子講師拿到綠"}, {"comment_author": "andye04", "comment_date": ["04/16", "12:12"], "comment_content": "卡的時候 婚姻版美國夢哥會大崩潰去買槍"}, {"comment_author": "cxiop", "comment_date": ["04/16", "12:14"], "comment_content": "寧在進口車上哭，也不要坐國產。不就是大"}, {"comment_author": "cxiop", "comment_date": ["04/16", "12:14"], "comment_content": "家的觀念嗎？"}, {"comment_author": "wcpsgb", "comment_date": ["04/16", "12:16"], "comment_content": "你要確定人家過的窮诶 只是沒工作不代表窮"}, {"comment_author": "bbsterence", "comment_date": ["04/16", "12:17"], "comment_content": "你可以去越南當有錢人!"}, {"comment_author": "beoneg", "comment_date": ["04/16", "12:32"], "comment_content": "能待業一年表示存款不少吧"}, {"comment_author": "mopepe5566", "comment_date": ["04/16", "12:53"], "comment_content": "這不衝突，台灣一堆在美國生的公民"}, {"comment_author": "mopepe5566", "comment_date": ["04/16", "12:53"], "comment_content": "有錢是二邊跑來跑去，但大多在台灣"}, {"comment_author": "jasontzymann", "comment_date": ["04/16", "15:09"], "comment_content": "只要有錢在哪裡都沒差好嗎"}]}
