{"author": "jason851124 (YeeeEX)", "category": "Gossiping", "title": "[問卦] 在健身房會大叫的都是哪種人？", "date": "Thu Apr 18 14:16:26 2024", "content": ["汝提有些人去健身房運動一直在那邊該做大重量 每次一下就吼一聲好像要讓大家知道他來了一樣會在健身房大叫的都是哪種人？有掛ㄇ-----Sent from JPTT on my iPhone--"], "post_comment": [{"comment_author": "jjooee1428", "comment_date": ["04/18", "14:16"], "comment_content": "樓下請簡短自我介紹"}, {"comment_author": "tetani", "comment_date": ["04/18", "14:17"], "comment_content": "金成武"}, {"comment_author": "RELAX999", "comment_date": ["04/18", "14:17"], "comment_content": "求偶的信號"}, {"comment_author": "derrick1220", "comment_date": ["04/18", "14:17"], "comment_content": "可能屁眼兒癢的人"}, {"comment_author": "kent", "comment_date": ["04/18", "14:17"], "comment_content": "五樓這種想被肛的"}, {"comment_author": "tf010714", "comment_date": ["04/18", "14:17"], "comment_content": "模仿野獸前輩吧 唐突惡臭"}, {"comment_author": "derrick1220", "comment_date": ["04/18", "14:17"], "comment_content": "5F"}, {"comment_author": "Dirgo", "comment_date": ["04/18", "14:18"], "comment_content": "肌肌最大的那群"}, {"comment_author": "wjonz0102", "comment_date": ["04/18", "14:18"], "comment_content": "肛"}, {"comment_author": "kent", "comment_date": ["04/18", "14:18"], "comment_content": "好險"}, {"comment_author": "mk5520", "comment_date": ["04/18", "14:18"], "comment_content": "屌有套襪子的人"}, {"comment_author": "em4", "comment_date": ["04/18", "14:19"], "comment_content": ""}, {"comment_author": "hkcdc", "comment_date": ["04/18", "14:20"], "comment_content": "你為什麼 這麼在意 他"}, {"comment_author": "XZXie", "comment_date": ["04/18", "14:20"], "comment_content": "求偶叫聲"}, {"comment_author": "allen0981", "comment_date": ["04/18", "14:20"], "comment_content": "熱狗王"}, {"comment_author": "gusser", "comment_date": ["04/18", "14:21"], "comment_content": "聽到硬"}, {"comment_author": "yzelly", "comment_date": ["04/18", "14:23"], "comment_content": "健身猴阿，還需要問"}, {"comment_author": "jasin0425", "comment_date": ["04/18", "14:23"], "comment_content": "希望被關注的人"}, {"comment_author": "pure9502", "comment_date": ["04/18", "14:28"], "comment_content": "同性戀"}, {"comment_author": "muscle1069", "comment_date": ["04/18", "14:32"], "comment_content": "叫不要"}, {"comment_author": "syntax123", "comment_date": ["04/18", "14:33"], "comment_content": "縮肛"}, {"comment_author": "bboywhite", "comment_date": ["04/18", "14:33"], "comment_content": "powerfull"}, {"comment_author": "KKsnow", "comment_date": ["04/18", "14:47"], "comment_content": "幹你娘 那打跆拳道/空手道的 每出招一次"}, {"comment_author": "KKsnow", "comment_date": ["04/18", "14:47"], "comment_content": "就吼一下的又怎麼了嗎"}, {"comment_author": "machiusheng", "comment_date": ["04/18", "14:48"], "comment_content": "X眼癢"}, {"comment_author": "GTOyoko5566", "comment_date": ["04/18", "14:53"], "comment_content": "大叫還好，如果他是做力竭組"}, {"comment_author": "GTOyoko5566", "comment_date": ["04/18", "14:53"], "comment_content": "他媽的能不能別在拿吹風機吹懶叫"}, {"comment_author": "negotiates", "comment_date": ["04/18", "14:55"], "comment_content": "電池忘記拔"}, {"comment_author": "xc2v", "comment_date": ["04/18", "15:10"], "comment_content": "捷哥不要"}, {"comment_author": "qwas0413", "comment_date": ["04/18", "15:12"], "comment_content": "還有一定要故意摔槓的 自然放下就算了"}, {"comment_author": "qwas0413", "comment_date": ["04/18", "15:12"], "comment_content": "結果他是出力在丟= ="}]}
