{"author": "Paravion (ElonMusk)", "category": "Gossiping", "title": "[問卦] 現在超商不送加熱提網了嗎", "date": "Tue Apr 16 21:53:26 2024", "content": ["剛才買個加熱後的雞肉餐盒 要拿的時候差點被燙死我才突然發現很久沒看過加熱提網了台灣的超商加熱提網 被日本人譽為偉大的發明現在都不送了嗎 有沒有八卦--", "店員只問我要不要袋子 沒問要不要提網啊", "每天吃超商的人知道這個很驕傲嗎", "所以以前那種洞洞網沒了？", "全家沒有"], "post_comment": [{"comment_author": "snocia", "comment_date": ["04/16", "21:53"], "comment_content": "愛護地球，節省成本"}, {"comment_author": "duelaylomo", "comment_date": ["04/16", "21:53"], "comment_content": "要買"}, {"comment_author": "hawk30", "comment_date": ["04/16", "21:54"], "comment_content": "要錢啊"}, {"comment_author": "opm", "comment_date": ["04/16", "21:54"], "comment_content": "付錢就有"}, {"comment_author": "renna038766", "comment_date": ["04/16", "21:54"], "comment_content": "看帥不帥"}, {"comment_author": "bboywhite", "comment_date": ["04/16", "21:55"], "comment_content": "你那邊還來得及買台積電"}, {"comment_author": "johnson2726", "comment_date": ["04/16", "21:56"], "comment_content": "一個$3元"}, {"comment_author": "laugh8562", "comment_date": ["04/16", "21:56"], "comment_content": "現在要錢 而且加錢的也不是洞洞網了"}, {"comment_author": "kabukiryu", "comment_date": ["04/16", "21:59"], "comment_content": "每次都故意太燙掐倒灑滿整個桌子R"}, {"comment_author": "kabukiryu", "comment_date": ["04/16", "21:59"], "comment_content": "結帳桌"}, {"comment_author": "bboywhite", "comment_date": ["04/16", "22:00"], "comment_content": "早就不提供也提倡很久了 不是驕傲 是常"}, {"comment_author": "YqYq5566", "comment_date": ["04/16", "22:00"], "comment_content": "只有7+11收費吧，全家.萊爾富.OK還有提"}, {"comment_author": "bboywhite", "comment_date": ["04/16", "22:00"], "comment_content": "識"}, {"comment_author": "YqYq5566", "comment_date": ["04/16", "22:00"], "comment_content": "供吧"}, {"comment_author": "nikewang", "comment_date": ["04/16", "22:01"], "comment_content": "我這邊有1~200個 之前聽到要不給了 就每"}, {"comment_author": "FA88124", "comment_date": ["04/16", "22:01"], "comment_content": "全家沒了 所以我就不去買 有夠北爛超燙诶"}, {"comment_author": "nikewang", "comment_date": ["04/16", "22:01"], "comment_content": "次去買 提網沒髒就收起來 重覆使用到不"}, {"comment_author": "nikewang", "comment_date": ["04/16", "22:02"], "comment_content": "能用了再換新的出來用"}, {"comment_author": "nikewang", "comment_date": ["04/16", "22:02"], "comment_content": "現在所有超商都不提供提網了"}, {"comment_author": "haha80259", "comment_date": ["04/16", "22:03"], "comment_content": "他媽民進黨德政"}, {"comment_author": "laugh8562", "comment_date": ["04/16", "22:03"], "comment_content": "不是了 現在是全黑的小提袋 沒有洞"}, {"comment_author": "twdvdr", "comment_date": ["04/16", "22:05"], "comment_content": "自己帶便當袋裝吧"}, {"comment_author": "benson861119", "comment_date": ["04/16", "22:42"], "comment_content": "垃圾7-11"}]}
