{"author": "finhisky (finhisky)", "category": "Gossiping", "title": "[問卦] 智子會來台灣嗎", "date": "Fri Apr 12 18:52:02 2024", "content": ["今天班上投票結果事後看席簽到簿發現有同學請假沒來但卻有其他同學偷偷代替他投票聽說要調監視器查是哪位同學違法了智子回來台灣竄改、消除監視器的影像嗎如果監視器查不出來是誰偷投票是不是代表智子來過台灣了--"], "post_comment": [{"comment_author": "dbjdx", "comment_date": ["04/12", "18:56"], "comment_content": "山口智子？"}, {"comment_author": "christiano", "comment_date": ["04/12", "18:56"], "comment_content": "台灣有太多智障，智子來不了"}, {"comment_author": "Nemophila", "comment_date": ["04/12", "19:00"], "comment_content": "習智子"}, {"comment_author": "lou", "comment_date": ["04/12", "19:02"], "comment_content": "不會，台灣人的智商沒啥威脅"}, {"comment_author": "lou", "comment_date": ["04/12", "19:02"], "comment_content": ""}, {"comment_author": "selvester", "comment_date": ["04/12", "19:34"], "comment_content": "智子怕乖乖"}, {"comment_author": "newdreams", "comment_date": ["04/12", "19:36"], "comment_content": "智子：PASS"}, {"comment_author": "hstt", "comment_date": ["04/12", "20:25"], "comment_content": "主不在乎"}]}
