{"author": "gswang (跟著王老師吃香喝辣)", "category": "Gossiping", "title": "[問卦] 1000元在竹北可以花幾天", "date": "Sun Apr 14 11:26:16 2024", "content": ["近期物價高漲政府也不打算升息臺幣一直貶後續物價會漲的更誇張保守算1000只能在竹北花一天就沒了慘--"], "post_comment": [{"comment_author": "k385476916", "comment_date": ["04/14", "11:26"], "comment_content": "半天"}, {"comment_author": "monarch0301", "comment_date": ["04/14", "11:27"], "comment_content": "15分鐘"}, {"comment_author": "hiphopmei", "comment_date": ["04/14", "11:27"], "comment_content": "那就是你不夠努力"}, {"comment_author": "shcjosh", "comment_date": ["04/14", "11:27"], "comment_content": "不然你想花幾天"}, {"comment_author": "Rootun5566", "comment_date": ["04/14", "11:28"], "comment_content": "十分鐘"}, {"comment_author": "gx8759121", "comment_date": ["04/14", "11:28"], "comment_content": "什麼都漲你薪水沒漲?要不要檢討一下自"}, {"comment_author": "gx8759121", "comment_date": ["04/14", "11:28"], "comment_content": "己?嘻嘻"}, {"comment_author": "highyes", "comment_date": ["04/14", "11:29"], "comment_content": "5分鐘"}, {"comment_author": "mk203125", "comment_date": ["04/14", "11:29"], "comment_content": "吃早餐逛個家樂福 一半沒了"}, {"comment_author": "vios10009", "comment_date": ["04/14", "11:29"], "comment_content": "到站就沒了"}, {"comment_author": "blessbless", "comment_date": ["04/14", "11:29"], "comment_content": "10分"}, {"comment_author": "dinotea", "comment_date": ["04/14", "11:29"], "comment_content": "一小時"}, {"comment_author": "hikaru77613", "comment_date": ["04/14", "11:33"], "comment_content": "1小時"}, {"comment_author": "yuta02", "comment_date": ["04/14", "14:37"], "comment_content": "新竹小草好有錢：）"}, {"comment_author": "i1210", "comment_date": ["04/14", "20:08"], "comment_content": "自己煮帶便當大概五天。"}, {"comment_author": "i1210", "comment_date": ["04/14", "20:09"], "comment_content": "竹北一堆雷店還不能講"}, {"comment_author": "i1210", "comment_date": ["04/14", "20:10"], "comment_content": "這邊爛店一堆，發廢推文洗掉自己潮州老家"}, {"comment_author": "i1210", "comment_date": ["04/14", "20:10"], "comment_content": "附近的地標咖啡店才敢開始酸"}, {"comment_author": "i1210", "comment_date": ["04/14", "20:11"], "comment_content": "不然不確定有沒有炒房的低端人口經過附近9"}, {"comment_author": "i1210", "comment_date": ["04/14", "20:11"], "comment_content": "戶民宅會丟雞蛋"}, {"comment_author": "i1210", "comment_date": ["04/14", "20:11"], "comment_content": "都不在竹北花"}, {"comment_author": "i1210", "comment_date": ["04/14", "20:12"], "comment_content": "月底直接殺去宜蘭花三天都比這邊值"}, {"comment_author": "i1210", "comment_date": ["04/14", "20:13"], "comment_content": "有錢也不在這邊買。"}]}
