{"author": "Ommmmmm5566 (有人責備我們不夠深入)", "category": "Gossiping", "title": "[問卦] 要去哪裡才能遇到雷育承幫我拍照", "date": "Mon Apr 15 21:07:52 2024", "content": ["本寶寶雖然長得其貌不揚也不酷他應該不會喜歡我的style但我家的狗勾很勾追雷育承一定也很喜歡我家的狗勾喜歡我狗勾的style覺得他很酷要幫他拍照好了模特兒準備好了但我要去哪裡才遇得到雷育承卦？--", "By triplefree--"], "post_comment": [{"comment_author": "bboywhite", "comment_date": ["04/15", "21:08"], "comment_content": "台北各大街頭、公園"}, {"comment_author": "XDDXDD", "comment_date": ["04/15", "21:08"], "comment_content": "去TIKRTOK找"}, {"comment_author": "bboywhite", "comment_date": ["04/15", "21:08"], "comment_content": "東區"}, {"comment_author": "ibacc", "comment_date": ["04/15", "21:38"], "comment_content": "東區或西門吧"}, {"comment_author": "boss88893", "comment_date": ["04/15", "21:39"], "comment_content": "不要業配"}]}
