{"author": "cc02040326 (茶包)", "category": "Gossiping", "title": "[問卦] 我現在宣佈 誰敢打房就是跟我過不去☠ ", "date": "Fri Apr 19 14:28:41 2024", "content": ["欸肥宅剛剛跟銀行約下禮拜要對保沒有回頭路惹雖然還沒交屋但從現在開始 誰敢打房給我試試看哪怕後來的成交價只是比我買的價格低一點點而已我照扁不誤如果是政客一定用選票教訓他現在喊要打房的人就是不給我面子跟我過不去懂惹麻 ㄏㄚˋ？--"], "post_comment": [{"comment_author": "jacket664", "comment_date": ["04/19", "14:30"], "comment_content": "綠共執政很穩的，不用怕"}, {"comment_author": "AJS", "comment_date": ["04/19", "14:32"], "comment_content": "藍白笑而不語"}, {"comment_author": "senma", "comment_date": ["04/19", "14:33"], "comment_content": "我在等0.1折陶朱隱園"}, {"comment_author": "gn01914120", "comment_date": ["04/19", "14:34"], "comment_content": "歡迎上車，晚來的就不等了"}, {"comment_author": "poi963841", "comment_date": ["04/19", "14:34"], "comment_content": "很多人想法都跟你一樣XD"}, {"comment_author": "billlushana1", "comment_date": ["04/19", "14:35"], "comment_content": "交屋就折舊七折"}, {"comment_author": "NCKU", "comment_date": ["04/19", "14:36"], "comment_content": "小草變回817"}, {"comment_author": "orz151426", "comment_date": ["04/19", "14:40"], "comment_content": "歡迎加入民進黨"}, {"comment_author": "diablojonn", "comment_date": ["04/19", "14:40"], "comment_content": "有房就可以的人"}, {"comment_author": "gust0985", "comment_date": ["04/19", "14:41"], "comment_content": "每年都在打房呀，不講沒有票"}, {"comment_author": "samm3320", "comment_date": ["04/19", "14:41"], "comment_content": "打不過就加入"}, {"comment_author": "davidoslo", "comment_date": ["04/19", "14:45"], "comment_content": "我要看到全台均價每坪500萬 年輕人逃"}, {"comment_author": "davidoslo", "comment_date": ["04/19", "14:45"], "comment_content": "出國外 整個島上充滿老人和外勞的精彩"}, {"comment_author": "davidoslo", "comment_date": ["04/19", "14:45"], "comment_content": "大結局"}, {"comment_author": "u9596g12", "comment_date": ["04/19", "14:48"], "comment_content": "跟著黨吃香喝辣怕三小 怕你跟黨對作而已"}, {"comment_author": "littlegreen", "comment_date": ["04/19", "14:52"], "comment_content": "好的 打房"}]}
