{"author": "xpradax (燈一明一滅地 雨倏忽而至)", "category": "Gossiping", "title": "[問卦] 日本女生真的都在高中就破處了嗎", "date": "Sat Apr 13 10:37:32 2024", "content": ["之前碰到來台灣交換的日本大學生跟他聊天他說日本女生基本上在高中90%都會破處了高中畢業還是處女的 高機率是同志想想台灣還是蠻保守的台灣女生還是多數都上大學才破處日本女生真的在高中就破處了嗎？--"], "post_comment": [{"comment_author": "xzcb2008", "comment_date": ["04/13", "10:37"], "comment_content": "國小"}, {"comment_author": "gem810611", "comment_date": ["04/13", "10:37"], "comment_content": "你說的台灣跟我住的一樣嗎"}, {"comment_author": "s820912gmail", "comment_date": ["04/13", "10:38"], "comment_content": "一堆拍A片掙錢"}, {"comment_author": "engineer1", "comment_date": ["04/13", "10:38"], "comment_content": "五樓國小肛門被肛到可以塞進拳頭"}, {"comment_author": "alex00089", "comment_date": ["04/13", "10:38"], "comment_content": "外國人的個性就很89啊"}, {"comment_author": "Refauth", "comment_date": ["04/13", "10:38"], "comment_content": "當然不是啊！是國中啦~！"}, {"comment_author": "k385476916", "comment_date": ["04/13", "10:39"], "comment_content": "怎麼可能到高中"}, {"comment_author": "Refauth", "comment_date": ["04/13", "10:39"], "comment_content": "啊台灣的話應該是國小唷！！"}, {"comment_author": "ianlin1216", "comment_date": ["04/13", "10:39"], "comment_content": "台灣國中一堆破處的好嗎"}, {"comment_author": "laugh8562", "comment_date": ["04/13", "10:39"], "comment_content": "我高中就跟我女友爽爽破處了啊"}, {"comment_author": "dafeichai", "comment_date": ["04/13", "10:40"], "comment_content": "日本工程師也是都撿回收嗎"}, {"comment_author": "laugh8562", "comment_date": ["04/13", "10:40"], "comment_content": "雙雙"}, {"comment_author": "artpower", "comment_date": ["04/13", "10:40"], "comment_content": "日本女孩到500歲還是處女阿"}, {"comment_author": "ko7625", "comment_date": ["04/13", "10:41"], "comment_content": "台灣也是啊"}, {"comment_author": "alex00089", "comment_date": ["04/13", "10:41"], "comment_content": "台灣很多出社會的事人家teenage 就差"}, {"comment_author": "alex00089", "comment_date": ["04/13", "10:41"], "comment_content": "不多經歷了"}, {"comment_author": "Ceferino", "comment_date": ["04/13", "10:43"], "comment_content": "哥布林：噁心到爆！ 咦，日本喔那沒關"}, {"comment_author": "Ceferino", "comment_date": ["04/13", "10:43"], "comment_content": "係了"}, {"comment_author": "ton0913678", "comment_date": ["04/13", "10:48"], "comment_content": "我老婆國中就破處了"}, {"comment_author": "JoaoWang", "comment_date": ["04/13", "10:49"], "comment_content": "矮額 日本都煉銅"}, {"comment_author": "tetsu327", "comment_date": ["04/13", "11:06"], "comment_content": "你住個鬼島是平行世界吧"}, {"comment_author": "k1025hung", "comment_date": ["04/13", "11:15"], "comment_content": "党側翼表示：毛骨悚然"}, {"comment_author": "glen246", "comment_date": ["04/13", "13:54"], "comment_content": "之前日本滿13歲即可合意性交，很正常吧"}]}
