{"author": "MJdavid (膽固醇歐吉桑)", "category": "Gossiping", "title": "[問卦] 銀樓回收黃金的5% 政府能火耗歸公嗎？", "date": "Thu Apr 18 09:59:49 2024", "content": ["黃金回收重做 在過程中為了再重新煉製9999的黃金時 都會消耗掉部分的黃金所以跟你回收的店家拿去重製時 實際收回來的金重 一定不會是原本當初所買的重量所以銀樓公會才會公定一錢消耗５厘 也就是會扣重5%的意思但是金價的買入、賣出本來就有價差啦看價差都超過7%了 為何還要加付5%火耗？", "那銀樓回收黃金的5% 政府能火耗歸公嗎？--"], "post_comment": [{"comment_author": "VVizZ", "comment_date": ["04/18", "10:00"], "comment_content": "誰叫你要買飾金 999金塊買起來就好"}, {"comment_author": "jerryz2005", "comment_date": ["04/18", "10:00"], "comment_content": "士紳一體當差一體納涼"}, {"comment_author": "hide0325", "comment_date": ["04/18", "10:01"], "comment_content": "現在蠻多不扣重的"}, {"comment_author": "ntu01", "comment_date": ["04/18", "10:01"], "comment_content": "漲價歸公"}, {"comment_author": "ianlin1216", "comment_date": ["04/18", "10:01"], "comment_content": "攤丁入畝啦 有地的才要繳稅"}, {"comment_author": "johnhmj", "comment_date": ["04/18", "10:01"], "comment_content": "金飾賣的是藝術"}, {"comment_author": "ianlin1216", "comment_date": ["04/18", "10:01"], "comment_content": "地越多 兵當越久"}, {"comment_author": "sagarain", "comment_date": ["04/18", "10:05"], "comment_content": "就銀樓自己都不相信同業啊"}, {"comment_author": "dch44dyw", "comment_date": ["04/18", "10:11"], "comment_content": "你那邊還來得及，叫八爺不要相信隆科多"}, {"comment_author": "psykl", "comment_date": ["04/18", "11:13"], "comment_content": "跟眼鏡行一樣，不少兄弟姊妹各開一間"}]}
