{"author": "banana781109 (banana781109)", "category": "Gossiping", "title": "[問卦] 反核和支持綠能的是同一批人嘛", "date": "Fri Apr 19 09:54:24 2024", "content": ["反核仔不要核電綠友友要增加綠能結果今年漲電費還一直停電跳電台電還買1度12元的電反核和支持綠電的都賺了只有國人受苦反核和支持綠電的是不是一批人--"], "post_comment": [{"comment_author": "ILoveKMT", "comment_date": ["04/19", "09:55"], "comment_content": "沒有利益 反核什麼懶覺？"}, {"comment_author": "taot917", "comment_date": ["04/19", "09:59"], "comment_content": "跟支持通姦吸大麻的，也是同一批人喔"}, {"comment_author": "cvnn", "comment_date": ["04/19", "10:00"], "comment_content": "綠能工讀生 要加薪了 電價爆漲"}, {"comment_author": "panny2010", "comment_date": ["04/19", "10:00"], "comment_content": "就跟大麻合法化遊行一樣，難道是做功"}, {"comment_author": "panny2010", "comment_date": ["04/19", "10:00"], "comment_content": "德的嗎，綠的利益"}, {"comment_author": "jim543000", "comment_date": ["04/19", "10:03"], "comment_content": "跟台獨那些高機率也是同一批 沒錯 就是"}, {"comment_author": "jim543000", "comment_date": ["04/19", "10:03"], "comment_content": "民進党那群"}, {"comment_author": "gy206578", "comment_date": ["04/19", "10:08"], "comment_content": "現在自己人重蓋核電廠來撈錢 也是可能"}]}
