{"author": "cms1717698 (下輩子投胎當☆地主☆YA)", "category": "Gossiping", "title": "[問卦] 抵制統神的廠商該出來鞠躬道歉了吧", "date": "Mon Apr 15 12:20:43 2024", "content": ["大家都看到了今天早上賴皮豬受到了黨的恩召被摳摳嬤當作寶貝憨孫在疼基本上已經是自己人了既然這樣那些喊說要抵制統神的廠商擺明就是要跟黨作對跟黨作對的下場很明顯了吧接下來484輪到這幾個廠商輪流下跪了嘻嘻--"], "post_comment": [{"comment_author": "jayppt", "comment_date": ["04/15", "12:24"], "comment_content": "起家雞出來道歉哦 還有為你的炸雞難吃道"}, {"comment_author": "jayppt", "comment_date": ["04/15", "12:24"], "comment_content": "歉"}, {"comment_author": "z842657913", "comment_date": ["04/15", "12:35"], "comment_content": "4"}]}
