{"author": "soul5566 (校排前五帥)", "category": "Gossiping", "title": "[問卦] 請老高來講統神的故事有沒有用?", "date": "Fri Apr 12 18:56:37 2024", "content": ["老高講故事前會收集一些資料講話有條有理 雖然有可能講錯但人氣很高老高出來講是不是能夠拯救統神?--關於懶叫的都市傳說據說夜晚時分，狗吹螺時會有檯小拖車出來喊賣：烤～～懶叫不知情的民眾常誤以為是燒肉粽而前往購買當到了攤販時卻看到上面的九宮格擺著鄰郎滿目的器官，有世界各國的懶叫跟睪丸唯獨右下是個缺。　　好奇的民眾問道：老闆，右下怎麼空的這時老闆微了微笑--"], "post_comment": [{"comment_author": "poz93", "comment_date": ["04/12", "19:13"], "comment_content": "他會錯把統神和椅子兩人的世績混在一起講"}]}
