{"author": "stradadelsol (史抓達達獸)", "category": "Gossiping", "title": "[問卦] 統神接班人是誰？", "date": "Fri Apr 12 15:00:51 2024", "content": ["看網路感覺統神要倒惹那統神接班人是誰？交棒給下一棒的任務做好惹嗎？油姆咪油叭呱？O)e(O?-----Sent from JPTT on my iPhone--"], "post_comment": [{"comment_author": "lats", "comment_date": ["04/12", "15:02"], "comment_content": "國動要上場了"}, {"comment_author": "oxooao", "comment_date": ["04/12", "15:02"], "comment_content": "kyt會幫忙頂一下"}, {"comment_author": "brianuser", "comment_date": ["04/12", "15:03"], "comment_content": "他臉皮厚點繼續幹他的就好了吧"}, {"comment_author": "kissmickey", "comment_date": ["04/12", "15:04"], "comment_content": "003阿 叫統神去設備組帶小孩"}, {"comment_author": "kissmickey", "comment_date": ["04/12", "15:06"], "comment_content": "不然黃老師來大談"}, {"comment_author": "fukdog073", "comment_date": ["04/12", "15:16"], "comment_content": "黃香梅"}, {"comment_author": "newversion", "comment_date": ["04/12", "15:48"], "comment_content": "獨神"}, {"comment_author": "RedDog", "comment_date": ["04/12", "16:25"], "comment_content": "還是董神"}]}
