{"author": "kojiro0531 ( )", "category": "Gossiping", "title": "[問卦] 鼎泰豐員工能吃小籠包員餐嗎", "date": "Wed Apr 17 13:44:42 2024", "content": ["鼎泰豐，台灣首家列入米其林星級的餐廳聽說每個小籠包摺數、重量都得一樣，且每十五分鐘抽查一次鼎泰豐的員工，在公司午餐能吃鼎泰豐小籠包或任意其他餐點當員餐嗎?--"], "post_comment": [{"comment_author": "preisner", "comment_date": ["04/17", "13:45"], "comment_content": "五樓只想吃男店員"}, {"comment_author": "chanel1259", "comment_date": ["04/17", "13:46"], "comment_content": "可以啊就故意包爛吃掉"}, {"comment_author": "lucifiel1618", "comment_date": ["04/17", "13:47"], "comment_content": "包爛你還拿上去蒸= ="}, {"comment_author": "jameshcm", "comment_date": ["04/17", "13:48"], "comment_content": "鼎泰豐沒有在包爛的好嗎？每個都神之手"}, {"comment_author": "goldman0204", "comment_date": ["04/17", "13:48"], "comment_content": "跟你說~包爛不能上場去賣!= ="}, {"comment_author": "dean1990", "comment_date": ["04/17", "13:50"], "comment_content": "鼎泰豐得過米其林星？"}, {"comment_author": "youngerbro", "comment_date": ["04/17", "13:51"], "comment_content": "每餐吃一下就膩了吧！這麼油"}, {"comment_author": "SPOT2525", "comment_date": ["04/17", "13:52"], "comment_content": "可以邊吃邊包嗎？"}, {"comment_author": "Dirgo", "comment_date": ["04/17", "13:53"], "comment_content": "正常餐廳就是拿快過期的或者邊角料做員工餐"}, {"comment_author": "Dirgo", "comment_date": ["04/17", "13:53"], "comment_content": "想點菜頂多給你個員工價,大概是這樣."}, {"comment_author": "t20031210", "comment_date": ["04/17", "13:54"], "comment_content": "吃什麼小籠包，吃豆苗蝦仁才爽=="}, {"comment_author": "xxxholic031", "comment_date": ["04/17", "13:55"], "comment_content": "這問題看就知道沒幹過餐飲，再好吃"}, {"comment_author": "xxxholic031", "comment_date": ["04/17", "13:55"], "comment_content": "的店員工吃三天就膩了"}, {"comment_author": "sheng612", "comment_date": ["04/17", "14:46"], "comment_content": "去飯店打工就知道,員工餐跟餐廳是分開的"}, {"comment_author": "sheng612", "comment_date": ["04/17", "14:46"], "comment_content": "餐廳的菜一口沒吃也是倒掉 不會是員工吃"}]}
