{"author": "chin2049 (YesOrNo)", "category": "Gossiping", "title": "[問卦] 股票大跌 損益剩+25000 要賣嗎?", "date": "Tue Apr 16 12:24:23 2024", "content": ["安今天股市大跌滿手ETF也下去了原本+50000左右現在剩+25000要賣嗎??還是繼續撐下去--", "剩吃飯錢了", "沒錢喇 不想借錢= ="], "post_comment": [{"comment_author": "a82380", "comment_date": ["04/16", "12:24"], "comment_content": "領錢跑路"}, {"comment_author": "ncc5566", "comment_date": ["04/16", "12:24"], "comment_content": "你賣了就會漲"}, {"comment_author": "snow3804", "comment_date": ["04/16", "12:24"], "comment_content": "一張不賣"}, {"comment_author": "qk3380888", "comment_date": ["04/16", "12:25"], "comment_content": "明天就漲回來了 把app刪惹吧"}, {"comment_author": "The4sakenOne", "comment_date": ["04/16", "12:25"], "comment_content": "現在不加碼？"}, {"comment_author": "z842657913", "comment_date": ["04/16", "12:26"], "comment_content": "不要 -25000在停損"}, {"comment_author": "liangnet", "comment_date": ["04/16", "12:26"], "comment_content": "賺錢你都決定不了，跑來問看戲的鄉民？"}, {"comment_author": "ksword", "comment_date": ["04/16", "12:26"], "comment_content": "明天再一根就-25000了"}, {"comment_author": "joanrey", "comment_date": ["04/16", "12:26"], "comment_content": "停損, 除非你是長期定期定額"}, {"comment_author": "louic", "comment_date": ["04/16", "12:26"], "comment_content": "all run"}, {"comment_author": "gk1329", "comment_date": ["04/16", "12:26"], "comment_content": "問94攤平"}, {"comment_author": "karta2359950", "comment_date": ["04/16", "12:26"], "comment_content": "信貸攤平"}, {"comment_author": "doro0202", "comment_date": ["04/16", "12:27"], "comment_content": "地點要繼續加倉"}, {"comment_author": "peterisme17", "comment_date": ["04/16", "12:27"], "comment_content": "不要賣，這樣-25000就可以再問一次"}, {"comment_author": "Aliensoul", "comment_date": ["04/16", "12:29"], "comment_content": "一篇一根"}, {"comment_author": "wailman", "comment_date": ["04/16", "12:29"], "comment_content": "如果明天再一根小賺的變賠不想賣，套住的"}, {"comment_author": "wailman", "comment_date": ["04/16", "12:29"], "comment_content": "則是腳麻去。"}, {"comment_author": "ppp123", "comment_date": ["04/16", "12:29"], "comment_content": "保本比較重要 這種跌法 不會只是一兩天"}, {"comment_author": "ppp123", "comment_date": ["04/16", "12:29"], "comment_content": "就算漲回來也只漲台積電 風險比獲利更重"}, {"comment_author": "ppp123", "comment_date": ["04/16", "12:30"], "comment_content": "要"}, {"comment_author": "ibanes", "comment_date": ["04/16", "12:30"], "comment_content": "明天還會有一根壓月線CC"}, {"comment_author": "ls4860", "comment_date": ["04/16", "12:31"], "comment_content": "小錢你也不敢虧 還想跟人賺大錢"}, {"comment_author": "coffee112", "comment_date": ["04/16", "12:31"], "comment_content": "再下去 再加碼阿 每-15~20%加碼 加碼"}, {"comment_author": "Annahahaha", "comment_date": ["04/16", "12:31"], "comment_content": "記住樓上這些教你停損的ID"}, {"comment_author": "felixr0123", "comment_date": ["04/16", "12:32"], "comment_content": "想想在股市的贏家會做什麼決定"}, {"comment_author": "gk1329", "comment_date": ["04/16", "12:32"], "comment_content": "我預判了你的預判 等你停損就噴惹"}, {"comment_author": "arickal", "comment_date": ["04/16", "12:33"], "comment_content": "加碼ai阿 星期四台積財報出來後可退休"}, {"comment_author": "daviidd", "comment_date": ["04/16", "12:33"], "comment_content": "再不跑就來不及了"}, {"comment_author": "j65p4m3", "comment_date": ["04/16", "12:34"], "comment_content": "建議-50000在停損"}, {"comment_author": "genius86", "comment_date": ["04/16", "12:34"], "comment_content": "趕快跑"}, {"comment_author": "fallinlove15", "comment_date": ["04/16", "12:34"], "comment_content": "問就是賣"}, {"comment_author": "GivemeApen", "comment_date": ["04/16", "12:34"], "comment_content": "現在不出等賠錢再出嗎"}, {"comment_author": "dracula83183", "comment_date": ["04/16", "12:35"], "comment_content": "護盤會護你買的股票嗎？"}, {"comment_author": "zxc24522", "comment_date": ["04/16", "12:35"], "comment_content": "建議+100萬在賣"}, {"comment_author": "chibmw", "comment_date": ["04/16", "12:35"], "comment_content": "等明天台指期結算以後，再做多"}, {"comment_author": "brain9453", "comment_date": ["04/16", "12:35"], "comment_content": "大爆殺 樂觀蛙哭著刪app"}, {"comment_author": "dracula83183", "comment_date": ["04/16", "12:36"], "comment_content": "明天你就腳麻走不了了"}, {"comment_author": "taiwanstrike", "comment_date": ["04/16", "12:37"], "comment_content": "一張不賣 奇蹟自來"}, {"comment_author": "b9513227", "comment_date": ["04/16", "12:37"], "comment_content": "沒質押的部位上週+4萬 現在-5千"}, {"comment_author": "a8785007", "comment_date": ["04/16", "12:37"], "comment_content": "明天就漲回來了"}, {"comment_author": "koexe", "comment_date": ["04/16", "12:37"], "comment_content": "自己的錢自己決定"}, {"comment_author": "ppp123", "comment_date": ["04/16", "12:38"], "comment_content": "有賺果斷跑 後面穩住再來找標的 留著青山"}, {"comment_author": "ppp123", "comment_date": ["04/16", "12:38"], "comment_content": "在不怕沒材燒"}, {"comment_author": "icome", "comment_date": ["04/16", "12:38"], "comment_content": "一張不賣 永傳後代"}, {"comment_author": "coffee112", "comment_date": ["04/16", "12:39"], "comment_content": "有人會現在跑 看低再進 也有人會等著攤"}, {"comment_author": "eeccms", "comment_date": ["04/16", "12:40"], "comment_content": "不敢快賣 過幾天後面在+一個0"}, {"comment_author": "ljm87", "comment_date": ["04/16", "12:41"], "comment_content": "現在賣掉的話 比賽就結束了"}, {"comment_author": "DeepBlue10", "comment_date": ["04/16", "12:41"], "comment_content": "加碼 攤平 一張不賣"}, {"comment_author": "iorih0304", "comment_date": ["04/16", "12:43"], "comment_content": "加碼啊"}, {"comment_author": "DORAQMON", "comment_date": ["04/16", "12:44"], "comment_content": "連美國都在跌 ，你還不跑"}, {"comment_author": "zxcv91039", "comment_date": ["04/16", "12:44"], "comment_content": "今天獲利一口氣跌超過50% 哭爸"}, {"comment_author": "divaxxxx", "comment_date": ["04/16", "12:45"], "comment_content": "存著加碼攤平啊"}, {"comment_author": "scott0104", "comment_date": ["04/16", "12:46"], "comment_content": "別人恐懼你貪婪，當然是加碼all in啊"}, {"comment_author": "pat740515", "comment_date": ["04/16", "12:47"], "comment_content": "快賣！等你賣了就會漲了！！"}, {"comment_author": "zangetsu9006", "comment_date": ["04/16", "12:53"], "comment_content": "快逃啊"}, {"comment_author": "sushi11", "comment_date": ["04/16", "12:53"], "comment_content": "建議留給孫子賣"}, {"comment_author": "nanahala", "comment_date": ["04/16", "12:56"], "comment_content": "明年再跌$25000你就會嘔死了 快賣"}, {"comment_author": "nanahala", "comment_date": ["04/16", "12:56"], "comment_content": "然後怨自己昨天沒早跑至少還有賺"}, {"comment_author": "stabber8426", "comment_date": ["04/16", "12:57"], "comment_content": "腳麻了"}, {"comment_author": "lingarden", "comment_date": ["04/16", "13:05"], "comment_content": "剛開始而已"}, {"comment_author": "fju0911", "comment_date": ["04/16", "13:09"], "comment_content": "跑"}, {"comment_author": "crazywar", "comment_date": ["04/16", "13:21"], "comment_content": "操我虧14萬了"}, {"comment_author": "C32AMG", "comment_date": ["04/16", "13:25"], "comment_content": "問就是一單"}, {"comment_author": "WWIII", "comment_date": ["04/16", "13:25"], "comment_content": "剩一千再賣"}, {"comment_author": "kiddcat", "comment_date": ["04/16", "13:50"], "comment_content": "問就是賣"}, {"comment_author": "jagger", "comment_date": ["04/16", "15:03"], "comment_content": "三年內台股上三萬   無腦多"}, {"comment_author": "Puye", "comment_date": ["04/16", "15:19"], "comment_content": "怕就賣 不能心安 影響自身"}, {"comment_author": "xc2v", "comment_date": ["04/16", "15:55"], "comment_content": "逢低布局"}, {"comment_author": "conpansate", "comment_date": ["04/16", "17:25"], "comment_content": "問就是賣"}, {"comment_author": "jimmykuo123", "comment_date": ["04/16", "17:30"], "comment_content": "反正你不賣就繼續跌 你一賣就漲"}, {"comment_author": "abcrr123", "comment_date": ["04/16", "18:03"], "comment_content": "明天就-25000了"}]}
