{"author": "shiftsmart (居家物)", "category": "Gossiping", "title": "[問卦] nike 沒念成ikea 就不錯了還嫌？", "date": "Tue Apr 16 21:45:11 2024", "content": ["剛剛看到有老公看到老婆nike 不會念就在那邊嫌老婆英文破可是我看很多人念nike 都念nike沒有念成nike 也都會通啊難道要叫那些念成ikea和Costco 都不用活嗎？那個老公是不是要求太高了？-----Sent from JPTT on my iPhone--"], "post_comment": [{"comment_author": "s6525480", "comment_date": ["04/16", "21:46"], "comment_content": "奈克"}, {"comment_author": "l11111111", "comment_date": ["04/16", "21:47"], "comment_content": "是真的蠢"}, {"comment_author": "Lenon4561", "comment_date": ["04/16", "21:47"], "comment_content": "我都唸nike"}, {"comment_author": "ymib", "comment_date": ["04/16", "21:47"], "comment_content": "妮姬"}, {"comment_author": "s6525480", "comment_date": ["04/16", "21:48"], "comment_content": "看背景似乎是台南 台南的台男"}, {"comment_author": "s6525480", "comment_date": ["04/16", "21:49"], "comment_content": "有一些堅持應該可以理解"}, {"comment_author": "s6525480", "comment_date": ["04/16", "21:49"], "comment_content": "就像肉燥飯滷肉飯魯肉飯"}, {"comment_author": "Yahweh", "comment_date": ["04/16", "21:50"], "comment_content": "回到未來那部片子穿nike的鞋回到過去還不"}, {"comment_author": "nikewang", "comment_date": ["04/16", "21:51"], "comment_content": "我都唸nikewang"}, {"comment_author": "Yahweh", "comment_date": ["04/16", "21:51"], "comment_content": "是被念成 nike 也沒啥大不了"}, {"comment_author": "xmorrisx", "comment_date": ["04/16", "21:52"], "comment_content": "對岸叫耐克"}, {"comment_author": "Tattoo", "comment_date": ["04/16", "21:53"], "comment_content": "連nike都不會念根本是智障吧"}, {"comment_author": "karenhorn", "comment_date": ["04/16", "21:58"], "comment_content": "我都唸Costco"}, {"comment_author": "ameko34", "comment_date": ["04/16", "22:05"], "comment_content": "奶替"}, {"comment_author": "UrFather", "comment_date": ["04/16", "22:11"], "comment_content": "一定兩個都很醜"}, {"comment_author": "tangsys", "comment_date": ["04/16", "22:22"], "comment_content": "覺得這一點挺虎爛的"}]}
