{"author": "myIDis7 (個字)", "category": "Gossiping", "title": "[問卦] +5腫瘤還有人記得嗎", "date": "Wed Apr 17 16:19:38 2024", "content": ["+5腫瘤以前的屁孩吵架影片今天看到新聞有人說+5腫瘤突然想到那個屁孩他的腫瘤好了沒有沒有八卦", "--"], "post_comment": [{"comment_author": "beeboombee", "comment_date": ["04/17", "16:20"], "comment_content": "+7了"}, {"comment_author": "meicon5566", "comment_date": ["04/17", "16:20"], "comment_content": "蘆洲莊正義"}, {"comment_author": "u987", "comment_date": ["04/17", "16:27"], "comment_content": "在加一張祝武衝上去"}, {"comment_author": "XSR700", "comment_date": ["04/17", "16:29"], "comment_content": "哇樓鳩裝正義啦"}, {"comment_author": "HodorDragon", "comment_date": ["04/17", "16:30"], "comment_content": "莊正義啦"}, {"comment_author": "felixr0123", "comment_date": ["04/17", "16:52"], "comment_content": "+89腫瘤"}]}
