{"author": "syearth (sysearth)", "category": "Gossiping", "title": "[問卦] 幹 台電買一度12元的電 然後漲電價?", "date": "Thu Apr 18 22:05:20 2024", "content": ["請問一下護航仔:俄烏戰爭 能源全世界都在漲結果今天被踢爆 台電:有的買一度大概8、10元，也有12元幹 台電買一度12元的電 然後漲電價?--"], "post_comment": [{"comment_author": "james732", "comment_date": ["04/18", "22:05"], "comment_content": "還不是柯文哲害的"}, {"comment_author": "lird", "comment_date": ["04/18", "22:06"], "comment_content": "一樓專業"}, {"comment_author": "dynamis", "comment_date": ["04/18", "22:06"], "comment_content": ""}, {"comment_author": "buike", "comment_date": ["04/18", "22:06"], "comment_content": "供養民進黨是全台灣人的義務，懂？"}, {"comment_author": "k385476916", "comment_date": ["04/18", "22:07"], "comment_content": "對啊多棒啊"}, {"comment_author": "qaz12453", "comment_date": ["04/18", "22:07"], "comment_content": "一樓 專業ㄟ"}, {"comment_author": "tontonplus", "comment_date": ["04/18", "22:07"], "comment_content": "美花:沒有停電,你不高興?"}, {"comment_author": "akila08539", "comment_date": ["04/18", "22:07"], "comment_content": "一樓很懂"}, {"comment_author": "greenblue", "comment_date": ["04/18", "22:08"], "comment_content": "台電沒賺錢 誰賺了 :D"}, {"comment_author": "applejim", "comment_date": ["04/18", "22:08"], "comment_content": "核電蓋起來"}, {"comment_author": "perlone", "comment_date": ["04/18", "22:08"], "comment_content": "柯文哲當副手 現在就可以讓侯查弊案了"}, {"comment_author": "ohiu", "comment_date": ["04/18", "22:08"], "comment_content": "誰快去把民進党這些垃圾丟個臭雞蛋"}, {"comment_author": "ComeThrough", "comment_date": ["04/18", "22:08"], "comment_content": "不爽不要用電啊"}, {"comment_author": "lwt501cx", "comment_date": ["04/18", "22:08"], "comment_content": "綠能的電也用貴的價格在輸血"}, {"comment_author": "comp2468", "comment_date": ["04/18", "22:08"], "comment_content": "呃，一度六元的話現在沒電用喔"}, {"comment_author": "mopepe5566", "comment_date": ["04/18", "22:08"], "comment_content": "黨不用世代富貴嗎？40%選的"}, {"comment_author": "yangweiisi", "comment_date": ["04/18", "22:08"], "comment_content": ""}, {"comment_author": "jacket664", "comment_date": ["04/18", "22:08"], "comment_content": "這麼好賺，你知道為什麼台南搞到要開槍"}, {"comment_author": "jacket664", "comment_date": ["04/18", "22:09"], "comment_content": "了吧"}, {"comment_author": "GLUESTICK", "comment_date": ["04/18", "22:09"], "comment_content": "合法搶台電再讓全民去補"}, {"comment_author": "zorro1111", "comment_date": ["04/18", "22:09"], "comment_content": "1樓明天党部報到"}, {"comment_author": "shauima", "comment_date": ["04/18", "22:09"], "comment_content": ""}, {"comment_author": "ILOVEluee", "comment_date": ["04/18", "22:10"], "comment_content": "假老二 夜郎自大  結果當歷史罪人  廢"}, {"comment_author": "Newtype", "comment_date": ["04/18", "22:10"], "comment_content": "不然為什麼要反核?"}, {"comment_author": "sincere77", "comment_date": ["04/18", "22:10"], "comment_content": "重點不是一度多少錢，而是明明缺電事"}, {"comment_author": "GKKR", "comment_date": ["04/18", "22:10"], "comment_content": "哥布林吃人夠夠"}, {"comment_author": "aa52189", "comment_date": ["04/18", "22:11"], "comment_content": "不要太不滿"}, {"comment_author": "sincere77", "comment_date": ["04/18", "22:11"], "comment_content": "實擺在眼前還死不承認"}, {"comment_author": "Newtype", "comment_date": ["04/18", "22:11"], "comment_content": ""}, {"comment_author": "honey4617912", "comment_date": ["04/18", "22:11"], "comment_content": "不買雲豹怎麼賺呀"}, {"comment_author": "jagger", "comment_date": ["04/18", "22:11"], "comment_content": "一樓正解"}, {"comment_author": "heavensun", "comment_date": ["04/18", "22:11"], "comment_content": "還好有送黃國昌進立院  能質詢台電"}, {"comment_author": "hkcdc", "comment_date": ["04/18", "22:12"], "comment_content": "其他國家好像不是把綠能當成"}, {"comment_author": "clover1211", "comment_date": ["04/18", "22:12"], "comment_content": "民進黨就想從發電撈錢才搞殘台電"}, {"comment_author": "hkcdc", "comment_date": ["04/18", "22:12"], "comment_content": "賺錢發財的東西"}, {"comment_author": "flaneurbk", "comment_date": ["04/18", "22:12"], "comment_content": "不漲電價哪裡有錢買12元的電?"}, {"comment_author": "kobe143", "comment_date": ["04/18", "22:12"], "comment_content": "各位都是韭菜"}, {"comment_author": "xc2v", "comment_date": ["04/18", "22:12"], "comment_content": "綠電針香"}, {"comment_author": "ThisIsAnID", "comment_date": ["04/18", "22:12"], "comment_content": "在那叫什麼叫 我舉報你"}, {"comment_author": "dick929", "comment_date": ["04/18", "22:13"], "comment_content": "大家為了台積電要共體時艱"}, {"comment_author": "clover1211", "comment_date": ["04/18", "22:13"], "comment_content": "不然台灣電價明明就很便宜還處心積慮"}, {"comment_author": "p1227426", "comment_date": ["04/18", "22:13"], "comment_content": "去問民進黨  經濟部誰管的"}, {"comment_author": "ameko34", "comment_date": ["04/18", "22:13"], "comment_content": "塔綠班吃人不吐骨頭"}, {"comment_author": "Newtype", "comment_date": ["04/18", "22:13"], "comment_content": ""}, {"comment_author": "crazydj", "comment_date": ["04/18", "22:13"], "comment_content": "不這麼做哪有錢請公關在媒體帶風向?"}, {"comment_author": "marktak", "comment_date": ["04/18", "22:14"], "comment_content": "買貴是不能漲嗎！蛤！"}, {"comment_author": "clover1211", "comment_date": ["04/18", "22:14"], "comment_content": "要民營化做啥 當初還鬼扯不會漲電價"}, {"comment_author": "thejackys", "comment_date": ["04/18", "22:14"], "comment_content": "阿不就電業法在搞 嘻嘻"}, {"comment_author": "Ceferino", "comment_date": ["04/18", "22:14"], "comment_content": "供養小綠綠，懂的都懂"}, {"comment_author": "fir191938", "comment_date": ["04/18", "22:14"], "comment_content": "不然党要賺什麼 小公舉包包哪裡來"}, {"comment_author": "ThisIsAnID", "comment_date": ["04/18", "22:14"], "comment_content": ""}, {"comment_author": "ao5566", "comment_date": ["04/18", "22:14"], "comment_content": "kmt邪惡女人穿品牌比較重要好嗎"}, {"comment_author": "clover1211", "comment_date": ["04/18", "22:15"], "comment_content": "搞到虧幾千億還缺電"}, {"comment_author": "grimnir158", "comment_date": ["04/18", "22:15"], "comment_content": "貼以前反核照沒屁用 世界各國都轉彎了"}, {"comment_author": "starport", "comment_date": ["04/18", "22:15"], "comment_content": "勸你別問 党會解決提出問題的人"}, {"comment_author": "sansiaman", "comment_date": ["04/18", "22:15"], "comment_content": "有些人要賺錢，你懂得"}, {"comment_author": "j900414", "comment_date": ["04/18", "22:16"], "comment_content": "綠電廠商在洗錢啊"}, {"comment_author": "STi2011", "comment_date": ["04/18", "22:16"], "comment_content": "40%喜迎12塊電 投票贏死你"}, {"comment_author": "EXDes", "comment_date": ["04/18", "22:16"], "comment_content": "圖利罪：阿~~~沒事"}, {"comment_author": "Newtype", "comment_date": ["04/18", "22:16"], "comment_content": "不是\"以前\"反核 \"現在\"會缺電?"}, {"comment_author": "Newtype", "comment_date": ["04/18", "22:16"], "comment_content": "完全不敢面對民進黨跟國昌聯手坑殺台灣"}, {"comment_author": "WowProctor", "comment_date": ["04/18", "22:17"], "comment_content": "還沒戰爭就在搞了"}, {"comment_author": "ao5566", "comment_date": ["04/18", "22:17"], "comment_content": "賺的錢有拿去買名牌嗎 沒有嘛 所以不重要~"}, {"comment_author": "grimnir158", "comment_date": ["04/18", "22:17"], "comment_content": "事實就是現在全世界都需要核電"}, {"comment_author": "brian040818", "comment_date": ["04/18", "22:17"], "comment_content": "美國:台灣正在被掏空"}, {"comment_author": "spzper", "comment_date": ["04/18", "22:17"], "comment_content": "笑死還敢推卸責任"}, {"comment_author": "keith780902", "comment_date": ["04/18", "22:17"], "comment_content": "賺錢個p"}, {"comment_author": "AxlRose", "comment_date": ["04/18", "22:17"], "comment_content": "母豬要玩cosplay  你給我吞下去"}, {"comment_author": "grimnir158", "comment_date": ["04/18", "22:18"], "comment_content": "全世界都轉彎了 反核都變擁核 懂嗎"}, {"comment_author": "idlewolf", "comment_date": ["04/18", "22:18"], "comment_content": "不然你以為一個本來賺錢的事業是怎麼虧"}, {"comment_author": "idlewolf", "comment_date": ["04/18", "22:18"], "comment_content": "到短時間漲兩次電價還是一樣大虧的？"}, {"comment_author": "AxlRose", "comment_date": ["04/18", "22:18"], "comment_content": "重啟個屁 老娘要買cosplay 情趣服"}, {"comment_author": "AxlRose", "comment_date": ["04/18", "22:18"], "comment_content": "賴妓女"}, {"comment_author": "coffee112", "comment_date": ["04/18", "22:18"], "comment_content": ""}, {"comment_author": "Yidra", "comment_date": ["04/18", "22:18"], "comment_content": "不然黨要怎麼賺錢? 有錢了才能養蟑螂阿"}, {"comment_author": "coffee112", "comment_date": ["04/18", "22:19"], "comment_content": ""}, {"comment_author": "andyboy0428", "comment_date": ["04/18", "22:19"], "comment_content": "你撥接嗎？"}, {"comment_author": "lazarus1121", "comment_date": ["04/18", "22:19"], "comment_content": "拿政府補助開發綠電再加價賣給政府"}, {"comment_author": "jack529", "comment_date": ["04/18", "22:19"], "comment_content": "柯文哲就爛選不贏"}, {"comment_author": "coffee112", "comment_date": ["04/18", "22:19"], "comment_content": ""}, {"comment_author": "t81511270", "comment_date": ["04/18", "22:20"], "comment_content": "投票投死你"}, {"comment_author": "coffee112", "comment_date": ["04/18", "22:20"], "comment_content": "最會還債 結果把台電搞爛 別人發大財"}, {"comment_author": "stoke4096", "comment_date": ["04/18", "22:21"], "comment_content": "買臨時調度的還是都這個價錢帶風向都"}, {"comment_author": "stoke4096", "comment_date": ["04/18", "22:21"], "comment_content": "很簡單"}, {"comment_author": "coffee112", "comment_date": ["04/18", "22:21"], "comment_content": "前兩年左右提到高價買電還會被扣造謠"}, {"comment_author": "Newtype", "comment_date": ["04/18", "22:22"], "comment_content": "所以為什麼要臨時調度呢 ㄏㄏ"}, {"comment_author": "kenco", "comment_date": ["04/18", "22:22"], "comment_content": "綠共成立的政治目的，本來就是弄爛台灣"}, {"comment_author": "EXUAN", "comment_date": ["04/18", "22:22"], "comment_content": "反正那是下一代的事"}, {"comment_author": "doublecroxx", "comment_date": ["04/18", "22:23"], "comment_content": "蠢吱：台灣電價比其他國家便宜"}, {"comment_author": "STi2011", "comment_date": ["04/18", "22:23"], "comment_content": "慢慢等啦 最短4年 最常8年 UPS買好買滿"}, {"comment_author": "believefate", "comment_date": ["04/18", "22:23"], "comment_content": "感謝40%死忠搞爛台灣"}, {"comment_author": "daJas", "comment_date": ["04/18", "22:23"], "comment_content": "重啟個屁"}, {"comment_author": "kakoiee", "comment_date": ["04/18", "22:23"], "comment_content": "呵呵 民進黨的死窮人7414"}, {"comment_author": "KH8019", "comment_date": ["04/18", "22:23"], "comment_content": "光電業者轉飽飽"}, {"comment_author": "Kobe105", "comment_date": ["04/18", "22:23"], "comment_content": "高買低賣  蒿吐露絲"}, {"comment_author": "coffee112", "comment_date": ["04/18", "22:23"], "comment_content": "當初還造謠國民黨過度高估未來用電量"}, {"comment_author": "coffee112", "comment_date": ["04/18", "22:24"], "comment_content": "嘴馬英九過度建設電力設施 蓋太多了"}, {"comment_author": "ppav0v0v", "comment_date": ["04/18", "22:24"], "comment_content": "4www個www不www同www意"}, {"comment_author": "gint5566", "comment_date": ["04/18", "22:25"], "comment_content": "便宜的還在海上"}, {"comment_author": "coffee112", "comment_date": ["04/18", "22:25"], "comment_content": "民進党認為台灣未來根本不需要那麼多電"}, {"comment_author": "coffee112", "comment_date": ["04/18", "22:25"], "comment_content": ""}, {"comment_author": "toty1101", "comment_date": ["04/18", "22:25"], "comment_content": "黨不用賺嗎= ="}, {"comment_author": "Imgoodjob", "comment_date": ["04/18", "22:26"], "comment_content": "民主的電"}, {"comment_author": "coffee112", "comment_date": ["04/18", "22:26"], "comment_content": ""}, {"comment_author": "lml99", "comment_date": ["04/18", "22:26"], "comment_content": ""}, {"comment_author": "coffee112", "comment_date": ["04/18", "22:26"], "comment_content": ""}, {"comment_author": "aa0845", "comment_date": ["04/18", "22:26"], "comment_content": "就說死窮鬼 乖乖等著當炮灰就好了"}, {"comment_author": "skyringcha", "comment_date": ["04/18", "22:27"], "comment_content": "叫台電給這些垃圾吸血然後再抽老百姓"}, {"comment_author": "MapleStory55", "comment_date": ["04/18", "22:27"], "comment_content": "一樓厲害"}, {"comment_author": "skyringcha", "comment_date": ["04/18", "22:27"], "comment_content": "的血輸給台電，重電沒檢察官敢查笑死"}, {"comment_author": "finalstar", "comment_date": ["04/18", "22:27"], "comment_content": "不然黨的獻金要從哪來?"}, {"comment_author": "kiddnash", "comment_date": ["04/18", "22:28"], "comment_content": "不公開不透明再騙 就沒事了"}, {"comment_author": "nvlsvee", "comment_date": ["04/18", "22:28"], "comment_content": "去你媽的畜牲党"}, {"comment_author": "ringil", "comment_date": ["04/18", "22:29"], "comment_content": "抗中保台基金"}, {"comment_author": "albert2406", "comment_date": ["04/18", "22:31"], "comment_content": "幹你娘垃圾蔡EE"}, {"comment_author": "t81511270", "comment_date": ["04/18", "22:31"], "comment_content": "一樓專業的  假老二就是拿來罵的"}, {"comment_author": "andy279279", "comment_date": ["04/18", "22:32"], "comment_content": "垃圾党說不缺電的前提就是臺電必須用"}, {"comment_author": "andy279279", "comment_date": ["04/18", "22:32"], "comment_content": "超級貴的價格買電，垃圾至極"}, {"comment_author": "auxiliary11", "comment_date": ["04/18", "22:32"], "comment_content": "基進高端側翼環保反核仔負責出錢不就"}, {"comment_author": "auxiliary11", "comment_date": ["04/18", "22:33"], "comment_content": "好？"}, {"comment_author": "WWIII", "comment_date": ["04/18", "22:33"], "comment_content": "財富轉移啊 從人民轉到綠友友"}, {"comment_author": "sid3", "comment_date": ["04/18", "22:33"], "comment_content": "所以台電被哭德黨玩到破產  以前年年有盈餘"}, {"comment_author": "joefox", "comment_date": ["04/18", "22:33"], "comment_content": "當個聰明用電人"}, {"comment_author": "Delerium", "comment_date": ["04/18", "22:34"], "comment_content": "洨公主吃穿靠各位啦~"}, {"comment_author": "sid3", "comment_date": ["04/18", "22:34"], "comment_content": "本來不用漲電費還能降電費的  黨需要綠電發"}, {"comment_author": "sid3", "comment_date": ["04/18", "22:34"], "comment_content": "大財"}, {"comment_author": "eric61446", "comment_date": ["04/18", "22:34"], "comment_content": "雲豹 空手撈 12-4難怪要破產"}, {"comment_author": "sid3", "comment_date": ["04/18", "22:35"], "comment_content": "40%沒賺到還要幫黨抬轎"}, {"comment_author": "chenjasen", "comment_date": ["04/18", "22:35"], "comment_content": "台灣價值 多付點錢ok的"}, {"comment_author": "bigpan", "comment_date": ["04/18", "22:36"], "comment_content": "雲豹飛天賺到翻"}, {"comment_author": "EXZUSIC", "comment_date": ["04/18", "22:39"], "comment_content": "台灣已經更有力了（嘶吼"}, {"comment_author": "aszx5168", "comment_date": ["04/18", "22:40"], "comment_content": "一樓就是答案 不要太不滿"}, {"comment_author": "garcia", "comment_date": ["04/18", "22:41"], "comment_content": "民主的電 在路上"}, {"comment_author": "s1d87", "comment_date": ["04/18", "22:42"], "comment_content": "黨賺錢臭了嗎？"}, {"comment_author": "whathefuc", "comment_date": ["04/18", "22:42"], "comment_content": "一樓好像是正解"}, {"comment_author": "fujimoto", "comment_date": ["04/18", "22:45"], "comment_content": "垃圾低能破党智障腦殘40%"}, {"comment_author": "gene51604", "comment_date": ["04/18", "22:46"], "comment_content": "自己選的也只能承擔"}, {"comment_author": "vinca", "comment_date": ["04/18", "22:46"], "comment_content": "那些官商勾結的最好全送進監獄"}, {"comment_author": "NTPUpigeyes", "comment_date": ["04/18", "22:47"], "comment_content": "合法貪汙94爽，你們奈我何？"}, {"comment_author": "xpxp123xp", "comment_date": ["04/18", "22:47"], "comment_content": "不這樣幹 小公主怎麼買COSPLAY衣服呢"}, {"comment_author": "whiteadam", "comment_date": ["04/18", "22:48"], "comment_content": "好"}, {"comment_author": "yumika", "comment_date": ["04/18", "22:49"], "comment_content": "民進黨說圖利廠商天經地義"}, {"comment_author": "yauaia", "comment_date": ["04/18", "22:50"], "comment_content": "不然黨要撈什麼 光明正大掏空台灣"}, {"comment_author": "hoger", "comment_date": ["04/18", "22:50"], "comment_content": "817抗中保台比較重要"}, {"comment_author": "Qkirito", "comment_date": ["04/18", "22:50"], "comment_content": "一樓 演示社會性側翼的具體表現"}, {"comment_author": "Alaba", "comment_date": ["04/18", "22:51"], "comment_content": "不然你要投國民黨嗎"}, {"comment_author": "hiimjack", "comment_date": ["04/18", "22:56"], "comment_content": "原本以為9元已經很扯了 沒想到貪污黨完"}, {"comment_author": "hiimjack", "comment_date": ["04/18", "22:56"], "comment_content": "全沒極限"}, {"comment_author": "NewOneM7", "comment_date": ["04/18", "22:56"], "comment_content": "那可以跟台電買電來賣他嗎"}, {"comment_author": "miffei", "comment_date": ["04/18", "22:57"], "comment_content": "喜迎～"}, {"comment_author": "November1992", "comment_date": ["04/18", "22:57"], "comment_content": "你用到全型了才會 該半形框框就好"}, {"comment_author": "November1992", "comment_date": ["04/18", "22:58"], "comment_content": "不會改就去發文複製"}, {"comment_author": "TDOO", "comment_date": ["04/18", "22:58"], "comment_content": "不高興下次可以不要投oo黨.jpg"}, {"comment_author": "yumika", "comment_date": ["04/18", "23:01"], "comment_content": "自己不會發電嗎 自己不爭氣只能怪政府"}, {"comment_author": "cloudpart2", "comment_date": ["04/18", "23:01"], "comment_content": "厲害了一樓"}, {"comment_author": "alvinpom", "comment_date": ["04/18", "23:02"], "comment_content": "別質疑黨"}, {"comment_author": "fred2133", "comment_date": ["04/18", "23:03"], "comment_content": "不然不要用啊，嘻嘻"}, {"comment_author": "xaxa0101", "comment_date": ["04/18", "23:04"], "comment_content": ""}, {"comment_author": "karenhorn", "comment_date": ["04/18", "23:04"], "comment_content": "小公主：重啟個屁"}, {"comment_author": "blacwhte", "comment_date": ["04/18", "23:05"], "comment_content": "補漲過去凍漲的 未來繼續漲"}, {"comment_author": "ya8957", "comment_date": ["04/18", "23:06"], "comment_content": "人渣資進党會說漲價跟買一度12元的電無關"}, {"comment_author": "xxxxxuan", "comment_date": ["04/18", "23:06"], "comment_content": "小公主森七七"}, {"comment_author": "serendipity", "comment_date": ["04/18", "23:07"], "comment_content": "     為了環保綠能值得"}, {"comment_author": "Izangel", "comment_date": ["04/18", "23:07"], "comment_content": "「臨時調度」不懂？笑死"}, {"comment_author": "DreamW", "comment_date": ["04/18", "23:08"], "comment_content": "這不是大家都早知道"}, {"comment_author": "physicsdk", "comment_date": ["04/18", "23:09"], "comment_content": "現在才幾月就在臨時調度 不就證明電力"}, {"comment_author": "physicsdk", "comment_date": ["04/18", "23:09"], "comment_content": "基載廢到笑 還想狡辯喔"}, {"comment_author": "DreamW", "comment_date": ["04/18", "23:09"], "comment_content": "因為全球都在搶綠電 無知的人才大驚小怪"}, {"comment_author": "physicsdk", "comment_date": ["04/18", "23:09"], "comment_content": "脆弱不堪"}, {"comment_author": "waitang", "comment_date": ["04/18", "23:09"], "comment_content": "一樓專業"}, {"comment_author": "shi21", "comment_date": ["04/18", "23:12"], "comment_content": "一樓是民進黨御用網軍嗎  真專業"}, {"comment_author": "Amanz", "comment_date": ["04/18", "23:12"], "comment_content": "綠色貪腐，查無不法"}, {"comment_author": "nubixi", "comment_date": ["04/18", "23:14"], "comment_content": "烏俄戰爭？當你業績達不到，你老闆會不會"}, {"comment_author": "sesame307", "comment_date": ["04/18", "23:14"], "comment_content": "笑死當時還嗆柯文哲造謠 結果還藏了12"}, {"comment_author": "sesame307", "comment_date": ["04/18", "23:14"], "comment_content": "塊呀"}, {"comment_author": "nubixi", "comment_date": ["04/18", "23:14"], "comment_content": "同意你拿這個理由當藉口？領薪水，就把事"}, {"comment_author": "nubixi", "comment_date": ["04/18", "23:14"], "comment_content": "情做好，不然就滾，烏俄戰爭可以當藉口，"}, {"comment_author": "bairn", "comment_date": ["04/18", "23:14"], "comment_content": "是買1度12塊的電，賣你3塊半。還不感恩"}, {"comment_author": "nubixi", "comment_date": ["04/18", "23:14"], "comment_content": "那隨便找個人來當部長就好"}, {"comment_author": "hoined", "comment_date": ["04/18", "23:14"], "comment_content": "民進黨根本不會做事 廢物"}, {"comment_author": "wald5566", "comment_date": ["04/18", "23:16"], "comment_content": "小英政績 炒電炒起來"}, {"comment_author": "adk147852", "comment_date": ["04/18", "23:18"], "comment_content": "你不懂 40%不介意 完美的解法"}, {"comment_author": "joeduck", "comment_date": ["04/18", "23:20"], "comment_content": "小公主又可以出來嘴人囉"}, {"comment_author": "barkleykidd", "comment_date": ["04/18", "23:22"], "comment_content": "40%表示:便宜啦! 不然核廢料放你家?"}, {"comment_author": "endlesskarma", "comment_date": ["04/18", "23:23"], "comment_content": "民進黨奸商樁腳黑道都大賺 只有百姓"}, {"comment_author": "endlesskarma", "comment_date": ["04/18", "23:23"], "comment_content": "當冤大頭"}, {"comment_author": "malaman", "comment_date": ["04/18", "23:25"], "comment_content": "台灣不缺電  冷氣催下去"}, {"comment_author": "bingreen", "comment_date": ["04/18", "23:26"], "comment_content": "對這無恥無能類政府，還有什麼期待嗎"}, {"comment_author": "bonfferoni", "comment_date": ["04/18", "23:28"], "comment_content": "小公主玩摳屎play不用錢逆"}, {"comment_author": "DuMon", "comment_date": ["04/18", "23:29"], "comment_content": "錢的放大術"}, {"comment_author": "ccw2013", "comment_date": ["04/18", "23:30"], "comment_content": "到時候合約精神，必須照合約走唷"}, {"comment_author": "cc1plus", "comment_date": ["04/18", "23:30"], "comment_content": "這樣幹很久了　需量競價認識一下"}, {"comment_author": "cms6384", "comment_date": ["04/18", "23:33"], "comment_content": "你各位就是韭菜在那叫什麼"}, {"comment_author": "yvette34528", "comment_date": ["04/18", "23:34"], "comment_content": "噁爛政府"}, {"comment_author": "kodo", "comment_date": ["04/18", "23:35"], "comment_content": "檢視你自己的投票紀錄吧！哭完還在含淚投票"}, {"comment_author": "getready555", "comment_date": ["04/18", "23:35"], "comment_content": "一樓專業 這可以出一份報告了"}, {"comment_author": "Jiajun0724", "comment_date": ["04/18", "23:35"], "comment_content": "怎樣 不爽喔 不爽也是自己選的啦"}, {"comment_author": "ZIQQ001", "comment_date": ["04/18", "23:36"], "comment_content": "民進黨發大財"}, {"comment_author": "DreamW", "comment_date": ["04/18", "23:37"], "comment_content": "買12 賠錢賣你3塊 不能漲價？"}, {"comment_author": "hellodoggie", "comment_date": ["04/18", "23:38"], "comment_content": "一樓認真誠實"}, {"comment_author": "Stunts", "comment_date": ["04/18", "23:41"], "comment_content": "廢核害的"}, {"comment_author": "ShockG", "comment_date": ["04/18", "23:41"], "comment_content": "12元的電是跟誰買的，能公佈嗎?"}, {"comment_author": "rustic5566", "comment_date": ["04/18", "23:43"], "comment_content": "綠營金主發大財 台灣價值要儲值 懂?"}, {"comment_author": "sunwit", "comment_date": ["04/18", "23:43"], "comment_content": "掏空國庫然後讓人民補錢"}, {"comment_author": "kimfor", "comment_date": ["04/18", "23:45"], "comment_content": "好爽喔，全民幫民進黨金庫買單"}, {"comment_author": "azcooper", "comment_date": ["04/18", "23:46"], "comment_content": "為党而戰為党捐軀"}, {"comment_author": "Kao860623", "comment_date": ["04/18", "23:47"], "comment_content": "台電不是肥羊，人民才是"}, {"comment_author": "Chrysan0924", "comment_date": ["04/18", "23:51"], "comment_content": "不然雲豹怎麼賺錢？"}, {"comment_author": "aska521", "comment_date": ["04/18", "23:51"], "comment_content": "投給民進黨的不就是希望漲價嗎？"}, {"comment_author": "ASG", "comment_date": ["04/18", "23:51"], "comment_content": "一樓 中肯 看起來大家都知道原因"}, {"comment_author": "swoosh67", "comment_date": ["04/18", "23:54"], "comment_content": "國庫通內褲 殷實商人愛台灣"}, {"comment_author": "UC93", "comment_date": ["04/18", "23:55"], "comment_content": "1F  明天民進黨3F找人事部簽約"}, {"comment_author": "happyonly", "comment_date": ["04/18", "23:55"], "comment_content": "大陸也這樣搞，台灣信仰"}, {"comment_author": "gobo", "comment_date": ["04/18", "23:56"], "comment_content": "全台養雲豹！！"}, {"comment_author": "depo", "comment_date": ["04/18", "23:57"], "comment_content": "40%穩穩的，不爽滾"}, {"comment_author": "k374318", "comment_date": ["04/18", "23:58"], "comment_content": "台電國營，為了穩定供電成本無上限"}, {"comment_author": "nakayamayyt", "comment_date": ["04/19", "00:00"], "comment_content": "參考 雲豹能源的獲利"}, {"comment_author": "luvU", "comment_date": ["04/19", "00:01"], "comment_content": "綠營支持者感覺很棒吧"}, {"comment_author": "f10qpalzm", "comment_date": ["04/19", "00:02"], "comment_content": "聰明如40%股市早就賺回來了"}, {"comment_author": "yujin", "comment_date": ["04/19", "00:04"], "comment_content": "去你的爛政府"}, {"comment_author": "new71050", "comment_date": ["04/19", "00:04"], "comment_content": "不然你要投國民黨"}, {"comment_author": "mis1114", "comment_date": ["04/19", "00:05"], "comment_content": "送錢給老闆"}, {"comment_author": "Nakano2021", "comment_date": ["04/19", "00:09"], "comment_content": "不要太不滿，真的不滿可以去中國"}, {"comment_author": "www2967", "comment_date": ["04/19", "00:09"], "comment_content": "台灣價值 柯韓粉懂屁 選不贏在那邊"}, {"comment_author": "www2967", "comment_date": ["04/19", "00:10"], "comment_content": "不爽不要投 抗中保台 正義必勝"}, {"comment_author": "kappaco", "comment_date": ["04/19", "00:10"], "comment_content": "雲豹小公主拿去做醫美了啾咪"}, {"comment_author": "lim921", "comment_date": ["04/19", "00:10"], "comment_content": "全民盤子"}, {"comment_author": "keyneslan", "comment_date": ["04/19", "00:11"], "comment_content": "這一定要調查"}, {"comment_author": "demodemo", "comment_date": ["04/19", "00:16"], "comment_content": ""}, {"comment_author": "feng990719", "comment_date": ["04/19", "00:16"], "comment_content": "有政府安心啦"}, {"comment_author": "birdskingla", "comment_date": ["04/19", "00:18"], "comment_content": "核四開了不是就好了"}, {"comment_author": "nikewang", "comment_date": ["04/19", "00:18"], "comment_content": "不然雲豹賺什麼? 民進黨掏空台灣的招"}, {"comment_author": "nikewang", "comment_date": ["04/19", "00:19"], "comment_content": "別忘了準經濟部長郭智輝 他的崇越集團有"}, {"comment_author": "nikewang", "comment_date": ["04/19", "00:19"], "comment_content": "在搞綠能電廠和光電"}, {"comment_author": "c642358", "comment_date": ["04/19", "00:25"], "comment_content": "去問那個中國衰尾破麻慈禧太后和那個死"}, {"comment_author": "c642358", "comment_date": ["04/19", "00:25"], "comment_content": "白目阿花阿"}, {"comment_author": "keepaflash", "comment_date": ["04/19", "00:25"], "comment_content": "40%會下地獄 幹 絕子絕孫"}, {"comment_author": "keepaflash", "comment_date": ["04/19", "00:27"], "comment_content": "民進黨一旦發生垃圾事蹟 40%他媽的永"}, {"comment_author": "keepaflash", "comment_date": ["04/19", "00:27"], "comment_content": "遠只會拿他國事務來救援 操"}, {"comment_author": "kkjjrtlym", "comment_date": ["04/19", "00:27"], "comment_content": "閉嘴啦 我們死忠先檢討立委穿啥衣服辣"}, {"comment_author": "SunRoy", "comment_date": ["04/19", "00:29"], "comment_content": "40%雜種 選的"}, {"comment_author": "speedup", "comment_date": ["04/19", "00:33"], "comment_content": "還在藏電"}, {"comment_author": "WWIII", "comment_date": ["04/19", "00:34"], "comment_content": "台電中油跌倒 綠友友吃飽"}, {"comment_author": "hsiao15165", "comment_date": ["04/19", "00:34"], "comment_content": "說什麼便宜的天然氣，是不是都在騙"}, {"comment_author": "donotggyy", "comment_date": ["04/19", "00:35"], "comment_content": "小公主沒工作 需要零用錢"}, {"comment_author": "g9911761", "comment_date": ["04/19", "00:35"], "comment_content": "合法搬你我的錢 有關係真爽"}, {"comment_author": "Lolira", "comment_date": ["04/19", "00:40"], "comment_content": "騙你不懂啊"}, {"comment_author": "paselalps", "comment_date": ["04/19", "00:41"], "comment_content": "民進黨：賺爛了"}, {"comment_author": "BaBiQ", "comment_date": ["04/19", "00:41"], "comment_content": "這樣賺錢會下地獄吧"}, {"comment_author": "funkD", "comment_date": ["04/19", "00:41"], "comment_content": "黨不用賺? 小公主不用賺? 網軍不用錢?"}, {"comment_author": "bdgnrd0103", "comment_date": ["04/19", "00:50"], "comment_content": "柯文哲下台"}, {"comment_author": "hitmd", "comment_date": ["04/19", "00:56"], "comment_content": "終於教訓柯文哲了"}, {"comment_author": "JG8861", "comment_date": ["04/19", "00:58"], "comment_content": "慘"}, {"comment_author": "imkp", "comment_date": ["04/19", "01:00"], "comment_content": "哥布林喜迎"}, {"comment_author": "brolli", "comment_date": ["04/19", "01:03"], "comment_content": "放心，推給民眾就好，大家都同意政府沒有"}, {"comment_author": "brolli", "comment_date": ["04/19", "01:03"], "comment_content": "錯"}, {"comment_author": "hhc0246", "comment_date": ["04/19", "01:07"], "comment_content": "把天然氣佔比拉這麼高，才容易被燃料成本"}, {"comment_author": "hhc0246", "comment_date": ["04/19", "01:07"], "comment_content": "影響"}, {"comment_author": "planetQ", "comment_date": ["04/19", "01:08"], "comment_content": "垃圾黨"}, {"comment_author": "gaupyng1", "comment_date": ["04/19", "01:09"], "comment_content": "雲動物很開心"}, {"comment_author": "seou", "comment_date": ["04/19", "01:12"], "comment_content": "都they的錯"}, {"comment_author": "rakuinn", "comment_date": ["04/19", "01:18"], "comment_content": "綠電賺到流油 幹破你娘冥進洞"}, {"comment_author": "libraghost", "comment_date": ["04/19", "01:19"], "comment_content": "不然cosplay的錢哪裡來"}, {"comment_author": "gin10791", "comment_date": ["04/19", "01:21"], "comment_content": "國民黨上台只會一起撈 查個機巴"}, {"comment_author": "fegat", "comment_date": ["04/19", "01:21"], "comment_content": "沒辦法 就算台電買50塊 40%還是死忠"}, {"comment_author": "fegat", "comment_date": ["04/19", "01:22"], "comment_content": "各種弊案擺在那 也拿DPP沒辦法"}, {"comment_author": "sigma729", "comment_date": ["04/19", "01:23"], "comment_content": "垃圾政府"}, {"comment_author": "ja1295", "comment_date": ["04/19", "01:24"], "comment_content": "叫什麼？60%的票不集中啊"}, {"comment_author": "loout", "comment_date": ["04/19", "01:34"], "comment_content": "只要有問題一切責任盡在柯方"}, {"comment_author": "jack41402", "comment_date": ["04/19", "01:50"], "comment_content": "很扯，國營事業肩負電力穩定性，結果連"}, {"comment_author": "jack41402", "comment_date": ["04/19", "01:50"], "comment_content": "基本的發電量都不能滿足還要買電"}, {"comment_author": "OCDisorder", "comment_date": ["04/19", "01:54"], "comment_content": "不能等520之後再爆？你居心叵測"}, {"comment_author": "km612tw", "comment_date": ["04/19", "01:57"], "comment_content": "綠共合法搶劫你 開心嗎"}, {"comment_author": "joygo", "comment_date": ["04/19", "01:59"], "comment_content": "40%就選的上啊 沒辦法"}, {"comment_author": "ff20", "comment_date": ["04/19", "02:26"], "comment_content": "一樓明天報到"}, {"comment_author": "hitratio", "comment_date": ["04/19", "02:31"], "comment_content": "合法搬錢  沒電就要買 台電沒缺電買就有"}, {"comment_author": "musicaledio", "comment_date": ["04/19", "02:44"], "comment_content": "還不是藍白扯後腿  中共同路人！"}, {"comment_author": "AntiDKP", "comment_date": ["04/19", "03:04"], "comment_content": "沒辦法！！畢竟要抗中保台。"}, {"comment_author": "AntiDKP", "comment_date": ["04/19", "03:04"], "comment_content": "就算1度30元也要吞！！"}, {"comment_author": "aaaa8247", "comment_date": ["04/19", "03:15"], "comment_content": "賺你各位的錢喔"}, {"comment_author": "j5a5m0e4s", "comment_date": ["04/19", "03:23"], "comment_content": "綠畜會出來吠 台灣電太便宜"}, {"comment_author": "j5a5m0e4s", "comment_date": ["04/19", "03:23"], "comment_content": "要我們為錯誤政策與綠電油水買單"}, {"comment_author": "dreamfree", "comment_date": ["04/19", "03:28"], "comment_content": "四十趴害慘台灣 可憐吶"}, {"comment_author": "hifuyo", "comment_date": ["04/19", "03:56"], "comment_content": "台電是國營企業，綠電就非得轉成民營，先"}, {"comment_author": "hifuyo", "comment_date": ["04/19", "03:56"], "comment_content": "是廢核擴大電力需求，然後用納稅錢補助綠"}, {"comment_author": "hifuyo", "comment_date": ["04/19", "03:56"], "comment_content": "能，再拿台電高價收購綠電，接著酬庸黨員"}, {"comment_author": "hifuyo", "comment_date": ["04/19", "03:57"], "comment_content": "擔任綠能公司要職，順便內線炒股，最後仗"}, {"comment_author": "hifuyo", "comment_date": ["04/19", "03:57"], "comment_content": "著歐盟碳稅逼著民間企業買單高價綠電，民"}, {"comment_author": "hifuyo", "comment_date": ["04/19", "03:57"], "comment_content": "進黨一連串騷操作造成什麼後果？台電虧損"}, {"comment_author": "hifuyo", "comment_date": ["04/19", "03:57"], "comment_content": "開始漲電價連帶物價上漲，企業用電成本增"}, {"comment_author": "hifuyo", "comment_date": ["04/19", "03:57"], "comment_content": "加開始裁員不加薪，全民受害"}, {"comment_author": "yugi2567", "comment_date": ["04/19", "04:11"], "comment_content": "垃圾政府"}, {"comment_author": "h3073210", "comment_date": ["04/19", "04:40"], "comment_content": "40%無感，讓40%負擔即可"}, {"comment_author": "Skies16899", "comment_date": ["04/19", "04:40"], "comment_content": "你知道的太多了"}, {"comment_author": "hohohoha", "comment_date": ["04/19", "04:48"], "comment_content": "台GG一度6塊嫌貴 我大政府12塊花的不手"}, {"comment_author": "hohohoha", "comment_date": ["04/19", "04:48"], "comment_content": "軟"}, {"comment_author": "haverjohn", "comment_date": ["04/19", "04:49"], "comment_content": "你看看賣方是誰麻，嘻嘻"}, {"comment_author": "aoecc", "comment_date": ["04/19", "05:57"], "comment_content": "台南幹嘛開槍？大家每個人都賺12億，憑什"}, {"comment_author": "aoecc", "comment_date": ["04/19", "05:57"], "comment_content": "麼我只賺8億"}, {"comment_author": "icedata", "comment_date": ["04/19", "06:10"], "comment_content": "在那邊亂造什麼謠呢！人家台電是如果有突"}, {"comment_author": "icedata", "comment_date": ["04/19", "06:10"], "comment_content": "發狀況讓發電機組跳脫 會用高價向民間業"}, {"comment_author": "icedata", "comment_date": ["04/19", "06:10"], "comment_content": "者緊急調度電力才會這麼貴...亂造謠"}, {"comment_author": "neoa01", "comment_date": ["04/19", "06:10"], "comment_content": "民進黨真會拼經濟啊"}, {"comment_author": "yuanhy63", "comment_date": ["04/19", "06:15"], "comment_content": "台灣跌倒 雲豹吃飽 感恩党"}, {"comment_author": "pearlQQ", "comment_date": ["04/19", "06:49"], "comment_content": "不然綠色怎麼賺，不要核電就是這樣"}, {"comment_author": "vicdecx", "comment_date": ["04/19", "07:08"], "comment_content": "反核 缺電 補助 買電 漲電 發錢溫煮 成常"}, {"comment_author": "TeddyisaBear", "comment_date": ["04/19", "07:09"], "comment_content": "看看綠電公司都是誰開的就知道了"}, {"comment_author": "TPDC", "comment_date": ["04/19", "07:35"], "comment_content": "環保可是很昂貴ㄉ"}, {"comment_author": "holysshit", "comment_date": ["04/19", "07:40"], "comment_content": "每年缺電還是有40%的人投，可悲"}, {"comment_author": "eayterrr", "comment_date": ["04/19", "07:42"], "comment_content": "叫什麼？不然黨賺什麼"}, {"comment_author": "pswen", "comment_date": ["04/19", "07:46"], "comment_content": "所以？你只能乖乖聽話掏錢付帳"}, {"comment_author": "leokidd1976", "comment_date": ["04/19", "07:52"], "comment_content": "一樓專業"}, {"comment_author": "yotama12005", "comment_date": ["04/19", "07:53"], "comment_content": "合法貪污你管得著嗎？"}, {"comment_author": "stephon50", "comment_date": ["04/19", "08:13"], "comment_content": "40趴覺得便宜"}, {"comment_author": "ljm87", "comment_date": ["04/19", "08:14"], "comment_content": "人民養党 支持党是天經地義"}, {"comment_author": "pizzalot", "comment_date": ["04/19", "08:21"], "comment_content": "一樓很會XDDDDD"}, {"comment_author": "kattte", "comment_date": ["04/19", "08:23"], "comment_content": "民進党：不開心的話，你咬我阿"}, {"comment_author": "lemwsoyha", "comment_date": ["04/19", "08:42"], "comment_content": "不就上世代的愚民被操弄反核"}, {"comment_author": "pig96383", "comment_date": ["04/19", "08:45"], "comment_content": "小公舉要買新衣服"}, {"comment_author": "RWT512", "comment_date": ["04/19", "08:51"], "comment_content": "雲豹不用吃飽嗎？在那叫什麼"}, {"comment_author": "solobobson", "comment_date": ["04/19", "09:07"], "comment_content": "已經很久了，沒辦法，40趴就愛這味"}, {"comment_author": "yzhna", "comment_date": ["04/19", "09:08"], "comment_content": "五鬼搬運大法 國庫通黨庫"}, {"comment_author": "yzhna", "comment_date": ["04/19", "09:08"], "comment_content": "知道那麼多 等等40%會說要唱衰台灣"}, {"comment_author": "jerrylin", "comment_date": ["04/19", "09:10"], "comment_content": "不買就沒電用了"}, {"comment_author": "SphereDavid", "comment_date": ["04/19", "09:27"], "comment_content": "天然氣大跌然後賠錢"}, {"comment_author": "lin212324", "comment_date": ["04/19", "09:40"], "comment_content": "台灣被掏空沈淪"}, {"comment_author": "lin212324", "comment_date": ["04/19", "09:40"], "comment_content": "人類的愚蠢及貪婪將自食惡果"}, {"comment_author": "j33128", "comment_date": ["04/19", "09:41"], "comment_content": "垃圾民進黨"}, {"comment_author": "nenini", "comment_date": ["04/19", "09:55"], "comment_content": "1F抓到重點，黨愛你"}, {"comment_author": "giacch", "comment_date": ["04/19", "10:11"], "comment_content": "台電買電? 電也能外包?"}, {"comment_author": "steven21", "comment_date": ["04/19", "10:13"], "comment_content": "在抗中保台四字真言之下，什麼都合理"}, {"comment_author": "justeat", "comment_date": ["04/19", "11:13"], "comment_content": "還不是因為你反核"}, {"comment_author": "jack5210", "comment_date": ["04/19", "11:39"], "comment_content": "智障 是每度都十二元嗎？"}, {"comment_author": "chulen", "comment_date": ["04/19", "11:55"], "comment_content": "一樓超快超專業"}, {"comment_author": "a75100983", "comment_date": ["04/19", "12:11"], "comment_content": "不然你自己開發電廠看看一度多少錢"}, {"comment_author": "euudknrs1", "comment_date": ["04/19", "12:34"], "comment_content": ""}, {"comment_author": "Godright", "comment_date": ["04/19", "13:37"], "comment_content": "一樓該加薪了"}, {"comment_author": "garyit", "comment_date": ["04/19", "13:57"], "comment_content": "那些反核的都會去用1度12元的電好了"}, {"comment_author": "denchown", "comment_date": ["04/19", "14:16"], "comment_content": "台灣快淪陷了嗎?"}, {"comment_author": "kukuyo", "comment_date": ["04/19", "14:24"], "comment_content": "在那叫什麼 去跟你老闆講"}, {"comment_author": "kkkshiny", "comment_date": ["04/19", "15:03"], "comment_content": ".."}]}
