{"author": "Paul1021 (胡迪)", "category": "Gossiping", "title": "[問卦] 結婚是不是真的會一堆很煩的問題", "date": "Tue Apr 16 20:33:42 2024", "content": ["本肥剛剛看到婚姻板真的有一堆婚姻上的問題耶雞毛蒜皮的問題都有結婚是不是真的會有一堆問題啊大家怎麼看呢--"], "post_comment": [{"comment_author": "syntax123", "comment_date": ["04/16", "20:34"], "comment_content": "墳墓"}, {"comment_author": "hikaru77613", "comment_date": ["04/16", "20:37"], "comment_content": "結婚是兩個家族的事情…這兩家族原"}, {"comment_author": "hikaru77613", "comment_date": ["04/16", "20:37"], "comment_content": "先都不認識也不知道彼此習性如何.."}, {"comment_author": "etiennechiu", "comment_date": ["04/16", "20:37"], "comment_content": "看人，我身邊結婚的有蠻多人還是很"}, {"comment_author": "hikaru77613", "comment_date": ["04/16", "20:37"], "comment_content": "所以摩擦ㄧ定有..沒認清這些事就不"}, {"comment_author": "etiennechiu", "comment_date": ["04/16", "20:38"], "comment_content": "開心"}, {"comment_author": "hikaru77613", "comment_date": ["04/16", "20:38"], "comment_content": "要結婚以免麻煩…"}, {"comment_author": "piece1", "comment_date": ["04/16", "20:40"], "comment_content": "結婚就是學習包容啊！"}, {"comment_author": "onex", "comment_date": ["04/16", "20:40"], "comment_content": "結後生活都小事，顧小孩才是地獄的開始"}, {"comment_author": "ftvs", "comment_date": ["04/16", "20:48"], "comment_content": "互取所需"}, {"comment_author": "iinstan", "comment_date": ["04/16", "20:49"], "comment_content": "一堆人根本是傻傻結婚，遇到狀況再來崩"}, {"comment_author": "iinstan", "comment_date": ["04/16", "20:49"], "comment_content": "潰XD"}, {"comment_author": "yumika", "comment_date": ["04/16", "20:53"], "comment_content": "看是不是娶到巨嬰"}, {"comment_author": "lawfer", "comment_date": ["04/16", "21:22"], "comment_content": "台男只想要解成就就隨便結婚了"}, {"comment_author": "tienyi", "comment_date": ["04/16", "21:33"], "comment_content": "兩個人住在一起，不管男女就夠你吵的了"}, {"comment_author": "b9513227", "comment_date": ["04/16", "21:34"], "comment_content": "沒有同居過就結婚根本傻了"}, {"comment_author": "meggy956", "comment_date": ["04/16", "21:41"], "comment_content": "看人 看網路當然會恐婚"}, {"comment_author": "j32072", "comment_date": ["04/16", "21:59"], "comment_content": "真的一堆 處男千萬別想結婚"}]}
