{"author": "MJ02 (Mika&John)", "category": "Gossiping", "title": "[問卦] 提昇鬥志的方法！", "date": "Tue Apr 16 21:42:22 2024", "content": ["肥肥最近感到人懨懨的做什麼都提不起勁！大多的事也都無所謂！該做的事能拖就拖！感覺整個人就沒鬥志，有沒有提昇鬥志的方法--"], "post_comment": [{"comment_author": "railman", "comment_date": ["04/16", "21:42"], "comment_content": "尻"}, {"comment_author": "syntax123", "comment_date": ["04/16", "21:43"], "comment_content": ""}]}
