{"author": "callhek (沒錢住帝寶)", "category": "Gossiping", "title": "[問卦] 幹你娘 新竹的蚊子是不是特別聰明？", "date": "Sun Apr 14 18:22:12 2024", "content": ["大家好，我是八卦優文子啦！週末兩天已經被蚊子吵醒兩次了…我住的地方平常沒有蚊子，不過不知道為什麼最近跑出來好幾隻，以前蚊子只會智障的在耳朵旁邊吵你，忍耐就好。最近蚊子直接飛到棉被裡面咬我，醒過來看到在牆壁要揍他還沒拿起電蚊拍，就飛走了，完全找不到…幹，現在蚊子還變聰明，會先消失喔，雞巴毛，不會去咬貓喔:(八卦？--", "說笑而已 而且有點全能貓"], "post_comment": [{"comment_author": "t127147157", "comment_date": ["04/14", "18:23"], "comment_content": "肛他"}, {"comment_author": "ncc5566", "comment_date": ["04/14", "18:23"], "comment_content": "凌晨有停電喔"}, {"comment_author": "MintSu", "comment_date": ["04/14", "18:23"], "comment_content": "為啥不點電蚊香？"}, {"comment_author": "ncc5566", "comment_date": ["04/14", "18:23"], "comment_content": "花個200 電蚊香不貴"}, {"comment_author": "yiloca", "comment_date": ["04/14", "18:23"], "comment_content": "吸太多工程師的血  進化了"}, {"comment_author": "raja98643667", "comment_date": ["04/14", "18:23"], "comment_content": "你不怕貓中心絲蟲喔？ 我都叫蚊子"}, {"comment_author": "raja98643667", "comment_date": ["04/14", "18:24"], "comment_content": "來找我  別著我家貓欸"}, {"comment_author": "ImBBCALL", "comment_date": ["04/14", "18:26"], "comment_content": "竹科蚊"}, {"comment_author": "azeroth", "comment_date": ["04/14", "18:27"], "comment_content": "水煙點下去 跟蚊子同歸於盡@皿@"}, {"comment_author": "z32510z", "comment_date": ["04/14", "18:27"], "comment_content": "冷氣開16度 試試看"}, {"comment_author": "yuta02", "comment_date": ["04/14", "18:32"], "comment_content": "竹科小草都都高級工程師呀：）"}, {"comment_author": "samm3320", "comment_date": ["04/14", "18:53"], "comment_content": "找高一點的房子"}, {"comment_author": "DirtyVegas", "comment_date": ["04/14", "18:55"], "comment_content": "工程師的血"}, {"comment_author": "Leibniz5566", "comment_date": ["04/14", "19:00"], "comment_content": "讓牠受精"}, {"comment_author": "pupuputtt", "comment_date": ["04/14", "19:00"], "comment_content": "衣服脫光直接餵飽他阿 反正還不是要餵"}, {"comment_author": "kmshy", "comment_date": ["04/14", "19:40"], "comment_content": "工程師的血"}]}
