{"author": "bleak777 (花朵)", "category": "Gossiping", "title": "[問卦] 人在做 天真的有在看嗎?", "date": "Thu Apr 18 15:50:39 2024", "content": ["如題想請問一下俗話說 人在做 天在看意思就是 不要以為做甚麼壞事都沒人知道老天自會處理那像這個社會上 有些人昧著良心賺錢冥冥之中會有不好的後果嗎?--"], "post_comment": [{"comment_author": "k385476916", "comment_date": ["04/18", "15:51"], "comment_content": "騙人的"}, {"comment_author": "ko363630", "comment_date": ["04/18", "15:51"], "comment_content": "那是騙人的 還沒長大?"}, {"comment_author": "bensonwood", "comment_date": ["04/18", "15:51"], "comment_content": "會啊 轉這種髒錢 錢會太多 會很麻煩"}, {"comment_author": "ianlin1216", "comment_date": ["04/18", "15:51"], "comment_content": "窮人自慰話術"}, {"comment_author": "sukoo", "comment_date": ["04/18", "15:51"], "comment_content": "騙人礦用的.你是人礦?"}, {"comment_author": "OPPAISuki", "comment_date": ["04/18", "15:52"], "comment_content": "老大哥在看著你"}, {"comment_author": "dbjdx", "comment_date": ["04/18", "15:53"], "comment_content": ""}, {"comment_author": "babuarea", "comment_date": ["04/18", "15:53"], "comment_content": "因為你拿他沒辦法只好用這句騙自己"}, {"comment_author": "sata1025", "comment_date": ["04/18", "15:54"], "comment_content": "那個是拿來洗腦愚民用的 拳頭大才是真的"}, {"comment_author": "lanesu", "comment_date": ["04/18", "15:54"], "comment_content": "有在「看」，不一定「處理」吧？"}, {"comment_author": "mou5009", "comment_date": ["04/18", "15:55"], "comment_content": "人在做 天在看 漏一句 不過也是麥安怎（"}, {"comment_author": "mou5009", "comment_date": ["04/18", "15:55"], "comment_content": "台語）"}, {"comment_author": "alex00089", "comment_date": ["04/18", "15:56"], "comment_content": "誰？"}, {"comment_author": "Dcwei", "comment_date": ["04/18", "15:56"], "comment_content": "看了會怎樣嗎 他就靜靜的看而已"}, {"comment_author": "iamandre", "comment_date": ["04/18", "15:57"], "comment_content": "善惡 報在你下一世而已"}, {"comment_author": "KKftw", "comment_date": ["04/18", "15:57"], "comment_content": "關心不介入"}, {"comment_author": "zwxyzxxx", "comment_date": ["04/18", "16:02"], "comment_content": "為什麼有些人一出生就非常的困苦身上一"}, {"comment_author": "Nesterovic", "comment_date": ["04/18", "16:03"], "comment_content": "醒醒吧 唬爛的 搞詐騙富到流油"}, {"comment_author": "zwxyzxxx", "comment_date": ["04/18", "16:03"], "comment_content": "堆疾病,不然就是早夭,這些都是因果來的"}, {"comment_author": "wolve", "comment_date": ["04/18", "16:04"], "comment_content": "老高前幾集有說 就只是看"}, {"comment_author": "allenatptt", "comment_date": ["04/18", "16:05"], "comment_content": "要先定義什麼是壞事，如果真的有神，"}, {"comment_author": "allenatptt", "comment_date": ["04/18", "16:06"], "comment_content": "他可能覺得人類的所有行為都沒有所謂"}, {"comment_author": "allenatptt", "comment_date": ["04/18", "16:06"], "comment_content": "的好壞，就像人類看螞蟻"}, {"comment_author": "ebeta", "comment_date": ["04/18", "16:07"], "comment_content": "沒有，神才不會管那麼多"}, {"comment_author": "iamandre", "comment_date": ["04/18", "16:07"], "comment_content": "業沒有好壞 但造什嚜業 就要承擔什麼後"}, {"comment_author": "iamandre", "comment_date": ["04/18", "16:07"], "comment_content": "果"}, {"comment_author": "iamandre", "comment_date": ["04/18", "16:08"], "comment_content": "好的後果 就是善業 壞的後果 就是惡業"}, {"comment_author": "linyi520", "comment_date": ["04/18", "16:14"], "comment_content": "不是不報，是時候未到"}, {"comment_author": "livehouse", "comment_date": ["04/18", "16:15"], "comment_content": "會的，這些人都會不得好死"}, {"comment_author": "coffee112", "comment_date": ["04/18", "16:19"], "comment_content": "我叔叔說 就算這輩子沒報 也會報下輩子"}, {"comment_author": "GTOyoko5566", "comment_date": ["04/18", "16:21"], "comment_content": "如果有在看，那海線胖子早慘死了"}, {"comment_author": "zwxyzxxx", "comment_date": ["04/18", "16:22"], "comment_content": "因果通三世 過去 現在 未來,有些人作壞"}, {"comment_author": "zwxyzxxx", "comment_date": ["04/18", "16:22"], "comment_content": "事還沒有不好的報應,那只是時候沒到"}, {"comment_author": "zwxyzxxx", "comment_date": ["04/18", "16:23"], "comment_content": "該來的報應你絕對逃不了, 因緣會遇時"}, {"comment_author": "GTOyoko5566", "comment_date": ["04/18", "16:23"], "comment_content": "那報應什麼時候會到，搞笑"}, {"comment_author": "zwxyzxxx", "comment_date": ["04/18", "16:23"], "comment_content": "果報還自受 , 切記 切記"}, {"comment_author": "zwxyzxxx", "comment_date": ["04/18", "16:24"], "comment_content": "這就要看他過去事的善果消耗完了沒"}, {"comment_author": "GTOyoko5566", "comment_date": ["04/18", "16:24"], "comment_content": "你說的只能是警惕人們別作壞事"}, {"comment_author": "GTOyoko5566", "comment_date": ["04/18", "16:24"], "comment_content": "但是人們真做壞事，你自己也不知道"}, {"comment_author": "GTOyoko5566", "comment_date": ["04/18", "16:25"], "comment_content": "他們什麼時候會受報應，唯一能懲罰"}, {"comment_author": "GTOyoko5566", "comment_date": ["04/18", "16:25"], "comment_content": "他們的只有人們定的法律"}, {"comment_author": "yololu", "comment_date": ["04/18", "16:25"], "comment_content": "沒有 唬爛的 看看台中一堆跑車就知道"}, {"comment_author": "motoe680i", "comment_date": ["04/18", "16:25"], "comment_content": "會有報應，但不是每個壞人都有"}, {"comment_author": "GTOyoko5566", "comment_date": ["04/18", "16:26"], "comment_content": "我認為你說的立意是好的，但效果"}, {"comment_author": "GTOyoko5566", "comment_date": ["04/18", "16:26"], "comment_content": "我只能說唉，現實總是殘酷的"}, {"comment_author": "andy810306", "comment_date": ["04/18", "16:26"], "comment_content": "吸血半導體全部被消失應該就有在看"}, {"comment_author": "lipstick", "comment_date": ["04/18", "16:27"], "comment_content": "沒有"}, {"comment_author": "JYLai", "comment_date": ["04/18", "16:33"], "comment_content": "8+9在作 天在看  8+9:跨啥洨! 淦!"}, {"comment_author": "sunwill34243", "comment_date": ["04/18", "16:36"], "comment_content": "李克強:..."}, {"comment_author": "winterjoker", "comment_date": ["04/18", "16:39"], "comment_content": "大小姐支持度這麼高你跟我說有在看"}, {"comment_author": "winterjoker", "comment_date": ["04/18", "16:39"], "comment_content": "？"}, {"comment_author": "ujjgeok", "comment_date": ["04/18", "16:39"], "comment_content": "監視器在看"}, {"comment_author": "sophia748596", "comment_date": ["04/18", "16:41"], "comment_content": "沒有 看看媽祖還被OO綁架呢"}, {"comment_author": "jerryz2005", "comment_date": ["04/18", "16:43"], "comment_content": "騙人的,看那虐童案兇手有被老天處理嗎"}, {"comment_author": "oue", "comment_date": ["04/18", "16:43"], "comment_content": "沒看到陽葵 XD  這邊不夠油"}, {"comment_author": "neil0611", "comment_date": ["04/18", "16:45"], "comment_content": "看屁 騙人的"}, {"comment_author": "sniperxii", "comment_date": ["04/18", "16:53"], "comment_content": "幾歲了 沒受過教育嗎 還在信幻想的產"}, {"comment_author": "sniperxii", "comment_date": ["04/18", "16:53"], "comment_content": "物？"}, {"comment_author": "CHARLIEEULER", "comment_date": ["04/18", "17:09"], "comment_content": "我覺得不會"}, {"comment_author": "CHARLIEEULER", "comment_date": ["04/18", "17:10"], "comment_content": "你看劈腿的男女就知道"}, {"comment_author": "CHARLIEEULER", "comment_date": ["04/18", "17:10"], "comment_content": "我寧可相信房仲遇到凶宅的鬼"}, {"comment_author": "a9724145300", "comment_date": ["04/18", "17:10"], "comment_content": "就看看而已"}, {"comment_author": "supertalker", "comment_date": ["04/18", "17:14"], "comment_content": "顏清標偷換媽祖金身裡面都是銅，結果"}, {"comment_author": "supertalker", "comment_date": ["04/18", "17:14"], "comment_content": "嚴家過的多爽不用我說，你說天在看?"}, {"comment_author": "abbeyy", "comment_date": ["04/18", "17:14"], "comment_content": ""}, {"comment_author": "supertalker", "comment_date": ["04/18", "17:15"], "comment_content": "媽祖眼睛都沾到屎了吧，目洨啦"}, {"comment_author": "kkoejeo", "comment_date": ["04/18", "17:25"], "comment_content": "陽葵……"}, {"comment_author": "gaupyng1", "comment_date": ["04/18", "17:26"], "comment_content": "看A片"}, {"comment_author": "hally", "comment_date": ["04/18", "17:33"], "comment_content": "天要看多少人？天是誰 還真的以為有神哦"}, {"comment_author": "Leoreo", "comment_date": ["04/18", "17:37"], "comment_content": "沒有 機掰人都是爽到流油的"}, {"comment_author": "ayrtonvitas", "comment_date": ["04/18", "17:39"], "comment_content": "牛頓運動定律都不懂的人說的話有什麼"}, {"comment_author": "ayrtonvitas", "comment_date": ["04/18", "17:39"], "comment_content": "討論的必要嗎"}, {"comment_author": "Agent5566", "comment_date": ["04/18", "17:41"], "comment_content": "有啊 看戲啊"}, {"comment_author": "redbeanbread", "comment_date": ["04/18", "17:54"], "comment_content": "沒有天"}, {"comment_author": "m2200333", "comment_date": ["04/18", "18:05"], "comment_content": "關心但不介入"}, {"comment_author": "jacknavarra", "comment_date": ["04/18", "18:11"], "comment_content": "真的發生現世報又說巧合啦"}, {"comment_author": "b93510015", "comment_date": ["04/18", "18:26"], "comment_content": "沒有，下一位"}, {"comment_author": "dogdream", "comment_date": ["04/18", "18:54"], "comment_content": "依目前狀況 你覺得有嗎？"}, {"comment_author": "seanfan", "comment_date": ["04/18", "19:07"], "comment_content": "你覺得蔡英文遭到報應了？"}, {"comment_author": "herikocat", "comment_date": ["04/18", "19:19"], "comment_content": "對神明有價值利益 就會保佑他"}, {"comment_author": "herikocat", "comment_date": ["04/18", "19:19"], "comment_content": "憑什麼你善良 神明就要保佑你"}, {"comment_author": "kkkshiny", "comment_date": ["04/18", "19:39"], "comment_content": "自我安慰用的"}, {"comment_author": "zzzprince", "comment_date": ["04/18", "20:03"], "comment_content": "有喔，地球有因果業力法則"}, {"comment_author": "asmiocv", "comment_date": ["04/18", "20:16"], "comment_content": "當電視看"}, {"comment_author": "wei5730", "comment_date": ["04/18", "21:03"], "comment_content": "當然沒有 不然路上流氓會越來越多？還是"}, {"comment_author": "wei5730", "comment_date": ["04/18", "21:03"], "comment_content": "那些都是神的孩子？"}, {"comment_author": "rick6304", "comment_date": ["04/18", "21:14"], "comment_content": "存善事 做善事 結善緣 眾生皆佛"}, {"comment_author": "rick6304", "comment_date": ["04/18", "21:15"], "comment_content": "求神拜佛不如求己"}]}
