{"author": "b10213044 (重新連線)", "category": "Gossiping", "title": "[問卦] 統神終究還是沒辦法像飢餓遊戲的女主角一", "date": "Sat Apr 13 12:31:02 2024", "content": ["原本以為統神是這社會為數不多可以帶領我們反政府的KOL結果也不過如此看看飢餓遊戲的女主角，過的比統神還慘都有辦法帶領社底全面反抗了統神有這麼多資源竟然還做不到?原本以為統神要幹到底結果還是縮了可憐阿--"], "post_comment": [{"comment_author": "tsungg", "comment_date": ["04/13", "12:32"], "comment_content": "太胖"}, {"comment_author": "RedDog", "comment_date": ["04/13", "12:32"], "comment_content": "神罰準備中 別急"}, {"comment_author": "koj", "comment_date": ["04/13", "12:34"], "comment_content": "人家高舉三指表達尊敬，統神只會舉中指而已"}, {"comment_author": "kaodio", "comment_date": ["04/13", "12:35"], "comment_content": "現實跟理想的差距"}, {"comment_author": "pett", "comment_date": ["04/13", "12:39"], "comment_content": "不堪一擊"}, {"comment_author": "Orianna", "comment_date": ["04/13", "12:41"], "comment_content": "所以電影是電影啊 現實總是壞人贏"}, {"comment_author": "tv5566", "comment_date": ["04/13", "12:43"], "comment_content": "人家取悅有錢人再反抗 賴皮豬吸底層血和"}, {"comment_author": "tv5566", "comment_date": ["04/13", "12:43"], "comment_content": "有錢人道歉求工商"}, {"comment_author": "tv5566", "comment_date": ["04/13", "12:44"], "comment_content": "賴皮豬 道歉真的很噁"}, {"comment_author": "franzos", "comment_date": ["04/13", "13:22"], "comment_content": "不就有一位台灣英雄阿館正在做了嗎"}, {"comment_author": "Azabulu", "comment_date": ["04/13", "13:52"], "comment_content": "現實史諾比你想的強大 一堆白癡為虎作倀"}, {"comment_author": "JQK2", "comment_date": ["04/13", "14:59"], "comment_content": "人家可是宣誓要跟柯粉對幹到底"}, {"comment_author": "JQK2", "comment_date": ["04/13", "14:59"], "comment_content": ""}, {"comment_author": "JQK2", "comment_date": ["04/13", "14:59"], "comment_content": "6GXt8Ay4"}, {"comment_author": "bigboss2001", "comment_date": ["04/13", "15:39"], "comment_content": "可憐的是你吧"}]}
