{"author": "lianpig5566 (家庭教師殺手里包恩)", "category": "Gossiping", "title": "[問卦] 專家說嘉義要小心大地震 具體來說？", "date": "Sat Apr 13 12:19:07 2024", "content": ["最近專家都說嘉義的地震太頻繁了 不太尋常說要小心又更大的地震發生的可能但說要發生可能是明天 也可能下個月 也有可能要明年那具體來說 要小心大地震發生該做的動作是什麼 乾五八卦", "--", "--"], "post_comment": [{"comment_author": "aynmeow", "comment_date": ["02/22", "00:41"], "comment_content": "ヽ( ・∀・)ノ有一天小明上學時遇到小美 就問她說為什麼"}, {"comment_author": "fvhs", "comment_date": ["02/22", "00:42"], "comment_content": "   妳懶趴這樣大"}, {"comment_author": "EASON1116", "comment_date": ["02/22", "00:42"], "comment_content": "無限支持連勝文選總統"}, {"comment_author": "aynmeow", "comment_date": ["02/22", "00:42"], "comment_content": "             每次都不騎腳踏車上學 明明家就住蠻遠的 小"}, {"comment_author": "fvhs", "comment_date": ["02/22", "00:43"], "comment_content": "   明就一直摸她懶趴"}, {"comment_author": "aynmeow", "comment_date": ["02/22", "00:43"], "comment_content": "             在那邊亂插 我不說惹"}, {"comment_author": "YLTYY", "comment_date": ["04/13", "12:19"], "comment_content": "搬家"}, {"comment_author": "ncc5566", "comment_date": ["04/13", "12:19"], "comment_content": "先尻槍"}, {"comment_author": "zxc17893", "comment_date": ["04/13", "12:19"], "comment_content": "壓死就算了"}, {"comment_author": "tatuya", "comment_date": ["04/13", "12:21"], "comment_content": "趕快移民"}, {"comment_author": "aa9012", "comment_date": ["04/13", "12:24"], "comment_content": "搭帳篷搭到大地震來"}, {"comment_author": "LoveMakeLove", "comment_date": ["04/13", "12:27"], "comment_content": "不用擔心"}, {"comment_author": "milkyway168", "comment_date": ["04/13", "12:28"], "comment_content": "不要擔心 貸款會趕走地震的"}, {"comment_author": "aizuwakamazu", "comment_date": ["04/13", "12:28"], "comment_content": "東部都不震了,再來擔心吧"}, {"comment_author": "a9724145300", "comment_date": ["04/13", "12:40"], "comment_content": "印度神童，料事如神，獻上七個印啦表"}, {"comment_author": "a9724145300", "comment_date": ["04/13", "12:40"], "comment_content": "示我的歉意。印啦印啦印啦印啦印啦印"}, {"comment_author": "a9724145300", "comment_date": ["04/13", "12:40"], "comment_content": "啦印啦"}]}
