{"author": "zxy472 (台中劉以豪)", "category": "Gossiping", "title": "[問卦] 婚姻版近期好多在美國求助的", "date": "Wed Apr 17 09:38:51 2024", "content": ["原本的戰神188因為美國綠卡事件結果現在又跑出一個也是在美國生活還一直被老婆笑客家人沒想到婚姻版竟然這麼多鄉民其實都是生活在美國的耶美國壓力是不是真的很大啊紛紛跑到婚姻版求助？-----Sent from JPTT on my iPhone--"], "post_comment": [{"comment_author": "engineer1", "comment_date": ["04/17", "09:39"], "comment_content": "看誰負擔家庭費用 誰在享受人生"}, {"comment_author": "Forcast", "comment_date": ["04/17", "09:40"], "comment_content": "好事多"}, {"comment_author": "henry3214", "comment_date": ["04/17", "09:41"], "comment_content": "但那邊又是非常排外的小圈圈"}, {"comment_author": "zaqimon", "comment_date": ["04/17", "09:42"], "comment_content": "關我屁事"}, {"comment_author": "zaqimon", "comment_date": ["04/17", "09:42"], "comment_content": "好險我爸媽今天還沒死 害我不能去美國"}, {"comment_author": "KSHLO", "comment_date": ["04/17", "09:43"], "comment_content": "很多沒那麼屁股吃那個瀉藥的"}, {"comment_author": "sareed", "comment_date": ["04/17", "09:43"], "comment_content": "人生解套組 在求關注拉"}, {"comment_author": "liuni", "comment_date": ["04/17", "09:45"], "comment_content": "台灣可以說離婚就離婚,美國離婚不容易"}, {"comment_author": "MJdavid", "comment_date": ["04/17", "09:46"], "comment_content": "至少打仗的時候不用擔心"}, {"comment_author": "liuni", "comment_date": ["04/17", "09:47"], "comment_content": "雙方不合,離婚官司可以打到2年"}, {"comment_author": "raura", "comment_date": ["04/17", "09:49"], "comment_content": "因為不好才會來求救，我認識在美國打拼的都"}, {"comment_author": "raura", "comment_date": ["04/17", "09:49"], "comment_content": "過得蠻好的，連PTT都很少上了"}, {"comment_author": "una283", "comment_date": ["04/17", "09:52"], "comment_content": "其實，過得不好也沒上來求救的更多。"}, {"comment_author": "una283", "comment_date": ["04/17", "09:53"], "comment_content": "這也是為什麼出國多會加入教會即使不信"}, {"comment_author": "una283", "comment_date": ["04/17", "09:54"], "comment_content": "因為教會某種程度上提供了心理治療功能"}, {"comment_author": "una283", "comment_date": ["04/17", "09:55"], "comment_content": "遇過不少在台被唸沒出息想說出國免念叨"}, {"comment_author": "una283", "comment_date": ["04/17", "09:56"], "comment_content": "或是自認在台灣是被埋沒資質的"}, {"comment_author": "una283", "comment_date": ["04/17", "09:56"], "comment_content": "出了國遇到不好的事情也不敢回台說"}, {"comment_author": "j32072", "comment_date": ["04/17", "10:02"], "comment_content": "加州零元購哪裡壓力大 笑死"}, {"comment_author": "davidoslo", "comment_date": ["04/17", "10:04"], "comment_content": "想太多 過得好的人比過得差還多 本肥"}, {"comment_author": "davidoslo", "comment_date": ["04/17", "10:04"], "comment_content": "我很常參加同鄉會聚會 每次參加都在嘴"}, {"comment_author": "davidoslo", "comment_date": ["04/17", "10:05"], "comment_content": "台灣那破環境"}, {"comment_author": "OomaybeoO", "comment_date": ["04/17", "10:17"], "comment_content": "去美國最大的優越感就是回老家笑老家跑"}, {"comment_author": "OomaybeoO", "comment_date": ["04/17", "10:17"], "comment_content": "不出來的人啊 越南印尼人來台灣做普通"}, {"comment_author": "OomaybeoO", "comment_date": ["04/17", "10:17"], "comment_content": "工作你會覺得他很屌嗎？ 還是歧視死外"}, {"comment_author": "OomaybeoO", "comment_date": ["04/17", "10:17"], "comment_content": "勞？"}, {"comment_author": "sareed", "comment_date": ["04/17", "10:22"], "comment_content": "在國外生活 沒讓人知道就沒意義了 懂?"}, {"comment_author": "sareed", "comment_date": ["04/17", "10:22"], "comment_content": "至於過得好或壞 那是包裝的問題 總之在國"}, {"comment_author": "sareed", "comment_date": ["04/17", "10:22"], "comment_content": "外就是爽 懂?"}, {"comment_author": "rLks02", "comment_date": ["04/17", "10:27"], "comment_content": "婚姻的問題我一律建議…….."}, {"comment_author": "yesyesyesyes", "comment_date": ["04/17", "10:43"], "comment_content": "混得好的人才會出來發聲"}, {"comment_author": "albertfeng", "comment_date": ["04/17", "10:47"], "comment_content": "勝利組對自己要求太高，本肥魯上八卦"}, {"comment_author": "albertfeng", "comment_date": ["04/17", "10:47"], "comment_content": "版喊交不到女友爽假痛"}, {"comment_author": "miloisgood", "comment_date": ["04/17", "11:18"], "comment_content": "假求助真炫耀=="}, {"comment_author": "hank9201", "comment_date": ["04/17", "11:29"], "comment_content": "混得太爽 反串，去美國大部分都混比台灣"}, {"comment_author": "hank9201", "comment_date": ["04/17", "11:29"], "comment_content": "爽"}, {"comment_author": "piipiiYa", "comment_date": ["04/18", "17:09"], "comment_content": "北美環境真的很排外，台灣人又超會坑台"}, {"comment_author": "piipiiYa", "comment_date": ["04/18", "17:09"], "comment_content": "灣人，不像中國、韓國還會知道保自己人"}]}
