{"author": "abcd991276 (QQ)", "category": "Gossiping", "title": "[問卦] 誰是烏克蘭汪精衛", "date": "Wed Apr 17 16:01:13 2024", "content": ["如題澤倫斯基如果是烏克蘭蔣介石一寸山河一寸血 十萬青年十萬軍打死不投降那誰是烏克蘭汪精衛還是俄羅斯沒有扶植傀儡政權乾五八卦----Sent from", "on my iPhone 13 mini--"], "post_comment": [{"comment_author": "OPPAISuki", "comment_date": ["04/17", "16:02"], "comment_content": "司機就是阿"}, {"comment_author": "Dheroblood", "comment_date": ["04/17", "18:46"], "comment_content": "八卦主流就是當汪精衛"}]}
