{"author": "Reichenau (RRR)", "category": "Gossiping", "title": "[問卦] 入伍了要怎麼裝瘋驗退?", "date": "Tue Apr 16 18:47:24 2024", "content": ["我以前聽學長說 有人各種惡搞 最後在連長面前尻一槍 連長受不了就讓他滾了學長說 我做不到 算他厲害但現在聽說 吃草 在同袍床上大便就可以用精神病驗退甘五架乾單？阿這算逃兵嗎XDDDD有沒有如何裝瘋驗退的八掛", "--", "五樓驗出HIV又在缸爆班長的話班長也要退了吧"], "post_comment": [{"comment_author": "winston06", "comment_date": ["04/16", "18:47"], "comment_content": "自己給自己口爆"}, {"comment_author": "highyes", "comment_date": ["04/16", "18:47"], "comment_content": "問 閃尿立委"}, {"comment_author": "taiwan08", "comment_date": ["04/16", "18:48"], "comment_content": "五樓當時肛爆班長"}, {"comment_author": "gankgf", "comment_date": ["04/16", "18:48"], "comment_content": "早點名當眾拉屎在吃掉"}, {"comment_author": "abc4", "comment_date": ["04/16", "18:48"], "comment_content": "五樓抽血驗出HIV帶原當場驗退"}, {"comment_author": "tw30912", "comment_date": ["04/16", "18:48"], "comment_content": "跟69歲女博士69"}, {"comment_author": "cs09312", "comment_date": ["04/16", "18:48"], "comment_content": "吃屎 含鄰兵懶覺 拉屎在營長頭上"}, {"comment_author": "oopsskimo", "comment_date": ["04/16", "18:48"], "comment_content": "切掉蛋蛋"}, {"comment_author": "jack529", "comment_date": ["04/16", "18:48"], "comment_content": "閃尿 漏尿"}, {"comment_author": "moy5566", "comment_date": ["04/16", "18:48"], "comment_content": "最多就是去廁所挖大便"}, {"comment_author": "leon1757tw", "comment_date": ["04/16", "18:49"], "comment_content": "集合時當眾拉屎在當場吃掉"}, {"comment_author": "kikoyo", "comment_date": ["04/16", "18:49"], "comment_content": "帶一個布娃娃屁股有洞 剩下的不說了"}, {"comment_author": "ianlin1216", "comment_date": ["04/16", "18:49"], "comment_content": "中山室打手槍"}, {"comment_author": "johnhmj", "comment_date": ["04/16", "18:49"], "comment_content": "沒聽說過"}, {"comment_author": "zckxy", "comment_date": ["04/16", "18:49"], "comment_content": "五樓 所以你當場驗退？"}, {"comment_author": "flavorBZ", "comment_date": ["04/16", "18:50"], "comment_content": "試試看吃屎"}, {"comment_author": "AV5566", "comment_date": ["04/16", "18:50"], "comment_content": "在床上大便然後吃掉"}, {"comment_author": "mefifthfloor", "comment_date": ["04/16", "18:50"], "comment_content": "早點名，晚點名，連集合的時候都裸"}, {"comment_author": "mefifthfloor", "comment_date": ["04/16", "18:50"], "comment_content": "體出現就好了。"}, {"comment_author": "YYOO", "comment_date": ["04/16", "18:50"], "comment_content": "瘋狂要求同梯一直阿魯巴自己就可以"}, {"comment_author": "losmith", "comment_date": ["04/16", "18:50"], "comment_content": "聽說過有人吃大便 連三餐吃大便就送818了"}, {"comment_author": "bahn0916", "comment_date": ["04/16", "18:51"], "comment_content": "營區集合時跑到中央脫褲子勃起"}, {"comment_author": "losmith", "comment_date": ["04/16", "18:51"], "comment_content": "但是進了818還不是馬上退 還會觀察一下"}, {"comment_author": "edward198791", "comment_date": ["04/16", "18:51"], "comment_content": "吃屎"}, {"comment_author": "rwr", "comment_date": ["04/16", "18:51"], "comment_content": "打人阿 看到人就打 一直打 就可以退了"}, {"comment_author": "losmith", "comment_date": ["04/16", "18:52"], "comment_content": "你可以在裡面趁機跟其他裝瘋的交流交流"}, {"comment_author": "losmith", "comment_date": ["04/16", "18:52"], "comment_content": "切記在818裡面要更瘋 不然有機會被看破"}, {"comment_author": "zckxy", "comment_date": ["04/16", "18:53"], "comment_content": "打人不會 只會關禁閉 我一位親戚就是"}, {"comment_author": "tigerface", "comment_date": ["04/16", "18:53"], "comment_content": "聽說去818是逼你固定吃藥，沒病吃完也"}, {"comment_author": "tigerface", "comment_date": ["04/16", "18:53"], "comment_content": "變傻"}, {"comment_author": "Winston13840", "comment_date": ["04/16", "18:54"], "comment_content": "幹 五樓毒甲== 嘔嘔嘔嘔嘔嘔嘔"}, {"comment_author": "zckxy", "comment_date": ["04/16", "18:54"], "comment_content": "五樓有說要肛爆班長嗎？你可以問他 = ="}, {"comment_author": "tmgl", "comment_date": ["04/16", "18:55"], "comment_content": "驗退不是要復驗好幾次"}, {"comment_author": "porkonrice", "comment_date": ["04/16", "18:55"], "comment_content": "吃大便"}, {"comment_author": "tengerinedog", "comment_date": ["04/16", "18:55"], "comment_content": "去浴室喝沐浴乳起泡"}, {"comment_author": "pipiispipi", "comment_date": ["04/16", "18:55"], "comment_content": "去營長室拉屎"}, {"comment_author": "gbcg9725", "comment_date": ["04/16", "18:56"], "comment_content": "切gg"}, {"comment_author": "Cha23Cha", "comment_date": ["04/16", "18:56"], "comment_content": "對 沒錯 就是問他"}, {"comment_author": "v7q4", "comment_date": ["04/16", "18:56"], "comment_content": "我是40%！！！！！"}, {"comment_author": "edward198791", "comment_date": ["04/16", "18:56"], "comment_content": "v7q4我是40%！！！！！"}, {"comment_author": "netboy789", "comment_date": ["04/16", "18:57"], "comment_content": "要軍醫院驗退才能"}, {"comment_author": "fujimoto", "comment_date": ["04/16", "18:57"], "comment_content": "砍人"}, {"comment_author": "dick929", "comment_date": ["04/16", "18:57"], "comment_content": "吃屎"}, {"comment_author": "s10130804", "comment_date": ["04/16", "18:57"], "comment_content": "吃大便跟拉屎應該見不怪了"}, {"comment_author": "JOHNJJ", "comment_date": ["04/16", "18:57"], "comment_content": "吃大便應該可以"}, {"comment_author": "ezqq123", "comment_date": ["04/16", "18:58"], "comment_content": "閃尿立委啊"}, {"comment_author": "Rundstedt", "comment_date": ["04/16", "18:58"], "comment_content": "射到鄰床臉上 兩個一起退"}, {"comment_author": "heatlion", "comment_date": ["04/16", "18:59"], "comment_content": "入伍了還想驗退?  除非你心臟出問題"}, {"comment_author": "SPAEK", "comment_date": ["04/16", "18:59"], "comment_content": "吃拉大便 感覺太多人用了"}, {"comment_author": "koexe", "comment_date": ["04/16", "18:59"], "comment_content": "射鄰兵有耳聞過"}, {"comment_author": "SPAEK", "comment_date": ["04/16", "18:59"], "comment_content": "現在還有用嗎"}, {"comment_author": "welly520", "comment_date": ["04/16", "19:00"], "comment_content": "跳樓 吃屎 看到鬼"}, {"comment_author": "joke3547", "comment_date": ["04/16", "19:00"], "comment_content": "吃屎，或拉屎在安官桌"}, {"comment_author": "KAWABONGGA", "comment_date": ["04/16", "19:00"], "comment_content": "還不簡單，趁班長睡覺時偷含他蛋蛋"}, {"comment_author": "link4517", "comment_date": ["04/16", "19:00"], "comment_content": "當初我下部隊跟poa說在他桌上拉屎可以退"}, {"comment_author": "link4517", "comment_date": ["04/16", "19:01"], "comment_content": "嗎。他叫我去連長桌上拉比較有效"}, {"comment_author": "Jeff911", "comment_date": ["04/16", "19:01"], "comment_content": "學宋世傑"}, {"comment_author": "luv2pac", "comment_date": ["04/16", "19:01"], "comment_content": "20年前入伍有個同梯瘋狂翻牆逃兵 我退伍"}, {"comment_author": "luv2pac", "comment_date": ["04/16", "19:02"], "comment_content": "時他才剛蹲完又送回來"}, {"comment_author": "jackycheny", "comment_date": ["04/16", "19:02"], "comment_content": "閃尿佐不是示範給你看過了嗎？嘻嘻"}, {"comment_author": "inshadow", "comment_date": ["04/16", "19:02"], "comment_content": "去營長室拉屎 吃給他看"}, {"comment_author": "SunRoy", "comment_date": ["04/16", "19:03"], "comment_content": "在餐桌上大便"}, {"comment_author": "luv2pac", "comment_date": ["04/16", "19:03"], "comment_content": "我下部隊忍半年就頂天了"}, {"comment_author": "a594020419", "comment_date": ["04/16", "19:03"], "comment_content": "睡覺時把鄰兵的褲子脫掉含下去，懂？"}, {"comment_author": "noah23", "comment_date": ["04/16", "19:05"], "comment_content": "幫鄰兵吹喇叭"}, {"comment_author": "saiboos", "comment_date": ["04/16", "19:06"], "comment_content": "在寢室抹屎"}, {"comment_author": "NTHUKober", "comment_date": ["04/16", "19:06"], "comment_content": "15年前聽過下大巴直接大便在地上"}, {"comment_author": "DOOT", "comment_date": ["04/16", "19:09"], "comment_content": "集合的時候出列跑去旁邊吃草"}, {"comment_author": "DOOT", "comment_date": ["04/16", "19:11"], "comment_content": "當兵的時候同單位的一個志願役排長送813一個"}, {"comment_author": "s81048112", "comment_date": ["04/16", "19:11"], "comment_content": "開黑頭車把你載出來"}, {"comment_author": "DOOT", "comment_date": ["04/16", "19:11"], "comment_content": "義務役POA想自殺後來調單位。"}, {"comment_author": "DOOT", "comment_date": ["04/16", "19:12"], "comment_content": "義務役比較簡單一直1985說想自殺 志願役就比"}, {"comment_author": "DOOT", "comment_date": ["04/16", "19:12"], "comment_content": "較累 要演整套"}, {"comment_author": "je321654", "comment_date": ["04/16", "19:12"], "comment_content": "認真 吃大便"}, {"comment_author": "Lowpapa", "comment_date": ["04/16", "19:13"], "comment_content": "缸"}, {"comment_author": "tamynumber1", "comment_date": ["04/16", "19:14"], "comment_content": "肛門爆破"}, {"comment_author": "yowhatsupsli", "comment_date": ["04/16", "19:14"], "comment_content": "在床上大便 可以驗退"}, {"comment_author": "joky2001", "comment_date": ["04/16", "19:18"], "comment_content": "等你驗過都快退伍了。"}, {"comment_author": "drmactt", "comment_date": ["04/16", "19:19"], "comment_content": "新訓退不了就要拖很久"}, {"comment_author": "SPAEK", "comment_date": ["04/16", "19:19"], "comment_content": "打1985 說你瘋狂想肛臨兵 有用嗎"}, {"comment_author": "Lenyog", "comment_date": ["04/16", "19:19"], "comment_content": "吃屎大便這麼自殘XD  聽說從頭到尾都不說"}, {"comment_author": "Lenyog", "comment_date": ["04/16", "19:20"], "comment_content": "話 兼傻笑就能驗退"}, {"comment_author": "LausuTsai", "comment_date": ["04/16", "19:20"], "comment_content": "看過大在床上又當場吃掉的"}, {"comment_author": "chachayu", "comment_date": ["04/16", "19:20"], "comment_content": "大便失禁"}, {"comment_author": "xoyster", "comment_date": ["04/16", "19:24"], "comment_content": "就一直寫錯字就行 例如把八卦的卦寫成掛"}, {"comment_author": "blessme", "comment_date": ["04/16", "19:25"], "comment_content": "在中山室拉屎"}, {"comment_author": "crazydj", "comment_date": ["04/16", "19:27"], "comment_content": "我聽過跳上餐桌拉屎的"}, {"comment_author": "jecint1707", "comment_date": ["04/16", "19:29"], "comment_content": "上次看到有人不睡覺晚上去爬樹鬼叫"}, {"comment_author": "jecint1707", "comment_date": ["04/16", "19:29"], "comment_content": "就退了"}, {"comment_author": "awdxabc295", "comment_date": ["04/16", "19:32"], "comment_content": "認真回 當眾拉屎吃下去"}, {"comment_author": "SPOT2525", "comment_date": ["04/16", "19:32"], "comment_content": "腦子插一刀，馬上驗退。"}, {"comment_author": "caity", "comment_date": ["04/16", "19:32"], "comment_content": "表演吃大便"}, {"comment_author": "Subliminal", "comment_date": ["04/16", "19:33"], "comment_content": "襪子套屌"}, {"comment_author": "Meowcc", "comment_date": ["04/16", "19:35"], "comment_content": "半夜在舍友床頭打手槍 應該蠻有戲的"}, {"comment_author": "zeroofgod", "comment_date": ["04/16", "19:36"], "comment_content": "聽過射在鄰兵臉上驗退鄰兵也精神衰弱驗"}, {"comment_author": "zeroofgod", "comment_date": ["04/16", "19:36"], "comment_content": "退"}, {"comment_author": "chuck5669", "comment_date": ["04/16", "19:37"], "comment_content": "餵連長吃屎"}, {"comment_author": "Yinccc", "comment_date": ["04/16", "19:40"], "comment_content": "樓樓上的案例是真的..."}, {"comment_author": "yarnt", "comment_date": ["04/16", "19:41"], "comment_content": "吃大便"}, {"comment_author": "jomon817", "comment_date": ["04/16", "19:43"], "comment_content": "直接射班長臉上"}, {"comment_author": "LoveMakeLove", "comment_date": ["04/16", "19:43"], "comment_content": "抗中保台"}, {"comment_author": "newstyle", "comment_date": ["04/16", "19:45"], "comment_content": "閃尿"}, {"comment_author": "xxx5566xxx", "comment_date": ["04/16", "19:46"], "comment_content": "你poˋ這篇就不可能了"}, {"comment_author": "pantakill", "comment_date": ["04/16", "19:46"], "comment_content": "把營長抓起來肛"}, {"comment_author": "dddc", "comment_date": ["04/16", "19:47"], "comment_content": "吃屎也可以"}, {"comment_author": "abby99", "comment_date": ["04/16", "19:51"], "comment_content": "快被在連長面前尻槍笑死"}, {"comment_author": "FLy60169", "comment_date": ["04/16", "19:51"], "comment_content": "問林昶佐"}, {"comment_author": "kikoyo", "comment_date": ["04/16", "19:54"], "comment_content": "一年而已 錢還比以前多很多 別那麼草莓"}, {"comment_author": "loking", "comment_date": ["04/16", "19:55"], "comment_content": "遇過一個  不過好像也過好幾個月才驗退"}, {"comment_author": "loking", "comment_date": ["04/16", "19:55"], "comment_content": "至少不用下基地啦"}, {"comment_author": "calvin0319", "comment_date": ["04/16", "19:59"], "comment_content": "閃尿"}, {"comment_author": "cwind07", "comment_date": ["04/16", "20:01"], "comment_content": "襪子套屌"}, {"comment_author": "firetim", "comment_date": ["04/16", "20:01"], "comment_content": "認真。沒背景關係能靠得入伍就當完。軍"}, {"comment_author": "firetim", "comment_date": ["04/16", "20:01"], "comment_content": "訓課如果還能抵的話一年不到，這都無法"}, {"comment_author": "firetim", "comment_date": ["04/16", "20:02"], "comment_content": "也太廢"}, {"comment_author": "tello", "comment_date": ["04/16", "20:02"], "comment_content": "邊青蛙跳邊拉屎，自稱高雄金城武，然後舔鄰"}, {"comment_author": "tello", "comment_date": ["04/16", "20:02"], "comment_content": "兵耳朵。抓住班長褲子討要肉棒教育，對眾人"}, {"comment_author": "tello", "comment_date": ["04/16", "20:03"], "comment_content": "喝斥無視。。"}, {"comment_author": "tello", "comment_date": ["04/16", "20:03"], "comment_content": "應該很快被強制驗退"}, {"comment_author": "lazybr", "comment_date": ["04/16", "20:04"], "comment_content": "說自己是塔綠班，就會有人叫你去驗智商"}, {"comment_author": "j900414", "comment_date": ["04/16", "20:06"], "comment_content": "聽過在餐桌上拉屎的"}, {"comment_author": "lockeyman", "comment_date": ["04/16", "20:07"], "comment_content": "閃一泡尿，然後到連長房間地獄嘶吼"}, {"comment_author": "g4zoco196", "comment_date": ["04/16", "20:09"], "comment_content": "拿刀自捅同梯捅看到人就捅 拿槍就射"}, {"comment_author": "g4zoco196", "comment_date": ["04/16", "20:10"], "comment_content": "殺一個人是罪犯  殺過萬人是偉人"}, {"comment_author": "hungyas", "comment_date": ["04/16", "20:12"], "comment_content": "吃同梯的__"}, {"comment_author": "nk309240", "comment_date": ["04/16", "20:18"], "comment_content": "有重大傳染病（愛滋）是可以驗退的喔，"}, {"comment_author": "nk309240", "comment_date": ["04/16", "20:18"], "comment_content": "五樓退了嗎？"}, {"comment_author": "amgn997", "comment_date": ["04/16", "20:21"], "comment_content": "我新訓就一個刺半甲的喊要跳樓，然後就去"}, {"comment_author": "amgn997", "comment_date": ["04/16", "20:22"], "comment_content": "準備驗退了"}, {"comment_author": "assdee", "comment_date": ["04/16", "20:23"], "comment_content": "去肛營長,成功了要嘛驗退,要嘛營長罩你"}, {"comment_author": "xc2v", "comment_date": ["04/16", "20:30"], "comment_content": "吃屎"}, {"comment_author": "beeboombee", "comment_date": ["04/16", "20:33"], "comment_content": "閃尿 跟幹人妻的鞠躬哈腰"}, {"comment_author": "u327825", "comment_date": ["04/16", "20:40"], "comment_content": "同連有人拉在飯桶裡，全連沒飯吃，驗退"}, {"comment_author": "jasonortiz", "comment_date": ["04/16", "20:42"], "comment_content": "先吃屎，再閃尿"}, {"comment_author": "mynewid", "comment_date": ["04/16", "20:42"], "comment_content": "閃尿"}, {"comment_author": "dknymaster", "comment_date": ["04/16", "20:49"], "comment_content": "幫老ㄟ哈"}, {"comment_author": "snpred", "comment_date": ["04/16", "20:52"], "comment_content": "吃大便，自己的不夠吃就吃鄰兵的"}, {"comment_author": "kusanhagi", "comment_date": ["04/16", "20:52"], "comment_content": "我爸朋友多年前兵役處處長，就罵過一"}, {"comment_author": "kusanhagi", "comment_date": ["04/16", "20:52"], "comment_content": "個知名主持人小王八蛋吃大便驗退"}, {"comment_author": "gcobc4960412", "comment_date": ["04/16", "20:58"], "comment_content": "我之前在818工作的，老實說裝瘋隨"}, {"comment_author": "monkeydog119", "comment_date": ["04/16", "21:17"], "comment_content": "被問當兵役期..陳其邁\"狂跳針\" 支吾"}, {"comment_author": "monkeydog119", "comment_date": ["04/16", "21:17"], "comment_content": "說不清"}, {"comment_author": "monkeydog119", "comment_date": ["04/16", "21:17"], "comment_content": ""}, {"comment_author": "m1a2", "comment_date": ["04/16", "21:18"], "comment_content": "姓蔣或姓連就不必裝瘋賣傻吃大便，免役去了"}, {"comment_author": "allahuakbar", "comment_date": ["04/16", "21:31"], "comment_content": "fbipbn哥被國防部拉去驗智商，發現"}, {"comment_author": "allahuakbar", "comment_date": ["04/16", "21:31"], "comment_content": "是智障就驗退了"}, {"comment_author": "allahuakbar", "comment_date": ["04/16", "21:33"], "comment_content": "fbi帥哥"}, {"comment_author": "Informatik", "comment_date": ["04/16", "21:37"], "comment_content": "拿covid19檢驗棒捅p炎做快篩"}, {"comment_author": "cutesoda", "comment_date": ["04/16", "21:59"], "comment_content": "打手槍射到其他人臉上"}, {"comment_author": "bryan0304", "comment_date": ["04/16", "22:07"], "comment_content": "以前看過學弟吃土裝瘋"}, {"comment_author": "jimlinsung", "comment_date": ["04/16", "22:24"], "comment_content": "吃大便"}, {"comment_author": "illmatic", "comment_date": ["04/16", "22:29"], "comment_content": "吃大便"}, {"comment_author": "headshootasd", "comment_date": ["04/16", "22:47"], "comment_content": "進去精神病院要關一年"}, {"comment_author": "d8731400", "comment_date": ["04/16", "22:50"], "comment_content": "有一個醫生老爸會更好驗退"}, {"comment_author": "d8731400", "comment_date": ["04/16", "22:51"], "comment_content": "沒背景的才要吃大便"}, {"comment_author": "z900215ro", "comment_date": ["04/16", "23:04"], "comment_content": "有背景還要進去嗎=="}, {"comment_author": "gn02546574", "comment_date": ["04/16", "23:20"], "comment_content": "以前有遇過一直坐輪椅，人看起來是沒"}, {"comment_author": "gn02546574", "comment_date": ["04/16", "23:20"], "comment_content": "啥問題的"}, {"comment_author": "kikujiro", "comment_date": ["04/16", "23:23"], "comment_content": "在遊覽車上閃尿"}, {"comment_author": "kikujiro", "comment_date": ["04/16", "23:24"], "comment_content": "Cp值最高，同梯都會幫你宣傳"}, {"comment_author": "xxxlsen", "comment_date": ["04/17", "00:32"], "comment_content": "精神科醫生給診斷書不難"}, {"comment_author": "qwert65732", "comment_date": ["04/17", "01:13"], "comment_content": "對鄰兵說想幹他屁眼,上廁所、洗澡、"}, {"comment_author": "qwert65732", "comment_date": ["04/17", "01:13"], "comment_content": "睡覺每天都這樣搞,我那一踢有人就這"}, {"comment_author": "qwert65732", "comment_date": ["04/17", "01:13"], "comment_content": "樣成功被驗退"}, {"comment_author": "vikingman", "comment_date": ["04/17", "01:27"], "comment_content": "有個是甲說自己看同袍洗澡會洞未條 被"}, {"comment_author": "vikingman", "comment_date": ["04/17", "01:28"], "comment_content": "他肛人就給他驗退了"}, {"comment_author": "vikingman", "comment_date": ["04/17", "01:28"], "comment_content": "怕他"}, {"comment_author": "shadowstrike", "comment_date": ["04/17", "02:39"], "comment_content": "以前聽過有人新訓在連上當眾吃屎想"}, {"comment_author": "shadowstrike", "comment_date": ["04/17", "02:39"], "comment_content": "驗退，結果拉去813驗的時候又吃一"}, {"comment_author": "shadowstrike", "comment_date": ["04/17", "02:39"], "comment_content": "次，結果失敗吐出來被抓回去，笑死"}, {"comment_author": "MichaelRedd", "comment_date": ["04/17", "02:47"], "comment_content": "跟安柏一樣大便在床上"}, {"comment_author": "monononoke", "comment_date": ["04/17", "02:49"], "comment_content": "吃屎"}, {"comment_author": "jay0215", "comment_date": ["04/17", "08:33"], "comment_content": "吃屎"}, {"comment_author": "jay0215", "comment_date": ["04/17", "08:34"], "comment_content": "之前遇過裝同性戀跟吃安眠藥自殺的"}, {"comment_author": "jay0215", "comment_date": ["04/17", "08:34"], "comment_content": "後來丟去818一段時間後就驗退了"}, {"comment_author": "TDKnight", "comment_date": ["04/17", "08:38"], "comment_content": "可以問東哥"}, {"comment_author": "capnlizard66", "comment_date": ["04/17", "09:40"], "comment_content": "我們同梯是假裝有妄想症 搞很久"}, {"comment_author": "foxvera", "comment_date": ["04/17", "10:32"], "comment_content": "學某港仔啊"}, {"comment_author": "cindywu50", "comment_date": ["04/18", "04:44"], "comment_content": "直接找個爽缺不好嗎？"}]}
