{"author": "ayachyan (ayachyan)", "category": "Gossiping", "title": "[問卦] 道奇教士清板凳 大谷的反應", "date": "Sun Apr 14 14:33:19 2024", "content": ["今天教士隊Jurickson Profar差點被觸身球後跟捕手起爭議雙方清板凳", "大谷翔平上去跟別人拋媚眼", "--"], "post_comment": [{"comment_author": "poco0960", "comment_date": ["04/14", "14:33"], "comment_content": "趴踢time"}, {"comment_author": "s820912gmail", "comment_date": ["04/14", "14:33"], "comment_content": "五樓戀愛了"}, {"comment_author": "taro0116lo", "comment_date": ["04/14", "14:34"], "comment_content": "笑死"}, {"comment_author": "clw8", "comment_date": ["04/14", "14:35"], "comment_content": "笑死"}, {"comment_author": "bigcho", "comment_date": ["04/14", "14:35"], "comment_content": "這裡是"}, {"comment_author": "u9005205", "comment_date": ["04/14", "14:50"], "comment_content": "沒失投就真的只是內角球…"}, {"comment_author": "coffee112", "comment_date": ["04/14", "15:02"], "comment_content": "還一直笑"}, {"comment_author": "niniikoski", "comment_date": ["04/14", "15:06"], "comment_content": "抓到戰犯了 笑死"}, {"comment_author": "yowhatsupsli", "comment_date": ["04/14", "15:35"], "comment_content": "1600萬美金借人花都沒怎樣了你以為"}, {"comment_author": "yowhatsupsli", "comment_date": ["04/14", "15:35"], "comment_content": "他在意喔"}, {"comment_author": "cukesdubie", "comment_date": ["04/14", "15:57"], "comment_content": "我要吐了，他不是娶老婆了嗎"}]}
