{"author": "Dcwei (野心家)", "category": "Gossiping", "title": "[問卦] 玩股票跟賭博哪裡不一樣", "date": "Fri Apr 19 12:41:15 2024", "content": ["人為什麼要賭博 為什麼要玩股票我不是說賭博不好 但你不要騙自己在投資嘛.jpg玩21點一樣可以算牌增加點勝率 雖然現在很多都用機器循環洗牌了為什麼很多人愛玩股票 卻看不起賭鬼呢--"], "post_comment": [{"comment_author": "allen0981", "comment_date": ["04/19", "12:42"], "comment_content": "當日沖才算吧"}, {"comment_author": "poiu98877", "comment_date": ["04/19", "12:42"], "comment_content": "一個政府主持 合法 一個非法"}, {"comment_author": "poiu98877", "comment_date": ["04/19", "12:43"], "comment_content": "跟現在很紅那個德州撲克一樣 就是賭博"}, {"comment_author": "leo03160913", "comment_date": ["04/19", "12:43"], "comment_content": ""}, {"comment_author": "david6119", "comment_date": ["04/19", "12:43"], "comment_content": "就一樣阿，還在那邊硬凹"}, {"comment_author": "jim543000", "comment_date": ["04/19", "12:44"], "comment_content": "股票可以預測啊 不然巴菲特靠50%連勝50"}, {"comment_author": "jim543000", "comment_date": ["04/19", "12:44"], "comment_content": "年？"}, {"comment_author": "imhan705", "comment_date": ["04/19", "12:44"], "comment_content": "賭博至少是公平的 股市光資訊差就屌虐"}, {"comment_author": "imhan705", "comment_date": ["04/19", "12:44"], "comment_content": "了 重點是很多人不知道自己輸人家多少x"}, {"comment_author": "imhan705", "comment_date": ["04/19", "12:44"], "comment_content": "d"}, {"comment_author": "zzro", "comment_date": ["04/19", "12:44"], "comment_content": "一個看機率"}, {"comment_author": "Puye", "comment_date": ["04/19", "12:44"], "comment_content": "營運好的公司 可以不賣一直領錢"}, {"comment_author": "Puye", "comment_date": ["04/19", "12:46"], "comment_content": "很多東西有跡可循 但做價差的實在太多了 殺"}, {"comment_author": "Puye", "comment_date": ["04/19", "12:46"], "comment_content": "進殺出"}, {"comment_author": "luciffar", "comment_date": ["04/19", "12:50"], "comment_content": "長期投資 套著配都舒服"}, {"comment_author": "leohayashi1", "comment_date": ["04/19", "12:56"], "comment_content": "所以我只買美股，台灣表現不是看中"}, {"comment_author": "leohayashi1", "comment_date": ["04/19", "12:56"], "comment_content": "國就是看美國。  市場就這兩個地方"}, {"comment_author": "Lowpapa", "comment_date": ["04/19", "12:56"], "comment_content": "一樣"}, {"comment_author": "qoojo2002", "comment_date": ["04/19", "13:15"], "comment_content": "賭籌碼，美名投資"}, {"comment_author": "em4", "comment_date": ["04/19", "13:30"], "comment_content": "一個是機率"}, {"comment_author": "miyazakisun2", "comment_date": ["04/19", "13:51"], "comment_content": "你可以無腦押0050 睏吧數錢 賭博不"}, {"comment_author": "miyazakisun2", "comment_date": ["04/19", "13:51"], "comment_content": "行"}, {"comment_author": "somanyee", "comment_date": ["04/19", "14:34"], "comment_content": "莊家不一樣"}, {"comment_author": "shikemurajy", "comment_date": ["04/19", "15:04"], "comment_content": "股票合法 賭博違法"}]}
