{"author": "Darvish903 (頭髮捲慘了)", "category": "Gossiping", "title": "[問卦] 沒人發現噓文極度不禮貌嗎？", "date": "Sun Apr 14 12:05:48 2024", "content": ["欸欸 4窩肥ㄦ喇雖說人人都可以表達意見但有人就是有話不好好講明明非親非故的就直接使用噓文這些人都沒發現這種行為極度不禮貌嗎蛤？呱呱--", "--"], "post_comment": [{"comment_author": "frommr", "comment_date": ["04/14", "12:06"], "comment_content": "CD樓下幫"}, {"comment_author": "lianginptt", "comment_date": ["04/14", "12:06"], "comment_content": "喔是喔真的假的"}, {"comment_author": "erty2852", "comment_date": ["04/14", "12:06"], "comment_content": "這不就來了"}, {"comment_author": "calvin00300", "comment_date": ["04/14", "12:07"], "comment_content": "噓你怎麼了，會收傳票嗎？我試試看"}, {"comment_author": "qt359101", "comment_date": ["04/14", "12:07"], "comment_content": "有耶 小妹我感覺這樣不好"}, {"comment_author": "gem810611", "comment_date": ["04/14", "12:08"], "comment_content": "紅的喜氣"}, {"comment_author": "Shenl520", "comment_date": ["04/14", "12:09"], "comment_content": "樓下怎麼看？"}, {"comment_author": "kyometamence", "comment_date": ["04/14", "12:10"], "comment_content": "超不禮貌的=="}, {"comment_author": "ccm0916", "comment_date": ["04/14", "12:14"], "comment_content": "失禮了"}, {"comment_author": "poasdm", "comment_date": ["04/14", "12:14"], "comment_content": "=="}, {"comment_author": "egogeorge", "comment_date": ["04/14", "12:15"], "comment_content": "禮貌的噓"}, {"comment_author": "hiojvd", "comment_date": ["04/14", "12:17"], "comment_content": "是啊這社會不禮貌的人很多"}, {"comment_author": "garybawbaw", "comment_date": ["04/14", "12:20"], "comment_content": "來幫你惹兒~`"}, {"comment_author": "jolihigh", "comment_date": ["04/14", "12:25"], "comment_content": "我有鬍子"}, {"comment_author": "Allenxxxzzz", "comment_date": ["04/14", "12:30"], "comment_content": "=="}, {"comment_author": "timtingting", "comment_date": ["04/14", "12:31"], "comment_content": "請謝謝對不起"}, {"comment_author": "cofw", "comment_date": ["04/14", "12:40"], "comment_content": "意圖引噓，如你所願"}, {"comment_author": "chuchichan", "comment_date": ["04/14", "12:48"], "comment_content": "我試試"}, {"comment_author": "memosore", "comment_date": ["04/14", "12:53"], "comment_content": "你討噓，我偏不噓你，氣死你。"}, {"comment_author": "gigongwen", "comment_date": ["04/14", "13:01"], "comment_content": "廢文"}, {"comment_author": "ubcs", "comment_date": ["04/14", "13:17"], "comment_content": "我會很有禮貌的"}, {"comment_author": "weitomato", "comment_date": ["04/14", "14:25"], "comment_content": "紅的喜氣 懂嗎"}, {"comment_author": "twoboy", "comment_date": ["04/14", "14:26"], "comment_content": "想太多"}]}
