{"author": "meblessme (人身攻擊是爛人)", "category": "Gossiping", "title": "[問卦] 為什麼美國槍枝氾濫還有人敢霸凌", "date": "Wed Apr 17 16:27:33 2024", "content": ["美國槍枝氾濫，每個人都可能有槍，帶槍濫殺無辜的都有，持槍報復的也不少但美國似乎霸凌也還是不少在欺負任何人都可能導致被爆頭的結果的地方為什麼還有人敢霸凌他人啊--"], "post_comment": [{"comment_author": "nekoares", "comment_date": ["04/17", "16:28"], "comment_content": "拿槍霸凌啊"}, {"comment_author": "ruokcnn", "comment_date": ["04/17", "16:28"], "comment_content": "美國人心臟很大顆的"}, {"comment_author": "LoveMillie", "comment_date": ["04/17", "16:28"], "comment_content": "霸凌的人通常不會覺得自己會得到懲罰"}, {"comment_author": "LoveMillie", "comment_date": ["04/17", "16:29"], "comment_content": "不管是法律上的、還是受害者反抗都不"}, {"comment_author": "LoveMillie", "comment_date": ["04/17", "16:29"], "comment_content": "覺得會發生"}, {"comment_author": "azeroth", "comment_date": ["04/17", "16:29"], "comment_content": "霸凌者在頭被開一槍之前都以為自己很屌吧"}, {"comment_author": "darkbrigher", "comment_date": ["04/17", "16:29"], "comment_content": "被霸凌的通常都是看起來不會反抗的那"}, {"comment_author": "darkbrigher", "comment_date": ["04/17", "16:29"], "comment_content": "種 但是人被逼到極限什麼都有可能"}, {"comment_author": "pmove", "comment_date": ["04/17", "16:31"], "comment_content": "又不是所有地方都可以帶槍"}, {"comment_author": "ZakkWylde", "comment_date": ["04/17", "16:32"], "comment_content": "台灣有刀為什麼還有人敢霸凌"}, {"comment_author": "ZakkWylde", "comment_date": ["04/17", "16:32"], "comment_content": "刀近距離傷害比槍還快速"}, {"comment_author": "ZakkWylde", "comment_date": ["04/17", "16:33"], "comment_content": "這是因為大多數被霸凌的人不會拿刀槍傷"}, {"comment_author": "ZakkWylde", "comment_date": ["04/17", "16:33"], "comment_content": "人"}, {"comment_author": "EfiwymsiAros", "comment_date": ["04/17", "16:39"], "comment_content": "沒有被射過啊 射一次就知道了"}, {"comment_author": "JQK2", "comment_date": ["04/17", "17:05"], "comment_content": "因為監獄更可怕"}, {"comment_author": "serrier", "comment_date": ["04/17", "17:09"], "comment_content": "台灣還直接拿槍霸凌別人判的比美國輕"}]}
