{"author": "gk1329 ()", "category": "Gossiping", "title": "[問卦] 伊朗跟以色列和美國道歉不好嗎", "date": "Fri Apr 19 10:14:31 2024", "content": ["肥宅我看統神跟塔綠班道歉後一團和氣又回去發大財惹伊朗為何要跟錢做對跟美國和以色列道歉然後一起發大財不好嗎打不贏就加入更何況加入後也沒那麽差對吧頂多炒房詐騙大麻同性戀氾濫但少死很多人鴨伊朗怎麼不道歉道歉會死膩有卦嗎= =--", "不會被搞吧要示範給中國和俄國看鴨投降發大財原油解禁還幫你炒油吧外資擁入薪資大增"], "post_comment": [{"comment_author": "ianlin1216", "comment_date": ["04/19", "10:15"], "comment_content": "用核彈血洗聖地以圾列異教徒啦"}, {"comment_author": "a94037501", "comment_date": ["04/19", "10:15"], "comment_content": "沒用他是那邊最強的國家註定被美國搞"}, {"comment_author": "Carters1109", "comment_date": ["04/19", "10:15"], "comment_content": "那要找coco嬤當主持"}, {"comment_author": "www115ui8", "comment_date": ["04/19", "10:16"], "comment_content": "面子掛不住 而且普丁習大大會生氣"}, {"comment_author": "ccufcc", "comment_date": ["04/19", "10:17"], "comment_content": "習大大也該下跪"}, {"comment_author": "tgth", "comment_date": ["04/19", "10:23"], "comment_content": "示範給烏克蘭看？？"}]}
