{"author": "JEWH (小田切腹)", "category": "Gossiping", "title": "[問卦] 年輕人為什麼都要用iPhone", "date": "Thu Apr 18 21:14:19 2024", "content": ["我是路上觀察博士最近發現很多2X歲以下的年輕人手機幾乎都適用iPhone用安卓都是一些奇怪的人為什麼年輕人都要用iPhone--"], "post_comment": [{"comment_author": "Roooz", "comment_date": ["04/18", "21:14"], "comment_content": "不然你要用什麼"}, {"comment_author": "leotompp", "comment_date": ["04/18", "21:15"], "comment_content": "安卓一堆 血輪眼 噁心死了幹"}, {"comment_author": "TaiwanFight", "comment_date": ["04/18", "21:15"], "comment_content": "島民就跟風仔居多  別人用什麼就跟"}, {"comment_author": "fp737", "comment_date": ["04/18", "21:15"], "comment_content": "對阿 不知為啥不拿htc或nokia"}, {"comment_author": "FZ5566", "comment_date": ["04/18", "21:15"], "comment_content": "順手捐發票，救救老窮殘，中年老漢很窮?"}, {"comment_author": "a3221715", "comment_date": ["04/18", "21:15"], "comment_content": "莫忘世上苦人多"}, {"comment_author": "k385476916", "comment_date": ["04/18", "21:16"], "comment_content": "好用啊 說什麼廢文"}, {"comment_author": "lagi5487", "comment_date": ["04/18", "21:16"], "comment_content": "爸爸的產品不用用誰的"}, {"comment_author": "kyosukeakiba", "comment_date": ["04/18", "21:17"], "comment_content": "中年人也用iPhone啊…"}, {"comment_author": "xm3u4vmp6", "comment_date": ["04/18", "21:18"], "comment_content": "幸好我都用鴿子"}, {"comment_author": "dcshoecousa", "comment_date": ["04/18", "21:18"], "comment_content": "不就一支手機想用什麼就用什麼"}, {"comment_author": "saiboos", "comment_date": ["04/18", "21:18"], "comment_content": "安卓太廢"}, {"comment_author": "jab", "comment_date": ["04/18", "21:19"], "comment_content": "在台灣 安卓機都是老人在拿的"}, {"comment_author": "yololu", "comment_date": ["04/18", "21:22"], "comment_content": "安卓很快就變慢 iphone無腦用安定"}, {"comment_author": "kyoko3678906", "comment_date": ["04/18", "21:25"], "comment_content": "我是因為耐用啦"}, {"comment_author": "sellgd", "comment_date": ["04/18", "21:27"], "comment_content": "年輕就同儕壓力 尤其是O型 老人因為知名度"}, {"comment_author": "sellgd", "comment_date": ["04/18", "21:27"], "comment_content": "安卓沒必要就別更新 也不會變慢"}, {"comment_author": "u87803170", "comment_date": ["04/18", "21:30"], "comment_content": "沒事一直看別人用啥手機幹嘛?"}, {"comment_author": "g1254501", "comment_date": ["04/18", "21:30"], "comment_content": "不然要花錢買兩年自動變磚頭的電子垃圾"}, {"comment_author": "g1254501", "comment_date": ["04/18", "21:30"], "comment_content": "？"}, {"comment_author": "k4653", "comment_date": ["04/18", "21:30"], "comment_content": "因為我用macbook"}, {"comment_author": "keria", "comment_date": ["04/18", "22:03"], "comment_content": "因為腦子不夠聰明，只能被強迫接受"}, {"comment_author": "xc2v", "comment_date": ["04/18", "22:06"], "comment_content": "便宜 好用 潮"}, {"comment_author": "xc2v", "comment_date": ["04/18", "22:07"], "comment_content": "爸媽出錢"}, {"comment_author": "coneflwer", "comment_date": ["04/18", "22:08"], "comment_content": "哀鳳哀鳳得第一"}]}
