{"author": "abcd5566 (塔綠班都垃圾)", "category": "Gossiping", "title": "[問卦] 有沒有貓咪跟小狗都長差不多的卦", "date": "Fri Apr 19 00:13:03 2024", "content": ["同款的貓咪跟小狗是不是臉都長得差不多但是人類的黃種人帥跟醜還是差很多小貓咪跟小狗好像看不太出來每隻都差不多 頂多毛的顏色有改變有沒有卦--"], "post_comment": [{"comment_author": "thegreatlcx", "comment_date": ["04/19", "00:13"], "comment_content": "五樓頭長得像懶覺"}, {"comment_author": "b0d", "comment_date": ["04/19", "00:15"], "comment_content": "我同事過去普龍共的愛用貓頭照片"}, {"comment_author": "cchh179", "comment_date": ["04/19", "00:15"], "comment_content": "白色貓是醜八怪"}, {"comment_author": "Julian9x9x9", "comment_date": ["04/19", "00:15"], "comment_content": "五樓肛門什麼都塞過 問他"}, {"comment_author": "b0d", "comment_date": ["04/19", "00:16"], "comment_content": "貓頭照加上名字也是代號，超爛。"}, {"comment_author": "a27588679", "comment_date": ["04/19", "00:21"], "comment_content": "不夠熟"}, {"comment_author": "johnson2726", "comment_date": ["04/19", "00:37"], "comment_content": "柴犬有可愛的  也有醜的"}, {"comment_author": "kenryu", "comment_date": ["04/19", "00:38"], "comment_content": "你這叫臉盲"}, {"comment_author": "thisu", "comment_date": ["04/19", "01:31"], "comment_content": "為啥傳不了圖 :("}, {"comment_author": "barucher", "comment_date": ["04/19", "01:50"], "comment_content": "沒有，差很多，貓也有醜的"}, {"comment_author": "barucher", "comment_date": ["04/19", "01:51"], "comment_content": ""}, {"comment_author": "barucher", "comment_date": ["04/19", "01:52"], "comment_content": "這才是美貓"}, {"comment_author": "MrDT", "comment_date": ["04/19", "07:45"], "comment_content": "貓狗已經相對好認了，你去認麻雀看看"}]}
