{"author": "bbbb25487 (黃昏の恋人)", "category": "Gossiping", "title": "[問卦] 台股這波有沒有可能破紀錄暴跌？", "date": "Tue Apr 16 15:34:35 2024", "content": ["話說台股跌最慘的一次是在2020/01/30直接暴跌696點那之後如果伊朗以色列真的開幹基本上非常有可能就是世界大戰的前哨戰有沒有可能直接破紀錄暴跌？-----Sent from JPTT on my Google Pixel 7 Pro.--"], "post_comment": [{"comment_author": "SmonSo", "comment_date": ["04/16", "15:35"], "comment_content": "記錄就是拿來超越的"}, {"comment_author": "mopepe5566", "comment_date": ["04/16", "15:35"], "comment_content": "跌太少了，先跌個2千點試水溫"}, {"comment_author": "cuteSquirrel", "comment_date": ["04/16", "15:35"], "comment_content": "疫情都盤中10%過了 安喇"}, {"comment_author": "EFERO", "comment_date": ["04/16", "15:36"], "comment_content": "伊朗以色列都收攤了還在開幹？"}, {"comment_author": "xc2v", "comment_date": ["04/16", "15:38"], "comment_content": "有可能"}, {"comment_author": "dick929", "comment_date": ["04/16", "15:38"], "comment_content": "單日暴跌算什麼，前年那才刺激，10個月跌"}, {"comment_author": "dick929", "comment_date": ["04/16", "15:39"], "comment_content": "了快6000點"}, {"comment_author": "dontaskme", "comment_date": ["04/16", "15:40"], "comment_content": "不是吧 還有單日跌1400點的"}, {"comment_author": "dontaskme", "comment_date": ["04/16", "15:40"], "comment_content": "記得好像是2021的五月多"}, {"comment_author": "axsd", "comment_date": ["04/16", "15:41"], "comment_content": "你這樣想就是不可能"}, {"comment_author": "dontaskme", "comment_date": ["04/16", "15:41"], "comment_content": ""}, {"comment_author": "flaneurbk", "comment_date": ["04/16", "15:44"], "comment_content": "越跌越買"}, {"comment_author": "dick929", "comment_date": ["04/16", "15:44"], "comment_content": "根本一堆人還等著要進場撿便宜，而不是搶"}, {"comment_author": "dick929", "comment_date": ["04/16", "15:44"], "comment_content": "著逃命，要怎麼跌？"}, {"comment_author": "dick929", "comment_date": ["04/16", "15:47"], "comment_content": "同理房市也是一樣，一堆人在煩惱貸款可以"}, {"comment_author": "dick929", "comment_date": ["04/16", "15:47"], "comment_content": "貸多少、貸多久，而不是煩惱貸款繳不出"}, {"comment_author": "dick929", "comment_date": ["04/16", "15:47"], "comment_content": "來，房價就不會跌，這樣懂嗎？"}, {"comment_author": "photoless", "comment_date": ["04/16", "15:48"], "comment_content": "6000點也拿出來嘴"}, {"comment_author": "i1210", "comment_date": ["04/16", "15:49"], "comment_content": "跌一個月洗掉低端人口剛剛好"}, {"comment_author": "cafeiouiou", "comment_date": ["04/16", "15:50"], "comment_content": "滿手現金等萬五護盤喇"}, {"comment_author": "rgo", "comment_date": ["04/16", "15:52"], "comment_content": "一張不賣奇蹟自來 看看當年那些680T的學長現"}, {"comment_author": "rgo", "comment_date": ["04/16", "15:52"], "comment_content": "在還不是笑呵呵"}, {"comment_author": "kao00917", "comment_date": ["04/16", "15:55"], "comment_content": "不是吧2021/05月某一天跌1500點"}, {"comment_author": "chu", "comment_date": ["04/16", "16:11"], "comment_content": "我空手 期待摟 可遇不可求"}, {"comment_author": "godhard12", "comment_date": ["04/16", "18:43"], "comment_content": "誠實中說要封城那天早就跌過1500點"}]}
