{"author": "ayasesayuki (綾瀨紗雪)", "category": "Gossiping", "title": "[問卦] 胃酸爆炸了", "date": "Tue Apr 16 21:35:46 2024", "content": ["感覺打個嗝都會噴出來喉嚨都燒燒的醫院急診有看胃酸過多的嗎？還是忍到明天去掛腸胃科就好有八卦嗎？--"], "post_comment": [{"comment_author": "syntax123", "comment_date": ["04/16", "21:36"], "comment_content": "火燒心"}, {"comment_author": "johnson2726", "comment_date": ["04/16", "21:36"], "comment_content": "要從飲食跟作息啦  看醫生都只是短暫"}, {"comment_author": "pooznn", "comment_date": ["04/16", "21:36"], "comment_content": "你剛剛吃了什麼???"}, {"comment_author": "wumins", "comment_date": ["04/16", "21:36"], "comment_content": "胃食道逆流，久了就會食道癌"}, {"comment_author": "bigcho", "comment_date": ["04/16", "21:37"], "comment_content": "喝咖啡吃甜食"}, {"comment_author": "vs98and99", "comment_date": ["04/16", "21:37"], "comment_content": "藥局買個胃散應急"}, {"comment_author": "vs98and99", "comment_date": ["04/16", "21:38"], "comment_content": "馬上吃馬上見效"}, {"comment_author": "zaqimon", "comment_date": ["04/16", "21:38"], "comment_content": "PPI"}, {"comment_author": "linda17a3", "comment_date": ["04/16", "21:39"], "comment_content": "吃胃散"}, {"comment_author": "serpei", "comment_date": ["04/16", "21:42"], "comment_content": "藥局買個藥吃 生病就吃藥"}, {"comment_author": "hyuchi0202", "comment_date": ["04/16", "21:52"], "comment_content": "可以去急診了"}, {"comment_author": "UrFather", "comment_date": ["04/16", "22:16"], "comment_content": "樓下朝陽大學"}, {"comment_author": "yeahzoo", "comment_date": ["04/16", "22:33"], "comment_content": "喝50嵐"}, {"comment_author": "kurakisho", "comment_date": ["04/16", "23:41"], "comment_content": "看醫生，照胃鏡，可能潰瘍，不要不在"}, {"comment_author": "kurakisho", "comment_date": ["04/16", "23:42"], "comment_content": "意"}, {"comment_author": "kurakisho", "comment_date": ["04/16", "23:42"], "comment_content": "久了會搞不清是胃還是心臟有問題"}, {"comment_author": "kets", "comment_date": ["04/17", "07:22"], "comment_content": "可喝ph9.0"}]}
