{"author": "touurtn (vv)", "category": "Gossiping", "title": "[問卦] 我就問綠卡夫妻離婚誰比較傷？", "date": "Tue Apr 16 14:04:54 2024", "content": ["先不討論贍養費 小孩什麼的假設兩個人這時候離婚男生條件綠卡碼農失業女生條件綠卡無專業假設都回台灣哪一方能立刻找到下一個人結婚？這樣是不是就代表另一方比較無能--"], "post_comment": [{"comment_author": "kutkin", "comment_date": ["04/16", "14:05"], "comment_content": "你可否簡單解釋一下 綠卡夫婦在做啥"}, {"comment_author": "SSglamr", "comment_date": ["04/16", "14:05"], "comment_content": "女方啦 還用問"}, {"comment_author": "liopei", "comment_date": ["04/16", "14:05"], "comment_content": "問就是看臉啊"}, {"comment_author": "ericisfish", "comment_date": ["04/16", "14:05"], "comment_content": "女方"}, {"comment_author": "samm3320", "comment_date": ["04/16", "14:05"], "comment_content": "為啥要急著找下一個結婚"}, {"comment_author": "linda17a3", "comment_date": ["04/16", "14:05"], "comment_content": "男的"}, {"comment_author": "kutkin", "comment_date": ["04/16", "14:05"], "comment_content": "的確是女生容易"}, {"comment_author": "maple0603", "comment_date": ["04/16", "14:05"], "comment_content": "看技能R"}, {"comment_author": "ko363630", "comment_date": ["04/16", "14:05"], "comment_content": "我比較想問當初是因為女方是花瓶才結婚"}, {"comment_author": "AgentSkye56", "comment_date": ["04/16", "14:05"], "comment_content": "男方 因為看起來女方想回台灣 男方"}, {"comment_author": "AgentSkye56", "comment_date": ["04/16", "14:06"], "comment_content": "不想"}, {"comment_author": "ko363630", "comment_date": ["04/16", "14:06"], "comment_content": "嗎?"}, {"comment_author": "ts1993", "comment_date": ["04/16", "14:06"], "comment_content": "女方"}, {"comment_author": "obod", "comment_date": ["04/16", "14:06"], "comment_content": "再找新洞不就好了"}, {"comment_author": "samm3320", "comment_date": ["04/16", "14:06"], "comment_content": "男方看起來比較需要看身心科"}, {"comment_author": "bill403777", "comment_date": ["04/16", "14:06"], "comment_content": "看女方奶大不大"}, {"comment_author": "ts1993", "comment_date": ["04/16", "14:06"], "comment_content": "因為可以隨便找"}, {"comment_author": "linda17a3", "comment_date": ["04/16", "14:06"], "comment_content": "女的回台灣爽爽過欸 養小孩有男方撫養"}, {"comment_author": "CrowChes", "comment_date": ["04/16", "14:06"], "comment_content": "女方應該蠻正的 可以這樣耍廢"}, {"comment_author": "a3221715", "comment_date": ["04/16", "14:07"], "comment_content": "告上法庭 米國贍養費領到爽"}, {"comment_author": "linda17a3", "comment_date": ["04/16", "14:07"], "comment_content": "費 不過最後一定不會離婚啦"}, {"comment_author": "samm3320", "comment_date": ["04/16", "14:07"], "comment_content": "生活碰到低潮又一直提到幼時心理創傷，"}, {"comment_author": "samm3320", "comment_date": ["04/16", "14:07"], "comment_content": "感覺需要專業協助才能脫離那種狀態"}, {"comment_author": "nik351235", "comment_date": ["04/16", "14:07"], "comment_content": "看起來兩邊原生家庭都蠻有錢的擔心屁"}, {"comment_author": "spring53287", "comment_date": ["04/16", "14:07"], "comment_content": "男的啊，男方都說女方可以回台當爸"}, {"comment_author": "spring53287", "comment_date": ["04/16", "14:08"], "comment_content": "寶了"}, {"comment_author": "lucifiel1618", "comment_date": ["04/16", "14:08"], "comment_content": "女的吧"}, {"comment_author": "Dinenger", "comment_date": ["04/16", "14:08"], "comment_content": "男的會被姐姐恥笑 應該互有輸贏吧"}, {"comment_author": "lucifiel1618", "comment_date": ["04/16", "14:08"], "comment_content": "我說女的比較吃香= ="}, {"comment_author": "Dinenger", "comment_date": ["04/16", "14:09"], "comment_content": "女的隨便找個接盤俠 一樣可以活"}, {"comment_author": "Dinenger", "comment_date": ["04/16", "14:09"], "comment_content": "而且她也不是很喜歡美國不是嗎=="}, {"comment_author": "ChungLi5566", "comment_date": ["04/16", "14:09"], "comment_content": "女的一定很正才捨不得離"}, {"comment_author": "karta018", "comment_date": ["04/16", "14:09"], "comment_content": "女方無能，但男方理虧啊，男方就是一直"}, {"comment_author": "karta018", "comment_date": ["04/16", "14:09"], "comment_content": "踩著女方無能所以自己做什麼都是對的"}, {"comment_author": "hosen", "comment_date": ["04/16", "14:09"], "comment_content": "台男失業一年心態會正常才奇怪"}, {"comment_author": "ExcellentSun", "comment_date": ["04/16", "14:09"], "comment_content": "有綠卡，全世界不知道多少女生想嫁"}, {"comment_author": "jayzforfun", "comment_date": ["04/16", "14:09"], "comment_content": "小孩最傷"}, {"comment_author": "Daigoji", "comment_date": ["04/16", "14:09"], "comment_content": "女生在南科一堆人搶著要 蒿吐露絲"}, {"comment_author": "spring53287", "comment_date": ["04/16", "14:10"], "comment_content": "男方自己原生家庭那關過不去拖老婆"}, {"comment_author": "firemothra", "comment_date": ["04/16", "14:10"], "comment_content": "男方感覺放不下啊"}, {"comment_author": "spring53287", "comment_date": ["04/16", "14:10"], "comment_content": "下水"}, {"comment_author": "wjonz0102", "comment_date": ["04/16", "14:10"], "comment_content": "看長相 因為已經三十幾了"}, {"comment_author": "samm3320", "comment_date": ["04/16", "14:10"], "comment_content": "心理狀態那個樣子其實誰也沒辦法跟他好"}, {"comment_author": "yumika", "comment_date": ["04/16", "14:10"], "comment_content": "女"}, {"comment_author": "samm3320", "comment_date": ["04/16", "14:10"], "comment_content": "好相處"}, {"comment_author": "VoV", "comment_date": ["04/16", "14:10"], "comment_content": "女方生活白癡,回台灣怎麼生存都是難題"}, {"comment_author": "hosen", "comment_date": ["04/16", "14:10"], "comment_content": "移民時信誓旦旦，到美國我養你沒問題"}, {"comment_author": "aa0845", "comment_date": ["04/16", "14:10"], "comment_content": "不一定喔 小孩自己帶又沒運動變美國大媽"}, {"comment_author": "info1994", "comment_date": ["04/16", "14:10"], "comment_content": "女生只要65分一定有人要"}, {"comment_author": "ko363630", "comment_date": ["04/16", "14:10"], "comment_content": "女方都快40人. 會有人想要單親阿姨嗎"}, {"comment_author": "Dinenger", "comment_date": ["04/16", "14:10"], "comment_content": "別鬧了 在台灣狗都不會餓死"}, {"comment_author": "hosen", "comment_date": ["04/16", "14:11"], "comment_content": "女方去美國什麼資源都沒有，才真的是虧大"}, {"comment_author": "Dinenger", "comment_date": ["04/16", "14:11"], "comment_content": "有ATM有錢  狗都會生活了"}, {"comment_author": "yumika", "comment_date": ["04/16", "14:11"], "comment_content": "說可以當爸寶的是男方 家裡有房"}, {"comment_author": "STi2011", "comment_date": ["04/16", "14:12"], "comment_content": "放心啦 一堆人接手"}, {"comment_author": "Firsss", "comment_date": ["04/16", "14:12"], "comment_content": "對女方也不傷吧 就不想待美國 雙贏"}, {"comment_author": "boboking2", "comment_date": ["04/16", "14:12"], "comment_content": "女方找外國人簡單啦"}, {"comment_author": "yumika", "comment_date": ["04/16", "14:12"], "comment_content": "娶到軟爛女 只能怪自己"}, {"comment_author": "Goog1e", "comment_date": ["04/16", "14:12"], "comment_content": "生活白癡絕對比較辛苦 而且又沒有謀生能力"}, {"comment_author": "racas1201", "comment_date": ["04/16", "14:12"], "comment_content": "男方看起來情緒控管很差"}, {"comment_author": "ntuooo", "comment_date": ["04/16", "14:12"], "comment_content": "錢"}, {"comment_author": "samm3320", "comment_date": ["04/16", "14:13"], "comment_content": "女方就不想在美國生活，那麽大的人了，"}, {"comment_author": "samm3320", "comment_date": ["04/16", "14:13"], "comment_content": "哪需要擔心她在台灣能不能活"}, {"comment_author": "s01714", "comment_date": ["04/16", "14:13"], "comment_content": "台灣舔狗太多了，女人容易過得太爽"}, {"comment_author": "a22530722", "comment_date": ["04/16", "14:13"], "comment_content": "小孩吧!!!!!!!!!!!!!!!!!!!!!!!!!!!!!!"}, {"comment_author": "jayzforfun", "comment_date": ["04/16", "14:14"], "comment_content": "沒有照著男方規劃走不一定是生活白癡"}, {"comment_author": "GenjiEd", "comment_date": ["04/16", "14:14"], "comment_content": "老婆吧 離婚他應該只能滾回台灣"}, {"comment_author": "jayzforfun", "comment_date": ["04/16", "14:14"], "comment_content": "就真的不適合而已"}, {"comment_author": "basslife", "comment_date": ["04/16", "14:14"], "comment_content": "女方拿有傷 隨便再找個綠卡碼農不就好了"}, {"comment_author": "EfiwymsiAros", "comment_date": ["04/16", "14:14"], "comment_content": "女的啊"}, {"comment_author": "palindromes", "comment_date": ["04/16", "14:14"], "comment_content": "女的應該正妹"}, {"comment_author": "a22122212", "comment_date": ["04/16", "14:14"], "comment_content": "女方還算年輕 應該蠻好找"}, {"comment_author": "hua0122", "comment_date": ["04/16", "14:14"], "comment_content": "男女都能找到下任吧 過洋水無敵"}, {"comment_author": "palindromes", "comment_date": ["04/16", "14:14"], "comment_content": "記得贍養費拿滿"}, {"comment_author": "inshadow", "comment_date": ["04/16", "14:14"], "comment_content": "女的阿 男的好不容易幫她拿到綠卡 傻了"}, {"comment_author": "Violataf", "comment_date": ["04/16", "14:14"], "comment_content": "女的36了還算年經??? 真的假的啊"}, {"comment_author": "inshadow", "comment_date": ["04/16", "14:15"], "comment_content": "才留在台灣 好不容易出去就別再回來啦"}, {"comment_author": "spa41260", "comment_date": ["04/16", "14:15"], "comment_content": "女的又不想去美國，離了對女方是最好的"}, {"comment_author": "n123456n", "comment_date": ["04/16", "14:15"], "comment_content": "到美國這種農業專才應該要去農業州吧"}, {"comment_author": "spa41260", "comment_date": ["04/16", "14:15"], "comment_content": "選擇，至少不用接受男方的情緒轟炸"}, {"comment_author": "windydancer", "comment_date": ["04/16", "14:15"], "comment_content": "男方性格不是很適合交際，看他發文"}, {"comment_author": "windydancer", "comment_date": ["04/16", "14:15"], "comment_content": "很情緒化，希望不要在社會新聞看到"}, {"comment_author": "windydancer", "comment_date": ["04/16", "14:15"], "comment_content": "他們"}, {"comment_author": "hua0122", "comment_date": ["04/16", "14:15"], "comment_content": "捨不得放手女的 代表女的外貌條件也不差"}, {"comment_author": "kay00503", "comment_date": ["04/16", "14:15"], "comment_content": "女的應該很正 不然以男的眼界跟經歷怎"}, {"comment_author": "aant", "comment_date": ["04/16", "14:15"], "comment_content": "女的有原生家庭可以支援"}, {"comment_author": "u987", "comment_date": ["04/16", "14:15"], "comment_content": "女方應該長的不錯,但會想去美國應該沒多聰明"}, {"comment_author": "kay00503", "comment_date": ["04/16", "14:15"], "comment_content": "麼可能看得上他心中的傻妹 連Nike都不"}, {"comment_author": "aant", "comment_date": ["04/16", "14:15"], "comment_content": "男的跟原生家庭不合才躲去美國"}, {"comment_author": "kay00503", "comment_date": ["04/16", "14:15"], "comment_content": "會念"}, {"comment_author": "aikensh", "comment_date": ["04/16", "14:16"], "comment_content": "女生應該很正 女生贏"}, {"comment_author": "lipstick", "comment_date": ["04/16", "14:16"], "comment_content": "我也覺得老婆很正"}, {"comment_author": "keirto", "comment_date": ["04/16", "14:16"], "comment_content": "女生可以回家給爸爸養 也可以找接盤俠 男"}, {"comment_author": "SPAEK", "comment_date": ["04/16", "14:16"], "comment_content": "女的又不想去了 那回來也沒多傷 志不在綠卡"}, {"comment_author": "keirto", "comment_date": ["04/16", "14:16"], "comment_content": "生？"}, {"comment_author": "ko363630", "comment_date": ["04/16", "14:17"], "comment_content": "再怎麼正也底不過柴米油鹽醬醋茶"}, {"comment_author": "palindromes", "comment_date": ["04/16", "14:17"], "comment_content": "女的根本不在乎綠卡"}, {"comment_author": "SPAEK", "comment_date": ["04/16", "14:17"], "comment_content": "然後男的也要他真的能像鄉民吹的能混好"}, {"comment_author": "palindromes", "comment_date": ["04/16", "14:17"], "comment_content": "另一半情緒感覺容易失控 超慘"}, {"comment_author": "hua0122", "comment_date": ["04/16", "14:17"], "comment_content": "男的有綠卡回台灣 也有180年薪工作 搶手"}, {"comment_author": "spa41260", "comment_date": ["04/16", "14:18"], "comment_content": "女的陪著這個男的去美國才是遭罪，整天"}, {"comment_author": "STi2011", "comment_date": ["04/16", "14:18"], "comment_content": "男的那種條件一堆人寄信吧"}, {"comment_author": "spa41260", "comment_date": ["04/16", "14:18"], "comment_content": "聽這男的pua數落她還不崩潰已經是很頑"}, {"comment_author": "palindromes", "comment_date": ["04/16", "14:18"], "comment_content": "你每天要面對這種人 你受得了嗎"}, {"comment_author": "spa41260", "comment_date": ["04/16", "14:18"], "comment_content": "強了"}, {"comment_author": "STi2011", "comment_date": ["04/16", "14:18"], "comment_content": "皆大歡喜"}, {"comment_author": "Violataf", "comment_date": ["04/16", "14:18"], "comment_content": "男的地板就綠卡 女的很慘 浪費這麼多年"}, {"comment_author": "SPAEK", "comment_date": ["04/16", "14:18"], "comment_content": "男的有要回來再說吧 沒要回來就是失業男"}, {"comment_author": "Kelvinchen", "comment_date": ["04/16", "14:19"], "comment_content": "男的，看下來女的根本沒差，這麼廢男"}, {"comment_author": "palindromes", "comment_date": ["04/16", "14:19"], "comment_content": "年薪高跟他拿贍養費 相處還是算了"}, {"comment_author": "samm3320", "comment_date": ["04/16", "14:19"], "comment_content": "不管那男的生存能力到底好不好，那個EQ"}, {"comment_author": "samm3320", "comment_date": ["04/16", "14:19"], "comment_content": "我要是他老婆也想離婚"}, {"comment_author": "Kelvinchen", "comment_date": ["04/16", "14:19"], "comment_content": "的還忍這麼久，一定很正，去竹科找個"}, {"comment_author": "Kelvinchen", "comment_date": ["04/16", "14:19"], "comment_content": "宅宅回收一下"}, {"comment_author": "SPAEK", "comment_date": ["04/16", "14:19"], "comment_content": "看他蠻在乎綠卡的 大概也不會回來"}, {"comment_author": "dan5120", "comment_date": ["04/16", "14:19"], "comment_content": "女的36可以啦 娘家應該也滿有錢的"}, {"comment_author": "samm3320", "comment_date": ["04/16", "14:20"], "comment_content": "順風順水的時候大家都很優雅，低潮才會"}, {"comment_author": "QEADZCXS", "comment_date": ["04/16", "14:20"], "comment_content": "兩邊都勝利"}, {"comment_author": "samm3320", "comment_date": ["04/16", "14:20"], "comment_content": "讓人原形畢露。"}, {"comment_author": "palindromes", "comment_date": ["04/16", "14:20"], "comment_content": "他對原生家庭怨念太重"}, {"comment_author": "nanalia", "comment_date": ["04/16", "14:22"], "comment_content": "會覺得綠卡香的也是沒身分的"}, {"comment_author": "aant", "comment_date": ["04/16", "14:22"], "comment_content": "男的覺得待在美國失業比回台灣被姐姐看不起"}, {"comment_author": "aant", "comment_date": ["04/16", "14:22"], "comment_content": "好吧"}, {"comment_author": "karta018", "comment_date": ["04/16", "14:23"], "comment_content": "女方在台灣有正常工作，什麼連謀生能力"}, {"comment_author": "karta018", "comment_date": ["04/16", "14:23"], "comment_content": "都沒有，被男方貶得一文不值就當真喔，"}, {"comment_author": "kiminn", "comment_date": ["04/16", "14:23"], "comment_content": "這踏碼又是什麼新梗？"}, {"comment_author": "karta018", "comment_date": ["04/16", "14:23"], "comment_content": "是男方視角不聽他的話的女人=一無是處"}, {"comment_author": "kairiyu", "comment_date": ["04/16", "14:23"], "comment_content": "看女生奶大不大 奶大可以回竹科"}, {"comment_author": "SPAEK", "comment_date": ["04/16", "14:24"], "comment_content": "而且為啥找人再嫁娶就勝利 蠻奇怪的觀點"}, {"comment_author": "mildred19", "comment_date": ["04/16", "14:24"], "comment_content": "要是女生真的廢最好男生會娶 鐵定有過"}, {"comment_author": "SPAEK", "comment_date": ["04/16", "14:24"], "comment_content": "如果以嫁娶為目標 那甩掉小孩的就贏了"}, {"comment_author": "mildred19", "comment_date": ["04/16", "14:24"], "comment_content": "人之處"}, {"comment_author": "DiMammaMia", "comment_date": ["04/16", "14:25"], "comment_content": "男的感覺有點情緒勒索"}, {"comment_author": "piece1", "comment_date": ["04/16", "14:25"], "comment_content": "雖然男的一堆人挺..但我覺得他很悲哀"}, {"comment_author": "lipstick", "comment_date": ["04/16", "14:25"], "comment_content": "150在台灣體感應該收入60"}, {"comment_author": "piece1", "comment_date": ["04/16", "14:26"], "comment_content": "自己選的..現在要斷還怕被拿錢死賴著"}, {"comment_author": "piece1", "comment_date": ["04/16", "14:26"], "comment_content": "難怪連自己姊姊都看不起..."}, {"comment_author": "LonyIce", "comment_date": ["04/16", "14:26"], "comment_content": "結婚前最好不知道女方無能，退一萬步好"}, {"comment_author": "hylio7754", "comment_date": ["04/16", "14:26"], "comment_content": "有小孩還裸辭 很勇的"}, {"comment_author": "LonyIce", "comment_date": ["04/16", "14:26"], "comment_content": "了，你現在才發現她無能，打死不放手是"}, {"comment_author": "SPAEK", "comment_date": ["04/16", "14:26"], "comment_content": "也沒一堆人挺 有些ID就是瞎挺 在那仇"}, {"comment_author": "LonyIce", "comment_date": ["04/16", "14:26"], "comment_content": "怎樣？"}, {"comment_author": "SPAEK", "comment_date": ["04/16", "14:27"], "comment_content": "更多人覺得這男的性格也有問題"}, {"comment_author": "jgjisnew", "comment_date": ["04/16", "14:28"], "comment_content": "女方也他媽35、36了，還生過小孩，哪可"}, {"comment_author": "jgjisnew", "comment_date": ["04/16", "14:29"], "comment_content": "能那麼有價"}, {"comment_author": "Shaqui11e", "comment_date": ["04/16", "14:29"], "comment_content": "ii8這種罵法一般人會受不了很正常"}, {"comment_author": "SPAEK", "comment_date": ["04/16", "14:29"], "comment_content": "反正以婚嫁為勝利當標準的話 那甩掉小孩最"}, {"comment_author": "phix", "comment_date": ["04/16", "14:29"], "comment_content": "回台灣離婚會比較好嗎？"}, {"comment_author": "GYd99", "comment_date": ["04/16", "14:30"], "comment_content": "不好說，女方回台有娘家罩，男方在美看起來"}, {"comment_author": "SPAEK", "comment_date": ["04/16", "14:30"], "comment_content": "重要 想贏趁現在甩"}, {"comment_author": "Violataf", "comment_date": ["04/16", "14:30"], "comment_content": "個性這麼不合看不懂為什麼還能撐8年沒離"}, {"comment_author": "GYd99", "comment_date": ["04/16", "14:30"], "comment_content": "也不是順風順水，誰會過比較好還不知道"}, {"comment_author": "a0510111", "comment_date": ["04/16", "14:31"], "comment_content": "男生吧，女生可以回去當廢人"}, {"comment_author": "DoraPtt", "comment_date": ["04/16", "14:31"], "comment_content": "女方感覺沒出過社會"}, {"comment_author": "roea68roea68", "comment_date": ["04/16", "14:31"], "comment_content": "台灣很快就要戰爭了 回台灣是不會好"}, {"comment_author": "a0510111", "comment_date": ["04/16", "14:31"], "comment_content": "男生浪費大好時光跟金錢。"}, {"comment_author": "ShockHo222", "comment_date": ["04/16", "14:31"], "comment_content": "女"}, {"comment_author": "FLy60169", "comment_date": ["04/16", "14:31"], "comment_content": "女方比較傷吧，男生有綠卡，一堆台女搶"}, {"comment_author": "FLy60169", "comment_date": ["04/16", "14:31"], "comment_content": "著要，不怕找不到第二春"}, {"comment_author": "spring53287", "comment_date": ["04/16", "14:31"], "comment_content": "女方回台灣隨便就能在娘家耍廢半年"}, {"comment_author": "bacteria2014", "comment_date": ["04/16", "14:31"], "comment_content": "小孩最可憐"}, {"comment_author": "spring53287", "comment_date": ["04/16", "14:31"], "comment_content": "了"}, {"comment_author": "inshadow", "comment_date": ["04/16", "14:32"], "comment_content": "女方從頭到尾又沒說不想要綠卡 真不想要"}, {"comment_author": "inshadow", "comment_date": ["04/16", "14:32"], "comment_content": "哪會陪男的回去坐移民監"}, {"comment_author": "davidoslo", "comment_date": ["04/16", "14:33"], "comment_content": "男方舌戰群雄會收到網軍工作邀約吧"}, {"comment_author": "Violataf", "comment_date": ["04/16", "14:34"], "comment_content": "男的去開UBER都比一半以上的鄉民過的爽"}, {"comment_author": "Violataf", "comment_date": ["04/16", "14:34"], "comment_content": "啦 看他拉不拉的下臉而已"}, {"comment_author": "lawyer94", "comment_date": ["04/16", "14:35"], "comment_content": "阿姨跟大叔吵架，看戲就好"}, {"comment_author": "cc281399", "comment_date": ["04/16", "14:35"], "comment_content": "男的"}, {"comment_author": "hagousla", "comment_date": ["04/16", "14:35"], "comment_content": "男生啊～ 女生回台可以爽爽過日子"}, {"comment_author": "hagousla", "comment_date": ["04/16", "14:36"], "comment_content": "單身亞男在美國就是下等生物"}, {"comment_author": "dick929", "comment_date": ["04/16", "14:37"], "comment_content": "立刻找到下個人結婚有比較厲害嗎？離婚"}, {"comment_author": "dick929", "comment_date": ["04/16", "14:37"], "comment_content": "後維持單身比較無能是幾百年前的觀念？"}, {"comment_author": "aant", "comment_date": ["04/16", "14:37"], "comment_content": "男的一直公審老婆英文差 我覺得好可怕"}, {"comment_author": "aant", "comment_date": ["04/16", "14:37"], "comment_content": "被姐姐壓落底 所以要靠貶低老婆來抬高自己吧"}, {"comment_author": "dick929", "comment_date": ["04/16", "14:38"], "comment_content": "離婚對兩個人都是解脫，繼續在一起才是"}, {"comment_author": "dick929", "comment_date": ["04/16", "14:38"], "comment_content": "對兩個人的傷害"}, {"comment_author": "itohchen", "comment_date": ["04/16", "14:38"], "comment_content": "女的一定又正又大"}, {"comment_author": "Congopenguin", "comment_date": ["04/16", "14:39"], "comment_content": "女的阿 感覺應該算正"}, {"comment_author": "hagousla", "comment_date": ["04/16", "14:39"], "comment_content": "也不一定啦, 男的就是一根筋、很執著的"}, {"comment_author": "dick929", "comment_date": ["04/16", "14:39"], "comment_content": "照我看，離婚之後，兩個人都是贏家～繼"}, {"comment_author": "Congopenguin", "comment_date": ["04/16", "14:39"], "comment_content": "男的有綠卡結果失業吃老本是有啥用"}, {"comment_author": "dick929", "comment_date": ["04/16", "14:39"], "comment_content": "續在一起，兩個人都是輸家"}, {"comment_author": "hagousla", "comment_date": ["04/16", "14:39"], "comment_content": "類型, 女方不一定很正"}, {"comment_author": "LiamTiger", "comment_date": ["04/16", "14:40"], "comment_content": "女方啊，綠卡男一堆人願意吸屌，34歲"}, {"comment_author": "dick929", "comment_date": ["04/16", "14:40"], "comment_content": "男方目前失業，但是他有專業，不會永遠"}, {"comment_author": "LiamTiger", "comment_date": ["04/16", "14:40"], "comment_content": "軟爛台女誰要回收？"}, {"comment_author": "marginal5566", "comment_date": ["04/16", "14:40"], "comment_content": "女的哪裡傷 竹科再找一個就好"}, {"comment_author": "dick929", "comment_date": ["04/16", "14:40"], "comment_content": "失業"}, {"comment_author": "Congopenguin", "comment_date": ["04/16", "14:41"], "comment_content": "軟爛女竹科一堆人搶著要好不好"}, {"comment_author": "dick929", "comment_date": ["04/16", "14:41"], "comment_content": "女生也許有外貌身材，有洞60分的優勢，"}, {"comment_author": "dick929", "comment_date": ["04/16", "14:41"], "comment_content": "但是外表這種東西也無法一直保持不變"}, {"comment_author": "wjonz0102", "comment_date": ["04/16", "14:42"], "comment_content": "女方溫順又呆萌 竹科暈爛"}, {"comment_author": "dick929", "comment_date": ["04/16", "14:43"], "comment_content": "你說竹科搶著要～竹科明明有一堆30歲以下"}, {"comment_author": "Congopenguin", "comment_date": ["04/16", "14:43"], "comment_content": "更不用說女的家裡還有礦 靠老爸就好"}, {"comment_author": "dick929", "comment_date": ["04/16", "14:43"], "comment_content": "妹子可以挑，為什麼要挑一個36歲的失婚"}, {"comment_author": "dick929", "comment_date": ["04/16", "14:43"], "comment_content": "婦女？"}, {"comment_author": "Dean997", "comment_date": ["04/16", "14:43"], "comment_content": "先給我看女方照片我再回答你的問題"}, {"comment_author": "levs", "comment_date": ["04/16", "14:44"], "comment_content": "女的大剌剌  被罵到臭頭還能帶孩子去圖書館"}, {"comment_author": "vendetta001", "comment_date": ["04/16", "14:44"], "comment_content": "回家給88養就好，白癡才跟你飄洋過"}, {"comment_author": "vendetta001", "comment_date": ["04/16", "14:44"], "comment_content": "海受苦"}, {"comment_author": "levs", "comment_date": ["04/16", "14:44"], "comment_content": "如果長得漂亮一定有第二春 男方很清楚"}, {"comment_author": "levs", "comment_date": ["04/16", "14:44"], "comment_content": "這種神經大條的女生很受歡迎 又是正妹"}, {"comment_author": "levs", "comment_date": ["04/16", "14:45"], "comment_content": "如果不是去美國而是竹科媽媽就在家養孩子"}, {"comment_author": "SPAEK", "comment_date": ["04/16", "14:45"], "comment_content": "以前我也覺得竹科有一堆更好的挑 但之前的"}, {"comment_author": "levs", "comment_date": ["04/16", "14:45"], "comment_content": "老公輪班星人她就帶她的孩子"}, {"comment_author": "Hgsmile", "comment_date": ["04/16", "14:45"], "comment_content": "小孩啦，被兩個低能兒生到"}, {"comment_author": "piece1", "comment_date": ["04/16", "14:45"], "comment_content": "白爛喔!一堆30以下的妹仔可挑..阿怎麼一堆"}, {"comment_author": "SPAEK", "comment_date": ["04/16", "14:46"], "comment_content": "新聞 我高看竹科男了 根本有人貼就暈了"}, {"comment_author": "fallennrise", "comment_date": ["04/16", "14:46"], "comment_content": "女的生過孩子年紀又大，要怎麼贏"}, {"comment_author": "elvis30901", "comment_date": ["04/16", "14:46"], "comment_content": "回屁台灣，美國華人很缺老婆"}, {"comment_author": "s0930194", "comment_date": ["04/16", "14:46"], "comment_content": "女方可以兩腳開開，男方過勞碼農"}, {"comment_author": "piece1", "comment_date": ["04/16", "14:46"], "comment_content": "工程師還在未婚"}, {"comment_author": "fallennrise", "comment_date": ["04/16", "14:46"], "comment_content": "國外不是流行諮商嗎？怎不去看一下"}, {"comment_author": "sagarain", "comment_date": ["04/16", "14:46"], "comment_content": "綠卡要坐吧 還不一定"}, {"comment_author": "antigidu", "comment_date": ["04/16", "14:47"], "comment_content": "男的回台灣很好找工作  但在他身邊的人"}, {"comment_author": "antigidu", "comment_date": ["04/16", "14:47"], "comment_content": "壓力很大"}, {"comment_author": "theclgy2001", "comment_date": ["04/16", "14:47"], "comment_content": "小孩子"}, {"comment_author": "whitelady", "comment_date": ["04/16", "14:48"], "comment_content": "急著找下一個結婚的心態比較奇怪吧= ="}, {"comment_author": "buneng", "comment_date": ["04/16", "14:48"], "comment_content": "女生回台一堆人在等回收的"}, {"comment_author": "whitelady", "comment_date": ["04/16", "14:48"], "comment_content": " 不能只交男女朋友就好了？結婚真的很"}, {"comment_author": "rumblefish", "comment_date": ["04/16", "14:48"], "comment_content": "38歲失業 很難找工作了"}, {"comment_author": "whitelady", "comment_date": ["04/16", "14:48"], "comment_content": "麻煩，離婚也不是一方想離婚就能離。"}, {"comment_author": "rexcool", "comment_date": ["04/16", "14:48"], "comment_content": "本來以為女方去美國五年可以英語日常會"}, {"comment_author": "rexcool", "comment_date": ["04/16", "14:48"], "comment_content": "話ok，沒想到"}, {"comment_author": "whitelady", "comment_date": ["04/16", "14:49"], "comment_content": "男的個性跟誰都會吵成一團，就算有新"}, {"comment_author": "ZihYaoLin", "comment_date": ["04/16", "14:49"], "comment_content": "看小孩判給誰吧"}, {"comment_author": "whitelady", "comment_date": ["04/16", "14:49"], "comment_content": "對象應該很快就分了。"}, {"comment_author": "ZihYaoLin", "comment_date": ["04/16", "14:49"], "comment_content": "但可能是女生"}, {"comment_author": "twofm", "comment_date": ["04/16", "14:52"], "comment_content": "有沒有懶人包"}, {"comment_author": "sky001tp", "comment_date": ["04/16", "14:52"], "comment_content": "女的應該很正"}, {"comment_author": "levs", "comment_date": ["04/16", "14:52"], "comment_content": "美國諮商很貴  他們錢不構又沒工作沒保險吧"}, {"comment_author": "levs", "comment_date": ["04/16", "14:53"], "comment_content": "其實男方失業想暫時回台但是綠卡有條件"}, {"comment_author": "Jeff911", "comment_date": ["04/16", "14:53"], "comment_content": "女的來我們竹科隨便挑"}, {"comment_author": "levs", "comment_date": ["04/16", "14:53"], "comment_content": "不能待國外太久  所以得回去美國待著"}, {"comment_author": "whitelady", "comment_date": ["04/16", "14:54"], "comment_content": "回台灣諮商啊，他們還可以申請婚姻諮"}, {"comment_author": "whitelady", "comment_date": ["04/16", "14:54"], "comment_content": "商。"}, {"comment_author": "levs", "comment_date": ["04/16", "14:54"], "comment_content": "女生同溫層如果都正妹大概都過很爽"}, {"comment_author": "NaoGaTsu", "comment_date": ["04/16", "14:54"], "comment_content": "說實話 女方"}, {"comment_author": "levs", "comment_date": ["04/16", "14:54"], "comment_content": "她卻只能在美國過苦難生活當然想回台灣"}, {"comment_author": "XJY13", "comment_date": ["04/16", "14:54"], "comment_content": "台女一堆子宮移民"}, {"comment_author": "sindy520", "comment_date": ["04/16", "14:55"], "comment_content": "為啥一定要找下一個結婚，好不容易都單"}, {"comment_author": "levs", "comment_date": ["04/16", "14:55"], "comment_content": "漂亮的台灣女生不出國也能過很好又有爸疼"}, {"comment_author": "sindy520", "comment_date": ["04/16", "14:55"], "comment_content": "身了，過好自己的生活不好嗎"}, {"comment_author": "levs", "comment_date": ["04/16", "14:55"], "comment_content": "阿 我突然想到這個沒人提 跟家人感情好的不"}, {"comment_author": "levs", "comment_date": ["04/16", "14:55"], "comment_content": "適合移民啦"}, {"comment_author": "HappyKH", "comment_date": ["04/16", "14:56"], "comment_content": "那女的回台說要公務員你信她考得上？"}, {"comment_author": "starcookey", "comment_date": ["04/16", "14:57"], "comment_content": "當然是女的，妳以為這裡是美國嗎？"}, {"comment_author": "CTUST", "comment_date": ["04/16", "14:57"], "comment_content": "女方回去給家裡養就好，自食其力"}, {"comment_author": "lolpklol0975", "comment_date": ["04/16", "14:58"], "comment_content": ""}, {"comment_author": "whitelady", "comment_date": ["04/16", "14:58"], "comment_content": "現在公務員好像變好考了，不過英文這"}, {"comment_author": "whitelady", "comment_date": ["04/16", "14:58"], "comment_content": "麼糟能考上嗎？我記得也要考英文阿。"}, {"comment_author": "Jeff911", "comment_date": ["04/16", "14:58"], "comment_content": "Nike唸奈克 我覺得考公務員沒難度"}, {"comment_author": "COOLBOY22226", "comment_date": ["04/16", "15:02"], "comment_content": "男方吧 有綠卡應該很多移民會貼XD"}, {"comment_author": "Apple0230", "comment_date": ["04/16", "15:02"], "comment_content": "男生比較虧扛雷包 女生回家做公主而已"}, {"comment_author": "fifty93", "comment_date": ["04/16", "15:03"], "comment_content": "沒有人會貼躁鬱症台南...聰明小女生直接"}, {"comment_author": "fifty93", "comment_date": ["04/16", "15:03"], "comment_content": "找CS本科留學生好嗎=="}, {"comment_author": "chichung", "comment_date": ["04/16", "15:04"], "comment_content": "女方有爸爸回去躺贏啊 男方只能窩妹妹"}, {"comment_author": "saisai34", "comment_date": ["04/16", "15:05"], "comment_content": "女方不怕嫁不掉 , 男方性格要找到像現在"}, {"comment_author": "kaitai", "comment_date": ["04/16", "15:05"], "comment_content": "女的一定爽 回台灣就回到女人最爽之國度"}, {"comment_author": "saisai34", "comment_date": ["04/16", "15:05"], "comment_content": "老婆一樣溫馴 , 然後又要有自主能力"}, {"comment_author": "saisai34", "comment_date": ["04/16", "15:06"], "comment_content": "機率趨近於零 , 有能力的女性不會喜歡"}, {"comment_author": "saisai34", "comment_date": ["04/16", "15:06"], "comment_content": "他這種本事不大 脾氣很大的男人"}, {"comment_author": "fifty93", "comment_date": ["04/16", "15:06"], "comment_content": "公主才不會願意跟小姑住(男方妹妹) ..."}, {"comment_author": "Violataf", "comment_date": ["04/16", "15:06"], "comment_content": "講誰爽都幹話啦 早點離一離才是真的"}, {"comment_author": "aa91300tw", "comment_date": ["04/16", "15:11"], "comment_content": "女方在台灣有原生家庭可以依靠，被國外"}, {"comment_author": "aa91300tw", "comment_date": ["04/16", "15:11"], "comment_content": "生活放大的缺點在舒適圈或許可以無傷大"}, {"comment_author": "aa91300tw", "comment_date": ["04/16", "15:11"], "comment_content": "雅，初期女方會過得比較好，但男方繼續"}, {"comment_author": "aa91300tw", "comment_date": ["04/16", "15:11"], "comment_content": "往上拚就不一定了"}, {"comment_author": "bingripplw", "comment_date": ["04/16", "15:12"], "comment_content": "男方困難重重"}, {"comment_author": "phyka", "comment_date": ["04/16", "15:12"], "comment_content": "女的根本不在乎綠卡，在台灣原生家庭可以照"}, {"comment_author": "yzvr", "comment_date": ["04/16", "15:12"], "comment_content": "說3x的失婚婦女台男搶著要的是活在哪個台灣"}, {"comment_author": "phyka", "comment_date": ["04/16", "15:12"], "comment_content": "護他跟小孩，回台期間一度不想回美國，因為"}, {"comment_author": "phyka", "comment_date": ["04/16", "15:12"], "comment_content": "台灣太舒服，老公就是不願意讓他回去爽寧願"}, {"comment_author": "yzvr", "comment_date": ["04/16", "15:12"], "comment_content": "啊"}, {"comment_author": "phyka", "comment_date": ["04/16", "15:12"], "comment_content": "一起死"}, {"comment_author": "vasia", "comment_date": ["04/16", "15:13"], "comment_content": "女生長的不要太差很容易找到蕭D勾"}, {"comment_author": "philip81501", "comment_date": ["04/16", "15:15"], "comment_content": "女方離婚都馬賺得居多"}, {"comment_author": "riker729", "comment_date": ["04/16", "15:17"], "comment_content": "不結婚更爽吧！"}, {"comment_author": "jerry5988", "comment_date": ["04/16", "15:17"], "comment_content": "女方 肯定很正"}, {"comment_author": "brad001", "comment_date": ["04/16", "15:18"], "comment_content": "連Nike都能念錯真的不簡單"}, {"comment_author": "chienk", "comment_date": ["04/16", "15:18"], "comment_content": "男生有再回美國找一份工作的話。女生比較"}, {"comment_author": "chienk", "comment_date": ["04/16", "15:19"], "comment_content": "慘 離婚後 沒工作過 沒謀生能力 沒語言能"}, {"comment_author": "chienk", "comment_date": ["04/16", "15:19"], "comment_content": "力 法院會把小孩判給爸爸  要是媽媽把美國"}, {"comment_author": "chienk", "comment_date": ["04/16", "15:19"], "comment_content": "籍小孩帶回台灣   美國公權力會千刀萬里追"}, {"comment_author": "vini770803", "comment_date": ["04/16", "15:19"], "comment_content": "女方可以回台考公職找工作不是難事娘"}, {"comment_author": "vini770803", "comment_date": ["04/16", "15:19"], "comment_content": "家有人會幫顧，男方在台灣跟父親 姐姐"}, {"comment_author": "vini770803", "comment_date": ["04/16", "15:19"], "comment_content": "不睦，雖有妹妹在美國跟妹妹一起住但"}, {"comment_author": "vini770803", "comment_date": ["04/16", "15:19"], "comment_content": "男的失業中還不知道工作做待久嗎？失"}, {"comment_author": "vini770803", "comment_date": ["04/16", "15:19"], "comment_content": "業原因跟主管吵架"}, {"comment_author": "vini770803", "comment_date": ["04/16", "15:20"], "comment_content": "女的有工作過"}, {"comment_author": "ColaLing", "comment_date": ["04/16", "15:20"], "comment_content": "無論如何都比現在好"}, {"comment_author": "qozxcv", "comment_date": ["04/16", "15:20"], "comment_content": "銀行密碼都會忘記的實在不行"}, {"comment_author": "chenweichih", "comment_date": ["04/16", "15:22"], "comment_content": "女方啦 三十幾帶個小孩 超傷"}, {"comment_author": "chenweichih", "comment_date": ["04/16", "15:23"], "comment_content": "不過的確是小孩最傷"}, {"comment_author": "jads210244", "comment_date": ["04/16", "15:26"], "comment_content": "孤身留在美國的比較傷吧"}, {"comment_author": "jay0215", "comment_date": ["04/16", "15:35"], "comment_content": "短期男方傷，但拉長期後女方傷"}, {"comment_author": "samm3320", "comment_date": ["04/16", "15:37"], "comment_content": "女方搞不好回台灣跟韓籍初戀情人閃婚再"}, {"comment_author": "samm3320", "comment_date": ["04/16", "15:37"], "comment_content": "發新全家福照片出來（誤）"}, {"comment_author": "debris", "comment_date": ["04/16", "15:38"], "comment_content": "男的到處到底看上女生什麼  又為什麼結婚"}, {"comment_author": "debris", "comment_date": ["04/16", "15:38"], "comment_content": "台大的我就不信會被連nike都會唸錯的女生"}, {"comment_author": "debris", "comment_date": ["04/16", "15:38"], "comment_content": "吸引"}, {"comment_author": "demitri", "comment_date": ["04/16", "15:41"], "comment_content": "女的在台灣有工作 要回去找也不難吧"}, {"comment_author": "asgardgogo", "comment_date": ["04/16", "15:43"], "comment_content": "只要新竹還在一定女的爽"}, {"comment_author": "lovebubao730", "comment_date": ["04/16", "15:44"], "comment_content": "男的感覺內心有什麼過不去的坎，內"}, {"comment_author": "lovebubao730", "comment_date": ["04/16", "15:44"], "comment_content": "在小孩時不時跑出來暴衝說嗨"}, {"comment_author": "Congopenguin", "comment_date": ["04/16", "15:45"], "comment_content": "當初就是看上女的個性軟爛隨和阿"}, {"comment_author": "vini770803", "comment_date": ["04/16", "15:45"], "comment_content": "除了回文反擊老婆，還有男的對他做醫"}, {"comment_author": "whitelady", "comment_date": ["04/16", "15:45"], "comment_content": "沒小孩找結婚對象比較容易，有小孩無"}, {"comment_author": "vini770803", "comment_date": ["04/16", "15:45"], "comment_content": "生嫁小開有澳洲身份的親姐姐超級不齒"}, {"comment_author": "whitelady", "comment_date": ["04/16", "15:45"], "comment_content": "論男女都只能找二婚的，不然就年紀很大"}, {"comment_author": "whitelady", "comment_date": ["04/16", "15:45"], "comment_content": "的當對象。"}, {"comment_author": "Congopenguin", "comment_date": ["04/16", "15:46"], "comment_content": "不然男的情緒控管那麼差還有誰要"}, {"comment_author": "Congopenguin", "comment_date": ["04/16", "15:47"], "comment_content": "不然就是女的長的算正 但沒圖不好說"}, {"comment_author": "ronan113021", "comment_date": ["04/16", "15:49"], "comment_content": "女方傷在哪 不懂"}, {"comment_author": "whitelady", "comment_date": ["04/16", "15:52"], "comment_content": "男的不離婚，代表女的根本沒這麼糟，這"}, {"comment_author": "whitelady", "comment_date": ["04/16", "15:52"], "comment_content": "是很簡單的道理。真的很糟而且談不攏，"}, {"comment_author": "whitelady", "comment_date": ["04/16", "15:52"], "comment_content": "基本幾個月就離婚了（看過女生算很正"}, {"comment_author": "whitelady", "comment_date": ["04/16", "15:52"], "comment_content": "正，男的普通。男的後來再娶的老婆比"}, {"comment_author": "whitelady", "comment_date": ["04/16", "15:53"], "comment_content": "較醜，但性格比較賢慧。沒小孩很好找"}, {"comment_author": "whitelady", "comment_date": ["04/16", "15:53"], "comment_content": "對象的多。"}, {"comment_author": "luvsmile", "comment_date": ["04/16", "15:54"], "comment_content": "孩子最傷"}, {"comment_author": "aant", "comment_date": ["04/16", "15:55"], "comment_content": "外在條件看看就好"}, {"comment_author": "aant", "comment_date": ["04/16", "15:55"], "comment_content": "男的最大障礙是他的性格"}, {"comment_author": "aant", "comment_date": ["04/16", "15:55"], "comment_content": "就算有新對象跟新工作可能又踩到他的雷"}, {"comment_author": "seanqqq", "comment_date": ["04/16", "15:59"], "comment_content": "男的個性有問題，感覺像亞斯"}, {"comment_author": "oyaji5566", "comment_date": ["04/16", "16:03"], "comment_content": "公主適合住台灣，一些生活瑣碎小事可"}, {"comment_author": "oyaji5566", "comment_date": ["04/16", "16:03"], "comment_content": "以用便宜的價格買到相關服務。在美國"}, {"comment_author": "oyaji5566", "comment_date": ["04/16", "16:03"], "comment_content": "這些服務的價格可是很高的，所以一堆"}, {"comment_author": "oyaji5566", "comment_date": ["04/16", "16:03"], "comment_content": "人自己動手修水管修屋頂"}, {"comment_author": "strlen", "comment_date": ["04/16", "16:04"], "comment_content": "不敢離婚就不要扯那麼多"}, {"comment_author": "jialin6666", "comment_date": ["04/16", "16:04"], "comment_content": "女方回來，還能跟男方要贍養費"}, {"comment_author": "tjkenny", "comment_date": ["04/16", "16:04"], "comment_content": "碼農現在很有空，會來戰喔"}, {"comment_author": "whitelady", "comment_date": ["04/16", "16:09"], "comment_content": "美國常見是家裡修繕 水電壞掉 汽車故"}, {"comment_author": "whitelady", "comment_date": ["04/16", "16:09"], "comment_content": "障都要自己處理，因為人工費用太貴，"}, {"comment_author": "newstyle", "comment_date": ["04/16", "16:09"], "comment_content": "台灣本來就是女人的天堂"}, {"comment_author": "whitelady", "comment_date": ["04/16", "16:11"], "comment_content": "我感覺他們收入沒高到，什麼事情都可以"}, {"comment_author": "whitelady", "comment_date": ["04/16", "16:11"], "comment_content": "僱傭找人幫忙，實際上若樣樣自己來，"}, {"comment_author": "whitelady", "comment_date": ["04/16", "16:12"], "comment_content": "顯然他們兩人能力都不足夠。在美國收入"}, {"comment_author": "whitelady", "comment_date": ["04/16", "16:12"], "comment_content": "不夠高也很辛苦，回台灣也是一個選擇。"}, {"comment_author": "orzorza3r", "comment_date": ["04/16", "16:15"], "comment_content": "有綠卡屌打鄉民 不需要再討論他們啦"}, {"comment_author": "YALEMY", "comment_date": ["04/16", "16:15"], "comment_content": "100%男的傷 台男在美國是超級求偶劣勢族群"}, {"comment_author": "HanKWanG1994", "comment_date": ["04/16", "16:16"], "comment_content": "當然是男方啊==生活上少了一個出氣"}, {"comment_author": "HanKWanG1994", "comment_date": ["04/16", "16:16"], "comment_content": "包 怎麼消化自己的負面情緒 很快就"}, {"comment_author": "HanKWanG1994", "comment_date": ["04/16", "16:16"], "comment_content": "自殺了"}, {"comment_author": "whitelady", "comment_date": ["04/16", "16:18"], "comment_content": "男的情緒管控有問題，哪天燒炭或放火"}, {"comment_author": "whitelady", "comment_date": ["04/16", "16:18"], "comment_content": "都不意外，我覺得他應該要尋求專業協助"}, {"comment_author": "whitelady", "comment_date": ["04/16", "16:19"], "comment_content": "。"}, {"comment_author": "yoyodio", "comment_date": ["04/16", "16:25"], "comment_content": "台女回台去新竹馬上竹科仔ge  t"}, {"comment_author": "RlexCY37", "comment_date": ["04/16", "16:26"], "comment_content": "猜。女"}, {"comment_author": "yoyodio", "comment_date": ["04/16", "16:26"], "comment_content": "台男離婚+失業+没房在美國=GG"}, {"comment_author": "dogdream", "comment_date": ["04/16", "16:27"], "comment_content": "女的不要長太差 回台一堆撿破鞋的好嗎"}, {"comment_author": "gani2e", "comment_date": ["04/16", "16:33"], "comment_content": "男的 女的找一個接盤俠就好 男的還要養小"}, {"comment_author": "joey123xd", "comment_date": ["04/16", "16:33"], "comment_content": "離過婚+小孩 比過期還慘"}, {"comment_author": "gani2e", "comment_date": ["04/16", "16:33"], "comment_content": "孩"}, {"comment_author": "allen95069", "comment_date": ["04/16", "16:39"], "comment_content": "女方啊 竹科有回收廠"}, {"comment_author": "CHARLIEEULER", "comment_date": ["04/16", "16:41"], "comment_content": "各位工程師 挑老婆請謝絕花瓶"}, {"comment_author": "CHARLIEEULER", "comment_date": ["04/16", "16:41"], "comment_content": "只有外表=>晚年淒涼"}, {"comment_author": "CHARLIEEULER", "comment_date": ["04/16", "16:41"], "comment_content": "不要不信"}, {"comment_author": "a6444long", "comment_date": ["04/16", "16:46"], "comment_content": "who cares? 婚姻版一律離婚！滾！"}, {"comment_author": "applexdot", "comment_date": ["04/16", "16:48"], "comment_content": "那個老婆娘家幸福，老公原生家庭不好，"}, {"comment_author": "applexdot", "comment_date": ["04/16", "16:48"], "comment_content": "想也知道離了誰慘"}, {"comment_author": "Bifrost", "comment_date": ["04/16", "16:48"], "comment_content": "老婆啊"}, {"comment_author": "chiehdis", "comment_date": ["04/16", "16:50"], "comment_content": "男生受傷，女生個性好，男生玻璃心遇到"}, {"comment_author": "chiehdis", "comment_date": ["04/16", "16:50"], "comment_content": "事情亂噴說自己在哭，這種有了綠卡都不"}, {"comment_author": "chiehdis", "comment_date": ["04/16", "16:50"], "comment_content": "見得有女生要"}, {"comment_author": "jamescle23", "comment_date": ["04/16", "16:52"], "comment_content": "女的能回家當小公主不傷"}, {"comment_author": "monkeytree", "comment_date": ["04/16", "16:55"], "comment_content": "老公，其實他老婆很搶手"}, {"comment_author": "Arhib", "comment_date": ["04/16", "16:56"], "comment_content": "台南有那麼卑微喔 女方35UP加小孩欸"}, {"comment_author": "kilhi", "comment_date": ["04/16", "16:57"], "comment_content": "米國訴訟真的可以吉到男方"}, {"comment_author": "kilhi", "comment_date": ["04/16", "16:58"], "comment_content": "看個性啦！"}, {"comment_author": "KoalasPtt", "comment_date": ["04/16", "16:59"], "comment_content": "小孩可憐…"}, {"comment_author": "bradpete", "comment_date": ["04/16", "17:02"], "comment_content": "有綠卡無敵 認真"}, {"comment_author": "LoliCar", "comment_date": ["04/16", "17:03"], "comment_content": "女"}, {"comment_author": "raku", "comment_date": ["04/16", "17:04"], "comment_content": "女方有無能嗎？在台灣看起來能正常工作 別"}, {"comment_author": "adapt", "comment_date": ["04/16", "17:07"], "comment_content": "為什麼一定要找下一個人結婚才是贏家？超級"}, {"comment_author": "adapt", "comment_date": ["04/16", "17:08"], "comment_content": "莫名其妙"}, {"comment_author": "uahj", "comment_date": ["04/16", "17:12"], "comment_content": "小孩最傷"}, {"comment_author": "monkeytree", "comment_date": ["04/16", "17:13"], "comment_content": "打lol從不缺ad，但躺分型女生sup大家"}, {"comment_author": "monkeytree", "comment_date": ["04/16", "17:13"], "comment_content": "搶著要"}, {"comment_author": "monkeytree", "comment_date": ["04/16", "17:14"], "comment_content": "更別說這sup還不計較輸贏可以一起輸"}, {"comment_author": "monkeytree", "comment_date": ["04/16", "17:14"], "comment_content": "還不找別的ad，傻白甜"}, {"comment_author": "DonDonFans", "comment_date": ["04/16", "17:16"], "comment_content": "35up又有小孩 除非真的很正啦..."}, {"comment_author": "justeat", "comment_date": ["04/16", "17:17"], "comment_content": "搞不好女的很正"}, {"comment_author": "doraemon00", "comment_date": ["04/16", "17:17"], "comment_content": "小孩最傷，媽媽的智商不知道多少"}, {"comment_author": "wildcat5566", "comment_date": ["04/16", "17:19"], "comment_content": "為啥講的好像結婚才是唯一勝利條件"}, {"comment_author": "wildcat5566", "comment_date": ["04/16", "17:19"], "comment_content": "怎麼不比誰能比較快找到工作"}, {"comment_author": "milkBK", "comment_date": ["04/16", "17:27"], "comment_content": "男生至少會英文啊"}, {"comment_author": "xxyuuyuu", "comment_date": ["04/16", "17:30"], "comment_content": "女生根本想回台灣 + 她第一篇透露離婚也"}, {"comment_author": "xxyuuyuu", "comment_date": ["04/16", "17:30"], "comment_content": "沒差，離一離各過各想過的生活很好啊。"}, {"comment_author": "xxyuuyuu", "comment_date": ["04/16", "17:30"], "comment_content": "男的自己吵架失業，還要原本因為沒錢請"}, {"comment_author": "xxyuuyuu", "comment_date": ["04/16", "17:30"], "comment_content": "褓姆所以要帶小孩的老婆出去找工作，根"}, {"comment_author": "xxyuuyuu", "comment_date": ["04/16", "17:30"], "comment_content": "本魯"}, {"comment_author": "weitin7011", "comment_date": ["04/16", "17:31"], "comment_content": "都不傷 男的留美 女的回台 小孩歸要養"}, {"comment_author": "weitin7011", "comment_date": ["04/16", "17:31"], "comment_content": "的"}, {"comment_author": "cs005337", "comment_date": ["04/16", "17:33"], "comment_content": "女的除非很正，不然死定了"}, {"comment_author": "sober921", "comment_date": ["04/16", "17:34"], "comment_content": "2024了還可以英文不好，就是娶了個村姑"}, {"comment_author": "sober921", "comment_date": ["04/16", "17:34"], "comment_content": "啊"}, {"comment_author": "deadair", "comment_date": ["04/16", "17:37"], "comment_content": "女方回台放棄綠卡都沒差 回家還有爸養"}, {"comment_author": "E103A6", "comment_date": ["04/16", "17:43"], "comment_content": "女生有洞60分，男生洗洗睡吧"}, {"comment_author": "gin10791", "comment_date": ["04/16", "17:51"], "comment_content": "誰比較在意就誰傷"}, {"comment_author": "mobileip", "comment_date": ["04/16", "17:52"], "comment_content": "女的有真相嗎"}, {"comment_author": "xdctjh", "comment_date": ["04/16", "17:54"], "comment_content": "女森可以攝取高加索優良基因 還可以分一"}, {"comment_author": "xdctjh", "comment_date": ["04/16", "17:54"], "comment_content": "半財產 怎麼輸？"}, {"comment_author": "foxher", "comment_date": ["04/16", "18:07"], "comment_content": "看臉奶跟年紀"}, {"comment_author": "liberte", "comment_date": ["04/16", "18:17"], "comment_content": "待業中的綠卡碼農吃香???? 美國待業公民"}, {"comment_author": "liberte", "comment_date": ["04/16", "18:17"], "comment_content": "不就香爆???"}, {"comment_author": "robin101246", "comment_date": ["04/16", "18:24"], "comment_content": "女方"}, {"comment_author": "snownow", "comment_date": ["04/16", "18:48"], "comment_content": "在台灣生活白癡會怎樣嗎？不會煮飯出門買"}, {"comment_author": "snownow", "comment_date": ["04/16", "18:48"], "comment_content": "就有，不會開車住台北搭捷運就好，一樣情"}, {"comment_author": "snownow", "comment_date": ["04/16", "18:48"], "comment_content": "況在美國直接餓死在家裡，而且為何要預設"}, {"comment_author": "snownow", "comment_date": ["04/16", "18:48"], "comment_content": "先找到第二春才是贏？"}, {"comment_author": "ryokofan", "comment_date": ["04/16", "19:08"], "comment_content": "女的啊，男的有綠卡沒工作有屁用？要假"}, {"comment_author": "ryokofan", "comment_date": ["04/16", "19:09"], "comment_content": "結婚也是找公民"}, {"comment_author": "qqqqwe15", "comment_date": ["04/16", "19:09"], "comment_content": "美國找不到工作硬待撐著還帶個拖油瓶"}, {"comment_author": "qqqqwe15", "comment_date": ["04/16", "19:10"], "comment_content": "下場是啥"}, {"comment_author": "shargo", "comment_date": ["04/16", "19:29"], "comment_content": "男方那種性格 沒人敢接吧 嚇都嚇死了"}, {"comment_author": "suanruei", "comment_date": ["04/16", "19:38"], "comment_content": "男的，美國、待業、單親家庭"}, {"comment_author": "emissary", "comment_date": ["04/16", "19:44"], "comment_content": "女的直接找美籍白男更快"}, {"comment_author": "CLRIS", "comment_date": ["04/16", "19:45"], "comment_content": "女的根本沒能力 若不是有小孩根本不用討論"}, {"comment_author": "JQK2", "comment_date": ["04/16", "19:57"], "comment_content": "女的進可攻退可守，找美籍男再婚，回台爽過"}, {"comment_author": "JQK2", "comment_date": ["04/16", "19:58"], "comment_content": "男的一生心血化為烏有，又有姐妹心魔，自殺"}, {"comment_author": "JQK2", "comment_date": ["04/16", "20:00"], "comment_content": "美國那種適者生存環境只有中國狼性可以撐住"}, {"comment_author": "JQK2", "comment_date": ["04/16", "20:01"], "comment_content": "台灣溫室花朵巨嬰草莓很難融入"}, {"comment_author": "rses99", "comment_date": ["04/16", "20:37"], "comment_content": "不知道失業男在那高傲什麼"}, {"comment_author": "acerabbit", "comment_date": ["04/16", "20:53"], "comment_content": "有ATM沒PIN 還是餓死欸"}, {"comment_author": "zed9104", "comment_date": ["04/16", "21:01"], "comment_content": "男的 他在美國找不到對象 美國台男人數遠"}, {"comment_author": "zed9104", "comment_date": ["04/16", "21:01"], "comment_content": "大台女 他英文又不夠好到找美國人"}, {"comment_author": "dreamdds", "comment_date": ["04/16", "21:08"], "comment_content": "女方沒生存能力肯定掰"}, {"comment_author": "adamsung", "comment_date": ["04/16", "21:11"], "comment_content": "要看還正不正 生過小孩就大扣分了 不正"}, {"comment_author": "adamsung", "comment_date": ["04/16", "21:12"], "comment_content": "又垂又鬆誰要"}, {"comment_author": "q251425", "comment_date": ["04/16", "21:17"], "comment_content": "老實說不是每個人想做就做得到"}, {"comment_author": "q251425", "comment_date": ["04/16", "21:18"], "comment_content": "我覺得比起上不上進 還是個性隨和點好"}, {"comment_author": "NSRC", "comment_date": ["04/16", "21:38"], "comment_content": "女方沒喊離，還用問嗎"}, {"comment_author": "HiyajoMaho", "comment_date": ["04/16", "21:57"], "comment_content": "女的看起來有沒有綠卡對他沒差"}, {"comment_author": "UrFather", "comment_date": ["04/16", "22:02"], "comment_content": "沒看長相不準☺"}, {"comment_author": "afrazhao", "comment_date": ["04/16", "22:27"], "comment_content": "女生台灣，男生美國winwin"}, {"comment_author": "nick2010", "comment_date": ["04/16", "22:28"], "comment_content": "女方如果想留在美國的話 彎曲碼農一堆"}, {"comment_author": "nick2010", "comment_date": ["04/16", "22:29"], "comment_content": "等著接盤"}, {"comment_author": "eugeniajim", "comment_date": ["04/16", "23:18"], "comment_content": "男方傷啊，他感覺就自尊很高的人，"}, {"comment_author": "eugeniajim", "comment_date": ["04/16", "23:18"], "comment_content": "離婚會讓他覺得自己是失敗者"}, {"comment_author": "aaaaa011235", "comment_date": ["04/16", "23:23"], "comment_content": "女的奶子大嗎？"}, {"comment_author": "YiYaochAng", "comment_date": ["04/16", "23:33"], "comment_content": "女方在台灣是和男方同公司認識的 哪"}, {"comment_author": "YiYaochAng", "comment_date": ["04/16", "23:33"], "comment_content": "會差到哪去"}, {"comment_author": "fulongb210f", "comment_date": ["04/16", "23:40"], "comment_content": "絕對是男方。"}, {"comment_author": "haverjohn", "comment_date": ["04/17", "00:32"], "comment_content": "很重要嗎？"}, {"comment_author": "restinpeace", "comment_date": ["04/17", "02:09"], "comment_content": "孩子啊，被這種父母生到，注定之後也"}, {"comment_author": "restinpeace", "comment_date": ["04/17", "02:09"], "comment_content": "是苦命的人生"}, {"comment_author": "Bonkon", "comment_date": ["04/17", "03:26"], "comment_content": "搞不懂怎麼會有人要娶花瓶 拿來供佛堂是不"}, {"comment_author": "Bonkon", "comment_date": ["04/17", "03:26"], "comment_content": "是"}, {"comment_author": "zero955185", "comment_date": ["04/17", "07:44"], "comment_content": "看奶大的"}, {"comment_author": "goodboy98", "comment_date": ["04/17", "08:03"], "comment_content": "哪一次不是台女 條件互換 男孩兒根本不"}, {"comment_author": "goodboy98", "comment_date": ["04/17", "08:03"], "comment_content": "會那麼多毛"}, {"comment_author": "goodboy98", "comment_date": ["04/17", "08:03"], "comment_content": "只會被瞧不起而已"}]}
