{"author": "ASKR (ASKR)", "category": "Gossiping", "title": "[問卦] 為什麼獨自一個人就想尻尻", "date": "Sun Apr 14 22:58:31 2024", "content": ["很奇怪跟人在一起有事做 可以聊天 就不會尻尻可是剩一個人 無聊 沒事做 就想尻所以想尻尻不是慾望 是太無聊嗎有八卦嗎--"], "post_comment": [{"comment_author": "badbadook", "comment_date": ["04/14", "22:59"], "comment_content": ""}, {"comment_author": "badbadook", "comment_date": ["04/14", "22:59"], "comment_content": ""}, {"comment_author": "lmu0837", "comment_date": ["04/14", "23:01"], "comment_content": "小精靈在偷肛你刺激你慾望"}, {"comment_author": "Himiko9975", "comment_date": ["04/14", "23:01"], "comment_content": "不要再尻了"}, {"comment_author": "ahw12000", "comment_date": ["04/14", "23:02"], "comment_content": "是你的身體想跟你對話"}, {"comment_author": "wilson3435", "comment_date": ["04/14", "23:04"], "comment_content": "我獨自尻尻"}, {"comment_author": "yzelly", "comment_date": ["04/14", "23:09"], "comment_content": "那是跟你聊的引不起你的性慾好嗎"}, {"comment_author": "Skybreak", "comment_date": ["04/15", "02:07"], "comment_content": "因為你獨自一個人在升級啊"}]}
