{"author": "alpesor (alpes)", "category": "Gossiping", "title": "[問卦] Ptt月費多少合理", "date": "Sun Apr 14 10:24:30 2024", "content": ["Ptt應該有設備維護支出如果哪天資金不夠Ptt改成月費制藉此補貼營運支出如果要讓大家願意繼續用Ptt大概月費多少合理--"], "post_comment": [{"comment_author": "kent", "comment_date": ["04/14", "10:24"], "comment_content": "收費就死了"}, {"comment_author": "Roooz", "comment_date": ["04/14", "10:24"], "comment_content": "月你妹"}, {"comment_author": "laugh8562", "comment_date": ["04/14", "10:25"], "comment_content": "被桶的那些低能兒應該要付遮羞費吧"}, {"comment_author": "ncc5566", "comment_date": ["04/14", "10:25"], "comment_content": "樓下被肛一次 收費多少?"}, {"comment_author": "SmonSo", "comment_date": ["04/14", "10:25"], "comment_content": "認真講的話  30$/帳號/月   差不多吧"}, {"comment_author": "hyperdunk", "comment_date": ["04/14", "10:26"], "comment_content": "我會去低能卡"}, {"comment_author": "gem810611", "comment_date": ["04/14", "10:26"], "comment_content": "有水桶30天保護卡嗎"}, {"comment_author": "johnhmj", "comment_date": ["04/14", "10:26"], "comment_content": "當月上線人數萬人以上收10元算很多了"}, {"comment_author": "ErosAmour", "comment_date": ["04/14", "10:26"], "comment_content": "會被反過來要求VVVIP有特權，進板發廢"}, {"comment_author": "ErosAmour", "comment_date": ["04/14", "10:27"], "comment_content": "文就有全站通知，文章打賞還有放煙花"}, {"comment_author": "ErosAmour", "comment_date": ["04/14", "10:27"], "comment_content": "特效。"}, {"comment_author": "boy1031", "comment_date": ["04/14", "10:27"], "comment_content": "水桶嚴格十倍，可以改賣贖罪卷"}, {"comment_author": "sboryuan", "comment_date": ["04/14", "10:28"], "comment_content": "可以放廣告賺錢"}, {"comment_author": "SamuelLuo", "comment_date": ["04/14", "10:28"], "comment_content": "收費馬上倒掉，現在就是靠免費肥宅撐著"}, {"comment_author": "Hina", "comment_date": ["04/14", "10:29"], "comment_content": ".............一個月10塊"}, {"comment_author": "Hina", "comment_date": ["04/14", "10:29"], "comment_content": "其實只要收費 就是倒掉  不是因為太貴"}, {"comment_author": "Hina", "comment_date": ["04/14", "10:29"], "comment_content": "因為這主機是在台大 變成營利用途 就是倒掉"}, {"comment_author": "willgo", "comment_date": ["04/14", "10:30"], "comment_content": "我願意捐一點錢給ptt"}, {"comment_author": "cevs", "comment_date": ["04/14", "10:31"], "comment_content": "實名制 貴一點我願意"}, {"comment_author": "stevenpiglin", "comment_date": ["04/14", "10:33"], "comment_content": "黨不缺這點小錢"}, {"comment_author": "rronbang", "comment_date": ["04/14", "10:34"], "comment_content": "收費後要給版主多少錢?"}, {"comment_author": "pttenjk", "comment_date": ["04/14", "10:35"], "comment_content": "台大校友應該不是廢物 連幾萬都捐不起"}, {"comment_author": "dayend", "comment_date": ["04/14", "10:47"], "comment_content": "我可接受8000/月"}, {"comment_author": "SamuelLuo", "comment_date": ["04/14", "11:06"], "comment_content": "這是學術網路，我們繳稅已經負擔費用了"}, {"comment_author": "Mike9", "comment_date": ["04/14", "11:08"], "comment_content": "立刻被取代"}]}
