{"author": "omanorboyo (omanorboyo)", "category": "Gossiping", "title": "[問卦] 統神現在外號要叫什麼才適合他", "date": "Mon Apr 15 13:50:18 2024", "content": ["剛剛看他跑去綠營節目 xx姐 xx哥還在鏡頭前面90度鞠躬向社會道歉這已經不是我們熟悉的那個統神了現在要叫張嘉航什麼外號比較適合啊？--"], "post_comment": [{"comment_author": "bill403777", "comment_date": ["04/15", "13:50"], "comment_content": "亞洲垃圾桶"}, {"comment_author": "GTOyoko5566", "comment_date": ["04/15", "13:50"], "comment_content": "電競賴清德"}, {"comment_author": "OPPAISuki", "comment_date": ["04/15", "13:50"], "comment_content": "獨鬼"}, {"comment_author": "vowpool", "comment_date": ["04/15", "13:50"], "comment_content": "亞洲小雞"}, {"comment_author": "wilson3435", "comment_date": ["04/15", "13:51"], "comment_content": "電競賴清德"}, {"comment_author": "a5687920", "comment_date": ["04/15", "13:51"], "comment_content": "ㄌㄨㄚˋ皮豬"}, {"comment_author": "CHYYP", "comment_date": ["04/15", "13:51"], "comment_content": "肉羹麵"}, {"comment_author": "vwpassat", "comment_date": ["04/15", "13:51"], "comment_content": "統柑"}, {"comment_author": "syntax123", "comment_date": ["04/15", "13:51"], "comment_content": "新造的統"}, {"comment_author": "zeroofgod", "comment_date": ["04/15", "13:51"], "comment_content": "請把神字拿掉"}, {"comment_author": "hawdaiya", "comment_date": ["04/15", "13:51"], "comment_content": "張美鳳"}, {"comment_author": "potionx", "comment_date": ["04/15", "13:51"], "comment_content": "三白灣豬"}, {"comment_author": "Tenging", "comment_date": ["04/15", "13:51"], "comment_content": "綠皮豬"}, {"comment_author": "yzelly", "comment_date": ["04/15", "13:52"], "comment_content": "綠共舔狗"}, {"comment_author": "siyabear", "comment_date": ["04/15", "13:52"], "comment_content": "脆皮燒肉"}, {"comment_author": "morichi", "comment_date": ["04/15", "13:52"], "comment_content": "電競賴清德"}, {"comment_author": "DM56", "comment_date": ["04/15", "13:53"], "comment_content": "太監豬"}, {"comment_author": "pett", "comment_date": ["04/15", "13:53"], "comment_content": "可悲"}, {"comment_author": "y2k10870814", "comment_date": ["04/15", "13:53"], "comment_content": "舔神"}, {"comment_author": "jeter17", "comment_date": ["04/15", "13:56"], "comment_content": "肥神"}, {"comment_author": "yuta02", "comment_date": ["04/15", "13:56"], "comment_content": "胖小孩的爹：）"}, {"comment_author": "vindiesl2000", "comment_date": ["04/15", "13:56"], "comment_content": "桶鬼"}, {"comment_author": "op907", "comment_date": ["04/15", "13:56"], "comment_content": "椅子沒進來比較意外"}, {"comment_author": "mrwall", "comment_date": ["04/15", "13:57"], "comment_content": "賴皮男孩"}, {"comment_author": "idxxxx", "comment_date": ["04/15", "14:00"], "comment_content": "不重要了 該讓大太子繼位新神了吧"}, {"comment_author": "BleedWang", "comment_date": ["04/15", "14:00"], "comment_content": "電競賴清德這不錯"}, {"comment_author": "kobe30418", "comment_date": ["04/15", "14:01"], "comment_content": "褪色豬"}, {"comment_author": "Carters1109", "comment_date": ["04/15", "14:01"], "comment_content": "跪神"}, {"comment_author": "g042971", "comment_date": ["04/15", "14:07"], "comment_content": ""}, {"comment_author": "rogerlarger", "comment_date": ["04/15", "14:08"], "comment_content": "賴家軍"}, {"comment_author": "jbdada", "comment_date": ["04/15", "14:08"], "comment_content": "改成統肥就好啦"}, {"comment_author": "pnsboy", "comment_date": ["04/15", "14:09"], "comment_content": "台灣獨鬼"}, {"comment_author": "smithjr", "comment_date": ["04/15", "14:10"], "comment_content": "亞洲不肖子"}, {"comment_author": "kaimingo752", "comment_date": ["04/15", "14:12"], "comment_content": "阿燙欸"}, {"comment_author": "killm", "comment_date": ["04/15", "14:18"], "comment_content": "台灣乖乖桶電競賴清德"}, {"comment_author": "nakayamayyt", "comment_date": ["04/15", "14:20"], "comment_content": "維吾爾豬"}, {"comment_author": "yowhatsupsli", "comment_date": ["04/15", "14:23"], "comment_content": "綠色乖乖統"}, {"comment_author": "sunnyyoung", "comment_date": ["04/15", "14:26"], "comment_content": "被捅神"}, {"comment_author": "Davidlomanyu", "comment_date": ["04/15", "14:30"], "comment_content": "哭德豬"}, {"comment_author": "chter", "comment_date": ["04/15", "14:47"], "comment_content": "陌生人弟弟"}, {"comment_author": "dogbydog", "comment_date": ["04/15", "14:53"], "comment_content": "賴皮豬不賴皮，只剩下豬"}, {"comment_author": "IamCyuan", "comment_date": ["04/15", "15:03"], "comment_content": "還不是走哥哥的後路"}, {"comment_author": "BABY19831016", "comment_date": ["04/15", "15:06"], "comment_content": "舔神"}, {"comment_author": "philip81501", "comment_date": ["04/15", "15:07"], "comment_content": "亞洲舔狗豬豬"}, {"comment_author": "mikezip", "comment_date": ["04/15", "15:58"], "comment_content": "乖乖桶"}, {"comment_author": "aqsss", "comment_date": ["04/15", "16:39"], "comment_content": "台派新產品"}, {"comment_author": "myabo", "comment_date": ["04/15", "16:53"], "comment_content": "黨國遺珠"}, {"comment_author": "z2973457", "comment_date": ["04/15", "18:13"], "comment_content": "亞洲童神"}, {"comment_author": "jojomickey2", "comment_date": ["04/15", "19:59"], "comment_content": "軟腳豬"}]}
