{"author": "kinki999 (QQk 廢文被劣文中)", "category": "Gossiping", "title": "[問卦] 一粒是不是55身啊?", "date": "Sat Apr 13 10:16:43 2024", "content": ["台鋼雄鷹啦啦隊的一粒，在取大腿以上畫面感覺比例還行", "只要是大畫面的，一粒的腿短，屁股比例不大又沒明顯的腰身。感覺有點幼兒體型，喜歡一粒的是不是有點戀童呢?--"], "post_comment": [{"comment_author": "k385476916", "comment_date": ["04/13", "10:17"], "comment_content": "醜"}, {"comment_author": "King5566", "comment_date": ["04/13", "10:18"], "comment_content": "真的醜"}, {"comment_author": "okichan", "comment_date": ["04/13", "10:19"], "comment_content": "加起來不到半粒"}, {"comment_author": "snsdakb48", "comment_date": ["04/13", "10:19"], "comment_content": "her nose is too big"}, {"comment_author": "songbasara", "comment_date": ["04/13", "10:20"], "comment_content": "公關要洗多久才夠?"}, {"comment_author": "darkholy", "comment_date": ["04/13", "10:20"], "comment_content": "這鳥仔咖排骨精是誰在捧的？"}, {"comment_author": "chen96374", "comment_date": ["04/13", "10:20"], "comment_content": "三樓太壞了吧XDD"}, {"comment_author": "jim543000", "comment_date": ["04/13", "10:22"], "comment_content": "沒覺得好看過 也不認為戀童癖會喜歡她"}, {"comment_author": "darkholy", "comment_date": ["04/13", "10:22"], "comment_content": "李多慧跳舞真的屌打這個阿粒"}, {"comment_author": "KSUGOD", "comment_date": ["04/13", "10:23"], "comment_content": "手腳很細 顯的頭很大"}, {"comment_author": "mim5566", "comment_date": ["04/13", "10:23"], "comment_content": "XD"}, {"comment_author": "KSUGOD", "comment_date": ["04/13", "10:23"], "comment_content": "多慧有肉才讚"}, {"comment_author": "OGC1000times", "comment_date": ["04/13", "10:26"], "comment_content": "論跳舞跟帶動氣氛能力，多慧屌打好"}, {"comment_author": "OGC1000times", "comment_date": ["04/13", "10:26"], "comment_content": "嗎"}, {"comment_author": "Forcast", "comment_date": ["04/13", "10:27"], "comment_content": "零點五粒加零點五粒"}, {"comment_author": "jim543000", "comment_date": ["04/13", "10:28"], "comment_content": "一粒右邊的不錯 左二遠遠的乍看也行"}, {"comment_author": "darkholy", "comment_date": ["04/13", "10:28"], "comment_content": "跳舞跟多慧比起來就是職業跟業餘的差異"}, {"comment_author": "darkholy", "comment_date": ["04/13", "10:28"], "comment_content": "XD"}, {"comment_author": "rumblefish", "comment_date": ["04/13", "10:30"], "comment_content": "邊荷律屌打"}, {"comment_author": "Forcast", "comment_date": ["04/13", "10:30"], "comment_content": "沒烤蝦嗎"}, {"comment_author": "rumblefish", "comment_date": ["04/13", "10:31"], "comment_content": "一粒是頭很大吧"}, {"comment_author": "dick929", "comment_date": ["04/13", "10:33"], "comment_content": "全身比例是不好"}, {"comment_author": "dick929", "comment_date": ["04/13", "10:33"], "comment_content": "可以幫頭又大代言"}, {"comment_author": "dick929", "comment_date": ["04/13", "10:33"], "comment_content": "窄肩手腳細"}, {"comment_author": "jackgn", "comment_date": ["04/13", "10:34"], "comment_content": "一粒內八，看她跳舞膝蓋都會撞到"}, {"comment_author": "zephyr105", "comment_date": ["04/13", "10:34"], "comment_content": "問題不大 就裙子太長"}, {"comment_author": "nikewang", "comment_date": ["04/13", "10:36"], "comment_content": "跟以前的林襄模式一樣 一直洗"}, {"comment_author": "liscp", "comment_date": ["04/13", "10:41"], "comment_content": "在跳健康操？"}, {"comment_author": "egogeorge", "comment_date": ["04/13", "10:53"], "comment_content": "智障不知道一粒是成年人"}, {"comment_author": "v9300087", "comment_date": ["04/13", "10:59"], "comment_content": "太瘦了 可以再增重一點"}, {"comment_author": "www6412", "comment_date": ["04/13", "11:12"], "comment_content": "很突兀 平面模特兒來跳啦啦隊"}, {"comment_author": "cn2842", "comment_date": ["04/16", "07:06"], "comment_content": "炒作,扭捏作態假掰"}, {"comment_author": "kbytchen", "comment_date": ["04/17", "17:24"], "comment_content": "李多慧顏值輸一粒"}]}
