{"author": "GreenMay22 (Green)", "category": "Gossiping", "title": "[問卦] 現代的小朋友還認識SKY大舞廳的阿達嗎?", "date": "Sun Apr 14 08:40:32 2024", "content": ["如題，SKY大舞廳的阿達，他很有名，大家都認識他，現代的小朋友好像聽都沒聽過，有現代的小朋友已經不認識阿達的八卦嗎？--喂，前面的殭屍你給我聽著，我已經用鎗對著你了，你已經無路可走了，聰明的話就舉手投降，讓我們拔牙就沒你的事了，不然的話我可要開鎗了，我說的話你聽見了沒有啊？喂！我警告你呀，你可別敬酒不吃吃罰酒啊。--"], "post_comment": [{"comment_author": "qber", "comment_date": ["04/14", "08:42"], "comment_content": ""}, {"comment_author": "Innofance", "comment_date": ["04/14", "08:43"], "comment_content": "只知道阿達的OO非常大"}, {"comment_author": "allahuakbar", "comment_date": ["04/14", "08:47"], "comment_content": "沒割包皮"}]}
