{"author": "SethBeer (SethBeer)", "category": "Gossiping", "title": "[問卦] 東京池袋跟新宿像台北的那個行政區？", "date": "Fri Apr 12 09:06:14 2024", "content": ["六本木、銀座，好像是日本的高級地段，所以像天母之類的？池袋、新宿、上野這些地方像是台北哪個區?-----Sent from MeowPtt on my iPhone--"], "post_comment": [{"comment_author": "chadmu", "comment_date": ["04/12", "09:06"], "comment_content": "中正區"}, {"comment_author": "deepdish", "comment_date": ["04/12", "09:06"], "comment_content": "不要浪費時間亂比較zzzzzzzz"}, {"comment_author": "deepdish", "comment_date": ["04/12", "09:07"], "comment_content": ""}, {"comment_author": "onion10021", "comment_date": ["04/12", "09:07"], "comment_content": "LP比雞腿"}, {"comment_author": "DiMammaMia", "comment_date": ["04/12", "09:07"], "comment_content": "士林 萬華 林森北吧"}, {"comment_author": "sata1025", "comment_date": ["04/12", "09:07"], "comment_content": "池袋車站附近亂得要死 跟萬華有的比"}, {"comment_author": "robotcl", "comment_date": ["04/12", "09:07"], "comment_content": "沒有"}, {"comment_author": "henry584865", "comment_date": ["04/12", "09:08"], "comment_content": "根本沒比的必要，直接被屌打"}, {"comment_author": "syntax123", "comment_date": ["04/12", "09:09"], "comment_content": "池袋西口公園"}, {"comment_author": "EfiwymsiAros", "comment_date": ["04/12", "09:11"], "comment_content": "信義ㄅ"}, {"comment_author": "b9513227", "comment_date": ["04/12", "09:12"], "comment_content": "池袋亂的是西北口 東口很正常 少雲"}, {"comment_author": "b9513227", "comment_date": ["04/12", "09:13"], "comment_content": "東京風俗大本營在西北口"}, {"comment_author": "RayTn", "comment_date": ["04/12", "09:23"], "comment_content": "台灣沒地方能比,東京隨便一個大站"}, {"comment_author": "RayTn", "comment_date": ["04/12", "09:24"], "comment_content": "都是屌打"}, {"comment_author": "exojin", "comment_date": ["04/12", "09:25"], "comment_content": "台灣沒得比，結案。"}, {"comment_author": "Ceferino", "comment_date": ["04/12", "09:31"], "comment_content": "台灣光滿街違停就不用想跟人比了"}, {"comment_author": "m13211", "comment_date": ["04/12", "09:44"], "comment_content": "都不像"}, {"comment_author": "a1252352", "comment_date": ["04/12", "12:52"], "comment_content": "再爛再亂沒台灣那些摩托車就贏了"}]}
