{"author": "h100733 (彩虹糖)", "category": "Gossiping", "title": "[問卦] 統神笑toyz被打活該時有想過迴力鏢嗎？", "date": "Fri Apr 12 16:24:15 2024", "content": ["不久前toyz上新聞被超派痛打只因嘴了一句醋飯難吃就被打成豬頭,統神還開直播嘲諷說他被打活該誰叫他嘴秋,另一個網紅陳三斤看不過去還call in進去跟統神戰這有點常識都知道君子動口不動手,不管怎樣都不能打人吧但畢竟toyz樹敵眾多又是罪犯,所以統神講這樣也沒引起什麼風浪頂多網路上炒炒話題沒想到今天竟輪到阿航禍從口出了他不是叫別人不要嘴邱嗎？好大的回力鏢啊,難怪toyz幸災樂禍到開直播慶祝統神當初有想過會淪落到被toyz嘴回去嗎？--"], "post_comment": [{"comment_author": "hyperdunk", "comment_date": ["04/12", "16:25"], "comment_content": "不錯了 至少沒有頭蓋骨開花"}, {"comment_author": "TKjoe619", "comment_date": ["04/12", "16:25"], "comment_content": "Toyz販毒，統神沒犯法，他最沒資格嘴統"}, {"comment_author": "lovemiko35", "comment_date": ["04/12", "16:29"], "comment_content": "超大迴力鏢。"}, {"comment_author": "AkaiSola", "comment_date": ["04/12", "16:29"], "comment_content": "其他人能嘴，就TOYZ沒資格，更何況統神"}, {"comment_author": "AkaiSola", "comment_date": ["04/12", "16:29"], "comment_content": "只是嘴邱而已"}, {"comment_author": "allenchang0", "comment_date": ["04/12", "16:30"], "comment_content": "為什麼沒資格嘴統神 邏輯好慘"}, {"comment_author": "link4517", "comment_date": ["04/12", "16:31"], "comment_content": "販毒仔還沒被關？要遣返了嗎？"}, {"comment_author": "lmc66", "comment_date": ["04/12", "16:32"], "comment_content": "統粉護航的時候最愛搬出言論自由 現在又說"}, {"comment_author": "lmc66", "comment_date": ["04/12", "16:32"], "comment_content": "別人沒資格嘴 說好的言論自由呢"}, {"comment_author": "glxrogu", "comment_date": ["04/12", "16:33"], "comment_content": "椅子真的會被關嗎？賣毒被抓到現在過好"}, {"comment_author": "glxrogu", "comment_date": ["04/12", "16:33"], "comment_content": "幾年了，可能這兩年賺的比你我兩ㄧ輩子"}, {"comment_author": "glxrogu", "comment_date": ["04/12", "16:33"], "comment_content": "都還多。"}, {"comment_author": "Barkhorn", "comment_date": ["04/12", "16:40"], "comment_content": "靠背真的迴力鏢了==，醋飯難吃被打活該"}, {"comment_author": "Barkhorn", "comment_date": ["04/12", "16:40"], "comment_content": "，公開場合失言(用字不精準)被退工商"}, {"comment_author": "aa384756", "comment_date": ["04/12", "16:45"], "comment_content": "說醋飯難吃被打活該 說也想幹未成年(17"}, {"comment_author": "aa384756", "comment_date": ["04/12", "16:45"], "comment_content": "罵老母滾 去死是言論自由"}, {"comment_author": "offdensen", "comment_date": ["04/12", "16:48"], "comment_content": "確實 他當初嘴法律就拿他沒轍最好"}, {"comment_author": "offdensen", "comment_date": ["04/12", "16:48"], "comment_content": "被打成植物人 同理他在實況講幹說"}, {"comment_author": "offdensen", "comment_date": ["04/12", "16:48"], "comment_content": "只是想想沒犯法 結果也被過度修理"}, {"comment_author": "offdensen", "comment_date": ["04/12", "16:48"], "comment_content": "完全可以對比"}, {"comment_author": "airphone", "comment_date": ["04/12", "16:52"], "comment_content": "麻椅為什麼不能嘴 只有你家主子統能評論"}, {"comment_author": "airphone", "comment_date": ["04/12", "16:53"], "comment_content": "484?統粉言論真他媽噁心"}, {"comment_author": "jun7154", "comment_date": ["04/12", "16:53"], "comment_content": "的確迴力鏢 統神金身破了的現在人人可嘴"}, {"comment_author": "runaticsora", "comment_date": ["04/12", "17:09"], "comment_content": "原來跟自己的聊天室聊天嘴砲叫做嘴秋"}, {"comment_author": "runaticsora", "comment_date": ["04/12", "17:09"], "comment_content": "XD"}, {"comment_author": "jackythere", "comment_date": ["04/12", "17:11"], "comment_content": "椅子人品就有問題，自詡公道伯一點不"}, {"comment_author": "jackythere", "comment_date": ["04/12", "17:11"], "comment_content": "公道，po文講戀童神，頻道又說統神沒"}, {"comment_author": "jackythere", "comment_date": ["04/12", "17:11"], "comment_content": "有戀童癖。到底工三小。"}, {"comment_author": "jackythere", "comment_date": ["04/12", "17:12"], "comment_content": "統神只是想表現出現在的司法立委都是"}, {"comment_author": "jackythere", "comment_date": ["04/12", "17:12"], "comment_content": "垃圾阿"}, {"comment_author": "jackythere", "comment_date": ["04/12", "17:12"], "comment_content": "媽的點出問題就該死喔"}, {"comment_author": "airphone", "comment_date": ["04/12", "17:15"], "comment_content": "原來只要 我只是跟自己的聊天室聊天嘴砲"}, {"comment_author": "airphone", "comment_date": ["04/12", "17:16"], "comment_content": "統粉就會買單了喔 那我就問你他媽統神在"}, {"comment_author": "airphone", "comment_date": ["04/12", "17:16"], "comment_content": "那道三小歉 繼續說你那套我只是做做效果"}, {"comment_author": "airphone", "comment_date": ["04/12", "17:17"], "comment_content": "就好啦 在那一下永不道歉 隔天道歉痛哭"}, {"comment_author": "airphone", "comment_date": ["04/12", "17:17"], "comment_content": "晚上翻臉繼續嗆人 馬的你們統粉是不是"}, {"comment_author": "airphone", "comment_date": ["04/12", "17:18"], "comment_content": "都建議先去精神科看看有沒有精神分裂"}, {"comment_author": "lovemiko35", "comment_date": ["04/12", "17:23"], "comment_content": "嘴秋活該"}, {"comment_author": "pupudice", "comment_date": ["04/12", "17:36"], "comment_content": "實況做作效果 沒想到被有心人士利用"}, {"comment_author": "themas", "comment_date": ["04/12", "17:39"], "comment_content": "證明台灣人認為思想犯比販毒嚴重一萬倍"}, {"comment_author": "wmud", "comment_date": ["04/12", "17:40"], "comment_content": "笑死，大型雙標現場，toyz被打是因為他嘴飯"}, {"comment_author": "wmud", "comment_date": ["04/12", "17:40"], "comment_content": "難吃，又不是因為他販毒才被打，就評論飯難"}, {"comment_author": "wmud", "comment_date": ["04/12", "17:40"], "comment_content": "吃這點上他就真的沒犯法啊"}, {"comment_author": "SINW", "comment_date": ["04/12", "17:41"], "comment_content": "椅粉好開心歐"}, {"comment_author": "heatlion", "comment_date": ["04/12", "18:03"], "comment_content": "椅子就是嘲諷過統神  所以統神才嘴好嗎"}, {"comment_author": "aoc7175", "comment_date": ["04/12", "18:04"], "comment_content": "哈哈哈 笑死"}, {"comment_author": "airphone", "comment_date": ["04/12", "18:07"], "comment_content": "統粉跟主子最愛二分法 不挺統=麻椅粉"}, {"comment_author": "higali", "comment_date": ["04/12", "19:42"], "comment_content": "爽爽爽"}, {"comment_author": "pipiispipi", "comment_date": ["04/12", "21:00"], "comment_content": "統粉超氣 笑死 迴力鏢~~迴力鏢~~"}, {"comment_author": "JQK2", "comment_date": ["04/12", "22:36"], "comment_content": ""}, {"comment_author": "JQK2", "comment_date": ["04/12", "22:36"], "comment_content": "他罵柯粉是垃圾的時候有想過今天嗎？"}, {"comment_author": "Carters1109", "comment_date": ["04/12", "23:45"], "comment_content": "還椅子先嘴咧 椅子先被嘴冷凍小丑"}, {"comment_author": "Carters1109", "comment_date": ["04/12", "23:45"], "comment_content": "統神愛當公道伯到處嘴人"}, {"comment_author": "WardellSteph", "comment_date": ["04/13", "05:35"], "comment_content": "椅子講的有道理，不是所有事情都用"}, {"comment_author": "WardellSteph", "comment_date": ["04/13", "05:35"], "comment_content": "做做效果就能帶過的，不要用高標準"}, {"comment_author": "WardellSteph", "comment_date": ["04/13", "05:35"], "comment_content": "審視別人，低標準審視自己，這就是"}, {"comment_author": "WardellSteph", "comment_date": ["04/13", "05:35"], "comment_content": "統神自己最討厭的「雙標」"}]}
