{"author": "belucky ()", "category": "Gossiping", "title": "[問卦] 三體說得有錯嗎  ", "date": "Sun Apr 14 08:57:55 2024", "content": ["三體說人類是bug 好像還是侮辱蟲蟲內   哪種蟲蟲會大規模毀滅自己的種族阿    哈哈人類真的是最奇特的物種還會互相欺騙毀滅   然後死不認錯   難怪三體說會怕怕人類  不給人類機會   嘻嘻  站在他們的角度  真的沒有錯啊--"], "post_comment": [{"comment_author": "xzcb2008", "comment_date": ["04/14", "08:58"], "comment_content": "又一個中毒的"}, {"comment_author": "ilove640", "comment_date": ["04/14", "09:00"], "comment_content": "會被蟲搞到一換一也滿慘的= ="}, {"comment_author": "xvited945", "comment_date": ["04/14", "09:01"], "comment_content": "隨便啦，三體根本不好看，整季的高潮"}, {"comment_author": "xvited945", "comment_date": ["04/14", "09:01"], "comment_content": "只有外星人嗆大家是蟲子那段= ="}, {"comment_author": "sevenway777", "comment_date": ["04/14", "09:01"], "comment_content": "廢文"}, {"comment_author": "mortleo", "comment_date": ["04/14", "09:01"], "comment_content": "不念生物的文組嗎？"}, {"comment_author": "belucky", "comment_date": ["04/14", "09:05"], "comment_content": "三體不錯看了啦    讓人腦動大開的科幻"}, {"comment_author": "belucky", "comment_date": ["04/14", "09:05"], "comment_content": "影集   又不會太扯"}, {"comment_author": "belucky", "comment_date": ["04/14", "09:06"], "comment_content": "最後奈米科技變中東落後地區的濾水器也"}, {"comment_author": "belucky", "comment_date": ["04/14", "09:06"], "comment_content": "蠻不錯的反轉"}, {"comment_author": "mystage", "comment_date": ["04/14", "09:07"], "comment_content": "奈米濾水器那個間隙，水分子過得去嗎？"}, {"comment_author": "xvited945", "comment_date": ["04/14", "09:07"], "comment_content": "我是說Netflix版的三體，從頭到尾故弄"}, {"comment_author": "xvited945", "comment_date": ["04/14", "09:07"], "comment_content": "玄虛，結果bug一堆，唯一高潮只有外星"}, {"comment_author": "xvited945", "comment_date": ["04/14", "09:07"], "comment_content": "人嗆聲片段"}, {"comment_author": "belucky", "comment_date": ["04/14", "09:08"], "comment_content": "窩也是說網飛的三體不錯看啊"}, {"comment_author": "belucky", "comment_date": ["04/14", "09:09"], "comment_content": "科幻片不就故弄玄虛嗎  不然怎麼科幻"}, {"comment_author": "xvited945", "comment_date": ["04/14", "09:09"], "comment_content": "節奏慢到爆，謎底也很好猜"}, {"comment_author": "xvited945", "comment_date": ["04/14", "09:09"], "comment_content": "故弄玄虛跟科幻是兩件事好嗎，星際效"}, {"comment_author": "xvited945", "comment_date": ["04/14", "09:10"], "comment_content": "應有跟你故弄玄虛嗎？"}, {"comment_author": "belucky", "comment_date": ["04/14", "09:10"], "comment_content": "好啦好啦  尼不喜歡也可以啦   嘻嘻"}, {"comment_author": "xvited945", "comment_date": ["04/14", "09:10"], "comment_content": "三體鋪陳鋪半天，結果看一半就知道是"}, {"comment_author": "xvited945", "comment_date": ["04/14", "09:10"], "comment_content": "怎麼回事，裡面一堆天才科學家還在鬼"}, {"comment_author": "xvited945", "comment_date": ["04/14", "09:11"], "comment_content": "打牆"}, {"comment_author": "xvited945", "comment_date": ["04/14", "09:11"], "comment_content": "你設定主角群是智商極高的天才，就要"}, {"comment_author": "xvited945", "comment_date": ["04/14", "09:11"], "comment_content": "讓他們有天才的表現嘛"}, {"comment_author": "belucky", "comment_date": ["04/14", "09:12"], "comment_content": "那個女天才能解開三體星系的基本規則已"}, {"comment_author": "belucky", "comment_date": ["04/14", "09:13"], "comment_content": "經是天才的表現了吧"}, {"comment_author": "belucky", "comment_date": ["04/14", "09:13"], "comment_content": "奈米科技也是讓三體忌憚到  給她幻覺嚇"}, {"comment_author": "belucky", "comment_date": ["04/14", "09:14"], "comment_content": "嚇她"}, {"comment_author": "xvited945", "comment_date": ["04/14", "09:14"], "comment_content": "那算什麼天才，就只是理解了三體人的"}, {"comment_author": "xvited945", "comment_date": ["04/14", "09:14"], "comment_content": "環境背景而已，結果三體人到底要幹嘛"}, {"comment_author": "xvited945", "comment_date": ["04/14", "09:14"], "comment_content": "、怎麼做到的還不是智子自己說出來的"}, {"comment_author": "xvited945", "comment_date": ["04/14", "09:15"], "comment_content": "智子什麼都不說，地球人只能原地等死"}, {"comment_author": "icome", "comment_date": ["04/14", "09:15"], "comment_content": "罹癌工具人那段看得很煩躁 最後還射歪 笑爛"}, {"comment_author": "xvited945", "comment_date": ["04/14", "09:15"], "comment_content": "好嗎"}, {"comment_author": "xvited945", "comment_date": ["04/14", "09:15"], "comment_content": "反正你做什麼實驗我就搗亂你，這樣就"}, {"comment_author": "xvited945", "comment_date": ["04/14", "09:15"], "comment_content": "足夠讓你科技一直停留在現在了"}, {"comment_author": "xvited945", "comment_date": ["04/14", "09:16"], "comment_content": "天才科學家們哪裡會想到是外星人的AI"}, {"comment_author": "belucky", "comment_date": ["04/14", "09:16"], "comment_content": "哭啊   射歪真的很好笑      大腦準備太"}, {"comment_author": "xvited945", "comment_date": ["04/14", "09:16"], "comment_content": "在搗亂實驗"}, {"comment_author": "belucky", "comment_date": ["04/14", "09:16"], "comment_content": "空飄移幾百年"}, {"comment_author": "dolphin24681", "comment_date": ["04/14", "09:43"], "comment_content": "蟲蟲很常互相毀滅哦…自然老師在哭"}, {"comment_author": "Arashi0731", "comment_date": ["04/14", "11:29"], "comment_content": "奈米纖維濾水那段我也很納悶，水分子"}, {"comment_author": "Arashi0731", "comment_date": ["04/14", "11:29"], "comment_content": "過得去嗎？RO都要加壓才能過奈米膜了"}, {"comment_author": "wasicoelon", "comment_date": ["04/14", "12:18"], "comment_content": "蟲蟲很常大規模自我毀滅喔"}]}
