{"author": "asdf2004 (尊爵 榮耀 不凡)", "category": "Gossiping", "title": "[問卦] 伊朗開打以色列了嗎？？？", "date": "Sat Apr 13 16:34:44 2024", "content": ["從前幾天開始 美國一直恐嚇說伊朗要打以色列從一開始這幾天 到24到48小時結果打開新聞 依然是靜悄悄伊朗是不是唬爛的啊有沒有八卦啊？？？--"], "post_comment": [{"comment_author": "gold9450412", "comment_date": ["04/13", "16:36"], "comment_content": "伊朗明顯不想打 但以色列繼續白目"}, {"comment_author": "OPPAISuki", "comment_date": ["04/13", "16:36"], "comment_content": "是美國在唬爛"}, {"comment_author": "yakifone", "comment_date": ["04/13", "16:36"], "comment_content": "澳洲開打了，已經死6人"}, {"comment_author": "inshadow", "comment_date": ["04/13", "16:37"], "comment_content": "以色列又不是省油燈 以為伊朗真的很猛喔"}, {"comment_author": "daicloud", "comment_date": ["04/13", "16:38"], "comment_content": "出其不意才是最可怕的"}, {"comment_author": "ethan0419", "comment_date": ["04/13", "16:39"], "comment_content": "對啊 到底要不要打啊?"}, {"comment_author": "kasim15", "comment_date": ["04/13", "16:39"], "comment_content": "收手了 美國準備當放羊的小孩"}, {"comment_author": "elzohar", "comment_date": ["04/13", "16:40"], "comment_content": "真的敢打早就動手了 以色列笑你不敢"}, {"comment_author": "nutrino", "comment_date": ["04/13", "16:41"], "comment_content": "笑死惹 伊朗什麼咖啊? 敢動美國的爸爸?"}, {"comment_author": "leohayashi1", "comment_date": ["04/13", "16:41"], "comment_content": "伊朗為什麼要打以色列？就是以色列"}, {"comment_author": "leohayashi1", "comment_date": ["04/13", "16:42"], "comment_content": "炸伊朗駐敘利亞大使館，以色列有毛"}, {"comment_author": "aa0845", "comment_date": ["04/13", "16:42"], "comment_content": "你沒看見他小弟狂射便宜火箭彈在消耗防空"}, {"comment_author": "leohayashi1", "comment_date": ["04/13", "16:42"], "comment_content": "病吧，但伊朗揚言會報復但不會過於"}, {"comment_author": "leohayashi1", "comment_date": ["04/13", "16:42"], "comment_content": "升高戰事，"}, {"comment_author": "jj782995", "comment_date": ["04/13", "16:44"], "comment_content": "活該阿以為提供哈瑪斯當事外人，沒想到"}, {"comment_author": "jj782995", "comment_date": ["04/13", "16:44"], "comment_content": "瘋子直接炸你大使館"}, {"comment_author": "OomaybeoO", "comment_date": ["04/13", "16:45"], "comment_content": "看看地圖好嗎 領土又沒連接怎麼打？ 又"}, {"comment_author": "OomaybeoO", "comment_date": ["04/13", "16:45"], "comment_content": "沒有巨大實力差距 頂著後勤跟不上去送"}, {"comment_author": "OomaybeoO", "comment_date": ["04/13", "16:45"], "comment_content": "兵嗎 除非丟核彈 不然沒啥大場面的洗洗"}, {"comment_author": "OomaybeoO", "comment_date": ["04/13", "16:45"], "comment_content": "睡吧"}, {"comment_author": "riker729", "comment_date": ["04/13", "16:52"], "comment_content": "覺得是美國在幫以色列轉移國際譴責目光"}, {"comment_author": "Anvec", "comment_date": ["04/13", "16:52"], "comment_content": "你快打唷 不打我揍你 大概4這樣"}, {"comment_author": "riker729", "comment_date": ["04/13", "16:53"], "comment_content": "“你看，以色列才是受害者吧！”"}, {"comment_author": "dan310546", "comment_date": ["04/13", "16:58"], "comment_content": "川普也直接殺蘇萊曼尼呀"}, {"comment_author": "www115ui8", "comment_date": ["04/13", "16:59"], "comment_content": "昨天說伊朗會打爆以色列的人：……"}, {"comment_author": "js70864444", "comment_date": ["04/13", "17:07"], "comment_content": "下周五一定打"}, {"comment_author": "shazuei", "comment_date": ["04/13", "17:08"], "comment_content": "根本不可能開打 伊朗哪敢惹以色列"}, {"comment_author": "adamsung", "comment_date": ["04/13", "17:17"], "comment_content": "不會打的 以色列報復的力道大家有目共睹"}, {"comment_author": "adamsung", "comment_date": ["04/13", "17:17"], "comment_content": " 要打就要有被滅國的決心"}, {"comment_author": "LoveMakeLove", "comment_date": ["04/13", "17:27"], "comment_content": "還沒"}, {"comment_author": "Anvec", "comment_date": ["04/13", "17:34"], "comment_content": "但你不打 以色列就繼續炸你"}, {"comment_author": "jma306", "comment_date": ["04/13", "17:58"], "comment_content": "拜登表示"}, {"comment_author": "small91051", "comment_date": ["04/13", "18:31"], "comment_content": "等等就V回去了，"}, {"comment_author": "gold9450412", "comment_date": ["04/13", "18:45"], "comment_content": "說不可能打的可能腦袋是弱智"}, {"comment_author": "gold9450412", "comment_date": ["04/13", "18:46"], "comment_content": "中東哪有不可能打這種事 以被打幾次"}, {"comment_author": "H23324216", "comment_date": ["04/13", "18:48"], "comment_content": "以色列就在等伊朗來送開戰理由"}, {"comment_author": "gold9450412", "comment_date": ["04/13", "18:50"], "comment_content": "應該不會打 但說不可能 太過了"}, {"comment_author": "IANSUE", "comment_date": ["04/13", "19:38"], "comment_content": "不會真打啦"}, {"comment_author": "imlucky", "comment_date": ["04/13", "20:37"], "comment_content": "乾 等我股票清掉 要怎麼打隨便你們"}, {"comment_author": "DarkArbiter", "comment_date": ["04/13", "23:04"], "comment_content": "找台階下而已啦"}, {"comment_author": "keineAhnung", "comment_date": ["04/14", "09:47"], "comment_content": "開打以色列？記者？"}, {"comment_author": "games", "comment_date": ["04/14", "10:28"], "comment_content": "不知道會不會發生太多時間慢慢離開了"}]}
