{"author": "ben28 (ben)", "category": "Gossiping", "title": "[問卦] 中國會趁亂打台灣嗎?", "date": "Fri Apr 19 10:21:30 2024", "content": ["邪惡軸心已經俄羅斯和伊朗開打 目前剩北韓和中國 中國會不會趁美國要去救以色列 趁亂攻打台灣? 戰爭的事都很突然............--"], "post_comment": [{"comment_author": "meicon5566", "comment_date": ["04/19", "10:21"], "comment_content": "美國爸爸都說2027了"}, {"comment_author": "pdz", "comment_date": ["04/19", "10:22"], "comment_content": "不會"}, {"comment_author": "azeroth", "comment_date": ["04/19", "10:22"], "comment_content": "會阿 不過美軍兵多到可以多線作戰"}, {"comment_author": "kyo40108", "comment_date": ["04/19", "10:22"], "comment_content": "會"}, {"comment_author": "LoveMakeLove", "comment_date": ["04/19", "10:22"], "comment_content": "越快打對大家越好"}, {"comment_author": "kairi5217", "comment_date": ["04/19", "10:22"], "comment_content": "伊朗是阿共小弟 你看阿共有出來幫嗎"}, {"comment_author": "WowProctor", "comment_date": ["04/19", "10:22"], "comment_content": "可以插手中東戰場 可能會"}, {"comment_author": "www115ui8", "comment_date": ["04/19", "10:22"], "comment_content": "不會 中共光支援就沒力了"}, {"comment_author": "payneblue", "comment_date": ["04/19", "10:23"], "comment_content": "白癡發文 以爲開戰是直接圈起來A過去嗎"}, {"comment_author": "imgkiller", "comment_date": ["04/19", "10:23"], "comment_content": "打台灣要把2100萬全殺光才行，或者全"}, {"comment_author": "payneblue", "comment_date": ["04/19", "10:23"], "comment_content": "開戰前動員大概需要幾個月時間"}, {"comment_author": "imgkiller", "comment_date": ["04/19", "10:23"], "comment_content": "關集中營。中共維穩經費比軍費高，超級"}, {"comment_author": "imgkiller", "comment_date": ["04/19", "10:24"], "comment_content": "怕人民造反。打台灣打完，台灣人全部變"}, {"comment_author": "www115ui8", "comment_date": ["04/19", "10:24"], "comment_content": "俄國拔拔伊朗兒子都急著要資源"}, {"comment_author": "imgkiller", "comment_date": ["04/19", "10:24"], "comment_content": "成潛在的人肉炸彈，在他們眼裏"}, {"comment_author": "mopepe5566", "comment_date": ["04/19", "10:24"], "comment_content": "會，我一直上書求祖國打台灣"}, {"comment_author": "piercingX", "comment_date": ["04/19", "10:25"], "comment_content": "趁這時曉以大義逼台灣統一 風景獨好"}, {"comment_author": "dick929", "comment_date": ["04/19", "10:26"], "comment_content": "就算現在開始動員整備軍務，年底前也不一"}, {"comment_author": "dick929", "comment_date": ["04/19", "10:26"], "comment_content": "定能開打"}, {"comment_author": "poco0960", "comment_date": ["04/19", "10:26"], "comment_content": "佈陣就被發現了啦"}, {"comment_author": "dick929", "comment_date": ["04/19", "10:27"], "comment_content": "侵略者要做的準備比較複雜，防守者相對"}, {"comment_author": "dick929", "comment_date": ["04/19", "10:27"], "comment_content": "單純"}, {"comment_author": "imgkiller", "comment_date": ["04/19", "10:27"], "comment_content": "小粉紅一直跪求習大大的LP長出來"}, {"comment_author": "WWIII", "comment_date": ["04/19", "10:28"], "comment_content": "兩岸隸屬一個中國幹嘛打"}, {"comment_author": "Qoo302", "comment_date": ["04/19", "10:43"], "comment_content": "不會啦  維尼都跟馬握手了"}, {"comment_author": "Qoo302", "comment_date": ["04/19", "10:43"], "comment_content": "真的要打連見都不會見了"}, {"comment_author": "www115ui8", "comment_date": ["04/19", "10:48"], "comment_content": "小粉紅一堆要打台灣但自己不上戰場"}, {"comment_author": "excercang", "comment_date": ["04/19", "10:56"], "comment_content": "中國喊打台灣喊了32年..."}, {"comment_author": "excercang", "comment_date": ["04/19", "10:56"], "comment_content": "只會吠而已"}, {"comment_author": "easonli000", "comment_date": ["04/19", "11:04"], "comment_content": "32年前的中國跟現在的中國一樣嗎"}, {"comment_author": "babyalley", "comment_date": ["04/19", "12:46"], "comment_content": "中國沒覽趴打..只會像狗吠叫"}]}
