{"author": "EfiwymsiAros (認真發廢文)", "category": "Gossiping", "title": "[問卦] 不能開發核彈那可以丟核廢彈嗎？", "date": "Thu Apr 18 11:36:51 2024", "content": ["打給後 各位核廢肥宅早安如題，台灣一提到核電，特別是核廢就有如洪水猛獸，避之唯恐不及相信大家都知道核廢是需要特別處理的，不然會造成人員傷亡那既然如此把核廢當作一種武器製作核廢彈，是否有嚇阻能力？敵國居民暴露在核廢之下相信也是非死即傷！米國爸爸總不能阻止我們把核廢放在飛彈上拔！有沒有沒核彈研發核廢彈有沒有搞頭的八卦？o'_'o--"], "post_comment": [{"comment_author": "sagarain", "comment_date": ["04/18", "11:37"], "comment_content": "台灣要往哪擴散？太平洋？"}, {"comment_author": "iceborns", "comment_date": ["04/18", "11:37"], "comment_content": "髒彈"}, {"comment_author": "jayppt", "comment_date": ["04/18", "11:37"], "comment_content": "那要什麼開發？？炸彈加核廢料而已"}, {"comment_author": "showdoggy", "comment_date": ["04/18", "11:37"], "comment_content": "你應該獲得諾貝爾化學獎 真是太聰明了"}, {"comment_author": "llh117", "comment_date": ["04/18", "11:37"], "comment_content": "傷害性太低"}, {"comment_author": "jayppt", "comment_date": ["04/18", "11:38"], "comment_content": "比你泡麵加個水煮蛋還簡單"}, {"comment_author": "OPPAISuki", "comment_date": ["04/18", "11:38"], "comment_content": "核廢料放在飛彈裡面"}, {"comment_author": "jhjhs33504", "comment_date": ["04/18", "11:39"], "comment_content": "所以礦區怎麼辦？"}, {"comment_author": "HKCs", "comment_date": ["04/18", "11:44"], "comment_content": "那個叫 髒彈"}, {"comment_author": "xxx15435", "comment_date": ["04/18", "12:04"], "comment_content": "類核彈 福彈"}, {"comment_author": "bairn", "comment_date": ["04/18", "12:05"], "comment_content": "不就福島，核食還不是進來"}]}
