{"author": "MoreLight (大文)", "category": "Gossiping", "title": "[問卦] 為什麼華人以前到美國喜歡開洗衣房？", "date": "Tue Apr 16 18:33:54 2024", "content": ["以前華人到美國喜歡開洗衣房，現在當碼農或其他的高技術人員，以前是老闆，現在是當雇員，不知道算是升級還降級。但是為什麼華人以前到美國喜歡開洗衣房啊？--"], "post_comment": [{"comment_author": "taiwan08", "comment_date": ["04/16", "18:34"], "comment_content": "洗錢專用"}, {"comment_author": "gay7788", "comment_date": ["04/16", "18:34"], "comment_content": "好賺啊"}, {"comment_author": "renna038766", "comment_date": ["04/16", "18:34"], "comment_content": "做黑的很方便"}, {"comment_author": "tmgl", "comment_date": ["04/16", "18:34"], "comment_content": "門檻低體力活"}, {"comment_author": "j55888819", "comment_date": ["04/16", "18:35"], "comment_content": "可以在地下室製毒"}, {"comment_author": "cchh179", "comment_date": ["04/16", "18:35"], "comment_content": "這部就媽的宇宙"}, {"comment_author": "syntax123", "comment_date": ["04/16", "18:35"], "comment_content": "We need to cook"}, {"comment_author": "alex00089", "comment_date": ["04/16", "18:36"], "comment_content": "不用講話"}, {"comment_author": "alex00089", "comment_date": ["04/16", "18:36"], "comment_content": "表面工作"}, {"comment_author": "TexasFlood", "comment_date": ["04/16", "18:36"], "comment_content": "那是好萊塢塑造的刻板印象"}, {"comment_author": "TyuzuChou", "comment_date": ["04/16", "18:37"], "comment_content": "韓裔美國人表示："}, {"comment_author": "hkcdc", "comment_date": ["04/16", "18:37"], "comment_content": "外表看似一間洗衣房"}, {"comment_author": "kris4588", "comment_date": ["04/16", "18:38"], "comment_content": "低技術 誰的能做"}, {"comment_author": "purplebfly", "comment_date": ["04/16", "18:38"], "comment_content": "比黑人有錢,技術性又不高,不是每個人"}, {"comment_author": "rumblefish", "comment_date": ["04/16", "18:40"], "comment_content": "Say my name"}, {"comment_author": "TyuzuChou", "comment_date": ["04/16", "18:40"], "comment_content": ""}, {"comment_author": "vvrr", "comment_date": ["04/16", "18:42"], "comment_content": "說是淘金熱。西部找不到女性洗衣服"}, {"comment_author": "fluterway", "comment_date": ["04/16", "18:43"], "comment_content": "在美國願意付出勞力，都能生存的不錯"}, {"comment_author": "vvrr", "comment_date": ["04/16", "18:44"], "comment_content": "甚至有人把衣服從西岸寄去香港洗"}, {"comment_author": "vvrr", "comment_date": ["04/16", "18:44"], "comment_content": "華人企業發現就開了洗衣店"}, {"comment_author": "vvrr", "comment_date": ["04/16", "18:44"], "comment_content": ""}, {"comment_author": "lanx105", "comment_date": ["04/16", "18:47"], "comment_content": "B1可以煮好吃的"}, {"comment_author": "coolrgin", "comment_date": ["04/16", "18:56"], "comment_content": "我朋友買下洗車場洗錢"}, {"comment_author": "lienjj", "comment_date": ["04/16", "18:58"], "comment_content": "Step sister"}, {"comment_author": "chuck5669", "comment_date": ["04/16", "19:52"], "comment_content": "洗錢用吧"}, {"comment_author": "g4zoco196", "comment_date": ["04/16", "20:11"], "comment_content": "現在也是 還開自助式 不用顧店 爽！"}]}
