{"author": "AgentSkye56 (大安周渝民)", "category": "Gossiping", "title": "[問卦] 對岸打過來會被call回公司嗎", "date": "Mon Apr 15 09:31:25 2024", "content": ["竹科很多工程師 on call對岸如果打過來 強震造成破片 或機台有問題這樣還要回去上班嗎?不回去破片也沒人處理 機台也沒人處理拖得越久公司損失越多這樣感覺又因該回公司處理有八卦嗎?戰爭發生的話 要馬上回公司standby 嗎-----Sent from MeowPtt on my iPhone--"], "post_comment": [{"comment_author": "LoveMakeLove", "comment_date": ["04/15", "09:31"], "comment_content": "會"}, {"comment_author": "YJM1106", "comment_date": ["04/15", "09:32"], "comment_content": "依照目的 打過來的時候 最安全的場所就"}, {"comment_author": "macair", "comment_date": ["04/15", "09:32"], "comment_content": "還沒打就會call了，機台被炸算你的缺失"}, {"comment_author": "YJM1106", "comment_date": ["04/15", "09:33"], "comment_content": "是這些金雞母了"}, {"comment_author": "PtT0615s", "comment_date": ["04/15", "09:33"], "comment_content": "打仗也要上班阿 員工手冊上面有寫打仗"}, {"comment_author": "PtT0615s", "comment_date": ["04/15", "09:33"], "comment_content": "就直接放假嗎 沒有就是要到班"}, {"comment_author": "macair", "comment_date": ["04/15", "09:34"], "comment_content": "而且如果是平日開戰不算加班，最好假日打"}, {"comment_author": "karta018", "comment_date": ["04/15", "09:35"], "comment_content": "通常上面有錢的主管早跑到國外了，你去"}, {"comment_author": "karta018", "comment_date": ["04/15", "09:35"], "comment_content": "公司也沒用"}, {"comment_author": "syntax123", "comment_date": ["04/15", "09:35"], "comment_content": "肉身護機台ㄚ"}, {"comment_author": "ichol", "comment_date": ["04/15", "09:36"], "comment_content": "會請對岸直接殺去公司"}, {"comment_author": "ltytw", "comment_date": ["04/15", "09:37"], "comment_content": "開戰也要上班賺錢"}, {"comment_author": "b2305911", "comment_date": ["04/15", "09:37"], "comment_content": "沒被徵召的當然全部回公司上班 躲三小"}, {"comment_author": "jokem", "comment_date": ["04/15", "09:46"], "comment_content": "蟹老闆：快去工作 小子"}, {"comment_author": "machiusheng", "comment_date": ["04/15", "09:50"], "comment_content": "40%：call 去 站第一排"}]}
