{"author": "GLNB2RJ8 (綠色帽子)", "category": "Gossiping", "title": "[問卦] 美國保護烏克蘭 跟俄羅斯開戰？", "date": "Tue Apr 16 22:34:10 2024", "content": ["當時大家都高度期待美國這核武國家，會為了保護烏克蘭，選擇跟核武國家俄羅斯開戰結果沒有然後台灣人普遍都覺得中國打台灣，美國會跟中國這核武國家宣戰，而且日本印度同時也會跟中國宣戰什麼道理？各國都為了台灣，願意犧牲不怕本土被丟核彈嗎？-----Sent from JPTT on my Xiaomi 22021211RG.--"], "post_comment": [{"comment_author": "l11111111", "comment_date": ["04/16", "22:34"], "comment_content": "文組替代役覺青靠這打手槍"}, {"comment_author": "FA88124", "comment_date": ["04/16", "22:34"], "comment_content": "又不是以色列= = 自己想辦法拉"}, {"comment_author": "ianlin1216", "comment_date": ["04/16", "22:35"], "comment_content": "早就給你拒絕了"}, {"comment_author": "xeins", "comment_date": ["04/16", "22:35"], "comment_content": "沒跟俄羅斯聯手瓜分烏克蘭就不錯了 還幫烏"}, {"comment_author": "xeins", "comment_date": ["04/16", "22:36"], "comment_content": "？"}, {"comment_author": "karta018", "comment_date": ["04/16", "22:36"], "comment_content": "因為比起俄羅斯，大家都更希望中國死啊"}, {"comment_author": "rwr", "comment_date": ["04/16", "22:37"], "comment_content": "如果我是美國杯壁小人 我會叫日本菲律賓去幫"}, {"comment_author": "karta018", "comment_date": ["04/16", "22:37"], "comment_content": "有核武就無敵喔？那北韓早統一韓國了啦"}, {"comment_author": "rwr", "comment_date": ["04/16", "22:37"], "comment_content": "身為杯逼小人是不可能跟中國開戰的"}, {"comment_author": "rwr", "comment_date": ["04/16", "22:38"], "comment_content": "因為韓戰我輸爛 越戰也書爛 兩場都沒達到目的"}, {"comment_author": "OPPAISuki", "comment_date": ["04/16", "22:38"], "comment_content": "不該 沒救了 現在中共才是敵人"}, {"comment_author": "breacal", "comment_date": ["04/16", "22:39"], "comment_content": "美國花700億美元就讓俄國成為三流國家，"}, {"comment_author": "breacal", "comment_date": ["04/16", "22:39"], "comment_content": "烏與俄成世仇，嘻嘻"}, {"comment_author": "arceus", "comment_date": ["04/16", "22:41"], "comment_content": "因為台積電啊 台派基本上沒有任何貢獻"}, {"comment_author": "arceus", "comment_date": ["04/16", "22:41"], "comment_content": "不過這項保命符準備要被分散風險了"}, {"comment_author": "arceus", "comment_date": ["04/16", "22:42"], "comment_content": "美國唯二看得上眼的台灣企業-台積電跟鴻海"}, {"comment_author": "butten986", "comment_date": ["04/16", "22:59"], "comment_content": "台積電不是被迫移到美日設廠？"}, {"comment_author": "kentyeh", "comment_date": ["04/16", "23:11"], "comment_content": "擁核國家不會互打是默契,打的只會是代理"}, {"comment_author": "kentyeh", "comment_date": ["04/16", "23:11"], "comment_content": "人"}, {"comment_author": "Anvec", "comment_date": ["04/16", "23:32"], "comment_content": "為什麼要保護棋子"}, {"comment_author": "Anvec", "comment_date": ["04/16", "23:32"], "comment_content": "棋子必要的時候 就是拿來棄的啊"}, {"comment_author": "Anvec", "comment_date": ["04/16", "23:33"], "comment_content": "棄卒可以換對方的俥 棄俥可以保帥"}, {"comment_author": "Anvec", "comment_date": ["04/16", "23:33"], "comment_content": "身為棋子就要有棋子的自覺 不要被拿去做交"}, {"comment_author": "Anvec", "comment_date": ["04/16", "23:34"], "comment_content": "換 盡可能的取得自己的利益"}, {"comment_author": "koj", "comment_date": ["04/16", "23:39"], "comment_content": "烏克蘭早知道當年就不要放棄核子武器了"}, {"comment_author": "gn02118620", "comment_date": ["04/16", "23:46"], "comment_content": "跟俄羅斯開戰意味要玩蘑菇 這世界上"}, {"comment_author": "gn02118620", "comment_date": ["04/16", "23:46"], "comment_content": "精神正常的美國領導人都不會這樣做"}, {"comment_author": "suanruei", "comment_date": ["04/17", "08:57"], "comment_content": "那提出這意見的總統所屬政黨就永遠不用"}, {"comment_author": "suanruei", "comment_date": ["04/17", "08:57"], "comment_content": "玩了，因為國民都知道這個黨是瘋子"}, {"comment_author": "CGtheGREAT", "comment_date": ["04/17", "09:56"], "comment_content": "實際人均購買力世界第五的三流國家"}, {"comment_author": "CGtheGREAT", "comment_date": ["04/17", "09:56"], "comment_content": "恩"}]}
