{"author": "mazinkisa (kisa)", "category": "Gossiping", "title": "[問卦] 為什麼會有人覺得妙麗和金妮背信忘義羅琳", "date": "Fri Apr 12 16:51:33 2024", "content": ["JK羅琳是寫哈利波特沒錯但演電影版演員協助電影拍攝成功也有助於哈利波特更廣泛的傳播哈利波特大紅大紫兩邊都互相幫忙再加上演員也沒有拜JK羅琳為師為什麼會傳出背信忘義的說法如果說JK羅琳和哈利波特演員之間就因為哈利波特是作者是JK羅琳就要有恩義問題那魔戒、魔獸世界、冰與火之歌的演員該怎麼算更不用說扮演DC和漫威漫畫的電影版演員李了同理所有參演各種劇本演員對於劇本作者之間是不是也因為JK羅琳與哈利波特的關係彼此間就存在恩義關係所以所有演員對於各劇本作品的撰寫者是不是也都存在恩義關係這世界什麼時候變得這麼高道德標準了原來處處都存在恩義哇塞！這麼美好的世界要是真的那為何信奉耶和華為唯一真神的以色列政府要屠殺巴勒斯坦人民難道耶和華就是這張屠殺異族的唯一真神嗎？阿麵，道德標準好難阿-----Sent from JPTT on my Sony G8342.--", "所以勒如果這樣就有恩義關係那其他電影選角的人怎麼算講的挑人就是施恩惠一樣那沒被挑中的是不是跟JK羅琳就要深仇大恨了照你的邏輯來說應該是這樣沒錯吧", "是嗎？", "重點被說出來了沒有的電影公司掏錢拍片哈利波特也只是童書而已不會有那麼多新受眾那JK羅琳是不是也與電影公司有恩義問題", "因為當時SJW還不盛行 信不信下次重拍鄧布利多就是黑人那種鳳凰羽毛是黑色的哈利伯特是亞裔金妮是印度裔", "誰誰認為有是JK羅琳粉絲才覺得吧！", "歡迎英國很重視的觀念也歡迎你挑戰加油！", "你知道他們之間有什麼恩義關係嗎？拿不出實證這樣很有趣嗎？", "其實她只是在維護自然女性的天然權利而已因為她的說法對於處於性認同狀態和變形的新女性很不公平所以她真的有在為女權發生嗎？她其實也只是偏頗一方而已甚至哈利波特本身倡導魔法的觀念和世界本來就很基督教有很嚴重的衝突了基督教可是只有神允許的術式並沒有魔法這回事的你看JK為了證實自己沒有違背基督教怎麼說法的實話就是都為了自身利益吧了而已！", "是嗎？如果是這樣當初為什麼要選角按照你的邏輯隨便找阿貓阿狗來演就好何以如此需選角你在自打嘴巴知不知道"], "post_comment": [{"comment_author": "scores", "comment_date": ["04/12", "16:53"], "comment_content": "道德的標準本來就比較高"}, {"comment_author": "scores", "comment_date": ["04/12", "16:54"], "comment_content": "就好像 有人覺得吃飯給錢就好 但是道德"}, {"comment_author": "k44754", "comment_date": ["04/12", "16:54"], "comment_content": "你知道演員是Jk蘿琳挑的嗎= ="}, {"comment_author": "scores", "comment_date": ["04/12", "16:55"], "comment_content": "上 是有人會感謝廚師 飯吃乾淨不負農夫"}, {"comment_author": "nekoares", "comment_date": ["04/12", "16:55"], "comment_content": "你在公三小，可以從頭講嗎"}, {"comment_author": "g31421173", "comment_date": ["04/12", "16:55"], "comment_content": "那鋼鐵 人VS 小勞勃道尼？"}, {"comment_author": "feliauniloo", "comment_date": ["04/12", "16:57"], "comment_content": "確實不存在恩的問題，一個是編劇，一"}, {"comment_author": "feliauniloo", "comment_date": ["04/12", "16:57"], "comment_content": "個是演員，僅只而已呀"}, {"comment_author": "phix", "comment_date": ["04/12", "16:57"], "comment_content": "等到跨性別跟你搶廁所就知道了"}, {"comment_author": "coara0417", "comment_date": ["04/12", "16:58"], "comment_content": "小說當年就紅到夠她吃好幾輩子了…"}, {"comment_author": "coara0417", "comment_date": ["04/12", "16:58"], "comment_content": "電影會紅也不是因為演員，反倒這些演員"}, {"comment_author": "coara0417", "comment_date": ["04/12", "16:58"], "comment_content": "脫離求了小說角色的餘映"}, {"comment_author": "johnhmj", "comment_date": ["04/12", "16:58"], "comment_content": "最後是看出資的電影公司如何決定 錢最大"}, {"comment_author": "coara0417", "comment_date": ["04/12", "16:58"], "comment_content": "脫離不了"}, {"comment_author": "qaz31415", "comment_date": ["04/12", "16:59"], "comment_content": "為什麼他們要參加選角，而不是把機會讓"}, {"comment_author": "qaz31415", "comment_date": ["04/12", "16:59"], "comment_content": "給黑人小演員？"}, {"comment_author": "scores", "comment_date": ["04/12", "17:02"], "comment_content": "JK羅琳是不是也與電影公司有恩義<--還真有"}, {"comment_author": "scores", "comment_date": ["04/12", "17:03"], "comment_content": "很多被老東家發掘 紅了跳槽的 也被罵沒恩"}, {"comment_author": "scores", "comment_date": ["04/12", "17:03"], "comment_content": "義"}, {"comment_author": "scores", "comment_date": ["04/12", "17:03"], "comment_content": "所以如果電影公司 是讓羅琳走紅的推手"}, {"comment_author": "UrFather", "comment_date": ["04/12", "17:03"], "comment_content": "踏馬的呂布有感謝過羅貫中嗎？"}, {"comment_author": "scores", "comment_date": ["04/12", "17:04"], "comment_content": "大眾心態也是認為有恩義"}, {"comment_author": "johnhmj", "comment_date": ["04/12", "17:04"], "comment_content": "好萊塢電影都是 出資的電影公司決定一切"}, {"comment_author": "qaz31415", "comment_date": ["04/12", "17:07"], "comment_content": "其實JK羅琳和妙麗的關係，還滿像蔡英文"}, {"comment_author": "qaz31415", "comment_date": ["04/12", "17:07"], "comment_content": "和柯文哲。"}, {"comment_author": "Howard61313", "comment_date": ["04/12", "17:07"], "comment_content": "JK蘿琳粉又如何，看完演員幫某些人的"}, {"comment_author": "Howard61313", "comment_date": ["04/12", "17:07"], "comment_content": "言行之後我也想當蘿粉了"}, {"comment_author": "rtoday", "comment_date": ["04/12", "17:10"], "comment_content": "你在牽拖啥"}, {"comment_author": "brother001", "comment_date": ["04/12", "17:12"], "comment_content": "現在看珍惜女權的jk才是先知"}, {"comment_author": "iphone55566", "comment_date": ["04/12", "17:30"], "comment_content": ":"}, {"comment_author": "dolaenom", "comment_date": ["04/12", "18:01"], "comment_content": "各取所需吧了，只是因為立場不同想凹凹"}, {"comment_author": "dolaenom", "comment_date": ["04/12", "18:02"], "comment_content": "看。"}, {"comment_author": "ThisisLongID", "comment_date": ["04/12", "18:54"], "comment_content": "因為沒有人覺得這些演員有像小勞勃"}, {"comment_author": "ThisisLongID", "comment_date": ["04/12", "18:54"], "comment_content": "道尼那樣賦予角色新生命，他們就像"}, {"comment_author": "ThisisLongID", "comment_date": ["04/12", "18:54"], "comment_content": "mcu一干角色，真要臨時換角來演也"}, {"comment_author": "ThisisLongID", "comment_date": ["04/12", "18:54"], "comment_content": "沒差"}]}
