{"author": "zeroofgod (零神)", "category": "Gossiping", "title": "[問卦] 婚姻板戰神夫妻還會捉i嗎", "date": "Tue Apr 16 17:04:04 2024", "content": ["大家好 我是肥宅啦戰神夫妻互相公審兩人之間出現了裂痕夫妻倆還會瘋狂捉i嗎有卦？--"], "post_comment": [{"comment_author": "snow3804", "comment_date": ["04/16", "17:04"], "comment_content": "會啊"}, {"comment_author": "cuteSquirrel", "comment_date": ["04/16", "17:04"], "comment_content": "床頭吵 床尾和"}, {"comment_author": "Eland", "comment_date": ["04/16", "17:04"], "comment_content": "乾你屁事 廢文"}, {"comment_author": "pippen2002", "comment_date": ["04/16", "17:04"], "comment_content": "幹到射到爽啊!! ok"}, {"comment_author": "linchw", "comment_date": ["04/16", "17:04"], "comment_content": "會啊 現在就在抓"}, {"comment_author": "bill403777", "comment_date": ["04/16", "17:04"], "comment_content": "邊看留言邊哈哈笑邊做愛 把鄉民當猴耍"}, {"comment_author": "jameshcm", "comment_date": ["04/16", "17:04"], "comment_content": "今天應該會捉到牆壁裂掉床板垮掉"}, {"comment_author": "darkholy", "comment_date": ["04/16", "17:05"], "comment_content": "邊捉邊看著鄉民一起笑，原來都是編的"}, {"comment_author": "SSglamr", "comment_date": ["04/16", "17:05"], "comment_content": "廢文還會op"}, {"comment_author": "vowpool", "comment_date": ["04/16", "17:05"], "comment_content": "剛吵完架做愛最爽"}, {"comment_author": "kyosukeakiba", "comment_date": ["04/16", "17:05"], "comment_content": "會吧，感覺老婆很正：）"}, {"comment_author": "vowpool", "comment_date": ["04/16", "17:06"], "comment_content": "撞得很用力"}, {"comment_author": "lwt501cx", "comment_date": ["04/16", "17:06"], "comment_content": "快去跟他搶老婆 你的機會來了"}, {"comment_author": "lipstick", "comment_date": ["04/16", "17:06"], "comment_content": "還邊看ptt八卦笑魯蛇"}, {"comment_author": "bairn", "comment_date": ["04/16", "17:07"], "comment_content": "廢話，他有抱怨老婆不能幹嗎"}, {"comment_author": "azumanga", "comment_date": ["04/16", "17:08"], "comment_content": "在意別人家務事能做什麼？"}, {"comment_author": "s6525480", "comment_date": ["04/16", "17:08"], "comment_content": "不會"}, {"comment_author": "blairkimi", "comment_date": ["04/16", "17:09"], "comment_content": "沒工作當然照三餐做"}, {"comment_author": "freddy50301", "comment_date": ["04/16", "17:15"], "comment_content": "搞不好人家在做社會實驗，你們繼續打"}, {"comment_author": "jumpdog5566", "comment_date": ["04/16", "17:15"], "comment_content": "搞不好發完文正在幹"}, {"comment_author": "freddy50301", "comment_date": ["04/16", "17:15"], "comment_content": "手槍"}, {"comment_author": "FLy60169", "comment_date": ["04/16", "17:39"], "comment_content": "如果很正奶很大應該會"}, {"comment_author": "keirto", "comment_date": ["04/16", "17:57"], "comment_content": "會，大吵完的i特別刺激"}, {"comment_author": "straggler7", "comment_date": ["04/16", "22:16"], "comment_content": "會 因為捉i不需要用腦"}]}
