{"author": "WeiU (台大IU)", "category": "Gossiping", "title": "[問卦] 張家輝跟梁家輝誰比較紅？", "date": "Wed Apr 17 00:16:26 2024", "content": ["欸欸肥宅小妹我台大IU吃安眠藥要睡覺了可是我家兔兔心裡有個問題想問不問兔兔說她睡不著真是麻煩的兔兔但兔兔她可愛所以可以任性就是啊張家輝跟梁家輝誰比較紅兔兔很好奇肥宅你們有卦嗎？？？-----Sent from JPTT on my iPhone--我是　－　微，Ｕ文專發　－　微，優文--"], "post_comment": [{"comment_author": "ncc5566", "comment_date": ["04/17", "00:16"], "comment_content": "周潤發跟周星馳什麼關係"}, {"comment_author": "engineer1", "comment_date": ["04/17", "00:17"], "comment_content": "沒樓下想被誰在在臉上"}, {"comment_author": "turndown4wat", "comment_date": ["04/17", "00:17"], "comment_content": "張嘉航比較紅"}, {"comment_author": "renna038766", "comment_date": ["04/17", "00:21"], "comment_content": "沒聽過 柯震東比較紅吧"}, {"comment_author": "ringohejia", "comment_date": ["04/17", "00:22"], "comment_content": "屁啦明明基隆東比較紅"}, {"comment_author": "Nevhir", "comment_date": ["04/17", "00:24"], "comment_content": "梁比較紅 兔兔更紅              因為紅燒"}, {"comment_author": "pupuputtt", "comment_date": ["04/17", "00:24"], "comment_content": "應該是梁山伯比較紅ㄅ 嘻嘻"}, {"comment_author": "Nevhir", "comment_date": ["04/17", "00:27"], "comment_content": "這讓我想起來 兔兔想吃紅蘿蔔 於是抱著睡"}, {"comment_author": "Nevhir", "comment_date": ["04/17", "00:28"], "comment_content": ""}, {"comment_author": "lastphil", "comment_date": ["04/17", "00:28"], "comment_content": "是兄弟就來砍我"}, {"comment_author": "Nevhir", "comment_date": ["04/17", "00:28"], "comment_content": ""}, {"comment_author": "Nevhir", "comment_date": ["04/17", "00:29"], "comment_content": ""}]}
