{"author": "wwwson1256 (太陽花青年)", "category": "Gossiping", "title": "[問卦] 標的：「雲豹能源 」看多", "date": "Wed Apr 17 13:27:57 2024", "content": ["現在才4月而已已經爆發用電危機接著核電廠要逐漸退役用電越來越少，電價也可能越來越漲現在有一個能源公司即將要轉正式上市「雲豹能源」未來台電會大量向民間購電而且會用比市價更高的價格收購現階段雲豹能源已經大量佈局未來肯定只賺不賠有沒有雲豹能源看多的八卦？--"], "post_comment": [{"comment_author": "cms6384", "comment_date": ["04/17", "13:28"], "comment_content": "穩 好穩"}, {"comment_author": "jackycheny", "comment_date": ["04/17", "13:28"], "comment_content": "嘻嘻，去問問洨公主跟腥潮流看看"}, {"comment_author": "PSptt", "comment_date": ["04/17", "13:28"], "comment_content": "綠共執政標的股"}, {"comment_author": "celsius5720", "comment_date": ["04/17", "13:30"], "comment_content": "1樓IP正確"}, {"comment_author": "voster1017", "comment_date": ["04/17", "13:30"], "comment_content": "單呢？"}, {"comment_author": "chocopoodle", "comment_date": ["04/17", "13:32"], "comment_content": "台灣價值"}, {"comment_author": "gn134679", "comment_date": ["04/17", "13:34"], "comment_content": "賺到口袋放不下"}, {"comment_author": "fhill12", "comment_date": ["04/17", "13:41"], "comment_content": "穩"}, {"comment_author": "oue", "comment_date": ["04/17", "13:42"], "comment_content": "原來你不知道 郭台銘家的正威啊"}, {"comment_author": "oue", "comment_date": ["04/17", "13:42"], "comment_content": ""}, {"comment_author": "oue", "comment_date": ["04/17", "13:42"], "comment_content": "看看藍營地盤 遠比綠營多"}, {"comment_author": "oue", "comment_date": ["04/17", "13:43"], "comment_content": "還是八卦不敢提藍的 像傳說家暴的誰 XD"}, {"comment_author": "oue", "comment_date": ["04/17", "13:45"], "comment_content": "而且 記得藍的早上市了吧 全台第一"}, {"comment_author": "oue", "comment_date": ["04/17", "13:46"], "comment_content": "對這家規模遠大過雲豹的 你怎麼看？"}, {"comment_author": "achun1212", "comment_date": ["04/17", "14:21"], "comment_content": "你有資格買嗎"}, {"comment_author": "scott0104", "comment_date": ["04/17", "16:19"], "comment_content": "9樓帶什麼風向，問題是雲豹都吃政府標"}, {"comment_author": "scott0104", "comment_date": ["04/17", "16:19"], "comment_content": "案，也有弊案出來不是"}, {"comment_author": "oue", "comment_date": ["04/17", "18:01"], "comment_content": "樓上說說啥弊案 XD"}, {"comment_author": "oue", "comment_date": ["04/17", "18:02"], "comment_content": "樓上知道最近正威就拿台電六百億的案嗎"}, {"comment_author": "oue", "comment_date": ["04/17", "18:02"], "comment_content": "你要講看看 你知道的東西嗎"}, {"comment_author": "oue", "comment_date": ["04/17", "18:02"], "comment_content": "還是來帶風向隨口說說 XD"}, {"comment_author": "oue", "comment_date": ["04/17", "18:06"], "comment_content": "說到弊案 剛剛又查到 國民黨雲林議長 XD"}, {"comment_author": "kaomu", "comment_date": ["04/18", "09:53"], "comment_content": "說到弊案 綠的在新竹市一堆弊案不是？ 事"}, {"comment_author": "kaomu", "comment_date": ["04/18", "09:53"], "comment_content": "實就是一樣爛"}, {"comment_author": "kaomu", "comment_date": ["04/18", "09:54"], "comment_content": "不用特地帶風向XD"}]}
