{"author": "cj3x04gp6 (宜蘭人就是理性 才投阿妙)", "category": "Gossiping", "title": "[問卦] 輸(贏)你 贏(輸)了世界又如何?", "date": "Thu Apr 18 19:42:51 2024", "content": ["最近在想一件事 贏了你 輸了世界又如何 跟輸了你 贏了世界又如何 好像是同樣的意思耶 如果把贏換成淫  也都是想把對方幹掉的意思 有這樣的八卦嗎?", "--"], "post_comment": [{"comment_author": "hiphopmei", "comment_date": ["04/18", "19:44"], "comment_content": "一個成功一個失敗啊=="}]}
