{"author": "nk11208z (小魯)", "category": "Gossiping", "title": "[問卦] 星展銀行怎麼看起來比其他銀行高級?", "date": "Fri Apr 12 11:16:52 2024", "content": ["星展銀行怎麼看起來比台灣國內銀行都要高級阿然後櫃員 服務態度也很棒但是缺點是分行很少 沒有實體存摺我進去的時候還以為我是不是走錯了整體很高級诶是因為星展示新加坡銀行的關係嗎?希望國內某些銀行也能多學人家的服務態度--"], "post_comment": [{"comment_author": "kent", "comment_date": ["04/12", "11:17"], "comment_content": "一台提款機都沒有 爛死"}, {"comment_author": "s820912gmail", "comment_date": ["04/12", "11:17"], "comment_content": "鼻屎國的銀行"}, {"comment_author": "ahb0711", "comment_date": ["04/12", "11:18"], "comment_content": "超爛的~手機APP時不時不能登入~"}, {"comment_author": "tgtg", "comment_date": ["04/12", "11:18"], "comment_content": "被裝潢騙阿"}, {"comment_author": "tgtg", "comment_date": ["04/12", "11:19"], "comment_content": "在台規模又不大"}, {"comment_author": "robin101246", "comment_date": ["04/12", "11:19"], "comment_content": "菜雞被裝潢騙"}, {"comment_author": "rLks02", "comment_date": ["04/12", "11:19"], "comment_content": "看得出來 銀行一開始的定位在商業銀行 及"}, {"comment_author": "rLks02", "comment_date": ["04/12", "11:19"], "comment_content": "投資"}, {"comment_author": "dearluna", "comment_date": ["04/12", "11:20"], "comment_content": "電話客戶超難轉接"}, {"comment_author": "dearluna", "comment_date": ["04/12", "11:20"], "comment_content": "客服"}, {"comment_author": "audi1005", "comment_date": ["04/12", "11:21"], "comment_content": "去辦過事就知道了  效率真的是..."}, {"comment_author": "Centurio", "comment_date": ["04/12", "11:26"], "comment_content": "....你確定？"}, {"comment_author": "yoshilin", "comment_date": ["04/12", "11:31"], "comment_content": "台灣外商銀行很稀有啦，要珍惜"}, {"comment_author": "ladygaga168", "comment_date": ["04/12", "11:35"], "comment_content": "郵局，嘻嘻"}, {"comment_author": "meryl0601", "comment_date": ["04/12", "11:42"], "comment_content": "沒有提款機的銀行 怎麼看都是特爛的"}, {"comment_author": "UD305", "comment_date": ["04/12", "11:53"], "comment_content": "黑紅配色很像暗黑勢力"}, {"comment_author": "TML5566", "comment_date": ["04/12", "12:13"], "comment_content": "你確定？ 這間鳥到不行耶"}]}
