{"author": "chen0625 ()", "category": "Gossiping", "title": "[問卦] 疫情期間減班、縮短路徑的公車啥時候改", "date": "Sun Apr 14 09:30:51 2024", "content": ["如題疫情期間因為搭乘人少很多公車減班、縮短路徑而且現在疫情結束那些原本減班、縮短路徑的公車什麼時後改回來有沒有八卦？--"], "post_comment": [{"comment_author": "s820912gmail", "comment_date": ["04/14", "09:31"], "comment_content": "你還在搭公車喔......"}, {"comment_author": "mopepe5566", "comment_date": ["04/14", "09:31"], "comment_content": "台灣不需要那麼多班次公車"}, {"comment_author": "nfuman", "comment_date": ["04/14", "09:31"], "comment_content": "招的到司機？"}, {"comment_author": "mopepe5566", "comment_date": ["04/14", "09:31"], "comment_content": "會導致塞車、股市房價都漲成這樣"}, {"comment_author": "okichan", "comment_date": ["04/14", "09:31"], "comment_content": "缺司機啊"}, {"comment_author": "fony1029", "comment_date": ["04/14", "09:32"], "comment_content": "現在是缺人"}, {"comment_author": "mopepe5566", "comment_date": ["04/14", "09:32"], "comment_content": "人人都可以開車"}, {"comment_author": "snow3804", "comment_date": ["04/14", "09:32"], "comment_content": "缺司機,為什麼要改回來"}, {"comment_author": "snow3804", "comment_date": ["04/14", "09:32"], "comment_content": "車子又不會自己跑"}, {"comment_author": "fony1029", "comment_date": ["04/14", "09:33"], "comment_content": "所以之前在實驗無人公車是對的，結果還"}, {"comment_author": "fony1029", "comment_date": ["04/14", "09:33"], "comment_content": "一堆人在那邊罵、剝奪工作權"}, {"comment_author": "qaz786397", "comment_date": ["04/14", "09:34"], "comment_content": "現在一堆加油站洗車一樣不開門擦，公告"}, {"comment_author": "qaz786397", "comment_date": ["04/14", "09:34"], "comment_content": "說說疫情原因，幹他們也都不帶口罩阿"}, {"comment_author": "fony1029", "comment_date": ["04/14", "09:35"], "comment_content": "台灣的未來就是需要無人駕駛的公車"}, {"comment_author": "buslover", "comment_date": ["04/14", "10:44"], "comment_content": "想太多 都沒司機了 不停駛就很好了"}, {"comment_author": "buslover", "comment_date": ["04/14", "10:44"], "comment_content": "別要求太多 洗洗"}]}
