{"author": "gaiaesque (一起來聽techno八 o'_'o)", "category": "Gossiping", "title": "[問卦] 大奶女森找喝酒 o'_';o", "date": "Sat Apr 13 18:41:02 2024", "content": ["肥宅大啊晚安R o'_';o偶盆有船賴給偶說之前有在聊天der一個女森在ig上po喝酒der照片偶盆有問惹一下 那女森也問他說要不要一起來喝問一下八卦肥宅這女森484跟偶盆有有戲呢可以直接約ㄘ香菜惹嗎八卦? o'_';o", "--", "--"], "post_comment": [{"comment_author": "playla", "comment_date": ["04/13", "18:42"], "comment_content": "失去水準"}, {"comment_author": "hatephubbing", "comment_date": ["04/13", "18:42"], "comment_content": "只喝威士忌"}, {"comment_author": "Winston13840", "comment_date": ["04/13", "18:42"], "comment_content": "叫你朋友直接喝那女生的奶水"}, {"comment_author": "razan", "comment_date": ["04/13", "18:44"], "comment_content": ""}, {"comment_author": "razan", "comment_date": ["04/13", "18:48"], "comment_content": ""}, {"comment_author": "bill403777", "comment_date": ["04/13", "18:50"], "comment_content": ""}, {"comment_author": "MrSherlock", "comment_date": ["04/13", "18:51"], "comment_content": "大普致命"}, {"comment_author": "mi99911", "comment_date": ["04/13", "19:07"], "comment_content": "番號呢？"}]}
