{"author": "asukawife (阿羞羞的老公)", "category": "Gossiping", "title": "[問卦] 十分鐘花掉三百是什麼感覺", "date": "Sun Apr 14 21:09:44 2024", "content": ["如堤十分鐘花掉三百是什麼感覺最近聽朋友說他去便利商店十分鐘就花三百買東西蛙塞十分鐘就花掉普通人兩小時的薪水十分鐘花三百484很爽?掛--"], "post_comment": [{"comment_author": "k385476916", "comment_date": ["04/14", "21:10"], "comment_content": "沒梗"}, {"comment_author": "bill403777", "comment_date": ["04/14", "21:10"], "comment_content": "我30秒噴掉兩億"}, {"comment_author": "willism", "comment_date": ["04/14", "21:10"], "comment_content": "便利商店怎麼花到300的?"}, {"comment_author": "kgb1019", "comment_date": ["04/14", "21:11"], "comment_content": "鋼彈180 買2隻秒噴360 結束"}, {"comment_author": "simon9331", "comment_date": ["04/14", "21:12"], "comment_content": "去手術，實際動刀沒幾分鐘噴十幾萬。"}, {"comment_author": "YOLULIN1985", "comment_date": ["04/14", "21:12"], "comment_content": "去問賭鬼就知道"}, {"comment_author": "adios881", "comment_date": ["04/14", "21:13"], "comment_content": "顆金一單 抽10"}, {"comment_author": "azeroth", "comment_date": ["04/14", "21:18"], "comment_content": "= =現在鋼彈去哪買180的..."}, {"comment_author": "aloneeagle", "comment_date": ["04/14", "21:20"], "comment_content": "財富自由啊"}, {"comment_author": "Forcast", "comment_date": ["04/14", "22:28"], "comment_content": "坐高鐵"}]}
