{"author": "songgood (ilovegoodgame)", "category": "Gossiping", "title": "[問卦] 恨哥哥的作品", "date": "Sun Apr 14 12:14:04 2024", "content": ["古月方正從小受到哥哥的照顧但是因為哥哥方源是天才一直活在哥哥的陰影之下10歲那年天賦測試哥哥是丙等弟弟是甲等所有人不看待哥哥弟弟也把以往不爽的事怪在哥哥頭上最後哥哥離開家族後變成比弟弟更強的存在弟弟因此更恨哥哥有沒有恨哥哥的卦--", "春秋蟬啟動--"], "post_comment": [{"comment_author": "GiantChicken", "comment_date": ["04/14", "12:15"], "comment_content": "我只聽過月亭方正"}, {"comment_author": "s820912gmail", "comment_date": ["04/14", "12:15"], "comment_content": "張"}, {"comment_author": "hyperdunk", "comment_date": ["04/14", "12:16"], "comment_content": "嘉"}, {"comment_author": "kent", "comment_date": ["04/14", "12:16"], "comment_content": "航"}, {"comment_author": "tasiki2002", "comment_date": ["04/14", "12:16"], "comment_content": "空"}, {"comment_author": "rererere147", "comment_date": ["04/14", "12:17"], "comment_content": "火影啊"}, {"comment_author": "Ashuya", "comment_date": ["04/14", "12:17"], "comment_content": "方正 out!"}, {"comment_author": "KANGTA23", "comment_date": ["04/14", "12:17"], "comment_content": "唐代統神-李世民啊，恨到殺哥哥"}, {"comment_author": "lou", "comment_date": ["04/14", "12:18"], "comment_content": "哪個糞作啦？"}, {"comment_author": "secretapple", "comment_date": ["04/14", "12:24"], "comment_content": "只是個測試就把全村人都叫來這樣對"}, {"comment_author": "secretapple", "comment_date": ["04/14", "12:24"], "comment_content": "嗎？蛤？"}, {"comment_author": "jerrys0580", "comment_date": ["04/14", "12:24"], "comment_content": "人左 且力"}, {"comment_author": "c24253994", "comment_date": ["04/14", "12:27"], "comment_content": "你政治文還比較有梗 滾"}, {"comment_author": "Yachinolate", "comment_date": ["04/14", "12:29"], "comment_content": "哥哥，心焦U"}]}
