{"author": "ChadDonella (ChadDonella)", "category": "Gossiping", "title": "[問卦] 9年前的康熙 S佼和解", "date": "Sun Apr 14 20:06:19 2024", "content": ["9：52處 很小聲 仔細聽才聽得到黃子佼：我沒什麼感覺selina：就是一臉演的感覺小s是不是演的我不確定但Selina是明明知道黃在演戲還陪他演？----Sent from", "--"], "post_comment": [{"comment_author": "palindromes", "comment_date": ["04/14", "20:06"], "comment_content": "黃根本恐怖吧"}, {"comment_author": "palindromes", "comment_date": ["04/14", "20:07"], "comment_content": "自己被被害人檢舉 就咬其他人"}, {"comment_author": "hyperdunk", "comment_date": ["04/14", "20:07"], "comment_content": "嘔嘔嘔"}, {"comment_author": "mikasamikoto", "comment_date": ["04/14", "20:09"], "comment_content": "好像聽過n個人在抱怨蕉很小人了"}, {"comment_author": "mikasamikoto", "comment_date": ["04/14", "20:09"], "comment_content": "而且是在節目上公開講的，超屌"}, {"comment_author": "smiercch", "comment_date": ["04/14", "20:11"], "comment_content": "黃的有聽出來，Selina沒聽出來她有說話"}, {"comment_author": "felixr0123", "comment_date": ["04/14", "20:13"], "comment_content": "他怎麼看起來老的這麼慢"}, {"comment_author": "ginchen5566", "comment_date": ["04/14", "20:22"], "comment_content": "設一下時間點很難？"}, {"comment_author": "chenweichih", "comment_date": ["04/14", "20:25"], "comment_content": "為什麼我聽不到"}, {"comment_author": "OCDisorder", "comment_date": ["04/14", "20:29"], "comment_content": "繼續打落水狗，真的好棒棒"}, {"comment_author": "vul3vmp4", "comment_date": ["04/14", "21:50"], "comment_content": "噁"}, {"comment_author": "alex00089", "comment_date": ["04/14", "21:55"], "comment_content": "出什麼事？要和解？"}]}
