{"author": "s10130804 (我是免役仔)", "category": "Gossiping", "title": "[問卦] 今年去日本玩的會覺得旅遊品質變差嗎？", "date": "Mon Apr 15 10:54:48 2024", "content": ["如題，最近看到身邊的人去日本玩的感覺日本觀光客爆炸多想拍個照滿滿都是觀光客以前本魯排不用排多久吃過的餐廳看他們排了一個多小時餐廳漲價、住宿漲價但旅遊品質感覺下降小弟看了也不想去人擠人了今年去日本玩的會覺得旅遊品質變差嗎？有沒有卦？----Sent from", "on my iPhone 11 Pro--"], "post_comment": [{"comment_author": "preisner", "comment_date": ["04/15", "10:55"], "comment_content": "再怎樣都比台灣好"}, {"comment_author": "snow3804", "comment_date": ["04/15", "10:55"], "comment_content": "你不要去日本,別人就不會擠了"}, {"comment_author": "s820912gmail", "comment_date": ["04/15", "10:55"], "comment_content": "太多閩南人"}, {"comment_author": "b9513227", "comment_date": ["04/15", "10:56"], "comment_content": "櫻花季住宿比去年貴4倍 還有品質？"}, {"comment_author": "snow3804", "comment_date": ["04/15", "10:56"], "comment_content": "就是你愛去日本,才把日本擠成這樣子"}, {"comment_author": "horace0323", "comment_date": ["04/15", "10:56"], "comment_content": "會啊，不然你要去高雄 ?"}, {"comment_author": "vV070413", "comment_date": ["04/15", "10:56"], "comment_content": "如果去京阪神、東京這些人多的當然會，"}, {"comment_author": "vV070413", "comment_date": ["04/15", "10:56"], "comment_content": "佐賀、仙台、名古屋、岐阜、伊勢都不錯"}, {"comment_author": "drcula", "comment_date": ["04/15", "10:56"], "comment_content": "外國人和台灣人爆炸多，中國人少很多"}, {"comment_author": "VVizZ", "comment_date": ["04/15", "10:56"], "comment_content": "還好阿 y"}, {"comment_author": "snow3804", "comment_date": ["04/15", "10:56"], "comment_content": "滾去你的國旅"}, {"comment_author": "vV070413", "comment_date": ["04/15", "10:56"], "comment_content": "人不多"}, {"comment_author": "flymyfinger", "comment_date": ["04/15", "10:56"], "comment_content": "還是去 但去人少的地方"}, {"comment_author": "hotanger", "comment_date": ["04/15", "10:56"], "comment_content": "考慮那麽多就不要去 結案"}, {"comment_author": "arnbition", "comment_date": ["04/15", "10:56"], "comment_content": "你連假在台灣也是塞車啊"}, {"comment_author": "Gamblers5566", "comment_date": ["04/15", "10:57"], "comment_content": "總比鬼島盤子價，垃圾品質好多了"}, {"comment_author": "ihl123456", "comment_date": ["04/15", "10:57"], "comment_content": "店員不耐煩程度變多"}, {"comment_author": "VVizZ", "comment_date": ["04/15", "10:57"], "comment_content": "大阪也只有道頓堀跟心齋橋人多而已"}, {"comment_author": "VVizZ", "comment_date": ["04/15", "10:57"], "comment_content": "難波通天閣人就一般般"}, {"comment_author": "Blue6", "comment_date": ["04/15", "10:57"], "comment_content": "熱門景點人確實變多，但整體旅遊品質和花費"}, {"comment_author": "Blue6", "comment_date": ["04/15", "10:57"], "comment_content": "，還是贏台灣國旅"}, {"comment_author": "chanel1259", "comment_date": ["04/15", "10:58"], "comment_content": "去東北啊"}, {"comment_author": "sommes", "comment_date": ["04/15", "10:59"], "comment_content": "變最差的環節應該是桃園機場吧…"}, {"comment_author": "sommes", "comment_date": ["04/15", "10:59"], "comment_content": "剛去一週回來感覺很好下半年預計再去玩一"}, {"comment_author": "sommes", "comment_date": ["04/15", "10:59"], "comment_content": "週"}, {"comment_author": "funkD", "comment_date": ["04/15", "11:01"], "comment_content": "自己愛去人多的熱門景點啊"}, {"comment_author": "lanx105", "comment_date": ["04/15", "11:02"], "comment_content": "大城市旅遊品質差超多直接閃東北人少的"}, {"comment_author": "lanx105", "comment_date": ["04/15", "11:02"], "comment_content": "地方看櫻花住宿也便宜"}, {"comment_author": "ufo559", "comment_date": ["04/15", "11:03"], "comment_content": "熱門景點超多人 根本沒淡旺季之分了"}, {"comment_author": "johnson2726", "comment_date": ["04/15", "11:03"], "comment_content": "桃機真他媽一點進步都沒有"}, {"comment_author": "glacialfire", "comment_date": ["04/15", "11:04"], "comment_content": "你可以去星馬泰啊"}, {"comment_author": "johnson2726", "comment_date": ["04/15", "11:04"], "comment_content": "人家國外利用疫情人少 改善機場"}, {"comment_author": "buke", "comment_date": ["04/15", "11:04"], "comment_content": "可以去人少的點"}, {"comment_author": "w2776803", "comment_date": ["04/15", "11:04"], "comment_content": "9月去啊"}, {"comment_author": "JASONGOAHEAD", "comment_date": ["04/15", "11:06"], "comment_content": "日本旅遊品質在好幾年前就一直在下"}, {"comment_author": "Jin63916", "comment_date": ["04/15", "11:07"], "comment_content": "那你就別去啊"}, {"comment_author": "JASONGOAHEAD", "comment_date": ["04/15", "11:07"], "comment_content": "滑了 遇到態度差的店員頻率越來越高"}, {"comment_author": "xxxg00w0", "comment_date": ["04/15", "11:08"], "comment_content": ""}, {"comment_author": "xxxg00w0", "comment_date": ["04/15", "11:08"], "comment_content": "，剛吃飽快撐死 這樣1150日幣(含稅)"}, {"comment_author": "jerrylin", "comment_date": ["04/15", "11:09"], "comment_content": "觀光客多的地方品質就會變差"}, {"comment_author": "glenmarlboro", "comment_date": ["04/15", "11:09"], "comment_content": "去年十月就很糟了 黑門市場東西爆幹"}, {"comment_author": "glenmarlboro", "comment_date": ["04/15", "11:10"], "comment_content": "貴 重點還地雷一堆 以前680 780的拉"}, {"comment_author": "glenmarlboro", "comment_date": ["04/15", "11:10"], "comment_content": "麵店 現在破千還要排隊 燒肉也是漲"}, {"comment_author": "glenmarlboro", "comment_date": ["04/15", "11:10"], "comment_content": "翻天"}, {"comment_author": "glenmarlboro", "comment_date": ["04/15", "11:11"], "comment_content": "4/5去京都 各大景點都是外國人的形"}, {"comment_author": "glenmarlboro", "comment_date": ["04/15", "11:12"], "comment_content": "狀 櫻花滿開 但是觀光客也滿開 人多"}, {"comment_author": "glenmarlboro", "comment_date": ["04/15", "11:12"], "comment_content": "到爆炸…"}, {"comment_author": "jimabc", "comment_date": ["04/15", "11:12"], "comment_content": "旅遊品質最差的地方是桃機+1"}, {"comment_author": "evilraistlin", "comment_date": ["04/15", "11:12"], "comment_content": "國旅長那樣 不然要去哪裡玩？"}, {"comment_author": "saiboos", "comment_date": ["04/15", "11:15"], "comment_content": "到處都台灣人"}, {"comment_author": "willy0206", "comment_date": ["04/15", "11:17"], "comment_content": "海炎祭 5000人有3500是台灣人"}, {"comment_author": "maybelie", "comment_date": ["04/15", "11:20"], "comment_content": "服務人員幾乎都不是日本人"}, {"comment_author": "marunouchi", "comment_date": ["04/15", "11:20"], "comment_content": "服務態度變差"}, {"comment_author": "stu25936", "comment_date": ["04/15", "11:21"], "comment_content": "去超級觀光知名景點一定擠爆"}, {"comment_author": "wayne490", "comment_date": ["04/15", "11:21"], "comment_content": "服務生領低薪看到這麼多觀光客當然不爽"}, {"comment_author": "c98406023", "comment_date": ["04/15", "11:22"], "comment_content": "便利超商店員臉很臭，雖然是外國人"}, {"comment_author": "flaneurbk", "comment_date": ["04/15", "11:23"], "comment_content": "黑門市場不用去，就是坑觀光客的地方"}, {"comment_author": "mmchen", "comment_date": ["04/15", "11:24"], "comment_content": "每次到桃機都覺得到第三世界國家"}, {"comment_author": "cxiop", "comment_date": ["04/15", "11:25"], "comment_content": "看這標題也能硬扯國旅，根本跟國旅有仇。"}, {"comment_author": "cxiop", "comment_date": ["04/15", "11:25"], "comment_content": "最好人都跑去日本，國旅該倒就讓它倒，台"}, {"comment_author": "cxiop", "comment_date": ["04/15", "11:25"], "comment_content": "灣最美的風景，其實是“沒有人”。"}, {"comment_author": "Andosinjo", "comment_date": ["04/15", "11:25"], "comment_content": "我2014開始狂旅遊日本，現在真的跟10"}, {"comment_author": "kiddcat", "comment_date": ["04/15", "11:26"], "comment_content": "觀光客愛去的點就那些,懂得避開就好"}, {"comment_author": "Andosinjo", "comment_date": ["04/15", "11:26"], "comment_content": "年前差很多… 黑門現在變超貴，10年前"}, {"comment_author": "Andosinjo", "comment_date": ["04/15", "11:26"], "comment_content": "明明還不錯"}, {"comment_author": "kiddcat", "comment_date": ["04/15", "11:26"], "comment_content": "即使是大阪和東京,有些地方沒觀光客,逛街"}, {"comment_author": "kiddcat", "comment_date": ["04/15", "11:27"], "comment_content": "也很舒服"}, {"comment_author": "boss88893", "comment_date": ["04/15", "11:35"], "comment_content": "      搭飛機 = 優越感......"}, {"comment_author": "roger61212", "comment_date": ["04/15", "11:37"], "comment_content": ""}, {"comment_author": "jimabc", "comment_date": ["04/15", "11:45"], "comment_content": ""}, {"comment_author": "CIDgreen", "comment_date": ["04/15", "11:49"], "comment_content": "疫情後是真的變差"}, {"comment_author": "MarchelKaton", "comment_date": ["04/15", "11:50"], "comment_content": "說得對，大家都不要去，我幫大家去"}, {"comment_author": "MarchelKaton", "comment_date": ["04/15", "11:50"], "comment_content": "就好"}, {"comment_author": "ericthree", "comment_date": ["04/15", "11:53"], "comment_content": "#不然你要國旅嗎"}, {"comment_author": "dick929", "comment_date": ["04/15", "11:55"], "comment_content": "台灣人太多=品質下降"}, {"comment_author": "dick929", "comment_date": ["04/15", "11:55"], "comment_content": "不要說國旅怎樣，日本現在也沒多好"}, {"comment_author": "dick929", "comment_date": ["04/15", "11:55"], "comment_content": "出國旅遊要避開台灣人"}, {"comment_author": "andychiu", "comment_date": ["04/15", "12:04"], "comment_content": "博多,名古屋都不錯"}, {"comment_author": "wald5566", "comment_date": ["04/15", "12:05"], "comment_content": "還是屌虐台灣嗚嗚"}, {"comment_author": "jengmei", "comment_date": ["04/15", "12:10"], "comment_content": "比上不足，比下絕對屌打台灣"}, {"comment_author": "IloveJTT", "comment_date": ["04/15", "12:14"], "comment_content": "真的，你留台灣玩就好，拜托"}, {"comment_author": "LiberteHoffe", "comment_date": ["04/15", "12:19"], "comment_content": "上禮拜第一次到桃機  中華民國門面"}, {"comment_author": "LiberteHoffe", "comment_date": ["04/15", "12:19"], "comment_content": "擔當的桃機與關西機場 高下立判"}, {"comment_author": "xpage", "comment_date": ["04/15", "12:28"], "comment_content": "台灣品質更差"}, {"comment_author": "garcia", "comment_date": ["04/15", "12:34"], "comment_content": "真的 不如去高雄"}, {"comment_author": "turndown4wat", "comment_date": ["04/15", "12:38"], "comment_content": "人多的地方不要去"}, {"comment_author": "Meclarity", "comment_date": ["04/15", "12:38"], "comment_content": "有名的觀光景點人不多還有名嗎…"}, {"comment_author": "bettyliu", "comment_date": ["04/15", "12:39"], "comment_content": "態度差有感+1"}, {"comment_author": "littlegreen", "comment_date": ["04/15", "12:46"], "comment_content": "+9去哪就是先避開就對了"}, {"comment_author": "bdbdbdbd", "comment_date": ["04/15", "12:51"], "comment_content": "會，感覺日本人店員之類的沒有以前有禮"}, {"comment_author": "bdbdbdbd", "comment_date": ["04/15", "12:51"], "comment_content": "貌 服務也沒有以前細緻"}, {"comment_author": "bdbdbdbd", "comment_date": ["04/15", "12:52"], "comment_content": "不過還是贏台灣 他們的均標 大概是台灣"}, {"comment_author": "bdbdbdbd", "comment_date": ["04/15", "12:52"], "comment_content": "的高標，台灣的低標無下限"}, {"comment_author": "asd90267", "comment_date": ["04/15", "12:56"], "comment_content": "死觀光客一堆他們也沒賺得比較多而且都"}, {"comment_author": "asd90267", "comment_date": ["04/15", "12:56"], "comment_content": "是日本人最討厭的那種不會讀空氣的 要"}, {"comment_author": "asd90267", "comment_date": ["04/15", "12:56"], "comment_content": "服務多好？"}, {"comment_author": "ggyaining", "comment_date": ["04/15", "12:57"], "comment_content": "人多的地方不要去+1"}, {"comment_author": "asd90267", "comment_date": ["04/15", "13:01"], "comment_content": "日本的高度文明化本來就很大一部分是靠"}, {"comment_author": "asd90267", "comment_date": ["04/15", "13:01"], "comment_content": "人民自主規制才能達到的 很麻煩也很多"}, {"comment_author": "asd90267", "comment_date": ["04/15", "13:01"], "comment_content": "沈默成本 觀光客是用很低的成本去享受"}, {"comment_author": "asd90267", "comment_date": ["04/15", "13:01"], "comment_content": "甚至還破壞了其成果"}, {"comment_author": "jwtl", "comment_date": ["04/15", "13:11"], "comment_content": "還是屌打國旅"}, {"comment_author": "orzorza3r", "comment_date": ["04/15", "13:25"], "comment_content": "人擠人的地方不管哪國都差不多阿"}, {"comment_author": "garcia", "comment_date": ["04/15", "13:31"], "comment_content": "認真講 今年京都旅客是疫情前(2019)兩倍"}, {"comment_author": "garcia", "comment_date": ["04/15", "13:32"], "comment_content": "才從東京回來 日本新聞講的"}, {"comment_author": "avexgroup", "comment_date": ["04/15", "13:40"], "comment_content": "再爛也屌打台灣"}, {"comment_author": "ausome", "comment_date": ["04/15", "13:47"], "comment_content": "再爛一樣碾壓新竹"}, {"comment_author": "sg1987", "comment_date": ["04/15", "14:26"], "comment_content": "京都人太多了 但風景真的太讚所以能忍受"}, {"comment_author": "sg1987", "comment_date": ["04/15", "14:26"], "comment_content": "服務員很多印度人 但態度很友善"}, {"comment_author": "attpp", "comment_date": ["04/15", "14:40"], "comment_content": "你不會去鄉下阿"}, {"comment_author": "luckyhsin199", "comment_date": ["04/15", "15:00"], "comment_content": "現在剛好在東京 第一次來無從比較"}, {"comment_author": "luckyhsin199", "comment_date": ["04/15", "15:00"], "comment_content": "但歐美人是真的很多很多"}, {"comment_author": "tw92669", "comment_date": ["04/15", "17:07"], "comment_content": "清明連假去5天，人多但還能接受，"}, {"comment_author": "tw92669", "comment_date": ["04/15", "17:07"], "comment_content": "歐美客居多，櫻花很美，重點是如果"}, {"comment_author": "tw92669", "comment_date": ["04/15", "17:07"], "comment_content": "機加酒，還是比國旅飯店便宜啊"}, {"comment_author": "genovis", "comment_date": ["04/15", "21:49"], "comment_content": "太多八九年級的智障跑去打工"}, {"comment_author": "inuwanwan", "comment_date": ["04/15", "22:58"], "comment_content": "我去2-3線城市,超爽,以前很難在鄉下玩"}, {"comment_author": "inuwanwan", "comment_date": ["04/15", "22:58"], "comment_content": ",但現在店家很多都能接受外國人了"}]}
