{"author": "KAWABONGGA (硬梆梆)", "category": "Gossiping", "title": "[問卦] 難道只有我覺得女人很恐怖嗎", "date": "Fri Apr 12 06:01:34 2024", "content": ["欸欸欸乳頭啦～自從女人擁有太多權利以後變得更加目中無人了真的細思即恐明明戀童癖在外部行為化以前僅屬於性癖如今卻變成了打擊男人的工具一個深耕於台灣實況界的實況主明明只是發表合理言論卻被迫關閉頻道真的越想越恐怖更滑稽的是明明戀童跟同性戀同屬基因問題皆為初代的DSM-I今日的地位卻天差地遠再者給女人受教育是為了讓你們可以合理的主張權益而非羅織各種罪名打擊男性的生存空間唉～表面上是保護蘿莉實際上卻是一場性別戰爭真不曉得兩性什麼時候可以和平相處難道只有我覺得女人擁有更多權利以後這世界變得越來越恐怖了嗎身為男性我覺得我的生存空間不斷的受到壓迫--"], "post_comment": [{"comment_author": "au4g3wk4k", "comment_date": ["04/12", "06:02"], "comment_content": "你去脆發這篇看看 保證更恐怖"}, {"comment_author": "iou861007", "comment_date": ["04/12", "06:03"], "comment_content": "嗯嗯嗯對對你說的沒錯，我完全贊同"}, {"comment_author": "a74588123", "comment_date": ["04/12", "06:04"], "comment_content": "這種囂張久了，哪天戰爭爆發只會越慘"}, {"comment_author": "blessbless", "comment_date": ["04/12", "06:06"], "comment_content": "超恐怖der每次看到奶我就暈惹"}, {"comment_author": "damoleoyoyo", "comment_date": ["04/12", "06:07"], "comment_content": "殷素素告訴你的？"}, {"comment_author": "arms2", "comment_date": ["04/12", "06:09"], "comment_content": "反戀童跟女權一點關係都沒有 這是社會公認"}, {"comment_author": "arms2", "comment_date": ["04/12", "06:09"], "comment_content": "的價值 因為兒童沒辦法保護自己"}, {"comment_author": "MrSherlock", "comment_date": ["04/12", "06:09"], "comment_content": "只是她們發現沒有男人也能過得很好"}, {"comment_author": "MrSherlock", "comment_date": ["04/12", "06:10"], "comment_content": "尤其是不用生小孩"}, {"comment_author": "Mugen0413", "comment_date": ["04/12", "06:17"], "comment_content": "台灣還處在女權上升的第一維度，現在"}, {"comment_author": "Mugen0413", "comment_date": ["04/12", "06:17"], "comment_content": "男權一定被往死裡打的，沒看現在歐美"}, {"comment_author": "Mugen0413", "comment_date": ["04/12", "06:17"], "comment_content": "都在大開魔法陣對轟了，台灣這邊還在"}, {"comment_author": "Mugen0413", "comment_date": ["04/12", "06:18"], "comment_content": "棍棒齊飛真是糗，不過大部分都是不關"}, {"comment_author": "Mugen0413", "comment_date": ["04/12", "06:18"], "comment_content": "己事輕輕放下，早晚也被肅清，旁觀者"}, {"comment_author": "Mugen0413", "comment_date": ["04/12", "06:18"], "comment_content": "發現自己也是被肅清的一員已經太晚了"}, {"comment_author": "Mugen0413", "comment_date": ["04/12", "06:18"], "comment_content": "，呵呵，JK羅琳半天前開始和丹尼爾和"}, {"comment_author": "Mugen0413", "comment_date": ["04/12", "06:18"], "comment_content": "艾瑪華森正面開戰了，這把我壓丹尼爾"}, {"comment_author": "Mugen0413", "comment_date": ["04/12", "06:18"], "comment_content": "和艾瑪^^"}, {"comment_author": "poqwiuer", "comment_date": ["04/12", "06:24"], "comment_content": "這篇毛骨悚然"}, {"comment_author": "gijizi", "comment_date": ["04/12", "06:24"], "comment_content": "男人自己還出內奸幫著女權打擊自己人"}, {"comment_author": "me150480", "comment_date": ["04/12", "06:27"], "comment_content": "以前僅屬性癖是多久以前？"}, {"comment_author": "me150480", "comment_date": ["04/12", "06:29"], "comment_content": "只是癖好？以後你未成年兒子被大叔誘拐"}, {"comment_author": "Mugen0413", "comment_date": ["04/12", "06:29"], "comment_content": "不是，是台灣兩大黨本質就都是右派骨"}, {"comment_author": "me150480", "comment_date": ["04/12", "06:29"], "comment_content": "你就不要靠邀"}, {"comment_author": "Mugen0413", "comment_date": ["04/12", "06:29"], "comment_content": "血披著左派皮，從小到大的教育就是個"}, {"comment_author": "Mugen0413", "comment_date": ["04/12", "06:29"], "comment_content": "大框架了，現在為資本服務的味道又更"}, {"comment_author": "Mugen0413", "comment_date": ["04/12", "06:29"], "comment_content": "濃了，男孩兒不結婚女孩兒狠刁生意更"}, {"comment_author": "Mugen0413", "comment_date": ["04/12", "06:29"], "comment_content": "好作，台灣未來？關我屁事，又不是我"}, {"comment_author": "Mugen0413", "comment_date": ["04/12", "06:29"], "comment_content": "的小孩管他，嘻嘻"}, {"comment_author": "me150480", "comment_date": ["04/12", "06:32"], "comment_content": "戀童本來就不能存在 兒童不管是合意拍A"}, {"comment_author": "me150480", "comment_date": ["04/12", "06:32"], "comment_content": "片 合意性交都是不可能的 跟同性戀不一"}, {"comment_author": "me150480", "comment_date": ["04/12", "06:32"], "comment_content": "樣好嗎"}, {"comment_author": "dyc2008", "comment_date": ["04/12", "06:42"], "comment_content": "滾去甲版"}, {"comment_author": "Mugen0413", "comment_date": ["04/12", "06:45"], "comment_content": "美左對戀童如此排斥也是因為政確，但"}, {"comment_author": "Mugen0413", "comment_date": ["04/12", "06:45"], "comment_content": "很好笑的是LGBT部分的好像沒有那麼殺"}, {"comment_author": "Mugen0413", "comment_date": ["04/12", "06:45"], "comment_content": "，順性男就往死裡打，你這不雙標嗎？"}, {"comment_author": "Mugen0413", "comment_date": ["04/12", "06:45"], "comment_content": "你忘了疊buff所以人家比你有輿論優勢"}, {"comment_author": "Mugen0413", "comment_date": ["04/12", "06:45"], "comment_content": "，現在很多直播主也在玩魔法戰對決美"}, {"comment_author": "Mugen0413", "comment_date": ["04/12", "06:45"], "comment_content": "左，但往往打到一半就被封號，沒有團"}, {"comment_author": "Mugen0413", "comment_date": ["04/12", "06:45"], "comment_content": "結上Buff你打個屌？？所以川普橫空降"}, {"comment_author": "Mugen0413", "comment_date": ["04/12", "06:45"], "comment_content": "世！！MAGA就是美國最大的政確，目前"}, {"comment_author": "Mugen0413", "comment_date": ["04/12", "06:45"], "comment_content": "看來也只有這個能打"}, {"comment_author": "touchbird", "comment_date": ["04/12", "07:06"], "comment_content": "喜歡jk根本還好 現代以前jk早就生一堆"}, {"comment_author": "edieedie", "comment_date": ["04/12", "07:07"], "comment_content": ":"}, {"comment_author": "keroro39", "comment_date": ["04/12", "07:25"], "comment_content": "問題是幹未成年怎麼可以直接等於戀童呢"}, {"comment_author": "keroro39", "comment_date": ["04/12", "07:25"], "comment_content": "而且是想 就是沒有實踐啊 這是文字獄 鄭"}, {"comment_author": "keroro39", "comment_date": ["04/12", "07:25"], "comment_content": "南榕看看 現在台灣的言論自由是怎樣的"}, {"comment_author": "keroro39", "comment_date": ["04/12", "07:26"], "comment_content": "女人一定會不滿統神嗎 怕就是像吳錚這樣"}, {"comment_author": "keroro39", "comment_date": ["04/12", "07:26"], "comment_content": "的男人更多 爽完以後對自己的小孩要保護"}, {"comment_author": "keroro39", "comment_date": ["04/12", "07:26"], "comment_content": " 連別人未成年三個字都要惡意曲解成自己"}, {"comment_author": "keroro39", "comment_date": ["04/12", "07:26"], "comment_content": "的孩子"}, {"comment_author": "Mugen0413", "comment_date": ["04/12", "07:41"], "comment_content": "樓上這就是美有錢福音派抓狂的原因，"}, {"comment_author": "Mugen0413", "comment_date": ["04/12", "07:41"], "comment_content": "你們要我小孩從小就開始懷疑自己性向"}, {"comment_author": "Mugen0413", "comment_date": ["04/12", "07:41"], "comment_content": "，甚至去家族化，本質就是要用教育拉"}, {"comment_author": "Mugen0413", "comment_date": ["04/12", "07:41"], "comment_content": "更多人站隊，這個方法走到最後福音派"}, {"comment_author": "Mugen0413", "comment_date": ["04/12", "07:42"], "comment_content": "就被地鳴了，福音派是為了自己的生存"}, {"comment_author": "Mugen0413", "comment_date": ["04/12", "07:42"], "comment_content": "而戰，我很擔心美國..."}, {"comment_author": "Mugen0413", "comment_date": ["04/12", "07:44"], "comment_content": "票怎麼投都投不贏你了，接下來會變成"}, {"comment_author": "Mugen0413", "comment_date": ["04/12", "07:44"], "comment_content": "怎樣的美國我真的不敢想"}, {"comment_author": "jason222333", "comment_date": ["04/12", "07:53"], "comment_content": "女T比較恐怖"}, {"comment_author": "kabukiryu", "comment_date": ["04/12", "08:07"], "comment_content": "我認為戀童跟同性戀4精神病問題"}, {"comment_author": "kt040", "comment_date": ["04/12", "16:32"], "comment_content": "贊同你說的 然後一起被噴暴嗎 反正我是無力"}, {"comment_author": "kt040", "comment_date": ["04/12", "16:32"], "comment_content": "抵抗他們 他們要怎要就怎樣啦 我躺好看戲"}, {"comment_author": "gn0481914", "comment_date": ["04/13", "09:13"], "comment_content": "當同性戀，女人就跟你沒關係了。"}]}
