{"author": "abcd5566 (塔綠班都垃圾)", "category": "Gossiping", "title": "[問卦] 統神皮膚這麼黑是不是有問題的卦", "date": "Sat Apr 13 19:33:14 2024", "content": ["我看統神9年前的影片", "皮膚還很白 狀況很好怎才9年皮膚就爛成這樣 還很黑統神是不是身體有問題有沒有卦--", "脾氣也差很多  現在是不是有躁鬱症？"], "post_comment": [{"comment_author": "frommr", "comment_date": ["04/13", "19:33"], "comment_content": "黑棘皮"}, {"comment_author": "satonoo", "comment_date": ["04/13", "19:34"], "comment_content": "沒有台灣價值就是這樣"}, {"comment_author": "Benbenyale", "comment_date": ["04/13", "19:34"], "comment_content": "神罰開始了"}, {"comment_author": "palindromes", "comment_date": ["04/13", "19:35"], "comment_content": "糖尿病"}, {"comment_author": "cream115", "comment_date": ["04/13", "19:35"], "comment_content": "上次直播說 很久沒去看糖尿病了QQ"}, {"comment_author": "s95087162", "comment_date": ["04/13", "19:35"], "comment_content": "他意外的蠻愛出門的"}, {"comment_author": "jidytri815", "comment_date": ["04/13", "19:37"], "comment_content": "光線+沒洗澡+黑棘皮"}, {"comment_author": "LoveMakeLove", "comment_date": ["04/13", "19:37"], "comment_content": "黑棘皮"}, {"comment_author": "apeople", "comment_date": ["04/13", "19:38"], "comment_content": "我兒子有病"}, {"comment_author": "jim543000", "comment_date": ["04/13", "19:39"], "comment_content": "有人提醒過 糖尿病吧"}, {"comment_author": "chpen", "comment_date": ["04/13", "19:40"], "comment_content": "糖尿病"}, {"comment_author": "godofsex", "comment_date": ["04/13", "19:40"], "comment_content": "糖尿病 黑色棘皮"}, {"comment_author": "keroro39", "comment_date": ["04/13", "19:41"], "comment_content": "黑棘皮"}, {"comment_author": "chunchie", "comment_date": ["04/13", "19:43"], "comment_content": "那時看起來細皮嫩肉欸，現在怎麼這樣"}, {"comment_author": "userpeter", "comment_date": ["04/13", "19:46"], "comment_content": "管他幹嘛？ = =a"}, {"comment_author": "KGarnett05", "comment_date": ["04/13", "19:51"], "comment_content": "還真差很多"}, {"comment_author": "yumika", "comment_date": ["04/13", "19:52"], "comment_content": "顏色不對"}, {"comment_author": "mrwall", "comment_date": ["04/13", "19:57"], "comment_content": "可能是因為支持黑金的國民黨吧"}, {"comment_author": "geniusw", "comment_date": ["04/13", "19:58"], "comment_content": "黑棘皮"}, {"comment_author": "chu", "comment_date": ["04/13", "20:04"], "comment_content": "這誰 好瘦"}, {"comment_author": "amos30627", "comment_date": ["04/13", "20:05"], "comment_content": "黑棘皮"}, {"comment_author": "paul1951", "comment_date": ["04/13", "20:07"], "comment_content": ""}, {"comment_author": "koexe", "comment_date": ["04/13", "20:07"], "comment_content": "黑棘皮"}, {"comment_author": "CMPunk", "comment_date": ["04/13", "20:08"], "comment_content": "糖尿病啊 他自己都懶得處理了你管他"}, {"comment_author": "power41", "comment_date": ["04/13", "20:13"], "comment_content": "雲什麼 黑棘皮都不知道"}, {"comment_author": "adon0313", "comment_date": ["04/13", "20:15"], "comment_content": "上面這隻可以拜天公了"}, {"comment_author": "KANGTA23", "comment_date": ["04/13", "20:23"], "comment_content": "跳針豬氣色能再活三年就算撿到了"}, {"comment_author": "qwas0413", "comment_date": ["04/13", "20:23"], "comment_content": "脾氣明明好很多 沒看過他以前的影片嗎"}, {"comment_author": "GTOyoko5566", "comment_date": ["04/13", "20:31"], "comment_content": "糖尿病，之前減肥也沒成功，慘"}, {"comment_author": "asters", "comment_date": ["04/13", "20:32"], "comment_content": "肝差不多了吧"}, {"comment_author": "asters", "comment_date": ["04/13", "20:32"], "comment_content": "糖尿下一步就截肢了"}, {"comment_author": "etiennechiu", "comment_date": ["04/13", "20:38"], "comment_content": "膚色那樣應該糖尿病，他上次體檢糖"}, {"comment_author": "etiennechiu", "comment_date": ["04/13", "20:38"], "comment_content": "化血色素超標，應該有糖尿病無誤"}, {"comment_author": "coburn", "comment_date": ["04/13", "20:40"], "comment_content": "糖尿病前期常見 代謝已經出問題"}, {"comment_author": "etiennechiu", "comment_date": ["04/13", "20:40"], "comment_content": "他體檢公佈的糖化血色素是正常人的"}, {"comment_author": "etiennechiu", "comment_date": ["04/13", "20:40"], "comment_content": "兩倍"}, {"comment_author": "Boris945", "comment_date": ["04/13", "21:20"], "comment_content": "腎衰竭吧"}, {"comment_author": "cukesdubie", "comment_date": ["04/13", "21:26"], "comment_content": "肝不好"}, {"comment_author": "WeiMinChen", "comment_date": ["04/13", "22:15"], "comment_content": "黑棘皮"}, {"comment_author": "ckniening", "comment_date": ["04/13", "22:38"], "comment_content": "黑棘皮"}, {"comment_author": "Mesa5566", "comment_date": ["04/13", "22:47"], "comment_content": "不控制 以後會很慘 鄰居一個不理不控制"}, {"comment_author": "Mesa5566", "comment_date": ["04/13", "22:47"], "comment_content": "的50多掛了"}, {"comment_author": "miloisgood", "comment_date": ["04/13", "22:51"], "comment_content": "糖糖 講過了"}, {"comment_author": "ionchips", "comment_date": ["04/14", "00:36"], "comment_content": "糖尿病"}, {"comment_author": "nikewang", "comment_date": ["04/14", "00:58"], "comment_content": "糖尿病"}, {"comment_author": "karta1271642", "comment_date": ["04/14", "01:00"], "comment_content": "肥超多"}, {"comment_author": "nikewang", "comment_date": ["04/14", "01:01"], "comment_content": "他沒在控制 我判斷40前就會死了"}, {"comment_author": "yspen", "comment_date": ["04/14", "02:27"], "comment_content": "血管都是脂肪，我看他也沒在運動的"}]}
