{"author": "eyesbaby2000 (BBQ)", "category": "Gossiping", "title": "[問卦] 外交部是不是還在打稿", "date": "Fri Apr 19 11:12:37 2024", "content": ["生在這個時代，戰爭是人們最不想面對的所以伊朗攻擊以色列我們予以強烈譴責今天以色列也發動攻擊，試圖將衝突拉高層級想必我們的外交部也不會雙重標準目前外交部已經在擬譴責草稿了嗎？卦？--"], "post_comment": [{"comment_author": "s820912gmail", "comment_date": ["04/19", "11:12"], "comment_content": "斷交部"}, {"comment_author": "shanks69", "comment_date": ["04/19", "11:13"], "comment_content": "外交部在幫五樓打手槍"}, {"comment_author": "gogorice", "comment_date": ["04/19", "11:13"], "comment_content": "譴責被打的三國啊，怎麼不直接投降"}, {"comment_author": "syntax123", "comment_date": ["04/19", "11:13"], "comment_content": "喜迎新部長上任很忙勿擾"}, {"comment_author": "cooleagles", "comment_date": ["04/19", "11:13"], "comment_content": "斷交部遇到米國papa的papa只會睡著"}, {"comment_author": "ppav0v0v", "comment_date": ["04/19", "11:14"], "comment_content": "外交..？"}, {"comment_author": "ppav0v0v", "comment_date": ["04/19", "11:15"], "comment_content": "外交部 除了被斷交 啥都不是"}, {"comment_author": "attackJ", "comment_date": ["04/19", "11:18"], "comment_content": "好了啦 軸心粉快去外交部抗議捏"}]}
