{"author": "saobox (刀劍神域盒盒)", "category": "Gossiping", "title": "[問卦] 時鐘發明之前如何形容旋轉方向?", "date": "Thu Apr 18 21:10:00 2024", "content": ["如題 是這樣的啦 突然在想一件事我們在講話時 要講旋轉方向的時候都會說 順時鐘 順時針 逆時鐘 逆時針可是仔細一想 時鐘這種東西在古代還沒有發明的時候那時人們還在用子丑寅卯辰巳午未申酉戌亥的時辰還沒有時鐘這種東西 自然也不會知道時鐘時針怎麼轉動那如果這時候有人說順時鐘逆時鐘 別人一定聽不懂到底在那個時代要怎麼形容旋轉的方向?有沒有八卦?--"], "post_comment": [{"comment_author": "a3221715", "comment_date": ["04/18", "21:10"], "comment_content": "你這個問題不太健康"}, {"comment_author": "FZ5566", "comment_date": ["04/18", "21:10"], "comment_content": "理工人就是笨，左上右下不會用?"}, {"comment_author": "lagi5487", "comment_date": ["04/18", "21:10"], "comment_content": "鄭問"}, {"comment_author": "potionx", "comment_date": ["04/18", "21:10"], "comment_content": "用太陽或是月亮吧"}, {"comment_author": "felixden", "comment_date": ["04/18", "21:10"], "comment_content": "幹死Kronii"}, {"comment_author": "VideoKing", "comment_date": ["04/18", "21:10"], "comment_content": "粗飽的言論duck bu bee"}, {"comment_author": "ncc5566", "comment_date": ["04/18", "21:11"], "comment_content": "早說 你怎麼不早說"}, {"comment_author": "karta018", "comment_date": ["04/18", "21:11"], "comment_content": "安培右手吧"}, {"comment_author": "sellgd", "comment_date": ["04/18", "21:13"], "comment_content": "以右撇子佔多數 應該也是上右 上左吧"}, {"comment_author": "sellgd", "comment_date": ["04/18", "21:14"], "comment_content": "順人妻鹹豬手 逆人妻鹹豬手"}, {"comment_author": "f051372", "comment_date": ["04/18", "21:15"], "comment_content": "古裝劇如果講順時逆時可以炮了"}, {"comment_author": "sellgd", "comment_date": ["04/18", "21:17"], "comment_content": "日晷 子丑寅 也是順時鐘啊"}, {"comment_author": "sellgd", "comment_date": ["04/18", "21:18"], "comment_content": ""}, {"comment_author": "winglight", "comment_date": ["04/18", "21:48"], "comment_content": "你們都不會左轉或右轉嗎？"}, {"comment_author": "eemail", "comment_date": ["04/19", "06:29"], "comment_content": "用手打你頭 說照這隻手方向XD"}]}
