{"author": "suzhou (☂☁☁☁☂)", "category": "Gossiping", "title": "[問卦] 梁詠琪哪首歌傳唱度最高", "date": "Wed Apr 17 23:55:35 2024", "content": ["前幾天梁詠琪攻小巨蛋演唱會至少要有二十幾首經典歌才能撐起來大家最喜歡梁詠琪哪首歌哪首傳唱度至今最高？--"], "post_comment": [{"comment_author": "james732", "comment_date": ["04/17", "23:55"], "comment_content": "勇氣"}, {"comment_author": "fony1029", "comment_date": ["04/17", "23:55"], "comment_content": "勇氣"}, {"comment_author": "QQmouse", "comment_date": ["04/17", "23:56"], "comment_content": "分手快樂"}, {"comment_author": "jameshcm", "comment_date": ["04/17", "23:56"], "comment_content": "膽小烏龜"}, {"comment_author": "fony1029", "comment_date": ["04/17", "23:56"], "comment_content": "暖暖"}, {"comment_author": "SaChiA5566", "comment_date": ["04/17", "23:56"], "comment_content": "我最喜歡口香糖跟有時侯"}, {"comment_author": "what1026", "comment_date": ["04/17", "23:57"], "comment_content": "掌心"}, {"comment_author": "kingmusk", "comment_date": ["04/17", "23:57"], "comment_content": "不知道 我只喜歡看賭神 她票賣幾成"}, {"comment_author": "RV", "comment_date": ["04/17", "23:57"], "comment_content": "鐘意他"}, {"comment_author": "Julian9x9x9", "comment_date": ["04/17", "23:57"], "comment_content": "綜藝他"}, {"comment_author": "koromo1991", "comment_date": ["04/17", "23:57"], "comment_content": "原來愛情這麼傷"}, {"comment_author": "ziso", "comment_date": ["04/17", "23:57"], "comment_content": "寧夏"}, {"comment_author": "dcshoecousa", "comment_date": ["04/17", "23:58"], "comment_content": "膽小烏龜"}, {"comment_author": "legostar", "comment_date": ["04/17", "23:58"], "comment_content": "愛情海"}, {"comment_author": "coffee112", "comment_date": ["04/17", "23:59"], "comment_content": "獨一無二 專屬的特別 是哪一首"}, {"comment_author": "dick929", "comment_date": ["04/17", "23:59"], "comment_content": "短髮"}, {"comment_author": "batis", "comment_date": ["04/18", "00:00"], "comment_content": "膽小鬼"}, {"comment_author": "sucktime", "comment_date": ["04/18", "00:00"], "comment_content": "竟然沒人回我難過"}, {"comment_author": "breadking", "comment_date": ["04/18", "00:01"], "comment_content": "我要替我婆婆報仇"}, {"comment_author": "suzhou", "comment_date": ["04/18", "00:01"], "comment_content": "口香糖 好聽"}, {"comment_author": "starwish00", "comment_date": ["04/18", "00:04"], "comment_content": "膽小鬼"}, {"comment_author": "botnet", "comment_date": ["04/18", "00:04"], "comment_content": "膽小烏龜"}, {"comment_author": "KH8019", "comment_date": ["04/18", "00:06"], "comment_content": "膽小鬼"}, {"comment_author": "apollo999", "comment_date": ["04/18", "00:07"], "comment_content": "勇氣"}, {"comment_author": "s7968", "comment_date": ["04/18", "00:11"], "comment_content": "偏見 搬家"}, {"comment_author": "coffee112", "comment_date": ["04/18", "00:11"], "comment_content": "印象就是膽小鬼跟短髮   口香糖?"}, {"comment_author": "mscp", "comment_date": ["04/18", "00:11"], "comment_content": "絲路"}, {"comment_author": "jixiang", "comment_date": ["04/18", "00:13"], "comment_content": ""}, {"comment_author": "toofat", "comment_date": ["04/18", "00:13"], "comment_content": "口香糖 中意他 spaghetti"}, {"comment_author": "jixiang", "comment_date": ["04/18", "00:14"], "comment_content": ""}, {"comment_author": "kyosukeakiba", "comment_date": ["04/18", "00:14"], "comment_content": "完全沒人提洗臉耶，好歹也是同名專"}, {"comment_author": "kyosukeakiba", "comment_date": ["04/18", "00:14"], "comment_content": "輯主打歌，結果這麼影薄XD"}, {"comment_author": "tenlove", "comment_date": ["04/18", "00:14"], "comment_content": "膽小鬼"}, {"comment_author": "jixiang", "comment_date": ["04/18", "00:14"], "comment_content": ""}, {"comment_author": "jixiang", "comment_date": ["04/18", "00:15"], "comment_content": ""}, {"comment_author": "tgtg", "comment_date": ["04/18", "00:15"], "comment_content": "短髮"}, {"comment_author": "lovekiqoo", "comment_date": ["04/18", "00:15"], "comment_content": "膽小鬼"}, {"comment_author": "jixiang", "comment_date": ["04/18", "00:15"], "comment_content": ""}, {"comment_author": "SaChiA5566", "comment_date": ["04/18", "00:15"], "comment_content": "最多人會唱應該是膽小烏龜沒錯"}, {"comment_author": "jixiang", "comment_date": ["04/18", "00:16"], "comment_content": ""}, {"comment_author": "jixiang", "comment_date": ["04/18", "00:16"], "comment_content": ""}, {"comment_author": "neo19", "comment_date": ["04/18", "00:16"], "comment_content": "膽小鬼吧 後來方炯鑌還翻唱又紅了一波"}, {"comment_author": "suzhou", "comment_date": ["04/18", "00:17"], "comment_content": "洗臉也很好聽"}, {"comment_author": "wajupie", "comment_date": ["04/18", "00:18"], "comment_content": "喜歡看你緊緊皺眉"}, {"comment_author": "jixiang", "comment_date": ["04/18", "00:19"], "comment_content": ""}, {"comment_author": "Imgoodjob", "comment_date": ["04/18", "00:19"], "comment_content": "膽小鬼 偏見"}, {"comment_author": "jixiang", "comment_date": ["04/18", "00:19"], "comment_content": ""}, {"comment_author": "yakifone", "comment_date": ["04/18", "00:20"], "comment_content": "海豚飯店！！！"}, {"comment_author": "suzhou", "comment_date": ["04/18", "00:20"], "comment_content": "B面第一首 也不錯"}, {"comment_author": "jixiang", "comment_date": ["04/18", "00:21"], "comment_content": ""}, {"comment_author": "jixiang", "comment_date": ["04/18", "00:22"], "comment_content": ""}, {"comment_author": "jixiang", "comment_date": ["04/18", "00:25"], "comment_content": ""}, {"comment_author": "jixiang", "comment_date": ["04/18", "00:27"], "comment_content": ""}, {"comment_author": "jixiang", "comment_date": ["04/18", "00:29"], "comment_content": ""}, {"comment_author": "jixiang", "comment_date": ["04/18", "00:34"], "comment_content": ""}, {"comment_author": "jixiang", "comment_date": ["04/18", "00:34"], "comment_content": ""}, {"comment_author": "jixiang", "comment_date": ["04/18", "00:35"], "comment_content": ""}, {"comment_author": "just8811", "comment_date": ["04/18", "00:36"], "comment_content": "膽小鬼"}, {"comment_author": "jixiang", "comment_date": ["04/18", "00:37"], "comment_content": ""}, {"comment_author": "jixiang", "comment_date": ["04/18", "00:37"], "comment_content": ""}, {"comment_author": "suzhou", "comment_date": ["04/18", "00:40"], "comment_content": "獨一無二 專屬的感覺-->膽小鬼"}, {"comment_author": "suzhou", "comment_date": ["04/18", "00:40"], "comment_content": "寫錯 專屬的特別"}, {"comment_author": "jixiang", "comment_date": ["04/18", "00:44"], "comment_content": ""}, {"comment_author": "jixiang", "comment_date": ["04/18", "00:44"], "comment_content": ""}, {"comment_author": "buzzards", "comment_date": ["04/18", "00:45"], "comment_content": "倒退嚕"}, {"comment_author": "jixiang", "comment_date": ["04/18", "00:48"], "comment_content": ""}, {"comment_author": "hidesoul", "comment_date": ["04/18", "00:49"], "comment_content": "膽小鬼和中意他吧"}, {"comment_author": "homerunball", "comment_date": ["04/18", "00:56"], "comment_content": "膽小鬼>>others"}, {"comment_author": "jixiang", "comment_date": ["04/18", "01:03"], "comment_content": "我買的第一張專輯就是梁詠琪「膽小鬼」"}, {"comment_author": "jixiang", "comment_date": ["04/18", "01:03"], "comment_content": ""}, {"comment_author": "suzhou", "comment_date": ["04/18", "01:07"], "comment_content": "膽小鬼時我還在聽錄音帶..."}, {"comment_author": "johnson2726", "comment_date": ["04/18", "01:14"], "comment_content": "短髮"}, {"comment_author": "johnson2726", "comment_date": ["04/18", "01:14"], "comment_content": "剪斷了牽掛　剪一地不被愛的分岔"}, {"comment_author": "lapetit", "comment_date": ["04/18", "01:18"], "comment_content": "膽小鬼 花火？"}, {"comment_author": "mayx", "comment_date": ["04/18", "01:25"], "comment_content": "演唱會唱了34首"}, {"comment_author": "mayx", "comment_date": ["04/18", "01:26"], "comment_content": "j大 你買的第一專輯不是膽小鬼唷"}, {"comment_author": "mayx", "comment_date": ["04/18", "01:27"], "comment_content": "那張是同名專輯，梁詠琪"}, {"comment_author": "badaseases", "comment_date": ["04/18", "01:32"], "comment_content": "喜歡洗臉，當時單曲還搭洗面乳在販賣"}, {"comment_author": "badaseases", "comment_date": ["04/18", "01:33"], "comment_content": "機賣"}, {"comment_author": "pleasewait", "comment_date": ["04/18", "01:39"], "comment_content": "膽小鬼 短髮 偏見"}, {"comment_author": "swimmer19", "comment_date": ["04/18", "01:43"], "comment_content": "我已剪短我的髮"}, {"comment_author": "godzillalala", "comment_date": ["04/18", "01:46"], "comment_content": ""}, {"comment_author": "chogosu", "comment_date": ["04/18", "02:13"], "comment_content": "許願,有時候,愛的代價,新鮮,當我愛上你"}, {"comment_author": "chogosu", "comment_date": ["04/18", "02:17"], "comment_content": "向左走向右走,Spaghetti,很高興,口香糖"}, {"comment_author": "chogosu", "comment_date": ["04/18", "02:18"], "comment_content": "洗臉,短髮 . 很多都聽過"}, {"comment_author": "GGbigbigin", "comment_date": ["04/18", "02:43"], "comment_content": "膽小烏龜"}, {"comment_author": "kpfing644", "comment_date": ["04/18", "02:44"], "comment_content": "婆婆"}, {"comment_author": "milkBK", "comment_date": ["04/18", "03:07"], "comment_content": "會唱歌？"}, {"comment_author": "Lucas0806", "comment_date": ["04/18", "03:53"], "comment_content": "膽小烏龜"}, {"comment_author": "len53", "comment_date": ["04/18", "04:33"], "comment_content": "鑽石"}, {"comment_author": "jay0215", "comment_date": ["04/18", "08:13"], "comment_content": "膽小鬼"}, {"comment_author": "andy00319", "comment_date": ["04/18", "08:24"], "comment_content": "中意他"}, {"comment_author": "jixiang", "comment_date": ["04/18", "08:44"], "comment_content": "@mayx 對"}, {"comment_author": "jixiang", "comment_date": ["04/18", "08:46"], "comment_content": "那張 cd 打掃後被清理掉了，有點可惜"}, {"comment_author": "jixiang", "comment_date": ["04/18", "08:49"], "comment_content": "之後也買許茹芸、李心潔、王菲的專輯"}, {"comment_author": "music9man", "comment_date": ["04/18", "08:59"], "comment_content": "小烏龜"}, {"comment_author": "coco8356", "comment_date": ["04/18", "09:03"], "comment_content": "偏見 短髮"}, {"comment_author": "mabedead", "comment_date": ["04/18", "09:10"], "comment_content": "偏見"}, {"comment_author": "ray34", "comment_date": ["04/18", "09:39"], "comment_content": "一堆人梁詠琪梁靜茹分不清楚"}, {"comment_author": "BILLBOARDS", "comment_date": ["04/18", "11:02"], "comment_content": "三天三夜"}, {"comment_author": "kkkandy", "comment_date": ["04/18", "11:29"], "comment_content": "如果只能選一首，我會選愛情海"}, {"comment_author": "lifepass", "comment_date": ["04/18", "15:25"], "comment_content": "膽小鬼"}]}
