{"author": "Borges (波波波波)", "category": "Gossiping", "title": "[問卦] 沒有南京大屠殺 日本會戰敗嗎?", "date": "Thu Apr 18 10:19:48 2024", "content": ["二戰中國戰場從九一八東北事變到七七蘆溝橋事變根本就是烏俄戰爭前期的翻版日本佔領了東北(克里米亞)中國(烏克蘭)在各個國際管道表達希望國際干預但是都沒有強國願意介入日本是先進國家 中國是落後國家強國當然不願意跟先進國家對抗於是中國一路挨打只有少量的國際援助一直要到南京大屠殺出現大家發現日本根本亂搞世界的輿論才扭轉出現ABCD的貿易包圍網讓日本拿不到能源日本才開始走向偷襲珍珠港的自滅之道如果日本不搞出南京大屠殺是不是可以躲過國際輿論制裁在維持國際貿易下慢慢拿下中國呢?--", "已經被制裁之後 偷襲不偷襲都是輸了"], "post_comment": [{"comment_author": "fantasyth", "comment_date": ["04/18", "10:20"], "comment_content": "你問沒有偷襲珍珠港還比較快"}, {"comment_author": "kent", "comment_date": ["04/18", "10:20"], "comment_content": "抗戰勝利是中國共產黨率領的紅軍做中流砥柱"}, {"comment_author": "hkcdc", "comment_date": ["04/18", "10:20"], "comment_content": "珍珠港炸到贏才有機會"}, {"comment_author": "OPPAISuki", "comment_date": ["04/18", "10:21"], "comment_content": "731部隊人體實驗更噁爛 比納粹還可惡"}, {"comment_author": "LoveMakeLove", "comment_date": ["04/18", "10:21"], "comment_content": "會，南京大屠殺只是加速被歐美制裁"}, {"comment_author": "DAHOO", "comment_date": ["04/18", "10:22"], "comment_content": "下一篇：沒有種族清洗，納粹會失敗"}, {"comment_author": "DAHOO", "comment_date": ["04/18", "10:22"], "comment_content": "嗎？"}, {"comment_author": "jeff0025", "comment_date": ["04/18", "10:23"], "comment_content": "下一篇 偷襲珍珠港"}, {"comment_author": "ccs95209", "comment_date": ["04/18", "10:24"], "comment_content": "可能不會 中國差點變成日朝 可惜可惜"}, {"comment_author": "ahleina", "comment_date": ["04/18", "10:24"], "comment_content": "三十萬這個數字是編出來 宣傳用的"}, {"comment_author": "Israfil", "comment_date": ["04/18", "10:25"], "comment_content": "你對於ABCD包圍網的成因理解有誤 包圍網"}, {"comment_author": "motorolaz", "comment_date": ["04/18", "10:25"], "comment_content": "人數多兩個0以上"}, {"comment_author": "Israfil", "comment_date": ["04/18", "10:25"], "comment_content": "最關鍵的形成原因是日本在法國戰敗後直接"}, {"comment_author": "Israfil", "comment_date": ["04/18", "10:26"], "comment_content": "佔領法屬中南半島 加上在中南半島繼續擴"}, {"comment_author": "Forcast", "comment_date": ["04/18", "10:26"], "comment_content": "俄國不爽"}, {"comment_author": "Israfil", "comment_date": ["04/18", "10:26"], "comment_content": "建軍事基地和軍港 於是同盟國判斷此舉是"}, {"comment_author": "Israfil", "comment_date": ["04/18", "10:28"], "comment_content": "日本意圖繼續往東南亞擴張的跡象 南京屠"}, {"comment_author": "Israfil", "comment_date": ["04/18", "10:28"], "comment_content": "殺只有造成歐美各國對日本觀點變差 然而"}, {"comment_author": "Israfil", "comment_date": ["04/18", "10:29"], "comment_content": "這之後的2年內並無對日本侵略行為有明確"}, {"comment_author": "Israfil", "comment_date": ["04/18", "10:30"], "comment_content": "的抑止手段 當時仍然普遍認為中國戰場戰"}, {"comment_author": "Israfil", "comment_date": ["04/18", "10:31"], "comment_content": "局與歐陸局勢相比並不重要"}, {"comment_author": "cuteyuyu1130", "comment_date": ["04/18", "10:32"], "comment_content": "國際制裁跟南京大屠殺沒半毛錢關係"}, {"comment_author": "cuteyuyu1130", "comment_date": ["04/18", "10:32"], "comment_content": "，主要是察覺日本是真的想侵吞整個"}, {"comment_author": "cuteyuyu1130", "comment_date": ["04/18", "10:32"], "comment_content": "中國，嚴重侵犯列強的在華利益。"}, {"comment_author": "hihimen", "comment_date": ["04/18", "10:33"], "comment_content": "以色列現在也在搞屠殺，歐美也只是嘴一下"}, {"comment_author": "tn907915", "comment_date": ["04/18", "10:38"], "comment_content": "舔日皇民：南京大屠殺是虛構的"}, {"comment_author": "sixer", "comment_date": ["04/18", "10:44"], "comment_content": "沒有老美參戰 日本還不一定會輸"}, {"comment_author": "realmiddle", "comment_date": ["04/18", "11:16"], "comment_content": "要不要問太平天國屠城?"}, {"comment_author": "ntuegg", "comment_date": ["04/18", "11:33"], "comment_content": "你只是把歷史當說故事隨便連在一起而已"}, {"comment_author": "preisner", "comment_date": ["04/18", "11:59"], "comment_content": "會啊,戰敗原因是惹到美國啊,和中國沒關"}]}
