{"author": "s58565254 (猜囉)", "category": "Gossiping", "title": "[問卦] 有人看過熊熊歷險記嗎？", "date": "Fri Apr 12 13:18:42 2024", "content": ["熊熊歷險記感覺是一個有趣又刺激的冒險故事請問板上有沒有人看過有看過的人可以分享一下是怎麼樣的內容呢？", "--"], "post_comment": [{"comment_author": "kent", "comment_date": ["04/12", "13:18"], "comment_content": "看過打籃球"}, {"comment_author": "bill403777", "comment_date": ["04/12", "13:19"], "comment_content": "是誰在被我  那部嗎?"}, {"comment_author": "ralfeistein", "comment_date": ["04/12", "13:19"], "comment_content": "吃麵還是打籃球?"}, {"comment_author": "sali921", "comment_date": ["04/12", "13:19"], "comment_content": "熊熊耶"}, {"comment_author": "Roooz", "comment_date": ["04/12", "13:19"], "comment_content": "我知道打籃球啦"}, {"comment_author": "syntax123", "comment_date": ["04/12", "13:19"], "comment_content": "口活好"}, {"comment_author": "ginchen5566", "comment_date": ["04/12", "13:20"], "comment_content": ""}, {"comment_author": "linchen1121", "comment_date": ["04/12", "13:20"], "comment_content": "哪部？沒附圖"}, {"comment_author": "vowpool", "comment_date": ["04/12", "13:21"], "comment_content": "還有河邊玩水"}, {"comment_author": "wei1120", "comment_date": ["04/12", "13:28"], "comment_content": "一代蕭熊"}, {"comment_author": "Forcast", "comment_date": ["04/12", "13:35"], "comment_content": "打球"}, {"comment_author": "gigig31", "comment_date": ["04/12", "19:00"], "comment_content": "當年知道熊熊的最年輕都已經是30+叔叔阿"}]}
