{"author": "IchiKori176 (我愛櫃姐 櫃姐愛我)", "category": "Gossiping", "title": "[問卦] 為何日本漫畫都是三男一女", "date": "Thu Apr 18 19:41:49 2024", "content": ["多拉A夢 大雄 小夫 胖虎 靜香哈特利  健一 菸捲 哈特利 夢子齊天烈  英一 美美 冬冬 大猩猩灌籃高手 櫻木 赤木 流川 晴子柯南  柯南 光彥 元太 步美怎麼日本漫畫都是人物這套路設定?--張無忌叫道:殷六叔 我 我 時時 想念你殷梨亭雙目流淚:你是無忌 你是無忌孩兒 你是我五哥的孩兒張無忌--"], "post_comment": [{"comment_author": "railman", "comment_date": ["04/18", "19:42"], "comment_content": "4p"}, {"comment_author": "OPPAISuki", "comment_date": ["04/18", "19:42"], "comment_content": "也一堆後宮 一男多女的"}, {"comment_author": "hiphopmei", "comment_date": ["04/18", "19:42"], "comment_content": "前三部是同一個作者ㄅ=="}, {"comment_author": "OPPAISuki", "comment_date": ["04/18", "19:43"], "comment_content": "灰原 彩子呢"}, {"comment_author": "aa52189", "comment_date": ["04/18", "19:43"], "comment_content": "五樓一男三根"}, {"comment_author": "SaintSeven", "comment_date": ["04/18", "19:44"], "comment_content": "因為以前ㄉ8位元電動畫面超脫5人=閃頻"}, {"comment_author": "reCAPTCHA", "comment_date": ["04/18", "19:44"], "comment_content": "阿兩 中川 寺井 大原"}, {"comment_author": "alex00089", "comment_date": ["04/18", "19:44"], "comment_content": "兩兩一組"}, {"comment_author": "biss0220", "comment_date": ["04/18", "19:45"], "comment_content": "女角裡 灰原哀 小蘭 比較重要吧~"}, {"comment_author": "alex00089", "comment_date": ["04/18", "19:46"], "comment_content": "魯邦不二子次元五右衛門"}, {"comment_author": "reCAPTCHA", "comment_date": ["04/18", "19:48"], "comment_content": "小新 正南 阿呆 妮妮"}, {"comment_author": "cynthiajul", "comment_date": ["04/18", "19:50"], "comment_content": "幽遊白書跟獵人也是"}, {"comment_author": "memory1024", "comment_date": ["04/18", "19:52"], "comment_content": "你有3組是同一個作者，要不要打電話去"}, {"comment_author": "holsety", "comment_date": ["04/18", "19:52"], "comment_content": "因為不能全部都男的"}, {"comment_author": "memory1024", "comment_date": ["04/18", "19:52"], "comment_content": "問比較快"}, {"comment_author": "OPPAISuki", "comment_date": ["04/18", "19:54"], "comment_content": "也是有都男的漫畫 唯美 賣腐"}, {"comment_author": "t95912", "comment_date": ["04/18", "19:59"], "comment_content": "黃金組合阿"}, {"comment_author": "leeyeah", "comment_date": ["04/18", "20:02"], "comment_content": "咒術唯一清流 因為都死光了"}, {"comment_author": "sushi11", "comment_date": ["04/18", "20:04"], "comment_content": "主角明明是灰原"}, {"comment_author": "jim543000", "comment_date": ["04/18", "20:04"], "comment_content": "為什麼沒有毛利蘭跟灰原哀"}, {"comment_author": "jim543000", "comment_date": ["04/18", "20:05"], "comment_content": "偵探少年團裡面 元太才是該被刪除的"}, {"comment_author": "tgordoncheng", "comment_date": ["04/18", "20:08"], "comment_content": "萬綠叢中一點紅的模式 相當常見"}, {"comment_author": "tgordoncheng", "comment_date": ["04/18", "20:09"], "comment_content": "很少看到女多男少的作品 很神奇"}, {"comment_author": "tgordoncheng", "comment_date": ["04/18", "20:10"], "comment_content": "不然你看早期什麼戰隊 也是只有一位"}, {"comment_author": "tgordoncheng", "comment_date": ["04/18", "20:12"], "comment_content": "女角且通常代表粉紅色/愛 如YOYOMAN"}, {"comment_author": "capitalofz", "comment_date": ["04/18", "20:16"], "comment_content": "一根一穴"}, {"comment_author": "lifeful", "comment_date": ["04/18", "20:21"], "comment_content": "孫悟空 沙悟淨 豬八戒 唐三藏"}, {"comment_author": "jojojoruno", "comment_date": ["04/18", "20:32"], "comment_content": "劉備  關羽  張飛  貂蟬"}, {"comment_author": "zangetsu9006", "comment_date": ["04/18", "20:34"], "comment_content": "你可以看後宮動漫啊"}, {"comment_author": "errorr", "comment_date": ["04/18", "20:35"], "comment_content": "柯南你沒算灰原太糟了"}, {"comment_author": "reppoc", "comment_date": ["04/18", "20:37"], "comment_content": "不會看都是男的？"}, {"comment_author": "initialdark", "comment_date": ["04/18", "20:45"], "comment_content": "因為兩個女的 就會有很多圈圈產生"}, {"comment_author": "kiopl", "comment_date": ["04/18", "20:58"], "comment_content": "悟空 達爾 布瑪 亞奇洛貝"}, {"comment_author": "buslover", "comment_date": ["04/18", "21:03"], "comment_content": "因為女生可以同時被3個男人插啊"}, {"comment_author": "buslover", "comment_date": ["04/18", "21:03"], "comment_content": "第4個就沒得插 所以只有3個 嘻嘻"}, {"comment_author": "coffee112", "comment_date": ["04/18", "21:27"], "comment_content": "我的朋友很少 但後宮很多  表示 (誤"}, {"comment_author": "smallcar801", "comment_date": ["04/19", "04:36"], "comment_content": "灌籃高手太硬湊"}]}
