{"author": "kinve1014 (黑松可樂)", "category": "Gossiping", "title": "[問卦] 有人要一起睡公園了嗎？", "date": "Fri Apr 19 09:43:42 2024", "content": ["前幾天才看到一次跌六百點今天又看到一次台股484穩了漲300跌600韭菜何去何從今晚哪個公園蚊子比較少？--"], "post_comment": [{"comment_author": "bill403777", "comment_date": ["04/19", "09:44"], "comment_content": "新來的睡門口"}, {"comment_author": "ellcon", "comment_date": ["04/19", "09:45"], "comment_content": "還好我前幾天先佔位了"}, {"comment_author": "johnhmj", "comment_date": ["04/19", "09:47"], "comment_content": "睡在路邊"}, {"comment_author": "em4", "comment_date": ["04/19", "09:47"], "comment_content": "蚊帳買好了"}, {"comment_author": "xc2v", "comment_date": ["04/19", "09:57"], "comment_content": "物理打房 趕快去看房"}]}
