{"author": "kevin05233 (kk)", "category": "Gossiping", "title": "[問卦] 慶祝520政府不發現金嗎？！", "date": "Fri Apr 19 02:16:32 2024", "content": ["剛剛得到消息聖騎士說政府結餘有1500多億這是全民辛勞的成果可喜可賀！普天同慶1500億再發一次全民6000不好嗎？520這麼值得慶祝的日子這6000拿來補貼電費不為過吧是吧！--"], "post_comment": [{"comment_author": "justice2008", "comment_date": ["04/19", "02:18"], "comment_content": "這次發9000我就改投DPP"}, {"comment_author": "tmgl", "comment_date": ["04/19", "02:18"], "comment_content": "發錢也是從稅金來  還得扣手續成本自肥"}, {"comment_author": "webster1112", "comment_date": ["04/19", "02:19"], "comment_content": "買庫藏股 減債   XDDD"}, {"comment_author": "Dinenger", "comment_date": ["04/19", "02:20"], "comment_content": "發一次支持四年 再發一次只能支持8年了"}, {"comment_author": "p580ir190", "comment_date": ["04/19", "02:30"], "comment_content": "再提高稅金補回來"}, {"comment_author": "Dinenger", "comment_date": ["04/19", "02:32"], "comment_content": "反正我又不用繳稅"}, {"comment_author": "Sougetu", "comment_date": ["04/19", "02:42"], "comment_content": "塔綠班這麼摳，別想了好嗎"}, {"comment_author": "yiloca", "comment_date": ["04/19", "03:15"], "comment_content": "選完了 幹嘛發"}, {"comment_author": "jackycheny", "comment_date": ["04/19", "03:17"], "comment_content": "跟國家警報一樣啊，党又沒有要選舉"}, {"comment_author": "H23324216", "comment_date": ["04/19", "05:09"], "comment_content": "不發下次不投，漲價一堆還不發"}, {"comment_author": "justice2008", "comment_date": ["04/19", "05:42"], "comment_content": "稅金提高也痛不到我 我不是那前10%"}, {"comment_author": "justice2008", "comment_date": ["04/19", "05:43"], "comment_content": "寧可領均富財 嘻嘻"}, {"comment_author": "firose", "comment_date": ["04/19", "06:53"], "comment_content": "要發也是五月繳完稅才發"}, {"comment_author": "firose", "comment_date": ["04/19", "06:53"], "comment_content": "你連民進黨在幹麻都不知道"}, {"comment_author": "gzliu", "comment_date": ["04/19", "07:41"], "comment_content": "發金個屁！"}]}
