{"author": "isa0721 (Isa0721)", "category": "Gossiping", "title": "[問卦] 皮膚怎麼變白", "date": "Mon Apr 15 20:04:55 2024", "content": ["是這樣的啦小弟前年七月跟家人出去玩在屏東騎機車曬太陽 太陽超大超曬我塗防曬油還是跟黑碳炭一樣黑 阿沒塗到的部分破皮了所以啦 到今年已經過了九個月了阿肥都沒什麼出門努力的喝檸檬水跟防曬結果還是很黑尤其是我的臉所以阿 如題阿那些美白用品我買不起啦 我死窮人--", "我會死掉 不考慮", "大吃一驚 0.0", "哭了", "到底多黑我可以看嗎", "這樣很熱 你好厲害", "禁止自殺", "沒聽過美白錠欸！ 蘋果我會買！謝謝你的建議", "你怎麼那麼負面", "不要 嘻嘻", "謝謝妳的建議 ！", "沙小", "這個蠻困難的xd", "我就喜歡發廢文阿 好爽"], "post_comment": [{"comment_author": "theeht", "comment_date": ["04/15", "20:05"], "comment_content": "漂白水"}, {"comment_author": "s820912gmail", "comment_date": ["04/15", "20:05"], "comment_content": "吃驚"}, {"comment_author": "Sk8erBoi", "comment_date": ["04/15", "20:06"], "comment_content": "五樓肛門超黑的"}, {"comment_author": "ra9999", "comment_date": ["04/15", "20:06"], "comment_content": "哈哈哈，黑炭人"}, {"comment_author": "Sk8erBoi", "comment_date": ["04/15", "20:06"], "comment_content": "冒險蓋"}, {"comment_author": "hitomi47", "comment_date": ["04/15", "20:06"], "comment_content": "顏社"}, {"comment_author": "sleepyrat", "comment_date": ["04/15", "20:06"], "comment_content": "可以用嚇的"}, {"comment_author": "coffee112", "comment_date": ["04/15", "20:07"], "comment_content": "身體變很差很差很差 就會顯白了 真的"}, {"comment_author": "ao5566", "comment_date": ["04/15", "20:07"], "comment_content": "多喝水 洗澡洗臉促進皮膚代謝"}, {"comment_author": "cnns", "comment_date": ["04/15", "20:07"], "comment_content": "搽防曬穿外套戴手套全身包緊緊的 給你參考"}, {"comment_author": "linda17a3", "comment_date": ["04/15", "20:07"], "comment_content": "自殺重來"}, {"comment_author": "vV070413", "comment_date": ["04/15", "20:07"], "comment_content": "我是不太曬太陽、美白乳液、每天兩顆奇"}, {"comment_author": "vV070413", "comment_date": ["04/15", "20:07"], "comment_content": "異果或一蘋果、美白錠"}, {"comment_author": "Owen93", "comment_date": ["04/15", "20:07"], "comment_content": "往生ㄅ"}, {"comment_author": "derrick1220", "comment_date": ["04/15", "20:07"], "comment_content": "用洨敷臉"}, {"comment_author": "ashilol", "comment_date": ["04/15", "20:08"], "comment_content": "奇異果 嘔嘔嘔嘔"}, {"comment_author": "gem810611", "comment_date": ["04/15", "20:08"], "comment_content": "維他命C吃到飽"}, {"comment_author": "vV070413", "comment_date": ["04/15", "20:08"], "comment_content": "對了多吃大番茄、晚餐澱粉換紫薯"}, {"comment_author": "liviwa", "comment_date": ["04/15", "20:08"], "comment_content": "物理性防曬 戴口罩帽子長袖衣褲撐傘"}, {"comment_author": "renna038766", "comment_date": ["04/15", "20:08"], "comment_content": "黑人比較好！屌比較大"}, {"comment_author": "mikiworldpea", "comment_date": ["04/15", "20:08"], "comment_content": "一天喝2000cc水 每天吃芭樂"}, {"comment_author": "vV070413", "comment_date": ["04/15", "20:09"], "comment_content": "我這樣吃日本妹說我皮膚超白"}, {"comment_author": "vV070413", "comment_date": ["04/15", "20:09"], "comment_content": "對了少吃糖"}, {"comment_author": "Iakane", "comment_date": ["04/15", "20:10"], "comment_content": "芭樂 番茄 柳丁每天吃"}, {"comment_author": "isa0721", "comment_date": ["04/15", "20:10"], "comment_content": "沒有飲料好難過 不過我會戒 qq"}, {"comment_author": "kotorichan", "comment_date": ["04/15", "20:12"], "comment_content": "黑肉底齁"}, {"comment_author": "willism", "comment_date": ["04/15", "20:12"], "comment_content": "皮膚科掛號很貴嗎"}, {"comment_author": "vV070413", "comment_date": ["04/15", "20:13"], "comment_content": "糖容易讓皮膚變黃 雖然我也很愛吃XD"}, {"comment_author": "kichyo", "comment_date": ["04/15", "20:15"], "comment_content": "你本來是白的明年這個時候就白回來了"}, {"comment_author": "cynthiajul", "comment_date": ["04/15", "20:17"], "comment_content": "物理防曬、多喝水、多補充維他命C"}, {"comment_author": "tv5566", "comment_date": ["04/15", "20:17"], "comment_content": "黑人屌才大"}, {"comment_author": "isa0721", "comment_date": ["04/15", "20:17"], "comment_content": "謝謝你們的建議！！"}, {"comment_author": "thelittleone", "comment_date": ["04/15", "20:18"], "comment_content": "斷氣"}, {"comment_author": "nemuri61", "comment_date": ["04/15", "20:20"], "comment_content": "基因佔大多數"}, {"comment_author": "billybbb", "comment_date": ["04/15", "20:20"], "comment_content": "多吃深綠色蔬菜"}, {"comment_author": "leonidass", "comment_date": ["04/15", "20:21"], "comment_content": "基因"}, {"comment_author": "ggsize123", "comment_date": ["04/15", "20:24"], "comment_content": "精液敷臉"}, {"comment_author": "sallyna123", "comment_date": ["04/15", "20:24"], "comment_content": "問狗烘乾"}, {"comment_author": "niniikoski", "comment_date": ["04/15", "20:29"], "comment_content": "防曬一定要，吃維他命c 薏仁湯 番茄"}, {"comment_author": "niniikoski", "comment_date": ["04/15", "20:29"], "comment_content": " 擦杏仁酸當保養"}, {"comment_author": "udkki", "comment_date": ["04/15", "20:32"], "comment_content": "膚色不是天生的嗎"}, {"comment_author": "adon0313", "comment_date": ["04/15", "20:35"], "comment_content": "黑棘皮"}, {"comment_author": "aju0921", "comment_date": ["04/15", "20:36"], "comment_content": "來我房間 我教妳怎麼美白"}, {"comment_author": "kyw96", "comment_date": ["04/15", "20:40"], "comment_content": "把自己弄貧血"}, {"comment_author": "idxxxx", "comment_date": ["04/15", "20:43"], "comment_content": "早C晚A啊"}, {"comment_author": "RLAPH", "comment_date": ["04/15", "20:59"], "comment_content": "你是不是葉王旁邊那個"}, {"comment_author": "zuzuk", "comment_date": ["04/15", "21:02"], "comment_content": "吃維他命C"}, {"comment_author": "blueskyqoo", "comment_date": ["04/15", "21:16"], "comment_content": "去北極很難膩"}, {"comment_author": "blueskyqoo", "comment_date": ["04/15", "21:16"], "comment_content": "連黑熊都變白的了"}, {"comment_author": "Lowpapa", "comment_date": ["04/15", "21:40"], "comment_content": "泡水"}, {"comment_author": "emissary", "comment_date": ["04/15", "21:41"], "comment_content": "投胎當白人"}, {"comment_author": "Freeven", "comment_date": ["04/15", "21:48"], "comment_content": "早C晚A啊"}, {"comment_author": "oqangeloq", "comment_date": ["04/15", "23:40"], "comment_content": "本來是白的自然會回來吧"}, {"comment_author": "Ladyink", "comment_date": ["04/16", "03:18"], "comment_content": "吃芭樂"}, {"comment_author": "peterwww", "comment_date": ["04/16", "03:26"], "comment_content": "獻花獻燭供佛"}]}
