{"author": "duckosara ( 達可鴨 )", "category": "Gossiping", "title": "[問卦] 台女知道40歲後單身就是撿角嗎?", "date": "Mon Apr 15 07:41:24 2024", "content": ["哈哈是我啦 帥鴿鴨板上壞蛋八卦台男都騙老台女50醫師娘聽你在唬爛醫生們都娶很年輕又正的台女我高中同學在台大醫院上班時當時女友是38歲 同學有意結婚他爸媽都是醫生 有自己診所就說38太老了 不同意結婚後來只好分手  找新的年輕妹還有之前去日本玩遇到40歲醫生  娶22歲的正妹另外幾組都是醫生班對 女醫生年近38歲以上台女  只能當被撿角40歲台女真當醫生是白癡會選40歲的?--"], "post_comment": [{"comment_author": "railman", "comment_date": ["04/15", "07:41"], "comment_content": "其實過30就是了"}, {"comment_author": "gay7788", "comment_date": ["04/15", "07:42"], "comment_content": "還能做愛就好"}, {"comment_author": "t00012", "comment_date": ["04/15", "07:43"], "comment_content": "有舔狗送錢請吃飯繳帳單就夠了"}, {"comment_author": "tamama000", "comment_date": ["04/15", "07:43"], "comment_content": "30.."}, {"comment_author": "yokann", "comment_date": ["04/15", "07:44"], "comment_content": ""}, {"comment_author": "yokann", "comment_date": ["04/15", "07:45"], "comment_content": "你怎那麽氣啊^^"}, {"comment_author": "shauima", "comment_date": ["04/15", "07:45"], "comment_content": "不婚不生一堆游資，政府法喜，反正遊戲規"}, {"comment_author": "Fezico", "comment_date": ["04/15", "07:45"], "comment_content": "人家到60都還是女孩兒，懂？被屎幫洗腦"}, {"comment_author": "shauima", "comment_date": ["04/15", "07:45"], "comment_content": "則就是選上可撈4-8年"}, {"comment_author": "xsexyx", "comment_date": ["04/15", "07:52"], "comment_content": "去跟1.5博說啊"}, {"comment_author": "iphone55566", "comment_date": ["04/15", "07:55"], "comment_content": "單身求偶焦慮處男以為這樣喊喊會有用"}, {"comment_author": "iphone55566", "comment_date": ["04/15", "07:56"], "comment_content": "就算70歲 依舊是不會選你"}, {"comment_author": "divaxxxx", "comment_date": ["04/15", "07:57"], "comment_content": "你是不是沒一個女人喜歡你才有這種應激"}, {"comment_author": "divaxxxx", "comment_date": ["04/15", "07:57"], "comment_content": "現象"}, {"comment_author": "touchbird", "comment_date": ["04/15", "08:03"], "comment_content": "還有美國將軍 CIA局長 戰地醫生很多可"}, {"comment_author": "touchbird", "comment_date": ["04/15", "08:03"], "comment_content": "以選擇啊"}, {"comment_author": "abcdef4", "comment_date": ["04/15", "08:04"], "comment_content": "Duck不必"}, {"comment_author": "touchbird", "comment_date": ["04/15", "08:04"], "comment_content": "我朋友真的碰到一個 他的員工歐巴桑偷"}, {"comment_author": "touchbird", "comment_date": ["04/15", "08:04"], "comment_content": "錢借錢匯給國外老公"}, {"comment_author": "za755029", "comment_date": ["04/15", "08:11"], "comment_content": "發廢文比較撿角"}, {"comment_author": "hua0316", "comment_date": ["04/15", "08:21"], "comment_content": "你容忍度ㄏㄍㄠㄧㄝ"}, {"comment_author": "FLy60169", "comment_date": ["04/15", "09:36"], "comment_content": "知道"}]}
