{"author": "Omight (我來了)", "category": "Gossiping", "title": "[問卦] 周星馳算是「打架一直往痛點踩」嗎？", "date": "Tue Apr 16 17:14:59 2024", "content": ["如題在功夫裡面周星馳被火雲邪神打通任督二脈自此武功突飛猛進一招踩腳趾的用力之剛猛可以把人的腳趾踩進水泥地裡眾所周知被人踩成這樣肯定是很痛的周星馳打架算不算是一直往痛點踩啊？有卦？--"], "post_comment": [{"comment_author": "thegreatlcx", "comment_date": ["04/16", "17:15"], "comment_content": "五樓228公園打架一直被插屁眼"}, {"comment_author": "bill403777", "comment_date": ["04/16", "17:15"], "comment_content": "輕鬆蓋"}, {"comment_author": "zckater", "comment_date": ["04/16", "17:20"], "comment_content": "五樓228被狂插屁眼到痔瘡破了才是痛點"}, {"comment_author": "jasonyu1011", "comment_date": ["04/16", "17:26"], "comment_content": "冒險蓋"}, {"comment_author": "lucifiel1618", "comment_date": ["04/16", "17:26"], "comment_content": "踩腳趾真的有用嗎，怎麼從來沒見有"}, {"comment_author": "lucifiel1618", "comment_date": ["04/16", "17:26"], "comment_content": "人打架用這招= ="}, {"comment_author": "Hard1980", "comment_date": ["04/16", "17:33"], "comment_content": "這招MMA有人用阿"}, {"comment_author": "geneaven", "comment_date": ["04/16", "18:34"], "comment_content": "目標太小能踩到乾脆踢脛骨"}, {"comment_author": "xoyster", "comment_date": ["04/16", "18:36"], "comment_content": "這也一篇？  鋪陳也太長了唄"}]}
