{"author": "usnavyseal (usmarine2008)", "category": "Gossiping", "title": "[問卦] 小孩快速過斑馬線也算「故意撞車」嗎", "date": "Mon Apr 15 13:06:28 2024", "content": ["前一篇引起大家很多迴響，有人依舊堅持是用Ubike去撞汽車來看看這一篇「小孩快速過斑馬線被車撞 」", "媽媽感嘆提到「這幾天一直在反思，為什麼讓妤妹會遭遇如此劫難。不該讓她走路回家？ 不該教她過馬路要走斑馬線？", "這是當時的影片:", "放大版:", "來源:", "備註台灣就行人地獄啊 怎麼還一堆人在護航--", "04/15 13:06"], "post_comment": [{"comment_author": "lesnaree2", "comment_date": ["04/15", "13:08"], "comment_content": "車有錯 小孩也白目 就這樣"}, {"comment_author": "Scott850205", "comment_date": ["04/15", "13:08"], "comment_content": "死了再說"}, {"comment_author": "alwang", "comment_date": ["04/15", "13:08"], "comment_content": "對阿 為什麼故意砸車也一堆人護航"}, {"comment_author": "alwang", "comment_date": ["04/15", "13:09"], "comment_content": "台灣人真的是違法成性 覺得對方違規我就可"}, {"comment_author": "milk250", "comment_date": ["04/15", "13:09"], "comment_content": "行人用走的被說走那麼慢  行人用跑的被說"}, {"comment_author": "milk250", "comment_date": ["04/15", "13:09"], "comment_content": "跑那麼快想死  在不讓行人的垃圾駕駛眼裡"}, {"comment_author": "alwang", "comment_date": ["04/15", "13:09"], "comment_content": "以違法 不支持我違法就是護航違規"}, {"comment_author": "milk250", "comment_date": ["04/15", "13:09"], "comment_content": "自己都是對的永遠都是they的錯"}, {"comment_author": "kitty2000", "comment_date": ["04/15", "13:10"], "comment_content": "烏龜帝王快快走，交通順暢你和我"}, {"comment_author": "alwang", "comment_date": ["04/15", "13:10"], "comment_content": "車禍撞死人是刑事 撞爛車是民事不是很怪?"}, {"comment_author": "wifeishonoka", "comment_date": ["04/15", "13:10"], "comment_content": "有錄影畫面再說"}, {"comment_author": "lesnaree2", "comment_date": ["04/15", "13:10"], "comment_content": "車有錯是車的事 你要拿命去跟他拼 很"}, {"comment_author": "alwang", "comment_date": ["04/15", "13:10"], "comment_content": "都一樣是撞爛 為什麼處罰不一樣?"}, {"comment_author": "lesnaree2", "comment_date": ["04/15", "13:10"], "comment_content": "屌沒錯"}, {"comment_author": "wifeishonoka", "comment_date": ["04/15", "13:11"], "comment_content": "看到畫面了 拍謝 補等等補推"}, {"comment_author": "alwang", "comment_date": ["04/15", "13:11"], "comment_content": "最奇怪的是 發文帶風向誤導還很多人支持唷"}, {"comment_author": "lpbrother", "comment_date": ["04/15", "13:12"], "comment_content": "應該強制汽車加保第三責任險"}, {"comment_author": "alwang", "comment_date": ["04/15", "13:12"], "comment_content": "低能你檢討造謠  你就是支持汽車違規"}, {"comment_author": "wifeishonoka", "comment_date": ["04/15", "13:13"], "comment_content": "補推"}, {"comment_author": "wifeishonoka", "comment_date": ["04/15", "13:15"], "comment_content": "不過小孩看到車幹嘛加速"}, {"comment_author": "donation12", "comment_date": ["04/15", "13:17"], "comment_content": "推，想看討論串檢討被害人有多少人"}, {"comment_author": "saiboos", "comment_date": ["04/15", "13:18"], "comment_content": "帝王自己要閃啊"}, {"comment_author": "acs81046", "comment_date": ["04/15", "13:19"], "comment_content": "不用看直接跑很棒"}, {"comment_author": "PinScanner11", "comment_date": ["04/15", "13:21"], "comment_content": ""}, {"comment_author": "dm03", "comment_date": ["04/15", "13:30"], "comment_content": "看完推文就知道現在大多數人的交通心態還是"}, {"comment_author": "dm03", "comment_date": ["04/15", "13:30"], "comment_content": "有問題"}, {"comment_author": "Chen7", "comment_date": ["04/15", "13:32"], "comment_content": "太年輕 不知道台灣駕駛，除非車子慢下來或"}, {"comment_author": "Chen7", "comment_date": ["04/15", "13:32"], "comment_content": "完全停止我當真不敢走"}, {"comment_author": "JAY711230", "comment_date": ["04/15", "13:45"], "comment_content": "沒有減速讓的智障駕駛就是畜牲啦"}, {"comment_author": "ra88872", "comment_date": ["04/15", "14:06"], "comment_content": "車就大爺心態不願停斑馬線啊！小孩的話，"}, {"comment_author": "ra88872", "comment_date": ["04/15", "14:06"], "comment_content": "要說錯嗎？只能說對台灣車大爺了解太少，"}, {"comment_author": "ra88872", "comment_date": ["04/15", "14:06"], "comment_content": "多幾次就知道了。"}, {"comment_author": "George72", "comment_date": ["04/15", "14:16"], "comment_content": "一堆垃圾鄉民繼續檢討行人:)"}, {"comment_author": "hicjgogogo", "comment_date": ["04/15", "14:24"], "comment_content": "都是大人的錯"}, {"comment_author": "whywhywhy", "comment_date": ["04/15", "14:32"], "comment_content": "汽車沒停是一個問題 但真的不要突然在"}, {"comment_author": "whywhywhy", "comment_date": ["04/15", "14:32"], "comment_content": "斑馬線加速狂奔 真的很危險 頂多快走就"}, {"comment_author": "whywhywhy", "comment_date": ["04/15", "14:33"], "comment_content": "好了"}, {"comment_author": "George72", "comment_date": ["04/15", "14:40"], "comment_content": "垃圾汽車駕駛繼續檢討行人拉"}, {"comment_author": "hohostay", "comment_date": ["04/15", "14:42"], "comment_content": "不看車不看路，快或慢都一樣啦"}, {"comment_author": "mysmalllamb", "comment_date": ["04/15", "14:43"], "comment_content": "台灣行人照正常速度過斑馬線，都會被"}, {"comment_author": "mysmalllamb", "comment_date": ["04/15", "14:43"], "comment_content": "認為太慢、給別人造成不便，因此很多"}, {"comment_author": "mysmalllamb", "comment_date": ["04/15", "14:43"], "comment_content": "自我審查的大人與老人都會很識相地"}, {"comment_author": "mysmalllamb", "comment_date": ["04/15", "14:44"], "comment_content": "快走甚至快跑，小孩學起來了也認為這"}, {"comment_author": "mysmalllamb", "comment_date": ["04/15", "14:44"], "comment_content": "才是明哲保身，殊不知這只是讓本來"}, {"comment_author": "mysmalllamb", "comment_date": ["04/15", "14:44"], "comment_content": "局勢掌控已不容易的斑馬線上更添意外"}, {"comment_author": "mysmalllamb", "comment_date": ["04/15", "14:44"], "comment_content": "變數。真正正解還是「行人專用時相」"}, {"comment_author": "mysmalllamb", "comment_date": ["04/15", "14:44"], "comment_content": "，直接杜絕人車爭道的機會，但可想"}, {"comment_author": "mysmalllamb", "comment_date": ["04/15", "14:44"], "comment_content": "而知一定也有人反對。"}, {"comment_author": "beautydots", "comment_date": ["04/15", "14:49"], "comment_content": "24F表格好寫實…"}, {"comment_author": "angelology", "comment_date": ["04/15", "15:50"], "comment_content": "推"}, {"comment_author": "sindy520", "comment_date": ["04/15", "16:07"], "comment_content": "在台灣真的就是要行人專用時相啦！綠燈"}, {"comment_author": "sindy520", "comment_date": ["04/15", "16:07"], "comment_content": "時無論左轉或右轉，老是一堆不打燈號不"}, {"comment_author": "sindy520", "comment_date": ["04/15", "16:07"], "comment_content": "看路人逕自加速的車輛跟機車"}, {"comment_author": "new71050", "comment_date": ["04/15", "17:10"], "comment_content": "鬼島島民護航垃圾合理"}, {"comment_author": "vvrr", "comment_date": ["04/16", "11:10"], "comment_content": ""}, {"comment_author": "vvrr", "comment_date": ["04/16", "11:10"], "comment_content": "看起來其實是人去撞汽車側面"}, {"comment_author": "wowohoh", "comment_date": ["04/16", "11:19"], "comment_content": "這就是車的錯啊"}, {"comment_author": "jay0215", "comment_date": ["04/16", "12:26"], "comment_content": "那手指是怎麼折的好厲害～"}]}
