{"author": "zxc0312 (11)", "category": "Gossiping", "title": "[問卦] 加入烏軍 死在戰場上的台灣人 怎麼辦？", "date": "Wed Apr 17 23:21:44 2024", "content": ["去年抗俄神劇上演一堆外國人紛紛報名跑去烏克蘭前線抗俄新聞媒體吹得像勇士聽說台灣人有好幾個都戰死死在烏克蘭如今 烏克蘭戰線崩潰 變成國際孤兒我就問兩年前去當烏克蘭兵的台灣人評價是什麼？--"], "post_comment": [{"comment_author": "motorolaz", "comment_date": ["04/17", "23:23"], "comment_content": "自找的"}, {"comment_author": "ch333", "comment_date": ["04/17", "23:24"], "comment_content": "安家費不知道幾份"}, {"comment_author": "ilove640", "comment_date": ["04/17", "23:25"], "comment_content": "求仁得仁"}, {"comment_author": "KAWABONGGA", "comment_date": ["04/17", "23:25"], "comment_content": "在批踢踢我會說死的其所，在現實我會"}, {"comment_author": "KAWABONGGA", "comment_date": ["04/17", "23:25"], "comment_content": "大聲跟他敬禮"}, {"comment_author": "aa0845", "comment_date": ["04/17", "23:25"], "comment_content": "只要報你失蹤 一毛都不用給"}, {"comment_author": "ryan0222", "comment_date": ["04/17", "23:26"], "comment_content": "現在戰事吃緊,這些人還不快點回去幫忙"}, {"comment_author": "lastphil", "comment_date": ["04/17", "23:26"], "comment_content": "花式白給 誰攔得住"}, {"comment_author": "Jmrkf0726", "comment_date": ["04/17", "23:26"], "comment_content": "22年加入烏軍"}, {"comment_author": "jeff45", "comment_date": ["04/17", "23:28"], "comment_content": "還是戰士跟勇士 總之不是懦夫"}, {"comment_author": "tetani", "comment_date": ["04/17", "23:29"], "comment_content": "拿到一張證明是烏克蘭英雄的紙"}, {"comment_author": "polestar0505", "comment_date": ["04/17", "23:30"], "comment_content": "好像有人喊我們都是XX人 然後神隱"}, {"comment_author": "qazwsx741", "comment_date": ["04/17", "23:32"], "comment_content": "四十趴腦殘"}, {"comment_author": "gx8759121", "comment_date": ["04/17", "23:35"], "comment_content": "屌打鍵盤軍"}, {"comment_author": "plmk41", "comment_date": ["04/17", "23:38"], "comment_content": "被民進黨洗腦洗去烏克蘭送頭"}, {"comment_author": "ahw12000", "comment_date": ["04/17", "23:44"], "comment_content": "只記得曾聖光"}, {"comment_author": "darkholy", "comment_date": ["04/17", "23:44"], "comment_content": "被民進黨洗腦真慘"}, {"comment_author": "rustic5566", "comment_date": ["04/17", "23:46"], "comment_content": "還是黑熊部隊聰明 留在台灣上網路課程"}, {"comment_author": "G12134", "comment_date": ["04/17", "23:49"], "comment_content": "他誰？ 不記得了"}, {"comment_author": "feijai", "comment_date": ["04/17", "23:55"], "comment_content": "誰 有我們黑熊戰士厲害嗎"}, {"comment_author": "mrwall", "comment_date": ["04/18", "00:24"], "comment_content": "自願去前線打仗還怕死啊"}, {"comment_author": "ggttoo", "comment_date": ["04/18", "00:30"], "comment_content": "反觀那個喊我們是烏克蘭人的還在躲"}, {"comment_author": "wsdykssj", "comment_date": ["04/18", "01:53"], "comment_content": "想打仗想到腦袋壞掉的這樣也好"}, {"comment_author": "k011511", "comment_date": ["04/18", "04:00"], "comment_content": "XD"}, {"comment_author": "pal4luv", "comment_date": ["04/18", "17:57"], "comment_content": "那個應該是大內軒假的参軍，照片是p圖的"}]}
