{"author": "staxsrm (薏仁茶)", "category": "Gossiping", "title": "[問卦] Shake Shack跟In-N-Out哪個來台灣會大賣?", "date": "Fri Apr 12 08:43:49 2024", "content": ["如標題目前兩間都沒有分店之前本肥去東京有看到Shake Shack其實價位還算是很合理只是當時沒有很餓就沒吃了不過聽說In-N-Out更便宜很好吃(?)更道地就以漢堡來說哪個才是美式漢堡王者呢有沒有台灣還缺哪個漢堡連鎖店的八卦--"], "post_comment": [{"comment_author": "cs09312", "comment_date": ["04/12", "08:44"], "comment_content": "來台灣到最後都會變爛"}, {"comment_author": "kkes50717", "comment_date": ["04/12", "08:44"], "comment_content": "In n out 呀"}, {"comment_author": "SethBeer", "comment_date": ["04/12", "08:44"], "comment_content": "好市多牛肉漢堡買回去自己煎"}, {"comment_author": "ePaper", "comment_date": ["04/12", "08:44"], "comment_content": "INO"}, {"comment_author": "hahamay", "comment_date": ["04/12", "08:44"], "comment_content": "都大賣吧店不要開太多就好飢餓行銷"}, {"comment_author": "clotilde", "comment_date": ["04/12", "08:45"], "comment_content": "台商引進到最後都會被搞爛"}, {"comment_author": "AustinRivers", "comment_date": ["04/12", "08:45"], "comment_content": "都會賣翻"}, {"comment_author": "answermangtr", "comment_date": ["04/12", "08:45"], "comment_content": "Shack 好吃多了 inout 簡單粗暴"}, {"comment_author": "clm6688", "comment_date": ["04/12", "08:52"], "comment_content": "In-n-out 真的好吃"}, {"comment_author": "bbcer", "comment_date": ["04/12", "08:53"], "comment_content": "看價位,台灣人很重視CP值,太貴嘗鮮一次就好"}, {"comment_author": "pigking75", "comment_date": ["04/12", "08:54"], "comment_content": "Five guys"}, {"comment_author": "syntax123", "comment_date": ["04/12", "08:57"], "comment_content": "animal style"}, {"comment_author": "echochrome", "comment_date": ["04/12", "08:59"], "comment_content": "Five guys 好吃到變迷因"}, {"comment_author": "spplkkptt", "comment_date": ["04/12", "09:00"], "comment_content": "都會"}, {"comment_author": "kidney0616", "comment_date": ["04/12", "09:03"], "comment_content": "看價位 因為台灣人收入真的很低"}, {"comment_author": "iPolo3", "comment_date": ["04/12", "09:10"], "comment_content": "溫蒂"}, {"comment_author": "kiddcat", "comment_date": ["04/12", "09:21"], "comment_content": "進出 其實差不多啦"}, {"comment_author": "lamune", "comment_date": ["04/12", "09:35"], "comment_content": "Shake Shack不知道為啥受推崇…"}, {"comment_author": "lamune", "comment_date": ["04/12", "09:36"], "comment_content": "溫蒂才是最好吃的 但是來台灣也是倒了"}, {"comment_author": "SuGK", "comment_date": ["04/12", "09:46"], "comment_content": "Eggslut"}, {"comment_author": "k85564", "comment_date": ["04/12", "09:52"], "comment_content": "shake合理喔？ 好吧"}, {"comment_author": "asshead", "comment_date": ["04/12", "09:53"], "comment_content": "shake在韓國日本各吃一次，還是不懂好吃"}, {"comment_author": "asshead", "comment_date": ["04/12", "09:53"], "comment_content": "在哪"}, {"comment_author": "yanzistart", "comment_date": ["04/12", "10:14"], "comment_content": "你是不是不知道in-n-out來快閃過"}, {"comment_author": "ImInvincible", "comment_date": ["04/12", "10:30"], "comment_content": "給我DQ"}, {"comment_author": "fatfatjohn", "comment_date": ["04/12", "10:33"], "comment_content": "在日本吃倒是覺得shack比溫蒂好吃"}, {"comment_author": "survivalteru", "comment_date": ["04/12", "10:56"], "comment_content": "比較訝異inout蠻多高薪運動員愛吃"}, {"comment_author": "keita2277", "comment_date": ["04/12", "11:11"], "comment_content": "五漢子最推"}, {"comment_author": "hydralee", "comment_date": ["04/12", "11:37"], "comment_content": "In n out 來快閃結果配洋芋片 是要怎樣"}, {"comment_author": "color1355", "comment_date": ["04/12", "12:43"], "comment_content": "Five guys"}, {"comment_author": "tenka92417", "comment_date": ["04/12", "12:47"], "comment_content": "animal style"}]}
