{"author": "TigerDick (台科屌)", "category": "Gossiping", "title": "[問卦] 敢不敢老實說你的年齡跟資產有多少？", "date": "Thu Apr 18 22:22:50 2024", "content": ["我先說 我31資產只有1000萬左右算是靠爸媽讀完台灣的國立大學 研究所靠自己賺還沒買房基本上有部分未實現獲利大概有200萬(股票)週遭很多朋友都之前就買房了感覺資產早就千萬以上相較之下我就感覺魯蛇一個不知道八卦各位的狀況如何大家老實說說看吧讓八卦誠實一次--", "買房的關係嗎", "買C300的關係嘛", "18歲8000可以啦 反正也沒花啥錢", "靠 有夠多 可以幹一堆學妹了", "支持度最高的 你敢嘴", "窮鬼才想搭捷運 出門打車 或是聘司機就好了", "41 2500應該勉強及格啦", "真的 有得靠豪爽 羨慕"], "post_comment": [{"comment_author": "kent", "comment_date": ["04/18", "22:23"], "comment_content": "只有負債沒資產"}, {"comment_author": "k385476916", "comment_date": ["04/18", "22:23"], "comment_content": "我18歲 負債200萬"}, {"comment_author": "james732", "comment_date": ["04/18", "22:23"], "comment_content": "我18歲，存款還有八千"}, {"comment_author": "lagi5487", "comment_date": ["04/18", "22:24"], "comment_content": "我18歲一個禮拜零用錢2000"}, {"comment_author": "Alphaz", "comment_date": ["04/18", "22:24"], "comment_content": "67歲 1.5個博士 資產6000萬 13筆土地"}, {"comment_author": "Owen93", "comment_date": ["04/18", "22:25"], "comment_content": "200億吧 下個月想買座捷運站 開車太塞"}, {"comment_author": "kamitengo", "comment_date": ["04/18", "22:27"], "comment_content": "41廢廢的2500w"}, {"comment_author": "mark720910", "comment_date": ["04/18", "22:28"], "comment_content": "3億以上 不到40歲 我靠爸的"}, {"comment_author": "mark720910", "comment_date": ["04/18", "22:28"], "comment_content": "有爸靠就是實力"}, {"comment_author": "ladygaga168", "comment_date": ["04/18", "22:31"], "comment_content": "「干我屁事」"}, {"comment_author": "ladygaga168", "comment_date": ["04/18", "22:31"], "comment_content": ""}, {"comment_author": "GenesisXD", "comment_date": ["04/18", "22:31"], "comment_content": "37歲 大概1億吧 5房 我靠爸仔 魯空吃屎"}, {"comment_author": "druu", "comment_date": ["04/18", "22:34"], "comment_content": "這裡可是八卦板 我老實說你就會老"}, {"comment_author": "druu", "comment_date": ["04/18", "22:34"], "comment_content": "實地相信嗎"}, {"comment_author": "mark720910", "comment_date": ["04/18", "22:35"], "comment_content": "= =台灣就是靠爸才能過得爽"}, {"comment_author": "mark720910", "comment_date": ["04/18", "22:36"], "comment_content": "台灣沒法靠政府 因為是低端爛國"}, {"comment_author": "mark720910", "comment_date": ["04/18", "22:36"], "comment_content": "新加坡靠爸過得爽 靠政府也過得爽"}, {"comment_author": "mark720910", "comment_date": ["04/18", "22:37"], "comment_content": "如果你是台灣人 你又過得爽 至少你要"}, {"comment_author": "mark720910", "comment_date": ["04/18", "22:37"], "comment_content": "能分清楚讓你爽的源頭"}, {"comment_author": "mark720910", "comment_date": ["04/18", "22:37"], "comment_content": "讓我爽的是我家族 不是台灣這個鳥國"}, {"comment_author": "mark720910", "comment_date": ["04/18", "22:39"], "comment_content": "既然是自己家族讓自己爽 就沒必要整天"}, {"comment_author": "mark720910", "comment_date": ["04/18", "22:39"], "comment_content": "膜拜台灣了"}, {"comment_author": "mark720910", "comment_date": ["04/18", "22:40"], "comment_content": "大谷翔平 也不會整天膜拜天使糞隊"}, {"comment_author": "flyslider", "comment_date": ["04/18", "22:42"], "comment_content": "碩畢當兵25 31歲就存1000萬 你開公司"}, {"comment_author": "flyslider", "comment_date": ["04/18", "22:42"], "comment_content": "？"}, {"comment_author": "flyslider", "comment_date": ["04/18", "22:43"], "comment_content": "還是你這幾年去ic 爽領分紅"}, {"comment_author": "nicholassys", "comment_date": ["04/18", "22:57"], "comment_content": "好爽 都比我富"}, {"comment_author": "mk203125", "comment_date": ["04/18", "22:58"], "comment_content": "31歲 負債2000+Y"}, {"comment_author": "gswang", "comment_date": ["04/18", "23:21"], "comment_content": "正常都負債吧"}, {"comment_author": "wcpsgb", "comment_date": ["04/19", "00:10"], "comment_content": "36 存款0 以後會繼承3棟房子跟幾筆土地"}]}
