{"author": "bttnec (123)", "category": "Gossiping", "title": "[問卦] 手機關機期間 簡訊會被吃掉嗎？", "date": "Tue Apr 16 11:11:19 2024", "content": ["手機關機期間 簡訊會被吃掉嗎？我說的是傳統簡訊 sms這種有保留期限嗎？如果手機一直關機的話--"], "post_comment": [{"comment_author": "koromo1991", "comment_date": ["04/16", "11:11"], "comment_content": "五樓懶教被吃掉了"}, {"comment_author": "belucky", "comment_date": ["04/16", "11:12"], "comment_content": "小精靈肚子餓時會吃"}, {"comment_author": "jjooee1428", "comment_date": ["04/16", "11:13"], "comment_content": "樓下跟男友肛交時會戴套嗎?"}, {"comment_author": "fly0204", "comment_date": ["04/16", "11:14"], "comment_content": "好像是二天內要收 不然會被系統吃掉"}, {"comment_author": "xuein", "comment_date": ["04/16", "11:17"], "comment_content": ""}, {"comment_author": "xuein", "comment_date": ["04/16", "11:18"], "comment_content": "24小時內都可以收到！"}]}
