{"author": "s820912gmail (愛黨替代役覺青)", "category": "Gossiping", "title": "[問卦] 公司馬桶的馬桶蓋壞了該怎麼辦？", "date": "Mon Apr 15 15:25:18 2024", "content": ["剛剛去公司廁所當薪水小偷去習慣的隔間噗噗一如往常的擦乾淨坐上去結果馬桶蓋滑一下媽的嚇到一邊壞了也不可能是我坐壞了啊要不要回報上層看有沒有機會換一個高級的有卦嗎--"], "post_comment": [{"comment_author": "szszszf", "comment_date": ["04/15", "15:25"], "comment_content": "太肥"}, {"comment_author": "daicloud", "comment_date": ["04/15", "15:26"], "comment_content": "才多少錢"}, {"comment_author": "hatephubbing", "comment_date": ["04/15", "15:26"], "comment_content": "問馬"}, {"comment_author": "ProE", "comment_date": ["04/15", "15:28"], "comment_content": "馬蓋掀：帥啊～老皮！"}, {"comment_author": "waa006", "comment_date": ["04/15", "15:30"], "comment_content": "好大的屁股"}, {"comment_author": "Forcast", "comment_date": ["04/15", "15:31"], "comment_content": "馬桶蓋被坐壞"}, {"comment_author": "GLUESTICK", "comment_date": ["04/15", "15:37"], "comment_content": "快去小北買個新的"}, {"comment_author": "takamiku", "comment_date": ["04/15", "16:15"], "comment_content": "在外面唱劉德華馬桶抒發一下"}, {"comment_author": "adamyang2000", "comment_date": ["04/15", "17:15"], "comment_content": "半蹲"}, {"comment_author": "adamyang2000", "comment_date": ["04/15", "17:16"], "comment_content": "墊磚頭"}]}
