{"author": "llgod (Wryyyyyyyy)", "category": "Gossiping", "title": "[問卦] 世運週末又是那一團要來啦？", "date": "Fri Apr 12 11:47:03 2024", "content": ["就是說啊暖市社畜住附近啦這幾天晚上預演動茲動茲害我以為鄰居用震樓神器週末一堆人擠在世運用網路，害我打鐵拳連線lag吃個飯還要繞路閃開聽演唱會違停的有沒有動茲動茲的掛？", "--Sent From My Finger", "--"], "post_comment": [{"comment_author": "showdoggy", "comment_date": ["04/12", "11:47"], "comment_content": "幹 被卯咪嚇到=="}, {"comment_author": "preisner", "comment_date": ["04/12", "11:47"], "comment_content": "五樓都在228動茲動茲"}, {"comment_author": "cutesoda", "comment_date": ["04/12", "11:48"], "comment_content": "很多團 頒獎典禮"}, {"comment_author": "kent", "comment_date": ["04/12", "11:48"], "comment_content": "蓋"}, {"comment_author": "tchialen", "comment_date": ["04/12", "11:51"], "comment_content": ""}, {"comment_author": "llgod", "comment_date": ["04/12", "12:20"], "comment_content": "兩天連外送都沒辦法叫，可憐啊"}]}
