{"author": "Aniki5566 (阿武56)", "category": "Gossiping", "title": "[問卦] 台灣有什麼能做不能說的？", "date": "Fri Apr 12 13:46:07 2024", "content": ["俗話說得好燈不點不亮 話不說不明但是在台灣有很多話是只能做不能說的例如 台獨、想幹未成年那麼還有什麼話是只能做不能說的嗎我想先記起來 以免以後社死--"], "post_comment": [{"comment_author": "syntax123", "comment_date": ["04/12", "13:46"], "comment_content": ""}, {"comment_author": "a3221715", "comment_date": ["04/12", "13:46"], "comment_content": "台獨是可以說不能做 舉例錯誤"}, {"comment_author": "iPolo3", "comment_date": ["04/12", "13:46"], "comment_content": "幹人妻"}, {"comment_author": "LoveMakeLove", "comment_date": ["04/12", "13:47"], "comment_content": "愛"}, {"comment_author": "felixden", "comment_date": ["04/12", "13:47"], "comment_content": "5樓愛滋甲"}, {"comment_author": "karkkunt", "comment_date": ["04/12", "13:47"], "comment_content": "比較好奇有不能想、不能說、能做的嗎？"}, {"comment_author": "derrick1220", "comment_date": ["04/12", "13:47"], "comment_content": "當幼稚園老師"}, {"comment_author": "preisner", "comment_date": ["04/12", "13:47"], "comment_content": "五樓真的誠實  嘔嘔嘔嘔嘔"}, {"comment_author": "a3221715", "comment_date": ["04/12", "13:48"], "comment_content": "五樓真他媽噁"}, {"comment_author": "paul0407", "comment_date": ["04/12", "13:49"], "comment_content": "不帶套的環保戰士"}, {"comment_author": "felixden", "comment_date": ["04/12", "13:49"], "comment_content": "5樓還有女友"}, {"comment_author": "Winston13840", "comment_date": ["04/12", "13:50"], "comment_content": "幹 五樓他媽的毒甲== 嘔嘔嘔嘔嘔嘔"}, {"comment_author": "Winston13840", "comment_date": ["04/12", "13:50"], "comment_content": "嘔"}]}
