{"author": "Avandia ()", "category": "Gossiping", "title": "[問卦] 美國不出兵  其他國家擋得住中俄嗎?", "date": "Tue Apr 16 11:50:50 2024", "content": ["目前看來越來越有 ww3 的味道了但美國老大哥看起來明顯不想介入各方區域衝突假設美國死不肯出兵 或者只是派一些無人機部隊或空軍虛應故事從歐洲線來看 烏克蘭被拿下後北約擋得住東邊俄羅斯的攻擊嗎亞洲太平洋第一島鏈 如果沒有美國大哥支援光靠日本守得住中國強大的海軍部隊嗎?中東以色列雖然裝備精良 但國土面積實在太小完全沒有戰略縱深 如果被中東幾個國家卯起來射飛彈就算再強的防空也有被打爛的一天搞了老半天各懷鬼胎的民主陣營 會不會被 中俄 團結好夥伴一波桶穿阿???--"], "post_comment": [{"comment_author": "gx8759121", "comment_date": ["04/16", "11:51"], "comment_content": "4，先買塔位"}, {"comment_author": "ILoveKMT", "comment_date": ["04/16", "11:51"], "comment_content": "去問阿富汗美軍啊"}, {"comment_author": "NocturneBoy", "comment_date": ["04/16", "11:52"], "comment_content": "美國人為啥要讓他們的人民死 台灣"}, {"comment_author": "NocturneBoy", "comment_date": ["04/16", "11:52"], "comment_content": "人也沒人想為香港人死啊"}, {"comment_author": "flavorBZ", "comment_date": ["04/16", "11:52"], "comment_content": "擋不住"}, {"comment_author": "hkcdc", "comment_date": ["04/16", "11:52"], "comment_content": "俄羅斯好像只有反擊烏克蘭"}, {"comment_author": "kasim15", "comment_date": ["04/16", "11:53"], "comment_content": "想太多 死的只有中東台灣烏克蘭"}, {"comment_author": "Aliensoul", "comment_date": ["04/16", "11:54"], "comment_content": "北約在烏克蘭大獲全勝欸"}, {"comment_author": "kinki5566", "comment_date": ["04/16", "11:54"], "comment_content": "沒有美國 日本根本不可能跟中國打"}, {"comment_author": "sleepyrat", "comment_date": ["04/16", "11:54"], "comment_content": "為什麼要擋??"}, {"comment_author": "apeople", "comment_date": ["04/16", "11:55"], "comment_content": "美利堅一戰二戰都是撿尾刀，沒有一開始"}, {"comment_author": "apeople", "comment_date": ["04/16", "11:55"], "comment_content": "打"}, {"comment_author": "chosenone", "comment_date": ["04/16", "11:57"], "comment_content": "現在時代不同了，核武器和彈道飛彈讓大"}, {"comment_author": "chosenone", "comment_date": ["04/16", "11:57"], "comment_content": "國的後方也會被打到，所以大國間開戰的"}, {"comment_author": "chosenone", "comment_date": ["04/16", "11:58"], "comment_content": "考慮因素太多了，沒那麼容易打起來，"}, {"comment_author": "chosenone", "comment_date": ["04/16", "11:58"], "comment_content": "頂多打打代理人戰爭或是支援各式武器。"}, {"comment_author": "chunfo", "comment_date": ["04/16", "11:59"], "comment_content": "中東人那麼瘋應該可以"}, {"comment_author": "keyj", "comment_date": ["04/16", "12:04"], "comment_content": "關心不介入"}, {"comment_author": "bole", "comment_date": ["04/16", "12:07"], "comment_content": "那些戰爭的背後都有美國引起的因素存在"}, {"comment_author": "chiangww", "comment_date": ["04/16", "12:15"], "comment_content": "美國是中立主義，除非被笨蛋打了"}, {"comment_author": "super10000", "comment_date": ["04/16", "12:17"], "comment_content": "直接開戰不是不可能，但是不會總體戰"}, {"comment_author": "super10000", "comment_date": ["04/16", "12:17"], "comment_content": "姑息主義都冷戰前的東西了樓上"}, {"comment_author": "mitntu", "comment_date": ["04/16", "12:22"], "comment_content": "共產主義最終會一統江山"}, {"comment_author": "sleepyrat", "comment_date": ["04/16", "13:01"], "comment_content": "台灣都好男，好男不當兵，相信習近平。"}, {"comment_author": "ironaxe", "comment_date": ["04/16", "14:18"], "comment_content": "庫頁島,伯力,海參崴,海蘭泡,誰心懷鬼胎?"}, {"comment_author": "ironaxe", "comment_date": ["04/16", "14:22"], "comment_content": "東德,蘇聯,歐洲華約,共產一路崩,統一啥?"}, {"comment_author": "tenka92417", "comment_date": ["04/16", "14:26"], "comment_content": "老美現在對上中、俄，雙方都沒有必勝"}, {"comment_author": "tenka92417", "comment_date": ["04/16", "14:26"], "comment_content": "的把握"}, {"comment_author": "ironaxe", "comment_date": ["04/16", "14:27"], "comment_content": "北韓咋窮的?越南咋富的?腦進水吆喝共產?"}]}
