{"author": "cherryiami (玫瑰色的妳)", "category": "Gossiping", "title": "[問卦] 慟！室溫31度了", "date": "Mon Apr 15 14:45:44 2024", "content": ["慟現在才4月中室溫就31度了該如何4好我還不是住西曬和頂加ㄟ貓貓都躺在地板磁磚上不會動了該怎咪辦!!!!!!!!", "-----Sent from JPTT on my iPhone--"], "post_comment": [{"comment_author": "Waitaha", "comment_date": ["04/15", "14:46"], "comment_content": "冷氣16度無感"}, {"comment_author": "bill403777", "comment_date": ["04/15", "14:46"], "comment_content": "我這邊16度耶 涼涼的很舒服"}, {"comment_author": "syntax123", "comment_date": ["04/15", "14:47"], "comment_content": ""}, {"comment_author": "vowpool", "comment_date": ["04/15", "14:47"], "comment_content": "貓貓RIP"}, {"comment_author": "C13H16ClNO", "comment_date": ["04/15", "14:48"], "comment_content": "喜迎今夏40度"}, {"comment_author": "kaodio", "comment_date": ["04/15", "14:49"], "comment_content": "你的綠電呢"}, {"comment_author": "dafeichai", "comment_date": ["04/15", "14:49"], "comment_content": "台灣天氣熱到想移民，東京 首爾 北京"}, {"comment_author": "dafeichai", "comment_date": ["04/15", "14:49"], "comment_content": "比台灣涼多了"}, {"comment_author": "billybbb", "comment_date": ["04/15", "14:50"], "comment_content": "給貓貓看lie皮狗的內閣團隊，保證透心"}, {"comment_author": "billybbb", "comment_date": ["04/15", "14:50"], "comment_content": "涼"}, {"comment_author": "b9513227", "comment_date": ["04/15", "14:54"], "comment_content": "我上上週去越南36度"}, {"comment_author": "godchildtw", "comment_date": ["04/15", "15:04"], "comment_content": "去便利商店、捷運站、圖書館、公家機"}, {"comment_author": "godchildtw", "comment_date": ["04/15", "15:04"], "comment_content": "關吹免費冷氣"}, {"comment_author": "younggrass", "comment_date": ["04/15", "15:09"], "comment_content": "多幫綠能賺錢啊 猶豫什麼"}, {"comment_author": "apeople", "comment_date": ["04/15", "15:11"], "comment_content": "貓貓不怕熱，怕冷"}, {"comment_author": "wkuochen", "comment_date": ["04/15", "15:43"], "comment_content": "我這裡已經34度了~"}, {"comment_author": "jaceda", "comment_date": ["04/15", "15:46"], "comment_content": "這還用問?!水潑下去就跑了"}]}
