{"author": "kevin1017 (席勒)", "category": "Gossiping", "title": "[問卦] 為啥今天中山站一股屎味", "date": "Tue Apr 16 20:46:08 2024", "content": ["如題屌打東區鬼城現在台北最Hito最文青的中山站街區本來都是香香的女生搭配香香的Aesop味怎麼今天阿肥經過人潮最多的四號出口手扶梯時一股濃濃的屎味瀰漫在長長的手扶梯廊道每個人的表情都是跟duolingo的icon一樣好險阿肥平常手腕都有噴三宅一生的香水可以遮住口鼻吸香味不用像其他人一樣吸屎味洗很久有沒有中山站今天都是屎味的八卦呀----Sent from", "on my iPhone16,1 --", "我系上很多女同學很喜歡欸"], "post_comment": [{"comment_author": "pro33342", "comment_date": ["04/16", "20:46"], "comment_content": "你烙賽喔"}, {"comment_author": "buike", "comment_date": ["04/16", "20:46"], "comment_content": "那代表附近房價要噴了"}, {"comment_author": "syntax123", "comment_date": ["04/16", "20:46"], "comment_content": "臭"}, {"comment_author": "Dcwei", "comment_date": ["04/16", "20:46"], "comment_content": "還不是因為你去了"}, {"comment_author": "ymib", "comment_date": ["04/16", "20:46"], "comment_content": "甲甲經過"}, {"comment_author": "alen0303", "comment_date": ["04/16", "20:47"], "comment_content": "哈哈是我啦"}, {"comment_author": "hatephubbing", "comment_date": ["04/16", "20:47"], "comment_content": "檢查一下"}, {"comment_author": "firetim", "comment_date": ["04/16", "20:47"], "comment_content": "就你在臭"}, {"comment_author": "nxuanr", "comment_date": ["04/16", "20:48"], "comment_content": "你啊白痴"}, {"comment_author": "Vassili242", "comment_date": ["04/16", "20:52"], "comment_content": "因為你路過"}, {"comment_author": "alex00089", "comment_date": ["04/16", "20:54"], "comment_content": "太胖沒擦乾淨"}, {"comment_author": "zeloo", "comment_date": ["04/16", "20:58"], "comment_content": "哈哈我今天有去啦"}, {"comment_author": "johnson2726", "comment_date": ["04/16", "20:59"], "comment_content": "三宅一生的香水又沒有多好聞= ="}, {"comment_author": "Tattoo", "comment_date": ["04/16", "21:07"], "comment_content": "甲甲太多嗎"}, {"comment_author": "gino0717", "comment_date": ["04/16", "21:10"], "comment_content": "哈哈是我啦"}, {"comment_author": "scott0104", "comment_date": ["04/16", "21:38"], "comment_content": "你要不要先聞一下自己，搞不好你肛門"}, {"comment_author": "scott0104", "comment_date": ["04/16", "21:38"], "comment_content": "鬆懈了"}]}
