{"author": "wwwson1256 (太陽花青年)", "category": "Gossiping", "title": "[問卦] 台灣人怎麼養成只管CP值不管外觀？", "date": "Mon Apr 15 16:07:26 2024", "content": ["台灣人是出了名的「只在乎CP值不管外觀的民族」像建築物就是最好的寫照很多房子外觀又髒又破，完全不願意維護問居民都說能住就好，不想花錢鐵窗、陽台向外推也是，空間利用到極致忽略外觀與安全反觀外國歐美日先進國家都願意花錢維護外觀還有很多東西台灣人都只重視CP值而已是什麼原因讓台灣人養成這樣的習慣？閩南華人劣根性嗎？--"], "post_comment": [{"comment_author": "tanby", "comment_date": ["04/15", "16:07"], "comment_content": "窮啊"}, {"comment_author": "nekoares", "comment_date": ["04/15", "16:07"], "comment_content": "沒錢"}, {"comment_author": "xzcb2008", "comment_date": ["04/15", "16:08"], "comment_content": "有嗎=.="}, {"comment_author": "lmu0837", "comment_date": ["04/15", "16:08"], "comment_content": "外觀是給別人看的，不爽花錢做面子。"}, {"comment_author": "xzcb2008", "comment_date": ["04/15", "16:08"], "comment_content": "有什麼誤解嗎"}, {"comment_author": "xzcb2008", "comment_date": ["04/15", "16:09"], "comment_content": "臺灣人買保時捷黑化超多欸"}, {"comment_author": "blueskyqoo", "comment_date": ["04/15", "16:09"], "comment_content": "緯度 太熱"}, {"comment_author": "KILLE", "comment_date": ["04/15", "16:09"], "comment_content": "外面好看與裡面好住是完全兩回事"}, {"comment_author": "xzcb2008", "comment_date": ["04/15", "16:09"], "comment_content": "臺灣人買東西不在乎cp的也一堆阿"}, {"comment_author": "adios881", "comment_date": ["04/15", "16:10"], "comment_content": "認真說 就是他媽的 差不多 沒關係 文化"}, {"comment_author": "iphone55566", "comment_date": ["04/15", "16:11"], "comment_content": "有一筆錢誰會先修外面、不改裡面 = ="}, {"comment_author": "iphone55566", "comment_date": ["04/15", "16:11"], "comment_content": "然後日本建物管理費是強制收的"}, {"comment_author": "j29871049", "comment_date": ["04/15", "16:11"], "comment_content": "因為大家窮阿 有錢誰在挑CP值"}, {"comment_author": "timboy512", "comment_date": ["04/15", "16:12"], "comment_content": "便宜幾個月前的影片了你現在才腿"}, {"comment_author": "iphone55566", "comment_date": ["04/15", "16:12"], "comment_content": "歐美? 大概是一開始就蓋比較好看"}, {"comment_author": "iphone55566", "comment_date": ["04/15", "16:12"], "comment_content": "要是近20年的新成屋 也不用花錢翻吧"}, {"comment_author": "cosmite", "comment_date": ["04/15", "16:16"], "comment_content": "不想花錢做面子但是又愛面子"}, {"comment_author": "cdmlin", "comment_date": ["04/15", "16:16"], "comment_content": "不會有買賣才會擺爛"}, {"comment_author": "cdmlin", "comment_date": ["04/15", "16:17"], "comment_content": "一堆大樓小瑕疵會影響防價都很快就改善了"}, {"comment_author": "Qaaaa", "comment_date": ["04/15", "16:19"], "comment_content": "現在台灣大樓都有在館外觀了誒"}, {"comment_author": "Qaaaa", "comment_date": ["04/15", "16:20"], "comment_content": "舊公寓沒有鄉民最討厭的管委會誰來組織洗牆"}, {"comment_author": "iam0718", "comment_date": ["04/15", "16:23"], "comment_content": "這一定沒組過海景房電腦"}, {"comment_author": "steward68", "comment_date": ["04/15", "16:24"], "comment_content": "我找女友只看外觀不考慮CP值"}, {"comment_author": "mnb1234", "comment_date": ["04/15", "16:25"], "comment_content": "因為立法怠惰啊 幹 要是和各國立法"}, {"comment_author": "mnb1234", "comment_date": ["04/15", "16:25"], "comment_content": "處罰不整理外觀的 大家還不是乖乖"}, {"comment_author": "mnb1234", "comment_date": ["04/15", "16:25"], "comment_content": "做"}, {"comment_author": "fony1029", "comment_date": ["04/15", "16:42"], "comment_content": "認真說，沒人敢碰這題，連柯都不敢，因"}, {"comment_author": "fony1029", "comment_date": ["04/15", "16:42"], "comment_content": "為這得罪的是民族性問題，台灣就真的是"}, {"comment_author": "fony1029", "comment_date": ["04/15", "16:42"], "comment_content": "窮過來的，而且大家全都在買房，寧捨美"}, {"comment_author": "fony1029", "comment_date": ["04/15", "16:42"], "comment_content": "觀也要有地方住，當然不敢碰"}, {"comment_author": "fony1029", "comment_date": ["04/15", "16:44"], "comment_content": "柯光是看到防火巷違建一碰民調掉到哪裡"}, {"comment_author": "fony1029", "comment_date": ["04/15", "16:44"], "comment_content": "還有柯粉記得嗎？當時還不斷緩頰說明不"}, {"comment_author": "fony1029", "comment_date": ["04/15", "16:44"], "comment_content": "會去動，用都更取代，然候就一直變成大"}, {"comment_author": "fony1029", "comment_date": ["04/15", "16:44"], "comment_content": "家PTSD在那邊怕，所以誰碰誰倒霉而已"}, {"comment_author": "fony1029", "comment_date": ["04/15", "16:46"], "comment_content": "然後整天吹美學文組的綠營更是不敢碰這"}, {"comment_author": "fony1029", "comment_date": ["04/15", "16:46"], "comment_content": "種佛地魔議題，只好靠著大量展演跟做那"}, {"comment_author": "fony1029", "comment_date": ["04/15", "16:46"], "comment_content": "種音樂廳來做都市美學取代蓋過去而已"}, {"comment_author": "fony1029", "comment_date": ["04/15", "16:47"], "comment_content": "「沒有人覺得自己有變有錢，但黨很愛吹2"}, {"comment_author": "fony1029", "comment_date": ["04/15", "16:47"], "comment_content": "0年來經濟最好，2萬點你不開心嗎？」有"}, {"comment_author": "fony1029", "comment_date": ["04/15", "16:47"], "comment_content": "錢當然提升美學啊，他們也不敢啦嘻嘻"}, {"comment_author": "cashko", "comment_date": ["04/15", "16:57"], "comment_content": "老一輩窮過來的比較多，現在會開始注意了"}, {"comment_author": "mr2gts", "comment_date": ["04/15", "16:59"], "comment_content": "很多國家有市容法 外觀太破會被開罰 在台"}, {"comment_author": "mr2gts", "comment_date": ["04/15", "16:59"], "comment_content": "灣真的實行 會像交通記點那樣被公幹吧"}, {"comment_author": "fony1029", "comment_date": ["04/15", "17:01"], "comment_content": "柯試過了，結果就是老三，給你參考"}, {"comment_author": "fony1029", "comment_date": ["04/15", "17:01"], "comment_content": "這題連綠營都不敢碰，號稱很多文學設計"}, {"comment_author": "fony1029", "comment_date": ["04/15", "17:01"], "comment_content": "文青支持的黨"}, {"comment_author": "fony1029", "comment_date": ["04/15", "17:05"], "comment_content": "現在只要打柯打民眾黨，放消息說人家上"}, {"comment_author": "fony1029", "comment_date": ["04/15", "17:05"], "comment_content": "任要拆違建，支持度馬上掉個20%給你看，"}, {"comment_author": "fony1029", "comment_date": ["04/15", "17:05"], "comment_content": "結果搞到高虹安也不敢拿這個來當她的政"}, {"comment_author": "fony1029", "comment_date": ["04/15", "17:05"], "comment_content": "見啊"}, {"comment_author": "keineAhnung", "comment_date": ["04/15", "17:07"], "comment_content": "髒臭醜亂"}, {"comment_author": "andy50814", "comment_date": ["04/15", "17:13"], "comment_content": "問中小企業主"}, {"comment_author": "kinki999", "comment_date": ["04/15", "17:20"], "comment_content": "台灣人連自已的外表也是cp值至上"}, {"comment_author": "SGBA", "comment_date": ["04/16", "10:41"], "comment_content": "因為外觀不重要  忽略安全的話  這次地震怎"}, {"comment_author": "SGBA", "comment_date": ["04/16", "10:41"], "comment_content": "麼可能只倒幾棟"}, {"comment_author": "Hsu1025", "comment_date": ["04/16", "11:32"], "comment_content": "塔綠班愛酸華國美學 自己的美感比華國更"}, {"comment_author": "Hsu1025", "comment_date": ["04/16", "11:32"], "comment_content": "醜"}]}
