{"author": "k26975582 (點點kino)", "category": "Gossiping", "title": "[問卦] 雲林台西鄉1920年代就有電線桿了？", "date": "Mon Apr 15 13:50:15 2024", "content": ["餓死抬頭，雲林很鄉下地方的台西鄉中山老街，想不到在日治1920年代就有電線桿了，已有百年歷史，如果連台西鄉在百年前都有電線桿，代表全台灣當時都已進入現代化，也讓人想起日治末期，全台電燈普及率已達四成，有卦嗎？", "--"], "post_comment": [{"comment_author": "mikasamikoto", "comment_date": ["04/15", "14:19"], "comment_content": "日本就是屌"}, {"comment_author": "treelife", "comment_date": ["04/15", "14:33"], "comment_content": "陳成波？"}]}
