{"author": "Bastille (巴士底)", "category": "Gossiping", "title": "[問卦] 有沒有異塵餘生影集蠻猛的八卦", "date": "Tue Apr 16 23:26:20 2024", "content": ["剛看完異塵餘生影集講真的蠻好看的耶根本屌打 Netflix 跟迪士尼一堆劇三體也沒這部好看有沒有異塵餘生影集拍的還蠻讚的八卦--"], "post_comment": [{"comment_author": "akila08539", "comment_date": ["04/16", "23:26"], "comment_content": "畢竟是諾蘭導演的"}, {"comment_author": "Bigcookie2", "comment_date": ["04/16", "23:27"], "comment_content": "剛看完。不錯看。"}, {"comment_author": "haha98", "comment_date": ["04/16", "23:27"], "comment_content": "原來是諾蘭導的喔"}, {"comment_author": "tpkgo", "comment_date": ["04/16", "23:27"], "comment_content": "電玩改編都很爛"}, {"comment_author": "jerrys0580", "comment_date": ["04/16", "23:28"], "comment_content": "之後就成真了 以色列"}, {"comment_author": "akila08539", "comment_date": ["04/16", "23:28"], "comment_content": "諾蘭的弟弟啦(強納森諾蘭)"}, {"comment_author": "DiMammaMia", "comment_date": ["04/16", "23:32"], "comment_content": "覺得滿無聊的 沒想像中好看"}, {"comment_author": "buyerko", "comment_date": ["04/16", "23:33"], "comment_content": "諾蘭弟拍的都很難看"}, {"comment_author": "darkbrigher", "comment_date": ["04/16", "23:33"], "comment_content": "不怎樣 硬加黑人 黑人演得很矬很笨"}, {"comment_author": "darkbrigher", "comment_date": ["04/16", "23:34"], "comment_content": "開頭白人硬要來個黑人老婆跟小孩"}, {"comment_author": "sept9048", "comment_date": ["04/16", "23:34"], "comment_content": "超好看 諾蘭導的就是不一樣"}, {"comment_author": "didi0909", "comment_date": ["04/16", "23:34"], "comment_content": "裡面物品複製的也很好"}, {"comment_author": "Dogmeat", "comment_date": ["04/16", "23:35"], "comment_content": "好看"}, {"comment_author": "sobiNOva", "comment_date": ["04/16", "23:38"], "comment_content": "好看阿 只是劇情很普 不過梗是挺夠的"}, {"comment_author": "sobiNOva", "comment_date": ["04/16", "23:39"], "comment_content": "8集根本介紹完背景就結束了阿"}, {"comment_author": "ringil", "comment_date": ["04/16", "23:51"], "comment_content": "世界觀還原不錯 但演技尬 分鏡怪"}, {"comment_author": "okd0512", "comment_date": ["04/16", "23:58"], "comment_content": "沒玩過遊戲就覺得還好.但還是看完了"}, {"comment_author": "DarkChilles", "comment_date": ["04/17", "00:08"], "comment_content": "Fallout玩家完全可以接受"}, {"comment_author": "DarkChilles", "comment_date": ["04/17", "00:12"], "comment_content": "不過格局跨度蠻大的  應該需要好幾季"}, {"comment_author": "DarkChilles", "comment_date": ["04/17", "00:12"], "comment_content": "前傳或衍生劇也很有發揮空間"}, {"comment_author": "palapalanhu", "comment_date": ["04/17", "00:19"], "comment_content": "普通"}, {"comment_author": "huhu0830", "comment_date": ["04/17", "00:34"], "comment_content": "沒玩過遊戲但滿好看的 有很多幽默的地方"}, {"comment_author": "juncat", "comment_date": ["04/17", "03:08"], "comment_content": "真人化只要不亂動原有故事跟背景就成功了"}, {"comment_author": "juncat", "comment_date": ["04/17", "03:08"], "comment_content": "雖然最後還是被罵有些地方矛盾想蓋掉某作"}, {"comment_author": "fatneet", "comment_date": ["04/17", "05:54"], "comment_content": "有那個我當到指揮官還整天叫我做事的黑"}, {"comment_author": "fatneet", "comment_date": ["04/17", "05:54"], "comment_content": "人嗎？"}, {"comment_author": "MrJB", "comment_date": ["04/17", "08:51"], "comment_content": "所有老白男都是廢物壞人 呵呵"}]}
