{"author": "lastcloud (ssg)", "category": "Gossiping", "title": "[問卦] 這是什麼蟲?", "date": "Sun Apr 14 20:42:16 2024", "content": ["如題啦", "剛剛家裡不知怎麼突然有一隻怪蟲超大隻一直飛來飛去有沒有人知道是什麼蟲你各位 現在本肥該怎麼辦啊在線等--"], "post_comment": [{"comment_author": "maiev", "comment_date": ["04/14", "20:42"], "comment_content": "摩斯拉"}, {"comment_author": "erisiss0", "comment_date": ["04/14", "20:48"], "comment_content": "貓"}, {"comment_author": "brella", "comment_date": ["04/14", "20:51"], "comment_content": "柯文哲"}, {"comment_author": "allenatptt", "comment_date": ["04/14", "20:54"], "comment_content": "飛蛾撲火的蛾"}, {"comment_author": "adios881", "comment_date": ["04/14", "20:57"], "comment_content": "Lydia　我們的愛"}, {"comment_author": "NX9999", "comment_date": ["04/14", "20:57"], "comment_content": "老贏盪"}, {"comment_author": "simon9331", "comment_date": ["04/14", "21:19"], "comment_content": "只是隻蛾而已。"}]}
