{"author": "pig0505 (pig5566)", "category": "Gossiping", "title": "[問卦] 雙標成這樣可以嗎？", "date": "Fri Apr 12 08:06:35 2024", "content": ["如題剛剛看到一張圖真的是嚴厲斥責為什麼要對未成年做出這樣的事情呢", "--"], "post_comment": [{"comment_author": "xvited945", "comment_date": ["04/12", "08:07"], "comment_content": "站在道德制高點批判他人很爽啊"}, {"comment_author": "Mugen0413", "comment_date": ["04/12", "08:09"], "comment_content": "這就是50年前的美國，台灣真的掉隊太"}, {"comment_author": "Mugen0413", "comment_date": ["04/12", "08:09"], "comment_content": "久了"}, {"comment_author": "nonatazaka", "comment_date": ["04/12", "08:09"], "comment_content": "護航的會說他爸沒意見"}, {"comment_author": "nonatazaka", "comment_date": ["04/12", "08:09"], "comment_content": "但如果性別對調會怎樣 毛骨悚然"}, {"comment_author": "gg553", "comment_date": ["04/12", "08:10"], "comment_content": "對！快檢舉他"}, {"comment_author": "t81511270", "comment_date": ["04/12", "08:10"], "comment_content": "毛骨悚然"}, {"comment_author": "gg553", "comment_date": ["04/12", "08:12"], "comment_content": "快啊，記得流程紀錄整理好，讓大家學習怎"}, {"comment_author": "gg553", "comment_date": ["04/12", "08:12"], "comment_content": "麼處理"}, {"comment_author": "kevin31a2", "comment_date": ["04/12", "08:12"], "comment_content": "女生就說母性，男生說獸性的區別吧"}, {"comment_author": "spplkkptt", "comment_date": ["04/12", "08:13"], "comment_content": "去查了一下 已經道歉了"}, {"comment_author": "GTOyoko5566", "comment_date": ["04/12", "08:14"], "comment_content": "人家是女森捏"}, {"comment_author": "GTOyoko5566", "comment_date": ["04/12", "08:15"], "comment_content": "馬上讓你體會對岸版本T0的威力"}, {"comment_author": "aaaaaa111", "comment_date": ["04/12", "08:19"], "comment_content": "哪位阿姨？"}, {"comment_author": "siloin", "comment_date": ["04/12", "08:19"], "comment_content": "這可以報警了吧 真噁"}, {"comment_author": "siloin", "comment_date": ["04/12", "08:20"], "comment_content": "都已經預告犯罪了"}, {"comment_author": "okok263659", "comment_date": ["04/12", "08:34"], "comment_content": "吐"}, {"comment_author": "pilileon", "comment_date": ["04/12", "08:35"], "comment_content": "毛骨悚然不悚然"}, {"comment_author": "Ceferino", "comment_date": ["04/12", "08:36"], "comment_content": "顏色對了幹下去都沒事"}, {"comment_author": "touchbird", "comment_date": ["04/12", "08:39"], "comment_content": "台女 = ="}, {"comment_author": "sophia810413", "comment_date": ["04/12", "08:41"], "comment_content": "德德又沒反對 你在嫉妒啥"}, {"comment_author": "ilove640", "comment_date": ["04/12", "08:43"], "comment_content": "你去出征她啊"}, {"comment_author": "memories66", "comment_date": ["04/12", "08:46"], "comment_content": "毛骨悚然"}, {"comment_author": "Mrchungken", "comment_date": ["04/12", "08:47"], "comment_content": "又是女拳又是民進黨 怎麼輸"}, {"comment_author": "F91", "comment_date": ["04/12", "08:47"], "comment_content": "可以"}, {"comment_author": "tiger508", "comment_date": ["04/12", "08:48"], "comment_content": "太玄了"}, {"comment_author": "s58565254", "comment_date": ["04/12", "08:55"], "comment_content": "雙標推文"}, {"comment_author": "xvited945", "comment_date": ["04/12", "08:55"], "comment_content": "統神也是說17歲女高中生沒有違反意願"}, {"comment_author": "xvited945", "comment_date": ["04/12", "08:55"], "comment_content": "的話沒問題啊，情境一樣"}, {"comment_author": "benka", "comment_date": ["04/12", "09:02"], "comment_content": "噁女"}, {"comment_author": "cashko", "comment_date": ["04/12", "09:13"], "comment_content": "這性別對調會被罵翻"}, {"comment_author": "candyrainbow", "comment_date": ["04/12", "09:15"], "comment_content": "檢舉她啊，幫忙報警啊"}, {"comment_author": "nrxadsl", "comment_date": ["04/12", "09:26"], "comment_content": "好噁心"}, {"comment_author": "zxcvbnmnbvcx", "comment_date": ["04/12", "09:26"], "comment_content": "台女雙標日常啊"}, {"comment_author": "abby99", "comment_date": ["04/12", "09:38"], "comment_content": "毛骨悚然"}, {"comment_author": "sfgzgmfx20a", "comment_date": ["04/12", "09:49"], "comment_content": "嬯不意外"}, {"comment_author": "blinkin", "comment_date": ["04/12", "10:01"], "comment_content": "看到這女的言論 毛骨悚然"}, {"comment_author": "Haruna1998", "comment_date": ["04/12", "10:06"], "comment_content": "毛骨悚然"}, {"comment_author": "nosheep", "comment_date": ["04/12", "10:29"], "comment_content": "毛骨悚然"}, {"comment_author": "shitboy", "comment_date": ["04/12", "10:33"], "comment_content": "毛骨悚然"}, {"comment_author": "junsport", "comment_date": ["04/12", "11:11"], "comment_content": "8年紀的破麻台女意外嗎？沒人要都奔3了"}, {"comment_author": "help1268", "comment_date": ["04/12", "11:44"], "comment_content": "毛毛"}, {"comment_author": "xxx5566xxx", "comment_date": ["04/12", "11:47"], "comment_content": "台女啊"}, {"comment_author": "Elsinore", "comment_date": ["04/12", "11:58"], "comment_content": "first time?"}, {"comment_author": "polestar0505", "comment_date": ["04/12", "13:08"], "comment_content": "毛骨悚然"}, {"comment_author": "visadanny", "comment_date": ["04/12", "16:44"], "comment_content": "毛骨悚然不悚然"}, {"comment_author": "FANONE", "comment_date": ["04/12", "19:03"], "comment_content": "這跟統神有什麼差別？要不要出草一下"}, {"comment_author": "NSRC", "comment_date": ["04/13", "20:35"], "comment_content": "　　嬯女日常．．． 　台男悲歌　ＱＱ～～\\"}]}
