{"author": "winzip390 (伊恩)", "category": "Gossiping", "title": "[問卦] 鹹酥雞第三好吃的是什麼？？？", "date": "Sun Apr 14 17:30:43 2024", "content": ["鹹酥雞第一好吃的是雞肉，第二好吃的是魷魚，那鹹酥雞第三好吃的是什麼呢？？？有沒有鹹酥雞第三好吃的東西的八卦？--"], "post_comment": [{"comment_author": "boy1031", "comment_date": ["04/14", "17:31"], "comment_content": "雞屁股吧"}, {"comment_author": "swoff9sm", "comment_date": ["04/14", "17:31"], "comment_content": "老闆娘"}, {"comment_author": "Anna1225", "comment_date": ["04/14", "17:31"], "comment_content": "芋粿巧吧"}, {"comment_author": "KANGTA23", "comment_date": ["04/14", "17:31"], "comment_content": "第一雞皮、第二百頁、第三熱狗"}, {"comment_author": "nobodyknow", "comment_date": ["04/14", "17:32"], "comment_content": "青椒或玉米"}, {"comment_author": "ncc5566", "comment_date": ["04/14", "17:32"], "comment_content": "樓下都用肛門吃什麼?"}, {"comment_author": "jkuhripvps", "comment_date": ["04/14", "17:33"], "comment_content": "第二地瓜"}, {"comment_author": "MLL3801", "comment_date": ["04/14", "17:34"], "comment_content": "雞皮"}, {"comment_author": "your0207", "comment_date": ["04/14", "17:34"], "comment_content": "四季豆"}, {"comment_author": "fp737", "comment_date": ["04/14", "17:34"], "comment_content": "油膩膩的銀絲卷"}, {"comment_author": "ha0118", "comment_date": ["04/14", "17:34"], "comment_content": "米血"}, {"comment_author": "vV070413", "comment_date": ["04/14", "17:36"], "comment_content": "某家能吧甜不辣炸的超好吃的店"}, {"comment_author": "b9513227", "comment_date": ["04/14", "17:36"], "comment_content": "花椰菜"}, {"comment_author": "b9513227", "comment_date": ["04/14", "17:36"], "comment_content": "四季豆"}, {"comment_author": "metam", "comment_date": ["04/14", "17:37"], "comment_content": "薯條"}, {"comment_author": "mepe1018", "comment_date": ["04/14", "17:37"], "comment_content": "酥脆的甜不辣"}, {"comment_author": "ray2000", "comment_date": ["04/14", "17:38"], "comment_content": "九層塔"}, {"comment_author": "kaylen", "comment_date": ["04/14", "17:39"], "comment_content": "甜不辣/米血"}, {"comment_author": "angelo98", "comment_date": ["04/14", "17:39"], "comment_content": "米血"}, {"comment_author": "Jason0813", "comment_date": ["04/14", "17:40"], "comment_content": "金針菇笑而不語"}, {"comment_author": "zorro1111", "comment_date": ["04/14", "17:40"], "comment_content": "甜不辣"}, {"comment_author": "coffee112", "comment_date": ["04/14", "17:40"], "comment_content": "古早味甜不辣(非台北甜不辣)或魚板"}, {"comment_author": "gn01993343", "comment_date": ["04/14", "17:40"], "comment_content": "蒜頭"}, {"comment_author": "ohyeah5566", "comment_date": ["04/14", "17:42"], "comment_content": "雞蛋豆腐，外酥內嫩"}, {"comment_author": "ro800202", "comment_date": ["04/14", "17:43"], "comment_content": "甜不辣"}, {"comment_author": "Pheromone", "comment_date": ["04/14", "17:45"], "comment_content": "杏鮑菇"}, {"comment_author": "therockwx", "comment_date": ["04/14", "17:45"], "comment_content": "花椰菜"}, {"comment_author": "CowBaoGan", "comment_date": ["04/14", "17:45"], "comment_content": "米血甜不辣米腸"}, {"comment_author": "Lowpapa", "comment_date": ["04/14", "17:48"], "comment_content": "薯條"}, {"comment_author": "bla", "comment_date": ["04/14", "17:48"], "comment_content": "甜不辣"}, {"comment_author": "signm", "comment_date": ["04/14", "17:48"], "comment_content": "台南大扁"}, {"comment_author": "jackycheny", "comment_date": ["04/14", "17:50"], "comment_content": "老闆娘的女兒"}, {"comment_author": "YangeR", "comment_date": ["04/14", "17:50"], "comment_content": "甜不辣。杏鮑菇。雞屁股。"}, {"comment_author": "optw", "comment_date": ["04/14", "17:51"], "comment_content": "鹹酥雞跟雞排的肉真的不好吃"}, {"comment_author": "optw", "comment_date": ["04/14", "17:52"], "comment_content": "唯一支持炸雞腿"}, {"comment_author": "h100733", "comment_date": ["04/14", "17:54"], "comment_content": "最好的配角甜不辣"}, {"comment_author": "mikiworldpea", "comment_date": ["04/14", "17:56"], "comment_content": "雞屁股"}, {"comment_author": "mjkluio789", "comment_date": ["04/14", "17:59"], "comment_content": "推文居然沒有魚粿！"}, {"comment_author": "s81048112", "comment_date": ["04/14", "17:59"], "comment_content": "魚板"}, {"comment_author": "fishfish1314", "comment_date": ["04/14", "17:59"], "comment_content": "豆腐"}, {"comment_author": "e46m3s15", "comment_date": ["04/14", "17:59"], "comment_content": "雞皮啦!不服來戰"}, {"comment_author": "karenhorn", "comment_date": ["04/14", "18:00"], "comment_content": "甜不辣必須的"}, {"comment_author": "yun1019", "comment_date": ["04/14", "18:00"], "comment_content": "綜合口味 銀絲卷"}, {"comment_author": "spplkkptt", "comment_date": ["04/14", "18:02"], "comment_content": "百頁豆腐"}, {"comment_author": "touchbird", "comment_date": ["04/14", "18:03"], "comment_content": "豆干"}, {"comment_author": "azeroth", "comment_date": ["04/14", "18:06"], "comment_content": "百頁 雞胗"}, {"comment_author": "busman", "comment_date": ["04/14", "18:06"], "comment_content": "當然是炸豆皮"}, {"comment_author": "chenazen", "comment_date": ["04/14", "18:07"], "comment_content": "米腸"}, {"comment_author": "new71050", "comment_date": ["04/14", "18:07"], "comment_content": "甜不辣"}, {"comment_author": "youzi1114", "comment_date": ["04/14", "18:09"], "comment_content": "甜不辣>鹹酥雞吧，鹹酥雞要看店家，有"}, {"comment_author": "youzi1114", "comment_date": ["04/14", "18:09"], "comment_content": "的根本坑人用的還一堆骨頭"}, {"comment_author": "a1992540", "comment_date": ["04/14", "18:12"], "comment_content": "你從雞蛋豆腐才第一"}, {"comment_author": "jay0215", "comment_date": ["04/14", "18:13"], "comment_content": "九層塔！"}, {"comment_author": "yafx4200p", "comment_date": ["04/14", "18:16"], "comment_content": "南瓜"}, {"comment_author": "hn84679402", "comment_date": ["04/14", "18:16"], "comment_content": "地瓜薯條 九層塔"}, {"comment_author": "ljsnonocat2", "comment_date": ["04/14", "18:18"], "comment_content": "雞軟骨"}, {"comment_author": "Quart566", "comment_date": ["04/14", "18:19"], "comment_content": "雞屁股"}, {"comment_author": "color3258", "comment_date": ["04/14", "18:21"], "comment_content": "雞蛋豆腐 豆腐皮"}, {"comment_author": "imlingary", "comment_date": ["04/14", "18:23"], "comment_content": "魷魚？"}, {"comment_author": "dcjamesw", "comment_date": ["04/14", "18:25"], "comment_content": "洋蔥圈"}, {"comment_author": "jeson711", "comment_date": ["04/14", "18:26"], "comment_content": "雞屁股 甜不辣"}, {"comment_author": "mikechang829", "comment_date": ["04/14", "18:30"], "comment_content": "女店員"}, {"comment_author": "yogurtbass", "comment_date": ["04/14", "18:30"], "comment_content": "豆干=="}, {"comment_author": "binco", "comment_date": ["04/14", "18:31"], "comment_content": "當然是吸滿廢油的銀絲卷"}, {"comment_author": "ravelson", "comment_date": ["04/14", "18:33"], "comment_content": "第一好吃絕對是米血!!!"}, {"comment_author": "alex0421", "comment_date": ["04/14", "18:36"], "comment_content": "雞蛋豆腐"}, {"comment_author": "rommel1990", "comment_date": ["04/14", "18:37"], "comment_content": "黑輪"}, {"comment_author": "Thruse", "comment_date": ["04/14", "18:37"], "comment_content": "蘿蔔糕"}, {"comment_author": "cobrasgo", "comment_date": ["04/14", "18:41"], "comment_content": "青椒"}, {"comment_author": "marke18", "comment_date": ["04/14", "18:47"], "comment_content": "米血甜不辣地瓜條"}, {"comment_author": "GGxyz", "comment_date": ["04/14", "18:54"], "comment_content": "雞皮、甜不辣、芋籤"}, {"comment_author": "your0207", "comment_date": ["04/14", "19:00"], "comment_content": "雞蛋豆腐售價讓他沒辦法上排行"}, {"comment_author": "ccufcc", "comment_date": ["04/14", "19:02"], "comment_content": "雞皮 雞屁股而且"}, {"comment_author": "idolater", "comment_date": ["04/14", "19:03"], "comment_content": "佐羅勒"}, {"comment_author": "hypeng", "comment_date": ["04/14", "19:03"], "comment_content": "甜不辣"}, {"comment_author": "johnko64665", "comment_date": ["04/14", "19:07"], "comment_content": "九層塔"}, {"comment_author": "source0209", "comment_date": ["04/14", "19:07"], "comment_content": "鱈魚板"}, {"comment_author": "e761031", "comment_date": ["04/14", "19:08"], "comment_content": "高麗菜"}, {"comment_author": "miloisgood", "comment_date": ["04/14", "19:10"], "comment_content": "米腸=="}, {"comment_author": "insidelonely", "comment_date": ["04/14", "19:11"], "comment_content": "雞皮米腸百葉"}, {"comment_author": "marginal5566", "comment_date": ["04/14", "19:13"], "comment_content": "雞皮太看店家了 一堆炸得跟屎一樣"}, {"comment_author": "apson", "comment_date": ["04/14", "19:20"], "comment_content": "工讀生"}, {"comment_author": "koexe", "comment_date": ["04/14", "19:22"], "comment_content": "雞皮要魯過在炸 然後要求口感跟餅乾一樣"}, {"comment_author": "peter28222", "comment_date": ["04/14", "19:22"], "comment_content": "前兩名沒雞蛋豆腐？"}, {"comment_author": "deray", "comment_date": ["04/14", "19:25"], "comment_content": "豆乾 米血 甜不辣 肉類吃不起"}, {"comment_author": "swimmer19", "comment_date": ["04/14", "19:26"], "comment_content": "甜不辣"}, {"comment_author": "swimmer19", "comment_date": ["04/14", "19:26"], "comment_content": "居然沒什麼共識"}, {"comment_author": "k945", "comment_date": ["04/14", "19:28"], "comment_content": "甜不辣"}, {"comment_author": "OYCBDADA", "comment_date": ["04/14", "19:29"], "comment_content": "甜不辣、雞屁股，炸湯圓"}, {"comment_author": "ckhscurry", "comment_date": ["04/14", "19:29"], "comment_content": "芋條"}, {"comment_author": "retrud", "comment_date": ["04/14", "19:32"], "comment_content": "蛋豆腐"}, {"comment_author": "kevincio", "comment_date": ["04/14", "19:42"], "comment_content": "女老闆的雞屁股"}, {"comment_author": "koexe", "comment_date": ["04/14", "19:56"], "comment_content": "雞皮股吃鹹酥雞沒幾家去淋巴的 嘔嘔嘔嘔嘔"}, {"comment_author": "shi21", "comment_date": ["04/14", "19:57"], "comment_content": "甜不辣"}, {"comment_author": "ray221740718", "comment_date": ["04/14", "19:58"], "comment_content": "花椰菜 雞蛋豆腐 香菇 魷魚腳"}, {"comment_author": "yuebin", "comment_date": ["04/14", "20:02"], "comment_content": "雞皮豆皮芋粿啦！"}, {"comment_author": "blueskyqoo", "comment_date": ["04/14", "20:05"], "comment_content": "夾子或籃子"}, {"comment_author": "blueskyqoo", "comment_date": ["04/14", "20:07"], "comment_content": "魷魚 雞排 甜不辣"}, {"comment_author": "sustto", "comment_date": ["04/14", "20:08"], "comment_content": "九層塔 大蒜 洋蔥 辣粉 胡椒粉"}, {"comment_author": "GaryXie", "comment_date": ["04/14", "20:09"], "comment_content": "雞皮/豆包"}, {"comment_author": "stu25936", "comment_date": ["04/14", "20:10"], "comment_content": "雞蛋豆腐或百頁"}, {"comment_author": "foxvera", "comment_date": ["04/14", "20:10"], "comment_content": "還用問？七里香啊"}, {"comment_author": "vul3cp4dd", "comment_date": ["04/14", "20:16"], "comment_content": "雞皮啦"}, {"comment_author": "dann255181", "comment_date": ["04/14", "20:27"], "comment_content": "我也覺得鹽酥雞不好吃"}, {"comment_author": "Poaceae", "comment_date": ["04/14", "20:27"], "comment_content": "雞蛋豆腐"}, {"comment_author": "kissung", "comment_date": ["04/14", "20:38"], "comment_content": "九層塔^ ^"}, {"comment_author": "Hua0722", "comment_date": ["04/14", "20:55"], "comment_content": "皮蛋、四季豆、雞蛋豆腐，人間美味"}, {"comment_author": "d8731400", "comment_date": ["04/14", "21:08"], "comment_content": "甜不辣"}, {"comment_author": "lokesbirdman", "comment_date": ["04/14", "21:15"], "comment_content": "雞蛋豆腐啊"}, {"comment_author": "hans1478", "comment_date": ["04/14", "21:20"], "comment_content": "九層塔"}, {"comment_author": "cagman", "comment_date": ["04/14", "21:28"], "comment_content": "四季豆"}, {"comment_author": "yuanhy63", "comment_date": ["04/14", "21:33"], "comment_content": "蒜頭 洋蔥 胡椒粉"}, {"comment_author": "mamoru5566", "comment_date": ["04/14", "21:34"], "comment_content": "雞蛋豆腐 杏鮑菇"}, {"comment_author": "convey1227", "comment_date": ["04/14", "21:39"], "comment_content": "圓條的甜不辣 懂的就懂"}, {"comment_author": "gangrel", "comment_date": ["04/14", "21:42"], "comment_content": "百葉"}, {"comment_author": "tinkle", "comment_date": ["04/14", "21:51"], "comment_content": "甜不辣 米腸 雞蛋豆腐"}, {"comment_author": "zangetsu9006", "comment_date": ["04/14", "21:55"], "comment_content": "蒜片第一啦"}, {"comment_author": "sbilor", "comment_date": ["04/14", "22:08"], "comment_content": "雞皮每次都買一百配啤酒"}, {"comment_author": "sorsu", "comment_date": ["04/14", "22:21"], "comment_content": "芋粿巧ok?"}, {"comment_author": "solarem", "comment_date": ["04/14", "22:23"], "comment_content": "花椰菜"}, {"comment_author": "MooNK", "comment_date": ["04/14", "22:35"], "comment_content": ""}, {"comment_author": "MooNK", "comment_date": ["04/14", "22:35"], "comment_content": ""}, {"comment_author": "MooNK", "comment_date": ["04/14", "22:36"], "comment_content": ""}, {"comment_author": "Kyere88", "comment_date": ["04/14", "23:07"], "comment_content": "甜不辣"}, {"comment_author": "cosplay314", "comment_date": ["04/14", "23:13"], "comment_content": "雞皮"}, {"comment_author": "bada", "comment_date": ["04/14", "23:29"], "comment_content": "豆乾 加醬的那種"}, {"comment_author": "wade2012", "comment_date": ["04/15", "00:31"], "comment_content": "豆乾屌虐"}, {"comment_author": "albertk1kil", "comment_date": ["04/15", "04:19"], "comment_content": "甜不辣"}, {"comment_author": "zuoo535802", "comment_date": ["04/15", "08:38"], "comment_content": "芋貴巧"}, {"comment_author": "adamyang2000", "comment_date": ["04/15", "11:02"], "comment_content": "年紀輕輕 洗腎難怪這麼多"}, {"comment_author": "adamyang2000", "comment_date": ["04/15", "11:03"], "comment_content": "高油污 高鈉"}, {"comment_author": "justeat", "comment_date": ["04/15", "11:04"], "comment_content": "雞皮"}, {"comment_author": "bai8", "comment_date": ["04/15", "21:22"], "comment_content": "雞皮"}]}
