{"author": "Borges (波波波波)", "category": "Gossiping", "title": "[問卦] 中國在1971年之前是不是不算是正常國家?", "date": "Fri Apr 12 09:17:01 2024", "content": ["眾所皆知中華人民共和國在1949年成立但1949-1971之間在聯合國沒有代表席位反而是台灣幫忙中華人民共和國的人民在聯合國發聲(真的很偉大)這個階段的中國 是不是也是一個不正常國家就跟台灣現在一樣悲慘呢?(還好台灣人1971年體恤中國人辛苦 自願退出聯合國 氣度恢弘啊)--"], "post_comment": [{"comment_author": "darkbrigher", "comment_date": ["04/12", "09:18"], "comment_content": "其實不算退出 是中國佔了ROC的位子"}, {"comment_author": "peterwu4", "comment_date": ["04/12", "09:25"], "comment_content": "是啊 人家是靠投票的方式贏回來的"}, {"comment_author": "peterwu4", "comment_date": ["04/12", "09:26"], "comment_content": "得罪美國人，不承認國民政府和美國簽定"}, {"comment_author": "peterwu4", "comment_date": ["04/12", "09:26"], "comment_content": "合約，被弄~ 要不中共早就收回台灣了"}, {"comment_author": "minami77", "comment_date": ["04/12", "09:38"], "comment_content": "照中國的邏輯 1972年後才是國家 中國建"}, {"comment_author": "minami77", "comment_date": ["04/12", "09:38"], "comment_content": "國至今才52年"}, {"comment_author": "DuvetLain", "comment_date": ["04/12", "09:45"], "comment_content": "那時候是戒嚴白色恐怖然後喊自己是民主"}, {"comment_author": "DuvetLain", "comment_date": ["04/12", "09:45"], "comment_content": "自由"}, {"comment_author": "krousxchen", "comment_date": ["04/12", "10:03"], "comment_content": "笑死，當年ROC跟現在的PRC一樣鴨霸"}, {"comment_author": "tenka92417", "comment_date": ["04/12", "10:09"], "comment_content": "去問一下梁小龍跟梁家輝是怎麼被中華"}, {"comment_author": "tenka92417", "comment_date": ["04/12", "10:09"], "comment_content": "民國封殺過的呀"}, {"comment_author": "pooznn", "comment_date": ["04/12", "10:35"], "comment_content": "照小粉紅標準 沒進聯合國 就\"不是國家\"啊!"}, {"comment_author": "coffee77", "comment_date": ["04/12", "10:50"], "comment_content": "在文革期間 被認定是合法國家  真的醉了"}]}
