{"author": "nogood (nogood)", "category": "Gossiping", "title": "[問卦] 台灣是怎麼陷入缺水、缺電的循環？", "date": "Wed Apr 17 22:34:58 2024", "content": ["每年三、四月，台灣一定就要面臨一次缺水、缺電的循環上個世紀末八十、九十年代明明就沒有這樣的問題而且這幾年該花的建設經費一樣都沒少為什麼擺脫不了缺水、缺電，讓大家處在焦慮中呢？--"], "post_comment": [{"comment_author": "neos042", "comment_date": ["04/17", "22:35"], "comment_content": "下一任的事"}, {"comment_author": "nawussica", "comment_date": ["04/17", "22:35"], "comment_content": "花錢在滿足自我感覺良好的建設上面"}, {"comment_author": "OPPAISuki", "comment_date": ["04/17", "22:35"], "comment_content": "小蔣有遠見阿 之後就..."}, {"comment_author": "nawussica", "comment_date": ["04/17", "22:36"], "comment_content": "完全失敗的電力政策"}, {"comment_author": "Nevhir", "comment_date": ["04/17", "22:36"], "comment_content": "這不是很顯然 KMT有在布局未來 而DPP沒有"}, {"comment_author": "nawussica", "comment_date": ["04/17", "22:36"], "comment_content": "現在沒人敢承認失敗"}, {"comment_author": "Ayreon", "comment_date": ["04/17", "22:36"], "comment_content": "自從來了民進黨，十年倒有九年缺"}, {"comment_author": "asdf70044", "comment_date": ["04/17", "22:36"], "comment_content": "就電力惡搞阿"}, {"comment_author": "Nevhir", "comment_date": ["04/17", "22:36"], "comment_content": "過去的水電台GG 現在正好吃到那些紅利"}, {"comment_author": "BingLing", "comment_date": ["04/17", "22:36"], "comment_content": "看dpp 8年有什麼重大建設"}, {"comment_author": "Gallardo", "comment_date": ["04/17", "22:36"], "comment_content": "中國也是季節性缺電缺水 你怎麼不說呢?"}, {"comment_author": "tinlovebi", "comment_date": ["04/17", "22:36"], "comment_content": "民進黨執政沒有長遠規劃 而且為了綠電"}, {"comment_author": "tinlovebi", "comment_date": ["04/17", "22:37"], "comment_content": "廢棄核電 導致缺水缺電"}, {"comment_author": "tecopon", "comment_date": ["04/17", "22:37"], "comment_content": "因為有太多綠能財團需要照顧了"}, {"comment_author": "cs09312", "comment_date": ["04/17", "22:37"], "comment_content": "党說沒有缺電 請勿造謠"}, {"comment_author": "BBQ2591", "comment_date": ["04/17", "22:37"], "comment_content": "你沒水沒電? 平行世界是誰在執政啊?"}, {"comment_author": "q123212", "comment_date": ["04/17", "22:37"], "comment_content": "缺電？沒有缺電！缺水？求雨！每年都這樣"}, {"comment_author": "q123212", "comment_date": ["04/17", "22:37"], "comment_content": "啊，總有一天會業力引爆"}, {"comment_author": "chongwen", "comment_date": ["04/17", "22:39"], "comment_content": "台灣人就短視近利啊，規劃那麼久的計劃"}, {"comment_author": "chongwen", "comment_date": ["04/17", "22:39"], "comment_content": "又不會被選民看到，會沒有選票"}, {"comment_author": "chongwen", "comment_date": ["04/17", "22:40"], "comment_content": "加上民眾也是一樣，只想我爽就好，不能"}, {"comment_author": "chongwen", "comment_date": ["04/17", "22:40"], "comment_content": "影響到我，要不然就抗議，不投票給你"}, {"comment_author": "b2305911", "comment_date": ["04/17", "22:41"], "comment_content": "問就是藍白在搞 党一切盡心盡力"}, {"comment_author": "chongwen", "comment_date": ["04/17", "22:41"], "comment_content": "台灣人，都一個樣啦~~當官的，人民"}, {"comment_author": "Louis84212", "comment_date": ["04/17", "22:41"], "comment_content": "沒政治家導致"}, {"comment_author": "chongwen", "comment_date": ["04/17", "22:41"], "comment_content": "都一個樣啦"}, {"comment_author": "chongwen", "comment_date": ["04/17", "22:43"], "comment_content": "看不到的政策、電廠、水庫這種嫌惡設施"}, {"comment_author": "chongwen", "comment_date": ["04/17", "22:43"], "comment_content": "到哪，都一堆人抗議啦"}, {"comment_author": "mpyhacct0443", "comment_date": ["04/17", "22:44"], "comment_content": "每次都在喊缺水缺電 哪次斷水斷電"}, {"comment_author": "mpyhacct0443", "comment_date": ["04/17", "22:44"], "comment_content": "了"}, {"comment_author": "mpyhacct0443", "comment_date": ["04/17", "22:44"], "comment_content": "被媒體愚弄還不自知"}, {"comment_author": "s203abc", "comment_date": ["04/17", "22:45"], "comment_content": "早說了阿"}, {"comment_author": "s203abc", "comment_date": ["04/17", "22:45"], "comment_content": "最蠢的那種"}, {"comment_author": "s203abc", "comment_date": ["04/17", "22:45"], "comment_content": "有愛就能解決"}, {"comment_author": "tommy21332", "comment_date": ["04/17", "22:45"], "comment_content": "短期選票利益大於長期利益啊"}, {"comment_author": "s203abc", "comment_date": ["04/17", "22:46"], "comment_content": "用愛拯救世界 過的真爽"}, {"comment_author": "hostage911", "comment_date": ["04/17", "22:49"], "comment_content": "接收站不要 核處理廠不要"}, {"comment_author": "hostage911", "comment_date": ["04/17", "22:50"], "comment_content": "嫌惡設施都只想別人付出"}, {"comment_author": "qweertyui891", "comment_date": ["04/17", "22:50"], "comment_content": "過去有個在野黨拼命擋水擋電"}, {"comment_author": "chongwen", "comment_date": ["04/17", "22:50"], "comment_content": "不管是誰執政都是一個樣啦，選票才是最"}, {"comment_author": "chongwen", "comment_date": ["04/17", "22:51"], "comment_content": "重要的，缺水、缺電，有選票重要嗎"}, {"comment_author": "dendrimer", "comment_date": ["04/17", "22:53"], "comment_content": "樹砍、鋪水泥，造成土地變熱，雨下不"}, {"comment_author": "dendrimer", "comment_date": ["04/17", "22:53"], "comment_content": "來，也滲不到地下"}, {"comment_author": "greenblue", "comment_date": ["04/17", "22:54"], "comment_content": "基礎建設騙不到選票"}, {"comment_author": "simon9331", "comment_date": ["04/17", "22:59"], "comment_content": "看看是誰執政還吠個不停的。"}, {"comment_author": "remarque", "comment_date": ["04/17", "22:59"], "comment_content": "八年過去了 不是缺水就是缺電"}, {"comment_author": "remarque", "comment_date": ["04/17", "23:00"], "comment_content": "每次都靠運氣好蒙混過關"}, {"comment_author": "brans", "comment_date": ["04/17", "23:00"], "comment_content": "你懂得"}, {"comment_author": "moneychen", "comment_date": ["04/17", "23:07"], "comment_content": "就大停電好幾次 最好是沒缺"}, {"comment_author": "hyuchi0202", "comment_date": ["04/17", "23:09"], "comment_content": "根本沒什麼運氣好過關 常常在大停電"}, {"comment_author": "moneychen", "comment_date": ["04/17", "23:10"], "comment_content": ""}, {"comment_author": "badguy227", "comment_date": ["04/17", "23:11"], "comment_content": "執政八年那個每次都只會補貼大撒幣就"}, {"comment_author": "badguy227", "comment_date": ["04/17", "23:11"], "comment_content": "有票了，幹嘛還需要改善，台灣人民自"}, {"comment_author": "badguy227", "comment_date": ["04/17", "23:11"], "comment_content": "己蠢應該的"}, {"comment_author": "xylinum", "comment_date": ["04/17", "23:19"], "comment_content": "周子瑜道歉之後就變這樣了"}, {"comment_author": "jagger", "comment_date": ["04/17", "23:22"], "comment_content": "40%：所以現在停水停電了嗎？勿危言聳聽"}, {"comment_author": "koexe", "comment_date": ["04/17", "23:23"], "comment_content": "缺水是氣候因素 就算了"}, {"comment_author": "siloin", "comment_date": ["04/17", "23:30"], "comment_content": "是不會學杜拜種雲種到淹水嗎？"}, {"comment_author": "deli357", "comment_date": ["04/17", "23:31"], "comment_content": "從用愛發電，和燒乾淨的煤開始"}, {"comment_author": "c88tm", "comment_date": ["04/17", "23:35"], "comment_content": "被台積電榨乾了"}, {"comment_author": "hqu", "comment_date": ["04/17", "23:38"], "comment_content": "環保團體啊 不事生產 又愛哭北哭木"}, {"comment_author": "ironman28", "comment_date": ["04/17", "23:40"], "comment_content": "2016、2020、2024綠共勝選"}, {"comment_author": "Godmyfriend", "comment_date": ["04/17", "23:56"], "comment_content": " 2000年後 再也無基礎建設"}, {"comment_author": "uller", "comment_date": ["04/18", "00:04"], "comment_content": "綠共上來開始 整個都崩了"}, {"comment_author": "cathy621", "comment_date": ["04/18", "00:17"], "comment_content": "股票又回2萬點了不開心嗎？"}, {"comment_author": "iamxup6", "comment_date": ["04/18", "00:30"], "comment_content": "我只做到2024 後面就不關我的事了"}, {"comment_author": "sleepmajesty", "comment_date": ["04/18", "00:37"], "comment_content": "確定錢有花在建設？"}, {"comment_author": "Puye", "comment_date": ["04/18", "00:47"], "comment_content": "缺水我覺得沒救 缺電真的要檢討能源政策"}, {"comment_author": "Puye", "comment_date": ["04/18", "00:48"], "comment_content": "水天然環境就這樣 能做的有限"}, {"comment_author": "Elsinore", "comment_date": ["04/18", "01:22"], "comment_content": "選對的人 缺對的__"}, {"comment_author": "erichang", "comment_date": ["04/18", "02:01"], "comment_content": "投給党"}, {"comment_author": "rakuinn", "comment_date": ["04/18", "02:18"], "comment_content": "陪40趴坐牢 可憐"}, {"comment_author": "henrychange", "comment_date": ["04/18", "05:10"], "comment_content": "就民進黨施政短視近利"}, {"comment_author": "wmtsung", "comment_date": ["04/18", "05:43"], "comment_content": "台灣人自己選的"}, {"comment_author": "oue", "comment_date": ["04/18", "06:22"], "comment_content": ""}, {"comment_author": "oue", "comment_date": ["04/18", "06:22"], "comment_content": "別憑感覺啦 以前停電才多吧"}, {"comment_author": "oue", "comment_date": ["04/18", "06:23"], "comment_content": "帶風向前先google一下真實情況吧"}, {"comment_author": "innuendo3324", "comment_date": ["04/18", "06:25"], "comment_content": "台灣從以前就這樣啊，有沒有報而已"}, {"comment_author": "oue", "comment_date": ["04/18", "06:26"], "comment_content": ""}, {"comment_author": "oue", "comment_date": ["04/18", "06:27"], "comment_content": "水的話 近年就兩次 而且民生沒停沒啥感覺"}, {"comment_author": "lau6m2002", "comment_date": ["04/18", "06:31"], "comment_content": "40%死忠仔拉全台一起陪葬啊"}, {"comment_author": "TF00207374", "comment_date": ["04/18", "07:01"], "comment_content": "以前常常限水好嗎…"}, {"comment_author": "frice", "comment_date": ["04/18", "07:22"], "comment_content": "短視啊 不管哪一黨都一樣 缺電問題很早就"}, {"comment_author": "frice", "comment_date": ["04/18", "07:22"], "comment_content": "種下因了"}, {"comment_author": "frice", "comment_date": ["04/18", "07:23"], "comment_content": "水費那麼便宜 根本不會投入相關技術節水"}, {"comment_author": "JG8861", "comment_date": ["04/18", "07:31"], "comment_content": ""}, {"comment_author": "tokuchi2013", "comment_date": ["04/18", "07:50"], "comment_content": "羅智強不就說了，一群猴子搶車卻沒"}, {"comment_author": "tokuchi2013", "comment_date": ["04/18", "07:50"], "comment_content": "人會開"}, {"comment_author": "hbc56", "comment_date": ["04/18", "08:18"], "comment_content": "這就是党說的韌性台灣 你各位韭菜要有韌性"}, {"comment_author": "hbc56", "comment_date": ["04/18", "08:19"], "comment_content": "啊～"}, {"comment_author": "TarikBlack", "comment_date": ["04/18", "08:49"], "comment_content": "蔡英文"}, {"comment_author": "ysc987", "comment_date": ["04/18", "09:35"], "comment_content": "感謝40%智障選出來的党"}, {"comment_author": "fanix21", "comment_date": ["04/18", "10:21"], "comment_content": "跨年放煙火辦晚會，燒錢再說漲物價，台灣"}, {"comment_author": "fanix21", "comment_date": ["04/18", "10:21"], "comment_content": "人的小確幸"}, {"comment_author": "jimmyhero", "comment_date": ["04/18", "11:07"], "comment_content": "問40%可悲仔阿XD"}, {"comment_author": "id600", "comment_date": ["04/18", "11:08"], "comment_content": "短視近利 做這些沒選票沒錢可貪 執政黨唯"}, {"comment_author": "id600", "comment_date": ["04/18", "11:08"], "comment_content": "一KPI就是兩年一次的勝選"}, {"comment_author": "shuha", "comment_date": ["04/18", "11:48"], "comment_content": "自己選的"}, {"comment_author": "fallinlove15", "comment_date": ["04/18", "11:52"], "comment_content": "件數下降 但規模變大 玩數字遊戲"}, {"comment_author": "fallinlove15", "comment_date": ["04/18", "11:53"], "comment_content": "光全台大停電影響人數就破記錄了"}, {"comment_author": "fallinlove15", "comment_date": ["04/18", "11:53"], "comment_content": "相信數據 但不相信垃圾 懂嗎"}, {"comment_author": "Irelia56", "comment_date": ["04/18", "12:21"], "comment_content": "民進党執政開始"}, {"comment_author": "Irelia56", "comment_date": ["04/18", "12:21"], "comment_content": ""}, {"comment_author": "Irelia56", "comment_date": ["04/18", "12:22"], "comment_content": ""}, {"comment_author": "a7619282", "comment_date": ["04/18", "13:01"], "comment_content": "有沒有發現DPP支持度越高越容易這樣"}, {"comment_author": "cloud7515", "comment_date": ["04/18", "16:21"], "comment_content": "抗中保台 懂？"}]}
