{"author": "whiteadam (blue eyes blue)", "category": "Gossiping", "title": "[問卦] 心目中台灣第一美女是誰?", "date": "Fri Apr 19 00:47:33 2024", "content": ["各位水水安安各位帥帥安安各位肥宅安安大家好唷小妹想要問問大家一個問題問問看唷你各位心目中台灣第一美女是誰?有人說王祖賢但是有人說蕭薔林志玲之前有人說 林青霞有木有更多相關的八卦呢嘻嘻--"], "post_comment": [{"comment_author": "Ensidia", "comment_date": ["04/19", "00:48"], "comment_content": "1.5"}, {"comment_author": "ching1210", "comment_date": ["04/19", "00:48"], "comment_content": "菊 蓮 英"}, {"comment_author": "OPPAISuki", "comment_date": ["04/19", "00:48"], "comment_content": "EE"}, {"comment_author": "popopal", "comment_date": ["04/19", "00:49"], "comment_content": "蕭大美女阿"}, {"comment_author": "GeraldXD", "comment_date": ["04/19", "00:50"], "comment_content": "阿花"}, {"comment_author": "doig", "comment_date": ["04/19", "00:50"], "comment_content": "王心凌"}, {"comment_author": "doig", "comment_date": ["04/19", "00:50"], "comment_content": ""}, {"comment_author": "Himiko9975", "comment_date": ["04/19", "00:50"], "comment_content": "你"}, {"comment_author": "doig", "comment_date": ["04/19", "00:50"], "comment_content": ""}, {"comment_author": "doig", "comment_date": ["04/19", "00:50"], "comment_content": ""}, {"comment_author": "doig", "comment_date": ["04/19", "00:50"], "comment_content": ""}, {"comment_author": "doig", "comment_date": ["04/19", "00:50"], "comment_content": ""}, {"comment_author": "doig", "comment_date": ["04/19", "00:50"], "comment_content": ""}, {"comment_author": "doig", "comment_date": ["04/19", "00:50"], "comment_content": ""}, {"comment_author": "sbilor", "comment_date": ["04/19", "00:51"], "comment_content": "陳菊"}, {"comment_author": "kyosukeakiba", "comment_date": ["04/19", "00:52"], "comment_content": "潘迎紫"}, {"comment_author": "jasonJASONle", "comment_date": ["04/19", "00:53"], "comment_content": "蕭薔"}, {"comment_author": "konanno1", "comment_date": ["04/19", "00:53"], "comment_content": "40%表示： EE >///<"}, {"comment_author": "whiteadam", "comment_date": ["04/19", "00:58"], "comment_content": "潘迎紫 香港的阿"}, {"comment_author": "doremifasola", "comment_date": ["04/19", "00:59"], "comment_content": "Melody 殷悅超正～～"}, {"comment_author": "whiteadam", "comment_date": ["04/19", "01:01"], "comment_content": "melody美國籍"}, {"comment_author": "KaiManSo", "comment_date": ["04/19", "01:02"], "comment_content": "八卦女戰神：徐巧芯"}, {"comment_author": "pan0531", "comment_date": ["04/19", "01:04"], "comment_content": "徐若瑄"}, {"comment_author": "AntiqueTea", "comment_date": ["04/19", "01:05"], "comment_content": "真可憐都是5、6年級最多7年級的阿"}, {"comment_author": "AntiqueTea", "comment_date": ["04/19", "01:05"], "comment_content": "姨，8+9年級的台妹居然都沒什麼代"}, {"comment_author": "AntiqueTea", "comment_date": ["04/19", "01:05"], "comment_content": "表"}, {"comment_author": "popopal", "comment_date": ["04/19", "01:06"], "comment_content": "沒辦法 小學就聽過蕭薔就被叫蕭大美女"}, {"comment_author": "popopal", "comment_date": ["04/19", "01:07"], "comment_content": "其他比較可憐只有名媛 名模 想想也是"}, {"comment_author": "sellgd", "comment_date": ["04/19", "01:07"], "comment_content": "菊菜花 誤國三美女"}, {"comment_author": "popopal", "comment_date": ["04/19", "01:07"], "comment_content": "等級還是有點差"}, {"comment_author": "sellgd", "comment_date": ["04/19", "01:07"], "comment_content": "傾國傾城三才女"}, {"comment_author": "headcase", "comment_date": ["04/19", "01:09"], "comment_content": "侯佩岑"}, {"comment_author": "Virus5566", "comment_date": ["04/19", "01:10"], "comment_content": "目前線上的就李雅英吧"}, {"comment_author": "adios881", "comment_date": ["04/19", "01:12"], "comment_content": "豆花"}, {"comment_author": "great007", "comment_date": ["04/19", "01:26"], "comment_content": "從缺 ,在台韓女就李雅英 李晧禎"}, {"comment_author": "Bears", "comment_date": ["04/19", "01:26"], "comment_content": "王怡仁"}, {"comment_author": "hsuanYue", "comment_date": ["04/19", "01:30"], "comment_content": "巧芯"}, {"comment_author": "kilo7", "comment_date": ["04/19", "01:30"], "comment_content": "林志玲"}, {"comment_author": "xru03", "comment_date": ["04/19", "01:31"], "comment_content": "媽媽"}, {"comment_author": "QQmouse", "comment_date": ["04/19", "01:35"], "comment_content": "林志玲"}, {"comment_author": "tmgl", "comment_date": ["04/19", "01:41"], "comment_content": "都沒年輕的？"}, {"comment_author": "allenatptt", "comment_date": ["04/19", "01:43"], "comment_content": "我老婆"}, {"comment_author": "lianghuwu", "comment_date": ["04/19", "01:54"], "comment_content": "周子瑜"}, {"comment_author": "starwish00", "comment_date": ["04/19", "01:57"], "comment_content": "俞俐均"}, {"comment_author": "DOOHDLIHC", "comment_date": ["04/19", "02:00"], "comment_content": "認真說 法拉利姐"}, {"comment_author": "bhirava2014", "comment_date": ["04/19", "02:05"], "comment_content": "當然是八卦女神，尖巧心"}, {"comment_author": "doig", "comment_date": ["04/19", "02:06"], "comment_content": "王心凌"}, {"comment_author": "doig", "comment_date": ["04/19", "02:06"], "comment_content": ""}, {"comment_author": "doig", "comment_date": ["04/19", "02:06"], "comment_content": ""}, {"comment_author": "doig", "comment_date": ["04/19", "02:07"], "comment_content": ""}, {"comment_author": "doig", "comment_date": ["04/19", "02:07"], "comment_content": ""}, {"comment_author": "doig", "comment_date": ["04/19", "02:07"], "comment_content": ""}, {"comment_author": "doig", "comment_date": ["04/19", "02:07"], "comment_content": ""}, {"comment_author": "doig", "comment_date": ["04/19", "02:07"], "comment_content": ""}, {"comment_author": "doig", "comment_date": ["04/19", "02:07"], "comment_content": ""}, {"comment_author": "doig", "comment_date": ["04/19", "02:07"], "comment_content": ""}, {"comment_author": "doig", "comment_date": ["04/19", "02:07"], "comment_content": ""}, {"comment_author": "doig", "comment_date": ["04/19", "02:07"], "comment_content": ""}, {"comment_author": "doig", "comment_date": ["04/19", "02:08"], "comment_content": ""}, {"comment_author": "doig", "comment_date": ["04/19", "02:08"], "comment_content": ""}, {"comment_author": "doig", "comment_date": ["04/19", "02:08"], "comment_content": ""}, {"comment_author": "doig", "comment_date": ["04/19", "02:10"], "comment_content": ""}, {"comment_author": "doig", "comment_date": ["04/19", "02:10"], "comment_content": ""}, {"comment_author": "doig", "comment_date": ["04/19", "02:10"], "comment_content": ""}, {"comment_author": "doig", "comment_date": ["04/19", "02:10"], "comment_content": ""}, {"comment_author": "doig", "comment_date": ["04/19", "02:12"], "comment_content": ""}, {"comment_author": "washidindin", "comment_date": ["04/19", "02:13"], "comment_content": "巧芯"}, {"comment_author": "ouyang2009", "comment_date": ["04/19", "02:20"], "comment_content": "目前檯面上的人物，非周子渝莫屬"}, {"comment_author": "andayy", "comment_date": ["04/19", "02:26"], "comment_content": "張惠妹"}, {"comment_author": "doig", "comment_date": ["04/19", "02:31"], "comment_content": ""}, {"comment_author": "doig", "comment_date": ["04/19", "02:41"], "comment_content": "王心凌上個禮拜演唱會，動圖"}, {"comment_author": "doig", "comment_date": ["04/19", "02:41"], "comment_content": ""}, {"comment_author": "alladult", "comment_date": ["04/19", "02:48"], "comment_content": "梁以辰"}, {"comment_author": "fujimoto", "comment_date": ["04/19", "03:03"], "comment_content": "陳菊"}, {"comment_author": "Xinz", "comment_date": ["04/19", "03:17"], "comment_content": "王沒奶沒屁股 頂多就是穿衣服可愛而已"}, {"comment_author": "jyue", "comment_date": ["04/19", "03:28"], "comment_content": "林青霞"}, {"comment_author": "JoanneChung", "comment_date": ["04/19", "03:29"], "comment_content": "曾莞婷"}, {"comment_author": "hn85326679", "comment_date": ["04/19", "03:37"], "comment_content": "周曉涵"}, {"comment_author": "machiusheng", "comment_date": ["04/19", "04:07"], "comment_content": "67路辣妹"}, {"comment_author": "Meowcc", "comment_date": ["04/19", "04:10"], "comment_content": "陳美鳳吧 那麼老了還長這樣"}, {"comment_author": "junsport", "comment_date": ["04/19", "04:26"], "comment_content": "醜肥甲貓"}, {"comment_author": "MisterBoar", "comment_date": ["04/19", "04:59"], "comment_content": "組賢"}, {"comment_author": "HarukaLoveu", "comment_date": ["04/19", "05:11"], "comment_content": "豆花妹"}, {"comment_author": "fransice7", "comment_date": ["04/19", "05:55"], "comment_content": "蕭薔 、 郁方"}, {"comment_author": "AlienTurbo", "comment_date": ["04/19", "06:19"], "comment_content": "賈靜雯 其他都旁邊"}, {"comment_author": "kalvin", "comment_date": ["04/19", "06:42"], "comment_content": "可悲 沒有新生代美女要當台灣藝人"}, {"comment_author": "testttt", "comment_date": ["04/19", "06:43"], "comment_content": "英 菊 蓮 雲 台灣四大"}, {"comment_author": "yoqwqq", "comment_date": ["04/19", "06:45"], "comment_content": "徐若瑄"}, {"comment_author": "kahabu", "comment_date": ["04/19", "06:54"], "comment_content": "林志玲，張鈞甯"}, {"comment_author": "Agent5566", "comment_date": ["04/19", "07:09"], "comment_content": "ㄘㄨㄚˋ"}, {"comment_author": "leinru", "comment_date": ["04/19", "07:24"], "comment_content": "賈靜雯"}, {"comment_author": "JYLai", "comment_date": ["04/19", "07:33"], "comment_content": "       的女兒"}, {"comment_author": "changeengjap", "comment_date": ["04/19", "08:12"], "comment_content": "以前蕭薔 王祖賢"}, {"comment_author": "gzliu", "comment_date": ["04/19", "09:30"], "comment_content": ""}, {"comment_author": "gzliu", "comment_date": ["04/19", "09:30"], "comment_content": "jpg"}, {"comment_author": "doigt", "comment_date": ["04/19", "10:50"], "comment_content": "年輕的陳湘琪吧"}, {"comment_author": "scott112", "comment_date": ["04/19", "10:59"], "comment_content": "以前是林志玲 現在我會說張鈞甯。未來"}, {"comment_author": "scott112", "comment_date": ["04/19", "11:00"], "comment_content": "我就暫時沒有人選"}, {"comment_author": "dream0131", "comment_date": ["04/19", "12:53"], "comment_content": "你"}, {"comment_author": "math79", "comment_date": ["04/19", "13:13"], "comment_content": "豆花妹"}]}
