{"author": "jijijigigigi (JX貓)", "category": "Gossiping", "title": "[問卦] 為什麼台灣側翼這麼多?", "date": "Sun Apr 14 09:20:25 2024", "content": ["如題啦小弟新聞經常看到有人被側翼出征有人被側翼造謠有人被側翼抹黑為什麼台灣有這麼多側翼--"], "post_comment": [{"comment_author": "LoveMakeLove", "comment_date": ["04/14", "09:20"], "comment_content": "網軍側翼治國"}, {"comment_author": "bill403777", "comment_date": ["04/14", "09:20"], "comment_content": "預算多啊"}, {"comment_author": "sss6515366", "comment_date": ["04/14", "09:21"], "comment_content": "對啊 像戰國策這種的"}, {"comment_author": "newstyle", "comment_date": ["04/14", "09:23"], "comment_content": "小粉紅為何這麼多"}, {"comment_author": "whiteflora6", "comment_date": ["04/14", "09:25"], "comment_content": "塔綠班集團盤踞鬼島"}, {"comment_author": "goatcheese", "comment_date": ["04/14", "09:25"], "comment_content": "賴清德都要請蔡英文網軍不要攻擊了"}, {"comment_author": "a740125", "comment_date": ["04/14", "09:28"], "comment_content": "$$$$$"}, {"comment_author": "logic886", "comment_date": ["04/14", "09:29"], "comment_content": "網路比較好治國啊"}, {"comment_author": "a740125", "comment_date": ["04/14", "09:29"], "comment_content": "詐騙人蛇賣豬仔拆器官賺太多了"}, {"comment_author": "playplayer20", "comment_date": ["04/14", "09:30"], "comment_content": "有賴柯韓認證過，這麼多是肯定的"}, {"comment_author": "DREE", "comment_date": ["04/14", "09:30"], "comment_content": "網路世界~~人人都是側翼~~"}, {"comment_author": "meblessme", "comment_date": ["04/14", "09:37"], "comment_content": "開分身那麼簡單，一個人搞不好有一百"}, {"comment_author": "meblessme", "comment_date": ["04/14", "09:37"], "comment_content": "個一千個"}, {"comment_author": "dntm", "comment_date": ["04/14", "09:39"], "comment_content": "問朱學恒"}, {"comment_author": "GTOyoko5566", "comment_date": ["04/14", "09:41"], "comment_content": ""}, {"comment_author": "au4g3wk4k", "comment_date": ["04/14", "09:42"], "comment_content": "連賴都被打到求饒 居然還變中共同路人"}, {"comment_author": "au4g3wk4k", "comment_date": ["04/14", "09:42"], "comment_content": " 就知道是完整產業鏈惹"}, {"comment_author": "GTOyoko5566", "comment_date": ["04/14", "09:46"], "comment_content": "功德都被弄到阿黑臉了笑死"}, {"comment_author": "x4524", "comment_date": ["04/14", "09:47"], "comment_content": "支那共產黨賤畜反串的也很多"}, {"comment_author": "gopath", "comment_date": ["04/14", "09:55"], "comment_content": "大部分為了生活"}, {"comment_author": "miliq", "comment_date": ["04/14", "09:58"], "comment_content": "若知稅金有多少在養民進党網軍 就不會問"}, {"comment_author": "omfg5487", "comment_date": ["04/14", "10:00"], "comment_content": "那些都五毛反串啊 DPP不可能沒水準吧"}, {"comment_author": "court", "comment_date": ["04/14", "10:04"], "comment_content": "三寶網軍 側翼 小草"}, {"comment_author": "romeie06", "comment_date": ["04/14", "10:06"], "comment_content": "$$"}, {"comment_author": "sa528916", "comment_date": ["04/14", "10:12"], "comment_content": "執政幾年了 只會越來越多 呵呵"}, {"comment_author": "async", "comment_date": ["04/14", "10:13"], "comment_content": "最近舔共的側翼也變多了"}, {"comment_author": "lavendersea", "comment_date": ["04/14", "10:17"], "comment_content": "黨給的錢夠多啊"}, {"comment_author": "newhander", "comment_date": ["04/14", "10:20"], "comment_content": "因為有愛韓藍教的小草在網上顛倒是非"}, {"comment_author": "ling621", "comment_date": ["04/14", "10:23"], "comment_content": "就滯台閩南仔掌控地下電台的民族性轉移到"}, {"comment_author": "ling621", "comment_date": ["04/14", "10:23"], "comment_content": "各大傳媒 跟中國共匪喜歡控制言論一樣"}, {"comment_author": "ling621", "comment_date": ["04/14", "10:23"], "comment_content": ""}, {"comment_author": "shadowdio", "comment_date": ["04/14", "11:09"], "comment_content": "多到根本世界奇觀 各國政府跟不上綠共"}, {"comment_author": "dark0224", "comment_date": ["04/14", "11:15"], "comment_content": "媽祖信徒也很多"}]}
