{"author": "ubcs (覺★青年超冒險蓋)", "category": "Gossiping", "title": "[公告] 違反板規一直往水桶痛點踩身心俱疲 水桶", "date": "Wed Apr 17 17:26:59 2024", "content": ["第四條：〔政治八卦規範〕  ￣￣￣￣￣￣￣￣￣￣￣￣ ‧", "內容討論包含下述類別，且文章有八卦性質，即為政治八卦。 ‧", "中華民國政府遷台後之特定政治人物及其伴侶。", "正副總統、五院正副院長、政務官、立委、縣市長、縣市議員。    (包含歷任國大代表、省議員)", "監察委員、考試委員、黨職人員、鄉鎮市區民代表、鄉鎮市長、經選舉之區長。", "競選中之候選人。(村里長需注意是否為競選中之候選人。)          黨內初選之總統、立委、縣市長、縣市議員候選人。          於中選會登記連署之參選人。          上述候選或參選之發言人、常見於相關媒體發言之幕僚。          初選和連署失敗為退場點，但需注意是否有歷任、現任相關職務。", "歷任國大、立委、省議員、縣市議員，於身故後可問泛政治除外之八卦。 ‧", "中華民國政府遷台後之政府職務、政黨政治、各級民代職務。    (政府職務不含村里長，但村里長問卦需注意是否涉及政黨政治和其他違規。) ‧ 不論任何分類的回文，皆受政治問卦之規範。 ‧ 無八卦之泛政治文章，板主得刪除之。", "‧ 禁止", "轉錄無八卦之政治文章（包含政治FB文章、政黑板文章），違者水桶三個月。 ‧ 如有政治相關八卦請直接", "，", "，", "‧ 當政治人物有多重身分時（例如：藝人），非政治身分的相關問卦以", "。最近統神相關事件也導致一直有使用者踩到政問板規痛點被水桶之後再依各種管道上來申訴有用錯別字替代說非政問辯解的、也有說問統神沒問政治人物的但板規就是", "蛤政治人物相關政問也不是從我開始，可以自行翻閱之前各板主的公告如果對於判決有問題，可至板務申訴覺得板規有問題也可以提出正式討論，要不要修改我都可以，我只是按照板規做事當然如果覺得我有問題，也可以提出罷免~我也不是第一天上ptt，什麼風氣我也很了解，管與不管都會有人不爽以上", "例如", "水桶列表 26位", "解除", "的禁言限制 (距原期限尚有 20 天)  理由: 更正天數 同篇推文檢舉只計一次 實際B7X1", "暫停", "發言，期限為 6 天  理由: 2位板主判定推文違反板規X1 水桶6天(扣1天已桶)", "暫停", "發言，期限為 30 天  理由: 板規二多次違規刪除 警告第2次 水桶1個月", "暫停", "發言，期限為 2250 天  理由: 推文澀情聯結2周共75篇 水桶75個月", "暫停", "發言，期限為 37 天  理由: 非許可媒體累犯第3次1M 推文板規7X1  水桶37天", "暫停", "發言，期限為 180 天  理由: 錯誤翻譯造成曲解造謠鬧板 退文+水桶6個月", "暫停", "發言，期限為 74 天  理由: 2位板主判定推文違反板規7累犯37X2 水桶74天", "解除", "的禁言限制 (距原期限尚有 238 天)  理由: 加桶 2位板主判定推文違反板規7X10 水桶70天", "暫停", "發言，期限為 308 天  理由: 2位板主判定推文違反板規7X10 合前水桶308天", "暫停", "發言，期限為 67 天  理由: 2位板主判定推文違反板規7累犯第2次 水桶67天", "暫停", "發言，期限為 67 天  理由: 2位板主判定推文違反板規7累犯第2次 水桶67天", "暫停", "發言，期限為 7 天  理由: 2位板主判定推文違反板規7 水桶7天", "暫停", "發言，期限為 7 天  理由: 2位板主判定推文違反板規7 水桶7天", "暫停", "發言，期限為 187 天  理由: 文章板規7X1 推文板規7X1 退文+水桶187天", "暫停", "發言，期限為 30 天  理由: 4/8 新聞超貼X1 水桶1個月", "暫停", "發言，期限為 60 天  理由: 4/11 問卦超貼X1累犯 水桶2個月", "暫停", "發言，期限為 30 天  理由: 4/11 新聞超貼X1 水桶1個月", "暫停", "發言，期限為 90 天  理由: 政問 水桶3個月", "暫停", "發言，期限為 90 天  理由: 韓國瑜踩到政問痛點 水桶3個月", "暫停", "發言，期限為 90 天  理由: 爆卦偷渡徐巧芯政問 水桶3個月", "暫停", "發言，期限為 37 天  理由: 問卦政治族群踩到政問警告痛點7 累犯30 水桶37天", "暫停", "發言，期限為 60 天  理由: 18字過短 未滿正體中文20字 水桶2個月", "暫停", "發言，期限為 90 天  理由: 政問 水桶3個月", "暫停", "發言，期限為 90 天  理由: 周刊新聞涉政治人物 水桶3個月", "暫停", "發言，期限為 90 天  理由: 王美花踩到政問痛點 水桶3個月", "解除", "的禁言限制 (距原期限尚有 90 天)  理由: 加桶 政問共2篇 水桶6個月", "暫停", "發言，期限為 180 天  理由: 王美花、林昶佐踩到政問痛點X2 水桶6個月", "暫停", "發言，期限為 90 天  理由: 連勝文踩到政問痛點 水桶3個月", "暫停", "發言，期限為 90 天  理由: 童仲彥踩政問痛點 水桶3個月", "暫停", "發言，期限為 120 天  理由: 濫用爆卦累犯2M 手動置底2M 水桶4個月1", "解除", "的禁言限制 (距原期限尚有 20 天)  理由: 更正天數 同篇推文檢舉只計一次 實際B7X1", "暫停", "發言，期限為 6 天  理由: 2位板主判定推文違反板規X1 水桶6天(扣1天已桶)", "2", "暫停", "發言，期限為 30 天  理由: 板規二多次違規刪除 警告第2次 水桶1個月", "3", "暫停", "發言，期限為 2250 天  理由: 推文澀情聯結2周共75篇 水桶75個月", "4", "暫停", "發言，期限為 37 天  理由: 非許可媒體累犯第3次1M 推文板規7X1  水桶37天", "5", "暫停", "發言，期限為 180 天  理由: 錯誤翻譯造成曲解造謠鬧板 退文+水桶6個月   一、", "┌─────────────────────────────────────┐│ 文章代碼(AID):", "[ptt.cc] [問卦] 日本人：來日本玩的? ││ 文章網址:", "││ 這一篇文章值 3 Ptt幣                                                     │└─────────────────────────────────────┘", "二、", "【如：超貼新聞、OP、超貼、引戰，貼出板規可加快處理速度】        檢舉違規需", "並告知", "推特原文", "円安のなにが嫌って、馬鹿なうるさいど底辺、観光客が増えるから。正確翻譯應該是，『討厭日圓貶值的原因是像笨蛋一樣的底層觀光客也會增加』並不是如原PO所說的『最近到日本玩的外國觀光客都是些底層的笨蛋』‧ 經舉證該八卦文為虛構，文章予以刪除。經查有惡意造謠者，視同鬧板。  第九條：〔鬧板〕  ￣￣￣￣￣￣￣￣ ‧ 有鬧板茲事者，鬧板文章", "滋事之判定由板主判定。", "三、", "beaver6", "暫停", "發言，期限為 74 天  理由: 2位板主判定推文違反板規7累犯37X2 水桶74天", "7", "解除", "的禁言限制 (距原期限尚有 238 天)  理由: 加桶 2位板主判定推文違反板規7X10 水桶70天", "暫停", "發言，期限為 308 天  理由: 2位板主判定推文違反板規7X10 合前水桶308天", "8", "暫停", "發言，期限為 67 天  理由: 2位板主判定推文違反板規7累犯第2次 水桶67天", "9", "暫停", "發言，期限為 67 天  理由: 2位板主判定推文違反板規7累犯第2次 水桶67天", "10", "暫停", "發言，期限為 7 天  理由: 2位板主判定推文違反板規7 水桶7天", "11", "暫停", "發言，期限為 7 天  理由: 2位板主判定推文違反板規7 水桶7天", "12", "暫停", "發言，期限為 187 天  理由: 文章板規7X1 推文板規7X1 退文+水桶187天", "13", "暫停", "發言，期限為 30 天  理由: 4/8 新聞超貼X1 水桶1個月4/08 googolplex □ [新聞] 快新聞/抖音影片婦佔火車2…4/08 googolplex □ [新聞] 單產提高 中國玉米產量預…14", "暫停", "發言，期限為 60 天  理由: 4/11 問卦超貼X1累犯 水桶2個月     11     4/11 eric2016     □ [問卦] 18歲校花撞臉IU，秀鉛筆腿…(Gossiping)     12     4/11 eric2016     □ [問卦] 台灣社會是不是雙標到令人…(Gossiping)     13     4/11 eric2016     □ [問卦] 小S是如何屢次逃過側翼的… (Gossiping)     14     4/11 eric2016     □ [問卦] 大港開唱跟統神直播哪一個…(Gossiping)累犯", "15", "暫停", "發言，期限為 30 天  理由: 4/11 新聞超貼X1 水桶1個月      2     4/11 applerunning □ [新聞] 獨／創意私房兒少偷拍片至…(Gossiping)      3     4/11 applerunning □ [新聞] 分潤驚人！創意私房金主高…(Gossiping)16", "暫停", "發言，期限為 90 天  理由: 政問 水桶3個月", "如題大家都知道老屁股老是喜歡提當年勇那蔡英文卸任後會不會開始對新總統的能源政策指指點點啊--", "17", "暫停", "發言，期限為 90 天  理由: 韓國瑜踩到政問痛點 水桶3個月", "市長時期的他金句連發，萬眾矚目「高雄發大財、禿子跟著月亮走、棋子與塞子、怎不問我幾歲處男」立法院長的他就顯得有點......正常？到底哪個才是真的他呀？現在的他存在感低到讓我懷疑不是同一個人是媒體刻意為之嗎，還是他真的變了亦或是......他從頭到尾都很正常？--", "18", "暫停", "發言，期限為 90 天  理由: 爆卦偷渡徐巧芯政問 水桶3個月", "徐巧芯：黃捷「腦子壞了」！", "徐巧芯：黃捷「沒腦子的」！--神擋殺神，佛阻滅佛，惡魔之流者才為之，典型中共唯物論迫害宗教狡詞，難怪大陸同胞尊稱「江芯」、「紅衛芯」！--白藍紅「女魔神仔」徐巧芯，日前羞辱「綠色和平」公義女神黃捷腦子有問題，其實說真的，所謂有問題可能微調一下就變正常了，並非真的壞掉，較難勝訟。可是！徐巧芯毫無悔意，再度追加羞辱「整組壞掉」！哇靠！這要怎麼救？尤其！徐巧芯懶得再演，直接不演「連續犯」施暴「加重誹謗」：根本沒有腦袋！唉～蚵普一下：腦子有問題、有壞掉，或許可用公共議題意見評論混過去。幹！sorry打錯，但！人腦屬於人類之所以尊為萬物之靈的最重要器官！妳就算嗆公然侮辱罪證判例的「腦子有洞」都還好，至少還存在人腦吧！罵人沒有腦子屬於「事實陳述」範疇！等同極端羞辱最低等生物種！--今天黃捷所有評論完全拿妳徐巧芯過去所作理論、所為基礎，反省汝身是否嚴以逼人、寬以脫己的邏輯荒堂，可有半字人身攻擊？反觀徐美鳳從頭到尾，顛三倒四、愈圓愈謊，氣急攻芯、人身攻擊不斷！所謂公眾人物應受公評，多半是芻狗韭菜草民妄議權勢人物，司法憫免訟累。可徐巧芯與黃捷，權勢地位完全平行對等！雖然社會評價南轅北轍…人家堂堂「碩士生」活該被妳最愛歧視「高中生」的「大學仔」欺負唷？--真的應驗一句話：不作死，不會死。最初就道歉下會死？竟還變本加厲！我看除非請出徐巧芯恩師之馬英九之國師陳長文，出馬屈就主任律師，看能不能讓司法後生晚輩看他面子上如馬英九全數罪證確鑿仍「脫罪」，不然準備土城找芯安，好姐妹獄中相互疼惜照顧傳為佳話，亦非壞事。--", "19", "暫停", "發言，期限為 37 天  理由: 問卦政治族群踩到政問警告痛點7 累犯30 水桶37天", "現在四月而已桃園昨天就大停電前兩天還是靠台積發電幫忙撐的我在想啊這種大停電發生的時候40%在想什麼？嘻嘻--", "20", "暫停", "發言，期限為 60 天  理由: 18字過短 未滿正體中文20字 水桶2個月", "可以去問問蔣經國，當年是這麼在俄國生活", ":--", "21", "暫停", "發言，期限為 90 天  理由: 政問 水桶3個月", "安安乳提統神負責的與對手握手言和從此洗滌心靈是說統神跟吳崢握手時在想什麼？有卦否-----Sent from JPTT on my iPhone--", "22", "暫停", "發言，期限為 90 天  理由: 周刊新聞涉政治人物 水桶3個月", "1.媒體來源:鏡周刊2.記者署名:文/黃驛淵攝影/李智為 賴智揚 林煒凱繪圖/米承鶴、林鴻彬3.完整新聞標題:【藍大咖家暴慣犯】妻兒長期活在恐懼陰影下　爆藍營大咖S家暴慣犯4.完整新聞內文:隸屬藍營政治家族的國民黨要角爆發家暴醜聞！本刊調查，3月間，剴剴遭虐案鬧得沸沸揚揚之際，藍營大咖S卻在自家豪宅對出身企業望族的妻子P，以及未成年的兒子惡言相向、出言羞辱，甚至一度要把手機砸向兒子，不堪精神、言語暴力的P，當時忍不住哭著請豪宅保全通報家暴中心，讓此案在社福機關內部傳開，S的家暴史還不只這一樁，過去他常對妻兒言語暴力也曾留下通報紀錄，幾經折磨的P一度想離婚解脫，但最後為了顧全雙方政治、事業名聲，隱忍、煎熬至今。3月間，受兒福聯盟委託，照顧新北市1歲男童剴剴的劉姓保母，涉嫌與胞妹凌虐剴剴致死，震驚社會，就在輿論聚焦檢討兒童保護與社福通報機制之際，本刊接獲爆料，身為藍營政治家族的一名國民黨要角，同時間卻對太太、兒子家暴，儘管消息傳遍該縣市政府社福系統，但礙於個案隱私、政治壓力，此事僅在政府機關內部悶燒，相關知情人員都被下封口令，要求不能對外透露。本刊調查，這名國民黨要角、政治家族成員S是全國知名人物，妻子P出身企業望族，不但外型姣好、堪比模特兒，當年S與P風光舉辦婚禮，政界大咖齊聚一堂，兩人婚後住進北台灣知名豪宅，S也常牽著P連袂出席公益慈善活動，讓這樁政商家族聯姻羨煞旁人。不過，S在政界卻是出了名的情史豐富，婚前就常傳出緋聞，本刊調查，在政壇打滾多年的S不僅花邊新聞多，進入家庭生活後，更是一名家暴慣犯，曾多次對兒子言語、精神暴力，連望族出身的老婆P都遭殃，長期備受精神、心理煎熬的她，私下曾對友人聲淚俱下泣訴「快待不下去」，S動輒羞辱、怒罵妻兒的行為，甚至逼得P忍不住多次向家暴中心、在地警方通報。衛生福利部統計，去年家暴通報案量約16.8萬件，每天平均有460件，根據《家庭暴力防治法》，不是被打才算家暴，除肢體傷害等身體層面的暴力外，包括言語謾罵、吼叫、侮辱等精神或心理層面的行為都是家暴樣態。該法同時規範，媒體不得報導被害人及其未成年子女的姓名，或足以識別相關當事人身分的資訊，即便成年人也須經本人同意才可揭露姓名，因此，本刊衡量社會公義與新聞倫理平衡，以去識別化的方式報導此案。★《鏡週刊》關心您：若自身或旁人遭受身體虐待、精神虐待，請立刻撥打110報案，再尋求113專線，求助專業社工人員。5.完整新聞連結 (或短網址)不可用YAHOO、LINE、MSN等轉載媒體:", "6.備註:關鍵字也太多了吧?  五樓您怎看?--", "23", "暫停", "發言，期限為 90 天  理由: 王美花踩到政問痛點 水桶3個月[1m04/17/2024 15:04:57", "解除", "的禁言限制 (距原期限尚有 90 天)  理由: 加桶 政問共2篇 水桶6個月", "暫停", "發言，期限為 180 天  理由: 王美花、林昶佐踩到政問痛點X2 水桶6個月", "今天新聞出來我們美花部長強調「夏天前供電都會穩定！」這句話看似保證但越看越毛想問一下「夏天前供電都會穩定」代表的含義是什麼--", "我不是說那個幫陳時中開車門得林昶佐我說的是那個口中愛台灣的閃靈樂團主唱並且「合法」免疫的林昶佐雖然他免疫可以不用上戰場但是我相信民進黨員都很愛台灣一定會為台灣犧牲奉獻如果他願意上戰場我相信很多鄉民會一起跟上但他會嗎？--", "他自己都承認閃兵了好險他是民進黨的不然早就被批鬥噴爆了", "民進黨的就不用擔心了現在看看11萬、閃兵這些加入民進黨後過的多麼滋潤", "我是也沒氣憤只是要讓大家多看看民進黨噁心的樣子", "我覺得kmt 也很噁心啊所以你覺得林昶佐噁心嗎？說出來還是他是民進黨的對你就不噁心了？", "早說？你怎麼不早說你從頭到尾都在扯其他黨", "我也是這麼希望的但我當兵一年 他？", "24", "暫停", "發言，期限為 90 天  理由: 連勝文踩到政問痛點 水桶3個月", "連勝文 Sean Lien蔡依珊 Patty Tsai記得小時候看到P嫁給S的時候真的很震驚因為說真的啦，嫁給有錢人可以理解但是有錢人其實很多啊當初P是怎麼選到S的S有什麼特別過人之處嗎？有沒有當初連勝文怎麼追到蔡依珊的八卦？-----Sent from JPTT on my Samsung SM-S9180.--", "(美國)", "25", "暫停", "發言，期限為 90 天  理由: 童仲彥踩政問痛點 水桶3個月", "現在不合法是因為世界沒有跟上神的腳步童神加入阿童的金色力量雙童合璧不是藍 不是白 不是綠而是適合我們神的金一個推動性專區合法一個推動未成年除罪之後合法我們童神就解套了畢竟我們童神不可能錯只是走的太前面 世界跟不上神的腳步為了改變世界而努力 神以後依舊拉風-----Sent from JPTT on my Samsung SM-S9080.--", "26", "暫停", "發言，期限為 120 天  理由: 濫用爆卦累犯2M 手動置底2M 水桶4個月", "我做夢夢到竹聯幫火鳳凰是我鄰居火鳳凰和她女兒、女婿聊天聊得太大聲我就聽到台積電已經做出了皮下注射就可以讀取意念的晶片不像伊隆馬斯克的neurolink還需要顱內開骨晶片還可以控制心臟跳動他們就有買台積電股票還說公事公辦不知道台積電和竹聯幫什麼關係要公事公辦？我做夢夢到的，但我不怕被告。--", "--", "--", "04/17 17:28"], "post_comment": [{"comment_author": "s820912gmail", "comment_date": ["04/17", "12:24"], "comment_content": "水桶88"}, {"comment_author": "RisingTackle", "comment_date": ["04/17", "12:24"], "comment_content": "你要先確定他不會去美國與家人團聚"}, {"comment_author": "zzyyxx77", "comment_date": ["04/17", "12:24"], "comment_content": "8"}, {"comment_author": "nptrj", "comment_date": ["04/17", "12:26"], "comment_content": "出書跟辦餐會賺吃吧"}, {"comment_author": "pchion2002", "comment_date": ["04/17", "12:26"], "comment_content": "急了"}, {"comment_author": "kinki999", "comment_date": ["04/17", "12:28"], "comment_content": "2024不關我的事"}, {"comment_author": "james732", "comment_date": ["04/17", "12:03"], "comment_content": "政問BYE"}, {"comment_author": "headcase", "comment_date": ["04/17", "12:04"], "comment_content": "為了韓國瑜被水桶 看來是真愛"}, {"comment_author": "ralfeistein", "comment_date": ["04/17", "12:04"], "comment_content": "水桶8"}, {"comment_author": "derrick1220", "comment_date": ["04/17", "12:04"], "comment_content": "掰"}, {"comment_author": "preisner", "comment_date": ["04/17", "12:04"], "comment_content": "政問 88"}, {"comment_author": "sd09090", "comment_date": ["04/17", "12:05"], "comment_content": "把時間拉長，從他在眷村開始分析"}, {"comment_author": "liuhan", "comment_date": ["04/17", "12:05"], "comment_content": "只有垃圾817萬綠蛆不正常  有人不知道?"}, {"comment_author": "mayshun", "comment_date": ["04/16", "20:54"], "comment_content": "走錯路了 這裡不是政黑"}, {"comment_author": "sheagia", "comment_date": ["04/16", "20:55"], "comment_content": "說實話不罰吧"}, {"comment_author": "gaym19", "comment_date": ["04/16", "20:55"], "comment_content": "???"}, {"comment_author": "ck901372", "comment_date": ["04/16", "20:55"], "comment_content": "水桶"}, {"comment_author": "Tiphareth", "comment_date": ["04/16", "20:55"], "comment_content": "少在那邊硬凹 這算是可公評之事"}, {"comment_author": "fony1029", "comment_date": ["04/16", "20:55"], "comment_content": "40%又來了 嘻嘻"}, {"comment_author": "spring719", "comment_date": ["04/16", "20:55"], "comment_content": "我沒有證據，我懷疑你在反串40%"}, {"comment_author": "ghostl40809", "comment_date": ["04/16", "20:55"], "comment_content": "看成巧芯美魔女"}, {"comment_author": "Tiphareth", "comment_date": ["04/16", "20:55"], "comment_content": "在擔心黃捷會告輸才是真心話"}, {"comment_author": "angelo98", "comment_date": ["04/16", "20:55"], "comment_content": "黃姐準備反撲了嗎？"}, {"comment_author": "stillsodden", "comment_date": ["04/16", "20:56"], "comment_content": "水桶，垃圾惱羞文"}, {"comment_author": "au4g3wk4k", "comment_date": ["04/16", "20:56"], "comment_content": "去政黑好嗎"}, {"comment_author": "pchion2002", "comment_date": ["04/16", "20:56"], "comment_content": "這啥小標題"}, {"comment_author": "Dcwei", "comment_date": ["04/16", "20:56"], "comment_content": "女模vs女神"}, {"comment_author": "em4", "comment_date": ["04/16", "20:56"], "comment_content": "感覺不符合爆卦 會被桶？"}, {"comment_author": "a27588679", "comment_date": ["04/16", "20:56"], "comment_content": "掰掰"}, {"comment_author": "dlam002", "comment_date": ["04/16", "20:56"], "comment_content": "卦在哪"}, {"comment_author": "justice0616", "comment_date": ["04/16", "20:57"], "comment_content": "爆卦"}, {"comment_author": "dai26", "comment_date": ["04/16", "20:57"], "comment_content": "自殺id ，網軍用的"}, {"comment_author": "rererere147", "comment_date": ["04/16", "20:57"], "comment_content": "毀謗頂多罰錢吧 怎麼會去土城"}, {"comment_author": "Kay731", "comment_date": ["04/16", "20:58"], "comment_content": "428次上線次數 連參考價值都沒有"}, {"comment_author": "XUPJPVUP", "comment_date": ["04/16", "20:59"], "comment_content": "政問，是不是發錯邊，回政綠版吧"}, {"comment_author": "justice2008", "comment_date": ["04/16", "20:59"], "comment_content": "太離譜了吧? 那女神沒腦子???"}, {"comment_author": "axsd", "comment_date": ["04/16", "20:59"], "comment_content": "很心疼嗎？"}, {"comment_author": "SaChiA5566", "comment_date": ["04/16", "20:59"], "comment_content": "這不是政黑耶你在幹麻？？8888888888"}, {"comment_author": "justice2008", "comment_date": ["04/16", "20:59"], "comment_content": "黃捷你不告你忍的下去???"}, {"comment_author": "N101084771", "comment_date": ["04/16", "21:00"], "comment_content": "哪沒卦？之前你們知道訴狀會追加嗎？"}, {"comment_author": "rockchangnew", "comment_date": ["04/16", "21:01"], "comment_content": "韓被罵草包好像沒事耶"}, {"comment_author": "N101084771", "comment_date": ["04/16", "21:01"], "comment_content": "我不發，誰知道？勝率超高幅趨近99.9%"}, {"comment_author": "HAHAHUNG", "comment_date": ["04/16", "21:02"], "comment_content": "雖然我也討厭巧芯 但你濫用爆卦"}, {"comment_author": "Kay731", "comment_date": ["04/16", "21:02"], "comment_content": "你先看你罵女魔會不會被告阿"}, {"comment_author": "Balhae", "comment_date": ["04/16", "21:02"], "comment_content": "綠畜不只腦子有問題"}, {"comment_author": "tmacor1", "comment_date": ["04/16", "21:02"], "comment_content": "好可憐的文章"}, {"comment_author": "N101084771", "comment_date": ["04/16", "21:02"], "comment_content": "哪有濫用？至今沒法律專業敢挑戰我！"}, {"comment_author": "sexygnome", "comment_date": ["04/16", "21:02"], "comment_content": "這種文沒有個6、70歲應該寫不出來"}, {"comment_author": "s81048112", "comment_date": ["04/16", "21:03"], "comment_content": "網軍動得很厲害~~~~~"}, {"comment_author": "HAHAHUNG", "comment_date": ["04/16", "21:03"], "comment_content": "等新聞出來在張貼+備註啊 原本順風被你"}, {"comment_author": "HAHAHUNG", "comment_date": ["04/16", "21:03"], "comment_content": "爆卦成逆風=="}, {"comment_author": "N101084771", "comment_date": ["04/16", "21:03"], "comment_content": "從勝算低到幾乎完勝，訴訟材料多重要!"}, {"comment_author": "yochiya", "comment_date": ["04/16", "21:03"], "comment_content": "上站次數怎麼不是426 數發部該扣錢了"}, {"comment_author": "sasdwezx", "comment_date": ["04/16", "21:04"], "comment_content": "這文真的一股老人臭"}, {"comment_author": "N101084771", "comment_date": ["04/16", "21:05"], "comment_content": "刑事訴訟狀沒我爆料那兩條,勝敗關鍵！"}, {"comment_author": "tmacor1", "comment_date": ["04/16", "21:06"], "comment_content": "翁達瑞是你?"}, {"comment_author": "snowrain", "comment_date": ["04/16", "21:07"], "comment_content": "所以呢？哪有有問題"}, {"comment_author": "aloneeagle", "comment_date": ["04/16", "21:08"], "comment_content": "法院會認證？"}, {"comment_author": "tau123", "comment_date": ["04/16", "21:09"], "comment_content": "好了啦，再裝就不像了，領多少？"}, {"comment_author": "pttnowash", "comment_date": ["04/16", "21:09"], "comment_content": "補血"}, {"comment_author": "N101084771", "comment_date": ["04/16", "21:11"], "comment_content": "笑死戰國策認為請一個國際教授出多少"}, {"comment_author": "Kay731", "comment_date": ["04/16", "21:13"], "comment_content": "所以你真的是翁達瑞喔"}, {"comment_author": "N101084771", "comment_date": ["04/16", "21:13"], "comment_content": "溫度計網軍頭巧芯尪劉彥澧出多少請我?"}, {"comment_author": "N101084771", "comment_date": ["04/16", "21:14"], "comment_content": "哪可能啦翁達瑞國際學者會像我低級端?"}, {"comment_author": "N101084771", "comment_date": ["04/16", "21:16"], "comment_content": "惡馬惡人騎,幹共產國際紅藍白我來足矣"}, {"comment_author": "sid3", "comment_date": ["04/16", "21:17"], "comment_content": "這裡不是你臉書發洩情緒"}, {"comment_author": "wahimodeux", "comment_date": ["04/16", "21:18"], "comment_content": "就告啊，你替她喊什麼熱？"}, {"comment_author": "a1e", "comment_date": ["04/16", "21:18"], "comment_content": "現在7旬老人也會上ptt了嗎？"}, {"comment_author": "silver0314", "comment_date": ["04/16", "21:28"], "comment_content": "黃捷比徐巧芯不是差不多嗎 笑死"}, {"comment_author": "jiaching", "comment_date": ["04/16", "21:29"], "comment_content": "坐等法院認證"}, {"comment_author": "inderal", "comment_date": ["04/16", "21:30"], "comment_content": "政問,水桶，拜拜"}, {"comment_author": "BRANFORD", "comment_date": ["04/16", "21:32"], "comment_content": "反串要講"}, {"comment_author": "N101084771", "comment_date": ["04/16", "21:35"], "comment_content": "反串 是無法反擊時 網軍7大擺爛之首XD"}, {"comment_author": "N101084771", "comment_date": ["04/16", "21:36"], "comment_content": "網軍教戰手冊都有學,當我沒做過教官…"}, {"comment_author": "HOWyun2648", "comment_date": ["04/16", "21:38"], "comment_content": "誹謗罪先去處理政黑吧"}, {"comment_author": "LargerThanU", "comment_date": ["04/16", "21:43"], "comment_content": "事實總是傷人"}, {"comment_author": "nikewang", "comment_date": ["04/16", "21:46"], "comment_content": "政黑柵欄又壞了"}, {"comment_author": "yien1809", "comment_date": ["04/16", "21:51"], "comment_content": "一點進來就問到老人臭"}, {"comment_author": "N101084771", "comment_date": ["04/16", "21:54"], "comment_content": "白藍老人臭：月休7天月領7萬才正義！"}, {"comment_author": "N101084771", "comment_date": ["04/16", "21:56"], "comment_content": "白藍老人臭：蚵毀農養地猴剝削學生讚!"}, {"comment_author": "billybbb", "comment_date": ["04/16", "22:05"], "comment_content": "閉嘴啦你懂什麼"}, {"comment_author": "hawk30", "comment_date": ["04/16", "22:05"], "comment_content": "綠老柯真臭現在最老就他"}, {"comment_author": "BRANFORD", "comment_date": ["04/16", "22:10"], "comment_content": "什麼，居然不是反串"}, {"comment_author": "peiic", "comment_date": ["04/17", "11:59"], "comment_content": "捉i"}, {"comment_author": "highyes", "comment_date": ["04/17", "11:59"], "comment_content": "40% 是自主斷電  誰跟你停電 = =？"}, {"comment_author": "k753kimo", "comment_date": ["04/17", "11:59"], "comment_content": "阿共的陰謀啊 不然呢 怎麼會叫死忠"}, {"comment_author": "hkcdc", "comment_date": ["04/17", "12:00"], "comment_content": "可能趁機做愛"}, {"comment_author": "tmgl", "comment_date": ["04/17", "12:00"], "comment_content": "藍白又再搞"}, {"comment_author": "cutesoda", "comment_date": ["04/17", "12:00"], "comment_content": "都是60%浪費電害全台停電"}, {"comment_author": "milk250", "comment_date": ["04/17", "12:01"], "comment_content": "都是柯文哲害的"}, {"comment_author": "hcastray", "comment_date": ["04/17", "12:02"], "comment_content": "民主的停電"}, {"comment_author": "kkjjrtlym", "comment_date": ["04/17", "12:02"], "comment_content": "抱歉 40%大多在南部 不受影響喔"}, {"comment_author": "cdmlin", "comment_date": ["04/17", "12:03"], "comment_content": "大停電?"}, {"comment_author": "cdmlin", "comment_date": ["04/17", "12:05"], "comment_content": "沒大停電還在崩潰? 難怪台股又是全球最強"}, {"comment_author": "fony1029", "comment_date": ["04/17", "12:06"], "comment_content": ""}, {"comment_author": "fony1029", "comment_date": ["04/17", "12:07"], "comment_content": ""}, {"comment_author": "fony1029", "comment_date": ["04/17", "12:07"], "comment_content": ""}, {"comment_author": "fony1029", "comment_date": ["04/17", "12:07"], "comment_content": "在跳舞慶祝吧，嘻嘻"}, {"comment_author": "weibibby", "comment_date": ["04/17", "12:12"], "comment_content": "40%都在吃屎"}, {"comment_author": "au4g3wk4k", "comment_date": ["04/17", "12:13"], "comment_content": "40%都再想16度冷氣真爽 北部落後停電"}, {"comment_author": "lou", "comment_date": ["04/17", "12:18"], "comment_content": "不是停台北…崩潰"}, {"comment_author": "rumblefish", "comment_date": ["04/17", "12:21"], "comment_content": "用愛發電"}, {"comment_author": "mk5520", "comment_date": ["04/17", "12:21"], "comment_content": "40%：喜迎漲價，台灣不缺電"}, {"comment_author": "DCinchaos", "comment_date": ["04/17", "12:25"], "comment_content": "暖"}, {"comment_author": "ayakiax", "comment_date": ["04/17", "12:25"], "comment_content": "停個屁，是電還沒到而已"}, {"comment_author": "jerry810113", "comment_date": ["04/17", "12:29"], "comment_content": "超前部署先停電高峰就不會停"}, {"comment_author": "karkkunt", "comment_date": ["04/17", "12:19"], "comment_content": "要怎麼問蔣經國= ="}, {"comment_author": "xm32", "comment_date": ["04/17", "12:20"], "comment_content": "那是為了和洋妞打炮"}, {"comment_author": "dontaskme", "comment_date": ["04/17", "12:20"], "comment_content": "8888"}, {"comment_author": "tmgl", "comment_date": ["04/17", "12:21"], "comment_content": "他去讀書的又不一樣"}, {"comment_author": "a3221715", "comment_date": ["04/17", "13:11"], "comment_content": "神罰"}, {"comment_author": "preisner", "comment_date": ["04/15", "08:00"], "comment_content": "都不想當兵了還上戰場"}, {"comment_author": "tamama000", "comment_date": ["04/15", "08:01"], "comment_content": "國w防w委w員wwwwwwwww"}, {"comment_author": "coffee112", "comment_date": ["04/15", "08:01"], "comment_content": "他應該在廁所出不來吧??"}, {"comment_author": "piggybill", "comment_date": ["04/15", "08:01"], "comment_content": "不會 他會靠尿尿驗退 嘻嘻"}, {"comment_author": "gusser", "comment_date": ["04/15", "08:01"], "comment_content": "會啦 那張嘴吧會"}, {"comment_author": "snsdakb48", "comment_date": ["04/15", "08:01"], "comment_content": "嚇到都失禁了"}, {"comment_author": "agong", "comment_date": ["04/15", "08:01"], "comment_content": "軍醫院體檢 vs軍費6000億專業軍官"}, {"comment_author": "hiphopmei", "comment_date": ["04/15", "08:01"], "comment_content": "閃尿"}, {"comment_author": "druu", "comment_date": ["04/15", "08:01"], "comment_content": "嘴砲應該很強"}, {"comment_author": "petshopboys", "comment_date": ["04/15", "08:01"], "comment_content": "章蔣萬安上不上戰場？"}, {"comment_author": "dahlia7357", "comment_date": ["04/15", "08:02"], "comment_content": "問就是失禁"}, {"comment_author": "lewisk", "comment_date": ["04/15", "08:02"], "comment_content": "40趴：八卦版995 主唱逃兵啊"}, {"comment_author": "petshopboys", "comment_date": ["04/15", "08:02"], "comment_content": "脊椎側彎驗退還可以打籃球的雜種安"}, {"comment_author": "headcase", "comment_date": ["04/15", "08:02"], "comment_content": "笑死 會不會留在台灣還不一定嘞"}, {"comment_author": "lewisk", "comment_date": ["04/15", "08:02"], "comment_content": "章萬安至少沒有成天嘴砲要打仗"}, {"comment_author": "wagayidnf", "comment_date": ["04/15", "08:02"], "comment_content": "看到槍先尿滿地吧 怎麼上場"}, {"comment_author": "coffee112", "comment_date": ["04/15", "08:03"], "comment_content": ""}, {"comment_author": "Athchen", "comment_date": ["04/15", "08:03"], "comment_content": "綠粉都說蔣萬安會跪下投降，那人家不當"}, {"comment_author": "Athchen", "comment_date": ["04/15", "08:03"], "comment_content": "很正常"}, {"comment_author": "rererere147", "comment_date": ["04/15", "08:04"], "comment_content": "當軍樂隊吧 後方唱歌上buff"}, {"comment_author": "tamama000", "comment_date": ["04/15", "08:05"], "comment_content": "笑死 綠色當然要以身作則啊 扯國民黨？"}, {"comment_author": "tamama000", "comment_date": ["04/15", "08:05"], "comment_content": "難怪國民黨縣市長跟立委一直贏"}, {"comment_author": "matatabi", "comment_date": ["04/15", "08:05"], "comment_content": "閃尿，嘻嘻，台上這麼兇，一聽要當兵就"}, {"comment_author": "petshopboys", "comment_date": ["04/15", "08:05"], "comment_content": "要批就一起批　不用看黨派差別待遇"}, {"comment_author": "matatabi", "comment_date": ["04/15", "08:05"], "comment_content": "尿褲子"}, {"comment_author": "tamama000", "comment_date": ["04/15", "08:05"], "comment_content": "綠色拔了台獨神主牌根本內政廢物"}, {"comment_author": "matatabi", "comment_date": ["04/15", "08:05"], "comment_content": "只有柯P當過兵吧"}, {"comment_author": "inzeghi", "comment_date": ["04/15", "08:06"], "comment_content": "猜絕對不會。他會抓著亡國題材巡演全世界"}, {"comment_author": "coffee112", "comment_date": ["04/15", "08:06"], "comment_content": "整天扯國民黨 結果民進党跟國民黨一樣"}, {"comment_author": "coffee112", "comment_date": ["04/15", "08:06"], "comment_content": "爛 難道都沒有感覺到哪裡怪怪的嗎XDDD"}, {"comment_author": "realkio", "comment_date": ["04/15", "08:06"], "comment_content": "真的是問A答B結論C"}, {"comment_author": "scum5566", "comment_date": ["04/15", "08:06"], "comment_content": "先鞠躬哈腰"}, {"comment_author": "a7983115", "comment_date": ["04/15", "08:06"], "comment_content": "他忙着給長官開車門 沒空上戰場"}, {"comment_author": "petshopboys", "comment_date": ["04/15", "08:06"], "comment_content": "陳Ｇ８雜種安跟連神豬全是逃兵的垃圾"}, {"comment_author": "maththink", "comment_date": ["04/15", "08:07"], "comment_content": "當立委都對陳時中鞠躬了，上戰場會"}, {"comment_author": "maththink", "comment_date": ["04/15", "08:07"], "comment_content": "怎樣呢，嘻嘻"}, {"comment_author": "headcase", "comment_date": ["04/15", "08:07"], "comment_content": "結論 民進党=國民黨=賣台垃圾 結案"}, {"comment_author": "a03520", "comment_date": ["04/15", "08:07"], "comment_content": "兵都沒當還上戰場"}, {"comment_author": "seuil", "comment_date": ["04/15", "08:08"], "comment_content": "藍綠政客一堆這種啦 狗咬狗一嘴毛"}, {"comment_author": "BLINKPTT", "comment_date": ["04/15", "08:08"], "comment_content": "會在國外唱歌，哥布林女議員會cosplay"}, {"comment_author": "yangweiisi", "comment_date": ["04/15", "08:08"], "comment_content": "會閃尿啦XD"}, {"comment_author": "NCTU5566", "comment_date": ["04/15", "08:08"], "comment_content": "閃尿"}, {"comment_author": "coffee112", "comment_date": ["04/15", "08:08"], "comment_content": ""}, {"comment_author": "petshopboys", "comment_date": ["04/15", "08:09"], "comment_content": "你在那氣憤沒用的　先搞外國身分再說"}, {"comment_author": "za755029", "comment_date": ["04/15", "08:09"], "comment_content": "都閃兵了還打仗咧"}, {"comment_author": "seuil", "comment_date": ["04/15", "08:12"], "comment_content": "當然是辦世界巡迴演唱會去外國喊台灣獨立"}, {"comment_author": "kaitokid1214", "comment_date": ["04/15", "08:12"], "comment_content": "尿遁 抗中飽台之術"}, {"comment_author": "lewisk", "comment_date": ["04/15", "08:12"], "comment_content": "不用當兵選上總統的："}, {"comment_author": "machiusheng", "comment_date": ["04/15", "08:13"], "comment_content": "阿共看到尿漏成這樣 就嚇跑了"}, {"comment_author": "godofsex", "comment_date": ["04/15", "08:14"], "comment_content": ""}, {"comment_author": "l15", "comment_date": ["04/15", "08:15"], "comment_content": "會先閃尿"}, {"comment_author": "petshopboys", "comment_date": ["04/15", "08:17"], "comment_content": "DPP逃兵噁心　ＫＭＴ逃兵就不噁芯???"}, {"comment_author": "petshopboys", "comment_date": ["04/15", "08:18"], "comment_content": "台北市那個雜種草包安也是逃兵垃圾"}, {"comment_author": "lin0000030", "comment_date": ["04/15", "08:18"], "comment_content": "人家在討論閃尿 有人就硬要扯 嘻嘻"}, {"comment_author": "k945", "comment_date": ["04/15", "08:19"], "comment_content": "沒空 要幫時鐘開門"}, {"comment_author": "t81511270", "comment_date": ["04/15", "08:19"], "comment_content": "同樣是閃尿 KMT會躲起來 DPP會叫囂"}, {"comment_author": "petshopboys", "comment_date": ["04/15", "08:20"], "comment_content": "藍白糞就很愛雙標　哪天迴力鏢就射回"}, {"comment_author": "mask99", "comment_date": ["04/15", "08:20"], "comment_content": "不會 會閃的比你快"}, {"comment_author": "fonzae", "comment_date": ["04/15", "08:21"], "comment_content": "會先閃尿"}, {"comment_author": "babyMclaren", "comment_date": ["04/15", "08:22"], "comment_content": "但只能問八卦懼戰"}, {"comment_author": "petshopboys", "comment_date": ["04/15", "08:22"], "comment_content": "早說兩黨逃兵都垃圾　全部抓回去當兵"}, {"comment_author": "kai0829", "comment_date": ["04/15", "08:23"], "comment_content": "閃尿"}, {"comment_author": "petshopboys", "comment_date": ["04/15", "08:24"], "comment_content": "陳其邁章萬安連勝文全是逃兵的垃圾"}, {"comment_author": "t81511270", "comment_date": ["04/15", "08:24"], "comment_content": "都是垃圾  說出來阿 不要跳針"}, {"comment_author": "kenco", "comment_date": ["04/15", "08:24"], "comment_content": "免疫是不用被徵召，但他還是可以上戰場"}, {"comment_author": "faust666", "comment_date": ["04/15", "08:24"], "comment_content": "免『役』啦，免疫是免那個疾病？！"}, {"comment_author": "petshopboys", "comment_date": ["04/15", "08:24"], "comment_content": "閃尿目前沒公職　反觀北高兩逃兵市長"}, {"comment_author": "riker729", "comment_date": ["04/15", "08:25"], "comment_content": "免役想上都上不了，但他會表現很積極"}, {"comment_author": "petshopboys", "comment_date": ["04/15", "08:25"], "comment_content": "你發文只批判閃尿　其他逃兵視而不見"}, {"comment_author": "surelose", "comment_date": ["04/15", "08:25"], "comment_content": "「以身作則」才能服人 而不是打嘴炮"}, {"comment_author": "t81511270", "comment_date": ["04/15", "08:26"], "comment_content": "雀食  閃尿有當到市長的"}, {"comment_author": "wirecut", "comment_date": ["04/15", "08:29"], "comment_content": "政論節目也算戰場吧"}, {"comment_author": "eastwindow", "comment_date": ["04/15", "08:30"], "comment_content": "人家有黨證"}, {"comment_author": "Elsinore", "comment_date": ["04/15", "08:33"], "comment_content": "顏色對了 閃尿都能理所當然"}, {"comment_author": "Innofance", "comment_date": ["04/15", "08:33"], "comment_content": "會在大後方Live給友軍疊BUFF"}, {"comment_author": "seanfan", "comment_date": ["04/15", "08:33"], "comment_content": "笑尿 是不是有人在推文崩潰"}, {"comment_author": "hitsukix", "comment_date": ["04/15", "08:33"], "comment_content": "有人好心疼閃尿，是不是尿到他身上啦"}, {"comment_author": "seanfan", "comment_date": ["04/15", "08:33"], "comment_content": "跟小粉紅一樣 講習近平就說拜登兒"}, {"comment_author": "hoho5410", "comment_date": ["04/15", "08:33"], "comment_content": "閃兵孬種大談保家衛國"}, {"comment_author": "seanfan", "comment_date": ["04/15", "08:34"], "comment_content": "這就我們民進黨支持者水準 堪比共匪"}, {"comment_author": "seanfan", "comment_date": ["04/15", "08:34"], "comment_content": "然後還拿共匪來騙票 笑尿 都一個樣"}, {"comment_author": "petshopboys", "comment_date": ["04/15", "08:34"], "comment_content": "台灣應修法男女沒當兵禁止參選公職"}, {"comment_author": "music9man", "comment_date": ["04/15", "08:34"], "comment_content": "幫敵軍開後門"}, {"comment_author": "leondemon", "comment_date": ["04/15", "08:35"], "comment_content": "我猜應該會死守廁所"}, {"comment_author": "petshopboys", "comment_date": ["04/15", "08:35"], "comment_content": "陳其邁章萬安兩垃色逃兵還能當選市長"}, {"comment_author": "petshopboys", "comment_date": ["04/15", "08:36"], "comment_content": "鬼島就鼓勵投機取巧　守法的是笨蛋"}, {"comment_author": "aoecc", "comment_date": ["04/15", "08:36"], "comment_content": "當然不會，拿到槍就在抖漏尿了"}, {"comment_author": "faust666", "comment_date": ["04/15", "08:36"], "comment_content": "綠營閃兵仔叫囂最大聲，當然抓出來鞭，"}, {"comment_author": "faust666", "comment_date": ["04/15", "08:37"], "comment_content": "愛跟中共嗆堵又不負責打仗上戰場，不就"}, {"comment_author": "faust666", "comment_date": ["04/15", "08:37"], "comment_content": "嘴巴說負責內射就跑的渣男，嘻嘻"}, {"comment_author": "pccheni", "comment_date": ["04/15", "08:38"], "comment_content": "民进党只会上干场"}, {"comment_author": "beldy1202", "comment_date": ["04/15", "08:39"], "comment_content": "怎麼有閃尿粉崩潰"}, {"comment_author": "smallcar801", "comment_date": ["04/15", "08:39"], "comment_content": "林還有音樂外交和參加國際組織有貢"}, {"comment_author": "smallcar801", "comment_date": ["04/15", "08:39"], "comment_content": "獻，沈伯洋一定要上第一線站02-04"}, {"comment_author": "wwinterall", "comment_date": ["04/15", "08:40"], "comment_content": "他的專長是泊車小弟，你說呢？"}, {"comment_author": "icoann", "comment_date": ["04/15", "08:40"], "comment_content": "會閃尿"}, {"comment_author": "Ray90067", "comment_date": ["04/15", "08:42"], "comment_content": "會啊，上去當吟遊詩人"}, {"comment_author": "petshopboys", "comment_date": ["04/15", "08:42"], "comment_content": "一堆XX在那邊嘴　你有Plan B嗎　哈哈"}, {"comment_author": "abiggun", "comment_date": ["04/15", "08:43"], "comment_content": "閃尿跑路"}, {"comment_author": "source0209", "comment_date": ["04/15", "08:43"], "comment_content": "怎可能"}, {"comment_author": "yosh1568", "comment_date": ["04/15", "08:44"], "comment_content": "綠圾"}, {"comment_author": "hitsukix", "comment_date": ["04/15", "08:44"], "comment_content": "閃尿會哭著說他不要上，眼裡都是他的尿"}, {"comment_author": "fcz973", "comment_date": ["04/15", "08:45"], "comment_content": "會噴屎漏尿的廢物還是別上戰場好了"}, {"comment_author": "rambo2728", "comment_date": ["04/15", "08:45"], "comment_content": "有沒看過星際戰將，裡面都有一個負責唱"}, {"comment_author": "rambo2728", "comment_date": ["04/15", "08:45"], "comment_content": "歌的元帥了啊"}, {"comment_author": "hoho5410", "comment_date": ["04/15", "08:45"], "comment_content": "樓上有畫面喔XD"}, {"comment_author": "Padfoneman", "comment_date": ["04/15", "08:46"], "comment_content": "他敢去金門譙中共再說"}, {"comment_author": "Mydadisgay", "comment_date": ["04/15", "08:47"], "comment_content": "章萬安逃兵垃圾 那你敢說林昶佐逃兵也"}, {"comment_author": "fallennrise", "comment_date": ["04/15", "08:47"], "comment_content": "唱歌沒當過兵的國防委員哦？"}, {"comment_author": "Mydadisgay", "comment_date": ["04/15", "08:47"], "comment_content": "是垃圾嗎 還是只能跳針說雙標？"}, {"comment_author": "IKY201", "comment_date": ["04/15", "08:48"], "comment_content": "指揮官等級。一定在第一排帶士氣"}, {"comment_author": "konanno1", "comment_date": ["04/15", "08:48"], "comment_content": "沒用的腹肌 上戰場也是拖累別人而已"}, {"comment_author": "wondtty", "comment_date": ["04/15", "08:49"], "comment_content": "那小艦長呢？"}, {"comment_author": "DaneChen", "comment_date": ["04/15", "08:49"], "comment_content": "免疫不會被武統嗎 為何免疫不上戰場"}, {"comment_author": "QooSnow", "comment_date": ["04/15", "08:50"], "comment_content": "尿褲子"}, {"comment_author": "stillsodden", "comment_date": ["04/15", "08:50"], "comment_content": "閃尿仔上戰場前就萎屌了，上個鯛"}, {"comment_author": "weakerman", "comment_date": ["04/15", "08:50"], "comment_content": "話說打過師對抗還拿獎的，好像只有柯"}, {"comment_author": "weakerman", "comment_date": ["04/15", "08:50"], "comment_content": "文哲"}, {"comment_author": "moonlightz", "comment_date": ["04/15", "08:51"], "comment_content": "台灣林明美啊 唱歌提升士氣 懂？"}, {"comment_author": "ai2311", "comment_date": ["04/15", "08:52"], "comment_content": "人家至少不會逃兵叫你上戰場"}, {"comment_author": "monkeydog119", "comment_date": ["04/15", "08:52"], "comment_content": "被問當兵役期..陳其邁\"狂跳針\" 支吾"}, {"comment_author": "vev", "comment_date": ["04/15", "08:52"], "comment_content": "你呢？？！"}, {"comment_author": "monkeydog119", "comment_date": ["04/15", "08:52"], "comment_content": "說不清"}, {"comment_author": "hoho5410", "comment_date": ["04/15", "08:52"], "comment_content": "柯文哲喔，塔綠班的敵人啊"}, {"comment_author": "monkeydog119", "comment_date": ["04/15", "08:52"], "comment_content": ""}, {"comment_author": "lwrwang", "comment_date": ["04/15", "08:52"], "comment_content": "會閃尿"}, {"comment_author": "PeterSu1983", "comment_date": ["04/15", "08:55"], "comment_content": "先包尿布"}, {"comment_author": "Aixtron", "comment_date": ["04/15", "08:55"], "comment_content": "重點是誰願意和他同一隊？"}, {"comment_author": "Leoooooooooo", "comment_date": ["04/15", "08:56"], "comment_content": "林閃尿看一次噴一次，舔"}, {"comment_author": "Aixtron", "comment_date": ["04/15", "08:56"], "comment_content": "戰場上那有時間照顧只會喊口號的廢物"}, {"comment_author": "Alaba", "comment_date": ["04/15", "08:58"], "comment_content": "保衛台灣而不是保衛中華民國"}, {"comment_author": "william0725", "comment_date": ["04/15", "08:58"], "comment_content": "會先閃尿吧"}, {"comment_author": "stuangus", "comment_date": ["04/15", "08:59"], "comment_content": "綠共會躲美國用嘴上戰場"}, {"comment_author": "libur", "comment_date": ["04/15", "08:59"], "comment_content": "八卦版日常"}, {"comment_author": "b54102", "comment_date": ["04/15", "09:00"], "comment_content": "會漏尿吧"}, {"comment_author": "rtoday", "comment_date": ["04/15", "09:03"], "comment_content": "這咖當初沒被罷免成功…唉"}, {"comment_author": "leeyeah", "comment_date": ["04/15", "09:04"], "comment_content": "屎尿齊噴 赴美募款"}, {"comment_author": "supremexiii", "comment_date": ["04/15", "09:05"], "comment_content": "漏尿漏屎嚇嚇習近平"}, {"comment_author": "ohlong", "comment_date": ["04/15", "09:06"], "comment_content": "子彈打到的瞬間喊死腔"}, {"comment_author": "gin10791", "comment_date": ["04/15", "09:10"], "comment_content": "人上戰場"}, {"comment_author": "LandGrave", "comment_date": ["04/15", "09:10"], "comment_content": "兵都沒當了 會上戰場？"}, {"comment_author": "retrud", "comment_date": ["04/15", "09:13"], "comment_content": "可能會參加吊路燈大隊吧"}, {"comment_author": "medichou13", "comment_date": ["04/15", "09:15"], "comment_content": "叫他當兵就閃尿，打仗不就挫屎"}, {"comment_author": "KITAN", "comment_date": ["04/15", "09:16"], "comment_content": "廁所大媽還要幫閃尿仔清理他的屎很可憐"}, {"comment_author": "tenderwind", "comment_date": ["04/15", "09:17"], "comment_content": "馬上表演拉褲子給你看信不信？"}, {"comment_author": "WeiMinChen", "comment_date": ["04/15", "09:17"], "comment_content": "戰時不受國防部管制 只能排隊領罐頭"}, {"comment_author": "WeiMinChen", "comment_date": ["04/15", "09:17"], "comment_content": "這種人還是跟佛地魔一起口誅筆伐護台"}, {"comment_author": "WeiMinChen", "comment_date": ["04/15", "09:17"], "comment_content": "灣吧"}, {"comment_author": "helloffx", "comment_date": ["04/15", "09:19"], "comment_content": "當初對時鐘都彎的下去了"}, {"comment_author": "direct", "comment_date": ["04/15", "09:19"], "comment_content": "願意當國軍藝工隊你就要拍手了"}, {"comment_author": "kevincio", "comment_date": ["04/15", "09:23"], "comment_content": "低端先當炮灰吧 人家什麼等級跟你上戰"}, {"comment_author": "kevincio", "comment_date": ["04/15", "09:23"], "comment_content": "場 滾"}, {"comment_author": "asdfqwer63", "comment_date": ["04/15", "09:23"], "comment_content": "閃兵的上戰場，笑了"}, {"comment_author": "citywanderer", "comment_date": ["04/15", "09:25"], "comment_content": "期我中頭彩機會高過他上戰場"}, {"comment_author": "gobo", "comment_date": ["04/15", "09:25"], "comment_content": "一想到黑熊部隊要為了這個人拼死拼活上戰場"}, {"comment_author": "lu3yao", "comment_date": ["04/15", "09:26"], "comment_content": "閃兵的當國防委員 笑死"}, {"comment_author": "gobo", "comment_date": ["04/15", "09:26"], "comment_content": "廝殺，我都快笑到哭了"}, {"comment_author": "G8AJ", "comment_date": ["04/15", "09:26"], "comment_content": "你要塔綠班不雙標喔  不可能啦"}, {"comment_author": "edwardtp", "comment_date": ["04/15", "09:26"], "comment_content": "他應該會假借反戰，躲去國外開演唱會"}, {"comment_author": "lu3yao", "comment_date": ["04/15", "09:26"], "comment_content": "回頭看他寫的歌詞 再看看他的作為 唉"}, {"comment_author": "new71050", "comment_date": ["04/15", "09:28"], "comment_content": "開車門第一"}, {"comment_author": "nxuanr", "comment_date": ["04/15", "09:28"], "comment_content": "不要 和平萬歲"}, {"comment_author": "barry1027gg", "comment_date": ["04/15", "09:29"], "comment_content": "搞不好是負責開車把D__P高官送到機場"}, {"comment_author": "sten5453", "comment_date": ["04/15", "09:29"], "comment_content": "夢裡什麼都有，去做夢吧"}, {"comment_author": "George728", "comment_date": ["04/15", "09:30"], "comment_content": "聽到槍聲會尿出來吧？"}, {"comment_author": "twhuang28", "comment_date": ["04/15", "09:32"], "comment_content": "會閃尿吧"}, {"comment_author": "LoCKeR941010", "comment_date": ["04/15", "09:32"], "comment_content": "都閃尿了"}, {"comment_author": "sid3", "comment_date": ["04/15", "09:37"], "comment_content": "左閃右閃上閃下閃  想不到吧"}, {"comment_author": "larsnor", "comment_date": ["04/15", "09:38"], "comment_content": "太天真了"}, {"comment_author": "sid3", "comment_date": ["04/15", "09:38"], "comment_content": "不知道有沒有簽不投降承諾書"}, {"comment_author": "fatmonkey", "comment_date": ["04/15", "09:39"], "comment_content": "要幫開車門沒空"}, {"comment_author": "fire124", "comment_date": ["04/15", "09:41"], "comment_content": "主戰派的都不用上戰場啊 你第一天出社會"}, {"comment_author": "markkao456", "comment_date": ["04/15", "09:41"], "comment_content": "政治人物名 掰"}, {"comment_author": "ivi", "comment_date": ["04/15", "09:42"], "comment_content": "你想想隔壁整天尿褲子不覺得很臭嗎"}, {"comment_author": "catvsdog", "comment_date": ["04/15", "09:43"], "comment_content": "當個兵都閃尿惹 問這問題太粗暴duck bu"}, {"comment_author": "catvsdog", "comment_date": ["04/15", "09:43"], "comment_content": "bee"}, {"comment_author": "serez", "comment_date": ["04/15", "09:43"], "comment_content": "干五口連"}, {"comment_author": "steve17", "comment_date": ["04/15", "09:43"], "comment_content": "為了不當兵硬拉屎在褲子上的會上戰場?"}, {"comment_author": "lilinnnnnn", "comment_date": ["04/15", "09:46"], "comment_content": "嘴巴會啊"}, {"comment_author": "lilinnnnnn", "comment_date": ["04/15", "09:46"], "comment_content": "其他的不清楚"}, {"comment_author": "LoCoCo", "comment_date": ["04/15", "09:47"], "comment_content": "役啦！更！"}, {"comment_author": "JackaLMeI", "comment_date": ["04/15", "09:48"], "comment_content": "先包個尿布吧"}, {"comment_author": "z0", "comment_date": ["04/15", "09:50"], "comment_content": "人家軍樂隊好嗎 後方吊人路燈"}, {"comment_author": "notime", "comment_date": ["04/15", "09:51"], "comment_content": "當然不會啊"}, {"comment_author": "liusean", "comment_date": ["04/15", "09:52"], "comment_content": "哥布林都嘴巴說會"}, {"comment_author": "stu25936", "comment_date": ["04/15", "09:52"], "comment_content": "身材超好的 有在重訓 然後免疫"}, {"comment_author": "rcat2010", "comment_date": ["04/15", "09:54"], "comment_content": "會失禁嗎？"}, {"comment_author": "capnlizard66", "comment_date": ["04/15", "09:58"], "comment_content": "吟遊詩人通常站後排 應該會上吧"}, {"comment_author": "hohoman", "comment_date": ["04/15", "10:04"], "comment_content": "抗中保台閃尿閃兵，人格卑劣吧！和主張"}, {"comment_author": "hohoman", "comment_date": ["04/15", "10:04"], "comment_content": "和平協議但免役，差距太大。"}, {"comment_author": "tengerinedog", "comment_date": ["04/15", "10:06"], "comment_content": "不會他要忙著開車門"}, {"comment_author": "ausome", "comment_date": ["04/15", "10:07"], "comment_content": "免役沒必要上戰場"}, {"comment_author": "saiboos", "comment_date": ["04/15", "10:09"], "comment_content": "免役幹嘛上"}, {"comment_author": "crazydj", "comment_date": ["04/15", "10:13"], "comment_content": "他上戰場別人也很困擾 看到他閃屎閃尿還"}, {"comment_author": "crazydj", "comment_date": ["04/15", "10:14"], "comment_content": "要包尿布 會影響軍心士氣"}, {"comment_author": "beercat", "comment_date": ["04/15", "10:16"], "comment_content": "你打算叫他穿一輩子包大人嗎？"}, {"comment_author": "tn601374", "comment_date": ["04/15", "10:19"], "comment_content": "打戰目的是減少窮人"}, {"comment_author": "asusm307", "comment_date": ["04/15", "10:19"], "comment_content": "國防委員想到要當兵就閃尿了，上個屁戰"}, {"comment_author": "asusm307", "comment_date": ["04/15", "10:20"], "comment_content": "場 嘴砲最厲害而已"}, {"comment_author": "solomonABC", "comment_date": ["04/15", "10:20"], "comment_content": "會澇賽"}, {"comment_author": "fish3932000", "comment_date": ["04/15", "10:23"], "comment_content": "我覺得不會"}, {"comment_author": "huabandd", "comment_date": ["04/15", "10:23"], "comment_content": "他會先閃尿"}, {"comment_author": "Informatik", "comment_date": ["04/15", "10:24"], "comment_content": "要拿水壺當隨身尿壺 很不方便"}, {"comment_author": "pony0935", "comment_date": ["04/15", "10:26"], "comment_content": "想想他們當初是怎麼搶特權疫苗的你就知"}, {"comment_author": "pony0935", "comment_date": ["04/15", "10:26"], "comment_content": "道這些人風骨如何"}, {"comment_author": "gzliu", "comment_date": ["04/15", "10:27"], "comment_content": ""}, {"comment_author": "guolong", "comment_date": ["04/15", "10:27"], "comment_content": "他會逃出國開始世界巡演救台灣"}, {"comment_author": "tryagain24", "comment_date": ["04/15", "10:29"], "comment_content": "可以開演唱會 跟當立委的人  卻焦慮症"}, {"comment_author": "tryagain24", "comment_date": ["04/15", "10:29"], "comment_content": "免疫 台灣兵役真公平"}, {"comment_author": "goodzoro", "comment_date": ["04/15", "10:29"], "comment_content": "蔣萬安會上戰場嗎"}, {"comment_author": "kazetatsu", "comment_date": ["04/15", "10:30"], "comment_content": "開打早就恐慌症發作閃尿了"}, {"comment_author": "horoscape", "comment_date": ["04/15", "10:33"], "comment_content": "哈哈 你說呢?"}, {"comment_author": "applewarm", "comment_date": ["04/15", "10:37"], "comment_content": "早就有結論了，當然是閃"}, {"comment_author": "je789520", "comment_date": ["04/15", "10:40"], "comment_content": "我猜不會"}, {"comment_author": "sungtau", "comment_date": ["04/15", "10:40"], "comment_content": "我覺得不會"}, {"comment_author": "laputaca", "comment_date": ["04/15", "10:42"], "comment_content": "嘻嘻"}, {"comment_author": "lpwerok", "comment_date": ["04/15", "10:43"], "comment_content": "笑死 鄰兵在壕溝一直失禁噴屎噴尿"}, {"comment_author": "wate5566", "comment_date": ["04/15", "10:44"], "comment_content": "兵都不願意當的 嘴巴喊上戰場我阿嬤也會"}, {"comment_author": "jeylove", "comment_date": ["04/15", "10:44"], "comment_content": "可以練6塊肌但是不能當兵，做立委做到被"}, {"comment_author": "jeylove", "comment_date": ["04/15", "10:45"], "comment_content": "自己的樁腳痛罵捧人LP，然後現任立委直接"}, {"comment_author": "jeylove", "comment_date": ["04/15", "10:45"], "comment_content": "不敢連任，把位子讓給別人"}, {"comment_author": "sonyz3", "comment_date": ["04/15", "10:45"], "comment_content": "我覺得他應該比你有種"}, {"comment_author": "fun791128", "comment_date": ["04/15", "10:49"], "comment_content": "問就是沒台灣價值 閉嘴！"}, {"comment_author": "treasurekid", "comment_date": ["04/15", "10:54"], "comment_content": "一秒閃尿啦 上戰場勒"}, {"comment_author": "zelkova", "comment_date": ["04/15", "10:58"], "comment_content": "有推文崩潰 笑死"}, {"comment_author": "Loda29", "comment_date": ["04/15", "11:00"], "comment_content": "能驗證的時候，你逃都來不及"}, {"comment_author": "s0920151048", "comment_date": ["04/15", "11:01"], "comment_content": "會去戰場尿尿"}, {"comment_author": "ma081886", "comment_date": ["04/15", "11:01"], "comment_content": "黑熊頭目都不用上了我們偉大主唱幹嘛上"}, {"comment_author": "limitlesscit", "comment_date": ["04/15", "11:04"], "comment_content": "怎麼可能會，他一定會說他會閃尿"}, {"comment_author": "Borey", "comment_date": ["04/15", "11:16"], "comment_content": "不會"}, {"comment_author": "ada741116", "comment_date": ["04/15", "11:18"], "comment_content": "林飛凡？我支持台灣獨立但我當替代役"}, {"comment_author": "kevinacc084", "comment_date": ["04/15", "11:18"], "comment_content": "會閃尿"}, {"comment_author": "lemonblue", "comment_date": ["04/15", "11:19"], "comment_content": "他會說「我會用其他方式支持台灣」"}, {"comment_author": "kilhi", "comment_date": ["04/15", "11:22"], "comment_content": "閃。"}, {"comment_author": "zckater", "comment_date": ["04/15", "11:24"], "comment_content": "會在戰場上尿出來使得旁人不敢靠近"}, {"comment_author": "zckater", "comment_date": ["04/15", "11:24"], "comment_content": "然後說這是我的戰術啦 戰術"}, {"comment_author": "jasontongton", "comment_date": ["04/15", "11:29"], "comment_content": "包尿布上戰場"}, {"comment_author": "lalamio", "comment_date": ["04/15", "11:30"], "comment_content": "不會打仗 就不用考慮這些事情啊"}, {"comment_author": "holan5566", "comment_date": ["04/15", "11:44"], "comment_content": "他上不上戰場跟我上不上戰場沒關係 他"}, {"comment_author": "holan5566", "comment_date": ["04/15", "11:44"], "comment_content": "這點孬不過關我P4?"}, {"comment_author": "jamesli5", "comment_date": ["04/15", "11:46"], "comment_content": "超時空要塞沒看過嗎？用唱歌打戰"}, {"comment_author": "SodaMan", "comment_date": ["04/15", "11:54"], "comment_content": "的確他孬跟你無關,但這孬貨是國防委員"}, {"comment_author": "RLH", "comment_date": ["04/15", "11:54"], "comment_content": "不會"}, {"comment_author": "SodaMan", "comment_date": ["04/15", "11:55"], "comment_content": "兵都不敢當，在那邊主導國防，叫你上戰場"}, {"comment_author": "SodaMan", "comment_date": ["04/15", "11:57"], "comment_content": "槍都不會拿，卻告訴你該買什麼武器、設備"}, {"comment_author": "SodaMan", "comment_date": ["04/15", "11:57"], "comment_content": "再跟說你擋軍購，舔共中共同路人？？"}, {"comment_author": "howshaw", "comment_date": ["04/15", "11:57"], "comment_content": "不會"}, {"comment_author": "p1227426", "comment_date": ["04/15", "12:03"], "comment_content": "0"}, {"comment_author": "Raphael7725", "comment_date": ["04/15", "12:05"], "comment_content": "邊閃尿邊閃兵役"}, {"comment_author": "IloveJTT", "comment_date": ["04/15", "12:15"], "comment_content": "閃尿仔會當，豬都能飛"}, {"comment_author": "hjgx", "comment_date": ["04/15", "12:22"], "comment_content": "免疫？錯字兩次 失敗"}, {"comment_author": "bij831", "comment_date": ["04/15", "12:24"], "comment_content": "看他第一個字， 我就不想再多說了"}, {"comment_author": "imkp", "comment_date": ["04/15", "12:27"], "comment_content": "為何叫閃尿？你說呢"}, {"comment_author": "mc2834", "comment_date": ["04/15", "12:30"], "comment_content": "國民黨也一堆垃圾，但至少他們有自知之明"}, {"comment_author": "mc2834", "comment_date": ["04/15", "12:30"], "comment_content": "，不去引戰"}, {"comment_author": "lullabyman", "comment_date": ["04/15", "12:35"], "comment_content": "會鞠躬恭迎，但對誰就不好說。"}, {"comment_author": "ryan1106", "comment_date": ["04/15", "12:43"], "comment_content": "人家免役"}, {"comment_author": "starfishfish", "comment_date": ["04/15", "12:44"], "comment_content": "不期待"}, {"comment_author": "losmith", "comment_date": ["04/15", "12:52"], "comment_content": "拜託 綠色支持者都不敢上戰場了"}, {"comment_author": "losmith", "comment_date": ["04/15", "12:52"], "comment_content": "資產遠勝支持者的綠色官員哪可能上戰場"}, {"comment_author": "losmith", "comment_date": ["04/15", "12:53"], "comment_content": "沒穿鞋的怕死 穿鞋的更怕死"}, {"comment_author": "adminc", "comment_date": ["04/15", "12:55"], "comment_content": "他會啊，然後開始跪舔共匪"}, {"comment_author": "cabom", "comment_date": ["04/15", "12:56"], "comment_content": "當4個月爽兵都閃了，更何況上戰場"}, {"comment_author": "jay0215", "comment_date": ["04/15", "12:59"], "comment_content": "上戰場當吟遊詩人～"}, {"comment_author": "antigidu", "comment_date": ["04/15", "13:02"], "comment_content": "塔綠班高層的小孩  很多躲在國外"}, {"comment_author": "sunday0913", "comment_date": ["04/15", "13:03"], "comment_content": "會一直閃尿"}, {"comment_author": "antigidu", "comment_date": ["04/15", "13:03"], "comment_content": "把這些傢伙壓到前線作戰  才信服人民"}, {"comment_author": "serrier", "comment_date": ["04/15", "13:10"], "comment_content": "黑熊部隊你懂得"}, {"comment_author": "rf", "comment_date": ["04/15", "13:19"], "comment_content": "早就上過戰場了，藍綠戰場"}, {"comment_author": "AUwalker", "comment_date": ["04/15", "13:24"], "comment_content": "不行啦 打仗時他閃尿會被敵軍發現行蹤ㄟ"}, {"comment_author": "enigma6174", "comment_date": ["04/15", "13:46"], "comment_content": "他沒當兵欸..你自己想"}, {"comment_author": "DM56", "comment_date": ["04/15", "13:47"], "comment_content": "他只會上老婆的床乒乒乓乓啦 上戰場屌就軟了"}, {"comment_author": "rocky1975", "comment_date": ["04/15", "14:05"], "comment_content": "很重要嗎? 老是問別人別人, 你自己呢?"}, {"comment_author": "seou", "comment_date": ["04/15", "14:16"], "comment_content": "閃避技能點滿了欸"}, {"comment_author": "snowpin", "comment_date": ["04/15", "14:34"], "comment_content": "承平時期都閃尿了 戰爭哪可能上戰場"}, {"comment_author": "vvrr", "comment_date": ["04/15", "15:59"], "comment_content": "當瘋狂麥斯吊在車頭的那個吉他手"}, {"comment_author": "sicao", "comment_date": ["04/15", "16:10"], "comment_content": "的 役"}, {"comment_author": "chulen", "comment_date": ["04/15", "16:34"], "comment_content": "國民黨有一天到晚抗中保台?扯他幹嘛"}, {"comment_author": "danieltu", "comment_date": ["04/15", "17:12"], "comment_content": "垃X一妹"}, {"comment_author": "xj4m3", "comment_date": ["04/15", "18:14"], "comment_content": "又有中共同路人想黑抗中保台大將軍，出征啦"}, {"comment_author": "gamecubemomo", "comment_date": ["04/15", "18:31"], "comment_content": "閃尿"}, {"comment_author": "Fukker", "comment_date": ["04/15", "18:32"], "comment_content": "會叫的狗不咬人"}, {"comment_author": "mhnl", "comment_date": ["04/15", "18:47"], "comment_content": "閃尿"}, {"comment_author": "questionboy", "comment_date": ["04/15", "18:53"], "comment_content": "兒女美國人 不怕"}, {"comment_author": "loveharry", "comment_date": ["04/15", "19:07"], "comment_content": "綠畜側翼死全家"}, {"comment_author": "Linnsen", "comment_date": ["04/15", "20:04"], "comment_content": "沒看萬能麥斯 當然彈電吉他站坦克衝第一"}, {"comment_author": "asay", "comment_date": ["04/15", "21:42"], "comment_content": "裝尿袋"}, {"comment_author": "WiserWilly", "comment_date": ["04/15", "21:58"], "comment_content": "寧願閃尿布當兵 怎可能上戰場"}, {"comment_author": "small28", "comment_date": ["04/15", "23:43"], "comment_content": "笑死"}, {"comment_author": "iverson414", "comment_date": ["04/16", "00:11"], "comment_content": "垃圾閃尿立委"}, {"comment_author": "rakuinn", "comment_date": ["04/16", "02:37"], "comment_content": "先挫屎吧!"}, {"comment_author": "lose116315", "comment_date": ["04/16", "13:15"], "comment_content": "連時中都能讓他鞠躬哈腰了  開戰肯定"}, {"comment_author": "lose116315", "comment_date": ["04/16", "13:15"], "comment_content": "幫小菸拿包包一起跑"}, {"comment_author": "xhung", "comment_date": ["04/16", "15:50"], "comment_content": "壕溝閃尿很臭"}, {"comment_author": "taiwan08", "comment_date": ["04/17", "15:36"], "comment_content": "有追到蔡依林過？"}, {"comment_author": "OPPAISuki", "comment_date": ["04/17", "15:37"], "comment_content": "你好我爸是"}, {"comment_author": "OPPAISuki", "comment_date": ["04/17", "15:37"], "comment_content": "白手起家阿 又努力 又會跳霹靂舞"}, {"comment_author": "chen360", "comment_date": ["04/17", "15:37"], "comment_content": "錢"}, {"comment_author": "k385476916", "comment_date": ["04/17", "15:37"], "comment_content": "政治聯姻"}, {"comment_author": "VoV", "comment_date": ["04/17", "15:37"], "comment_content": "皺摺太多"}, {"comment_author": "estupid", "comment_date": ["04/17", "15:37"], "comment_content": "不給評論?"}, {"comment_author": "chen360", "comment_date": ["04/17", "15:38"], "comment_content": "三歲自耕農"}, {"comment_author": "OPPAISuki", "comment_date": ["04/17", "16:20"], "comment_content": "阿童在牢裡吧"}, {"comment_author": "pokemon", "comment_date": ["04/17", "16:20"], "comment_content": "我都忘了有這人 在幹嘛"}, {"comment_author": "gay7788", "comment_date": ["04/17", "15:57"], "comment_content": "你以為你純真子哦"}, {"comment_author": "WeGoStyle", "comment_date": ["04/17", "15:57"], "comment_content": "太可怕了幫高調"}, {"comment_author": "Owen93", "comment_date": ["04/17", "15:58"], "comment_content": "台積電真的是我們中國之光"}, {"comment_author": "PADvsToS", "comment_date": ["04/17", "15:58"], "comment_content": "謎語人"}, {"comment_author": "linda17a3", "comment_date": ["04/17", "15:58"], "comment_content": "= =因為你有精神病嗎"}, {"comment_author": "roywow", "comment_date": ["04/17", "15:58"], "comment_content": "neuro sama"}, {"comment_author": "chandlerchen", "comment_date": ["04/17", "15:58"], "comment_content": "夢夢 不推，太月半"}, {"comment_author": "estupid", "comment_date": ["04/17", "15:58"], "comment_content": "內含楊婆婆家庭百科全書"}, {"comment_author": "koexe", "comment_date": ["04/17", "15:58"], "comment_content": "記得按時服藥"}, {"comment_author": "andy199113", "comment_date": ["04/17", "15:59"], "comment_content": "炒股喔 = ="}, {"comment_author": "small91051", "comment_date": ["04/17", "15:59"], "comment_content": "買很多喔？ 套幾塊？"}, {"comment_author": "andre9", "comment_date": ["04/17", "15:59"], "comment_content": "爆個屁"}, {"comment_author": "alex00089", "comment_date": ["04/17", "15:59"], "comment_content": "明天一根？"}, {"comment_author": "rwr", "comment_date": ["04/17", "15:59"], "comment_content": "要漲停了"}, {"comment_author": "Leo4891", "comment_date": ["04/17", "15:59"], "comment_content": "你套多少?"}, {"comment_author": "Skyblueway", "comment_date": ["04/17", "15:59"], "comment_content": "你會被告"}, {"comment_author": "vowpool", "comment_date": ["04/17", "16:00"], "comment_content": "可是缺電啊"}, {"comment_author": "sheep2009", "comment_date": ["04/17", "16:00"], "comment_content": "你知道台積電是幹嘛的嗎..."}, {"comment_author": "Leo4891", "comment_date": ["04/17", "16:00"], "comment_content": "還有亂爆料 影響市場 是違反證交法的"}, {"comment_author": "ctct0513", "comment_date": ["04/17", "16:00"], "comment_content": "無聊當有趣。"}, {"comment_author": "STi2011", "comment_date": ["04/17", "16:00"], "comment_content": "如果皮下就可以讀取 是不會貼外面就好喔"}, {"comment_author": "azeroth", "comment_date": ["04/17", "16:01"], "comment_content": "= =看了感覺真可憐"}, {"comment_author": "lakefox", "comment_date": ["04/17", "16:01"], "comment_content": "濫用爆卦滾"}, {"comment_author": "R620SCANIA", "comment_date": ["04/17", "16:01"], "comment_content": "來自203.204.198.155 (臺灣)"}, {"comment_author": "christopherl", "comment_date": ["04/17", "16:01"], "comment_content": "台積電是做晶片的不是做實驗的"}, {"comment_author": "callhek", "comment_date": ["04/17", "16:01"], "comment_content": "下去"}, {"comment_author": "ku51655165", "comment_date": ["04/17", "16:01"], "comment_content": "誰是夢夢"}, {"comment_author": "EfiwymsiAros", "comment_date": ["04/17", "16:01"], "comment_content": "好 先用意念讓樓下射"}, {"comment_author": "preisner", "comment_date": ["04/17", "16:02"], "comment_content": "要唬爛也要有科學依據,皮下讀得到腦電波"}, {"comment_author": "joe33144", "comment_date": ["04/17", "16:03"], "comment_content": "可以控制包皮伸縮 包莖有救了嗎"}, {"comment_author": "kelon", "comment_date": ["04/17", "16:04"], "comment_content": "台積電是代工 夢到發哥還可能些"}, {"comment_author": "innuendo3324", "comment_date": ["04/17", "16:04"], "comment_content": "10年後我相信"}, {"comment_author": "i376ers", "comment_date": ["04/17", "16:07"], "comment_content": "晶圓代工也有做人體試驗喔?"}, {"comment_author": "harryron9", "comment_date": ["04/17", "16:07"], "comment_content": "皮下可以讀EEG啦 準度再說"}, {"comment_author": "lucifiel1618", "comment_date": ["04/17", "16:08"], "comment_content": "你如果說什麼amd或nvd之類的我可能"}, {"comment_author": "lucifiel1618", "comment_date": ["04/17", "16:08"], "comment_content": "還會信"}, {"comment_author": "vios10009", "comment_date": ["04/17", "16:11"], "comment_content": "*wink*"}, {"comment_author": "Violataf", "comment_date": ["04/17", "16:13"], "comment_content": "可憐那 連台積電是代工廠都不知道"}, {"comment_author": "kai2573", "comment_date": ["04/17", "16:13"], "comment_content": "heart heart heart"}, {"comment_author": "rb731024", "comment_date": ["04/17", "16:16"], "comment_content": "水桶吧"}, {"comment_author": "DALLEN", "comment_date": ["04/17", "16:16"], "comment_content": "蒸的甲的? 是不是文組?"}, {"comment_author": "jy760517", "comment_date": ["04/17", "16:22"], "comment_content": "寫小說是吧 肌電波跟腦電波都分不清楚"}, {"comment_author": "samm3320", "comment_date": ["04/17", "16:23"], "comment_content": "退一萬步就算有也是某家公司找GG代工的"}, {"comment_author": "samm3320", "comment_date": ["04/17", "16:24"], "comment_content": "，GG自己最好會去研究這玩意兒"}, {"comment_author": "ubang", "comment_date": ["04/17", "17:27"], "comment_content": "錢"}, {"comment_author": "felixden", "comment_date": ["04/17", "17:27"], "comment_content": "我是Gura男友 非幻想"}, {"comment_author": "zwxyzxxx", "comment_date": ["04/17", "17:27"], "comment_content": "推一波"}, {"comment_author": "zerorock000", "comment_date": ["04/17", "17:27"], "comment_content": "推"}, {"comment_author": "gigfsijk", "comment_date": ["04/17", "17:27"], "comment_content": "錢"}, {"comment_author": "dw1293", "comment_date": ["04/17", "17:27"], "comment_content": "1 min"}, {"comment_author": "puremiss", "comment_date": ["04/17", "17:28"], "comment_content": "痛毆XD"}, {"comment_author": "darvipon", "comment_date": ["04/17", "17:28"], "comment_content": "錢錢"}, {"comment_author": "coollfd", "comment_date": ["04/17", "17:28"], "comment_content": "發錢 謝謝"}, {"comment_author": "k945", "comment_date": ["04/17", "17:28"], "comment_content": "ubcs 推~~~~"}, {"comment_author": "ShadowKuo", "comment_date": ["04/17", "17:28"], "comment_content": "推"}, {"comment_author": "omfg5487", "comment_date": ["04/17", "17:28"], "comment_content": "錢"}, {"comment_author": "Forcast", "comment_date": ["04/17", "17:28"], "comment_content": "0..0"}, {"comment_author": "mszouf", "comment_date": ["04/17", "17:28"], "comment_content": "錢錢"}, {"comment_author": "k385476916", "comment_date": ["04/17", "17:28"], "comment_content": "錢"}, {"comment_author": "ab4daa", "comment_date": ["04/17", "17:29"], "comment_content": "$$$$$$$"}, {"comment_author": "Excrement35", "comment_date": ["04/17", "17:29"], "comment_content": "錢"}, {"comment_author": "kai2573", "comment_date": ["04/17", "17:29"], "comment_content": "錢"}, {"comment_author": "tsuko", "comment_date": ["04/17", "17:29"], "comment_content": "$$$"}, {"comment_author": "scum5566", "comment_date": ["04/17", "17:29"], "comment_content": "$$$"}, {"comment_author": "chinghai0731", "comment_date": ["04/17", "17:29"], "comment_content": "推"}, {"comment_author": "a91031309", "comment_date": ["04/17", "17:29"], "comment_content": "錢"}, {"comment_author": "zeroofgod", "comment_date": ["04/17", "17:29"], "comment_content": "錢"}, {"comment_author": "Proteiner", "comment_date": ["04/17", "17:29"], "comment_content": "錢？"}, {"comment_author": "PalmAngels", "comment_date": ["04/17", "17:29"], "comment_content": "推 3M"}, {"comment_author": "medama", "comment_date": ["04/17", "17:30"], "comment_content": "好"}, {"comment_author": "STerry1986", "comment_date": ["04/17", "17:30"], "comment_content": "我要錢"}, {"comment_author": "kingmusk", "comment_date": ["04/17", "17:30"], "comment_content": "2樓天選之甲幻想王"}, {"comment_author": "tga123", "comment_date": ["04/17", "17:30"], "comment_content": "好久沒看到這麼長的公告了"}, {"comment_author": "chinghai0731", "comment_date": ["04/17", "17:30"], "comment_content": "三分鐘"}, {"comment_author": "s820912gmail", "comment_date": ["04/17", "17:30"], "comment_content": "統"}, {"comment_author": "Owen93", "comment_date": ["04/17", "17:30"], "comment_content": "你誰"}, {"comment_author": "azeroth", "comment_date": ["04/17", "17:30"], "comment_content": "給我錢!"}, {"comment_author": "skiro", "comment_date": ["04/17", "17:30"], "comment_content": "推"}, {"comment_author": "GOD5566", "comment_date": ["04/17", "17:30"], "comment_content": "錢"}, {"comment_author": "ralfeistein", "comment_date": ["04/17", "17:30"], "comment_content": "好"}, {"comment_author": "iamoldtwo", "comment_date": ["04/17", "17:30"], "comment_content": "4M"}, {"comment_author": "awe1030", "comment_date": ["04/17", "17:30"], "comment_content": "4m"}, {"comment_author": "Yyyyyy", "comment_date": ["04/17", "17:30"], "comment_content": "$"}, {"comment_author": "viciousqq", "comment_date": ["04/17", "17:31"], "comment_content": "推"}, {"comment_author": "lad270184", "comment_date": ["04/17", "17:31"], "comment_content": "錢"}, {"comment_author": "chubby31190", "comment_date": ["04/17", "17:31"], "comment_content": "錢"}, {"comment_author": "liuni", "comment_date": ["04/17", "17:31"], "comment_content": "錢"}, {"comment_author": "viciousqq", "comment_date": ["04/17", "17:31"], "comment_content": "5m"}, {"comment_author": "pupuputtt", "comment_date": ["04/17", "17:31"], "comment_content": "去喝鮮魚湯"}, {"comment_author": "HJC6666", "comment_date": ["04/17", "17:32"], "comment_content": "$￥€￠￡"}, {"comment_author": "alwang", "comment_date": ["04/17", "17:32"], "comment_content": "不照版規判  還說自己照版規"}, {"comment_author": "zarg1043", "comment_date": ["04/17", "17:32"], "comment_content": "推 這是抄婚姻版版主的公告吧XD"}, {"comment_author": "Stella", "comment_date": ["04/17", "17:32"], "comment_content": "推"}, {"comment_author": "venomsoul", "comment_date": ["04/17", "17:33"], "comment_content": "供三小，嘻嘻^_^"}, {"comment_author": "Cherng9527", "comment_date": ["04/17", "17:33"], "comment_content": "錢 謝謝"}, {"comment_author": "c98406023", "comment_date": ["04/17", "17:33"], "comment_content": "錢"}, {"comment_author": "alwang", "comment_date": ["04/17", "17:33"], "comment_content": "版規明明寫不論分類提到政客都屬政問"}, {"comment_author": "dtmonline920", "comment_date": ["04/17", "17:33"], "comment_content": "錢！"}, {"comment_author": "dangercat5", "comment_date": ["04/17", "17:33"], "comment_content": "身心俱疲推文"}, {"comment_author": "alwang", "comment_date": ["04/17", "17:33"], "comment_content": "不敢桶回文的就不要說自己照版規好嗎"}, {"comment_author": "aa52189", "comment_date": ["04/17", "17:34"], "comment_content": "錢"}, {"comment_author": "zerowingtw", "comment_date": ["04/17", "17:34"], "comment_content": "推"}, {"comment_author": "levs", "comment_date": ["04/17", "17:35"], "comment_content": "好像輕小說標題"}, {"comment_author": "janfat", "comment_date": ["04/17", "17:35"], "comment_content": "9m"}, {"comment_author": "gilbertchen8", "comment_date": ["04/17", "17:36"], "comment_content": "推"}, {"comment_author": "keyman2", "comment_date": ["04/17", "17:36"], "comment_content": "了不起負責"}, {"comment_author": "joe460830", "comment_date": ["04/17", "17:37"], "comment_content": "錢"}, {"comment_author": "furjai", "comment_date": ["04/17", "17:37"], "comment_content": "錢"}, {"comment_author": "fbtm", "comment_date": ["04/17", "17:37"], "comment_content": "股版更嚴格，打40%就桶，莫名其妙"}, {"comment_author": "spectron", "comment_date": ["04/17", "17:37"], "comment_content": "好 4：60"}, {"comment_author": "nusaei2000", "comment_date": ["04/17", "17:37"], "comment_content": "了不起！厲害，錢！！"}, {"comment_author": "a594020419", "comment_date": ["04/17", "17:37"], "comment_content": "發錢啦幹"}, {"comment_author": "vowpool", "comment_date": ["04/17", "17:37"], "comment_content": "笑死 推標題"}, {"comment_author": "taiwan08", "comment_date": ["04/17", "17:38"], "comment_content": "好欸，下次踩他們的g點"}, {"comment_author": "mihono", "comment_date": ["04/17", "17:38"], "comment_content": "標題也太長"}, {"comment_author": "BLUEPLUTO88", "comment_date": ["04/17", "17:39"], "comment_content": "$$$$$$$"}, {"comment_author": "lovelorn0204", "comment_date": ["04/17", "17:39"], "comment_content": "錢錢"}, {"comment_author": "jsai", "comment_date": ["04/17", "17:40"], "comment_content": "推"}, {"comment_author": "chanel1259", "comment_date": ["04/17", "17:42"], "comment_content": "很痛欸"}, {"comment_author": "au4g3wk4k", "comment_date": ["04/17", "17:42"], "comment_content": "錢"}, {"comment_author": "yangan", "comment_date": ["04/17", "17:43"], "comment_content": "錢"}, {"comment_author": "hzhz1010", "comment_date": ["04/17", "17:43"], "comment_content": "錢"}, {"comment_author": "FutuReStronG", "comment_date": ["04/17", "17:43"], "comment_content": "推"}, {"comment_author": "CPH", "comment_date": ["04/17", "17:43"], "comment_content": "錢"}, {"comment_author": "Elmore", "comment_date": ["04/17", "17:44"], "comment_content": "$"}, {"comment_author": "PowerGeMOS", "comment_date": ["04/17", "17:46"], "comment_content": "推"}, {"comment_author": "key7110", "comment_date": ["04/17", "17:48"], "comment_content": "辛苦了 謝謝 24m"}, {"comment_author": "skyyo", "comment_date": ["04/17", "17:48"], "comment_content": "錢"}, {"comment_author": "oaoa524", "comment_date": ["04/17", "17:48"], "comment_content": "推喔"}, {"comment_author": "visviva", "comment_date": ["04/17", "17:48"], "comment_content": "22m!!$$~"}, {"comment_author": "Goog1e", "comment_date": ["04/17", "17:49"], "comment_content": "23m 往痛點踩"}, {"comment_author": "JoJoSonic", "comment_date": ["04/17", "17:49"], "comment_content": "23min"}, {"comment_author": "Skyblueway", "comment_date": ["04/17", "17:50"], "comment_content": "錢"}, {"comment_author": "feijai", "comment_date": ["04/17", "17:50"], "comment_content": "23m 這都是個啥"}, {"comment_author": "JackLee5566", "comment_date": ["04/17", "17:50"], "comment_content": "34E 政問掰"}, {"comment_author": "yucshen", "comment_date": ["04/17", "17:51"], "comment_content": "錢"}, {"comment_author": "s3523114", "comment_date": ["04/17", "17:51"], "comment_content": "錢"}, {"comment_author": "buddyricky", "comment_date": ["04/17", "17:52"], "comment_content": "錢"}, {"comment_author": "Workforme", "comment_date": ["04/17", "17:53"], "comment_content": "推看看"}, {"comment_author": "tamagon", "comment_date": ["04/17", "17:53"], "comment_content": "27M"}, {"comment_author": "darkuso", "comment_date": ["04/17", "17:53"], "comment_content": "推"}, {"comment_author": "deathtrap", "comment_date": ["04/17", "17:54"], "comment_content": "毛骨悚然"}, {"comment_author": "YuXun2021", "comment_date": ["04/17", "17:55"], "comment_content": "錢"}, {"comment_author": "zqAI3yGOAT", "comment_date": ["04/17", "17:56"], "comment_content": "錢"}, {"comment_author": "freehand1122", "comment_date": ["04/17", "17:57"], "comment_content": "推"}, {"comment_author": "phantaci", "comment_date": ["04/17", "17:57"], "comment_content": "31m 推推"}, {"comment_author": "slashliu", "comment_date": ["04/17", "17:59"], "comment_content": "推喔"}, {"comment_author": "huodalife", "comment_date": ["04/17", "18:00"], "comment_content": "推"}, {"comment_author": "forsell", "comment_date": ["04/17", "18:02"], "comment_content": "35min,錢錢"}, {"comment_author": "junshinw", "comment_date": ["04/17", "18:02"], "comment_content": "桶起來！"}, {"comment_author": "garykan28", "comment_date": ["04/17", "18:02"], "comment_content": "錢"}, {"comment_author": "fairymomo", "comment_date": ["04/17", "18:03"], "comment_content": "好"}, {"comment_author": "jeff12280", "comment_date": ["04/17", "18:03"], "comment_content": "錢"}, {"comment_author": "godofsex", "comment_date": ["04/17", "18:03"], "comment_content": "錢"}, {"comment_author": "duckosara", "comment_date": ["04/17", "18:03"], "comment_content": "肛"}, {"comment_author": "fkfcu", "comment_date": ["04/17", "18:04"], "comment_content": "錢"}, {"comment_author": "KUMA2016", "comment_date": ["04/17", "18:05"], "comment_content": "錢"}, {"comment_author": "Mikudance0", "comment_date": ["04/17", "18:08"], "comment_content": "滾"}, {"comment_author": "applecliff86", "comment_date": ["04/17", "18:08"], "comment_content": "痛"}, {"comment_author": "shane2007", "comment_date": ["04/17", "18:09"], "comment_content": "推"}, {"comment_author": "s13541298", "comment_date": ["04/17", "18:13"], "comment_content": "原來講40%會被桶哦"}, {"comment_author": "fatyi", "comment_date": ["04/17", "18:14"], "comment_content": "錢"}, {"comment_author": "hwei9582905", "comment_date": ["04/17", "18:14"], "comment_content": "錢"}, {"comment_author": "Dean997", "comment_date": ["04/17", "18:14"], "comment_content": "50m"}, {"comment_author": "kevin540", "comment_date": ["04/17", "18:15"], "comment_content": "賺個P幣"}, {"comment_author": "jimmy0204123", "comment_date": ["04/17", "18:15"], "comment_content": "推"}, {"comment_author": "yeaho", "comment_date": ["04/17", "18:16"], "comment_content": "貼圖仔貼到身心俱疲  活該"}, {"comment_author": "paul40807", "comment_date": ["04/17", "18:19"], "comment_content": "好 XD"}, {"comment_author": "RGBB", "comment_date": ["04/17", "18:19"], "comment_content": "錢"}, {"comment_author": "FeverPitch", "comment_date": ["04/17", "18:19"], "comment_content": "五毛 網軍 反串我要忍受這種折磨多久Q"}, {"comment_author": "FeverPitch", "comment_date": ["04/17", "18:19"], "comment_content": "Q"}, {"comment_author": "jay0215", "comment_date": ["04/17", "18:20"], "comment_content": "18:20的錢錢"}, {"comment_author": "koexe", "comment_date": ["04/17", "18:23"], "comment_content": "你帶新人帶完了喔"}, {"comment_author": "rick917", "comment_date": ["04/17", "18:23"], "comment_content": "推推 沒政問水桶就不像八卦了"}, {"comment_author": "bella610", "comment_date": ["04/17", "18:25"], "comment_content": "錢"}, {"comment_author": "Belanice", "comment_date": ["04/17", "18:25"], "comment_content": "錢錢"}, {"comment_author": "s06076276", "comment_date": ["04/17", "18:25"], "comment_content": "$"}, {"comment_author": "ishii0857", "comment_date": ["04/17", "18:30"], "comment_content": "UBCS大就是讚！"}, {"comment_author": "anyu0805", "comment_date": ["04/17", "18:35"], "comment_content": "一直往痛點踩 duck 不必"}, {"comment_author": "ubcs", "comment_date": ["04/17", "18:37"], "comment_content": "新人陣亡了"}, {"comment_author": "bmthu", "comment_date": ["04/17", "18:40"], "comment_content": "梗圖好笑.幫你心累"}, {"comment_author": "zealotlai274", "comment_date": ["04/17", "18:43"], "comment_content": "推"}, {"comment_author": "hsiao15165", "comment_date": ["04/17", "18:44"], "comment_content": "QQ"}, {"comment_author": "CTfail", "comment_date": ["04/17", "18:44"], "comment_content": "誰啊你"}, {"comment_author": "clvmomo", "comment_date": ["04/17", "18:45"], "comment_content": "$$"}, {"comment_author": "CalmEarth", "comment_date": ["04/17", "18:46"], "comment_content": "推"}, {"comment_author": "lau6m2002", "comment_date": ["04/17", "18:46"], "comment_content": "錢"}, {"comment_author": "plantoday", "comment_date": ["04/17", "18:47"], "comment_content": "錢"}, {"comment_author": "jilily", "comment_date": ["04/17", "18:49"], "comment_content": "錢錢"}, {"comment_author": "chandlerchen", "comment_date": ["04/17", "18:55"], "comment_content": "$"}, {"comment_author": "Kamelie", "comment_date": ["04/17", "18:59"], "comment_content": "貓貓"}, {"comment_author": "InoueNagi", "comment_date": ["04/17", "19:03"], "comment_content": "錢"}, {"comment_author": "yj860318", "comment_date": ["04/17", "19:03"], "comment_content": "錢錢錢錢"}, {"comment_author": "cummom", "comment_date": ["04/17", "19:03"], "comment_content": "Money"}, {"comment_author": "SphereDavid", "comment_date": ["04/17", "19:04"], "comment_content": "推，上熱門才看到（逃"}, {"comment_author": "planetrock", "comment_date": ["04/17", "19:14"], "comment_content": "推貓"}, {"comment_author": "wangks", "comment_date": ["04/17", "19:18"], "comment_content": "1.9H"}, {"comment_author": "mynewid", "comment_date": ["04/17", "19:25"], "comment_content": "建議離婚"}, {"comment_author": "SSglamr", "comment_date": ["04/17", "19:26"], "comment_content": "笑死 時事梗"}, {"comment_author": "induse", "comment_date": ["04/17", "19:29"], "comment_content": "2h3m"}, {"comment_author": "kilhi", "comment_date": ["04/17", "19:31"], "comment_content": "2hr"}, {"comment_author": "zhicong", "comment_date": ["04/17", "19:32"], "comment_content": "推"}, {"comment_author": "bredsox04", "comment_date": ["04/17", "19:35"], "comment_content": "推"}, {"comment_author": "PTTreader", "comment_date": ["04/17", "19:35"], "comment_content": "2h"}, {"comment_author": "inhumanq", "comment_date": ["04/17", "19:36"], "comment_content": "推"}, {"comment_author": "thepstar", "comment_date": ["04/17", "19:44"], "comment_content": "辛苦了"}, {"comment_author": "una283", "comment_date": ["04/17", "19:45"], "comment_content": "版主真辛苦"}, {"comment_author": "losec0614", "comment_date": ["04/17", "19:53"], "comment_content": "錢"}, {"comment_author": "aer111", "comment_date": ["04/17", "19:54"], "comment_content": "$$"}, {"comment_author": "mamamiya00", "comment_date": ["04/17", "19:54"], "comment_content": "後面那段抄媳婦版笑死"}, {"comment_author": "swimming5445", "comment_date": ["04/17", "19:57"], "comment_content": "推"}, {"comment_author": "elbira", "comment_date": ["04/17", "20:05"], "comment_content": "推推"}, {"comment_author": "Cookieptt", "comment_date": ["04/17", "20:17"], "comment_content": "$"}, {"comment_author": "s142857", "comment_date": ["04/17", "20:28"], "comment_content": "$"}, {"comment_author": "qscxz", "comment_date": ["04/17", "20:29"], "comment_content": "$"}, {"comment_author": "alienpaufu", "comment_date": ["04/17", "20:45"], "comment_content": "推推"}, {"comment_author": "tsainalunba4", "comment_date": ["04/17", "20:55"], "comment_content": "錢"}, {"comment_author": "POPBOBO", "comment_date": ["04/17", "21:16"], "comment_content": "錢"}, {"comment_author": "reexamor", "comment_date": ["04/17", "21:33"], "comment_content": "加油 多管理"}, {"comment_author": "markkao456", "comment_date": ["04/17", "21:36"], "comment_content": "唉 辛苦了 一堆公關跟滲透的"}, {"comment_author": "sputniky", "comment_date": ["04/17", "21:37"], "comment_content": "笑死，很會玩，4小時看見"}, {"comment_author": "mirc", "comment_date": ["04/17", "21:57"], "comment_content": "負責"}, {"comment_author": "nonetp6", "comment_date": ["04/17", "22:01"], "comment_content": "機器人臭惹嗎"}, {"comment_author": "holiybo", "comment_date": ["04/17", "22:02"], "comment_content": "我之前問職務薪水就直接三個月...超痛"}, {"comment_author": "lin1020", "comment_date": ["04/17", "22:27"], "comment_content": "推"}, {"comment_author": "en0308", "comment_date": ["04/17", "22:28"], "comment_content": "推"}, {"comment_author": "allenz78", "comment_date": ["04/17", "22:36"], "comment_content": "好的 錢"}, {"comment_author": "flowersuger", "comment_date": ["04/17", "22:46"], "comment_content": "Push"}, {"comment_author": "fernand", "comment_date": ["04/17", "22:47"], "comment_content": "推"}, {"comment_author": "s15522760406", "comment_date": ["04/17", "23:09"], "comment_content": "$"}, {"comment_author": "cashko", "comment_date": ["04/17", "23:12"], "comment_content": "標題XDDDD"}, {"comment_author": "SRT0619", "comment_date": ["04/17", "23:14"], "comment_content": "推"}, {"comment_author": "sodistrues", "comment_date": ["04/17", "23:18"], "comment_content": "8m"}, {"comment_author": "twyesman", "comment_date": ["04/17", "23:56"], "comment_content": "錢"}, {"comment_author": "angelology", "comment_date": ["04/18", "00:27"], "comment_content": "7H"}, {"comment_author": "adminc", "comment_date": ["04/18", "00:27"], "comment_content": "瑟瑟發抖"}, {"comment_author": "jkl85621", "comment_date": ["04/18", "00:32"], "comment_content": "推"}, {"comment_author": "tw00053142", "comment_date": ["04/18", "00:43"], "comment_content": "錢錢"}, {"comment_author": "ksx064", "comment_date": ["04/18", "06:05"], "comment_content": "13H"}, {"comment_author": "ptt888", "comment_date": ["04/18", "08:56"], "comment_content": "推"}, {"comment_author": "COLINLIU", "comment_date": ["04/18", "08:57"], "comment_content": "錢"}, {"comment_author": "avada", "comment_date": ["04/18", "09:18"], "comment_content": "推"}, {"comment_author": "taiwannext", "comment_date": ["04/18", "09:59"], "comment_content": "好"}, {"comment_author": "xyhs", "comment_date": ["04/18", "10:03"], "comment_content": "18H"}, {"comment_author": "waitsun", "comment_date": ["04/18", "10:30"], "comment_content": "推"}, {"comment_author": "godiegroup", "comment_date": ["04/18", "11:09"], "comment_content": "11：09"}, {"comment_author": "encoreb00124", "comment_date": ["04/18", "11:31"], "comment_content": "錢啦 囉嗦"}, {"comment_author": "seacore07", "comment_date": ["04/18", "11:40"], "comment_content": "前"}, {"comment_author": "songpan", "comment_date": ["04/18", "12:37"], "comment_content": "推"}, {"comment_author": "kobegasol", "comment_date": ["04/18", "13:16"], "comment_content": "推"}, {"comment_author": "chinago", "comment_date": ["04/18", "14:41"], "comment_content": "推"}, {"comment_author": "brokenback3", "comment_date": ["04/18", "17:34"], "comment_content": "推"}, {"comment_author": "RognerLiu", "comment_date": ["04/18", "19:23"], "comment_content": "推"}, {"comment_author": "a000703", "comment_date": ["04/18", "21:32"], "comment_content": "推"}, {"comment_author": "SRT0619", "comment_date": ["04/19", "02:21"], "comment_content": "推"}, {"comment_author": "HowLeeHi", "comment_date": ["04/19", "10:17"], "comment_content": "推錢錢"}]}
