{"author": "ubang (長得醜卻想得美)", "category": "Gossiping", "title": "[問卦] 花開堪折直須折 莫待無花空折枝啥意思", "date": "Fri Apr 12 17:28:44 2024", "content": ["如題啦古人說花到了可以摘的時候就要摘不要等到花都凋謝了沒東西摘聽說可以引申用來形容要珍惜時間寶貴青春無價有沒有這首詩的八卦--"], "post_comment": [{"comment_author": "railman", "comment_date": ["04/12", "17:29"], "comment_content": "16歲正是花開時？"}, {"comment_author": "william456", "comment_date": ["04/12", "17:30"], "comment_content": "夠白話了"}, {"comment_author": "vowpool", "comment_date": ["04/12", "17:30"], "comment_content": "年少時有機會修桿就要把握"}, {"comment_author": "potionx", "comment_date": ["04/12", "17:31"], "comment_content": "空折枝 是甲嗎？"}, {"comment_author": "xvhak", "comment_date": ["04/12", "17:31"], "comment_content": "破瓜之年"}, {"comment_author": "gay7788", "comment_date": ["04/12", "17:33"], "comment_content": "肛"}, {"comment_author": "St3480", "comment_date": ["04/12", "17:38"], "comment_content": "國家還有錢的時候要趕快貪 民進黨奉行著"}, {"comment_author": "fuhu66", "comment_date": ["04/12", "17:38"], "comment_content": "有炮堪打直須打，莫待無炮空打槍"}, {"comment_author": "psykl", "comment_date": ["04/12", "17:39"], "comment_content": "當你凝視著黑暗；黑暗也在凝視著你…"}, {"comment_author": "gameforyou", "comment_date": ["04/12", "17:41"], "comment_content": "結論古人都是戀童癖"}, {"comment_author": "Takhisis", "comment_date": ["04/12", "17:43"], "comment_content": "一葉隨風忽報秋，縱使君來豈堪折"}, {"comment_author": "derrick1220", "comment_date": ["04/12", "17:53"], "comment_content": "出外人ㄘ粗飽別太挑的意思"}, {"comment_author": "DM16", "comment_date": ["04/12", "18:01"], "comment_content": "有洞可以打就打 別等到結網了才想要深窺"}]}
