{"author": "levs (我愛太魯閣)", "category": "Gossiping", "title": "[問卦] 手指切掉的肉長回來但是變敏感", "date": "Tue Apr 16 19:38:04 2024", "content": ["以下有傷口恐怖圖片  請小心", "之前切肉不小心切到手指切掉一小塊最近長回來了可是該部分跟周圍變敏感比方說  用該食指摸自己的大拇指摸得出指紋紋路摸得出來很清楚一條一條的其他手指都不會這樣  覺得有點恐怖請問會這樣是因為皮還沒有長完全的關係嗎？太靠近神經了？先感謝願意回答的人QQ--", "不好意思我猜是嚇到你了  我標一下警示好了", "沒有在打麻將  不過好像真的可以", "謝謝回答!!  才過一個多月我再等看看QQ", "謝謝大家回答QQ  祝大家都順利康復平平安安健康快樂QQ", "拍拍  原來太大塊會去角...我以後要小心  辛苦了"], "post_comment": [{"comment_author": "linda17a3", "comment_date": ["04/16", "19:38"], "comment_content": "幹幹幹幹幹幹"}, {"comment_author": "a27588679", "comment_date": ["04/16", "19:38"], "comment_content": "打麻將好用"}, {"comment_author": "james732", "comment_date": ["04/16", "19:38"], "comment_content": "正常，過幾個月就會變平了"}, {"comment_author": "Lumial020", "comment_date": ["04/16", "19:39"], "comment_content": "我手指上也有一塊 你一講我也癢癢ㄉ"}, {"comment_author": "cxiop", "comment_date": ["04/16", "19:39"], "comment_content": "異形增生，不趕快處理，它會吞噬你的大腦"}, {"comment_author": "hikaru77613", "comment_date": ["04/16", "19:40"], "comment_content": "矮油..好噁心哦"}, {"comment_author": "tengerinedog", "comment_date": ["04/16", "19:40"], "comment_content": "你以前規頭夜隨便摩擦就噴"}, {"comment_author": "dklash", "comment_date": ["04/16", "19:40"], "comment_content": "正常 剛新的肉都很敏感阿= ="}, {"comment_author": "skyclam", "comment_date": ["04/16", "19:40"], "comment_content": "正常，我燙傷兩年多才回到正常的皮膚"}, {"comment_author": "CJ2048", "comment_date": ["04/16", "19:43"], "comment_content": "恭喜  我切太大塊 手指直接 去角…"}, {"comment_author": "senma", "comment_date": ["04/16", "19:44"], "comment_content": "一樓太誇張了吧只是小傷口啊"}, {"comment_author": "fp737", "comment_date": ["04/16", "19:44"], "comment_content": "過一陣子就好了啦"}, {"comment_author": "ImBBCALL", "comment_date": ["04/16", "19:52"], "comment_content": "摸了會射出來"}, {"comment_author": "Mandara", "comment_date": ["04/16", "19:55"], "comment_content": "新肉比較嫩，等它老就拿俏了"}, {"comment_author": "achun1212", "comment_date": ["04/16", "19:57"], "comment_content": "就像割包皮一樣，沒經驗嗎"}, {"comment_author": "GOD5566", "comment_date": ["04/16", "20:00"], "comment_content": "每天鐵砂插個一小時"}, {"comment_author": "angelo98", "comment_date": ["04/16", "20:00"], "comment_content": "等老油條"}, {"comment_author": "keyboking", "comment_date": ["04/16", "20:02"], "comment_content": "你這文等一下害人切龜頭怎麼辦？"}, {"comment_author": "Cavallo", "comment_date": ["04/16", "20:06"], "comment_content": "推後續報告ww新肉長回來正常現象，雖然"}, {"comment_author": "Cavallo", "comment_date": ["04/16", "20:06"], "comment_content": "我沒感覺"}, {"comment_author": "zephyr105", "comment_date": ["04/16", "20:06"], "comment_content": "好色"}, {"comment_author": "louis791021", "comment_date": ["04/16", "20:37"], "comment_content": "感度三千倍"}, {"comment_author": "info1994", "comment_date": ["04/16", "20:43"], "comment_content": "廢話 你老二還跟以前一樣敏感嗎"}, {"comment_author": "info1994", "comment_date": ["04/16", "20:44"], "comment_content": "打手槍三十幾年 還能跟以前一樣秒射？"}, {"comment_author": "jgjisnew", "comment_date": ["04/16", "20:58"], "comment_content": "就跟處女比較敏感一樣"}, {"comment_author": "godchildtw", "comment_date": ["04/16", "21:50"], "comment_content": "你可以切GG，也會變敏感"}]}
