{"author": "f51 (新竹小惠)", "category": "Gossiping", "title": "[問卦] 婚姻版人氣這麼高會不會覺得自己是垃圾廢", "date": "Tue Apr 16 15:58:04 2024", "content": ["婚姻版人氣這麼高代表ptt鄉民已經大多數人處在婚姻階段大家都成家立業了看看自己跟大家的差距這麼遙遠會不會覺得自己根本是垃圾廢物呢？有掛嗎--", "我覺得這是滷蛇安慰自己的藉口....我是不會這樣想", "大概再2X3X年後", "真假啊 沒結過跑去看熱鬧??有這麼無聊的嗎....像我自己沒結過  幾乎沒看過婚姻板 因為覺得跟自己沒什麼關係", "人氣高未必好啊 但人氣高代表看的人多 代表已經成家的鄉民也多啊"], "post_comment": [{"comment_author": "Violataf", "comment_date": ["04/16", "15:58"], "comment_content": "你怎麼不說婚姻版整天吵架 還好沒結"}, {"comment_author": "sweetchord", "comment_date": ["04/16", "15:59"], "comment_content": "正常人看完只會慶幸沒結吧XD"}, {"comment_author": "sam810626", "comment_date": ["04/16", "15:59"], "comment_content": "結婚的沒有那麼多"}, {"comment_author": "jason138", "comment_date": ["04/16", "15:59"], "comment_content": "沒差 這邊母單居多"}, {"comment_author": "spring53287", "comment_date": ["04/16", "16:00"], "comment_content": "婚姻幸福的不會去婚姻版 那邊一堆怪"}, {"comment_author": "spring53287", "comment_date": ["04/16", "16:00"], "comment_content": "人- -"}, {"comment_author": "woogee", "comment_date": ["04/16", "16:00"], "comment_content": "之後就是輪椅拐杖版"}, {"comment_author": "yukimura0420", "comment_date": ["04/16", "16:00"], "comment_content": "很多單身的根本超爽好嗎"}, {"comment_author": "tenlove", "comment_date": ["04/16", "16:00"], "comment_content": "看那邊常常吵架吧"}, {"comment_author": "bdbpzcatqpq1", "comment_date": ["04/16", "16:01"], "comment_content": "會進婚姻版的都是不順遂去取暖的"}, {"comment_author": "dm03", "comment_date": ["04/16", "16:02"], "comment_content": "明顯會支持某一方的都是沒結過婚的"}, {"comment_author": "Violataf", "comment_date": ["04/16", "16:03"], "comment_content": "婚姻板一堆雞毛蒜皮都在吵 你有看到哪篇"}, {"comment_author": "Violataf", "comment_date": ["04/16", "16:03"], "comment_content": "是說婚姻很幸福的 你以為人氣高就是好喔"}, {"comment_author": "Violataf", "comment_date": ["04/16", "16:03"], "comment_content": "?"}, {"comment_author": "mopepe5566", "comment_date": ["04/16", "16:05"], "comment_content": "我結也不會去看，那裡一堆怪胎"}, {"comment_author": "mopepe5566", "comment_date": ["04/16", "16:05"], "comment_content": "跟正常人想法都不一樣"}, {"comment_author": "k1222", "comment_date": ["04/16", "16:05"], "comment_content": "那邊不是婆媳板嗎"}, {"comment_author": "Lailungsheng", "comment_date": ["04/16", "16:10"], "comment_content": "一堆單身狗去看戲啦，你以為"}, {"comment_author": "ACerol", "comment_date": ["04/16", "17:08"], "comment_content": "慶幸自己不是跟問題兒結吧"}, {"comment_author": "dreamyello", "comment_date": ["04/16", "17:27"], "comment_content": "那邊是出問題的 感情順遂會看男女版嗎"}, {"comment_author": "dreamyello", "comment_date": ["04/16", "17:28"], "comment_content": "一堆大齡單男單女在互相PUA"}, {"comment_author": "saum", "comment_date": ["04/16", "17:43"], "comment_content": "反婚姻版"}, {"comment_author": "Kelvinchen", "comment_date": ["04/16", "17:55"], "comment_content": "正名負能量版，婚姻出事才會去那發文"}, {"comment_author": "cukesdubie", "comment_date": ["04/16", "21:20"], "comment_content": "不會啊，我沒結婚也看的很爽"}]}
