{"author": "ashinly1021 (リしれ供さ小 )", "category": "Gossiping", "title": "[問卦] 開班會一直被鬧場", "date": "Mon Apr 15 09:58:24 2024", "content": ["如題現在正在開班會結果有某一批人不斷鬧場一直鬼吼鬼叫、一直插話鬧事想把班會投票事項鬧到投不成請問怎麼辦！？----Sent from", "on my Samsung SM-A3460--", "現在鬧場的就柯同學及他的一眾小夥伴", "柯同學已霸佔發言臺"], "post_comment": [{"comment_author": "preisner", "comment_date": ["04/15", "09:59"], "comment_content": "去問甲級動員不開會的柯總啊"}, {"comment_author": "RRADA", "comment_date": ["04/15", "10:04"], "comment_content": "學KMT霸占主席台然後丟豬血豬內臟啊"}, {"comment_author": "RRADA", "comment_date": ["04/15", "10:05"], "comment_content": "光換那個地毯就花了納稅人200萬"}]}
