{"author": "Fortran (Fortran)", "category": "Gossiping", "title": "[問卦] 所以當初烏俄為啥會開戰", "date": "Wed Apr 17 12:27:27 2024", "content": ["如題本肥小頭好奇當初烏俄開戰的真正理由到底是什麼啊俄羅斯說法是怕北約東擴，威脅到俄羅斯所以開戰當時烏克蘭總統若答應保持中立不加北約，還會被打嗎？有卦？--"], "post_comment": [{"comment_author": "felixden", "comment_date": ["04/17", "12:27"], "comment_content": "烏賊很難吃"}, {"comment_author": "s820912gmail", "comment_date": ["04/17", "12:27"], "comment_content": "烏克蘭不聽話"}, {"comment_author": "LoveMakeLove", "comment_date": ["04/17", "12:27"], "comment_content": "烏克蘭加入北約是最後一根稻草"}, {"comment_author": "james732", "comment_date": ["04/17", "12:28"], "comment_content": "柯文哲害的"}, {"comment_author": "rex7125", "comment_date": ["04/17", "12:28"], "comment_content": "想打你什麼藉口都可以"}, {"comment_author": "mikasamikoto", "comment_date": ["04/17", "12:28"], "comment_content": "俄國多少也想要烏克蘭"}, {"comment_author": "jayppt", "comment_date": ["04/17", "12:28"], "comment_content": "真實原因是俄國人始終認為蘇聯疆土才是舊"}, {"comment_author": "shenguan", "comment_date": ["04/17", "12:28"], "comment_content": "google很難嗎"}, {"comment_author": "hayate232", "comment_date": ["04/17", "12:28"], "comment_content": "俄羅斯突然想打就打"}, {"comment_author": "LoveMakeLove", "comment_date": ["04/17", "12:28"], "comment_content": "其實烏克蘭2014就開始組織國民警備"}, {"comment_author": "taot917", "comment_date": ["04/17", "12:28"], "comment_content": "烏克蘭就立法要加入北約了，還怎麼停"}, {"comment_author": "jayppt", "comment_date": ["04/17", "12:28"], "comment_content": "有的疆土 被拆成幾塊都是西方陰謀"}, {"comment_author": "LoveMakeLove", "comment_date": ["04/17", "12:28"], "comment_content": "隊亞速營對烏東俄裔屠殺"}, {"comment_author": "tsukasaxx", "comment_date": ["04/17", "12:28"], "comment_content": "岳飛當年也不聽話 所以便當"}, {"comment_author": "jayppt", "comment_date": ["04/17", "12:29"], "comment_content": "去問俄國人 他們不把舊蘇聯全統一掉 是不"}, {"comment_author": "OPPAISuki", "comment_date": ["04/17", "12:29"], "comment_content": "烏克蘭 之前一直在鎮壓屠殺烏東親俄人"}, {"comment_author": "tsukasaxx", "comment_date": ["04/17", "12:29"], "comment_content": "吳三桂聽話 被中國人當罪人"}, {"comment_author": "jayppt", "comment_date": ["04/17", "12:29"], "comment_content": "會想罷手的"}, {"comment_author": "kasim15", "comment_date": ["04/17", "12:29"], "comment_content": "加北約啊 誰叫他們不學台獨喊喊就好"}, {"comment_author": "OPPAISuki", "comment_date": ["04/17", "12:30"], "comment_content": "西方媒體都不會報導的 烏東被鎮壓的事"}, {"comment_author": "OPPAISuki", "comment_date": ["04/17", "12:30"], "comment_content": "普丁都說過出兵的理由了 烏克蘭有納粹"}, {"comment_author": "jayppt", "comment_date": ["04/17", "12:30"], "comment_content": "3代蘇聯時期最高秘書長是烏克蘭人"}, {"comment_author": "jayppt", "comment_date": ["04/17", "12:31"], "comment_content": "和北約不北約無關 俄國就是把烏克蘭看作"}, {"comment_author": "yuuuuu", "comment_date": ["04/17", "12:31"], "comment_content": "普丁有病啊 整天幻想別的國家是牠的，跟"}, {"comment_author": "nk", "comment_date": ["04/17", "12:31"], "comment_content": "因為蘇聯的偉大復興"}, {"comment_author": "yuuuuu", "comment_date": ["04/17", "12:31"], "comment_content": "習近平一樣腦袋有洞"}, {"comment_author": "jayppt", "comment_date": ["04/17", "12:31"], "comment_content": "自己的高雄屏東 就自己一部分而已"}, {"comment_author": "LoveMakeLove", "comment_date": ["04/17", "12:31"], "comment_content": "去納粹化就是因為亞速營崇拜納粹"}, {"comment_author": "newsboy3423", "comment_date": ["04/17", "12:32"], "comment_content": "烏往北約靠攏 俄索性把領土校正一下"}, {"comment_author": "kumori", "comment_date": ["04/17", "12:33"], "comment_content": "看打不打得下來 打不下來看能不能凹到烏東"}, {"comment_author": "pro33342", "comment_date": ["04/17", "12:33"], "comment_content": "北約東擴"}, {"comment_author": "hsnu127348", "comment_date": ["04/17", "12:37"], "comment_content": "普丁幻想很好打啊，判斷錯誤後拉不下"}, {"comment_author": "hsnu127348", "comment_date": ["04/17", "12:37"], "comment_content": "臉撤兵"}, {"comment_author": "newsboy3423", "comment_date": ["04/17", "12:38"], "comment_content": "確實烏克蘭是當作固有領土看待"}, {"comment_author": "newsboy3423", "comment_date": ["04/17", "12:38"], "comment_content": "波三小就算了"}, {"comment_author": "newsboy3423", "comment_date": ["04/17", "12:38"], "comment_content": "不撤軍打下阿夫迪夫卡等要塞區了"}, {"comment_author": "devilfruit", "comment_date": ["04/17", "12:40"], "comment_content": "美國煽動烏克蘭挑釁俄國害的"}, {"comment_author": "twmadrid", "comment_date": ["04/17", "12:52"], "comment_content": "最簡單的問題 美國總統太軟  川普還在"}, {"comment_author": "twmadrid", "comment_date": ["04/17", "12:52"], "comment_content": "時候 普丁乖的跟貓咪一樣"}, {"comment_author": "tux80420", "comment_date": ["04/17", "12:58"], "comment_content": "納粹、屠殺，看你想要看哪一邊的資料"}, {"comment_author": "cttw19", "comment_date": ["04/17", "13:17"], "comment_content": "烏克蘭想從俄國傳統勢力範圍脫離 投向西"}, {"comment_author": "cttw19", "comment_date": ["04/17", "13:17"], "comment_content": "方"}, {"comment_author": "q34355997", "comment_date": ["04/17", "13:20"], "comment_content": ""}, {"comment_author": "tiger870316", "comment_date": ["04/17", "13:22"], "comment_content": "烏東是俄羅斯神聖不可分割的一部分"}, {"comment_author": "mow1982", "comment_date": ["04/17", "13:23"], "comment_content": "烏克蘭覺青"}, {"comment_author": "CIDgreen", "comment_date": ["04/17", "13:27"], "comment_content": "你的「烏俄開戰」是幾年開始？"}, {"comment_author": "selvester", "comment_date": ["04/17", "14:14"], "comment_content": "2013 克里米亞 俄國從頭到尾就是想入"}, {"comment_author": "selvester", "comment_date": ["04/17", "14:14"], "comment_content": "侵 拿北約東擴來講搞笑嗎"}, {"comment_author": "newsboy3423", "comment_date": ["04/17", "16:18"], "comment_content": "克里米亞事件之前是顏色革命"}, {"comment_author": "after1", "comment_date": ["04/17", "17:10"], "comment_content": "烏克蘭協助歐美部署可能威脅到俄國領土的"}, {"comment_author": "after1", "comment_date": ["04/17", "17:10"], "comment_content": "武器吧"}, {"comment_author": "bior1234", "comment_date": ["04/17", "18:25"], "comment_content": "一切理由都只是為了擴張領土所做的"}, {"comment_author": "ludada", "comment_date": ["04/17", "19:58"], "comment_content": "上面一堆跟你說跟北約無關都是來耍寶的，"}, {"comment_author": "ludada", "comment_date": ["04/17", "19:58"], "comment_content": "連身為戰略緩衝國認真都沒有，活該被美國"}, {"comment_author": "ludada", "comment_date": ["04/17", "19:58"], "comment_content": "當槍使，一堆白痴以為加入北約是烏克蘭的"}, {"comment_author": "ludada", "comment_date": ["04/17", "19:58"], "comment_content": "自由，卻忽略自身是否有做決定實力，統神"}, {"comment_author": "ludada", "comment_date": ["04/17", "19:58"], "comment_content": "不是已經表演過了?"}, {"comment_author": "ai2311", "comment_date": ["04/18", "01:02"], "comment_content": "加入北約 歐美只要在烏境內部署 會威脅到"}, {"comment_author": "ai2311", "comment_date": ["04/18", "01:02"], "comment_content": "俄的安全啊"}, {"comment_author": "ai2311", "comment_date": ["04/18", "01:03"], "comment_content": "當初古巴危機 美國還不是氣噗噗制裁人家"}, {"comment_author": "ai2311", "comment_date": ["04/18", "01:03"], "comment_content": "到現在"}, {"comment_author": "ai2311", "comment_date": ["04/18", "01:03"], "comment_content": "澤就87一個給北約當槍使 現在人家讓你進了"}, {"comment_author": "ai2311", "comment_date": ["04/18", "01:04"], "comment_content": "嗎"}]}
