{"author": "wcpsgb (故事師)", "category": "Gossiping", "title": "[問卦] 诶诶 台灣黑道or+9集散地到底在哪?", "date": "Mon Apr 15 18:04:28 2024", "content": ["诶诶如標題阿剛剛看和牛過期案牽扯賭博，一堆人說台中是詐騙集散、黑道集散、8+9集散地...等等怎麼跟我印象裡不一樣?我怎麼一直記得是北台灣那邊比較多飆仔、黑道、8+9、主機房、吸毒仔...等等尤其是新北、三重，一直記得新聞有飆仔亂砍人、屁孩聚眾鬥毆等有印象的黑道告別式 也都是在北台灣的比較多所以說  是不是曼德拉效應?有沒有專家拿數據出來說話x--", "台中海線也就一個顏家很常被提到 其他各幫派都馬在北台灣被提到"], "post_comment": [{"comment_author": "z32510z", "comment_date": ["04/15", "18:05"], "comment_content": "台中海線"}, {"comment_author": "bob14", "comment_date": ["04/15", "18:07"], "comment_content": "新竹以北 人口佔約一半  人多的地方自然就"}, {"comment_author": "bob14", "comment_date": ["04/15", "18:07"], "comment_content": "有"}, {"comment_author": "badmark369", "comment_date": ["04/15", "18:09"], "comment_content": "麥寮和陳明文也都是黑道，怎麼每次黑"}, {"comment_author": "badmark369", "comment_date": ["04/15", "18:09"], "comment_content": "道都只想到顏家"}, {"comment_author": "badmark369", "comment_date": ["04/15", "18:10"], "comment_content": "新北市的趙天祐家族，黃承國國策顧問"}, {"comment_author": "badmark369", "comment_date": ["04/15", "18:10"], "comment_content": "呢？"}, {"comment_author": "badmark369", "comment_date": ["04/15", "18:10"], "comment_content": "是其他黑道都比不上海線顏胖子，是不"}, {"comment_author": "badmark369", "comment_date": ["04/15", "18:10"], "comment_content": "是？你是不是瞧不上其他黑道，被你當"}, {"comment_author": "badmark369", "comment_date": ["04/15", "18:11"], "comment_content": "小的？"}, {"comment_author": "wingthink", "comment_date": ["04/15", "18:14"], "comment_content": "不可能吧？八卦不是說黑道89只出現在"}, {"comment_author": "wingthink", "comment_date": ["04/15", "18:14"], "comment_content": "南部"}, {"comment_author": "htc10", "comment_date": ["04/15", "18:14"], "comment_content": "新莊思源路"}, {"comment_author": "watameki", "comment_date": ["04/15", "18:15"], "comment_content": "一樓絕對是外行"}, {"comment_author": "optw", "comment_date": ["04/15", "18:31"], "comment_content": "台中七期"}, {"comment_author": "saluy", "comment_date": ["04/15", "19:31"], "comment_content": "台中 新北 高雄"}]}
