{"author": "lovecyfen (lovecyfen)", "category": "Gossiping", "title": "[問卦] 三體是不是垃圾劇啊", "date": "Sun Apr 14 17:08:21 2024", "content": ["幹他媽的三體真的超爛整據根本跟屎一樣人生活到現在最爛的劇幹-----Sent from JPTT on my iPhone--"], "post_comment": [{"comment_author": "cuteSquirrel", "comment_date": ["04/14", "17:08"], "comment_content": "條通出上:"}, {"comment_author": "OPPAISuki", "comment_date": ["04/14", "17:08"], "comment_content": "是你沒看過台劇?"}, {"comment_author": "yien1809", "comment_date": ["04/14", "17:09"], "comment_content": "Ok"}, {"comment_author": "qqqooo4", "comment_date": ["04/14", "17:10"], "comment_content": "當你個版？"}, {"comment_author": "k63815", "comment_date": ["04/14", "17:10"], "comment_content": "你是沒看過台劇？"}, {"comment_author": "skullno2", "comment_date": ["04/14", "17:11"], "comment_content": "主角群選角超哭的"}, {"comment_author": "LBruce", "comment_date": ["04/14", "17:11"], "comment_content": "送你一個二向箔   不痛痛了喔"}, {"comment_author": "TexasFlood", "comment_date": ["04/14", "17:12"], "comment_content": "一股很像在看永恆族的臭味"}, {"comment_author": "sheagia", "comment_date": ["04/14", "17:12"], "comment_content": "井蛙可憐"}, {"comment_author": "BlacKlonely", "comment_date": ["04/14", "17:13"], "comment_content": "偷臭共產黨 然後牽到外太空的八點檔"}, {"comment_author": "da0201", "comment_date": ["04/14", "17:15"], "comment_content": "？"}, {"comment_author": "Shingen", "comment_date": ["04/14", "17:19"], "comment_content": "不優，建議看黑鏡"}, {"comment_author": "TakeMyUltra", "comment_date": ["04/14", "17:21"], "comment_content": "跟你的人生一樣：）"}, {"comment_author": "Osmium", "comment_date": ["04/14", "17:22"], "comment_content": "讚 留言 分享"}, {"comment_author": "yuta02", "comment_date": ["04/14", "17:24"], "comment_content": "跟 小草的人生一樣：）"}, {"comment_author": "calance", "comment_date": ["04/14", "17:45"], "comment_content": "網飛版的是 中國版的好看很多 至少不會看"}, {"comment_author": "calance", "comment_date": ["04/14", "17:45"], "comment_content": "不懂在幹嘛"}, {"comment_author": "kmshy", "comment_date": ["04/14", "18:25"], "comment_content": "台灣鄉土劇表示："}, {"comment_author": "icosahedron", "comment_date": ["04/14", "18:46"], "comment_content": "看到文革讓你痛不欲生？"}, {"comment_author": "e1q3z9c7", "comment_date": ["04/14", "18:51"], "comment_content": "有黑人就不想看了"}, {"comment_author": "egogeorge", "comment_date": ["04/14", "19:08"], "comment_content": "文化大革命拍得不錯"}, {"comment_author": "andy2011", "comment_date": ["04/14", "19:08"], "comment_content": "地球人打來打去很煩請主快來統治吧"}]}
