{"author": "meblessme (人身攻擊是爛人)", "category": "Gossiping", "title": "[問卦] 中國水電表沒用水電也會跳的八卦", "date": "Thu Apr 18 20:32:33 2024", "content": ["先說不是鄰居樓上樓下偷水偷電偷瓦斯中國重慶裝智慧表的水電瓦斯表居然社區停電電表也會跑只開冷水瓦斯表也會走原來中國的智慧表居然是這麼一個智慧法", "--", "台灣的網路跟台灣的商品一樣，哪裡都有中國三民自也一堆中國水管臉書也一堆中國ptt還是一堆中國怪我囉"], "post_comment": [{"comment_author": "saber0408", "comment_date": ["04/18", "20:33"], "comment_content": "好了啦台派"}, {"comment_author": "adamlovedogc", "comment_date": ["04/18", "20:33"], "comment_content": "黨要你的錢你不能不給"}, {"comment_author": "TaiwanFight", "comment_date": ["04/18", "20:33"], "comment_content": "聽起來就保低消而已  有違法就去告他"}, {"comment_author": "llgod", "comment_date": ["04/18", "20:34"], "comment_content": "最喜歡跟左岸共匪比爛的閩南政黨"}, {"comment_author": "nptrj", "comment_date": ["04/18", "20:35"], "comment_content": "喜迎物價上漲，跟台灣一樣 是抱怨的人太窮"}, {"comment_author": "Owen93", "comment_date": ["04/18", "20:37"], "comment_content": "這麼關注中國怎麼不搬過去"}, {"comment_author": "llgod", "comment_date": ["04/18", "20:43"], "comment_content": "正常人不會叫人家滾去西岸或滾去東岸，這"}, {"comment_author": "llgod", "comment_date": ["04/18", "20:43"], "comment_content": "八年才開始這種對立玩法"}, {"comment_author": "twnail", "comment_date": ["04/18", "20:43"], "comment_content": "不消耗能源也會動這應該要得諾貝爾獎"}, {"comment_author": "andy199113", "comment_date": ["04/18", "20:45"], "comment_content": "台灣直接貪汙 酬庸自己人"}, {"comment_author": "kinmengon", "comment_date": ["04/18", "21:00"], "comment_content": "這很中國"}, {"comment_author": "KKlin813", "comment_date": ["04/18", "21:01"], "comment_content": "小粉紅不喜歡這篇文章"}, {"comment_author": "ROUTE777", "comment_date": ["04/18", "22:22"], "comment_content": "原來現在ptt也開始熱烈幫中國辯護了"}, {"comment_author": "ariadne", "comment_date": ["04/18", "22:47"], "comment_content": "更搞笑是後來省方成立調查組調查後表沒"}, {"comment_author": "ariadne", "comment_date": ["04/18", "22:47"], "comment_content": "問題 但公司會退款給用戶 嘴上沒問題實"}, {"comment_author": "ariadne", "comment_date": ["04/18", "22:47"], "comment_content": "際又退回溢收款 那到底是有沒有問題？"}]}
