{"author": "CircusWorld (小丑世界)", "category": "Gossiping", "title": "[問卦] 洗滌人心 真的有料吧", "date": "Wed Apr 17 11:31:37 2024", "content": ["如題洗滌 教育部的詞彙解釋和來源洗除汙穢。《南史．卷七一．儒林傳．何佟之傳》：「性好潔，一日之間洗滌者十餘過，猶恨不足，時人稱為水淫。」《初刻拍案驚奇》卷二八：「馮相身處朝市，向為塵俗所役，乍見山光水色，洗滌心胸。」洗滌人心是一件很難的事情 讓人改過向善是很難的看看監獄囚禁了多少罪犯 出來後再犯的機率還是很高能做到洗滌人心 是真的有料吧--唯一支持綠色 只能支持綠色--"], "post_comment": [{"comment_author": "DAHOO", "comment_date": ["04/17", "11:32"], "comment_content": "淨化"}, {"comment_author": "cosplay314", "comment_date": ["04/17", "11:32"], "comment_content": "真的有料～統神不用勞改了"}, {"comment_author": "jameshcm", "comment_date": ["04/17", "11:32"], "comment_content": "應該是有什麼把柄被抓住了"}, {"comment_author": "a3221715", "comment_date": ["04/17", "11:32"], "comment_content": "台灣價值upup"}, {"comment_author": "Goog1e", "comment_date": ["04/17", "11:33"], "comment_content": "收編成功！  社會改造 洗滌人心 新造的人"}, {"comment_author": "Lailungsheng", "comment_date": ["04/17", "11:35"], "comment_content": ""}, {"comment_author": "cocojohn111", "comment_date": ["04/17", "11:35"], "comment_content": "曾經我茫然前行 暗夜的路上"}, {"comment_author": "Jeff911", "comment_date": ["04/17", "12:03"], "comment_content": "火力展示給新老闆看，該給標案了吧！？"}, {"comment_author": "lemon81824", "comment_date": ["04/17", "12:33"], "comment_content": "黨國機器一出 我就問有誰膽敢不貴"}]}
