{"author": "a1b2c3d4e5 (阿翔)", "category": "Gossiping", "title": "[問卦] 急！有老師到我家拆牆壁", "date": "Sun Apr 14 19:12:56 2024", "content": ["如題啦 我阿翔 老師到我家拆牆壁了拿著大錘問我是不是這一面牆壁我說是老師就拆牆壁了欸 好誇張啊！我是不是要感謝老師呢？ 八卦？ 嘻嘻-----Sent from JPTT on my iPhone--"], "post_comment": [{"comment_author": "johnwu", "comment_date": ["04/14", "19:13"], "comment_content": "哪部"}, {"comment_author": "kevin1221", "comment_date": ["04/14", "19:13"], "comment_content": "我要看女學生脫光拍照的那段"}, {"comment_author": "tmgl", "comment_date": ["04/14", "19:13"], "comment_content": "你等等毛剃一下再露"}, {"comment_author": "kairi5217", "comment_date": ["04/14", "19:13"], "comment_content": "…GTO"}, {"comment_author": "saint01", "comment_date": ["04/14", "19:15"], "comment_content": "太老"}, {"comment_author": "rererere147", "comment_date": ["04/14", "19:21"], "comment_content": "快報警啊"}, {"comment_author": "egogeorge", "comment_date": ["04/14", "19:29"], "comment_content": "讓導演賠錢"}, {"comment_author": "j3699939", "comment_date": ["04/14", "19:33"], "comment_content": "你政府官員"}, {"comment_author": "CIEenergy", "comment_date": ["04/14", "19:36"], "comment_content": "有邪教徒到我家要搶神主牌"}, {"comment_author": "cp17", "comment_date": ["04/14", "19:37"], "comment_content": "優羅治亞"}, {"comment_author": "piggybill", "comment_date": ["04/14", "19:38"], "comment_content": "老師好帥"}, {"comment_author": "Hoshan", "comment_date": ["04/14", "19:49"], "comment_content": "你老師是不是處男"}, {"comment_author": "zdravstvuyte", "comment_date": ["04/14", "19:59"], "comment_content": "優羅志亞大學畢業的老師嗎"}, {"comment_author": "angelo98", "comment_date": ["04/14", "20:11"], "comment_content": "鐵達尼號"}]}
