{"author": "GGFACE (GGFACE)", "category": "Gossiping", "title": "[問卦] 台男有綠卡PR+多少？？", "date": "Tue Apr 16 15:26:01 2024", "content": ["如題今天綠卡好像是一個很紅的關鍵字想問一下一個PR60的台灣男性今天如果他有綠卡的話會變PR多少有PR90嗎？有沒有卦@@--"], "post_comment": [{"comment_author": "coolrgin", "comment_date": ["04/16", "15:26"], "comment_content": "有90"}, {"comment_author": "StylishTrade", "comment_date": ["04/16", "15:26"], "comment_content": "PR99吧"}, {"comment_author": "ptt987654321", "comment_date": ["04/16", "15:27"], "comment_content": "是有90 但女生習慣之後 變成只是門"}, {"comment_author": "ptt987654321", "comment_date": ["04/16", "15:27"], "comment_content": "票"}, {"comment_author": "PADvsToS", "comment_date": ["04/16", "15:27"], "comment_content": "肛門"}, {"comment_author": "ptt987654321", "comment_date": ["04/16", "15:27"], "comment_content": "就跟慈善大賽門票300萬美金一樣"}, {"comment_author": "ptt987654321", "comment_date": ["04/16", "15:28"], "comment_content": "有門票才有資格追老娘 不代表要選你"}, {"comment_author": "vinca", "comment_date": ["04/16", "15:28"], "comment_content": "錢才是真理"}, {"comment_author": "TPEE", "comment_date": ["04/16", "15:28"], "comment_content": "應該是要拿公民才有意義"}, {"comment_author": "Winston13840", "comment_date": ["04/16", "15:28"], "comment_content": "那有公民的魯蛇呢QQ"}, {"comment_author": "ptt987654321", "comment_date": ["04/16", "15:28"], "comment_content": "只是你有被老娘選上的資格"}, {"comment_author": "boy1031", "comment_date": ["04/16", "15:29"], "comment_content": "pr60的人去美國，大概率階級下降啦，還pr"}, {"comment_author": "mcgrady12336", "comment_date": ["04/16", "15:31"], "comment_content": "綠帽可以+188唷"}, {"comment_author": "kaitai", "comment_date": ["04/16", "15:35"], "comment_content": "現代台女沒有很哈綠卡 台灣比較爽"}, {"comment_author": "isu0911", "comment_date": ["04/16", "15:35"], "comment_content": "有錢嗎？他們家就卡在經濟問題不是？"}, {"comment_author": "OomaybeoO", "comment_date": ["04/16", "15:37"], "comment_content": "命題有問題 PR60的人怎拿得到綠卡= ="}, {"comment_author": "OomaybeoO", "comment_date": ["04/16", "15:37"], "comment_content": "就算原本60 在拿綠卡的過程直到拿到綠"}, {"comment_author": "OomaybeoO", "comment_date": ["04/16", "15:37"], "comment_content": "卡肯定不可能還是60 如果是靠爸媽就更"}, {"comment_author": "OomaybeoO", "comment_date": ["04/16", "15:37"], "comment_content": "不用說 你刻意扣掉人家爸媽的支援毫無"}, {"comment_author": "OomaybeoO", "comment_date": ["04/16", "15:37"], "comment_content": "意義"}, {"comment_author": "z0", "comment_date": ["04/16", "15:38"], "comment_content": "在婚姻版是0"}, {"comment_author": "OomaybeoO", "comment_date": ["04/16", "15:38"], "comment_content": "簡單來說 正常情況 美國身為第一強國又"}, {"comment_author": "OomaybeoO", "comment_date": ["04/16", "15:38"], "comment_content": "不收廢物 東南亞小島PR60你以為人家會"}, {"comment_author": "OomaybeoO", "comment_date": ["04/16", "15:38"], "comment_content": "收？"}, {"comment_author": "Himiko9975", "comment_date": ["04/16", "15:39"], "comment_content": "99999"}, {"comment_author": "abyssa1", "comment_date": ["04/16", "15:51"], "comment_content": "有能力找到高階工作才是加分"}, {"comment_author": "abyssa1", "comment_date": ["04/16", "15:51"], "comment_content": "抽籤抽到一樣廢也沒用"}, {"comment_author": "Haerin520", "comment_date": ["04/16", "16:05"], "comment_content": "90吧 我大學同學好幾個都有綠卡"}, {"comment_author": "FLy60169", "comment_date": ["04/16", "17:02"], "comment_content": "99"}, {"comment_author": "cynthiajul", "comment_date": ["04/16", "17:20"], "comment_content": "情商低又會情勒還愛言語霸凌的話0"}, {"comment_author": "kanpfer", "comment_date": ["04/16", "17:53"], "comment_content": "台女價值PR1000，怎麼比"}]}
