{"author": "davidoslo (大衛王)", "category": "Gossiping", "title": "[問卦] 最適合蓋核電廠的地方是台灣對吧？", "date": "Tue Apr 16 04:10:55 2024", "content": ["對岸核武大國整天喊武統媽的不怕對岸射核彈卻怕核電廠這是什麼鬼道理？而且核電廠根本是恐怖平衡啊蓋好蓋滿對岸根本不敢射大不了玉石俱焚這才是保護台灣的最佳方式吧掛？--Sent from nPTT on my iPhone 12 mini--"], "post_comment": [{"comment_author": "jojoStar", "comment_date": ["04/16", "04:14"], "comment_content": "他可以射妳沒蓋的地方"}, {"comment_author": "maskwill", "comment_date": ["04/16", "04:21"], "comment_content": "台北市就算被丟核彈 核一二四也不會影響"}, {"comment_author": "MAXcafe", "comment_date": ["04/16", "04:27"], "comment_content": "桃園啊，地震颱風都弄不掉，區區核彈根"}, {"comment_author": "MAXcafe", "comment_date": ["04/16", "04:27"], "comment_content": "本橡皮筋"}, {"comment_author": "heavensun", "comment_date": ["04/16", "04:31"], "comment_content": "西海岸蓋滿核電廠  94台灣的馬奇諾防線"}, {"comment_author": "nptrj", "comment_date": ["04/16", "04:42"], "comment_content": "肯定的，靠科技業活的島"}, {"comment_author": "sagarain", "comment_date": ["04/16", "06:03"], "comment_content": "為什麼不敢射？"}, {"comment_author": "sunday0226", "comment_date": ["04/16", "07:35"], "comment_content": "對岸嗆留島不留人，直接把核電廠都爐"}, {"comment_author": "sunday0226", "comment_date": ["04/16", "07:35"], "comment_content": "心熔燬真的留一個輻射島不留人給他們"}, {"comment_author": "sunday0226", "comment_date": ["04/16", "07:35"], "comment_content": "玉石俱焚"}, {"comment_author": "windbomb", "comment_date": ["04/16", "08:50"], "comment_content": "早就有人說過，反核就是中共同路人"}]}
