{"author": "shala (沙羅是轉換後的文字檔打m)", "category": "Gossiping", "title": "[問卦] 怎麼台灣路上的正妹常常都是日韓妹？", "date": "Tue Apr 16 21:01:59 2024", "content": ["前陣子在台灣路上閒逛有看到不少正妹，後來發現是日本或韓國觀光客，機率還頗高。怎麼台灣路上的正妹常常都是日韓妹？--"], "post_comment": [{"comment_author": "a27588679", "comment_date": ["04/16", "21:02"], "comment_content": "因為台灣觀光客超多 太好玩了"}, {"comment_author": "a27588679", "comment_date": ["04/16", "21:02"], "comment_content": "台灣的正妹都出國了"}, {"comment_author": "mig", "comment_date": ["04/16", "21:03"], "comment_content": "不然你喜歡+9妹ㄇ"}, {"comment_author": "spring719", "comment_date": ["04/16", "21:03"], "comment_content": "不想跟你說話所以裝作外國人"}, {"comment_author": "Winston13840", "comment_date": ["04/16", "21:03"], "comment_content": "日韓正妹的圖勒=="}, {"comment_author": "kamitengo", "comment_date": ["04/16", "21:04"], "comment_content": "來做生意的，你懂的"}, {"comment_author": "Ilat", "comment_date": ["04/16", "21:06"], "comment_content": "會打扮比較吸引人 台灣女生不會打扮"}, {"comment_author": "GEoilo", "comment_date": ["04/16", "21:09"], "comment_content": "正妹都出國賺錢啊～"}, {"comment_author": "syntax123", "comment_date": ["04/16", "21:16"], "comment_content": ""}]}
