{"author": "ilanese (我寫故我在)", "category": "Gossiping", "title": "[問卦] 現在是「業力引爆 」中嗎？", "date": "Fri Apr 19 09:16:30 2024", "content": ["近來，台灣天災人禍不斷發生中……大地震、跳電問題連連。夏季缺水、缺電也是預期可能發生的事情。問卦：現在是「業力引爆 」中嗎？--"], "post_comment": [{"comment_author": "obov5116", "comment_date": ["04/19", "09:16"], "comment_content": "問就是衰尾查某"}, {"comment_author": "gx8759121", "comment_date": ["04/19", "09:17"], "comment_content": "肥力引爆"}, {"comment_author": "htc314", "comment_date": ["04/19", "09:17"], "comment_content": "等520吧 台灣缺德"}, {"comment_author": "ianlin1216", "comment_date": ["04/19", "09:18"], "comment_content": "去年跟前年引爆兩次了"}, {"comment_author": "ianlin1216", "comment_date": ["04/19", "09:18"], "comment_content": "40趴覺得不夠要第三次"}, {"comment_author": "sm905202", "comment_date": ["04/19", "09:18"], "comment_content": "爆你老師 烏鴉嘴 我工作機房剛修完陣列"}, {"comment_author": "KEYSOLIDER", "comment_date": ["04/19", "09:18"], "comment_content": "早知道投柯批"}, {"comment_author": "wugi", "comment_date": ["04/19", "09:18"], "comment_content": "除了地震 其他不都算的到"}, {"comment_author": "iversonman", "comment_date": ["04/19", "09:19"], "comment_content": "不就是藍白搞的？"}, {"comment_author": "ppav0v0v", "comment_date": ["04/19", "09:19"], "comment_content": "問40%"}, {"comment_author": "whitenoise", "comment_date": ["04/19", "09:19"], "comment_content": "全世界都這樣，大自然盤整中"}, {"comment_author": "cat5672", "comment_date": ["04/19", "09:20"], "comment_content": ""}, {"comment_author": "holsety", "comment_date": ["04/19", "09:20"], "comment_content": "懷疑嗎?"}, {"comment_author": "pal4luv", "comment_date": ["04/19", "09:22"], "comment_content": "選民自己的選擇，ee萬歲"}, {"comment_author": "kkjjrtlym", "comment_date": ["04/19", "09:22"], "comment_content": "最慘的是被死忠拖下水的的八"}, {"comment_author": "mutsutakato", "comment_date": ["04/19", "09:23"], "comment_content": "還有1萬9千多點，不要唱衰"}, {"comment_author": "CC97", "comment_date": ["04/19", "09:25"], "comment_content": "投柯p?這假老二助攻綠共選上繼續搞爛台灣，"}, {"comment_author": "CC97", "comment_date": ["04/19", "09:26"], "comment_content": "還有臉出來!媽寶有多遠滾多遠!"}, {"comment_author": "yyxjpaids1", "comment_date": ["04/19", "09:33"], "comment_content": "德不配位 趕緊認罪 下台換阿北"}, {"comment_author": "mikiworldpea", "comment_date": ["04/19", "09:41"], "comment_content": "八又翻 最後一刻大雨該來就來"}, {"comment_author": "uless", "comment_date": ["04/19", "09:45"], "comment_content": "人家現在選上在快樂分封中不然你要怎樣"}, {"comment_author": "kevin31a2", "comment_date": ["04/19", "09:56"], "comment_content": "漲到2萬不叫，跌下來才在該嗎？"}]}
