{"author": "t127147157 (悠質文)", "category": "Gossiping", "title": "[問卦] 32處男發廢文有多可惡?", "date": "Fri Apr 12 11:02:06 2024", "content": ["yoyo ☺我台灣成午啦今年32  八卦男喵哈囉~~~~~~~~~~~~~~~~~~~我是八卦優文王啦！八卦板常發廢文的人是不是蠻過分的?最近我考慮少發些廢文多積德有人贊成嗎?--", "--"], "post_comment": [{"comment_author": "highyes", "comment_date": ["04/12", "11:02"], "comment_content": "找五樓肛醒你不會 = =？"}, {"comment_author": "Roooz", "comment_date": ["04/12", "11:02"], "comment_content": "五樓都被肛"}, {"comment_author": "felixden", "comment_date": ["04/12", "11:03"], "comment_content": "aabbcc怎麼不見了=="}, {"comment_author": "Himiko9975", "comment_date": ["04/12", "11:03"], "comment_content": "找2F抱抱 很有效果"}, {"comment_author": "Himiko9975", "comment_date": ["04/12", "11:03"], "comment_content": "或是給五樓肛"}, {"comment_author": "Roooz", "comment_date": ["04/12", "11:03"], "comment_content": "媽的 五樓到底多喜歡我"}, {"comment_author": "linda17a3", "comment_date": ["04/12", "11:04"], "comment_content": "好"}, {"comment_author": "Roooz", "comment_date": ["04/12", "11:04"], "comment_content": "琳達在好三小"}, {"comment_author": "shaodw791017", "comment_date": ["04/12", "11:04"], "comment_content": "可憐哪"}, {"comment_author": "Himiko9975", "comment_date": ["04/12", "11:04"], "comment_content": "2樓又在亂講"}, {"comment_author": "koromo1991", "comment_date": ["04/12", "11:05"], "comment_content": "超可惡 還好我都不發"}, {"comment_author": "Roooz", "comment_date": ["04/12", "11:05"], "comment_content": "==？？？"}, {"comment_author": "Yachinolate", "comment_date": ["04/12", "11:11"], "comment_content": "積積陰陰德"}]}
