{"author": "miss80423 (自宅警備員)", "category": "Gossiping", "title": "[問卦] 只靠飲食完全不運動，這樣可以瘦嗎==？", "date": "Tue Apr 16 23:31:34 2024", "content": ["如題欸欸聽說減肥飲食7成運動3成就算完全沒有運動只靠飲食也有辦法瘦下來這是真的嗎==有卦？--", "--"], "post_comment": [{"comment_author": "james732", "comment_date": ["04/16", "23:31"], "comment_content": "完全不吃不喝不動就會瘦了"}, {"comment_author": "TsukimiyaAyu", "comment_date": ["04/16", "23:31"], "comment_content": "可以 運動是喇叭你的"}, {"comment_author": "Harionago", "comment_date": ["04/16", "23:32"], "comment_content": "絕對可以啊"}, {"comment_author": "Yohachan", "comment_date": ["04/16", "23:32"], "comment_content": "非洲小孩是因為做太多運動才瘦的嗎？"}, {"comment_author": "mopepe5566", "comment_date": ["04/16", "23:32"], "comment_content": "可以，你三餐吃饅頭"}, {"comment_author": "Dcwei", "comment_date": ["04/16", "23:32"], "comment_content": "我有過這種經歷"}, {"comment_author": "AgentSkye56", "comment_date": ["04/16", "23:32"], "comment_content": "可以 不要超過基礎代謝就好"}, {"comment_author": "jerrys0580", "comment_date": ["04/16", "23:32"], "comment_content": "飲食7成油炸物 食甜三成 可以的"}, {"comment_author": "coffee112", "comment_date": ["04/16", "23:32"], "comment_content": "可以 我認識的女營養師 我想她99%不會"}, {"comment_author": "coffee112", "comment_date": ["04/16", "23:32"], "comment_content": "運動 目前體重可能42~39 唉 怕..."}, {"comment_author": "polo125809", "comment_date": ["04/16", "23:33"], "comment_content": "水多喝"}, {"comment_author": "AgentSkye56", "comment_date": ["04/16", "23:33"], "comment_content": "三餐青菜吃到飽 選熱量低的 青菜"}, {"comment_author": "AgentSkye56", "comment_date": ["04/16", "23:33"], "comment_content": "飽到吐還會變瘦"}, {"comment_author": "twelvethflor", "comment_date": ["04/16", "23:33"], "comment_content": "可以 真的"}, {"comment_author": "poqwiuer", "comment_date": ["04/16", "23:33"], "comment_content": "不行，你看看雞排珍奶鹽酥雞臭豆腐"}, {"comment_author": "Nevhir", "comment_date": ["04/16", "23:33"], "comment_content": "可 但飲食要落實"}, {"comment_author": "coffee112", "comment_date": ["04/16", "23:34"], "comment_content": "動 x 吃 x  那個數字比例是看你願意哪"}, {"comment_author": "coffee112", "comment_date": ["04/16", "23:34"], "comment_content": "邊付出比較多 你想動7吃3 也行啊"}, {"comment_author": "ghgn", "comment_date": ["04/16", "23:34"], "comment_content": "可以 運動只是輔助 除非你跟那些健美選手一"}, {"comment_author": "eagleofsouth", "comment_date": ["04/16", "23:34"], "comment_content": "飲食比運動有效多了"}, {"comment_author": "ghgn", "comment_date": ["04/16", "23:34"], "comment_content": "樣每天都有好幾個小時都在運動"}, {"comment_author": "drmartens", "comment_date": ["04/16", "23:35"], "comment_content": "會啊 可是會瘦肌肉 到後來越來越難瘦"}, {"comment_author": "drmartens", "comment_date": ["04/16", "23:35"], "comment_content": "且會報復性復胖 比減肥前還胖"}, {"comment_author": "joe00477", "comment_date": ["04/16", "23:35"], "comment_content": "運動不做也可以"}, {"comment_author": "se2422", "comment_date": ["04/16", "23:35"], "comment_content": "當然可以啊，不然真的把運動當萬能喔。"}, {"comment_author": "mzxcvbn", "comment_date": ["04/16", "23:37"], "comment_content": "絕對可以，效果還超好"}, {"comment_author": "charlie01", "comment_date": ["04/16", "23:37"], "comment_content": "認真說可以"}, {"comment_author": "chuchichan", "comment_date": ["04/16", "23:38"], "comment_content": "可以，但一旦中斷會快速復胖"}, {"comment_author": "remarque", "comment_date": ["04/16", "23:38"], "comment_content": "可以 但是現代人平日運動就不足"}, {"comment_author": "remarque", "comment_date": ["04/16", "23:38"], "comment_content": "再加上要長期飲食控制很困難"}, {"comment_author": "emissary", "comment_date": ["04/16", "23:39"], "comment_content": "可"}, {"comment_author": "ryo1008", "comment_date": ["04/16", "23:39"], "comment_content": "可以"}, {"comment_author": "koiopolo2", "comment_date": ["04/16", "23:39"], "comment_content": "看看荒野求生21天 每個瘦多少就知"}, {"comment_author": "koiopolo2", "comment_date": ["04/16", "23:39"], "comment_content": "道了"}, {"comment_author": "remarque", "comment_date": ["04/16", "23:39"], "comment_content": "要光靠飲食瘦下來並不是那麼容易"}, {"comment_author": "fulongb210f", "comment_date": ["04/16", "23:39"], "comment_content": "絕對可以。反之，很難。"}, {"comment_author": "ibacc", "comment_date": ["04/16", "23:40"], "comment_content": "可以，只是會掉肌肉"}, {"comment_author": "r0ck123", "comment_date": ["04/16", "23:41"], "comment_content": "絕對可以 反過來才不行"}, {"comment_author": "jasin0425", "comment_date": ["04/16", "23:42"], "comment_content": "不運動=皮膚鬆弛 瘦下來也不好看"}, {"comment_author": "pojohn", "comment_date": ["04/16", "23:44"], "comment_content": "保證可以.."}, {"comment_author": "jie5317", "comment_date": ["04/16", "23:44"], "comment_content": "我正常三餐天天喝手搖不運動"}, {"comment_author": "jie5317", "comment_date": ["04/16", "23:45"], "comment_content": "BMI17，高瘦身材，給你參考"}, {"comment_author": "shane24156", "comment_date": ["04/16", "23:46"], "comment_content": "可以 但是減肥難度是top等級 你更自"}, {"comment_author": "shane24156", "comment_date": ["04/16", "23:46"], "comment_content": "律可以挑戰一下"}, {"comment_author": "heliotropism", "comment_date": ["04/16", "23:46"], "comment_content": "飲食是主要"}, {"comment_author": "allenatptt", "comment_date": ["04/16", "23:47"], "comment_content": "可以 你每天都不吃 一個月保證瘦"}, {"comment_author": "timidwei", "comment_date": ["04/16", "23:47"], "comment_content": "可以 只是要瘦的話"}, {"comment_author": "timidwei", "comment_date": ["04/16", "23:48"], "comment_content": "不過通常胖子很難飲食節制XD"}, {"comment_author": "HiggsBoson", "comment_date": ["04/16", "23:50"], "comment_content": "當然可以啊 問題是你就要一輩子這麼吃"}, {"comment_author": "HiggsBoson", "comment_date": ["04/16", "23:50"], "comment_content": " 一恢復一起的飲食習慣就是復胖"}, {"comment_author": "MyKal1001", "comment_date": ["04/16", "23:52"], "comment_content": "多走路"}, {"comment_author": "bb9527oo", "comment_date": ["04/16", "23:53"], "comment_content": "可以呀！不然直銷怎麼繼續賺死胖子的錢"}, {"comment_author": "bb9527oo", "comment_date": ["04/16", "23:53"], "comment_content": "！三餐吃餅還有專屬體重計app，還有賴群"}, {"comment_author": "bb9527oo", "comment_date": ["04/16", "23:53"], "comment_content": "組天天叮嚀你要吃餅，不用運動也可以變"}, {"comment_author": "bb9527oo", "comment_date": ["04/16", "23:54"], "comment_content": "瘦到等著進醫院"}, {"comment_author": "hkcdc", "comment_date": ["04/16", "23:55"], "comment_content": "絕食包瘦"}, {"comment_author": "creatsy", "comment_date": ["04/16", "23:56"], "comment_content": "可以 不過肝腎指數要注意"}, {"comment_author": "nbgfdew", "comment_date": ["04/16", "23:56"], "comment_content": "當然可以 你去看飢荒難民照片有胖的嗎..."}, {"comment_author": "schumi7401", "comment_date": ["04/16", "23:58"], "comment_content": "這樣飲食超無聊 這也不行那也不要"}, {"comment_author": "strlen", "comment_date": ["04/16", "23:58"], "comment_content": "餓三天 保證瘦"}, {"comment_author": "schumi7401", "comment_date": ["04/16", "23:58"], "comment_content": "還是要適量運動較保險"}, {"comment_author": "XAZA", "comment_date": ["04/17", "00:01"], "comment_content": "可以，肥宅就是沒自制力的廢物"}, {"comment_author": "dream0928", "comment_date": ["04/17", "00:02"], "comment_content": "瘦身本來就是七分吃、三分動"}, {"comment_author": "dream0928", "comment_date": ["04/17", "00:03"], "comment_content": "飲食控制才是重點"}, {"comment_author": "louis13", "comment_date": ["04/17", "00:03"], "comment_content": "運動在減肥的重要性其實沒一般人想像的那"}, {"comment_author": "louis13", "comment_date": ["04/17", "00:03"], "comment_content": "麽高 飲食如果不控制 你運動的再多都很難"}, {"comment_author": "louis13", "comment_date": ["04/17", "00:03"], "comment_content": "瘦"}, {"comment_author": "wwf1588", "comment_date": ["04/17", "00:04"], "comment_content": "哭啊這不是廢話 你是怎麼胖的？就是吃來"}, {"comment_author": "wwf1588", "comment_date": ["04/17", "00:04"], "comment_content": "的啊"}, {"comment_author": "Taiwanbiru", "comment_date": ["04/17", "00:06"], "comment_content": "運動是給瘦身瓶頸或是要增肌的人用的"}, {"comment_author": "Taiwanbiru", "comment_date": ["04/17", "00:06"], "comment_content": "。對肥胖的人，飲食絕對是最重要的，"}, {"comment_author": "Taiwanbiru", "comment_date": ["04/17", "00:06"], "comment_content": "運動過度反而可能因為飢餓吃更多而變"}, {"comment_author": "Taiwanbiru", "comment_date": ["04/17", "00:06"], "comment_content": "胖。"}, {"comment_author": "newestolife", "comment_date": ["04/17", "00:07"], "comment_content": "不吃油炸食物跟戒糖和少吃精緻澱粉一"}, {"comment_author": "newestolife", "comment_date": ["04/17", "00:07"], "comment_content": "定瘦啊。"}, {"comment_author": "coffee112", "comment_date": ["04/17", "00:08"], "comment_content": "飲食下手比較好 運動要很有空行"}, {"comment_author": "Taiwanbiru", "comment_date": ["04/17", "00:08"], "comment_content": "什麼要妳運動提高基礎代謝率就可以減"}, {"comment_author": "Taiwanbiru", "comment_date": ["04/17", "00:08"], "comment_content": "肥，都是豪洨想騙妳入會費"}, {"comment_author": "coffee112", "comment_date": ["04/17", "00:08"], "comment_content": "飲食下手比較好 運動要很有空才行"}, {"comment_author": "UD305", "comment_date": ["04/17", "00:09"], "comment_content": "多動還是有差啦，至少心情會很好也能多吃"}, {"comment_author": "UD305", "comment_date": ["04/17", "00:09"], "comment_content": "一點抵銷熱量，爽啦"}, {"comment_author": "UD305", "comment_date": ["04/17", "00:10"], "comment_content": "不想動就別動啊，沒人逼你"}, {"comment_author": "jasonwalk", "comment_date": ["04/17", "00:11"], "comment_content": "可以是可以 但是回胖會超快"}, {"comment_author": "jasonwalk", "comment_date": ["04/17", "00:12"], "comment_content": "身體會習慣變得很省能源"}, {"comment_author": "AirLee", "comment_date": ["04/17", "00:12"], "comment_content": "熱量赤字再加運動"}, {"comment_author": "qilar", "comment_date": ["04/17", "00:12"], "comment_content": "可以 只是吃不到基代的話很容易復胖"}, {"comment_author": "andycheng60", "comment_date": ["04/17", "00:14"], "comment_content": "完全可以，而且很簡單"}, {"comment_author": "AgentSkye56", "comment_date": ["04/17", "00:15"], "comment_content": "你看以前一堆女生沒在運動 一天吃"}, {"comment_author": "AgentSkye56", "comment_date": ["04/17", "00:16"], "comment_content": "一餐兩餐 乾這不就是168"}, {"comment_author": "aglet", "comment_date": ["04/17", "00:16"], "comment_content": "飲食占八成，當然可以"}, {"comment_author": "fish005", "comment_date": ["04/17", "00:16"], "comment_content": "當然可以，但就沒那麼結實"}, {"comment_author": "Arashi0731", "comment_date": ["04/17", "00:17"], "comment_content": "電影絕地救援參考一下，麥特戴蒙後面"}, {"comment_author": "Arashi0731", "comment_date": ["04/17", "00:17"], "comment_content": "演的就是只吃最低生存所需的熱量，後"}, {"comment_author": "Arashi0731", "comment_date": ["04/17", "00:17"], "comment_content": "面瘦成皮包骨"}, {"comment_author": "your0207", "comment_date": ["04/17", "00:17"], "comment_content": "瘦的定義要看體脂嗎，健康嗎"}, {"comment_author": "Rex8082", "comment_date": ["04/17", "00:18"], "comment_content": "增加代謝 熱量赤字 就算不好瘦 也很難會"}, {"comment_author": "Rex8082", "comment_date": ["04/17", "00:18"], "comment_content": "胖"}, {"comment_author": "galwaydog", "comment_date": ["04/17", "00:18"], "comment_content": "運動就是為了吃"}, {"comment_author": "holybless", "comment_date": ["04/17", "00:20"], "comment_content": "運動提高代謝 也可以讓你多吃一點或比"}, {"comment_author": "g4zoco196", "comment_date": ["04/17", "00:20"], "comment_content": "5天吃一餐 一定可以"}, {"comment_author": "holybless", "comment_date": ["04/17", "00:20"], "comment_content": "較不用那麼挑 雙管齊下最好"}, {"comment_author": "ohmygodha", "comment_date": ["04/17", "00:21"], "comment_content": "熱量赤字 就會瘦 當然可以"}, {"comment_author": "Aliensoul", "comment_date": ["04/17", "00:33"], "comment_content": "可以啊但是身材不會健美"}, {"comment_author": "b2202761", "comment_date": ["04/17", "00:34"], "comment_content": "我曾經一天只吃一餐，其餘只喝水，瘦到"}, {"comment_author": "b2202761", "comment_date": ["04/17", "00:34"], "comment_content": "體重變很輕，一開始的確會餓，但是一兩"}, {"comment_author": "b2202761", "comment_date": ["04/17", "00:34"], "comment_content": "週習慣後完全不餓"}, {"comment_author": "squarerinoa", "comment_date": ["04/17", "00:36"], "comment_content": "這比運動還難做到"}, {"comment_author": "jack90352", "comment_date": ["04/17", "00:40"], "comment_content": "是真的，你先把你每天吃下肚裡的東西條"}, {"comment_author": "jack90352", "comment_date": ["04/17", "00:41"], "comment_content": "列出來，你很快就會知道為什麼肥"}, {"comment_author": "jack90352", "comment_date": ["04/17", "00:41"], "comment_content": "還有包含你喝水以外的飲品"}, {"comment_author": "josephpu", "comment_date": ["04/17", "00:42"], "comment_content": "通常連運動都不願意的人也做不到節食"}, {"comment_author": "cloud0528", "comment_date": ["04/17", "00:42"], "comment_content": "168"}, {"comment_author": "btman007", "comment_date": ["04/17", "00:43"], "comment_content": "可以 但不運動 就算瘦線條也普普不好看"}, {"comment_author": "josephpu", "comment_date": ["04/17", "00:43"], "comment_content": "因為這種人多半沒多強的決心"}, {"comment_author": "josephpu", "comment_date": ["04/17", "00:45"], "comment_content": "我認識瘦下來的胖子，每個都是雙管齊下"}, {"comment_author": "ssccg", "comment_date": ["04/17", "00:47"], "comment_content": "當然可以啊，餓死都行了"}, {"comment_author": "Chibai5566", "comment_date": ["04/17", "00:51"], "comment_content": "不吃東西喝水會胖那單純是胖子的藉口"}, {"comment_author": "cracker0522", "comment_date": ["04/17", "00:55"], "comment_content": "只是要瘦完全可以，但一般人減肥只是"}, {"comment_author": "cracker0522", "comment_date": ["04/17", "00:55"], "comment_content": "因為健康嗎？而且肌肉量高一點比較不"}, {"comment_author": "cracker0522", "comment_date": ["04/17", "00:55"], "comment_content": "容易復胖"}, {"comment_author": "kai3368", "comment_date": ["04/17", "00:56"], "comment_content": "飲食瘦身 健身可以塑身強身加一些瘦身"}, {"comment_author": "Freeven", "comment_date": ["04/17", "00:57"], "comment_content": "可以"}, {"comment_author": "forbake1", "comment_date": ["04/17", "01:02"], "comment_content": "瘦沒問題，但長不出肌肉"}, {"comment_author": "cccwahaha", "comment_date": ["04/17", "01:02"], "comment_content": "每次討論這問題 就有人會排斥運動"}, {"comment_author": "cccwahaha", "comment_date": ["04/17", "01:04"], "comment_content": "真的認真練 其實要吃還不見得吃得下"}, {"comment_author": "breadking", "comment_date": ["04/17", "01:04"], "comment_content": "減肥是跟基代對抗，你只要能達到熱量赤"}, {"comment_author": "breadking", "comment_date": ["04/17", "01:04"], "comment_content": "字體重一定會降，但是降了怎麼維持就是"}, {"comment_author": "breadking", "comment_date": ["04/17", "01:04"], "comment_content": "一門學問了"}, {"comment_author": "hank814028", "comment_date": ["04/17", "01:05"], "comment_content": "計算每天需要的熱量飲食不超過請問怎"}, {"comment_author": "hank814028", "comment_date": ["04/17", "01:05"], "comment_content": "麼胖？"}, {"comment_author": "cccwahaha", "comment_date": ["04/17", "01:05"], "comment_content": "除非你運動完都只吃澱粉類或油炸食品"}, {"comment_author": "randy061", "comment_date": ["04/17", "01:10"], "comment_content": "完全可以 我從不運動 身材正常"}, {"comment_author": "hyuchi0202", "comment_date": ["04/17", "01:16"], "comment_content": "這就智障瘦身法阿 把肌肉瘦光光"}, {"comment_author": "m061i6", "comment_date": ["04/17", "01:16"], "comment_content": "可以 只是你之後亂吃又會胖回來"}, {"comment_author": "hyuchi0202", "comment_date": ["04/17", "01:17"], "comment_content": "一周運動4次以上 隨便吃也不會胖"}, {"comment_author": "zeus7668", "comment_date": ["04/17", "01:18"], "comment_content": "不吃飯就會瘦阿 不就廢話"}, {"comment_author": "wsad66", "comment_date": ["04/17", "01:23"], "comment_content": "可以 但你做不到"}, {"comment_author": "Armour13", "comment_date": ["04/17", "01:25"], "comment_content": "理論上是可以"}, {"comment_author": "Armour13", "comment_date": ["04/17", "01:25"], "comment_content": "其實如果僅是改善飲食,對身體也是不錯,"}, {"comment_author": "Armour13", "comment_date": ["04/17", "01:25"], "comment_content": "但是我覺得飲食比運動難"}, {"comment_author": "nondelivery", "comment_date": ["04/17", "01:38"], "comment_content": "廢話"}, {"comment_author": "bluelanti", "comment_date": ["04/17", "01:41"], "comment_content": "當然可以啊 可是不好看啊"}, {"comment_author": "FeMoman", "comment_date": ["04/17", "01:46"], "comment_content": "可以阿，但是只靠飲食不運動瘦下來的話"}, {"comment_author": "FeMoman", "comment_date": ["04/17", "01:46"], "comment_content": "就代表你之後就只能一直持續下去，如果"}, {"comment_author": "FeMoman", "comment_date": ["04/17", "01:46"], "comment_content": "有一段時間放棄又亂吃的話復胖回去的速"}, {"comment_author": "FeMoman", "comment_date": ["04/17", "01:46"], "comment_content": "度也快"}, {"comment_author": "FeMoman", "comment_date": ["04/17", "01:46"], "comment_content": "結論就是雙管齊下瘦下去才是最健康的狀"}, {"comment_author": "FeMoman", "comment_date": ["04/17", "01:46"], "comment_content": "態"}, {"comment_author": "Paravion", "comment_date": ["04/17", "01:51"], "comment_content": "飲食是減脂 運動是增肌 兩個都做才不會"}, {"comment_author": "Paravion", "comment_date": ["04/17", "01:51"], "comment_content": "復胖"}, {"comment_author": "catqq", "comment_date": ["04/17", "02:04"], "comment_content": "開水燙青菜 魚 雞肉去皮 保證瘦"}, {"comment_author": "unmolk", "comment_date": ["04/17", "02:07"], "comment_content": "完全可以"}, {"comment_author": "shadowdio", "comment_date": ["04/17", "02:08"], "comment_content": "去運動然後吃好一點不會嗎"}, {"comment_author": "Qoo777", "comment_date": ["04/17", "02:14"], "comment_content": "找個現實厭食爆瘦的 他吃啥你才能吃啥"}, {"comment_author": "lonechaos", "comment_date": ["04/17", "02:18"], "comment_content": "很胖的話可以吧"}, {"comment_author": "tonyhsie", "comment_date": ["04/17", "02:34"], "comment_content": "會瘦 但還是有極限 瘦到一個程度就停了"}, {"comment_author": "tonyhsie", "comment_date": ["04/17", "02:34"], "comment_content": "吃跟運動還是都要顧 才能真的瘦"}, {"comment_author": "ksrwp", "comment_date": ["04/17", "02:36"], "comment_content": "可以 只要三餐正常吃健康點 不喝含糖飲料"}, {"comment_author": "ksrwp", "comment_date": ["04/17", "02:36"], "comment_content": "戒宵夜 下午茶 絕對會瘦"}, {"comment_author": "yangnana", "comment_date": ["04/17", "02:44"], "comment_content": "可以。不運動一直睡也不吃最快。"}, {"comment_author": "f416720001", "comment_date": ["04/17", "02:44"], "comment_content": "早餐不吃，午餐正常吃，晚餐吃蛋/豆"}, {"comment_author": "f416720001", "comment_date": ["04/17", "02:44"], "comment_content": "腐，只喝無糖，三個月減10公斤"}, {"comment_author": "carlos159357", "comment_date": ["04/17", "02:48"], "comment_content": "沒有加運動都沒用啦"}, {"comment_author": "adamsung", "comment_date": ["04/17", "03:11"], "comment_content": "可以啊 看看非洲的排骨精小黑人"}, {"comment_author": "ketrobo", "comment_date": ["04/17", "03:20"], "comment_content": "真的"}, {"comment_author": "Mr0829", "comment_date": ["04/17", "03:25"], "comment_content": "控制飲食可以瘦 但是好不好看就另外一回事"}, {"comment_author": "antx", "comment_date": ["04/17", "05:06"], "comment_content": "可以"}, {"comment_author": "gn02546574", "comment_date": ["04/17", "05:16"], "comment_content": "非洲：？？？"}, {"comment_author": "kiopl", "comment_date": ["04/17", "05:33"], "comment_content": "絕對可以 那些山難的有在運動嗎"}, {"comment_author": "Grant055", "comment_date": ["04/17", "05:35"], "comment_content": "可以 吸毒更快"}, {"comment_author": "thenewown", "comment_date": ["04/17", "05:58"], "comment_content": "可以，我減醣四個月9公斤，沒復胖"}, {"comment_author": "lionsss", "comment_date": ["04/17", "05:58"], "comment_content": "可以阿 我曾生病 沒味口3-4個月 瘦20多"}, {"comment_author": "lionsss", "comment_date": ["04/17", "05:58"], "comment_content": "公斤"}, {"comment_author": "garry5566", "comment_date": ["04/17", "06:05"], "comment_content": "可以，但能吃的很少，限制也比較多。"}, {"comment_author": "garry5566", "comment_date": ["04/17", "06:05"], "comment_content": "加運動可以吃多一點，且瘦比較快。"}, {"comment_author": "lulocke", "comment_date": ["04/17", "06:06"], "comment_content": "你新陳代謝越來越差 難道會跟著越吃越少?"}, {"comment_author": "lulocke", "comment_date": ["04/17", "06:07"], "comment_content": "當然你一百多公斤 改變飲食就能瘦沒錯"}, {"comment_author": "WuDhar", "comment_date": ["04/17", "06:19"], "comment_content": "蠢貨搞不懂瘦是為了健康，不運動65kg跟80k"}, {"comment_author": "WuDhar", "comment_date": ["04/17", "06:19"], "comment_content": "g體脂10%一樣穿32腰，破爛身體的瘦有什麼"}, {"comment_author": "WuDhar", "comment_date": ["04/17", "06:20"], "comment_content": "意義"}, {"comment_author": "ayuhb", "comment_date": ["04/17", "06:50"], "comment_content": "破爛身體瘦至少不會死於三高"}, {"comment_author": "MichaelRedd", "comment_date": ["04/17", "06:57"], "comment_content": "當然.減肥本來就靠飲食.運動只是輔助"}, {"comment_author": "rulDD", "comment_date": ["04/17", "07:07"], "comment_content": "可以 寶林茶室那批人不就這樣"}, {"comment_author": "frice", "comment_date": ["04/17", "07:19"], "comment_content": "運動主要是讓你健康 不是減重"}, {"comment_author": "ajcky", "comment_date": ["04/17", "07:19"], "comment_content": "可以~但要持續~一旦回復正常飲食就會反彈"}, {"comment_author": "frice", "comment_date": ["04/17", "07:22"], "comment_content": "看推文就知道一堆人觀念很有問題"}, {"comment_author": "frice", "comment_date": ["04/17", "07:23"], "comment_content": "飲食控制不等於節食 也不是操爆才算運動"}, {"comment_author": "frice", "comment_date": ["04/17", "07:24"], "comment_content": "順帶一提過量運動會降低基礎代謝"}, {"comment_author": "turgnev", "comment_date": ["04/17", "07:28"], "comment_content": "可以，但是不吃飯比不運動還難熬。"}, {"comment_author": "binco", "comment_date": ["04/17", "07:43"], "comment_content": "可以。但是反彈也快"}, {"comment_author": "SphereDavid", "comment_date": ["04/17", "07:51"], "comment_content": "可以，但你恢復原本的飲食會變更胖"}, {"comment_author": "hqu", "comment_date": ["04/17", "07:51"], "comment_content": "你看集中營的那些人 只給一些食物 沒一個胖的"}, {"comment_author": "tzuchun0214", "comment_date": ["04/17", "07:53"], "comment_content": "復胖很快"}, {"comment_author": "qwert65732", "comment_date": ["04/17", "07:55"], "comment_content": "可以 但你後續亂吃 回彈的幅度會很可"}, {"comment_author": "qwert65732", "comment_date": ["04/17", "07:55"], "comment_content": "怕"}, {"comment_author": "ayuhb", "comment_date": ["04/17", "07:56"], "comment_content": "正常飲食怎麼會回彈，會回彈的都是不正常"}, {"comment_author": "ayuhb", "comment_date": ["04/17", "07:56"], "comment_content": "飲食"}, {"comment_author": "ChungLi5566", "comment_date": ["04/17", "08:01"], "comment_content": "可以"}, {"comment_author": "cgser", "comment_date": ["04/17", "08:02"], "comment_content": "可以，本肥就沒在運動，供你參考"}, {"comment_author": "clerkhsiao", "comment_date": ["04/17", "08:03"], "comment_content": "表情符號錯誤所以瘦不了！☒=.= ☒"}, {"comment_author": "clerkhsiao", "comment_date": ["04/17", "08:03"], "comment_content": "== ☑= ="}, {"comment_author": "nochoice", "comment_date": ["04/17", "08:07"], "comment_content": "不吃東西還不瘦，就可以當永動機了"}, {"comment_author": "gaussjordan", "comment_date": ["04/17", "08:07"], "comment_content": "你會胖成那樣表示你當初吃太多了 現"}, {"comment_author": "gaussjordan", "comment_date": ["04/17", "08:07"], "comment_content": "在只是吃剛好而已"}, {"comment_author": "winterjoker", "comment_date": ["04/17", "08:23"], "comment_content": "可以啊，前陣子做大腸鏡前的飲食準"}, {"comment_author": "winterjoker", "comment_date": ["04/17", "08:23"], "comment_content": "備讓我直接瘦三公斤"}, {"comment_author": "a44642", "comment_date": ["04/17", "08:30"], "comment_content": "看遺傳，皮包骨會運動的只有一半一半"}, {"comment_author": "jccy", "comment_date": ["04/17", "08:42"], "comment_content": "沒錯，但要養成習慣"}, {"comment_author": "kilhi", "comment_date": ["04/17", "08:43"], "comment_content": "可以 一天1000卡"}, {"comment_author": "doomsday0728", "comment_date": ["04/17", "08:47"], "comment_content": "168可以 瘦"}, {"comment_author": "BruceChen227", "comment_date": ["04/17", "08:52"], "comment_content": "當然可以"}, {"comment_author": "NDark", "comment_date": ["04/17", "08:54"], "comment_content": "可以我一天吃一餐 大概三五個月瘦4公斤"}, {"comment_author": "kikukuki", "comment_date": ["04/17", "09:01"], "comment_content": "當然可以 但是回到以前飲食習慣就是回彈"}, {"comment_author": "HGJman", "comment_date": ["04/17", "09:02"], "comment_content": "知道什麼是基礎代謝率嗎？吃高於基代就是"}, {"comment_author": "HGJman", "comment_date": ["04/17", "09:02"], "comment_content": "吃進多餘熱量變成脂肪。吃少於，就會消耗"}, {"comment_author": "HGJman", "comment_date": ["04/17", "09:02"], "comment_content": "脂肪，也就是執行淨負熱量就會單純消耗脂"}, {"comment_author": "HGJman", "comment_date": ["04/17", "09:02"], "comment_content": "肪"}, {"comment_author": "HGJman", "comment_date": ["04/17", "09:03"], "comment_content": "運動的功能是強化身體促進健康，標榜運動"}, {"comment_author": "HGJman", "comment_date": ["04/17", "09:03"], "comment_content": "減肥但又說要控制飲食，實際上肥胖是吃多"}, {"comment_author": "HGJman", "comment_date": ["04/17", "09:03"], "comment_content": "的結果。"}, {"comment_author": "capnlizard66", "comment_date": ["04/17", "09:05"], "comment_content": "會停滯"}, {"comment_author": "younggola", "comment_date": ["04/17", "09:26"], "comment_content": "可以，但是建議還是要運動"}, {"comment_author": "suanruei", "comment_date": ["04/17", "09:42"], "comment_content": "三餐一顆水煮蛋啊"}, {"comment_author": "foxvera", "comment_date": ["04/17", "10:04"], "comment_content": "可以，不過很快到會撞牆期"}, {"comment_author": "foxvera", "comment_date": ["04/17", "10:04"], "comment_content": "因為你不可能完全不吃"}, {"comment_author": "xein", "comment_date": ["04/17", "10:14"], "comment_content": "你都不吃不運動也會瘦啊 重不重要"}, {"comment_author": "LeonKuo", "comment_date": ["04/17", "10:24"], "comment_content": "可以 但是我寧願運動 因為吃東西很爽"}, {"comment_author": "harry6275", "comment_date": ["04/17", "10:31"], "comment_content": "超級可以 我少吃一餐 兩年瘦15公斤"}, {"comment_author": "lwrwang", "comment_date": ["04/17", "10:47"], "comment_content": "不運動就只會減肌肉"}, {"comment_author": "zxcv91039", "comment_date": ["04/17", "11:19"], "comment_content": "正常人才不會多胖"}, {"comment_author": "SamWhite", "comment_date": ["04/17", "12:08"], "comment_content": "可以"}, {"comment_author": "Ephraim", "comment_date": ["04/17", "12:33"], "comment_content": "可以, 不要碰澱粉和糖, 就可以瘦"}, {"comment_author": "vvrr", "comment_date": ["04/17", "12:43"], "comment_content": "可以。運動只是讓你儘量不要瘦到肌肉"}, {"comment_author": "MintTW", "comment_date": ["04/17", "13:58"], "comment_content": "可以"}, {"comment_author": "ups", "comment_date": ["04/17", "14:20"], "comment_content": "可以，絕對可以"}, {"comment_author": "daye2012", "comment_date": ["04/17", "14:36"], "comment_content": ""}, {"comment_author": "forAver", "comment_date": ["04/17", "14:57"], "comment_content": "你發在這 聽一堆沒在運動的肥宅意見？"}, {"comment_author": "cc001225", "comment_date": ["04/17", "16:44"], "comment_content": "問食科仔 聽說很懂吃 但…."}, {"comment_author": "Asucks", "comment_date": ["04/17", "17:22"], "comment_content": "當然可以，但你以後很可能得肌少症並跌倒"}, {"comment_author": "HowLeeHi", "comment_date": ["04/17", "23:40"], "comment_content": "動才能減肥肉,不動的瘦好像肥瘦肉都減"}, {"comment_author": "HowLeeHi", "comment_date": ["04/17", "23:41"], "comment_content": "應該是都會減,比例問題而已"}]}
