{"author": "asd63312337 (幸運草)", "category": "Gossiping", "title": "[問卦] 架乃由羅跟七澤米亞的推特粉絲怎麼越差越多", "date": "Sat Apr 13 12:19:37 2024", "content": ["架乃跟七澤兩人一樣都是妹系的女優當時2020年11月20號截圖架乃追蹤數8.4萬  七澤追蹤數23萬現在看到架乃有21萬 七澤118萬怎麼兩個人的推特粉絲越差越大？", "--"], "post_comment": [{"comment_author": "Dinenger", "comment_date": ["04/13", "12:20"], "comment_content": "AV女優是消耗品 過氣就沒人買單了"}, {"comment_author": "k385476916", "comment_date": ["04/13", "12:21"], "comment_content": "過氣惹"}, {"comment_author": "kairi5217", "comment_date": ["04/13", "12:21"], "comment_content": "這個我知道！架乃耍大牌（？）"}, {"comment_author": "ghiting76914", "comment_date": ["04/13", "12:21"], "comment_content": "七澤比較香"}, {"comment_author": "OPPAISuki", "comment_date": ["04/13", "12:21"], "comment_content": "七澤有轉型成小惡魔 加上又會cosplay"}, {"comment_author": "OPPAISuki", "comment_date": ["04/13", "12:22"], "comment_content": "能吸引宅宅粉絲 反觀架乃還跑去練健美"}, {"comment_author": "OPPAISuki", "comment_date": ["04/13", "12:22"], "comment_content": "= =男生會喜歡健美肌肉蘿莉嗎?"}, {"comment_author": "minoru04", "comment_date": ["04/13", "12:22"], "comment_content": "七澤發推蠻勤勞的"}, {"comment_author": "zzyyxx77", "comment_date": ["04/13", "12:23"], "comment_content": "都不好用"}, {"comment_author": "LoveMakeLove", "comment_date": ["04/13", "12:24"], "comment_content": "七澤很常去Cosplay  有出圈"}, {"comment_author": "zzyyxx77", "comment_date": ["04/13", "12:24"], "comment_content": "松本いちか好用"}, {"comment_author": "bicedb", "comment_date": ["04/13", "12:27"], "comment_content": "架乃越來越醜了"}, {"comment_author": "arnold3", "comment_date": ["04/13", "12:27"], "comment_content": "我不看a片都知道七澤長怎樣了"}, {"comment_author": "Dinenger", "comment_date": ["04/13", "12:28"], "comment_content": "我看欸片但我不知道七澤長怎樣欸…"}, {"comment_author": "Dinenger", "comment_date": ["04/13", "12:28"], "comment_content": "可能作品不好用吧 所以沒記名字跟臉"}, {"comment_author": "zzyyxx77", "comment_date": ["04/13", "12:30"], "comment_content": "真的不好用  七澤小隻馬貧乳表情又不騷"}, {"comment_author": "zzyyxx77", "comment_date": ["04/13", "12:31"], "comment_content": "松本差不多類型 起碼表情騷"}, {"comment_author": "walay211", "comment_date": ["04/13", "12:32"], "comment_content": "架乃越來越胖"}, {"comment_author": "tmgl", "comment_date": ["04/13", "12:33"], "comment_content": "架乃太矜持不夠色"}, {"comment_author": "zzyyxx77", "comment_date": ["04/13", "12:34"], "comment_content": "不過都算當紅的吧"}, {"comment_author": "xdbx", "comment_date": ["04/13", "12:36"], "comment_content": "架乃作品沒捨亮眼的表現  越來越普"}, {"comment_author": "yu7777", "comment_date": ["04/13", "12:40"], "comment_content": "七澤超級強 我明明喜歡豐滿的 卻覺得很實"}, {"comment_author": "yu7777", "comment_date": ["04/13", "12:40"], "comment_content": "用"}, {"comment_author": "dick929", "comment_date": ["04/13", "12:42"], "comment_content": "對於女優不是看片尻完手槍就不認識了嗎？"}, {"comment_author": "dick929", "comment_date": ["04/13", "12:42"], "comment_content": "會去追人家AV女優的社群媒體才真的噁"}, {"comment_author": "dick929", "comment_date": ["04/13", "12:43"], "comment_content": "我對她們私下生活一點興趣也沒有"}, {"comment_author": "Dinenger", "comment_date": ["04/13", "12:45"], "comment_content": "樓上真是人間清醒 這才是正確的態度"}, {"comment_author": "GiantChicken", "comment_date": ["04/13", "12:59"], "comment_content": "日本人喜歡的不是姊型 是妹型"}, {"comment_author": "tetsu327", "comment_date": ["04/13", "12:59"], "comment_content": "YURA奶太大吧"}, {"comment_author": "reexamor", "comment_date": ["04/13", "13:14"], "comment_content": "我全都要"}, {"comment_author": "ZERO7633", "comment_date": ["04/13", "13:39"], "comment_content": "我比較喜歡架乃的身材，練起來又好看了"}, {"comment_author": "pipipa", "comment_date": ["04/13", "14:07"], "comment_content": "七澤很婆"}, {"comment_author": "AJhe0924", "comment_date": ["04/13", "14:13"], "comment_content": "七沢頭髮超柔順甩起來超美 不知道怎麼顧"}, {"comment_author": "AJhe0924", "comment_date": ["04/13", "14:14"], "comment_content": "的"}, {"comment_author": "doublelong", "comment_date": ["04/13", "15:28"], "comment_content": "七沢超級我的菜 要受不了ㄌ"}, {"comment_author": "orz151426", "comment_date": ["04/13", "18:15"], "comment_content": "架乃嘶吼型的叫聲，聽了會軟"}]}
