{"author": "a0802459 (王月可可)", "category": "Gossiping", "title": "[問卦] 統神憑啥版面比超哥大又久？", "date": "Fri Apr 19 08:55:46 2024", "content": ["前一陣統神失言事件很知名人士或政客紛紛走下台批評燒到變成台灣全民公敵一樣甚至被人厭惡的程度不輸佼哥被針對的點之一是 他當過藍的空戰師傅一個把嘴臭詐賭毒販打到頭破血流的網紅為啥發言人跟阿喵不願意出來渡化超哥呢明明群毆打到破頭也是一種社會危險為啥政府不願意出面評判他難道真的是因為背景 真的比較雄厚原因嗎--"], "post_comment": [{"comment_author": "whitenoise", "comment_date": ["04/19", "08:56"], "comment_content": "有嗎？背後有張小燕吧"}, {"comment_author": "duelaylomo", "comment_date": ["04/19", "08:56"], "comment_content": "打人的8+9不是馬上烙跑嗎"}, {"comment_author": "link4517", "comment_date": ["04/19", "08:57"], "comment_content": "網軍。公關公司 還在轉移話題 跟你這篇"}, {"comment_author": "romeie06", "comment_date": ["04/19", "08:57"], "comment_content": "他媽的力量吧 我猜"}, {"comment_author": "link4517", "comment_date": ["04/19", "08:57"], "comment_content": "有99%差不多"}, {"comment_author": "j32072", "comment_date": ["04/19", "08:59"], "comment_content": "神力加持吧"}, {"comment_author": "u987", "comment_date": ["04/19", "08:59"], "comment_content": "一個得罪黨一個得罪椅子,誰比較可惡?"}, {"comment_author": "St3480", "comment_date": ["04/19", "09:01"], "comment_content": "因為黃老師不是警界高層"}, {"comment_author": "Carters1109", "comment_date": ["04/19", "09:02"], "comment_content": "黃伯超是自己人啊 雲豹小公主有拿到"}, {"comment_author": "Carters1109", "comment_date": ["04/19", "09:02"], "comment_content": "這89的政治獻金"}, {"comment_author": "IJuBan", "comment_date": ["04/19", "09:08"], "comment_content": "有嗎，現在降溫了"}, {"comment_author": "IJuBan", "comment_date": ["04/19", "09:08"], "comment_content": "現在討論漲電價，很快話題又會被別的取代"}, {"comment_author": "IJuBan", "comment_date": ["04/19", "09:09"], "comment_content": "，看看現在誰在討論虐童?"}, {"comment_author": "keane9112", "comment_date": ["04/19", "10:14"], "comment_content": "統神PTT 起家的"}]}
