{"author": "Kaoos (卡歐思)", "category": "Gossiping", "title": "[問卦] 今年怎麼還沒有發窮人券?", "date": "Wed Apr 17 19:15:17 2024", "content": ["不是經濟20年來最好股市上二萬4冠K湯得0分之前有發3倍、5倍券有沒有今年怎麼還沒有發窮人券的八卦?經濟果實呢--"], "post_comment": [{"comment_author": "OPPAISuki", "comment_date": ["04/17", "19:15"], "comment_content": "選上了"}, {"comment_author": "gaym19", "comment_date": ["04/17", "19:16"], "comment_content": "選舉結束ㄌ"}, {"comment_author": "snsdakb48", "comment_date": ["04/17", "19:17"], "comment_content": "選上了 誰裡你"}, {"comment_author": "bobocatcat", "comment_date": ["04/17", "19:18"], "comment_content": "選上了 還漲電費把以前發給你的討回"}, {"comment_author": "bobocatcat", "comment_date": ["04/17", "19:19"], "comment_content": "來"}, {"comment_author": "distantblc", "comment_date": ["04/17", "19:20"], "comment_content": "520後沒我的事"}, {"comment_author": "sofaly", "comment_date": ["04/17", "19:27"], "comment_content": "選舉選完了？"}, {"comment_author": "OCDisorder", "comment_date": ["04/17", "19:28"], "comment_content": "黨執政哪有窮人，只有不爭氣的人"}, {"comment_author": "iamxup6", "comment_date": ["04/17", "19:35"], "comment_content": "都選完了 發啥? 等兩三年後再說吧"}]}
