{"author": "lavendersea (飛行者)", "category": "Gossiping", "title": "[問卦] 昨天賣股票的人在想什麼", "date": "Wed Apr 17 10:43:01 2024", "content": ["如題啦昨天台股一路下殺最後大跌500多點月線都跌破了台股失守2萬 台積電失守800場景有如多蛙末日結果今天台股又站回2萬台積電也快回800昨天賣股票的人在想什麼--"], "post_comment": [{"comment_author": "bill403777", "comment_date": ["04/17", "10:43"], "comment_content": "認錯買回"}, {"comment_author": "Fezico", "comment_date": ["04/17", "10:43"], "comment_content": "人家喜歡兩萬建倉"}, {"comment_author": "alloc", "comment_date": ["04/17", "10:43"], "comment_content": "砍在阿呆谷"}, {"comment_author": "Shaqui11e", "comment_date": ["04/17", "10:44"], "comment_content": "海公公砍在阿呆谷 ＱＱ"}, {"comment_author": "rgo", "comment_date": ["04/17", "10:44"], "comment_content": "人家只是少賺好嗎？你是套牢不一樣"}, {"comment_author": "cdmlin", "comment_date": ["04/17", "10:44"], "comment_content": "有了在野唱衰缺電的利多 台股又是全球最強"}, {"comment_author": "tchialen", "comment_date": ["04/17", "10:45"], "comment_content": "少賺兩千 我難過"}, {"comment_author": "noreg0393933", "comment_date": ["04/17", "10:45"], "comment_content": "跌多反彈而已，明天再殺"}, {"comment_author": "Ceferino", "comment_date": ["04/17", "10:45"], "comment_content": "上禮拜就該賣了誰跟你昨天賣"}, {"comment_author": "Loyeatta", "comment_date": ["04/17", "10:45"], "comment_content": "做了正確決定 昨天是外資賣 今天是散戶"}, {"comment_author": "Loyeatta", "comment_date": ["04/17", "10:45"], "comment_content": "買 未來風吹草動直接1000點起跳蒸發"}, {"comment_author": "zxc2331189", "comment_date": ["04/17", "10:45"], "comment_content": "阿呆谷"}, {"comment_author": "jerrylin", "comment_date": ["04/17", "10:45"], "comment_content": "斷頭的"}, {"comment_author": "EfiwymsiAros", "comment_date": ["04/17", "10:45"], "comment_content": "笑死"}, {"comment_author": "dontaskme", "comment_date": ["04/17", "10:46"], "comment_content": "外豬"}, {"comment_author": "OBJmk2", "comment_date": ["04/17", "10:48"], "comment_content": "為韭菜布局"}, {"comment_author": "lifehunter", "comment_date": ["04/17", "10:48"], "comment_content": "昨天跌 買到來不及了怎麼可能賣"}, {"comment_author": "star99", "comment_date": ["04/17", "10:50"], "comment_content": "上沖下洗 你以為是買點 搞不好中午後又跑"}, {"comment_author": "star99", "comment_date": ["04/17", "10:51"], "comment_content": "之前有些要下市的股票也是這樣洗給內線跑"}, {"comment_author": "ImBBCALL", "comment_date": ["04/17", "10:52"], "comment_content": "我禮拜四賣的"}, {"comment_author": "ImBBCALL", "comment_date": ["04/17", "10:52"], "comment_content": "好險"}, {"comment_author": "ImBBCALL", "comment_date": ["04/17", "10:54"], "comment_content": "啊 是禮拜五才對"}, {"comment_author": "ImBBCALL", "comment_date": ["04/17", "10:55"], "comment_content": "結果連續烙賽兩天"}, {"comment_author": "ginsengwolf", "comment_date": ["04/17", "11:12"], "comment_content": "廁所連蹲兩天"}, {"comment_author": "Bub", "comment_date": ["04/17", "11:13"], "comment_content": "趕快換股操作啊，昨天大跌的都還沒漲回來"}, {"comment_author": "pxndx", "comment_date": ["04/17", "11:13"], "comment_content": "兩個月後你就回來拜神了"}, {"comment_author": "aadsl", "comment_date": ["04/17", "11:15"], "comment_content": "紀律阿"}, {"comment_author": "andy79323", "comment_date": ["04/17", "11:21"], "comment_content": "昨天給你進場反彈"}, {"comment_author": "gene51604", "comment_date": ["04/17", "11:25"], "comment_content": "換股買被錯殺的阿"}, {"comment_author": "horse175", "comment_date": ["04/17", "11:27"], "comment_content": "今天逃命波，不要不信"}, {"comment_author": "olTATlo", "comment_date": ["04/17", "11:32"], "comment_content": "你就不能讓小草開心一下？"}, {"comment_author": "pudge", "comment_date": ["04/17", "11:33"], "comment_content": "我周圍散戶沒在賣的。 凹單不停損 小賺2%就"}, {"comment_author": "pudge", "comment_date": ["04/17", "11:33"], "comment_content": "跑才是常態"}, {"comment_author": "JUNGTE", "comment_date": ["04/17", "11:35"], "comment_content": "人家都停利找下一個目標了 你還糾結在昨"}, {"comment_author": "JUNGTE", "comment_date": ["04/17", "11:35"], "comment_content": "天"}, {"comment_author": "ruthertw", "comment_date": ["04/17", "11:39"], "comment_content": "別人貪婪我恐懼"}, {"comment_author": "awdxabc295", "comment_date": ["04/17", "12:02"], "comment_content": "再不賣就逃不掉了"}, {"comment_author": "npsi", "comment_date": ["04/17", "12:24"], "comment_content": "今天是人道走廊吧"}, {"comment_author": "pansquarl", "comment_date": ["04/17", "12:32"], "comment_content": "想自己是個蠢蛋，竟然砍在阿呆谷。不"}, {"comment_author": "pansquarl", "comment_date": ["04/17", "12:32"], "comment_content": "過也不用高興太早，今天只是反彈"}, {"comment_author": "michael0419", "comment_date": ["04/17", "12:35"], "comment_content": "今天人道走廊 明天繼續500點招待"}, {"comment_author": "salesperson", "comment_date": ["04/17", "12:40"], "comment_content": "V起乃"}, {"comment_author": "cukesdubie", "comment_date": ["04/17", "13:07"], "comment_content": "幹"}, {"comment_author": "godchildtw", "comment_date": ["04/17", "20:18"], "comment_content": "反彈而已，不要高興太早"}]}
