{"author": "KKKKKvs333 (NOW_EMPiRE & Ayuni_D)", "category": "Gossiping", "title": "[問卦] 炸彈魔居然是甘舒！！！(大雷慎入）", "date": "Fri Apr 19 07:49:05 2024", "content": ["前幾天在猜炸彈魔是誰以為是爆酷兒因為名字有爆就直覺是他沒想到是甘舒！！！有人猜到嗎？-----Sent from JPTT on my Samsung SM-F7310.--", "--"], "post_comment": [{"comment_author": "zxc17893", "comment_date": ["04/19", "07:49"], "comment_content": "抓到炸彈魔了"}, {"comment_author": "tsukasa107", "comment_date": ["04/19", "07:50"], "comment_content": "幹 我才看到香吉士被魯夫肛"}, {"comment_author": "choobii", "comment_date": ["04/19", "07:50"], "comment_content": "可以去西恰好嗎...一大早就要看你們發作"}, {"comment_author": "milk7054", "comment_date": ["04/19", "07:50"], "comment_content": "雷三洨，我才看到米特阿姨"}, {"comment_author": "qoosky", "comment_date": ["04/19", "07:50"], "comment_content": "什麼！我才剛看到小傑出海害別人少了一隻"}, {"comment_author": "qoosky", "comment_date": ["04/19", "07:50"], "comment_content": "手而已耶！"}, {"comment_author": "young41", "comment_date": ["04/19", "07:50"], "comment_content": "我猜是會長，因為他把蟻王炸成靈芝草人"}, {"comment_author": "thepowers", "comment_date": ["04/19", "07:52"], "comment_content": "怪盜小子跟柯南的爸爸是親戚關係咧"}, {"comment_author": "wen12305", "comment_date": ["04/19", "07:55"], "comment_content": "供三小，明明就是吉良吉影"}, {"comment_author": "Stealer", "comment_date": ["04/19", "07:56"], "comment_content": "快買台積電"}, {"comment_author": "qxrvymo", "comment_date": ["04/19", "07:59"], "comment_content": "真的假的 太震驚了"}, {"comment_author": "nbalook", "comment_date": ["04/19", "08:00"], "comment_content": "殺小 沙夏跟寧次死了"}, {"comment_author": "tctv2002", "comment_date": ["04/19", "08:02"], "comment_content": "我才剛看到 湘北高中輸海南"}, {"comment_author": "yoshilin", "comment_date": ["04/19", "08:05"], "comment_content": "看第一眼就知道了"}, {"comment_author": "Vassili242", "comment_date": ["04/19", "08:13"], "comment_content": "雷屁啊 才看到魯夫坐著桶子出海"}, {"comment_author": "PSP156", "comment_date": ["04/19", "08:15"], "comment_content": "糞作有人看喔"}, {"comment_author": "bbss", "comment_date": ["04/19", "08:47"], "comment_content": "那部=="}, {"comment_author": "furture84", "comment_date": ["04/19", "08:47"], "comment_content": "奇犽的妹妹很可愛你知道嗎？"}, {"comment_author": "Lycoris1290", "comment_date": ["04/19", "08:57"], "comment_content": "抓到雷格魔了"}, {"comment_author": "t20031210", "comment_date": ["04/19", "09:05"], "comment_content": "雷三小暴雷仔去死"}, {"comment_author": "jb0802", "comment_date": ["04/19", "11:36"], "comment_content": "雷三小 我剛看到跳舞粉而已"}]}
