{"author": "herrycome (黑里來)", "category": "Gossiping", "title": "[問卦] 認真問 被斷錢、工作、名聲你會求饒嗎？", "date": "Wed Apr 17 10:58:47 2024", "content": ["如題啦 最近有人本來很大聲後來被斷光光後摸摸頭突然變很乖假如是你啦你的財路被斷工作沒了名聲毀了會向當初你不喜歡的求饒或是聽話低頭嗎？--"], "post_comment": [{"comment_author": "s10130804", "comment_date": ["04/17", "10:59"], "comment_content": "為五斗米折腰"}, {"comment_author": "frank75623", "comment_date": ["04/17", "10:59"], "comment_content": "正常人不會把自己搞到這步田地"}, {"comment_author": "SEVENxELEVEN", "comment_date": ["04/17", "10:59"], "comment_content": "給我十億要我當奶油犬我都可以"}, {"comment_author": "frank75623", "comment_date": ["04/17", "10:59"], "comment_content": "他也是自己搞死自己"}, {"comment_author": "HodorDragon", "comment_date": ["04/17", "11:00"], "comment_content": "沒別的能力賺錢就跪啊"}, {"comment_author": "scores", "comment_date": ["04/17", "11:01"], "comment_content": "很強了 他一開始被斷幾十萬代言還沒認輸"}, {"comment_author": "scores", "comment_date": ["04/17", "11:01"], "comment_content": "反觀有人九萬就認輸了"}, {"comment_author": "tsukasa107", "comment_date": ["04/17", "11:02"], "comment_content": "敢說實話就不要跪 俗辣乖乖統"}, {"comment_author": "ianlin1216", "comment_date": ["04/17", "11:03"], "comment_content": "給我十億我以後都看三明治"}, {"comment_author": "tgtg", "comment_date": ["04/17", "11:03"], "comment_content": "他的言行只有八卦在挺 多出去看看現實世界"}, {"comment_author": "tgtg", "comment_date": ["04/17", "11:04"], "comment_content": "中天、聯合、TVBS、國民黨都沒人挺"}, {"comment_author": "tgtg", "comment_date": ["04/17", "11:05"], "comment_content": "都不用檢討自己喔"}, {"comment_author": "iLeyaSin365", "comment_date": ["04/17", "11:29"], "comment_content": "他上有老小，下有妻兒"}, {"comment_author": "iLeyaSin365", "comment_date": ["04/17", "11:30"], "comment_content": "現實世界就是真的？比如性交易，社"}, {"comment_author": "iLeyaSin365", "comment_date": ["04/17", "11:30"], "comment_content": "會有頭有臉誰敢承認自己愛嫖妓？結"}, {"comment_author": "iLeyaSin365", "comment_date": ["04/17", "11:30"], "comment_content": "果89成都去嫖妓。"}, {"comment_author": "iLeyaSin365", "comment_date": ["04/17", "11:33"], "comment_content": "甚至是男女都會有的約炮，外遇，你"}, {"comment_author": "iLeyaSin365", "comment_date": ["04/17", "11:33"], "comment_content": "這也不太敢沒事公開宣揚，因為人的"}, {"comment_author": "iLeyaSin365", "comment_date": ["04/17", "11:33"], "comment_content": "識見就是一堆狹隘與偽善，覺得世界"}, {"comment_author": "iLeyaSin365", "comment_date": ["04/17", "11:33"], "comment_content": "應該很美好其實沒多少人做得到。那"}, {"comment_author": "iLeyaSin365", "comment_date": ["04/17", "11:34"], "comment_content": "些1450側翼很多也只是網路上說得一"}, {"comment_author": "iLeyaSin365", "comment_date": ["04/17", "11:34"], "comment_content": "口好道德規範，私底下可能更加污穢"}, {"comment_author": "iLeyaSin365", "comment_date": ["04/17", "11:34"], "comment_content": "，我覺得他們是污穢到骨頭裡去了。"}, {"comment_author": "iLeyaSin365", "comment_date": ["04/17", "11:35"], "comment_content": "這些出來叫別人檢討的，攤開自己的"}, {"comment_author": "iLeyaSin365", "comment_date": ["04/17", "11:35"], "comment_content": "想法與行為，有多好我也不相信。你"}, {"comment_author": "iLeyaSin365", "comment_date": ["04/17", "11:35"], "comment_content": "們只是比較會檢討別人罷了"}]}
