{"author": "ReiKuromiya (ReiKuromiya)", "category": "Gossiping", "title": "[問卦] 啦啦隊邊荷律，照片中是男人的手嗎?", "date": "Fri Apr 12 14:30:21 2024", "content": ["啦啦隊邊荷律最新上傳的照片圖片中是男人的手嗎?", "剛剛看韓網有人發問的", "是男的手嗎?反轉之後的構圖，是不是一定要兩個人才成立", "終極選擇二選一 邊還是李", "--"], "post_comment": [{"comment_author": "s820912gmail", "comment_date": ["04/12", "14:30"], "comment_content": "滿18了嗎"}, {"comment_author": "Himiko9975", "comment_date": ["04/12", "14:31"], "comment_content": "樓下喜歡跟誰每天捉i"}, {"comment_author": "preisner", "comment_date": ["04/12", "14:31"], "comment_content": "不像"}, {"comment_author": "frommr", "comment_date": ["04/12", "14:31"], "comment_content": "樓下邊緣宅"}, {"comment_author": "railman", "comment_date": ["04/12", "14:31"], "comment_content": "2 old"}, {"comment_author": "bill403777", "comment_date": ["04/12", "14:31"], "comment_content": "是吧 還剛摳完鮑魚 隔著螢幕都聞得到"}, {"comment_author": "freedom77", "comment_date": ["04/12", "14:31"], "comment_content": "嘻嘻是我啦"}, {"comment_author": "azeroth", "comment_date": ["04/12", "14:31"], "comment_content": "狗勾可愛"}, {"comment_author": "PADvsToS", "comment_date": ["04/12", "14:32"], "comment_content": "關你屁事"}, {"comment_author": "henry3214", "comment_date": ["04/12", "14:32"], "comment_content": "蠻明顯的"}, {"comment_author": "nextpage", "comment_date": ["04/12", "14:32"], "comment_content": "是又怎樣?不是又怎樣？"}, {"comment_author": "godchildtw", "comment_date": ["04/12", "14:34"], "comment_content": "邊荷律是誰？我只知道我內衣褲穿到荷"}, {"comment_author": "godchildtw", "comment_date": ["04/12", "14:34"], "comment_content": "葉邊"}, {"comment_author": "a94037501", "comment_date": ["04/12", "14:34"], "comment_content": "穩"}, {"comment_author": "shivaeye", "comment_date": ["04/12", "14:35"], "comment_content": "邊家軍要加入嗎? 蠟筆小邊防衛隊"}, {"comment_author": "qaz31415", "comment_date": ["04/12", "14:36"], "comment_content": "最左邊跳得最不標準。"}, {"comment_author": "bruce511239", "comment_date": ["04/12", "14:37"], "comment_content": "剛完事拍個限動不行?"}, {"comment_author": "ponanchen", "comment_date": ["04/12", "14:37"], "comment_content": "來台灣包緊緊還不用跳情色!台灣真好賺"}, {"comment_author": "Pheromone", "comment_date": ["04/12", "14:38"], "comment_content": "怎樣的處男才會覺得啦啦隊身邊沒男人"}, {"comment_author": "u87803170", "comment_date": ["04/12", "14:39"], "comment_content": "蝦橘真的比不上多慧啦"}, {"comment_author": "tactics2100", "comment_date": ["04/12", "14:40"], "comment_content": "掌鏡人的手啦"}, {"comment_author": "artwu", "comment_date": ["04/12", "14:42"], "comment_content": "是啊 怎麼了嗎？？"}, {"comment_author": "fg008kimo", "comment_date": ["04/12", "14:44"], "comment_content": "拍謝啦  我不小心拍到我的手了"}, {"comment_author": "JEWH", "comment_date": ["04/12", "14:46"], "comment_content": "屁眼的味道"}, {"comment_author": "Forcast", "comment_date": ["04/12", "14:48"], "comment_content": "鋒頭被找安先搶光了"}, {"comment_author": "FannWong", "comment_date": ["04/12", "14:48"], "comment_content": "剛摳完B男人的手滿滿淫水味 阿讚啦"}, {"comment_author": "Nevhir", "comment_date": ["04/12", "14:49"], "comment_content": "不像"}, {"comment_author": "jomon817", "comment_date": ["04/12", "14:54"], "comment_content": "大餅臉"}, {"comment_author": "FLy60169", "comment_date": ["04/12", "14:55"], "comment_content": "明明就邊蝦焗"}, {"comment_author": "simonsheep", "comment_date": ["04/12", "14:55"], "comment_content": "那麼肥的手 分明女的"}, {"comment_author": "LBJ23K", "comment_date": ["04/12", "14:57"], "comment_content": "哈哈是我啦"}, {"comment_author": "PizzaKK", "comment_date": ["04/12", "14:58"], "comment_content": "上節目被嚇到"}, {"comment_author": "dgq75148", "comment_date": ["04/12", "15:01"], "comment_content": "右手撩狗 左手拿手機 很難嗎？"}, {"comment_author": "WeGoStyle", "comment_date": ["04/12", "15:03"], "comment_content": "她還好，多慧比較耐看"}, {"comment_author": "mamahow1487", "comment_date": ["04/12", "15:10"], "comment_content": "無聊 這種身材沒有男人才奇怪"}, {"comment_author": "nakayamayyt", "comment_date": ["04/12", "15:12"], "comment_content": "別人凹屁股凹得這麼認真"}, {"comment_author": "Forcast", "comment_date": ["04/12", "15:23"], "comment_content": "焗烤蝦"}, {"comment_author": "windblood", "comment_date": ["04/12", "15:35"], "comment_content": "蝦橘臉贏其他輸"}, {"comment_author": "Arens5566", "comment_date": ["04/12", "15:37"], "comment_content": "等懷孕就知道了 不用急"}, {"comment_author": "LondonHot", "comment_date": ["04/12", "16:11"], "comment_content": ""}, {"comment_author": "LondonHot", "comment_date": ["04/12", "16:11"], "comment_content": "可能是納豆"}, {"comment_author": "UncleIrving", "comment_date": ["04/12", "17:02"], "comment_content": "哈哈是我啦"}, {"comment_author": "illawang", "comment_date": ["04/12", "17:05"], "comment_content": "她來台灣好像胖了不少"}, {"comment_author": "NotUniqueSol", "comment_date": ["04/12", "17:08"], "comment_content": "不是你多會 就是橘蝦、荷葉邊"}, {"comment_author": "YuXun2021", "comment_date": ["04/12", "17:57"], "comment_content": "我的手也長這樣，沒有美甲"}, {"comment_author": "pchion2002", "comment_date": ["04/12", "20:08"], "comment_content": "哈哈是我啦"}]}
