{"author": "renna038766 (微積分好難過)", "category": "Gossiping", "title": "[問卦] 中國夢比美國夢實際多了吧", "date": "Tue Apr 16 08:36:30 2024", "content": ["不管你意識形態是啥大家都是中華民族的一份子都講中文都是黃皮膚吃飯都拿筷子再過幾年中國也要超過美國了現在中國夢比美國夢實際多了吧？！有沒有八卦-----Sent from JPTT on my iPhone--"], "post_comment": [{"comment_author": "cuteSquirrel", "comment_date": ["04/16", "08:36"], "comment_content": "包子夢"}, {"comment_author": "fony1029", "comment_date": ["04/16", "08:37"], "comment_content": "韭菜夢"}, {"comment_author": "bairn", "comment_date": ["04/16", "08:37"], "comment_content": "IP錯誤，那你還不去"}, {"comment_author": "Dcwei", "comment_date": ["04/16", "08:38"], "comment_content": "發財要趁早 你快點去"}, {"comment_author": "wr", "comment_date": ["04/16", "08:38"], "comment_content": "中國夢是習近平才有資格做的夢"}, {"comment_author": "u9005205", "comment_date": ["04/16", "08:38"], "comment_content": "一家都是美國人整天文化認同模糊國家認"}, {"comment_author": "fony1029", "comment_date": ["04/16", "08:38"], "comment_content": ""}, {"comment_author": "u9005205", "comment_date": ["04/16", "08:38"], "comment_content": "同…"}, {"comment_author": "window77", "comment_date": ["04/16", "08:39"], "comment_content": "中肯 不虧為八卦主流價值"}, {"comment_author": "zaqimon", "comment_date": ["04/16", "08:41"], "comment_content": "反正兩岸遲早會統一"}, {"comment_author": "scum5566", "comment_date": ["04/16", "08:42"], "comment_content": "不用做夢，你現在搬過去就圓夢了"}, {"comment_author": "e1q3z9c7", "comment_date": ["04/16", "08:42"], "comment_content": "中國夢就是把共產黨搞垮"}, {"comment_author": "buski", "comment_date": ["04/16", "08:42"], "comment_content": "請問何謂中華民族"}, {"comment_author": "zaqimon", "comment_date": ["04/16", "08:42"], "comment_content": "跟我爸媽遲早會死一樣 只可惜今天還沒死"}, {"comment_author": "www115ui8", "comment_date": ["04/16", "08:43"], "comment_content": "多的是嘴巴中國夢身體美國夢的人"}, {"comment_author": "smik", "comment_date": ["04/16", "08:45"], "comment_content": "放棄台灣籍就能實現了，很簡單的，快去"}, {"comment_author": "SirDoggo", "comment_date": ["04/16", "08:45"], "comment_content": "兩岸遲早統一，而且論膚色文化還有戰略"}, {"comment_author": "SirDoggo", "comment_date": ["04/16", "08:45"], "comment_content": "，也是親中對台好處較多，別以為美國會"}, {"comment_author": "SirDoggo", "comment_date": ["04/16", "08:45"], "comment_content": "把亞洲人當人看"}, {"comment_author": "boy1031", "comment_date": ["04/16", "08:46"], "comment_content": "美國夢是指有6.52%的人可以當百萬美金富"}, {"comment_author": "boy1031", "comment_date": ["04/16", "08:46"], "comment_content": "翁，中國夢是指有0.54%的人可以當百萬美"}, {"comment_author": "boy1031", "comment_date": ["04/16", "08:46"], "comment_content": "金富翁指，台灣夢是指有3.94%的人可以當"}, {"comment_author": "boy1031", "comment_date": ["04/16", "08:46"], "comment_content": "百萬美金富翁，在台灣你都不能做夢了，"}, {"comment_author": "boy1031", "comment_date": ["04/16", "08:46"], "comment_content": "還去中國呢？嘻嘻"}, {"comment_author": "Risperidone", "comment_date": ["04/16", "08:47"], "comment_content": "快去"}, {"comment_author": "wr", "comment_date": ["04/16", "08:47"], "comment_content": "百萬美金也才三千萬台幣 在八卦會被笑死"}, {"comment_author": "jeffsu", "comment_date": ["04/16", "08:51"], "comment_content": "親中好處多? 看看一帶一路慘狀"}, {"comment_author": "Royalweger", "comment_date": ["04/16", "08:53"], "comment_content": "說啥呢台灣也有中國夢啊，中華民國夢"}, {"comment_author": "staristic", "comment_date": ["04/16", "08:56"], "comment_content": "中國夢就是移民美國，是有差？"}, {"comment_author": "tgtg", "comment_date": ["04/16", "09:02"], "comment_content": "問習近平女兒 她在美國實現中國夢"}, {"comment_author": "heartblue", "comment_date": ["04/16", "09:07"], "comment_content": "習近平女兒都潤到美國"}, {"comment_author": "MartianIT", "comment_date": ["04/16", "09:10"], "comment_content": "等等 中國夢不是移民美國嗎？"}, {"comment_author": "justinjuly", "comment_date": ["04/16", "09:18"], "comment_content": "一帶一路堅決讓路"}, {"comment_author": "ariadne", "comment_date": ["04/16", "09:22"], "comment_content": "你問問習包子的兄弟姊妹跟女兒幹麻去米國"}, {"comment_author": "nk", "comment_date": ["04/16", "09:27"], "comment_content": "中國夢的收入只有美國夢的十分之一"}, {"comment_author": "biaw", "comment_date": ["04/16", "10:19"], "comment_content": "八卦體 笑死 移居和移民中國很簡單der"}, {"comment_author": "JWpig", "comment_date": ["04/16", "13:45"], "comment_content": "快去"}, {"comment_author": "rickieyang", "comment_date": ["04/16", "16:26"], "comment_content": "中國夢… 你是想寫地獄遊記嗎？"}]}
