{"author": "qw5526259 (B.K)", "category": "Gossiping", "title": "[問卦] 打雷下大雨了", "date": "Tue Apr 16 08:24:12 2024", "content": ["剛剛打了幾聲好大的雷然後就下雨了手機上的氣象報告說現在是陰天十二點才會下雨氣象報告準度還是差很多~~~--"], "post_comment": [{"comment_author": "sheepblue", "comment_date": ["04/16", "08:24"], "comment_content": "以為飛彈射過來了"}, {"comment_author": "t127147157", "comment_date": ["04/16", "08:24"], "comment_content": ":"}, {"comment_author": "historyway", "comment_date": ["04/16", "08:26"], "comment_content": "柯文哲快起床視察淹水"}, {"comment_author": "johnhmj", "comment_date": ["04/16", "08:26"], "comment_content": "你是住桃園喔？不然怎麼有下雨？"}, {"comment_author": "k385476916", "comment_date": ["04/16", "08:26"], "comment_content": "沒有吧"}, {"comment_author": "andrewmiho", "comment_date": ["04/16", "08:27"], "comment_content": "新店下雨了"}, {"comment_author": "uku", "comment_date": ["04/16", "08:28"], "comment_content": "我的新店還沒下雨"}, {"comment_author": "jma306", "comment_date": ["04/16", "08:28"], "comment_content": "  收衫啦"}, {"comment_author": "lgw2001", "comment_date": ["04/16", "08:29"], "comment_content": "快逃阿"}, {"comment_author": "Forcast", "comment_date": ["04/16", "08:29"], "comment_content": "水庫有下嗎"}, {"comment_author": "mikasamikoto", "comment_date": ["04/16", "08:31"], "comment_content": "前幾天還說這今天幾天不會下雨咧"}, {"comment_author": "s155260", "comment_date": ["04/16", "08:35"], "comment_content": "一下就停了"}, {"comment_author": "paladin499", "comment_date": ["04/16", "08:36"], "comment_content": "恭喜"}, {"comment_author": "deann", "comment_date": ["04/16", "08:51"], "comment_content": "新店下雨 翡翠吃飽"}, {"comment_author": "darvipon", "comment_date": ["04/16", "09:09"], "comment_content": "看迴波已經飄走了 QQ"}, {"comment_author": "ssccot", "comment_date": ["04/16", "09:11"], "comment_content": "不到五分鐘就停了"}]}
