{"author": "zaqimon (dream)", "category": "Gossiping", "title": "[問卦] 為什麼沒人領養老人？", "date": "Thu Apr 18 22:45:12 2024", "content": ["俗話說家有一老如有一寶很多父母也都會抱怨養小孩好累好辛苦奇怪的是有很多人搶著領養小孩但卻從來沒有聽過有人領養老人對了我爸媽今天還沒死想領養老人的我可以免費送你算了我猜應該沒人想領養我爸媽我爸媽趕快去死一死就對了--"], "post_comment": [{"comment_author": "OPPAISuki", "comment_date": ["04/18", "22:46"], "comment_content": "老人不可愛 沒未來阿"}, {"comment_author": "frommr", "comment_date": ["04/18", "22:46"], "comment_content": "有啊，多隆"}, {"comment_author": "brella", "comment_date": ["04/18", "22:47"], "comment_content": "活那麼久卻活成這樣，怪誰？"}, {"comment_author": "t20031210", "comment_date": ["04/18", "22:47"], "comment_content": "老人跟小孩都是最難溝通的階段，差別"}, {"comment_author": "t20031210", "comment_date": ["04/18", "22:47"], "comment_content": "在於一個可愛且會漸漸成長，另一個只"}, {"comment_author": "t20031210", "comment_date": ["04/18", "22:47"], "comment_content": "會越來越難處理"}, {"comment_author": "OPPAISuki", "comment_date": ["04/18", "22:53"], "comment_content": "老生生病 老人癡呆沒辦法"}, {"comment_author": "JG8861", "comment_date": ["04/19", "00:48"], "comment_content": "無法大小便自理，都要安樂死啊！"}]}
