{"author": "qm21 ()", "category": "Gossiping", "title": "[問卦] 統神現在知道館長的厲害了吧", "date": "Fri Apr 12 00:20:12 2024", "content": ["統神才被暗黑力量圍剿一波就不行了館長扛了不知道幾波還在以前統神常常嘴館長不把館長當回事統神現在知道館長的等級了吧--"], "post_comment": [{"comment_author": "StylishTrade", "comment_date": ["04/12", "00:21"], "comment_content": "太廢了 哈哈"}, {"comment_author": "kenryu", "comment_date": ["04/12", "00:21"], "comment_content": "三公分滿足不了噗"}, {"comment_author": "StylishTrade", "comment_date": ["04/12", "00:21"], "comment_content": "統神被打成桶仔雞了"}, {"comment_author": "morichi", "comment_date": ["04/12", "00:21"], "comment_content": "丁特都比滷肉飯強 可憐哪"}, {"comment_author": "King5566", "comment_date": ["04/12", "00:22"], "comment_content": "確實 抗壓性不在一個檔次"}, {"comment_author": "k239832121", "comment_date": ["04/12", "00:23"], "comment_content": "有沒有公關的差距吧"}, {"comment_author": "Stupidog5566", "comment_date": ["04/12", "00:23"], "comment_content": "統神就沒甚麼抗壓性阿 長年活在舒適"}, {"comment_author": "async", "comment_date": ["04/12", "00:24"], "comment_content": "統神被打的火力根本沒到館長的一半"}, {"comment_author": "l11111111", "comment_date": ["04/12", "00:24"], "comment_content": "館長自己開店又不靠工商"}, {"comment_author": "Stupidog5566", "comment_date": ["04/12", "00:24"], "comment_content": "圈而已"}, {"comment_author": "async", "comment_date": ["04/12", "00:24"], "comment_content": "是統神只會跳針噴 沒料又抗壓低"}, {"comment_author": "Stupidog5566", "comment_date": ["04/12", "00:24"], "comment_content": "他以往跟別人爭辯都是靠別人懶得跟"}, {"comment_author": "Stupidog5566", "comment_date": ["04/12", "00:24"], "comment_content": "吵才過關的"}, {"comment_author": "SSglamr", "comment_date": ["04/12", "00:25"], "comment_content": "館長還中三槍咧"}, {"comment_author": "Stupidog5566", "comment_date": ["04/12", "00:25"], "comment_content": "還真以為他辯才無礙阿==?"}, {"comment_author": "daniel0203", "comment_date": ["04/12", "00:25"], "comment_content": "統神就活在自己世界"}, {"comment_author": "Taiwanbiru", "comment_date": ["04/12", "00:25"], "comment_content": "館長連被開槍都沒在怕，統神真的等級"}, {"comment_author": "Taiwanbiru", "comment_date": ["04/12", "00:26"], "comment_content": "差太多"}, {"comment_author": "twdvdr", "comment_date": ["04/12", "00:26"], "comment_content": "山羌：我沒住林口"}, {"comment_author": "shadowdio", "comment_date": ["04/12", "00:26"], "comment_content": "經歷差太多不能比"}, {"comment_author": "zerhbbo78", "comment_date": ["04/12", "00:26"], "comment_content": "以前電競圈那團遇到跳針豬 吵不贏阿"}, {"comment_author": "lockbolt", "comment_date": ["04/12", "00:27"], "comment_content": "真的 被側翼圍繳挺得住得不多"}, {"comment_author": "zerhbbo78", "comment_date": ["04/12", "00:28"], "comment_content": "遇到黨誰跟你玩跳針 直接多線戰場 TVBS"}, {"comment_author": "d06", "comment_date": ["04/12", "00:28"], "comment_content": "同溫層很厚 實況圈的朋友讓他過太爽"}, {"comment_author": "zerhbbo78", "comment_date": ["04/12", "00:29"], "comment_content": "三立 名嘴節目 直播 看你多會跳針"}, {"comment_author": "caity", "comment_date": ["04/12", "00:29"], "comment_content": "那丁特看起來還比較強,他們比較類似"}, {"comment_author": "caity", "comment_date": ["04/12", "00:29"], "comment_content": "館長有健身房和電商"}, {"comment_author": "wwf1588", "comment_date": ["04/12", "00:29"], "comment_content": "因為苗不吃跳針那套，阿航自己慢慢被苗的"}, {"comment_author": "wwf1588", "comment_date": ["04/12", "00:29"], "comment_content": "節奏拖著走 不輸才怪"}, {"comment_author": "theskyofblue", "comment_date": ["04/12", "00:30"], "comment_content": "確實"}, {"comment_author": "wwf1588", "comment_date": ["04/12", "00:30"], "comment_content": "最後還反過來謝謝對方"}, {"comment_author": "rhu", "comment_date": ["04/12", "00:30"], "comment_content": "還好拉 ，正常發威，統神太善良了"}, {"comment_author": "rhu", "comment_date": ["04/12", "00:30"], "comment_content": "故意輸的~q"}, {"comment_author": "inshadow", "comment_date": ["04/12", "00:30"], "comment_content": "阿糖太弱了 被苗唬住 新聞都有報性侵"}, {"comment_author": "inshadow", "comment_date": ["04/12", "00:31"], "comment_content": "七成都輕判 阿糖戰鬥力不行啊"}, {"comment_author": "coffee112", "comment_date": ["04/12", "00:31"], "comment_content": "你們這樣 那個嘴巴喊著張加糖的三公分"}, {"comment_author": "coffee112", "comment_date": ["04/12", "00:31"], "comment_content": " 屁股又要翹起來了..."}, {"comment_author": "lkdsa", "comment_date": ["04/12", "00:31"], "comment_content": "苗根本就幫統按好電梯讓他下樓出去"}, {"comment_author": "lkdsa", "comment_date": ["04/12", "00:32"], "comment_content": "不然他哪有台階能下"}, {"comment_author": "coffee112", "comment_date": ["04/12", "00:32"], "comment_content": "丁特可能比較注意用詞內容不給抓語病"}, {"comment_author": "aa0968", "comment_date": ["04/12", "00:33"], "comment_content": "三槍都能扛住的賽亞人欸"}, {"comment_author": "Doub1eK", "comment_date": ["04/12", "00:33"], "comment_content": "統神想碰政治  扛不了三天側翼砲火"}, {"comment_author": "Doub1eK", "comment_date": ["04/12", "00:34"], "comment_content": "館長扛藍綠兩邊 三年以上了"}, {"comment_author": "flyslider", "comment_date": ["04/12", "00:34"], "comment_content": "嘴巴那麼臭又跳針 差阿館太多"}, {"comment_author": "flyslider", "comment_date": ["04/12", "00:35"], "comment_content": "誰他媽平常會講低級言論 國高中生喔"}, {"comment_author": "rhox", "comment_date": ["04/12", "00:38"], "comment_content": "嘻嘻，別人左手打你一巴掌，右手摸頭"}, {"comment_author": "rhox", "comment_date": ["04/12", "00:39"], "comment_content": "你還哭著跟他說謝謝?"}, {"comment_author": "jeabc2546", "comment_date": ["04/12", "00:39"], "comment_content": "館長扛過藍綠兩黨，又吃三槍欸"}, {"comment_author": "mrianer", "comment_date": ["04/12", "00:42"], "comment_content": "但是館長腦筋堪憂ㄟ"}, {"comment_author": "flyslider", "comment_date": ["04/12", "00:46"], "comment_content": "阿館就容易被唬爛 8+9特質"}, {"comment_author": "lesnaree2", "comment_date": ["04/12", "00:47"], "comment_content": "館長連槍都扛得住 真的猛"}, {"comment_author": "minicat", "comment_date": ["04/12", "00:50"], "comment_content": "阿館就謠言製造機，最會唬爛的人"}, {"comment_author": "higameboy", "comment_date": ["04/12", "00:50"], "comment_content": "統神剋TOYZ剋館長剋民進黨剋統神"}, {"comment_author": "MikeyWill", "comment_date": ["04/12", "00:52"], "comment_content": "丁特的邏輯連館長都能輾壓吧"}, {"comment_author": "s9220140", "comment_date": ["04/12", "00:53"], "comment_content": "有體驗過死亡邊緣的精神力不是叫假的"}, {"comment_author": "bokonon", "comment_date": ["04/12", "00:56"], "comment_content": "館長真的超扛的 丁特也夠帶種"}, {"comment_author": "royaljoy1", "comment_date": ["04/12", "01:01"], "comment_content": "中過槍差點被打死，精神力差太多"}, {"comment_author": "franzos", "comment_date": ["04/12", "01:05"], "comment_content": "沒工商就變回魯蛇了 丁跟館都是硬實力派"}, {"comment_author": "kinki999", "comment_date": ["04/12", "01:06"], "comment_content": "丁特邏輯比統神好多甲"}, {"comment_author": "franzos", "comment_date": ["04/12", "01:07"], "comment_content": "靠嘴秋能賺到不缺錢 也夠神了"}, {"comment_author": "sleepgod0602", "comment_date": ["04/12", "01:09"], "comment_content": "阿館光海陸就屌打驗退仔好幾條街"}, {"comment_author": "minicat", "comment_date": ["04/12", "01:13"], "comment_content": "阿館每一句話都唬爛造謠 靠粉絲集體霸凌"}, {"comment_author": "minicat", "comment_date": ["04/12", "01:15"], "comment_content": "曾經也當過粉絲，看清後就知道阿館有多噁"}, {"comment_author": "minoru04", "comment_date": ["04/12", "01:15"], "comment_content": "阿館有在喬政商關係呀"}, {"comment_author": "popher", "comment_date": ["04/12", "01:23"], "comment_content": "要肌肉有肌肉 要___"}, {"comment_author": "miraclesam", "comment_date": ["04/12", "01:25"], "comment_content": "館長真的要給n推，真男人"}, {"comment_author": "shuuptt", "comment_date": ["04/12", "01:33"], "comment_content": "館長還有健身房的壓力，挺住蠻厲害的"}, {"comment_author": "loser113", "comment_date": ["04/12", "01:40"], "comment_content": "館長至少養不少人 這頭豬員工跑光"}, {"comment_author": "Sfly", "comment_date": ["04/12", "01:42"], "comment_content": "館長身段比較柔軟"}, {"comment_author": "WWIII", "comment_date": ["04/12", "01:48"], "comment_content": "網軍就扛不住了 館長直接被開槍"}, {"comment_author": "Arkzeon", "comment_date": ["04/12", "01:49"], "comment_content": "館長又不靠代言。代言你就是拿別人錢。"}, {"comment_author": "Arkzeon", "comment_date": ["04/12", "01:49"], "comment_content": "要不要顧人臉色就自己多考慮。要勇敢做"}, {"comment_author": "Arkzeon", "comment_date": ["04/12", "01:49"], "comment_content": "自己就不要縮。話講很滿又縮了難看。"}, {"comment_author": "sesame307", "comment_date": ["04/12", "01:51"], "comment_content": "館長三餐吃官司 桶豬呢"}, {"comment_author": "prestigejoM", "comment_date": ["04/12", "02:04"], "comment_content": "館長要智力給肌力贏麻了"}, {"comment_author": "rickyhoney", "comment_date": ["04/12", "04:17"], "comment_content": "笑山羌，一般人碰到尿都出來了"}, {"comment_author": "soda54020", "comment_date": ["04/12", "04:36"], "comment_content": "麻椅也沒搞倒三羌，真正的不死鳥是"}, {"comment_author": "soda54020", "comment_date": ["04/12", "04:36"], "comment_content": "三羌吧"}, {"comment_author": "dreamfree", "comment_date": ["04/12", "04:57"], "comment_content": "這倒是真的 笑了。"}, {"comment_author": "starwish00", "comment_date": ["04/12", "04:57"], "comment_content": "館長扛6年這種飽和攻擊了"}, {"comment_author": "dazzzlee", "comment_date": ["04/12", "05:40"], "comment_content": "館長海陸出身還帶全連做體能的 抗壓頂"}, {"comment_author": "dazzzlee", "comment_date": ["04/12", "05:40"], "comment_content": "天好嗎"}, {"comment_author": "rtoday", "comment_date": ["04/12", "05:53"], "comment_content": "真的，阿館好強"}, {"comment_author": "Gsun", "comment_date": ["04/12", "05:59"], "comment_content": "抗壓力天差地別 館長海陸 921救災 24歲才破"}, {"comment_author": "Gsun", "comment_date": ["04/12", "05:59"], "comment_content": "處 失戀 打拳賽 開店倒閉 開健身房 10年來"}, {"comment_author": "Gsun", "comment_date": ["04/12", "05:59"], "comment_content": "各種87事 被告 員工告 嘴爆國民黨 山羌開直"}, {"comment_author": "Gsun", "comment_date": ["04/12", "06:00"], "comment_content": "播 嘴綠党 被側翼圍攻 ；光健身的自律就屌"}, {"comment_author": "Gsun", "comment_date": ["04/12", "06:00"], "comment_content": "打肥豬了 而且還不會打哥哥"}, {"comment_author": "showoo", "comment_date": ["04/12", "06:09"], "comment_content": "真的坦"}, {"comment_author": "dream0131", "comment_date": ["04/12", "06:11"], "comment_content": "抗壓性差太多"}, {"comment_author": "philip81501", "comment_date": ["04/12", "06:48"], "comment_content": "差太多了啦"}, {"comment_author": "longkiss0618", "comment_date": ["04/12", "06:49"], "comment_content": "確實"}, {"comment_author": "pett", "comment_date": ["04/12", "06:57"], "comment_content": "館長真的屌打所有網紅的抗壓性"}, {"comment_author": "augusttenet", "comment_date": ["04/12", "06:57"], "comment_content": "館長真的猛"}, {"comment_author": "mathrew", "comment_date": ["04/12", "07:24"], "comment_content": "這倒是真的，不過館長海陸的，習慣了"}, {"comment_author": "godhand", "comment_date": ["04/12", "07:41"], "comment_content": "阿糖以前都是靠跳針 別人懶得跟他吵。"}, {"comment_author": "sturmpionier", "comment_date": ["04/12", "07:54"], "comment_content": "說穿還是賺太少 嘻嘻"}, {"comment_author": "rZai", "comment_date": ["04/12", "08:00"], "comment_content": "統真的廢 面對綠共這樣就扛不住了"}, {"comment_author": "askey", "comment_date": ["04/12", "08:02"], "comment_content": "哈哈哈哈哈哈"}, {"comment_author": "p25488148", "comment_date": ["04/12", "08:09"], "comment_content": "子彈都吃過 這些算什麼"}, {"comment_author": "visda", "comment_date": ["04/12", "08:19"], "comment_content": "統神就是個肥宅，就是靠肥跟宅賺錢的，館"}, {"comment_author": "visda", "comment_date": ["04/12", "08:19"], "comment_content": "長雖說沒讀什麼書，至少有責任感多了，養"}, {"comment_author": "visda", "comment_date": ["04/12", "08:19"], "comment_content": "了一票員工這點就甩統神不知道幾條街"}, {"comment_author": "zxcas", "comment_date": ["04/12", "08:23"], "comment_content": "館長真的抗壓"}, {"comment_author": "Freeven", "comment_date": ["04/12", "08:24"], "comment_content": "館長還中三槍"}, {"comment_author": "NiMaDerB", "comment_date": ["04/12", "08:37"], "comment_content": "兩個不一樣吧 另一個九成九都是為了流量"}, {"comment_author": "NiMaDerB", "comment_date": ["04/12", "08:37"], "comment_content": "自導自演"}, {"comment_author": "larsnor", "comment_date": ["04/12", "08:39"], "comment_content": "館長太頂了"}, {"comment_author": "a216034", "comment_date": ["04/12", "08:47"], "comment_content": "我館黑，不得不說他抗壓真的頂，拉都拉不"}, {"comment_author": "a216034", "comment_date": ["04/12", "08:47"], "comment_content": "下來"}, {"comment_author": "binshin", "comment_date": ["04/12", "08:56"], "comment_content": "拜託～一般人去當海陸每天都想死～很苦耶"}, {"comment_author": "binshin", "comment_date": ["04/12", "08:57"], "comment_content": "志願役下士～苦中之苦"}, {"comment_author": "retrud", "comment_date": ["04/12", "09:12"], "comment_content": "愛沙莉莉 丁特 cheap 統神 都領教了吧"}, {"comment_author": "summer68101", "comment_date": ["04/12", "09:23"], "comment_content": "桶感覺就是個巨嬰"}, {"comment_author": "HinaGikuYanG", "comment_date": ["04/12", "09:33"], "comment_content": "誰能坦三槍？"}, {"comment_author": "jerrylin", "comment_date": ["04/12", "09:37"], "comment_content": "館長一天到晚講錯話被告好不好"}, {"comment_author": "jerrylin", "comment_date": ["04/12", "09:38"], "comment_content": "而且還敗訴  哪裡厲害"}, {"comment_author": "jerrylin", "comment_date": ["04/12", "09:38"], "comment_content": "真心佩服統粉跟館粉的智商"}, {"comment_author": "a455095s", "comment_date": ["04/12", "09:56"], "comment_content": "吃了3顆子彈還有什麼扛不住的"}, {"comment_author": "justeat", "comment_date": ["04/12", "10:01"], "comment_content": "館長跑去莒光園地跟蔡英文同框"}, {"comment_author": "gisasy001", "comment_date": ["04/12", "10:09"], "comment_content": "不對館長對椅子那波差點倒，是椅子"}, {"comment_author": "gisasy001", "comment_date": ["04/12", "10:09"], "comment_content": "自爆"}, {"comment_author": "sausage", "comment_date": ["04/12", "10:10"], "comment_content": "館長雖然常罵民進黨但言論尺度其實"}, {"comment_author": "sausage", "comment_date": ["04/12", "10:11"], "comment_content": "有在抓 跟統神那種自嗨亂噴還是差"}, {"comment_author": "sausage", "comment_date": ["04/12", "10:11"], "comment_content": "很多"}, {"comment_author": "gisasy001", "comment_date": ["04/12", "10:11"], "comment_content": "館長就是靠自己當打廣告，跟民眾黨"}, {"comment_author": "gisasy001", "comment_date": ["04/12", "10:11"], "comment_content": "關係很好.只吃26%市場也夠了.國民"}, {"comment_author": "gisasy001", "comment_date": ["04/12", "10:11"], "comment_content": "黨支持者又不玩手機.政治立場那麼"}, {"comment_author": "gisasy001", "comment_date": ["04/12", "10:11"], "comment_content": "鮮明幹嘛"}, {"comment_author": "Citer", "comment_date": ["04/12", "10:26"], "comment_content": "館長當老闆壓力比統神大好嗎 被各種查水錶"}, {"comment_author": "yan4meow", "comment_date": ["04/12", "10:56"], "comment_content": "館長至少表面上還是政治正確……"}, {"comment_author": "anneju", "comment_date": ["04/12", "11:38"], "comment_content": "確實"}, {"comment_author": "beerking", "comment_date": ["04/12", "11:38"], "comment_content": "館長中槍外加高嘉瑜魔音精神攻擊都"}, {"comment_author": "beerking", "comment_date": ["04/12", "11:38"], "comment_content": "扛下來了 那隻豬行嗎？"}, {"comment_author": "Hotaruinori", "comment_date": ["04/12", "12:35"], "comment_content": "好像是"}, {"comment_author": "ideal5566", "comment_date": ["04/12", "13:15"], "comment_content": "靠人吃飯沒有大聲的本錢"}, {"comment_author": "TAKEBEAR", "comment_date": ["04/12", "16:39"], "comment_content": "確實不是一個維度"}, {"comment_author": "turgnev", "comment_date": ["04/12", "17:21"], "comment_content": "統神的挫折忍耐度比我想像中的低是真的"}, {"comment_author": "iamyauyau", "comment_date": ["04/12", "17:46"], "comment_content": "館長都說幹你娘，意淫成人不犯法"}, {"comment_author": "iamyauyau", "comment_date": ["04/12", "17:47"], "comment_content": "飯桶直接喊幹未成年，自己白癡"}, {"comment_author": "QQ55555555", "comment_date": ["04/13", "14:04"], "comment_content": "七成都輕判 阿糖戰鬥力不行"}]}
