{"author": "tigotigo5566 (鐵劍5566)", "category": "Gossiping", "title": "[問卦] 房貸繳完要塗銷抵押權嗎？", "date": "Wed Apr 17 20:55:05 2024", "content": ["嘻嘻是這樣啦房貸要準備結清了忽然想到最近很多詐騙仔覺得抵押權讓它設定在上面比較好但是外觀上有個抵押權設定有點難看你們覺得房貸繳清要塗銷抵押權嗎？有沒有八卦？嘻嘻-----Sent from JPTT on my iPhone--拎北  鐵劍五五六六，乃天命之所歸，特從天降，拯救凡人。拎北以元始天尊之尊，下凡普渡眾生。凡我信眾，務須三步一跪，九步一拜，向拎北宣誓效忠。欽此，快叩謝拎北！--"], "post_comment": [{"comment_author": "johnwu", "comment_date": ["04/17", "20:55"], "comment_content": "要喔 嘻嘻"}, {"comment_author": "q2203649", "comment_date": ["04/17", "20:56"], "comment_content": "不塗銷會怎樣嗎？"}, {"comment_author": "pinhanpaul", "comment_date": ["04/17", "20:56"], "comment_content": "有一個繳清十幾年後被法拍的新聞"}, {"comment_author": "eelke", "comment_date": ["04/17", "20:56"], "comment_content": "轉貸搬錢出來用"}, {"comment_author": "wondtty", "comment_date": ["04/17", "20:56"], "comment_content": "先算一下，把這筆錢定存，賺到的利息比"}, {"comment_author": "wondtty", "comment_date": ["04/17", "20:56"], "comment_content": "房貸的利息還多吧？"}, {"comment_author": "roc5888", "comment_date": ["04/17", "20:56"], "comment_content": "不要塗銷，避免被惡意詐騙。"}, {"comment_author": "leecoco", "comment_date": ["04/17", "20:57"], "comment_content": "需要時再塗銷留著有好處"}, {"comment_author": "tanchuchan", "comment_date": ["04/17", "20:59"], "comment_content": "幹嘛急著塗 跟原行庫借錢all in 重電"}, {"comment_author": "YOLULIN1985", "comment_date": ["04/17", "20:59"], "comment_content": "繳完為啥不塗銷？"}, {"comment_author": "tanchuchan", "comment_date": ["04/17", "21:00"], "comment_content": "省設定費"}, {"comment_author": "goodman5566", "comment_date": ["04/17", "21:04"], "comment_content": "不塗也沒差"}, {"comment_author": "R3hab", "comment_date": ["04/17", "21:05"], "comment_content": ""}, {"comment_author": "hosen", "comment_date": ["04/17", "21:05"], "comment_content": "不塗銷，詐騙不能把你盜賣移轉"}, {"comment_author": "hosen", "comment_date": ["04/17", "21:06"], "comment_content": "要借錢省掉設定費"}, {"comment_author": "hosen", "comment_date": ["04/17", "21:06"], "comment_content": "等於是請銀行變相把你保管房地產"}, {"comment_author": "oresta", "comment_date": ["04/17", "21:07"], "comment_content": "地政可以設定變動通知"}, {"comment_author": "zephyr105", "comment_date": ["04/17", "21:22"], "comment_content": "要阿"}, {"comment_author": "H23324216", "comment_date": ["04/17", "21:26"], "comment_content": "不用塗啊"}, {"comment_author": "seanfan", "comment_date": ["04/17", "21:41"], "comment_content": "你不會塗銷後設定給你爸媽小孩"}, {"comment_author": "gueswmi", "comment_date": ["04/17", "22:11"], "comment_content": "幾十年後銀行跟你說 還錢"}]}
