{"author": "denny41606 (ㄨㄏㄈㄧ)", "category": "Gossiping", "title": "[問卦] 為什麼會有人抱怨警衛玩手機？", "date": "Wed Apr 17 16:15:49 2024", "content": ["常常聽我媽說社區警衛又換人，因為有人抱怨警衛滑手機、不幫忙搬東西、不幫打掃阿姨打掃等等各種理由跟管委會抱怨結果越換公司警衛素質越爛，最一開始愛抱怨的那幾個老太就開始閉嘴安靜了實在很好奇為啥有人這麼沒同理心，警衛坐在那邊難道發呆八小時嗎？薪水也不高玩個手機是會怎樣，有事情找警衛不是叫一下人家就會理你了嗎？最近還聽到朋友公司接一個案子，是保全公司要監視警衛是不是在滑手機，聽到覺得超可怕的，趕盡殺絕成這樣，把成年人當成軍校生再管欸為什麼這國家對於某些族群寬容的要命，對於某些族群卻高標準到很病態呢？為什麼會有人抱怨警衛玩手機呢？有卦？--", "原來 深植台人體內的基因", "沒工作的老男女想顧個人來罵", "真的"], "post_comment": [{"comment_author": "meicon5566", "comment_date": ["04/17", "16:16"], "comment_content": "社會底層吧"}, {"comment_author": "kasim15", "comment_date": ["04/17", "16:16"], "comment_content": "心中都有一個慣老闆啊"}, {"comment_author": "jeff0811", "comment_date": ["04/17", "16:16"], "comment_content": "沒有這麼爽的，通常是12小時"}, {"comment_author": "roywow", "comment_date": ["04/17", "16:17"], "comment_content": "認真說 9成根本不需要警衛.."}, {"comment_author": "cat5672", "comment_date": ["04/17", "16:17"], "comment_content": "認為自己有錢 但其實還不夠有錢的人"}, {"comment_author": "nawussica", "comment_date": ["04/17", "16:17"], "comment_content": "越沒教養的人管越多"}, {"comment_author": "kming327", "comment_date": ["04/17", "16:17"], "comment_content": "優越感"}, {"comment_author": "apeople", "comment_date": ["04/17", "16:17"], "comment_content": "我這邊的社區從40歲大叔換到65歲阿伯，"}, {"comment_author": "apeople", "comment_date": ["04/17", "16:17"], "comment_content": "一個玩手機一個睡覺，結果睡覺的反而沒"}, {"comment_author": "whwuhwu", "comment_date": ["04/17", "16:17"], "comment_content": "見不得人家爽，這叫損人不利己"}, {"comment_author": "apeople", "comment_date": ["04/17", "16:17"], "comment_content": "事XD"}, {"comment_author": "Forcast", "comment_date": ["04/17", "16:18"], "comment_content": "抱怨觀感"}, {"comment_author": "Fezico", "comment_date": ["04/17", "16:22"], "comment_content": "保全這東西只會越換越爛而已，不然哪來的"}, {"comment_author": "Fezico", "comment_date": ["04/17", "16:22"], "comment_content": "人給你換"}, {"comment_author": "sisik", "comment_date": ["04/17", "16:24"], "comment_content": "這行業薪水又不高,要求太高,只會找不到人"}, {"comment_author": "hsnu127348", "comment_date": ["04/17", "16:25"], "comment_content": "長這麼大沒看過任何警衛在滑手機的，"}, {"comment_author": "hsnu127348", "comment_date": ["04/17", "16:25"], "comment_content": "發呆瞌睡可能有。玩手機是真的沒看過"}, {"comment_author": "iam0718", "comment_date": ["04/17", "16:30"], "comment_content": "看過不少次了 說真的會怎樣嗎"}, {"comment_author": "zxcz1471", "comment_date": ["04/17", "16:32"], "comment_content": "就問花多少錢請  若真的有高薪再來談要"}, {"comment_author": "zxcz1471", "comment_date": ["04/17", "16:33"], "comment_content": "求素質合不合理"}, {"comment_author": "wryyyyyyyy", "comment_date": ["04/17", "16:48"], "comment_content": "反正到處都缺人 越換越爛活該"}, {"comment_author": "jeans1020", "comment_date": ["04/17", "16:52"], "comment_content": "看甚麼地方啦 社區大夜警衛只要人有到"}, {"comment_author": "jeans1020", "comment_date": ["04/17", "16:52"], "comment_content": "就及格了"}, {"comment_author": "jeans1020", "comment_date": ["04/17", "16:54"], "comment_content": "至於學校或公司那種有特別要求自己加錢"}, {"comment_author": "felixr0123", "comment_date": ["04/17", "16:54"], "comment_content": "病態 就是有這種人 才會讓仇恨散播 去"}, {"comment_author": "felixr0123", "comment_date": ["04/17", "16:54"], "comment_content": "搞公教人員 去搞台電 去搞台鐵 最後環"}, {"comment_author": "felixr0123", "comment_date": ["04/17", "16:55"], "comment_content": "境越來越差"}, {"comment_author": "SShirakawa", "comment_date": ["04/17", "16:55"], "comment_content": "自己站看看啊12小時放空看你能撐多久"}, {"comment_author": "SShirakawa", "comment_date": ["04/17", "16:57"], "comment_content": "該做的事有做好就夠了何必這麼叼"}, {"comment_author": "xvzzo", "comment_date": ["04/17", "17:01"], "comment_content": "玩手機至少還醒著能反應"}, {"comment_author": "adk147852", "comment_date": ["04/17", "17:06"], "comment_content": "鬼島日常 你是給人家多少"}, {"comment_author": "maxjack", "comment_date": ["04/17", "17:11"], "comment_content": "我以前晚班下班警衛在睡我也沒叫他起床"}, {"comment_author": "H23324216", "comment_date": ["04/17", "17:18"], "comment_content": "以後有印度人，不用怕"}, {"comment_author": "sjr500", "comment_date": ["04/17", "17:28"], "comment_content": "一堆鯛他媽凹人總愛用幫忙綁架"}, {"comment_author": "oddman", "comment_date": ["04/17", "20:27"], "comment_content": "吃飽太閒的老太太很多，呵"}, {"comment_author": "arcysaint", "comment_date": ["04/18", "22:39"], "comment_content": "以前警衛都是看電視或報紙的，現在滑"}, {"comment_author": "arcysaint", "comment_date": ["04/18", "22:39"], "comment_content": "手機不過就是工具轉換而已，那基本工"}, {"comment_author": "arcysaint", "comment_date": ["04/18", "22:39"], "comment_content": "資高一點的錢，請人跟憲兵一樣發呆根"}, {"comment_author": "arcysaint", "comment_date": ["04/18", "22:39"], "comment_content": "本不可能"}]}
