{"author": "asukawife (阿羞羞的老公)", "category": "Gossiping", "title": "[問卦] 有一個人吃火鍋的嗎", "date": "Mon Apr 15 14:32:42 2024", "content": ["約個火鍋同事覺得貴 又會有味道一怒之下晚上想自己去吃 但有哪家店是可以一個人吃爽的嗎？台北新北都可以 不一定要吃到飽希望店家不會拒絕一個人用餐Q_Q好想吃火鍋RRRR--"], "post_comment": [{"comment_author": "oneIneed", "comment_date": ["04/15", "14:33"], "comment_content": "啊不就錢都"}, {"comment_author": "fony1029", "comment_date": ["04/15", "14:33"], "comment_content": "吃12mini 啊"}, {"comment_author": "j32072", "comment_date": ["04/15", "14:33"], "comment_content": "沒吧 台灣沒有人這麼幹的"}, {"comment_author": "kinve1014", "comment_date": ["04/15", "14:33"], "comment_content": "石二鍋 我上次一個人吃了五百多"}, {"comment_author": "coolan", "comment_date": ["04/15", "14:33"], "comment_content": "石二鍋"}, {"comment_author": "oneIneed", "comment_date": ["04/15", "14:33"], "comment_content": "石二鍋，這種一人一小鍋的很多吧"}, {"comment_author": "fony1029", "comment_date": ["04/15", "14:33"], "comment_content": "三媽"}, {"comment_author": "ayuhb", "comment_date": ["04/15", "14:34"], "comment_content": "六扇門"}, {"comment_author": "TopGun2", "comment_date": ["04/15", "14:34"], "comment_content": "三鍋 臭臭媽"}, {"comment_author": "Nevhir", "comment_date": ["04/15", "14:34"], "comment_content": "石二鍋 三媽內用位置那麼低 就是怕你坐久"}, {"comment_author": "v7q4", "comment_date": ["04/15", "14:34"], "comment_content": "三鍋臭媽媽"}, {"comment_author": "ccugoo", "comment_date": ["04/15", "14:35"], "comment_content": "通常非吃到飽的都不用單人稅吧？"}, {"comment_author": "fp737", "comment_date": ["04/15", "14:35"], "comment_content": "火鍋店本來就一堆單人去吃的阿"}, {"comment_author": "ssore", "comment_date": ["04/15", "14:36"], "comment_content": "幾乎每家都可以吧？不行的才要另外列"}, {"comment_author": "pf775101", "comment_date": ["04/15", "14:36"], "comment_content": "竹間一堆人一個人用餐 晚上9點左右"}, {"comment_author": "fp737", "comment_date": ["04/15", "14:36"], "comment_content": "圍一圈的那種小火鍋店"}, {"comment_author": "fony1029", "comment_date": ["04/15", "14:36"], "comment_content": "看哪一種，馬辣不行吧？"}, {"comment_author": "nekoares", "comment_date": ["04/15", "14:36"], "comment_content": "涮涮鍋算嗎?"}, {"comment_author": "neilisme", "comment_date": ["04/15", "14:37"], "comment_content": "所有火鍋都可以吧 頂多多付開鍋費而已"}, {"comment_author": "fony1029", "comment_date": ["04/15", "14:37"], "comment_content": "老四川那種我是沒自己吃過 都只敢叫外送"}, {"comment_author": "sellgd", "comment_date": ["04/15", "14:37"], "comment_content": "吃到飽 非尖峰去吃 也不會拒絕吧 加減賺"}, {"comment_author": "soarling", "comment_date": ["04/15", "14:37"], "comment_content": "叫兩鍋不會嗎XD"}, {"comment_author": "sellgd", "comment_date": ["04/15", "14:38"], "comment_content": "石二鍋200多不便宜 去王品的聚北海道339起"}, {"comment_author": "qmaper", "comment_date": ["04/15", "14:38"], "comment_content": "個人鍋的我還蠻常一個去吃的~"}, {"comment_author": "asdf70044", "comment_date": ["04/15", "14:38"], "comment_content": "三媽之類的阿"}, {"comment_author": "sellgd", "comment_date": ["04/15", "14:39"], "comment_content": "菜鍋甜品吃到飽 有肉團和洋蔥豬肉蓋飯料"}, {"comment_author": "asdf70044", "comment_date": ["04/15", "14:39"], "comment_content": "我都一個吃"}, {"comment_author": "EfiwymsiAros", "comment_date": ["04/15", "14:39"], "comment_content": "這一小鍋"}, {"comment_author": "ffreakk", "comment_date": ["04/15", "14:39"], "comment_content": "有吧台的都沒問題吧 這麼玻璃心?"}, {"comment_author": "sellgd", "comment_date": ["04/15", "14:39"], "comment_content": "三媽 六扇門的食材 幾乎都化工吧"}, {"comment_author": "b9513227", "comment_date": ["04/15", "14:40"], "comment_content": "築間"}, {"comment_author": "dick929", "comment_date": ["04/15", "14:42"], "comment_content": "錢都的吧台很多都是一個人去吃"}, {"comment_author": "s10130804", "comment_date": ["04/15", "14:42"], "comment_content": "石二鍋"}, {"comment_author": "lifesg", "comment_date": ["04/15", "14:44"], "comment_content": "石二鍋"}, {"comment_author": "minoru04", "comment_date": ["04/15", "14:44"], "comment_content": "你沒在路上看過小火鍋店嗎 硬要洗"}, {"comment_author": "sixteen", "comment_date": ["04/15", "14:50"], "comment_content": "比較驚訝這個年紀還有人沒自己吃過火鍋"}, {"comment_author": "sixteen", "comment_date": ["04/15", "14:50"], "comment_content": "，除了鼎王那種一大鍋的跟吃到飽，想不"}, {"comment_author": "agong", "comment_date": ["04/15", "14:50"], "comment_content": "吃料就好 不要喝湯"}, {"comment_author": "sixteen", "comment_date": ["04/15", "14:50"], "comment_content": "到有哪種火鍋不給一個人吃"}, {"comment_author": "adk147852", "comment_date": ["04/15", "14:52"], "comment_content": "單人鍋不是一大堆嗎=="}, {"comment_author": "kevincio", "comment_date": ["04/15", "14:54"], "comment_content": "有錢買單誰在意你自己吃還是跟別人"}, {"comment_author": "philip81501", "comment_date": ["04/15", "14:55"], "comment_content": "小火鍋自己找"}, {"comment_author": "godchildtw", "comment_date": ["04/15", "14:55"], "comment_content": "問這什麼爛問題，到處都是"}, {"comment_author": "sodm", "comment_date": ["04/15", "14:59"], "comment_content": "海底撈，築間，肉多多都可以一個人"}, {"comment_author": "sodm", "comment_date": ["04/15", "14:59"], "comment_content": "吃"}, {"comment_author": "Mrchungken", "comment_date": ["04/15", "15:10"], "comment_content": "一堆 沒人在乎你"}, {"comment_author": "B9702115", "comment_date": ["04/15", "15:12"], "comment_content": "一個人吃燒肉可以嗎？"}, {"comment_author": "FLy60169", "comment_date": ["04/15", "15:14"], "comment_content": "三媽"}, {"comment_author": "kmshy", "comment_date": ["04/15", "15:25"], "comment_content": "一堆吃到飽一個人還要另外加錢 幹你娘"}, {"comment_author": "ann9812", "comment_date": ["04/15", "15:34"], "comment_content": "我都吃石二鍋 滿多一個人的吧"}, {"comment_author": "pmove", "comment_date": ["04/15", "15:35"], "comment_content": "喜鍋屋"}, {"comment_author": "loewe214", "comment_date": ["04/15", "15:46"], "comment_content": "錢都、吉哆火鍋"}, {"comment_author": "Arctica", "comment_date": ["04/15", "15:50"], "comment_content": "我啊"}, {"comment_author": "jay0215", "comment_date": ["04/15", "15:57"], "comment_content": "一個人的我只吃過三媽，而且小火鍋有伴才"}, {"comment_author": "jay0215", "comment_date": ["04/15", "15:59"], "comment_content": "比較好吃邊吃邊聊還能加點後share"}, {"comment_author": "FantisyP", "comment_date": ["04/15", "16:21"], "comment_content": "有喔,曾經一個人去鼎王吃,店員給我8人"}, {"comment_author": "FantisyP", "comment_date": ["04/15", "16:21"], "comment_content": "大桌,尊榮享受XD"}, {"comment_author": "yotsuba", "comment_date": ["04/15", "16:26"], "comment_content": "西門町 前鎮水產 火鍋吃到飽"}, {"comment_author": "yotsuba", "comment_date": ["04/15", "16:26"], "comment_content": "單人ok 不收服務費"}, {"comment_author": "shinobunodok", "comment_date": ["04/15", "16:42"], "comment_content": "隨便都有吧 現在找人很多也滑手機"}, {"comment_author": "your0207", "comment_date": ["04/15", "18:46"], "comment_content": "築間"}, {"comment_author": "your0207", "comment_date": ["04/15", "18:47"], "comment_content": "王品的鴛鴦鍋一個人都不用加收費用"}, {"comment_author": "your0207", "comment_date": ["04/15", "18:47"], "comment_content": "和牛涮下午可以吃三小時"}, {"comment_author": "laugh8562", "comment_date": ["04/15", "21:32"], "comment_content": "哪家不行?"}]}
