{"author": "yoyodiy (廢文心得文大師)", "category": "Gossiping", "title": "[問卦] 股市崩盤現在進場撿到的是鑽石還是大便?", "date": "Fri Apr 19 11:10:59 2024", "content": ["嗨大家好  本魯失業11年自耕農本魯存款5萬 全部投入股市  結果今天台積積 GG 雪上加霜是以色列射飛彈一下大跌900點媽媽看我悶悶不樂  說要借我20萬翻本現在逢低進場買股  撿到的是鑽石還是大便？八卦--"], "post_comment": [{"comment_author": "ctct0513", "comment_date": ["04/19", "11:11"], "comment_content": "絕對是鑽石"}, {"comment_author": "highyes", "comment_date": ["04/19", "11:11"], "comment_content": "快撿啊  笑你不敢 = =！"}, {"comment_author": "hikaru77613", "comment_date": ["04/19", "11:11"], "comment_content": "Gg 跌回600加碼30股"}, {"comment_author": "Lailungsheng", "comment_date": ["04/19", "11:11"], "comment_content": "不能摻在一起撿鑽石型大便嗎"}, {"comment_author": "wkuochen", "comment_date": ["04/19", "11:11"], "comment_content": "早上撿到大便了~"}, {"comment_author": "top1683", "comment_date": ["04/19", "11:12"], "comment_content": "撿到槍"}, {"comment_author": "kuosambition", "comment_date": ["04/19", "11:12"], "comment_content": "520還沒過怕屁喔~~All in等賴神護盤"}, {"comment_author": "livehouse", "comment_date": ["04/19", "11:17"], "comment_content": "快撿"}, {"comment_author": "mk203125", "comment_date": ["04/19", "11:21"], "comment_content": "61歲 還在媽媽借 嘻嘻"}, {"comment_author": "u9005205", "comment_date": ["04/19", "11:22"], "comment_content": "鐵穹相關概念股…"}, {"comment_author": "ubcs", "comment_date": ["04/19", "11:46"], "comment_content": "岳父要進場講一下 我改下板標讓八又翻一下就"}, {"comment_author": "ubcs", "comment_date": ["04/19", "11:46"], "comment_content": "薛海了"}, {"comment_author": "isu0911", "comment_date": ["04/19", "13:06"], "comment_content": "鑽石或煤炭，一個拿來爽一個拿來燒"}]}
