{"author": "wl02681945 (成大三相之力)", "category": "Gossiping", "title": "[問卦] 公眾人物的社會責任的範疇多廣？", "date": "Fri Apr 12 00:08:51 2024", "content": ["如題有些人說公眾人物有社會責任必須當大眾的榜樣那所謂社會責任的範疇有多廣呀每個人都要是好人好事代表嗎有沒有詳細的規章或可受公評的標準有八卦嗎?-----Sent from JPTT on my iPhone--"], "post_comment": [{"comment_author": "binco", "comment_date": ["04/12", "00:10"], "comment_content": "好了啦統粉。說話都不用負責喔。"}, {"comment_author": "FoSinGongSi", "comment_date": ["04/12", "00:13"], "comment_content": "黨說了算"}, {"comment_author": "iphone55566", "comment_date": ["04/12", "00:18"], "comment_content": "問tvbs啊 不是同樣站60%那邊的?"}, {"comment_author": "SidMax", "comment_date": ["04/12", "00:18"], "comment_content": "有證跟沒證"}]}
