{"author": "pchion2002 (阿我就怕被罵阿)", "category": "Gossiping", "title": "[問卦] 水原一平為什麼不重壓天使輸球？", "date": "Mon Apr 15 22:47:24 2024", "content": ["有人質疑為什麼水原偷這麼多錢還要賭沒辦法 因為他有賭癮但沒賭棒球 根本沒差反正他以後也沒球隊敢接收了何不重壓天使輸球從2021年開始壓每場天使輸到現在應該比大谷還要有錢了吧還是他賭癮是輸過癮了？--        只發廢文。--"], "post_comment": [{"comment_author": "JEWH", "comment_date": ["04/15", "22:49"], "comment_content": "這樣會搞到大谷沒工作 他自己更慘"}, {"comment_author": "SidMax", "comment_date": ["04/15", "22:50"], "comment_content": "新聞報 組頭不給賭"}, {"comment_author": "arlaw", "comment_date": ["04/15", "22:51"], "comment_content": "輸58億是壓什麼"}, {"comment_author": "SidMax", "comment_date": ["04/15", "22:51"], "comment_content": "他也是個奇人 啥運動都賭 硬是沒贏過錢"}, {"comment_author": "realmd", "comment_date": ["04/15", "22:52"], "comment_content": "賭盤沒開棒球給他賭"}, {"comment_author": "rappig", "comment_date": ["04/15", "22:52"], "comment_content": "不如買台積電股票"}, {"comment_author": "wcre", "comment_date": ["04/15", "22:59"], "comment_content": "你以為賭盤傻傻開輸贏？贏超過讓分才會給你"}, {"comment_author": "david6119", "comment_date": ["04/15", "23:02"], "comment_content": "正因為沒賭棒球才懶得查大谷"}, {"comment_author": "nadleeh", "comment_date": ["04/15", "23:05"], "comment_content": "能輸那麼多也不容易"}, {"comment_author": "ru04hj4", "comment_date": ["04/15", "23:13"], "comment_content": "賭盤不會這樣開好嗎"}, {"comment_author": "simonsheep", "comment_date": ["04/15", "23:20"], "comment_content": "有贏啊 只是輸更多"}, {"comment_author": "peterisme17", "comment_date": ["04/15", "23:28"], "comment_content": "他不敢賭棒球阿"}, {"comment_author": "philosopherh", "comment_date": ["04/15", "23:50"], "comment_content": "有賭棒球的話 大谷現在應該停賽調查"}, {"comment_author": "philosopherh", "comment_date": ["04/15", "23:50"], "comment_content": "中"}, {"comment_author": "furjai", "comment_date": ["04/15", "23:51"], "comment_content": "大賭不必去查"}, {"comment_author": "bitcch", "comment_date": ["04/16", "00:12"], "comment_content": "是他自己會更慘"}]}
