{"author": "med5566 (美德5566)", "category": "Gossiping", "title": "[問卦] 對統神的這波火力展示只算牛刀小試吧", "date": "Sun Apr 14 16:01:39 2024", "content": ["各位八卦版鄉民午安三民自聯軍只以高達平均每小時一篇文章的速度發報導、政論節目、轉錄打手專家的社論就已經成功摧毀阿航的身心靈了這種等級的火力展示只能算是牛刀小試吧？還沒用上最醜的gay跟屎漏這些抹屎大隊，以及正規的網軍豹紋大隊--", "阿航還在嬉皮笑臉以為這次對手跟嗨抓 椅子 蛇王一樣都是網路鞋咖", "阿航只能學人家安分守己等未來反擊的機會", "真的沒被三立自修理過不知道光緒皇帝心裡的苦QQ", "你看看最醜的gay約小朋友砲的事情有人在出征嗎", "這兩家的篇數還不到一半，也沒拿去政論節目批鬥，更沒找一個來路不明的專家言論當報導再轉發到其他社群"], "post_comment": [{"comment_author": "s820912gmail", "comment_date": ["04/14", "16:02"], "comment_content": "誰知道這麼快就哭了"}, {"comment_author": "qwe78971", "comment_date": ["04/14", "16:02"], "comment_content": "抗壓差的胖叔叔"}, {"comment_author": "tmgl", "comment_date": ["04/14", "16:02"], "comment_content": "正規第四軍"}, {"comment_author": "rLks02", "comment_date": ["04/14", "16:02"], "comment_content": "偶爾要操兵啊"}, {"comment_author": "hunt5566", "comment_date": ["04/14", "16:02"], "comment_content": "是阿航走錯了，不連線就沒事了"}, {"comment_author": "ausome", "comment_date": ["04/14", "16:03"], "comment_content": "自己抗壓差還想怎樣，我綠營就是神"}, {"comment_author": "Nevhir", "comment_date": ["04/14", "16:03"], "comment_content": "是阿 你看LTN今天還在攻擊 說啥因為切割業"}, {"comment_author": "blairkimi", "comment_date": ["04/14", "16:03"], "comment_content": "再敢批評黨嘛"}, {"comment_author": "Nevhir", "comment_date": ["04/14", "16:03"], "comment_content": "績反而上漲"}, {"comment_author": "GTOyoko5566", "comment_date": ["04/14", "16:04"], "comment_content": ""}, {"comment_author": "widec", "comment_date": ["04/14", "16:04"], "comment_content": "我覺得是SOP 是阿航笨到一直撞牆"}, {"comment_author": "GTOyoko5566", "comment_date": ["04/14", "16:04"], "comment_content": "功德帝都要喊投降的黨衛軍"}, {"comment_author": "widec", "comment_date": ["04/14", "16:04"], "comment_content": "他不要去跟吳崢連線應該還沒事"}, {"comment_author": "reexamor", "comment_date": ["04/14", "16:04"], "comment_content": "八卦板鍵盤捍衛統神的力量也不容小覷吧"}, {"comment_author": "takechance", "comment_date": ["04/14", "16:04"], "comment_content": "媒體帶風向，然後臉書洗文，媒體再報"}, {"comment_author": "GTOyoko5566", "comment_date": ["04/14", "16:04"], "comment_content": "你一個小咖網紅隨便拿捏"}, {"comment_author": "KGarnett05", "comment_date": ["04/14", "16:05"], "comment_content": "以為很能辯，結果以前都只是對手太弱"}, {"comment_author": "takechance", "comment_date": ["04/14", "16:05"], "comment_content": "導洗文，反覆操作下去"}, {"comment_author": "mormegil", "comment_date": ["04/14", "16:05"], "comment_content": "Tvbs也跟得很緊 基本是三明自一環了"}, {"comment_author": "vaiking0120", "comment_date": ["04/14", "16:05"], "comment_content": "本身言論有問題 今天統神挺綠的會怎"}, {"comment_author": "vaiking0120", "comment_date": ["04/14", "16:05"], "comment_content": "樣？我比較好奇這一點 換成這裡的人"}, {"comment_author": "vaiking0120", "comment_date": ["04/14", "16:05"], "comment_content": "藍媒 藍白黨批他而已 這是台灣最可悲"}, {"comment_author": "vaiking0120", "comment_date": ["04/14", "16:05"], "comment_content": "的地方"}, {"comment_author": "charmingpink", "comment_date": ["04/14", "16:05"], "comment_content": "TVBS和中天表示："}, {"comment_author": "vaiking0120", "comment_date": ["04/14", "16:05"], "comment_content": "立場大於是非對錯"}, {"comment_author": "flybow", "comment_date": ["04/14", "16:05"], "comment_content": "這就是黨說的心靈洗滌啊"}, {"comment_author": "LoveMakeLove", "comment_date": ["04/14", "16:05"], "comment_content": "有火力展示和殺雞儆猴的作用"}, {"comment_author": "koromo1991", "comment_date": ["04/14", "16:06"], "comment_content": "就是在告訴網紅們 要靠近KMT先掂掂自"}, {"comment_author": "GTOyoko5566", "comment_date": ["04/14", "16:06"], "comment_content": "挺綠的會怎樣喔，像這樣吧"}, {"comment_author": "koromo1991", "comment_date": ["04/14", "16:06"], "comment_content": "己分兩"}, {"comment_author": "GTOyoko5566", "comment_date": ["04/14", "16:06"], "comment_content": ""}, {"comment_author": "flybow", "comment_date": ["04/14", "16:06"], "comment_content": "統神傻傻以為這種連線是網紅互尬"}, {"comment_author": "umin928", "comment_date": ["04/14", "16:06"], "comment_content": "這裏勢力那麼大 會輸嗎"}, {"comment_author": "flybow", "comment_date": ["04/14", "16:06"], "comment_content": "殊不知他當了KMT空戰講師後 情況丕變"}, {"comment_author": "LoveMakeLove", "comment_date": ["04/14", "16:07"], "comment_content": "火力展示可以提高標案價碼、殺雞儆"}, {"comment_author": "LoveMakeLove", "comment_date": ["04/14", "16:07"], "comment_content": "猴可以噤聲藍白網紅。"}, {"comment_author": "GTOyoko5566", "comment_date": ["04/14", "16:07"], "comment_content": "顏色對了人妻男童都是自願的呢"}, {"comment_author": "flybow", "comment_date": ["04/14", "16:07"], "comment_content": "要像錫蘭、館長等 能扛住的 都算少數"}, {"comment_author": "GTOyoko5566", "comment_date": ["04/14", "16:08"], "comment_content": "阿館背後這麼多資源也被弄到崩潰好幾"}, {"comment_author": "GTOyoko5566", "comment_date": ["04/14", "16:08"], "comment_content": "次了"}, {"comment_author": "lien0972", "comment_date": ["04/14", "16:08"], "comment_content": "不嘴吳崢可能裝死一陣子就沒事了"}, {"comment_author": "keane9112", "comment_date": ["04/14", "16:11"], "comment_content": "講的話被搬到檯面上檢視 發現嚴重失言~"}, {"comment_author": "keane9112", "comment_date": ["04/14", "16:12"], "comment_content": "不過也讓KMT發現自己請的空戰講師沒料"}, {"comment_author": "widec", "comment_date": ["04/14", "16:13"], "comment_content": "錫蘭也扛不住阿"}, {"comment_author": "widec", "comment_date": ["04/14", "16:13"], "comment_content": "他都怒幹台媒一發離開台灣了"}, {"comment_author": "ryoma9527", "comment_date": ["04/14", "16:13"], "comment_content": "誰叫他要搭上12歲的車"}, {"comment_author": "LoveMakeLove", "comment_date": ["04/14", "16:15"], "comment_content": "館長自己有企業才能扛住"}, {"comment_author": "lmu0837", "comment_date": ["04/14", "16:19"], "comment_content": "之前的對手太嫩，對上台灣價值艦隊根本"}, {"comment_author": "lmu0837", "comment_date": ["04/14", "16:19"], "comment_content": "不堪0.5擊"}, {"comment_author": "GTOyoko5566", "comment_date": ["04/14", "16:20"], "comment_content": "最好笑的是側翼狗叫半天，結果判決"}, {"comment_author": "GTOyoko5566", "comment_date": ["04/14", "16:20"], "comment_content": "全是輕判，笑死人說好的零容忍"}, {"comment_author": "GTOyoko5566", "comment_date": ["04/14", "16:21"], "comment_content": "提到唐鳳弟全都噤聲，真的幽默"}, {"comment_author": "asiaking5566", "comment_date": ["04/14", "16:21"], "comment_content": "4 還沒像韓總時污衊到親家去了"}, {"comment_author": "g1254501", "comment_date": ["04/14", "16:24"], "comment_content": "韓導真的強"}, {"comment_author": "CaTkinGG", "comment_date": ["04/14", "16:26"], "comment_content": "之前網路小圈圈呼風喚雨 現在遇到正規"}, {"comment_author": "CaTkinGG", "comment_date": ["04/14", "16:26"], "comment_content": "軍不堪一擊"}, {"comment_author": "takechance", "comment_date": ["04/14", "16:33"], "comment_content": "對付這招就是完全不要用臉書，這樣反"}, {"comment_author": "takechance", "comment_date": ["04/14", "16:33"], "comment_content": "覆洗文這招就沒用，因為只用媒體的話"}, {"comment_author": "b9513227", "comment_date": ["04/14", "16:34"], "comment_content": "賴神認證過的數位部 怕"}, {"comment_author": "wilson3435", "comment_date": ["04/14", "16:34"], "comment_content": "賴神需要洗滌人心。能不強嗎"}, {"comment_author": "takechance", "comment_date": ["04/14", "16:34"], "comment_content": "過沒幾天新聞就過氣了"}, {"comment_author": "takechance", "comment_date": ["04/14", "16:34"], "comment_content": "只要臉書還在洗文，媒體就可以繼續製"}, {"comment_author": "takechance", "comment_date": ["04/14", "16:35"], "comment_content": "造新聞，反覆一直洗下去"}, {"comment_author": "shadowpower", "comment_date": ["04/14", "16:36"], "comment_content": "就是天涯明月刀事件一樣，死不認錯"}, {"comment_author": "shadowpower", "comment_date": ["04/14", "16:36"], "comment_content": "然後被一堆圈外人圍觀"}, {"comment_author": "shadowpower", "comment_date": ["04/14", "16:37"], "comment_content": "被用直播圈以外的道德標準評斷，然後"}, {"comment_author": "shadowpower", "comment_date": ["04/14", "16:37"], "comment_content": "就炸掉了"}, {"comment_author": "q123212", "comment_date": ["04/14", "16:41"], "comment_content": "最弱的火力"}, {"comment_author": "junshinw", "comment_date": ["04/14", "17:15"], "comment_content": "一條龍下去神也要哭著道歉"}, {"comment_author": "Davidornot", "comment_date": ["04/14", "17:35"], "comment_content": " "}, {"comment_author": "IFeelSoAlive", "comment_date": ["04/14", "17:37"], "comment_content": "上次用兵是白飯之亂，先練黨媒"}, {"comment_author": "rafaj", "comment_date": ["04/14", "18:06"], "comment_content": "藍白側翼全力相挺，統肥怎麼可能輸嘛"}, {"comment_author": "kindless", "comment_date": ["04/14", "18:08"], "comment_content": "我只知道4X貓想約14歲 沒側翼提"}, {"comment_author": "kindless", "comment_date": ["04/14", "18:08"], "comment_content": "然後瘋狂洗詹江村的新聞"}, {"comment_author": "tw00168185", "comment_date": ["04/14", "18:35"], "comment_content": "不聽話的總是需要教訓一下"}, {"comment_author": "pilileon", "comment_date": ["04/14", "20:15"], "comment_content": "4"}]}
