{"author": "jayemshow (S.Kazumi)", "category": "Gossiping", "title": "[問卦] 會去建商FB留言的魯空都不怕丟臉嗎?", "date": "Mon Apr 15 09:26:12 2024", "content": ["如題  本肥低端廢物  最近要在鄉下買房  所以有時候都會去建商 FB 晃晃  看有沒有什麼開案的新訊息  偶爾有個新廣告  底下就會有些魯空留言:  1. 不要來XX炒房!!!  2. 要來蓋房子喔? 可以啊~ 三房兩廳含車位五百造福鄉親呀!  這樣留言連我這個魯蛇都知道他們比我還魯了  他們都不感覺害臊丟臉嗎?  有八卦?--", "言論自由跟丟不丟臉好像兩碼子事?", "坐等台積來 嘻嘻"], "post_comment": [{"comment_author": "tmgl", "comment_date": ["04/15", "09:27"], "comment_content": "臉書族群...."}, {"comment_author": "Nemophila", "comment_date": ["04/15", "09:27"], "comment_content": "現在鄉下獨棟也要兩三千萬 看在他們眼"}, {"comment_author": "Nemophila", "comment_date": ["04/15", "09:27"], "comment_content": "裡覺得扯也正常"}, {"comment_author": "fallinlove15", "comment_date": ["04/15", "09:28"], "comment_content": "在沒有侵害他人的情況下行使言論自"}, {"comment_author": "fallinlove15", "comment_date": ["04/15", "09:29"], "comment_content": "由 很丟臉嗎？ 你管那麼多幹嘛"}, {"comment_author": "mtc5566", "comment_date": ["04/15", "09:29"], "comment_content": "你才知道八卦仔小草在FB上多丟臉哦？"}, {"comment_author": "Nemophila", "comment_date": ["04/15", "09:30"], "comment_content": "鄉下機能好一點就是臨大馬路有超商全聯"}, {"comment_author": "Nemophila", "comment_date": ["04/15", "09:30"], "comment_content": "在附近"}, {"comment_author": "lapis1999", "comment_date": ["04/15", "09:31"], "comment_content": "都是一些買不起房的藍白粉在留言"}, {"comment_author": "smaxtor2002", "comment_date": ["04/15", "09:32"], "comment_content": "蓋房子這麼好賺 不會去買建商股票"}, {"comment_author": "mtc5566", "comment_date": ["04/15", "09:32"], "comment_content": ""}, {"comment_author": "diablojonn", "comment_date": ["04/15", "09:32"], "comment_content": "給你們看看打字打房的力量！"}, {"comment_author": "kinki999", "comment_date": ["04/15", "09:34"], "comment_content": "鄉下新建案上看30萬/坪囉，爽"}, {"comment_author": "mtc5566", "comment_date": ["04/15", "09:36"], "comment_content": "對啊你別買 妄想柯文哲會配給你"}, {"comment_author": "Weezer", "comment_date": ["04/15", "09:38"], "comment_content": "就藍白窮鬼在那丟臉阿"}]}
