{"author": "arnold3 (憂鬱型男阿雲)", "category": "Gossiping", "title": "[問卦] 怕戰爭去美國 結果失業老婆又要走該怎辦?", "date": "Tue Apr 16 09:57:59 2024", "content": ["假如說你很努力去美國拿綠卡 但是賺不到錢養不起老婆小孩 結果老婆跟你說台灣還比較好 不想待美國的話 你要怎麼做比較好?如果要離婚 你現在跑去美國還要付贍養費跟分財產 但是不離婚你也沒工作 總不能叫老婆去賣 所以說接下來要怎麼樣 才能在美國獲得成功 成為下一個黃仁勳?----"], "post_comment": [{"comment_author": "peter080808", "comment_date": ["04/16", "09:58"], "comment_content": "這老婆想自己離婚 我會很開心"}, {"comment_author": "johnhmj", "comment_date": ["04/16", "09:58"], "comment_content": "去墨西哥啊"}, {"comment_author": "bill0129bill", "comment_date": ["04/16", "10:01"], "comment_content": "所以你有老婆嗎"}, {"comment_author": "s90002442", "comment_date": ["04/16", "10:04"], "comment_content": "有綠卡了 美軍簽下去"}, {"comment_author": "s90002442", "comment_date": ["04/16", "10:05"], "comment_content": "出將入相 不要太死腦筋"}, {"comment_author": "coolrgin", "comment_date": ["04/16", "10:25"], "comment_content": "拿到綠卡了嗎？拿到就勝利組了"}]}
