{"author": "ffdqfe (苦惱)", "category": "Gossiping", "title": "[問卦] 台電不用再藏電惹吧", "date": "Tue Apr 16 01:43:24 2024", "content": ["2025非核家園目前看起來大勢已成核四已經不可能再蓋了核五連討論都沒有台電不用再裝了吧藏起來的電快拿出來喔？--"], "post_comment": [{"comment_author": "Dinenger", "comment_date": ["04/16", "01:44"], "comment_content": "藏電於民 你們少用點不就有了"}, {"comment_author": "Dinenger", "comment_date": ["04/16", "01:44"], "comment_content": "少用點電 就不用月中就在搶乞丐時光"}, {"comment_author": "Dinenger", "comment_date": ["04/16", "01:44"], "comment_content": "這不是妥妥的雙贏嗎？"}, {"comment_author": "gueswmi", "comment_date": ["04/16", "01:45"], "comment_content": "兩兆風電能解決台電缺電?  吃屎拉"}, {"comment_author": "PSptt", "comment_date": ["04/16", "01:45"], "comment_content": "台電本業是PLP幫黨殷實商人發大財 副業才"}, {"comment_author": "PSptt", "comment_date": ["04/16", "01:45"], "comment_content": "是發電"}, {"comment_author": "PSptt", "comment_date": ["04/16", "01:46"], "comment_content": "國營現在都這種鳥樣 任內能掏空多少就盡量"}, {"comment_author": "PSptt", "comment_date": ["04/16", "01:46"], "comment_content": "掏空"}, {"comment_author": "PSptt", "comment_date": ["04/16", "01:47"], "comment_content": "看看另一個春燕鋼 垃圾國營 都在捧執政爛"}, {"comment_author": "PSptt", "comment_date": ["04/16", "01:47"], "comment_content": "趴"}, {"comment_author": "simon9331", "comment_date": ["04/16", "02:44"], "comment_content": "還缺少用愛發電大隊，這些畜牲還沒上"}, {"comment_author": "simon9331", "comment_date": ["04/16", "02:44"], "comment_content": "線發電呢！"}, {"comment_author": "wirecut", "comment_date": ["04/16", "03:46"], "comment_content": "推"}, {"comment_author": "willism", "comment_date": ["04/16", "03:48"], "comment_content": "台積電=台灣積存電力公司"}, {"comment_author": "willism", "comment_date": ["04/16", "03:48"], "comment_content": "台積電有著積存電力的特質，不時常盡情"}, {"comment_author": "willism", "comment_date": ["04/16", "03:49"], "comment_content": "釋放電力的話，就會倍感壓力。"}, {"comment_author": "niniikoski", "comment_date": ["04/16", "07:21"], "comment_content": "藏的電都在民間未來要用大把鈔票去買"}, {"comment_author": "xulzj524", "comment_date": ["04/16", "07:21"], "comment_content": "台積電自己就擁有30幾萬的私房電了"}]}
