{"author": "kabor ()", "category": "Gossiping", "title": "[問卦] 有客家人或原住民得過蠶豆症？", "date": "Wed Apr 17 03:11:46 2024", "content": ["剛剛看到客家人和原住民是蠶豆症好發種族感覺好像都是因為都跟族內人結婚的緣故因為沒看過，所以好奇有人看過真的有這種現象？-----Sent from MeowPtt on my iPhone--"], "post_comment": [{"comment_author": "kingmusk", "comment_date": ["04/17", "03:13"], "comment_content": "阿肥是客家人 但我家族都沒有"}, {"comment_author": "kingmusk", "comment_date": ["04/17", "03:13"], "comment_content": "沒看過發病 但不是有可能會死嗎=="}, {"comment_author": "whiteadam", "comment_date": ["04/17", "03:13"], "comment_content": "5f得過菜花"}, {"comment_author": "lycs0908", "comment_date": ["04/17", "03:13"], "comment_content": "我阿嬤客家人 我跟我堂弟都有蠶豆症"}, {"comment_author": "dirain", "comment_date": ["04/17", "03:14"], "comment_content": "我客家人 客家男生超容易得 家族裡面好幾"}, {"comment_author": "dirain", "comment_date": ["04/17", "03:14"], "comment_content": "個"}, {"comment_author": "kingmusk", "comment_date": ["04/17", "03:14"], "comment_content": "那你們是怎麼知道自己有蠶豆症的"}, {"comment_author": "UrFather", "comment_date": ["04/17", "03:28"], "comment_content": "樓下綠豆症"}, {"comment_author": "sawalee0811", "comment_date": ["04/17", "04:32"], "comment_content": "我閩南人也有啊"}, {"comment_author": "cosmo690122", "comment_date": ["04/17", "09:26"], "comment_content": "我兒子有我女兒沒有，聽說1/4機率"}]}
