{"author": "currry (南港李國毅)", "category": "Gossiping", "title": "[問卦] 伊朗會反擊嗎", "date": "Fri Apr 19 12:20:47 2024", "content": ["如題現在飛往伊朗的班機好像都改道或取消被以色列這樣一射想聞一下國際吃情勢專家伊朗會有反擊嗎還是還摸摸唧唧算了有掛？--"], "post_comment": [{"comment_author": "chinaeatshit", "comment_date": ["04/19", "12:21"], "comment_content": "會 但會被摸頭"}, {"comment_author": "brella", "comment_date": ["04/19", "12:21"], "comment_content": "希望殺光以色列人，炸到陸沉"}, {"comment_author": "NSYSUEE", "comment_date": ["04/19", "12:21"], "comment_content": "關閉機場了，這個就是要打的前兆，肯定"}, {"comment_author": "NSYSUEE", "comment_date": ["04/19", "12:21"], "comment_content": "會回擊"}, {"comment_author": "z32510z", "comment_date": ["04/19", "12:21"], "comment_content": "種香菇再說"}, {"comment_author": "u9005205", "comment_date": ["04/19", "12:22"], "comment_content": "阿災！沒暗殺到哈瑪尼都算以色列輸…"}, {"comment_author": "chives465", "comment_date": ["04/19", "12:22"], "comment_content": "伊朗好俗辣喔，不趕快反擊，有夠沒覽"}, {"comment_author": "chives465", "comment_date": ["04/19", "12:22"], "comment_content": "趴"}, {"comment_author": "LoveMakeLove", "comment_date": ["04/19", "12:22"], "comment_content": "要反擊  要不然以後講話沒人聽跟中"}, {"comment_author": "LoveMakeLove", "comment_date": ["04/19", "12:22"], "comment_content": "國一樣"}, {"comment_author": "Insania", "comment_date": ["04/19", "12:25"], "comment_content": "大使館跟核設施都被人K了好奇會挑哪個地"}, {"comment_author": "Insania", "comment_date": ["04/19", "12:25"], "comment_content": "方砸"}, {"comment_author": "gundam0613", "comment_date": ["04/19", "12:26"], "comment_content": "不反打國內高層會下台"}, {"comment_author": "OomaybeoO", "comment_date": ["04/19", "12:32"], "comment_content": "都不回話比較可怕 代表不是吞下去就要"}, {"comment_author": "OomaybeoO", "comment_date": ["04/19", "12:32"], "comment_content": "來大的了"}, {"comment_author": "jeter17", "comment_date": ["04/19", "12:33"], "comment_content": "頭洗下去了,反擊會被爆頭不反擊被看沒有"}, {"comment_author": "andy79323", "comment_date": ["04/19", "12:35"], "comment_content": "極權統治一定還手啊"}, {"comment_author": "johnko64665", "comment_date": ["04/19", "13:02"], "comment_content": "俄國會叫伊朗資源留給軍援俄國"}]}
