{"author": "arkroyal (吼!)", "category": "Gossiping", "title": "[問卦] 有沒有統神上過鄭弘儀電台專訪的卦?", "date": "Sun Apr 14 22:51:20 2024", "content": ["20161201寶島全世界 專訪網路實況主 統神張嘉航那時候的統神上節目彬彬有禮，造型也沒有現在那麼又肥又狂。不知道當時的統神有沒有那麼恨綠共?--"], "post_comment": [{"comment_author": "haha98", "comment_date": ["04/14", "22:52"], "comment_content": "他本來就是民進黨的粉絲 跟他老婆一樣"}, {"comment_author": "lkkgotyy", "comment_date": ["04/14", "22:52"], "comment_content": "笑死 綠狗真噁"}, {"comment_author": "wilson3435", "comment_date": ["04/14", "22:52"], "comment_content": "2016他投蔡吧？"}, {"comment_author": "qwaszx012", "comment_date": ["04/14", "22:53"], "comment_content": "他以前lol的id不就是鬼話新聞紅蟻"}, {"comment_author": "Doub1eK", "comment_date": ["04/14", "22:53"], "comment_content": "2016 2020都投蔡"}, {"comment_author": "okok263659", "comment_date": ["04/14", "22:55"], "comment_content": "難怪是綠粉......"}, {"comment_author": "rwr", "comment_date": ["04/14", "22:55"], "comment_content": "所以是有脈絡的白皮綠豬喔"}, {"comment_author": "PeterHenson", "comment_date": ["04/14", "22:55"], "comment_content": "他上節目本來就那樣了"}, {"comment_author": "zxcvb71", "comment_date": ["04/14", "23:01"], "comment_content": "統神真是背骨仔故意參打混黃子佼的風波"}, {"comment_author": "zxcvb71", "comment_date": ["04/14", "23:02"], "comment_content": "，發球讓女權發揮"}, {"comment_author": "hkcdc", "comment_date": ["04/14", "23:02"], "comment_content": "他柯粉 當然投蔡"}, {"comment_author": "felixr0123", "comment_date": ["04/14", "23:05"], "comment_content": "柯出來演老二分票助賴皇登機 其他這些"}, {"comment_author": "felixr0123", "comment_date": ["04/14", "23:05"], "comment_content": "就請網紅們叫陣刺激情緒 不搞這樣分票"}, {"comment_author": "felixr0123", "comment_date": ["04/14", "23:05"], "comment_content": " 還不一定選得穩"}, {"comment_author": "Tokuseki", "comment_date": ["04/14", "23:07"], "comment_content": "笑死這一串是多少人想帶風向 統神遠從"}, {"comment_author": "Tokuseki", "comment_date": ["04/14", "23:07"], "comment_content": "太陽花都一直是藍的"}, {"comment_author": "wilson3435", "comment_date": ["04/14", "23:09"], "comment_content": "藍的也可以投蔡阿，你以為817沒淺藍"}, {"comment_author": "wilson3435", "comment_date": ["04/14", "23:09"], "comment_content": "？"}, {"comment_author": "wilson3435", "comment_date": ["04/14", "23:09"], "comment_content": "2016一堆年輕淺藍不滿朱立倫也是投蔡"}, {"comment_author": "doig", "comment_date": ["04/14", "23:10"], "comment_content": "很多人的起手式都說之前投蔡阿，也不能驗證"}, {"comment_author": "lakeisland", "comment_date": ["04/14", "23:10"], "comment_content": "他剛出道還是噴太陽花的，一堆雲觀眾"}, {"comment_author": "lakeisland", "comment_date": ["04/14", "23:12"], "comment_content": "他首投是2020年，說16年投蔡真的雲"}, {"comment_author": "milk7054", "comment_date": ["04/14", "23:14"], "comment_content": "跟風向館一樣啊，看錯風向被教訓而已"}, {"comment_author": "keroro39", "comment_date": ["04/14", "23:17"], "comment_content": "鬼話新聞紅蟻 一直都很椅很有緣耶"}, {"comment_author": "wilson3435", "comment_date": ["04/14", "23:18"], "comment_content": "我沒說他16投蔡喔，是問句"}, {"comment_author": "wilson3435", "comment_date": ["04/14", "23:19"], "comment_content": "解釋一下"}, {"comment_author": "kaodio", "comment_date": ["04/14", "23:20"], "comment_content": "他是藍的 但2次投EE啊 沒毛病"}, {"comment_author": "kaodio", "comment_date": ["04/14", "23:21"], "comment_content": "難道我深綠侯粉也要跟你說嗎CC"}, {"comment_author": "kaodio", "comment_date": ["04/14", "23:25"], "comment_content": ""}, {"comment_author": "franzos", "comment_date": ["04/14", "23:26"], "comment_content": "藍皮綠骨"}, {"comment_author": "giaour", "comment_date": ["04/14", "23:45"], "comment_content": ""}]}
