{"author": "xzcb2008 (可愛老娘變態貓貓=.=)", "category": "Gossiping", "title": "[問卦] =.= ETF可以退我錢嗎？幹您娘", "date": "Tue Apr 16 10:01:49 2024", "content": ["我阿肥啦買統一也不行買台灣價值也不行幹您娘台灣什麼破股市ETF肏賠錢了啦林北今天又要吃麵包邊了他媽的已經沒有存款了〓.〓龍給你了還這樣搞阿肥幹您娘幹您娘雞掰的破爛股市幹幹幹幹幹幹", "有沒有台灣股票坑殺窮人的八卦？肏--"], "post_comment": [{"comment_author": "VVizZ", "comment_date": ["04/16", "10:02"], "comment_content": "把APP刪掉明年再開"}, {"comment_author": "dan5120", "comment_date": ["04/16", "10:02"], "comment_content": "=="}, {"comment_author": "Dcwei", "comment_date": ["04/16", "10:02"], "comment_content": "你不要虧一點點就唉唉叫好不好"}, {"comment_author": "G8PIG", "comment_date": ["04/16", "10:02"], "comment_content": "攤平啊，下個少年股神就是你，快"}, {"comment_author": "ncc5566", "comment_date": ["04/16", "10:02"], "comment_content": "台股兩萬點 有人賠錢??"}, {"comment_author": "tontonplus", "comment_date": ["04/16", "10:03"], "comment_content": "會贏喔"}, {"comment_author": "pk90027", "comment_date": ["04/16", "10:03"], "comment_content": "我知道你還有錢"}, {"comment_author": "a71245969", "comment_date": ["04/16", "10:03"], "comment_content": "給你攤平機會"}, {"comment_author": "Airwaves318", "comment_date": ["04/16", "10:03"], "comment_content": "放著領股息啊"}, {"comment_author": "kevin28", "comment_date": ["04/16", "10:03"], "comment_content": "人多地方不要去"}, {"comment_author": "chiangww", "comment_date": ["04/16", "10:04"], "comment_content": "進場買了"}, {"comment_author": "felixden", "comment_date": ["04/16", "10:04"], "comment_content": "小胖你真的有買==？？"}, {"comment_author": "ss15669659", "comment_date": ["04/16", "10:04"], "comment_content": "才5%就哀哀叫=="}, {"comment_author": "tenlove", "comment_date": ["04/16", "10:04"], "comment_content": "那個錢記得補一下"}, {"comment_author": "Yahweh", "comment_date": ["04/16", "10:04"], "comment_content": "買中國同路A50啊 目前紅的"}, {"comment_author": "i386", "comment_date": ["04/16", "10:04"], "comment_content": "林北878成本17.5,跌太少了根本不能攤平 幹"}, {"comment_author": "lonysancho", "comment_date": ["04/16", "10:05"], "comment_content": "買這個不就是要領股息，管它漲跌幹嘛"}, {"comment_author": "lonysancho", "comment_date": ["04/16", "10:05"], "comment_content": "？"}, {"comment_author": "cogitation", "comment_date": ["04/16", "10:05"], "comment_content": "買高股息ETF盯股價 建議你停損"}, {"comment_author": "k385476916", "comment_date": ["04/16", "10:05"], "comment_content": "12樓大摳仔還敢叫別人小胖？"}, {"comment_author": "Insania", "comment_date": ["04/16", "10:06"], "comment_content": "沒事~麵包邊吃完還有麵包屑嘻嘻=,,,..,,"}, {"comment_author": "Insania", "comment_date": ["04/16", "10:06"], "comment_content": ",="}, {"comment_author": "chu", "comment_date": ["04/16", "10:06"], "comment_content": "改買正二了啦 靠台積狂噴"}, {"comment_author": "xzcb2008", "comment_date": ["04/16", "10:06"], "comment_content": "心情很差了 建議大家不要玩符號"}, {"comment_author": "xzcb2008", "comment_date": ["04/16", "10:07"], "comment_content": "☑=.= ☒== ☒= ="}, {"comment_author": "dan5120", "comment_date": ["04/16", "10:07"], "comment_content": "== 說不能玩符號就不能喔"}, {"comment_author": "pokemon", "comment_date": ["04/16", "10:07"], "comment_content": "我感覺你還有錢 別騙了"}, {"comment_author": "coffee112", "comment_date": ["04/16", "10:07"], "comment_content": "阿肥 前幾天有小賺一點點我就跑了 = =\""}, {"comment_author": "feijai", "comment_date": ["04/16", "10:08"], "comment_content": "我知道你還有錢"}, {"comment_author": "chrissssss", "comment_date": ["04/16", "10:08"], "comment_content": "菜雞 誰叫你ETF ALL IN 的"}, {"comment_author": "bruce511239", "comment_date": ["04/16", "10:08"], "comment_content": "40%都賺爛了 就你賠錢"}, {"comment_author": "coffee112", "comment_date": ["04/16", "10:08"], "comment_content": "因為我另一個套得有點深 先籌錢起來 唉"}, {"comment_author": "peterwu4", "comment_date": ["04/16", "10:09"], "comment_content": "能買到比十元貴的，也是人才XD"}, {"comment_author": "krit1009", "comment_date": ["04/16", "10:09"], "comment_content": "☒=.=  ☑== ☑= ="}, {"comment_author": "z2wen", "comment_date": ["04/16", "10:09"], "comment_content": "這不是領股息？你要賺價差？呵呵"}, {"comment_author": "kinghunter", "comment_date": ["04/16", "10:09"], "comment_content": "app刪掉，40年後再開"}, {"comment_author": "pansquarl", "comment_date": ["04/16", "10:10"], "comment_content": "虧一點就在叫，股票投資不適合你"}, {"comment_author": "Kenpi", "comment_date": ["04/16", "10:10"], "comment_content": "逢低攤平"}, {"comment_author": "felixden", "comment_date": ["04/16", "10:10"], "comment_content": "小胖=="}, {"comment_author": "stu25936", "comment_date": ["04/16", "10:11"], "comment_content": "攤平啊"}, {"comment_author": "panda816", "comment_date": ["04/16", "10:11"], "comment_content": "才賠這麼少..."}, {"comment_author": "survivalteru", "comment_date": ["04/16", "10:11"], "comment_content": "欸幹難怪昨天餐廳不用排隊"}, {"comment_author": "fjtc12", "comment_date": ["04/16", "10:12"], "comment_content": "賠太少了吧 我賠5萬多"}, {"comment_author": "belucky", "comment_date": ["04/16", "10:13"], "comment_content": "長期投資 穩定獲利啊  繼續投錢啊 窩知"}, {"comment_author": "belucky", "comment_date": ["04/16", "10:13"], "comment_content": "道尼還有錢錢"}, {"comment_author": "b9513227", "comment_date": ["04/16", "10:14"], "comment_content": "10.05 你比申購的還韭"}, {"comment_author": "EfiwymsiAros", "comment_date": ["04/16", "10:14"], "comment_content": "可憐哪"}, {"comment_author": "Hsu1025", "comment_date": ["04/16", "10:14"], "comment_content": "沒賺錢是你不努力"}, {"comment_author": "Firsss", "comment_date": ["04/16", "10:14"], "comment_content": "再追高啊"}, {"comment_author": "VVizZ", "comment_date": ["04/16", "10:16"], "comment_content": "正二這兩天跌爆"}, {"comment_author": "lingarden", "comment_date": ["04/16", "10:16"], "comment_content": "可憐哪"}, {"comment_author": "kiddcat", "comment_date": ["04/16", "10:16"], "comment_content": "問就是賣"}, {"comment_author": "skygray2", "comment_date": ["04/16", "10:17"], "comment_content": "我定期定額，一點壓力都沒有"}, {"comment_author": "dahIia", "comment_date": ["04/16", "10:17"], "comment_content": "你還有錢"}, {"comment_author": "trains", "comment_date": ["04/16", "10:17"], "comment_content": "改買50反一"}, {"comment_author": "LincolnBoy", "comment_date": ["04/16", "10:17"], "comment_content": "還以為多少錢…."}, {"comment_author": "tatata", "comment_date": ["04/16", "10:18"], "comment_content": "到底誰的問題"}, {"comment_author": "RLH", "comment_date": ["04/16", "10:19"], "comment_content": "賣掉就還你錢啦"}, {"comment_author": "porkonrice", "comment_date": ["04/16", "10:19"], "comment_content": "才2萬多…"}, {"comment_author": "bill403777", "comment_date": ["04/16", "10:19"], "comment_content": "你買940要手續費？？"}, {"comment_author": "lain2002", "comment_date": ["04/16", "10:20"], "comment_content": "國賠拉"}, {"comment_author": "humour", "comment_date": ["04/16", "10:20"], "comment_content": "噗"}, {"comment_author": "jaceda", "comment_date": ["04/16", "10:20"], "comment_content": "無限攤平,我知道你還有錢"}, {"comment_author": "gk1329", "comment_date": ["04/16", "10:21"], "comment_content": "賣掉不就退錢惹"}, {"comment_author": "LnBeIsFgDn", "comment_date": ["04/16", "10:22"], "comment_content": "ETF不是這樣買的 菜市場買菜膩"}, {"comment_author": "k987412365", "comment_date": ["04/16", "10:22"], "comment_content": "才多少錢而已 不要玻璃好嗎"}, {"comment_author": "WolfTeacher", "comment_date": ["04/16", "10:22"], "comment_content": ""}, {"comment_author": "TSMCfabXX", "comment_date": ["04/16", "10:22"], "comment_content": "伊朗人表示被我狙擊了 哈哈"}, {"comment_author": "huabandd", "comment_date": ["04/16", "10:23"], "comment_content": "還好吧也才多少"}, {"comment_author": "treasurekid", "comment_date": ["04/16", "10:23"], "comment_content": "賣掉就還你錢啦"}, {"comment_author": "bbs0840738", "comment_date": ["04/16", "10:24"], "comment_content": "買ETF不就是放著領股息的嗎"}, {"comment_author": "zephyr105", "comment_date": ["04/16", "10:25"], "comment_content": "兩萬點買高股息…"}, {"comment_author": "secret822", "comment_date": ["04/16", "10:29"], "comment_content": "可憐啊=="}, {"comment_author": "BJshow", "comment_date": ["04/16", "10:32"], "comment_content": "買這個盯盤幹嘛"}, {"comment_author": "dou0228", "comment_date": ["04/16", "10:38"], "comment_content": "爽啦，誰叫你只在乎符號"}, {"comment_author": "IamCyuan", "comment_date": ["04/16", "10:39"], "comment_content": "我知道你還有錢"}, {"comment_author": "bodielu", "comment_date": ["04/16", "10:39"], "comment_content": "阿肥終於有機會變阿瘦了"}, {"comment_author": "cvnn", "comment_date": ["04/16", "10:40"], "comment_content": "少年股神？"}, {"comment_author": "tim9527", "comment_date": ["04/16", "10:44"], "comment_content": "有 圖有拍拍"}, {"comment_author": "yu7038", "comment_date": ["04/16", "10:45"], "comment_content": "XDDDDDDD"}, {"comment_author": "elzohar", "comment_date": ["04/16", "10:56"], "comment_content": "才多少錢"}, {"comment_author": "jay0215", "comment_date": ["04/16", "10:59"], "comment_content": "投資ETF就是短期內勿看勿關心，刪除APP"}, {"comment_author": "jay0215", "comment_date": ["04/16", "11:00"], "comment_content": "等十年後甚至退休後再裝回來享受財富自由"}, {"comment_author": "fcz973", "comment_date": ["04/16", "11:02"], "comment_content": ""}, {"comment_author": "t95912", "comment_date": ["04/16", "11:04"], "comment_content": "放久了就會賺啦"}, {"comment_author": "asapfrdddd", "comment_date": ["04/16", "11:05"], "comment_content": "菜雞"}, {"comment_author": "asapfrdddd", "comment_date": ["04/16", "11:05"], "comment_content": "跟鼻屎一樣在那叫"}, {"comment_author": "asapfrdddd", "comment_date": ["04/16", "11:06"], "comment_content": "沒本事不要玩乖乖去打工"}, {"comment_author": "cms6384", "comment_date": ["04/16", "11:07"], "comment_content": "才這點小錢 放著領息啦"}, {"comment_author": "attackJ", "comment_date": ["04/16", "11:16"], "comment_content": "菜就多練"}, {"comment_author": "s51007john", "comment_date": ["04/16", "11:23"], "comment_content": "缺錢就賣吧！ 省著心煩"}, {"comment_author": "s9220140", "comment_date": ["04/16", "11:34"], "comment_content": "才2萬在那叫什麼"}, {"comment_author": "L1ON", "comment_date": ["04/16", "11:37"], "comment_content": "還好啦 再攤"}, {"comment_author": "zckater", "comment_date": ["04/16", "11:40"], "comment_content": "你是不是不知道甚麼叫ETF?"}, {"comment_author": "jerrylin", "comment_date": ["04/16", "11:57"], "comment_content": "不可以"}, {"comment_author": "mirror487", "comment_date": ["04/16", "11:57"], "comment_content": "我買一張9.54陪你XD"}, {"comment_author": "meloxxl", "comment_date": ["04/16", "11:59"], "comment_content": "靠北 不是破發 你怎麼有10塊以上的"}, {"comment_author": "UrFather", "comment_date": ["04/16", "12:27"], "comment_content": "可以信貸攤平=="}, {"comment_author": "UrFather", "comment_date": ["04/16", "12:27"], "comment_content": "10.05真神"}, {"comment_author": "pzztt", "comment_date": ["04/16", "12:48"], "comment_content": "加碼 別人恐懼我貪婪"}, {"comment_author": "IBI", "comment_date": ["04/16", "12:48"], "comment_content": "還以為有人偷我帳號"}, {"comment_author": "icexfox", "comment_date": ["04/16", "12:56"], "comment_content": "沒有台灣價值了"}, {"comment_author": "Kenneth10", "comment_date": ["04/16", "12:57"], "comment_content": "買940居然還要手續費 笑死"}, {"comment_author": "asmiocv", "comment_date": ["04/16", "13:31"], "comment_content": "我知道你還有錢"}, {"comment_author": "new8gi", "comment_date": ["04/16", "13:44"], "comment_content": ""}, {"comment_author": "new8gi", "comment_date": ["04/16", "13:45"], "comment_content": ""}, {"comment_author": "catherine213", "comment_date": ["04/16", "13:46"], "comment_content": "放二十年後再來看好嗎"}, {"comment_author": "U8", "comment_date": ["04/16", "14:27"], "comment_content": "你好有錢喔"}, {"comment_author": "abcrr123", "comment_date": ["04/16", "18:07"], "comment_content": "才買47張"}, {"comment_author": "penny1119", "comment_date": ["04/16", "18:52"], "comment_content": ":"}]}
