{"author": "talon0222 (talon)", "category": "Gossiping", "title": "[問卦] 怎麼樣的審美標準會讓SJW不喜歡", "date": "Mon Apr 15 00:24:21 2024", "content": ["這陣子SJW討論最多的遊戲就是劍星了吧，畢竟法國IGN出來嘲諷說Shift up開發出來的是沒有看過女人的人性化人偶。雖然後續韓國IGN也有出來道歉拉，接著就是SweetBaby也加入這場戰爭，不過SweetBaby早就沒什麼在鳥了，馬斯克也說SweetBaby正在摧毀遊戲產業。不過家機的市場可能受到影響，但手遊市場好像就完全沒在管什麼政治正確。", "像是NIKKE也是一樣，只推出女角而且身材都很火辣，有黑肉也有白肉、有姐姐也有妹妹，任君挑選。", "最近在事前預約的鳴潮也是，各種有大有小，有黑絲也有玉足，滿足多方面人的胃口。", "而且鳴潮就是在主打探索世界時晃動感強烈。", "我們的狼師也是。除了這些遊戲以外還有玩哪一些遊戲可以氣死SJW的阿？-----Sent from JPTT on my iPhone--"], "post_comment": [{"comment_author": "darkbrigher", "comment_date": ["04/15", "00:26"], "comment_content": "聽說中國新遊戲要廢獸耳 自廢武功阿"}, {"comment_author": "nextpage", "comment_date": ["04/15", "00:27"], "comment_content": "直男喜歡的他們都不喜歡"}, {"comment_author": "junibookye", "comment_date": ["04/15", "00:27"], "comment_content": "哥吉拉打過金剛，昆蟲"}, {"comment_author": "junibookye", "comment_date": ["04/15", "00:28"], "comment_content": "蜥蜴人應該輸給昆蟲吧"}, {"comment_author": "christopherl", "comment_date": ["04/15", "00:33"], "comment_content": "奶太小，就說你是蘿莉控"}, {"comment_author": "kingmusk", "comment_date": ["04/15", "00:34"], "comment_content": "SJW又不會消費 管這麼多衝三小"}, {"comment_author": "trywish", "comment_date": ["04/15", "01:13"], "comment_content": "中國可以分國際板和國內呀，又不影響。"}, {"comment_author": "ivychan", "comment_date": ["04/15", "01:45"], "comment_content": "這種功能型或工具型角色？只要外表OK就好"}, {"comment_author": "Sally112285", "comment_date": ["04/15", "01:52"], "comment_content": "直男的審美觀真的不太一樣"}, {"comment_author": "adoneko", "comment_date": ["04/15", "02:38"], "comment_content": "日系畫風無敵吧 蘿莉御姐 穿多穿少 都有"}, {"comment_author": "adoneko", "comment_date": ["04/15", "02:38"], "comment_content": "人擁護 歐美一點的話 我覺得時裝 或是捏"}, {"comment_author": "adoneko", "comment_date": ["04/15", "02:38"], "comment_content": "臉身體要豐富？"}, {"comment_author": "ssd15c", "comment_date": ["04/15", "02:52"], "comment_content": "日系風無敵+1 類型越多可以選越好～"}, {"comment_author": "tim20082010", "comment_date": ["04/15", "04:23"], "comment_content": "畫風算是關鍵,日系頗吃香"}]}
