{"author": "kinve1014 (黑松可樂)", "category": "Gossiping", "title": "[問卦] 過期和牛有比較好聽的說法嗎？", "date": "Sun Apr 14 16:58:22 2024", "content": ["這麽貴的東西一定要有佩得上它的名詞過期和牛可以改什麼說法不是過期 是熟成？台灣價值和牛？還有嗎？--", "--"], "post_comment": [{"comment_author": "Roooz", "comment_date": ["04/14", "16:58"], "comment_content": "自然熟成"}, {"comment_author": "playla", "comment_date": ["04/14", "16:58"], "comment_content": "福牛"}, {"comment_author": "Oeagrus", "comment_date": ["04/14", "16:59"], "comment_content": "樓下都怎麼稱呼自己過鬆的屁眼"}, {"comment_author": "dklash", "comment_date": ["04/14", "16:59"], "comment_content": "在地化熟成風味"}, {"comment_author": "engineer1", "comment_date": ["04/14", "16:59"], "comment_content": "樓下都怎麼叫自己的肛肛門"}, {"comment_author": "Oeagrus", "comment_date": ["04/14", "17:00"], "comment_content": "engineer1"}, {"comment_author": "alex5566", "comment_date": ["04/14", "17:01"], "comment_content": "陳年和牛，越陳越香~"}, {"comment_author": "asgardgogo", "comment_date": ["04/14", "17:01"], "comment_content": "超熟成"}, {"comment_author": "vincent0412", "comment_date": ["04/14", "17:01"], "comment_content": "民主在地熟成"}, {"comment_author": "sua", "comment_date": ["04/14", "17:02"], "comment_content": "我這有一批便宜的和牛 要的話打這電話"}, {"comment_author": "fp737", "comment_date": ["04/14", "17:02"], "comment_content": "熟成嗎"}, {"comment_author": "gem810611", "comment_date": ["04/14", "17:03"], "comment_content": "冷凍熟成"}, {"comment_author": "b9513227", "comment_date": ["04/14", "17:05"], "comment_content": "熟成阿"}, {"comment_author": "b9513227", "comment_date": ["04/14", "17:06"], "comment_content": "國外一堆愛吃發霉火腿的"}, {"comment_author": "cukesdubie", "comment_date": ["04/14", "17:07"], "comment_content": "惜食和牛"}, {"comment_author": "gg553", "comment_date": ["04/14", "17:13"], "comment_content": "擺到忘記"}, {"comment_author": "med5566", "comment_date": ["04/14", "17:20"], "comment_content": "退回試營運"}, {"comment_author": "CKRO", "comment_date": ["04/14", "17:29"], "comment_content": "不是過期 是過熟"}, {"comment_author": "hantulee", "comment_date": ["04/14", "17:34"], "comment_content": ""}, {"comment_author": "whatyousay", "comment_date": ["04/14", "17:38"], "comment_content": "類熟成"}, {"comment_author": "egogeorge", "comment_date": ["04/14", "19:18"], "comment_content": "日本通算過期和牛"}]}
