{"author": "kinki999 (QQk 廢文被劣文中)", "category": "Gossiping", "title": "[問卦] 電動車是不是當成3C在消耗啊？", "date": "Thu Apr 18 10:03:12 2024", "content": ["乳蹄～以前買頭又大，還可以 「人死，車不壞」！現在買個電動車五年，換電池價錢都快比二手電動車一半的錢了。油車就像以前的電視壞了還可以修！電動車就像液晶電視壞了面板或主板都是整塊換的，可以買新雜牌的價錢手機也是一樣，二手手機，非大品牌沒人要，用出新一代價格更爛！現在買電動車，是不是就像買3C一樣，時間到了就丟了啊？--"], "post_comment": [{"comment_author": "darkbrigher", "comment_date": ["04/18", "10:03"], "comment_content": "本來就不環保3C 會信電動車環保的都"}, {"comment_author": "darkbrigher", "comment_date": ["04/18", "10:03"], "comment_content": "是盤子"}, {"comment_author": "VVizZ", "comment_date": ["04/18", "10:04"], "comment_content": "對"}, {"comment_author": "realmd", "comment_date": ["04/18", "10:04"], "comment_content": "不然咧 撐7-8年20萬就夠本了 而且最重要的"}, {"comment_author": "realmd", "comment_date": ["04/18", "10:04"], "comment_content": "電車沒幾年就換一代  你也想開功能更好的"}, {"comment_author": "PSptt", "comment_date": ["04/18", "10:04"], "comment_content": "電動車就應該十年內報廢 還賣這麼貴"}, {"comment_author": "leonhsu", "comment_date": ["04/18", "10:04"], "comment_content": "現在就做成消耗品這些人才會發財"}, {"comment_author": "cchh179", "comment_date": ["04/18", "10:05"], "comment_content": "所以現在先別買 技術還不成熟"}, {"comment_author": "lpbrother", "comment_date": ["04/18", "10:05"], "comment_content": "為啥外勞很少換電動腳踏車？"}, {"comment_author": "cchh179", "comment_date": ["04/18", "10:06"], "comment_content": "等出了固態電池版本 再來買"}, {"comment_author": "vm4m06", "comment_date": ["04/18", "10:06"], "comment_content": "是的，電動車跟手機一樣就是耗材，無法跟"}, {"comment_author": "vm4m06", "comment_date": ["04/18", "10:06"], "comment_content": "傳統油車拼保值的"}, {"comment_author": "vulu04u04", "comment_date": ["04/18", "10:06"], "comment_content": "電子產品本來就是很容易壞~"}, {"comment_author": "cchh179", "comment_date": ["04/18", "10:06"], "comment_content": "固態電池的壽命通常比鋰電池好"}, {"comment_author": "weed222", "comment_date": ["04/18", "10:07"], "comment_content": "電車換電池都貴成那樣，還有白癡塔綠班"}, {"comment_author": "weed222", "comment_date": ["04/18", "10:08"], "comment_content": "在推儲能電廠，難怪塔綠班發大財"}, {"comment_author": "realmd", "comment_date": ["04/18", "10:08"], "comment_content": "你換個心態 把省下的油錢抵保值就好了"}, {"comment_author": "cchh179", "comment_date": ["04/18", "10:08"], "comment_content": "能夠和加油速度差不多的只有固態電池"}, {"comment_author": "roywow", "comment_date": ["04/18", "10:08"], "comment_content": "買電車 真小丑"}, {"comment_author": "johnhmj", "comment_date": ["04/18", "10:09"], "comment_content": "現在才知道喔？"}, {"comment_author": "mnxzq", "comment_date": ["04/18", "10:09"], "comment_content": "不會找十年電池保固的車喔"}, {"comment_author": "DOOT", "comment_date": ["04/18", "10:09"], "comment_content": "假環保。"}, {"comment_author": "ShaNe1993", "comment_date": ["04/18", "10:21"], "comment_content": "油車現在也是模組維修了"}, {"comment_author": "ShaNe1993", "comment_date": ["04/18", "10:22"], "comment_content": "因為還是20年前什麼都沒有的車喔"}, {"comment_author": "s609747", "comment_date": ["04/18", "10:23"], "comment_content": "人的價值大於車"}, {"comment_author": "KittyColnago", "comment_date": ["04/18", "10:26"], "comment_content": "對，況且電怎麼來？用愛嗎"}, {"comment_author": "PhilHughes", "comment_date": ["04/18", "11:23"], "comment_content": "台灣特斯拉太貴"}, {"comment_author": "morgan13", "comment_date": ["04/18", "15:12"], "comment_content": "缺電缺到脫褲了，還在推電車，87民退黨"}]}
