{"author": "stu60001 (ㄤ)", "category": "Gossiping", "title": "[問卦] ======「德不配位，天怒人怨」======", "date": "Wed Apr 17 17:23:52 2024", "content": ["俗話說的好「德不配位，天怒人怨」這邊的天怒就是指剛剛的地震以及前一陣子的花蓮大地震一場災難就能看出誰德不配位誰在乎你誰不在乎你一目了然現在可好了內閣大亂鬥，搞到大家都不滿也震撼了老天爺是否代表「德不配位」？有沒有「德不配位，天怒人怨」的八卦？--"], "post_comment": [{"comment_author": "fireheart988", "comment_date": ["04/17", "17:24"], "comment_content": "讚 留言 分享"}, {"comment_author": "saber0408", "comment_date": ["04/17", "17:24"], "comment_content": "是啦哪次不是"}, {"comment_author": "meta41110", "comment_date": ["04/17", "17:24"], "comment_content": "凸( ﾟдﾟ)凸4"}, {"comment_author": "coollfd", "comment_date": ["04/17", "17:24"], "comment_content": "民進黨接下來四年炒房不遺餘力"}, {"comment_author": "wilson3435", "comment_date": ["04/17", "17:24"], "comment_content": "德不配"}, {"comment_author": "abc22826320", "comment_date": ["04/17", "17:24"], "comment_content": "你那邊光緒年間？"}, {"comment_author": "Murloc", "comment_date": ["04/17", "17:25"], "comment_content": "啥鬼"}, {"comment_author": "lemon7242", "comment_date": ["04/17", "17:25"], "comment_content": "啊軍公教有錢炒房囉 恭喜"}, {"comment_author": "shauima", "comment_date": ["04/17", "17:25"], "comment_content": "所以每天要找人肅清、洗滌"}, {"comment_author": "wcpsgb", "comment_date": ["04/17", "17:26"], "comment_content": "要不要人獻祭?"}, {"comment_author": "XDDXDD", "comment_date": ["04/17", "17:27"], "comment_content": "XDD"}, {"comment_author": "apeople", "comment_date": ["04/17", "17:27"], "comment_content": " "}, {"comment_author": "arext", "comment_date": ["04/17", "17:28"], "comment_content": "所以習主席要下台?"}, {"comment_author": "keane9112", "comment_date": ["04/17", "17:30"], "comment_content": "花蓮誰當家啊?"}, {"comment_author": "MartinJu", "comment_date": ["04/17", "17:32"], "comment_content": "懷疑你在偷臭中國維尼，但我沒證據"}, {"comment_author": "wilson3435", "comment_date": ["04/17", "17:33"], "comment_content": "清德宗光緒，沒錯"}, {"comment_author": "kevin190", "comment_date": ["04/17", "17:36"], "comment_content": "請問是誰？被媽祖避開的傅崐萁夫婦？"}, {"comment_author": "paulleeMO", "comment_date": ["04/17", "17:41"], "comment_content": "柯韓粉還在搞這種論述喔…."}, {"comment_author": "dbjdx", "comment_date": ["04/17", "17:43"], "comment_content": "賴清德不配坐大位？？？"}, {"comment_author": "furture84", "comment_date": ["04/17", "17:48"], "comment_content": "上次報這種新聞的電視台已經被撤照了"}, {"comment_author": "jack529", "comment_date": ["04/17", "18:19"], "comment_content": "藍白鬼扯"}, {"comment_author": "hw1", "comment_date": ["04/17", "18:27"], "comment_content": "誰不配了 人家有40% 你幾% 懶%嗎"}, {"comment_author": "egogeorge", "comment_date": ["04/17", "18:38"], "comment_content": "馬桶有史以來最糟"}]}
