{"author": "joy830 (joy)", "category": "Gossiping", "title": "[問卦] 說房價高，為什麼不去屏東買房", "date": "Thu Apr 18 17:54:53 2024", "content": ["我韓粉我就當你在台北市工作台北市一間房4000萬買不起好，我讓你去屏東買，透天一棟一千萬你每天不就搭高鐵上班就好，一小時就到台北國外通勤兩小時都算OK怎麼台灣就不行-----Sent from JPTT on my Vivo V2246.--"], "post_comment": [{"comment_author": "jacknavarra", "comment_date": ["04/18", "17:55"], "comment_content": "我就有朋友跑去鄉下買房 台北租房"}, {"comment_author": "sammy98", "comment_date": ["04/18", "17:55"], "comment_content": "早就在屏東買了好幾棟了"}, {"comment_author": "lagi5487", "comment_date": ["04/18", "17:55"], "comment_content": "工啊小"}, {"comment_author": "lesnaree2", "comment_date": ["04/18", "17:56"], "comment_content": "屏東沒有高鐵"}, {"comment_author": "MrSherlock", "comment_date": ["04/18", "17:56"], "comment_content": "屏東高鐵蓋起來，透天絕對超過兩千"}, {"comment_author": "vancepeng", "comment_date": ["04/18", "17:56"], "comment_content": "怎麼不去花蓮縣卓溪鄉買房呢"}, {"comment_author": "kinki999", "comment_date": ["04/18", "17:56"], "comment_content": "新建案一千萬買得嗎？"}, {"comment_author": "diablojonn", "comment_date": ["04/18", "17:56"], "comment_content": "看你認定時間的價值"}, {"comment_author": "R3hab", "comment_date": ["04/18", "17:56"], "comment_content": ""}, {"comment_author": "PtT0615s", "comment_date": ["04/18", "17:56"], "comment_content": "公司薪水夠高才能這樣跑 不過夠高也不用"}, {"comment_author": "jjelm", "comment_date": ["04/18", "17:56"], "comment_content": "屁啦一個小時"}, {"comment_author": "PtT0615s", "comment_date": ["04/18", "17:57"], "comment_content": "買在那了 所以你的推理不成立"}, {"comment_author": "R3hab", "comment_date": ["04/18", "17:57"], "comment_content": ""}, {"comment_author": "wcpsgb", "comment_date": ["04/18", "17:58"], "comment_content": "通勤每天花兩千?"}, {"comment_author": "rogergon", "comment_date": ["04/18", "17:58"], "comment_content": "去那邊務農或者從事養殖業嗎？"}, {"comment_author": "rogergon", "comment_date": ["04/18", "17:59"], "comment_content": "屏東上台北沒高鐵得先到左營轉車"}, {"comment_author": "rogergon", "comment_date": ["04/18", "18:00"], "comment_content": "一小時最多看能不能到台中"}, {"comment_author": "hosen", "comment_date": ["04/18", "18:04"], "comment_content": "新竹半小時就到了，還需跑到屏東"}, {"comment_author": "hosen", "comment_date": ["04/18", "18:05"], "comment_content": ""}, {"comment_author": "nyitalumnus", "comment_date": ["04/18", "18:06"], "comment_content": "透天1棟1千萬？你確定？"}, {"comment_author": "ffaatt", "comment_date": ["04/18", "18:08"], "comment_content": "每天搭高鐵不用錢"}, {"comment_author": "EEzionT", "comment_date": ["04/18", "18:14"], "comment_content": "屏東透天2000了幹你的綠色母狗"}, {"comment_author": "GLNB2RJ8", "comment_date": ["04/18", "18:52"], "comment_content": "屏東的透天 三年前800萬   現在一樣的漲"}, {"comment_author": "GLNB2RJ8", "comment_date": ["04/18", "18:53"], "comment_content": "到兩千以上"}, {"comment_author": "R3hab", "comment_date": ["04/18", "19:04"], "comment_content": ""}, {"comment_author": "eatyou", "comment_date": ["04/18", "19:04"], "comment_content": "笑死 現在也漲到屏東買不起了"}, {"comment_author": "lecod", "comment_date": ["04/19", "02:07"], "comment_content": "這篇屏東房價不知道就算了，竟連高鐵也不知"}]}
