{"author": "gerychen (邪惡肥宅)", "category": "Gossiping", "title": "[問卦] 殺父母是不是該除罪化？", "date": "Sat Apr 13 11:10:23 2024", "content": ["餓死抬頭如果一個小孩不管什麼緣故把父母殺了也只能當作是父母自己造的業不應該再用法律去制裁吧？畢竟源頭就是父母啊沒學好 走偏 怎樣的最終都可以追溯到原生家庭的教育所以殺父母是不是該除罪化了？有卦？--", "現在不是只有交通違規微罪不舉？？", "不就很簡單的自作孽自作自受嗎？這概念也已經流傳千年了吧"], "post_comment": [{"comment_author": "ianlin1216", "comment_date": ["04/13", "11:11"], "comment_content": "殺害直系還分尊卑親屬真的噁爛"}, {"comment_author": "deepdish", "comment_date": ["04/13", "11:11"], "comment_content": "打電話問立委阿 笑你不敢打zzzzzzzz"}, {"comment_author": "ghostl40809", "comment_date": ["04/13", "11:12"], "comment_content": "???"}, {"comment_author": "heavensun", "comment_date": ["04/13", "11:12"], "comment_content": "黑武士挖洗你阿爸"}, {"comment_author": "brucielu95", "comment_date": ["04/13", "11:12"], "comment_content": "咦？現在不是實質除罪化了嗎？"}, {"comment_author": "Alaba", "comment_date": ["04/13", "11:13"], "comment_content": "叛經離道禮崩樂壞，跟柯粉言行八成像"}, {"comment_author": "heavensun", "comment_date": ["04/13", "11:13"], "comment_content": "天行者 路克 用光劍砍老爸   除罪"}, {"comment_author": "william826", "comment_date": ["04/13", "11:13"], "comment_content": "真的 有些垃圾老人 年輕沒責任感 老"}, {"comment_author": "william826", "comment_date": ["04/13", "11:13"], "comment_content": "了啃後代 幹你娘"}, {"comment_author": "william826", "comment_date": ["04/13", "11:14"], "comment_content": "當年高中真的差點砍死我爸"}, {"comment_author": "Lailungsheng", "comment_date": ["04/13", "11:14"], "comment_content": "統神重罪化，其他除罪化"}, {"comment_author": "ddg1802", "comment_date": ["04/13", "11:20"], "comment_content": "殺完還可以繼承家產？草別鬧了啦！"}, {"comment_author": "gx8759121", "comment_date": ["04/13", "11:25"], "comment_content": "殺廢文肥宅才該除罪化吧，嘻嘻"}, {"comment_author": "raku", "comment_date": ["04/13", "11:26"], "comment_content": "楢山節考："}, {"comment_author": "e1q3z9c7", "comment_date": ["04/13", "11:27"], "comment_content": "所有發生在自己身上的事都是自己的責任"}, {"comment_author": "basicnet", "comment_date": ["04/13", "11:31"], "comment_content": "還是可以制裁啊 都一起地下團圓"}, {"comment_author": "lawfer", "comment_date": ["04/13", "11:37"], "comment_content": "典型的台男，怪天怪地不怪自己"}]}
