{"author": "engineer1 (爺呼弟)", "category": "Gossiping", "title": "[問卦] 一定要邊吃香腸邊講話嗎？", "date": "Tue Apr 16 07:53:15 2024", "content": ["那個啦剛剛早上室友點了一個熱狗堡只見他張開大嘴把熱狗堡一寸寸的塞到嘴巴裡但接著喔他就開始講起話來但我根本聽不清楚我直接把整隻熱狗塞到他嘴巴讓他閉嘴請問大家會邊吃熱狗邊講話嗎？----Sent from", "--"], "post_comment": [{"comment_author": "preisner", "comment_date": ["04/16", "07:53"], "comment_content": "你明明是把你的屌塞他嘴裡"}, {"comment_author": "gem810611", "comment_date": ["04/16", "07:56"], "comment_content": "好色喔"}, {"comment_author": "hamuguava", "comment_date": ["04/16", "07:58"], "comment_content": "好大好厲害好吃"}, {"comment_author": "belucky", "comment_date": ["04/16", "08:00"], "comment_content": "哦哦哦哦哦  有夠棒 一次塞進去一根大熱"}, {"comment_author": "belucky", "comment_date": ["04/16", "08:00"], "comment_content": "狗"}]}
