{"author": "noah5566 (noah5566)", "category": "Gossiping", "title": "[問卦] 金州勇士今年奪冠機率多高？買運彩", "date": "Wed Apr 17 13:18:11 2024", "content": ["如題大家好小弟看球不到幾年 還是個菜雞今年看賠率 想要買金州勇士奪冠應該會爆賺一波吧想請大家分析 該不該趁現在買勇士隊奪冠呢今年奪冠還是得看k湯的手感 跟Goat咖哩的表現吧--"], "post_comment": [{"comment_author": "diefishfish", "comment_date": ["04/17", "13:18"], "comment_content": "XD"}, {"comment_author": "krajicek", "comment_date": ["04/17", "13:18"], "comment_content": "0"}, {"comment_author": "bomb1000", "comment_date": ["04/17", "13:18"], "comment_content": "蝦仁豬心"}, {"comment_author": "DiMammaMia", "comment_date": ["04/17", "13:19"], "comment_content": "2024-25？"}, {"comment_author": "bairn", "comment_date": ["04/17", "13:19"], "comment_content": "爛，比完才敢發文"}, {"comment_author": "sexygnome", "comment_date": ["04/17", "13:19"], "comment_content": "比101還高，還不快歐印"}, {"comment_author": "nt880245", "comment_date": ["04/17", "13:19"], "comment_content": "夢理"}, {"comment_author": "JHENGKUNLIN", "comment_date": ["04/17", "13:23"], "comment_content": "zero"}, {"comment_author": "jim543000", "comment_date": ["04/17", "13:24"], "comment_content": "勇士73勝 想必會奪冠 all in"}, {"comment_author": "Neo0215", "comment_date": ["04/17", "13:26"], "comment_content": "早兩年買你已經退休了"}, {"comment_author": "hiroshima", "comment_date": ["04/17", "13:29"], "comment_content": "當然100% 史上最大團吔 沒奪冦不就證明"}, {"comment_author": "hiroshima", "comment_date": ["04/17", "13:29"], "comment_content": "之前都靠傷人和KD奪冦的 請安心all in"}, {"comment_author": "raku", "comment_date": ["04/17", "16:06"], "comment_content": "好了啦 快去all in湖人總冠軍 不過應該第一"}, {"comment_author": "raku", "comment_date": ["04/17", "16:06"], "comment_content": "輪就買單了"}]}
