{"author": "a91153456 (追逐太陽的阿呆)", "category": "Gossiping", "title": "[問卦]（影）所以大甲副董到底是推人還是打人？", "date": "Mon Apr 15 18:29:22 2024", "content": ["有媒體今天報導 大甲副董事長被控訴毆人且對方已經對副董提告但有另一派說法 說鄭副董只是要把對方推離開而已目前已經變成各說各話了然後我就去看了當時現場民眾拍的影片之一（影片）", "不能確定轎子前的人是不是副董但可以看到 他連續“推”了對方大約四次所以大甲副董 到底是推人還是打人？--"], "post_comment": [{"comment_author": "heyd", "comment_date": ["04/15", "18:30"], "comment_content": "重要ㄇ"}, {"comment_author": "bairn", "comment_date": ["04/15", "18:31"], "comment_content": "問就是肛"}, {"comment_author": "comparable", "comment_date": ["04/15", "18:32"], "comment_content": "媽祖代理人，推人還好吧"}, {"comment_author": "lgates", "comment_date": ["04/15", "18:32"], "comment_content": "媽祖授權 沒4er"}, {"comment_author": "wubai1119", "comment_date": ["04/15", "18:32"], "comment_content": "在神明面前動手，到底有多氣"}, {"comment_author": "willism", "comment_date": ["04/15", "18:33"], "comment_content": "奇犽：我只是推門而已"}, {"comment_author": "johnson2726", "comment_date": ["04/15", "18:45"], "comment_content": "粉紅衣服那好像是秩序組 也是亂源= ="}, {"comment_author": "Godhas56", "comment_date": ["04/15", "21:25"], "comment_content": "笑死揮那麼多拳對方都不動"}]}
