{"author": "Wardyal (本季霸權　蔚藍檔案)", "category": "Gossiping", "title": "[問卦] 現實中真的有女孩子穿這樣嗎?", "date": "Sat Apr 13 20:18:55 2024", "content": ["如題 剛剛看動畫有一個魔族妹子的這套衣服", "幹 真的好可愛好色完全打到我的點想問一下 現實中有女孩子 穿這種衣服嗎　　我　　很　　好　　奇--", "--"], "post_comment": [{"comment_author": "k385476916", "comment_date": ["04/13", "20:19"], "comment_content": "一樓穿給你看"}, {"comment_author": "railman", "comment_date": ["04/13", "20:19"], "comment_content": "有  夢裡"}, {"comment_author": "johnhmj", "comment_date": ["04/13", "20:19"], "comment_content": "讚留言分享"}, {"comment_author": "johnwu", "comment_date": ["04/13", "20:19"], "comment_content": "哪部"}, {"comment_author": "simpleduck", "comment_date": ["04/13", "20:19"], "comment_content": "會win喔"}, {"comment_author": "key555102", "comment_date": ["04/13", "20:19"], "comment_content": "一樓大好人"}, {"comment_author": "tamama000", "comment_date": ["04/13", "20:19"], "comment_content": "OF裡面或許有"}, {"comment_author": "Takhisis", "comment_date": ["04/13", "20:20"], "comment_content": "男的摔角選手有"}, {"comment_author": "kent", "comment_date": ["04/13", "20:20"], "comment_content": "等一下惡魔157會回你這篇"}, {"comment_author": "uohZemllac", "comment_date": ["04/13", "20:20"], "comment_content": "一樓圖？"}, {"comment_author": "ch333", "comment_date": ["04/13", "20:20"], "comment_content": "一樓只有穿嗎"}, {"comment_author": "kino056", "comment_date": ["04/13", "20:20"], "comment_content": "iwin 警報"}, {"comment_author": "iam0718", "comment_date": ["04/13", "20:20"], "comment_content": "去看catwalk 一堆比這少"}, {"comment_author": "rwr", "comment_date": ["04/13", "20:20"], "comment_content": "多出門看看阿 動漫展一大堆"}, {"comment_author": "rwr", "comment_date": ["04/13", "20:21"], "comment_content": "還看過剃乾乾淨淨只貼OK崩的"}, {"comment_author": "Himiko9975", "comment_date": ["04/13", "20:22"], "comment_content": "我女朋友"}, {"comment_author": "jma306", "comment_date": ["04/13", "20:22"], "comment_content": " "}, {"comment_author": "sali921", "comment_date": ["04/13", "20:22"], "comment_content": "安心亞穿C字褲該當如何?"}, {"comment_author": "jma306", "comment_date": ["04/13", "20:22"], "comment_content": " "}, {"comment_author": "dreamdds", "comment_date": ["04/13", "20:24"], "comment_content": "在動漫裡面找真實？"}, {"comment_author": "ATand", "comment_date": ["04/13", "20:24"], "comment_content": "少見多怪，去一些特別的聚會就會看到了"}, {"comment_author": "riker729", "comment_date": ["04/13", "20:25"], "comment_content": "最近國際時裝秀不就全裸貼膠帶?"}, {"comment_author": "skn60694", "comment_date": ["04/13", "20:25"], "comment_content": "不就蕭淑慎"}, {"comment_author": "PChone", "comment_date": ["04/13", "20:25"], "comment_content": "請與一樓聯繫"}, {"comment_author": "jma306", "comment_date": ["04/13", "20:26"], "comment_content": ""}, {"comment_author": "jma306", "comment_date": ["04/13", "20:26"], "comment_content": "  "}, {"comment_author": "anly888", "comment_date": ["04/13", "20:27"], "comment_content": "脫光都不是問題，穿怎樣更不是問題"}, {"comment_author": "dcjamesw", "comment_date": ["04/13", "20:34"], "comment_content": "一定有的啦   但小心有根東西會彈出來"}, {"comment_author": "badbadook", "comment_date": ["04/13", "21:36"], "comment_content": ""}]}
