{"author": "bttnec (123)", "category": "Gossiping", "title": "[問卦] 有人沒在用賴的嗎？", "date": "Fri Apr 12 21:33:01 2024", "content": ["我去搭訕一個妹子跟她要賴沒想到她說她沒在用賴我伸手去開她包包 想檢查她的手機她往後縮一下 不讓我打開檢查請問現在還有人沒在用賴的嗎？--", "不然？"], "post_comment": [{"comment_author": "ianlin1216", "comment_date": ["04/12", "21:33"], "comment_content": "垃圾賴"}, {"comment_author": "amilkamilk", "comment_date": ["04/12", "21:33"], "comment_content": "有啊，我朋友她都用腦波溝通"}, {"comment_author": "whitenoise", "comment_date": ["04/12", "21:33"], "comment_content": "警察杯杯就是他！"}, {"comment_author": "HayamaAkito", "comment_date": ["04/12", "21:33"], "comment_content": "年輕人"}, {"comment_author": "linda17a3", "comment_date": ["04/12", "21:33"], "comment_content": "性賴台灣"}, {"comment_author": "ah937609", "comment_date": ["04/12", "21:34"], "comment_content": "2024還有人用賴？"}, {"comment_author": "HayamaAkito", "comment_date": ["04/12", "21:34"], "comment_content": "賴是阿北阿姨在用的"}, {"comment_author": "glacialfire", "comment_date": ["04/12", "21:35"], "comment_content": "就算警察也不會伸手開包包好嗎"}, {"comment_author": "ahw12000", "comment_date": ["04/12", "21:35"], "comment_content": "耶 你比鯊魚女友還唬洨耶"}, {"comment_author": "howdo1793", "comment_date": ["04/12", "21:35"], "comment_content": "憑什麼檢查?"}, {"comment_author": "k385476916", "comment_date": ["04/12", "21:35"], "comment_content": "我啊"}, {"comment_author": "deepdish", "comment_date": ["04/12", "21:36"], "comment_content": ""}, {"comment_author": "Sk8erBoi", "comment_date": ["04/12", "21:36"], "comment_content": "幹他沒有賞你一巴掌就不錯了"}, {"comment_author": "belucky", "comment_date": ["04/12", "21:39"], "comment_content": "警察叔叔就肆他"}]}
