{"author": "iamjimhaha (磨刀霍霍向肥羊)", "category": "Gossiping", "title": "[問卦] 當年希特勒怎麼沒殺光以色列人", "date": "Fri Apr 19 10:47:43 2024", "content": ["當年希特勒殘殺猶太人以前聽過覺得希怎麼那麼壞現在只覺得怎麼沒有把他們殺到滅族太可惜了根本一群垃圾啊-----Sent from MeowPtt on my 2109119DG--"], "post_comment": [{"comment_author": "s820912gmail", "comment_date": ["04/19", "10:48"], "comment_content": "一堆在國外…"}, {"comment_author": "highyes", "comment_date": ["04/19", "10:48"], "comment_content": "猶太人"}, {"comment_author": "dakkk", "comment_date": ["04/19", "10:48"], "comment_content": "真的是世界的垃圾"}, {"comment_author": "ianlin1216", "comment_date": ["04/19", "10:48"], "comment_content": "線上猶戲"}, {"comment_author": "chimouse", "comment_date": ["04/19", "10:49"], "comment_content": "希特勒是先知 只是過於殘暴"}, {"comment_author": "Bugquan", "comment_date": ["04/19", "10:49"], "comment_content": "希特勒也殺黃種人的"}, {"comment_author": "brother001", "comment_date": ["04/19", "10:49"], "comment_content": "猶點顏色"}, {"comment_author": "dave070715", "comment_date": ["04/19", "10:49"], "comment_content": "對啊～就跟日本人沒有把中國人殺光一"}, {"comment_author": "PADvsToS", "comment_date": ["04/19", "10:49"], "comment_content": "這篇在國外猶點危險"}, {"comment_author": "dave070715", "comment_date": ["04/19", "10:49"], "comment_content": "樣的意思對吧～真可惜"}, {"comment_author": "steven56138", "comment_date": ["04/19", "10:49"], "comment_content": "日本也該把中國人殺光"}, {"comment_author": "opm", "comment_date": ["04/19", "10:50"], "comment_content": "沒能力，猶太人散佈全球。"}, {"comment_author": "www115ui8", "comment_date": ["04/19", "10:50"], "comment_content": "因為希特勒殺更多其他類型的人"}, {"comment_author": "Bugquan", "comment_date": ["04/19", "10:50"], "comment_content": "黃種人支持希特勒，真的是太幽默了，因"}, {"comment_author": "Bugquan", "comment_date": ["04/19", "10:50"], "comment_content": "為人家不殺你是吧"}, {"comment_author": "lesnaree2", "comment_date": ["04/19", "10:51"], "comment_content": ""}, {"comment_author": "flyshine", "comment_date": ["04/19", "10:51"], "comment_content": "推文小心"}, {"comment_author": "www115ui8", "comment_date": ["04/19", "10:51"], "comment_content": "包含猶太人 共產黨 反對派 甚至是身心"}, {"comment_author": "opm", "comment_date": ["04/19", "10:51"], "comment_content": "日本人試過三光政策了，沒那本事。"}, {"comment_author": "www115ui8", "comment_date": ["04/19", "10:51"], "comment_content": "障礙都是目標"}, {"comment_author": "nekoares", "comment_date": ["04/19", "10:51"], "comment_content": "這文章在德國應該可以抓起來了"}, {"comment_author": "Lailungsheng", "comment_date": ["04/19", "10:52"], "comment_content": "因為德國輸了啊"}, {"comment_author": "roywow", "comment_date": ["04/19", "10:53"], "comment_content": "最好其實是洗腦同化 因為根本不可能殺光"}, {"comment_author": "roywow", "comment_date": ["04/19", "10:53"], "comment_content": "看看日本人怎麼整治台灣 嘻嘻"}, {"comment_author": "fenway18", "comment_date": ["04/19", "10:53"], "comment_content": "八卦版連希特勒都挺得下去，難怪痛罵烏"}, {"comment_author": "fenway18", "comment_date": ["04/19", "10:54"], "comment_content": "克蘭支持普丁"}, {"comment_author": "arafinwe", "comment_date": ["04/19", "10:55"], "comment_content": "數量太多了"}, {"comment_author": "lesnaree2", "comment_date": ["04/19", "10:56"], "comment_content": "那可以罵普丁也罵以色列嗎"}, {"comment_author": "ice4564", "comment_date": ["04/19", "10:56"], "comment_content": "可憐"}, {"comment_author": "hihimen", "comment_date": ["04/19", "10:58"], "comment_content": "台灣現在這樣猶太人也有份啦還挺個屁"}, {"comment_author": "Asuna0930", "comment_date": ["04/19", "10:58"], "comment_content": "支持希特勒怎麼了嗎，以色列最近所作所"}, {"comment_author": "Asuna0930", "comment_date": ["04/19", "10:58"], "comment_content": "為就很垃圾啊不能罵？"}, {"comment_author": "Sarvmill", "comment_date": ["04/19", "10:59"], "comment_content": "沒辦法同時罵普丁跟以色列，因為腦細胞"}, {"comment_author": "Asuna0930", "comment_date": ["04/19", "10:59"], "comment_content": "仗著有美國撐腰為所欲為垃圾國家"}, {"comment_author": "Sarvmill", "comment_date": ["04/19", "10:59"], "comment_content": "未進化只會二分法的猴子會先抹你"}, {"comment_author": "Sarvmill", "comment_date": ["04/19", "11:00"], "comment_content": "而且以色列其實跟俄羅斯關係沒很差..."}, {"comment_author": "saluy", "comment_date": ["04/19", "11:04"], "comment_content": "挺猶太人才是真智障，支持希特勒怎樣?"}, {"comment_author": "saluy", "comment_date": ["04/19", "11:04"], "comment_content": "不爽出來講啊! 量你不敢啦!"}, {"comment_author": "tgth", "comment_date": ["04/19", "11:05"], "comment_content": "德國惦惦笑 藝術生躺著也漲粉"}, {"comment_author": "MarchelKaton", "comment_date": ["04/19", "11:05"], "comment_content": "來了來了又拿子孫罵祖先了笑死"}, {"comment_author": "saluy", "comment_date": ["04/19", "11:06"], "comment_content": "猶太人也不只被希特勒搞，這都有原因的啦"}, {"comment_author": "bgklye", "comment_date": ["04/19", "11:06"], "comment_content": "是啊，殺光就好了"}, {"comment_author": "MarchelKaton", "comment_date": ["04/19", "11:06"], "comment_content": "誰叫希特勒就廢物一個"}, {"comment_author": "losage", "comment_date": ["04/19", "11:08"], "comment_content": "垃圾以色列"}, {"comment_author": "w45452515", "comment_date": ["04/19", "11:09"], "comment_content": "話說挺以色列的人知不知道前面30年以"}, {"comment_author": "w45452515", "comment_date": ["04/19", "11:09"], "comment_content": "色列一直給中國技術來對付台灣？"}, {"comment_author": "a210510", "comment_date": ["04/19", "11:09"], "comment_content": "以色列就是垃圾啦 難怪被希特勒殺了幾百"}, {"comment_author": "a210510", "comment_date": ["04/19", "11:09"], "comment_content": "萬人"}, {"comment_author": "handsomepig", "comment_date": ["04/19", "11:09"], "comment_content": "希特勒轉生成納坦亞胡啊XD 所做所為"}, {"comment_author": "handsomepig", "comment_date": ["04/19", "11:09"], "comment_content": "超像"}, {"comment_author": "saluy", "comment_date": ["04/19", "11:10"], "comment_content": "今天以色列主動發動戰爭"}, {"comment_author": "saluy", "comment_date": ["04/19", "11:10"], "comment_content": "自己去探究當年猶太人被敵視原因啦"}, {"comment_author": "gowet", "comment_date": ["04/19", "11:13"], "comment_content": "以歷史總攬，希特勒真的是先知，未來肯定被"}, {"comment_author": "MarchelKaton", "comment_date": ["04/19", "11:13"], "comment_content": "扯到中國的人是不是不知道伊朗中國"}, {"comment_author": "MarchelKaton", "comment_date": ["04/19", "11:13"], "comment_content": "關係很好？"}, {"comment_author": "gowet", "comment_date": ["04/19", "11:13"], "comment_content": "平反"}, {"comment_author": "MarchelKaton", "comment_date": ["04/19", "11:14"], "comment_content": "平反個頭，八卦都以為希特勒只殺猶"}, {"comment_author": "MarchelKaton", "comment_date": ["04/19", "11:14"], "comment_content": "太人喔？拜託多讀點歷史書好嗎？"}, {"comment_author": "gowet", "comment_date": ["04/19", "11:15"], "comment_content": "你最好立家訓，跟子孫說說喔"}, {"comment_author": "mankaro", "comment_date": ["04/19", "11:15"], "comment_content": "這議題猶討論的空間"}, {"comment_author": "MarchelKaton", "comment_date": ["04/19", "11:15"], "comment_content": "八卦親中仔這時候是不是要來喊大家"}, {"comment_author": "MarchelKaton", "comment_date": ["04/19", "11:15"], "comment_content": "都是伊朗人然後FB頭像掛伊朗國旗？"}, {"comment_author": "gowet", "comment_date": ["04/19", "11:16"], "comment_content": "又在意識形態了，撇開伊朗，你把迦薩當畜牲"}, {"comment_author": "gowet", "comment_date": ["04/19", "11:16"], "comment_content": "圈起來養多久了? 希特勒當年都沒這麼狠"}, {"comment_author": "MarchelKaton", "comment_date": ["04/19", "11:17"], "comment_content": "自己分不清當初希特勒幹一堆壞事還"}, {"comment_author": "MarchelKaton", "comment_date": ["04/19", "11:17"], "comment_content": "說人家是先知，好哦www"}, {"comment_author": "Andosinjo", "comment_date": ["04/19", "11:17"], "comment_content": "說日本殺光中國人的，要不要看一下張"}, {"comment_author": "Andosinjo", "comment_date": ["04/19", "11:17"], "comment_content": "忠謀去美國前的經歷？殺光中國人，你"}, {"comment_author": "Andosinjo", "comment_date": ["04/19", "11:17"], "comment_content": "他媽的就一輩子種田吧！"}, {"comment_author": "scores", "comment_date": ["04/19", "11:17"], "comment_content": "希特勒當初就發現猶太人透過經濟可能控制"}, {"comment_author": "scores", "comment_date": ["04/19", "11:18"], "comment_content": "德國，結果美國真的"}, {"comment_author": "needeng", "comment_date": ["04/19", "11:18"], "comment_content": "米國太GY 以色列就米國養出來的 助紂為虐"}, {"comment_author": "stilu", "comment_date": ["04/19", "11:18"], "comment_content": "照你這說法，日本也該殺中國人"}, {"comment_author": "gowet", "comment_date": ["04/19", "11:19"], "comment_content": "你也反駁不了以色列就在幹當年希特勒的事"}, {"comment_author": "gowet", "comment_date": ["04/19", "11:19"], "comment_content": "既然都要死人，當年解決完，今天加薩人就"}, {"comment_author": "gowet", "comment_date": ["04/19", "11:19"], "comment_content": "不會死了，這加減法很簡單啊"}, {"comment_author": "MarchelKaton", "comment_date": ["04/19", "11:21"], "comment_content": "先去搞懂希特勒當年幹什麼壞事你再"}, {"comment_author": "MarchelKaton", "comment_date": ["04/19", "11:21"], "comment_content": "來談吧？呵呵"}, {"comment_author": "MarchelKaton", "comment_date": ["04/19", "11:21"], "comment_content": "以色列國內一堆阿拉伯裔存在都當看"}, {"comment_author": "MarchelKaton", "comment_date": ["04/19", "11:21"], "comment_content": "不見？"}, {"comment_author": "wahaha711233", "comment_date": ["04/19", "11:21"], "comment_content": "跟中國一樣能被一堆人討厭不是沒原"}, {"comment_author": "MarchelKaton", "comment_date": ["04/19", "11:21"], "comment_content": "平常不管加薩死活，現在突然人人加"}, {"comment_author": "wahaha711233", "comment_date": ["04/19", "11:21"], "comment_content": "因的"}, {"comment_author": "MarchelKaton", "comment_date": ["04/19", "11:21"], "comment_content": "薩人www"}, {"comment_author": "gowet", "comment_date": ["04/19", "11:23"], "comment_content": "嗯啊，所以你也承認迦薩很慘對吧?"}, {"comment_author": "gowet", "comment_date": ["04/19", "11:23"], "comment_content": "所以我說，總和來看(笑)"}, {"comment_author": "gowet", "comment_date": ["04/19", "11:23"], "comment_content": "不要講那種自己都護航不下去的鬼話"}, {"comment_author": "MarchelKaton", "comment_date": ["04/19", "11:23"], "comment_content": "你要幫加薩人講話我沒意見，不用扯"}, {"comment_author": "MarchelKaton", "comment_date": ["04/19", "11:24"], "comment_content": "到什麼希特勒怎樣，那根本兩回事"}, {"comment_author": "MarchelKaton", "comment_date": ["04/19", "11:26"], "comment_content": "希特勒打仗也殺了一堆波蘭人俄國人"}, {"comment_author": "MarchelKaton", "comment_date": ["04/19", "11:26"], "comment_content": "，這也算先知的行為嗎？怎麼不敢講"}, {"comment_author": "MarchelKaton", "comment_date": ["04/19", "11:26"], "comment_content": "話？"}, {"comment_author": "gowet", "comment_date": ["04/19", "11:27"], "comment_content": "那就太擴大解釋了，哪個打仗不死人? 美國南"}, {"comment_author": "machiusheng", "comment_date": ["04/19", "11:27"], "comment_content": "希特勒：猴子自相殘殺 不用白人動手"}, {"comment_author": "gowet", "comment_date": ["04/19", "11:27"], "comment_content": "北戰爭，美國總統也殺不少美國人是吧?"}, {"comment_author": "yoyodio", "comment_date": ["04/19", "11:27"], "comment_content": "我現在覺得希老闆其實是穿越人"}, {"comment_author": "MarchelKaton", "comment_date": ["04/19", "11:27"], "comment_content": "奇怪了，怎麼幫加薩講話的人就一定"}, {"comment_author": "MarchelKaton", "comment_date": ["04/19", "11:27"], "comment_content": "要扯到希特勒？，所以是想告訴大家"}, {"comment_author": "MarchelKaton", "comment_date": ["04/19", "11:27"], "comment_content": "加薩支持納粹嗎？"}, {"comment_author": "MarchelKaton", "comment_date": ["04/19", "11:28"], "comment_content": "呵呵馬上就故意忽略希特勒犯下的其"}, {"comment_author": "MarchelKaton", "comment_date": ["04/19", "11:28"], "comment_content": "他罪行了"}, {"comment_author": "k82817", "comment_date": ["04/19", "11:30"], "comment_content": "猶點意思"}, {"comment_author": "MarchelKaton", "comment_date": ["04/19", "11:30"], "comment_content": "希特勒殺自己德國人也不手軟啊，反"}, {"comment_author": "MarchelKaton", "comment_date": ["04/19", "11:30"], "comment_content": "對他的德國人不是被殺就是坐牢"}, {"comment_author": "small91051", "comment_date": ["04/19", "11:30"], "comment_content": "垃圾人難怪當初被滅國"}, {"comment_author": "lulocke", "comment_date": ["04/19", "11:32"], "comment_content": "當年沒有以色列"}, {"comment_author": "YOYOBOY", "comment_date": ["04/19", "11:32"], "comment_content": "有辛德勒們再救猶太人啊"}, {"comment_author": "MarchelKaton", "comment_date": ["04/19", "11:34"], "comment_content": "奇怪了，要罵以色列沒關係，不要趁"}, {"comment_author": "MarchelKaton", "comment_date": ["04/19", "11:34"], "comment_content": "機洗白希特勒，他做的壞事不只大屠"}, {"comment_author": "MarchelKaton", "comment_date": ["04/19", "11:34"], "comment_content": "殺，這道理很難懂嗎？"}, {"comment_author": "Xreay", "comment_date": ["04/19", "11:35"], "comment_content": "確實是一群垃圾  希特勒萬歲"}, {"comment_author": "lapis1999", "comment_date": ["04/19", "11:37"], "comment_content": "猶太人是神的子民 以色列是應許之地"}, {"comment_author": "lapis1999", "comment_date": ["04/19", "11:37"], "comment_content": "  不容質疑"}, {"comment_author": "junwen", "comment_date": ["04/19", "11:46"], "comment_content": "黃皮土納粹？會不會太抽象了兄弟=="}, {"comment_author": "etrangere", "comment_date": ["04/19", "11:50"], "comment_content": "哇噻 這篇 直接支持genocide 你以後出"}, {"comment_author": "etrangere", "comment_date": ["04/19", "11:50"], "comment_content": "國不要被發現講過這個"}, {"comment_author": "seed800506", "comment_date": ["04/19", "11:52"], "comment_content": "希特勒是垃圾 牠唯一做對只有處理猶"}, {"comment_author": "seed800506", "comment_date": ["04/19", "11:52"], "comment_content": "太垃圾"}, {"comment_author": "dreamyello", "comment_date": ["04/19", "11:53"], "comment_content": "美國有一千萬猶太人"}, {"comment_author": "jimmyliu1217", "comment_date": ["04/19", "11:58"], "comment_content": "跟蔣介石一樣啊  不殺光綠腦賤畜的"}, {"comment_author": "jimmyliu1217", "comment_date": ["04/19", "11:58"], "comment_content": "結果  現在綠腦賤畜在殘害台灣"}, {"comment_author": "ohkkweining", "comment_date": ["04/19", "12:00"], "comment_content": "不要自找麻煩"}, {"comment_author": "asgardgogo", "comment_date": ["04/19", "12:04"], "comment_content": "你 蟑螂都殺不完了"}, {"comment_author": "Howard61313", "comment_date": ["04/19", "12:09"], "comment_content": "笑死，美國那批是小鬍子殺的到的嗎？"}, {"comment_author": "Howard61313", "comment_date": ["04/19", "12:11"], "comment_content": "31樓邏輯簡直錯亂，你可以以色列跟納"}, {"comment_author": "Howard61313", "comment_date": ["04/19", "12:11"], "comment_content": "粹兩個都罵，有叫你一定要支持其中一"}, {"comment_author": "Howard61313", "comment_date": ["04/19", "12:11"], "comment_content": "個？"}, {"comment_author": "Howard61313", "comment_date": ["04/19", "12:13"], "comment_content": "你罵以色列的標準反而應該讓你連納粹"}, {"comment_author": "Howard61313", "comment_date": ["04/19", "12:13"], "comment_content": "一起罵，你這樣罵以捧納，跟那些捧以"}, {"comment_author": "Howard61313", "comment_date": ["04/19", "12:13"], "comment_content": "罵納的人根本半斤八兩"}, {"comment_author": "silver5566", "comment_date": ["04/19", "12:15"], "comment_content": "以色列的確是垃圾"}, {"comment_author": "stu25936", "comment_date": ["04/19", "12:16"], "comment_content": "他也只能殺境內的啊 怎麼可能全世界殺光"}, {"comment_author": "finalstar", "comment_date": ["04/19", "12:17"], "comment_content": "那時候全歐都討厭猶太人，但希下手最狠"}, {"comment_author": "warren1113", "comment_date": ["04/19", "12:19"], "comment_content": "八卦敗類多"}, {"comment_author": "shinchanliu", "comment_date": ["04/19", "12:25"], "comment_content": "這什麼愚蠢言論？Shame on U!"}, {"comment_author": "dddc", "comment_date": ["04/19", "12:32"], "comment_content": "日本跟德國就是事情不做好的借鏡"}, {"comment_author": "ms0545173", "comment_date": ["04/19", "12:34"], "comment_content": "以色列本來就不是什麼好人"}, {"comment_author": "s01714", "comment_date": ["04/19", "12:53"], "comment_content": "這真的可惜"}, {"comment_author": "jackgn", "comment_date": ["04/19", "12:58"], "comment_content": "換你被殺的時候，希望想法不要改變"}, {"comment_author": "littlegreen", "comment_date": ["04/19", "13:14"], "comment_content": "這篇很危險"}, {"comment_author": "jacknavarra", "comment_date": ["04/19", "13:44"], "comment_content": "以色列爭取自己的生存空間"}, {"comment_author": "pig2014", "comment_date": ["04/19", "13:52"], "comment_content": "？？？？？歷史0分"}, {"comment_author": "ewqdsacxz", "comment_date": ["04/19", "13:56"], "comment_content": "無知真可怕"}, {"comment_author": "our5566", "comment_date": ["04/19", "14:09"], "comment_content": "."}, {"comment_author": "icemelon", "comment_date": ["04/19", "15:01"], "comment_content": "我也在想日本人怎麼沒有殺光中國人"}, {"comment_author": "gn02546574", "comment_date": ["04/19", "15:12"], "comment_content": "日本怎麼沒有殺光…"}]}
