{"author": "Dannybigma (可口)", "category": "Gossiping", "title": "[問卦] 現在出生的小孩是不是都含金湯匙", "date": "Fri Apr 12 10:38:16 2024", "content": ["乳提啦現在生那麼少，搞不好整個家族生一個兩個整個家族疼一個兩個這樣再怎麼沒錢應該都過的很爽啦 484啊-----Sent from JPTT on my iPhone--"], "post_comment": [{"comment_author": "YLTYY", "comment_date": ["04/12", "10:38"], "comment_content": "至少都一棟房"}, {"comment_author": "ncc5566", "comment_date": ["04/12", "10:39"], "comment_content": "五樓只含甲甲的懶覺"}, {"comment_author": "ssaprevo", "comment_date": ["04/12", "10:39"], "comment_content": "陣頭囝仔都是含鯊魚劍出生的"}, {"comment_author": "z842657913", "comment_date": ["04/12", "10:40"], "comment_content": "5樓含屌湯匙出生"}, {"comment_author": "tinybunny", "comment_date": ["04/12", "10:40"], "comment_content": "只看錢是 看快樂或許不是 老人能自理"}, {"comment_author": "tinybunny", "comment_date": ["04/12", "10:40"], "comment_content": "才是"}, {"comment_author": "tinybunny", "comment_date": ["04/12", "10:41"], "comment_content": "樓上好可怕"}, {"comment_author": "deepdish", "comment_date": ["04/12", "10:44"], "comment_content": "觀落陰去問剴剴zzzzzzzzzzz"}, {"comment_author": "mm58307533", "comment_date": ["04/12", "12:00"], "comment_content": "沒資源投資小孩，未來我不敢想像"}]}
