{"author": "humbler (獸人H)", "category": "Gossiping", "title": "[問卦] 台灣司法是高風險和過勞下的產物嗎？", "date": "Fri Apr 12 16:04:25 2024", "content": ["律師被放火燒死法官壓力大到跳樓可是台灣訴訟案件數多到檢察官、法官忙不完可是律師卻多到加入詐騙集團賺錢台灣司法是高風險和過勞下的產物嗎？--"], "post_comment": [{"comment_author": "premh104", "comment_date": ["04/12", "16:05"], "comment_content": "有良心的感受壓力，沒天良的管你去死"}, {"comment_author": "kming327", "comment_date": ["04/12", "16:06"], "comment_content": "貪"}, {"comment_author": "chen92105", "comment_date": ["04/12", "16:06"], "comment_content": "那位法官聽說是真的蠻認真的一個人"}, {"comment_author": "johnhmj", "comment_date": ["04/12", "16:07"], "comment_content": "難怪一般民眾的司法權益都不太好"}, {"comment_author": "johnhmj", "comment_date": ["04/12", "16:07"], "comment_content": "然後換執政者也是一樣 司法辦案效率很低"}, {"comment_author": "mirza", "comment_date": ["04/12", "16:28"], "comment_content": "哪有什麼壓力不壓力，縱放鷹犬自害司法體系"}, {"comment_author": "mirza", "comment_date": ["04/12", "16:29"], "comment_content": "上行下效 司法的案件如何辦得完"}, {"comment_author": "neoa01", "comment_date": ["04/12", "16:34"], "comment_content": "你可以定義高風險環境是怎麼來的嗎"}, {"comment_author": "neoa01", "comment_date": ["04/12", "16:34"], "comment_content": "我只知道這8年，跟未來四年是民進黨執政"}, {"comment_author": "s1001234", "comment_date": ["04/12", "16:36"], "comment_content": "以前服替代役時在法院服務，協助分案，"}, {"comment_author": "s1001234", "comment_date": ["04/12", "16:36"], "comment_content": "有時候一天就幾百件案件了...法官才幾"}, {"comment_author": "s1001234", "comment_date": ["04/12", "16:36"], "comment_content": "個"}]}
