{"author": "Homura (德意志國防貓)", "category": "Gossiping", "title": "[問卦] 這飯糰42元你可以嗎？☺ ", "date": "Wed Apr 17 20:46:24 2024", "content": ["乳蹄某超商聯名款", "成分很單純就加了高湯的飯，上面灑上魷魚", "一個要價42元認真說味道還不差拿來當嘴饞的小點心還不錯這價格你可以嗎☺--"], "post_comment": [{"comment_author": "syntax123", "comment_date": ["04/17", "20:46"], "comment_content": "觸手"}, {"comment_author": "hikaru77613", "comment_date": ["04/17", "20:47"], "comment_content": "嗯…想吃就買，沒有什麼可不可以…"}, {"comment_author": "kairi5217", "comment_date": ["04/17", "20:47"], "comment_content": "…到底想問什麼？"}, {"comment_author": "kairi5217", "comment_date": ["04/17", "20:48"], "comment_content": "不可以是打算用搶的嗎"}, {"comment_author": "justice2008", "comment_date": ["04/17", "20:48"], "comment_content": "一個飯糰要好吃 飯要手工微調煮好"}, {"comment_author": "brella", "comment_date": ["04/17", "20:48"], "comment_content": "感覺臭臭的"}, {"comment_author": "justice2008", "comment_date": ["04/17", "20:48"], "comment_content": "好吃的飯配點鹽就很讚了"}, {"comment_author": "justice2008", "comment_date": ["04/17", "20:49"], "comment_content": "加這麼多料根本就邪魔歪道"}, {"comment_author": "justice2008", "comment_date": ["04/17", "20:49"], "comment_content": "吃不出飯的美味=="}, {"comment_author": "Takhisis", "comment_date": ["04/17", "20:50"], "comment_content": ""}, {"comment_author": "smik", "comment_date": ["04/17", "20:52"], "comment_content": "這7-11的嗎？"}, {"comment_author": "tetsu327", "comment_date": ["04/17", "20:53"], "comment_content": "超商飯糰現在也沒有2x元還有料的了吧"}, {"comment_author": "lizardc1", "comment_date": ["04/17", "20:54"], "comment_content": "我喜歡菜脯素鬆飯糰 便宜好吃"}, {"comment_author": "qqqqwe15", "comment_date": ["04/17", "20:55"], "comment_content": "那個是魷魚！？"}, {"comment_author": "qqqqwe15", "comment_date": ["04/17", "20:55"], "comment_content": "長的像沙蟲"}, {"comment_author": "raku", "comment_date": ["04/17", "21:01"], "comment_content": "最近是有一批好便宜的魷魚嗎？"}, {"comment_author": "lgw2001", "comment_date": ["04/17", "21:04"], "comment_content": "好像不錯"}, {"comment_author": "derrick1220", "comment_date": ["04/17", "21:05"], "comment_content": "普"}, {"comment_author": "derrick1220", "comment_date": ["04/17", "21:05"], "comment_content": "溫泉蛋那款比較好ㄘ"}, {"comment_author": "jasin0425", "comment_date": ["04/17", "21:10"], "comment_content": ""}, {"comment_author": "morichi", "comment_date": ["04/17", "21:11"], "comment_content": "這是宿難的手指嗎"}, {"comment_author": "kevin31a2", "comment_date": ["04/17", "21:44"], "comment_content": "噁"}, {"comment_author": "zusuki", "comment_date": ["04/17", "22:08"], "comment_content": "超像手指頭@@"}, {"comment_author": "annielu", "comment_date": ["04/17", "22:17"], "comment_content": "還是台灣常見的飯團好吃吧～"}, {"comment_author": "aju0921", "comment_date": ["04/17", "22:24"], "comment_content": "一看就不知道泡了什麼膨脹的魷魚"}, {"comment_author": "pricekin", "comment_date": ["04/17", "22:46"], "comment_content": "無法欸"}]}
