{"author": "KobeNi (123123)", "category": "Gossiping", "title": "[問卦] 一堆空位還被老人要求讓座怎解", "date": "Mon Apr 15 13:30:47 2024", "content": ["我朋友啦剛剛搭車齁台鐵上明明一堆空位卻發現有兩老硬逼著人讓座鄉民遇到這種狀況該如何處置？1.戴耳機裝睡2.拍照發八卦板3.乖寶寶乖乖讓座4.跟五樓一起痛罵回去5.請補充--"], "post_comment": [{"comment_author": "Lailungsheng", "comment_date": ["04/15", "13:31"], "comment_content": "你覺得那是老人，我覺得是神經病"}, {"comment_author": "C13H16ClNO", "comment_date": ["04/15", "13:31"], "comment_content": "6 月工"}, {"comment_author": "www8787", "comment_date": ["04/15", "13:31"], "comment_content": "6.讓你媽辣 滾"}, {"comment_author": "ghgn", "comment_date": ["04/15", "13:31"], "comment_content": "找五樓肛他 五樓最愛肛這種老人了"}, {"comment_author": "vwpassat", "comment_date": ["04/15", "13:31"], "comment_content": "M18A1 闊刀式反人員雷！"}, {"comment_author": "asdf70044", "comment_date": ["04/15", "13:31"], "comment_content": "壞人變老"}, {"comment_author": "wingzero0011", "comment_date": ["04/15", "13:32"], "comment_content": "你坐的位置是他們的回憶"}, {"comment_author": "scores", "comment_date": ["04/15", "13:32"], "comment_content": "讓座吧 歇斯底里老人會一直念"}, {"comment_author": "btaro", "comment_date": ["04/15", "13:32"], "comment_content": "明顯精神有問題 除非你更瘋 不然都建議遠離"}, {"comment_author": "rb731024", "comment_date": ["04/15", "13:32"], "comment_content": "我會說你沒看到座位那麼多嗎？ 或是你"}, {"comment_author": "rb731024", "comment_date": ["04/15", "13:33"], "comment_content": "能知道我是不是需要？ 不過我沒有被問"}, {"comment_author": "rb731024", "comment_date": ["04/15", "13:33"], "comment_content": "過啦"}, {"comment_author": "galleon2000", "comment_date": ["04/15", "13:33"], "comment_content": "直接嗆阿"}, {"comment_author": "PtT0615s", "comment_date": ["04/15", "13:33"], "comment_content": "對面有妹子˙阿 阿北要看妹妹你佔了王位"}, {"comment_author": "s6525480", "comment_date": ["04/15", "13:34"], "comment_content": "傳訊息給台鐵神秘專線 請列車長處理"}, {"comment_author": "kabukiada", "comment_date": ["04/15", "13:38"], "comment_content": "看穿著真有可能是精神有問題"}, {"comment_author": "HAHAHUNG", "comment_date": ["04/15", "13:39"], "comment_content": "不要和豬打架 你會一身髒 豬會很開心"}, {"comment_author": "scum5566", "comment_date": ["04/15", "13:40"], "comment_content": "當場脫褲子追他，換他落跑"}, {"comment_author": "yzelly", "comment_date": ["04/15", "13:41"], "comment_content": "裝委屈上網討拍阿，最後面有人幫你紀錄了"}, {"comment_author": "preisner", "comment_date": ["04/15", "13:42"], "comment_content": "所以還有一堆座位你為什麼要坐在博愛座"}, {"comment_author": "preisner", "comment_date": ["04/15", "13:42"], "comment_content": "然後要老人走遠一點坐一般座?????"}, {"comment_author": "yzelly", "comment_date": ["04/15", "13:43"], "comment_content": "為啥不能坐博愛座？笑死"}, {"comment_author": "bacteria2014", "comment_date": ["04/15", "13:43"], "comment_content": "既然一堆空位你朋友坐博愛座幹嘛.."}, {"comment_author": "bacteria2014", "comment_date": ["04/15", "13:43"], "comment_content": "...."}, {"comment_author": "gilbertchen8", "comment_date": ["04/15", "13:43"], "comment_content": "一堆空座位還去坐爭議博愛座的話 自"}, {"comment_author": "gilbertchen8", "comment_date": ["04/15", "13:44"], "comment_content": "己也有些問題吧？"}, {"comment_author": "preisner", "comment_date": ["04/15", "13:44"], "comment_content": "博愛座設在門口不就希望需要的人不用走"}, {"comment_author": "preisner", "comment_date": ["04/15", "13:44"], "comment_content": "太遠,結果你還要他們走遠點坐一般座????"}, {"comment_author": "yzelly", "comment_date": ["04/15", "13:45"], "comment_content": "有法律規定一般人不能坐喔？還是外表看起"}, {"comment_author": "yzelly", "comment_date": ["04/15", "13:45"], "comment_content": "來沒事的人就不能坐？簡直呵呵，難道有病"}, {"comment_author": "yzelly", "comment_date": ["04/15", "13:45"], "comment_content": "上車還要大聲說給全部的人聽喔？"}, {"comment_author": "yzelly", "comment_date": ["04/15", "13:46"], "comment_content": "都能從驗票口走到車上，多走不了幾步路？"}, {"comment_author": "IkaMusume", "comment_date": ["04/15", "13:46"], "comment_content": "看情況，有些需要別人帶的身障人士很"}, {"comment_author": "IkaMusume", "comment_date": ["04/15", "13:47"], "comment_content": "需要坐車門旁邊，坐博愛座還是要注意"}, {"comment_author": "yzelly", "comment_date": ["04/15", "13:47"], "comment_content": "還是那兩尊是被人從車站口扛進車廂的？"}, {"comment_author": "sinleaf", "comment_date": ["04/15", "13:47"], "comment_content": "就讓到非博愛座就沒人會再吵你一勞永逸啊"}, {"comment_author": "yzelly", "comment_date": ["04/15", "13:48"], "comment_content": "照片上就還有其他靠門的博愛座啊，腳殘？"}, {"comment_author": "zazombie", "comment_date": ["04/15", "13:49"], "comment_content": "就算沒其他位置也不讓，死老人摔死最好"}, {"comment_author": "kingianlin", "comment_date": ["04/15", "13:49"], "comment_content": "不要遇到那種坐非博愛座還在跟你靠北"}, {"comment_author": "gilbertchen8", "comment_date": ["04/15", "13:49"], "comment_content": "要不要先去看一下博愛座的原意再來"}, {"comment_author": "kingianlin", "comment_date": ["04/15", "13:49"], "comment_content": "這他位置的就好"}, {"comment_author": "gilbertchen8", "comment_date": ["04/15", "13:49"], "comment_content": "討論呀 空位一堆 要坐博愛座可以呀"}, {"comment_author": "gilbertchen8", "comment_date": ["04/15", "13:49"], "comment_content": "到時被老人嘴 看其他乘客是否會幫你"}, {"comment_author": "howban", "comment_date": ["04/15", "13:50"], "comment_content": "一拳尻下去 眾生感謝你"}, {"comment_author": "kingianlin", "comment_date": ["04/15", "13:50"], "comment_content": "媽的那種最靠北 是有寫你名字膩"}, {"comment_author": "sunday0913", "comment_date": ["04/15", "13:51"], "comment_content": "裝精神病,比他更瘋"}, {"comment_author": "trapt", "comment_date": ["04/15", "13:51"], "comment_content": "絕對不讓 順便盯著臭老人看他想怎樣"}, {"comment_author": "z04450445", "comment_date": ["04/15", "13:54"], "comment_content": "可以報警吧"}, {"comment_author": "rq654", "comment_date": ["04/15", "13:54"], "comment_content": "說真的我幾乎每天搭捷運坐博愛座 沒被叫過"}, {"comment_author": "rq654", "comment_date": ["04/15", "13:55"], "comment_content": "讓座 可能臉長得太兇"}, {"comment_author": "IkaMusume", "comment_date": ["04/15", "13:55"], "comment_content": "看到行動不太方便的人，很多人是就會"}, {"comment_author": "IkaMusume", "comment_date": ["04/15", "13:55"], "comment_content": "主動讓出旁邊的位置，不一定是博愛座"}, {"comment_author": "rb731024", "comment_date": ["04/15", "13:58"], "comment_content": "說走遠一點的？ 你怎麼知道坐博愛座的"}, {"comment_author": "rb731024", "comment_date": ["04/15", "13:58"], "comment_content": "人不是身體不舒服 少噁心了"}, {"comment_author": "dogdream", "comment_date": ["04/15", "14:07"], "comment_content": "直接脫褲子打手槍 嚇嚇他？"}, {"comment_author": "bloodruru", "comment_date": ["04/15", "14:09"], "comment_content": "趕快讓位 問的人應該有病 XD"}, {"comment_author": "stu25936", "comment_date": ["04/15", "14:13"], "comment_content": "可能腦袋有病吧 那還是趕快讓好了"}, {"comment_author": "Davidlomanyu", "comment_date": ["04/15", "14:18"], "comment_content": "是要走多遠 斜對面不就又有博愛座"}, {"comment_author": "Iversonshao", "comment_date": ["04/15", "14:21"], "comment_content": "給他一拳"}, {"comment_author": "rb731024", "comment_date": ["04/15", "14:22"], "comment_content": "上面一堆自以為是的魔人，你們都看的出"}, {"comment_author": "rb731024", "comment_date": ["04/15", "14:22"], "comment_content": "來坐博愛座的人身體是不是不舒服？ 博"}, {"comment_author": "rb731024", "comment_date": ["04/15", "14:22"], "comment_content": "愛座「優先禮讓給不舒服、老弱婦孺」不"}, {"comment_author": "rb731024", "comment_date": ["04/15", "14:22"], "comment_content": "懂嗎？"}, {"comment_author": "hattrick", "comment_date": ["04/15", "14:35"], "comment_content": "台灣人真的是智障"}, {"comment_author": "vin312789", "comment_date": ["04/15", "15:01"], "comment_content": "難怪這陋習改不了 光是看八卦板就看的"}, {"comment_author": "vin312789", "comment_date": ["04/15", "15:01"], "comment_content": "出來 誰規定有空位就不能坐博愛座"}, {"comment_author": "jerrylin", "comment_date": ["04/15", "15:04"], "comment_content": "滾"}, {"comment_author": "ajcky", "comment_date": ["04/15", "15:19"], "comment_content": "就給他們坐啊~反正斜對面也有座位"}, {"comment_author": "ericthree", "comment_date": ["04/15", "15:31"], "comment_content": "臉不夠兇喔 老害看你好欺負"}, {"comment_author": "angelology", "comment_date": ["04/15", "15:47"], "comment_content": "3"}, {"comment_author": "gilbertchen8", "comment_date": ["04/15", "16:17"], "comment_content": "沒關係呀 旁邊有一般座位不坐 偏偏"}, {"comment_author": "gilbertchen8", "comment_date": ["04/15", "16:17"], "comment_content": "愛去坐博愛座 碰到無恥老人趕你 就"}, {"comment_author": "gilbertchen8", "comment_date": ["04/15", "16:17"], "comment_content": "去旁邊解決 車上乘客就看你們笑話"}, {"comment_author": "gilbertchen8", "comment_date": ["04/15", "16:17"], "comment_content": "上新聞呀 看誰丟臉 最好身體不舒服"}, {"comment_author": "gilbertchen8", "comment_date": ["04/15", "16:17"], "comment_content": "還可以去搭捷運 然後進入車廂 差不"}, {"comment_author": "gilbertchen8", "comment_date": ["04/15", "16:17"], "comment_content": "了3步距離不舒服 是急性心肌梗塞呀"}, {"comment_author": "gilbertchen8", "comment_date": ["04/15", "16:17"], "comment_content": "笑死"}, {"comment_author": "xc2v", "comment_date": ["04/15", "16:35"], "comment_content": "按照定義老人有優先權 跟旁邊有沒有位無關"}, {"comment_author": "xc2v", "comment_date": ["04/15", "16:39"], "comment_content": "一堆空位硬要做博愛座被趕剛好"}, {"comment_author": "farmoos", "comment_date": ["04/15", "18:14"], "comment_content": "手扶梯一樣 為了避免遇到類似的人。都會"}, {"comment_author": "farmoos", "comment_date": ["04/15", "18:14"], "comment_content": "盡量避免站左邊。"}, {"comment_author": "b93510015", "comment_date": ["04/15", "18:31"], "comment_content": "不讓就好了幹嘛罵回去？？等等被吉"}, {"comment_author": "ekgs", "comment_date": ["04/15", "23:51"], "comment_content": "博愛座無法律規範必須讓座"}, {"comment_author": "ekgs", "comment_date": ["04/15", "23:52"], "comment_content": "有讓是日行一善 沒讓也不能怎樣"}]}
