{"author": "abcd5566 (塔綠班都垃圾)", "category": "Gossiping", "title": "[問卦] 公務員考績乙等該如何調適的卦", "date": "Wed Apr 17 20:53:13 2024", "content": ["朋友在當公務員 看他去年忙了一整年考績卻拿乙等朋友因此想要開始擺爛不做事看朋友被動收入大概快200應該不缺這半個月的薪水吧怎麼會這麼難過朋友是不是把工作看得太重要了有沒有公務員考績乙等該如何調適的卦--"], "post_comment": [{"comment_author": "E6300", "comment_date": ["04/17", "20:53"], "comment_content": "五樓考績乙等   下班去228散心"}, {"comment_author": "Roooz", "comment_date": ["04/17", "20:53"], "comment_content": "自肛"}, {"comment_author": "bboywhite", "comment_date": ["04/17", "20:53"], "comment_content": "自己辭職ㄅ"}, {"comment_author": "s820912gmail", "comment_date": ["04/17", "20:54"], "comment_content": "偷懶還敢說"}, {"comment_author": "ianlin1216", "comment_date": ["04/17", "20:54"], "comment_content": "擺爛 有多少錢做多少事"}, {"comment_author": "raku", "comment_date": ["04/17", "20:54"], "comment_content": "被動收入200元還是200萬"}, {"comment_author": "linda17a3", "comment_date": ["04/17", "20:55"], "comment_content": "被丟收入兩百萬= ="}, {"comment_author": "ahw", "comment_date": ["04/17", "20:55"], "comment_content": "輕鬆打啊"}, {"comment_author": "raku", "comment_date": ["04/17", "20:55"], "comment_content": "200萬就可以去跟主管談如何擺爛"}, {"comment_author": "a29976137", "comment_date": ["04/17", "20:55"], "comment_content": "辭職"}, {"comment_author": "powerggyy", "comment_date": ["04/17", "20:56"], "comment_content": "叫長官做事 拿甲等多做點 沒問題吧"}, {"comment_author": "jinnij03879", "comment_date": ["04/17", "20:58"], "comment_content": "200躺著上班啊 = ="}, {"comment_author": "zxcvvcxz", "comment_date": ["04/17", "20:59"], "comment_content": "甲乙等不都用輪的嗎"}, {"comment_author": "h456785", "comment_date": ["04/17", "20:59"], "comment_content": "先承認"}, {"comment_author": "raku", "comment_date": ["04/17", "20:59"], "comment_content": "例如自願萬年拿乙 但是你要接最輕的業務或"}, {"comment_author": "raku", "comment_date": ["04/17", "21:00"], "comment_content": "僅核稿 每天準時上下班 休假事假請到完"}, {"comment_author": "EvoLancer", "comment_date": ["04/17", "21:01"], "comment_content": "之後考績法就要修正了 原先乙等變成跟"}, {"comment_author": "EvoLancer", "comment_date": ["04/17", "21:02"], "comment_content": "草案的良好名次差不多"}, {"comment_author": "EvoLancer", "comment_date": ["04/17", "21:02"], "comment_content": "結果考績獎金可以多半個月"}, {"comment_author": "ihl123456", "comment_date": ["04/17", "21:03"], "comment_content": "200台幣還是好好工作吧"}, {"comment_author": "piercingX", "comment_date": ["04/17", "21:09"], "comment_content": "事病假請好請滿 每天準時下班 考績就"}, {"comment_author": "piercingX", "comment_date": ["04/17", "21:09"], "comment_content": "算乙cp值也會破表"}, {"comment_author": "philip81501", "comment_date": ["04/17", "21:24"], "comment_content": "不是輪替的 菜鳥就是拿乙到別人退啊"}, {"comment_author": "a8785007", "comment_date": ["04/17", "21:25"], "comment_content": "別裝了 輪流拿甲等"}, {"comment_author": "kuominj", "comment_date": ["04/17", "21:53"], "comment_content": "被動有200萬就不幹啦，何必受氣"}, {"comment_author": "alex00089", "comment_date": ["04/17", "23:26"], "comment_content": "本來就想成都是吃鴨就好了咩"}, {"comment_author": "kkkshiny", "comment_date": ["04/18", "15:27"], "comment_content": "不用替他操心吧"}]}
