{"author": "chadmu (噓之收集者查德姆)", "category": "Gossiping", "title": "[問卦] 哪個板主又誤按", "date": "Thu Apr 18 23:24:06 2024", "content": ["現在不能噓一定又有板主誤按了是不是那個誰有沒有噓不了的八卦板？--"], "post_comment": [{"comment_author": "Rrrxddd", "comment_date": ["04/18", "23:24"], "comment_content": "可以啊"}, {"comment_author": "leocean9816", "comment_date": ["04/18", "23:24"], "comment_content": "222222222"}, {"comment_author": "haha98", "comment_date": ["04/18", "23:24"], "comment_content": "可以啊"}, {"comment_author": "diefishfish", "comment_date": ["04/18", "23:25"], "comment_content": "我沒有"}, {"comment_author": "kinjk01", "comment_date": ["04/18", "23:25"], "comment_content": "可以啊"}, {"comment_author": "edisgood", "comment_date": ["04/18", "23:25"], "comment_content": "123"}, {"comment_author": "diefishfish", "comment_date": ["04/18", "23:25"], "comment_content": "。。"}, {"comment_author": "amare1015", "comment_date": ["04/18", "23:25"], "comment_content": "還好我平常很少噓人 HEHE"}, {"comment_author": "tw30912", "comment_date": ["04/18", "23:25"], "comment_content": "嗯"}, {"comment_author": "powerggyy", "comment_date": ["04/18", "23:25"], "comment_content": "難道是言論自由被沒收了？"}, {"comment_author": "renna038766", "comment_date": ["04/18", "23:25"], "comment_content": "推就是噓啊"}, {"comment_author": "wcpsgb", "comment_date": ["04/18", "23:26"], "comment_content": "幹 我的噓鍵勒 我剛想問又廢文可發"}, {"comment_author": "kinjk01", "comment_date": ["04/18", "23:26"], "comment_content": ":"}, {"comment_author": "a91153456", "comment_date": ["04/18", "23:26"], "comment_content": "真假？？？"}, {"comment_author": "wcpsgb", "comment_date": ["04/18", "23:26"], "comment_content": "是不是在限制言論自由了!"}, {"comment_author": "kyosukeakiba", "comment_date": ["04/18", "23:26"], "comment_content": "好！"}, {"comment_author": "Richie1105", "comment_date": ["04/18", "23:26"], "comment_content": "好了"}, {"comment_author": "GenesisXD", "comment_date": ["04/18", "23:27"], "comment_content": "........."}, {"comment_author": "andyher", "comment_date": ["04/18", "23:27"], "comment_content": "2"}, {"comment_author": "wcpsgb", "comment_date": ["04/18", "23:29"], "comment_content": "嗚嗚嗚嗚 噓自由的感動"}, {"comment_author": "girl55665566", "comment_date": ["04/18", "23:30"], "comment_content": "test"}, {"comment_author": "luciffar", "comment_date": ["04/18", "23:30"], "comment_content": "誰在玩版標 玩到壞掉吼"}, {"comment_author": "Takhisis", "comment_date": ["04/18", "23:30"], "comment_content": "test test123"}, {"comment_author": "psychohero", "comment_date": ["04/18", "23:54"], "comment_content": "測試"}]}
