{"author": "Fortran (Fortran)", "category": "Gossiping", "title": "[問卦] 愛台灣，就不能開冷氣的卦？", "date": "Tue Apr 16 12:01:33 2024", "content": ["如題本肥好奇我的40%朋友說，愛台灣，就不能開冷氣不然台灣會很麻煩這句是什麼意思？有卦？ps 本肥還是有開冷氣--"], "post_comment": [{"comment_author": "k385476916", "comment_date": ["04/16", "12:01"], "comment_content": "我愛樓下"}, {"comment_author": "rererere147", "comment_date": ["04/16", "12:02"], "comment_content": "地球暖化"}, {"comment_author": "vowpool", "comment_date": ["04/16", "12:02"], "comment_content": "愛台灣 相信政府沒缺電 更要開冷氣"}, {"comment_author": "vowpool", "comment_date": ["04/16", "12:03"], "comment_content": "要我省電就請政府出來道歉承認能源政策"}, {"comment_author": "vowpool", "comment_date": ["04/16", "12:03"], "comment_content": "錯誤 請大家一起省電"}, {"comment_author": "eternal5429", "comment_date": ["04/16", "12:04"], "comment_content": "疑最愛台灣的那群人不是說不缺電"}, {"comment_author": "machiusheng", "comment_date": ["04/16", "12:04"], "comment_content": "40%：愛台灣 就要餵蚊子"}, {"comment_author": "maple0603", "comment_date": ["04/16", "12:04"], "comment_content": "叫40%千萬別開 節能"}, {"comment_author": "tatty5566", "comment_date": ["04/16", "12:04"], "comment_content": "看不懂，先開22度冷卻一下頭腦"}, {"comment_author": "kabor", "comment_date": ["04/16", "12:05"], "comment_content": "綠共說台電藏電，臺灣人要逼綠共把"}, {"comment_author": "kabor", "comment_date": ["04/16", "12:05"], "comment_content": "藏電交出來"}, {"comment_author": "tpck", "comment_date": ["04/16", "12:05"], "comment_content": "愛台灣就要開冷氣"}, {"comment_author": "Forcast", "comment_date": ["04/16", "12:05"], "comment_content": "電扇水洗壞兩支"}, {"comment_author": "milk250", "comment_date": ["04/16", "12:06"], "comment_content": "是ㄛ  那就靠40%了啊  我吹冷氣吹爽爽"}, {"comment_author": "pttxo", "comment_date": ["04/16", "12:06"], "comment_content": "這時就要默默說感謝你愛台灣讓我有冷氣吹"}, {"comment_author": "h80733", "comment_date": ["04/16", "12:06"], "comment_content": "開冷氣的店家，麻煩40%都不要去支"}, {"comment_author": "h80733", "comment_date": ["04/16", "12:06"], "comment_content": "持！"}, {"comment_author": "milk250", "comment_date": ["04/16", "12:06"], "comment_content": "40%不要吹省起來給其他人吹   這樣也不錯"}, {"comment_author": "milk250", "comment_date": ["04/16", "12:07"], "comment_content": "  為党犧牲吧  哈哈哈哈"}, {"comment_author": "malaman", "comment_date": ["04/16", "12:13"], "comment_content": "又不缺電  40%不相信政府嗎"}, {"comment_author": "ptychodera", "comment_date": ["04/16", "12:14"], "comment_content": "開冷氣就是不支持民主"}, {"comment_author": "harry0702000", "comment_date": ["04/16", "13:00"], "comment_content": "民進黨黨部總統府冷氣全部拆掉阿"}]}
