{"author": "KSHLO (Wunderbar)", "category": "Gossiping", "title": "[問卦] 東亞是不是都出張嘴", "date": "Fri Apr 19 10:46:27 2024", "content": ["斯拉夫人幹真的  沒嗆多久就開戰烏俄戰前一個月美國警告 然後就開戰了以色列也是被攻擊後就幹翻巴勒斯坦現在也跟伊朗 (應該會)打起來反觀金小胖整天要復興民族 推翻南韓傀儡政權中國整天說要五桶台灣 收復神聖一部分阿都在嘴東亞人是不是臭俗辣也保住了三戰全面爆發的可能?--", "中國不管烏俄跟以巴都神隱...作為大國非常詭異"], "post_comment": [{"comment_author": "koromo1991", "comment_date": ["04/19", "10:47"], "comment_content": "一樓也都出張嘴含屌"}, {"comment_author": "LoveMakeLove", "comment_date": ["04/19", "10:51"], "comment_content": "嘴砲"}, {"comment_author": "ilovetina", "comment_date": ["04/19", "10:51"], "comment_content": "我是覺得最近還是別毒奶吧..."}, {"comment_author": "arceus", "comment_date": ["04/19", "10:54"], "comment_content": "最孬就喊獨幾十年 上台後不敢獨的那個"}, {"comment_author": "eric19850629", "comment_date": ["04/19", "10:56"], "comment_content": "出嘴的才是聰明人啊 XD"}, {"comment_author": "www115ui8", "comment_date": ["04/19", "11:00"], "comment_content": "中國現在的經濟狀況要打仗有點難"}, {"comment_author": "senma", "comment_date": ["04/19", "11:06"], "comment_content": "其實中國不動才是聰明。俄羅斯就算打贏也"}, {"comment_author": "senma", "comment_date": ["04/19", "11:06"], "comment_content": "是自己損失慘重，現在美國給左膠亂搞越來"}, {"comment_author": "senma", "comment_date": ["04/19", "11:06"], "comment_content": "越沒影響力，中國只要穩穩發展就能等著國"}, {"comment_author": "senma", "comment_date": ["04/19", "11:06"], "comment_content": "力黃金交叉"}, {"comment_author": "iLeyaSin365", "comment_date": ["04/19", "11:08"], "comment_content": "西方搶錢  亞洲詐騙 你說呢？"}]}
