{"author": "oops66 (生見愛瑠腦粉)", "category": "Gossiping", "title": "[問卦] 所以事實證明康老師是對的", "date": "Fri Apr 12 00:59:41 2024", "content": ["雖然從結果論來說她死了 但是那是因為餘震餘震會不會發生 沒人預料的到所以那不能算我指的是 事實證明她的貓就是笨所以她回去救的動作是對的我記得她回去救的時候一堆人在下面推文說\"貓搞不好早就跑出來了\"\"貓是液體 有門縫就能活\"\"貓有九條命 妳只有一條\"\"貓的生存能力比妳強多了\"講的繪聲繪影結果今天證明了 她的貓跛腳別說門縫了 大樓都快拆光了她的貓還在上面 別說門縫 整個門都被拆掉了她的貓還沒法下來還跛腳 給牠罐頭吃 還吃不到所以她的貓根本就沒鄉民說的那麼神所以康老師回去救是對的選擇可能也因為她知道她的貓有夠笨的笨只是她運氣不好 來個餘震 她就GG了所以康老師是對的 484???--", "真的那麼神 她的貓今天就不會跛腳", "所以我說這是結果論 康老師是因為餘震死的如果今天沒這餘震 說不定她活著把貓救出來 100分我想討論的是 她進去這件事因為事實證明她的貓根本很笨 不會逃", "如果繼續拆下去 那隻貓應該就死了不然愛貓人士幹嘛來亂", "笑死 貓死了?? 如果是真的那不是剛好打臉上面說貓很難死的xdddd", "所以阿 康老師是對的 她預測會有這結果 所以進去救貓但是她無法預測會不會有餘震因為餘震而死 那是結果論 事實上也有可能沒發生餘震阿但是她有預測到 她的貓沒去救的話 會死所以康老師是對的!!", "下面有文章有講 裡面還有影片 說她的貓好像GG了", "那我修正 \"會導致大樓倒塌的餘震\"確實阿 一直有餘震但是因為餘震倒的也就只有這一棟天王星", "話不是這樣說 一堆人跑出來躲地震看一下沒怎樣 也是盡快回去拿東西出來不也是擔心餘震會造成倒塌 所以才要搶救康老師救貓也是這種心情阿", "我哪有假設房子不會倒要是大家都確定房子不會倒 幹嘛還第一時間回去搶救康老師只是比較衰 就她那棟因為餘震倒了每個人當然都擔心房子後續會倒只是沒人知道餘震什麼時候發生 以及如果發生了 自己的房子會不會倒", "我哪裡有講餘震房子就是會倒了? 明明就只倒了天王星其他的房子都沒有倒阿我哪有假設沒有會倒的餘震?你到底有沒有看我在講什麼啊如你所說 你真的是 不過跟我認真沒任何關係 是你閱讀能力有問題"], "post_comment": [{"comment_author": "linda17a3", "comment_date": ["04/12", "01:00"], "comment_content": "對"}, {"comment_author": "rwr", "comment_date": ["04/12", "01:01"], "comment_content": "以貓的危機反應根本沒有東西能倒下壓到他"}, {"comment_author": "birdy590", "comment_date": ["04/12", "01:02"], "comment_content": "哪裡是對的? 事實證明貓比人存活能力強"}, {"comment_author": "pinkcandy", "comment_date": ["04/12", "01:02"], "comment_content": "康老師不救，貓咪出不來，康老師進去"}, {"comment_author": "annie06045", "comment_date": ["04/12", "01:02"], "comment_content": "她的貓還活著 他卻死了"}, {"comment_author": "pinkcandy", "comment_date": ["04/12", "01:02"], "comment_content": "殉難了貓咪還是出不來"}, {"comment_author": "annie06045", "comment_date": ["04/12", "01:02"], "comment_content": "哪裡對了 貓根本很難死"}, {"comment_author": "romeie06", "comment_date": ["04/12", "01:02"], "comment_content": "不能說你錯 大家都是事後論來看"}, {"comment_author": "pinkcandy", "comment_date": ["04/12", "01:02"], "comment_content": "怎麼看都不應該進去"}, {"comment_author": "bboring", "comment_date": ["04/12", "01:03"], "comment_content": "啥很難死 你逃不出去 一直拆就死了 還很"}, {"comment_author": "bboring", "comment_date": ["04/12", "01:03"], "comment_content": "難死嘞"}, {"comment_author": "yniori", "comment_date": ["04/12", "01:03"], "comment_content": "錯了~因為她就算不去救，她的貓現在也還"}, {"comment_author": "birdy590", "comment_date": ["04/12", "01:04"], "comment_content": "是貓選擇不逃 不然誘捕籠擺一堆早該抓到"}, {"comment_author": "yniori", "comment_date": ["04/12", "01:04"], "comment_content": "沒死，所以她去救一隻現在還沒死的貓，讓"}, {"comment_author": "yniori", "comment_date": ["04/12", "01:04"], "comment_content": "自己死了，就是錯的"}, {"comment_author": "BBQ2591", "comment_date": ["04/12", "01:04"], "comment_content": "確實 只有主人才是最懂貓貓"}, {"comment_author": "ah937609", "comment_date": ["04/12", "01:04"], "comment_content": "相欠債"}, {"comment_author": "ryan0222", "comment_date": ["04/12", "01:04"], "comment_content": "人都死了,還不能算,那什麼才要算,"}, {"comment_author": "ryan0222", "comment_date": ["04/12", "01:05"], "comment_content": "人都死了,貓是死是活,也沒什麼意義可言"}, {"comment_author": "bboring", "comment_date": ["04/12", "01:05"], "comment_content": "沒有對錯啦 主人自己想就自負風險"}, {"comment_author": "ryan0222", "comment_date": ["04/12", "01:05"], "comment_content": "了"}, {"comment_author": "bboring", "comment_date": ["04/12", "01:06"], "comment_content": "人類就是這種動物 會做出得不償失的舉動"}, {"comment_author": "eternalmi16", "comment_date": ["04/12", "01:06"], "comment_content": "臉書社團正在討論疑似看到貓摔死/傷"}, {"comment_author": "HANGOLI", "comment_date": ["04/12", "01:06"], "comment_content": "這看覺得貓命還人命重要啦"}, {"comment_author": "hoos891405", "comment_date": ["04/12", "01:07"], "comment_content": "你到底在吵什麼"}, {"comment_author": "hoos891405", "comment_date": ["04/12", "01:08"], "comment_content": "你要下判斷不能只看結果，應該是看風"}, {"comment_author": "hoos891405", "comment_date": ["04/12", "01:08"], "comment_content": "險"}, {"comment_author": "smaxtor2002", "comment_date": ["04/12", "01:09"], "comment_content": "貓死了.. tvbs拍到後刪影片了"}, {"comment_author": "smaxtor2002", "comment_date": ["04/12", "01:10"], "comment_content": "還有貓很怕死遇到危險只會趴著不動"}, {"comment_author": "smaxtor2002", "comment_date": ["04/12", "01:10"], "comment_content": " 不會跑的"}, {"comment_author": "ryan0222", "comment_date": ["04/12", "01:11"], "comment_content": "人死於餘震,不能用結果論,貓跛腳又要來"}, {"comment_author": "ryan0222", "comment_date": ["04/12", "01:11"], "comment_content": "用結果來談如果,啊劇本都給你寫就好了"}, {"comment_author": "hy1221", "comment_date": ["04/12", "01:11"], "comment_content": "連雞都沒死了 貓敏捷更高"}, {"comment_author": "smaxtor2002", "comment_date": ["04/12", "01:12"], "comment_content": "貓很膽小 只會躲在角落等死"}, {"comment_author": "ving12828", "comment_date": ["04/12", "01:12"], "comment_content": "康老師的貓咪有可能在剛剛的開鑿當中"}, {"comment_author": "ving12828", "comment_date": ["04/12", "01:12"], "comment_content": "死了，九天沒進食他很虛弱沒有體力往"}, {"comment_author": "ving12828", "comment_date": ["04/12", "01:12"], "comment_content": "旁邊跳，很可惜。直播有拍到，可以自"}, {"comment_author": "ving12828", "comment_date": ["04/12", "01:12"], "comment_content": "己去臉書找，內容可能滿足一些人嗜血"}, {"comment_author": "ving12828", "comment_date": ["04/12", "01:13"], "comment_content": "的胃口，也有可能會讓一些人睡不著覺"}, {"comment_author": "ving12828", "comment_date": ["04/12", "01:13"], "comment_content": "，我是很難過的那一方，唉！"}, {"comment_author": "hoos891405", "comment_date": ["04/12", "01:13"], "comment_content": "失火也是不建議重回火場拿東西啊"}, {"comment_author": "ving12828", "comment_date": ["04/12", "01:14"], "comment_content": "康老師是對的，自己的貓自己救，國家"}, {"comment_author": "ving12828", "comment_date": ["04/12", "01:15"], "comment_content": "不會救你的貓。"}, {"comment_author": "kaodio", "comment_date": ["04/12", "01:15"], "comment_content": "為愛犧牲 沒有什麼對錯"}, {"comment_author": "birdy590", "comment_date": ["04/12", "01:15"], "comment_content": "現實是只有他一個人死在大樓裡"}, {"comment_author": "hoos891405", "comment_date": ["04/12", "01:16"], "comment_content": "康老師那麼會預測，怎麼不一開始就不"}, {"comment_author": "hoos891405", "comment_date": ["04/12", "01:17"], "comment_content": "要在大樓養貓"}, {"comment_author": "meatmm", "comment_date": ["04/12", "01:17"], "comment_content": "無法確定貓是怎麼傷的 說不定原本躲好好的"}, {"comment_author": "meatmm", "comment_date": ["04/12", "01:17"], "comment_content": "聽到主人叫他才衝出去被弄傷的"}, {"comment_author": "Arkzeon", "comment_date": ["04/12", "01:18"], "comment_content": "身為養貓人士，我看了貓版的鄉民推文。"}, {"comment_author": "Arkzeon", "comment_date": ["04/12", "01:18"], "comment_content": "覺得深有同感。你理性上知道不能回去，"}, {"comment_author": "Arkzeon", "comment_date": ["04/12", "01:18"], "comment_content": "危險。貓自己應該有脫逃能力。感性上你"}, {"comment_author": "Arkzeon", "comment_date": ["04/12", "01:18"], "comment_content": "當下回神的時候搞不好人已經衝回現場了"}, {"comment_author": "Arkzeon", "comment_date": ["04/12", "01:18"], "comment_content": "。"}, {"comment_author": "athome1", "comment_date": ["04/12", "01:18"], "comment_content": "所以已經確定那隻貓已經死了嗎?"}, {"comment_author": "devilsky", "comment_date": ["04/12", "01:19"], "comment_content": "她不衝進去，搞不好不用誘捕這麼久，喊"}, {"comment_author": "devilsky", "comment_date": ["04/12", "01:19"], "comment_content": "幾聲貓就進籠了"}, {"comment_author": "hoos891405", "comment_date": ["04/12", "01:19"], "comment_content": "你重回大樓本身就是在浪費救災能量了"}, {"comment_author": "hoos891405", "comment_date": ["04/12", "01:19"], "comment_content": "，所以消防人員一定會繼續呼籲民眾不"}, {"comment_author": "hoos891405", "comment_date": ["04/12", "01:19"], "comment_content": "要重返現場"}, {"comment_author": "smaxtor2002", "comment_date": ["04/12", "01:23"], "comment_content": "一直說貓敏捷的根本沒養過 貓遇到危"}, {"comment_author": "smaxtor2002", "comment_date": ["04/12", "01:23"], "comment_content": "險一定是躲在角落等死"}, {"comment_author": "pinkcandy", "comment_date": ["04/12", "01:28"], "comment_content": "你的假設就是錯的，餘震100%一定有"}, {"comment_author": "pinkcandy", "comment_date": ["04/12", "01:28"], "comment_content": "康老師進去就是錯的"}, {"comment_author": "pinkcandy", "comment_date": ["04/12", "01:29"], "comment_content": "你要假設餘震不存在房子不會倒，救個"}, {"comment_author": "pinkcandy", "comment_date": ["04/12", "01:29"], "comment_content": "屁，貓也不會死人也不會死"}, {"comment_author": "pinkcandy", "comment_date": ["04/12", "01:29"], "comment_content": "邏輯真的0分"}, {"comment_author": "birdy590", "comment_date": ["04/12", "01:30"], "comment_content": "第一波就受損了 只是沒人知道啥時候會倒"}, {"comment_author": "hoos891405", "comment_date": ["04/12", "01:31"], "comment_content": "你要不要假設康老師養的不是貓啊？"}, {"comment_author": "omfg5487", "comment_date": ["04/12", "01:32"], "comment_content": "八又翻"}, {"comment_author": "mapxu664", "comment_date": ["04/12", "01:32"], "comment_content": "如果第一震房子沒倒，我怎麼知道第二震"}, {"comment_author": "mapxu664", "comment_date": ["04/12", "01:33"], "comment_content": "會不會倒"}, {"comment_author": "kinghtt", "comment_date": ["04/12", "01:33"], "comment_content": "救援他人第一要件，確保自己安全無虞別"}, {"comment_author": "kinghtt", "comment_date": ["04/12", "01:33"], "comment_content": "成為負擔"}, {"comment_author": "birdy590", "comment_date": ["04/12", "01:34"], "comment_content": "\"並沒有其它人回去拿東西\" 誰去誰就死了"}, {"comment_author": "mapxu664", "comment_date": ["04/12", "01:35"], "comment_content": "啊我怎麼知道第一波就已經受損了"}, {"comment_author": "hoos891405", "comment_date": ["04/12", "01:35"], "comment_content": "你把救災觀念對不對，跟康老師有沒有"}, {"comment_author": "hoos891405", "comment_date": ["04/12", "01:35"], "comment_content": "順利救到貓都混在一起了，就算康老師"}, {"comment_author": "kinghtt", "comment_date": ["04/12", "01:35"], "comment_content": "而且房子倒了人馬上就死，貓撐到現在，"}, {"comment_author": "hoos891405", "comment_date": ["04/12", "01:35"], "comment_content": "成功就貓逃出，他的行為還是錯的，只"}, {"comment_author": "kinghtt", "comment_date": ["04/12", "01:35"], "comment_content": "如果她冷靜等個一天再找貓兩個都不會死"}, {"comment_author": "hoos891405", "comment_date": ["04/12", "01:35"], "comment_content": "能說是運氣好"}, {"comment_author": "pinkcandy", "comment_date": ["04/12", "01:37"], "comment_content": "要不要看看你自己在共三小，一直假設"}, {"comment_author": "pinkcandy", "comment_date": ["04/12", "01:37"], "comment_content": "房子不會倒，房子不會倒到底救個屁，"}, {"comment_author": "pinkcandy", "comment_date": ["04/12", "01:37"], "comment_content": "房子他媽的就是倒了，康老師就是死了"}, {"comment_author": "mapxu664", "comment_date": ["04/12", "01:37"], "comment_content": "認真發問，43那天我醒來兩秒就決定往外"}, {"comment_author": "mapxu664", "comment_date": ["04/12", "01:37"], "comment_content": "衝了，手機錢包鑰匙沒有一個有帶，怎麼"}, {"comment_author": "mapxu664", "comment_date": ["04/12", "01:37"], "comment_content": "知道幾時可以回去"}, {"comment_author": "fir191938", "comment_date": ["04/12", "01:38"], "comment_content": "家貓跟野貓的危機意識差很多好嗎"}, {"comment_author": "bingripplw", "comment_date": ["04/12", "01:40"], "comment_content": "呵呵 房子不會倒"}, {"comment_author": "iundertaker", "comment_date": ["04/12", "01:41"], "comment_content": "貓的生存機率確實還是比人高啊，如果"}, {"comment_author": "iundertaker", "comment_date": ["04/12", "01:42"], "comment_content": "很低的話不會現在只有掰咖而已。個人"}, {"comment_author": "iundertaker", "comment_date": ["04/12", "01:42"], "comment_content": "還是覺得主人先保命優先啦，家貓就算"}, {"comment_author": "iundertaker", "comment_date": ["04/12", "01:42"], "comment_content": "被眷養，牠的體積和靈活度就是能夠讓"}, {"comment_author": "iundertaker", "comment_date": ["04/12", "01:42"], "comment_content": "他有更高的機會活下來。但也希望這隻"}, {"comment_author": "iundertaker", "comment_date": ["04/12", "01:42"], "comment_content": "貓貓能夠平安"}, {"comment_author": "birdy590", "comment_date": ["04/12", "01:43"], "comment_content": "\"沒有別人回去搶救 都是往外逃\""}, {"comment_author": "birdy590", "comment_date": ["04/12", "01:46"], "comment_content": "看報導天王星住戶分兩種 第一種有逃出來"}, {"comment_author": "pinkcandy", "comment_date": ["04/12", "01:46"], "comment_content": "所以你知道餘震房子就是會倒，前面還"}, {"comment_author": "pinkcandy", "comment_date": ["04/12", "01:46"], "comment_content": "假設沒有會倒的餘震，共三小？衝進去就"}, {"comment_author": "pinkcandy", "comment_date": ["04/12", "01:46"], "comment_content": "是死，何來康老師是正確的？我跟鄉民認"}, {"comment_author": "pinkcandy", "comment_date": ["04/12", "01:47"], "comment_content": "真我真是大白癡"}, {"comment_author": "ohmylove347", "comment_date": ["04/12", "01:47"], "comment_content": "問題是主人不一定能救出來…"}, {"comment_author": "birdy590", "comment_date": ["04/12", "01:47"], "comment_content": "另一種是完全來不及逃 傾斜以後才被救出"}, {"comment_author": "tsanning", "comment_date": ["04/12", "01:48"], "comment_content": "太令人難過了"}, {"comment_author": "rayes", "comment_date": ["04/12", "01:52"], "comment_content": "這種事可以扯一堆 你入黨了嗎"}, {"comment_author": "Aniki5566", "comment_date": ["04/12", "01:54"], "comment_content": "誰會想的到自家突然會倒"}, {"comment_author": "iphone55566", "comment_date": ["04/12", "01:55"], "comment_content": "也不用等康貓的結果 4小雞都死定了吧"}, {"comment_author": "iphone55566", "comment_date": ["04/12", "01:55"], "comment_content": "然後待在ptt搶發文的也不用裝聰明喊"}, {"comment_author": "artwu", "comment_date": ["04/12", "01:56"], "comment_content": "所以現在康老師死了貓也死了這樣有比較好？"}, {"comment_author": "artwu", "comment_date": ["04/12", "01:56"], "comment_content": "他如果活下來孝順父母拯救其他受害動物不是"}, {"comment_author": "artwu", "comment_date": ["04/12", "01:56"], "comment_content": "會更好嗎？"}, {"comment_author": "iphone55566", "comment_date": ["04/12", "01:56"], "comment_content": "什麼我就知道天王星必倒的事後諸葛"}, {"comment_author": "iphone55566", "comment_date": ["04/12", "01:56"], "comment_content": "反正意外本來死了就都是命"}, {"comment_author": "kuso2005", "comment_date": ["04/12", "01:58"], "comment_content": "一樣餘震當下 貓還活著 人死了 是哪裡"}, {"comment_author": "kuso2005", "comment_date": ["04/12", "01:59"], "comment_content": "對？胡說八道一通"}, {"comment_author": "gn00324893", "comment_date": ["04/12", "02:03"], "comment_content": "是在對啥?結論就是她錯了所以用命去賠"}, {"comment_author": "chocoball", "comment_date": ["04/12", "02:05"], "comment_content": "對啊 至少她不會後悔 沒救一定死 現在"}, {"comment_author": "chocoball", "comment_date": ["04/12", "02:05"], "comment_content": "驗證了"}, {"comment_author": "char2357", "comment_date": ["04/12", "02:06"], "comment_content": "對不對很重要嗎，人跟貓的命有什麼好比"}, {"comment_author": "mp32283228", "comment_date": ["04/12", "02:09"], "comment_content": "她知道自己的貓是跛腳 那為啥發生地震"}, {"comment_author": "crawford438", "comment_date": ["04/12", "02:09"], "comment_content": "不去救貓可能會死可能不會死，重點"}, {"comment_author": "mp32283228", "comment_date": ["04/12", "02:09"], "comment_content": "當下不是帶著貓一起逃出來 而是自己"}, {"comment_author": "mp32283228", "comment_date": ["04/12", "02:09"], "comment_content": "先跑出來 結果發生危機時只顧著自己"}, {"comment_author": "mp32283228", "comment_date": ["04/12", "02:09"], "comment_content": "的生命 一堆愛貓人士吹捧她笑死"}, {"comment_author": "iorih0304", "comment_date": ["04/12", "02:09"], "comment_content": "我比較想問一下有多少人在主震完後30"}, {"comment_author": "crawford438", "comment_date": ["04/12", "02:09"], "comment_content": "根本不是裡面的會不會死而是外面進去"}, {"comment_author": "iorih0304", "comment_date": ["04/12", "02:09"], "comment_content": "分鐘後才回室內的?"}, {"comment_author": "crawford438", "comment_date": ["04/12", "02:10"], "comment_content": "的也可能會死。"}, {"comment_author": "mp32283228", "comment_date": ["04/12", "02:11"], "comment_content": "就不管如何 地震當下她還不是只顧著"}, {"comment_author": "mp32283228", "comment_date": ["04/12", "02:11"], "comment_content": "自己的生命先跑出來 說再多都是屁話"}, {"comment_author": "coneflwer", "comment_date": ["04/12", "02:12"], "comment_content": "狗屁不通"}, {"comment_author": "super223351", "comment_date": ["04/12", "02:15"], "comment_content": "是笨的貓又如何？本來就不值得冒險"}, {"comment_author": "super223351", "comment_date": ["04/12", "02:15"], "comment_content": "去救貓咪"}, {"comment_author": "laechan", "comment_date": ["04/12", "02:18"], "comment_content": "蛤？"}, {"comment_author": "cool10528", "comment_date": ["04/12", "02:20"], "comment_content": "你錯了不是貓不會逃，而是要跟主人共生"}, {"comment_author": "cool10528", "comment_date": ["04/12", "02:20"], "comment_content": "死"}, {"comment_author": "fishest", "comment_date": ["04/12", "02:20"], "comment_content": "結果就是人死了 貓也死了 這樣可以了嗎？"}, {"comment_author": "ashely200809", "comment_date": ["04/12", "02:20"], "comment_content": "為什麼這麼多人討論貓貓雞雞，都沒"}, {"comment_author": "ashely200809", "comment_date": ["04/12", "02:21"], "comment_content": "人討論割頸後續或是電價一直漲或是"}, {"comment_author": "ashely200809", "comment_date": ["04/12", "02:21"], "comment_content": "少子化的老人社會怎麼辦"}, {"comment_author": "nabel250", "comment_date": ["04/12", "02:33"], "comment_content": "牲畜與人命 孰輕孰重"}, {"comment_author": "iphone55566", "comment_date": ["04/12", "02:33"], "comment_content": "ashely自己不發文 在這問有啥用"}, {"comment_author": "iphone55566", "comment_date": ["04/12", "02:34"], "comment_content": "我們討論貓于你何關 管這麼寬喔"}, {"comment_author": "egganson", "comment_date": ["04/12", "02:41"], "comment_content": "康老師現在如果活著，就能現在帶貓出來"}, {"comment_author": "egganson", "comment_date": ["04/12", "02:42"], "comment_content": "，所以結果論她還是錯的，太急了。"}, {"comment_author": "xabcxabc0123", "comment_date": ["04/12", "03:28"], "comment_content": "再說一遍康老師死了 你覺得呢？"}, {"comment_author": "sheep0121", "comment_date": ["04/12", "03:30"], "comment_content": "康老師對在那？她不進去貓一樣活著，"}, {"comment_author": "sheep0121", "comment_date": ["04/12", "03:30"], "comment_content": "而她可能還能等待救援隊把貓帶出來，現"}, {"comment_author": "sheep0121", "comment_date": ["04/12", "03:30"], "comment_content": "在呢？救援隊就算把貓帶出來了，誰照顧"}, {"comment_author": "sheep0121", "comment_date": ["04/12", "03:30"], "comment_content": "貓？"}, {"comment_author": "dirk30000", "comment_date": ["04/12", "03:38"], "comment_content": "對在哪"}, {"comment_author": "cheng0822", "comment_date": ["04/12", "03:39"], "comment_content": "貓還是有分的吧，野外生存過的才躲得了"}, {"comment_author": "cheng0822", "comment_date": ["04/12", "03:39"], "comment_content": "，從小家貓的只會躲起來"}, {"comment_author": "fireforce", "comment_date": ["04/12", "03:39"], "comment_content": "一開始帶著貓逃離不就好了"}, {"comment_author": "mamamia0419", "comment_date": ["04/12", "03:56"], "comment_content": "她用性命證明自己是對的"}, {"comment_author": "mamamia0419", "comment_date": ["04/12", "03:57"], "comment_content": "然後呢？"}, {"comment_author": "dantaiwan", "comment_date": ["04/12", "04:05"], "comment_content": "餘震機率很大好嗎"}, {"comment_author": "qkla", "comment_date": ["04/12", "05:05"], "comment_content": "為什麼會在意這種事，人衝回去救然後死了不"}, {"comment_author": "qkla", "comment_date": ["04/12", "05:05"], "comment_content": "笨嗎？"}, {"comment_author": "mathrew", "comment_date": ["04/12", "06:02"], "comment_content": "對在哪？"}, {"comment_author": "poeoe", "comment_date": ["04/12", "06:21"], "comment_content": "對在哪? 是不會等幾天再看狀況喔"}, {"comment_author": "iscl6", "comment_date": ["04/12", "06:45"], "comment_content": "貓咪聰明知道下去找奴才"}, {"comment_author": "ePaper", "comment_date": ["04/12", "06:48"], "comment_content": "家貓已經完全喪失自我維生能力了"}, {"comment_author": "ePaper", "comment_date": ["04/12", "06:48"], "comment_content": "何況這隻似乎還不良於行 悲劇碰上悲劇"}, {"comment_author": "darkdark008", "comment_date": ["04/12", "06:50"], "comment_content": "當下不顧自己生命進去 就錯了 不過是"}, {"comment_author": "darkdark008", "comment_date": ["04/12", "06:50"], "comment_content": "她自己的選擇 給尊重"}, {"comment_author": "alexliao2027", "comment_date": ["04/12", "06:51"], "comment_content": "危地不入"}, {"comment_author": "fujimoto", "comment_date": ["04/12", "06:57"], "comment_content": "對個屁"}, {"comment_author": "rulDD", "comment_date": ["04/12", "07:13"], "comment_content": "錯的"}, {"comment_author": "deerdriver", "comment_date": ["04/12", "07:15"], "comment_content": "對 你說的都對 好棒喔"}, {"comment_author": "ilovemiao", "comment_date": ["04/12", "07:20"], "comment_content": "是"}, {"comment_author": "spencer317", "comment_date": ["04/12", "07:35"], "comment_content": "很重要嗎？"}, {"comment_author": "shfunhuang", "comment_date": ["04/12", "07:42"], "comment_content": "她是對的 但也死了"}, {"comment_author": "amrnmm", "comment_date": ["04/12", "07:44"], "comment_content": "如果活著 雖然傷心這隻， 但可以養更多貓"}, {"comment_author": "amrnmm", "comment_date": ["04/12", "07:44"], "comment_content": ":"}, {"comment_author": "SSglamr", "comment_date": ["04/12", "07:49"], "comment_content": "用生命悍衛貓權 這樣嗎"}, {"comment_author": "Headache99", "comment_date": ["04/12", "07:55"], "comment_content": "所以她當初怎麼沒帶上貓一起逃出來？"}, {"comment_author": "subaru5978", "comment_date": ["04/12", "08:18"], "comment_content": "真的..然後緩拆救貓還被講的好像十惡"}, {"comment_author": "subaru5978", "comment_date": ["04/12", "08:18"], "comment_content": "不赦"}, {"comment_author": "Vassili242", "comment_date": ["04/12", "08:29"], "comment_content": "你怎麼知道是回去救貓，明明更有可能"}, {"comment_author": "Vassili242", "comment_date": ["04/12", "08:29"], "comment_content": "是主震完覺得沒事了要回家沒想到碰到"}, {"comment_author": "Vassili242", "comment_date": ["04/12", "08:29"], "comment_content": "餘震房子倒了"}, {"comment_author": "qpqpqpqp68", "comment_date": ["04/12", "08:32"], "comment_content": "你想證明他什麼地方是對的 他錯的地"}, {"comment_author": "qpqpqpqp68", "comment_date": ["04/12", "08:33"], "comment_content": "方就是太急著救貓忘了餘震 不過我想"}, {"comment_author": "qpqpqpqp68", "comment_date": ["04/12", "08:33"], "comment_content": "很多人包括我也會忘記餘震 不是救不"}, {"comment_author": "qpqpqpqp68", "comment_date": ["04/12", "08:33"], "comment_content": "救貓的問題 貓結果也沒事 而且真擔心"}, {"comment_author": "qpqpqpqp68", "comment_date": ["04/12", "08:33"], "comment_content": "第一時間也帶走了"}, {"comment_author": "jackyuki1", "comment_date": ["04/12", "08:45"], "comment_content": "嗯"}, {"comment_author": "rexptt", "comment_date": ["04/12", "08:55"], "comment_content": "人都被壓死了 還拿來發廢文 你會有報應"}, {"comment_author": "harryjang", "comment_date": ["04/12", "09:11"], "comment_content": "你的結果論邏輯死亡"}, {"comment_author": "asdf655433zx", "comment_date": ["04/12", "09:16"], "comment_content": "如果不進去"}, {"comment_author": "asdf655433zx", "comment_date": ["04/12", "09:16"], "comment_content": "人活著"}, {"comment_author": "asdf655433zx", "comment_date": ["04/12", "09:17"], "comment_content": "貓也活著"}, {"comment_author": "waiyu", "comment_date": ["04/12", "09:20"], "comment_content": "可憐"}, {"comment_author": "xxxzxcvb", "comment_date": ["04/12", "09:41"], "comment_content": "錯了 搞錯人命貓命的順序"}, {"comment_author": "jerrylin", "comment_date": ["04/12", "09:41"], "comment_content": "沒回去救現在還活著啊  哪裡對?"}, {"comment_author": "rq654", "comment_date": ["04/12", "09:50"], "comment_content": "不是 事實是 如果房子沒事 人跟貓都會沒事"}, {"comment_author": "rq654", "comment_date": ["04/12", "09:51"], "comment_content": "如果房子倒了 那人死亡率很高(也真的死了)"}, {"comment_author": "rq654", "comment_date": ["04/12", "09:51"], "comment_content": "貓還不一定死"}, {"comment_author": "mamamia0419", "comment_date": ["04/12", "10:01"], "comment_content": "說不定她只是想回去拿錢包，除非你觀"}, {"comment_author": "mamamia0419", "comment_date": ["04/12", "10:01"], "comment_content": "落陰，不然沒人知道她生前真的想幹嘛"}, {"comment_author": "ab566", "comment_date": ["04/12", "10:01"], "comment_content": "這樣你也要嘴 社會夠亂惹 不差你一位膩？"}, {"comment_author": "awdslijk", "comment_date": ["04/12", "10:09"], "comment_content": "還在揣測？康老師也許是回去拿泡麵的"}, {"comment_author": "DummyTommy", "comment_date": ["04/12", "10:11"], "comment_content": "貓在法律上是財產。把貓換成留在桌上"}, {"comment_author": "DummyTommy", "comment_date": ["04/12", "10:11"], "comment_content": "的iPhone，主人為了一隻手機冒險回去"}, {"comment_author": "DummyTommy", "comment_date": ["04/12", "10:12"], "comment_content": "拿，你再看看合不合理"}, {"comment_author": "maxim755", "comment_date": ["04/12", "10:13"], "comment_content": "可憐 人生沒其他目標了嗎"}, {"comment_author": "magiteemo", "comment_date": ["04/12", "10:27"], "comment_content": "沒進去說不定現在拿罐頭她的貓還認出她"}, {"comment_author": "magiteemo", "comment_date": ["04/12", "10:27"], "comment_content": "跑出來"}, {"comment_author": "crazyag", "comment_date": ["04/12", "13:31"], "comment_content": "可憐"}, {"comment_author": "hana20530", "comment_date": ["04/12", "23:13"], "comment_content": "救貓這件事不予置評，但家貓確實沒有大"}, {"comment_author": "hana20530", "comment_date": ["04/12", "23:13"], "comment_content": "家想像的那麼神 有養貓的請好好保護"}, {"comment_author": "hana20530", "comment_date": ["04/12", "23:13"], "comment_content": " 不要有僥倖的心態"}, {"comment_author": "tmacM", "comment_date": ["04/12", "23:15"], "comment_content": "那你有想過 如果不衝進去 他的貓頂多跛腳"}, {"comment_author": "tmacM", "comment_date": ["04/12", "23:15"], "comment_content": " 但他死了？"}]}
