{"author": "ntupeap (打發上課時間不能沒有我)", "category": "Gossiping", "title": "[問卦] 沒科技業全台房價減半這樣你ok嗎", "date": "Wed Apr 17 10:15:14 2024", "content": ["現在買不起房的看起來就是想要使用均貧卡欸怪科技業能力太好推升鬼島房價  房價所得比畸形化阿鬼島如果拔掉科技業自廢武功會變幾流國家有八卦嗎--"], "post_comment": [{"comment_author": "Yuijian", "comment_date": ["04/17", "10:15"], "comment_content": "好啊 我又不是科技業嘻嘻"}, {"comment_author": "adk147852", "comment_date": ["04/17", "10:15"], "comment_content": "誰要跟你減半 人家挖不走的護國群山"}, {"comment_author": "NCKU", "comment_date": ["04/17", "10:15"], "comment_content": "好啊 不是科技業+1"}, {"comment_author": "C13H16ClNO", "comment_date": ["04/17", "10:16"], "comment_content": "才減半？"}, {"comment_author": "hosen", "comment_date": ["04/17", "10:17"], "comment_content": "沒有科技業，連錢都沒有，蓋什麼房子"}, {"comment_author": "OomaybeoO", "comment_date": ["04/17", "10:20"], "comment_content": "台灣科技業倒了真的超慘 沒文化沒景觀"}, {"comment_author": "OomaybeoO", "comment_date": ["04/17", "10:20"], "comment_content": "絕對大爆死"}, {"comment_author": "s90002442", "comment_date": ["04/17", "10:20"], "comment_content": "ok"}, {"comment_author": "robin101246", "comment_date": ["04/17", "10:21"], "comment_content": "不是科技業的會同意啦 笑死"}, {"comment_author": "LoveMakeLove", "comment_date": ["04/17", "10:26"], "comment_content": "竹北沒竹科工程師加持就一坪30萬"}, {"comment_author": "truffaut", "comment_date": ["04/17", "10:30"], "comment_content": "矽谷也是"}, {"comment_author": "havochuman", "comment_date": ["04/17", "11:03"], "comment_content": "竹北沒竹科剩3萬吧 30萬咧哈哈"}, {"comment_author": "fairyofmoon", "comment_date": ["04/17", "11:06"], "comment_content": "詐騙業應該也貢獻不少"}, {"comment_author": "doggystyle", "comment_date": ["04/17", "11:14"], "comment_content": "OKAY"}, {"comment_author": "gime0226", "comment_date": ["04/17", "11:28"], "comment_content": "笑死 那機長醫生小吃攤要不要一起批鬥"}, {"comment_author": "gime0226", "comment_date": ["04/17", "11:28"], "comment_content": "直接文化大革命 說這麼多廢話幹嘛"}, {"comment_author": "sunnyyoung", "comment_date": ["04/17", "11:37"], "comment_content": "不OK 人至少也要殺一半 不然後難活"}, {"comment_author": "tora12345", "comment_date": ["04/17", "12:03"], "comment_content": "可以啊 反正我又不是科技業"}, {"comment_author": "tora12345", "comment_date": ["04/17", "12:04"], "comment_content": "台灣科技業這麼猛 結果吃最飽的是房地"}, {"comment_author": "baek6415", "comment_date": ["04/17", "12:43"], "comment_content": "可以啊，科技業賺錢又沒回饋給我"}, {"comment_author": "your0207", "comment_date": ["04/17", "12:50"], "comment_content": "可以啊我又不是科技業"}, {"comment_author": "Jesusman", "comment_date": ["04/17", "15:46"], "comment_content": "科技業又不是主因 很多科技業都買不起"}]}
