{"author": "a85h03s17 (無敵鐵金剛)", "category": "Gossiping", "title": "[爆卦] 臉書死了", "date": "Tue Apr 16 14:17:49 2024", "content": ["看到朋友發文說臉書貼文不見了立刻點進自己的分享也完全沒有貼文不知道臉書是不是又死了-----Sent from JPTT on my Samsung SM-G9900.--"], "post_comment": [{"comment_author": "DoncicInPTT", "comment_date": ["04/16", "14:18"], "comment_content": "我很順 掰"}, {"comment_author": "k385476916", "comment_date": ["04/16", "14:18"], "comment_content": "濫用爆卦"}, {"comment_author": "bill403777", "comment_date": ["04/16", "14:18"], "comment_content": "正常 掰"}, {"comment_author": "haha98", "comment_date": ["04/16", "14:18"], "comment_content": "不重要 我都用脆!"}, {"comment_author": "WIGGINS22", "comment_date": ["04/16", "14:18"], "comment_content": "沒差，反正臉書沒人在用"}, {"comment_author": "PONANZA", "comment_date": ["04/16", "14:18"], "comment_content": "泡泡水壓壓驚"}, {"comment_author": "PalmAngels", "comment_date": ["04/16", "14:19"], "comment_content": "推特死了再叫我"}, {"comment_author": "Sougetu", "comment_date": ["04/16", "14:19"], "comment_content": "繼續投塔綠班就什麼都沒得用"}, {"comment_author": "mozaiwen", "comment_date": ["04/16", "14:19"], "comment_content": "誰跟你用臉書，無名小站才是王道。"}, {"comment_author": "OPPAISuki", "comment_date": ["04/16", "14:19"], "comment_content": "我抖音沒事"}, {"comment_author": "tmgl", "comment_date": ["04/16", "14:19"], "comment_content": "沒在用老人的垃圾"}, {"comment_author": "lagi5487", "comment_date": ["04/16", "14:20"], "comment_content": "小紅書正常"}, {"comment_author": "scum5566", "comment_date": ["04/16", "14:20"], "comment_content": "X也掛了"}, {"comment_author": "jinnij03879", "comment_date": ["04/16", "14:20"], "comment_content": "你被祖了"}, {"comment_author": "vV070413", "comment_date": ["04/16", "14:21"], "comment_content": "活了嗎"}, {"comment_author": "zzzzzzzzoroo", "comment_date": ["04/16", "14:35"], "comment_content": "有些正常有些死，怪怪"}, {"comment_author": "s6598744", "comment_date": ["04/16", "14:45"], "comment_content": "去發臉書"}]}
