{"author": "WuSam (藤原豆海)", "category": "Gossiping", "title": "[爆卦] 小區域有感地震 震央嘉義縣義竹鄉 3.7", "date": "Wed Apr 17 00:57:27 2024", "content": ["小區域有感地震報告發震時間：2024/04/16 23:57:06位置：北緯 23.35度，東經 120.21度即在嘉義縣政府西南方 14.9 公里 ，位於嘉義縣義竹鄉地震深度：9.2公里芮氏規模：3.7", "目前嘉義地區4月地震分布多集中在義竹鄉和布袋鎮嘉義前緣構造...有經過布袋和義竹", "2024/04/01 14:51:25 嘉義縣", "2024/04/01 14:54:23 嘉義縣", "3.22024/04/01 14:57:44 嘉義縣", "3.12024/04/01 15:01:05 嘉義縣", "3.22024/04/03 03:26:33 嘉義縣", "2024/04/03 03:33:57 嘉義縣", "3.5==================================================", "深度15.5公里==================================================2024/04/03 14:28:46 嘉義縣朴子市", "深度15.5公里2024/04/04 10:14:49 嘉義縣", "3.52024/04/04 13:53:47 嘉義縣", "3.2------------------------------------04/05~04/07 嘉義地區無地震------------------------------------2024/04/08 01:23:59 嘉義縣", "3.92024/04/08 19:15:13 嘉義縣", "3.7------------------------------------04/09~04/11 嘉義地區無地震------------------------------------2024/04/12 23:43:27 嘉義縣", "3.42024/04/13 02:44:36 嘉義縣", "2024/04/13 03:35:58 嘉義縣", "3.32024/04/13 04:00:29 嘉義縣", "2024/04/13 04:21:36 嘉義縣", "3.32024/04/13 04:59:12 嘉義縣", "3.52024/04/13 05:30:05 嘉義縣", "3.52024/04/13 06:50:23 嘉義縣", "3.3          深度10.5公里2024/04/14 00:18:44 嘉義縣", "3.32024/04/14 02:39:07 嘉義縣", "3.72024/04/14 02:39:26 嘉義縣", "深度25公里2024/04/14 06:09:21 嘉義縣", "3.42024/04/14 12:30:04 嘉義縣", "3.32024/04/15 19:52:59 嘉義縣", "3.52024/04/16 07:06:57 嘉義縣", "3.72024/04/16 12:07:58 嘉義縣", "3.52024/04/16 21:36:30 嘉義縣", "3.52024/04/16 23:57:06 嘉義縣", "3.72024/04/17 03:01:00 嘉義縣", "4.1PS. 1.以上嘉義地區未標註的地震深度都在10公里以下    2.嘉義縣朴子市曾在2024/02/29 第009號 規模5--"], "post_comment": [{"comment_author": "spring719", "comment_date": ["04/17", "00:58"], "comment_content": "好長一排"}, {"comment_author": "Chia2323", "comment_date": ["04/17", "00:58"], "comment_content": "比新聞還慢算什麼爆卦"}, {"comment_author": "mycity", "comment_date": ["04/17", "01:02"], "comment_content": "這還是有紀錄的…這星期一直聽到地鳴後搖"}, {"comment_author": "mycity", "comment_date": ["04/17", "01:02"], "comment_content": "晃…都麻痺了"}, {"comment_author": "vwpassat", "comment_date": ["04/17", "01:03"], "comment_content": "無感！"}, {"comment_author": "jyue", "comment_date": ["04/17", "01:12"], "comment_content": "比較小一點"}, {"comment_author": "iLeyaSin365", "comment_date": ["04/17", "01:57"], "comment_content": "感覺好像二重奏一樣"}, {"comment_author": "lou", "comment_date": ["04/17", "02:37"], "comment_content": "小規模的正常能量釋放，ok的啦"}]}
