{"author": "tobetwob (WHO FCTC 菸草減害專家)", "category": "Gossiping", "title": "[爆卦] 台大醫師郭斐然證實衛福部長陳時中說謊", "date": "Sun Apr 14 15:08:46 2024", "content": ["大家好，我是世界衛生組織 菸草減害專家王郁揚", "前情提要最近除了黃國昌再次把前衛福部長陳時中在國會公然說謊，抓出來鞭屍外【國昌質詢】擺爛跳票的國會改革　集體失憶的民進黨｜2024-04-01｜司法及法制委員會", "陳時中在國會扯謊被搓破 金色力量士林北投王郁揚高喊_電子菸合法化！", "加熱菸合法&電子煙被禁止 王郁揚怒嗆陳時中說謊騙子 #菸害防制法 #世界衛生組織 #菸草控制框架公約 #菸草減害 #無煙台灣", "陳時中又被金色力量士林北投議員候選人王郁揚嗆「說謊騙子」 ＠北投自強市場20221011", "--（台大醫師郭斐然證實陳時中說謊證據）-------台大醫師郭斐然：所以就算我禁電子煙，反抗的聲音就是一點點。", "電子菸反對方嗆：禁電子菸反抗聲音只有一點點，王郁揚：團結 幹死反對方 雞掰勒", "郭斐然說的是，禁止電子煙 反抗聲音有「一點點」，打臉衛福部長陳時中說的「台灣沒有合法電子菸的聲音」。說謊騙子陳時中，「再次」獲得台大醫院醫師郭斐然認證+1！備註：其實台大醫院郭斐然很久前就打臉過陳時中，當時我做了這支影片上傳到YT，結果被郭斐然檢舉說違反他個資，結果YT還真的把影片刪掉。因此我就把影片備份到vimeo，今天也藉此機會，讓大家溫故知新，看當年郭斐然是如何打臉陳時中。臺大醫院醫師郭斐然反對菸草減害觀念，衛生福利部陳時中部長：「做不到戒菸，減量。」", "--", "WHO FCTC 菸草減害專家 王郁揚Danny(Yu-Yang) Wang", "台灣禁菸聯盟 ABC#TAIWAN、無煙台灣基金會FSFT、台灣菸草減害協會TTHRA。台灣威卜 菸草減害網路媒體 VAPE TAIWAN", "--"], "post_comment": [{"comment_author": "hsnu103437", "comment_date": ["04/14", "15:10"], "comment_content": "不抽菸會死嗎？"}, {"comment_author": "airswalker", "comment_date": ["04/14", "15:10"], "comment_content": "菸蟲我建議全部滾去_"}, {"comment_author": "sincere77", "comment_date": ["04/14", "15:11"], "comment_content": "好了啦這ID"}, {"comment_author": "TexasFlood", "comment_date": ["04/14", "15:12"], "comment_content": "老哥你越來越瘋狂了"}, {"comment_author": "tobetwob", "comment_date": ["04/14", "15:15"], "comment_content": "拍桌沒用，那就翻桌了啊，蔡英文說的"}, {"comment_author": "bigcho", "comment_date": ["04/14", "15:16"], "comment_content": "喔 所以呢"}, {"comment_author": "azeroth", "comment_date": ["04/14", "15:17"], "comment_content": "郭斐然都不爽你用他影片了你還要用"}, {"comment_author": "azeroth", "comment_date": ["04/14", "15:17"], "comment_content": "到底想豎立多少敵人一起反你"}, {"comment_author": "seanidiot", "comment_date": ["04/14", "15:17"], "comment_content": "喔，所以咧？"}, {"comment_author": "chanel1259", "comment_date": ["04/14", "15:18"], "comment_content": "說謊下地獄"}, {"comment_author": "tobetwob", "comment_date": ["04/14", "15:31"], "comment_content": "在科學證據面前，來一個我殺一個"}, {"comment_author": "tobetwob", "comment_date": ["04/14", "15:35"], "comment_content": ""}, {"comment_author": "tobetwob", "comment_date": ["04/14", "15:35"], "comment_content": "就被警察抬出去了 lol"}, {"comment_author": "whitenoise", "comment_date": ["04/14", "15:35"], "comment_content": "票多的贏"}, {"comment_author": "kurtsgm", "comment_date": ["04/14", "15:37"], "comment_content": "又是你這咖小"}, {"comment_author": "jccat", "comment_date": ["04/14", "15:41"], "comment_content": "國廠好棒棒 小草努力推"}, {"comment_author": "jamie81416", "comment_date": ["04/14", "15:55"], "comment_content": "官員說謊有人在意嗎？"}, {"comment_author": "j3699939", "comment_date": ["04/14", "15:56"], "comment_content": "抽菸bad"}, {"comment_author": "WTF1111", "comment_date": ["04/14", "16:23"], "comment_content": "濫用爆卦"}, {"comment_author": "suhaw", "comment_date": ["04/14", "16:27"], "comment_content": "好了啦 都已經選舉結束了"}, {"comment_author": "kayak5566", "comment_date": ["04/14", "16:57"], "comment_content": "哥們 加油"}, {"comment_author": "b258963147", "comment_date": ["04/14", "17:11"], "comment_content": "推"}, {"comment_author": "fox875566", "comment_date": ["04/14", "18:00"], "comment_content": "說謊又怎樣？老子民進黨的想幹嘛就幹"}, {"comment_author": "fox875566", "comment_date": ["04/14", "18:00"], "comment_content": "嘛"}, {"comment_author": "wilmachiang", "comment_date": ["04/14", "18:27"], "comment_content": "最會說謊的綠官 8年來謊話連篇"}]}
