{"author": "Skyblueway (Sky)", "category": "Gossiping", "title": "[爆卦] 黃國昌臉書：混亂的兒虐司法實務", "date": "Wed Apr 17 17:24:53 2024", "content": ["【混亂的兒虐司法實務  不及格的司法院報告】2024-04-17司法及法制委員會針對重大虐童案件，今日司法法制委員會討論《刑法》相關修法草案，部分立委提案提高刑度，希望強化嚇阻效果。事實上，如此立意良善的修法，卻可能因為司法實務的運作而根本毫無意義。令人遺憾的是，司法院與法務部今天的報告卻未作到基本功課，完全不及格！ 濫權輕縱的法務部首先，法院即使重判，但法務部卻輕縱，有一半的刑度完全取決於法務部是否執行！舉例而言，2015年花蓮曾發生情侶以慘絕人寰的7大酷刑凌虐3歲女童，2017年法院判刑13年6月確定，但僅關6年多，法務部矯正署便於2023年核准假釋！這真的有達到保護兒少的意旨嗎？今天，法務部次長蔡碧仲坦承必須檢討，法務部應給社會一個交代！ 不及格的司法院與法務部報告其次，目前關於兒虐的相關法律規定在司法實務上的適用混亂不堪，法官一人一把號，甚至根本架空刑法第286條的規範。如果沒有解決目前混亂的現狀、如果刑事司法政策沒有根本性的檢討，即使再修法也宛如盲人摸象，根本沒有辦法真正解決問題。具體而言，成年人餵食兒童毒品致死，不僅構成刑法第286條第3項前段「凌虐兒童致死罪」，也構成刑法第277條第2項前段「傷害兒童致死罪」。我今天請問法務部次長與司法院副秘書長：1. 兩罪屬於「法條競合」還是「想像競合」？2. 從一重處斷，從何罪處斷？3. 最低法定刑度為何？不令人意外的是，兩位的回答完全沒有掌握目前司法審判的混亂。這樣的司法院與法務部的表現，完全不及格。 混亂的實務見解舉例而言： 臺灣高等法院暨所屬法院112年法律座談會結論，認為構成法條競合，依第286條第3項前段「凌虐兒童致死罪」處斷。 最高法院113 年度台上字第 339 號刑事判決，認為屬於想像競合犯，從一重罪處斷。再進一步，當依《刑法》第55條想像競合從一重罪處斷時，依《刑法》277條第2項前段「傷害兒童致死罪」，再依《兒童及少年福利與權益保障法》112條加重其刑2分之1。如何加重？司法院官員說：最低本刑是7年1個月。問題是，猶如台大教授許恒達教授所指出：實務向來認為兒福法第112條第1項前段規定「加重其刑至二分之一」，僅加重原罪名法定刑之上限，但不會改變原法定刑之下限，但此項解釋顯牴觸刑法第67條：「有期徒刑或罰金加減者，其最高度及最低度同加減之」。亦即，既然法條已經明文寫到「加重其刑」，當然要依第67條同加或同減，", "。也就是，刑法第277條第2項前段之傷害致死罪，在被害人屬兒少時，得依兒童及少年福利與權益保障法第112條第1項前段加重，依此規定，本罪之處斷刑最輕應為10年6月以上有期徒刑！在此情形下，《刑法》286條已遭架空。沒有搞清楚實務的混亂，即使再修法也無法解決問題。當重大兒虐的發生，不僅需要思考法規上如何強化，也應該檢討司法實務的運作，才能真正落實兒少的保護。註：今天的質詢含金量很高，連結在留言，請大家耐心服用。", "這還蠻誇張的 法務部跟司法院都亂搞關6年多就可以假釋 不是從重判決 而是從輕判決--"], "post_comment": [{"comment_author": "coollfd", "comment_date": ["04/17", "17:25"], "comment_content": "民進黨忙著炒房 沒空啦"}, {"comment_author": "rhox", "comment_date": ["04/17", "17:25"], "comment_content": "沒空"}, {"comment_author": "laker4life", "comment_date": ["04/17", "17:25"], "comment_content": "閱"}, {"comment_author": "cutesoda", "comment_date": ["04/17", "17:25"], "comment_content": "沒空"}, {"comment_author": "dream0131", "comment_date": ["04/17", "17:26"], "comment_content": "你們忙你的，我們法院有自己的玩法 嘻"}, {"comment_author": "karkkunt", "comment_date": ["04/17", "17:26"], "comment_content": "法官：7 x 1.5 = 7.083"}, {"comment_author": "Orianna", "comment_date": ["04/17", "17:27"], "comment_content": "不加下限 就是打假球"}, {"comment_author": "jiaching", "comment_date": ["04/17", "17:27"], "comment_content": "沒提高下限就是打假球阿 永遠只罰最輕的"}, {"comment_author": "Blue6", "comment_date": ["04/17", "17:27"], "comment_content": "推"}, {"comment_author": "PSptt", "comment_date": ["04/17", "17:28"], "comment_content": "顏色對了就不會混亂啦"}, {"comment_author": "TeamFrotress", "comment_date": ["04/17", "17:28"], "comment_content": "推"}, {"comment_author": "ludlum", "comment_date": ["04/17", "17:28"], "comment_content": "這廢物有推過啥法案嗎"}, {"comment_author": "nbgfdew", "comment_date": ["04/17", "17:29"], "comment_content": "這質詢有讀過法律的都可以看一下"}, {"comment_author": "raku", "comment_date": ["04/17", "17:29"], "comment_content": "司法實務在全部案件都很混亂阿"}, {"comment_author": "airswalker", "comment_date": ["04/17", "17:29"], "comment_content": "民進黨惹火我了！"}, {"comment_author": "semih", "comment_date": ["04/17", "17:29"], "comment_content": ""}, {"comment_author": "polypress", "comment_date": ["04/17", "17:29"], "comment_content": "國蔥寫了一大堆在解釋要增加下限，結"}, {"comment_author": "polypress", "comment_date": ["04/17", "17:29"], "comment_content": "果你484只看懂假釋提早XDDD"}, {"comment_author": "semih", "comment_date": ["04/17", "17:29"], "comment_content": "今天質詢影片很法律"}, {"comment_author": "crazydj", "comment_date": ["04/17", "17:31"], "comment_content": "51慘輸1個國昌"}, {"comment_author": "vertebrae", "comment_date": ["04/17", "17:33"], "comment_content": "沈伯洋該出來表示意見了"}, {"comment_author": "semih", "comment_date": ["04/17", "17:33"], "comment_content": ""}, {"comment_author": "maxed", "comment_date": ["04/17", "17:34"], "comment_content": "黃毅?黃美鳳?"}, {"comment_author": "kinghunter", "comment_date": ["04/17", "17:34"], "comment_content": "黨就是要有彈性，不然碰到自己人怎辦"}, {"comment_author": "tetsu327", "comment_date": ["04/17", "17:34"], "comment_content": "綠共上啊"}, {"comment_author": "a0952864901", "comment_date": ["04/17", "17:36"], "comment_content": "推"}, {"comment_author": "steelheart3", "comment_date": ["04/17", "17:37"], "comment_content": "你搞的太嚴苛 萬一是權貴犯錯了 法"}, {"comment_author": "steelheart3", "comment_date": ["04/17", "17:37"], "comment_content": "律人怎麼幫忙開脫 怎賺錢啦"}, {"comment_author": "spring719", "comment_date": ["04/17", "17:37"], "comment_content": "推"}, {"comment_author": "andy81625", "comment_date": ["04/17", "17:38"], "comment_content": "精彩質詢"}, {"comment_author": "butten986", "comment_date": ["04/17", "17:38"], "comment_content": "前幾樓跟本沒看內文在搶噓"}, {"comment_author": "mo0615", "comment_date": ["04/17", "17:38"], "comment_content": "最高可罰、最高可判"}, {"comment_author": "ter2788", "comment_date": ["04/17", "17:39"], "comment_content": "要是改了外役監之類的假釋怎麼放水"}, {"comment_author": "ter2788", "comment_date": ["04/17", "17:39"], "comment_content": "權貴怎麼提早假釋"}, {"comment_author": "lynchen", "comment_date": ["04/17", "17:40"], "comment_content": "南部人 原住民看不懂"}, {"comment_author": "cloudyst", "comment_date": ["04/17", "17:40"], "comment_content": "就這謝人日子過太爽了"}, {"comment_author": "wate5566", "comment_date": ["04/17", "17:40"], "comment_content": "DPP要的是權貴司法阿"}, {"comment_author": "ppav0v0v", "comment_date": ["04/17", "17:41"], "comment_content": "51席廢物"}, {"comment_author": "Evoque", "comment_date": ["04/17", "17:41"], "comment_content": "選贏了你想怎樣？"}, {"comment_author": "JNissan", "comment_date": ["04/17", "17:42"], "comment_content": "其實黃國昌還是只能對牛彈琴，他講的東"}, {"comment_author": "JNissan", "comment_date": ["04/17", "17:42"], "comment_content": "西台灣人根本不在乎。"}, {"comment_author": "konanno1", "comment_date": ["04/17", "17:42"], "comment_content": "垃圾党的德政"}, {"comment_author": "Jerry6012", "comment_date": ["04/17", "17:43"], "comment_content": "哥布林充分示範 看不懂中文是什麼蠢樣"}, {"comment_author": "scott0104", "comment_date": ["04/17", "17:44"], "comment_content": "加害者不需要人權嗎？我們台灣就是重"}, {"comment_author": "scott0104", "comment_date": ["04/17", "17:44"], "comment_content": "人權的國家"}, {"comment_author": "turbomons", "comment_date": ["04/17", "17:44"], "comment_content": "補血 其實兒少性犯罪也一樣 都是演"}, {"comment_author": "turbomons", "comment_date": ["04/17", "17:44"], "comment_content": "假的"}, {"comment_author": "turbomons", "comment_date": ["04/17", "17:45"], "comment_content": "高高舉起 輕輕放下"}, {"comment_author": "Ashbrook", "comment_date": ["04/17", "17:46"], "comment_content": ":"}, {"comment_author": "eko112", "comment_date": ["04/17", "17:46"], "comment_content": "可悲阿 最關心兒剝那群假正義的又消失了"}, {"comment_author": "vy8824", "comment_date": ["04/17", "17:46"], "comment_content": "補血，可惜了就事論事還是會被抹"}, {"comment_author": "jil", "comment_date": ["04/17", "17:47"], "comment_content": "51個廢物 養了民進黨米蟲立委八年了"}, {"comment_author": "davidbright", "comment_date": ["04/17", "17:48"], "comment_content": "太有料的問法他們都不會答啦..."}, {"comment_author": "biolive40", "comment_date": ["04/17", "17:50"], "comment_content": "補血"}, {"comment_author": "silver5566", "comment_date": ["04/17", "17:50"], "comment_content": "垃圾政府"}, {"comment_author": "eko112", "comment_date": ["04/17", "17:50"], "comment_content": "兒虐判13年多 6年多假釋 XD"}, {"comment_author": "zerg999", "comment_date": ["04/17", "17:50"], "comment_content": "上面亂搞然後累死真的在做事的法官"}, {"comment_author": "eko112", "comment_date": ["04/17", "17:51"], "comment_content": "如果監獄真的不夠關 麻煩再蓋個新監獄吧"}, {"comment_author": "KH8019", "comment_date": ["04/17", "17:52"], "comment_content": "真專家"}, {"comment_author": "Thorvs", "comment_date": ["04/17", "17:52"], "comment_content": "沒事，電視新聞媒體不會關注這個"}, {"comment_author": "fufufugogogo", "comment_date": ["04/17", "17:52"], "comment_content": "好了啦"}, {"comment_author": "JGOBUYO", "comment_date": ["04/17", "17:52"], "comment_content": "有夠秀，沒有法律知識可能聽不懂"}, {"comment_author": "Wil", "comment_date": ["04/17", "17:53"], "comment_content": "等選舉的時候就會關心了"}, {"comment_author": "sexygnome", "comment_date": ["04/17", "17:54"], "comment_content": "實務胡搞也不是第一天的事了"}, {"comment_author": "lovek123", "comment_date": ["04/17", "17:54"], "comment_content": "小藍教"}, {"comment_author": "kuosha", "comment_date": ["04/17", "17:54"], "comment_content": "推"}, {"comment_author": "TMDkid", "comment_date": ["04/17", "17:54"], "comment_content": "小草最愛男神"}, {"comment_author": "m9315030", "comment_date": ["04/17", "17:54"], "comment_content": "趕快立法,光爆料能幹嘛?"}, {"comment_author": "Newtype", "comment_date": ["04/17", "17:57"], "comment_content": ""}, {"comment_author": "SYSQP", "comment_date": ["04/17", "17:59"], "comment_content": "這傢伙戰場開的也太多了吧, 還要被腦殘黑"}, {"comment_author": "kinghtt", "comment_date": ["04/17", "18:00"], "comment_content": "法條修到十年重刑也沒用，法匠幫犯人用"}, {"comment_author": "kinghtt", "comment_date": ["04/17", "18:00"], "comment_content": "各種理由減刑規避刑責就沒事了"}, {"comment_author": "kinghtt", "comment_date": ["04/17", "18:01"], "comment_content": "不是只有虐童案，所有的刑案都一樣狀況"}, {"comment_author": "orz151426", "comment_date": ["04/17", "18:04"], "comment_content": "菜清祥就是個瀆職的法務部長，拒不執行"}, {"comment_author": "orz151426", "comment_date": ["04/17", "18:05"], "comment_content": "死刑確定的，法務部居然用行政命令阻止"}, {"comment_author": "sbflight", "comment_date": ["04/17", "18:06"], "comment_content": "國師也懂競合論！？"}, {"comment_author": "elvis30901", "comment_date": ["04/17", "18:06"], "comment_content": "沒看過羅祥還真的看不懂"}, {"comment_author": "lin0000030", "comment_date": ["04/17", "18:06"], "comment_content": "專家"}, {"comment_author": "iPolo3", "comment_date": ["04/17", "18:06"], "comment_content": "法盲看不懂忙著出征"}, {"comment_author": "ieolight", "comment_date": ["04/17", "18:06"], "comment_content": "早點放出來才能加入塔綠班阿"}, {"comment_author": "ymfx000a", "comment_date": ["04/17", "18:07"], "comment_content": "先猜40%看不懂這篇 嘻嘻"}, {"comment_author": "stezer", "comment_date": ["04/17", "18:08"], "comment_content": "又爆料了喔，跟國民黨一起刑法就好了，爆"}, {"comment_author": "shioulanyu", "comment_date": ["04/17", "18:08"], "comment_content": "停留在過去的人超多，丁丁2號+n"}, {"comment_author": "stezer", "comment_date": ["04/17", "18:08"], "comment_content": "料幹嘛，黃國昌就只是想賺自己的政治紅利"}, {"comment_author": "stezer", "comment_date": ["04/17", "18:08"], "comment_content": "，幹不了什麼大事"}, {"comment_author": "jasonpop", "comment_date": ["04/17", "18:09"], "comment_content": "監獄滿啦，快滾"}, {"comment_author": "stezer", "comment_date": ["04/17", "18:10"], "comment_content": "騙票仔就這樣，果然騙子能騙多久是傻子決"}, {"comment_author": "stezer", "comment_date": ["04/17", "18:10"], "comment_content": "定的，目前拿的出來的成果只有 0 zero 沒"}, {"comment_author": "stezer", "comment_date": ["04/17", "18:10"], "comment_content": "有"}, {"comment_author": "victor1217", "comment_date": ["04/17", "18:11"], "comment_content": "推"}, {"comment_author": "duncanspur", "comment_date": ["04/17", "18:11"], "comment_content": "stezer 是不是連質詢都沒看？表達什麼"}, {"comment_author": "juncat", "comment_date": ["04/17", "18:11"], "comment_content": "就法官怕罰太久很難假釋"}, {"comment_author": "duncanspur", "comment_date": ["04/17", "18:11"], "comment_content": "低智商發言"}, {"comment_author": "usnavyseal", "comment_date": ["04/17", "18:12"], "comment_content": "推"}, {"comment_author": "god890529", "comment_date": ["04/17", "18:13"], "comment_content": "推"}, {"comment_author": "iam0718", "comment_date": ["04/17", "18:14"], "comment_content": "苗博雅都比黃懂法律!!"}, {"comment_author": "MyPTTLife", "comment_date": ["04/17", "18:15"], "comment_content": "不管國昌提什麼，綠共只會先潑糞"}, {"comment_author": "playplayer20", "comment_date": ["04/17", "18:18"], "comment_content": "推"}, {"comment_author": "c90051kevin", "comment_date": ["04/17", "18:19"], "comment_content": "國昌老師講到重點了 塔綠班急了"}, {"comment_author": "rex03187", "comment_date": ["04/17", "18:20"], "comment_content": "他不咆哮專注在法條專業還是很猛的"}, {"comment_author": "a089851583", "comment_date": ["04/17", "18:21"], "comment_content": "國昌沒說真的不知道"}, {"comment_author": "KiwiSoda01", "comment_date": ["04/17", "18:21"], "comment_content": "昌黑晚點才會打開影片邊罵邊打手槍"}, {"comment_author": "windcounter", "comment_date": ["04/17", "18:21"], "comment_content": "最會護航罪犯的黑道民進黨"}, {"comment_author": "KTFGU", "comment_date": ["04/17", "18:24"], "comment_content": "推"}, {"comment_author": "iPolo3", "comment_date": ["04/17", "18:26"], "comment_content": "抓到一個 嘻嘻"}, {"comment_author": "chocopoodle", "comment_date": ["04/17", "18:29"], "comment_content": "謝謝國昌提出兒虐修法"}, {"comment_author": "Albert0912", "comment_date": ["04/17", "18:30"], "comment_content": "推 民進黨司法改革就是笑話"}, {"comment_author": "new71050", "comment_date": ["04/17", "18:32"], "comment_content": "塔綠班看不懂會來噓"}, {"comment_author": "s3122762120", "comment_date": ["04/17", "18:33"], "comment_content": "司法院自己解釋法條結果跟立法者想"}, {"comment_author": "s3122762120", "comment_date": ["04/17", "18:33"], "comment_content": "的不一樣 ㄏㄏ"}, {"comment_author": "yamahara6026", "comment_date": ["04/17", "18:35"], "comment_content": "我投民眾黨的政黨票真是物超所值"}, {"comment_author": "ImCPM", "comment_date": ["04/17", "18:35"], "comment_content": "綠共又崩潰了"}, {"comment_author": "b54102", "comment_date": ["04/17", "18:35"], "comment_content": "推"}, {"comment_author": "cliff9350814", "comment_date": ["04/17", "18:35"], "comment_content": "推"}, {"comment_author": "aquantum", "comment_date": ["04/17", "18:40"], "comment_content": "推"}, {"comment_author": "nbgfdew", "comment_date": ["04/17", "18:41"], "comment_content": "說修法的法盲可不可以看完影片..... 你針"}, {"comment_author": "nbgfdew", "comment_date": ["04/17", "18:42"], "comment_content": "對刑法286修可能照實務見解完全沒有意義"}, {"comment_author": "drusilla", "comment_date": ["04/17", "18:43"], "comment_content": "民進黨不得好死"}, {"comment_author": "snine", "comment_date": ["04/17", "18:45"], "comment_content": "讚"}, {"comment_author": "ion302", "comment_date": ["04/17", "18:45"], "comment_content": "推"}, {"comment_author": "jason61105", "comment_date": ["04/17", "18:46"], "comment_content": "推   專業地推動實際的東西"}, {"comment_author": "NEDYA", "comment_date": ["04/17", "18:46"], "comment_content": "QQ"}, {"comment_author": "hdw", "comment_date": ["04/17", "18:50"], "comment_content": "台灣一堆人只有顏色沒有是非阿"}, {"comment_author": "gpbp2266", "comment_date": ["04/17", "18:51"], "comment_content": "綠吱一直在亂叫，執政八年怎麼都沒處理"}, {"comment_author": "gpbp2266", "comment_date": ["04/17", "18:51"], "comment_content": "你說啊"}, {"comment_author": "Godright", "comment_date": ["04/17", "18:51"], "comment_content": "要不是國昌我還真不知道所謂的加重1/2"}, {"comment_author": "Godright", "comment_date": ["04/17", "18:51"], "comment_content": "是有加重就好"}, {"comment_author": "Diver123", "comment_date": ["04/17", "18:54"], "comment_content": "塔綠班都法盲看不懂"}, {"comment_author": "sss6515366", "comment_date": ["04/17", "18:55"], "comment_content": "所以小藍大藍要修法沒"}, {"comment_author": "stvc", "comment_date": ["04/17", "18:57"], "comment_content": "狗畜生民進党死全家罪有英德臉好腫"}, {"comment_author": "fgjd125hg", "comment_date": ["04/17", "18:57"], "comment_content": "抱歉 國昌 新聞熱度已經過囉 沒人在乎"}, {"comment_author": "fgjd125hg", "comment_date": ["04/17", "18:58"], "comment_content": "囉"}, {"comment_author": "leo125160909", "comment_date": ["04/17", "18:58"], "comment_content": "繼續檢討宅男動漫"}, {"comment_author": "anneju", "comment_date": ["04/17", "18:58"], "comment_content": "推國昌"}, {"comment_author": "song26929", "comment_date": ["04/17", "18:59"], "comment_content": "推"}, {"comment_author": "hydracarina", "comment_date": ["04/17", "18:59"], "comment_content": "綠吱治國無能 還怪別人質詢"}, {"comment_author": "ya8957", "comment_date": ["04/17", "19:02"], "comment_content": "人渣資進党的蔡英文司法改革大成功"}, {"comment_author": "st86188go", "comment_date": ["04/17", "19:02"], "comment_content": "！！！"}, {"comment_author": "douxid", "comment_date": ["04/17", "19:02"], "comment_content": "支持民進黨的都應該撲殺才對！根本人渣"}, {"comment_author": "colenken", "comment_date": ["04/17", "19:02"], "comment_content": "推"}, {"comment_author": "shou50", "comment_date": ["04/17", "19:04"], "comment_content": "這是真正法律人在質詢交鋒的內容"}, {"comment_author": "Solonius", "comment_date": ["04/17", "19:05"], "comment_content": "今天質詢內容超有料 不過綠腦看不懂QQ"}, {"comment_author": "nxuanr", "comment_date": ["04/17", "19:07"], "comment_content": "當然要重刑啊 不然誰怕"}, {"comment_author": "emerald1108", "comment_date": ["04/17", "19:07"], "comment_content": "推"}, {"comment_author": "Dorae5566", "comment_date": ["04/17", "19:09"], "comment_content": "塔綠班潑糞失敗"}, {"comment_author": "divinespirit", "comment_date": ["04/17", "19:09"], "comment_content": ""}, {"comment_author": "divinespirit", "comment_date": ["04/17", "19:10"], "comment_content": ""}, {"comment_author": "divinespirit", "comment_date": ["04/17", "19:10"], "comment_content": ""}, {"comment_author": "dreamerV", "comment_date": ["04/17", "19:12"], "comment_content": "只有法官重判是不夠的~"}, {"comment_author": "ioopoo", "comment_date": ["04/17", "19:13"], "comment_content": "這有什麼好噓的，原來實務都亂判修個懶覺"}, {"comment_author": "ioopoo", "comment_date": ["04/17", "19:13"], "comment_content": "法"}, {"comment_author": "Trasher", "comment_date": ["04/17", "19:21"], "comment_content": "respect 有料"}, {"comment_author": "papple23g", "comment_date": ["04/17", "19:27"], "comment_content": "推 很重要的議題"}, {"comment_author": "g204094", "comment_date": ["04/17", "19:27"], "comment_content": "這場質詢超精彩 全場愣住"}, {"comment_author": "hsiao15165", "comment_date": ["04/17", "19:28"], "comment_content": "一群只有顏色沒有是非的哥布林"}, {"comment_author": "andyjaw", "comment_date": ["04/17", "19:28"], "comment_content": "謝謝政府保護加害人，司法改革大成功"}, {"comment_author": "wasme", "comment_date": ["04/17", "19:31"], "comment_content": "還是國昌有良心！"}, {"comment_author": "NosenceJohn", "comment_date": ["04/17", "19:33"], "comment_content": "推 刑期這麼輕真的毫無理由又誇張"}, {"comment_author": "tobobby", "comment_date": ["04/17", "19:33"], "comment_content": "推"}, {"comment_author": "choosin", "comment_date": ["04/17", "19:33"], "comment_content": "加油"}, {"comment_author": "genaro", "comment_date": ["04/17", "19:35"], "comment_content": "前幾樓很急"}, {"comment_author": "xaxa0101", "comment_date": ["04/17", "19:40"], "comment_content": "推"}, {"comment_author": "kalvin", "comment_date": ["04/17", "19:41"], "comment_content": "推"}, {"comment_author": "pinkamanda", "comment_date": ["04/17", "19:44"], "comment_content": "推"}, {"comment_author": "eeccms", "comment_date": ["04/17", "19:44"], "comment_content": ""}, {"comment_author": "leterg", "comment_date": ["04/17", "19:47"], "comment_content": "推"}, {"comment_author": "dick929", "comment_date": ["04/17", "19:48"], "comment_content": "所以政治人物的臉書可以爆掛？"}, {"comment_author": "Delerium", "comment_date": ["04/17", "19:48"], "comment_content": "不然党怎麼可以肆無忌憚"}, {"comment_author": "zoopingu", "comment_date": ["04/17", "19:49"], "comment_content": "哥布林都不想想某個過半黨過去八年推過"}, {"comment_author": "zoopingu", "comment_date": ["04/17", "19:49"], "comment_content": "啥法案，喔我忘了哥布林沒思考能力"}, {"comment_author": "tony0415", "comment_date": ["04/17", "19:50"], "comment_content": "推"}, {"comment_author": "covenant", "comment_date": ["04/17", "19:51"], "comment_content": "高調"}, {"comment_author": "ken0127", "comment_date": ["04/17", "19:53"], "comment_content": "推"}, {"comment_author": "dolphan", "comment_date": ["04/17", "19:53"], "comment_content": "高調"}, {"comment_author": "DCSHK", "comment_date": ["04/17", "20:01"], "comment_content": "這篇貼文24:53貼的、123樓一分鐘內就看完"}, {"comment_author": "DCSHK", "comment_date": ["04/17", "20:01"], "comment_content": "了真厲害"}, {"comment_author": "kaet", "comment_date": ["04/17", "20:02"], "comment_content": "早說監獄應該多蓋幾座 不然囚犯太多自然只好"}, {"comment_author": "kaet", "comment_date": ["04/17", "20:02"], "comment_content": "儘快假釋"}, {"comment_author": "diodeboy", "comment_date": ["04/17", "20:03"], "comment_content": "推"}, {"comment_author": "riker729", "comment_date": ["04/17", "20:03"], "comment_content": "原來加重1/2是上限.....可笑的司法"}, {"comment_author": "cosplay314", "comment_date": ["04/17", "20:05"], "comment_content": "推"}, {"comment_author": "henry46277", "comment_date": ["04/17", "20:09"], "comment_content": "高調！"}, {"comment_author": "ppsc", "comment_date": ["04/17", "20:13"], "comment_content": "塔綠班現在又開始支持虐童氾"}, {"comment_author": "starfishfish", "comment_date": ["04/17", "20:15"], "comment_content": "推"}, {"comment_author": "john8324", "comment_date": ["04/17", "20:17"], "comment_content": "原來七年加重二分之一竟然是七年一個月"}, {"comment_author": "john8324", "comment_date": ["04/17", "20:17"], "comment_content": "，真的是太離譜了"}, {"comment_author": "rancilio", "comment_date": ["04/17", "20:17"], "comment_content": "法官可不可以不要列在文組?數學爛透嗎?"}, {"comment_author": "rancilio", "comment_date": ["04/17", "20:18"], "comment_content": "以後司法考試必考高等數學"}, {"comment_author": "enoevo", "comment_date": ["04/17", "20:19"], "comment_content": "基本上很少人會知道實務上的是這樣判"}, {"comment_author": "enoevo", "comment_date": ["04/17", "20:19"], "comment_content": "揭露很多盲點"}, {"comment_author": "ersselc", "comment_date": ["04/17", "20:19"], "comment_content": "為虐童難過"}, {"comment_author": "ioff", "comment_date": ["04/17", "20:25"], "comment_content": "推"}, {"comment_author": "bigpan", "comment_date": ["04/17", "20:29"], "comment_content": "沒有下一代 完全不必擔憂"}, {"comment_author": "chentosi1217", "comment_date": ["04/17", "20:30"], "comment_content": "哥布林好氣出來丟臉好好笑"}, {"comment_author": "bigpan", "comment_date": ["04/17", "20:30"], "comment_content": "犯人應該要抓去做苦工 緩解國家缺工危機"}, {"comment_author": "bokonon", "comment_date": ["04/17", "20:32"], "comment_content": "幫高調 藍綠的司法改革就是放屁"}, {"comment_author": "jevity0320", "comment_date": ["04/17", "20:35"], "comment_content": "推"}, {"comment_author": "nikewang", "comment_date": ["04/17", "20:41"], "comment_content": "形法補教名師沈撲馬怎沒跟上？"}, {"comment_author": "Chen7", "comment_date": ["04/17", "20:52"], "comment_content": "就沒判多少了還只關一半…"}, {"comment_author": "ayianayian", "comment_date": ["04/17", "20:53"], "comment_content": "綠糞沉回你們的化糞池好嗎？浮出來是"}, {"comment_author": "ayianayian", "comment_date": ["04/17", "20:54"], "comment_content": "怕別人不知道你們多臭？"}, {"comment_author": "dtggmike", "comment_date": ["04/17", "20:54"], "comment_content": "塔綠班：司法改革大成功 保障犯人犯法的"}, {"comment_author": "dtggmike", "comment_date": ["04/17", "20:54"], "comment_content": "權益"}, {"comment_author": "abc80915", "comment_date": ["04/17", "20:57"], "comment_content": "推"}, {"comment_author": "taowoman", "comment_date": ["04/17", "21:11"], "comment_content": "真的覺得好煩，到底為什麼要一直輕縱這"}, {"comment_author": "taowoman", "comment_date": ["04/17", "21:11"], "comment_content": "些加害人"}, {"comment_author": "Sechss", "comment_date": ["04/17", "21:20"], "comment_content": "全臺灣最認真的立委 沒有之一"}, {"comment_author": "just30lover", "comment_date": ["04/17", "21:24"], "comment_content": "推"}, {"comment_author": "sding", "comment_date": ["04/17", "21:25"], "comment_content": "推"}, {"comment_author": "mark31326", "comment_date": ["04/17", "21:28"], "comment_content": "可以問問連公子與他的小孩看看，覺得兒"}, {"comment_author": "mark31326", "comment_date": ["04/17", "21:28"], "comment_content": "虐通報使用起來有沒有效"}, {"comment_author": "chick7979", "comment_date": ["04/17", "21:31"], "comment_content": "推"}, {"comment_author": "OLinPa", "comment_date": ["04/17", "21:41"], "comment_content": "看完影片了 真是太離譜了"}, {"comment_author": "zxzx789852", "comment_date": ["04/17", "21:46"], "comment_content": "推"}, {"comment_author": "meli420ssa", "comment_date": ["04/17", "21:48"], "comment_content": "超猛的質詢"}, {"comment_author": "hjo44", "comment_date": ["04/17", "21:55"], "comment_content": "推"}, {"comment_author": "holiybo", "comment_date": ["04/17", "22:04"], "comment_content": "不敢承認監獄太少 拼命假釋"}, {"comment_author": "kiddnash", "comment_date": ["04/17", "22:05"], "comment_content": "推"}, {"comment_author": "Mensholaten", "comment_date": ["04/17", "22:10"], "comment_content": "有夠扯 虐兒不是跟謀殺一樣嗎 還可"}, {"comment_author": "Mensholaten", "comment_date": ["04/17", "22:10"], "comment_content": "以關六年假釋 法匠也只會踢皮球"}, {"comment_author": "zllu", "comment_date": ["04/17", "22:17"], "comment_content": "一個人電翻整個立法院 其他民眾黨立委在幹"}, {"comment_author": "sleeploquat", "comment_date": ["04/17", "22:31"], "comment_content": "推國昌 認真做事"}, {"comment_author": "raphin", "comment_date": ["04/17", "22:36"], "comment_content": "這真的是一個bug"}, {"comment_author": "denniss", "comment_date": ["04/17", "22:37"], "comment_content": "推"}, {"comment_author": "lomeoh", "comment_date": ["04/17", "22:41"], "comment_content": "推國昌老師發現這個大bug"}, {"comment_author": "lonelyhareq", "comment_date": ["04/17", "22:46"], "comment_content": "強"}, {"comment_author": "likat", "comment_date": ["04/17", "22:46"], "comment_content": "謝謝黃老師跳出來要從源頭解決！！！！讚"}, {"comment_author": "marke18", "comment_date": ["04/17", "22:52"], "comment_content": "推～QQ"}, {"comment_author": "lemon101", "comment_date": ["04/17", "22:54"], "comment_content": "推"}, {"comment_author": "fairy20115", "comment_date": ["04/17", "22:55"], "comment_content": "推"}, {"comment_author": "amingoliu", "comment_date": ["04/17", "23:05"], "comment_content": "推"}, {"comment_author": "encoreg57985", "comment_date": ["04/17", "23:10"], "comment_content": "輕判是一個問題畔種輕易假釋也問題"}, {"comment_author": "Trulli", "comment_date": ["04/17", "23:13"], "comment_content": "推 垃圾民進党"}, {"comment_author": "csaoesc", "comment_date": ["04/17", "23:14"], "comment_content": "推"}, {"comment_author": "ioopoo", "comment_date": ["04/17", "23:19"], "comment_content": "這質詢真的太棒了，286條被架空我知道，但"}, {"comment_author": "ioopoo", "comment_date": ["04/17", "23:20"], "comment_content": "真的沒想到加重1/2是這樣搞的"}, {"comment_author": "lspslaw", "comment_date": ["04/17", "23:22"], "comment_content": "一直忘記王是民訴學者"}, {"comment_author": "rickboo0809", "comment_date": ["04/17", "23:23"], "comment_content": "沒用的51席"}, {"comment_author": "talldonkey", "comment_date": ["04/17", "23:49"], "comment_content": "強"}, {"comment_author": "OGCkid", "comment_date": ["04/17", "23:58"], "comment_content": "這場怎麼像教授在幫幼兒園上課"}, {"comment_author": "pcizj", "comment_date": ["04/18", "00:22"], "comment_content": "白蔥連一個統神都不敢面對，太誇張了"}, {"comment_author": "adminc", "comment_date": ["04/18", "00:29"], "comment_content": "推"}, {"comment_author": "chentosi1217", "comment_date": ["04/18", "00:39"], "comment_content": "pcizj你說說看統肥犯什麼罪要黃去面"}, {"comment_author": "chentosi1217", "comment_date": ["04/18", "00:39"], "comment_content": "對？"}, {"comment_author": "dummy003", "comment_date": ["04/18", "00:58"], "comment_content": "所以蔡英文執政8年幹了什麼大事，8800億"}, {"comment_author": "dummy003", "comment_date": ["04/18", "00:58"], "comment_content": "？"}, {"comment_author": "shi21", "comment_date": ["04/18", "01:03"], "comment_content": "推"}, {"comment_author": "arbteiff", "comment_date": ["04/18", "01:12"], "comment_content": "給推，尤其想像競合那邊，法務部回答真"}, {"comment_author": "arbteiff", "comment_date": ["04/18", "01:12"], "comment_content": "的..."}, {"comment_author": "poorenglish", "comment_date": ["04/18", "01:19"], "comment_content": "高調 哥布林這也能反？？"}, {"comment_author": "jerry810113", "comment_date": ["04/18", "01:28"], "comment_content": "奈斯"}, {"comment_author": "speedup", "comment_date": ["04/18", "01:40"], "comment_content": "綠畜7pupu"}, {"comment_author": "marlboronick", "comment_date": ["04/18", "02:02"], "comment_content": "推"}, {"comment_author": "FenderJBass", "comment_date": ["04/18", "02:18"], "comment_content": "推一個"}, {"comment_author": "timoth", "comment_date": ["04/18", "02:38"], "comment_content": "黃國昌功課做得太好了吧！"}, {"comment_author": "xhung", "comment_date": ["04/18", "02:41"], "comment_content": "刑責加重至1/2 是最高1.5倍 但法官很佛心"}, {"comment_author": "ganbastar", "comment_date": ["04/18", "03:53"], "comment_content": "認真問政然後滿意度最低,台灣真悲哀"}, {"comment_author": "khoybgio", "comment_date": ["04/18", "05:13"], "comment_content": "笑死 前面幾樓風向部隊也太弱了吧"}, {"comment_author": "GDUNICORN", "comment_date": ["04/18", "06:14"], "comment_content": "從不敢面對憨川到現在變成綠化豬了嗎XD"}, {"comment_author": "dream6789", "comment_date": ["04/18", "06:24"], "comment_content": "高調"}, {"comment_author": "shiaoyan", "comment_date": ["04/18", "06:36"], "comment_content": "老師讚"}, {"comment_author": "adsop", "comment_date": ["04/18", "07:09"], "comment_content": "推"}, {"comment_author": "im31519", "comment_date": ["04/18", "07:20"], "comment_content": "考選部 收到 列為今年高考法制考題!"}, {"comment_author": "aken59420", "comment_date": ["04/18", "07:39"], "comment_content": "幸虧總統是唸法律的，台灣的法制她管"}, {"comment_author": "aken59420", "comment_date": ["04/18", "07:39"], "comment_content": "成這樣"}, {"comment_author": "tskier", "comment_date": ["04/18", "07:56"], "comment_content": "推"}, {"comment_author": "Zechen89", "comment_date": ["04/18", "09:40"], "comment_content": "沒空，準備甲動擋國會改革"}, {"comment_author": "sherlinat", "comment_date": ["04/18", "10:10"], "comment_content": "低能綠粉看不懂只能亂噴"}, {"comment_author": "smonkey", "comment_date": ["04/18", "10:39"], "comment_content": "推國昌"}, {"comment_author": "vincent0719", "comment_date": ["04/18", "10:45"], "comment_content": "推"}, {"comment_author": "ShepherdD129", "comment_date": ["04/18", "12:31"], "comment_content": "推"}, {"comment_author": "beyir", "comment_date": ["04/18", "12:57"], "comment_content": "影片全部看完了 只能推了"}, {"comment_author": "beyir", "comment_date": ["04/18", "13:00"], "comment_content": "連質詢兒少都能噓  難怪生育率低"}, {"comment_author": "Sup183", "comment_date": ["04/18", "13:42"], "comment_content": "推國昌老師"}, {"comment_author": "bluemmb", "comment_date": ["04/18", "14:29"], "comment_content": "推"}, {"comment_author": "Wolverin5566", "comment_date": ["04/18", "15:49"], "comment_content": "沈不是很會嗎 怎麼噤聲了 嘻嘻"}, {"comment_author": "Ponsali", "comment_date": ["04/18", "16:31"], "comment_content": "推"}, {"comment_author": "seesky82321", "comment_date": ["04/18", "22:57"], "comment_content": "推"}, {"comment_author": "netnetvip", "comment_date": ["04/18", "23:26"], "comment_content": "推"}]}
