{"author": "direct (【強迫練鐵頭功】)", "category": "Gossiping", "title": "Re: [新聞] 太猛！幼稚園畢業旅行「東京大阪7日遊」　家長憂曝超", "date": "Tue Apr 16 23:47:42 2024", "content": ["['※ 引述《CREA (人間不信)》之銘言', ': TVBS新聞網', ': 編輯 何可妍 報導', ': 2024/04/16 19:09', ': 太猛！幼稚園畢業旅行「東京大阪7日遊」\\u3000家長憂曝超狂行程', ': \\u3000\\u3000學生時期幼稚園、國小、國中、高中，每告別一個階段前，學校都會舉辦畢', ': 業旅行，讓學生與好友、同學們留下美好回憶。近日一名家長分享，學校提供2', ': 項畢業旅行地點選擇，其中1項為「東京大阪7日遊」，這讓他有點擔心，發文詢', ': 問意見，貼文曝光引起討論，不少人直呼太猛！', ': \\u3000\\u3000一名家長在「靠北幼稚園」分享，就讀大班的孩子即將畢業，學校舉辦畢業', ': 旅行，並提供國內旅遊及國外旅遊2個選項給家長選擇，第1項為「澎湖金門7日', ': 遊」、第2項為「東京大阪7日遊」，由於2者日期錯開，可以選擇任一種或是兩', ': 種皆參加。']", "這種爸媽不跟絕對被白眼的啦最好老師有辦法一個人顧十幾個六歲小朋友本質上就是班級家長一起出去玩，順便幫老師出旅費就甘心欸", "--"], "post_comment": [{"comment_author": "chachalaca", "comment_date": ["04/16", "23:48"], "comment_content": "上班出差還要自己出錢嗎?"}, {"comment_author": "apeople", "comment_date": ["04/16", "23:50"], "comment_content": "大阪東京7日遊？才七天是要玩沾醬油？"}, {"comment_author": "lovecyfen", "comment_date": ["04/16", "23:50"], "comment_content": "有錢人才會國旅 國旅太貴了"}, {"comment_author": "lpllpllpl", "comment_date": ["04/16", "23:52"], "comment_content": "給老師錢 搞不好也不願意去好嘛"}, {"comment_author": "lpllpllpl", "comment_date": ["04/16", "23:53"], "comment_content": "了不起一班20個 帶三個老師 國外一打七"}, {"comment_author": "lpllpllpl", "comment_date": ["04/16", "23:53"], "comment_content": " 就算食宿機票免錢 我也不要"}, {"comment_author": "VSshow", "comment_date": ["04/16", "23:54"], "comment_content": "就老師出去玩全校家長幫忙出錢囉"}, {"comment_author": "duriel3313", "comment_date": ["04/16", "23:57"], "comment_content": "如果可以選，信不信大多老師也不想去"}, {"comment_author": "duriel3313", "comment_date": ["04/16", "23:58"], "comment_content": ",你以為帶小孩輕鬆還是帶活動老師不"}, {"comment_author": "duriel3313", "comment_date": ["04/16", "23:58"], "comment_content": "用負責？還是覺得老師會沒錢自己出國"}, {"comment_author": "duriel3313", "comment_date": ["04/16", "23:58"], "comment_content": "玩？"}, {"comment_author": "andy79323", "comment_date": ["04/16", "23:58"], "comment_content": "幼稚園是要期待玩什麼 當然沾醬油玩法"}, {"comment_author": "sobiNOva", "comment_date": ["04/17", "00:03"], "comment_content": "其實小朋友團才好帶 不用解說"}, {"comment_author": "sobiNOva", "comment_date": ["04/17", "00:03"], "comment_content": "講講故事唱唱歌就打發掉了"}, {"comment_author": "lpllpllpl", "comment_date": ["04/17", "00:06"], "comment_content": "好帶？ 我看那些老師帶半天的戶外教學"}, {"comment_author": "lpllpllpl", "comment_date": ["04/17", "00:07"], "comment_content": "跟如臨大敵一樣耶"}, {"comment_author": "excercang", "comment_date": ["04/17", "00:09"], "comment_content": "老師絕對不想去"}, {"comment_author": "excercang", "comment_date": ["04/17", "00:09"], "comment_content": "國小 幼兒園的校外教學對老師而言根本"}, {"comment_author": "excercang", "comment_date": ["04/17", "00:10"], "comment_content": "地獄，風險過高"}, {"comment_author": "fire124", "comment_date": ["04/17", "08:36"], "comment_content": "帶一堆失控小孩出國玩 有人覺得好帶?"}, {"comment_author": "lastsodeep", "comment_date": ["04/17", "08:56"], "comment_content": "以為去玩的？ 除非分小組帶開"}, {"comment_author": "kk780712", "comment_date": ["04/17", "20:17"], "comment_content": "生病意外老師不用扛責？"}, {"comment_author": "kk780712", "comment_date": ["04/17", "20:17"], "comment_content": "不然怎不問看看為什麼很多家長不常帶幼"}, {"comment_author": "kk780712", "comment_date": ["04/17", "20:17"], "comment_content": "兒孩子去玩"}]}
