{"author": "callhek (沒錢住帝寶)", "category": "Gossiping", "title": "Re: [問卦] 買房是“先求有再求好”嗎？", "date": "Sun Apr 14 12:29:43 2024", "content": ["['※ 引述《saufu08 (saufu)》之銘言：', ': 以現在台灣的房價，除非你真的很有能力，或是父母親夠強，能支援你比較多錢，', ': 否則大部分的人都是要靠自己去買房子。', ': 但是現在新北市市區動輒一坪50、60萬起跳的房價，如果是新大樓社區，新建案，那更', ': 怕。', ': 大家會否覺得，買房子一樣是', ': “先求有再求好”', ': 全新電梯大樓社區買不起，但至少30年、40年便宜一點的公寓、老社區，能買先買。', ': 等多年後有能力再換新大樓社區就好了對吧？', ': 其實買房也是一樣，先求有再求好，不要好高騖遠，想一步登天對吧？', ': 有沒有八卦呢？']", "可", "我呸呸呸我父母輩就可以住新房子，我們下一代就只能買老房子喔！憑什麼以前薪水高，房價又便宜，我們現代薪水低，房價高還像鳥籠一樣…我不管啦，我不要買跟我一樣老甚至老爺爺的老房子，等等跟天王星一樣倒了怎麼辦！房蟲不倒台灣不會好 叭叭--", "我要信義區 一坪10w 免頭期貸款50年"], "post_comment": [{"comment_author": "dayend", "comment_date": ["04/14", "12:31"], "comment_content": "以前沒有薪水高喔^^"}, {"comment_author": "DCSHK", "comment_date": ["04/14", "12:38"], "comment_content": "現在是薪水低 房價高唷^^"}, {"comment_author": "lou", "comment_date": ["04/14", "12:47"], "comment_content": "去中南部買房啊，笑你不敢"}, {"comment_author": "i1210", "comment_date": ["04/14", "19:56"], "comment_content": "撿破爛的要抓交替的都這樣講？"}, {"comment_author": "i1210", "comment_date": ["04/14", "19:57"], "comment_content": "撿破爛住南寮海邊還要50萬？"}, {"comment_author": "i1210", "comment_date": ["04/14", "19:57"], "comment_content": "腦子沒撞到的都不會這樣買。越隨便的越窮？"}, {"comment_author": "i1210", "comment_date": ["04/14", "19:58"], "comment_content": "30年的電梯早就不行了更換要30萬"}]}
