{"author": "Pixma258 (鄉民們!別爭了!!)", "category": "Gossiping", "title": "Re: [問卦] 當年林志穎 孫耀威 鍾漢良 吳奇隆誰最強?", "date": "Sat Apr 13 12:47:51 2024", "content": ["['※ 引述《Ninja650r (忍者)》之銘言：', ': 弱弱問', ': 當年林志穎 孫耀威 鍾漢良 吳奇隆誰最強?', ': 這些好像每個都算鰻厲害的', ': 不知道誰最強呢?', ': 林?']", "吳出道最早，但小虎隊解散，吳有隨時會被抓回去當兵傳言，聲勢沒一開始那麼紅林志穎當時最紅，台灣香港紅翻天，九○年代只有香港藝人來台灣虐菜，唯一台灣反攻香港的就是林志穎，十八歲登香港紅磡開演唱會，這紀錄不知被打破了沒孫耀威晚林志穎一年出道，當初就金點唱片找來對打林志穎的，孫頂著帥臉香港理工大學的高材生，唱歌也好聽，配上桑田佑加曲子改編的認識你真好，在台灣也爆紅一陣子鍾漢良是95年OREA出道的，那時林志穎早去當兵了，吳也正慢慢往電影和拍劇方向發展不唱歌了，所以無法比較", "--"], "post_comment": [{"comment_author": "Aueston", "comment_date": ["04/13", "12:52"], "comment_content": "林在泰國好像也很紅，當時還有傳言泰國"}, {"comment_author": "Aueston", "comment_date": ["04/13", "12:52"], "comment_content": "公主喜歡他，不知道是不是公關操作。"}, {"comment_author": "fp737", "comment_date": ["04/13", "12:54"], "comment_content": "TAE"}, {"comment_author": "YesHi", "comment_date": ["04/13", "12:54"], "comment_content": "那時 林志穎最頂沒錯 然後在最紅時跑去當兵"}, {"comment_author": "bl0418", "comment_date": ["04/13", "13:30"], "comment_content": "林最紅啊 明明才發第一張專輯而已 就紅透"}, {"comment_author": "bl0418", "comment_date": ["04/13", "13:30"], "comment_content": "兩岸三地"}]}
