{"author": "a5413eric (a5413eric)", "category": "Gossiping", "title": "Re: [問卦] 認真問，統神這次算是被抹黑嗎", "date": "Fri Apr 12 12:11:24 2024", "content": ["他的失言以及白目的行為被過度解釋 加上媒體煽風點火還有某個族群的仇恨是很大的這個族群最一開始來自於吳崢的粉絲他的粉絲是源自於哪個地方就不說了吧？仇恨值極高 還有thread在選舉前都能看到那種非你族類就要死的連賴清德之前都扛不住統神某種程度上是為了以前跟他的言行付出代價而已因為他賴皮的那套 會接受的就是電競圈的小族群為什麼會燒這麼大是因為被媒體報+出圈他的風格外面沒幾個人能接受的還有以往被攻擊過的人也會回來補槍至於你說媒體有沒有過度操作我認為有 因為現在有流量他本身有失言 因為身為公眾人物一定會被放大檢視但…也放太大了吧？有一大堆更重要的事不報一直報他可以去觀察現在攻擊他的人都是要馬女權 甲 台灣價值族群還有以前被他搞過的 看他不爽的仇人至於你說某個黨有得利嗎我倒認為沒有 因為發言人被噴爆現在60%只會更認為那40%很可怕--"], "post_comment": [{"comment_author": "boboking2", "comment_date": ["04/12", "12:12"], "comment_content": "所以他失言 扯王必勝 古拉斯 王八千幹"}, {"comment_author": "boboking2", "comment_date": ["04/12", "12:12"], "comment_content": "嘛 不就是想跟黨開戰"}, {"comment_author": "benny1990615", "comment_date": ["04/12", "12:13"], "comment_content": "只有八卦網軍覺得不嚴重"}, {"comment_author": "bill403777", "comment_date": ["04/12", "12:13"], "comment_content": "會燒起來就是被發言人毛骨悚然 跳針無"}, {"comment_author": "bill403777", "comment_date": ["04/12", "12:13"], "comment_content": "關政治的可能不識字"}, {"comment_author": "VOLK11", "comment_date": ["04/12", "12:14"], "comment_content": "現在就看百分之四十會不會繼續掉粉阿"}, {"comment_author": "pilileon", "comment_date": ["04/12", "12:14"], "comment_content": "本來不反感，現在也覺得很可怕"}, {"comment_author": "VOLK11", "comment_date": ["04/12", "12:15"], "comment_content": "反正個人是不會看電視的，就讓電視台賣藥"}, {"comment_author": "VOLK11", "comment_date": ["04/12", "12:15"], "comment_content": "阿，這種不符比例追殺一個人不該是民主政"}, {"comment_author": "VOLK11", "comment_date": ["04/12", "12:16"], "comment_content": "治的常態"}, {"comment_author": "VOLK11", "comment_date": ["04/12", "12:17"], "comment_content": "個人的看法目前應該是兩敗俱傷五五波啦"}, {"comment_author": "VOLK11", "comment_date": ["04/12", "12:17"], "comment_content": "因為去問一般的人在不被媒體帶風向就事論"}, {"comment_author": "VOLK11", "comment_date": ["04/12", "12:17"], "comment_content": "事只看事情的情況下"}, {"comment_author": "scorpio223", "comment_date": ["04/12", "12:19"], "comment_content": "他亂吠已經超過十年了只有這次鬧很大"}, {"comment_author": "VOLK11", "comment_date": ["04/12", "12:19"], "comment_content": "一般人是不能認同統神言論風格是沒錯，但"}, {"comment_author": "scorpio223", "comment_date": ["04/12", "12:19"], "comment_content": "為什麼呢自己想想，媒體要你死就去死"}, {"comment_author": "VOLK11", "comment_date": ["04/12", "12:19"], "comment_content": "是他又沒有要選舉，只要電競同好溫層認同"}, {"comment_author": "VOLK11", "comment_date": ["04/12", "12:19"], "comment_content": "就好"}, {"comment_author": "VOLK11", "comment_date": ["04/12", "12:20"], "comment_content": "統神自己氣起來，暴躁起來就說他不參加任"}, {"comment_author": "VOLK11", "comment_date": ["04/12", "12:21"], "comment_content": "何政黨巴拉巴拉，事實上他對政治沒興趣只"}, {"comment_author": "VOLK11", "comment_date": ["04/12", "12:21"], "comment_content": "是嘴砲目前不喜歡民進黨"}, {"comment_author": "VOLK11", "comment_date": ["04/12", "12:21"], "comment_content": "那在問到路人下一題，認為黨媒這樣追殺一"}, {"comment_author": "VOLK11", "comment_date": ["04/12", "12:22"], "comment_content": "個人有必要嗎？洗了七十篇新聞"}, {"comment_author": "VOLK11", "comment_date": ["04/12", "12:23"], "comment_content": "個人覺得大家一定覺得沒必要的居多，也知"}, {"comment_author": "VOLK11", "comment_date": ["04/12", "12:23"], "comment_content": "道是政治操作，要不然塔塔媒體操作那麼成"}, {"comment_author": "VOLK11", "comment_date": ["04/12", "12:23"], "comment_content": "功，不會從817萬票掉到558萬票，每天歌功"}, {"comment_author": "VOLK11", "comment_date": ["04/12", "12:23"], "comment_content": "頌德狂攻其他政敵還是掉票"}, {"comment_author": "echochrome", "comment_date": ["04/12", "12:25"], "comment_content": "他如果不是拿必勝來跳針 可能就還好"}, {"comment_author": "VOLK11", "comment_date": ["04/12", "12:25"], "comment_content": "今天百分之四十要拉百分之六十的票，百分"}, {"comment_author": "VOLK11", "comment_date": ["04/12", "12:26"], "comment_content": "之六十認為我上個月買一碗麵是95元，這個"}, {"comment_author": "VOLK11", "comment_date": ["04/12", "12:26"], "comment_content": "月變105元，什麼爛政黨，兩百億勒？？？統"}, {"comment_author": "VOLK11", "comment_date": ["04/12", "12:26"], "comment_content": "神這樣叫衣冠禽獸，那貪兩百億的人呢？？"}, {"comment_author": "VOLK11", "comment_date": ["04/12", "12:27"], "comment_content": "之後一度電價號稱要漲到八元，什麼統不統"}, {"comment_author": "VOLK11", "comment_date": ["04/12", "12:27"], "comment_content": "神阿，要付房貸的上班族快變餓鬼"}, {"comment_author": "VOLK11", "comment_date": ["04/12", "12:28"], "comment_content": "今天台灣的媒體不夠變態嗎？好好一個媒體"}, {"comment_author": "VOLK11", "comment_date": ["04/12", "12:28"], "comment_content": "不去監督政治人物，跑去找一個愛幻想網紅"}, {"comment_author": "VOLK11", "comment_date": ["04/12", "12:28"], "comment_content": "的麻煩"}, {"comment_author": "VOLK11", "comment_date": ["04/12", "12:30"], "comment_content": "那偶為什麼要信這霉體，增加這些霉體所（"}, {"comment_author": "VOLK11", "comment_date": ["04/12", "12:30"], "comment_content": "故意有計劃）帶的風向，讓它們不正常第四"}, {"comment_author": "VOLK11", "comment_date": ["04/12", "12:30"], "comment_content": "權該做的事情奸計得逞呢？"}, {"comment_author": "VOLK11", "comment_date": ["04/12", "12:32"], "comment_content": "今天個人沒有很認同統神的言論，但我非常"}, {"comment_author": "VOLK11", "comment_date": ["04/12", "12:32"], "comment_content": "深切體會統神的痛苦,因為我們都是死老百姓"}, {"comment_author": "VOLK11", "comment_date": ["04/12", "12:32"], "comment_content": "，屍骨已經壓一半在沒有希望的未來上面，"}, {"comment_author": "VOLK11", "comment_date": ["04/12", "12:32"], "comment_content": "鬼島政治不會好的啦"}, {"comment_author": "bbbchu", "comment_date": ["04/12", "12:33"], "comment_content": "以前誰在意他講什麼 會燒那麼大是因為全"}, {"comment_author": "VOLK11", "comment_date": ["04/12", "12:33"], "comment_content": "統神一直爆氣，因為他被廁翼洗文說他是戀"}, {"comment_author": "VOLK11", "comment_date": ["04/12", "12:33"], "comment_content": "童癖，當初塔綠班對付蘇處長那套又回籠了"}, {"comment_author": "bbbchu", "comment_date": ["04/12", "12:33"], "comment_content": "民議題 自己不經大腦講話 怪誰"}, {"comment_author": "VOLK11", "comment_date": ["04/12", "12:34"], "comment_content": "它們就是要尼統神發瘋講出更不堪的話阿，"}, {"comment_author": "VOLK11", "comment_date": ["04/12", "12:34"], "comment_content": "然後目的就是要吸百分之六十的選票"}, {"comment_author": "bbbchu", "comment_date": ["04/12", "12:35"], "comment_content": "政治腦的都有夠北七"}, {"comment_author": "VOLK11", "comment_date": ["04/12", "12:36"], "comment_content": "那有用嗎？個人覺得這種瞎操作效果不大，"}, {"comment_author": "VOLK11", "comment_date": ["04/12", "12:36"], "comment_content": "因為百分之六十就是賭爛塔綠班網軍阿"}, {"comment_author": "VOLK11", "comment_date": ["04/12", "12:37"], "comment_content": "那統神真的不是戀童癖，那就針對留言做法"}, {"comment_author": "VOLK11", "comment_date": ["04/12", "12:37"], "comment_content": "律動作阿，幹嘛啊，全部刪光平台龜孫子"}, {"comment_author": "VOLK11", "comment_date": ["04/12", "12:38"], "comment_content": "反正大家評評理阿，一個民主自由進步的國"}, {"comment_author": "VOLK11", "comment_date": ["04/12", "12:38"], "comment_content": "家，為什麼媒體可以發七十篇文章短時間強"}, {"comment_author": "VOLK11", "comment_date": ["04/12", "12:39"], "comment_content": "度的公審一個人，公審陳進興都沒那麼盡力"}, {"comment_author": "VOLK11", "comment_date": ["04/12", "12:40"], "comment_content": "然後真的罪大惡極殺人虐童的犯人,這些絕青"}, {"comment_author": "VOLK11", "comment_date": ["04/12", "12:40"], "comment_content": "說要廢死可教化，然後沒什麼新聞，神經病"}, {"comment_author": "VOLK11", "comment_date": ["04/12", "12:40"], "comment_content": "鬼島，這世界瘋了"}, {"comment_author": "wei1224", "comment_date": ["04/12", "12:58"], "comment_content": "不要再統神了 人家需要安靜 藍畜別吵了"}]}
