{"author": "simon415 (城南徐公)", "category": "Gossiping", "title": "Re: [新聞] 進屋不到1分鐘就大爆炸！租客藏10加侖汽油", "date": "Fri Apr 12 12:18:24 2024", "content": ["本篇房版也有發一篇，這邊討論這篇新聞的人也不少，便自己轉過來了抵押不動產的「生意合夥人」不曉得是眼界不廣還真的如我所想分享一下自己之前的經驗可惜都沒有全名沒辦法看看有沒有其他官司幾年前在外地工作租屋的時候房東也是相似的狀況當時也一樣有個所謂的合夥人和房東推薦了一個賺錢的生意但房東並沒有相關器材與資金於是合夥人提供給房東資金與器材而房東先將當時我租的那棟房子抵押給對方但房價高於這些費用於是對方也提供了許多所謂的藝術品做為擔保品然後一陣子之後果不然生意失敗了對方便直接要求房子產權的轉移（這邊詳細如何我沒那麼清楚）總之房東除了籌出當時的資金以外同時也嘗試將那些藝術品脫手但合夥人不接受藝術品價值而且房東也發現實際上根本賣不了當時對方聲稱的價值（或賣不掉）總之最後只有當時房子變為合夥人與資金的借據和一些不夠有力的對話紀錄被留下所以房東民事敗訴了，房子也自然的變成合夥人的期間還有許多小事這邊不贅述至於我幹嘛這麼了解房東的官司因為那位合夥人連當時所有的租客都提告我在幾年前早以遷出，但時間點來說房子是合夥人的合夥人便以我沒與他點交為由向我請求他取得房子產權至他與房東官司結束後提出謙讓房屋期間的所有租金然後我就這樣花費了許多時間跟親人壓力（共有地進入拍賣程序）去把這些事情處理好以上有部分可能有些主觀見解（畢竟就是我自己看過去判決書與房東的說法講的）但包含這篇新聞在內已經是我看過的第三個類似案件相同都有房子被抵押都有法律能力優秀的合夥人都有失敗的生意很難不讓我去連結這是不是某種套路這次也許就剛好原屋主因身體無法撐下去才執行這件事當然目前也還在調查中是不是真的類似也不敢說死只是看到時也會想如果是自己遇上這種事可能也會走上相似的結果吧另外補充，雖然應該沒啥關係，但不知道為何我遇到的與本篇都是合夥人的兒子來處理強制執行相關事項，--", "對，莫名被請求兩年多的房租，可是別說住，我那兩年幾乎沒去到那個縣市", "我想關鍵就是話術了，比方說賺了我分10%當利息，沒賺你不用給我利息（但我會拿走抵押品沒講出來）"], "post_comment": [{"comment_author": "weakerman", "comment_date": ["04/12", "12:20"], "comment_content": "其實這種下套坑人很常見，例如某夜市地"}, {"comment_author": "KANGTA23", "comment_date": ["04/12", "12:21"], "comment_content": "看完這篇再度致敬真勇者"}, {"comment_author": "weakerman", "comment_date": ["04/12", "12:21"], "comment_content": "主二代，被朋友牽去找黑道來管理夜市，"}, {"comment_author": "zere", "comment_date": ["04/12", "12:21"], "comment_content": "如果是套路那真的很可怕"}, {"comment_author": "weakerman", "comment_date": ["04/12", "12:22"], "comment_content": "然後黑道又把二代牽去賭，搞到最後這個"}, {"comment_author": "weakerman", "comment_date": ["04/12", "12:22"], "comment_content": "夜市管理者也算公司合夥人吃掉整個夜市"}, {"comment_author": "weakerman", "comment_date": ["04/12", "12:23"], "comment_content": "，當時還搞到兩派黑道跟警察都在裡面爭"}, {"comment_author": "snow3804", "comment_date": ["04/12", "12:23"], "comment_content": "原來還有這種玩法"}, {"comment_author": "weakerman", "comment_date": ["04/12", "12:23"], "comment_content": "這個夜市"}, {"comment_author": "weakerman", "comment_date": ["04/12", "12:25"], "comment_content": "飯店業裡面也很多這種玩法"}, {"comment_author": "sexygnome", "comment_date": ["04/12", "12:26"], "comment_content": "這手法只能騙騙不懂的人，房子設定最"}, {"comment_author": "sexygnome", "comment_date": ["04/12", "12:26"], "comment_content": "高限額抵押或是相當於器材價值的抵押"}, {"comment_author": "sexygnome", "comment_date": ["04/12", "12:26"], "comment_content": "權就好，拿藝術品衝三小"}, {"comment_author": "abel0201", "comment_date": ["04/12", "12:27"], "comment_content": "還滿多的啦，要吊你入甕都是一直吹"}, {"comment_author": "abel0201", "comment_date": ["04/12", "12:27"], "comment_content": "捧董來董去的"}, {"comment_author": "ccufcc", "comment_date": ["04/12", "12:28"], "comment_content": "欸都中風了再怎麼神也很容易失敗吧"}, {"comment_author": "ccufcc", "comment_date": ["04/12", "12:28"], "comment_content": "不過套路確實可怕，但火葬更可怕"}, {"comment_author": "Ilat", "comment_date": ["04/12", "12:29"], "comment_content": "哇靠現在連單純租個房子來住都會被坑殺喔..."}, {"comment_author": "japan428", "comment_date": ["04/12", "12:29"], "comment_content": "這邏輯真的不好懂，以台灣轉增貸房貸的"}, {"comment_author": "japan428", "comment_date": ["04/12", "12:30"], "comment_content": "方便度，有需要再轉一手來投資其他事業"}, {"comment_author": "Ilat", "comment_date": ["04/12", "12:30"], "comment_content": "誰知道自己租的房子是不是早就被房東抵押了"}, {"comment_author": "japan428", "comment_date": ["04/12", "12:30"], "comment_content": "？"}, {"comment_author": "finasoul", "comment_date": ["04/12", "12:41"], "comment_content": "常見啦。我這邊一家生意很好都餐廳也是"}, {"comment_author": "finasoul", "comment_date": ["04/12", "12:42"], "comment_content": "，某日被XX欠一堆賭債就..."}, {"comment_author": "bar1005", "comment_date": ["04/12", "14:06"], "comment_content": "我覺得裡面很有故事 為何抵押給父親 父親"}, {"comment_author": "bar1005", "comment_date": ["04/12", "14:06"], "comment_content": "要用買賣的方式過給兒子。如果當初假設房"}, {"comment_author": "bar1005", "comment_date": ["04/12", "14:06"], "comment_content": "子一千萬 我不信抵押是實拿一千萬 這裡面"}, {"comment_author": "bar1005", "comment_date": ["04/12", "14:07"], "comment_content": "很有故事"}, {"comment_author": "a125wind", "comment_date": ["04/12", "17:13"], "comment_content": "感謝分析，1樓所說被牽去賭的很常聽到"}, {"comment_author": "soppyui", "comment_date": ["04/12", "18:16"], "comment_content": "無產階級VS有產階級的鬥爭  以後只會更多"}, {"comment_author": "YOLULIN1985", "comment_date": ["04/12", "19:58"], "comment_content": "哇 竟然有這招"}]}
