{"author": "callhek (沒錢住帝寶)", "category": "Gossiping", "title": "Re: [問卦] 明天再跌600點會怎樣", "date": "Tue Apr 16 15:34:12 2024", "content": ["['※ 引述《a2394673 ()》之銘言：', ': 本魯在2020年疫情剛開始的時候好像連跌兩星期', ': 美股每天都融斷', ': 請問如果這次真的夠狠下殺萬點', ': 鄉民會上車嗎?', ': 雖然因該不可能吧', ': 台灣no1']", "笑死了 600點就怕成這樣！如果明天跌10%  1990點我直接貸款All In  買台灣五十到時候你們就看我每天吃薯條加大:)--"], "post_comment": [{"comment_author": "qxrvymo", "comment_date": ["04/16", "15:36"], "comment_content": "再加顆滷蛋"}, {"comment_author": "mopepe5566", "comment_date": ["04/16", "15:36"], "comment_content": "我all中興電"}, {"comment_author": "mopepe5566", "comment_date": ["04/16", "15:36"], "comment_content": "來跌個上千點吧"}, {"comment_author": "kinki999", "comment_date": ["04/16", "15:37"], "comment_content": "誰不知道你在拼台gg法說"}, {"comment_author": "WeGoStyle", "comment_date": ["04/16", "15:39"], "comment_content": "你倒不如買小台指= ="}, {"comment_author": "answermangtr", "comment_date": ["04/16", "15:43"], "comment_content": "指數要怎麼跌停 真可愛"}, {"comment_author": "ImBBCALL", "comment_date": ["04/16", "15:44"], "comment_content": "小心嘴破爛嘴巴"}, {"comment_author": "dontaskme", "comment_date": ["04/16", "15:44"], "comment_content": "直接台指多單無限轉倉了啦 睏霸數錢"}, {"comment_author": "Haerin520", "comment_date": ["04/16", "16:07"], "comment_content": "指數真的跌停過啊 菜雞？？？"}, {"comment_author": "Haerin520", "comment_date": ["04/16", "16:08"], "comment_content": "是不是今年才玩股票啊笑死"}, {"comment_author": "chu", "comment_date": ["04/16", "16:13"], "comment_content": "直接正二了拉 還買一倍的喔"}, {"comment_author": "remarque", "comment_date": ["04/16", "16:39"], "comment_content": "跌了你會更不敢買 這就是人性"}]}
