{"author": "jumomo (豬爸)", "category": "Gossiping", "title": "Re: [新聞] 「大甲媽祖」見證！挨打搶轎男與鄭銘坤", "date": "Thu Apr 18 08:51:52 2024", "content": ["['※ 引述《qma52015 (抓週抓鍵盤)》之銘言：', ': 「大甲媽祖」見證！挨打搶轎男與鄭銘坤言和撤告\\u3000顏清標：都是大甲人', ': 2024/04/17 16:40', ': 記者潘靚緯／台中報導', ':', '', ': ▲鄭鴻文17日到大甲鎮瀾宮，在董事長顏清標、副董事長鄭銘坤陪同下，焚香參拜媽祖。(', ': 圖／翻攝畫面)', ': 台中大甲鎮瀾宮媽祖14日晚間遶境回鑾，前竹聯幫西堂堂主、49歲的鄭鴻文揹著女嬰，在大', ': 甲市區與轎班人員發生推擠衝突，並指控鎮瀾宮副董鄭銘坤毆打他的腹部，事後向警方提告', ': 傷害，認為鄭銘坤欠他一個道歉。今(17)日下午，鄭鴻文來到大甲鎮瀾宮，與董事長顏清標', ': 、副董鄭銘坤一起參拜媽祖，顏清標站中間作「公親」牽起兩人的手，表示兩人都是大甲人', ': ，今天在媽祖見證下「握手言和」，鄭鴻文也接受和解撤告。', ':', '', ': ▲顏清標居中牽起鄭銘坤與鄭鴻文的手，強調兩人都是大甲人，在媽祖的見證之下，化解誤', ': 會握手言和。(圖／翻攝畫面)', ': 鄭鴻文17日下午三點多，來到大甲鎮瀾宮，副董事長鄭銘坤邀請鄭鴻文站到中間，焚香向媽', ': 祖參拜，董事長顏清標也站在一旁陪同，參拜結束後，顏清標牽起鄭銘坤與鄭鴻文兩人的手', ': ，表示兩個人都是大甲人，鄭鴻文到台北發展，也虔誠信仰媽祖，今年大甲媽回鑾來恭迎媽', ': 祖，爆發的「小插曲原本也沒什麼」，經過兩天的沉澱，雙方決定來拜媽祖和談。', ': 顏清標表示，歡迎鄭鴻文來鎮瀾宮拜拜，再帶更多人去接轎跟媽祖結緣，都非常歡迎，透露', ': 雙方坐下來泡茶聊天之後，彼此都冷靜下來，「誤會都講開」，也決定讓這兩天以來的風波', ': ，畫下句點，「媽祖見證，大家是好朋友也是好兄弟」，據了解，鄭鴻文已決定撤除對鄭銘', ': 坤的傷害告訴。', ':', '', ': ▲大甲鎮瀾宮董事長顏清標居中協調，鄭銘坤與鄭鴻文和解，鄭鴻文已決定撤告。(圖／翻', ': 攝畫面)', ': 董仔經歷這麼多風波依然喊水會結凍', ': 正所謂不打不相識，打一打就變兄弟了']", "另一則新聞是說酒醉攔轎?", "不僅對轎班人員飆罵三字經，還妨礙隊伍前進，不讓其他信徒「鑽轎底」被打死也是剛好吧?這有什麼好道歉的???沒做成消波塊丟入海中~  已經是給你最大的善意了喔~不然做成最好吃的水餃也可以~     哈哈哈~~~~--"], "post_comment": [{"comment_author": "mytropicfish", "comment_date": ["04/18", "08:56"], "comment_content": "黑道大和解"}, {"comment_author": "XFight", "comment_date": ["04/18", "08:57"], "comment_content": "黑道拜媽祖? 垃圾黑道 通通抓去關"}, {"comment_author": "Lailungsheng", "comment_date": ["04/18", "09:29"], "comment_content": "神經，這種老肉會影響水餃口感"}]}
