{"author": "wahahahatw (小立子)", "category": "Gossiping", "title": "Re: [問卦] 台灣的物價在國際上是什麼水準", "date": "Tue Apr 16 18:07:17 2024", "content": ["['※ 引述《youdontsay (不然勒)》之銘言：', ': 台灣是島國缺乏資源 很多原物料要靠進口', ': 央行長期壓低台幣匯率可以促進出口', ': 但是會造成進口民生物資價格上漲', ': 加上這幾年政府漲電價 阻升息', ': 讓國內通膨更嚴重', ': 台灣在政府這波操作下', ': 物價水準在國際上PR多少', ': 有無八卦？']", "我覺得有分類型，像有大大提到說台灣的牛奶爆貴，我本來也不知道(乳糖不耐症，喝不了牛奶，所以都沒在買)，還是看了影片才知道國外牛奶相對便宜。", "英國牛奶只需要一美元通常需要進口的東西(如原物料)會因為關稅而拉高價格，但像台灣有在自產的就相對便宜(特別是對日本旅客而言，台灣水果爆便宜)。我覺得台灣民生用品的物價跟國際比「目前」還算低。", "加拿大麥當勞大麥克套餐15美元", "美國一顆蛋1美元但大家也知道，這幾年物價一直在漲，假以時日達到歐美水平的話，那就苦了…--"], "post_comment": []}
