{"author": "hayate232 (CY)", "category": "Gossiping", "title": "Re: [問卦] 統神要怎樣道歉 廠商才會停止解約？", "date": "Fri Apr 12 08:58:02 2024", "content": ["['※ 引述《ptt888 (op)》之銘言：', ': 昨天統神公開道歉，但是大廠商貓咪大戰爭廠商仍然不原諒他，仍然跟統神解約，', ': 目前好像已經有11家解約了', ': 其中貓咪 起家雞 海盜船算是大廠商，', ': 統神要怎樣道歉 廠商才會饒過統神停止解約？', ': 1比照上次普悠瑪幫國動道歉規格，', ': 003 統神開記者會公開道歉', ': 2記者會帶上003晨晨 小衡 翼德公開道歉', ': 3記者會帶上統爸統媽一起道歉', ': 42+3人馬', ': 5開記者會道歉並承認自己有躁鬱症（統神好像說過有躁鬱症？）', ': 統神沒犯法，是嘴賤 愛亂講話，', ': 可是道歉好像還是不能止血', ': 統神到底要怎樣道歉 ，廠商才會停止解約？']", "沒差吧，風頭過了 還是會復活話說  統神本來就很黑吧?  他平常的言論就很誇張了之前就常亂吼老婆，拍桌子 狂罵髒話動不動就對周遭的人說去死今天要不是他出了自己的小圈圈，可能實況風格永遠都是這樣，然後又不知道哪天又會踩到地雷。--", "對阿 他就繼續這樣，然後出事了不是?"], "post_comment": [{"comment_author": "beeboombee", "comment_date": ["04/12", "08:58"], "comment_content": "打不贏就加入"}, {"comment_author": "bill403777", "comment_date": ["04/12", "08:59"], "comment_content": "不要去KMT講課根本不會被燒"}, {"comment_author": "sheagia", "comment_date": ["04/12", "08:59"], "comment_content": "你假粉吧？他人設就那樣"}, {"comment_author": "tpkgo", "comment_date": ["04/12", "09:00"], "comment_content": "~邊緣人被社會淘汰也正常"}, {"comment_author": "athome1", "comment_date": ["04/12", "09:26"], "comment_content": "他人設就是如此才能成神的 將來不敢亂噴"}, {"comment_author": "athome1", "comment_date": ["04/12", "09:26"], "comment_content": "不歇斯底里的亂吼就不叫統神了"}, {"comment_author": "Diaw0803", "comment_date": ["04/12", "09:51"], "comment_content": "你搞錯了吧  他就是在那樣才紅的"}]}
