{"author": "Lailungsheng (狼不會入眠)", "category": "Gossiping", "title": "Re: [問卦] 沒人發現17歲就是未成年嗎?", "date": "Sat Apr 13 18:59:17 2024", "content": ["['※ 引述《BBQ2591 (我叫愛秋)》之銘言', ': 一起吃飯的覺青朋友說', ': 想幹17歲到底有什麼錯', ': 我說 那就是想幹未成年啊', ': 幹未成年是犯法的']", "統神真的很衰小啊，看那些攻擊他的新聞數量，讓我覺得所有舔綠媒體都收錢要弄死他，", "這個是4/8第一篇報導的，應該算是客觀，內容是統神針對黃子佼被控性侵17歲女性...有些人認為重點是17歲，或是未成年0-17歲但我認為在\"想\"這個字，統神說想幹未成年，媒體直接把他寫成幹未成年...當然，在共產國家想也不行，我覺得統神只是生錯國家，因為炎神可以幹未成年，統神不能想幹...只准炎神幹屁眼，不准統神想像，賤民至此，嗚呼哀哉~--"], "post_comment": [{"comment_author": "yugi2567", "comment_date": ["04/13", "19:00"], "comment_content": "因為不帥且肥宅"}, {"comment_author": "linda17a3", "comment_date": ["04/13", "19:00"], "comment_content": "笑死啦統神真的幹未成年還輪不到民進"}, {"comment_author": "linda17a3", "comment_date": ["04/13", "19:01"], "comment_content": "黨圍剿啦"}, {"comment_author": "badbadook", "comment_date": ["04/13", "19:02"], "comment_content": ""}, {"comment_author": "MadAngel", "comment_date": ["04/13", "19:03"], "comment_content": "他想怎樣不重要吧 實際上怎麼了也不重要"}, {"comment_author": "words2012", "comment_date": ["04/13", "19:03"], "comment_content": "對!台灣很重視語言 倫理道德!"}, {"comment_author": "MadAngel", "comment_date": ["04/13", "19:03"], "comment_content": "重要的是現在側翼治國就是有效 如此而已"}, {"comment_author": "words2012", "comment_date": ["04/13", "19:03"], "comment_content": "公開說 就是令女人不快!"}, {"comment_author": "poqwiuer", "comment_date": ["04/13", "19:03"], "comment_content": "噓 這篇毛骨悚然，嘻嘻"}, {"comment_author": "words2012", "comment_date": ["04/13", "19:03"], "comment_content": "全台灣男人都要尊重女人 不能口出穢言!"}, {"comment_author": "MadAngel", "comment_date": ["04/13", "19:03"], "comment_content": "是非對錯很重要嗎 党要罵你就罵你"}, {"comment_author": "MadAngel", "comment_date": ["04/13", "19:04"], "comment_content": "活得下去就等下一次 死了正好"}, {"comment_author": "words2012", "comment_date": ["04/13", "19:04"], "comment_content": "我們要公開說 讓女人聽了爽的話!"}, {"comment_author": "words2012", "comment_date": ["04/13", "19:04"], "comment_content": "想X17歲的  讓全台灣女學生恐懼!!!"}, {"comment_author": "words2012", "comment_date": ["04/13", "19:05"], "comment_content": "我看臉書風向 女子都罵翻了!罵翻了!"}, {"comment_author": "Nevhir", "comment_date": ["04/13", "19:11"], "comment_content": "顏色不對而已 17歲有合意性行為根本沒什麼"}, {"comment_author": "Lailungsheng", "comment_date": ["04/13", "19:13"], "comment_content": ""}, {"comment_author": "yugi2567", "comment_date": ["04/13", "19:15"], "comment_content": "比起詐騙案 統神更可惡對吧？"}, {"comment_author": "george00799", "comment_date": ["04/13", "19:27"], "comment_content": "比起食安 割喉 統神失言更嚴重"}, {"comment_author": "ggttoo", "comment_date": ["04/13", "19:51"], "comment_content": "顏值不如炎，可憐"}]}
