{"author": "DCSHK (八卦版浪人47之28)", "category": "Gossiping", "title": "Re: [問卦] 便當店漲10塊，飲料店也漲10塊？", "date": "Thu Apr 18 13:13:03 2024", "content": ["['※ 引述《iamjimhaha (磨刀霍霍向肥羊)》之銘言：', ': 最近電費調漲', ': 住家附近的便當店、飲料店都漲價提前反應', ': 兩個都漲10塊', ': 感覺很奇怪', ': 便當店漲10塊很合理', ': 飲料店是憑什麼漲10塊？？', ': 有八卦嗎？', ': -----', ': Sent from MeowPtt on my 2109119DG']", ":等夏天再漲一次反正不買你就自己煮喝白開水如果你不爽移民阿 嘻嘻--"], "post_comment": []}
