{"author": "lienjj (綠色共產黨)", "category": "Gossiping", "title": "Re: [問卦] 老實說，這幾年大家都過得還不錯吧？", "date": "Tue Apr 16 08:49:28 2024", "content": ["['※ 引述《sxy67230》之銘言', ': 阿肥外商碼農阿肥啦！', ': 這幾年國外一堆失業潮、裁員潮，還有疫情死得比台灣還多，疫情後又一堆惡性通膨矽谷', ': 大裁員，還有烏俄、以阿、伊朗衝突一堆戰爭，那邊的百姓比台灣更苦。', ': 反觀我國就小小食安、疫苗、沒電問題，根本小巫見大巫吧？！看看性騷犯都獲得懲罰，', ': 社會安全網更安全，疫苗最後大家都打得到，地震政府、社團迅速救災，股市萬點，阿肥', ': 周圍年輕人也一堆也買房了。', ': 是不是鄉民太不滿了啊？', ': 咁無八卦？', ': ☺', 'BePTT']", "嗯啊 還不錯啊前人種樹後人乘涼在國民黨的經建計畫 十大建設下又很有前瞻的發展半導體然後馬英九帶領台灣度過次級風暴調整台灣體質 穩定進步雖然民進黨敗家8年 台灣姑且都還有國民黨的老本可以吃只是再給民進黨4年 台灣這副身體 差不多要的極限了大概是這樣----Sent from", "on my iPhone 13--"], "post_comment": [{"comment_author": "breacal", "comment_date": ["04/16", "08:50"], "comment_content": "請更正，是兩蔣反共時候的國民黨喔"}, {"comment_author": "llgod", "comment_date": ["04/16", "08:50"], "comment_content": "八年掏空百年基礎"}, {"comment_author": "gay7788", "comment_date": ["04/16", "08:51"], "comment_content": "到極限剛好喜迎統一啊，你沒看蔡英文的"}, {"comment_author": "gay7788", "comment_date": ["04/16", "08:51"], "comment_content": "政策都是跟習近平接軌"}, {"comment_author": "mopepe5566", "comment_date": ["04/16", "08:54"], "comment_content": "掏空台就統一了"}, {"comment_author": "mopepe5566", "comment_date": ["04/16", "08:54"], "comment_content": "沒看功德想約習主席吃飯"}, {"comment_author": "jma306", "comment_date": ["04/16", "09:01"], "comment_content": " 能賣的 賣得差不多了"}, {"comment_author": "jma306", "comment_date": ["04/16", "09:02"], "comment_content": " 看賴清德怎麼收拾殘菊"}, {"comment_author": "jma306", "comment_date": ["04/16", "09:02"], "comment_content": " 怎麼定義八年恩典還是八年遺毒"}]}
