{"author": "dogdogbus (姆咪姆咪新洞洞)", "category": "Gossiping", "title": "Re: [新聞] 黃捷控墊付百萬卻未申報　徐巧芯：給婆婆", "date": "Tue Apr 16 21:15:02 2024", "content": ["['※ 引述《nk11208z (小魯)》之銘言', ': 華視', ': 黃捷控墊付百萬卻未申報\\u3000徐巧芯：給婆婆還銀行利息', ': 尹智剛 陳知學 張政捷 SNG 報導  / 台北市', ': 國民黨立委徐巧芯的大姑夫妻涉嫌洗錢遭到羈押，徐巧芯也自爆曾幫家人墊付100萬元，', ': 不僅被質疑金流去向，財產申報上也沒有債權。徐巧芯今(16)日回應，100萬元是贈與給', ': 婆婆，用來償還銀行貸款的利息，跟婆婆也沒有債務上的關係。不過徐巧芯日前曾說跟大', ': 姑夫妻不熟，沒有往來，引來民進黨立委黃捷質疑說謊，也要求徐巧芯指控她「腦子有問', ': 題」的說法在24小時內道歉，黃捷雖說會在今(16)日提告，但到現在還在蒐集證據，徐巧', ': 芯則說她是質疑，不是謾罵，也酸黃捷說話要有誠信，趕快提告。', ': 立委(國)徐巧芯說：「也要讓媳婦有一些求生存的，我是有求生意志的好嗎。」連續好幾', ': 天國民黨立委徐巧芯站上火線，這回總算沒有和涉及詐騙的大姑撇清關係，但大姑等人從', ': 3月25日遭到搜索羈押至今已經20天，徐巧芯強調自己是事後被告知，立委(國)徐巧芯說', ': ：「法院它們相關的通知，也不會通知到當事人的弟弟的家裡。」', ': 這邊解釋了但同樣有疑慮的還有，徐巧芯婆婆拿房子扺押借了近二千萬給大姑夫妻，最後', ': 利息還不出來，徐巧芯幫家人墊付100萬元利息錢，但看看這張徐巧芯的財產申報債權欄', ': 目是一片空白，立委(民)黃捷說：「難道是她申報不實嗎，如果申報不實，是不是監察院', ': 應該馬上介入調查呢，那再來這100萬的金流，她到底是怎麼借出去的，怎麼幫忙還的。', ': 」立委(國)徐巧芯說：「每年都有244萬的贈與家屬的額度，這個100萬是還給銀行的利息', ': 錢，整個過程當中，它不是一個借貸關係，所以我的婆婆不是我的債權人，我沒有要求她', ': 還款，也沒有要求她要給付利息。」', ': 兩人不只在財產申報上隔空互槓，黃捷也連續曝光了好幾張徐巧芯大姑幫忙助選等臉書發', ': 文，揭穿徐巧芯和大姑早就不相往來的說法，徐巧芯反控黃捷腦子有問題讓黃捷很不滿，', ': 立委(民)黃捷說：「她第一時間選擇的是說謊，作為一個公眾人物，但是卻不斷地爆粗口', ': ，然後對人進行人身攻擊，今天(16日)就會請團隊來進行(提告)處理。」立委(國)徐巧芯', ': 說：「黃捷說要告就要告，政治人物說話要有誠信。', ': 針鋒相對互不相讓，徐巧芯家族親友涉及詐騙洗錢，如今卻意外引發兩個女性立委的隔空', ': 交火。', ':', '']", "沒有債權就是贈與喔妳自己說100萬元是贈與國稅局別睡了贈與我記得是40趴吧還有 費鴻泰一定很幹補選又要花一筆", "--", "子女才有免稅"], "post_comment": [{"comment_author": "sesd", "comment_date": ["04/16", "21:16"], "comment_content": "   你是不是 不知道有每年贈與免稅額"}, {"comment_author": "sesd", "comment_date": ["04/16", "21:16"], "comment_content": "  超過才要扣稅"}, {"comment_author": "airua", "comment_date": ["04/16", "21:16"], "comment_content": "原po是不是還沒出社會"}, {"comment_author": "afacebook", "comment_date": ["04/16", "21:17"], "comment_content": "200萬內免稅好嗎.."}, {"comment_author": "akain", "comment_date": ["04/16", "21:17"], "comment_content": "贈與有244萬免稅額吧 要扣稅的應該是火車上"}, {"comment_author": "peterwu4", "comment_date": ["04/16", "21:17"], "comment_content": "對，巧芯已經有提免稅了 應該是咨詢過人"}, {"comment_author": "lwt501cx", "comment_date": ["04/16", "21:17"], "comment_content": "稅的問題了不起補繳而已吧  這跟補選有"}, {"comment_author": "zpeople0116", "comment_date": ["04/16", "21:17"], "comment_content": "250以下不用申報"}, {"comment_author": "lwt501cx", "comment_date": ["04/16", "21:17"], "comment_content": "扯上關係？"}, {"comment_author": "akain", "comment_date": ["04/16", "21:17"], "comment_content": "掉出300萬的那個"}, {"comment_author": "mankaro", "comment_date": ["04/16", "21:17"], "comment_content": "很怕巧芯後 往死裡打"}, {"comment_author": "afacebook", "comment_date": ["04/16", "21:17"], "comment_content": "而且也不是40% 對岸的監獄仔嗎"}, {"comment_author": "OROCHI97", "comment_date": ["04/16", "21:18"], "comment_content": "不是怕，是討厭，別人家打就說人家怕，"}, {"comment_author": "OROCHI97", "comment_date": ["04/16", "21:18"], "comment_content": "那藍白是不是很怕黃捷"}, {"comment_author": "LSW1990", "comment_date": ["04/16", "21:18"], "comment_content": "之前車上掉三百萬那個？？"}, {"comment_author": "luciffar", "comment_date": ["04/16", "21:19"], "comment_content": "沒兩百萬送人不要出來秀下限好嗎"}, {"comment_author": "yamitis", "comment_date": ["04/16", "21:20"], "comment_content": "有免稅額度啦，贈與也沒40%，去查查再來"}, {"comment_author": "dogdogbus", "comment_date": ["04/16", "21:20"], "comment_content": "贈與子女才有免稅 一堆人 呵呵"}, {"comment_author": "piggybill", "comment_date": ["04/16", "21:21"], "comment_content": "完蛋了 綠班又翻"}, {"comment_author": "dogdogbus", "comment_date": ["04/16", "21:21"], "comment_content": "當國稅局白癡 大洗錢時代喔"}, {"comment_author": "yamitis", "comment_date": ["04/16", "21:22"], "comment_content": "笑死，什麼贈與子女才有免稅，哪國法律？"}, {"comment_author": "bishopc", "comment_date": ["04/16", "21:23"], "comment_content": "法盲還是白痴啊？贈與有免稅額都不知道？"}, {"comment_author": "piggybill", "comment_date": ["04/16", "21:23"], "comment_content": "綠班搜尋 贈與稅都不會耶 真的有夠可"}, {"comment_author": "piggybill", "comment_date": ["04/16", "21:23"], "comment_content": "憐 回去念幼稚園啦"}, {"comment_author": "Madthief", "comment_date": ["04/16", "21:23"], "comment_content": "本篇完全不懂贈與稅  XD"}, {"comment_author": "AMD640", "comment_date": ["04/16", "21:24"], "comment_content": ""}, {"comment_author": "AMD640", "comment_date": ["04/16", "21:24"], "comment_content": "會去讀書 不要出來丟臉"}, {"comment_author": "sesd", "comment_date": ["04/16", "21:25"], "comment_content": "   "}, {"comment_author": "yamitis", "comment_date": ["04/16", "21:25"], "comment_content": "現行規定每人每年度免稅額總共就244萬"}, {"comment_author": "kojajay", "comment_date": ["04/16", "21:26"], "comment_content": "贈與免稅額不是給自己的小孩嗎？"}, {"comment_author": "wuklean", "comment_date": ["04/16", "21:26"], "comment_content": "胡說八道甚麼 贈與任何人都是244W"}, {"comment_author": "bishopc", "comment_date": ["04/16", "21:26"], "comment_content": "奇怪民進黨數位網軍部不是很有錢嗎 怎麼"}, {"comment_author": "yamitis", "comment_date": ["04/16", "21:26"], "comment_content": "想要給誰都可以，全部加起來244萬內免稅"}, {"comment_author": "bishopc", "comment_date": ["04/16", "21:26"], "comment_content": "專找一些低能啊？"}, {"comment_author": "bbsccr", "comment_date": ["04/16", "21:26"], "comment_content": "免稅額跟子女無關，原波可憐.."}, {"comment_author": "wuklean", "comment_date": ["04/16", "21:26"], "comment_content": "還有推文呵呵咧 不要呵出你的無知"}, {"comment_author": "tom114151", "comment_date": ["04/16", "21:27"], "comment_content": "法規沒限定子女好嗎？你要贈與路邊乞"}, {"comment_author": "tom114151", "comment_date": ["04/16", "21:27"], "comment_content": "丐也可以"}, {"comment_author": "piggybill", "comment_date": ["04/16", "21:27"], "comment_content": "協尋作者dogdogbus 先學會孤狗再來當"}, {"comment_author": "yrhhimamr", "comment_date": ["04/16", "21:27"], "comment_content": "免稅不代表不用申報5好嗎"}, {"comment_author": "piggybill", "comment_date": ["04/16", "21:27"], "comment_content": "網軍 很難嗎 太不敬業了吧"}, {"comment_author": "wuklean", "comment_date": ["04/16", "21:28"], "comment_content": "贈與跟子女有關的是 婚嫁時贈100W內連總"}, {"comment_author": "wuklean", "comment_date": ["04/16", "21:28"], "comment_content": "額都不用算在內"}, {"comment_author": "maskwill", "comment_date": ["04/16", "21:28"], "comment_content": "八卦只有護航時才會認真查條文"}, {"comment_author": "maskwill", "comment_date": ["04/16", "21:28"], "comment_content": "抹黑時都用腦補"}, {"comment_author": "yrhhimamr", "comment_date": ["04/16", "21:29"], "comment_content": "贈與誰誰錢都可以，但不代表誰都可以免"}, {"comment_author": "wuklean", "comment_date": ["04/16", "21:29"], "comment_content": "這還要查條文喔 不是人生必備常識嗎??"}, {"comment_author": "yrhhimamr", "comment_date": ["04/16", "21:29"], "comment_content": "稅"}, {"comment_author": "tom114151", "comment_date": ["04/16", "21:30"], "comment_content": "樓上484長輩沒得贈與才會連條文都沒查"}, {"comment_author": "piggybill", "comment_date": ["04/16", "21:30"], "comment_content": "所以dogdogbus這樣算抹黑嗎 嘻嘻 綠班"}, {"comment_author": "Madthief", "comment_date": ["04/16", "21:30"], "comment_content": "是真的可以不用申報"}, {"comment_author": "piggybill", "comment_date": ["04/16", "21:30"], "comment_content": "只會抹黑也不是新鮮事"}, {"comment_author": "tom114151", "comment_date": ["04/16", "21:30"], "comment_content": "我是說mask可憐吶"}, {"comment_author": "wuklean", "comment_date": ["04/16", "21:30"], "comment_content": "免稅本來就不用申報 不然你請朋友吃飯也"}, {"comment_author": "wuklean", "comment_date": ["04/16", "21:31"], "comment_content": "要報嗎???"}, {"comment_author": "sesd", "comment_date": ["04/16", "21:31"], "comment_content": ""}, {"comment_author": "sesd", "comment_date": ["04/16", "21:32"], "comment_content": "GOOGLE 一下就好了"}, {"comment_author": "andychenhaha", "comment_date": ["04/16", "21:32"], "comment_content": "沒知識沒常識難怪淪落為塔綠班"}, {"comment_author": "breacal", "comment_date": ["04/16", "21:33"], "comment_content": "一般人會白癡到贈100萬給不是自己父母或"}, {"comment_author": "breacal", "comment_date": ["04/16", "21:33"], "comment_content": "孩子？   當然的，八卦女神說什麼都，雜"}, {"comment_author": "breacal", "comment_date": ["04/16", "21:33"], "comment_content": "草就信什麼~"}, {"comment_author": "yrhhimamr", "comment_date": ["04/16", "21:35"], "comment_content": "看到沒真的要申報，不然一堆人被查是"}, {"comment_author": "abin0818", "comment_date": ["04/16", "21:36"], "comment_content": "去讀書好嗎？憑你還想帶風向"}, {"comment_author": "wuklean", "comment_date": ["04/16", "21:36"], "comment_content": "會被查的都是很離譜或被檢舉的拉"}, {"comment_author": "wuklean", "comment_date": ["04/16", "21:37"], "comment_content": "你以為國稅局很閒喔"}, {"comment_author": "z80520xx", "comment_date": ["04/16", "21:38"], "comment_content": "建議你回去政黑"}, {"comment_author": "Neymar", "comment_date": ["04/16", "21:40"], "comment_content": "不是啊，指控別人之前不是要先拿出證據？"}, {"comment_author": "griffick", "comment_date": ["04/16", "21:40"], "comment_content": "40%都沒唸書嗎？連贈與稅免稅額都不懂"}, {"comment_author": "Neymar", "comment_date": ["04/16", "21:40"], "comment_content": "拿出證據說這不是贈與才對吧？"}, {"comment_author": "ppc", "comment_date": ["04/16", "21:40"], "comment_content": "100萬免稅啊 問題是她一開始說是墊，後來才說"}, {"comment_author": "gay7788", "comment_date": ["04/16", "21:40"], "comment_content": "笑死，繁體字太難，40%看ㄅ懂"}, {"comment_author": "ppc", "comment_date": ["04/16", "21:40"], "comment_content": "贈與"}, {"comment_author": "BoyceChu", "comment_date": ["04/16", "21:42"], "comment_content": "塔綠不知道244萬內免稅嗎"}, {"comment_author": "Neymar", "comment_date": ["04/16", "21:42"], "comment_content": "先抹屎，然後再說拿出證據證明不是借貸關"}, {"comment_author": "Neymar", "comment_date": ["04/16", "21:42"], "comment_content": "係？是要怎麼證明是贈與不是債權？為黑而"}, {"comment_author": "Neymar", "comment_date": ["04/16", "21:42"], "comment_content": "黑，邏輯超棒XDDDDD"}, {"comment_author": "Violataf", "comment_date": ["04/16", "21:45"], "comment_content": "40%就是這種水準"}, {"comment_author": "sexygnome", "comment_date": ["04/16", "21:51"], "comment_content": "現在阿綠的公關公司是都找學店生嗎，"}, {"comment_author": "sexygnome", "comment_date": ["04/16", "21:51"], "comment_content": "也太掉漆了吧"}, {"comment_author": "ohiu", "comment_date": ["04/16", "22:02"], "comment_content": "小時候不讀書，長大變塔綠班"}, {"comment_author": "GEoilo", "comment_date": ["04/16", "22:05"], "comment_content": "照你的邏輯，你包紅包有申報過贈與嗎？"}, {"comment_author": "binshin", "comment_date": ["04/16", "22:09"], "comment_content": "哈"}, {"comment_author": "kakalayeah", "comment_date": ["04/16", "22:25"], "comment_content": "笑死 一堆法盲"}, {"comment_author": "rafaj", "comment_date": ["04/16", "23:08"], "comment_content": "違停徐繼續瞎掰啊，一天一種說法～"}, {"comment_author": "Sixxlife", "comment_date": ["04/17", "01:01"], "comment_content": "贈與稅回去重讀 笑死人"}, {"comment_author": "GDUNICORN", "comment_date": ["04/17", "03:40"], "comment_content": "真的很可憐，有柯跟54瑤這種帶頭的，難"}, {"comment_author": "GDUNICORN", "comment_date": ["04/17", "03:41"], "comment_content": "怪支持者一堆法盲，真的社會亂源"}, {"comment_author": "bilibala", "comment_date": ["04/17", "17:06"], "comment_content": "贈與 244 萬沒有限定子女啦！但是要申報"}]}
