{"author": "SethBeer (SethBeer)", "category": "Gossiping", "title": "Re: [新聞] 環境部擬擴大塑膠袋限用場域 納傳統市場攤販早餐店", "date": "Wed Apr 17 20:23:03 2024", "content": ["白癡，塑膠袋根本禁不掉，你他媽倒垃圾用付費塑膠袋，就他媽不是塑膠袋了嗎？有種你連倒垃圾都禁塑呀，幹，根本不可能嘛，只會禁塑，是不會用腦袋想想改用可分解回收的塑料喔，真他媽低能，這麼低能的政府，居然在野黨還拉不掉，證明在野黨比政府還低能，住台灣只有可悲兩字而已。-----Sent from MeowPtt on my iPhone--", "供三小"], "post_comment": [{"comment_author": "yangweiisi", "comment_date": ["04/17", "20:24"], "comment_content": "冥進黨不倒，國家不會好"}, {"comment_author": "peterwww", "comment_date": ["04/17", "20:25"], "comment_content": "先要求廠商減少塑料使用"}, {"comment_author": "neoa01", "comment_date": ["04/17", "20:25"], "comment_content": "不是說明了庸人，看不清的更多嗎"}, {"comment_author": "peterwww", "comment_date": ["04/17", "20:25"], "comment_content": "從源頭斷起 鼓勵減少包裝商店"}, {"comment_author": "peterwww", "comment_date": ["04/17", "20:26"], "comment_content": "透過便宜價格吸引消費者"}, {"comment_author": "peterwww", "comment_date": ["04/17", "20:26"], "comment_content": "各種無塑商店已經有示範了"}, {"comment_author": "peterwww", "comment_date": ["04/17", "20:29"], "comment_content": "比方小豆苗這種店"}, {"comment_author": "birdy590", "comment_date": ["04/17", "20:31"], "comment_content": "小豆苗? 是搭時光機來的 還是平行世界"}, {"comment_author": "genius721105", "comment_date": ["04/17", "21:00"], "comment_content": "100年前沒有塑膠袋啊"}]}
