{"author": "MJdavid (膽固醇歐吉桑)", "category": "Gossiping", "title": "Re: [問卦] 4X貓自我認同18歲的方法可以用來脫罪嗎?", "date": "Mon Apr 15 10:41:37 2024", "content": ["['※ 引述《peter211183 ()》之銘言：', ': 如題，在FB看到有人質疑4X貓約未成年。', ': 結果4X貓用一個我完全想不到的神招來說自己當時才10歲!', ': 以下是他說法:', '', ': 說自己當時是10歲約14歲，然後反質疑不尊重他的年齡自我認同?', ': 想請國內外法院有過判例是可以透過自我認同是未成年來降低自己的刑責嗎?']", "這是他當年臉書開直播侃侃而談約十四歲未成年的言論被截錄的影片後來還付諸施行雖然結果未遂犯未遂的原因是客體錯誤(被約的人假裝十四歲)這種狀況沒有比統神嚴重嗎？--"], "post_comment": [{"comment_author": "rcat2010", "comment_date": ["04/15", "10:42"], "comment_content": "綠能，你不能"}, {"comment_author": "preisner", "comment_date": ["04/15", "10:43"], "comment_content": "好了啦, 綠+甲無敵啦"}, {"comment_author": "GTOyoko5566", "comment_date": ["04/15", "10:44"], "comment_content": ""}, {"comment_author": "crazydj", "comment_date": ["04/15", "10:45"], "comment_content": "40%及綠委支持他 你能怎樣?"}, {"comment_author": "tamama000", "comment_date": ["04/15", "10:47"], "comment_content": "噁噁噁嘔嘔嘔嘔嘔嘔嘔嘔嘔"}, {"comment_author": "Alieno", "comment_date": ["04/15", "10:48"], "comment_content": "有2層buff你敢嘴?"}, {"comment_author": "yumika", "comment_date": ["04/15", "16:04"], "comment_content": "噁"}]}
