{"author": "leondemon (狗狗)", "category": "Gossiping", "title": "Re: [新聞] 花蓮官員說明會怨「很少人捐款」　災民爆", "date": "Wed Apr 17 16:19:14 2024", "content": ["['※ 引述《jal0309 (jal0309)》之銘言：', ': 1.媒體來源:三立', ': 2.記者署名:何正鳳', ': 3.完整新聞標題:花蓮官員說明會怨「很少人捐款」\\u3000災民爆氣離席', ': 4.完整新聞內文:', ': 記者呂彥、何正鳳／花蓮報導']", "這不就是側翼害的嗎？當初災後要捐款，一堆側翼洗不要捐給紅十字會和花蓮縣政府。以前還洗不要捐給慈濟。難怪要控制媒體、控制網軍，因為控制言論就等於控制選票、控制金流。一場災難的捐款都幾十億、幾百億。錢流進「友好」團體，又開始有名目可以養一堆打手了。--"], "post_comment": [{"comment_author": "chej", "comment_date": ["04/17", "16:20"], "comment_content": "反串要說啊"}, {"comment_author": "louis13", "comment_date": ["04/17", "16:22"], "comment_content": "林北以前唸小學時也被騙過買不能寄信的郵"}, {"comment_author": "roywow", "comment_date": ["04/17", "16:22"], "comment_content": "高雄氣爆才是最好笑的"}, {"comment_author": "louis13", "comment_date": ["04/17", "16:22"], "comment_content": "票 不買還不行 不捐款跟抵制那個連小孩子"}, {"comment_author": "louis13", "comment_date": ["04/17", "16:22"], "comment_content": "的錢都要騙的無良單位也是剛好而已"}, {"comment_author": "s81048112", "comment_date": ["04/17", "16:39"], "comment_content": "對啦  說中央不給捐款的也是側翼"}, {"comment_author": "a7610783", "comment_date": ["04/17", "17:29"], "comment_content": "交給政府...不如開創投...."}, {"comment_author": "muzik", "comment_date": ["04/17", "18:06"], "comment_content": "太看得起側翼了同理你的文沒人鳥"}, {"comment_author": "TMDkid", "comment_date": ["04/17", "18:09"], "comment_content": "好了啦 石材業者是逆"}]}
