{"author": "words2012 (づ′・ω・)", "category": "Gossiping", "title": "Re: [問卦] 孫中山算戀童嗎？", "date": "Fri Apr 12 02:46:43 2024", "content": ["['※ 引述《oxygen718 (村民)》之銘言：', ': 肥肥耳聞孫文煉銅很久了，', ': 剛剛估狗一下，', ': 看到新聞寫孫大炮的光源氏計畫，', ': 才一歲就想搞人家，', ': 之後還看上10歲的大月薰，', ': 兩位最後都被娶回家。', ': 國父在思想上和行為上是標準的煉銅吧？', ': 乾無掛？', ': ----', ': Sent from BePTT on my iPhone 8']", "國父的道德很高!明明很有智慧!可以當醫生但他使命太高，看中國人處於水深火熱!他看庶民痛苦無比，中國人幾乎等於住在地獄!他非常氣憤滿清的腐敗!於是率領革命11次打敗滿清然後創立中華民國才有我們現在的國家這真是太偉大了!國父最後過勞得到癌症死前多次大喊  和平!奮鬥!救中國!然後才一命嗚呼!因為他道德崇高，推翻滿清護國護民所以全國公認為 國父!!!!國父的道德 可說是百年難得一見!我們男人都要學!!!四個字 護國護民!!!", "--", "好", "晚上好", "尊重  國父!", "家裡白飯", "好"], "post_comment": [{"comment_author": "koromo1991", "comment_date": ["04/12", "02:47"], "comment_content": "好 交給你護國了阿肥"}, {"comment_author": "k385476916", "comment_date": ["04/12", "02:49"], "comment_content": "阿肥大哥晚上好 他只會出一張嘴"}, {"comment_author": "khara", "comment_date": ["04/12", "02:49"], "comment_content": "為一己野心不惜陷全民水火，不顧大局，"}, {"comment_author": "HtoO2", "comment_date": ["04/12", "02:50"], "comment_content": "幾點了？吃藥時間到了嗎"}, {"comment_author": "sylvesterleo", "comment_date": ["04/12", "02:50"], "comment_content": "阿肥吃了啥"}, {"comment_author": "khara", "comment_date": ["04/12", "02:50"], "comment_content": "搗亂，參看《老殘遊記》開篇那個無恥演講家"}, {"comment_author": "gueswmi", "comment_date": ["04/12", "02:57"], "comment_content": "漲價歸公  就是個jokey"}, {"comment_author": "juyac11", "comment_date": ["04/12", "06:43"], "comment_content": "很像是我小時候有人會寫來作文比賽的樣"}, {"comment_author": "juyac11", "comment_date": ["04/12", "06:43"], "comment_content": "板文"}]}
