{"author": "xzcb2008 (可愛老娘變態貓貓=.=)", "category": "Gossiping", "title": "Re: [問卦] 薪水幾萬你願意8小時都認真工作？？？", "date": "Sun Apr 14 15:05:49 2024", "content": ["8小時認真工作過得比較快〓.〓不要整天想偷時間要偷時間浪費生命回去睡覺就好不用出來外面工作不然去公務人員做吃等死就好〓.〓奇怪工作就工作到底什麼叫作認真工作你工作不認真就在那邊混媽的我覺得台灣要改成寄件績效制度不然一堆人我實在不知道該說什麼管他多少錢多少錢你覺得合理就做不想做就滾台灣太保護員工了一堆大頭症的--"], "post_comment": [{"comment_author": "poisonB", "comment_date": ["04/14", "15:06"], "comment_content": "笑死 烏托邦"}, {"comment_author": "qr1348", "comment_date": ["04/14", "15:15"], "comment_content": "想太多了 慣老闆就是想用少少的錢買斷員工"}, {"comment_author": "qr1348", "comment_date": ["04/14", "15:16"], "comment_content": "的時間 覺得這cp值很高 員工只是被動接招"}, {"comment_author": "qr1348", "comment_date": ["04/14", "15:16"], "comment_content": " 你喜歡買斷那我就來偷時間"}, {"comment_author": "xzcb2008", "comment_date": ["04/14", "15:19"], "comment_content": "沒關係=.= 過不久這些不認真的價值"}, {"comment_author": "xzcb2008", "comment_date": ["04/14", "15:19"], "comment_content": "就會被取代"}, {"comment_author": "pupuputtt", "comment_date": ["04/14", "15:23"], "comment_content": "台灣太保護員工? 窩到底看惹什麼☹"}, {"comment_author": "MangoKai", "comment_date": ["04/14", "15:24"], "comment_content": "工作本來就該認真"}, {"comment_author": "xzcb2008", "comment_date": ["04/14", "15:33"], "comment_content": "樓上棒=.="}, {"comment_author": "mikasakai", "comment_date": ["04/14", "15:39"], "comment_content": "月薪十萬，朝九晚五，加班費另計"}, {"comment_author": "sunzoohsieh", "comment_date": ["04/14", "15:53"], "comment_content": "月薪20萬以上 現在16萬都沒有認真八"}, {"comment_author": "sunzoohsieh", "comment_date": ["04/14", "15:53"], "comment_content": "小時了"}, {"comment_author": "backfun", "comment_date": ["04/14", "19:36"], "comment_content": "500萬"}, {"comment_author": "fatcat1022", "comment_date": ["04/14", "20:35"], "comment_content": "阿肥慣老闆= =凸"}, {"comment_author": "lemel0331", "comment_date": ["04/14", "22:09"], "comment_content": "能者多勞過勞死！懂？"}]}
