{"author": "abcd5566 (塔綠班都垃圾)", "category": "Gossiping", "title": "Re: [問卦] Threads的女生 德濕心是不是很重？", "date": "Sat Apr 13 20:07:32 2024", "content": ["今天滑Threads結果第一篇文就是馬爾濟斯的大狗屌可愛的狗狗的屌可以這麼大根那邊一堆女生就在驚訝馬爾濟斯的狗屌怎麼這麼大留言都好精彩身為一個肥宅不懂女生在想什麼每天都會去看看那邊的女生都在幹嗎--"], "post_comment": [{"comment_author": "s10130804", "comment_date": ["04/13", "20:09"], "comment_content": "Threads 跟你平常ig 看啥有關喔…"}, {"comment_author": "bicedb", "comment_date": ["04/13", "20:15"], "comment_content": "你喜歡這種喔"}, {"comment_author": "keroro39", "comment_date": ["04/13", "20:15"], "comment_content": "不一定吧 裡面還有疑似被霸凌但是只是慶"}, {"comment_author": "keroro39", "comment_date": ["04/13", "20:15"], "comment_content": "祝生日就用高壓水柱噴女生還拍下來紀念"}, {"comment_author": "keroro39", "comment_date": ["04/13", "20:15"], "comment_content": "的男女 你能理解他們在想啥嗎"}]}
