{"author": "hugh509 ((0_ 0))", "category": "Gossiping", "title": "Re: [問卦] 德國汽車贏台灣晶片卻輸輸輸", "date": "Mon Apr 15 23:59:32 2024", "content": ["你不知道吧中國頃力發展半導體設備背後支援最多的是哪個國家?德國哪個歐洲國家擁有先進的光學、雷射、機械、化學技術德國納粹和支那黏合在一起希望不要成為台灣的噩夢--「我看不到」「欸 我真的看不到」「                 」「我還是什麼都看不到啊...」「我看不到我看不到我看不到!」--"], "post_comment": [{"comment_author": "wulaw5566", "comment_date": ["04/16", "00:00"], "comment_content": "車用晶片德國大勝台灣"}, {"comment_author": "fg008kimo", "comment_date": ["04/16", "00:11"], "comment_content": "結果中國倒打德國車廠  笑死 德佬北七"}, {"comment_author": "vwpassat", "comment_date": ["04/16", "00:16"], "comment_content": "德佬 連中低階的晶片都不會製造，都要靠"}, {"comment_author": "vwpassat", "comment_date": ["04/16", "00:17"], "comment_content": "台灣國，OK？"}]}
