{"author": "hn9480412 (ilinker)", "category": "Gossiping", "title": "Re: [問卦] 台灣歷史上規模最大的一次詐騙是哪次?", "date": "Tue Apr 16 11:39:40 2024", "content": ["鴻源案啊在當時能搞出四分利的投資你會不想投錢下去嗎？結果到最後才發現是龐式騙局。呵呵喔對了中華體育館（現址是台北市體育館對面那塊空地）也是因為鴻源舉辦的團結大會燒掉的。原因是在裡面放沖天炮把屋頂給燒了，原本還說會修復結果還沒修好鴻源就倒了不過真要追溯的話十信案算不算詐騙啊？--", "--"], "post_comment": [{"comment_author": "a000000000", "comment_date": ["03/21", "13:48"], "comment_content": " 還不是代工"}, {"comment_author": "saber0408", "comment_date": ["04/16", "11:47"], "comment_content": "蔡政府啊"}]}
