{"author": "Ommmmmm5566 (有人責備我們不夠深入)", "category": "Gossiping", "title": "Re: [問卦] 肛交女生會爽嗎", "date": "Wed Apr 17 13:42:44 2024", "content": ["這我知道之前女友不知道去哪裡看了啥文章說他想嘗試看看肛交我說不好吧 而且感覺很麻煩但在一次他連哄帶騙地說服我就幫他達成成就了結束後我問他這樣你有爽到嗎？女友他說：有，但是是心靈上的爽大於肉體上的爽我有點不可置信不懂這有啥好爽的全程我只覺得屁股很痛--", "By triplefree--"], "post_comment": [{"comment_author": "lagi5487", "comment_date": ["04/17", "13:43"], "comment_content": "嘔嘔嘔嘔"}, {"comment_author": "cchh179", "comment_date": ["04/17", "13:43"], "comment_content": "甲"}, {"comment_author": "sactor", "comment_date": ["04/17", "13:43"], "comment_content": "..."}, {"comment_author": "hiphopmei", "comment_date": ["04/17", "13:43"], "comment_content": "「他」"}, {"comment_author": "hoffman", "comment_date": ["04/17", "13:43"], "comment_content": "評語：甲上"}, {"comment_author": "BerlinerBlau", "comment_date": ["04/17", "13:44"], "comment_content": "臭甲"}, {"comment_author": "nicholassys", "comment_date": ["04/17", "13:44"], "comment_content": "你被內射了嗎"}, {"comment_author": "cc02040326", "comment_date": ["04/17", "13:44"], "comment_content": "嘔嘔嘔"}, {"comment_author": "sodm", "comment_date": ["04/17", "13:44"], "comment_content": "你屁股很痛？"}, {"comment_author": "sexygnome", "comment_date": ["04/17", "13:44"], "comment_content": "念在你犧牲這麼大，給過"}, {"comment_author": "lance2136", "comment_date": ["04/17", "13:44"], "comment_content": "你要融入她的情緒啊"}, {"comment_author": "Kelvinchen", "comment_date": ["04/17", "13:45"], "comment_content": "嘔嘔嘔"}, {"comment_author": "blessbless", "comment_date": ["04/17", "13:45"], "comment_content": "你女友彈粗乃？"}, {"comment_author": "preisner", "comment_date": ["04/17", "13:46"], "comment_content": "明明就男友, 滾回甲板啦  嘔嘔嘔"}, {"comment_author": "adios881", "comment_date": ["04/17", "13:48"], "comment_content": "溫馨 給讚"}, {"comment_author": "shine32025", "comment_date": ["04/17", "13:50"], "comment_content": "就屁股痛而已"}, {"comment_author": "sam810626", "comment_date": ["04/17", "13:50"], "comment_content": "嗯 有一根的女友對吧  左轉甲板"}, {"comment_author": "ghgn", "comment_date": ["04/17", "13:51"], "comment_content": "有懶覺不應該叫女友 應該叫男友"}, {"comment_author": "fantasy2600", "comment_date": ["04/17", "13:52"], "comment_content": "有笑，給推"}, {"comment_author": "okichan", "comment_date": ["04/17", "13:52"], "comment_content": "心理女對吧"}, {"comment_author": "pp3435", "comment_date": ["04/17", "13:54"], "comment_content": "幽默，除非你是甲甲"}, {"comment_author": "Dailin", "comment_date": ["04/17", "13:56"], "comment_content": "XDDD"}, {"comment_author": "ImBBCALL", "comment_date": ["04/17", "14:00"], "comment_content": "？？？"}, {"comment_author": "ID1", "comment_date": ["04/17", "14:01"], "comment_content": "劇情反轉  給推，你改行去寫劇本啦"}, {"comment_author": "pure9502", "comment_date": ["04/17", "14:01"], "comment_content": "滾回甲板"}, {"comment_author": "Hsu1025", "comment_date": ["04/17", "14:07"], "comment_content": "56優文"}, {"comment_author": "Ciao", "comment_date": ["04/17", "14:09"], "comment_content": "這伏筆讚"}, {"comment_author": "asukaseen", "comment_date": ["04/17", "14:16"], "comment_content": "？"}, {"comment_author": "asters", "comment_date": ["04/17", "14:19"], "comment_content": "你覺得屁股很痛？"}, {"comment_author": "mymicos", "comment_date": ["04/17", "14:23"], "comment_content": "笑死XDDDD"}, {"comment_author": "cisyong", "comment_date": ["04/17", "14:29"], "comment_content": "嘔"}, {"comment_author": "etiennechiu", "comment_date": ["04/17", "14:33"], "comment_content": "看得最後才知你女友有雞雞"}, {"comment_author": "xaxa0101", "comment_date": ["04/17", "14:33"], "comment_content": "你女友跟你解了肛人與被肛的成就"}, {"comment_author": "ymfx000a", "comment_date": ["04/17", "14:36"], "comment_content": "久違的八卦廢文"}, {"comment_author": "angelology", "comment_date": ["04/17", "14:40"], "comment_content": "女友是男扮女裝嗎"}, {"comment_author": "miforward", "comment_date": ["04/17", "14:41"], "comment_content": "笑死"}, {"comment_author": "nhboy", "comment_date": ["04/17", "14:58"], "comment_content": "臭甲浪費社會資源"}, {"comment_author": "lnmp", "comment_date": ["04/17", "14:59"], "comment_content": "看起來好像是你被肛"}, {"comment_author": "nrxadsl", "comment_date": ["04/17", "15:01"], "comment_content": "鵝懶甲"}, {"comment_author": "polarbearrrr", "comment_date": ["04/17", "15:02"], "comment_content": "戴假屌吧 同情"}, {"comment_author": "jameshcm", "comment_date": ["04/17", "15:10"], "comment_content": "你應該加入鄉土劇編劇群"}, {"comment_author": "DALLEN", "comment_date": ["04/17", "15:10"], "comment_content": "自介"}, {"comment_author": "justiceyes", "comment_date": ["04/17", "15:32"], "comment_content": "XDD"}, {"comment_author": "Beetch", "comment_date": ["04/17", "15:35"], "comment_content": "笑死"}, {"comment_author": "raku", "comment_date": ["04/17", "15:43"], "comment_content": "她穿假屌內褲肛你喔"}, {"comment_author": "FeverPitch", "comment_date": ["04/17", "15:47"], "comment_content": "最後還蠻好笑的 給推"}, {"comment_author": "Informatik", "comment_date": ["04/17", "15:54"], "comment_content": "=="}, {"comment_author": "cynthiajul", "comment_date": ["04/17", "16:09"], "comment_content": "每個當女友的都有肛男友的夢想"}, {"comment_author": "scott0104", "comment_date": ["04/17", "16:24"], "comment_content": "你肛門也解成就了，你女友已經彈出來"}, {"comment_author": "scott0104", "comment_date": ["04/17", "16:24"], "comment_content": "了"}, {"comment_author": "lucifer666", "comment_date": ["04/17", "16:25"], "comment_content": "看到一半就在想會不會這樣反轉"}, {"comment_author": "zowaterly", "comment_date": ["04/17", "17:10"], "comment_content": "笑死.. 給推"}, {"comment_author": "Asato163", "comment_date": ["04/17", "17:43"], "comment_content": "可愛，女友技巧再多練練"}, {"comment_author": "www115ui8", "comment_date": ["04/17", "19:53"], "comment_content": ""}]}
