{"author": "sheagia (Seven哥)", "category": "Gossiping", "title": "Re: [新聞] 6億黑心水產吃下肚！進口冷凍蝦仁、", "date": "Wed Apr 17 19:21:29 2024", "content": ["台灣犯罪罰金之低、刑期之輕CP值會不會太高難怪一堆詐騙、食安每次重罰五萬根本不痛不癢我就問有沒有立委敢提：比照易科罰金，一天算一千來底刑期，用不法所得去除看要關幾天，不得緩刑有掛嗎？----Sent from", "on my iPhone 11--"], "post_comment": [{"comment_author": "FAZEX", "comment_date": ["04/17", "19:25"], "comment_content": "有比統神嚴重嗎"}, {"comment_author": "sa87a16", "comment_date": ["04/17", "19:26"], "comment_content": "自己人不能修"}, {"comment_author": "steelheart3", "comment_date": ["04/18", "07:25"], "comment_content": "那些有點規模的老闆都跟民代很好"}]}
