{"author": "myIDis7 (個字)", "category": "Gossiping", "title": "Re: [問卦] 華為新筆電用intel的Core Ultra 9?", "date": "Fri Apr 12 19:52:52 2024", "content": ["本來禁令就不適用於Intel之前AMD才在抱怨為什麼他們晶片不能銷售給中國 但Intel可以Intel也是從川普時代就開特許到了拜登時代還繼續特許可能是怕中國自研彎道超車吧到時候取代美國wintel模式就雪崩了所以才開後門 讓中國可以繼續用--"], "post_comment": [{"comment_author": "mikasamikoto", "comment_date": ["04/12", "19:57"], "comment_content": "中國自研CPU誰要用"}, {"comment_author": "woo5566", "comment_date": ["04/12", "19:57"], "comment_content": "想太多，美國要扶持intel自己的晶圓代工"}, {"comment_author": "woo5566", "comment_date": ["04/12", "19:57"], "comment_content": "廠才不禁止intel 銷售"}]}
