{"author": "KingChang711 (中華職棒只有五隊)", "category": "Gossiping", "title": "Re: [問卦] 看國外職棒後曾經滄海難為水的感覺", "date": "Sat Apr 13 12:58:26 2024", "content": ["['※ 引述《nonnon (おりふぉーWW)》之銘言：', ': 差不多一年前，因為朋友的邀請之下我們一起去看兄弟對樂天的比賽', ': 我從那時候開始看棒球。', ': 看了幾個月之後覺得守備失誤也太多、就覺得好像有點冷掉', ': 半年前有一個機會去日本看人生第一場日職比賽，無論是人山人海的觀眾', ': 球員在場中的表現或是中場的各種整活都讓我印象深刻。', ': 回來沒多久就訂閱了洋聯TV，假日的時候就時不時會待在家裡看比賽轉播', ': 但還是會去桃園洲際天母新莊看比賽、台灣大賽', ': 以及上個月的大巨蛋親善比賽。', ': 上個禮拜去日本看了四場比賽、很高興支持的球隊當天都有贏球', ': 包括中日龍', ': 回來之後再回來看電視上的中職轉播，感覺就有點怪怪的', ': 就像工口遊戲那樣，經歷過比較厲害的之後回到比較普通的就很難有感覺', ': 曾經滄海難為水的心情。', ': 感覺這樣的心情繼續下去我對中職會完全沒興趣，', ': 這樣的心情該如何平復呢？', '中華職棒啦啦隊排行', '1 中信兄弟Passion Sisters', '2 富邦悍將Fubon Angels', '2 味全龍Dragon Beauties', '4 統一獅......他們啦啦隊名字我忘了', '5 台鋼獵...雄鷹......剛成立不記得名字了']", "你要把握這幾年還可以在中華職棒及國外職棒選擇的機會等到過幾年臺灣回歸大陸之後現有的職棒、P+及T1應該都會消失取而代之的是臺北會有一支CBA球隊第二大都市臺中會有一支NBL球隊足球方面可能會有一隊但不知道會在哪個層級這時你就要在國內籃足球及NBA、西甲、英超等聯賽間困擾了現在職棒衍生出來的流行話題包括一粒什麼的流行度之所以和其他話題差別人一截就是因為大陸人對這些話題都是無感的既然大陸人無感，那就無法出頭天以後的趨勢就是所有的流行都需要經過大陸人認可才是真正的流行--", "--"], "post_comment": [{"comment_author": "EvoLancer", "comment_date": ["04/13", "13:04"], "comment_content": "4"}]}
