{"author": "JWJW (J.W.)", "category": "Gossiping", "title": "Re: [新聞] 鼎泰豐遭重罰8千萬！澳洲分公司「苛", "date": "Sat Apr 13 07:02:46 2024", "content": ["['※ 引述《kmter5566》之銘言', ': 備註請放最後面 違者新聞文章刪除', ': 1.媒體來源:', ': TVBS', ': 2.記者署名', ': 責任編輯 蕭沁梅', ': 3.完整新聞標題:', ': 鼎泰豐遭重罰8千萬！澳洲分公司「苛扣薪水、造假工時」下場慘', ': 4.完整新聞內文:', ': 台灣知名企業鼎泰豐在澳洲的公司及2名經理人，因涉嫌苛刻員工薪資、偽造工資紀錄等，', ': 共遭澳洲聯邦法院重罰澳幣409萬餘元（約新台幣8677萬元）。', ': 鼎泰豐在澳洲雪梨、墨爾本均有據點。澳洲聯邦法院昨天釋出的法院文件中指出，鼎泰豐', ': 澳洲經營的兩家公司（Din Tai Fung World Square Pty Ltd 和 Selden Farlane Lachla', ': Investments Pty Ltd）涉嫌剋扣員工薪資、製造虛假紀錄，包括支付員工工資低於法定最', ': 低工資標準、未支付員工加班費、週末及國假加班費、輪班津貼等。', ': 法院發現，澳洲鼎泰豐公司留有兩套工資及工時紀錄，一套為真、另一套為偽造，這樣的', ': 騙手法至少自2016年7月就開始。', ': 澳洲鼎泰豐公司遭澳洲聯邦法院重罰澳幣390萬元（約新台幣8260萬元），另有兩名經理也', ': 分別遭罰澳幣9萬2232元（約新台幣195萬元）及澳幣10萬5084元（約新台幣222萬元）。', ': 法院指出，有41名員工被少付的薪資為澳幣2300元（約新台幣4萬8千元）至澳幣5萬元不等', ': （新台幣105萬元），且未獲得補償。', ': 法院並對17名員工遭苛刻薪資狀況進行詳細審查，發現少付的薪資占應得薪資的比例為12', ': 7%至36.03%不等。', ': 法院指出，多數員工為30歲以下、持有臨時簽證的外籍員工。涉案公司蓄意僱用臨時簽證', ': 有者而非澳洲公民或永久居民，避免不法行為引起當局注意。', ': 台灣連鎖企業在海外據點因苛扣員工薪資遭罰不只這樁。連鎖咖啡蛋糕烘焙店85度C在202', ': 年涉嫌以實習名義剝削台灣學生，遭罰澳幣47萬5200元（約新台幣1003萬元），該罰金是', ': 洲對單一公司第二高，也是平等工作監察署調查案件的第五高。（中央社）', ': 5.完整新聞連結 (或短網址)不可用YAHOO、LINE、MSN等轉載媒體:', ':', '', ': 6.備註:', ': 反觀', 'BePTT']", "其實這篇新聞沒有講到一個事情，就是鼎泰豐提供給Hospitality Legal律師事務所審計的資料（工時、工資）都是假的…審判的大法官說鼎泰豐很有可能沒有去跟律師事務所聽取建議而擅自作主當你連幫你的律師、審計師都騙了的時候，你要律師事務所怎麼幫你？活該鼎泰豐被罰", "在", "n", "欺", ".1", "持", "2", "澳", "----Sent from", "on my iPhone 15 Pro--"], "post_comment": [{"comment_author": "choobii", "comment_date": ["04/13", "07:04"], "comment_content": " 很台灣"}, {"comment_author": "cmcmisgod", "comment_date": ["04/13", "07:05"], "comment_content": "台灣人把先打卡繼續上班陋習帶去國外"}, {"comment_author": "cmcmisgod", "comment_date": ["04/13", "07:05"], "comment_content": "嗎？"}, {"comment_author": "lokiwash", "comment_date": ["04/13", "07:05"], "comment_content": "在台灣重罰3萬"}, {"comment_author": "cmcmisgod", "comment_date": ["04/13", "07:05"], "comment_content": "以為外國人跟台灣一樣奴484"}, {"comment_author": "cmcmisgod", "comment_date": ["04/13", "07:05"], "comment_content": "確實 台灣就是重罰三萬"}, {"comment_author": "cofrane", "comment_date": ["04/13", "07:09"], "comment_content": "這很台灣"}, {"comment_author": "ianlin1216", "comment_date": ["04/13", "07:09"], "comment_content": "垃圾台灣企業"}, {"comment_author": "silver0314", "comment_date": ["04/13", "07:11"], "comment_content": "台灣重罰3萬"}, {"comment_author": "gn00324893", "comment_date": ["04/13", "07:14"], "comment_content": "我記得鮮芋仙以前也都是黑工價"}, {"comment_author": "yoyodio", "comment_date": ["04/13", "07:30"], "comment_content": "垃圾台灣慣老闆以為在人家地盤也可以亂搞"}, {"comment_author": "jackgn", "comment_date": ["04/13", "07:50"], "comment_content": "就慣老闆以為外國法官會像台灣法官一樣，"}, {"comment_author": "jackgn", "comment_date": ["04/13", "07:50"], "comment_content": "體諒他們車太小，小四沒有鮑包買"}, {"comment_author": "guky", "comment_date": ["04/13", "07:57"], "comment_content": "哈 台灣幾乎每家公司都這樣兩套工時紀錄，"}, {"comment_author": "guky", "comment_date": ["04/13", "07:57"], "comment_content": "但是政府都裝死"}, {"comment_author": "bigcho", "comment_date": ["04/13", "08:22"], "comment_content": "台灣之光"}, {"comment_author": "basicnet", "comment_date": ["04/13", "08:32"], "comment_content": "台灣之光 重罰八千萬"}, {"comment_author": "harukay08", "comment_date": ["04/13", "11:22"], "comment_content": "世界怎跟得上台灣"}]}
