{"author": "KevinLow (廢文漏)", "category": "Gossiping", "title": "Re: [新聞] 出道25年終於來台！日本天后宇多田光", "date": "Fri Apr 12 12:36:21 2024", "content": ["['※ 引述《lycppt ()》之銘言：', ': TVBS新聞', ': 出道25年終於來台！日本天后宇多田光「8月攻蛋2天」售票日公開', ': 記者 林坤緯 報導', ': 發佈時間：2024/04/12 12:10', ': 最後更新時間：2024/04/12 12:10', ':', '', ': 宇多田光8月將在台北小巨蛋連唱2天。（圖／大鴻藝術、超級圓頂提供）', ': 以無數經典金曲和獨特深受全球樂迷喜愛，充滿神秘魅力的日本神級歌手宇多田光，出道25', ': 年後終於宣佈要來到寶島開唱，讓苦等許久的台灣歌迷幾乎是喜極而泣。台北演唱會的詳細', ': 消息終於公開，宇多田光即將登上小巨蛋熱唱2天，為台灣歌迷帶來經典金曲與膾炙人口的', ': 新歌。主辦單位大鴻藝術BIG ART與超級圓頂SUPER DOME也宣布為了讓歌迷有更多機會購票', ': 欣賞這場難得的演出，將採用票券實名制與抽票制雙管齊下售票，這也是在台北小巨蛋舉行', ': 的演唱會活動中，首次採用此制度售票。', ': 宇多田光在迢迢音樂路上拿下許多大獎與頭銜，自1999年推出的個人首張專輯《First Love', ': 》累積銷量摘下「日本音樂史上最熱賣專輯」桂冠後一戰成名，成為海內外音樂排行榜、「', ': 日本金唱片大獎」、「MTV日本音樂錄影帶大獎」等大獎常客，2022年末Netflix翻拍原創純', ': 愛日劇《First Love 初戀》，使得他的兩首經典歌曲〈First Love〉和〈初戀〉再次逆襲', ': 殺回串流排行榜，不但凸顯宇多田光在音樂和影視領域的影響力，在台灣點燃的討論熱度也', ': 透過社群平台震驚宇多田光本人，親謝台灣笑稱，「沒想到我15歲時創作的歌曲居然會在24', ': 年後重回排行榜。」', ': 讓老歌迷回味再三、新歌迷無法自拔，宇多田光的歌聲就是有此等魔力，精純的唱功與扣人', ': 心弦的詞曲，讓他在音樂界的地位始終屹立不搖。為迎接出道25週年，前陣子宇多田光宣布', ': 於今年4月推出個人首張精選輯《SCIENCE FICTION》，以及即將舉辦睽違6年的日本巡迴演', ': 唱會，消息一出令所有海內外歌迷摩拳擦掌，就是為了想抽到門票好現場朝聖。日前宇多田', ': 光驚喜加碼，表示將出海來到台北開唱，再次成功引爆話題。主辦單位表示為了讓歌迷有更', ': 多機會購票欣賞這場難得的演出，此場演出售票將採用實名制加上日本行之有年的抽票制度', ': 雙管齊下，以防止不當搶票與高價轉售票券。', ': 宇多田光台北演唱會「HIKARU UTADA SCIENCE FICTION TOUR 2024」將在8月10日（六）、8', ': 月11日（日）於台北小巨蛋演出，售票將分成兩階段，第一階段請歌迷登記抽選購票資格，', ': 抽選獲得購票資格的歌迷於規定時間內付款即可完成購票，第一階段完成清票後，將於4月2', ': 8日（日）中午12點於Ticket Plus遠大售票系統統一開賣，兩階段皆採用實名制。售票與演', ': 出詳情請鎖定主辦單位官方臉書。', ':', '']", "這次是用抽選制不知道台灣有沒有前例可以參考抽選目的是放黃牛機器人大量掃票而且對我們這種搶票軟手來說也比較友善只是台灣不知道會不會玩出一個新的高度黃牛如果能從抽選裡找到漏洞 我就服了", "--"], "post_comment": []}
