{"author": "IchiKori176 (我愛櫃姐 櫃姐愛我)", "category": "Gossiping", "title": "Re: [問卦] 喜歡微積分可以做什麼職業 ？", "date": "Fri Apr 12 11:15:40 2024", "content": ["當然是政論名嘴想想看當總統大選烙下帷幕時應該大家耳根可以清淨好一陣子結果每天還是有討論不完的新話題這就好像古希臘數學家阿基米德當初為了求圓周率而使用的割圓術從正六邊形 十二邊形 二十四邊形一直無窮切下去，這也是微積分概念的源頭所以微積分好不要再傻傻去當大學教授或是工程師當名嘴整天批評就有薪水入帳--張無忌仔細瞧殷天正時見他雖然年老卻精神矍鑠，雙目燦然生光，張無忌從他目中陡然見到幾分慈和溫柔的神色，他不知道殷天正此時目光忽露親善之意，也正是想到自己已死去的女兒 女婿。--"], "post_comment": [{"comment_author": "lucybelle", "comment_date": ["04/12", "11:31"], "comment_content": "統計之亂"}]}
