{"author": "hope951 (分說、不分說、不由分說)", "category": "Gossiping", "title": "Re: [新聞] 民眾黨麥寮鄉長補選吞敗 柯文哲：如果重", "date": "Sun Apr 14 21:25:29 2024", "content": ["['※ 引述《zoeapezoo ()》之銘言：', ': 1.媒體來源:', ': ※ 例如蘋果日報、自由時報（請參考版規下方的核准媒體名單）', ': ※ Yahoo、MSN、LINE等非直接官方新聞連結不被允許', ': 聯合', ': 2.記者署名:', ': ※ 若新聞沒有記者名字或編輯名字，請勿張貼，否則會被水桶14天', ': ※ 外電至少要有來源或編輯 如:法新社', ': 林銘翰', ': 3.完整新聞標題:', ': ※ 標題沒有完整寫出來 ---> 依照板規刪除文章', ': 民眾黨麥寮鄉長補選吞敗 柯文哲：如果重來還是會參選', ': 4.完整新聞內文:', ': ※ 社論特稿都不能貼！違者刪除（政治類水桶3個月)，貼廣告也會被刪除喔！可詳看版規', ': 雲林縣麥寮鄉長補選昨天落幕，民眾黨候選人林宜豊未能取勝，民眾黨主席柯文哲今天表示', ': ，「如果重來一遍，我們還是會參選」，基於政黨的主體性，民眾黨有好的人選，沒有理由', ': 不參選，不過地方選舉需要長期經營，畢竟人脈還是很重要，「對我們來講很重要就是學習', ': ，不嘗試永遠不知道缺點在哪裡。」', ': 民眾黨今天舉行黨公職共識營，柯文哲會後受訪時表示，這次補選的投票率只有47%，反觀2', ': 022年地方選舉還有67%，選民結構也不一樣，民眾黨有做過檢討，不過如果重來一遍，「我', ': 們還是會參選」，因為今年的六場補選，不可能完全不派人，所以才會選一個屬性最接近的', ': 地方，而且民眾黨有好的候選人。', ': 柯文哲還說，「到現在為止我還是相信，我們的候選人絕對比其他單位、政黨提出來的候選', ': 人，有在地又比較乾淨，不是地方的光電業者。」', ': 柯文哲說明，基於政黨的主體性，政黨還是需要發展，民眾黨要把新文化帶進台灣社會，再', ': 加上有好的候選人，所以沒有理由不參選，不過地方選舉需要長期經營，畢竟人脈還是很重', ': 要，「對我們來講就是學習，不嘗試永遠不知道缺點在哪裡。」', ': 柯文哲強調，民眾黨會做詳細的檢討報告，然後再修正改進，「凡事要用比較正面的態度看', ': 待，所以還是應該要去選，選不好再檢討改進就好」，但是對於選舉結果不覺得奇怪，「如', ': 果以地方經營、準備的程度，差不多也是這樣。」', ': 媒體詢問，麥寮鄉長補選重現三腳督，重現藍白相爭綠營得利局面，柯文哲表示，國民黨不', ': 需要講這種話，因為兩位候選人加起來，還是輸給現在的當選者，藍白兩黨的DNA完全不一', ': 樣，每個政黨都要有主體性，可以合作的時候合作，需要競爭的時候競爭，必須對抗的時候', ': 對抗，「我覺得國民黨目前的發言都不恰當。」', ': 柯文哲說，民眾黨按照議題合作，就像目前在立法院，「我們不想當小藍，也不想當小綠」', ': ，該怎麼做就怎麼做，不需要完全附隨其他人，上個星期的院會投票，兩大黨都發動甲', ': 員，結果跑票跑成這個樣子，就連民進黨團總召柯建銘都沒有到場，現在還要怪民眾黨沒有', ': 支持他們，「你們自己甲級動員都不來，還在怪別人。」', ': 5.完整新聞連結 (或短網址)不可用YAHOO、LINE、MSN等轉載媒體:', ': ※ 當新聞連結過長時，需提供短網址方便網友點擊', ':', '', ': 6.備註:', ': ※ 一個人一天只能張貼一則新聞(以天為單位)，被刪或自刪也算額度內，超貼者水桶，請?', ': ※ 備註請勿張貼三日內新聞(包含連結、標題等)']", "94R看到一堆人說柯文哲是宋楚瑜2.0拜託不要侮辱宋神掌好嗎？宋神掌是真老二，柯文哲是假老二親民黨地方選舉也選的比民眾黨好雖然都收了黃33，但是親民黨對黃33並沒有像柯文哲一樣重用請小草不要膨風柯文哲是宋楚瑜2.0因為柯文哲輸人家多了", "級", "-----Sent from MeowPtt on my iPhone--"], "post_comment": [{"comment_author": "fony1029", "comment_date": ["04/14", "21:26"], "comment_content": "真老二也是2000年的事情 後面都老三"}, {"comment_author": "fony1029", "comment_date": ["04/14", "21:26"], "comment_content": "而且人家是省長他只是市長而已"}, {"comment_author": "zephyr105", "comment_date": ["04/14", "21:27"], "comment_content": "省長不用選吧"}, {"comment_author": "apeople", "comment_date": ["04/14", "21:27"], "comment_content": "科目三現在就在苟延殘喘，放心2026就看"}, {"comment_author": "apeople", "comment_date": ["04/14", "21:27"], "comment_content": "不到他了"}, {"comment_author": "ghostl40809", "comment_date": ["04/14", "21:30"], "comment_content": "省長有直選過 3F外國人?"}, {"comment_author": "kaky", "comment_date": ["04/14", "21:30"], "comment_content": "台灣省跟台北市同級吧"}, {"comment_author": "championbad", "comment_date": ["04/14", "21:31"], "comment_content": "省長不用選 總統還是實質第二名"}, {"comment_author": "championbad", "comment_date": ["04/14", "21:31"], "comment_content": "反觀靠民進黨禮讓/棄保的垃圾"}, {"comment_author": "hsiao0907", "comment_date": ["04/14", "21:32"], "comment_content": "末期的省長要選啊，老宋當年跟陳定南"}, {"comment_author": "hsiao0907", "comment_date": ["04/14", "21:32"], "comment_content": "選"}, {"comment_author": "kaky", "comment_date": ["04/14", "21:32"], "comment_content": "不過選總統宋是比連強 柯只有在沒組織動員才"}, {"comment_author": "ghostl40809", "comment_date": ["04/14", "21:33"], "comment_content": ""}, {"comment_author": "kaky", "comment_date": ["04/14", "21:33"], "comment_content": "能贏過侯加上組知柯就被侯打，宋能打連+組織"}, {"comment_author": "championbad", "comment_date": ["04/14", "21:33"], "comment_content": "原來省長真的要選"}, {"comment_author": "hsiao0907", "comment_date": ["04/14", "21:33"], "comment_content": "不知道的就別亂說"}, {"comment_author": "championbad", "comment_date": ["04/14", "21:34"], "comment_content": "反觀某個臭老三"}, {"comment_author": "civic5thsi", "comment_date": ["04/14", "21:34"], "comment_content": "如果地方派系這麼容易推翻 那大黨真"}, {"comment_author": "civic5thsi", "comment_date": ["04/14", "21:35"], "comment_content": "的該嚇尿 地方派系太多情恨糾葛了"}, {"comment_author": "kaky", "comment_date": ["04/14", "21:36"], "comment_content": "地方派系就是招安分解直接推想太多"}, {"comment_author": "JackTheRippe", "comment_date": ["04/14", "21:39"], "comment_content": "雀食"}, {"comment_author": "b777787", "comment_date": ["04/14", "21:39"], "comment_content": "邏輯正確"}, {"comment_author": "fony1029", "comment_date": ["04/14", "21:47"], "comment_content": "民眾黨只能說天龍國看世界太久，要打進"}, {"comment_author": "fony1029", "comment_date": ["04/14", "21:48"], "comment_content": "鄉下得還是要接受你們討厭的巨嬰族群長"}, {"comment_author": "fony1029", "comment_date": ["04/14", "21:48"], "comment_content": "輩鄉親，帶一堆台北新竹的人過去麥寮鄉"}, {"comment_author": "fony1029", "comment_date": ["04/14", "21:48"], "comment_content": "下當然很難影響，而且說是鎖定六輕的年"}, {"comment_author": "fony1029", "comment_date": ["04/14", "21:48"], "comment_content": "輕選票，也有不少年輕人不會平時週休二"}, {"comment_author": "fony1029", "comment_date": ["04/14", "21:48"], "comment_content": "日回家為了投票吧？柯還沒有到民進黨的"}, {"comment_author": "fony1029", "comment_date": ["04/14", "21:48"], "comment_content": "煽情情勒跟政治攻防，我看打入鄉下都很"}, {"comment_author": "fony1029", "comment_date": ["04/14", "21:48"], "comment_content": "難，不過還是加油"}, {"comment_author": "takanasiyaya", "comment_date": ["04/14", "21:51"], "comment_content": "小草連神掌選省長多威都不知道嗎"}, {"comment_author": "aegiss", "comment_date": ["04/14", "21:52"], "comment_content": "嗯嗯那現在呢"}, {"comment_author": "alisabonsai", "comment_date": ["04/14", "22:04"], "comment_content": "如果沒有馬英九假民調 宋有可能當總"}, {"comment_author": "alisabonsai", "comment_date": ["04/14", "22:04"], "comment_content": "統 馬英九是假老二始祖 黃33是二世"}, {"comment_author": "cobrasgo", "comment_date": ["04/14", "22:12"], "comment_content": "這樣比不公平啦，宋當省長是全省雨露均"}, {"comment_author": "cobrasgo", "comment_date": ["04/14", "22:12"], "comment_content": "沾。想像肥燦當省長就知道了"}, {"comment_author": "kabukiada", "comment_date": ["04/14", "22:27"], "comment_content": "馬自己出來選都贏，哪來資格檢討他"}, {"comment_author": "sthelse", "comment_date": ["04/14", "22:35"], "comment_content": "老漢好提當年勇??"}, {"comment_author": "ckleonhsu", "comment_date": ["04/14", "22:52"], "comment_content": "費文"}]}
