{"author": "Neymar (內馬爾)", "category": "Gossiping", "title": "Re: [新聞] 國會改革法案初審 柯建銘：藍白毀憲亂政", "date": "Tue Apr 16 10:46:45 2024", "content": ["['※ 引述《serialhon (人生如夢)》之銘言：', ': 經濟日報', ': 國會改革法案初審 柯建銘：藍白毀憲亂政史上最荒謬', ': 2024/04/15 19:21:44', ': 中央社 記者王揚宇台北15日電', ': 立法院司法及法制委員會今天初審通過國會改革法案，全數條文保留送協商。民進黨團總召', ': 柯建銘等人質疑，整天下來，藍白合演歷史上最荒謬的一刻、毀憲亂政，歷史焚化爐就等著', ': ，藍白也在自掘墳墓。', ': 立法院司法及法制委員會今天併案審查國會改革法案。大體討論過後、進入逐條審查時，民', ': 進黨立委不滿會議主席、國民黨立委吳宗憲不讓在場立委進行逐條討論，因此提出40次散會', ': 動議，但因人數劣勢並未通過。審查結果，全案初審通過，全數條文保留，交黨團協商。', ': 民進黨團總召柯建銘、幹事長吳思瑤、書記長莊瑞雄，以及立委沈發惠、鍾佳濱、陳俊宇、', ': 沈伯洋在委員會散會後，召開記者會。', ': 柯建銘說，今天委員會審查過程荒腔走板，也讓人看到活生生的毀憲亂政，重要的是，基於', ': 權力分立原則，可以監督制衡，但不是以監督之名予以擴權，而且任何人在憲法底下都必須', ': 低頭，不能予以擴權，但今天國民黨、民眾黨合演脫離憲法的行為，令人無法接受。', ': 柯建銘說，根據大法官釋字第585號解釋結果，有給予立法院調查權，而且是對事不對人，', ': 但如果按照國民黨立委的版本，連總統都可以抓起來科予刑罰，且規定總統做國情報告可即', ': 問即答，這根本亂套，甚至找民間人士來備詢也可以抓起來。', ': 柯建銘說，國民黨立委所提藐視國會罪版本，甚至可以把總統、行政院長抓起來課以刑責，', ': 這種荒謬設計全世界沒有，無限擴權製造憲政怪獸，這是立院史上最荒謬的一刻。', ': 柯建銘說，這樣的版本根本是無限擴權、製造憲政怪獸，這是立法院史上最荒謬的一刻，而', ': 且委員會審查過程時也不讓人發言、藍白陣營不敢捍衛其版本，國會完全倒退，在國民黨威', ': 權時期、「蔣介石在世也不敢如此」，國民黨、民眾黨就等著民意反撲，所做的毀憲行為也', ': 在自掘墳墓。', ': 柯建銘提到，民進黨團的國會改革法案16日就過復議期，屆時可併案審查，況且有幾位國民', ': 黨立委的版本也是一樣，但為何今天要衝那麼快，就是算好1個月冷凍期時間，在520要以此', ': 違憲版本，要總統當選人賴清德來國會做國情報告，且即問即答，而且如果做虛偽陳述還可', ': 以抓起來關。', ': 柯建銘說，但520後，內定行政院長卓榮泰2周內要到立法院備詢，同時間又要叫總統當選人', ': 賴清德來立法院即問即答、備詢，天底下沒有這種憲政體制，他們就是要製造憲政衝突、做', ': 國會鬥爭，因此今天無論如何都要把案子送出委員會，再難看都要演下去，藍白沆瀣一氣。', ':', '']", "擴權?585號解釋怎麼說的?立法院為有效行使憲法所賦予之立法職權，本其固有之權能自得享有一定之調查權，主動獲取行使職權所需之相關資訊，俾能充分思辯，審慎決定，以善盡民意機關之職責，發揮權力分立與制衡之機能。立法院調查權乃立法院行使其憲法職權所必要之輔助性權力。", "同樣的，585號怎麼說的?立法院調查權行使之方式，並不以要求有關機關就立法院行使職權所涉及事項提供參考資料或向有關機關調閱文件原本之文件調閱權為限，必要時並得經院會決議，要求與調查事項相關之\"人民\"或政府人員，陳述證言或表示意見，並得對違反協助調查義務者，於科處罰鍰之範圍內，施以合理之強制手段然後憲法第67條又怎麼說的各種委員會得邀請政府人員及\"社會上有關係人員\"到會備詢。現在的問題只是差在，國民黨目前的版本主張加上刑法來懲處藐視國會罪嫌的人但是最後還是得經由法院審判來確定是否有藐視國會的罪嫌這部分雖然大法官解釋中沒有提到(只提到用罰緩的方式)既然大法官當初解釋沒有提到，那就等你們提出釋憲案讓大法官裁決阿，怎麼還沒裁決就說違憲?民進黨立委是大法官?違不違憲民進黨立委說了算?", "憲法第五十二條規定：「總統除犯內亂或外患罪外，非經罷免或解職，不受刑事上之訴究」，是為總統之刑事豁免權。讀一下憲法，加油好嗎?", "呵呵，還不是因為拖了8年甚至12年了整理一下時序3/21: 邀請立法院秘書長列席就中華民國總統到立法院備詢進行國情報告      及詢答機制之建議進行專題報告4/01: 審查立法院職權行使法部分條文修正草案相關提案4/03: 啟動公聽會，以及審查立法院職權行使法部分條文修正草案相關提案      (因為地震所以延到04/15)04/10: 舉辦公聽會04/11: 舉辦公聽會04/15: 審查相關提案", ":天底下沒有這種憲政體制，這你倒是說對了全世界沒有五權憲法這種體制但是和最和我國相似的法國來說(雙首長制)法國有國會調查權，藐視國會處罰，也可以質詢行政官員不爽這些草案通過，認為違憲??????那就提釋憲案阿，廢話那麼多再說一遍，違不違憲不是立委說的算，就是那麼簡單--"], "post_comment": [{"comment_author": "peterwu4", "comment_date": ["04/16", "10:57"], "comment_content": "我覺得詭異的地方是塔綠班的講法做法就"}, {"comment_author": "peterwu4", "comment_date": ["04/16", "10:58"], "comment_content": "好像它們永遠都會執政一樣…"}, {"comment_author": "jerry810113", "comment_date": ["04/16", "11:03"], "comment_content": "死忠不是叫假的"}, {"comment_author": "ramun", "comment_date": ["04/16", "12:12"], "comment_content": "塔綠班下台當然說法又不一樣了 不然怎麼被"}, {"comment_author": "ramun", "comment_date": ["04/16", "12:12"], "comment_content": "酸雙標黨"}, {"comment_author": "ramun", "comment_date": ["04/16", "12:13"], "comment_content": "講到違憲 整天中華民國=台灣 應該也是違憲"}, {"comment_author": "ramun", "comment_date": ["04/16", "12:13"], "comment_content": "吧"}]}
