{"author": "huabandd (我是阿肥巴你頭)", "category": "Gossiping", "title": "Re: [新聞] 不敢花錢！我國超額儲蓄飆3.8兆刷歷史新", "date": "Fri Apr 12 07:54:49 2024", "content": ["['※ 引述 《Workforme》 之銘言：', ': 不敢花錢！我國超額儲蓄飆3.8兆刷歷史新高']", "媽的擔心個屁喔？學一下拜登就好了啊拜登建議零售商降價，蔡英文也可以建議啊蔡英文可是為拜登的狗的死哀悼過欸可以算得上是好朋友了，加上又是美國阿爸身分美國阿爸都表演給你看了，直接照抄不就好了？蔡英文可以準備呼籲零售商降價了這樣大家就可以願意花錢，活絡經濟你說是不是真的好簡單呢？感謝拜登的狗的死，讓蔡英文跟拜登成為好朋友感謝拜登演示給蔡英文看--", "看到你這種在生氣就是我發文的樂趣XD"], "post_comment": [{"comment_author": "deepdish", "comment_date": ["04/12", "07:55"], "comment_content": "好惹喇 八卦板不缺鍵盤餿主意喇zzzzzzzz"}]}
