{"author": "gxlin (阿明)", "category": "Gossiping", "title": "Re: [問卦] 台灣有大學要穿制服上學？", "date": "Tue Apr 16 11:32:53 2024", "content": ["['※ 引述《Superxixai (Lux sit)》之銘言：', ': 阿肥之前只聽過，', ': 外國有些比較傳統的大學，', ': 或是比較保守的大學，', ': 會有制服這種東西。', ': 想不到在台灣，', ': 竟然也有大學有制服！', ': 有沒有相關的八卦？']", "這讓我想起當年大學開學第一天全校新生訓練集合時 所有人都穿類似5專卡其色\"制服\"只有我1個人 太窮了 沒買制服 穿便服當時有點尷尬 想說教官會來問你的制服餒? 但大學真的不一樣了沒人理~~ 結果其他同學的\"制服\" 4年也就穿那一次插播一下 後來知道同學有人比我還窮需要幫學校內的餐廳清周遭的水溝 換取免費餐點現在想想 阿肥自有阿肥福 出社會時班上大部分人的起點都一樣了~~~--"], "post_comment": [{"comment_author": "dean1990", "comment_date": ["04/16", "11:36"], "comment_content": "高餐好像要，之前參加營隊時看他們都穿"}, {"comment_author": "dean1990", "comment_date": ["04/16", "11:36"], "comment_content": "制服"}, {"comment_author": "EXTECH", "comment_date": ["04/16", "12:21"], "comment_content": "大學第一次聯誼，就會要求穿高中制服"}]}
