{"author": "tcypost (唐子硯)", "category": "Gossiping", "title": "Re: [問卦] 建中北一為何出不了一個唐鳳？", "date": "Tue Apr 16 23:17:29 2024", "content": ["因為想知道唐鳳到底何德何能可以被拱到數位部長這種嚴肅職位。  所以之前查詢維基百科", "結果得到這種結果，維基百科都判定疑似廣告或是公關宣傳。  然後我又無聊看了一下內容，實在太狂.....", "我那時就想，好恐怖喔，該不會有一群人想要拱他往更上層吧...  真是不寒而慄耶...數位部長居然事蹟和總統一樣長？  到底是部長太多事還是當總統很簡單？？？  然後回這篇問題，建中比較多神奇的人，北一女偏努力居多，  如果把建北這群人養成唐鳳那樣喔，我的見解是會天下大亂。  第一個缺點就是", "～  還好現在有AI可以幫摘要，要不然要看很多廣告文體很麻煩。", "--", "從你叫他大哥我就知道你在反串！！！"], "post_comment": [{"comment_author": "buike", "comment_date": ["04/16", "23:18"], "comment_content": "你以為人人都能成為EE寵臣？"}, {"comment_author": "ah937609", "comment_date": ["04/16", "23:18"], "comment_content": "下篇 鄭捷"}, {"comment_author": "words2012", "comment_date": ["04/16", "23:19"], "comment_content": "對!唐鳳大哥重點是為人正派著稱!"}, {"comment_author": "words2012", "comment_date": ["04/16", "23:19"], "comment_content": "他道德風範與智商 都是難得菁英"}, {"comment_author": "words2012", "comment_date": ["04/16", "23:20"], "comment_content": "他就是政壇翟本橋!"}, {"comment_author": "heavensun", "comment_date": ["04/16", "23:20"], "comment_content": "建中有出 翟本喬  比唐鳳強吧"}, {"comment_author": "heavensun", "comment_date": ["04/16", "23:22"], "comment_content": " 翟本喬  也留長髮 也想從政"}, {"comment_author": "words2012", "comment_date": ["04/16", "23:27"], "comment_content": "無反串 所以他不自認男的?"}, {"comment_author": "Lailungsheng", "comment_date": ["04/16", "23:27"], "comment_content": "不可質疑我的阿肥大哥"}, {"comment_author": "words2012", "comment_date": ["04/16", "23:28"], "comment_content": "對!他的性別寫無 所以稱啥應該都好"}, {"comment_author": "WIGGINS22", "comment_date": ["04/16", "23:30"], "comment_content": "阿肥明天午餐吃蛇摸!?"}, {"comment_author": "SRT0619", "comment_date": ["04/16", "23:57"], "comment_content": "如果可以選 你覺得他會念建中還是北一女"}]}
