{"author": "seand8088503 (あいうえお)", "category": "Gossiping", "title": "Re: [問卦] 現在小孩會看東方出版社亞森羅蘋世界經玖", "date": "Fri Apr 12 00:07:35 2024", "content": ["以前很愛看東方出版社那套啊自己也有買了幾本 像是野性的呼喚超級讚讚><而且因為太經典不只圖書館 各個書局都有放一套在賣那時候書也都沒在包膜的假日整個何嘉仁書局都是人在看書但現在就XDDDDD小孩看書的人口越來越少啦書局一間一間關 幫實體書店QQ--"], "post_comment": [{"comment_author": "kenryu", "comment_date": ["04/12", "00:17"], "comment_content": "好希望東方版可以出電子書 太多本了佔位"}, {"comment_author": "kenryu", "comment_date": ["04/12", "00:17"], "comment_content": "置"}, {"comment_author": "piggybill", "comment_date": ["04/12", "00:17"], "comment_content": "野性的呼喚好看！！讓我對拳師狗印象"}, {"comment_author": "piggybill", "comment_date": ["04/12", "00:17"], "comment_content": "深刻"}, {"comment_author": "juyac11", "comment_date": ["04/12", "07:03"], "comment_content": "有出電子書啊，亞森羅蘋全套"}]}
