{"author": "luciffar (葬送的路西法-葬送最多○)", "category": "Gossiping", "title": "Re: [問卦] 以色列要對伊朗做史無前例的大規模攻擊", "date": "Sun Apr 14 09:12:15 2024", "content": ["我比較好奇 約旦 伊拉克被夾在兩條瘋狗中間現在正在想甚麼?會力挺伊朗到底嗎?還是做壁上觀?以阿戰爭以前有蘇聯老大哥撐腰這次應該沒有吧?自己都快忙死了--"], "post_comment": [{"comment_author": "LoveMakeLove", "comment_date": ["04/14", "09:12"], "comment_content": "保持中立"}, {"comment_author": "ccdrv", "comment_date": ["04/14", "09:13"], "comment_content": "你們 要打可以 但是不要在我家打"}, {"comment_author": "www115ui8", "comment_date": ["04/14", "09:13"], "comment_content": "約旦有美軍在不會出事"}, {"comment_author": "dosiris", "comment_date": ["04/14", "09:14"], "comment_content": "伊拉克還沒部署薩德嗎"}, {"comment_author": "kkman321", "comment_date": ["04/14", "09:14"], "comment_content": "以前力挺 還不是打輸"}, {"comment_author": "snocia", "comment_date": ["04/14", "09:15"], "comment_content": "伊拉克一定挺伊朗，約旦是美國好友"}, {"comment_author": "lifehunter", "comment_date": ["04/14", "09:15"], "comment_content": "挺過了 而且伊拉克巴不得伊朗去死"}, {"comment_author": "snocia", "comment_date": ["04/14", "09:16"], "comment_content": "原因，伊拉克最大宗教派系為什葉派，且庫"}, {"comment_author": "snocia", "comment_date": ["04/14", "09:16"], "comment_content": "德族(遜尼派)亦為波斯人親戚"}, {"comment_author": "ImBBCALL", "comment_date": ["04/14", "09:17"], "comment_content": "這兩個也是瘋狗啊"}, {"comment_author": "snocia", "comment_date": ["04/14", "09:17"], "comment_content": "過去和伊朗發生戰爭的，是海珊政權，是遜"}, {"comment_author": "snocia", "comment_date": ["04/14", "09:17"], "comment_content": "尼派阿拉伯人"}, {"comment_author": "snocia", "comment_date": ["04/14", "09:19"], "comment_content": "目前伊拉克雖是民主投票，但實際上是宗教"}, {"comment_author": "snocia", "comment_date": ["04/14", "09:19"], "comment_content": "投票，因此什葉派長期執政，只是內部也分"}, {"comment_author": "snocia", "comment_date": ["04/14", "09:20"], "comment_content": "很多派，其中有個什葉派教士當黨主席的大"}, {"comment_author": "snocia", "comment_date": ["04/14", "09:20"], "comment_content": "黨"}, {"comment_author": "snocia", "comment_date": ["04/14", "09:20"], "comment_content": "因此，說伊拉克巴不得伊朗去死的，明顯違"}, {"comment_author": "snocia", "comment_date": ["04/14", "09:20"], "comment_content": "背現實"}, {"comment_author": "cityport", "comment_date": ["04/14", "09:21"], "comment_content": "約旦覺得很煩吧..不甘他的事都是他倒楣"}, {"comment_author": "Euglena", "comment_date": ["04/14", "09:21"], "comment_content": "伊拉克被美國花大錢打下後，被伊朗用選舉"}, {"comment_author": "Euglena", "comment_date": ["04/14", "09:21"], "comment_content": "結果拉攏過去了。XD"}, {"comment_author": "q34355997", "comment_date": ["04/14", "09:23"], "comment_content": "這兩國人民很爽 每天都有大型煙火看"}, {"comment_author": "sunnyyoung", "comment_date": ["04/14", "09:23"], "comment_content": "一起打伊朗呀"}, {"comment_author": "straggler7", "comment_date": ["04/14", "09:34"], "comment_content": "發財了"}, {"comment_author": "dan310546", "comment_date": ["04/14", "09:38"], "comment_content": "約旦是親美的 伊拉克現在是伊朗傀儡"}, {"comment_author": "yoyodio", "comment_date": ["04/14", "09:43"], "comment_content": "以色列就世界亂源阿"}, {"comment_author": "wwl0909", "comment_date": ["04/14", "10:00"], "comment_content": "一起嗨"}, {"comment_author": "dave070715", "comment_date": ["04/14", "10:05"], "comment_content": "約旦直接開放領空給以色列攔截XDD"}, {"comment_author": "wanters", "comment_date": ["04/14", "14:17"], "comment_content": "約旦以前沒幹嘛就莫名其妙被扁被搶後來就"}, {"comment_author": "wanters", "comment_date": ["04/14", "14:18"], "comment_content": "當美國的小狗勾了。以色列把拔不會再去搶"}, {"comment_author": "wanters", "comment_date": ["04/14", "14:18"], "comment_content": "兒子的狗勾頂多踩一腳而已"}]}
