{"author": "kabor ()", "category": "Gossiping", "title": "Re: [新聞] 不良示範！高雄某國中2師爆衝突 1師拿獎", "date": "Thu Apr 18 17:46:47 2024", "content": ["['※ 引述《tiger911 (胖虎)》之銘言：', ': 1.媒體來源:自由時報', ': 2.記者署名:陳文嬋', ': 3.完整新聞標題:不良示範！高雄某國中2師爆衝突 1師拿獎盃打傷對方', ': 4.完整新聞內文:', ': 高雄市鳳山區一所國中發生2名外聘老師因教學理念不合產生紛爭，竟當著校長面前爆發', ': 口角衝突，其中黃姓老師竟手持獎盃攻擊周姓老師，周師昨驗傷怒告黃師，黃男今到案坦', ': 承打人，警方今將黃師依傷害罪嫌送辦。', ': 據了解，黃姓老師（50歲）與周姓老師（63歲）均為學校外聘老師，2人在校教授同一科', ': ，卻因教學理念不同2人多次糾紛，前天下午先於校內理論起衝突，校長獲悉後扮演和事', ': 佬，將2人找來校長室調解。', ': 不料調解過程中2人爆發口角衝突，黃師隨手拿起校長室內擺放的獎盃攻擊周師，造成其', ': 左手受傷，周師挨打並未還手，校方趕緊報警，警方據報到場處理平息2人怒火，化解干', ': 戈後離去。', ': 周師左手擦挫傷，就醫包紮傷口後昨上警局提出傷害告訴；警方今通知黃男到案說明，黃', ': 師到案坦承打人，辯稱一時氣憤才會動手，並非預謀或故意傷人，警訊後今將黃師依傷害', ': 罪嫌函送法辦。', ': 鳳山警分局呼籲民眾遇有糾紛應以理性平和態度溝通，並循平和處理的合法方式解決，或', ': 儘速通知警方到場協助處理。', ': 5.完整新聞連結 (或短網址):', ':', '']", "高雄果然就是不一樣學生課堂上罵老師獲得綠共吱吱吱持老師也來個線下互打臺灣人都認證高雄就是全臺灣教育最失敗的地方了", "-----Sent from MeowPtt on my iPhone--"], "post_comment": [{"comment_author": "tengerinedog", "comment_date": ["04/18", "17:51"], "comment_content": "上次那個被特教生狂扁的老師休養是"}, {"comment_author": "tengerinedog", "comment_date": ["04/18", "17:51"], "comment_content": "真滴好"}, {"comment_author": "badbadook", "comment_date": ["04/18", "17:58"], "comment_content": "暖"}]}
