{"author": "words2012 (づ′・ω・)", "category": "Gossiping", "title": "Re: [新聞] 4度摟吻女童 唐鳳胞弟改判10月須入獄確定", "date": "Fri Apr 12 01:13:37 2024", "content": ["['※ 引述《pxndx (Poppyjungle)》之銘言：', ': 1.媒體來源:自由時報', ': 2.記者署名:溫于德', ': 3.完整新聞標題:4度摟吻女童 唐鳳胞弟改判10月須入獄確定', ': 4.完整新聞內文:', ': 行政院政務委員唐鳳的胞弟唐宗浩，2018年9月19日晚間，帶3歲兒子外出至新北市淡水區的一間宮廟玩耍時，4度摟抱、強吻一名4歲女童，遭女童母親報案提告。士林地院認為唐男當時輕躁症發作，依法減刑判1年半，但未給予緩刑；案經上訴，高等法院減輕改判10月，並考量他沒有真正悔意，要求入獄服刑；最高法院駁回上訴定讞。', ': 一審士院判決指出，唐男在公共場所以強行環抱、親吻嘴巴的方式，強制猥褻素不相識的4歲女童，惡性不輕，犯罪手段惡劣，嚴重影響社會治安，被害女童事後也表達懼怕、嫌惡、希望唐男被懲罰的情緒，可見唐男所為已對女童身心健康造成相當危害。', ': 審理期間唐男與女童家屬達成和解，獲取家屬原諒且同意不再追究，但士院認為，性侵犯罪與社會治安、民眾權益息息相關，不是私下寬宥或和解賠償，就可以無視對社會治安的危害，因此，就算達成和解，為了使唐男記取教訓，刑罰仍有必要執行，所以未宣告緩刑。', ': 二審高院指出，輕躁患者唐男，長期遵照醫囑服藥，但案發數月前經醫師更換藥物，導致病情不穩，案發當下處於輕躁症發作，辨識能力及控制能力均呈顯著降低，一時失慮強制猥褻女童，考量他沒有犯罪紀錄，犯後也向女童父母致歉，並達成和解與實際賠償，女童父母也同意原諒並從輕量刑，依刑法第59條規定給予減刑，改判10月徒刑。', ': 就緩刑部分，高院審酌唐男在公共場所猥褻女童，且供詞避重就輕，可見未正視己非，難認有真摯悔意之態度，因此，若不給予適當刑罰，難期達成預防與矯正的成效，故未宣告緩刑。', ': 5.完整新聞連結 (或短網址)不可用YAHOO、LINE、MSN等轉載媒體:', ':', '', ': 6.備註:提醒一下各位我們偉大數發部部長的弟弟也是法院認證的戀童癖，有沒有創意私房的會員我就不知道了']", "老實講我嚇一跳!唐鳳家教很好唐鳳本人 氣質就是非凡，能力超群沒想到弟弟竟然公然強吻女童!而且法官堅持他要入獄!就是唐鳳本人很正派沒想到弟弟欺負女童!很過分!這跟朱學恆狀況類似!", "--", "對!唐鳳當然個人是道德風範高!"], "post_comment": [{"comment_author": "Dinenger", "comment_date": ["04/12", "01:14"], "comment_content": "至少唐鳳沒有走歪 難能可貴！"}, {"comment_author": "Dinenger", "comment_date": ["04/12", "01:14"], "comment_content": "家中出歹筍 自己卻出淤泥而不染！"}, {"comment_author": "taot917", "comment_date": ["04/12", "01:14"], "comment_content": "我都吃他家的麵線"}, {"comment_author": "au4g3wk4k", "comment_date": ["04/12", "01:15"], "comment_content": "判超重 真欣慰"}, {"comment_author": "flux", "comment_date": ["04/12", "01:15"], "comment_content": "一門忠烈"}, {"comment_author": "cks332288", "comment_date": ["04/12", "01:16"], "comment_content": "判很重 可以"}, {"comment_author": "cks332288", "comment_date": ["04/12", "01:17"], "comment_content": "台灣法律果然很關心未成年女童"}, {"comment_author": "PSptt", "comment_date": ["04/12", "01:18"], "comment_content": "綠共不意外 人家打嘴砲 很嚴重 自己都親自"}, {"comment_author": "PSptt", "comment_date": ["04/12", "01:18"], "comment_content": "去做"}, {"comment_author": "jkhz", "comment_date": ["04/12", "01:18"], "comment_content": "減刑還有10月，太嚴重了吧天啊"}, {"comment_author": "riripon", "comment_date": ["04/12", "01:20"], "comment_content": "這種還能減刑喔"}, {"comment_author": "sa511394", "comment_date": ["04/12", "01:22"], "comment_content": "真的實在太嚴重了"}, {"comment_author": "oozz00456", "comment_date": ["04/12", "01:23"], "comment_content": "可能是唐鳳弟弟沒入黨 沒有被主席洗漱"}, {"comment_author": "oozz00456", "comment_date": ["04/12", "01:23"], "comment_content": "心靈"}, {"comment_author": "godofsex", "comment_date": ["04/12", "01:26"], "comment_content": "啊肥吃什麼"}, {"comment_author": "hoos891405", "comment_date": ["04/12", "01:26"], "comment_content": "唐鳳不是被前女友指控虐待寵物嗎？"}, {"comment_author": "rwr", "comment_date": ["04/12", "01:26"], "comment_content": "判太重了 友善的表現也要被誤會 拜登也是有阿"}, {"comment_author": "words2012", "comment_date": ["04/12", "01:30"], "comment_content": "家裡白飯 金萱30"}, {"comment_author": "NinJa", "comment_date": ["04/12", "01:31"], "comment_content": "恩 當官之後太認真了 沒時間照顧弟弟"}, {"comment_author": "yugi2567", "comment_date": ["04/12", "01:35"], "comment_content": "繼續關心統神"}, {"comment_author": "nikewang", "comment_date": ["04/12", "01:36"], "comment_content": "阿肥的口味真好"}, {"comment_author": "Ultramarine", "comment_date": ["04/12", "01:54"], "comment_content": "..."}, {"comment_author": "MikeyWill", "comment_date": ["04/12", "02:27"], "comment_content": "朱有哥哥喔？"}, {"comment_author": "bbsccr", "comment_date": ["04/15", "22:13"], "comment_content": "他自己就是虐待動物，有差嗎"}]}
