{"author": "iLeyaSin365 (365)", "category": "Gossiping", "title": "Re: [問卦] 一個國家文明程度就看怎麼對待動物？", "date": "Tue Apr 16 15:14:24 2024", "content": ["['※ 引述《k26975582 (點點kino)》之銘言', ': 餓死抬頭，', ': 這次花蓮震災倒塌的天王星大樓', ': 看到了為了救貓和雞，', ': 幾次的搜救進度停工，', ': 台灣人對寵物真的很有愛心；', ': 反觀中國在前幾年疫情封控下', ': 傳出廣州一隻薩摩耶在主人被隔離時，', ': 被防疫人員進入家裡活活打死，', ': 還有上海的柯基犬被當街打死等。', ': 台灣人還真的比較文明，', ': 有卦嗎？']", "台灣人就是膚淺，沒什麼好說的文化沙漠、對許多事情一知半解不假思索與取捨的繼受歐美價值觀與文化文化如果是人類過去做的事，文明我想是文化的風格與結晶比如說 巨石文明、馬雅文明、伊斯蘭文明..（為什麼不說文化呢？）今天你對台灣人問：為什麼要愛護動物呢？他一定說：貓很可愛啊/不然就說 要愛護生命但如果深入看背後有什麼價值...理念其實也沒有，就是可愛 所以喜歡 ，這是什麼文明嗎？對比來說 印度好像因為古神話有猴神的故事叫瑪奴曼的一隻神猴幫助了一個王子打敗魔王救肋公主，所以信仰猴子結果不能對猴子動粗 造成新德里猴群四處虐狗搶水果。也說不上很文明但是這背後是有文化的。文明---------文化與思想文明是文化與思想支撐臺灣沒什麼思想除了愛台灣、台灣是咱的、咱的寶島這些閩南族群帶來的不停以佔據自己居住區域地盤的接近原始人的意識以外還有對各種鬼神的崇拜台灣的文明還在原始粗糙的時期吧！你要給那些德國 日本人 介紹什麼台灣的文明也沒有", "--"], "post_comment": [{"comment_author": "targa123", "comment_date": ["04/16", "15:19"], "comment_content": "依你這想法,有文明國家有幾個?"}, {"comment_author": "wang197426", "comment_date": ["04/16", "15:20"], "comment_content": "除了人，其他都是保育類動物"}]}
