{"author": "cchh179 (howie)", "category": "Gossiping", "title": "Re: [新聞] 影／遭爆全身奢侈品！徐巧芯當眾脫衣曬標", "date": "Thu Apr 18 14:04:18 2024", "content": ["嗯？吵這個就很無聊了就算有買名牌衣又如何？以立委的薪水來說全身上下15萬會很貴嗎？嗯？--"], "post_comment": [{"comment_author": "hiphopmei", "comment_date": ["04/18", "14:04"], "comment_content": "確實== 我高中就全身15萬惹=="}, {"comment_author": "aszxcvn", "comment_date": ["04/18", "14:05"], "comment_content": "有道理"}, {"comment_author": "lesnaree2", "comment_date": ["04/18", "14:06"], "comment_content": "顏色錯誤 什麼都錯啊"}, {"comment_author": "su4vu6", "comment_date": ["04/18", "14:06"], "comment_content": "其實蠻貴的== 立委薪水穿不起"}, {"comment_author": "luche", "comment_date": ["04/18", "14:06"], "comment_content": "苗希望人家穿甚麼？"}, {"comment_author": "PtT0615s", "comment_date": ["04/18", "14:06"], "comment_content": "就自己心裡有鬼阿 本來就沒甚麼"}, {"comment_author": "PtT0615s", "comment_date": ["04/18", "14:06"], "comment_content": "自己反應那麼大 真的是很不正常"}, {"comment_author": "luche", "comment_date": ["04/18", "14:06"], "comment_content": "要比也是比房地產"}, {"comment_author": "gaym19", "comment_date": ["04/18", "14:07"], "comment_content": "立委薪水穿不起15萬就恐怖了"}, {"comment_author": "PtT0615s", "comment_date": ["04/18", "14:07"], "comment_content": "有人說我穿一身名牌 我就說齁我有上班賺"}, {"comment_author": "sssss0428", "comment_date": ["04/18", "14:07"], "comment_content": "隨便都可以斗內一萬了 精品算什麼"}, {"comment_author": "Flyroach", "comment_date": ["04/18", "14:07"], "comment_content": "其實真的很假掰，靠北別人一身行頭15萬"}, {"comment_author": "PtT0615s", "comment_date": ["04/18", "14:07"], "comment_content": "錢怎麼了嗎 怎麼會有人反應這樣 有鬼？"}, {"comment_author": "Flyroach", "comment_date": ["04/18", "14:07"], "comment_content": "不然立法修改立委/議員薪水呀"}, {"comment_author": "vin850411", "comment_date": ["04/18", "14:07"], "comment_content": "對面抹屎澄清被說心裡有鬼 哈哈哈哈"}, {"comment_author": "Flyroach", "comment_date": ["04/18", "14:07"], "comment_content": "立委議員薪水穿不起才是天大的笑話"}, {"comment_author": "dot0911", "comment_date": ["04/18", "14:08"], "comment_content": "顏色問題"}, {"comment_author": "kuosambition", "comment_date": ["04/18", "14:08"], "comment_content": "我建議全部立委都下禁奢令，以後只"}, {"comment_author": "kuosambition", "comment_date": ["04/18", "14:09"], "comment_content": "能穿NET，彰顯你們清廉~~嘻嘻"}, {"comment_author": "lpbrother", "comment_date": ["04/18", "14:10"], "comment_content": "樓下改穿小YG"}, {"comment_author": "PtT0615s", "comment_date": ["04/18", "14:10"], "comment_content": "一下說自己穿便宜又說名牌是二手送的"}, {"comment_author": "kinmengon", "comment_date": ["04/18", "14:11"], "comment_content": "顏色不對"}, {"comment_author": "toget", "comment_date": ["04/18", "14:12"], "comment_content": "有鬼個屁啊，老是愛影射別人，真是噁爛"}, {"comment_author": "gaym19", "comment_date": ["04/18", "14:12"], "comment_content": "立委月薪20萬還不算其他輔助"}, {"comment_author": "gaym19", "comment_date": ["04/18", "14:13"], "comment_content": "就算真的穿15萬名牌也只能說很肯花"}, {"comment_author": "lonelysea", "comment_date": ["04/18", "14:19"], "comment_content": "就正事不做整天打烏賊戰。"}, {"comment_author": "faust666", "comment_date": ["04/18", "14:30"], "comment_content": "雪花苗怎麼不看看民進黨的顏姓房東，全"}, {"comment_author": "faust666", "comment_date": ["04/18", "14:30"], "comment_content": "身名牌加名牌包包，吠兩聲來聽聽啊，嘻"}, {"comment_author": "faust666", "comment_date": ["04/18", "14:30"], "comment_content": "嘻"}]}
