{"author": "cj3x04gp6 (宜蘭人就是理性 才投阿妙)", "category": "Gossiping", "title": "Re: [問卦] 回春丹很紅？很牛逼嗎？有比二手玫瑰紅嗎", "date": "Mon Apr 15 21:36:33 2024", "content": ["['※ 引述《a0802459 (王月可可)》之銘言：', ':', '', ': 昨天有看到PTT有回春丹文章', ': 沒去注意', ': 昨天半夜看覺青臉書好友轉發', ': 說啥很感動', ': 查了一下原來是一個中國團體來台灣唱歌', ': 才知道這個團體', ': 我想說覺青怎可能看到大陸團體會很感動呢', ': 我原本還想 是不是吃錯藥了', ': 點進去影片（喊著台灣獨立跟拿旗子）看才知道', ': 才了解了事情始末', ':', '', ': 我很少關注娛樂圈', ': 所以回春丹很紅嗎？', ': 我淺薄的知識只聽過', ': 鳳凰傳奇跟二手玫瑰、Beyond樂隊、黑豹樂隊', ': ※ 八卦板務請到 GossipPicket 檢舉板實名詢問', ': ※ a.張貼問卦請注意，充實文章內容、是否有專板，本板並非萬能問板。', ': ※ b.一天只能張貼 \"三則\" 問卦，自刪及被刪也算三篇之內，', ': ※   超貼者將被水桶，請注意!', ': ※ c.本看板嚴格禁止政治問卦，發文問卦前請先仔細閱讀相關板規。', ': ※ d.未滿30繁體中文字水桶1個月', ': ※   未滿20繁體中文字水桶2個月', ': ※   未滿10繁體中文字水桶3個月，嚴重者以鬧板論，請注意！', ': ※ (↑看完提醒請刪除ctrl + y)']", "有很紅嗎  被新褲子 二手還有萬青打爆(萬青是不是真的那麼紅 我也打個問號) 且新褲子 二手 萬青是現在最紅的三個樂團但是看起來他們還是撐不起票房阿  有它們只是多賣不少票 但是一樣賣不完 回春丹就更不用說  我看連啥麼盤尼西林 痛仰 五條人都比回春丹紅", "--"], "post_comment": []}
