{"author": "mshuang (竹碳烏龍)", "category": "Gossiping", "title": "Re: [爆卦] 桃園停電", "date": "Tue Apr 16 22:46:26 2024", "content": ["['※ 引述《slidshodness (ims)》之銘言：', ': 這次是市區喔', ': 同德六街停電', ': 來源：桃園大小事FB', ':', '']", "甚麼停電不要亂講是少發電主因是藍白粉反對綠電讓綠電少發電才會讓人沒有電用只要藍白粉不反對綠電台電就可以讓太陽能晚上也發電這樣就不會沒電可以用所以停電是錯的是少發電國民黨和民眾黨要負最大責任如果不是他們反對太陽能晚上就可以發電所以台灣電力充沛不要聽那些阿共同路人亂講--"], "post_comment": [{"comment_author": "sz2006", "comment_date": ["04/16", "22:47"], "comment_content": "這篇反串成功"}, {"comment_author": "twdvdr", "comment_date": ["04/16", "22:48"], "comment_content": "變電所跳電也能四處造謠"}, {"comment_author": "milk250", "comment_date": ["04/16", "22:49"], "comment_content": "終於教訓了藍白.jpg"}, {"comment_author": "powerggyy", "comment_date": ["04/16", "22:50"], "comment_content": "說的有道理欸 誰叫你要投給…"}, {"comment_author": "spzper", "comment_date": ["04/16", "22:51"], "comment_content": "浪漫城市"}, {"comment_author": "iPadProPlus", "comment_date": ["04/16", "22:52"], "comment_content": "對欸"}, {"comment_author": "EvoLancer", "comment_date": ["04/16", "22:53"], "comment_content": "是存的不夠多"}, {"comment_author": "butten986", "comment_date": ["04/16", "22:58"], "comment_content": "原來是台灣價值不夠，看高雄滿意度90%"}, {"comment_author": "fufufugogogo", "comment_date": ["04/16", "23:00"], "comment_content": "挺綠電 挺台灣"}, {"comment_author": "hostage911", "comment_date": ["04/16", "23:05"], "comment_content": "接收站不要 核處理廠不要"}, {"comment_author": "westinsane", "comment_date": ["04/16", "23:06"], "comment_content": "除了太陽能晚上發電，還有用愛發電啦"}, {"comment_author": "westinsane", "comment_date": ["04/16", "23:06"], "comment_content": "，急什麼"}, {"comment_author": "jagger", "comment_date": ["04/17", "00:33"], "comment_content": "月光來自太陽   夜間也可以有大腸能"}]}
