{"author": "ttyui (ttyui)", "category": "Gossiping", "title": "Re: [問卦] 電視比冷氣還耗電?", "date": "Thu Apr 18 18:56:40 2024", "content": ["['※ 引述《xijud (DPMPM)》之銘言', ': 4月電費上漲之後家人對省電這件事比較會計較', ': 上網一查最耗電的家電，想說可以看從哪裡著手省比較多電', ':', '', ': 結果讓我很意外，冷氣居然不是最耗電的家電', ': 而我們家除了冰箱開最久的就是電視，居然耗電排行在冷氣之前!?', ': 因為長輩除了出去散步買菜，回家就是看電視', ': 電視這麼耗電的話，有沒有什麼省電方法啊?', ': (除了關機不看這種以外的實用方法喔)', 'BePTT']", "沒有想到第一名是收錄音機家裡長輩嫌電視耗電 狂聽電台耶幾乎是整天開著的那種然後捨不得開冷氣 洗澡也洗冷水幸好我自己搬出來了眼不見為淨也不會一直被長輩拔插頭了我覺得另一個默默耗電的就是電燈尤其那種會發熱的小燈泡特耗電我之前有鹽燈 後來直接丟掉了2盞鹽燈害我多了100多塊的電費（房東是用最高費率去算）", "----Sent from", "on my Vivo V2231--"], "post_comment": [{"comment_author": "cdmlin", "comment_date": ["04/18", "19:00"], "comment_content": "收錄音機耗電沒幾瓦"}, {"comment_author": "sellgd", "comment_date": ["04/18", "19:01"], "comment_content": "大概是古董真空管收音機吧"}, {"comment_author": "a77942002", "comment_date": ["04/18", "19:04"], "comment_content": "這篇是指待機耗電吧?!......"}, {"comment_author": "wsdykssj", "comment_date": ["04/18", "19:05"], "comment_content": "收音機喇叭+電路不到2瓦吧"}, {"comment_author": "jerry810113", "comment_date": ["04/18", "19:10"], "comment_content": "鍾佳濱不開會是浪費電吧"}, {"comment_author": "eemail", "comment_date": ["04/18", "19:19"], "comment_content": "一聽就不可能的消息在當真 文組無誤"}, {"comment_author": "sellgd", "comment_date": ["04/18", "19:29"], "comment_content": "D類擴大機 7498e 1瓦 3255 4瓦"}, {"comment_author": "GLUESTICK", "comment_date": ["04/18", "21:00"], "comment_content": "那篇亂寫的"}]}
