{"author": "HowLeeHi (處處留心皆正妹)", "category": "Gossiping", "title": "Re: [問卦] 事實上公、勞、健保改革都不用做", "date": "Sat Apr 13 23:30:34 2024", "content": ["['※ 引述《chen0625 ()》之銘言：', ': 反正差額用稅金補就好了', ': 倒不倒根本假議題', ': 反而降低人民生活水準', ': 是不是事實上公、勞、健保改革都不用做', ': 有沒有八卦？']", ":好像也是這樣，就算破產了再每年繼續千億注入就好八掛是好像很多人不知道，其實農保早就破產了但每年也是撥捕一些錢下去救以後勞保應該也會是在這種模式下苟延殘喘吧...--你的行動或許沒有意義，但你還是非做不可。這不是為了改變世界，而是為了讓你成為不會被世界改變的那個人.                            – 甘地(Mahatma Gandhi)--"], "post_comment": [{"comment_author": "devidevi", "comment_date": ["04/13", "23:31"], "comment_content": "重點是越補越多，補的錢從哪來"}, {"comment_author": "rwr", "comment_date": ["04/13", "23:36"], "comment_content": "感覺就是串數字 郵局印出來的阿"}, {"comment_author": "ziso", "comment_date": ["04/13", "23:39"], "comment_content": "農保根本沒考慮過要回收過吧 反正農民少 又"}, {"comment_author": "ziso", "comment_date": ["04/13", "23:39"], "comment_content": "鐵票 DPP當然把錢灑下去啊"}, {"comment_author": "Brioni", "comment_date": ["04/13", "23:43"], "comment_content": "看起來就公保雖小"}, {"comment_author": "yanluan", "comment_date": ["04/14", "02:50"], "comment_content": "這幾年狂補，看能不能續任，要救只能砍"}, {"comment_author": "yanluan", "comment_date": ["04/14", "02:51"], "comment_content": "提領金額啦，其他方式不可能救的了一年"}, {"comment_author": "yanluan", "comment_date": ["04/14", "02:51"], "comment_content": "幾千億的虧損"}]}
