{"author": "dick929 (朝廷鷹犬)", "category": "Gossiping", "title": "Re: [問卦] 日本人：來日本玩的儘是一些底層笨蛋？", "date": "Mon Apr 15 11:49:21 2024", "content": ["['※ 引述《beaver (海狸王)》之銘言：', ':', '', ': 看到一個推文， 10萬推以上', ': 有日本人覺得最近到日本玩的', ': 外國觀光客都是些底層的笨蛋', ': 沒想到這推文一出引來10萬推', ': 所以大家去日本玩都被當成底層了？？']", "很正常啊～同理心，換個角度來看你各位台灣人怎麼看待出現在台北車站、中壢車站、各觀光景點的東南亞人士，日本人就是這樣看待台灣人。還有當年大家怎麼看待陸客？我幫各位回憶一下：陸客害我們住宿變貴、花錢購物不手軟的暴發戶、盤子、害餐廳爆滿難訂位、景點人擠人、又吵又臭、沒文化、低等民族……台灣人就是日本的「陸客」台灣人去日本玩就是底層不過既然出去玩就別在意人家怎麼看我們，輕鬆一點不好嗎？--", "出國想要品質就是避開華人台灣人愛去的國家或城市", "就本地人啊～很難懂嗎？"], "post_comment": [{"comment_author": "lienjj", "comment_date": ["04/15", "11:52"], "comment_content": "我看南部人一樣的心情 我懂"}, {"comment_author": "lienjj", "comment_date": ["04/15", "11:52"], "comment_content": "我是指我看南部人如上賓"}, {"comment_author": "lienjj", "comment_date": ["04/15", "11:53"], "comment_content": "畢竟我們官員都南部來的 南部超棒"}, {"comment_author": "rhu", "comment_date": ["04/15", "11:53"], "comment_content": "怎樣啦，魯蛇永淦應畫妹"}, {"comment_author": "calvinchenyl", "comment_date": ["04/15", "11:53"], "comment_content": "台灣人喜歡把在台灣的習慣帶去日本"}, {"comment_author": "smallGGgirl", "comment_date": ["04/15", "11:54"], "comment_content": "確實"}, {"comment_author": "iamandre", "comment_date": ["04/15", "11:57"], "comment_content": "事實"}, {"comment_author": "acolam", "comment_date": ["04/15", "11:57"], "comment_content": "好像很正確"}, {"comment_author": "leonhsu", "comment_date": ["04/15", "11:57"], "comment_content": "許多日本人都知道台灣人哈日呀"}, {"comment_author": "superswide", "comment_date": ["04/15", "11:57"], "comment_content": "跟在台北看到北漂仔一樣"}, {"comment_author": "mountpig", "comment_date": ["04/15", "11:58"], "comment_content": "去日本旅遊的台人是低端，在台旅遊的台"}, {"comment_author": "mountpig", "comment_date": ["04/15", "11:58"], "comment_content": "人是？"}, {"comment_author": "ss1130", "comment_date": ["04/15", "12:01"], "comment_content": "高端"}, {"comment_author": "lou", "comment_date": ["04/15", "12:05"], "comment_content": "重點不在於出國民眾是否為台灣的低端。而是"}, {"comment_author": "lou", "comment_date": ["04/15", "12:05"], "comment_content": "日本人認定遊日民眾相對他們是低端…40無誤"}, {"comment_author": "lou", "comment_date": ["04/15", "12:05"], "comment_content": "。"}, {"comment_author": "lou", "comment_date": ["04/15", "12:06"], "comment_content": "別忘了，乞丐的霸主…還是乞丐。"}, {"comment_author": "cxiop", "comment_date": ["04/15", "12:10"], "comment_content": "所以網路上有人說窮人只能去日本，然後回"}, {"comment_author": "cxiop", "comment_date": ["04/15", "12:10"], "comment_content": "來炫耀自己省多少錢，從不去想旅遊的目的"}, {"comment_author": "cxiop", "comment_date": ["04/15", "12:11"], "comment_content": "是…？"}, {"comment_author": "yoyo095235", "comment_date": ["04/15", "12:16"], "comment_content": "所以去日本我都不講中文"}, {"comment_author": "erichang", "comment_date": ["04/15", "12:16"], "comment_content": "台灣聲名狼藉 真的"}, {"comment_author": "allen0981", "comment_date": ["04/15", "12:21"], "comment_content": "東京人看九州人："}, {"comment_author": "victoryuy", "comment_date": ["04/15", "12:32"], "comment_content": "台灣人還會幫東南亞人開特例 創造台北"}, {"comment_author": "victoryuy", "comment_date": ["04/15", "12:32"], "comment_content": "車站坐地奇景"}, {"comment_author": "bobju", "comment_date": ["04/15", "12:33"], "comment_content": "別忘了台客對日本的經濟貢獻"}, {"comment_author": "lemenf1", "comment_date": ["04/15", "12:37"], "comment_content": "這倒是，社會高層才能在台灣國旅花的下"}, {"comment_author": "lemenf1", "comment_date": ["04/15", "12:37"], "comment_content": "手"}, {"comment_author": "hoos891405", "comment_date": ["04/15", "12:39"], "comment_content": "照片明明就是白人，也要趁機罵陸客，"}, {"comment_author": "hoos891405", "comment_date": ["04/15", "12:39"], "comment_content": "亞洲猴子是多可悲"}, {"comment_author": "macetyl", "comment_date": ["04/15", "12:40"], "comment_content": "看照片是外國人啊，日本妹超哈的"}, {"comment_author": "fe0727", "comment_date": ["04/15", "12:40"], "comment_content": "事實"}, {"comment_author": "hoos891405", "comment_date": ["04/15", "12:42"], "comment_content": "台灣看到白人在捷運上超大聲講話 玩"}, {"comment_author": "hoos891405", "comment_date": ["04/15", "12:43"], "comment_content": "單槓 也是跪著舔"}, {"comment_author": "gm3252", "comment_date": ["04/15", "12:47"], "comment_content": "我就窮才去日本阿，有錢的話國旅就好"}, {"comment_author": "Golbeza", "comment_date": ["04/15", "12:48"], "comment_content": "原文是白人這篇自卑+歧視可憐哪"}, {"comment_author": "gm3252", "comment_date": ["04/15", "12:49"], "comment_content": "日本三萬可以隨便搞定五六天的費用，台灣"}, {"comment_author": "gm3252", "comment_date": ["04/15", "12:49"], "comment_content": "一個週末就沒了"}, {"comment_author": "drajan", "comment_date": ["04/15", "13:08"], "comment_content": "未看先猜英國人"}, {"comment_author": "kentin", "comment_date": ["04/15", "13:19"], "comment_content": "明明人家檢討的是外國人八卦魯蛇一定會自"}, {"comment_author": "kentin", "comment_date": ["04/15", "13:20"], "comment_content": "卑的說台灣人也巴拉巴拉一樣的話出現"}, {"comment_author": "Arsenalhenry", "comment_date": ["04/15", "13:22"], "comment_content": "行為低不低端是個人問題"}, {"comment_author": "kyoujin", "comment_date": ["04/15", "13:22"], "comment_content": "原文的講法應該是，日幣跌了之後底層沒"}, {"comment_author": "kyoujin", "comment_date": ["04/15", "13:22"], "comment_content": "水準的觀光客變多了讓人討厭"}, {"comment_author": "L9C4iO", "comment_date": ["04/15", "13:26"], "comment_content": "有些台人的水準讓我感覺很像支那"}, {"comment_author": "budaixi", "comment_date": ["04/15", "15:40"], "comment_content": ""}]}
