{"author": "AZTEC (直球對決)", "category": "Gossiping", "title": "Re: [問卦] 從I88來看少子化是台男的鍋吧", "date": "Wed Apr 17 13:02:26 2024", "content": ["不是阿好像有小孩女方沒工作沒朋友在家顧小孩沒有能力去學英文去開車真的當帶小孩很輕鬆如果沒有女方犧牲在家男方有時間讀完碩士不要把一方的犧牲當作應當也不要直到失業才出來哭不如換男方在家顧小孩讓女方去上課學開車大概是醬乾脆離婚好了我看也覆水難收了嘻嘻笑死--"], "post_comment": [{"comment_author": "hdw", "comment_date": ["04/17", "13:06"], "comment_content": "女生不是到美國就自然會開車了"}, {"comment_author": "zurxgulx", "comment_date": ["04/17", "13:19"], "comment_content": "不是 親戚嫁到美國車開一陣子就不敢開了"}, {"comment_author": "bigpan", "comment_date": ["04/17", "13:38"], "comment_content": "買台灣機車去騎啊 開車這麼安全還不敢開"}, {"comment_author": "darkholy", "comment_date": ["04/17", "14:01"], "comment_content": "在美國學會開槍就好了"}]}
