{"author": "design0606 (飛)", "category": "Gossiping", "title": "Re: [問卦] 除了美中 其實也沒什麼國家敢欺負台灣吧", "date": "Tue Apr 16 13:32:16 2024", "content": ["['※ 引述《OROCHI97 (OROCHI97)》之銘言：', ': 並不是說台灣很強 而是全世界都知道', ': 美中搶當台灣的爸爸 尤其是中國', ': 今天哪個不長眼的來台灣恐攻等於間接惹到中國了吧', ': 中國剛好也可以向世界宣示主權', ': “你打了我的省，我要復仇”', ': 反之中國若不吭聲反而間接承認台灣不歸自己管 所以他非出手不可', ': 所以國際上 敢真的惹台灣的也不多吧？', ': --']", "美中搶當台灣爸爸?中國 不知道 不確定美國!?是台灣某群人想當兒子還被嫌棄吧看一下 跟美國關係很近的三國-日韓台的比較吧日韓 才真的是美國的大兒子跟小兒子手把手的教著 陪著台灣呢  連庶出的私生子(菲律賓)都比不上而想當美國兒子的那群 每天在那邊拿著不切邊際的法案 還有解釋權在美國的台灣關係法整天對著不想當或是還沒決定的那群人洗腦你看我們的美國爸爸永遠對我們不離不棄史上台美關係最好現在所謂的美國爸爸即將大選了   就看接下來的發展吧--"], "post_comment": [{"comment_author": "caelum", "comment_date": ["04/16", "13:36"], "comment_content": "正解。美軍撤台，就被拋棄了。"}, {"comment_author": "peterwu4", "comment_date": ["04/16", "13:44"], "comment_content": "並不是拋棄… 那是中美協商的結果，要求"}, {"comment_author": "peterwu4", "comment_date": ["04/16", "13:45"], "comment_content": "美軍從台灣撤除駐軍是中美建交的先決條"}, {"comment_author": "peterwu4", "comment_date": ["04/16", "13:46"], "comment_content": "件~美國只是遵守而以~"}, {"comment_author": "peterwu4", "comment_date": ["04/16", "13:46"], "comment_content": "但，台灣依然是美國的利益~"}]}
