{"author": "sufferlove (天然呆)", "category": "Gossiping", "title": "Re: [問卦] 江蕙25年前就唱到高雄北漂？", "date": "Mon Apr 15 19:11:05 2024", "content": ["['※ 引述《jeter17 (揚雞)》之銘言：', ': 剛剛聽周董25年前幫江蕙寫的落雨聲裡面的有段歌詞是這樣寫的', ': 『來到高雄的海岸，景色猶原攏總無變化，當初離開是為啥，你若問阮阮心肝就疼...』', ': 根本道出北漂高雄人的心聲吧？有沒有卦？']", ":沒記錯的話，江蕙有一次在秀場表演，接到母親病危的消息，就趕快請假、搭機回高雄，但因為飛機延誤，到的時候江蕙的媽媽雖然想跟江蕙講話，卻已經講不出來了，所以或許江蕙唱這個落雨聲，就是想她媽媽吧？我不知道。至於當初江蕙怎麼會北漂？江蕙的爸爸是布袋戲偶師傅，因為幫人擔保而欠債八千元，當初八千元應該蠻大的，甚至可以買房子，於是江家連夜落跑到台北火車站，後來江蕙的爸爸有個在北投的朋友願意讓他們住，於是就全家搬到北投，結果剛好這個朋友在北投那卡西上班，於是江蕙就去唱那卡西了，當時江蕙10歲，在唱那卡西之前也唱過茶店，後來就是帶妹妹江淑娜一起去唱。以上就是江蕙北漂的原因。唱那卡西是非常辛苦的，小學放學就先回家化妝，然後趕場唱歌，唱到下班大概就凌晨三點了，所以最大的困擾是睡眠不足，另外就是有些客人酒後會有任意奇怪的舉動，就是第二大困擾。好了，我要去面對期中考了，以上如果記錯請盡量鞭無妨。南無阿彌陀佛。--"], "post_comment": []}
