{"author": "loserfatotak (魯肥宅沒老婆(TAT))", "category": "Gossiping", "title": "Re: [問卦] 為什麼台灣吃變得那麼貴？？？", "date": "Wed Apr 17 19:53:19 2024", "content": ["['※ 引述《winzip390 (伊恩)》之銘言：', ': 民以食為天，', ': 現在動不動就是蛋變貴、便當變貴、飲料漲價，', ': 乾脆賺的錢都拿去吃飯好啦～～～', ': 為什麼台灣吃的變那麼貴呢？', ': 有沒有八卦？']", "笑死這些吃的不用電和其他能源嗎？房東不會要求租金嗎？原物料不要進口嗎？以上變貴，終端售價怎麼可能便宜--"], "post_comment": [{"comment_author": "bobocatcat", "comment_date": ["04/17", "19:54"], "comment_content": "感謝黨"}]}
