{"author": "butmyass (灑利與爵克)", "category": "Gossiping", "title": "Re: [問卦] 打手槍到底要不要衛生紙", "date": "Sun Apr 14 17:36:38 2024", "content": ["['※ 引述《abcd991276 (QQ)》之銘言：', ': 如題', ': 有的直接去廁所尻', ': 有的在床上尻', ': 認真問', ': 尻尻有用衛生紙的484不環保', ': 殘害地球', ': 有沒有應該發起尻尻不用衛生紙的活動', ': 乾五八卦', ': ----', ': Sent from BePTT on my iPhone 13 mini']", "我先跟你說，落後國家、低端人口才在用衛生紙善後。想自立自強一定要改變習慣，使用環保又安全、可水洗、可重複使用的飛機杯。尤其是日本NPG名器證明系列編號006、008和009，以及二代目的葵司名器，用過根本回不去。不要說我葉，我從來不葉。只是看不慣很多可憐尻尻仔，沒品質的尻尻，一部精美有如電影的大作，竟可以5分鐘結束，手還可憐的沾到自己的洨，不然就是卑微的跪在地上清理。現在一名器在手，優雅、自信、雄風都屬於你，尻尻不亂噴，房間不會充滿洨味，擬真的暢快感讓你捨不得結束，就算結束也捨不得拔出。清洗、擦乾，要呵護未來女友，從學會保養名器開始。少年們，地球在哭泣，不要再每週拿一包抽取式衛生紙了，讓媽媽也嚇一跳！現在就一起加入吧。--", "男人就是這樣，想爽又怕麻煩，很不man。ph5.5沐浴乳清洗 + 3M不掉絮擦拭布 + 放通風處自然乾清理不必5分鐘，一顆用半年，沒發霉。"], "post_comment": [{"comment_author": "DiMammaMia", "comment_date": ["04/14", "17:37"], "comment_content": "交女朋友不是比較好嗎？"}, {"comment_author": "kevin05233", "comment_date": ["04/14", "17:38"], "comment_content": "找5樓不是更快"}, {"comment_author": "rwr", "comment_date": ["04/14", "17:40"], "comment_content": "用力捏住放膽射 不射出最環保 必須推廣"}, {"comment_author": "tonyxfg", "comment_date": ["04/14", "17:43"], "comment_content": "名器最麻煩的地方就是清洗晾乾啊，衛生"}, {"comment_author": "tonyxfg", "comment_date": ["04/14", "17:43"], "comment_content": "紙簡單又方便，名器要花多少時間去清？"}, {"comment_author": "tonyxfg", "comment_date": ["04/14", "17:43"], "comment_content": "更別說還可能發霉"}, {"comment_author": "michaelwu", "comment_date": ["04/14", "17:45"], "comment_content": "好 我悟道了"}, {"comment_author": "bobju", "comment_date": ["04/14", "18:38"], "comment_content": "賣飛機杯嗎？XD"}]}
