{"author": "ota978 (流星)", "category": "Gossiping", "title": "Re: [新聞] 【潛艦國造案】後續7艘艦預算暴增逾2800", "date": "Sat Apr 13 19:37:13 2024", "content": ["['※ 引述《KotoriCute (乙醯胺酚)》之銘言：', ': 備註請放最後面 違者新聞文章刪除', ': 1.媒體來源:', ': ※ 例如蘋果日報、自由時報（請參考版規下方的核准媒體名單）', ': ※ Yahoo、MSN、LINE等非直接官方新聞連結不被允許', ': 此。', ': 7艘國造潛艦15年為期程\\u3000採3+2+2艘三階優化作業', ': 算。', ': 7艘國造潛艦超過2800億\\u3000量產型每艘400億比原型艦還貴']", "俄羅斯 幾億打造的黑海艦隊  被造價幾萬塊 無人機打到躲起來這2800億 拿去發展造無人機    投資 星鏈網路 間諜無人機  長程遙控打擊都比造什麼破船 都來的強你民進黨為了貪 可以上下其手   弄出國產高端疫苗  弄出綠能光電現在又想弄出新名目搞錢  台灣不掏空 綠共不會停手--", "美國無人機 在天上飛個幾天都不是問題   2800億 研發下去 不是問題", "國產疫苗你打了嗎"], "post_comment": [{"comment_author": "leonhsu", "comment_date": ["04/13", "19:39"], "comment_content": "要吃飯呀"}, {"comment_author": "iamgaylan", "comment_date": ["04/13", "19:43"], "comment_content": "無人機可以飛越海峽中線炸船嗎？"}, {"comment_author": "yangweiisi", "comment_date": ["04/13", "19:44"], "comment_content": "塔綠班不倒@國家不會好"}, {"comment_author": "pyrolith", "comment_date": ["04/13", "19:46"], "comment_content": "類飛彈"}, {"comment_author": "kch0520", "comment_date": ["04/13", "19:50"], "comment_content": "你跟中國一樣討厭台灣國艦自製，真巧合！"}, {"comment_author": "Anvec", "comment_date": ["04/13", "20:00"], "comment_content": "如果是大型無人機 可以飛一千多公里"}, {"comment_author": "Anvec", "comment_date": ["04/13", "20:01"], "comment_content": "台灣的銳鳶二型航程有2000公里"}, {"comment_author": "Athchen", "comment_date": ["04/13", "20:18"], "comment_content": "高端仔打爆疫苗"}, {"comment_author": "SYSQP", "comment_date": ["04/13", "20:35"], "comment_content": "這島又不重視基礎科學, 作夢比較快啦"}, {"comment_author": "rooo2012", "comment_date": ["04/14", "02:02"], "comment_content": "應該發展大量無人艦艇才是 只有傳統魚雷"}, {"comment_author": "rooo2012", "comment_date": ["04/14", "02:02"], "comment_content": "潛艦 又不能射核彈 效益還真的不大"}]}
