{"author": "macbook12 (12吋蘋果)", "category": "Gossiping", "title": "Re: [新聞] 遭控穿搭破十萬、戴勞力士　徐巧芯「脫衣", "date": "Thu Apr 18 15:49:47 2024", "content": ["['※ 引述《moneybuy ()》之銘言：', ': 遭控穿搭破十萬、戴勞力士\\u3000徐巧芯「脫衣」嗆：我脫光才滿意？', ':', '', ': tvbs', ': 林至柔', ': 國民黨立委徐巧芯捲入姻親涉詐風波引發討論，北市議員苗博雅日前開直播談及此事，直', ': 言徐面對的困境，主因在於她說詞前後反覆、嚴重雙標，並透露徐巧芯過往在北市議會的', ': 行頭，包括一件LV連身裙價值10幾萬，整身行頭總價值幾十萬，質疑這是一般市議員能負', ': 擔的？對此，徐巧芯今（18）日出面駁斥，指苗稱「LV10萬元連衣裙」是于美人多年前送', ': 給她的，更現場「脫衣」澄清。', ': 苗博雅昨在直播節目上細數徐巧芯的「時尚穿搭」，指徐的行頭真的是非常高檔，不是一', ': 般台北市議員可以負擔的，包括Prada皮革樂福鞋（新台幣4萬3千元）、LV連身裙（新台', ': 幣10萬1200元）、Van Cleef & Arpels 吊墜（新台幣12萬9739元）、勞力士鑲鑽女錶（', ': 新台幣29萬2500元）等。', ': 徐巧芯今（18）日公開與于美人對話紀錄駁斥，于寫下：「巧芯早，我當初送你的衣服不', ': 是LV的，只是節目穿過的舊衣，承蒙妳不嫌棄，當時我們都很開心，想不到時隔多時後，', ': 竟會造成妳的困擾,真是始料未及，如有需要我幫忙出面做澄清，我是願意的！」', ': 國民黨立委徐巧芯。（圖／TVBS）', ': 隨後，徐巧芯也出面澄清，強調自己的衣服都是平價款，「如果真的要看一件衣服多少錢', ': 的話，我現場脫衣服，我是不知道他們是不是希望我脫光大家才滿意？這一件衣服 （拉', ': 衣服牌子）大家喜歡拍就拍！」，指今天穿來的衣服是平價品牌，大概800多元，總共4、', ': 5個顏色她都有買。', ': 徐巧芯續指，自己作為中央民意代表，有的時候她會有些比較好的衣服，但只要衣服能重', ': 複穿，甚至作為二手衣給家人穿還是很划算。', ': 綠共好色喔']", "我說苗博雅真的是阿呆900有說這些精品是新的嗎？搞不好900是在市府站一號出口後方的2nd Street買的只要900出示2nd street的購買證明一件物品貼一張就可以立刻倒打塔綠班一把。又可以強化900早餐店女孩的印象....", "--"], "post_comment": [{"comment_author": "lowsan", "comment_date": ["04/18", "15:51"], "comment_content": "你是徐900?不然你又知道了喔"}, {"comment_author": "inderal", "comment_date": ["04/18", "15:51"], "comment_content": "苗博雅就是台北市議會毒瘤，不監督市政府"}, {"comment_author": "inderal", "comment_date": ["04/18", "15:51"], "comment_content": "反而監督在野黨立委"}, {"comment_author": "kasim15", "comment_date": ["04/18", "15:53"], "comment_content": "贏統神讓人過度膨脹 罪惡的男人"}, {"comment_author": "Qaaaa", "comment_date": ["04/18", "15:53"], "comment_content": "她票超高誒 以精準立委等級ㄌ"}, {"comment_author": "hihimen", "comment_date": ["04/18", "15:53"], "comment_content": "台北市到底哪些人投苗?"}, {"comment_author": "mynews", "comment_date": ["04/18", "15:55"], "comment_content": "為了900都能回去講了。有可能有收據哦"}, {"comment_author": "hoos891405", "comment_date": ["04/18", "15:55"], "comment_content": "苗不愧是買iPhone 被騙的人"}, {"comment_author": "KKlin813", "comment_date": ["04/18", "15:58"], "comment_content": "100萬當衛生處借的 你說他買二手是不是"}, {"comment_author": "KKlin813", "comment_date": ["04/18", "15:58"], "comment_content": "瞧不起他！"}, {"comment_author": "w814015", "comment_date": ["04/18", "15:58"], "comment_content": "反正徐這次被打傷了"}, {"comment_author": "bulden", "comment_date": ["04/18", "16:12"], "comment_content": "打傷也還好，政治上有一句，打不死的終將"}, {"comment_author": "bulden", "comment_date": ["04/18", "16:12"], "comment_content": "要你的命。"}]}
