{"author": "mopepe5566 (摸屁屁)", "category": "Gossiping", "title": "Re: [問卦] 幹您娘！ 現在去醫院診所還要戴口罩？", "date": "Wed Apr 17 17:27:42 2024", "content": ["最好笑是牙科診所，也要戴口罩明明就都預約最後還不是要拔掉口罩給醫生看我洗完牙，跟牙醫聊牙齒醫生叫我先戴口罩明明剛在洗牙時更接近--"], "post_comment": [{"comment_author": "youtrue", "comment_date": ["04/17", "17:28"], "comment_content": "同感"}, {"comment_author": "coollfd", "comment_date": ["04/17", "17:28"], "comment_content": "民進黨忙著炒房 沒空啦"}, {"comment_author": "TopGun2", "comment_date": ["04/17", "17:29"], "comment_content": "怕太臭"}, {"comment_author": "cc02040326", "comment_date": ["04/17", "17:29"], "comment_content": "我的牙科可以不用戴 看來牙醫比較"}, {"comment_author": "cc02040326", "comment_date": ["04/17", "17:29"], "comment_content": "聰明"}, {"comment_author": "m13579", "comment_date": ["04/17", "17:30"], "comment_content": "對 你看牙醫 等的人在那邊咳嗽 你就好好"}, {"comment_author": "yahooooooooo", "comment_date": ["04/17", "17:30"], "comment_content": "台南還有剪頭髮要戴口罩的"}, {"comment_author": "m13579", "comment_date": ["04/17", "17:30"], "comment_content": "接受病毒"}, {"comment_author": "kevin1996", "comment_date": ["04/17", "17:31"], "comment_content": "後果自負就好了 強制到底是怎樣"}, {"comment_author": "issuemylove", "comment_date": ["04/17", "17:33"], "comment_content": "別的病人"}, {"comment_author": "abc9bitedi", "comment_date": ["04/17", "17:33"], "comment_content": "要阿= = 保護你我安全"}, {"comment_author": "sellgd", "comment_date": ["04/17", "17:33"], "comment_content": "這種情況就牙醫會戴啊"}, {"comment_author": "wcpsgb", "comment_date": ["04/17", "17:33"], "comment_content": "可能覺得太臭了"}, {"comment_author": "pussbootss", "comment_date": ["04/17", "17:34"], "comment_content": "如果戴著能洗 一定叫你戴著"}, {"comment_author": "pussbootss", "comment_date": ["04/17", "17:35"], "comment_content": "被你傳染一天少賺多少"}, {"comment_author": "jo78jo78", "comment_date": ["04/17", "17:35"], "comment_content": "雞巴毛！我剛剛去眼科也被要求戴口罩"}, {"comment_author": "mactaya", "comment_date": ["04/17", "17:38"], "comment_content": "牙醫診所細菌滿天飛舞，戴不戴随便你"}, {"comment_author": "cc02040326", "comment_date": ["04/17", "17:41"], "comment_content": "好啊隨便啊 強制三小"}, {"comment_author": "lovelyhsfran", "comment_date": ["04/17", "19:14"], "comment_content": "強制爽啊，又醜又臭就戴著好嗎？"}, {"comment_author": "tr000064", "comment_date": ["04/17", "19:36"], "comment_content": "臭死了，結束給我戴好。"}, {"comment_author": "jjooee1428", "comment_date": ["04/17", "19:57"], "comment_content": "真心覺得別人咳嗽就怕得要死的人很"}, {"comment_author": "jjooee1428", "comment_date": ["04/17", "19:57"], "comment_content": "可憐 是生活在多大的恐懼之中"}, {"comment_author": "siriusx", "comment_date": ["04/17", "20:37"], "comment_content": "就不想看臉聊天  不行嗎?"}, {"comment_author": "metaflux", "comment_date": ["04/18", "14:40"], "comment_content": "樓上不想看臉聊天建議還是待在家中不要"}, {"comment_author": "metaflux", "comment_date": ["04/18", "14:40"], "comment_content": "出來礙眼"}]}
