{"author": "alwang (暱稱回來吧)", "category": "Gossiping", "title": "Re: [新聞] 勞保連7年收不抵支 撥補壓力漸大", "date": "Mon Apr 15 14:13:38 2024", "content": ["雖然勞保已經快破產了  但也不用太擔心", "近四年的保費收入明顯追不上保費支出但只要投資收益穩定10%以上  就不用擔心勞保會沒錢一年10%收益對PTT少年股神來說根本是韭菜等級很多人今年收益率都破百至於要把勞保改得更健康  絕對不是調高保費回到當初專業的估計  應該是老年給付的公式要從1.55降到1.3用之前精算的1.3來看2023保費支出可以省500多億至於誰調高公式的?  2023年有媒體報導但新聞存檔都404了--"], "post_comment": [{"comment_author": "douge", "comment_date": ["04/15", "14:15"], "comment_content": "再撐20年人都死光了 根本沒有退撫問題"}, {"comment_author": "douge", "comment_date": ["04/15", "14:15"], "comment_content": "一切都是騙局而已"}, {"comment_author": "rwr", "comment_date": ["04/15", "14:17"], "comment_content": "可以撐到惡性通膨來臨為止"}, {"comment_author": "rwr", "comment_date": ["04/15", "14:17"], "comment_content": "到時候千億都是小錢"}, {"comment_author": "sunluna", "comment_date": ["04/15", "14:17"], "comment_content": "勞保就是傳炸彈的遊戲 看誰倒楣手上爆炸"}, {"comment_author": "douge", "comment_date": ["04/15", "14:18"], "comment_content": "每年透支500億的東西要怎樣當炸彈 ?"}, {"comment_author": "DPP48", "comment_date": ["04/15", "14:32"], "comment_content": "建議趕快歐印台積"}, {"comment_author": "chillybreeze", "comment_date": ["04/15", "14:34"], "comment_content": "勞保投資收益超差的，官員收益....."}, {"comment_author": "fcz973", "comment_date": ["04/15", "14:54"], "comment_content": "公保養老年金就是用1.3在算(計算基礎還只"}, {"comment_author": "fcz973", "comment_date": ["04/15", "14:54"], "comment_content": "是本俸)，勞保會從1.3變1.55要問98年修法"}, {"comment_author": "fcz973", "comment_date": ["04/15", "14:54"], "comment_content": "年金化時的立委"}]}
