{"author": "deitly (一萬光年的愛情)", "category": "Gossiping", "title": "Re: [問卦] 年輕男生484都不喜歡襯衫裡面穿衣服?", "date": "Sat Apr 13 23:41:09 2024", "content": ["['※ 引述《skn60694 (入聲)》之銘言', ': 大家安安', ': 今天天氣不錯 中午去吃通勤時看到但有點距離的小餐廳', ': 不意外的 大家都跑出來了 需要等一下', ': 等的時候 發現有位高中或大學的男生', ': 大概是因為家庭聚餐 被要求穿的正式一點', ': 就穿了工業風短袖襯衫 五分長色褲 運動鞋', ': 但因為天氣有點熱 所以裡面就不穿', ': 結果就是襯衫上面都是斑斑點點的汗水漬', ': 乍一看還以為又突然下雨 想說吃個飯很快沒帶傘 緊張了一下', ': 大家說 年輕的男生484都不喜歡襯衫裡面穿內衣呢?', ': 本宅以前上課穿制服也沒這樣啊? 難道時代不同了嗎? 有卦否?']", "台灣位處東南亞熱死人的天氣如果襯衫裡面加內衣到時就要搭配20度冷氣偏偏台灣又缺電。沒冷氣就準備爆汗加狐臭然後在南部又可能會缺水工程師二天不洗澡保證辦公室的人哀鴻遍野一整個噁心 ><", "--"], "post_comment": [{"comment_author": "allenatptt", "comment_date": ["04/13", "23:46"], "comment_content": "不穿內衣一樣會流汗，但內衣會吸汗"}, {"comment_author": "heyd", "comment_date": ["04/13", "23:50"], "comment_content": "穿吊嘎"}, {"comment_author": "st856533", "comment_date": ["04/14", "00:02"], "comment_content": "推Uniqlo 的airism內衣"}]}
