{"author": "charco (胖虎想要變瘦虎)", "category": "Gossiping", "title": "Re: [爆卦] 水原竊取大谷翔平高達1600萬美金！", "date": "Fri Apr 12 02:25:10 2024", "content": ["['※ 引述《jack8587 (Lebron James)》之銘言：', ':', '', ':', '', ': 水原一平被指控銀行詐欺，並且至少從大谷銀行帳戶竊取超過1600萬美金，今天由洛杉磯法', ': 院直接宣告。', ': 大谷真心換絕情，真的太慘了']", "這篇新聞有提到 水原更改帳戶設定讓大谷無法收到銀行通知大谷平常生活起居買東西付帳單一定都是水原在處理即使銀行打電話查證水原也將生日/SSN甚麼的個人資料記得一清二楚搞不好連銀行帳戶設定的手機都更改為自己的手機這樣銀行也無法辨別是不是本人美國銀行也不像台灣銀行擔心詐騙 會一直跟你確認", "--", "我前老闆也是這樣 生活大小事全部秘書處理 帳戶密碼轉帳匯款全部都秘書負責要轉錢超容易的 而且老闆也是手機白癡 很多不會操作"], "post_comment": [{"comment_author": "darkbrigher", "comment_date": ["04/12", "02:26"], "comment_content": "那只能怪他自己這麼多年還不學好英文"}, {"comment_author": "King5566", "comment_date": ["04/12", "02:28"], "comment_content": "大谷484腦袋空空"}, {"comment_author": "Himiko9975", "comment_date": ["04/12", "02:28"], "comment_content": "生活白癡泥"}, {"comment_author": "gunlinuu", "comment_date": ["04/12", "02:28"], "comment_content": "薛海了"}, {"comment_author": "Dinenger", "comment_date": ["04/12", "02:30"], "comment_content": "欺負大谷不會英文欺負大谷老實 很可惡"}, {"comment_author": "gfabbh", "comment_date": ["04/12", "02:44"], "comment_content": "縱使大谷沒收到銀行通知，他也完全不查帳"}, {"comment_author": "gfabbh", "comment_date": ["04/12", "02:44"], "comment_content": "，就完全放任水原任意使用喔？"}, {"comment_author": "e34l892", "comment_date": ["04/12", "02:53"], "comment_content": "就貼身秘書和助理 老實講不意外"}, {"comment_author": "enthpzd", "comment_date": ["04/12", "02:56"], "comment_content": "自己不負責給人騙也是失職啦"}, {"comment_author": "tamama000", "comment_date": ["04/12", "02:56"], "comment_content": "繼續檢討被害人"}, {"comment_author": "yinaser", "comment_date": ["04/12", "02:59"], "comment_content": "很多老闆只會看公司帳私人的反而沒再理"}, {"comment_author": "enthpzd", "comment_date": ["04/12", "03:08"], "comment_content": "以前遇過一個老闆自己大小章給會計用，"}, {"comment_author": "enthpzd", "comment_date": ["04/12", "03:09"], "comment_content": "那會計是沒作啥犯法的事，只不過後來懷"}, {"comment_author": "enthpzd", "comment_date": ["04/12", "03:09"], "comment_content": "孕想離職了，那老闆就搞情勒說自己很信"}, {"comment_author": "enthpzd", "comment_date": ["04/12", "03:09"], "comment_content": "任對方給她大小章，對方不能這樣就離職b"}, {"comment_author": "enthpzd", "comment_date": ["04/12", "03:09"], "comment_content": "alabala的。"}, {"comment_author": "enthpzd", "comment_date": ["04/12", "03:11"], "comment_content": "很多人就自己該督管的責任丟給對方，解"}, {"comment_author": "enthpzd", "comment_date": ["04/12", "03:11"], "comment_content": "釋成一種信任，其實就是失職，想偷懶徒"}, {"comment_author": "enthpzd", "comment_date": ["04/12", "03:11"], "comment_content": "輕鬆罷了"}, {"comment_author": "newwu", "comment_date": ["04/12", "03:16"], "comment_content": "看銀行帳戶之類的雜事很累 有人幫管我也不"}, {"comment_author": "newwu", "comment_date": ["04/12", "03:16"], "comment_content": "想管"}, {"comment_author": "misaki030", "comment_date": ["04/12", "03:26"], "comment_content": "要不是自己白癡賭博還真的不會被發現"}, {"comment_author": "gguuder", "comment_date": ["04/12", "03:57"], "comment_content": "哈哈檢討被害人 台灣人最擅長了"}, {"comment_author": "juyac11", "comment_date": ["04/12", "04:01"], "comment_content": "很符合大谷人設"}, {"comment_author": "valentian", "comment_date": ["04/12", "07:03"], "comment_content": "結果真老闆是水原，大谷只是他的打工仔"}, {"comment_author": "distellable", "comment_date": ["04/12", "13:34"], "comment_content": "看下來發現美國銀行真的是智障"}, {"comment_author": "distellable", "comment_date": ["04/12", "13:34"], "comment_content": "一個生活大小事 翻譯都要靠別人的人"}, {"comment_author": "distellable", "comment_date": ["04/12", "13:35"], "comment_content": "會自己跟銀行交談要去轉帳(水原冒充)"}]}
