{"author": "a1e (我上了賊船了囧)", "category": "Gossiping", "title": "Re: [新聞] 大姑涉詐騙！徐巧芯否認涉案　丈夫劉彥澧", "date": "Sun Apr 14 22:19:54 2024", "content": ["oppo冤什麼，imb那票主嫌直接提供他車輛和服務處辦公室，還提供政治獻金這全是和oppo本人直接連接，什麼連連看都不用了，就一條線想替oppo喊冤先叫他本人出來解釋有沒有跟imb那票人拿過這些好處--", "塔綠班看oppo洗不白開始哭哭鬧了wwwwwwwww"], "post_comment": [{"comment_author": "yamhome", "comment_date": ["04/14", "22:22"], "comment_content": "雙標來也~"}, {"comment_author": "netboy789", "comment_date": ["04/14", "22:24"], "comment_content": "大姑過年沒買水果回家？"}, {"comment_author": "asurdalin", "comment_date": ["04/14", "22:25"], "comment_content": "開始雙標了， 巧芯哭哭藍粉惜惜"}, {"comment_author": "warren1113", "comment_date": ["04/14", "23:32"], "comment_content": "好了啦 大姑這麽親 要連還更好連"}, {"comment_author": "hensel", "comment_date": ["04/15", "00:20"], "comment_content": "詐騙通通抓去關啦，什麼?大不了兩年...."}, {"comment_author": "erickruklin", "comment_date": ["04/15", "07:56"], "comment_content": "zzzzz 雙標成這樣  優秀"}]}
