{"author": "gyGirl (妹)", "category": "Gossiping", "title": "Re: [新聞] 懶人包來囉！ 統神代言剩7家 靠一己之力", "date": "Sat Apr 13 14:11:58 2024", "content": ["['※ 引述《axxp (Matthew)》之銘言：', ': 懶人包來囉！ 統神代言剩7家 靠一己之力丟12代言', ': 自由 記者馮亦寧／台北報導', ': 實況主「亞洲統神」張嘉航日前在直播中談論黃子佼事件，認為「沒那麼嚴重」，掀起熱議', ': ，許多廠商也因他的言行過當陸續取消代言或合作。今（12）日科技專家許美華統計出統神', ': 代言廠商名單，只剩下7家並未表達意見。', ': 統神8日凌晨直播中，因評論黃子佼事件被認為失言，許多廠商紛紛與他劃清界線，靠一己', ': 之力成功丟掉12家代言，截至12日下午3時，已有12家廠商宣布停止合作、終身拉入合作黑', ': 名單。目前仍有7家並未表態。', ': 【終止與統神合作12家廠商一覽】', ': 1. 4月9日10時15分｜手機遊戲《轟天騎士團》', ': 2. 4月9日19時08分｜手機遊戲《暗黑魔幻MMO COC：熱血殺戮》', ': 3. 4月9日20時00分｜手機遊戲《超級拳霸霸》', ': 4. 4月10日08時33分｜電玩《劍紙三國》', ': 5. 4月10日09時18分｜韓國餐廳《起家雞（Cheogajip Korean Fried Chicken）》', ': 6. 4月10日10時59分｜手機遊戲《超雞小隊》', ': 7. 4月10日11時22分｜手機遊戲《女武神契約》', ': 8. 4月10日13時24分｜烘焙坊《關於餅乾實驗室&碩論巴斯克》', ': 9. 4月10日13時27分｜3C產品《Corsair Taiwan》', ': 10. 4月10日16時34分｜手機遊戲《小小斗羅》', ': 11. 4月11日11時38分｜手機遊戲《貓咪大戰爭》', ': 12. 4月11日20時37分｜寢具《德國Emma（台灣艾瑪睡眠有限公司）》', ': 至於統神還有哪些代言？科技專家許美華今日在臉書列出名單，截至下午3時，廠商名單如', ': 下。', ': 【手遊／電玩】', ': 1、Garena 決勝時刻 Mobile', ': 2、三國RPG《少年神獸傳》', ': 3、《World of Warships 戰艦世界》', ': 4、斬妖', ': 5、《英雄聯盟》', ': 6、《臥龍：蒼天隕落》Wo Long: Fallen Dynasty', ': 【3C】', ': 7、OXS Taiwan喇叭 OXS Thunder Pro+', ': 統神昨（11）晚表示針對失言事件做出「最後回應」，以新的頻道「統神VOD」上傳直播畫', ': 面，並鄭重澄清所謂「先前發言內容的真正意思」，並認為自己的言論遭人斷章取義、惡意', ': 抹黑。', ': ☆強化打擊網路性暴力犯罪，防止性影像傳播，刑法已增訂第28章之1「妨害性隱私及不實', ': 性影像罪章」☆', ': ☆尊重身體自主權，遇到性騷擾勇於制止、勇敢說不，請撥打113、110☆', ': ☆現代婦女基金會 性侵害防治服務專線02-7728-5098分機7☆', ':', '']", "我覺得你們想太多了那些什麼什麼權團體也想太多了未成年那些敘述不過是審美觀的表達就像是說我想要每餐都吃米其林餐廳也不過是對美食上的評價會真的餐餐都吃米其林餐廳嗎？很多女生是不能對她稱讚的就像是男生你可以稱他是帥哥帥哥吃飯吃麵裡面請但是不能講美女...工作上也不能稱呼女同事美貌一樣會被視為性騷擾但事實上那不過是審美觀上的敘述不管講實話、謊話你敘述一個人長得好看就只是一個在審美觀上的表達有人覺得未成年好看、有人覺得成年、25歲、30歲、甚至60歲那就只是個人對年齡上審美的感觀會去做嗎？有說是未成年的誰嗎？我也很希望未成年時就跟未成年的配偶結婚誰會希望到50、60歲才結婚巴菲特不是也建議不要把性愛留到老年再享受坦白講不論男女年齡都是伴隨著老化不可能年齡越長越年輕是不可能改變的事實而且選舉也是選人不是選黨把政黨拉進來批鬥幹什麼？哇你參加過那個政黨的聚餐我就一輩子批鬥你？怎麼會有這種做法？你也不是換過好幾個黨？你父母萬一支持跟你不同的政黨你要不要也宣告斷絕親屬關係？動不動一出口就是政黨清洗啊你是不是要發動政變啊？這種人才可怕", "--"], "post_comment": [{"comment_author": "veter", "comment_date": ["04/13", "14:14"], "comment_content": "你可以講很有氣質"}, {"comment_author": "KiwiSoda01", "comment_date": ["04/13", "14:16"], "comment_content": "很健康"}, {"comment_author": "abonbon", "comment_date": ["04/13", "14:30"], "comment_content": "不要再解釋了 那些都不代表可以這樣講話"}, {"comment_author": "kaube", "comment_date": ["04/13", "14:44"], "comment_content": "沒錯啊，小草不是都希望父母區死一死？"}]}
