{"author": "ilanese (我寫故我在)", "category": "Gossiping", "title": "Re: [問卦] 台積電自建 小型核電廠自用 可行嗎?", "date": "Thu Apr 18 19:07:18 2024", "content": ["諸位有想過嗎？　　如果党允許台積電自己蓋核電廠的話，自給自足，甚至還能賣綠電的話，綠友友開的綠能公司要怎麼賺錢啊？　　所以，這不是台積電有沒有能力蓋核電廠的問題，而是党同不同意的問題？　　如果党允許台積電蓋核電廠的話，甚至賣給台電的話，你我的電費搞不好會因此變少。--"], "post_comment": [{"comment_author": "he00504616", "comment_date": ["04/18", "19:08"], "comment_content": ""}, {"comment_author": "u9005205", "comment_date": ["04/18", "19:08"], "comment_content": "賣綠電？有問過法國馬嗎…"}, {"comment_author": "Qinsect", "comment_date": ["04/18", "19:11"], "comment_content": "党在野誰要鳥他，去金門同溫層喊喊就好"}, {"comment_author": "xm32", "comment_date": ["04/18", "19:14"], "comment_content": "黨說這個很危險"}]}
