{"author": "Nick87061319 (Nick)", "category": "Gossiping", "title": "Re: [新聞] 雲豹能源可望轉上市", "date": "Fri Apr 19 14:26:30 2024", "content": ["['※ 引述《qweerrt123 (GanPow)》之銘言：', ': 備註請放最後面 違者新聞文章刪除', ': 1.媒體來源:', ': ※ 例如蘋果日報、自由時報（請參考版規下方的核准媒體名單）', ': ※ Yahoo、MSN、LINE等非直接官方新聞連結不被允許', ': 聯合新聞網', ': 2.記者署名:', ': ※ 若新聞沒有記者名字或編輯名字，請勿張貼，否則會被水桶14天', ': ※ 外電至少要有來源或編輯 如:法新社', ': 陳昱翔', ': 3.完整新聞標題:', ': ※ 標題沒有完整寫出來 ---> 依照板規刪除文章', ': 雲豹能源可望轉上市', ': 4.完整新聞內文:', ': ※ 社論特稿都不能貼！違者刪除（政治類水桶3個月)，貼廣告也會被刪除喔！可詳看版規', ': 太陽能系統整合商雲豹能源（6869）昨（18）日宣布已取得證交所核准通過函，力拚第2季', ': 轉一般板上市，有望成為全台第一家自創新板轉上市企業，公司目前綠電合約已破百億度，', ': 將持續拓展綠電市場版圖。', ': 據悉，雲豹能源旗下天能綠電預計今年底累計綠電轉供簽約量將達125億度，且集團旗下綠', ': 電高達96%轉供民間企業，積極以發電、售電一條龍能源服務發展綠電交易，協助國內各大', ': 企業達成RE100目標。', ': 此外，根據國家再生能源憑證中心發行憑證張數統計，無論2023年度、以及2024年第1季憑', ': 證中心發放太陽光電之綠電憑證數量排名，雲豹能源旗下售電業子公司天能綠電皆在國內眾', ': 多售電業者中坐二望一，光是今年第1季達近3萬張太陽光電憑證，位居台灣第二大售電業者', ': 。', ': 雲豹能源今年3月營收4.99億元，月增77.5%、年增37.6%；累計今年首季營收10.01億元，年', ': 增6.71%，成長主因來自承攬工程收入依進度認列。', ': 展望未來，雲豹能源今年在太陽能光電開發案持續穩健增加及綠電交易翻倍成長下，內部估', ': 計全年營收將雙位數成長，有信心營運表現更勝去年，目標三年內年營收破百億元。', ': 5.完整新聞連結 (或短網址)不可用YAHOO、LINE、MSN等轉載媒體:', ': ※ 當新聞連結過長時，需提供短網址方便網友點擊', ':', '', ': 6.備註:', ': ※ 一個人一天只能張貼一則新聞(以天為單位)，被刪或自刪也算額度內，超貼者水桶，請?', ': ※ 備註請勿張貼三日內新聞(包含連結、標題等)', ':', '', ':', '', ':', '', ':', '', ':', '', ':', '', ':', '']", "不愧是政府 在下台前還要送我們底層老百姓一個大禮包明燈都開出來了比00940還穩身家該直接梭哈下去了吧有哪個醫院可以支援一下 我打算賣腎貸款了", "-----Sent from JPTT on my iPhone--", "這個意思是我要先把全身器官賣光光 學多羅羅活的一年才有機會跟上這台車嗎", "別 明燈開出來 政黨別來亂"], "post_comment": [{"comment_author": "kutkin", "comment_date": ["04/19", "14:27"], "comment_content": "你要先有創新板交易資格"}, {"comment_author": "kutkin", "comment_date": ["04/19", "14:28"], "comment_content": "▶具新台幣200萬以上之財力證明"}, {"comment_author": "kutkin", "comment_date": ["04/19", "14:28"], "comment_content": "▶最近2年平均所得達新台幣100萬"}, {"comment_author": "kutkin", "comment_date": ["04/19", "14:29"], "comment_content": "有1年以上證券投資經驗，且符合以下任一"}, {"comment_author": "kutkin", "comment_date": ["04/19", "14:29"], "comment_content": "條件"}, {"comment_author": "sevenfeet", "comment_date": ["04/19", "14:31"], "comment_content": "國民黨一定要廢除再生能源發展條例!"}, {"comment_author": "kuosambition", "comment_date": ["04/19", "14:32"], "comment_content": "這條件這麼低，很多人都能達標吧"}, {"comment_author": "kutkin", "comment_date": ["04/19", "14:36"], "comment_content": "去年以前是500萬"}, {"comment_author": "kutkin", "comment_date": ["04/19", "14:36"], "comment_content": "就算達標好了 你要知道有這個東西"}, {"comment_author": "kuosambition", "comment_date": ["04/19", "14:38"], "comment_content": "沒差啦，等他轉上市大家都能買了"}, {"comment_author": "leohayashi1", "comment_date": ["04/19", "14:38"], "comment_content": "不要講出來，我等著割韭菜，黨之前"}, {"comment_author": "leohayashi1", "comment_date": ["04/19", "14:38"], "comment_content": "的高端讓我賺了不少 嘻嘻。"}, {"comment_author": "sexygnome", "comment_date": ["04/19", "14:43"], "comment_content": "黨的操作你要反著看，現在是自己人爽"}, {"comment_author": "sexygnome", "comment_date": ["04/19", "14:44"], "comment_content": "，當他說要讓全部人爽的時候，就是自"}, {"comment_author": "sexygnome", "comment_date": ["04/19", "14:44"], "comment_content": "己人退場割韭菜的時候"}]}
