{"author": "exelop (蔡比巴)", "category": "Gossiping", "title": "Re: [問卦] 看到烏克蘭這樣 只有我希望和平統一嗎？", "date": "Sat Apr 13 21:17:58 2024", "content": ["臺灣的前途，不該只有2分法-被統一或獨立維持現狀是一個好選擇，但會慢慢的被壓縮空間，直到表態臺灣應該要思考一個模式，是符合中國期待，但決定權實際在臺灣人民手上，目前思考了3個模式1.開放中共來臺參政主打一國不該兩制，統一就該一致統一不難，選贏就拿的概念首先開放地方政府，讓中共派人參選贏一縣就統一一地，地方全贏就全國統一如選兩任，都無法全拿再加碼開中央選舉，一次包如此一來，統獨的時辰表就是臺灣人民決定中共派人選，所有的軍事威脅就得退到中線以西，否則根本拿不到臺灣人的選票不派人選，那就是沒有統一的積極與急迫性，那大家繼續耗著再往回推，中共要派誰來選又是一大問題來的人，必須是幹才，才有機會吸引臺灣人的認同但是也不可能馬上來就選上，深耕個5-10年，應該是基本盤不深耕，一直空降，沒有地方基礎，也是選不上如果真來臺選贏，在党內是大功，肯定要放個正國級，但會卡到7上8下的規則，直接落馬最重要的...90%以上的臺灣人根本不可能投共產黨的候選人...如此一來就陷入循環當中...不是臺灣不統，是來的人不夠好，選不贏決定權就會一直在我們手上2.讓省廳級官員，來臺置產馬克思主義最大盲點，就是忽略人對個人財產的積極性習近平是踩著薄熙來而上位的薄的下場，最悲催的莫過於財產歸零而為了避免被制裁，党的高層也下令官員剝離海外資產如果放在臺灣呢？定義上不算海外，又不會被國內監管如果真的開打，為了避免被歸零，這些中下層官員，會成為臺灣的第一層保護傘將以陽奉陰違，推委懈怠的方式，推遲攻擊節奏如果哪天有人上高位...就是妥妥的黑資料...資料流出來，党內鬥爭臺灣繼續站高山，看馬相殺3.繼續現在模式部隊的人力現況真的如國防部說，緊繃但不緊急嗎？少子化條件，但勞動市場薪資大好劣幣驅良幣的狀況，將更快速上位者本職學能不夠承擔，還是傳統思維領導，又讓更多基層覺得不舒服，流失更快這是內部危機外部危機則是，共軍不斷逼迫，限縮我國活動範圍難保不會某天，有人想要功成名就，北中南各一組編隊擾臺，其中一個突穿臺灣上空不打下來，臺灣成笑話打下來，就是明確開戰信號臺灣可以不小心雄三往海峽中線打那老共，能不能也不小心飛越中央山脈？統一不可行，獨立不可為要長期現狀，就得產生一個系統，打不了又統不到。--", "我天真？你提個合理的方式", "共產黨就跟黃子X類似沒到手前，都會裝", "笑死，加泰隆尼亞公投獨立後西方各國沒人接受西班牙直接剿滅", "老美不會收一個漢族為主的臺灣當漢族剩不到1000萬，他們就收了", "好喔，記得跟清德宗說，以後不要再管他們飛出來軍費省一大半", "如果臺灣人只貪那眼前小利被統真的剛好"], "post_comment": [{"comment_author": "Casavona", "comment_date": ["04/13", "21:20"], "comment_content": "天真"}, {"comment_author": "coffee77", "comment_date": ["04/13", "21:20"], "comment_content": "小草思維? 和共產黨講rule XD"}, {"comment_author": "hyperdunk", "comment_date": ["04/13", "21:21"], "comment_content": "怎麼不直接台灣統獨公投比較快"}, {"comment_author": "ted3698", "comment_date": ["04/13", "21:21"], "comment_content": "4. 歸順美國"}, {"comment_author": "devidevi", "comment_date": ["04/13", "21:22"], "comment_content": "等中國崩潰"}, {"comment_author": "edmondgkk123", "comment_date": ["04/13", "21:23"], "comment_content": "說什麼鬼話，臺灣實質獨立，管共匪"}, {"comment_author": "edmondgkk123", "comment_date": ["04/13", "21:23"], "comment_content": "文攻武嚇做啥"}, {"comment_author": "kk10519", "comment_date": ["04/13", "21:24"], "comment_content": "現在某些人眼中就是獨立 但是沒有種修憲"}, {"comment_author": "coffee77", "comment_date": ["04/13", "21:24"], "comment_content": "重點是共產黨沒有信用 信用先重建吧"}, {"comment_author": "dou0228", "comment_date": ["04/13", "21:27"], "comment_content": "讓中共派人參選??"}, {"comment_author": "iLeyaSin365", "comment_date": ["04/13", "21:27"], "comment_content": "閩南少噁了 臺灣獨立的也是中華民國"}, {"comment_author": "iLeyaSin365", "comment_date": ["04/13", "21:28"], "comment_content": " 不是閩南30%政府的臺灣國"}, {"comment_author": "iLeyaSin365", "comment_date": ["04/13", "21:29"], "comment_content": "敢不敢公投 看看中華民國的多少 選"}, {"comment_author": "iLeyaSin365", "comment_date": ["04/13", "21:29"], "comment_content": "自己屬於臺灣國的多少？別用臺灣國"}, {"comment_author": "iLeyaSin365", "comment_date": ["04/13", "21:29"], "comment_content": "來混淆取代中華民國  而且中華民國"}, {"comment_author": "iLeyaSin365", "comment_date": ["04/13", "21:29"], "comment_content": "主權這樣也不正常  不能算真的獨立"}, {"comment_author": "iLeyaSin365", "comment_date": ["04/13", "21:29"], "comment_content": "別把別人的成果當自己的"}, {"comment_author": "nicejeffery", "comment_date": ["04/13", "21:38"], "comment_content": "以前想獨立,現在就覺得還好"}, {"comment_author": "nicejeffery", "comment_date": ["04/13", "21:43"], "comment_content": "主要是台灣被搞爛了"}, {"comment_author": "nicholassys", "comment_date": ["04/13", "21:44"], "comment_content": "明明知道維持現狀不可能永久"}, {"comment_author": "nicholassys", "comment_date": ["04/13", "21:44"], "comment_content": "卻不想面對有攤牌的一天"}, {"comment_author": "asiaking5566", "comment_date": ["04/13", "21:46"], "comment_content": "有點合理"}, {"comment_author": "chung74511", "comment_date": ["04/13", "21:48"], "comment_content": "前面兩點都是可以花錢解決的吧?"}, {"comment_author": "chung74511", "comment_date": ["04/13", "21:48"], "comment_content": "先給一堆錢收買選民 等贏了在搶回去"}, {"comment_author": "alen0303", "comment_date": ["04/13", "21:53"], "comment_content": "美國日本也都派人來參選啊"}, {"comment_author": "ipojay", "comment_date": ["04/13", "21:55"], "comment_content": "中國就是硬吃你 誰跟你玩選舉遊戲"}, {"comment_author": "ipojay", "comment_date": ["04/13", "21:56"], "comment_content": "台灣很多紅黨啊! 新黨 只是沒票"}, {"comment_author": "mitsurogi", "comment_date": ["04/13", "22:55"], "comment_content": "那我也提一個，共產黨放棄一黨專政，"}, {"comment_author": "mitsurogi", "comment_date": ["04/13", "22:55"], "comment_content": "全面普選就兩岸統一如何？"}, {"comment_author": "ESL63", "comment_date": ["04/13", "22:59"], "comment_content": "滾去支那"}, {"comment_author": "Sadan", "comment_date": ["04/13", "23:47"], "comment_content": "半瓶水"}]}
