{"author": "tigotigo5566 (鐵劍5566)", "category": "Gossiping", "title": "Re: [問卦] 伊朗敢打以色列 中國不敢打菲律賓？", "date": "Sun Apr 14 10:41:13 2024", "content": ["['※ 引述《taiwannext (2016綠營重新執政 )》之銘言：', ': 照中國政府的說法，菲律賓最近在南海一直挑釁中國，可是中國只敢噴水柱或是包圍菲律賓', ': 船隻，不敢對菲律賓軍艦射飛彈魚雷，', ': 而伊朗卻敢直接攻擊以色列，', ': 伊朗是中國小弟，', ': 以色列是美國的爸爸，菲律賓是美國小弟，', ': 菲律賓武力輸以色列也輸台灣，', ': 中國號稱世界軍力第三 經濟第二', ': 為什麼同樣面對對方挑釁，伊朗敢打以色列 ，中國卻不敢打菲律賓？']", "打菲律賓（X)跟美國撕破臉（O)俄羅斯敢打烏克蘭，因為烏克蘭後面是北約等歐洲國家，就算打下也不會碰到美國邊界。伊朗敢打以色列，因為以色列國土基本上就是中東，伊朗還掌控石油運輸要道同時是中東三大產油國之一，不用跟老美正面硬肛。中國打菲律賓那是輕鬆寫意的事，但是菲律賓後面有美國，世界第一大國，菲律賓被打下中國國土直接和美國在太平洋接壤，直接危及美國安全。這世界上有誰敢不用考慮就直接跟老美直接硬肛？-----Sent from JPTT on my iPhone--拎北  鐵劍五五六六，乃天命之所歸，特從天降，拯救凡人。拎北以元始天尊之尊，下凡普渡眾生。凡我信眾，務須三步一跪，九步一拜，向拎北宣誓效忠。欽此，快叩謝拎北！--"], "post_comment": [{"comment_author": "f743182002", "comment_date": ["04/14", "10:43"], "comment_content": "這年頭不甩美國的一堆 還活在過去？"}, {"comment_author": "f743182002", "comment_date": ["04/14", "10:44"], "comment_content": "美國喊不要打 伊朗也打了"}, {"comment_author": "f743182002", "comment_date": ["04/14", "10:44"], "comment_content": "要不要上網找美軍過去被伊朗抓的事"}, {"comment_author": "BerlinerBlau", "comment_date": ["04/14", "10:45"], "comment_content": "山本五十六："}, {"comment_author": "tenka92417", "comment_date": ["04/14", "10:58"], "comment_content": "阿共海警現在繼續在南海用水砲噴菲仔"}, {"comment_author": "tenka92417", "comment_date": ["04/14", "10:58"], "comment_content": "海巡跟補給船哦，老美能怎樣？"}, {"comment_author": "Anvec", "comment_date": ["04/14", "11:07"], "comment_content": "幹嘛打 這樣搞很符合利益"}, {"comment_author": "Anvec", "comment_date": ["04/14", "11:08"], "comment_content": "菲律賓連像樣的軍艦都沒有 這樣施壓 菲律"}, {"comment_author": "Anvec", "comment_date": ["04/14", "11:08"], "comment_content": "賓就很委屈了"}, {"comment_author": "taiwannext", "comment_date": ["04/14", "11:25"], "comment_content": "又沒有說要佔領 打敗菲律賓海軍就可以"}]}
