{"author": "spermbox (☺洨盒盒☺)", "category": "Gossiping", "title": "Re: [問卦] 貪婪的地主？？？？？？", "date": "Mon Apr 15 16:00:49 2024", "content": ["['※ 引述《stu60001 (ㄤ)》之銘言：', ': 貪婪的地主？？？？？？', ': 事情是這樣的', ': 之前農曆新年的時候', ': 小弟去某一個風景區散散心', ': 當地就有一排的攤商在賣小吃', ': 小弟就與賣烤香腸的阿姨閒聊了一下', ': 不問不知道，一問嚇一跳', ': 這攤販是要交租金給地主的！', ': 一期的營業額，要上繳將近 50% 營業額！', ': 你以為這已經很可怕了嗎？', ': 還有更可怕的', ': 這個攤位還是「公有地」！', ': 那你問，這地主是哪來的地主？', ': 阿就黑道阿', ': 當地的地方派系', ': 想要做生意，就要照顧地方', ': 他們是這麼說的', ': 這令我毛骨悚然', ': 請問有沒有貪婪的地主的八卦？']", "公有地沒有地主嗎？你確定公有地沒有地主？", "公有地地主就是政府啊公有地是地方政府、中央政府的土地道路、公園、廣場、停車場.....等公共設施都是公有土地啊", "你把政府說成黑道該當何罪？看看統神的慘況，下一個人生被洗滌的可能就是你！小心了！", "-----Sent from MeowPtt on my iPhone--"], "post_comment": []}
