{"author": "IchiKori176 (我愛櫃姐 櫃姐愛我)", "category": "Gossiping", "title": "Re: [問卦] 統神怎麼變成他最討厭的模樣了？", "date": "Thu Apr 18 09:39:47 2024", "content": ["昨天正在看大秦帝國二縱橫剛好演到趙魏韓中山燕五國要籌畫相王贏駟派出張儀去齧桑跟齊楚會盟叩叩姊作為現代版張儀縱橫捭闔之術舉世無雙那統神跟吳爭誰是齊楚的田嬰跟昭陽阿--七年，與魏惠王會杜平八年  與魏戰元里，有功十年，衛鞅為大良造，將兵圍魏安邑，降之。--"], "post_comment": [{"comment_author": "StylishTrade", "comment_date": ["04/18", "09:40"], "comment_content": "懶叫比雞腿QQ"}]}
