{"author": "longyin (龍吟很難嗎？為什麼)", "category": "Gossiping", "title": "Re: [問卦] =.= 歐美為什麼不揍中國？！", "date": "Fri Apr 12 10:25:25 2024", "content": ["['※ 引述 《xzcb2008 (可愛老娘變態貓貓=.=)》 之銘言：', ': 這麼畏首畏尾', ':', ': 用一個要讓中國人吃不飽戰術服從', ':', ': 而不是？用戰爭讓他們乖乖聽話', ':', ': 很怪', ':', ':', ': → great5566: 如果中國願意把自己市場開放給歐美賺錢   106.64.33.150 04/12 08:36', ': → great5566: 歐美大概就不會對中國壓迫東壓迫西       106.64.33.150 04/12 08:36', ': → xzcb2008: 中國不願意開放就揍阿                   223.141.192.86 04/12 08:38']", "因為中國大陸是真的有核武器啊，而且是各類核武器都有，井射的，機動的，核潛艇的都有", "中國願意把高科技產品市場全部放開，但是美國一直不賣啊，高階晶圓芯片，高階製造設備一直不賣啊現在是中國大陸希望開放市場，但美國不賣，所以中國大陸只能自己去研發了。美國的產品，中低階的賣不過中國產品，高階產品不賣給中國。如果高階晶圓高階設備高科技產品敞開了賣，把數千項禁運名單全部放開，中美就不會有那麼大的貿易不平衡按原來的全球化市場經濟理論，發達國家賣高科技產品，把低階產品轉移到發展中國家生產，能形成一個貿易平衡。到美國則是不賣高科技產品，卻一直要買低階產品，最後就貿易不平衡了，只要歐洲和美國放開高科技產品的自由貿易，那麼一切就都平衡了。--"], "post_comment": [{"comment_author": "s213092921", "comment_date": ["04/12", "10:52"], "comment_content": ""}, {"comment_author": "s213092921", "comment_date": ["04/12", "10:52"], "comment_content": "華為要自研昇騰AI晶片"}]}
