{"author": "OPPAISuki (OPPAISuki)", "category": "Gossiping", "title": "Re: [問卦] 如果抖音都台灣歌會怎樣?", "date": "Fri Apr 19 11:48:45 2024", "content": ["['※ 引述《wsx88432 (3,6,9 )》之銘言：', ': 現在台灣年輕人很多都只聽抖音歌', ': 跟韓國音樂', ': 如果抖音上面都放台灣歌會怎樣?', ': 會不會再創台灣樂壇的盛世']", "八卦老人也太多 抖音有滿多台灣的歌的阿你一講就露餡了 根本沒在用抖音吧?還有台語歌呢!茄子蛋-浪子回頭 告五人一堆歌 也是靠抖音紅到中國去的珂拉琪的 萬千花蕊慈母悲哀愛甲超過 必巡 潤少專屬 班恩-喜歡你 黃氏兄弟-不專心身騎白馬DJ版陳華-想和你看五月的晚霞蘑菇蘑菇周杰倫的歌在抖音紅的一堆 青花瓷 蘭亭序還改成粵語版本還要我舉例嗎?", "--"], "post_comment": []}
