{"author": "a78914124 (U文製造機)", "category": "Gossiping", "title": "Re: [問卦] 為啥綠卡可以算是成就的一種啊？", "date": "Wed Apr 17 02:12:27 2024", "content": ["那一大串包括這篇看下來發現台灣人就只是愛棒打落水狗而已嘛時間回到老婆發文之前的話I88馬上就變成有老婆有小孩的矽谷工程師還會有一堆分不清楚綠卡公民的肥宅一邊拼命喊著美國爸爸一邊舔懶覺只能說啊 十年河東十年河西--"], "post_comment": [{"comment_author": "mm5566t", "comment_date": ["04/17", "02:13"], "comment_content": "可以問問lie cheater為什麼要當美國金孫"}, {"comment_author": "andye04", "comment_date": ["04/17", "02:14"], "comment_content": "沒 他失業現在燒老本"}, {"comment_author": "darkbrigher", "comment_date": ["04/17", "02:15"], "comment_content": "不是說失業中嗎"}, {"comment_author": "hybridpi", "comment_date": ["04/17", "02:20"], "comment_content": "有綠卡失業還可以待在美國 沒綠卡就要回"}, {"comment_author": "hybridpi", "comment_date": ["04/17", "02:20"], "comment_content": "來了"}, {"comment_author": "tenderwind", "comment_date": ["04/17", "02:21"], "comment_content": "還有天才說他自願離職不算失業lol"}, {"comment_author": "Gallardo", "comment_date": ["04/17", "02:27"], "comment_content": "這要問中華~開頭的國家領導人阿"}, {"comment_author": "Gallardo", "comment_date": ["04/17", "02:27"], "comment_content": ""}, {"comment_author": "JG8861", "comment_date": ["04/17", "02:36"], "comment_content": "嘻嘻"}, {"comment_author": "chenweichih", "comment_date": ["04/17", "04:02"], "comment_content": "自願離職好像真的很少有人用失業來"}, {"comment_author": "chenweichih", "comment_date": ["04/17", "04:02"], "comment_content": "形容"}, {"comment_author": "chenweichih", "comment_date": ["04/17", "04:03"], "comment_content": "雖然想想好像真的也是叫失業"}]}
