{"author": "ifeedmydog (我餵狗)", "category": "Gossiping", "title": "Re: [新聞] 大姑涉詐欺 徐巧芯靠在傅崐萁胸膛大哭 ", "date": "Sun Apr 14 18:39:13 2024", "content": ["笑死 許巧芯這咖才剛當上立委就那麼會2022年的新聞檢舉傅崐萁賄選遭外洩 徐巧芯坦言：擔心未來被針對...", "我相信花蓮王心裡一定是五味雜成兩年前陰我的那個小女孩好不容易當上總召 還沒找到機會可以搞她現在就給我搞這齣梨花帶淚笑死--"], "post_comment": [{"comment_author": "pooznn", "comment_date": ["04/14", "18:40"], "comment_content": "統神的 神罰 這麼快就降臨了...   嚇~~~~"}, {"comment_author": "NICK992", "comment_date": ["04/14", "18:41"], "comment_content": "    大餅臉不是挺統肥? 哪來豬罰"}, {"comment_author": "CoachKuester", "comment_date": ["04/14", "18:42"], "comment_content": "又噁又假"}, {"comment_author": "jeffky", "comment_date": ["04/14", "18:45"], "comment_content": "傅崐萁為選策會提油救火？徐巧芯：他就像"}, {"comment_author": "jeffky", "comment_date": ["04/14", "18:45"], "comment_content": "潛伏在國民黨身上的病毒。"}, {"comment_author": "j3699939", "comment_date": ["04/14", "18:48"], "comment_content": "神罰不可不信"}, {"comment_author": "macoto4444", "comment_date": ["04/14", "18:50"], "comment_content": "徐有夠噁"}, {"comment_author": "selo", "comment_date": ["04/14", "18:55"], "comment_content": "所以許巧芯是誰？"}, {"comment_author": "rtoday", "comment_date": ["04/14", "19:02"], "comment_content": "哈哈哈，還有這新聞喔"}]}
