{"author": "amidha (東岐明)", "category": "Gossiping", "title": "Re: [問卦] 對高中屁孩起性慾的人是怎麼回事", "date": "Fri Apr 12 18:32:55 2024", "content": ["['※ 引述《levs (我愛太魯閣)》之銘言：', ': 今天走了一上午很累 中午走進速食店準備點餐 正在看點餐機的時候', ': 發現有個穿制服的男學生突然走來站我旁邊 模仿我瞇著眼睛操縱點餐機的樣子', ': 旁邊他的同伴十幾個人一起大笑 我轉頭看他  發現長得像陳冠希', ': 當下覺得大概是8+9的小孩吧 本來想講些什麼想想還是算了 跟一群小流氓吵何必呢', ': 無視他們轉身去櫃檯點餐 我想那個小屁孩仗著自己長得好看是風雲人物吧', ': 平常在學校大概也以取笑同學為樂 令我驚訝的是居然敢嘲笑陌生的老阿姨', ': 但最讓我納悶的是想起這前陣子鄉民討論的文章 很多人說就是想X未成年高中女生', ': 我真的無法理解為什麼會有成年人喜歡這種小鬼頭', ': 那一臉就是大概還在給媽媽洗內褲的驕縱任性的表情', ': 說不定才剛擺脫尿床三四年而已 大便完屁股上有沒有卡屎都不知道', ': 那群裡面有高中女生 全部都穿制服 我看他們全體都只感覺是一群不懂事的小孩子', ': 真無法理解為什麼會有成年人對高中小朋友有性慾？']", "純粹從生物學的角度來解釋，因為你是女人，所以不瞭解男人的性心理傾向。兩性因為在繁衍後代上的利基不同，所以在演化中也就自然形成不同的性心理傾向。女人會奇怪男人怎會喜歡少女，一樣男人也會奇怪女人怎會喜歡熟男。就像女人主導的時裝界喜歡精瘦的女模，而男人主導的AV界則喜歡豐盈的女優。這其中就反映出男女性心理對於審美的不同喜好。解釋以前，首先排除那些性心理變態的情況，譬如對於尚未發育的孩童有性慾這種。至於高中女生已經發育，男人對之會有性慾；而高中男生已經發育，女人對之卻無性慾。這與男女生殖的演化競爭有關，年少女性對於男人繁衍後代是珍寶，繁殖成功率大。而年輕男性對於女人繁衍後代是拖累，繁殖危險性大。那些高中女生在我們現今法律雖算未成年，但其實生理成熟已經可以懷孕繁殖後代。對於男人的性心理潛意識機制而言，那些高中女生雖然稚嫩，但已發育成熟可以懷孕。而且首次懷孕的年輕女人身體最佳，較可以生下最強壯優秀的後代，所以潛意識會喜歡。對於女人的性心理潛意識機制而言，那些高中男生尚屬稚嫩，雖然發育成熟可以致孕。但年輕男人沒有自己的權威力量與社會地位，缺乏能力保護她與她的後代，所以不喜歡。所以長久演化天擇的結果，自然男女就會形成不同的性擇傾向。這種潛意識的性擇傾向，兩性都是趨向對於繁衍自身後代有利的選擇。--《推背圖諰：中國國運與人類命運之預言憂患》試讀本PDF檔 免費贈閱流通", "贈閱摘錄四一象至四三象(1949-2024…年)，終至海峽兩岸結局。--"], "post_comment": [{"comment_author": "dakkk", "comment_date": ["04/12", "18:34"], "comment_content": "誰說女生喜歡熟男 $$$$$$$"}, {"comment_author": "whitenoise", "comment_date": ["04/12", "18:35"], "comment_content": "歪理"}]}
