{"author": "members (members)", "category": "Gossiping", "title": "Re: [新聞] 能源轉型失敗？彭博：台風電實施", "date": "Wed Apr 17 22:00:35 2024", "content": ["大家要小心有中文名字的老外。這篇文章看起來順著八卦板風，臭台灣的能源政策，實際上是做外商的說客，企圖帶風向大開城門讓歐美日整碗捧走風電大餅，聽起來台電利用採購法把他們整得很不舒服，看著兩兆大餅卻不能大塊朵頤一定很怨氣的，看海盜吃癟我爽，就算讓你老外純血瘋雞插滿台灣海峽，能源政策一樣失敗啦！--Sent from", "--"], "post_comment": []}
