{"author": "nwtk (貝格)", "category": "Gossiping", "title": "該觀注的是真正犯罪的人吧", "date": "Fri Apr 12 18:52:25 2024", "content": ["統神確實是說錯話思考又很直但也被十幾家廠商給終止合作了 不過他真的有犯罪嗎？充其量只是網路嘴砲整體事件的開端是黃子佼爲什麼他的討論突然沒了而轉去一個不過是長年在網路上發表廢話的人？一開始大眾要譴責統神的言論我可以理解但是黃子佼才獲得緩刑沒人覺得這才真的需要關心嗎？最誇張的是連一堆有前科的販毒仔 酒駕仔也在譴責統神這些人是不是忘了自己有前科 ？ 在狂洗統神的新聞是真的有問題吧？真正犯下性犯罪的 還在逍遙法外啊！----Sent from", "on my iPhone 15 Plus --", "手機發文 抱歉沒選到", "他被譴責的聲量比黃子佼還高欸", "超可悲保一個黃子佼保成這樣"], "post_comment": [{"comment_author": "snow3804", "comment_date": ["04/12", "18:52"], "comment_content": "分類關注一下吧"}, {"comment_author": "Forcast", "comment_date": ["04/12", "18:52"], "comment_content": "關注分類"}, {"comment_author": "deepdish", "comment_date": ["04/12", "18:52"], "comment_content": "我們看起來像是警察嗎？zzzzzzzz"}, {"comment_author": "OPPAISuki", "comment_date": ["04/12", "18:53"], "comment_content": "媒體帶風向轉移焦點了 該重視的不重視"}, {"comment_author": "derekjj", "comment_date": ["04/12", "18:53"], "comment_content": "關注分類 噁噁噁"}, {"comment_author": "bobocatcat", "comment_date": ["04/12", "18:53"], "comment_content": "有人說統神犯罪嗎？"}, {"comment_author": "deepdish", "comment_date": ["04/12", "18:54"], "comment_content": ""}, {"comment_author": "OPPAISuki", "comment_date": ["04/12", "18:54"], "comment_content": "法也不修 只會靠媒體 側翼網軍出征"}, {"comment_author": "patrickchan", "comment_date": ["04/12", "18:55"], "comment_content": "先關注分類"}, {"comment_author": "pika60720", "comment_date": ["04/12", "18:57"], "comment_content": "搞到現在黃子佼新聞底下的罵聲還比統"}, {"comment_author": "pika60720", "comment_date": ["04/12", "18:57"], "comment_content": "神少，媒體真的超級可悲"}, {"comment_author": "adk147852", "comment_date": ["04/12", "19:13"], "comment_content": "有阿  炎P加油"}, {"comment_author": "Meowcc", "comment_date": ["04/12", "19:17"], "comment_content": "該關注的是你的分類"}, {"comment_author": "kt040", "comment_date": ["04/12", "21:14"], "comment_content": "轉移焦點 把不想人討論的蓋過去 反正台灣人"}, {"comment_author": "kt040", "comment_date": ["04/12", "21:15"], "comment_content": "的記性很差 過陣子就忘記了 沒事沒事cc"}]}
